,power_opt,time
2025-05-01 00:00:00,-1411.926,2025-05-01 00:00:00
2025-05-01 00:05:00,-1351.936,2025-05-01 00:05:00
2025-05-01 00:10:00,-1407.906,2025-05-01 00:10:00
2025-05-01 00:15:00,-1379.926,2025-05-01 00:15:00
2025-05-01 00:20:00,-1347.926,2025-05-01 00:20:00
2025-05-01 00:25:00,-1379.936,2025-05-01 00:25:00
2025-05-01 00:30:00,-1403.926,2025-05-01 00:30:00
2025-05-01 00:35:00,-1471.926,2025-05-01 00:35:00
2025-05-01 00:40:00,-1363.876,2025-05-01 00:40:00
2025-05-01 00:45:00,-1479.916,2025-05-01 00:45:00
2025-05-01 00:50:00,-1459.926,2025-05-01 00:50:00
2025-05-01 00:55:00,-1475.896,2025-05-01 00:55:00
2025-05-01 01:00:00,-1403.906,2025-05-01 01:00:00
2025-05-01 01:05:00,-1455.876,2025-05-01 01:05:00
2025-05-01 01:10:00,-1387.896,2025-05-01 01:10:00
2025-05-01 01:15:00,-1359.916,2025-05-01 01:15:00
2025-05-01 01:20:00,-1467.886,2025-05-01 01:20:00
2025-05-01 01:25:00,-1435.916,2025-05-01 01:25:00
2025-05-01 01:30:00,-1423.896,2025-05-01 01:30:00
2025-05-01 01:35:00,-1471.896,2025-05-01 01:35:00
2025-05-01 01:40:00,-1427.886,2025-05-01 01:40:00
2025-05-01 01:45:00,-1459.936,2025-05-01 01:45:00
2025-05-01 01:50:00,-1519.926,2025-05-01 01:50:00
2025-05-01 01:55:00,-1459.906,2025-05-01 01:55:00
2025-05-01 02:00:00,-1547.896,2025-05-01 02:00:00
2025-05-01 02:05:00,-1527.906,2025-05-01 02:05:00
2025-05-01 02:10:00,-1619.916,2025-05-01 02:10:00
2025-05-01 02:15:00,-1519.896,2025-05-01 02:15:00
2025-05-01 02:20:00,-1547.876,2025-05-01 02:20:00
2025-05-01 02:25:00,-1511.926,2025-05-01 02:25:00
2025-05-01 02:30:00,-1567.906,2025-05-01 02:30:00
2025-05-01 02:35:00,-1651.896,2025-05-01 02:35:00
2025-05-01 02:40:00,-1695.926,2025-05-01 02:40:00
2025-05-01 02:45:00,-1579.876,2025-05-01 02:45:00
2025-05-01 02:50:00,-1463.906,2025-05-01 02:50:00
2025-05-01 02:55:00,-1443.906,2025-05-01 02:55:00
2025-05-01 03:00:00,-1387.926,2025-05-01 03:00:00
2025-05-01 03:05:00,-1479.916,2025-05-01 03:05:00
2025-05-01 03:10:00,-1327.956,2025-05-01 03:10:00
2025-05-01 03:15:00,-1403.936,2025-05-01 03:15:00
2025-05-01 03:20:00,-1471.876,2025-05-01 03:20:00
2025-05-01 03:25:00,-1391.906,2025-05-01 03:25:00
2025-05-01 03:30:00,-1419.936,2025-05-01 03:30:00
2025-05-01 03:35:00,-1491.916,2025-05-01 03:35:00
2025-05-01 03:40:00,-1431.926,2025-05-01 03:40:00
2025-05-01 03:45:00,-1423.936,2025-05-01 03:45:00
2025-05-01 03:50:00,-1447.926,2025-05-01 03:50:00
2025-05-01 03:55:00,-1427.916,2025-05-01 03:55:00
2025-05-01 04:00:00,-1431.926,2025-05-01 04:00:00
2025-05-01 04:05:00,-1467.916,2025-05-01 04:05:00
2025-05-01 04:10:00,-1463.916,2025-05-01 04:10:00
2025-05-01 04:15:00,-1691.916,2025-05-01 04:15:00
2025-05-01 04:20:00,-1727.916,2025-05-01 04:20:00
2025-05-01 04:25:00,-1475.896,2025-05-01 04:25:00
2025-05-01 04:30:00,-1451.906,2025-05-01 04:30:00
2025-05-01 04:35:00,-1411.936,2025-05-01 04:35:00
2025-05-01 04:40:00,-1455.936,2025-05-01 04:40:00
2025-05-01 04:45:00,-1443.856,2025-05-01 04:45:00
2025-05-01 04:50:00,-1435.906,2025-05-01 04:50:00
2025-05-01 04:55:00,-1531.896,2025-05-01 04:55:00
2025-05-01 05:00:00,-1443.946,2025-05-01 05:00:00
2025-05-01 05:05:00,-1427.896,2025-05-01 05:05:00
2025-05-01 05:10:00,-1391.906,2025-05-01 05:10:00
2025-05-01 05:15:00,-1455.936,2025-05-01 05:15:00
2025-05-01 05:20:00,-1487.916,2025-05-01 05:20:00
2025-05-01 05:25:00,-1467.926,2025-05-01 05:25:00
2025-05-01 05:30:00,-1467.896,2025-05-01 05:30:00
2025-05-01 05:35:00,-1503.936,2025-05-01 05:35:00
2025-05-01 05:40:00,-1611.896,2025-05-01 05:40:00
2025-05-01 05:45:00,-1539.896,2025-05-01 05:45:00
2025-05-01 05:50:00,-1587.906,2025-05-01 05:50:00
2025-05-01 05:55:00,-1531.896,2025-05-01 05:55:00
2025-05-01 06:00:00,-1559.876,2025-05-01 06:00:00
2025-05-01 06:05:00,-1655.926,2025-05-01 06:05:00
2025-05-01 06:10:00,-1571.916,2025-05-01 06:10:00
2025-05-01 06:15:00,-1571.916,2025-05-01 06:15:00
2025-05-01 06:20:00,-1647.896,2025-05-01 06:20:00
2025-05-01 06:25:00,-1567.876,2025-05-01 06:25:00
2025-05-01 06:30:00,-1659.896,2025-05-01 06:30:00
2025-05-01 06:35:00,-1751.916,2025-05-01 06:35:00
2025-05-01 06:40:00,-1707.896,2025-05-01 06:40:00
2025-05-01 06:45:00,-1687.916,2025-05-01 06:45:00
2025-05-01 06:50:00,-1707.926,2025-05-01 06:50:00
2025-05-01 06:55:00,-1767.916,2025-05-01 06:55:00
2025-05-01 07:00:00,-1703.946,2025-05-01 07:00:00
2025-05-01 07:05:00,-1739.946,2025-05-01 07:05:00
2025-05-01 07:10:00,-1631.906,2025-05-01 07:10:00
2025-05-01 07:15:00,-1687.906,2025-05-01 07:15:00
2025-05-01 07:20:00,-1751.886,2025-05-01 07:20:00
2025-05-01 07:25:00,-1703.906,2025-05-01 07:25:00
2025-05-01 07:30:00,-1771.916,2025-05-01 07:30:00
2025-05-01 07:35:00,-1703.906,2025-05-01 07:35:00
2025-05-01 07:40:00,-1735.886,2025-05-01 07:40:00
2025-05-01 07:45:00,-1651.886,2025-05-01 07:45:00
2025-05-01 07:50:00,-1807.896,2025-05-01 07:50:00
2025-05-01 07:55:00,-1791.946,2025-05-01 07:55:00
2025-05-01 08:00:00,9000.0,2025-05-01 08:00:00
2025-05-01 08:05:00,9000.0,2025-05-01 08:05:00
2025-05-01 08:10:00,9000.0,2025-05-01 08:10:00
2025-05-01 08:15:00,9000.0,2025-05-01 08:15:00
2025-05-01 08:20:00,9000.0,2025-05-01 08:20:00
2025-05-01 08:25:00,9000.0,2025-05-01 08:25:00
2025-05-01 08:30:00,9000.0,2025-05-01 08:30:00
2025-05-01 08:35:00,9000.0,2025-05-01 08:35:00
2025-05-01 08:40:00,9000.0,2025-05-01 08:40:00
2025-05-01 08:45:00,9000.0,2025-05-01 08:45:00
2025-05-01 08:50:00,9000.0,2025-05-01 08:50:00
2025-05-01 08:55:00,9000.0,2025-05-01 08:55:00
2025-05-01 09:00:00,9000.0,2025-05-01 09:00:00
2025-05-01 09:05:00,9000.0,2025-05-01 09:05:00
2025-05-01 09:10:00,9000.0,2025-05-01 09:10:00
2025-05-01 09:15:00,9000.0,2025-05-01 09:15:00
2025-05-01 09:20:00,9000.0,2025-05-01 09:20:00
2025-05-01 09:25:00,9000.0,2025-05-01 09:25:00
2025-05-01 09:30:00,9000.0,2025-05-01 09:30:00
2025-05-01 09:35:00,9000.0,2025-05-01 09:35:00
2025-05-01 09:40:00,6126.563,2025-05-01 09:40:00
2025-05-01 09:45:00,0.0,2025-05-01 09:45:00
2025-05-01 09:50:00,0.0,2025-05-01 09:50:00
2025-05-01 09:55:00,0.0,2025-05-01 09:55:00
2025-05-01 10:00:00,0.0,2025-05-01 10:00:00
2025-05-01 10:05:00,0.0,2025-05-01 10:05:00
2025-05-01 10:10:00,0.0,2025-05-01 10:10:00
2025-05-01 10:15:00,0.0,2025-05-01 10:15:00
2025-05-01 10:20:00,0.0,2025-05-01 10:20:00
2025-05-01 10:25:00,0.0,2025-05-01 10:25:00
2025-05-01 10:30:00,0.0,2025-05-01 10:30:00
2025-05-01 10:35:00,0.0,2025-05-01 10:35:00
2025-05-01 10:40:00,0.0,2025-05-01 10:40:00
2025-05-01 10:45:00,0.0,2025-05-01 10:45:00
2025-05-01 10:50:00,0.0,2025-05-01 10:50:00
2025-05-01 10:55:00,0.0,2025-05-01 10:55:00
2025-05-01 11:00:00,-1707.906,2025-05-01 11:00:00
2025-05-01 11:05:00,-1755.876,2025-05-01 11:05:00
2025-05-01 11:10:00,-1623.866,2025-05-01 11:10:00
2025-05-01 11:15:00,-1731.886,2025-05-01 11:15:00
2025-05-01 11:20:00,-1635.916,2025-05-01 11:20:00
2025-05-01 11:25:00,-1691.916,2025-05-01 11:25:00
2025-05-01 11:30:00,-1727.926,2025-05-01 11:30:00
2025-05-01 11:35:00,-1663.936,2025-05-01 11:35:00
2025-05-01 11:40:00,-1683.896,2025-05-01 11:40:00
2025-05-01 11:45:00,-1779.916,2025-05-01 11:45:00
2025-05-01 11:50:00,-1743.896,2025-05-01 11:50:00
2025-05-01 11:55:00,-1775.856,2025-05-01 11:55:00
2025-05-01 12:00:00,-1619.896,2025-05-01 12:00:00
2025-05-01 12:05:00,-1671.936,2025-05-01 12:05:00
2025-05-01 12:10:00,-1591.926,2025-05-01 12:10:00
2025-05-01 12:15:00,-1531.886,2025-05-01 12:15:00
2025-05-01 12:20:00,-1651.886,2025-05-01 12:20:00
2025-05-01 12:25:00,-1683.946,2025-05-01 12:25:00
2025-05-01 12:30:00,-1679.896,2025-05-01 12:30:00
2025-05-01 12:35:00,-1655.906,2025-05-01 12:35:00
2025-05-01 12:40:00,-1451.926,2025-05-01 12:40:00
2025-05-01 12:45:00,-1339.886,2025-05-01 12:45:00
2025-05-01 12:50:00,-1319.886,2025-05-01 12:50:00
2025-05-01 12:55:00,-1259.896,2025-05-01 12:55:00
2025-05-01 13:00:00,-1155.886,2025-05-01 13:00:00
2025-05-01 13:05:00,-1139.926,2025-05-01 13:05:00
2025-05-01 13:10:00,-1223.886,2025-05-01 13:10:00
2025-05-01 13:15:00,-1139.936,2025-05-01 13:15:00
2025-05-01 13:20:00,-1167.906,2025-05-01 13:20:00
2025-05-01 13:25:00,-1367.896,2025-05-01 13:25:00
2025-05-01 13:30:00,-1247.896,2025-05-01 13:30:00
2025-05-01 13:35:00,-1263.916,2025-05-01 13:35:00
2025-05-01 13:40:00,-1347.906,2025-05-01 13:40:00
2025-05-01 13:45:00,-1299.926,2025-05-01 13:45:00
2025-05-01 13:50:00,-1251.916,2025-05-01 13:50:00
2025-05-01 13:55:00,-1427.886,2025-05-01 13:55:00
2025-05-01 14:00:00,-1367.916,2025-05-01 14:00:00
2025-05-01 14:05:00,-1391.906,2025-05-01 14:05:00
2025-05-01 14:10:00,-1459.896,2025-05-01 14:10:00
2025-05-01 14:15:00,-1223.896,2025-05-01 14:15:00
2025-05-01 14:20:00,-1391.936,2025-05-01 14:20:00
2025-05-01 14:25:00,-1595.886,2025-05-01 14:25:00
2025-05-01 14:30:00,-1243.886,2025-05-01 14:30:00
2025-05-01 14:35:00,-1243.926,2025-05-01 14:35:00
2025-05-01 14:40:00,-1471.946,2025-05-01 14:40:00
2025-05-01 14:45:00,-1547.946,2025-05-01 14:45:00
2025-05-01 14:50:00,-1583.916,2025-05-01 14:50:00
2025-05-01 14:55:00,-1695.886,2025-05-01 14:55:00
2025-05-01 15:00:00,-1747.896,2025-05-01 15:00:00
2025-05-01 15:05:00,-1951.906,2025-05-01 15:05:00
2025-05-01 15:10:00,-1939.926,2025-05-01 15:10:00
2025-05-01 15:15:00,-1867.896,2025-05-01 15:15:00
2025-05-01 15:20:00,-1743.926,2025-05-01 15:20:00
2025-05-01 15:25:00,-1851.866,2025-05-01 15:25:00
2025-05-01 15:30:00,-1895.936,2025-05-01 15:30:00
2025-05-01 15:35:00,-1963.896,2025-05-01 15:35:00
2025-05-01 15:40:00,-1683.896,2025-05-01 15:40:00
2025-05-01 15:45:00,-1591.936,2025-05-01 15:45:00
2025-05-01 15:50:00,-1723.906,2025-05-01 15:50:00
2025-05-01 15:55:00,-1711.916,2025-05-01 15:55:00
2025-05-01 16:00:00,-1695.866,2025-05-01 16:00:00
2025-05-01 16:05:00,-1635.886,2025-05-01 16:05:00
2025-05-01 16:10:00,-1607.876,2025-05-01 16:10:00
2025-05-01 16:15:00,-1579.936,2025-05-01 16:15:00
2025-05-01 16:20:00,-1603.936,2025-05-01 16:20:00
2025-05-01 16:25:00,-1595.896,2025-05-01 16:25:00
2025-05-01 16:30:00,-1567.936,2025-05-01 16:30:00
2025-05-01 16:35:00,-1547.876,2025-05-01 16:35:00
2025-05-01 16:40:00,-1827.886,2025-05-01 16:40:00
2025-05-01 16:45:00,-1583.896,2025-05-01 16:45:00
2025-05-01 16:50:00,-1659.896,2025-05-01 16:50:00
2025-05-01 16:55:00,-1679.896,2025-05-01 16:55:00
2025-05-01 17:00:00,-1715.926,2025-05-01 17:00:00
2025-05-01 17:05:00,-1675.916,2025-05-01 17:05:00
2025-05-01 17:10:00,-1635.886,2025-05-01 17:10:00
2025-05-01 17:15:00,-1811.906,2025-05-01 17:15:00
2025-05-01 17:20:00,-1723.886,2025-05-01 17:20:00
2025-05-01 17:25:00,-1791.916,2025-05-01 17:25:00
2025-05-01 17:30:00,-1527.916,2025-05-01 17:30:00
2025-05-01 17:35:00,-1639.936,2025-05-01 17:35:00
2025-05-01 17:40:00,-1583.896,2025-05-01 17:40:00
2025-05-01 17:45:00,-1643.886,2025-05-01 17:45:00
2025-05-01 17:50:00,-1651.906,2025-05-01 17:50:00
2025-05-01 17:55:00,-1599.926,2025-05-01 17:55:00
2025-05-01 18:00:00,9000.0,2025-05-01 18:00:00
2025-05-01 18:05:00,9000.0,2025-05-01 18:05:00
2025-05-01 18:10:00,9000.0,2025-05-01 18:10:00
2025-05-01 18:15:00,9000.0,2025-05-01 18:15:00
2025-05-01 18:20:00,9000.0,2025-05-01 18:20:00
2025-05-01 18:25:00,9000.0,2025-05-01 18:25:00
2025-05-01 18:30:00,9000.0,2025-05-01 18:30:00
2025-05-01 18:35:00,9000.0,2025-05-01 18:35:00
2025-05-01 18:40:00,9000.0,2025-05-01 18:40:00
2025-05-01 18:45:00,9000.0,2025-05-01 18:45:00
2025-05-01 18:50:00,9000.0,2025-05-01 18:50:00
2025-05-01 18:55:00,9000.0,2025-05-01 18:55:00
2025-05-01 19:00:00,7805.051,2025-05-01 19:00:00
2025-05-01 19:05:00,0.0,2025-05-01 19:05:00
2025-05-01 19:10:00,0.0,2025-05-01 19:10:00
2025-05-01 19:15:00,0.0,2025-05-01 19:15:00
2025-05-01 19:20:00,0.0,2025-05-01 19:20:00
2025-05-01 19:25:00,0.0,2025-05-01 19:25:00
2025-05-01 19:30:00,0.0,2025-05-01 19:30:00
2025-05-01 19:35:00,0.0,2025-05-01 19:35:00
2025-05-01 19:40:00,0.0,2025-05-01 19:40:00
2025-05-01 19:45:00,0.0,2025-05-01 19:45:00
2025-05-01 19:50:00,0.0,2025-05-01 19:50:00
2025-05-01 19:55:00,0.0,2025-05-01 19:55:00
2025-05-01 20:00:00,0.0,2025-05-01 20:00:00
2025-05-01 20:05:00,0.0,2025-05-01 20:05:00
2025-05-01 20:10:00,0.0,2025-05-01 20:10:00
2025-05-01 20:15:00,0.0,2025-05-01 20:15:00
2025-05-01 20:20:00,0.0,2025-05-01 20:20:00
2025-05-01 20:25:00,0.0,2025-05-01 20:25:00
2025-05-01 20:30:00,0.0,2025-05-01 20:30:00
2025-05-01 20:35:00,0.0,2025-05-01 20:35:00
2025-05-01 20:40:00,0.0,2025-05-01 20:40:00
2025-05-01 20:45:00,0.0,2025-05-01 20:45:00
2025-05-01 20:50:00,0.0,2025-05-01 20:50:00
2025-05-01 20:55:00,0.0,2025-05-01 20:55:00
2025-05-01 21:00:00,0.0,2025-05-01 21:00:00
2025-05-01 21:05:00,0.0,2025-05-01 21:05:00
2025-05-01 21:10:00,0.0,2025-05-01 21:10:00
2025-05-01 21:15:00,0.0,2025-05-01 21:15:00
2025-05-01 21:20:00,0.0,2025-05-01 21:20:00
2025-05-01 21:25:00,0.0,2025-05-01 21:25:00
2025-05-01 21:30:00,0.0,2025-05-01 21:30:00
2025-05-01 21:35:00,0.0,2025-05-01 21:35:00
2025-05-01 21:40:00,0.0,2025-05-01 21:40:00
2025-05-01 21:45:00,0.0,2025-05-01 21:45:00
2025-05-01 21:50:00,0.0,2025-05-01 21:50:00
2025-05-01 21:55:00,0.0,2025-05-01 21:55:00
2025-05-01 22:00:00,-1475.886,2025-05-01 22:00:00
2025-05-01 22:05:00,-1723.916,2025-05-01 22:05:00
2025-05-01 22:10:00,-1439.926,2025-05-01 22:10:00
2025-05-01 22:15:00,-1371.906,2025-05-01 22:15:00
2025-05-01 22:20:00,-1471.916,2025-05-01 22:20:00
2025-05-01 22:25:00,-1667.946,2025-05-01 22:25:00
2025-05-01 22:30:00,-1459.906,2025-05-01 22:30:00
2025-05-01 22:35:00,-1407.866,2025-05-01 22:35:00
2025-05-01 22:40:00,-1547.916,2025-05-01 22:40:00
2025-05-01 22:45:00,-1487.876,2025-05-01 22:45:00
2025-05-01 22:50:00,-1543.896,2025-05-01 22:50:00
2025-05-01 22:55:00,-1631.956,2025-05-01 22:55:00
2025-05-01 23:00:00,-1811.906,2025-05-01 23:00:00
2025-05-01 23:05:00,-1527.876,2025-05-01 23:05:00
2025-05-01 23:10:00,-1591.886,2025-05-01 23:10:00
2025-05-01 23:15:00,-1603.946,2025-05-01 23:15:00
2025-05-01 23:20:00,-1535.886,2025-05-01 23:20:00
2025-05-01 23:25:00,-1527.916,2025-05-01 23:25:00
2025-05-01 23:30:00,-1715.886,2025-05-01 23:30:00
2025-05-01 23:35:00,-1363.896,2025-05-01 23:35:00
2025-05-01 23:40:00,-1451.886,2025-05-01 23:40:00
2025-05-01 23:45:00,-1675.896,2025-05-01 23:45:00
2025-05-01 23:50:00,-1939.926,2025-05-01 23:50:00
2025-05-01 23:55:00,-1615.946,2025-05-01 23:55:00
2025-05-02 00:00:00,-1491.876,2025-05-02 00:00:00
2025-05-02 00:05:00,-1443.936,2025-05-02 00:05:00
2025-05-02 00:10:00,-1471.906,2025-05-02 00:10:00
2025-05-02 00:15:00,-1399.916,2025-05-02 00:15:00
2025-05-02 00:20:00,-1423.906,2025-05-02 00:20:00
2025-05-02 00:25:00,-1407.926,2025-05-02 00:25:00
2025-05-02 00:30:00,-1383.946,2025-05-02 00:30:00
2025-05-02 00:35:00,-1315.896,2025-05-02 00:35:00
2025-05-02 00:40:00,-1407.906,2025-05-02 00:40:00
2025-05-02 00:45:00,-1499.916,2025-05-02 00:45:00
2025-05-02 00:50:00,-1367.916,2025-05-02 00:50:00
2025-05-02 00:55:00,-1459.926,2025-05-02 00:55:00
2025-05-02 01:00:00,-1435.886,2025-05-02 01:00:00
2025-05-02 01:05:00,-1403.916,2025-05-02 01:05:00
2025-05-02 01:10:00,-1375.886,2025-05-02 01:10:00
2025-05-02 01:15:00,-1523.926,2025-05-02 01:15:00
2025-05-02 01:20:00,-1403.926,2025-05-02 01:20:00
2025-05-02 01:25:00,-1355.926,2025-05-02 01:25:00
2025-05-02 01:30:00,-1663.936,2025-05-02 01:30:00
2025-05-02 01:35:00,-1491.906,2025-05-02 01:35:00
2025-05-02 01:40:00,-1579.916,2025-05-02 01:40:00
2025-05-02 01:45:00,-1675.926,2025-05-02 01:45:00
2025-05-02 01:50:00,-1743.916,2025-05-02 01:50:00
2025-05-02 01:55:00,-1451.896,2025-05-02 01:55:00
2025-05-02 02:00:00,-1479.936,2025-05-02 02:00:00
2025-05-02 02:05:00,-1503.936,2025-05-02 02:05:00
2025-05-02 02:10:00,-1447.906,2025-05-02 02:10:00
2025-05-02 02:15:00,-1519.926,2025-05-02 02:15:00
2025-05-02 02:20:00,-1655.906,2025-05-02 02:20:00
2025-05-02 02:25:00,-1787.886,2025-05-02 02:25:00
2025-05-02 02:30:00,-2019.926,2025-05-02 02:30:00
2025-05-02 02:35:00,-1495.886,2025-05-02 02:35:00
2025-05-02 02:40:00,-1455.926,2025-05-02 02:40:00
2025-05-02 02:45:00,-1523.916,2025-05-02 02:45:00
2025-05-02 02:50:00,-1531.916,2025-05-02 02:50:00
2025-05-02 02:55:00,-1519.906,2025-05-02 02:55:00
2025-05-02 03:00:00,-1459.916,2025-05-02 03:00:00
2025-05-02 03:05:00,-1459.946,2025-05-02 03:05:00
2025-05-02 03:10:00,-1551.926,2025-05-02 03:10:00
2025-05-02 03:15:00,-1503.926,2025-05-02 03:15:00
2025-05-02 03:20:00,-1459.936,2025-05-02 03:20:00
2025-05-02 03:25:00,-1411.936,2025-05-02 03:25:00
2025-05-02 03:30:00,-1491.916,2025-05-02 03:30:00
2025-05-02 03:35:00,-1443.886,2025-05-02 03:35:00
2025-05-02 03:40:00,-1487.906,2025-05-02 03:40:00
2025-05-02 03:45:00,-1691.926,2025-05-02 03:45:00
2025-05-02 03:50:00,-1543.916,2025-05-02 03:50:00
2025-05-02 03:55:00,-1543.936,2025-05-02 03:55:00
2025-05-02 04:00:00,-1451.916,2025-05-02 04:00:00
2025-05-02 04:05:00,-1651.906,2025-05-02 04:05:00
2025-05-02 04:10:00,-1559.906,2025-05-02 04:10:00
2025-05-02 04:15:00,-1411.936,2025-05-02 04:15:00
2025-05-02 04:20:00,-1539.866,2025-05-02 04:20:00
2025-05-02 04:25:00,-1499.906,2025-05-02 04:25:00
2025-05-02 04:30:00,-1771.926,2025-05-02 04:30:00
2025-05-02 04:35:00,-1643.916,2025-05-02 04:35:00
2025-05-02 04:40:00,-1531.896,2025-05-02 04:40:00
2025-05-02 04:45:00,-1491.926,2025-05-02 04:45:00
2025-05-02 04:50:00,-1487.916,2025-05-02 04:50:00
2025-05-02 04:55:00,-1463.916,2025-05-02 04:55:00
2025-05-02 05:00:00,-1683.896,2025-05-02 05:00:00
2025-05-02 05:05:00,-1575.916,2025-05-02 05:05:00
2025-05-02 05:10:00,-1427.916,2025-05-02 05:10:00
2025-05-02 05:15:00,-1543.916,2025-05-02 05:15:00
2025-05-02 05:20:00,-1575.896,2025-05-02 05:20:00
2025-05-02 05:25:00,-1511.946,2025-05-02 05:25:00
2025-05-02 05:30:00,-1431.916,2025-05-02 05:30:00
2025-05-02 05:35:00,-1591.866,2025-05-02 05:35:00
2025-05-02 05:40:00,-1399.866,2025-05-02 05:40:00
2025-05-02 05:45:00,-1763.906,2025-05-02 05:45:00
2025-05-02 05:50:00,-1919.896,2025-05-02 05:50:00
2025-05-02 05:55:00,-1687.926,2025-05-02 05:55:00
2025-05-02 06:00:00,-1787.906,2025-05-02 06:00:00
2025-05-02 06:05:00,-1575.936,2025-05-02 06:05:00
2025-05-02 06:10:00,-1715.876,2025-05-02 06:10:00
2025-05-02 06:15:00,-1647.896,2025-05-02 06:15:00
2025-05-02 06:20:00,-1659.916,2025-05-02 06:20:00
2025-05-02 06:25:00,-1583.936,2025-05-02 06:25:00
2025-05-02 06:30:00,-1579.876,2025-05-02 06:30:00
2025-05-02 06:35:00,-1675.916,2025-05-02 06:35:00
2025-05-02 06:40:00,-1711.926,2025-05-02 06:40:00
2025-05-02 06:45:00,-1751.886,2025-05-02 06:45:00
2025-05-02 06:50:00,-1671.956,2025-05-02 06:50:00
2025-05-02 06:55:00,-1635.866,2025-05-02 06:55:00
2025-05-02 07:00:00,-1755.906,2025-05-02 07:00:00
2025-05-02 07:05:00,-1639.956,2025-05-02 07:05:00
2025-05-02 07:10:00,-1703.906,2025-05-02 07:10:00
2025-05-02 07:15:00,-1679.896,2025-05-02 07:15:00
2025-05-02 07:20:00,-1683.926,2025-05-02 07:20:00
2025-05-02 07:25:00,-1771.926,2025-05-02 07:25:00
2025-05-02 07:30:00,-1771.876,2025-05-02 07:30:00
2025-05-02 07:35:00,-1671.916,2025-05-02 07:35:00
2025-05-02 07:40:00,-1791.916,2025-05-02 07:40:00
2025-05-02 07:45:00,-1719.916,2025-05-02 07:45:00
2025-05-02 07:50:00,-1715.946,2025-05-02 07:50:00
2025-05-02 07:55:00,-1675.906,2025-05-02 07:55:00
2025-05-02 08:00:00,9000.0,2025-05-02 08:00:00
2025-05-02 08:05:00,9000.0,2025-05-02 08:05:00
2025-05-02 08:10:00,9000.0,2025-05-02 08:10:00
2025-05-02 08:15:00,9000.0,2025-05-02 08:15:00
2025-05-02 08:20:00,9000.0,2025-05-02 08:20:00
2025-05-02 08:25:00,9000.0,2025-05-02 08:25:00
2025-05-02 08:30:00,9000.0,2025-05-02 08:30:00
2025-05-02 08:35:00,9000.0,2025-05-02 08:35:00
2025-05-02 08:40:00,9000.0,2025-05-02 08:40:00
2025-05-02 08:45:00,9000.0,2025-05-02 08:45:00
2025-05-02 08:50:00,9000.0,2025-05-02 08:50:00
2025-05-02 08:55:00,9000.0,2025-05-02 08:55:00
2025-05-02 09:00:00,9000.0,2025-05-02 09:00:00
2025-05-02 09:05:00,9000.0,2025-05-02 09:05:00
2025-05-02 09:10:00,9000.0,2025-05-02 09:10:00
2025-05-02 09:15:00,9000.0,2025-05-02 09:15:00
2025-05-02 09:20:00,9000.0,2025-05-02 09:20:00
2025-05-02 09:25:00,8999.998,2025-05-02 09:25:00
2025-05-02 09:30:00,2288.76,2025-05-02 09:30:00
2025-05-02 09:35:00,0.0,2025-05-02 09:35:00
2025-05-02 09:40:00,0.0,2025-05-02 09:40:00
2025-05-02 09:45:00,0.0,2025-05-02 09:45:00
2025-05-02 09:50:00,0.0,2025-05-02 09:50:00
2025-05-02 09:55:00,0.0,2025-05-02 09:55:00
2025-05-02 10:00:00,0.0,2025-05-02 10:00:00
2025-05-02 10:05:00,0.0,2025-05-02 10:05:00
2025-05-02 10:10:00,0.0,2025-05-02 10:10:00
2025-05-02 10:15:00,0.0,2025-05-02 10:15:00
2025-05-02 10:20:00,0.0,2025-05-02 10:20:00
2025-05-02 10:25:00,0.0,2025-05-02 10:25:00
2025-05-02 10:30:00,0.0,2025-05-02 10:30:00
2025-05-02 10:35:00,0.0,2025-05-02 10:35:00
2025-05-02 10:40:00,0.0,2025-05-02 10:40:00
2025-05-02 10:45:00,0.0,2025-05-02 10:45:00
2025-05-02 10:50:00,0.0,2025-05-02 10:50:00
2025-05-02 10:55:00,0.0,2025-05-02 10:55:00
2025-05-02 11:00:00,-1739.896,2025-05-02 11:00:00
2025-05-02 11:05:00,-1623.906,2025-05-02 11:05:00
2025-05-02 11:10:00,-1463.886,2025-05-02 11:10:00
2025-05-02 11:15:00,-1611.886,2025-05-02 11:15:00
2025-05-02 11:20:00,-1451.906,2025-05-02 11:20:00
2025-05-02 11:25:00,-1447.916,2025-05-02 11:25:00
2025-05-02 11:30:00,-1503.946,2025-05-02 11:30:00
2025-05-02 11:35:00,-1623.916,2025-05-02 11:35:00
2025-05-02 11:40:00,-1439.916,2025-05-02 11:40:00
2025-05-02 11:45:00,-1527.926,2025-05-02 11:45:00
2025-05-02 11:50:00,-1759.906,2025-05-02 11:50:00
2025-05-02 11:55:00,-1491.876,2025-05-02 11:55:00
2025-05-02 12:00:00,-1487.926,2025-05-02 12:00:00
2025-05-02 12:05:00,-1507.916,2025-05-02 12:05:00
2025-05-02 12:10:00,-1463.926,2025-05-02 12:10:00
2025-05-02 12:15:00,-1619.906,2025-05-02 12:15:00
2025-05-02 12:20:00,-1491.896,2025-05-02 12:20:00
2025-05-02 12:25:00,-1427.906,2025-05-02 12:25:00
2025-05-02 12:30:00,-1451.896,2025-05-02 12:30:00
2025-05-02 12:35:00,-1407.926,2025-05-02 12:35:00
2025-05-02 12:40:00,-1339.906,2025-05-02 12:40:00
2025-05-02 12:45:00,-1419.906,2025-05-02 12:45:00
2025-05-02 12:50:00,-1451.896,2025-05-02 12:50:00
2025-05-02 12:55:00,-1403.926,2025-05-02 12:55:00
2025-05-02 13:00:00,-1431.926,2025-05-02 13:00:00
2025-05-02 13:05:00,-1479.916,2025-05-02 13:05:00
2025-05-02 13:10:00,-1567.916,2025-05-02 13:10:00
2025-05-02 13:15:00,-1375.916,2025-05-02 13:15:00
2025-05-02 13:20:00,-1499.926,2025-05-02 13:20:00
2025-05-02 13:25:00,-1447.936,2025-05-02 13:25:00
2025-05-02 13:30:00,-1711.906,2025-05-02 13:30:00
2025-05-02 13:35:00,-1575.926,2025-05-02 13:35:00
2025-05-02 13:40:00,-1691.916,2025-05-02 13:40:00
2025-05-02 13:45:00,-1659.876,2025-05-02 13:45:00
2025-05-02 13:50:00,-1559.926,2025-05-02 13:50:00
2025-05-02 13:55:00,-1703.906,2025-05-02 13:55:00
2025-05-02 14:00:00,-1443.906,2025-05-02 14:00:00
2025-05-02 14:05:00,-1603.926,2025-05-02 14:05:00
2025-05-02 14:10:00,-1639.936,2025-05-02 14:10:00
2025-05-02 14:15:00,-1595.926,2025-05-02 14:15:00
2025-05-02 14:20:00,-1535.866,2025-05-02 14:20:00
2025-05-02 14:25:00,-1627.926,2025-05-02 14:25:00
2025-05-02 14:30:00,-1555.926,2025-05-02 14:30:00
2025-05-02 14:35:00,-1563.906,2025-05-02 14:35:00
2025-05-02 14:40:00,-1427.926,2025-05-02 14:40:00
2025-05-02 14:45:00,-1743.886,2025-05-02 14:45:00
2025-05-02 14:50:00,-1483.886,2025-05-02 14:50:00
2025-05-02 14:55:00,-1399.896,2025-05-02 14:55:00
2025-05-02 15:00:00,-1371.876,2025-05-02 15:00:00
2025-05-02 15:05:00,-1563.896,2025-05-02 15:05:00
2025-05-02 15:10:00,-1479.896,2025-05-02 15:10:00
2025-05-02 15:15:00,-1391.926,2025-05-02 15:15:00
2025-05-02 15:20:00,-1667.906,2025-05-02 15:20:00
2025-05-02 15:25:00,-1539.876,2025-05-02 15:25:00
2025-05-02 15:30:00,-1503.906,2025-05-02 15:30:00
2025-05-02 15:35:00,-1459.926,2025-05-02 15:35:00
2025-05-02 15:40:00,-1687.876,2025-05-02 15:40:00
2025-05-02 15:45:00,-1359.906,2025-05-02 15:45:00
2025-05-02 15:50:00,-1423.936,2025-05-02 15:50:00
2025-05-02 15:55:00,-1403.906,2025-05-02 15:55:00
2025-05-02 16:00:00,-1555.906,2025-05-02 16:00:00
2025-05-02 16:05:00,-1423.896,2025-05-02 16:05:00
2025-05-02 16:10:00,-1427.926,2025-05-02 16:10:00
2025-05-02 16:15:00,-1519.916,2025-05-02 16:15:00
2025-05-02 16:20:00,-1715.926,2025-05-02 16:20:00
2025-05-02 16:25:00,-1671.926,2025-05-02 16:25:00
2025-05-02 16:30:00,-1379.896,2025-05-02 16:30:00
2025-05-02 16:35:00,-1467.916,2025-05-02 16:35:00
2025-05-02 16:40:00,-1439.916,2025-05-02 16:40:00
2025-05-02 16:45:00,-1715.936,2025-05-02 16:45:00
2025-05-02 16:50:00,-1683.886,2025-05-02 16:50:00
2025-05-02 16:55:00,-1731.896,2025-05-02 16:55:00
2025-05-02 17:00:00,-1791.926,2025-05-02 17:00:00
2025-05-02 17:05:00,-1503.946,2025-05-02 17:05:00
2025-05-02 17:10:00,-1491.926,2025-05-02 17:10:00
2025-05-02 17:15:00,-1431.916,2025-05-02 17:15:00
2025-05-02 17:20:00,-1491.866,2025-05-02 17:20:00
2025-05-02 17:25:00,-1431.886,2025-05-02 17:25:00
2025-05-02 17:30:00,-1255.896,2025-05-02 17:30:00
2025-05-02 17:35:00,-1439.926,2025-05-02 17:35:00
2025-05-02 17:40:00,-1343.876,2025-05-02 17:40:00
2025-05-02 17:45:00,-1319.926,2025-05-02 17:45:00
2025-05-02 17:50:00,-1483.936,2025-05-02 17:50:00
2025-05-02 17:55:00,-1663.866,2025-05-02 17:55:00
2025-05-02 18:00:00,9000.0,2025-05-02 18:00:00
2025-05-02 18:05:00,9000.0,2025-05-02 18:05:00
2025-05-02 18:10:00,9000.0,2025-05-02 18:10:00
2025-05-02 18:15:00,9000.0,2025-05-02 18:15:00
2025-05-02 18:20:00,9000.0,2025-05-02 18:20:00
2025-05-02 18:25:00,9000.0,2025-05-02 18:25:00
2025-05-02 18:30:00,9000.0,2025-05-02 18:30:00
2025-05-02 18:35:00,9000.0,2025-05-02 18:35:00
2025-05-02 18:40:00,9000.0,2025-05-02 18:40:00
2025-05-02 18:45:00,9000.0,2025-05-02 18:45:00
2025-05-02 18:50:00,9000.0,2025-05-02 18:50:00
2025-05-02 18:55:00,8999.998,2025-05-02 18:55:00
2025-05-02 19:00:00,3638.095,2025-05-02 19:00:00
2025-05-02 19:05:00,0.0,2025-05-02 19:05:00
2025-05-02 19:10:00,0.0,2025-05-02 19:10:00
2025-05-02 19:15:00,0.0,2025-05-02 19:15:00
2025-05-02 19:20:00,0.0,2025-05-02 19:20:00
2025-05-02 19:25:00,0.0,2025-05-02 19:25:00
2025-05-02 19:30:00,0.0,2025-05-02 19:30:00
2025-05-02 19:35:00,0.0,2025-05-02 19:35:00
2025-05-02 19:40:00,0.0,2025-05-02 19:40:00
2025-05-02 19:45:00,0.0,2025-05-02 19:45:00
2025-05-02 19:50:00,0.0,2025-05-02 19:50:00
2025-05-02 19:55:00,0.0,2025-05-02 19:55:00
2025-05-02 20:00:00,0.0,2025-05-02 20:00:00
2025-05-02 20:05:00,0.0,2025-05-02 20:05:00
2025-05-02 20:10:00,0.0,2025-05-02 20:10:00
2025-05-02 20:15:00,0.0,2025-05-02 20:15:00
2025-05-02 20:20:00,0.0,2025-05-02 20:20:00
2025-05-02 20:25:00,0.0,2025-05-02 20:25:00
2025-05-02 20:30:00,0.0,2025-05-02 20:30:00
2025-05-02 20:35:00,0.0,2025-05-02 20:35:00
2025-05-02 20:40:00,0.0,2025-05-02 20:40:00
2025-05-02 20:45:00,0.0,2025-05-02 20:45:00
2025-05-02 20:50:00,0.0,2025-05-02 20:50:00
2025-05-02 20:55:00,0.0,2025-05-02 20:55:00
2025-05-02 21:00:00,0.0,2025-05-02 21:00:00
2025-05-02 21:05:00,0.0,2025-05-02 21:05:00
2025-05-02 21:10:00,0.0,2025-05-02 21:10:00
2025-05-02 21:15:00,0.0,2025-05-02 21:15:00
2025-05-02 21:20:00,0.0,2025-05-02 21:20:00
2025-05-02 21:25:00,0.0,2025-05-02 21:25:00
2025-05-02 21:30:00,0.0,2025-05-02 21:30:00
2025-05-02 21:35:00,0.0,2025-05-02 21:35:00
2025-05-02 21:40:00,0.0,2025-05-02 21:40:00
2025-05-02 21:45:00,0.0,2025-05-02 21:45:00
2025-05-02 21:50:00,0.0,2025-05-02 21:50:00
2025-05-02 21:55:00,0.0,2025-05-02 21:55:00
2025-05-02 22:00:00,-1615.916,2025-05-02 22:00:00
2025-05-02 22:05:00,-1411.886,2025-05-02 22:05:00
2025-05-02 22:10:00,-1383.926,2025-05-02 22:10:00
2025-05-02 22:15:00,-1519.886,2025-05-02 22:15:00
2025-05-02 22:20:00,-1491.926,2025-05-02 22:20:00
2025-05-02 22:25:00,-1403.936,2025-05-02 22:25:00
2025-05-02 22:30:00,-1363.906,2025-05-02 22:30:00
2025-05-02 22:35:00,-1431.916,2025-05-02 22:35:00
2025-05-02 22:40:00,-1451.896,2025-05-02 22:40:00
2025-05-02 22:45:00,-1399.896,2025-05-02 22:45:00
2025-05-02 22:50:00,-1459.876,2025-05-02 22:50:00
2025-05-02 22:55:00,-1427.906,2025-05-02 22:55:00
2025-05-02 23:00:00,-1523.916,2025-05-02 23:00:00
2025-05-02 23:05:00,-1503.936,2025-05-02 23:05:00
2025-05-02 23:10:00,-1375.926,2025-05-02 23:10:00
2025-05-02 23:15:00,-1395.926,2025-05-02 23:15:00
2025-05-02 23:20:00,-1439.906,2025-05-02 23:20:00
2025-05-02 23:25:00,-1339.956,2025-05-02 23:25:00
2025-05-02 23:30:00,-1467.926,2025-05-02 23:30:00
2025-05-02 23:35:00,-1387.906,2025-05-02 23:35:00
2025-05-02 23:40:00,-1359.926,2025-05-02 23:40:00
2025-05-02 23:45:00,-1419.906,2025-05-02 23:45:00
2025-05-02 23:50:00,-1431.936,2025-05-02 23:50:00
2025-05-02 23:55:00,-1407.906,2025-05-02 23:55:00
2025-05-03 00:00:00,-1635.916,2025-05-03 00:00:00
2025-05-03 00:05:00,-1599.926,2025-05-03 00:05:00
2025-05-03 00:10:00,-1359.916,2025-05-03 00:10:00
2025-05-03 00:15:00,-1515.886,2025-05-03 00:15:00
2025-05-03 00:20:00,-1455.906,2025-05-03 00:20:00
2025-05-03 00:25:00,-1479.876,2025-05-03 00:25:00
2025-05-03 00:30:00,-1347.896,2025-05-03 00:30:00
2025-05-03 00:35:00,-1419.936,2025-05-03 00:35:00
2025-05-03 00:40:00,-1343.896,2025-05-03 00:40:00
2025-05-03 00:45:00,-1311.926,2025-05-03 00:45:00
2025-05-03 00:50:00,-1415.886,2025-05-03 00:50:00
2025-05-03 00:55:00,-1307.936,2025-05-03 00:55:00
2025-05-03 01:00:00,-1259.856,2025-05-03 01:00:00
2025-05-03 01:05:00,-1283.876,2025-05-03 01:05:00
2025-05-03 01:10:00,-1155.906,2025-05-03 01:10:00
2025-05-03 01:15:00,-1279.916,2025-05-03 01:15:00
2025-05-03 01:20:00,-1403.946,2025-05-03 01:20:00
2025-05-03 01:25:00,-1275.926,2025-05-03 01:25:00
2025-05-03 01:30:00,-1419.856,2025-05-03 01:30:00
2025-05-03 01:35:00,-1367.876,2025-05-03 01:35:00
2025-05-03 01:40:00,-1143.896,2025-05-03 01:40:00
2025-05-03 01:45:00,-1347.926,2025-05-03 01:45:00
2025-05-03 01:50:00,-1423.886,2025-05-03 01:50:00
2025-05-03 01:55:00,-1155.896,2025-05-03 01:55:00
2025-05-03 02:00:00,-1519.896,2025-05-03 02:00:00
2025-05-03 02:05:00,-1259.916,2025-05-03 02:05:00
2025-05-03 02:10:00,-1343.926,2025-05-03 02:10:00
2025-05-03 02:15:00,-1255.846,2025-05-03 02:15:00
2025-05-03 02:20:00,-1391.926,2025-05-03 02:20:00
2025-05-03 02:25:00,-1143.916,2025-05-03 02:25:00
2025-05-03 02:30:00,-1203.926,2025-05-03 02:30:00
2025-05-03 02:35:00,-1279.906,2025-05-03 02:35:00
2025-05-03 02:40:00,-1247.876,2025-05-03 02:40:00
2025-05-03 02:45:00,-1283.926,2025-05-03 02:45:00
2025-05-03 02:50:00,-1275.926,2025-05-03 02:50:00
2025-05-03 02:55:00,-1235.876,2025-05-03 02:55:00
2025-05-03 03:00:00,-1263.896,2025-05-03 03:00:00
2025-05-03 03:05:00,-1259.936,2025-05-03 03:05:00
2025-05-03 03:10:00,-1299.906,2025-05-03 03:10:00
2025-05-03 03:15:00,-1459.886,2025-05-03 03:15:00
2025-05-03 03:20:00,-1359.936,2025-05-03 03:20:00
2025-05-03 03:25:00,-1271.926,2025-05-03 03:25:00
2025-05-03 03:30:00,-1439.906,2025-05-03 03:30:00
2025-05-03 03:35:00,-1299.896,2025-05-03 03:35:00
2025-05-03 03:40:00,-1243.876,2025-05-03 03:40:00
2025-05-03 03:45:00,-1399.896,2025-05-03 03:45:00
2025-05-03 03:50:00,-1331.876,2025-05-03 03:50:00
2025-05-03 03:55:00,-1415.926,2025-05-03 03:55:00
2025-05-03 04:00:00,-1239.906,2025-05-03 04:00:00
2025-05-03 04:05:00,-1271.886,2025-05-03 04:05:00
2025-05-03 04:10:00,-1455.876,2025-05-03 04:10:00
2025-05-03 04:15:00,-1239.906,2025-05-03 04:15:00
2025-05-03 04:20:00,-1235.916,2025-05-03 04:20:00
2025-05-03 04:25:00,-1191.906,2025-05-03 04:25:00
2025-05-03 04:30:00,-1271.936,2025-05-03 04:30:00
2025-05-03 04:35:00,-1303.936,2025-05-03 04:35:00
2025-05-03 04:40:00,-1623.906,2025-05-03 04:40:00
2025-05-03 04:45:00,-1243.926,2025-05-03 04:45:00
2025-05-03 04:50:00,-1287.916,2025-05-03 04:50:00
2025-05-03 04:55:00,-1347.896,2025-05-03 04:55:00
2025-05-03 05:00:00,-1399.896,2025-05-03 05:00:00
2025-05-03 05:05:00,-1323.886,2025-05-03 05:05:00
2025-05-03 05:10:00,-1539.926,2025-05-03 05:10:00
2025-05-03 05:15:00,-1399.906,2025-05-03 05:15:00
2025-05-03 05:20:00,-1371.886,2025-05-03 05:20:00
2025-05-03 05:25:00,-1507.896,2025-05-03 05:25:00
2025-05-03 05:30:00,-1323.936,2025-05-03 05:30:00
2025-05-03 05:35:00,-1463.916,2025-05-03 05:35:00
2025-05-03 05:40:00,-1431.916,2025-05-03 05:40:00
2025-05-03 05:45:00,-1451.906,2025-05-03 05:45:00
2025-05-03 05:50:00,-1427.936,2025-05-03 05:50:00
2025-05-03 05:55:00,-1739.916,2025-05-03 05:55:00
2025-05-03 06:00:00,-1695.926,2025-05-03 06:00:00
2025-05-03 06:05:00,-1479.936,2025-05-03 06:05:00
2025-05-03 06:10:00,-1443.906,2025-05-03 06:10:00
2025-05-03 06:15:00,-1715.916,2025-05-03 06:15:00
2025-05-03 06:20:00,-1479.916,2025-05-03 06:20:00
2025-05-03 06:25:00,-1463.936,2025-05-03 06:25:00
2025-05-03 06:30:00,-1511.906,2025-05-03 06:30:00
2025-05-03 06:35:00,-1407.906,2025-05-03 06:35:00
2025-05-03 06:40:00,-1519.916,2025-05-03 06:40:00
2025-05-03 06:45:00,-1483.896,2025-05-03 06:45:00
2025-05-03 06:50:00,-1539.916,2025-05-03 06:50:00
2025-05-03 06:55:00,-1599.896,2025-05-03 06:55:00
2025-05-03 07:00:00,-1435.856,2025-05-03 07:00:00
2025-05-03 07:05:00,-1403.936,2025-05-03 07:05:00
2025-05-03 07:10:00,-1443.936,2025-05-03 07:10:00
2025-05-03 07:15:00,-1459.926,2025-05-03 07:15:00
2025-05-03 07:20:00,-1515.926,2025-05-03 07:20:00
2025-05-03 07:25:00,-1531.876,2025-05-03 07:25:00
2025-05-03 07:30:00,-1515.926,2025-05-03 07:30:00
2025-05-03 07:35:00,-1591.896,2025-05-03 07:35:00
2025-05-03 07:40:00,-1439.906,2025-05-03 07:40:00
2025-05-03 07:45:00,-1423.916,2025-05-03 07:45:00
2025-05-03 07:50:00,-1451.916,2025-05-03 07:50:00
2025-05-03 07:55:00,-1419.896,2025-05-03 07:55:00
2025-05-03 08:00:00,9000.0,2025-05-03 08:00:00
2025-05-03 08:05:00,9000.0,2025-05-03 08:05:00
2025-05-03 08:10:00,9000.0,2025-05-03 08:10:00
2025-05-03 08:15:00,9000.0,2025-05-03 08:15:00
2025-05-03 08:20:00,9000.0,2025-05-03 08:20:00
2025-05-03 08:25:00,9000.0,2025-05-03 08:25:00
2025-05-03 08:30:00,9000.0,2025-05-03 08:30:00
2025-05-03 08:35:00,9000.0,2025-05-03 08:35:00
2025-05-03 08:40:00,9000.0,2025-05-03 08:40:00
2025-05-03 08:45:00,9000.0,2025-05-03 08:45:00
2025-05-03 08:50:00,9000.0,2025-05-03 08:50:00
2025-05-03 08:55:00,9000.0,2025-05-03 08:55:00
2025-05-03 09:00:00,9000.0,2025-05-03 09:00:00
2025-05-03 09:05:00,9000.0,2025-05-03 09:05:00
2025-05-03 09:10:00,9000.0,2025-05-03 09:10:00
2025-05-03 09:15:00,8999.999,2025-05-03 09:15:00
2025-05-03 09:20:00,2567.211,2025-05-03 09:20:00
2025-05-03 09:25:00,0.0,2025-05-03 09:25:00
2025-05-03 09:30:00,0.0,2025-05-03 09:30:00
2025-05-03 09:35:00,0.0,2025-05-03 09:35:00
2025-05-03 09:40:00,0.0,2025-05-03 09:40:00
2025-05-03 09:45:00,0.0,2025-05-03 09:45:00
2025-05-03 09:50:00,0.0,2025-05-03 09:50:00
2025-05-03 09:55:00,0.0,2025-05-03 09:55:00
2025-05-03 10:00:00,0.0,2025-05-03 10:00:00
2025-05-03 10:05:00,0.0,2025-05-03 10:05:00
2025-05-03 10:10:00,0.0,2025-05-03 10:10:00
2025-05-03 10:15:00,0.0,2025-05-03 10:15:00
2025-05-03 10:20:00,0.0,2025-05-03 10:20:00
2025-05-03 10:25:00,0.0,2025-05-03 10:25:00
2025-05-03 10:30:00,0.0,2025-05-03 10:30:00
2025-05-03 10:35:00,0.0,2025-05-03 10:35:00
2025-05-03 10:40:00,0.0,2025-05-03 10:40:00
2025-05-03 10:45:00,0.0,2025-05-03 10:45:00
2025-05-03 10:50:00,0.0,2025-05-03 10:50:00
2025-05-03 10:55:00,0.0,2025-05-03 10:55:00
2025-05-03 11:00:00,-1463.896,2025-05-03 11:00:00
2025-05-03 11:05:00,-1575.876,2025-05-03 11:05:00
2025-05-03 11:10:00,-1371.926,2025-05-03 11:10:00
2025-05-03 11:15:00,-1395.916,2025-05-03 11:15:00
2025-05-03 11:20:00,-1519.936,2025-05-03 11:20:00
2025-05-03 11:25:00,-1623.916,2025-05-03 11:25:00
2025-05-03 11:30:00,-1487.916,2025-05-03 11:30:00
2025-05-03 11:35:00,-1499.926,2025-05-03 11:35:00
2025-05-03 11:40:00,-1487.906,2025-05-03 11:40:00
2025-05-03 11:45:00,-1627.916,2025-05-03 11:45:00
2025-05-03 11:50:00,-1555.926,2025-05-03 11:50:00
2025-05-03 11:55:00,-1599.906,2025-05-03 11:55:00
2025-05-03 12:00:00,-1471.916,2025-05-03 12:00:00
2025-05-03 12:05:00,-1515.926,2025-05-03 12:05:00
2025-05-03 12:10:00,-1499.886,2025-05-03 12:10:00
2025-05-03 12:15:00,-1827.886,2025-05-03 12:15:00
2025-05-03 12:20:00,-1839.916,2025-05-03 12:20:00
2025-05-03 12:25:00,-1575.916,2025-05-03 12:25:00
2025-05-03 12:30:00,-1539.896,2025-05-03 12:30:00
2025-05-03 12:35:00,-1831.876,2025-05-03 12:35:00
2025-05-03 12:40:00,-1527.916,2025-05-03 12:40:00
2025-05-03 12:45:00,-1459.876,2025-05-03 12:45:00
2025-05-03 12:50:00,-1395.866,2025-05-03 12:50:00
2025-05-03 12:55:00,-1531.916,2025-05-03 12:55:00
2025-05-03 13:00:00,-1579.936,2025-05-03 13:00:00
2025-05-03 13:05:00,-1679.876,2025-05-03 13:05:00
2025-05-03 13:10:00,-1563.896,2025-05-03 13:10:00
2025-05-03 13:15:00,-1615.926,2025-05-03 13:15:00
2025-05-03 13:20:00,-1591.916,2025-05-03 13:20:00
2025-05-03 13:25:00,-1591.926,2025-05-03 13:25:00
2025-05-03 13:30:00,-1515.926,2025-05-03 13:30:00
2025-05-03 13:35:00,-1647.906,2025-05-03 13:35:00
2025-05-03 13:40:00,-1659.906,2025-05-03 13:40:00
2025-05-03 13:45:00,-1615.886,2025-05-03 13:45:00
2025-05-03 13:50:00,-1583.876,2025-05-03 13:50:00
2025-05-03 13:55:00,-1647.926,2025-05-03 13:55:00
2025-05-03 14:00:00,-1655.956,2025-05-03 14:00:00
2025-05-03 14:05:00,-1719.916,2025-05-03 14:05:00
2025-05-03 14:10:00,-1603.916,2025-05-03 14:10:00
2025-05-03 14:15:00,-1607.926,2025-05-03 14:15:00
2025-05-03 14:20:00,-1607.916,2025-05-03 14:20:00
2025-05-03 14:25:00,-1787.896,2025-05-03 14:25:00
2025-05-03 14:30:00,-1611.916,2025-05-03 14:30:00
2025-05-03 14:35:00,-1619.936,2025-05-03 14:35:00
2025-05-03 14:40:00,-1711.906,2025-05-03 14:40:00
2025-05-03 14:45:00,-1515.896,2025-05-03 14:45:00
2025-05-03 14:50:00,-1867.906,2025-05-03 14:50:00
2025-05-03 14:55:00,-1755.896,2025-05-03 14:55:00
2025-05-03 15:00:00,-1695.906,2025-05-03 15:00:00
2025-05-03 15:05:00,-1703.926,2025-05-03 15:05:00
2025-05-03 15:10:00,-1599.896,2025-05-03 15:10:00
2025-05-03 15:15:00,-1583.896,2025-05-03 15:15:00
2025-05-03 15:20:00,-1511.946,2025-05-03 15:20:00
2025-05-03 15:25:00,-1563.896,2025-05-03 15:25:00
2025-05-03 15:30:00,-1555.906,2025-05-03 15:30:00
2025-05-03 15:35:00,-1739.906,2025-05-03 15:35:00
2025-05-03 15:40:00,-1627.936,2025-05-03 15:40:00
2025-05-03 15:45:00,-1763.926,2025-05-03 15:45:00
2025-05-03 15:50:00,-1771.856,2025-05-03 15:50:00
2025-05-03 15:55:00,-1927.916,2025-05-03 15:55:00
2025-05-03 16:00:00,-1807.936,2025-05-03 16:00:00
2025-05-03 16:05:00,-1647.916,2025-05-03 16:05:00
2025-05-03 16:10:00,-1699.936,2025-05-03 16:10:00
2025-05-03 16:15:00,-1663.896,2025-05-03 16:15:00
2025-05-03 16:20:00,-1731.876,2025-05-03 16:20:00
2025-05-03 16:25:00,-1787.906,2025-05-03 16:25:00
2025-05-03 16:30:00,-1723.896,2025-05-03 16:30:00
2025-05-03 16:35:00,-1747.886,2025-05-03 16:35:00
2025-05-03 16:40:00,-1815.926,2025-05-03 16:40:00
2025-05-03 16:45:00,-1691.916,2025-05-03 16:45:00
2025-05-03 16:50:00,-1631.926,2025-05-03 16:50:00
2025-05-03 16:55:00,-1751.886,2025-05-03 16:55:00
2025-05-03 17:00:00,-1671.926,2025-05-03 17:00:00
2025-05-03 17:05:00,-1679.926,2025-05-03 17:05:00
2025-05-03 17:10:00,-1683.916,2025-05-03 17:10:00
2025-05-03 17:15:00,-1703.906,2025-05-03 17:15:00
2025-05-03 17:20:00,-1819.866,2025-05-03 17:20:00
2025-05-03 17:25:00,-1771.906,2025-05-03 17:25:00
2025-05-03 17:30:00,-1759.896,2025-05-03 17:30:00
2025-05-03 17:35:00,-1683.896,2025-05-03 17:35:00
2025-05-03 17:40:00,-1703.906,2025-05-03 17:40:00
2025-05-03 17:45:00,-1867.936,2025-05-03 17:45:00
2025-05-03 17:50:00,-1579.906,2025-05-03 17:50:00
2025-05-03 17:55:00,-1567.896,2025-05-03 17:55:00
2025-05-03 18:00:00,9000.0,2025-05-03 18:00:00
2025-05-03 18:05:00,9000.0,2025-05-03 18:05:00
2025-05-03 18:10:00,9000.0,2025-05-03 18:10:00
2025-05-03 18:15:00,9000.0,2025-05-03 18:15:00
2025-05-03 18:20:00,9000.0,2025-05-03 18:20:00
2025-05-03 18:25:00,9000.0,2025-05-03 18:25:00
2025-05-03 18:30:00,9000.0,2025-05-03 18:30:00
2025-05-03 18:35:00,9000.0,2025-05-03 18:35:00
2025-05-03 18:40:00,9000.0,2025-05-03 18:40:00
2025-05-03 18:45:00,9000.0,2025-05-03 18:45:00
2025-05-03 18:50:00,9000.0,2025-05-03 18:50:00
2025-05-03 18:55:00,9000.0,2025-05-03 18:55:00
2025-05-03 19:00:00,8999.999,2025-05-03 19:00:00
2025-05-03 19:05:00,3468.948,2025-05-03 19:05:00
2025-05-03 19:10:00,0.0,2025-05-03 19:10:00
2025-05-03 19:15:00,0.0,2025-05-03 19:15:00
2025-05-03 19:20:00,0.0,2025-05-03 19:20:00
2025-05-03 19:25:00,0.0,2025-05-03 19:25:00
2025-05-03 19:30:00,0.0,2025-05-03 19:30:00
2025-05-03 19:35:00,0.0,2025-05-03 19:35:00
2025-05-03 19:40:00,0.0,2025-05-03 19:40:00
2025-05-03 19:45:00,0.0,2025-05-03 19:45:00
2025-05-03 19:50:00,0.0,2025-05-03 19:50:00
2025-05-03 19:55:00,0.0,2025-05-03 19:55:00
2025-05-03 20:00:00,0.0,2025-05-03 20:00:00
2025-05-03 20:05:00,0.0,2025-05-03 20:05:00
2025-05-03 20:10:00,0.0,2025-05-03 20:10:00
2025-05-03 20:15:00,0.0,2025-05-03 20:15:00
2025-05-03 20:20:00,0.0,2025-05-03 20:20:00
2025-05-03 20:25:00,0.0,2025-05-03 20:25:00
2025-05-03 20:30:00,0.0,2025-05-03 20:30:00
2025-05-03 20:35:00,0.0,2025-05-03 20:35:00
2025-05-03 20:40:00,0.0,2025-05-03 20:40:00
2025-05-03 20:45:00,0.0,2025-05-03 20:45:00
2025-05-03 20:50:00,0.0,2025-05-03 20:50:00
2025-05-03 20:55:00,0.0,2025-05-03 20:55:00
2025-05-03 21:00:00,0.0,2025-05-03 21:00:00
2025-05-03 21:05:00,0.0,2025-05-03 21:05:00
2025-05-03 21:10:00,0.0,2025-05-03 21:10:00
2025-05-03 21:15:00,0.0,2025-05-03 21:15:00
2025-05-03 21:20:00,0.0,2025-05-03 21:20:00
2025-05-03 21:25:00,0.0,2025-05-03 21:25:00
2025-05-03 21:30:00,0.0,2025-05-03 21:30:00
2025-05-03 21:35:00,0.0,2025-05-03 21:35:00
2025-05-03 21:40:00,0.0,2025-05-03 21:40:00
2025-05-03 21:45:00,0.0,2025-05-03 21:45:00
2025-05-03 21:50:00,0.0,2025-05-03 21:50:00
2025-05-03 21:55:00,0.0,2025-05-03 21:55:00
2025-05-03 22:00:00,-2007.896,2025-05-03 22:00:00
2025-05-03 22:05:00,-1959.916,2025-05-03 22:05:00
2025-05-03 22:10:00,-1991.886,2025-05-03 22:10:00
2025-05-03 22:15:00,-1891.926,2025-05-03 22:15:00
2025-05-03 22:20:00,-2075.926,2025-05-03 22:20:00
2025-05-03 22:25:00,-2019.896,2025-05-03 22:25:00
2025-05-03 22:30:00,-1987.896,2025-05-03 22:30:00
2025-05-03 22:35:00,-1891.906,2025-05-03 22:35:00
2025-05-03 22:40:00,-1887.906,2025-05-03 22:40:00
2025-05-03 22:45:00,-1827.926,2025-05-03 22:45:00
2025-05-03 22:50:00,-1871.906,2025-05-03 22:50:00
2025-05-03 22:55:00,-1851.926,2025-05-03 22:55:00
2025-05-03 23:00:00,-1859.936,2025-05-03 23:00:00
2025-05-03 23:05:00,-1919.926,2025-05-03 23:05:00
2025-05-03 23:10:00,-2075.936,2025-05-03 23:10:00
2025-05-03 23:15:00,-1843.936,2025-05-03 23:15:00
2025-05-03 23:20:00,-1907.876,2025-05-03 23:20:00
2025-05-03 23:25:00,-2039.876,2025-05-03 23:25:00
2025-05-03 23:30:00,-2027.926,2025-05-03 23:30:00
2025-05-03 23:35:00,-1883.936,2025-05-03 23:35:00
2025-05-03 23:40:00,-1911.916,2025-05-03 23:40:00
2025-05-03 23:45:00,-1915.916,2025-05-03 23:45:00
2025-05-03 23:50:00,-1939.906,2025-05-03 23:50:00
2025-05-03 23:55:00,-1887.896,2025-05-03 23:55:00
2025-05-04 00:00:00,-1863.916,2025-05-04 00:00:00
2025-05-04 00:05:00,-1839.896,2025-05-04 00:05:00
2025-05-04 00:10:00,-2339.936,2025-05-04 00:10:00
2025-05-04 00:15:00,-2327.876,2025-05-04 00:15:00
2025-05-04 00:20:00,-1927.906,2025-05-04 00:20:00
2025-05-04 00:25:00,-1955.926,2025-05-04 00:25:00
2025-05-04 00:30:00,-1887.926,2025-05-04 00:30:00
2025-05-04 00:35:00,-1959.896,2025-05-04 00:35:00
2025-05-04 00:40:00,-2035.896,2025-05-04 00:40:00
2025-05-04 00:45:00,-1995.906,2025-05-04 00:45:00
2025-05-04 00:50:00,-1991.896,2025-05-04 00:50:00
2025-05-04 00:55:00,-2035.916,2025-05-04 00:55:00
2025-05-04 01:00:00,-1979.896,2025-05-04 01:00:00
2025-05-04 01:05:00,-1919.916,2025-05-04 01:05:00
2025-05-04 01:10:00,-1947.896,2025-05-04 01:10:00
2025-05-04 01:15:00,-1795.916,2025-05-04 01:15:00
2025-05-04 01:20:00,-1959.896,2025-05-04 01:20:00
2025-05-04 01:25:00,-1907.916,2025-05-04 01:25:00
2025-05-04 01:30:00,-1851.916,2025-05-04 01:30:00
2025-05-04 01:35:00,-1903.936,2025-05-04 01:35:00
2025-05-04 01:40:00,-1887.936,2025-05-04 01:40:00
2025-05-04 01:45:00,-1775.896,2025-05-04 01:45:00
2025-05-04 01:50:00,-2039.926,2025-05-04 01:50:00
2025-05-04 01:55:00,-1911.916,2025-05-04 01:55:00
2025-05-04 02:00:00,-2011.926,2025-05-04 02:00:00
2025-05-04 02:05:00,-1871.926,2025-05-04 02:05:00
2025-05-04 02:10:00,-1899.896,2025-05-04 02:10:00
2025-05-04 02:15:00,-1819.846,2025-05-04 02:15:00
2025-05-04 02:20:00,-1851.896,2025-05-04 02:20:00
2025-05-04 02:25:00,-1943.916,2025-05-04 02:25:00
2025-05-04 02:30:00,-1835.896,2025-05-04 02:30:00
2025-05-04 02:35:00,-1871.906,2025-05-04 02:35:00
2025-05-04 02:40:00,-1847.936,2025-05-04 02:40:00
2025-05-04 02:45:00,-2051.916,2025-05-04 02:45:00
2025-05-04 02:50:00,-1843.936,2025-05-04 02:50:00
2025-05-04 02:55:00,-2003.946,2025-05-04 02:55:00
2025-05-04 03:00:00,-1943.936,2025-05-04 03:00:00
2025-05-04 03:05:00,-1991.916,2025-05-04 03:05:00
2025-05-04 03:10:00,-1795.916,2025-05-04 03:10:00
2025-05-04 03:15:00,-1967.926,2025-05-04 03:15:00
2025-05-04 03:20:00,-1903.916,2025-05-04 03:20:00
2025-05-04 03:25:00,-2023.926,2025-05-04 03:25:00
2025-05-04 03:30:00,-1915.916,2025-05-04 03:30:00
2025-05-04 03:35:00,-1883.896,2025-05-04 03:35:00
2025-05-04 03:40:00,-1931.936,2025-05-04 03:40:00
2025-05-04 03:45:00,-2131.896,2025-05-04 03:45:00
2025-05-04 03:50:00,-1895.896,2025-05-04 03:50:00
2025-05-04 03:55:00,-1851.896,2025-05-04 03:55:00
2025-05-04 04:00:00,-1987.896,2025-05-04 04:00:00
2025-05-04 04:05:00,-1899.916,2025-05-04 04:05:00
2025-05-04 04:10:00,-1943.916,2025-05-04 04:10:00
2025-05-04 04:15:00,-1983.916,2025-05-04 04:15:00
2025-05-04 04:20:00,-1995.906,2025-05-04 04:20:00
2025-05-04 04:25:00,-1927.926,2025-05-04 04:25:00
2025-05-04 04:30:00,-1947.876,2025-05-04 04:30:00
2025-05-04 04:35:00,-1859.916,2025-05-04 04:35:00
2025-05-04 04:40:00,-2111.916,2025-05-04 04:40:00
2025-05-04 04:45:00,-1883.906,2025-05-04 04:45:00
2025-05-04 04:50:00,-1975.896,2025-05-04 04:50:00
2025-05-04 04:55:00,-1915.916,2025-05-04 04:55:00
2025-05-04 05:00:00,-1991.936,2025-05-04 05:00:00
2025-05-04 05:05:00,-1951.906,2025-05-04 05:05:00
2025-05-04 05:10:00,-1843.906,2025-05-04 05:10:00
2025-05-04 05:15:00,-1895.896,2025-05-04 05:15:00
2025-05-04 05:20:00,-1939.926,2025-05-04 05:20:00
2025-05-04 05:25:00,-1935.906,2025-05-04 05:25:00
2025-05-04 05:30:00,-1955.906,2025-05-04 05:30:00
2025-05-04 05:35:00,-1791.906,2025-05-04 05:35:00
2025-05-04 05:40:00,-2023.926,2025-05-04 05:40:00
2025-05-04 05:45:00,-1911.906,2025-05-04 05:45:00
2025-05-04 05:50:00,-2003.926,2025-05-04 05:50:00
2025-05-04 05:55:00,-1927.906,2025-05-04 05:55:00
2025-05-04 06:00:00,-1533.682,2025-05-04 06:00:00
2025-05-04 06:05:00,-1533.762,2025-05-04 06:05:00
2025-05-04 06:10:00,-1533.809,2025-05-04 06:10:00
2025-05-04 06:15:00,-1533.743,2025-05-04 06:15:00
2025-05-04 06:20:00,-1533.772,2025-05-04 06:20:00
2025-05-04 06:25:00,-1533.699,2025-05-04 06:25:00
2025-05-04 06:30:00,-1533.756,2025-05-04 06:30:00
2025-05-04 06:35:00,-1533.759,2025-05-04 06:35:00
2025-05-04 06:40:00,-1533.779,2025-05-04 06:40:00
2025-05-04 06:45:00,-1533.79,2025-05-04 06:45:00
2025-05-04 06:50:00,-1533.754,2025-05-04 06:50:00
2025-05-04 06:55:00,-1533.857,2025-05-04 06:55:00
2025-05-04 07:00:00,-1533.793,2025-05-04 07:00:00
2025-05-04 07:05:00,-1533.799,2025-05-04 07:05:00
2025-05-04 07:10:00,-1533.907,2025-05-04 07:10:00
2025-05-04 07:15:00,-1533.805,2025-05-04 07:15:00
2025-05-04 07:20:00,-1533.847,2025-05-04 07:20:00
2025-05-04 07:25:00,-1533.898,2025-05-04 07:25:00
2025-05-04 07:30:00,-1533.867,2025-05-04 07:30:00
2025-05-04 07:35:00,-1533.958,2025-05-04 07:35:00
2025-05-04 07:40:00,-1533.948,2025-05-04 07:40:00
2025-05-04 07:45:00,-1533.959,2025-05-04 07:45:00
2025-05-04 07:50:00,-1534.003,2025-05-04 07:50:00
2025-05-04 07:55:00,-1534.028,2025-05-04 07:55:00
2025-05-04 08:00:00,9000.0,2025-05-04 08:00:00
2025-05-04 08:05:00,9000.0,2025-05-04 08:05:00
2025-05-04 08:10:00,9000.0,2025-05-04 08:10:00
2025-05-04 08:15:00,9000.0,2025-05-04 08:15:00
2025-05-04 08:20:00,9000.0,2025-05-04 08:20:00
2025-05-04 08:25:00,9000.0,2025-05-04 08:25:00
2025-05-04 08:30:00,9000.0,2025-05-04 08:30:00
2025-05-04 08:35:00,9000.0,2025-05-04 08:35:00
2025-05-04 08:40:00,9000.0,2025-05-04 08:40:00
2025-05-04 08:45:00,9000.0,2025-05-04 08:45:00
2025-05-04 08:50:00,9000.0,2025-05-04 08:50:00
2025-05-04 08:55:00,9000.0,2025-05-04 08:55:00
2025-05-04 09:00:00,9000.0,2025-05-04 09:00:00
2025-05-04 09:05:00,9000.0,2025-05-04 09:05:00
2025-05-04 09:10:00,9000.0,2025-05-04 09:10:00
2025-05-04 09:15:00,9000.0,2025-05-04 09:15:00
2025-05-04 09:20:00,9000.0,2025-05-04 09:20:00
2025-05-04 09:25:00,9000.0,2025-05-04 09:25:00
2025-05-04 09:30:00,9000.0,2025-05-04 09:30:00
2025-05-04 09:35:00,9000.0,2025-05-04 09:35:00
2025-05-04 09:40:00,8999.999,2025-05-04 09:40:00
2025-05-04 09:45:00,5939.999,2025-05-04 09:45:00
2025-05-04 09:50:00,0.0,2025-05-04 09:50:00
2025-05-04 09:55:00,0.0,2025-05-04 09:55:00
2025-05-04 10:00:00,0.0,2025-05-04 10:00:00
2025-05-04 10:05:00,0.0,2025-05-04 10:05:00
2025-05-04 10:10:00,0.0,2025-05-04 10:10:00
2025-05-04 10:15:00,0.0,2025-05-04 10:15:00
2025-05-04 10:20:00,0.0,2025-05-04 10:20:00
2025-05-04 10:25:00,0.0,2025-05-04 10:25:00
2025-05-04 10:30:00,0.0,2025-05-04 10:30:00
2025-05-04 10:35:00,0.0,2025-05-04 10:35:00
2025-05-04 10:40:00,0.0,2025-05-04 10:40:00
2025-05-04 10:45:00,0.0,2025-05-04 10:45:00
2025-05-04 10:50:00,0.0,2025-05-04 10:50:00
2025-05-04 10:55:00,0.0,2025-05-04 10:55:00
2025-05-04 11:00:00,-2067.926,2025-05-04 11:00:00
2025-05-04 11:05:00,-2083.936,2025-05-04 11:05:00
2025-05-04 11:10:00,-2063.926,2025-05-04 11:10:00
2025-05-04 11:15:00,-2067.906,2025-05-04 11:15:00
2025-05-04 11:20:00,-2007.916,2025-05-04 11:20:00
2025-05-04 11:25:00,-2019.926,2025-05-04 11:25:00
2025-05-04 11:30:00,-2083.906,2025-05-04 11:30:00
2025-05-04 11:35:00,-1883.896,2025-05-04 11:35:00
2025-05-04 11:40:00,-1951.906,2025-05-04 11:40:00
2025-05-04 11:45:00,-2171.896,2025-05-04 11:45:00
2025-05-04 11:50:00,-2111.896,2025-05-04 11:50:00
2025-05-04 11:55:00,-2127.936,2025-05-04 11:55:00
2025-05-04 12:00:00,-2151.926,2025-05-04 12:00:00
2025-05-04 12:05:00,-2299.906,2025-05-04 12:05:00
2025-05-04 12:10:00,-2395.926,2025-05-04 12:10:00
2025-05-04 12:15:00,-1979.926,2025-05-04 12:15:00
2025-05-04 12:20:00,-2071.866,2025-05-04 12:20:00
2025-05-04 12:25:00,-1995.906,2025-05-04 12:25:00
2025-05-04 12:30:00,-1919.936,2025-05-04 12:30:00
2025-05-04 12:35:00,-2071.926,2025-05-04 12:35:00
2025-05-04 12:40:00,-1987.916,2025-05-04 12:40:00
2025-05-04 12:45:00,-1967.916,2025-05-04 12:45:00
2025-05-04 12:50:00,-2023.936,2025-05-04 12:50:00
2025-05-04 12:55:00,-1987.876,2025-05-04 12:55:00
2025-05-04 13:00:00,-2119.916,2025-05-04 13:00:00
2025-05-04 13:05:00,-1923.896,2025-05-04 13:05:00
2025-05-04 13:10:00,-2019.896,2025-05-04 13:10:00
2025-05-04 13:15:00,-1927.876,2025-05-04 13:15:00
2025-05-04 13:20:00,-2111.896,2025-05-04 13:20:00
2025-05-04 13:25:00,-1967.906,2025-05-04 13:25:00
2025-05-04 13:30:00,-2051.906,2025-05-04 13:30:00
2025-05-04 13:35:00,-2071.896,2025-05-04 13:35:00
2025-05-04 13:40:00,-1995.936,2025-05-04 13:40:00
2025-05-04 13:45:00,-2103.916,2025-05-04 13:45:00
2025-05-04 13:50:00,-2095.926,2025-05-04 13:50:00
2025-05-04 13:55:00,-2047.896,2025-05-04 13:55:00
2025-05-04 14:00:00,-2115.936,2025-05-04 14:00:00
2025-05-04 14:05:00,-2055.926,2025-05-04 14:05:00
2025-05-04 14:10:00,-2079.916,2025-05-04 14:10:00
2025-05-04 14:15:00,-2019.896,2025-05-04 14:15:00
2025-05-04 14:20:00,-1995.926,2025-05-04 14:20:00
2025-05-04 14:25:00,-2019.906,2025-05-04 14:25:00
2025-05-04 14:30:00,-2067.896,2025-05-04 14:30:00
2025-05-04 14:35:00,-1963.926,2025-05-04 14:35:00
2025-05-04 14:40:00,-2151.896,2025-05-04 14:40:00
2025-05-04 14:45:00,-2151.916,2025-05-04 14:45:00
2025-05-04 14:50:00,-2091.936,2025-05-04 14:50:00
2025-05-04 14:55:00,-1983.916,2025-05-04 14:55:00
2025-05-04 15:00:00,-2099.896,2025-05-04 15:00:00
2025-05-04 15:05:00,-2187.936,2025-05-04 15:05:00
2025-05-04 15:10:00,-1927.896,2025-05-04 15:10:00
2025-05-04 15:15:00,-2271.926,2025-05-04 15:15:00
2025-05-04 15:20:00,-2043.896,2025-05-04 15:20:00
2025-05-04 15:25:00,-1971.916,2025-05-04 15:25:00
2025-05-04 15:30:00,-1987.926,2025-05-04 15:30:00
2025-05-04 15:35:00,-2079.896,2025-05-04 15:35:00
2025-05-04 15:40:00,-2091.916,2025-05-04 15:40:00
2025-05-04 15:45:00,-2007.936,2025-05-04 15:45:00
2025-05-04 15:50:00,-2143.916,2025-05-04 15:50:00
2025-05-04 15:55:00,-2039.926,2025-05-04 15:55:00
2025-05-04 16:00:00,-2071.906,2025-05-04 16:00:00
2025-05-04 16:05:00,-2075.936,2025-05-04 16:05:00
2025-05-04 16:10:00,-2035.926,2025-05-04 16:10:00
2025-05-04 16:15:00,-2039.906,2025-05-04 16:15:00
2025-05-04 16:20:00,-2127.876,2025-05-04 16:20:00
2025-05-04 16:25:00,-2071.906,2025-05-04 16:25:00
2025-05-04 16:30:00,-2107.936,2025-05-04 16:30:00
2025-05-04 16:35:00,-2011.916,2025-05-04 16:35:00
2025-05-04 16:40:00,-2095.896,2025-05-04 16:40:00
2025-05-04 16:45:00,-2051.926,2025-05-04 16:45:00
2025-05-04 16:50:00,-2183.926,2025-05-04 16:50:00
2025-05-04 16:55:00,-2287.946,2025-05-04 16:55:00
2025-05-04 17:00:00,-2107.936,2025-05-04 17:00:00
2025-05-04 17:05:00,-2195.876,2025-05-04 17:05:00
2025-05-04 17:10:00,-2063.896,2025-05-04 17:10:00
2025-05-04 17:15:00,-2071.926,2025-05-04 17:15:00
2025-05-04 17:20:00,-2147.916,2025-05-04 17:20:00
2025-05-04 17:25:00,-1983.876,2025-05-04 17:25:00
2025-05-04 17:30:00,-2055.896,2025-05-04 17:30:00
2025-05-04 17:35:00,-2043.886,2025-05-04 17:35:00
2025-05-04 17:40:00,-2007.906,2025-05-04 17:40:00
2025-05-04 17:45:00,-2179.916,2025-05-04 17:45:00
2025-05-04 17:50:00,-2215.906,2025-05-04 17:50:00
2025-05-04 17:55:00,-2171.906,2025-05-04 17:55:00
2025-05-04 18:00:00,9000.0,2025-05-04 18:00:00
2025-05-04 18:05:00,9000.0,2025-05-04 18:05:00
2025-05-04 18:10:00,9000.0,2025-05-04 18:10:00
2025-05-04 18:15:00,9000.0,2025-05-04 18:15:00
2025-05-04 18:20:00,9000.0,2025-05-04 18:20:00
2025-05-04 18:25:00,9000.0,2025-05-04 18:25:00
2025-05-04 18:30:00,9000.0,2025-05-04 18:30:00
2025-05-04 18:35:00,9000.0,2025-05-04 18:35:00
2025-05-04 18:40:00,9000.0,2025-05-04 18:40:00
2025-05-04 18:45:00,9000.0,2025-05-04 18:45:00
2025-05-04 18:50:00,9000.0,2025-05-04 18:50:00
2025-05-04 18:55:00,9000.0,2025-05-04 18:55:00
2025-05-04 19:00:00,9000.0,2025-05-04 19:00:00
2025-05-04 19:05:00,9000.0,2025-05-04 19:05:00
2025-05-04 19:10:00,9000.0,2025-05-04 19:10:00
2025-05-04 19:15:00,8999.999,2025-05-04 19:15:00
2025-05-04 19:20:00,7989.126,2025-05-04 19:20:00
2025-05-04 19:25:00,0.0,2025-05-04 19:25:00
2025-05-04 19:30:00,0.0,2025-05-04 19:30:00
2025-05-04 19:35:00,0.0,2025-05-04 19:35:00
2025-05-04 19:40:00,0.0,2025-05-04 19:40:00
2025-05-04 19:45:00,0.0,2025-05-04 19:45:00
2025-05-04 19:50:00,0.0,2025-05-04 19:50:00
2025-05-04 19:55:00,0.0,2025-05-04 19:55:00
2025-05-04 20:00:00,0.0,2025-05-04 20:00:00
2025-05-04 20:05:00,0.0,2025-05-04 20:05:00
2025-05-04 20:10:00,0.0,2025-05-04 20:10:00
2025-05-04 20:15:00,0.0,2025-05-04 20:15:00
2025-05-04 20:20:00,0.0,2025-05-04 20:20:00
2025-05-04 20:25:00,0.0,2025-05-04 20:25:00
2025-05-04 20:30:00,0.0,2025-05-04 20:30:00
2025-05-04 20:35:00,0.0,2025-05-04 20:35:00
2025-05-04 20:40:00,0.0,2025-05-04 20:40:00
2025-05-04 20:45:00,0.0,2025-05-04 20:45:00
2025-05-04 20:50:00,0.0,2025-05-04 20:50:00
2025-05-04 20:55:00,0.0,2025-05-04 20:55:00
2025-05-04 21:00:00,0.0,2025-05-04 21:00:00
2025-05-04 21:05:00,0.0,2025-05-04 21:05:00
2025-05-04 21:10:00,0.0,2025-05-04 21:10:00
2025-05-04 21:15:00,0.0,2025-05-04 21:15:00
2025-05-04 21:20:00,0.0,2025-05-04 21:20:00
2025-05-04 21:25:00,0.0,2025-05-04 21:25:00
2025-05-04 21:30:00,0.0,2025-05-04 21:30:00
2025-05-04 21:35:00,0.0,2025-05-04 21:35:00
2025-05-04 21:40:00,0.0,2025-05-04 21:40:00
2025-05-04 21:45:00,0.0,2025-05-04 21:45:00
2025-05-04 21:50:00,0.0,2025-05-04 21:50:00
2025-05-04 21:55:00,0.0,2025-05-04 21:55:00
2025-05-04 22:00:00,-2171.896,2025-05-04 22:00:00
2025-05-04 22:05:00,-1863.896,2025-05-04 22:05:00
2025-05-04 22:10:00,-1735.936,2025-05-04 22:10:00
2025-05-04 22:15:00,-1963.886,2025-05-04 22:15:00
2025-05-04 22:20:00,-1943.916,2025-05-04 22:20:00
2025-05-04 22:25:00,-1747.906,2025-05-04 22:25:00
2025-05-04 22:30:00,-1699.956,2025-05-04 22:30:00
2025-05-04 22:35:00,-1643.906,2025-05-04 22:35:00
2025-05-04 22:40:00,-1567.896,2025-05-04 22:40:00
2025-05-04 22:45:00,-1695.916,2025-05-04 22:45:00
2025-05-04 22:50:00,-1671.916,2025-05-04 22:50:00
2025-05-04 22:55:00,-1655.916,2025-05-04 22:55:00
2025-05-04 23:00:00,-1675.896,2025-05-04 23:00:00
2025-05-04 23:05:00,-1699.896,2025-05-04 23:05:00
2025-05-04 23:10:00,-1563.906,2025-05-04 23:10:00
2025-05-04 23:15:00,-1599.926,2025-05-04 23:15:00
2025-05-04 23:20:00,-1699.906,2025-05-04 23:20:00
2025-05-04 23:25:00,-1743.946,2025-05-04 23:25:00
2025-05-04 23:30:00,-1663.946,2025-05-04 23:30:00
2025-05-04 23:35:00,-1719.916,2025-05-04 23:35:00
2025-05-04 23:40:00,-1731.876,2025-05-04 23:40:00
2025-05-04 23:45:00,-1683.906,2025-05-04 23:45:00
2025-05-04 23:50:00,-2043.916,2025-05-04 23:50:00
2025-05-04 23:55:00,-2023.916,2025-05-04 23:55:00
2025-05-05 00:00:00,-1707.906,2025-05-05 00:00:00
2025-05-05 00:05:00,-1711.906,2025-05-05 00:05:00
2025-05-05 00:10:00,-1871.916,2025-05-05 00:10:00
2025-05-05 00:15:00,-2035.916,2025-05-05 00:15:00
2025-05-05 00:20:00,-2043.896,2025-05-05 00:20:00
2025-05-05 00:25:00,-1987.876,2025-05-05 00:25:00
2025-05-05 00:30:00,-1563.896,2025-05-05 00:30:00
2025-05-05 00:35:00,-1799.886,2025-05-05 00:35:00
2025-05-05 00:40:00,-1747.956,2025-05-05 00:40:00
2025-05-05 00:45:00,-1863.856,2025-05-05 00:45:00
2025-05-05 00:50:00,-1743.916,2025-05-05 00:50:00
2025-05-05 00:55:00,-1919.886,2025-05-05 00:55:00
2025-05-05 01:00:00,-1919.926,2025-05-05 01:00:00
2025-05-05 01:05:00,-1775.926,2025-05-05 01:05:00
2025-05-05 01:10:00,-1635.926,2025-05-05 01:10:00
2025-05-05 01:15:00,-1515.896,2025-05-05 01:15:00
2025-05-05 01:20:00,-1551.946,2025-05-05 01:20:00
2025-05-05 01:25:00,-1463.896,2025-05-05 01:25:00
2025-05-05 01:30:00,-1443.906,2025-05-05 01:30:00
2025-05-05 01:35:00,-1451.916,2025-05-05 01:35:00
2025-05-05 01:40:00,-1455.906,2025-05-05 01:40:00
2025-05-05 01:45:00,-1447.886,2025-05-05 01:45:00
2025-05-05 01:50:00,-1467.896,2025-05-05 01:50:00
2025-05-05 01:55:00,-1543.876,2025-05-05 01:55:00
2025-05-05 02:00:00,-1523.916,2025-05-05 02:00:00
2025-05-05 02:05:00,-1475.896,2025-05-05 02:05:00
2025-05-05 02:10:00,-1495.906,2025-05-05 02:10:00
2025-05-05 02:15:00,-1427.926,2025-05-05 02:15:00
2025-05-05 02:20:00,-1535.896,2025-05-05 02:20:00
2025-05-05 02:25:00,-1583.896,2025-05-05 02:25:00
2025-05-05 02:30:00,-1543.896,2025-05-05 02:30:00
2025-05-05 02:35:00,-1371.906,2025-05-05 02:35:00
2025-05-05 02:40:00,-1495.936,2025-05-05 02:40:00
2025-05-05 02:45:00,-1307.886,2025-05-05 02:45:00
2025-05-05 02:50:00,-1583.876,2025-05-05 02:50:00
2025-05-05 02:55:00,-1443.876,2025-05-05 02:55:00
2025-05-05 03:00:00,-1407.926,2025-05-05 03:00:00
2025-05-05 03:05:00,-1379.926,2025-05-05 03:05:00
2025-05-05 03:10:00,-1443.876,2025-05-05 03:10:00
2025-05-05 03:15:00,-1359.926,2025-05-05 03:15:00
2025-05-05 03:20:00,-1575.906,2025-05-05 03:20:00
2025-05-05 03:25:00,-1335.926,2025-05-05 03:25:00
2025-05-05 03:30:00,-1551.896,2025-05-05 03:30:00
2025-05-05 03:35:00,-1287.916,2025-05-05 03:35:00
2025-05-05 03:40:00,-1291.906,2025-05-05 03:40:00
2025-05-05 03:45:00,-1443.936,2025-05-05 03:45:00
2025-05-05 03:50:00,-1471.926,2025-05-05 03:50:00
2025-05-05 03:55:00,-1379.906,2025-05-05 03:55:00
2025-05-05 04:00:00,-1411.916,2025-05-05 04:00:00
2025-05-05 04:05:00,-1343.876,2025-05-05 04:05:00
2025-05-05 04:10:00,-1323.936,2025-05-05 04:10:00
2025-05-05 04:15:00,-1255.916,2025-05-05 04:15:00
2025-05-05 04:20:00,-1359.906,2025-05-05 04:20:00
2025-05-05 04:25:00,-1343.906,2025-05-05 04:25:00
2025-05-05 04:30:00,-1415.886,2025-05-05 04:30:00
2025-05-05 04:35:00,-1247.926,2025-05-05 04:35:00
2025-05-05 04:40:00,-1467.906,2025-05-05 04:40:00
2025-05-05 04:45:00,-1175.886,2025-05-05 04:45:00
2025-05-05 04:50:00,-1359.886,2025-05-05 04:50:00
2025-05-05 04:55:00,-1383.896,2025-05-05 04:55:00
2025-05-05 05:00:00,-1455.956,2025-05-05 05:00:00
2025-05-05 05:05:00,-1723.906,2025-05-05 05:05:00
2025-05-05 05:10:00,-1527.906,2025-05-05 05:10:00
2025-05-05 05:15:00,-1527.906,2025-05-05 05:15:00
2025-05-05 05:20:00,-1619.916,2025-05-05 05:20:00
2025-05-05 05:25:00,-1463.906,2025-05-05 05:25:00
2025-05-05 05:30:00,-1547.916,2025-05-05 05:30:00
2025-05-05 05:35:00,-1495.906,2025-05-05 05:35:00
2025-05-05 05:40:00,-1399.896,2025-05-05 05:40:00
2025-05-05 05:45:00,-1487.906,2025-05-05 05:45:00
2025-05-05 05:50:00,-1447.876,2025-05-05 05:50:00
2025-05-05 05:55:00,-1483.906,2025-05-05 05:55:00
2025-05-05 06:00:00,-1499.906,2025-05-05 06:00:00
2025-05-05 06:05:00,-1471.926,2025-05-05 06:05:00
2025-05-05 06:10:00,-1639.916,2025-05-05 06:10:00
2025-05-05 06:15:00,-1515.906,2025-05-05 06:15:00
2025-05-05 06:20:00,-1759.916,2025-05-05 06:20:00
2025-05-05 06:25:00,-1999.896,2025-05-05 06:25:00
2025-05-05 06:30:00,-1635.916,2025-05-05 06:30:00
2025-05-05 06:35:00,-1839.926,2025-05-05 06:35:00
2025-05-05 06:40:00,-1723.886,2025-05-05 06:40:00
2025-05-05 06:45:00,-1751.896,2025-05-05 06:45:00
2025-05-05 06:50:00,-1587.926,2025-05-05 06:50:00
2025-05-05 06:55:00,-1615.926,2025-05-05 06:55:00
2025-05-05 07:00:00,-1899.896,2025-05-05 07:00:00
2025-05-05 07:05:00,-1823.886,2025-05-05 07:05:00
2025-05-05 07:10:00,-1583.896,2025-05-05 07:10:00
2025-05-05 07:15:00,-1383.886,2025-05-05 07:15:00
2025-05-05 07:20:00,-1659.916,2025-05-05 07:20:00
2025-05-05 07:25:00,-1751.926,2025-05-05 07:25:00
2025-05-05 07:30:00,-1779.896,2025-05-05 07:30:00
2025-05-05 07:35:00,-1639.936,2025-05-05 07:35:00
2025-05-05 07:40:00,-1483.846,2025-05-05 07:40:00
2025-05-05 07:45:00,-1455.886,2025-05-05 07:45:00
2025-05-05 07:50:00,-1743.936,2025-05-05 07:50:00
2025-05-05 07:55:00,-1483.916,2025-05-05 07:55:00
2025-05-05 08:00:00,9000.0,2025-05-05 08:00:00
2025-05-05 08:05:00,9000.0,2025-05-05 08:05:00
2025-05-05 08:10:00,9000.0,2025-05-05 08:10:00
2025-05-05 08:15:00,9000.0,2025-05-05 08:15:00
2025-05-05 08:20:00,9000.0,2025-05-05 08:20:00
2025-05-05 08:25:00,9000.0,2025-05-05 08:25:00
2025-05-05 08:30:00,9000.0,2025-05-05 08:30:00
2025-05-05 08:35:00,9000.0,2025-05-05 08:35:00
2025-05-05 08:40:00,9000.0,2025-05-05 08:40:00
2025-05-05 08:45:00,9000.0,2025-05-05 08:45:00
2025-05-05 08:50:00,9000.0,2025-05-05 08:50:00
2025-05-05 08:55:00,9000.0,2025-05-05 08:55:00
2025-05-05 09:00:00,9000.0,2025-05-05 09:00:00
2025-05-05 09:05:00,9000.0,2025-05-05 09:05:00
2025-05-05 09:10:00,9000.0,2025-05-05 09:10:00
2025-05-05 09:15:00,9000.0,2025-05-05 09:15:00
2025-05-05 09:20:00,8999.999,2025-05-05 09:20:00
2025-05-05 09:25:00,8999.998,2025-05-05 09:25:00
2025-05-05 09:30:00,5473.157,2025-05-05 09:30:00
2025-05-05 09:35:00,0.0,2025-05-05 09:35:00
2025-05-05 09:40:00,0.0,2025-05-05 09:40:00
2025-05-05 09:45:00,0.0,2025-05-05 09:45:00
2025-05-05 09:50:00,0.0,2025-05-05 09:50:00
2025-05-05 09:55:00,0.0,2025-05-05 09:55:00
2025-05-05 10:00:00,0.0,2025-05-05 10:00:00
2025-05-05 10:05:00,0.0,2025-05-05 10:05:00
2025-05-05 10:10:00,0.0,2025-05-05 10:10:00
2025-05-05 10:15:00,0.0,2025-05-05 10:15:00
2025-05-05 10:20:00,0.0,2025-05-05 10:20:00
2025-05-05 10:25:00,0.0,2025-05-05 10:25:00
2025-05-05 10:30:00,0.0,2025-05-05 10:30:00
2025-05-05 10:35:00,0.0,2025-05-05 10:35:00
2025-05-05 10:40:00,0.0,2025-05-05 10:40:00
2025-05-05 10:45:00,0.0,2025-05-05 10:45:00
2025-05-05 10:50:00,0.0,2025-05-05 10:50:00
2025-05-05 10:55:00,0.0,2025-05-05 10:55:00
2025-05-05 11:00:00,-1651.926,2025-05-05 11:00:00
2025-05-05 11:05:00,-1387.916,2025-05-05 11:05:00
2025-05-05 11:10:00,-1543.876,2025-05-05 11:10:00
2025-05-05 11:15:00,-1471.886,2025-05-05 11:15:00
2025-05-05 11:20:00,-1643.916,2025-05-05 11:20:00
2025-05-05 11:25:00,-1403.926,2025-05-05 11:25:00
2025-05-05 11:30:00,-1503.896,2025-05-05 11:30:00
2025-05-05 11:35:00,-1591.916,2025-05-05 11:35:00
2025-05-05 11:40:00,-1499.916,2025-05-05 11:40:00
2025-05-05 11:45:00,-1443.926,2025-05-05 11:45:00
2025-05-05 11:50:00,-1627.856,2025-05-05 11:50:00
2025-05-05 11:55:00,-1603.886,2025-05-05 11:55:00
2025-05-05 12:00:00,-1495.886,2025-05-05 12:00:00
2025-05-05 12:05:00,-1419.936,2025-05-05 12:05:00
2025-05-05 12:10:00,-1475.916,2025-05-05 12:10:00
2025-05-05 12:15:00,-1467.916,2025-05-05 12:15:00
2025-05-05 12:20:00,-1431.896,2025-05-05 12:20:00
2025-05-05 12:25:00,-1475.926,2025-05-05 12:25:00
2025-05-05 12:30:00,-1567.906,2025-05-05 12:30:00
2025-05-05 12:35:00,-1379.896,2025-05-05 12:35:00
2025-05-05 12:40:00,-1503.896,2025-05-05 12:40:00
2025-05-05 12:45:00,-1507.906,2025-05-05 12:45:00
2025-05-05 12:50:00,-891.916,2025-05-05 12:50:00
2025-05-05 12:55:00,-1519.926,2025-05-05 12:55:00
2025-05-05 13:00:00,-1535.906,2025-05-05 13:00:00
2025-05-05 13:05:00,-1399.876,2025-05-05 13:05:00
2025-05-05 13:10:00,-1515.926,2025-05-05 13:10:00
2025-05-05 13:15:00,-1539.906,2025-05-05 13:15:00
2025-05-05 13:20:00,-1459.906,2025-05-05 13:20:00
2025-05-05 13:25:00,-1411.926,2025-05-05 13:25:00
2025-05-05 13:30:00,-1511.906,2025-05-05 13:30:00
2025-05-05 13:35:00,-1631.906,2025-05-05 13:35:00
2025-05-05 13:40:00,-1515.886,2025-05-05 13:40:00
2025-05-05 13:45:00,-1367.886,2025-05-05 13:45:00
2025-05-05 13:50:00,-1343.896,2025-05-05 13:50:00
2025-05-05 13:55:00,-1531.906,2025-05-05 13:55:00
2025-05-05 14:00:00,-1375.926,2025-05-05 14:00:00
2025-05-05 14:05:00,-1379.906,2025-05-05 14:05:00
2025-05-05 14:10:00,-1475.906,2025-05-05 14:10:00
2025-05-05 14:15:00,-1395.886,2025-05-05 14:15:00
2025-05-05 14:20:00,-1423.926,2025-05-05 14:20:00
2025-05-05 14:25:00,-1339.896,2025-05-05 14:25:00
2025-05-05 14:30:00,-1443.876,2025-05-05 14:30:00
2025-05-05 14:35:00,-1471.906,2025-05-05 14:35:00
2025-05-05 14:40:00,-1515.876,2025-05-05 14:40:00
2025-05-05 14:45:00,-1335.896,2025-05-05 14:45:00
2025-05-05 14:50:00,-1451.896,2025-05-05 14:50:00
2025-05-05 14:55:00,-1379.906,2025-05-05 14:55:00
2025-05-05 15:00:00,-1187.896,2025-05-05 15:00:00
2025-05-05 15:05:00,-1299.886,2025-05-05 15:05:00
2025-05-05 15:10:00,-1263.896,2025-05-05 15:10:00
2025-05-05 15:15:00,-1503.916,2025-05-05 15:15:00
2025-05-05 15:20:00,-1467.896,2025-05-05 15:20:00
2025-05-05 15:25:00,-1311.896,2025-05-05 15:25:00
2025-05-05 15:30:00,-1315.916,2025-05-05 15:30:00
2025-05-05 15:35:00,-1251.906,2025-05-05 15:35:00
2025-05-05 15:40:00,-1311.886,2025-05-05 15:40:00
2025-05-05 15:45:00,-1355.896,2025-05-05 15:45:00
2025-05-05 15:50:00,-1275.906,2025-05-05 15:50:00
2025-05-05 15:55:00,-1291.886,2025-05-05 15:55:00
2025-05-05 16:00:00,-1311.896,2025-05-05 16:00:00
2025-05-05 16:05:00,-1283.896,2025-05-05 16:05:00
2025-05-05 16:10:00,-1547.936,2025-05-05 16:10:00
2025-05-05 16:15:00,-1335.886,2025-05-05 16:15:00
2025-05-05 16:20:00,-1263.896,2025-05-05 16:20:00
2025-05-05 16:25:00,-1539.896,2025-05-05 16:25:00
2025-05-05 16:30:00,-1339.896,2025-05-05 16:30:00
2025-05-05 16:35:00,-1311.896,2025-05-05 16:35:00
2025-05-05 16:40:00,-1379.896,2025-05-05 16:40:00
2025-05-05 16:45:00,-1387.886,2025-05-05 16:45:00
2025-05-05 16:50:00,-1455.906,2025-05-05 16:50:00
2025-05-05 16:55:00,-1475.916,2025-05-05 16:55:00
2025-05-05 17:00:00,-1503.896,2025-05-05 17:00:00
2025-05-05 17:05:00,-1311.896,2025-05-05 17:05:00
2025-05-05 17:10:00,-1335.896,2025-05-05 17:10:00
2025-05-05 17:15:00,-1443.926,2025-05-05 17:15:00
2025-05-05 17:20:00,-1519.906,2025-05-05 17:20:00
2025-05-05 17:25:00,-1531.926,2025-05-05 17:25:00
2025-05-05 17:30:00,-1175.896,2025-05-05 17:30:00
2025-05-05 17:35:00,-1483.926,2025-05-05 17:35:00
2025-05-05 17:40:00,-1363.926,2025-05-05 17:40:00
2025-05-05 17:45:00,-1183.846,2025-05-05 17:45:00
2025-05-05 17:50:00,-1307.906,2025-05-05 17:50:00
2025-05-05 17:55:00,-1611.896,2025-05-05 17:55:00
2025-05-05 18:00:00,9000.0,2025-05-05 18:00:00
2025-05-05 18:05:00,9000.0,2025-05-05 18:05:00
2025-05-05 18:10:00,9000.0,2025-05-05 18:10:00
2025-05-05 18:15:00,9000.0,2025-05-05 18:15:00
2025-05-05 18:20:00,9000.0,2025-05-05 18:20:00
2025-05-05 18:25:00,9000.0,2025-05-05 18:25:00
2025-05-05 18:30:00,9000.0,2025-05-05 18:30:00
2025-05-05 18:35:00,9000.0,2025-05-05 18:35:00
2025-05-05 18:40:00,9000.0,2025-05-05 18:40:00
2025-05-05 18:45:00,8999.999,2025-05-05 18:45:00
2025-05-05 18:50:00,8999.999,2025-05-05 18:50:00
2025-05-05 18:55:00,5460.315,2025-05-05 18:55:00
2025-05-05 19:00:00,0.0,2025-05-05 19:00:00
2025-05-05 19:05:00,0.0,2025-05-05 19:05:00
2025-05-05 19:10:00,0.0,2025-05-05 19:10:00
2025-05-05 19:15:00,0.0,2025-05-05 19:15:00
2025-05-05 19:20:00,0.0,2025-05-05 19:20:00
2025-05-05 19:25:00,0.0,2025-05-05 19:25:00
2025-05-05 19:30:00,0.0,2025-05-05 19:30:00
2025-05-05 19:35:00,0.0,2025-05-05 19:35:00
2025-05-05 19:40:00,0.0,2025-05-05 19:40:00
2025-05-05 19:45:00,0.0,2025-05-05 19:45:00
2025-05-05 19:50:00,0.0,2025-05-05 19:50:00
2025-05-05 19:55:00,0.0,2025-05-05 19:55:00
2025-05-05 20:00:00,0.0,2025-05-05 20:00:00
2025-05-05 20:05:00,0.0,2025-05-05 20:05:00
2025-05-05 20:10:00,0.0,2025-05-05 20:10:00
2025-05-05 20:15:00,0.0,2025-05-05 20:15:00
2025-05-05 20:20:00,0.0,2025-05-05 20:20:00
2025-05-05 20:25:00,0.0,2025-05-05 20:25:00
2025-05-05 20:30:00,0.0,2025-05-05 20:30:00
2025-05-05 20:35:00,0.0,2025-05-05 20:35:00
2025-05-05 20:40:00,0.0,2025-05-05 20:40:00
2025-05-05 20:45:00,0.0,2025-05-05 20:45:00
2025-05-05 20:50:00,0.0,2025-05-05 20:50:00
2025-05-05 20:55:00,0.0,2025-05-05 20:55:00
2025-05-05 21:00:00,0.0,2025-05-05 21:00:00
2025-05-05 21:05:00,0.0,2025-05-05 21:05:00
2025-05-05 21:10:00,0.0,2025-05-05 21:10:00
2025-05-05 21:15:00,0.0,2025-05-05 21:15:00
2025-05-05 21:20:00,0.0,2025-05-05 21:20:00
2025-05-05 21:25:00,0.0,2025-05-05 21:25:00
2025-05-05 21:30:00,0.0,2025-05-05 21:30:00
2025-05-05 21:35:00,0.0,2025-05-05 21:35:00
2025-05-05 21:40:00,0.0,2025-05-05 21:40:00
2025-05-05 21:45:00,0.0,2025-05-05 21:45:00
2025-05-05 21:50:00,0.0,2025-05-05 21:50:00
2025-05-05 21:55:00,0.0,2025-05-05 21:55:00
2025-05-05 22:00:00,-1575.866,2025-05-05 22:00:00
2025-05-05 22:05:00,-1635.866,2025-05-05 22:05:00
2025-05-05 22:10:00,-1683.886,2025-05-05 22:10:00
2025-05-05 22:15:00,-1627.906,2025-05-05 22:15:00
2025-05-05 22:20:00,-1331.896,2025-05-05 22:20:00
2025-05-05 22:25:00,-1363.916,2025-05-05 22:25:00
2025-05-05 22:30:00,-1467.926,2025-05-05 22:30:00
2025-05-05 22:35:00,-1299.886,2025-05-05 22:35:00
2025-05-05 22:40:00,-1343.916,2025-05-05 22:40:00
2025-05-05 22:45:00,-1363.906,2025-05-05 22:45:00
2025-05-05 22:50:00,-1351.876,2025-05-05 22:50:00
2025-05-05 22:55:00,-1431.886,2025-05-05 22:55:00
2025-05-05 23:00:00,-1239.896,2025-05-05 23:00:00
2025-05-05 23:05:00,-1179.896,2025-05-05 23:05:00
2025-05-05 23:10:00,-1199.926,2025-05-05 23:10:00
2025-05-05 23:15:00,-1183.926,2025-05-05 23:15:00
2025-05-05 23:20:00,-1411.896,2025-05-05 23:20:00
2025-05-05 23:25:00,-1263.886,2025-05-05 23:25:00
2025-05-05 23:30:00,-1343.906,2025-05-05 23:30:00
2025-05-05 23:35:00,-1251.876,2025-05-05 23:35:00
2025-05-05 23:40:00,-1255.886,2025-05-05 23:40:00
2025-05-05 23:45:00,-1215.896,2025-05-05 23:45:00
2025-05-05 23:50:00,-1543.876,2025-05-05 23:50:00
2025-05-05 23:55:00,-1411.866,2025-05-05 23:55:00
2025-05-06 00:00:00,-1251.846,2025-05-06 00:00:00
2025-05-06 00:05:00,-1183.896,2025-05-06 00:05:00
2025-05-06 00:10:00,-1363.896,2025-05-06 00:10:00
2025-05-06 00:15:00,-1555.916,2025-05-06 00:15:00
2025-05-06 00:20:00,-1747.886,2025-05-06 00:20:00
2025-05-06 00:25:00,-1383.916,2025-05-06 00:25:00
2025-05-06 00:30:00,-1451.906,2025-05-06 00:30:00
2025-05-06 00:35:00,-1483.916,2025-05-06 00:35:00
2025-05-06 00:40:00,-1543.906,2025-05-06 00:40:00
2025-05-06 00:45:00,-1627.906,2025-05-06 00:45:00
2025-05-06 00:50:00,-1587.886,2025-05-06 00:50:00
2025-05-06 00:55:00,-1443.876,2025-05-06 00:55:00
2025-05-06 01:00:00,-1527.926,2025-05-06 01:00:00
2025-05-06 01:05:00,-1703.886,2025-05-06 01:05:00
2025-05-06 01:10:00,-1639.876,2025-05-06 01:10:00
2025-05-06 01:15:00,-1599.906,2025-05-06 01:15:00
2025-05-06 01:20:00,-1591.916,2025-05-06 01:20:00
2025-05-06 01:25:00,-1591.896,2025-05-06 01:25:00
2025-05-06 01:30:00,-1487.896,2025-05-06 01:30:00
2025-05-06 01:35:00,-1391.876,2025-05-06 01:35:00
2025-05-06 01:40:00,-1291.916,2025-05-06 01:40:00
2025-05-06 01:45:00,-1311.856,2025-05-06 01:45:00
2025-05-06 01:50:00,-1431.896,2025-05-06 01:50:00
2025-05-06 01:55:00,-1351.926,2025-05-06 01:55:00
2025-05-06 02:00:00,-1399.906,2025-05-06 02:00:00
2025-05-06 02:05:00,-1255.876,2025-05-06 02:05:00
2025-05-06 02:10:00,-1415.866,2025-05-06 02:10:00
2025-05-06 02:15:00,-1347.896,2025-05-06 02:15:00
2025-05-06 02:20:00,-1347.866,2025-05-06 02:20:00
2025-05-06 02:25:00,-1371.896,2025-05-06 02:25:00
2025-05-06 02:30:00,-1323.906,2025-05-06 02:30:00
2025-05-06 02:35:00,-1307.906,2025-05-06 02:35:00
2025-05-06 02:40:00,-1399.876,2025-05-06 02:40:00
2025-05-06 02:45:00,-1363.916,2025-05-06 02:45:00
2025-05-06 02:50:00,-1315.896,2025-05-06 02:50:00
2025-05-06 02:55:00,-1499.916,2025-05-06 02:55:00
2025-05-06 03:00:00,-1239.876,2025-05-06 03:00:00
2025-05-06 03:05:00,-1327.866,2025-05-06 03:05:00
2025-05-06 03:10:00,-1291.876,2025-05-06 03:10:00
2025-05-06 03:15:00,-1399.886,2025-05-06 03:15:00
2025-05-06 03:20:00,-1363.896,2025-05-06 03:20:00
2025-05-06 03:25:00,-1395.906,2025-05-06 03:25:00
2025-05-06 03:30:00,-1571.916,2025-05-06 03:30:00
2025-05-06 03:35:00,-1615.816,2025-05-06 03:35:00
2025-05-06 03:40:00,-1455.916,2025-05-06 03:40:00
2025-05-06 03:45:00,-1399.886,2025-05-06 03:45:00
2025-05-06 03:50:00,-1567.906,2025-05-06 03:50:00
2025-05-06 03:55:00,-1539.896,2025-05-06 03:55:00
2025-05-06 04:00:00,-1519.906,2025-05-06 04:00:00
2025-05-06 04:05:00,-1299.906,2025-05-06 04:05:00
2025-05-06 04:10:00,-1479.916,2025-05-06 04:10:00
2025-05-06 04:15:00,-1519.866,2025-05-06 04:15:00
2025-05-06 04:20:00,-1299.866,2025-05-06 04:20:00
2025-05-06 04:25:00,-1671.896,2025-05-06 04:25:00
2025-05-06 04:30:00,-1363.896,2025-05-06 04:30:00
2025-05-06 04:35:00,-1523.896,2025-05-06 04:35:00
2025-05-06 04:40:00,-1367.906,2025-05-06 04:40:00
2025-05-06 04:45:00,-1855.906,2025-05-06 04:45:00
2025-05-06 04:50:00,-1435.906,2025-05-06 04:50:00
2025-05-06 04:55:00,-1371.896,2025-05-06 04:55:00
2025-05-06 05:00:00,-1455.886,2025-05-06 05:00:00
2025-05-06 05:05:00,-1367.886,2025-05-06 05:05:00
2025-05-06 05:10:00,-1263.876,2025-05-06 05:10:00
2025-05-06 05:15:00,-1391.896,2025-05-06 05:15:00
2025-05-06 05:20:00,-1575.846,2025-05-06 05:20:00
2025-05-06 05:25:00,-1411.886,2025-05-06 05:25:00
2025-05-06 05:30:00,-1403.886,2025-05-06 05:30:00
2025-05-06 05:35:00,-1303.886,2025-05-06 05:35:00
2025-05-06 05:40:00,-1327.846,2025-05-06 05:40:00
2025-05-06 05:45:00,-1431.926,2025-05-06 05:45:00
2025-05-06 05:50:00,-1531.896,2025-05-06 05:50:00
2025-05-06 05:55:00,-1415.886,2025-05-06 05:55:00
2025-05-06 06:00:00,-1311.856,2025-05-06 06:00:00
2025-05-06 06:05:00,-1491.906,2025-05-06 06:05:00
2025-05-06 06:10:00,-1423.896,2025-05-06 06:10:00
2025-05-06 06:15:00,-1407.926,2025-05-06 06:15:00
2025-05-06 06:20:00,-1507.896,2025-05-06 06:20:00
2025-05-06 06:25:00,-1395.896,2025-05-06 06:25:00
2025-05-06 06:30:00,-1423.906,2025-05-06 06:30:00
2025-05-06 06:35:00,-1391.866,2025-05-06 06:35:00
2025-05-06 06:40:00,-1411.916,2025-05-06 06:40:00
2025-05-06 06:45:00,-1379.876,2025-05-06 06:45:00
2025-05-06 06:50:00,-1407.916,2025-05-06 06:50:00
2025-05-06 06:55:00,-1459.896,2025-05-06 06:55:00
2025-05-06 07:00:00,-1595.866,2025-05-06 07:00:00
2025-05-06 07:05:00,-1615.876,2025-05-06 07:05:00
2025-05-06 07:10:00,-1455.906,2025-05-06 07:10:00
2025-05-06 07:15:00,-1575.896,2025-05-06 07:15:00
2025-05-06 07:20:00,-1575.856,2025-05-06 07:20:00
2025-05-06 07:25:00,-1635.896,2025-05-06 07:25:00
2025-05-06 07:30:00,-1531.896,2025-05-06 07:30:00
2025-05-06 07:35:00,-1687.926,2025-05-06 07:35:00
2025-05-06 07:40:00,-1707.926,2025-05-06 07:40:00
2025-05-06 07:45:00,-1631.876,2025-05-06 07:45:00
2025-05-06 07:50:00,-1459.926,2025-05-06 07:50:00
2025-05-06 07:55:00,-1611.886,2025-05-06 07:55:00
2025-05-06 08:00:00,9000.0,2025-05-06 08:00:00
2025-05-06 08:05:00,9000.0,2025-05-06 08:05:00
2025-05-06 08:10:00,9000.0,2025-05-06 08:10:00
2025-05-06 08:15:00,9000.0,2025-05-06 08:15:00
2025-05-06 08:20:00,9000.0,2025-05-06 08:20:00
2025-05-06 08:25:00,9000.0,2025-05-06 08:25:00
2025-05-06 08:30:00,9000.0,2025-05-06 08:30:00
2025-05-06 08:35:00,9000.0,2025-05-06 08:35:00
2025-05-06 08:40:00,9000.0,2025-05-06 08:40:00
2025-05-06 08:45:00,9000.0,2025-05-06 08:45:00
2025-05-06 08:50:00,9000.0,2025-05-06 08:50:00
2025-05-06 08:55:00,9000.0,2025-05-06 08:55:00
2025-05-06 09:00:00,9000.0,2025-05-06 09:00:00
2025-05-06 09:05:00,9000.0,2025-05-06 09:05:00
2025-05-06 09:10:00,9000.0,2025-05-06 09:10:00
2025-05-06 09:15:00,8999.999,2025-05-06 09:15:00
2025-05-06 09:20:00,6981.03,2025-05-06 09:20:00
2025-05-06 09:25:00,0.0,2025-05-06 09:25:00
2025-05-06 09:30:00,0.0,2025-05-06 09:30:00
2025-05-06 09:35:00,0.0,2025-05-06 09:35:00
2025-05-06 09:40:00,0.0,2025-05-06 09:40:00
2025-05-06 09:45:00,0.0,2025-05-06 09:45:00
2025-05-06 09:50:00,0.0,2025-05-06 09:50:00
2025-05-06 09:55:00,0.0,2025-05-06 09:55:00
2025-05-06 10:00:00,0.0,2025-05-06 10:00:00
2025-05-06 10:05:00,0.0,2025-05-06 10:05:00
2025-05-06 10:10:00,0.0,2025-05-06 10:10:00
2025-05-06 10:15:00,0.0,2025-05-06 10:15:00
2025-05-06 10:20:00,0.0,2025-05-06 10:20:00
2025-05-06 10:25:00,0.0,2025-05-06 10:25:00
2025-05-06 10:30:00,0.0,2025-05-06 10:30:00
2025-05-06 10:35:00,0.0,2025-05-06 10:35:00
2025-05-06 10:40:00,0.0,2025-05-06 10:40:00
2025-05-06 10:45:00,0.0,2025-05-06 10:45:00
2025-05-06 10:50:00,0.0,2025-05-06 10:50:00
2025-05-06 10:55:00,0.0,2025-05-06 10:55:00
2025-05-06 11:00:00,-1387.926,2025-05-06 11:00:00
2025-05-06 11:05:00,-1559.896,2025-05-06 11:05:00
2025-05-06 11:10:00,-1459.906,2025-05-06 11:10:00
2025-05-06 11:15:00,-1571.876,2025-05-06 11:15:00
2025-05-06 11:20:00,-1555.886,2025-05-06 11:20:00
2025-05-06 11:25:00,-1511.906,2025-05-06 11:25:00
2025-05-06 11:30:00,-1551.846,2025-05-06 11:30:00
2025-05-06 11:35:00,-1439.876,2025-05-06 11:35:00
2025-05-06 11:40:00,-1267.886,2025-05-06 11:40:00
2025-05-06 11:45:00,-1215.876,2025-05-06 11:45:00
2025-05-06 11:50:00,-1215.876,2025-05-06 11:50:00
2025-05-06 11:55:00,-1123.876,2025-05-06 11:55:00
2025-05-06 12:00:00,-1143.876,2025-05-06 12:00:00
2025-05-06 12:05:00,-1499.886,2025-05-06 12:05:00
2025-05-06 12:10:00,-1447.876,2025-05-06 12:10:00
2025-05-06 12:15:00,-1495.886,2025-05-06 12:15:00
2025-05-06 12:20:00,-1287.906,2025-05-06 12:20:00
2025-05-06 12:25:00,-1735.896,2025-05-06 12:25:00
2025-05-06 12:30:00,-1175.916,2025-05-06 12:30:00
2025-05-06 12:35:00,-1263.876,2025-05-06 12:35:00
2025-05-06 12:40:00,-1215.876,2025-05-06 12:40:00
2025-05-06 12:45:00,-1195.916,2025-05-06 12:45:00
2025-05-06 12:50:00,-1223.896,2025-05-06 12:50:00
2025-05-06 12:55:00,-1319.906,2025-05-06 12:55:00
2025-05-06 13:00:00,-1155.866,2025-05-06 13:00:00
2025-05-06 13:05:00,-1407.866,2025-05-06 13:05:00
2025-05-06 13:10:00,-1207.926,2025-05-06 13:10:00
2025-05-06 13:15:00,-1459.896,2025-05-06 13:15:00
2025-05-06 13:20:00,-1383.946,2025-05-06 13:20:00
2025-05-06 13:25:00,-1283.906,2025-05-06 13:25:00
2025-05-06 13:30:00,-1575.886,2025-05-06 13:30:00
2025-05-06 13:35:00,-1603.866,2025-05-06 13:35:00
2025-05-06 13:40:00,-1703.906,2025-05-06 13:40:00
2025-05-06 13:45:00,-1615.886,2025-05-06 13:45:00
2025-05-06 13:50:00,-1651.916,2025-05-06 13:50:00
2025-05-06 13:55:00,-1655.886,2025-05-06 13:55:00
2025-05-06 14:00:00,-1611.906,2025-05-06 14:00:00
2025-05-06 14:05:00,-1331.886,2025-05-06 14:05:00
2025-05-06 14:10:00,-1407.926,2025-05-06 14:10:00
2025-05-06 14:15:00,-1395.906,2025-05-06 14:15:00
2025-05-06 14:20:00,-1411.916,2025-05-06 14:20:00
2025-05-06 14:25:00,-1671.866,2025-05-06 14:25:00
2025-05-06 14:30:00,-1459.876,2025-05-06 14:30:00
2025-05-06 14:35:00,-1411.846,2025-05-06 14:35:00
2025-05-06 14:40:00,-1443.936,2025-05-06 14:40:00
2025-05-06 14:45:00,-1467.886,2025-05-06 14:45:00
2025-05-06 14:50:00,-1483.926,2025-05-06 14:50:00
2025-05-06 14:55:00,-1631.926,2025-05-06 14:55:00
2025-05-06 15:00:00,-1663.916,2025-05-06 15:00:00
2025-05-06 15:05:00,-1647.896,2025-05-06 15:05:00
2025-05-06 15:10:00,-1551.926,2025-05-06 15:10:00
2025-05-06 15:15:00,-1523.896,2025-05-06 15:15:00
2025-05-06 15:20:00,-1591.906,2025-05-06 15:20:00
2025-05-06 15:25:00,-1527.886,2025-05-06 15:25:00
2025-05-06 15:30:00,-1531.946,2025-05-06 15:30:00
2025-05-06 15:35:00,-1383.896,2025-05-06 15:35:00
2025-05-06 15:40:00,-1387.886,2025-05-06 15:40:00
2025-05-06 15:45:00,-1407.896,2025-05-06 15:45:00
2025-05-06 15:50:00,-1447.916,2025-05-06 15:50:00
2025-05-06 15:55:00,-1503.876,2025-05-06 15:55:00
2025-05-06 16:00:00,-1419.926,2025-05-06 16:00:00
2025-05-06 16:05:00,-1527.926,2025-05-06 16:05:00
2025-05-06 16:10:00,-1579.896,2025-05-06 16:10:00
2025-05-06 16:15:00,-1447.876,2025-05-06 16:15:00
2025-05-06 16:20:00,-1503.916,2025-05-06 16:20:00
2025-05-06 16:25:00,-1551.906,2025-05-06 16:25:00
2025-05-06 16:30:00,-1607.886,2025-05-06 16:30:00
2025-05-06 16:35:00,-1723.846,2025-05-06 16:35:00
2025-05-06 16:40:00,-1699.926,2025-05-06 16:40:00
2025-05-06 16:45:00,-1979.946,2025-05-06 16:45:00
2025-05-06 16:50:00,-1995.906,2025-05-06 16:50:00
2025-05-06 16:55:00,-1971.906,2025-05-06 16:55:00
2025-05-06 17:00:00,-2023.866,2025-05-06 17:00:00
2025-05-06 17:05:00,-1859.866,2025-05-06 17:05:00
2025-05-06 17:10:00,-1691.906,2025-05-06 17:10:00
2025-05-06 17:15:00,-1679.906,2025-05-06 17:15:00
2025-05-06 17:20:00,-1651.886,2025-05-06 17:20:00
2025-05-06 17:25:00,-1639.866,2025-05-06 17:25:00
2025-05-06 17:30:00,-1735.886,2025-05-06 17:30:00
2025-05-06 17:35:00,-1743.886,2025-05-06 17:35:00
2025-05-06 17:40:00,-1771.906,2025-05-06 17:40:00
2025-05-06 17:45:00,-1743.886,2025-05-06 17:45:00
2025-05-06 17:50:00,-1651.886,2025-05-06 17:50:00
2025-05-06 17:55:00,-1739.926,2025-05-06 17:55:00
2025-05-06 18:00:00,9000.0,2025-05-06 18:00:00
2025-05-06 18:05:00,9000.0,2025-05-06 18:05:00
2025-05-06 18:10:00,9000.0,2025-05-06 18:10:00
2025-05-06 18:15:00,9000.0,2025-05-06 18:15:00
2025-05-06 18:20:00,9000.0,2025-05-06 18:20:00
2025-05-06 18:25:00,9000.0,2025-05-06 18:25:00
2025-05-06 18:30:00,9000.0,2025-05-06 18:30:00
2025-05-06 18:35:00,9000.0,2025-05-06 18:35:00
2025-05-06 18:40:00,9000.0,2025-05-06 18:40:00
2025-05-06 18:45:00,9000.0,2025-05-06 18:45:00
2025-05-06 18:50:00,9000.0,2025-05-06 18:50:00
2025-05-06 18:55:00,8999.999,2025-05-06 18:55:00
2025-05-06 19:00:00,3367.933,2025-05-06 19:00:00
2025-05-06 19:05:00,0.0,2025-05-06 19:05:00
2025-05-06 19:10:00,0.0,2025-05-06 19:10:00
2025-05-06 19:15:00,0.0,2025-05-06 19:15:00
2025-05-06 19:20:00,0.0,2025-05-06 19:20:00
2025-05-06 19:25:00,0.0,2025-05-06 19:25:00
2025-05-06 19:30:00,0.0,2025-05-06 19:30:00
2025-05-06 19:35:00,0.0,2025-05-06 19:35:00
2025-05-06 19:40:00,0.0,2025-05-06 19:40:00
2025-05-06 19:45:00,0.0,2025-05-06 19:45:00
2025-05-06 19:50:00,0.0,2025-05-06 19:50:00
2025-05-06 19:55:00,0.0,2025-05-06 19:55:00
2025-05-06 20:00:00,0.0,2025-05-06 20:00:00
2025-05-06 20:05:00,0.0,2025-05-06 20:05:00
2025-05-06 20:10:00,0.0,2025-05-06 20:10:00
2025-05-06 20:15:00,0.0,2025-05-06 20:15:00
2025-05-06 20:20:00,0.0,2025-05-06 20:20:00
2025-05-06 20:25:00,0.0,2025-05-06 20:25:00
2025-05-06 20:30:00,0.0,2025-05-06 20:30:00
2025-05-06 20:35:00,0.0,2025-05-06 20:35:00
2025-05-06 20:40:00,0.0,2025-05-06 20:40:00
2025-05-06 20:45:00,0.0,2025-05-06 20:45:00
2025-05-06 20:50:00,0.0,2025-05-06 20:50:00
2025-05-06 20:55:00,0.0,2025-05-06 20:55:00
2025-05-06 21:00:00,0.0,2025-05-06 21:00:00
2025-05-06 21:05:00,0.0,2025-05-06 21:05:00
2025-05-06 21:10:00,0.0,2025-05-06 21:10:00
2025-05-06 21:15:00,0.0,2025-05-06 21:15:00
2025-05-06 21:20:00,0.0,2025-05-06 21:20:00
2025-05-06 21:25:00,0.0,2025-05-06 21:25:00
2025-05-06 21:30:00,0.0,2025-05-06 21:30:00
2025-05-06 21:35:00,0.0,2025-05-06 21:35:00
2025-05-06 21:40:00,0.0,2025-05-06 21:40:00
2025-05-06 21:45:00,0.0,2025-05-06 21:45:00
2025-05-06 21:50:00,0.0,2025-05-06 21:50:00
2025-05-06 21:55:00,0.0,2025-05-06 21:55:00
2025-05-06 22:00:00,-1535.876,2025-05-06 22:00:00
2025-05-06 22:05:00,-1495.896,2025-05-06 22:05:00
2025-05-06 22:10:00,-1587.916,2025-05-06 22:10:00
2025-05-06 22:15:00,-1427.886,2025-05-06 22:15:00
2025-05-06 22:20:00,-1443.946,2025-05-06 22:20:00
2025-05-06 22:25:00,-1459.936,2025-05-06 22:25:00
2025-05-06 22:30:00,-1519.896,2025-05-06 22:30:00
2025-05-06 22:35:00,-1539.926,2025-05-06 22:35:00
2025-05-06 22:40:00,-1447.896,2025-05-06 22:40:00
2025-05-06 22:45:00,-1463.926,2025-05-06 22:45:00
2025-05-06 22:50:00,-1423.916,2025-05-06 22:50:00
2025-05-06 22:55:00,-1551.936,2025-05-06 22:55:00
2025-05-06 23:00:00,-1523.896,2025-05-06 23:00:00
2025-05-06 23:05:00,-1495.896,2025-05-06 23:05:00
2025-05-06 23:10:00,-1523.906,2025-05-06 23:10:00
2025-05-06 23:15:00,-1539.936,2025-05-06 23:15:00
2025-05-06 23:20:00,-1479.896,2025-05-06 23:20:00
2025-05-06 23:25:00,-1507.906,2025-05-06 23:25:00
2025-05-06 23:30:00,-1451.876,2025-05-06 23:30:00
2025-05-06 23:35:00,-1407.886,2025-05-06 23:35:00
2025-05-06 23:40:00,-1483.906,2025-05-06 23:40:00
2025-05-06 23:45:00,-1359.926,2025-05-06 23:45:00
2025-05-06 23:50:00,-1455.906,2025-05-06 23:50:00
2025-05-06 23:55:00,-1463.906,2025-05-06 23:55:00
2025-05-07 00:00:00,-1443.906,2025-05-07 00:00:00
2025-05-07 00:05:00,-1359.916,2025-05-07 00:05:00
2025-05-07 00:10:00,-1431.896,2025-05-07 00:10:00
2025-05-07 00:15:00,-1383.866,2025-05-07 00:15:00
2025-05-07 00:20:00,-1403.876,2025-05-07 00:20:00
2025-05-07 00:25:00,-1659.896,2025-05-07 00:25:00
2025-05-07 00:30:00,-1691.936,2025-05-07 00:30:00
2025-05-07 00:35:00,-1687.916,2025-05-07 00:35:00
2025-05-07 00:40:00,-1267.876,2025-05-07 00:40:00
2025-05-07 00:45:00,-1447.926,2025-05-07 00:45:00
2025-05-07 00:50:00,-1371.916,2025-05-07 00:50:00
2025-05-07 00:55:00,-1427.886,2025-05-07 00:55:00
2025-05-07 01:00:00,-1455.916,2025-05-07 01:00:00
2025-05-07 01:05:00,-1407.896,2025-05-07 01:05:00
2025-05-07 01:10:00,-1479.906,2025-05-07 01:10:00
2025-05-07 01:15:00,-1551.896,2025-05-07 01:15:00
2025-05-07 01:20:00,-1723.906,2025-05-07 01:20:00
2025-05-07 01:25:00,-1511.876,2025-05-07 01:25:00
2025-05-07 01:30:00,-1531.896,2025-05-07 01:30:00
2025-05-07 01:35:00,-1719.926,2025-05-07 01:35:00
2025-05-07 01:40:00,-1835.916,2025-05-07 01:40:00
2025-05-07 01:45:00,-1763.896,2025-05-07 01:45:00
2025-05-07 01:50:00,-2059.926,2025-05-07 01:50:00
2025-05-07 01:55:00,-1879.916,2025-05-07 01:55:00
2025-05-07 02:00:00,-1899.926,2025-05-07 02:00:00
2025-05-07 02:05:00,-1935.846,2025-05-07 02:05:00
2025-05-07 02:10:00,-1983.906,2025-05-07 02:10:00
2025-05-07 02:15:00,-1783.916,2025-05-07 02:15:00
2025-05-07 02:20:00,-1823.906,2025-05-07 02:20:00
2025-05-07 02:25:00,-1811.886,2025-05-07 02:25:00
2025-05-07 02:30:00,-1799.896,2025-05-07 02:30:00
2025-05-07 02:35:00,-1683.906,2025-05-07 02:35:00
2025-05-07 02:40:00,-1711.916,2025-05-07 02:40:00
2025-05-07 02:45:00,-1627.856,2025-05-07 02:45:00
2025-05-07 02:50:00,-1463.916,2025-05-07 02:50:00
2025-05-07 02:55:00,-1427.896,2025-05-07 02:55:00
2025-05-07 03:00:00,-1579.906,2025-05-07 03:00:00
2025-05-07 03:05:00,-1559.876,2025-05-07 03:05:00
2025-05-07 03:10:00,-1363.916,2025-05-07 03:10:00
2025-05-07 03:15:00,-1419.896,2025-05-07 03:15:00
2025-05-07 03:20:00,-1559.926,2025-05-07 03:20:00
2025-05-07 03:25:00,-1455.906,2025-05-07 03:25:00
2025-05-07 03:30:00,-1391.866,2025-05-07 03:30:00
2025-05-07 03:35:00,-1463.906,2025-05-07 03:35:00
2025-05-07 03:40:00,-1391.866,2025-05-07 03:40:00
2025-05-07 03:45:00,-1483.906,2025-05-07 03:45:00
2025-05-07 03:50:00,-1459.926,2025-05-07 03:50:00
2025-05-07 03:55:00,-1375.916,2025-05-07 03:55:00
2025-05-07 04:00:00,-1515.926,2025-05-07 04:00:00
2025-05-07 04:05:00,-1467.896,2025-05-07 04:05:00
2025-05-07 04:10:00,-1511.906,2025-05-07 04:10:00
2025-05-07 04:15:00,-1431.896,2025-05-07 04:15:00
2025-05-07 04:20:00,-1423.896,2025-05-07 04:20:00
2025-05-07 04:25:00,-1363.916,2025-05-07 04:25:00
2025-05-07 04:30:00,-1503.906,2025-05-07 04:30:00
2025-05-07 04:35:00,-1567.886,2025-05-07 04:35:00
2025-05-07 04:40:00,-1615.896,2025-05-07 04:40:00
2025-05-07 04:45:00,-1415.906,2025-05-07 04:45:00
2025-05-07 04:50:00,-1675.906,2025-05-07 04:50:00
2025-05-07 04:55:00,-1559.916,2025-05-07 04:55:00
2025-05-07 05:00:00,-1527.906,2025-05-07 05:00:00
2025-05-07 05:05:00,-1715.896,2025-05-07 05:05:00
2025-05-07 05:10:00,-1483.906,2025-05-07 05:10:00
2025-05-07 05:15:00,-1607.906,2025-05-07 05:15:00
2025-05-07 05:20:00,-1483.886,2025-05-07 05:20:00
2025-05-07 05:25:00,-1743.876,2025-05-07 05:25:00
2025-05-07 05:30:00,-1511.876,2025-05-07 05:30:00
2025-05-07 05:35:00,-1763.916,2025-05-07 05:35:00
2025-05-07 05:40:00,-1851.896,2025-05-07 05:40:00
2025-05-07 05:45:00,-1451.906,2025-05-07 05:45:00
2025-05-07 05:50:00,-1395.896,2025-05-07 05:50:00
2025-05-07 05:55:00,-1519.886,2025-05-07 05:55:00
2025-05-07 06:00:00,-1479.896,2025-05-07 06:00:00
2025-05-07 06:05:00,-1463.846,2025-05-07 06:05:00
2025-05-07 06:10:00,-1491.866,2025-05-07 06:10:00
2025-05-07 06:15:00,-1487.846,2025-05-07 06:15:00
2025-05-07 06:20:00,-1443.866,2025-05-07 06:20:00
2025-05-07 06:25:00,-1527.896,2025-05-07 06:25:00
2025-05-07 06:30:00,-1455.806,2025-05-07 06:30:00
2025-05-07 06:35:00,-1511.826,2025-05-07 06:35:00
2025-05-07 06:40:00,-1483.836,2025-05-07 06:40:00
2025-05-07 06:45:00,-1639.876,2025-05-07 06:45:00
2025-05-07 06:50:00,-1411.836,2025-05-07 06:50:00
2025-05-07 06:55:00,-1599.856,2025-05-07 06:55:00
2025-05-07 07:00:00,-1403.876,2025-05-07 07:00:00
2025-05-07 07:05:00,-1443.866,2025-05-07 07:05:00
2025-05-07 07:10:00,-1407.876,2025-05-07 07:10:00
2025-05-07 07:15:00,-1435.896,2025-05-07 07:15:00
2025-05-07 07:20:00,-1723.866,2025-05-07 07:20:00
2025-05-07 07:25:00,-1515.856,2025-05-07 07:25:00
2025-05-07 07:30:00,-1463.866,2025-05-07 07:30:00
2025-05-07 07:35:00,-1491.886,2025-05-07 07:35:00
2025-05-07 07:40:00,-1515.886,2025-05-07 07:40:00
2025-05-07 07:45:00,-1551.886,2025-05-07 07:45:00
2025-05-07 07:50:00,-1651.896,2025-05-07 07:50:00
2025-05-07 07:55:00,-1623.916,2025-05-07 07:55:00
2025-05-07 08:00:00,9000.0,2025-05-07 08:00:00
2025-05-07 08:05:00,9000.0,2025-05-07 08:05:00
2025-05-07 08:10:00,9000.0,2025-05-07 08:10:00
2025-05-07 08:15:00,9000.0,2025-05-07 08:15:00
2025-05-07 08:20:00,9000.0,2025-05-07 08:20:00
2025-05-07 08:25:00,9000.0,2025-05-07 08:25:00
2025-05-07 08:30:00,9000.0,2025-05-07 08:30:00
2025-05-07 08:35:00,9000.0,2025-05-07 08:35:00
2025-05-07 08:40:00,9000.0,2025-05-07 08:40:00
2025-05-07 08:45:00,9000.0,2025-05-07 08:45:00
2025-05-07 08:50:00,9000.0,2025-05-07 08:50:00
2025-05-07 08:55:00,9000.0,2025-05-07 08:55:00
2025-05-07 09:00:00,9000.0,2025-05-07 09:00:00
2025-05-07 09:05:00,9000.0,2025-05-07 09:05:00
2025-05-07 09:10:00,9000.0,2025-05-07 09:10:00
2025-05-07 09:15:00,9000.0,2025-05-07 09:15:00
2025-05-07 09:20:00,9000.0,2025-05-07 09:20:00
2025-05-07 09:25:00,8602.142,2025-05-07 09:25:00
2025-05-07 09:30:00,0.0,2025-05-07 09:30:00
2025-05-07 09:35:00,0.0,2025-05-07 09:35:00
2025-05-07 09:40:00,0.0,2025-05-07 09:40:00
2025-05-07 09:45:00,0.0,2025-05-07 09:45:00
2025-05-07 09:50:00,0.0,2025-05-07 09:50:00
2025-05-07 09:55:00,0.0,2025-05-07 09:55:00
2025-05-07 10:00:00,0.0,2025-05-07 10:00:00
2025-05-07 10:05:00,0.0,2025-05-07 10:05:00
2025-05-07 10:10:00,0.0,2025-05-07 10:10:00
2025-05-07 10:15:00,0.0,2025-05-07 10:15:00
2025-05-07 10:20:00,0.0,2025-05-07 10:20:00
2025-05-07 10:25:00,0.0,2025-05-07 10:25:00
2025-05-07 10:30:00,0.0,2025-05-07 10:30:00
2025-05-07 10:35:00,0.0,2025-05-07 10:35:00
2025-05-07 10:40:00,0.0,2025-05-07 10:40:00
2025-05-07 10:45:00,0.0,2025-05-07 10:45:00
2025-05-07 10:50:00,0.0,2025-05-07 10:50:00
2025-05-07 10:55:00,0.0,2025-05-07 10:55:00
2025-05-07 11:00:00,-1603.936,2025-05-07 11:00:00
2025-05-07 11:05:00,-1519.916,2025-05-07 11:05:00
2025-05-07 11:10:00,-1663.876,2025-05-07 11:10:00
2025-05-07 11:15:00,-1523.916,2025-05-07 11:15:00
2025-05-07 11:20:00,-1515.916,2025-05-07 11:20:00
2025-05-07 11:25:00,-1539.886,2025-05-07 11:25:00
2025-05-07 11:30:00,-1475.896,2025-05-07 11:30:00
2025-05-07 11:35:00,-1507.886,2025-05-07 11:35:00
2025-05-07 11:40:00,-1475.846,2025-05-07 11:40:00
2025-05-07 11:45:00,-1463.896,2025-05-07 11:45:00
2025-05-07 11:50:00,-1431.896,2025-05-07 11:50:00
2025-05-07 11:55:00,-1371.896,2025-05-07 11:55:00
2025-05-07 12:00:00,-1655.886,2025-05-07 12:00:00
2025-05-07 12:05:00,-1747.866,2025-05-07 12:05:00
2025-05-07 12:10:00,-1627.916,2025-05-07 12:10:00
2025-05-07 12:15:00,-1675.886,2025-05-07 12:15:00
2025-05-07 12:20:00,-1671.886,2025-05-07 12:20:00
2025-05-07 12:25:00,-1579.916,2025-05-07 12:25:00
2025-05-07 12:30:00,-1583.916,2025-05-07 12:30:00
2025-05-07 12:35:00,-1723.906,2025-05-07 12:35:00
2025-05-07 12:40:00,-1679.906,2025-05-07 12:40:00
2025-05-07 12:45:00,-1699.876,2025-05-07 12:45:00
2025-05-07 12:50:00,-1599.896,2025-05-07 12:50:00
2025-05-07 12:55:00,-1683.916,2025-05-07 12:55:00
2025-05-07 13:00:00,-1767.876,2025-05-07 13:00:00
2025-05-07 13:05:00,-1683.926,2025-05-07 13:05:00
2025-05-07 13:10:00,-1827.906,2025-05-07 13:10:00
2025-05-07 13:15:00,-1367.866,2025-05-07 13:15:00
2025-05-07 13:20:00,-1455.886,2025-05-07 13:20:00
2025-05-07 13:25:00,-1663.906,2025-05-07 13:25:00
2025-05-07 13:30:00,-1763.896,2025-05-07 13:30:00
2025-05-07 13:35:00,-1699.886,2025-05-07 13:35:00
2025-05-07 13:40:00,-1775.886,2025-05-07 13:40:00
2025-05-07 13:45:00,-1731.846,2025-05-07 13:45:00
2025-05-07 13:50:00,-1547.896,2025-05-07 13:50:00
2025-05-07 13:55:00,-1327.906,2025-05-07 13:55:00
2025-05-07 14:00:00,-1675.896,2025-05-07 14:00:00
2025-05-07 14:05:00,-1671.886,2025-05-07 14:05:00
2025-05-07 14:10:00,-1679.866,2025-05-07 14:10:00
2025-05-07 14:15:00,-1743.886,2025-05-07 14:15:00
2025-05-07 14:20:00,-1715.866,2025-05-07 14:20:00
2025-05-07 14:25:00,-1419.906,2025-05-07 14:25:00
2025-05-07 14:30:00,-1427.916,2025-05-07 14:30:00
2025-05-07 14:35:00,-1555.926,2025-05-07 14:35:00
2025-05-07 14:40:00,-1419.916,2025-05-07 14:40:00
2025-05-07 14:45:00,-1499.886,2025-05-07 14:45:00
2025-05-07 14:50:00,-1423.906,2025-05-07 14:50:00
2025-05-07 14:55:00,-1499.886,2025-05-07 14:55:00
2025-05-07 15:00:00,-1419.906,2025-05-07 15:00:00
2025-05-07 15:05:00,-1355.936,2025-05-07 15:05:00
2025-05-07 15:10:00,-1411.896,2025-05-07 15:10:00
2025-05-07 15:15:00,-1279.906,2025-05-07 15:15:00
2025-05-07 15:20:00,-1311.866,2025-05-07 15:20:00
2025-05-07 15:25:00,-1439.886,2025-05-07 15:25:00
2025-05-07 15:30:00,-1455.916,2025-05-07 15:30:00
2025-05-07 15:35:00,-1395.896,2025-05-07 15:35:00
2025-05-07 15:40:00,-1415.906,2025-05-07 15:40:00
2025-05-07 15:45:00,-1327.886,2025-05-07 15:45:00
2025-05-07 15:50:00,-1463.906,2025-05-07 15:50:00
2025-05-07 15:55:00,-1387.936,2025-05-07 15:55:00
2025-05-07 16:00:00,-1403.906,2025-05-07 16:00:00
2025-05-07 16:05:00,-1359.896,2025-05-07 16:05:00
2025-05-07 16:10:00,-1319.846,2025-05-07 16:10:00
2025-05-07 16:15:00,-1315.896,2025-05-07 16:15:00
2025-05-07 16:20:00,-1395.906,2025-05-07 16:20:00
2025-05-07 16:25:00,-1415.916,2025-05-07 16:25:00
2025-05-07 16:30:00,-1455.866,2025-05-07 16:30:00
2025-05-07 16:35:00,-1483.896,2025-05-07 16:35:00
2025-05-07 16:40:00,-1451.906,2025-05-07 16:40:00
2025-05-07 16:45:00,-1307.896,2025-05-07 16:45:00
2025-05-07 16:50:00,-1423.876,2025-05-07 16:50:00
2025-05-07 16:55:00,-1503.886,2025-05-07 16:55:00
2025-05-07 17:00:00,-1375.926,2025-05-07 17:00:00
2025-05-07 17:05:00,-1427.916,2025-05-07 17:05:00
2025-05-07 17:10:00,-1387.906,2025-05-07 17:10:00
2025-05-07 17:15:00,-1419.866,2025-05-07 17:15:00
2025-05-07 17:20:00,-1531.896,2025-05-07 17:20:00
2025-05-07 17:25:00,-1451.876,2025-05-07 17:25:00
2025-05-07 17:30:00,-1667.886,2025-05-07 17:30:00
2025-05-07 17:35:00,-1671.876,2025-05-07 17:35:00
2025-05-07 17:40:00,-1559.866,2025-05-07 17:40:00
2025-05-07 17:45:00,-1699.876,2025-05-07 17:45:00
2025-05-07 17:50:00,-1395.916,2025-05-07 17:50:00
2025-05-07 17:55:00,-1423.856,2025-05-07 17:55:00
2025-05-07 18:00:00,9000.0,2025-05-07 18:00:00
2025-05-07 18:05:00,9000.0,2025-05-07 18:05:00
2025-05-07 18:10:00,9000.0,2025-05-07 18:10:00
2025-05-07 18:15:00,9000.0,2025-05-07 18:15:00
2025-05-07 18:20:00,9000.0,2025-05-07 18:20:00
2025-05-07 18:25:00,9000.0,2025-05-07 18:25:00
2025-05-07 18:30:00,9000.0,2025-05-07 18:30:00
2025-05-07 18:35:00,9000.0,2025-05-07 18:35:00
2025-05-07 18:40:00,9000.0,2025-05-07 18:40:00
2025-05-07 18:45:00,9000.0,2025-05-07 18:45:00
2025-05-07 18:50:00,9000.0,2025-05-07 18:50:00
2025-05-07 18:55:00,9000.0,2025-05-07 18:55:00
2025-05-07 19:00:00,3780.357,2025-05-07 19:00:00
2025-05-07 19:05:00,0.0,2025-05-07 19:05:00
2025-05-07 19:10:00,0.0,2025-05-07 19:10:00
2025-05-07 19:15:00,0.0,2025-05-07 19:15:00
2025-05-07 19:20:00,0.0,2025-05-07 19:20:00
2025-05-07 19:25:00,0.0,2025-05-07 19:25:00
2025-05-07 19:30:00,0.0,2025-05-07 19:30:00
2025-05-07 19:35:00,0.0,2025-05-07 19:35:00
2025-05-07 19:40:00,0.0,2025-05-07 19:40:00
2025-05-07 19:45:00,0.0,2025-05-07 19:45:00
2025-05-07 19:50:00,0.0,2025-05-07 19:50:00
2025-05-07 19:55:00,0.0,2025-05-07 19:55:00
2025-05-07 20:00:00,0.0,2025-05-07 20:00:00
2025-05-07 20:05:00,0.0,2025-05-07 20:05:00
2025-05-07 20:10:00,0.0,2025-05-07 20:10:00
2025-05-07 20:15:00,0.0,2025-05-07 20:15:00
2025-05-07 20:20:00,0.0,2025-05-07 20:20:00
2025-05-07 20:25:00,0.0,2025-05-07 20:25:00
2025-05-07 20:30:00,0.0,2025-05-07 20:30:00
2025-05-07 20:35:00,0.0,2025-05-07 20:35:00
2025-05-07 20:40:00,0.0,2025-05-07 20:40:00
2025-05-07 20:45:00,0.0,2025-05-07 20:45:00
2025-05-07 20:50:00,0.0,2025-05-07 20:50:00
2025-05-07 20:55:00,0.0,2025-05-07 20:55:00
2025-05-07 21:00:00,0.0,2025-05-07 21:00:00
2025-05-07 21:05:00,0.0,2025-05-07 21:05:00
2025-05-07 21:10:00,0.0,2025-05-07 21:10:00
2025-05-07 21:15:00,0.0,2025-05-07 21:15:00
2025-05-07 21:20:00,0.0,2025-05-07 21:20:00
2025-05-07 21:25:00,0.0,2025-05-07 21:25:00
2025-05-07 21:30:00,0.0,2025-05-07 21:30:00
2025-05-07 21:35:00,0.0,2025-05-07 21:35:00
2025-05-07 21:40:00,0.0,2025-05-07 21:40:00
2025-05-07 21:45:00,0.0,2025-05-07 21:45:00
2025-05-07 21:50:00,0.0,2025-05-07 21:50:00
2025-05-07 21:55:00,0.0,2025-05-07 21:55:00
2025-05-07 22:00:00,-1555.886,2025-05-07 22:00:00
2025-05-07 22:05:00,-1467.886,2025-05-07 22:05:00
2025-05-07 22:10:00,-1483.916,2025-05-07 22:10:00
2025-05-07 22:15:00,-1363.896,2025-05-07 22:15:00
2025-05-07 22:20:00,-1455.906,2025-05-07 22:20:00
2025-05-07 22:25:00,-1339.886,2025-05-07 22:25:00
2025-05-07 22:30:00,-1427.876,2025-05-07 22:30:00
2025-05-07 22:35:00,-1551.876,2025-05-07 22:35:00
2025-05-07 22:40:00,-1543.926,2025-05-07 22:40:00
2025-05-07 22:45:00,-1503.906,2025-05-07 22:45:00
2025-05-07 22:50:00,-1475.876,2025-05-07 22:50:00
2025-05-07 22:55:00,-1443.896,2025-05-07 22:55:00
2025-05-07 23:00:00,-1483.896,2025-05-07 23:00:00
2025-05-07 23:05:00,-1487.936,2025-05-07 23:05:00
2025-05-07 23:10:00,-1483.896,2025-05-07 23:10:00
2025-05-07 23:15:00,-1439.936,2025-05-07 23:15:00
2025-05-07 23:20:00,-1491.896,2025-05-07 23:20:00
2025-05-07 23:25:00,-1475.866,2025-05-07 23:25:00
2025-05-07 23:30:00,-1507.906,2025-05-07 23:30:00
2025-05-07 23:35:00,-1463.916,2025-05-07 23:35:00
2025-05-07 23:40:00,-1475.916,2025-05-07 23:40:00
2025-05-07 23:45:00,-1611.876,2025-05-07 23:45:00
2025-05-07 23:50:00,-1771.886,2025-05-07 23:50:00
2025-05-07 23:55:00,-1587.906,2025-05-07 23:55:00
2025-05-08 00:00:00,-1455.876,2025-05-08 00:00:00
2025-05-08 00:05:00,-1379.906,2025-05-08 00:05:00
2025-05-08 00:10:00,-1815.896,2025-05-08 00:10:00
2025-05-08 00:15:00,-1727.906,2025-05-08 00:15:00
2025-05-08 00:20:00,-1531.926,2025-05-08 00:20:00
2025-05-08 00:25:00,-1607.896,2025-05-08 00:25:00
2025-05-08 00:30:00,-1491.876,2025-05-08 00:30:00
2025-05-08 00:35:00,-1783.896,2025-05-08 00:35:00
2025-05-08 00:40:00,-1907.906,2025-05-08 00:40:00
2025-05-08 00:45:00,-1791.926,2025-05-08 00:45:00
2025-05-08 00:50:00,-1795.896,2025-05-08 00:50:00
2025-05-08 00:55:00,-1847.876,2025-05-08 00:55:00
2025-05-08 01:00:00,-1791.886,2025-05-08 01:00:00
2025-05-08 01:05:00,-1939.926,2025-05-08 01:05:00
2025-05-08 01:10:00,-1807.906,2025-05-08 01:10:00
2025-05-08 01:15:00,-1835.926,2025-05-08 01:15:00
2025-05-08 01:20:00,-1735.906,2025-05-08 01:20:00
2025-05-08 01:25:00,-1903.886,2025-05-08 01:25:00
2025-05-08 01:30:00,-1795.896,2025-05-08 01:30:00
2025-05-08 01:35:00,-1911.896,2025-05-08 01:35:00
2025-05-08 01:40:00,-1823.876,2025-05-08 01:40:00
2025-05-08 01:45:00,-1711.896,2025-05-08 01:45:00
2025-05-08 01:50:00,-1591.866,2025-05-08 01:50:00
2025-05-08 01:55:00,-1515.886,2025-05-08 01:55:00
2025-05-08 02:00:00,-1475.926,2025-05-08 02:00:00
2025-05-08 02:05:00,-1415.886,2025-05-08 02:05:00
2025-05-08 02:10:00,-1315.916,2025-05-08 02:10:00
2025-05-08 02:15:00,-1303.876,2025-05-08 02:15:00
2025-05-08 02:20:00,-1575.876,2025-05-08 02:20:00
2025-05-08 02:25:00,-1431.876,2025-05-08 02:25:00
2025-05-08 02:30:00,-1519.906,2025-05-08 02:30:00
2025-05-08 02:35:00,-1391.876,2025-05-08 02:35:00
2025-05-08 02:40:00,-1347.866,2025-05-08 02:40:00
2025-05-08 02:45:00,-1311.896,2025-05-08 02:45:00
2025-05-08 02:50:00,-1403.906,2025-05-08 02:50:00
2025-05-08 02:55:00,-1443.906,2025-05-08 02:55:00
2025-05-08 03:00:00,-1275.906,2025-05-08 03:00:00
2025-05-08 03:05:00,-1307.906,2025-05-08 03:05:00
2025-05-08 03:10:00,-1367.856,2025-05-08 03:10:00
2025-05-08 03:15:00,-1403.896,2025-05-08 03:15:00
2025-05-08 03:20:00,-1379.856,2025-05-08 03:20:00
2025-05-08 03:25:00,-1427.906,2025-05-08 03:25:00
2025-05-08 03:30:00,-1315.906,2025-05-08 03:30:00
2025-05-08 03:35:00,-1359.886,2025-05-08 03:35:00
2025-05-08 03:40:00,-1435.896,2025-05-08 03:40:00
2025-05-08 03:45:00,-1267.896,2025-05-08 03:45:00
2025-05-08 03:50:00,-1575.936,2025-05-08 03:50:00
2025-05-08 03:55:00,-1371.836,2025-05-08 03:55:00
2025-05-08 04:00:00,-1359.856,2025-05-08 04:00:00
2025-05-08 04:05:00,-1387.916,2025-05-08 04:05:00
2025-05-08 04:10:00,-1491.906,2025-05-08 04:10:00
2025-05-08 04:15:00,-1535.896,2025-05-08 04:15:00
2025-05-08 04:20:00,-1507.906,2025-05-08 04:20:00
2025-05-08 04:25:00,-1403.916,2025-05-08 04:25:00
2025-05-08 04:30:00,-1379.916,2025-05-08 04:30:00
2025-05-08 04:35:00,-1351.886,2025-05-08 04:35:00
2025-05-08 04:40:00,-1435.876,2025-05-08 04:40:00
2025-05-08 04:45:00,-1683.906,2025-05-08 04:45:00
2025-05-08 04:50:00,-1783.866,2025-05-08 04:50:00
2025-05-08 04:55:00,-1511.906,2025-05-08 04:55:00
2025-05-08 05:00:00,-1419.866,2025-05-08 05:00:00
2025-05-08 05:05:00,-1831.876,2025-05-08 05:05:00
2025-05-08 05:10:00,-1483.926,2025-05-08 05:10:00
2025-05-08 05:15:00,-1555.906,2025-05-08 05:15:00
2025-05-08 05:20:00,-1375.876,2025-05-08 05:20:00
2025-05-08 05:25:00,-1391.896,2025-05-08 05:25:00
2025-05-08 05:30:00,-1387.906,2025-05-08 05:30:00
2025-05-08 05:35:00,-1335.906,2025-05-08 05:35:00
2025-05-08 05:40:00,-1479.806,2025-05-08 05:40:00
2025-05-08 05:45:00,-1383.896,2025-05-08 05:45:00
2025-05-08 05:50:00,-1427.906,2025-05-08 05:50:00
2025-05-08 05:55:00,-1447.896,2025-05-08 05:55:00
2025-05-08 06:00:00,-1431.906,2025-05-08 06:00:00
2025-05-08 06:05:00,-1559.896,2025-05-08 06:05:00
2025-05-08 06:10:00,-1423.886,2025-05-08 06:10:00
2025-05-08 06:15:00,-1487.906,2025-05-08 06:15:00
2025-05-08 06:20:00,-1527.896,2025-05-08 06:20:00
2025-05-08 06:25:00,-1435.906,2025-05-08 06:25:00
2025-05-08 06:30:00,-1583.876,2025-05-08 06:30:00
2025-05-08 06:35:00,-1423.936,2025-05-08 06:35:00
2025-05-08 06:40:00,-1487.926,2025-05-08 06:40:00
2025-05-08 06:45:00,-1487.896,2025-05-08 06:45:00
2025-05-08 06:50:00,-1583.896,2025-05-08 06:50:00
2025-05-08 06:55:00,-1567.906,2025-05-08 06:55:00
2025-05-08 07:00:00,-1459.926,2025-05-08 07:00:00
2025-05-08 07:05:00,-1631.926,2025-05-08 07:05:00
2025-05-08 07:10:00,-1699.906,2025-05-08 07:10:00
2025-05-08 07:15:00,-1543.936,2025-05-08 07:15:00
2025-05-08 07:20:00,-1607.886,2025-05-08 07:20:00
2025-05-08 07:25:00,-1731.926,2025-05-08 07:25:00
2025-05-08 07:30:00,-1583.916,2025-05-08 07:30:00
2025-05-08 07:35:00,-1547.896,2025-05-08 07:35:00
2025-05-08 07:40:00,-1491.866,2025-05-08 07:40:00
2025-05-08 07:45:00,-1479.896,2025-05-08 07:45:00
2025-05-08 07:50:00,-1955.876,2025-05-08 07:50:00
2025-05-08 07:55:00,-1839.856,2025-05-08 07:55:00
2025-05-08 08:00:00,9000.0,2025-05-08 08:00:00
2025-05-08 08:05:00,9000.0,2025-05-08 08:05:00
2025-05-08 08:10:00,9000.0,2025-05-08 08:10:00
2025-05-08 08:15:00,9000.0,2025-05-08 08:15:00
2025-05-08 08:20:00,9000.0,2025-05-08 08:20:00
2025-05-08 08:25:00,9000.0,2025-05-08 08:25:00
2025-05-08 08:30:00,9000.0,2025-05-08 08:30:00
2025-05-08 08:35:00,9000.0,2025-05-08 08:35:00
2025-05-08 08:40:00,9000.0,2025-05-08 08:40:00
2025-05-08 08:45:00,9000.0,2025-05-08 08:45:00
2025-05-08 08:50:00,9000.0,2025-05-08 08:50:00
2025-05-08 08:55:00,9000.0,2025-05-08 08:55:00
2025-05-08 09:00:00,9000.0,2025-05-08 09:00:00
2025-05-08 09:05:00,9000.0,2025-05-08 09:05:00
2025-05-08 09:10:00,8999.999,2025-05-08 09:10:00
2025-05-08 09:15:00,8999.999,2025-05-08 09:15:00
2025-05-08 09:20:00,8999.997,2025-05-08 09:20:00
2025-05-08 09:25:00,7612.739,2025-05-08 09:25:00
2025-05-08 09:30:00,0.0,2025-05-08 09:30:00
2025-05-08 09:35:00,0.0,2025-05-08 09:35:00
2025-05-08 09:40:00,0.0,2025-05-08 09:40:00
2025-05-08 09:45:00,0.0,2025-05-08 09:45:00
2025-05-08 09:50:00,0.0,2025-05-08 09:50:00
2025-05-08 09:55:00,0.0,2025-05-08 09:55:00
2025-05-08 10:00:00,0.0,2025-05-08 10:00:00
2025-05-08 10:05:00,0.0,2025-05-08 10:05:00
2025-05-08 10:10:00,0.0,2025-05-08 10:10:00
2025-05-08 10:15:00,0.0,2025-05-08 10:15:00
2025-05-08 10:20:00,0.0,2025-05-08 10:20:00
2025-05-08 10:25:00,0.0,2025-05-08 10:25:00
2025-05-08 10:30:00,0.0,2025-05-08 10:30:00
2025-05-08 10:35:00,0.0,2025-05-08 10:35:00
2025-05-08 10:40:00,0.0,2025-05-08 10:40:00
2025-05-08 10:45:00,0.0,2025-05-08 10:45:00
2025-05-08 10:50:00,0.0,2025-05-08 10:50:00
2025-05-08 10:55:00,0.0,2025-05-08 10:55:00
2025-05-08 11:00:00,-1567.936,2025-05-08 11:00:00
2025-05-08 11:05:00,-1675.946,2025-05-08 11:05:00
2025-05-08 11:10:00,-1715.916,2025-05-08 11:10:00
2025-05-08 11:15:00,-1423.926,2025-05-08 11:15:00
2025-05-08 11:20:00,-1395.896,2025-05-08 11:20:00
2025-05-08 11:25:00,-1563.896,2025-05-08 11:25:00
2025-05-08 11:30:00,-1399.916,2025-05-08 11:30:00
2025-05-08 11:35:00,-1471.866,2025-05-08 11:35:00
2025-05-08 11:40:00,-1791.886,2025-05-08 11:40:00
2025-05-08 11:45:00,-1735.886,2025-05-08 11:45:00
2025-05-08 11:50:00,-1403.896,2025-05-08 11:50:00
2025-05-08 11:55:00,-1491.906,2025-05-08 11:55:00
2025-05-08 12:00:00,-1611.906,2025-05-08 12:00:00
2025-05-08 12:05:00,-1651.896,2025-05-08 12:05:00
2025-05-08 12:10:00,-1791.906,2025-05-08 12:10:00
2025-05-08 12:15:00,-1755.876,2025-05-08 12:15:00
2025-05-08 12:20:00,-1791.896,2025-05-08 12:20:00
2025-05-08 12:25:00,-1691.876,2025-05-08 12:25:00
2025-05-08 12:30:00,-1691.856,2025-05-08 12:30:00
2025-05-08 12:35:00,-1651.896,2025-05-08 12:35:00
2025-05-08 12:40:00,-1491.906,2025-05-08 12:40:00
2025-05-08 12:45:00,-1555.906,2025-05-08 12:45:00
2025-05-08 12:50:00,-1587.856,2025-05-08 12:50:00
2025-05-08 12:55:00,-1515.896,2025-05-08 12:55:00
2025-05-08 13:00:00,-1543.876,2025-05-08 13:00:00
2025-05-08 13:05:00,-1603.886,2025-05-08 13:05:00
2025-05-08 13:10:00,-1571.906,2025-05-08 13:10:00
2025-05-08 13:15:00,-1535.836,2025-05-08 13:15:00
2025-05-08 13:20:00,-1587.906,2025-05-08 13:20:00
2025-05-08 13:25:00,-1683.856,2025-05-08 13:25:00
2025-05-08 13:30:00,-1559.876,2025-05-08 13:30:00
2025-05-08 13:35:00,-1719.906,2025-05-08 13:35:00
2025-05-08 13:40:00,-1563.906,2025-05-08 13:40:00
2025-05-08 13:45:00,-1451.916,2025-05-08 13:45:00
2025-05-08 13:50:00,-1591.936,2025-05-08 13:50:00
2025-05-08 13:55:00,-1599.886,2025-05-08 13:55:00
2025-05-08 14:00:00,-1747.906,2025-05-08 14:00:00
2025-05-08 14:05:00,-1435.876,2025-05-08 14:05:00
2025-05-08 14:10:00,-1719.926,2025-05-08 14:10:00
2025-05-08 14:15:00,-1463.896,2025-05-08 14:15:00
2025-05-08 14:20:00,-1503.906,2025-05-08 14:20:00
2025-05-08 14:25:00,-1503.906,2025-05-08 14:25:00
2025-05-08 14:30:00,-1527.926,2025-05-08 14:30:00
2025-05-08 14:35:00,-1523.906,2025-05-08 14:35:00
2025-05-08 14:40:00,-1595.926,2025-05-08 14:40:00
2025-05-08 14:45:00,-1547.916,2025-05-08 14:45:00
2025-05-08 14:50:00,-1575.916,2025-05-08 14:50:00
2025-05-08 14:55:00,-1519.896,2025-05-08 14:55:00
2025-05-08 15:00:00,-1515.886,2025-05-08 15:00:00
2025-05-08 15:05:00,-1491.876,2025-05-08 15:05:00
2025-05-08 15:10:00,-1599.886,2025-05-08 15:10:00
2025-05-08 15:15:00,-1563.886,2025-05-08 15:15:00
2025-05-08 15:20:00,-1431.886,2025-05-08 15:20:00
2025-05-08 15:25:00,-1735.906,2025-05-08 15:25:00
2025-05-08 15:30:00,-1799.866,2025-05-08 15:30:00
2025-05-08 15:35:00,-1411.856,2025-05-08 15:35:00
2025-05-08 15:40:00,-1359.906,2025-05-08 15:40:00
2025-05-08 15:45:00,-1599.896,2025-05-08 15:45:00
2025-05-08 15:50:00,-1407.906,2025-05-08 15:50:00
2025-05-08 15:55:00,-1467.906,2025-05-08 15:55:00
2025-05-08 16:00:00,-1491.926,2025-05-08 16:00:00
2025-05-08 16:05:00,-1359.886,2025-05-08 16:05:00
2025-05-08 16:10:00,-1383.896,2025-05-08 16:10:00
2025-05-08 16:15:00,-1387.876,2025-05-08 16:15:00
2025-05-08 16:20:00,-1327.936,2025-05-08 16:20:00
2025-05-08 16:25:00,-1379.876,2025-05-08 16:25:00
2025-05-08 16:30:00,-1351.876,2025-05-08 16:30:00
2025-05-08 16:35:00,-1447.896,2025-05-08 16:35:00
2025-05-08 16:40:00,-1507.916,2025-05-08 16:40:00
2025-05-08 16:45:00,-1547.896,2025-05-08 16:45:00
2025-05-08 16:50:00,-1495.886,2025-05-08 16:50:00
2025-05-08 16:55:00,-1475.876,2025-05-08 16:55:00
2025-05-08 17:00:00,-1435.906,2025-05-08 17:00:00
2025-05-08 17:05:00,-1511.896,2025-05-08 17:05:00
2025-05-08 17:10:00,-1407.916,2025-05-08 17:10:00
2025-05-08 17:15:00,-1407.906,2025-05-08 17:15:00
2025-05-08 17:20:00,-1355.926,2025-05-08 17:20:00
2025-05-08 17:25:00,-1387.876,2025-05-08 17:25:00
2025-05-08 17:30:00,-1599.906,2025-05-08 17:30:00
2025-05-08 17:35:00,-1359.866,2025-05-08 17:35:00
2025-05-08 17:40:00,-1363.926,2025-05-08 17:40:00
2025-05-08 17:45:00,-1403.896,2025-05-08 17:45:00
2025-05-08 17:50:00,-1339.876,2025-05-08 17:50:00
2025-05-08 17:55:00,-1599.896,2025-05-08 17:55:00
2025-05-08 18:00:00,9000.0,2025-05-08 18:00:00
2025-05-08 18:05:00,9000.0,2025-05-08 18:05:00
2025-05-08 18:10:00,9000.0,2025-05-08 18:10:00
2025-05-08 18:15:00,9000.0,2025-05-08 18:15:00
2025-05-08 18:20:00,9000.0,2025-05-08 18:20:00
2025-05-08 18:25:00,9000.0,2025-05-08 18:25:00
2025-05-08 18:30:00,9000.0,2025-05-08 18:30:00
2025-05-08 18:35:00,9000.0,2025-05-08 18:35:00
2025-05-08 18:40:00,9000.0,2025-05-08 18:40:00
2025-05-08 18:45:00,9000.0,2025-05-08 18:45:00
2025-05-08 18:50:00,8999.999,2025-05-08 18:50:00
2025-05-08 18:55:00,8999.995,2025-05-08 18:55:00
2025-05-08 19:00:00,4598.574,2025-05-08 19:00:00
2025-05-08 19:05:00,0.0,2025-05-08 19:05:00
2025-05-08 19:10:00,0.0,2025-05-08 19:10:00
2025-05-08 19:15:00,0.0,2025-05-08 19:15:00
2025-05-08 19:20:00,0.0,2025-05-08 19:20:00
2025-05-08 19:25:00,0.0,2025-05-08 19:25:00
2025-05-08 19:30:00,0.0,2025-05-08 19:30:00
2025-05-08 19:35:00,0.0,2025-05-08 19:35:00
2025-05-08 19:40:00,0.0,2025-05-08 19:40:00
2025-05-08 19:45:00,0.0,2025-05-08 19:45:00
2025-05-08 19:50:00,0.0,2025-05-08 19:50:00
2025-05-08 19:55:00,0.0,2025-05-08 19:55:00
2025-05-08 20:00:00,0.0,2025-05-08 20:00:00
2025-05-08 20:05:00,0.0,2025-05-08 20:05:00
2025-05-08 20:10:00,0.0,2025-05-08 20:10:00
2025-05-08 20:15:00,0.0,2025-05-08 20:15:00
2025-05-08 20:20:00,0.0,2025-05-08 20:20:00
2025-05-08 20:25:00,0.0,2025-05-08 20:25:00
2025-05-08 20:30:00,0.0,2025-05-08 20:30:00
2025-05-08 20:35:00,0.0,2025-05-08 20:35:00
2025-05-08 20:40:00,0.0,2025-05-08 20:40:00
2025-05-08 20:45:00,0.0,2025-05-08 20:45:00
2025-05-08 20:50:00,0.0,2025-05-08 20:50:00
2025-05-08 20:55:00,0.0,2025-05-08 20:55:00
2025-05-08 21:00:00,0.0,2025-05-08 21:00:00
2025-05-08 21:05:00,0.0,2025-05-08 21:05:00
2025-05-08 21:10:00,0.0,2025-05-08 21:10:00
2025-05-08 21:15:00,0.0,2025-05-08 21:15:00
2025-05-08 21:20:00,0.0,2025-05-08 21:20:00
2025-05-08 21:25:00,0.0,2025-05-08 21:25:00
2025-05-08 21:30:00,0.0,2025-05-08 21:30:00
2025-05-08 21:35:00,0.0,2025-05-08 21:35:00
2025-05-08 21:40:00,0.0,2025-05-08 21:40:00
2025-05-08 21:45:00,0.0,2025-05-08 21:45:00
2025-05-08 21:50:00,0.0,2025-05-08 21:50:00
2025-05-08 21:55:00,0.0,2025-05-08 21:55:00
2025-05-08 22:00:00,-1491.866,2025-05-08 22:00:00
2025-05-08 22:05:00,-1327.886,2025-05-08 22:05:00
2025-05-08 22:10:00,-1263.896,2025-05-08 22:10:00
2025-05-08 22:15:00,-1311.886,2025-05-08 22:15:00
2025-05-08 22:20:00,-1231.896,2025-05-08 22:20:00
2025-05-08 22:25:00,-1299.896,2025-05-08 22:25:00
2025-05-08 22:30:00,-1219.876,2025-05-08 22:30:00
2025-05-08 22:35:00,-1415.916,2025-05-08 22:35:00
2025-05-08 22:40:00,-1199.876,2025-05-08 22:40:00
2025-05-08 22:45:00,-1155.866,2025-05-08 22:45:00
2025-05-08 22:50:00,-1319.876,2025-05-08 22:50:00
2025-05-08 22:55:00,-1411.916,2025-05-08 22:55:00
2025-05-08 23:00:00,-1431.866,2025-05-08 23:00:00
2025-05-08 23:05:00,-1147.906,2025-05-08 23:05:00
2025-05-08 23:10:00,-1255.886,2025-05-08 23:10:00
2025-05-08 23:15:00,-1267.906,2025-05-08 23:15:00
2025-05-08 23:20:00,-1559.896,2025-05-08 23:20:00
2025-05-08 23:25:00,-1279.906,2025-05-08 23:25:00
2025-05-08 23:30:00,-1307.876,2025-05-08 23:30:00
2025-05-08 23:35:00,-1363.876,2025-05-08 23:35:00
2025-05-08 23:40:00,-1203.926,2025-05-08 23:40:00
2025-05-08 23:45:00,-1495.956,2025-05-08 23:45:00
2025-05-08 23:50:00,-1171.896,2025-05-08 23:50:00
2025-05-08 23:55:00,-1159.846,2025-05-08 23:55:00
2025-05-09 00:00:00,-1087.896,2025-05-09 00:00:00
2025-05-09 00:05:00,-1215.886,2025-05-09 00:05:00
2025-05-09 00:10:00,-1167.896,2025-05-09 00:10:00
2025-05-09 00:15:00,-1207.926,2025-05-09 00:15:00
2025-05-09 00:20:00,-1275.866,2025-05-09 00:20:00
2025-05-09 00:25:00,-1171.866,2025-05-09 00:25:00
2025-05-09 00:30:00,-1171.866,2025-05-09 00:30:00
2025-05-09 00:35:00,-1411.916,2025-05-09 00:35:00
2025-05-09 00:40:00,-1459.926,2025-05-09 00:40:00
2025-05-09 00:45:00,-1195.926,2025-05-09 00:45:00
2025-05-09 00:50:00,-1415.886,2025-05-09 00:50:00
2025-05-09 00:55:00,-1655.886,2025-05-09 00:55:00
2025-05-09 01:00:00,-1491.906,2025-05-09 01:00:00
2025-05-09 01:05:00,-1523.876,2025-05-09 01:05:00
2025-05-09 01:10:00,-1455.896,2025-05-09 01:10:00
2025-05-09 01:15:00,-1259.906,2025-05-09 01:15:00
2025-05-09 01:20:00,-1307.896,2025-05-09 01:20:00
2025-05-09 01:25:00,-1219.886,2025-05-09 01:25:00
2025-05-09 01:30:00,-1467.866,2025-05-09 01:30:00
2025-05-09 01:35:00,-1203.886,2025-05-09 01:35:00
2025-05-09 01:40:00,-1399.896,2025-05-09 01:40:00
2025-05-09 01:45:00,-1175.906,2025-05-09 01:45:00
2025-05-09 01:50:00,-1123.896,2025-05-09 01:50:00
2025-05-09 01:55:00,-1643.886,2025-05-09 01:55:00
2025-05-09 02:00:00,-1171.876,2025-05-09 02:00:00
2025-05-09 02:05:00,-1183.916,2025-05-09 02:05:00
2025-05-09 02:10:00,-1539.876,2025-05-09 02:10:00
2025-05-09 02:15:00,-1483.886,2025-05-09 02:15:00
2025-05-09 02:20:00,-1491.906,2025-05-09 02:20:00
2025-05-09 02:25:00,-1647.896,2025-05-09 02:25:00
2025-05-09 02:30:00,-1507.876,2025-05-09 02:30:00
2025-05-09 02:35:00,-1295.876,2025-05-09 02:35:00
2025-05-09 02:40:00,-1295.926,2025-05-09 02:40:00
2025-05-09 02:45:00,-1199.906,2025-05-09 02:45:00
2025-05-09 02:50:00,-1159.916,2025-05-09 02:50:00
2025-05-09 02:55:00,-1187.896,2025-05-09 02:55:00
2025-05-09 03:00:00,-1515.866,2025-05-09 03:00:00
2025-05-09 03:05:00,-1283.876,2025-05-09 03:05:00
2025-05-09 03:10:00,-1291.896,2025-05-09 03:10:00
2025-05-09 03:15:00,-1235.896,2025-05-09 03:15:00
2025-05-09 03:20:00,-1271.866,2025-05-09 03:20:00
2025-05-09 03:25:00,-1215.926,2025-05-09 03:25:00
2025-05-09 03:30:00,-1291.926,2025-05-09 03:30:00
2025-05-09 03:35:00,-1187.896,2025-05-09 03:35:00
2025-05-09 03:40:00,-1399.866,2025-05-09 03:40:00
2025-05-09 03:45:00,-1267.926,2025-05-09 03:45:00
2025-05-09 03:50:00,-1383.926,2025-05-09 03:50:00
2025-05-09 03:55:00,-1251.886,2025-05-09 03:55:00
2025-05-09 04:00:00,-1195.906,2025-05-09 04:00:00
2025-05-09 04:05:00,-1263.916,2025-05-09 04:05:00
2025-05-09 04:10:00,-1239.856,2025-05-09 04:10:00
2025-05-09 04:15:00,-1275.866,2025-05-09 04:15:00
2025-05-09 04:20:00,-1211.876,2025-05-09 04:20:00
2025-05-09 04:25:00,-1211.896,2025-05-09 04:25:00
2025-05-09 04:30:00,-1183.896,2025-05-09 04:30:00
2025-05-09 04:35:00,-1239.896,2025-05-09 04:35:00
2025-05-09 04:40:00,-1231.926,2025-05-09 04:40:00
2025-05-09 04:45:00,-1295.876,2025-05-09 04:45:00
2025-05-09 04:50:00,-1359.906,2025-05-09 04:50:00
2025-05-09 04:55:00,-1263.876,2025-05-09 04:55:00
2025-05-09 05:00:00,-1243.926,2025-05-09 05:00:00
2025-05-09 05:05:00,-1231.886,2025-05-09 05:05:00
2025-05-09 05:10:00,-1299.886,2025-05-09 05:10:00
2025-05-09 05:15:00,-1523.886,2025-05-09 05:15:00
2025-05-09 05:20:00,-1615.876,2025-05-09 05:20:00
2025-05-09 05:25:00,-1575.906,2025-05-09 05:25:00
2025-05-09 05:30:00,-1271.896,2025-05-09 05:30:00
2025-05-09 05:35:00,-1359.906,2025-05-09 05:35:00
2025-05-09 05:40:00,-1371.896,2025-05-09 05:40:00
2025-05-09 05:45:00,-1299.866,2025-05-09 05:45:00
2025-05-09 05:50:00,-1307.906,2025-05-09 05:50:00
2025-05-09 05:55:00,-1283.876,2025-05-09 05:55:00
2025-05-09 06:00:00,-1327.916,2025-05-09 06:00:00
2025-05-09 06:05:00,-1259.886,2025-05-09 06:05:00
2025-05-09 06:10:00,-1287.926,2025-05-09 06:10:00
2025-05-09 06:15:00,-1251.886,2025-05-09 06:15:00
2025-05-09 06:20:00,-1287.886,2025-05-09 06:20:00
2025-05-09 06:25:00,-1419.926,2025-05-09 06:25:00
2025-05-09 06:30:00,-1467.886,2025-05-09 06:30:00
2025-05-09 06:35:00,-1435.926,2025-05-09 06:35:00
2025-05-09 06:40:00,-1351.886,2025-05-09 06:40:00
2025-05-09 06:45:00,-1391.886,2025-05-09 06:45:00
2025-05-09 06:50:00,-1355.846,2025-05-09 06:50:00
2025-05-09 06:55:00,-1527.906,2025-05-09 06:55:00
2025-05-09 07:00:00,-1275.876,2025-05-09 07:00:00
2025-05-09 07:05:00,-1423.916,2025-05-09 07:05:00
2025-05-09 07:10:00,-1351.916,2025-05-09 07:10:00
2025-05-09 07:15:00,-1359.916,2025-05-09 07:15:00
2025-05-09 07:20:00,-1363.876,2025-05-09 07:20:00
2025-05-09 07:25:00,-1371.856,2025-05-09 07:25:00
2025-05-09 07:30:00,-1431.906,2025-05-09 07:30:00
2025-05-09 07:35:00,-1299.876,2025-05-09 07:35:00
2025-05-09 07:40:00,-1323.926,2025-05-09 07:40:00
2025-05-09 07:45:00,-1303.876,2025-05-09 07:45:00
2025-05-09 07:50:00,-1287.906,2025-05-09 07:50:00
2025-05-09 07:55:00,-1363.896,2025-05-09 07:55:00
2025-05-09 08:00:00,9000.0,2025-05-09 08:00:00
2025-05-09 08:05:00,9000.0,2025-05-09 08:05:00
2025-05-09 08:10:00,9000.0,2025-05-09 08:10:00
2025-05-09 08:15:00,9000.0,2025-05-09 08:15:00
2025-05-09 08:20:00,9000.0,2025-05-09 08:20:00
2025-05-09 08:25:00,9000.0,2025-05-09 08:25:00
2025-05-09 08:30:00,9000.0,2025-05-09 08:30:00
2025-05-09 08:35:00,9000.0,2025-05-09 08:35:00
2025-05-09 08:40:00,9000.0,2025-05-09 08:40:00
2025-05-09 08:45:00,9000.0,2025-05-09 08:45:00
2025-05-09 08:50:00,9000.0,2025-05-09 08:50:00
2025-05-09 08:55:00,9000.0,2025-05-09 08:55:00
2025-05-09 09:00:00,9000.0,2025-05-09 09:00:00
2025-05-09 09:05:00,9000.0,2025-05-09 09:05:00
2025-05-09 09:10:00,8999.999,2025-05-09 09:10:00
2025-05-09 09:15:00,3671.669,2025-05-09 09:15:00
2025-05-09 09:20:00,0.0,2025-05-09 09:20:00
2025-05-09 09:25:00,0.0,2025-05-09 09:25:00
2025-05-09 09:30:00,0.0,2025-05-09 09:30:00
2025-05-09 09:35:00,0.0,2025-05-09 09:35:00
2025-05-09 09:40:00,0.0,2025-05-09 09:40:00
2025-05-09 09:45:00,0.0,2025-05-09 09:45:00
2025-05-09 09:50:00,0.0,2025-05-09 09:50:00
2025-05-09 09:55:00,0.0,2025-05-09 09:55:00
2025-05-09 10:00:00,0.0,2025-05-09 10:00:00
2025-05-09 10:05:00,0.0,2025-05-09 10:05:00
2025-05-09 10:10:00,0.0,2025-05-09 10:10:00
2025-05-09 10:15:00,0.0,2025-05-09 10:15:00
2025-05-09 10:20:00,0.0,2025-05-09 10:20:00
2025-05-09 10:25:00,0.0,2025-05-09 10:25:00
2025-05-09 10:30:00,0.0,2025-05-09 10:30:00
2025-05-09 10:35:00,0.0,2025-05-09 10:35:00
2025-05-09 10:40:00,0.0,2025-05-09 10:40:00
2025-05-09 10:45:00,0.0,2025-05-09 10:45:00
2025-05-09 10:50:00,0.0,2025-05-09 10:50:00
2025-05-09 10:55:00,0.0,2025-05-09 10:55:00
2025-05-09 11:00:00,-1371.866,2025-05-09 11:00:00
2025-05-09 11:05:00,-1307.906,2025-05-09 11:05:00
2025-05-09 11:10:00,-1271.926,2025-05-09 11:10:00
2025-05-09 11:15:00,-1299.886,2025-05-09 11:15:00
2025-05-09 11:20:00,-1155.896,2025-05-09 11:20:00
2025-05-09 11:25:00,-1295.926,2025-05-09 11:25:00
2025-05-09 11:30:00,-1147.866,2025-05-09 11:30:00
2025-05-09 11:35:00,-1247.876,2025-05-09 11:35:00
2025-05-09 11:40:00,-1223.866,2025-05-09 11:40:00
2025-05-09 11:45:00,-1255.886,2025-05-09 11:45:00
2025-05-09 11:50:00,-1475.876,2025-05-09 11:50:00
2025-05-09 11:55:00,-1291.876,2025-05-09 11:55:00
2025-05-09 12:00:00,-1371.916,2025-05-09 12:00:00
2025-05-09 12:05:00,-1219.886,2025-05-09 12:05:00
2025-05-09 12:10:00,-1375.866,2025-05-09 12:10:00
2025-05-09 12:15:00,-1187.906,2025-05-09 12:15:00
2025-05-09 12:20:00,-1139.926,2025-05-09 12:20:00
2025-05-09 12:25:00,-1151.876,2025-05-09 12:25:00
2025-05-09 12:30:00,-1311.896,2025-05-09 12:30:00
2025-05-09 12:35:00,-1663.916,2025-05-09 12:35:00
2025-05-09 12:40:00,-1303.886,2025-05-09 12:40:00
2025-05-09 12:45:00,-1511.896,2025-05-09 12:45:00
2025-05-09 12:50:00,-1559.896,2025-05-09 12:50:00
2025-05-09 12:55:00,-1475.916,2025-05-09 12:55:00
2025-05-09 13:00:00,-1551.926,2025-05-09 13:00:00
2025-05-09 13:05:00,-1635.896,2025-05-09 13:05:00
2025-05-09 13:10:00,-1587.866,2025-05-09 13:10:00
2025-05-09 13:15:00,-1619.866,2025-05-09 13:15:00
2025-05-09 13:20:00,-1567.896,2025-05-09 13:20:00
2025-05-09 13:25:00,-1595.876,2025-05-09 13:25:00
2025-05-09 13:30:00,-1791.876,2025-05-09 13:30:00
2025-05-09 13:35:00,-1443.876,2025-05-09 13:35:00
2025-05-09 13:40:00,-1207.876,2025-05-09 13:40:00
2025-05-09 13:45:00,-1179.896,2025-05-09 13:45:00
2025-05-09 13:50:00,-1295.896,2025-05-09 13:50:00
2025-05-09 13:55:00,-1347.886,2025-05-09 13:55:00
2025-05-09 14:00:00,-1415.856,2025-05-09 14:00:00
2025-05-09 14:05:00,-1291.906,2025-05-09 14:05:00
2025-05-09 14:10:00,-1463.896,2025-05-09 14:10:00
2025-05-09 14:15:00,-1447.896,2025-05-09 14:15:00
2025-05-09 14:20:00,-1547.876,2025-05-09 14:20:00
2025-05-09 14:25:00,-1463.896,2025-05-09 14:25:00
2025-05-09 14:30:00,-1587.886,2025-05-09 14:30:00
2025-05-09 14:35:00,-1451.896,2025-05-09 14:35:00
2025-05-09 14:40:00,-1503.896,2025-05-09 14:40:00
2025-05-09 14:45:00,-1383.876,2025-05-09 14:45:00
2025-05-09 14:50:00,-1579.876,2025-05-09 14:50:00
2025-05-09 14:55:00,-1495.876,2025-05-09 14:55:00
2025-05-09 15:00:00,-1291.886,2025-05-09 15:00:00
2025-05-09 15:05:00,-1435.876,2025-05-09 15:05:00
2025-05-09 15:10:00,-1223.886,2025-05-09 15:10:00
2025-05-09 15:15:00,-1227.896,2025-05-09 15:15:00
2025-05-09 15:20:00,-1327.896,2025-05-09 15:20:00
2025-05-09 15:25:00,-1339.876,2025-05-09 15:25:00
2025-05-09 15:30:00,-1171.876,2025-05-09 15:30:00
2025-05-09 15:35:00,-1239.916,2025-05-09 15:35:00
2025-05-09 15:40:00,-1471.876,2025-05-09 15:40:00
2025-05-09 15:45:00,-1291.896,2025-05-09 15:45:00
2025-05-09 15:50:00,-1343.896,2025-05-09 15:50:00
2025-05-09 15:55:00,-1403.896,2025-05-09 15:55:00
2025-05-09 16:00:00,-1355.906,2025-05-09 16:00:00
2025-05-09 16:05:00,-1191.846,2025-05-09 16:05:00
2025-05-09 16:10:00,-1263.916,2025-05-09 16:10:00
2025-05-09 16:15:00,-1215.886,2025-05-09 16:15:00
2025-05-09 16:20:00,-1515.906,2025-05-09 16:20:00
2025-05-09 16:25:00,-1587.896,2025-05-09 16:25:00
2025-05-09 16:30:00,-1355.856,2025-05-09 16:30:00
2025-05-09 16:35:00,-1335.896,2025-05-09 16:35:00
2025-05-09 16:40:00,-1623.896,2025-05-09 16:40:00
2025-05-09 16:45:00,-1463.926,2025-05-09 16:45:00
2025-05-09 16:50:00,-1287.906,2025-05-09 16:50:00
2025-05-09 16:55:00,-1247.876,2025-05-09 16:55:00
2025-05-09 17:00:00,-1255.906,2025-05-09 17:00:00
2025-05-09 17:05:00,-1287.906,2025-05-09 17:05:00
2025-05-09 17:10:00,-1275.896,2025-05-09 17:10:00
2025-05-09 17:15:00,-1251.886,2025-05-09 17:15:00
2025-05-09 17:20:00,-1219.906,2025-05-09 17:20:00
2025-05-09 17:25:00,-1115.896,2025-05-09 17:25:00
2025-05-09 17:30:00,-1167.906,2025-05-09 17:30:00
2025-05-09 17:35:00,-1271.896,2025-05-09 17:35:00
2025-05-09 17:40:00,-1227.866,2025-05-09 17:40:00
2025-05-09 17:45:00,-1243.866,2025-05-09 17:45:00
2025-05-09 17:50:00,-1195.916,2025-05-09 17:50:00
2025-05-09 17:55:00,-1235.886,2025-05-09 17:55:00
2025-05-09 18:00:00,9000.0,2025-05-09 18:00:00
2025-05-09 18:05:00,9000.0,2025-05-09 18:05:00
2025-05-09 18:10:00,9000.0,2025-05-09 18:10:00
2025-05-09 18:15:00,9000.0,2025-05-09 18:15:00
2025-05-09 18:20:00,9000.0,2025-05-09 18:20:00
2025-05-09 18:25:00,9000.0,2025-05-09 18:25:00
2025-05-09 18:30:00,9000.0,2025-05-09 18:30:00
2025-05-09 18:35:00,9000.0,2025-05-09 18:35:00
2025-05-09 18:40:00,9000.0,2025-05-09 18:40:00
2025-05-09 18:45:00,8999.999,2025-05-09 18:45:00
2025-05-09 18:50:00,8999.997,2025-05-09 18:50:00
2025-05-09 18:55:00,680.405,2025-05-09 18:55:00
2025-05-09 19:00:00,0.0,2025-05-09 19:00:00
2025-05-09 19:05:00,0.0,2025-05-09 19:05:00
2025-05-09 19:10:00,0.0,2025-05-09 19:10:00
2025-05-09 19:15:00,0.0,2025-05-09 19:15:00
2025-05-09 19:20:00,0.0,2025-05-09 19:20:00
2025-05-09 19:25:00,0.0,2025-05-09 19:25:00
2025-05-09 19:30:00,0.0,2025-05-09 19:30:00
2025-05-09 19:35:00,0.0,2025-05-09 19:35:00
2025-05-09 19:40:00,0.0,2025-05-09 19:40:00
2025-05-09 19:45:00,0.0,2025-05-09 19:45:00
2025-05-09 19:50:00,0.0,2025-05-09 19:50:00
2025-05-09 19:55:00,0.0,2025-05-09 19:55:00
2025-05-09 20:00:00,0.0,2025-05-09 20:00:00
2025-05-09 20:05:00,0.0,2025-05-09 20:05:00
2025-05-09 20:10:00,0.0,2025-05-09 20:10:00
2025-05-09 20:15:00,0.0,2025-05-09 20:15:00
2025-05-09 20:20:00,0.0,2025-05-09 20:20:00
2025-05-09 20:25:00,0.0,2025-05-09 20:25:00
2025-05-09 20:30:00,0.0,2025-05-09 20:30:00
2025-05-09 20:35:00,0.0,2025-05-09 20:35:00
2025-05-09 20:40:00,0.0,2025-05-09 20:40:00
2025-05-09 20:45:00,0.0,2025-05-09 20:45:00
2025-05-09 20:50:00,0.0,2025-05-09 20:50:00
2025-05-09 20:55:00,0.0,2025-05-09 20:55:00
2025-05-09 21:00:00,0.0,2025-05-09 21:00:00
2025-05-09 21:05:00,0.0,2025-05-09 21:05:00
2025-05-09 21:10:00,0.0,2025-05-09 21:10:00
2025-05-09 21:15:00,0.0,2025-05-09 21:15:00
2025-05-09 21:20:00,0.0,2025-05-09 21:20:00
2025-05-09 21:25:00,0.0,2025-05-09 21:25:00
2025-05-09 21:30:00,0.0,2025-05-09 21:30:00
2025-05-09 21:35:00,0.0,2025-05-09 21:35:00
2025-05-09 21:40:00,0.0,2025-05-09 21:40:00
2025-05-09 21:45:00,0.0,2025-05-09 21:45:00
2025-05-09 21:50:00,0.0,2025-05-09 21:50:00
2025-05-09 21:55:00,0.0,2025-05-09 21:55:00
2025-05-09 22:00:00,-1315.926,2025-05-09 22:00:00
2025-05-09 22:05:00,-1219.896,2025-05-09 22:05:00
2025-05-09 22:10:00,-1395.896,2025-05-09 22:10:00
2025-05-09 22:15:00,-1267.886,2025-05-09 22:15:00
2025-05-09 22:20:00,-1263.876,2025-05-09 22:20:00
2025-05-09 22:25:00,-1259.896,2025-05-09 22:25:00
2025-05-09 22:30:00,-1423.896,2025-05-09 22:30:00
2025-05-09 22:35:00,-1351.906,2025-05-09 22:35:00
2025-05-09 22:40:00,-1367.866,2025-05-09 22:40:00
2025-05-09 22:45:00,-1663.896,2025-05-09 22:45:00
2025-05-09 22:50:00,-1679.896,2025-05-09 22:50:00
2025-05-09 22:55:00,-1563.916,2025-05-09 22:55:00
2025-05-09 23:00:00,-1347.916,2025-05-09 23:00:00
2025-05-09 23:05:00,-1611.886,2025-05-09 23:05:00
2025-05-09 23:10:00,-1479.906,2025-05-09 23:10:00
2025-05-09 23:15:00,-1607.926,2025-05-09 23:15:00
2025-05-09 23:20:00,-1247.896,2025-05-09 23:20:00
2025-05-09 23:25:00,-1423.916,2025-05-09 23:25:00
2025-05-09 23:30:00,-1263.886,2025-05-09 23:30:00
2025-05-09 23:35:00,-1187.906,2025-05-09 23:35:00
2025-05-09 23:40:00,-1651.896,2025-05-09 23:40:00
2025-05-09 23:45:00,-1219.896,2025-05-09 23:45:00
2025-05-09 23:50:00,-1327.856,2025-05-09 23:50:00
2025-05-09 23:55:00,-1395.906,2025-05-09 23:55:00
2025-05-10 00:00:00,-1239.896,2025-05-10 00:00:00
2025-05-10 00:05:00,-1403.916,2025-05-10 00:05:00
2025-05-10 00:10:00,-1247.896,2025-05-10 00:10:00
2025-05-10 00:15:00,-1519.926,2025-05-10 00:15:00
2025-05-10 00:20:00,-1259.906,2025-05-10 00:20:00
2025-05-10 00:25:00,-1243.946,2025-05-10 00:25:00
2025-05-10 00:30:00,-1243.886,2025-05-10 00:30:00
2025-05-10 00:35:00,-1251.936,2025-05-10 00:35:00
2025-05-10 00:40:00,-1407.886,2025-05-10 00:40:00
2025-05-10 00:45:00,-1295.896,2025-05-10 00:45:00
2025-05-10 00:50:00,-1547.886,2025-05-10 00:50:00
2025-05-10 00:55:00,-1407.886,2025-05-10 00:55:00
2025-05-10 01:00:00,-1187.896,2025-05-10 01:00:00
2025-05-10 01:05:00,-1391.916,2025-05-10 01:05:00
2025-05-10 01:10:00,-1635.896,2025-05-10 01:10:00
2025-05-10 01:15:00,-1299.906,2025-05-10 01:15:00
2025-05-10 01:20:00,-1599.916,2025-05-10 01:20:00
2025-05-10 01:25:00,-1303.906,2025-05-10 01:25:00
2025-05-10 01:30:00,-1343.906,2025-05-10 01:30:00
2025-05-10 01:35:00,-1359.866,2025-05-10 01:35:00
2025-05-10 01:40:00,-1387.896,2025-05-10 01:40:00
2025-05-10 01:45:00,-1559.876,2025-05-10 01:45:00
2025-05-10 01:50:00,-1327.896,2025-05-10 01:50:00
2025-05-10 01:55:00,-1739.926,2025-05-10 01:55:00
2025-05-10 02:00:00,-1543.886,2025-05-10 02:00:00
2025-05-10 02:05:00,-1399.916,2025-05-10 02:05:00
2025-05-10 02:10:00,-1367.926,2025-05-10 02:10:00
2025-05-10 02:15:00,-1499.906,2025-05-10 02:15:00
2025-05-10 02:20:00,-1535.896,2025-05-10 02:20:00
2025-05-10 02:25:00,-1603.916,2025-05-10 02:25:00
2025-05-10 02:30:00,-1327.896,2025-05-10 02:30:00
2025-05-10 02:35:00,-1383.866,2025-05-10 02:35:00
2025-05-10 02:40:00,-1639.886,2025-05-10 02:40:00
2025-05-10 02:45:00,-1323.906,2025-05-10 02:45:00
2025-05-10 02:50:00,-1515.906,2025-05-10 02:50:00
2025-05-10 02:55:00,-1471.906,2025-05-10 02:55:00
2025-05-10 03:00:00,-1399.886,2025-05-10 03:00:00
2025-05-10 03:05:00,-1383.876,2025-05-10 03:05:00
2025-05-10 03:10:00,-1579.876,2025-05-10 03:10:00
2025-05-10 03:15:00,-1755.886,2025-05-10 03:15:00
2025-05-10 03:20:00,-1563.886,2025-05-10 03:20:00
2025-05-10 03:25:00,-1675.906,2025-05-10 03:25:00
2025-05-10 03:30:00,-1687.896,2025-05-10 03:30:00
2025-05-10 03:35:00,-1667.896,2025-05-10 03:35:00
2025-05-10 03:40:00,-1731.936,2025-05-10 03:40:00
2025-05-10 03:45:00,-1847.886,2025-05-10 03:45:00
2025-05-10 03:50:00,-1763.896,2025-05-10 03:50:00
2025-05-10 03:55:00,-1707.906,2025-05-10 03:55:00
2025-05-10 04:00:00,-1411.896,2025-05-10 04:00:00
2025-05-10 04:05:00,-1439.846,2025-05-10 04:05:00
2025-05-10 04:10:00,-1339.866,2025-05-10 04:10:00
2025-05-10 04:15:00,-1327.906,2025-05-10 04:15:00
2025-05-10 04:20:00,-1375.876,2025-05-10 04:20:00
2025-05-10 04:25:00,-1391.926,2025-05-10 04:25:00
2025-05-10 04:30:00,-1499.886,2025-05-10 04:30:00
2025-05-10 04:35:00,-1583.886,2025-05-10 04:35:00
2025-05-10 04:40:00,-1423.896,2025-05-10 04:40:00
2025-05-10 04:45:00,-1719.886,2025-05-10 04:45:00
2025-05-10 04:50:00,-1371.896,2025-05-10 04:50:00
2025-05-10 04:55:00,-1439.876,2025-05-10 04:55:00
2025-05-10 05:00:00,-1387.926,2025-05-10 05:00:00
2025-05-10 05:05:00,-1519.926,2025-05-10 05:05:00
2025-05-10 05:10:00,-1395.876,2025-05-10 05:10:00
2025-05-10 05:15:00,-1419.896,2025-05-10 05:15:00
2025-05-10 05:20:00,-1319.896,2025-05-10 05:20:00
2025-05-10 05:25:00,-1363.896,2025-05-10 05:25:00
2025-05-10 05:30:00,-1395.906,2025-05-10 05:30:00
2025-05-10 05:35:00,-1459.886,2025-05-10 05:35:00
2025-05-10 05:40:00,-1383.866,2025-05-10 05:40:00
2025-05-10 05:45:00,-1463.876,2025-05-10 05:45:00
2025-05-10 05:50:00,-1427.926,2025-05-10 05:50:00
2025-05-10 05:55:00,-1487.926,2025-05-10 05:55:00
2025-05-10 06:00:00,-1427.926,2025-05-10 06:00:00
2025-05-10 06:05:00,-1435.916,2025-05-10 06:05:00
2025-05-10 06:10:00,-1423.896,2025-05-10 06:10:00
2025-05-10 06:15:00,-1527.906,2025-05-10 06:15:00
2025-05-10 06:20:00,-1451.906,2025-05-10 06:20:00
2025-05-10 06:25:00,-1467.906,2025-05-10 06:25:00
2025-05-10 06:30:00,-1419.926,2025-05-10 06:30:00
2025-05-10 06:35:00,-1411.906,2025-05-10 06:35:00
2025-05-10 06:40:00,-1507.926,2025-05-10 06:40:00
2025-05-10 06:45:00,-1495.896,2025-05-10 06:45:00
2025-05-10 06:50:00,-1851.926,2025-05-10 06:50:00
2025-05-10 06:55:00,-1459.916,2025-05-10 06:55:00
2025-05-10 07:00:00,-1463.896,2025-05-10 07:00:00
2025-05-10 07:05:00,-1419.896,2025-05-10 07:05:00
2025-05-10 07:10:00,-1639.876,2025-05-10 07:10:00
2025-05-10 07:15:00,-1531.896,2025-05-10 07:15:00
2025-05-10 07:20:00,-1587.886,2025-05-10 07:20:00
2025-05-10 07:25:00,-1611.896,2025-05-10 07:25:00
2025-05-10 07:30:00,-1423.876,2025-05-10 07:30:00
2025-05-10 07:35:00,-1527.886,2025-05-10 07:35:00
2025-05-10 07:40:00,-1487.896,2025-05-10 07:40:00
2025-05-10 07:45:00,-1675.876,2025-05-10 07:45:00
2025-05-10 07:50:00,-1607.886,2025-05-10 07:50:00
2025-05-10 07:55:00,-1519.876,2025-05-10 07:55:00
2025-05-10 08:00:00,9000.0,2025-05-10 08:00:00
2025-05-10 08:05:00,9000.0,2025-05-10 08:05:00
2025-05-10 08:10:00,9000.0,2025-05-10 08:10:00
2025-05-10 08:15:00,9000.0,2025-05-10 08:15:00
2025-05-10 08:20:00,9000.0,2025-05-10 08:20:00
2025-05-10 08:25:00,9000.0,2025-05-10 08:25:00
2025-05-10 08:30:00,9000.0,2025-05-10 08:30:00
2025-05-10 08:35:00,9000.0,2025-05-10 08:35:00
2025-05-10 08:40:00,9000.0,2025-05-10 08:40:00
2025-05-10 08:45:00,9000.0,2025-05-10 08:45:00
2025-05-10 08:50:00,9000.0,2025-05-10 08:50:00
2025-05-10 08:55:00,8999.999,2025-05-10 08:55:00
2025-05-10 09:00:00,8999.999,2025-05-10 09:00:00
2025-05-10 09:05:00,8999.999,2025-05-10 09:05:00
2025-05-10 09:10:00,8999.998,2025-05-10 09:10:00
2025-05-10 09:15:00,8999.994,2025-05-10 09:15:00
2025-05-10 09:20:00,8834.323,2025-05-10 09:20:00
2025-05-10 09:25:00,0.12,2025-05-10 09:25:00
2025-05-10 09:30:00,0.0,2025-05-10 09:30:00
2025-05-10 09:35:00,0.0,2025-05-10 09:35:00
2025-05-10 09:40:00,0.0,2025-05-10 09:40:00
2025-05-10 09:45:00,0.0,2025-05-10 09:45:00
2025-05-10 09:50:00,0.0,2025-05-10 09:50:00
2025-05-10 09:55:00,0.0,2025-05-10 09:55:00
2025-05-10 10:00:00,0.0,2025-05-10 10:00:00
2025-05-10 10:05:00,0.0,2025-05-10 10:05:00
2025-05-10 10:10:00,0.0,2025-05-10 10:10:00
2025-05-10 10:15:00,0.0,2025-05-10 10:15:00
2025-05-10 10:20:00,0.0,2025-05-10 10:20:00
2025-05-10 10:25:00,0.0,2025-05-10 10:25:00
2025-05-10 10:30:00,0.0,2025-05-10 10:30:00
2025-05-10 10:35:00,0.0,2025-05-10 10:35:00
2025-05-10 10:40:00,0.0,2025-05-10 10:40:00
2025-05-10 10:45:00,0.0,2025-05-10 10:45:00
2025-05-10 10:50:00,0.0,2025-05-10 10:50:00
2025-05-10 10:55:00,0.0,2025-05-10 10:55:00
2025-05-10 11:00:00,-1607.906,2025-05-10 11:00:00
2025-05-10 11:05:00,-1639.906,2025-05-10 11:05:00
2025-05-10 11:10:00,-1603.846,2025-05-10 11:10:00
2025-05-10 11:15:00,-1619.876,2025-05-10 11:15:00
2025-05-10 11:20:00,-1587.896,2025-05-10 11:20:00
2025-05-10 11:25:00,-1575.886,2025-05-10 11:25:00
2025-05-10 11:30:00,-1587.936,2025-05-10 11:30:00
2025-05-10 11:35:00,-1747.866,2025-05-10 11:35:00
2025-05-10 11:40:00,-1615.876,2025-05-10 11:40:00
2025-05-10 11:45:00,-1575.876,2025-05-10 11:45:00
2025-05-10 11:50:00,-1667.896,2025-05-10 11:50:00
2025-05-10 11:55:00,-1579.876,2025-05-10 11:55:00
2025-05-10 12:00:00,-1635.876,2025-05-10 12:00:00
2025-05-10 12:05:00,-1599.876,2025-05-10 12:05:00
2025-05-10 12:10:00,-1659.906,2025-05-10 12:10:00
2025-05-10 12:15:00,-1715.886,2025-05-10 12:15:00
2025-05-10 12:20:00,-1675.906,2025-05-10 12:20:00
2025-05-10 12:25:00,-1647.876,2025-05-10 12:25:00
2025-05-10 12:30:00,-1815.876,2025-05-10 12:30:00
2025-05-10 12:35:00,-1603.926,2025-05-10 12:35:00
2025-05-10 12:40:00,-1659.896,2025-05-10 12:40:00
2025-05-10 12:45:00,-1683.896,2025-05-10 12:45:00
2025-05-10 12:50:00,-1639.896,2025-05-10 12:50:00
2025-05-10 12:55:00,-1855.886,2025-05-10 12:55:00
2025-05-10 13:00:00,-1795.936,2025-05-10 13:00:00
2025-05-10 13:05:00,-1899.856,2025-05-10 13:05:00
2025-05-10 13:10:00,-1695.906,2025-05-10 13:10:00
2025-05-10 13:15:00,-1547.926,2025-05-10 13:15:00
2025-05-10 13:20:00,-1907.896,2025-05-10 13:20:00
2025-05-10 13:25:00,-1687.926,2025-05-10 13:25:00
2025-05-10 13:30:00,-1551.916,2025-05-10 13:30:00
2025-05-10 13:35:00,-1611.906,2025-05-10 13:35:00
2025-05-10 13:40:00,-1527.896,2025-05-10 13:40:00
2025-05-10 13:45:00,-2059.916,2025-05-10 13:45:00
2025-05-10 13:50:00,-1587.896,2025-05-10 13:50:00
2025-05-10 13:55:00,-1851.926,2025-05-10 13:55:00
2025-05-10 14:00:00,-1783.876,2025-05-10 14:00:00
2025-05-10 14:05:00,-1863.886,2025-05-10 14:05:00
2025-05-10 14:10:00,-1935.886,2025-05-10 14:10:00
2025-05-10 14:15:00,-1903.946,2025-05-10 14:15:00
2025-05-10 14:20:00,-2119.866,2025-05-10 14:20:00
2025-05-10 14:25:00,-1887.896,2025-05-10 14:25:00
2025-05-10 14:30:00,-1951.916,2025-05-10 14:30:00
2025-05-10 14:35:00,-1543.916,2025-05-10 14:35:00
2025-05-10 14:40:00,-1551.906,2025-05-10 14:40:00
2025-05-10 14:45:00,-1647.876,2025-05-10 14:45:00
2025-05-10 14:50:00,-1583.876,2025-05-10 14:50:00
2025-05-10 14:55:00,-1503.886,2025-05-10 14:55:00
2025-05-10 15:00:00,-1503.876,2025-05-10 15:00:00
2025-05-10 15:05:00,-1567.906,2025-05-10 15:05:00
2025-05-10 15:10:00,-1511.896,2025-05-10 15:10:00
2025-05-10 15:15:00,-1571.876,2025-05-10 15:15:00
2025-05-10 15:20:00,-1479.896,2025-05-10 15:20:00
2025-05-10 15:25:00,-1523.896,2025-05-10 15:25:00
2025-05-10 15:30:00,-1599.896,2025-05-10 15:30:00
2025-05-10 15:35:00,-1627.866,2025-05-10 15:35:00
2025-05-10 15:40:00,-1483.896,2025-05-10 15:40:00
2025-05-10 15:45:00,-1587.886,2025-05-10 15:45:00
2025-05-10 15:50:00,-1483.906,2025-05-10 15:50:00
2025-05-10 15:55:00,-1543.926,2025-05-10 15:55:00
2025-05-10 16:00:00,-1671.906,2025-05-10 16:00:00
2025-05-10 16:05:00,-1599.866,2025-05-10 16:05:00
2025-05-10 16:10:00,-1575.926,2025-05-10 16:10:00
2025-05-10 16:15:00,-1543.896,2025-05-10 16:15:00
2025-05-10 16:20:00,-1583.916,2025-05-10 16:20:00
2025-05-10 16:25:00,-1523.896,2025-05-10 16:25:00
2025-05-10 16:30:00,-1519.896,2025-05-10 16:30:00
2025-05-10 16:35:00,-1591.866,2025-05-10 16:35:00
2025-05-10 16:40:00,-1723.886,2025-05-10 16:40:00
2025-05-10 16:45:00,-1559.926,2025-05-10 16:45:00
2025-05-10 16:50:00,-1523.876,2025-05-10 16:50:00
2025-05-10 16:55:00,-1607.916,2025-05-10 16:55:00
2025-05-10 17:00:00,-1543.896,2025-05-10 17:00:00
2025-05-10 17:05:00,-1595.906,2025-05-10 17:05:00
2025-05-10 17:10:00,-1539.886,2025-05-10 17:10:00
2025-05-10 17:15:00,-1643.886,2025-05-10 17:15:00
2025-05-10 17:20:00,-1571.846,2025-05-10 17:20:00
2025-05-10 17:25:00,-1931.896,2025-05-10 17:25:00
2025-05-10 17:30:00,-1555.886,2025-05-10 17:30:00
2025-05-10 17:35:00,-1623.906,2025-05-10 17:35:00
2025-05-10 17:40:00,-1571.916,2025-05-10 17:40:00
2025-05-10 17:45:00,-1563.926,2025-05-10 17:45:00
2025-05-10 17:50:00,-1575.886,2025-05-10 17:50:00
2025-05-10 17:55:00,-1471.896,2025-05-10 17:55:00
2025-05-10 18:00:00,9000.0,2025-05-10 18:00:00
2025-05-10 18:05:00,9000.0,2025-05-10 18:05:00
2025-05-10 18:10:00,9000.0,2025-05-10 18:10:00
2025-05-10 18:15:00,9000.0,2025-05-10 18:15:00
2025-05-10 18:20:00,9000.0,2025-05-10 18:20:00
2025-05-10 18:25:00,9000.0,2025-05-10 18:25:00
2025-05-10 18:30:00,9000.0,2025-05-10 18:30:00
2025-05-10 18:35:00,9000.0,2025-05-10 18:35:00
2025-05-10 18:40:00,9000.0,2025-05-10 18:40:00
2025-05-10 18:45:00,8999.999,2025-05-10 18:45:00
2025-05-10 18:50:00,8999.999,2025-05-10 18:50:00
2025-05-10 18:55:00,8999.999,2025-05-10 18:55:00
2025-05-10 19:00:00,8999.993,2025-05-10 19:00:00
2025-05-10 19:05:00,3887.477,2025-05-10 19:05:00
2025-05-10 19:10:00,0.0,2025-05-10 19:10:00
2025-05-10 19:15:00,0.0,2025-05-10 19:15:00
2025-05-10 19:20:00,0.0,2025-05-10 19:20:00
2025-05-10 19:25:00,0.0,2025-05-10 19:25:00
2025-05-10 19:30:00,0.0,2025-05-10 19:30:00
2025-05-10 19:35:00,0.0,2025-05-10 19:35:00
2025-05-10 19:40:00,0.0,2025-05-10 19:40:00
2025-05-10 19:45:00,0.0,2025-05-10 19:45:00
2025-05-10 19:50:00,0.0,2025-05-10 19:50:00
2025-05-10 19:55:00,0.0,2025-05-10 19:55:00
2025-05-10 20:00:00,0.0,2025-05-10 20:00:00
2025-05-10 20:05:00,0.0,2025-05-10 20:05:00
2025-05-10 20:10:00,0.0,2025-05-10 20:10:00
2025-05-10 20:15:00,0.0,2025-05-10 20:15:00
2025-05-10 20:20:00,0.0,2025-05-10 20:20:00
2025-05-10 20:25:00,0.0,2025-05-10 20:25:00
2025-05-10 20:30:00,0.0,2025-05-10 20:30:00
2025-05-10 20:35:00,0.0,2025-05-10 20:35:00
2025-05-10 20:40:00,0.0,2025-05-10 20:40:00
2025-05-10 20:45:00,0.0,2025-05-10 20:45:00
2025-05-10 20:50:00,0.0,2025-05-10 20:50:00
2025-05-10 20:55:00,0.0,2025-05-10 20:55:00
2025-05-10 21:00:00,0.0,2025-05-10 21:00:00
2025-05-10 21:05:00,0.0,2025-05-10 21:05:00
2025-05-10 21:10:00,0.0,2025-05-10 21:10:00
2025-05-10 21:15:00,0.0,2025-05-10 21:15:00
2025-05-10 21:20:00,0.0,2025-05-10 21:20:00
2025-05-10 21:25:00,0.0,2025-05-10 21:25:00
2025-05-10 21:30:00,0.0,2025-05-10 21:30:00
2025-05-10 21:35:00,0.0,2025-05-10 21:35:00
2025-05-10 21:40:00,0.0,2025-05-10 21:40:00
2025-05-10 21:45:00,0.0,2025-05-10 21:45:00
2025-05-10 21:50:00,0.0,2025-05-10 21:50:00
2025-05-10 21:55:00,0.0,2025-05-10 21:55:00
2025-05-10 22:00:00,-1579.886,2025-05-10 22:00:00
2025-05-10 22:05:00,-1567.896,2025-05-10 22:05:00
2025-05-10 22:10:00,-1499.886,2025-05-10 22:10:00
2025-05-10 22:15:00,-1575.896,2025-05-10 22:15:00
2025-05-10 22:20:00,-1591.906,2025-05-10 22:20:00
2025-05-10 22:25:00,-1543.916,2025-05-10 22:25:00
2025-05-10 22:30:00,-1531.916,2025-05-10 22:30:00
2025-05-10 22:35:00,-1515.886,2025-05-10 22:35:00
2025-05-10 22:40:00,-1547.876,2025-05-10 22:40:00
2025-05-10 22:45:00,-1651.906,2025-05-10 22:45:00
2025-05-10 22:50:00,-1619.926,2025-05-10 22:50:00
2025-05-10 22:55:00,-1699.936,2025-05-10 22:55:00
2025-05-10 23:00:00,-1631.896,2025-05-10 23:00:00
2025-05-10 23:05:00,-1595.916,2025-05-10 23:05:00
2025-05-10 23:10:00,-1563.926,2025-05-10 23:10:00
2025-05-10 23:15:00,-1579.936,2025-05-10 23:15:00
2025-05-10 23:20:00,-1519.876,2025-05-10 23:20:00
2025-05-10 23:25:00,-1547.936,2025-05-10 23:25:00
2025-05-10 23:30:00,-1663.906,2025-05-10 23:30:00
2025-05-10 23:35:00,-1479.876,2025-05-10 23:35:00
2025-05-10 23:40:00,-1471.906,2025-05-10 23:40:00
2025-05-10 23:45:00,-1739.926,2025-05-10 23:45:00
2025-05-10 23:50:00,-1587.896,2025-05-10 23:50:00
2025-05-10 23:55:00,-1551.876,2025-05-10 23:55:00
2025-05-11 00:00:00,-1523.926,2025-05-11 00:00:00
2025-05-11 00:05:00,-1579.906,2025-05-11 00:05:00
2025-05-11 00:10:00,-1535.936,2025-05-11 00:10:00
2025-05-11 00:15:00,-2111.886,2025-05-11 00:15:00
2025-05-11 00:20:00,-1823.866,2025-05-11 00:20:00
2025-05-11 00:25:00,-1755.926,2025-05-11 00:25:00
2025-05-11 00:30:00,-1683.886,2025-05-11 00:30:00
2025-05-11 00:35:00,-1863.886,2025-05-11 00:35:00
2025-05-11 00:40:00,-1927.916,2025-05-11 00:40:00
2025-05-11 00:45:00,-1951.856,2025-05-11 00:45:00
2025-05-11 00:50:00,-1879.916,2025-05-11 00:50:00
2025-05-11 00:55:00,-1599.906,2025-05-11 00:55:00
2025-05-11 01:00:00,-1639.916,2025-05-11 01:00:00
2025-05-11 01:05:00,-1647.896,2025-05-11 01:05:00
2025-05-11 01:10:00,-1707.886,2025-05-11 01:10:00
2025-05-11 01:15:00,-1923.846,2025-05-11 01:15:00
2025-05-11 01:20:00,-1911.896,2025-05-11 01:20:00
2025-05-11 01:25:00,-1655.886,2025-05-11 01:25:00
2025-05-11 01:30:00,-1835.926,2025-05-11 01:30:00
2025-05-11 01:35:00,-1979.886,2025-05-11 01:35:00
2025-05-11 01:40:00,-1795.926,2025-05-11 01:40:00
2025-05-11 01:45:00,-1739.876,2025-05-11 01:45:00
2025-05-11 01:50:00,-1635.916,2025-05-11 01:50:00
2025-05-11 01:55:00,-1923.896,2025-05-11 01:55:00
2025-05-11 02:00:00,-1935.896,2025-05-11 02:00:00
2025-05-11 02:05:00,-1747.926,2025-05-11 02:05:00
2025-05-11 02:10:00,-1723.886,2025-05-11 02:10:00
2025-05-11 02:15:00,-1871.946,2025-05-11 02:15:00
2025-05-11 02:20:00,-1859.926,2025-05-11 02:20:00
2025-05-11 02:25:00,-2111.906,2025-05-11 02:25:00
2025-05-11 02:30:00,-1983.886,2025-05-11 02:30:00
2025-05-11 02:35:00,-1971.906,2025-05-11 02:35:00
2025-05-11 02:40:00,-1659.916,2025-05-11 02:40:00
2025-05-11 02:45:00,-1991.926,2025-05-11 02:45:00
2025-05-11 02:50:00,-2071.826,2025-05-11 02:50:00
2025-05-11 02:55:00,-1919.926,2025-05-11 02:55:00
2025-05-11 03:00:00,-2143.866,2025-05-11 03:00:00
2025-05-11 03:05:00,-2039.926,2025-05-11 03:05:00
2025-05-11 03:10:00,-1747.896,2025-05-11 03:10:00
2025-05-11 03:15:00,-1955.906,2025-05-11 03:15:00
2025-05-11 03:20:00,-1795.906,2025-05-11 03:20:00
2025-05-11 03:25:00,-1627.886,2025-05-11 03:25:00
2025-05-11 03:30:00,-1667.886,2025-05-11 03:30:00
2025-05-11 03:35:00,-1783.886,2025-05-11 03:35:00
2025-05-11 03:40:00,-1659.906,2025-05-11 03:40:00
2025-05-11 03:45:00,-1627.896,2025-05-11 03:45:00
2025-05-11 03:50:00,-1635.896,2025-05-11 03:50:00
2025-05-11 03:55:00,-1559.906,2025-05-11 03:55:00
2025-05-11 04:00:00,-1615.926,2025-05-11 04:00:00
2025-05-11 04:05:00,-1731.886,2025-05-11 04:05:00
2025-05-11 04:10:00,-1687.906,2025-05-11 04:10:00
2025-05-11 04:15:00,-1703.916,2025-05-11 04:15:00
2025-05-11 04:20:00,-1671.886,2025-05-11 04:20:00
2025-05-11 04:25:00,-1707.916,2025-05-11 04:25:00
2025-05-11 04:30:00,-1603.886,2025-05-11 04:30:00
2025-05-11 04:35:00,-1611.926,2025-05-11 04:35:00
2025-05-11 04:40:00,-1711.896,2025-05-11 04:40:00
2025-05-11 04:45:00,-1639.906,2025-05-11 04:45:00
2025-05-11 04:50:00,-1603.926,2025-05-11 04:50:00
2025-05-11 04:55:00,-1667.896,2025-05-11 04:55:00
2025-05-11 05:00:00,-1767.876,2025-05-11 05:00:00
2025-05-11 05:05:00,-1695.906,2025-05-11 05:05:00
2025-05-11 05:10:00,-1651.906,2025-05-11 05:10:00
2025-05-11 05:15:00,-1691.906,2025-05-11 05:15:00
2025-05-11 05:20:00,-1651.906,2025-05-11 05:20:00
2025-05-11 05:25:00,-1719.856,2025-05-11 05:25:00
2025-05-11 05:30:00,-1747.896,2025-05-11 05:30:00
2025-05-11 05:35:00,-1687.906,2025-05-11 05:35:00
2025-05-11 05:40:00,-1747.926,2025-05-11 05:40:00
2025-05-11 05:45:00,-1855.896,2025-05-11 05:45:00
2025-05-11 05:50:00,-1839.876,2025-05-11 05:50:00
2025-05-11 05:55:00,-1763.866,2025-05-11 05:55:00
2025-05-11 06:00:00,-2003.916,2025-05-11 06:00:00
2025-05-11 06:05:00,-1651.866,2025-05-11 06:05:00
2025-05-11 06:10:00,-1799.866,2025-05-11 06:10:00
2025-05-11 06:15:00,-1731.896,2025-05-11 06:15:00
2025-05-11 06:20:00,-1731.866,2025-05-11 06:20:00
2025-05-11 06:25:00,-1803.926,2025-05-11 06:25:00
2025-05-11 06:30:00,-1771.846,2025-05-11 06:30:00
2025-05-11 06:35:00,-1807.896,2025-05-11 06:35:00
2025-05-11 06:40:00,-1711.926,2025-05-11 06:40:00
2025-05-11 06:45:00,-1715.876,2025-05-11 06:45:00
2025-05-11 06:50:00,-1751.906,2025-05-11 06:50:00
2025-05-11 06:55:00,-1779.876,2025-05-11 06:55:00
2025-05-11 07:00:00,-1763.906,2025-05-11 07:00:00
2025-05-11 07:05:00,-1759.886,2025-05-11 07:05:00
2025-05-11 07:10:00,-1699.906,2025-05-11 07:10:00
2025-05-11 07:15:00,-1731.896,2025-05-11 07:15:00
2025-05-11 07:20:00,-1723.906,2025-05-11 07:20:00
2025-05-11 07:25:00,-1747.866,2025-05-11 07:25:00
2025-05-11 07:30:00,-1691.876,2025-05-11 07:30:00
2025-05-11 07:35:00,-1703.916,2025-05-11 07:35:00
2025-05-11 07:40:00,-1679.916,2025-05-11 07:40:00
2025-05-11 07:45:00,-1739.846,2025-05-11 07:45:00
2025-05-11 07:50:00,-1875.896,2025-05-11 07:50:00
2025-05-11 07:55:00,-1763.886,2025-05-11 07:55:00
2025-05-11 08:00:00,9000.0,2025-05-11 08:00:00
2025-05-11 08:05:00,9000.0,2025-05-11 08:05:00
2025-05-11 08:10:00,9000.0,2025-05-11 08:10:00
2025-05-11 08:15:00,9000.0,2025-05-11 08:15:00
2025-05-11 08:20:00,9000.0,2025-05-11 08:20:00
2025-05-11 08:25:00,9000.0,2025-05-11 08:25:00
2025-05-11 08:30:00,9000.0,2025-05-11 08:30:00
2025-05-11 08:35:00,9000.0,2025-05-11 08:35:00
2025-05-11 08:40:00,9000.0,2025-05-11 08:40:00
2025-05-11 08:45:00,9000.0,2025-05-11 08:45:00
2025-05-11 08:50:00,9000.0,2025-05-11 08:50:00
2025-05-11 08:55:00,9000.0,2025-05-11 08:55:00
2025-05-11 09:00:00,9000.0,2025-05-11 09:00:00
2025-05-11 09:05:00,9000.0,2025-05-11 09:05:00
2025-05-11 09:10:00,9000.0,2025-05-11 09:10:00
2025-05-11 09:15:00,9000.0,2025-05-11 09:15:00
2025-05-11 09:20:00,8999.999,2025-05-11 09:20:00
2025-05-11 09:25:00,8999.999,2025-05-11 09:25:00
2025-05-11 09:30:00,8999.999,2025-05-11 09:30:00
2025-05-11 09:35:00,8999.976,2025-05-11 09:35:00
2025-05-11 09:40:00,1375.864,2025-05-11 09:40:00
2025-05-11 09:45:00,0.0,2025-05-11 09:45:00
2025-05-11 09:50:00,0.0,2025-05-11 09:50:00
2025-05-11 09:55:00,0.0,2025-05-11 09:55:00
2025-05-11 10:00:00,0.0,2025-05-11 10:00:00
2025-05-11 10:05:00,0.0,2025-05-11 10:05:00
2025-05-11 10:10:00,0.0,2025-05-11 10:10:00
2025-05-11 10:15:00,0.0,2025-05-11 10:15:00
2025-05-11 10:20:00,0.0,2025-05-11 10:20:00
2025-05-11 10:25:00,0.0,2025-05-11 10:25:00
2025-05-11 10:30:00,0.0,2025-05-11 10:30:00
2025-05-11 10:35:00,0.0,2025-05-11 10:35:00
2025-05-11 10:40:00,0.0,2025-05-11 10:40:00
2025-05-11 10:45:00,0.0,2025-05-11 10:45:00
2025-05-11 10:50:00,0.0,2025-05-11 10:50:00
2025-05-11 10:55:00,0.0,2025-05-11 10:55:00
2025-05-11 11:00:00,-1879.866,2025-05-11 11:00:00
2025-05-11 11:05:00,-1935.886,2025-05-11 11:05:00
2025-05-11 11:10:00,-1999.906,2025-05-11 11:10:00
2025-05-11 11:15:00,-1995.906,2025-05-11 11:15:00
2025-05-11 11:20:00,-1835.876,2025-05-11 11:20:00
2025-05-11 11:25:00,-1895.866,2025-05-11 11:25:00
2025-05-11 11:30:00,-1851.886,2025-05-11 11:30:00
2025-05-11 11:35:00,-1835.916,2025-05-11 11:35:00
2025-05-11 11:40:00,-2307.886,2025-05-11 11:40:00
2025-05-11 11:45:00,-1887.886,2025-05-11 11:45:00
2025-05-11 11:50:00,-1995.896,2025-05-11 11:50:00
2025-05-11 11:55:00,-1863.866,2025-05-11 11:55:00
2025-05-11 12:00:00,-1855.886,2025-05-11 12:00:00
2025-05-11 12:05:00,-1827.906,2025-05-11 12:05:00
2025-05-11 12:10:00,-1867.896,2025-05-11 12:10:00
2025-05-11 12:15:00,-1943.946,2025-05-11 12:15:00
2025-05-11 12:20:00,-1787.886,2025-05-11 12:20:00
2025-05-11 12:25:00,-1811.916,2025-05-11 12:25:00
2025-05-11 12:30:00,-1791.936,2025-05-11 12:30:00
2025-05-11 12:35:00,-1787.906,2025-05-11 12:35:00
2025-05-11 12:40:00,-1779.886,2025-05-11 12:40:00
2025-05-11 12:45:00,-1867.896,2025-05-11 12:45:00
2025-05-11 12:50:00,-1751.926,2025-05-11 12:50:00
2025-05-11 12:55:00,-1843.896,2025-05-11 12:55:00
2025-05-11 13:00:00,-1815.896,2025-05-11 13:00:00
2025-05-11 13:05:00,-1943.916,2025-05-11 13:05:00
2025-05-11 13:10:00,-1843.886,2025-05-11 13:10:00
2025-05-11 13:15:00,-1827.906,2025-05-11 13:15:00
2025-05-11 13:20:00,-1811.886,2025-05-11 13:20:00
2025-05-11 13:25:00,-1791.916,2025-05-11 13:25:00
2025-05-11 13:30:00,-1983.876,2025-05-11 13:30:00
2025-05-11 13:35:00,-1747.916,2025-05-11 13:35:00
2025-05-11 13:40:00,-1859.886,2025-05-11 13:40:00
2025-05-11 13:45:00,-1771.886,2025-05-11 13:45:00
2025-05-11 13:50:00,-1783.906,2025-05-11 13:50:00
2025-05-11 13:55:00,-1787.906,2025-05-11 13:55:00
2025-05-11 14:00:00,-1827.906,2025-05-11 14:00:00
2025-05-11 14:05:00,-1815.916,2025-05-11 14:05:00
2025-05-11 14:10:00,-1791.906,2025-05-11 14:10:00
2025-05-11 14:15:00,-1811.876,2025-05-11 14:15:00
2025-05-11 14:20:00,-1807.916,2025-05-11 14:20:00
2025-05-11 14:25:00,-1723.856,2025-05-11 14:25:00
2025-05-11 14:30:00,-1715.876,2025-05-11 14:30:00
2025-05-11 14:35:00,-1863.916,2025-05-11 14:35:00
2025-05-11 14:40:00,-1795.906,2025-05-11 14:40:00
2025-05-11 14:45:00,-1631.886,2025-05-11 14:45:00
2025-05-11 14:50:00,-1743.886,2025-05-11 14:50:00
2025-05-11 14:55:00,-1847.916,2025-05-11 14:55:00
2025-05-11 15:00:00,-1687.886,2025-05-11 15:00:00
2025-05-11 15:05:00,-1907.926,2025-05-11 15:05:00
2025-05-11 15:10:00,-1763.886,2025-05-11 15:10:00
2025-05-11 15:15:00,-1735.906,2025-05-11 15:15:00
2025-05-11 15:20:00,-1839.856,2025-05-11 15:20:00
2025-05-11 15:25:00,-1683.886,2025-05-11 15:25:00
2025-05-11 15:30:00,-1711.866,2025-05-11 15:30:00
2025-05-11 15:35:00,-1679.896,2025-05-11 15:35:00
2025-05-11 15:40:00,-1535.916,2025-05-11 15:40:00
2025-05-11 15:45:00,-1611.886,2025-05-11 15:45:00
2025-05-11 15:50:00,-1703.886,2025-05-11 15:50:00
2025-05-11 15:55:00,-1655.886,2025-05-11 15:55:00
2025-05-11 16:00:00,-1675.906,2025-05-11 16:00:00
2025-05-11 16:05:00,-1763.886,2025-05-11 16:05:00
2025-05-11 16:10:00,-1587.876,2025-05-11 16:10:00
2025-05-11 16:15:00,-1599.916,2025-05-11 16:15:00
2025-05-11 16:20:00,-1655.886,2025-05-11 16:20:00
2025-05-11 16:25:00,-1635.906,2025-05-11 16:25:00
2025-05-11 16:30:00,-1603.876,2025-05-11 16:30:00
2025-05-11 16:35:00,-1651.906,2025-05-11 16:35:00
2025-05-11 16:40:00,-1615.876,2025-05-11 16:40:00
2025-05-11 16:45:00,-1599.856,2025-05-11 16:45:00
2025-05-11 16:50:00,-1599.916,2025-05-11 16:50:00
2025-05-11 16:55:00,-1683.896,2025-05-11 16:55:00
2025-05-11 17:00:00,-1659.886,2025-05-11 17:00:00
2025-05-11 17:05:00,-1675.896,2025-05-11 17:05:00
2025-05-11 17:10:00,-1651.906,2025-05-11 17:10:00
2025-05-11 17:15:00,-1703.926,2025-05-11 17:15:00
2025-05-11 17:20:00,-2115.916,2025-05-11 17:20:00
2025-05-11 17:25:00,-1783.906,2025-05-11 17:25:00
2025-05-11 17:30:00,-1595.926,2025-05-11 17:30:00
2025-05-11 17:35:00,-1619.906,2025-05-11 17:35:00
2025-05-11 17:40:00,-1603.946,2025-05-11 17:40:00
2025-05-11 17:45:00,-1683.896,2025-05-11 17:45:00
2025-05-11 17:50:00,-1647.906,2025-05-11 17:50:00
2025-05-11 17:55:00,-1663.886,2025-05-11 17:55:00
2025-05-11 18:00:00,9000.0,2025-05-11 18:00:00
2025-05-11 18:05:00,9000.0,2025-05-11 18:05:00
2025-05-11 18:10:00,9000.0,2025-05-11 18:10:00
2025-05-11 18:15:00,9000.0,2025-05-11 18:15:00
2025-05-11 18:20:00,9000.0,2025-05-11 18:20:00
2025-05-11 18:25:00,9000.0,2025-05-11 18:25:00
2025-05-11 18:30:00,9000.0,2025-05-11 18:30:00
2025-05-11 18:35:00,9000.0,2025-05-11 18:35:00
2025-05-11 18:40:00,9000.0,2025-05-11 18:40:00
2025-05-11 18:45:00,9000.0,2025-05-11 18:45:00
2025-05-11 18:50:00,9000.0,2025-05-11 18:50:00
2025-05-11 18:55:00,8999.999,2025-05-11 18:55:00
2025-05-11 19:00:00,8999.999,2025-05-11 19:00:00
2025-05-11 19:05:00,8999.997,2025-05-11 19:05:00
2025-05-11 19:10:00,4361.767,2025-05-11 19:10:00
2025-05-11 19:15:00,0.0,2025-05-11 19:15:00
2025-05-11 19:20:00,0.0,2025-05-11 19:20:00
2025-05-11 19:25:00,0.0,2025-05-11 19:25:00
2025-05-11 19:30:00,0.0,2025-05-11 19:30:00
2025-05-11 19:35:00,0.0,2025-05-11 19:35:00
2025-05-11 19:40:00,0.0,2025-05-11 19:40:00
2025-05-11 19:45:00,0.0,2025-05-11 19:45:00
2025-05-11 19:50:00,0.0,2025-05-11 19:50:00
2025-05-11 19:55:00,0.0,2025-05-11 19:55:00
2025-05-11 20:00:00,0.0,2025-05-11 20:00:00
2025-05-11 20:05:00,0.0,2025-05-11 20:05:00
2025-05-11 20:10:00,0.0,2025-05-11 20:10:00
2025-05-11 20:15:00,0.0,2025-05-11 20:15:00
2025-05-11 20:20:00,0.0,2025-05-11 20:20:00
2025-05-11 20:25:00,0.0,2025-05-11 20:25:00
2025-05-11 20:30:00,0.0,2025-05-11 20:30:00
2025-05-11 20:35:00,0.0,2025-05-11 20:35:00
2025-05-11 20:40:00,0.0,2025-05-11 20:40:00
2025-05-11 20:45:00,0.0,2025-05-11 20:45:00
2025-05-11 20:50:00,0.0,2025-05-11 20:50:00
2025-05-11 20:55:00,0.0,2025-05-11 20:55:00
2025-05-11 21:00:00,0.0,2025-05-11 21:00:00
2025-05-11 21:05:00,0.0,2025-05-11 21:05:00
2025-05-11 21:10:00,0.0,2025-05-11 21:10:00
2025-05-11 21:15:00,0.0,2025-05-11 21:15:00
2025-05-11 21:20:00,0.0,2025-05-11 21:20:00
2025-05-11 21:25:00,0.0,2025-05-11 21:25:00
2025-05-11 21:30:00,0.0,2025-05-11 21:30:00
2025-05-11 21:35:00,0.0,2025-05-11 21:35:00
2025-05-11 21:40:00,0.0,2025-05-11 21:40:00
2025-05-11 21:45:00,0.0,2025-05-11 21:45:00
2025-05-11 21:50:00,0.0,2025-05-11 21:50:00
2025-05-11 21:55:00,0.0,2025-05-11 21:55:00
2025-05-11 22:00:00,-1887.846,2025-05-11 22:00:00
2025-05-11 22:05:00,-1771.866,2025-05-11 22:05:00
2025-05-11 22:10:00,-1667.906,2025-05-11 22:10:00
2025-05-11 22:15:00,-1511.896,2025-05-11 22:15:00
2025-05-11 22:20:00,-1587.896,2025-05-11 22:20:00
2025-05-11 22:25:00,-1547.896,2025-05-11 22:25:00
2025-05-11 22:30:00,-1547.886,2025-05-11 22:30:00
2025-05-11 22:35:00,-1887.906,2025-05-11 22:35:00
2025-05-11 22:40:00,-1923.906,2025-05-11 22:40:00
2025-05-11 22:45:00,-1595.926,2025-05-11 22:45:00
2025-05-11 22:50:00,-1395.876,2025-05-11 22:50:00
2025-05-11 22:55:00,-1663.876,2025-05-11 22:55:00
2025-05-11 23:00:00,-1443.916,2025-05-11 23:00:00
2025-05-11 23:05:00,-1395.886,2025-05-11 23:05:00
2025-05-11 23:10:00,-1267.896,2025-05-11 23:10:00
2025-05-11 23:15:00,-1239.896,2025-05-11 23:15:00
2025-05-11 23:20:00,-1371.916,2025-05-11 23:20:00
2025-05-11 23:25:00,-1419.906,2025-05-11 23:25:00
2025-05-11 23:30:00,-1275.856,2025-05-11 23:30:00
2025-05-11 23:35:00,-1879.886,2025-05-11 23:35:00
2025-05-11 23:40:00,-1691.876,2025-05-11 23:40:00
2025-05-11 23:45:00,-1755.906,2025-05-11 23:45:00
2025-05-11 23:50:00,-1727.916,2025-05-11 23:50:00
2025-05-11 23:55:00,-1663.926,2025-05-11 23:55:00
2025-05-12 00:00:00,-1695.916,2025-05-12 00:00:00
2025-05-12 00:05:00,-1435.876,2025-05-12 00:05:00
2025-05-12 00:10:00,-1363.896,2025-05-12 00:10:00
2025-05-12 00:15:00,-1311.906,2025-05-12 00:15:00
2025-05-12 00:20:00,-1367.906,2025-05-12 00:20:00
2025-05-12 00:25:00,-1363.866,2025-05-12 00:25:00
2025-05-12 00:30:00,-1743.906,2025-05-12 00:30:00
2025-05-12 00:35:00,-1731.906,2025-05-12 00:35:00
2025-05-12 00:40:00,-1743.906,2025-05-12 00:40:00
2025-05-12 00:45:00,-1463.876,2025-05-12 00:45:00
2025-05-12 00:50:00,-1443.886,2025-05-12 00:50:00
2025-05-12 00:55:00,-1407.926,2025-05-12 00:55:00
2025-05-12 01:00:00,-1491.896,2025-05-12 01:00:00
2025-05-12 01:05:00,-1315.896,2025-05-12 01:05:00
2025-05-12 01:10:00,-1267.926,2025-05-12 01:10:00
2025-05-12 01:15:00,-1527.896,2025-05-12 01:15:00
2025-05-12 01:20:00,-1735.906,2025-05-12 01:20:00
2025-05-12 01:25:00,-1615.896,2025-05-12 01:25:00
2025-05-12 01:30:00,-1787.896,2025-05-12 01:30:00
2025-05-12 01:35:00,-1631.846,2025-05-12 01:35:00
2025-05-12 01:40:00,-1391.916,2025-05-12 01:40:00
2025-05-12 01:45:00,-1287.866,2025-05-12 01:45:00
2025-05-12 01:50:00,-1675.886,2025-05-12 01:50:00
2025-05-12 01:55:00,-1595.886,2025-05-12 01:55:00
2025-05-12 02:00:00,-1699.916,2025-05-12 02:00:00
2025-05-12 02:05:00,-1655.896,2025-05-12 02:05:00
2025-05-12 02:10:00,-1651.906,2025-05-12 02:10:00
2025-05-12 02:15:00,-1559.896,2025-05-12 02:15:00
2025-05-12 02:20:00,-1331.866,2025-05-12 02:20:00
2025-05-12 02:25:00,-1171.916,2025-05-12 02:25:00
2025-05-12 02:30:00,-1167.876,2025-05-12 02:30:00
2025-05-12 02:35:00,-1351.916,2025-05-12 02:35:00
2025-05-12 02:40:00,-1295.896,2025-05-12 02:40:00
2025-05-12 02:45:00,-1451.906,2025-05-12 02:45:00
2025-05-12 02:50:00,-1307.896,2025-05-12 02:50:00
2025-05-12 02:55:00,-1299.846,2025-05-12 02:55:00
2025-05-12 03:00:00,-1411.886,2025-05-12 03:00:00
2025-05-12 03:05:00,-1391.896,2025-05-12 03:05:00
2025-05-12 03:10:00,-1379.926,2025-05-12 03:10:00
2025-05-12 03:15:00,-1411.896,2025-05-12 03:15:00
2025-05-12 03:20:00,-1407.926,2025-05-12 03:20:00
2025-05-12 03:25:00,-1435.906,2025-05-12 03:25:00
2025-05-12 03:30:00,-1551.936,2025-05-12 03:30:00
2025-05-12 03:35:00,-1655.876,2025-05-12 03:35:00
2025-05-12 03:40:00,-1547.896,2025-05-12 03:40:00
2025-05-12 03:45:00,-1539.896,2025-05-12 03:45:00
2025-05-12 03:50:00,-1439.896,2025-05-12 03:50:00
2025-05-12 03:55:00,-1475.886,2025-05-12 03:55:00
2025-05-12 04:00:00,-1559.916,2025-05-12 04:00:00
2025-05-12 04:05:00,-1415.926,2025-05-12 04:05:00
2025-05-12 04:10:00,-1575.876,2025-05-12 04:10:00
2025-05-12 04:15:00,-1455.896,2025-05-12 04:15:00
2025-05-12 04:20:00,-1471.886,2025-05-12 04:20:00
2025-05-12 04:25:00,-1431.906,2025-05-12 04:25:00
2025-05-12 04:30:00,-1599.896,2025-05-12 04:30:00
2025-05-12 04:35:00,-1375.866,2025-05-12 04:35:00
2025-05-12 04:40:00,-1367.896,2025-05-12 04:40:00
2025-05-12 04:45:00,-1379.916,2025-05-12 04:45:00
2025-05-12 04:50:00,-1455.926,2025-05-12 04:50:00
2025-05-12 04:55:00,-1651.876,2025-05-12 04:55:00
2025-05-12 05:00:00,-1431.906,2025-05-12 05:00:00
2025-05-12 05:05:00,-1423.916,2025-05-12 05:05:00
2025-05-12 05:10:00,-1395.896,2025-05-12 05:10:00
2025-05-12 05:15:00,-1395.896,2025-05-12 05:15:00
2025-05-12 05:20:00,-1403.896,2025-05-12 05:20:00
2025-05-12 05:25:00,-1347.916,2025-05-12 05:25:00
2025-05-12 05:30:00,-1359.906,2025-05-12 05:30:00
2025-05-12 05:35:00,-1431.856,2025-05-12 05:35:00
2025-05-12 05:40:00,-1411.896,2025-05-12 05:40:00
2025-05-12 05:45:00,-1307.906,2025-05-12 05:45:00
2025-05-12 05:50:00,-1407.866,2025-05-12 05:50:00
2025-05-12 05:55:00,-1463.866,2025-05-12 05:55:00
2025-05-12 06:00:00,-1335.926,2025-05-12 06:00:00
2025-05-12 06:05:00,-1391.886,2025-05-12 06:05:00
2025-05-12 06:10:00,-1387.896,2025-05-12 06:10:00
2025-05-12 06:15:00,-1307.856,2025-05-12 06:15:00
2025-05-12 06:20:00,-1463.906,2025-05-12 06:20:00
2025-05-12 06:25:00,-1543.866,2025-05-12 06:25:00
2025-05-12 06:30:00,-1447.916,2025-05-12 06:30:00
2025-05-12 06:35:00,-1587.866,2025-05-12 06:35:00
2025-05-12 06:40:00,-1387.896,2025-05-12 06:40:00
2025-05-12 06:45:00,-1511.916,2025-05-12 06:45:00
2025-05-12 06:50:00,-1375.866,2025-05-12 06:50:00
2025-05-12 06:55:00,-1439.886,2025-05-12 06:55:00
2025-05-12 07:00:00,-1399.916,2025-05-12 07:00:00
2025-05-12 07:05:00,-1359.896,2025-05-12 07:05:00
2025-05-12 07:10:00,-1455.916,2025-05-12 07:10:00
2025-05-12 07:15:00,-1435.866,2025-05-12 07:15:00
2025-05-12 07:20:00,-1351.896,2025-05-12 07:20:00
2025-05-12 07:25:00,-1451.896,2025-05-12 07:25:00
2025-05-12 07:30:00,-1591.886,2025-05-12 07:30:00
2025-05-12 07:35:00,-1471.876,2025-05-12 07:35:00
2025-05-12 07:40:00,-1411.896,2025-05-12 07:40:00
2025-05-12 07:45:00,-1679.866,2025-05-12 07:45:00
2025-05-12 07:50:00,-1771.916,2025-05-12 07:50:00
2025-05-12 07:55:00,-1443.916,2025-05-12 07:55:00
2025-05-12 08:00:00,9000.0,2025-05-12 08:00:00
2025-05-12 08:05:00,9000.0,2025-05-12 08:05:00
2025-05-12 08:10:00,9000.0,2025-05-12 08:10:00
2025-05-12 08:15:00,9000.0,2025-05-12 08:15:00
2025-05-12 08:20:00,9000.0,2025-05-12 08:20:00
2025-05-12 08:25:00,9000.0,2025-05-12 08:25:00
2025-05-12 08:30:00,9000.0,2025-05-12 08:30:00
2025-05-12 08:35:00,9000.0,2025-05-12 08:35:00
2025-05-12 08:40:00,9000.0,2025-05-12 08:40:00
2025-05-12 08:45:00,9000.0,2025-05-12 08:45:00
2025-05-12 08:50:00,9000.0,2025-05-12 08:50:00
2025-05-12 08:55:00,9000.0,2025-05-12 08:55:00
2025-05-12 09:00:00,9000.0,2025-05-12 09:00:00
2025-05-12 09:05:00,9000.0,2025-05-12 09:05:00
2025-05-12 09:10:00,9000.0,2025-05-12 09:10:00
2025-05-12 09:15:00,9000.0,2025-05-12 09:15:00
2025-05-12 09:20:00,8999.998,2025-05-12 09:20:00
2025-05-12 09:25:00,3148.332,2025-05-12 09:25:00
2025-05-12 09:30:00,0.0,2025-05-12 09:30:00
2025-05-12 09:35:00,0.0,2025-05-12 09:35:00
2025-05-12 09:40:00,0.0,2025-05-12 09:40:00
2025-05-12 09:45:00,0.0,2025-05-12 09:45:00
2025-05-12 09:50:00,0.0,2025-05-12 09:50:00
2025-05-12 09:55:00,0.0,2025-05-12 09:55:00
2025-05-12 10:00:00,0.0,2025-05-12 10:00:00
2025-05-12 10:05:00,0.0,2025-05-12 10:05:00
2025-05-12 10:10:00,0.0,2025-05-12 10:10:00
2025-05-12 10:15:00,0.0,2025-05-12 10:15:00
2025-05-12 10:20:00,0.0,2025-05-12 10:20:00
2025-05-12 10:25:00,0.0,2025-05-12 10:25:00
2025-05-12 10:30:00,0.0,2025-05-12 10:30:00
2025-05-12 10:35:00,0.0,2025-05-12 10:35:00
2025-05-12 10:40:00,0.0,2025-05-12 10:40:00
2025-05-12 10:45:00,0.0,2025-05-12 10:45:00
2025-05-12 10:50:00,0.0,2025-05-12 10:50:00
2025-05-12 10:55:00,0.0,2025-05-12 10:55:00
2025-05-12 11:00:00,-1371.896,2025-05-12 11:00:00
2025-05-12 11:05:00,-1487.906,2025-05-12 11:05:00
2025-05-12 11:10:00,-1367.926,2025-05-12 11:10:00
2025-05-12 11:15:00,-1299.926,2025-05-12 11:15:00
2025-05-12 11:20:00,-1299.916,2025-05-12 11:20:00
2025-05-12 11:25:00,-1323.876,2025-05-12 11:25:00
2025-05-12 11:30:00,-1403.906,2025-05-12 11:30:00
2025-05-12 11:35:00,-1259.906,2025-05-12 11:35:00
2025-05-12 11:40:00,-1319.926,2025-05-12 11:40:00
2025-05-12 11:45:00,-1263.896,2025-05-12 11:45:00
2025-05-12 11:50:00,-1343.916,2025-05-12 11:50:00
2025-05-12 11:55:00,-1387.946,2025-05-12 11:55:00
2025-05-12 12:00:00,-1267.856,2025-05-12 12:00:00
2025-05-12 12:05:00,-1315.896,2025-05-12 12:05:00
2025-05-12 12:10:00,-1239.906,2025-05-12 12:10:00
2025-05-12 12:15:00,-1467.906,2025-05-12 12:15:00
2025-05-12 12:20:00,-1235.906,2025-05-12 12:20:00
2025-05-12 12:25:00,-1235.876,2025-05-12 12:25:00
2025-05-12 12:30:00,-1399.906,2025-05-12 12:30:00
2025-05-12 12:35:00,-1319.876,2025-05-12 12:35:00
2025-05-12 12:40:00,-1371.896,2025-05-12 12:40:00
2025-05-12 12:45:00,-1259.926,2025-05-12 12:45:00
2025-05-12 12:50:00,-1219.886,2025-05-12 12:50:00
2025-05-12 12:55:00,-1315.876,2025-05-12 12:55:00
2025-05-12 13:00:00,-1483.886,2025-05-12 13:00:00
2025-05-12 13:05:00,-1259.906,2025-05-12 13:05:00
2025-05-12 13:10:00,-1327.916,2025-05-12 13:10:00
2025-05-12 13:15:00,-1251.906,2025-05-12 13:15:00
2025-05-12 13:20:00,-1347.896,2025-05-12 13:20:00
2025-05-12 13:25:00,-1375.846,2025-05-12 13:25:00
2025-05-12 13:30:00,-1707.866,2025-05-12 13:30:00
2025-05-12 13:35:00,-1707.886,2025-05-12 13:35:00
2025-05-12 13:40:00,-1427.906,2025-05-12 13:40:00
2025-05-12 13:45:00,-1423.896,2025-05-12 13:45:00
2025-05-12 13:50:00,-1387.876,2025-05-12 13:50:00
2025-05-12 13:55:00,-1407.896,2025-05-12 13:55:00
2025-05-12 14:00:00,-1371.886,2025-05-12 14:00:00
2025-05-12 14:05:00,-1355.836,2025-05-12 14:05:00
2025-05-12 14:10:00,-1403.896,2025-05-12 14:10:00
2025-05-12 14:15:00,-1219.856,2025-05-12 14:15:00
2025-05-12 14:20:00,-1471.916,2025-05-12 14:20:00
2025-05-12 14:25:00,-1267.916,2025-05-12 14:25:00
2025-05-12 14:30:00,-1371.876,2025-05-12 14:30:00
2025-05-12 14:35:00,-1395.866,2025-05-12 14:35:00
2025-05-12 14:40:00,-1323.916,2025-05-12 14:40:00
2025-05-12 14:45:00,-1287.876,2025-05-12 14:45:00
2025-05-12 14:50:00,-1727.916,2025-05-12 14:50:00
2025-05-12 14:55:00,-1643.886,2025-05-12 14:55:00
2025-05-12 15:00:00,-1583.866,2025-05-12 15:00:00
2025-05-12 15:05:00,-1643.866,2025-05-12 15:05:00
2025-05-12 15:10:00,-1739.916,2025-05-12 15:10:00
2025-05-12 15:15:00,-1687.856,2025-05-12 15:15:00
2025-05-12 15:20:00,-1739.896,2025-05-12 15:20:00
2025-05-12 15:25:00,-1687.906,2025-05-12 15:25:00
2025-05-12 15:30:00,-1779.876,2025-05-12 15:30:00
2025-05-12 15:35:00,-1767.896,2025-05-12 15:35:00
2025-05-12 15:40:00,-1727.866,2025-05-12 15:40:00
2025-05-12 15:45:00,-1715.896,2025-05-12 15:45:00
2025-05-12 15:50:00,-1635.926,2025-05-12 15:50:00
2025-05-12 15:55:00,-1679.916,2025-05-12 15:55:00
2025-05-12 16:00:00,-1663.906,2025-05-12 16:00:00
2025-05-12 16:05:00,-1679.906,2025-05-12 16:05:00
2025-05-12 16:10:00,-1691.896,2025-05-12 16:10:00
2025-05-12 16:15:00,-1731.866,2025-05-12 16:15:00
2025-05-12 16:20:00,-1599.906,2025-05-12 16:20:00
2025-05-12 16:25:00,-1739.866,2025-05-12 16:25:00
2025-05-12 16:30:00,-1623.906,2025-05-12 16:30:00
2025-05-12 16:35:00,-1619.886,2025-05-12 16:35:00
2025-05-12 16:40:00,-1655.866,2025-05-12 16:40:00
2025-05-12 16:45:00,-1743.886,2025-05-12 16:45:00
2025-05-12 16:50:00,-1643.886,2025-05-12 16:50:00
2025-05-12 16:55:00,-1627.886,2025-05-12 16:55:00
2025-05-12 17:00:00,-1695.886,2025-05-12 17:00:00
2025-05-12 17:05:00,-1695.896,2025-05-12 17:05:00
2025-05-12 17:10:00,-1719.886,2025-05-12 17:10:00
2025-05-12 17:15:00,-1683.866,2025-05-12 17:15:00
2025-05-12 17:20:00,-1555.916,2025-05-12 17:20:00
2025-05-12 17:25:00,-1743.886,2025-05-12 17:25:00
2025-05-12 17:30:00,-1707.856,2025-05-12 17:30:00
2025-05-12 17:35:00,-1651.846,2025-05-12 17:35:00
2025-05-12 17:40:00,-1651.866,2025-05-12 17:40:00
2025-05-12 17:45:00,-1623.916,2025-05-12 17:45:00
2025-05-12 17:50:00,-1587.906,2025-05-12 17:50:00
2025-05-12 17:55:00,-1603.906,2025-05-12 17:55:00
2025-05-12 18:00:00,9000.0,2025-05-12 18:00:00
2025-05-12 18:05:00,9000.0,2025-05-12 18:05:00
2025-05-12 18:10:00,9000.0,2025-05-12 18:10:00
2025-05-12 18:15:00,9000.0,2025-05-12 18:15:00
2025-05-12 18:20:00,9000.0,2025-05-12 18:20:00
2025-05-12 18:25:00,9000.0,2025-05-12 18:25:00
2025-05-12 18:30:00,9000.0,2025-05-12 18:30:00
2025-05-12 18:35:00,9000.0,2025-05-12 18:35:00
2025-05-12 18:40:00,9000.0,2025-05-12 18:40:00
2025-05-12 18:45:00,9000.0,2025-05-12 18:45:00
2025-05-12 18:50:00,9000.0,2025-05-12 18:50:00
2025-05-12 18:55:00,8999.998,2025-05-12 18:55:00
2025-05-12 19:00:00,2186.007,2025-05-12 19:00:00
2025-05-12 19:05:00,0.0,2025-05-12 19:05:00
2025-05-12 19:10:00,0.0,2025-05-12 19:10:00
2025-05-12 19:15:00,0.0,2025-05-12 19:15:00
2025-05-12 19:20:00,0.0,2025-05-12 19:20:00
2025-05-12 19:25:00,0.0,2025-05-12 19:25:00
2025-05-12 19:30:00,0.0,2025-05-12 19:30:00
2025-05-12 19:35:00,0.0,2025-05-12 19:35:00
2025-05-12 19:40:00,0.0,2025-05-12 19:40:00
2025-05-12 19:45:00,0.0,2025-05-12 19:45:00
2025-05-12 19:50:00,0.0,2025-05-12 19:50:00
2025-05-12 19:55:00,0.0,2025-05-12 19:55:00
2025-05-12 20:00:00,0.0,2025-05-12 20:00:00
2025-05-12 20:05:00,0.0,2025-05-12 20:05:00
2025-05-12 20:10:00,0.0,2025-05-12 20:10:00
2025-05-12 20:15:00,0.0,2025-05-12 20:15:00
2025-05-12 20:20:00,0.0,2025-05-12 20:20:00
2025-05-12 20:25:00,0.0,2025-05-12 20:25:00
2025-05-12 20:30:00,0.0,2025-05-12 20:30:00
2025-05-12 20:35:00,0.0,2025-05-12 20:35:00
2025-05-12 20:40:00,0.0,2025-05-12 20:40:00
2025-05-12 20:45:00,0.0,2025-05-12 20:45:00
2025-05-12 20:50:00,0.0,2025-05-12 20:50:00
2025-05-12 20:55:00,0.0,2025-05-12 20:55:00
2025-05-12 21:00:00,0.0,2025-05-12 21:00:00
2025-05-12 21:05:00,0.0,2025-05-12 21:05:00
2025-05-12 21:10:00,0.0,2025-05-12 21:10:00
2025-05-12 21:15:00,0.0,2025-05-12 21:15:00
2025-05-12 21:20:00,0.0,2025-05-12 21:20:00
2025-05-12 21:25:00,0.0,2025-05-12 21:25:00
2025-05-12 21:30:00,0.0,2025-05-12 21:30:00
2025-05-12 21:35:00,0.0,2025-05-12 21:35:00
2025-05-12 21:40:00,0.0,2025-05-12 21:40:00
2025-05-12 21:45:00,0.0,2025-05-12 21:45:00
2025-05-12 21:50:00,0.0,2025-05-12 21:50:00
2025-05-12 21:55:00,0.0,2025-05-12 21:55:00
2025-05-12 22:00:00,-1415.906,2025-05-12 22:00:00
2025-05-12 22:05:00,-1843.906,2025-05-12 22:05:00
2025-05-12 22:10:00,-1355.896,2025-05-12 22:10:00
2025-05-12 22:15:00,-1411.906,2025-05-12 22:15:00
2025-05-12 22:20:00,-1423.926,2025-05-12 22:20:00
2025-05-12 22:25:00,-1547.926,2025-05-12 22:25:00
2025-05-12 22:30:00,-1559.916,2025-05-12 22:30:00
2025-05-12 22:35:00,-1415.886,2025-05-12 22:35:00
2025-05-12 22:40:00,-1459.926,2025-05-12 22:40:00
2025-05-12 22:45:00,-1515.886,2025-05-12 22:45:00
2025-05-12 22:50:00,-1539.896,2025-05-12 22:50:00
2025-05-12 22:55:00,-1579.866,2025-05-12 22:55:00
2025-05-12 23:00:00,-1495.896,2025-05-12 23:00:00
2025-05-12 23:05:00,-1531.876,2025-05-12 23:05:00
2025-05-12 23:10:00,-1591.896,2025-05-12 23:10:00
2025-05-12 23:15:00,-1563.856,2025-05-12 23:15:00
2025-05-12 23:20:00,-1495.856,2025-05-12 23:20:00
2025-05-12 23:25:00,-1575.876,2025-05-12 23:25:00
2025-05-12 23:30:00,-1547.866,2025-05-12 23:30:00
2025-05-12 23:35:00,-1531.886,2025-05-12 23:35:00
2025-05-12 23:40:00,-1647.906,2025-05-12 23:40:00
2025-05-12 23:45:00,-1567.866,2025-05-12 23:45:00
2025-05-12 23:50:00,-1583.896,2025-05-12 23:50:00
2025-05-12 23:55:00,-1651.886,2025-05-12 23:55:00
2025-05-13 00:00:00,-1687.906,2025-05-13 00:00:00
2025-05-13 00:05:00,-1691.866,2025-05-13 00:05:00
2025-05-13 00:10:00,-1595.866,2025-05-13 00:10:00
2025-05-13 00:15:00,-1687.896,2025-05-13 00:15:00
2025-05-13 00:20:00,-1615.896,2025-05-13 00:20:00
2025-05-13 00:25:00,-1611.896,2025-05-13 00:25:00
2025-05-13 00:30:00,-1639.926,2025-05-13 00:30:00
2025-05-13 00:35:00,-1603.856,2025-05-13 00:35:00
2025-05-13 00:40:00,-1603.886,2025-05-13 00:40:00
2025-05-13 00:45:00,-1667.866,2025-05-13 00:45:00
2025-05-13 00:50:00,-1895.866,2025-05-13 00:50:00
2025-05-13 00:55:00,-1951.886,2025-05-13 00:55:00
2025-05-13 01:00:00,-1927.906,2025-05-13 01:00:00
2025-05-13 01:05:00,-1747.906,2025-05-13 01:05:00
2025-05-13 01:10:00,-1655.876,2025-05-13 01:10:00
2025-05-13 01:15:00,-1591.876,2025-05-13 01:15:00
2025-05-13 01:20:00,-1643.856,2025-05-13 01:20:00
2025-05-13 01:25:00,-1631.866,2025-05-13 01:25:00
2025-05-13 01:30:00,-1587.896,2025-05-13 01:30:00
2025-05-13 01:35:00,-1835.896,2025-05-13 01:35:00
2025-05-13 01:40:00,-1619.916,2025-05-13 01:40:00
2025-05-13 01:45:00,-1723.866,2025-05-13 01:45:00
2025-05-13 01:50:00,-1731.906,2025-05-13 01:50:00
2025-05-13 01:55:00,-1807.906,2025-05-13 01:55:00
2025-05-13 02:00:00,-1563.896,2025-05-13 02:00:00
2025-05-13 02:05:00,-1579.886,2025-05-13 02:05:00
2025-05-13 02:10:00,-1971.906,2025-05-13 02:10:00
2025-05-13 02:15:00,-1927.896,2025-05-13 02:15:00
2025-05-13 02:20:00,-2099.896,2025-05-13 02:20:00
2025-05-13 02:25:00,-1891.866,2025-05-13 02:25:00
2025-05-13 02:30:00,-1907.916,2025-05-13 02:30:00
2025-05-13 02:35:00,-1927.886,2025-05-13 02:35:00
2025-05-13 02:40:00,-1835.906,2025-05-13 02:40:00
2025-05-13 02:45:00,-1619.886,2025-05-13 02:45:00
2025-05-13 02:50:00,-1555.906,2025-05-13 02:50:00
2025-05-13 02:55:00,-1551.886,2025-05-13 02:55:00
2025-05-13 03:00:00,-1599.866,2025-05-13 03:00:00
2025-05-13 03:05:00,-1635.876,2025-05-13 03:05:00
2025-05-13 03:10:00,-1627.876,2025-05-13 03:10:00
2025-05-13 03:15:00,-1691.886,2025-05-13 03:15:00
2025-05-13 03:20:00,-1631.886,2025-05-13 03:20:00
2025-05-13 03:25:00,-1547.906,2025-05-13 03:25:00
2025-05-13 03:30:00,-1619.896,2025-05-13 03:30:00
2025-05-13 03:35:00,-1655.896,2025-05-13 03:35:00
2025-05-13 03:40:00,-1783.916,2025-05-13 03:40:00
2025-05-13 03:45:00,-1599.906,2025-05-13 03:45:00
2025-05-13 03:50:00,-1703.876,2025-05-13 03:50:00
2025-05-13 03:55:00,-1651.886,2025-05-13 03:55:00
2025-05-13 04:00:00,-1651.886,2025-05-13 04:00:00
2025-05-13 04:05:00,-1823.906,2025-05-13 04:05:00
2025-05-13 04:10:00,-1711.906,2025-05-13 04:10:00
2025-05-13 04:15:00,-1783.926,2025-05-13 04:15:00
2025-05-13 04:20:00,-1723.886,2025-05-13 04:20:00
2025-05-13 04:25:00,-1727.876,2025-05-13 04:25:00
2025-05-13 04:30:00,-1743.846,2025-05-13 04:30:00
2025-05-13 04:35:00,-1727.896,2025-05-13 04:35:00
2025-05-13 04:40:00,-1691.896,2025-05-13 04:40:00
2025-05-13 04:45:00,-1827.906,2025-05-13 04:45:00
2025-05-13 04:50:00,-1755.896,2025-05-13 04:50:00
2025-05-13 04:55:00,-1803.866,2025-05-13 04:55:00
2025-05-13 05:00:00,-1755.896,2025-05-13 05:00:00
2025-05-13 05:05:00,-1723.866,2025-05-13 05:05:00
2025-05-13 05:10:00,-1703.886,2025-05-13 05:10:00
2025-05-13 05:15:00,-1707.896,2025-05-13 05:15:00
2025-05-13 05:20:00,-1727.916,2025-05-13 05:20:00
2025-05-13 05:25:00,-1811.896,2025-05-13 05:25:00
2025-05-13 05:30:00,-1859.876,2025-05-13 05:30:00
2025-05-13 05:35:00,-1955.866,2025-05-13 05:35:00
2025-05-13 05:40:00,-1863.876,2025-05-13 05:40:00
2025-05-13 05:45:00,-1795.906,2025-05-13 05:45:00
2025-05-13 05:50:00,-1767.876,2025-05-13 05:50:00
2025-05-13 05:55:00,-1767.906,2025-05-13 05:55:00
2025-05-13 06:00:00,-1771.916,2025-05-13 06:00:00
2025-05-13 06:05:00,-1751.906,2025-05-13 06:05:00
2025-05-13 06:10:00,-1863.916,2025-05-13 06:10:00
2025-05-13 06:15:00,-1975.846,2025-05-13 06:15:00
2025-05-13 06:20:00,-1807.906,2025-05-13 06:20:00
2025-05-13 06:25:00,-1767.896,2025-05-13 06:25:00
2025-05-13 06:30:00,-1819.866,2025-05-13 06:30:00
2025-05-13 06:35:00,-1811.916,2025-05-13 06:35:00
2025-05-13 06:40:00,-1839.896,2025-05-13 06:40:00
2025-05-13 06:45:00,-1879.906,2025-05-13 06:45:00
2025-05-13 06:50:00,-1767.916,2025-05-13 06:50:00
2025-05-13 06:55:00,-1935.886,2025-05-13 06:55:00
2025-05-13 07:00:00,-1811.896,2025-05-13 07:00:00
2025-05-13 07:05:00,-1779.886,2025-05-13 07:05:00
2025-05-13 07:10:00,-1943.896,2025-05-13 07:10:00
2025-05-13 07:15:00,-2007.876,2025-05-13 07:15:00
2025-05-13 07:20:00,-1947.916,2025-05-13 07:20:00
2025-05-13 07:25:00,-1759.906,2025-05-13 07:25:00
2025-05-13 07:30:00,-1791.866,2025-05-13 07:30:00
2025-05-13 07:35:00,-1755.896,2025-05-13 07:35:00
2025-05-13 07:40:00,-1823.916,2025-05-13 07:40:00
2025-05-13 07:45:00,-1775.926,2025-05-13 07:45:00
2025-05-13 07:50:00,-1775.916,2025-05-13 07:50:00
2025-05-13 07:55:00,-1923.916,2025-05-13 07:55:00
2025-05-13 08:00:00,9000.0,2025-05-13 08:00:00
2025-05-13 08:05:00,9000.0,2025-05-13 08:05:00
2025-05-13 08:10:00,9000.0,2025-05-13 08:10:00
2025-05-13 08:15:00,9000.0,2025-05-13 08:15:00
2025-05-13 08:20:00,9000.0,2025-05-13 08:20:00
2025-05-13 08:25:00,9000.0,2025-05-13 08:25:00
2025-05-13 08:30:00,9000.0,2025-05-13 08:30:00
2025-05-13 08:35:00,9000.0,2025-05-13 08:35:00
2025-05-13 08:40:00,9000.0,2025-05-13 08:40:00
2025-05-13 08:45:00,9000.0,2025-05-13 08:45:00
2025-05-13 08:50:00,9000.0,2025-05-13 08:50:00
2025-05-13 08:55:00,9000.0,2025-05-13 08:55:00
2025-05-13 09:00:00,9000.0,2025-05-13 09:00:00
2025-05-13 09:05:00,9000.0,2025-05-13 09:05:00
2025-05-13 09:10:00,9000.0,2025-05-13 09:10:00
2025-05-13 09:15:00,9000.0,2025-05-13 09:15:00
2025-05-13 09:20:00,9000.0,2025-05-13 09:20:00
2025-05-13 09:25:00,9000.0,2025-05-13 09:25:00
2025-05-13 09:30:00,9000.0,2025-05-13 09:30:00
2025-05-13 09:35:00,8445.323,2025-05-13 09:35:00
2025-05-13 09:40:00,0.0,2025-05-13 09:40:00
2025-05-13 09:45:00,0.0,2025-05-13 09:45:00
2025-05-13 09:50:00,0.0,2025-05-13 09:50:00
2025-05-13 09:55:00,0.0,2025-05-13 09:55:00
2025-05-13 10:00:00,0.0,2025-05-13 10:00:00
2025-05-13 10:05:00,0.0,2025-05-13 10:05:00
2025-05-13 10:10:00,0.0,2025-05-13 10:10:00
2025-05-13 10:15:00,0.0,2025-05-13 10:15:00
2025-05-13 10:20:00,0.0,2025-05-13 10:20:00
2025-05-13 10:25:00,0.0,2025-05-13 10:25:00
2025-05-13 10:30:00,0.0,2025-05-13 10:30:00
2025-05-13 10:35:00,0.0,2025-05-13 10:35:00
2025-05-13 10:40:00,0.0,2025-05-13 10:40:00
2025-05-13 10:45:00,0.0,2025-05-13 10:45:00
2025-05-13 10:50:00,0.0,2025-05-13 10:50:00
2025-05-13 10:55:00,0.0,2025-05-13 10:55:00
2025-05-13 11:00:00,-1555.916,2025-05-13 11:00:00
2025-05-13 11:05:00,-1791.906,2025-05-13 11:05:00
2025-05-13 11:10:00,-1519.926,2025-05-13 11:10:00
2025-05-13 11:15:00,-1451.896,2025-05-13 11:15:00
2025-05-13 11:20:00,-1547.906,2025-05-13 11:20:00
2025-05-13 11:25:00,-1499.906,2025-05-13 11:25:00
2025-05-13 11:30:00,-1467.926,2025-05-13 11:30:00
2025-05-13 11:35:00,-1803.906,2025-05-13 11:35:00
2025-05-13 11:40:00,-1835.906,2025-05-13 11:40:00
2025-05-13 11:45:00,-1903.896,2025-05-13 11:45:00
2025-05-13 11:50:00,-1775.916,2025-05-13 11:50:00
2025-05-13 11:55:00,-1463.906,2025-05-13 11:55:00
2025-05-13 12:00:00,-1515.866,2025-05-13 12:00:00
2025-05-13 12:05:00,-1475.896,2025-05-13 12:05:00
2025-05-13 12:10:00,-1483.906,2025-05-13 12:10:00
2025-05-13 12:15:00,-1499.856,2025-05-13 12:15:00
2025-05-13 12:20:00,-1487.886,2025-05-13 12:20:00
2025-05-13 12:25:00,-1479.906,2025-05-13 12:25:00
2025-05-13 12:30:00,-1471.876,2025-05-13 12:30:00
2025-05-13 12:35:00,-1451.886,2025-05-13 12:35:00
2025-05-13 12:40:00,-1471.896,2025-05-13 12:40:00
2025-05-13 12:45:00,-1547.936,2025-05-13 12:45:00
2025-05-13 12:50:00,-1519.916,2025-05-13 12:50:00
2025-05-13 12:55:00,-1443.906,2025-05-13 12:55:00
2025-05-13 13:00:00,-1403.876,2025-05-13 13:00:00
2025-05-13 13:05:00,-1451.916,2025-05-13 13:05:00
2025-05-13 13:10:00,-1495.916,2025-05-13 13:10:00
2025-05-13 13:15:00,-1567.906,2025-05-13 13:15:00
2025-05-13 13:20:00,-1463.876,2025-05-13 13:20:00
2025-05-13 13:25:00,-1403.916,2025-05-13 13:25:00
2025-05-13 13:30:00,-1575.886,2025-05-13 13:30:00
2025-05-13 13:35:00,-1583.886,2025-05-13 13:35:00
2025-05-13 13:40:00,-1491.926,2025-05-13 13:40:00
2025-05-13 13:45:00,-1503.896,2025-05-13 13:45:00
2025-05-13 13:50:00,-1423.906,2025-05-13 13:50:00
2025-05-13 13:55:00,-1495.916,2025-05-13 13:55:00
2025-05-13 14:00:00,-1507.916,2025-05-13 14:00:00
2025-05-13 14:05:00,-1519.886,2025-05-13 14:05:00
2025-05-13 14:10:00,-1455.896,2025-05-13 14:10:00
2025-05-13 14:15:00,-1395.906,2025-05-13 14:15:00
2025-05-13 14:20:00,-1423.896,2025-05-13 14:20:00
2025-05-13 14:25:00,-1391.876,2025-05-13 14:25:00
2025-05-13 14:30:00,-1527.916,2025-05-13 14:30:00
2025-05-13 14:35:00,-1419.926,2025-05-13 14:35:00
2025-05-13 14:40:00,-1575.916,2025-05-13 14:40:00
2025-05-13 14:45:00,-1403.866,2025-05-13 14:45:00
2025-05-13 14:50:00,-1451.906,2025-05-13 14:50:00
2025-05-13 14:55:00,-1399.916,2025-05-13 14:55:00
2025-05-13 15:00:00,-1355.926,2025-05-13 15:00:00
2025-05-13 15:05:00,-1779.896,2025-05-13 15:05:00
2025-05-13 15:10:00,-1655.896,2025-05-13 15:10:00
2025-05-13 15:15:00,-1763.876,2025-05-13 15:15:00
2025-05-13 15:20:00,-1675.896,2025-05-13 15:20:00
2025-05-13 15:25:00,-1731.916,2025-05-13 15:25:00
2025-05-13 15:30:00,-1739.926,2025-05-13 15:30:00
2025-05-13 15:35:00,-1731.906,2025-05-13 15:35:00
2025-05-13 15:40:00,-1971.846,2025-05-13 15:40:00
2025-05-13 15:45:00,-1923.906,2025-05-13 15:45:00
2025-05-13 15:50:00,-1947.896,2025-05-13 15:50:00
2025-05-13 15:55:00,-1827.916,2025-05-13 15:55:00
2025-05-13 16:00:00,-1779.906,2025-05-13 16:00:00
2025-05-13 16:05:00,-1843.876,2025-05-13 16:05:00
2025-05-13 16:10:00,-1895.896,2025-05-13 16:10:00
2025-05-13 16:15:00,-1831.896,2025-05-13 16:15:00
2025-05-13 16:20:00,-1763.886,2025-05-13 16:20:00
2025-05-13 16:25:00,-1803.876,2025-05-13 16:25:00
2025-05-13 16:30:00,-1783.896,2025-05-13 16:30:00
2025-05-13 16:35:00,-1731.896,2025-05-13 16:35:00
2025-05-13 16:40:00,-1403.916,2025-05-13 16:40:00
2025-05-13 16:45:00,-1567.906,2025-05-13 16:45:00
2025-05-13 16:50:00,-1443.926,2025-05-13 16:50:00
2025-05-13 16:55:00,-1423.866,2025-05-13 16:55:00
2025-05-13 17:00:00,-1363.906,2025-05-13 17:00:00
2025-05-13 17:05:00,-1303.926,2025-05-13 17:05:00
2025-05-13 17:10:00,-1407.906,2025-05-13 17:10:00
2025-05-13 17:15:00,-1411.916,2025-05-13 17:15:00
2025-05-13 17:20:00,-1411.916,2025-05-13 17:20:00
2025-05-13 17:25:00,-1331.896,2025-05-13 17:25:00
2025-05-13 17:30:00,-1375.866,2025-05-13 17:30:00
2025-05-13 17:35:00,-1471.896,2025-05-13 17:35:00
2025-05-13 17:40:00,-1447.846,2025-05-13 17:40:00
2025-05-13 17:45:00,-1327.906,2025-05-13 17:45:00
2025-05-13 17:50:00,-1391.896,2025-05-13 17:50:00
2025-05-13 17:55:00,-1451.906,2025-05-13 17:55:00
2025-05-13 18:00:00,9000.0,2025-05-13 18:00:00
2025-05-13 18:05:00,9000.0,2025-05-13 18:05:00
2025-05-13 18:10:00,9000.0,2025-05-13 18:10:00
2025-05-13 18:15:00,9000.0,2025-05-13 18:15:00
2025-05-13 18:20:00,9000.0,2025-05-13 18:20:00
2025-05-13 18:25:00,9000.0,2025-05-13 18:25:00
2025-05-13 18:30:00,9000.0,2025-05-13 18:30:00
2025-05-13 18:35:00,9000.0,2025-05-13 18:35:00
2025-05-13 18:40:00,9000.0,2025-05-13 18:40:00
2025-05-13 18:45:00,9000.0,2025-05-13 18:45:00
2025-05-13 18:50:00,9000.0,2025-05-13 18:50:00
2025-05-13 18:55:00,9000.0,2025-05-13 18:55:00
2025-05-13 19:00:00,6395.767,2025-05-13 19:00:00
2025-05-13 19:05:00,0.0,2025-05-13 19:05:00
2025-05-13 19:10:00,0.0,2025-05-13 19:10:00
2025-05-13 19:15:00,0.0,2025-05-13 19:15:00
2025-05-13 19:20:00,0.0,2025-05-13 19:20:00
2025-05-13 19:25:00,0.0,2025-05-13 19:25:00
2025-05-13 19:30:00,0.0,2025-05-13 19:30:00
2025-05-13 19:35:00,0.0,2025-05-13 19:35:00
2025-05-13 19:40:00,0.0,2025-05-13 19:40:00
2025-05-13 19:45:00,0.0,2025-05-13 19:45:00
2025-05-13 19:50:00,0.0,2025-05-13 19:50:00
2025-05-13 19:55:00,0.0,2025-05-13 19:55:00
2025-05-13 20:00:00,0.0,2025-05-13 20:00:00
2025-05-13 20:05:00,0.0,2025-05-13 20:05:00
2025-05-13 20:10:00,0.0,2025-05-13 20:10:00
2025-05-13 20:15:00,0.0,2025-05-13 20:15:00
2025-05-13 20:20:00,0.0,2025-05-13 20:20:00
2025-05-13 20:25:00,0.0,2025-05-13 20:25:00
2025-05-13 20:30:00,0.0,2025-05-13 20:30:00
2025-05-13 20:35:00,0.0,2025-05-13 20:35:00
2025-05-13 20:40:00,0.0,2025-05-13 20:40:00
2025-05-13 20:45:00,0.0,2025-05-13 20:45:00
2025-05-13 20:50:00,0.0,2025-05-13 20:50:00
2025-05-13 20:55:00,0.0,2025-05-13 20:55:00
2025-05-13 21:00:00,0.0,2025-05-13 21:00:00
2025-05-13 21:05:00,0.0,2025-05-13 21:05:00
2025-05-13 21:10:00,0.0,2025-05-13 21:10:00
2025-05-13 21:15:00,0.0,2025-05-13 21:15:00
2025-05-13 21:20:00,0.0,2025-05-13 21:20:00
2025-05-13 21:25:00,0.0,2025-05-13 21:25:00
2025-05-13 21:30:00,0.0,2025-05-13 21:30:00
2025-05-13 21:35:00,0.0,2025-05-13 21:35:00
2025-05-13 21:40:00,0.0,2025-05-13 21:40:00
2025-05-13 21:45:00,0.0,2025-05-13 21:45:00
2025-05-13 21:50:00,0.0,2025-05-13 21:50:00
2025-05-13 21:55:00,0.0,2025-05-13 21:55:00
2025-05-13 22:00:00,-1035.916,2025-05-13 22:00:00
2025-05-13 22:05:00,-1167.856,2025-05-13 22:05:00
2025-05-13 22:10:00,-1203.856,2025-05-13 22:10:00
2025-05-13 22:15:00,-1251.886,2025-05-13 22:15:00
2025-05-13 22:20:00,-1211.886,2025-05-13 22:20:00
2025-05-13 22:25:00,-1315.876,2025-05-13 22:25:00
2025-05-13 22:30:00,-1251.916,2025-05-13 22:30:00
2025-05-13 22:35:00,-1391.896,2025-05-13 22:35:00
2025-05-13 22:40:00,-1383.876,2025-05-13 22:40:00
2025-05-13 22:45:00,-1607.906,2025-05-13 22:45:00
2025-05-13 22:50:00,-1583.916,2025-05-13 22:50:00
2025-05-13 22:55:00,-1559.906,2025-05-13 22:55:00
2025-05-13 23:00:00,-1647.886,2025-05-13 23:00:00
2025-05-13 23:05:00,-1375.916,2025-05-13 23:05:00
2025-05-13 23:10:00,-1383.916,2025-05-13 23:10:00
2025-05-13 23:15:00,-1379.916,2025-05-13 23:15:00
2025-05-13 23:20:00,-1267.896,2025-05-13 23:20:00
2025-05-13 23:25:00,-1235.896,2025-05-13 23:25:00
2025-05-13 23:30:00,-1243.926,2025-05-13 23:30:00
2025-05-13 23:35:00,-1243.896,2025-05-13 23:35:00
2025-05-13 23:40:00,-1287.886,2025-05-13 23:40:00
2025-05-13 23:45:00,-1371.916,2025-05-13 23:45:00
2025-05-13 23:50:00,-1299.926,2025-05-13 23:50:00
2025-05-13 23:55:00,-1279.916,2025-05-13 23:55:00
2025-05-14 00:00:00,-1247.896,2025-05-14 00:00:00
2025-05-14 00:05:00,-1327.896,2025-05-14 00:05:00
2025-05-14 00:10:00,-1387.866,2025-05-14 00:10:00
2025-05-14 00:15:00,-1355.896,2025-05-14 00:15:00
2025-05-14 00:20:00,-1315.906,2025-05-14 00:20:00
2025-05-14 00:25:00,-1279.916,2025-05-14 00:25:00
2025-05-14 00:30:00,-1339.906,2025-05-14 00:30:00
2025-05-14 00:35:00,-1371.876,2025-05-14 00:35:00
2025-05-14 00:40:00,-1343.936,2025-05-14 00:40:00
2025-05-14 00:45:00,-1291.906,2025-05-14 00:45:00
2025-05-14 00:50:00,-1283.896,2025-05-14 00:50:00
2025-05-14 00:55:00,-1239.906,2025-05-14 00:55:00
2025-05-14 01:00:00,-1323.906,2025-05-14 01:00:00
2025-05-14 01:05:00,-1251.876,2025-05-14 01:05:00
2025-05-14 01:10:00,-1255.916,2025-05-14 01:10:00
2025-05-14 01:15:00,-1315.906,2025-05-14 01:15:00
2025-05-14 01:20:00,-1443.886,2025-05-14 01:20:00
2025-05-14 01:25:00,-1247.846,2025-05-14 01:25:00
2025-05-14 01:30:00,-1191.896,2025-05-14 01:30:00
2025-05-14 01:35:00,-1155.906,2025-05-14 01:35:00
2025-05-14 01:40:00,-1471.866,2025-05-14 01:40:00
2025-05-14 01:45:00,-1499.866,2025-05-14 01:45:00
2025-05-14 01:50:00,-1199.906,2025-05-14 01:50:00
2025-05-14 01:55:00,-1159.906,2025-05-14 01:55:00
2025-05-14 02:00:00,-1607.886,2025-05-14 02:00:00
2025-05-14 02:05:00,-1311.876,2025-05-14 02:05:00
2025-05-14 02:10:00,-1531.896,2025-05-14 02:10:00
2025-05-14 02:15:00,-1579.866,2025-05-14 02:15:00
2025-05-14 02:20:00,-1563.846,2025-05-14 02:20:00
2025-05-14 02:25:00,-1531.896,2025-05-14 02:25:00
2025-05-14 02:30:00,-1667.916,2025-05-14 02:30:00
2025-05-14 02:35:00,-1507.916,2025-05-14 02:35:00
2025-05-14 02:40:00,-1331.916,2025-05-14 02:40:00
2025-05-14 02:45:00,-1307.886,2025-05-14 02:45:00
2025-05-14 02:50:00,-1163.886,2025-05-14 02:50:00
2025-05-14 02:55:00,-1283.906,2025-05-14 02:55:00
2025-05-14 03:00:00,-1199.926,2025-05-14 03:00:00
2025-05-14 03:05:00,-1279.916,2025-05-14 03:05:00
2025-05-14 03:10:00,-1327.896,2025-05-14 03:10:00
2025-05-14 03:15:00,-1299.896,2025-05-14 03:15:00
2025-05-14 03:20:00,-1315.916,2025-05-14 03:20:00
2025-05-14 03:25:00,-1327.866,2025-05-14 03:25:00
2025-05-14 03:30:00,-1235.916,2025-05-14 03:30:00
2025-05-14 03:35:00,-1351.906,2025-05-14 03:35:00
2025-05-14 03:40:00,-1383.896,2025-05-14 03:40:00
2025-05-14 03:45:00,-1339.886,2025-05-14 03:45:00
2025-05-14 03:50:00,-1427.896,2025-05-14 03:50:00
2025-05-14 03:55:00,-1323.866,2025-05-14 03:55:00
2025-05-14 04:00:00,-1331.866,2025-05-14 04:00:00
2025-05-14 04:05:00,-1567.926,2025-05-14 04:05:00
2025-05-14 04:10:00,-1395.876,2025-05-14 04:10:00
2025-05-14 04:15:00,-1291.866,2025-05-14 04:15:00
2025-05-14 04:20:00,-1295.886,2025-05-14 04:20:00
2025-05-14 04:25:00,-1587.876,2025-05-14 04:25:00
2025-05-14 04:30:00,-1231.876,2025-05-14 04:30:00
2025-05-14 04:35:00,-1331.906,2025-05-14 04:35:00
2025-05-14 04:40:00,-1375.906,2025-05-14 04:40:00
2025-05-14 04:45:00,-1395.906,2025-05-14 04:45:00
2025-05-14 04:50:00,-1343.916,2025-05-14 04:50:00
2025-05-14 04:55:00,-1347.896,2025-05-14 04:55:00
2025-05-14 05:00:00,-1347.886,2025-05-14 05:00:00
2025-05-14 05:05:00,-1419.906,2025-05-14 05:05:00
2025-05-14 05:10:00,-1347.886,2025-05-14 05:10:00
2025-05-14 05:15:00,-1447.876,2025-05-14 05:15:00
2025-05-14 05:20:00,-1727.876,2025-05-14 05:20:00
2025-05-14 05:25:00,-1395.906,2025-05-14 05:25:00
2025-05-14 05:30:00,-1283.916,2025-05-14 05:30:00
2025-05-14 05:35:00,-1471.906,2025-05-14 05:35:00
2025-05-14 05:40:00,-1691.876,2025-05-14 05:40:00
2025-05-14 05:45:00,-1423.906,2025-05-14 05:45:00
2025-05-14 05:50:00,-1351.906,2025-05-14 05:50:00
2025-05-14 05:55:00,-1491.896,2025-05-14 05:55:00
2025-05-14 06:00:00,-1427.916,2025-05-14 06:00:00
2025-05-14 06:05:00,-1523.866,2025-05-14 06:05:00
2025-05-14 06:10:00,-1507.846,2025-05-14 06:10:00
2025-05-14 06:15:00,-1519.936,2025-05-14 06:15:00
2025-05-14 06:20:00,-1527.856,2025-05-14 06:20:00
2025-05-14 06:25:00,-1523.896,2025-05-14 06:25:00
2025-05-14 06:30:00,-1475.916,2025-05-14 06:30:00
2025-05-14 06:35:00,-1471.926,2025-05-14 06:35:00
2025-05-14 06:40:00,-1427.916,2025-05-14 06:40:00
2025-05-14 06:45:00,-1355.886,2025-05-14 06:45:00
2025-05-14 06:50:00,-1491.876,2025-05-14 06:50:00
2025-05-14 06:55:00,-1523.876,2025-05-14 06:55:00
2025-05-14 07:00:00,-1471.906,2025-05-14 07:00:00
2025-05-14 07:05:00,-1447.916,2025-05-14 07:05:00
2025-05-14 07:10:00,-1463.896,2025-05-14 07:10:00
2025-05-14 07:15:00,-1563.886,2025-05-14 07:15:00
2025-05-14 07:20:00,-1499.896,2025-05-14 07:20:00
2025-05-14 07:25:00,-1499.866,2025-05-14 07:25:00
2025-05-14 07:30:00,-1435.916,2025-05-14 07:30:00
2025-05-14 07:35:00,-1503.896,2025-05-14 07:35:00
2025-05-14 07:40:00,-1535.866,2025-05-14 07:40:00
2025-05-14 07:45:00,-1527.896,2025-05-14 07:45:00
2025-05-14 07:50:00,-1519.886,2025-05-14 07:50:00
2025-05-14 07:55:00,-1519.916,2025-05-14 07:55:00
2025-05-14 08:00:00,9000.0,2025-05-14 08:00:00
2025-05-14 08:05:00,9000.0,2025-05-14 08:05:00
2025-05-14 08:10:00,9000.0,2025-05-14 08:10:00
2025-05-14 08:15:00,9000.0,2025-05-14 08:15:00
2025-05-14 08:20:00,9000.0,2025-05-14 08:20:00
2025-05-14 08:25:00,9000.0,2025-05-14 08:25:00
2025-05-14 08:30:00,9000.0,2025-05-14 08:30:00
2025-05-14 08:35:00,9000.0,2025-05-14 08:35:00
2025-05-14 08:40:00,9000.0,2025-05-14 08:40:00
2025-05-14 08:45:00,9000.0,2025-05-14 08:45:00
2025-05-14 08:50:00,9000.0,2025-05-14 08:50:00
2025-05-14 08:55:00,9000.0,2025-05-14 08:55:00
2025-05-14 09:00:00,9000.0,2025-05-14 09:00:00
2025-05-14 09:05:00,9000.0,2025-05-14 09:05:00
2025-05-14 09:10:00,9000.0,2025-05-14 09:10:00
2025-05-14 09:15:00,8999.984,2025-05-14 09:15:00
2025-05-14 09:20:00,1230.347,2025-05-14 09:20:00
2025-05-14 09:25:00,0.0,2025-05-14 09:25:00
2025-05-14 09:30:00,0.0,2025-05-14 09:30:00
2025-05-14 09:35:00,0.0,2025-05-14 09:35:00
2025-05-14 09:40:00,0.0,2025-05-14 09:40:00
2025-05-14 09:45:00,0.0,2025-05-14 09:45:00
2025-05-14 09:50:00,0.0,2025-05-14 09:50:00
2025-05-14 09:55:00,0.0,2025-05-14 09:55:00
2025-05-14 10:00:00,0.0,2025-05-14 10:00:00
2025-05-14 10:05:00,0.0,2025-05-14 10:05:00
2025-05-14 10:10:00,0.0,2025-05-14 10:10:00
2025-05-14 10:15:00,0.0,2025-05-14 10:15:00
2025-05-14 10:20:00,0.0,2025-05-14 10:20:00
2025-05-14 10:25:00,0.0,2025-05-14 10:25:00
2025-05-14 10:30:00,0.0,2025-05-14 10:30:00
2025-05-14 10:35:00,0.0,2025-05-14 10:35:00
2025-05-14 10:40:00,0.0,2025-05-14 10:40:00
2025-05-14 10:45:00,0.0,2025-05-14 10:45:00
2025-05-14 10:50:00,0.0,2025-05-14 10:50:00
2025-05-14 10:55:00,0.0,2025-05-14 10:55:00
2025-05-14 11:00:00,-1431.876,2025-05-14 11:00:00
2025-05-14 11:05:00,-1387.866,2025-05-14 11:05:00
2025-05-14 11:10:00,-1423.896,2025-05-14 11:10:00
2025-05-14 11:15:00,-1371.896,2025-05-14 11:15:00
2025-05-14 11:20:00,-1647.876,2025-05-14 11:20:00
2025-05-14 11:25:00,-1335.886,2025-05-14 11:25:00
2025-05-14 11:30:00,-1291.886,2025-05-14 11:30:00
2025-05-14 11:35:00,-1327.896,2025-05-14 11:35:00
2025-05-14 11:40:00,-1583.886,2025-05-14 11:40:00
2025-05-14 11:45:00,-1655.886,2025-05-14 11:45:00
2025-05-14 11:50:00,-1471.906,2025-05-14 11:50:00
2025-05-14 11:55:00,-1363.906,2025-05-14 11:55:00
2025-05-14 12:00:00,-1363.876,2025-05-14 12:00:00
2025-05-14 12:05:00,-1619.906,2025-05-14 12:05:00
2025-05-14 12:10:00,-1367.896,2025-05-14 12:10:00
2025-05-14 12:15:00,-1379.896,2025-05-14 12:15:00
2025-05-14 12:20:00,-1323.896,2025-05-14 12:20:00
2025-05-14 12:25:00,-1463.906,2025-05-14 12:25:00
2025-05-14 12:30:00,-1447.896,2025-05-14 12:30:00
2025-05-14 12:35:00,-1359.916,2025-05-14 12:35:00
2025-05-14 12:40:00,-1387.906,2025-05-14 12:40:00
2025-05-14 12:45:00,-1375.896,2025-05-14 12:45:00
2025-05-14 12:50:00,-1363.896,2025-05-14 12:50:00
2025-05-14 12:55:00,-1375.906,2025-05-14 12:55:00
2025-05-14 13:00:00,-1427.906,2025-05-14 13:00:00
2025-05-14 13:05:00,-1335.906,2025-05-14 13:05:00
2025-05-14 13:10:00,-1335.876,2025-05-14 13:10:00
2025-05-14 13:15:00,-1331.906,2025-05-14 13:15:00
2025-05-14 13:20:00,-1355.876,2025-05-14 13:20:00
2025-05-14 13:25:00,-1647.846,2025-05-14 13:25:00
2025-05-14 13:30:00,-1403.886,2025-05-14 13:30:00
2025-05-14 13:35:00,-1327.876,2025-05-14 13:35:00
2025-05-14 13:40:00,-1327.916,2025-05-14 13:40:00
2025-05-14 13:45:00,-1355.906,2025-05-14 13:45:00
2025-05-14 13:50:00,-1371.886,2025-05-14 13:50:00
2025-05-14 13:55:00,-1331.886,2025-05-14 13:55:00
2025-05-14 14:00:00,-1371.876,2025-05-14 14:00:00
2025-05-14 14:05:00,-1223.906,2025-05-14 14:05:00
2025-05-14 14:10:00,-1635.856,2025-05-14 14:10:00
2025-05-14 14:15:00,-1243.896,2025-05-14 14:15:00
2025-05-14 14:20:00,-1311.896,2025-05-14 14:20:00
2025-05-14 14:25:00,-1403.896,2025-05-14 14:25:00
2025-05-14 14:30:00,-1643.896,2025-05-14 14:30:00
2025-05-14 14:35:00,-1403.866,2025-05-14 14:35:00
2025-05-14 14:40:00,-1287.886,2025-05-14 14:40:00
2025-05-14 14:45:00,-1423.866,2025-05-14 14:45:00
2025-05-14 14:50:00,-1535.886,2025-05-14 14:50:00
2025-05-14 14:55:00,-1327.896,2025-05-14 14:55:00
2025-05-14 15:00:00,-1335.896,2025-05-14 15:00:00
2025-05-14 15:05:00,-1559.916,2025-05-14 15:05:00
2025-05-14 15:10:00,-1595.896,2025-05-14 15:10:00
2025-05-14 15:15:00,-1171.886,2025-05-14 15:15:00
2025-05-14 15:20:00,-1543.876,2025-05-14 15:20:00
2025-05-14 15:25:00,-1215.896,2025-05-14 15:25:00
2025-05-14 15:30:00,-1499.916,2025-05-14 15:30:00
2025-05-14 15:35:00,-1267.906,2025-05-14 15:35:00
2025-05-14 15:40:00,-1279.876,2025-05-14 15:40:00
2025-05-14 15:45:00,-1323.866,2025-05-14 15:45:00
2025-05-14 15:50:00,-1315.906,2025-05-14 15:50:00
2025-05-14 15:55:00,-1595.876,2025-05-14 15:55:00
2025-05-14 16:00:00,-1675.896,2025-05-14 16:00:00
2025-05-14 16:05:00,-1351.926,2025-05-14 16:05:00
2025-05-14 16:10:00,-1367.926,2025-05-14 16:10:00
2025-05-14 16:15:00,-1299.896,2025-05-14 16:15:00
2025-05-14 16:20:00,-1619.946,2025-05-14 16:20:00
2025-05-14 16:25:00,-1595.886,2025-05-14 16:25:00
2025-05-14 16:30:00,-1583.896,2025-05-14 16:30:00
2025-05-14 16:35:00,-1603.896,2025-05-14 16:35:00
2025-05-14 16:40:00,-1659.886,2025-05-14 16:40:00
2025-05-14 16:45:00,-1655.906,2025-05-14 16:45:00
2025-05-14 16:50:00,-1595.916,2025-05-14 16:50:00
2025-05-14 16:55:00,-1667.916,2025-05-14 16:55:00
2025-05-14 17:00:00,-1607.916,2025-05-14 17:00:00
2025-05-14 17:05:00,-1679.916,2025-05-14 17:05:00
2025-05-14 17:10:00,-1607.886,2025-05-14 17:10:00
2025-05-14 17:15:00,-1259.896,2025-05-14 17:15:00
2025-05-14 17:20:00,-1199.876,2025-05-14 17:20:00
2025-05-14 17:25:00,-1647.896,2025-05-14 17:25:00
2025-05-14 17:30:00,-1671.896,2025-05-14 17:30:00
2025-05-14 17:35:00,-1619.916,2025-05-14 17:35:00
2025-05-14 17:40:00,-1567.846,2025-05-14 17:40:00
2025-05-14 17:45:00,-1303.886,2025-05-14 17:45:00
2025-05-14 17:50:00,-1379.906,2025-05-14 17:50:00
2025-05-14 17:55:00,-1615.926,2025-05-14 17:55:00
2025-05-14 18:00:00,9000.0,2025-05-14 18:00:00
2025-05-14 18:05:00,9000.0,2025-05-14 18:05:00
2025-05-14 18:10:00,9000.0,2025-05-14 18:10:00
2025-05-14 18:15:00,9000.0,2025-05-14 18:15:00
2025-05-14 18:20:00,9000.0,2025-05-14 18:20:00
2025-05-14 18:25:00,9000.0,2025-05-14 18:25:00
2025-05-14 18:30:00,9000.0,2025-05-14 18:30:00
2025-05-14 18:35:00,9000.0,2025-05-14 18:35:00
2025-05-14 18:40:00,9000.0,2025-05-14 18:40:00
2025-05-14 18:45:00,9000.0,2025-05-14 18:45:00
2025-05-14 18:50:00,8999.999,2025-05-14 18:50:00
2025-05-14 18:55:00,6791.666,2025-05-14 18:55:00
2025-05-14 19:00:00,0.0,2025-05-14 19:00:00
2025-05-14 19:05:00,0.0,2025-05-14 19:05:00
2025-05-14 19:10:00,0.0,2025-05-14 19:10:00
2025-05-14 19:15:00,0.0,2025-05-14 19:15:00
2025-05-14 19:20:00,0.0,2025-05-14 19:20:00
2025-05-14 19:25:00,0.0,2025-05-14 19:25:00
2025-05-14 19:30:00,0.0,2025-05-14 19:30:00
2025-05-14 19:35:00,0.0,2025-05-14 19:35:00
2025-05-14 19:40:00,0.0,2025-05-14 19:40:00
2025-05-14 19:45:00,0.0,2025-05-14 19:45:00
2025-05-14 19:50:00,0.0,2025-05-14 19:50:00
2025-05-14 19:55:00,0.0,2025-05-14 19:55:00
2025-05-14 20:00:00,0.0,2025-05-14 20:00:00
2025-05-14 20:05:00,0.0,2025-05-14 20:05:00
2025-05-14 20:10:00,0.0,2025-05-14 20:10:00
2025-05-14 20:15:00,0.0,2025-05-14 20:15:00
2025-05-14 20:20:00,0.0,2025-05-14 20:20:00
2025-05-14 20:25:00,0.0,2025-05-14 20:25:00
2025-05-14 20:30:00,0.0,2025-05-14 20:30:00
2025-05-14 20:35:00,0.0,2025-05-14 20:35:00
2025-05-14 20:40:00,0.0,2025-05-14 20:40:00
2025-05-14 20:45:00,0.0,2025-05-14 20:45:00
2025-05-14 20:50:00,0.0,2025-05-14 20:50:00
2025-05-14 20:55:00,0.0,2025-05-14 20:55:00
2025-05-14 21:00:00,0.0,2025-05-14 21:00:00
2025-05-14 21:05:00,0.0,2025-05-14 21:05:00
2025-05-14 21:10:00,0.0,2025-05-14 21:10:00
2025-05-14 21:15:00,0.0,2025-05-14 21:15:00
2025-05-14 21:20:00,0.0,2025-05-14 21:20:00
2025-05-14 21:25:00,0.0,2025-05-14 21:25:00
2025-05-14 21:30:00,0.0,2025-05-14 21:30:00
2025-05-14 21:35:00,0.0,2025-05-14 21:35:00
2025-05-14 21:40:00,0.0,2025-05-14 21:40:00
2025-05-14 21:45:00,0.0,2025-05-14 21:45:00
2025-05-14 21:50:00,0.0,2025-05-14 21:50:00
2025-05-14 21:55:00,0.0,2025-05-14 21:55:00
2025-05-14 22:00:00,-1247.876,2025-05-14 22:00:00
2025-05-14 22:05:00,-1247.876,2025-05-14 22:05:00
2025-05-14 22:10:00,-1375.896,2025-05-14 22:10:00
2025-05-14 22:15:00,-1231.906,2025-05-14 22:15:00
2025-05-14 22:20:00,-1187.926,2025-05-14 22:20:00
2025-05-14 22:25:00,-1263.906,2025-05-14 22:25:00
2025-05-14 22:30:00,-1367.876,2025-05-14 22:30:00
2025-05-14 22:35:00,-1383.886,2025-05-14 22:35:00
2025-05-14 22:40:00,-1383.896,2025-05-14 22:40:00
2025-05-14 22:45:00,-1315.896,2025-05-14 22:45:00
2025-05-14 22:50:00,-1295.846,2025-05-14 22:50:00
2025-05-14 22:55:00,-1343.906,2025-05-14 22:55:00
2025-05-14 23:00:00,-1347.906,2025-05-14 23:00:00
2025-05-14 23:05:00,-1439.876,2025-05-14 23:05:00
2025-05-14 23:10:00,-1371.916,2025-05-14 23:10:00
2025-05-14 23:15:00,-1407.876,2025-05-14 23:15:00
2025-05-14 23:20:00,-1407.896,2025-05-14 23:20:00
2025-05-14 23:25:00,-1399.896,2025-05-14 23:25:00
2025-05-14 23:30:00,-1407.886,2025-05-14 23:30:00
2025-05-14 23:35:00,-1435.896,2025-05-14 23:35:00
2025-05-14 23:40:00,-1411.906,2025-05-14 23:40:00
2025-05-14 23:45:00,-1483.896,2025-05-14 23:45:00
2025-05-14 23:50:00,-1431.886,2025-05-14 23:50:00
2025-05-14 23:55:00,-1467.936,2025-05-14 23:55:00
2025-05-15 00:00:00,-1439.866,2025-05-15 00:00:00
2025-05-15 00:05:00,-1403.846,2025-05-15 00:05:00
2025-05-15 00:10:00,-1439.886,2025-05-15 00:10:00
2025-05-15 00:15:00,-1383.916,2025-05-15 00:15:00
2025-05-15 00:20:00,-1339.926,2025-05-15 00:20:00
2025-05-15 00:25:00,-1371.876,2025-05-15 00:25:00
2025-05-15 00:30:00,-1407.916,2025-05-15 00:30:00
2025-05-15 00:35:00,-1415.876,2025-05-15 00:35:00
2025-05-15 00:40:00,-1355.906,2025-05-15 00:40:00
2025-05-15 00:45:00,-1427.846,2025-05-15 00:45:00
2025-05-15 00:50:00,-1419.856,2025-05-15 00:50:00
2025-05-15 00:55:00,-1407.886,2025-05-15 00:55:00
2025-05-15 01:00:00,-1363.896,2025-05-15 01:00:00
2025-05-15 01:05:00,-1287.896,2025-05-15 01:05:00
2025-05-15 01:10:00,-1303.856,2025-05-15 01:10:00
2025-05-15 01:15:00,-1339.866,2025-05-15 01:15:00
2025-05-15 01:20:00,-1247.906,2025-05-15 01:20:00
2025-05-15 01:25:00,-1307.876,2025-05-15 01:25:00
2025-05-15 01:30:00,-1291.906,2025-05-15 01:30:00
2025-05-15 01:35:00,-1291.916,2025-05-15 01:35:00
2025-05-15 01:40:00,-1315.906,2025-05-15 01:40:00
2025-05-15 01:45:00,-1299.846,2025-05-15 01:45:00
2025-05-15 01:50:00,-1591.916,2025-05-15 01:50:00
2025-05-15 01:55:00,-1339.906,2025-05-15 01:55:00
2025-05-15 02:00:00,-1507.866,2025-05-15 02:00:00
2025-05-15 02:05:00,-1491.866,2025-05-15 02:05:00
2025-05-15 02:10:00,-1263.916,2025-05-15 02:10:00
2025-05-15 02:15:00,-1295.916,2025-05-15 02:15:00
2025-05-15 02:20:00,-1343.896,2025-05-15 02:20:00
2025-05-15 02:25:00,-1411.866,2025-05-15 02:25:00
2025-05-15 02:30:00,-1691.916,2025-05-15 02:30:00
2025-05-15 02:35:00,-1711.866,2025-05-15 02:35:00
2025-05-15 02:40:00,-1779.906,2025-05-15 02:40:00
2025-05-15 02:45:00,-1443.876,2025-05-15 02:45:00
2025-05-15 02:50:00,-1351.906,2025-05-15 02:50:00
2025-05-15 02:55:00,-1367.886,2025-05-15 02:55:00
2025-05-15 03:00:00,-1395.876,2025-05-15 03:00:00
2025-05-15 03:05:00,-1403.916,2025-05-15 03:05:00
2025-05-15 03:10:00,-1487.866,2025-05-15 03:10:00
2025-05-15 03:15:00,-1447.926,2025-05-15 03:15:00
2025-05-15 03:20:00,-1567.866,2025-05-15 03:20:00
2025-05-15 03:25:00,-1435.846,2025-05-15 03:25:00
2025-05-15 03:30:00,-1495.906,2025-05-15 03:30:00
2025-05-15 03:35:00,-1431.916,2025-05-15 03:35:00
2025-05-15 03:40:00,-1439.886,2025-05-15 03:40:00
2025-05-15 03:45:00,-1343.866,2025-05-15 03:45:00
2025-05-15 03:50:00,-1395.896,2025-05-15 03:50:00
2025-05-15 03:55:00,-1379.886,2025-05-15 03:55:00
2025-05-15 04:00:00,-1407.876,2025-05-15 04:00:00
2025-05-15 04:05:00,-1355.886,2025-05-15 04:05:00
2025-05-15 04:10:00,-1339.876,2025-05-15 04:10:00
2025-05-15 04:15:00,-1403.856,2025-05-15 04:15:00
2025-05-15 04:20:00,-1367.896,2025-05-15 04:20:00
2025-05-15 04:25:00,-1427.906,2025-05-15 04:25:00
2025-05-15 04:30:00,-1419.866,2025-05-15 04:30:00
2025-05-15 04:35:00,-1447.886,2025-05-15 04:35:00
2025-05-15 04:40:00,-1387.866,2025-05-15 04:40:00
2025-05-15 04:45:00,-1395.896,2025-05-15 04:45:00
2025-05-15 04:50:00,-1515.866,2025-05-15 04:50:00
2025-05-15 04:55:00,-1499.926,2025-05-15 04:55:00
2025-05-15 05:00:00,-1463.906,2025-05-15 05:00:00
2025-05-15 05:05:00,-1503.896,2025-05-15 05:05:00
2025-05-15 05:10:00,-1583.896,2025-05-15 05:10:00
2025-05-15 05:15:00,-1531.896,2025-05-15 05:15:00
2025-05-15 05:20:00,-1407.916,2025-05-15 05:20:00
2025-05-15 05:25:00,-1603.916,2025-05-15 05:25:00
2025-05-15 05:30:00,-1511.896,2025-05-15 05:30:00
2025-05-15 05:35:00,-1695.896,2025-05-15 05:35:00
2025-05-15 05:40:00,-1499.906,2025-05-15 05:40:00
2025-05-15 05:45:00,-1527.856,2025-05-15 05:45:00
2025-05-15 05:50:00,-1483.896,2025-05-15 05:50:00
2025-05-15 05:55:00,-1551.906,2025-05-15 05:55:00
2025-05-15 06:00:00,-1551.886,2025-05-15 06:00:00
2025-05-15 06:05:00,-1519.896,2025-05-15 06:05:00
2025-05-15 06:10:00,-1507.906,2025-05-15 06:10:00
2025-05-15 06:15:00,-1499.906,2025-05-15 06:15:00
2025-05-15 06:20:00,-1543.896,2025-05-15 06:20:00
2025-05-15 06:25:00,-1535.896,2025-05-15 06:25:00
2025-05-15 06:30:00,-1503.896,2025-05-15 06:30:00
2025-05-15 06:35:00,-1615.886,2025-05-15 06:35:00
2025-05-15 06:40:00,-1659.916,2025-05-15 06:40:00
2025-05-15 06:45:00,-1519.876,2025-05-15 06:45:00
2025-05-15 06:50:00,-1487.886,2025-05-15 06:50:00
2025-05-15 06:55:00,-1607.896,2025-05-15 06:55:00
2025-05-15 07:00:00,-1495.866,2025-05-15 07:00:00
2025-05-15 07:05:00,-1667.906,2025-05-15 07:05:00
2025-05-15 07:10:00,-1543.906,2025-05-15 07:10:00
2025-05-15 07:15:00,-1631.896,2025-05-15 07:15:00
2025-05-15 07:20:00,-1759.896,2025-05-15 07:20:00
2025-05-15 07:25:00,-1523.896,2025-05-15 07:25:00
2025-05-15 07:30:00,-1507.926,2025-05-15 07:30:00
2025-05-15 07:35:00,-1591.846,2025-05-15 07:35:00
2025-05-15 07:40:00,-1507.906,2025-05-15 07:40:00
2025-05-15 07:45:00,-1519.866,2025-05-15 07:45:00
2025-05-15 07:50:00,-1463.906,2025-05-15 07:50:00
2025-05-15 07:55:00,-1659.906,2025-05-15 07:55:00
2025-05-15 08:00:00,9000.0,2025-05-15 08:00:00
2025-05-15 08:05:00,9000.0,2025-05-15 08:05:00
2025-05-15 08:10:00,9000.0,2025-05-15 08:10:00
2025-05-15 08:15:00,9000.0,2025-05-15 08:15:00
2025-05-15 08:20:00,9000.0,2025-05-15 08:20:00
2025-05-15 08:25:00,9000.0,2025-05-15 08:25:00
2025-05-15 08:30:00,9000.0,2025-05-15 08:30:00
2025-05-15 08:35:00,9000.0,2025-05-15 08:35:00
2025-05-15 08:40:00,9000.0,2025-05-15 08:40:00
2025-05-15 08:45:00,9000.0,2025-05-15 08:45:00
2025-05-15 08:50:00,9000.0,2025-05-15 08:50:00
2025-05-15 08:55:00,9000.0,2025-05-15 08:55:00
2025-05-15 09:00:00,9000.0,2025-05-15 09:00:00
2025-05-15 09:05:00,9000.0,2025-05-15 09:05:00
2025-05-15 09:10:00,9000.0,2025-05-15 09:10:00
2025-05-15 09:15:00,9000.0,2025-05-15 09:15:00
2025-05-15 09:20:00,7302.444,2025-05-15 09:20:00
2025-05-15 09:25:00,0.0,2025-05-15 09:25:00
2025-05-15 09:30:00,0.0,2025-05-15 09:30:00
2025-05-15 09:35:00,0.0,2025-05-15 09:35:00
2025-05-15 09:40:00,0.0,2025-05-15 09:40:00
2025-05-15 09:45:00,0.0,2025-05-15 09:45:00
2025-05-15 09:50:00,0.0,2025-05-15 09:50:00
2025-05-15 09:55:00,0.0,2025-05-15 09:55:00
2025-05-15 10:00:00,0.0,2025-05-15 10:00:00
2025-05-15 10:05:00,0.0,2025-05-15 10:05:00
2025-05-15 10:10:00,0.0,2025-05-15 10:10:00
2025-05-15 10:15:00,0.0,2025-05-15 10:15:00
2025-05-15 10:20:00,0.0,2025-05-15 10:20:00
2025-05-15 10:25:00,0.0,2025-05-15 10:25:00
2025-05-15 10:30:00,0.0,2025-05-15 10:30:00
2025-05-15 10:35:00,0.0,2025-05-15 10:35:00
2025-05-15 10:40:00,0.0,2025-05-15 10:40:00
2025-05-15 10:45:00,0.0,2025-05-15 10:45:00
2025-05-15 10:50:00,0.0,2025-05-15 10:50:00
2025-05-15 10:55:00,0.0,2025-05-15 10:55:00
2025-05-15 11:00:00,-1471.876,2025-05-15 11:00:00
2025-05-15 11:05:00,-1351.906,2025-05-15 11:05:00
2025-05-15 11:10:00,-1367.876,2025-05-15 11:10:00
2025-05-15 11:15:00,-1495.876,2025-05-15 11:15:00
2025-05-15 11:20:00,-1463.916,2025-05-15 11:20:00
2025-05-15 11:25:00,-1487.866,2025-05-15 11:25:00
2025-05-15 11:30:00,-1403.856,2025-05-15 11:30:00
2025-05-15 11:35:00,-1459.886,2025-05-15 11:35:00
2025-05-15 11:40:00,-1539.896,2025-05-15 11:40:00
2025-05-15 11:45:00,-1487.866,2025-05-15 11:45:00
2025-05-15 11:50:00,-1487.926,2025-05-15 11:50:00
2025-05-15 11:55:00,-1519.886,2025-05-15 11:55:00
2025-05-15 12:00:00,-1527.906,2025-05-15 12:00:00
2025-05-15 12:05:00,-1479.886,2025-05-15 12:05:00
2025-05-15 12:10:00,-1563.866,2025-05-15 12:10:00
2025-05-15 12:15:00,-1467.866,2025-05-15 12:15:00
2025-05-15 12:20:00,-1527.926,2025-05-15 12:20:00
2025-05-15 12:25:00,-1563.876,2025-05-15 12:25:00
2025-05-15 12:30:00,-1535.896,2025-05-15 12:30:00
2025-05-15 12:35:00,-1523.896,2025-05-15 12:35:00
2025-05-15 12:40:00,-1419.896,2025-05-15 12:40:00
2025-05-15 12:45:00,-1455.886,2025-05-15 12:45:00
2025-05-15 12:50:00,-1471.886,2025-05-15 12:50:00
2025-05-15 12:55:00,-1447.876,2025-05-15 12:55:00
2025-05-15 13:00:00,-1459.906,2025-05-15 13:00:00
2025-05-15 13:05:00,-1379.906,2025-05-15 13:05:00
2025-05-15 13:10:00,-1351.886,2025-05-15 13:10:00
2025-05-15 13:15:00,-1347.896,2025-05-15 13:15:00
2025-05-15 13:20:00,-1447.896,2025-05-15 13:20:00
2025-05-15 13:25:00,-1419.926,2025-05-15 13:25:00
2025-05-15 13:30:00,-1395.926,2025-05-15 13:30:00
2025-05-15 13:35:00,-1515.866,2025-05-15 13:35:00
2025-05-15 13:40:00,-1335.896,2025-05-15 13:40:00
2025-05-15 13:45:00,-1287.906,2025-05-15 13:45:00
2025-05-15 13:50:00,-1339.946,2025-05-15 13:50:00
2025-05-15 13:55:00,-1415.896,2025-05-15 13:55:00
2025-05-15 14:00:00,-1407.926,2025-05-15 14:00:00
2025-05-15 14:05:00,-1263.876,2025-05-15 14:05:00
2025-05-15 14:10:00,-1555.906,2025-05-15 14:10:00
2025-05-15 14:15:00,-1631.896,2025-05-15 14:15:00
2025-05-15 14:20:00,-1563.866,2025-05-15 14:20:00
2025-05-15 14:25:00,-1631.886,2025-05-15 14:25:00
2025-05-15 14:30:00,-1683.826,2025-05-15 14:30:00
2025-05-15 14:35:00,-1607.896,2025-05-15 14:35:00
2025-05-15 14:40:00,-1659.916,2025-05-15 14:40:00
2025-05-15 14:45:00,-1275.906,2025-05-15 14:45:00
2025-05-15 14:50:00,-1391.896,2025-05-15 14:50:00
2025-05-15 14:55:00,-1311.906,2025-05-15 14:55:00
2025-05-15 15:00:00,-1267.866,2025-05-15 15:00:00
2025-05-15 15:05:00,-1171.876,2025-05-15 15:05:00
2025-05-15 15:10:00,-1223.866,2025-05-15 15:10:00
2025-05-15 15:15:00,-1223.886,2025-05-15 15:15:00
2025-05-15 15:20:00,-1279.916,2025-05-15 15:20:00
2025-05-15 15:25:00,-1379.856,2025-05-15 15:25:00
2025-05-15 15:30:00,-1247.906,2025-05-15 15:30:00
2025-05-15 15:35:00,-1299.886,2025-05-15 15:35:00
2025-05-15 15:40:00,-1187.886,2025-05-15 15:40:00
2025-05-15 15:45:00,-1423.906,2025-05-15 15:45:00
2025-05-15 15:50:00,-1335.876,2025-05-15 15:50:00
2025-05-15 15:55:00,-1371.896,2025-05-15 15:55:00
2025-05-15 16:00:00,-1235.916,2025-05-15 16:00:00
2025-05-15 16:05:00,-1303.926,2025-05-15 16:05:00
2025-05-15 16:10:00,-1259.906,2025-05-15 16:10:00
2025-05-15 16:15:00,-1243.906,2025-05-15 16:15:00
2025-05-15 16:20:00,-1207.906,2025-05-15 16:20:00
2025-05-15 16:25:00,-1379.896,2025-05-15 16:25:00
2025-05-15 16:30:00,-1195.866,2025-05-15 16:30:00
2025-05-15 16:35:00,-1255.886,2025-05-15 16:35:00
2025-05-15 16:40:00,-1203.866,2025-05-15 16:40:00
2025-05-15 16:45:00,-1295.896,2025-05-15 16:45:00
2025-05-15 16:50:00,-1495.876,2025-05-15 16:50:00
2025-05-15 16:55:00,-1199.866,2025-05-15 16:55:00
2025-05-15 17:00:00,-1267.886,2025-05-15 17:00:00
2025-05-15 17:05:00,-983.906,2025-05-15 17:05:00
2025-05-15 17:10:00,-1131.866,2025-05-15 17:10:00
2025-05-15 17:15:00,-1071.906,2025-05-15 17:15:00
2025-05-15 17:20:00,-1011.886,2025-05-15 17:20:00
2025-05-15 17:25:00,-1167.866,2025-05-15 17:25:00
2025-05-15 17:30:00,-1087.886,2025-05-15 17:30:00
2025-05-15 17:35:00,-1111.886,2025-05-15 17:35:00
2025-05-15 17:40:00,-1339.846,2025-05-15 17:40:00
2025-05-15 17:45:00,-1343.916,2025-05-15 17:45:00
2025-05-15 17:50:00,-1399.896,2025-05-15 17:50:00
2025-05-15 17:55:00,-1239.886,2025-05-15 17:55:00
2025-05-15 18:00:00,9000.0,2025-05-15 18:00:00
2025-05-15 18:05:00,9000.0,2025-05-15 18:05:00
2025-05-15 18:10:00,9000.0,2025-05-15 18:10:00
2025-05-15 18:15:00,9000.0,2025-05-15 18:15:00
2025-05-15 18:20:00,9000.0,2025-05-15 18:20:00
2025-05-15 18:25:00,9000.0,2025-05-15 18:25:00
2025-05-15 18:30:00,9000.0,2025-05-15 18:30:00
2025-05-15 18:35:00,9000.0,2025-05-15 18:35:00
2025-05-15 18:40:00,9000.0,2025-05-15 18:40:00
2025-05-15 18:45:00,9000.0,2025-05-15 18:45:00
2025-05-15 18:50:00,8999.997,2025-05-15 18:50:00
2025-05-15 18:55:00,1564.895,2025-05-15 18:55:00
2025-05-15 19:00:00,0.0,2025-05-15 19:00:00
2025-05-15 19:05:00,0.0,2025-05-15 19:05:00
2025-05-15 19:10:00,0.0,2025-05-15 19:10:00
2025-05-15 19:15:00,0.0,2025-05-15 19:15:00
2025-05-15 19:20:00,0.0,2025-05-15 19:20:00
2025-05-15 19:25:00,0.0,2025-05-15 19:25:00
2025-05-15 19:30:00,0.0,2025-05-15 19:30:00
2025-05-15 19:35:00,0.0,2025-05-15 19:35:00
2025-05-15 19:40:00,0.0,2025-05-15 19:40:00
2025-05-15 19:45:00,0.0,2025-05-15 19:45:00
2025-05-15 19:50:00,0.0,2025-05-15 19:50:00
2025-05-15 19:55:00,0.0,2025-05-15 19:55:00
2025-05-15 20:00:00,0.0,2025-05-15 20:00:00
2025-05-15 20:05:00,0.0,2025-05-15 20:05:00
2025-05-15 20:10:00,0.0,2025-05-15 20:10:00
2025-05-15 20:15:00,0.0,2025-05-15 20:15:00
2025-05-15 20:20:00,0.0,2025-05-15 20:20:00
2025-05-15 20:25:00,0.0,2025-05-15 20:25:00
2025-05-15 20:30:00,0.0,2025-05-15 20:30:00
2025-05-15 20:35:00,0.0,2025-05-15 20:35:00
2025-05-15 20:40:00,0.0,2025-05-15 20:40:00
2025-05-15 20:45:00,0.0,2025-05-15 20:45:00
2025-05-15 20:50:00,0.0,2025-05-15 20:50:00
2025-05-15 20:55:00,0.0,2025-05-15 20:55:00
2025-05-15 21:00:00,0.0,2025-05-15 21:00:00
2025-05-15 21:05:00,0.0,2025-05-15 21:05:00
2025-05-15 21:10:00,0.0,2025-05-15 21:10:00
2025-05-15 21:15:00,0.0,2025-05-15 21:15:00
2025-05-15 21:20:00,0.0,2025-05-15 21:20:00
2025-05-15 21:25:00,0.0,2025-05-15 21:25:00
2025-05-15 21:30:00,0.0,2025-05-15 21:30:00
2025-05-15 21:35:00,0.0,2025-05-15 21:35:00
2025-05-15 21:40:00,0.0,2025-05-15 21:40:00
2025-05-15 21:45:00,0.0,2025-05-15 21:45:00
2025-05-15 21:50:00,0.0,2025-05-15 21:50:00
2025-05-15 21:55:00,0.0,2025-05-15 21:55:00
2025-05-15 22:00:00,-1351.886,2025-05-15 22:00:00
2025-05-15 22:05:00,-1275.906,2025-05-15 22:05:00
2025-05-15 22:10:00,-1355.896,2025-05-15 22:10:00
2025-05-15 22:15:00,-1351.936,2025-05-15 22:15:00
2025-05-15 22:20:00,-1307.866,2025-05-15 22:20:00
2025-05-15 22:25:00,-1215.856,2025-05-15 22:25:00
2025-05-15 22:30:00,-1207.876,2025-05-15 22:30:00
2025-05-15 22:35:00,-1147.896,2025-05-15 22:35:00
2025-05-15 22:40:00,-1199.916,2025-05-15 22:40:00
2025-05-15 22:45:00,-1155.886,2025-05-15 22:45:00
2025-05-15 22:50:00,-1155.906,2025-05-15 22:50:00
2025-05-15 22:55:00,-1251.896,2025-05-15 22:55:00
2025-05-15 23:00:00,-1287.866,2025-05-15 23:00:00
2025-05-15 23:05:00,-1447.876,2025-05-15 23:05:00
2025-05-15 23:10:00,-1291.886,2025-05-15 23:10:00
2025-05-15 23:15:00,-1299.886,2025-05-15 23:15:00
2025-05-15 23:20:00,-1295.886,2025-05-15 23:20:00
2025-05-15 23:25:00,-1391.906,2025-05-15 23:25:00
2025-05-15 23:30:00,-1415.876,2025-05-15 23:30:00
2025-05-15 23:35:00,-1379.886,2025-05-15 23:35:00
2025-05-15 23:40:00,-1403.876,2025-05-15 23:40:00
2025-05-15 23:45:00,-1319.886,2025-05-15 23:45:00
2025-05-15 23:50:00,-1399.896,2025-05-15 23:50:00
2025-05-15 23:55:00,-1267.936,2025-05-15 23:55:00
2025-05-16 00:00:00,-1271.886,2025-05-16 00:00:00
2025-05-16 00:05:00,-1339.916,2025-05-16 00:05:00
2025-05-16 00:10:00,-1407.906,2025-05-16 00:10:00
2025-05-16 00:15:00,-1239.876,2025-05-16 00:15:00
2025-05-16 00:20:00,-1287.896,2025-05-16 00:20:00
2025-05-16 00:25:00,-1283.876,2025-05-16 00:25:00
2025-05-16 00:30:00,-1271.886,2025-05-16 00:30:00
2025-05-16 00:35:00,-1279.876,2025-05-16 00:35:00
2025-05-16 00:40:00,-1343.906,2025-05-16 00:40:00
2025-05-16 00:45:00,-1355.896,2025-05-16 00:45:00
2025-05-16 00:50:00,-1303.906,2025-05-16 00:50:00
2025-05-16 00:55:00,-1215.906,2025-05-16 00:55:00
2025-05-16 01:00:00,-1323.896,2025-05-16 01:00:00
2025-05-16 01:05:00,-1387.816,2025-05-16 01:05:00
2025-05-16 01:10:00,-1323.886,2025-05-16 01:10:00
2025-05-16 01:15:00,-1379.876,2025-05-16 01:15:00
2025-05-16 01:20:00,-1271.896,2025-05-16 01:20:00
2025-05-16 01:25:00,-1419.866,2025-05-16 01:25:00
2025-05-16 01:30:00,-1455.896,2025-05-16 01:30:00
2025-05-16 01:35:00,-1347.916,2025-05-16 01:35:00
2025-05-16 01:40:00,-1275.876,2025-05-16 01:40:00
2025-05-16 01:45:00,-1207.926,2025-05-16 01:45:00
2025-05-16 01:50:00,-1183.876,2025-05-16 01:50:00
2025-05-16 01:55:00,-1235.856,2025-05-16 01:55:00
2025-05-16 02:00:00,-1087.886,2025-05-16 02:00:00
2025-05-16 02:05:00,-1139.866,2025-05-16 02:05:00
2025-05-16 02:10:00,-1195.886,2025-05-16 02:10:00
2025-05-16 02:15:00,-1059.896,2025-05-16 02:15:00
2025-05-16 02:20:00,-1163.916,2025-05-16 02:20:00
2025-05-16 02:25:00,-1151.886,2025-05-16 02:25:00
2025-05-16 02:30:00,-1207.886,2025-05-16 02:30:00
2025-05-16 02:35:00,-1207.856,2025-05-16 02:35:00
2025-05-16 02:40:00,-1183.896,2025-05-16 02:40:00
2025-05-16 02:45:00,-1187.856,2025-05-16 02:45:00
2025-05-16 02:50:00,-1203.896,2025-05-16 02:50:00
2025-05-16 02:55:00,-1127.896,2025-05-16 02:55:00
2025-05-16 03:00:00,-1271.896,2025-05-16 03:00:00
2025-05-16 03:05:00,-1183.896,2025-05-16 03:05:00
2025-05-16 03:10:00,-1255.896,2025-05-16 03:10:00
2025-05-16 03:15:00,-1123.916,2025-05-16 03:15:00
2025-05-16 03:20:00,-1303.876,2025-05-16 03:20:00
2025-05-16 03:25:00,-1115.886,2025-05-16 03:25:00
2025-05-16 03:30:00,-1083.876,2025-05-16 03:30:00
2025-05-16 03:35:00,-1231.886,2025-05-16 03:35:00
2025-05-16 03:40:00,-1211.906,2025-05-16 03:40:00
2025-05-16 03:45:00,-1159.856,2025-05-16 03:45:00
2025-05-16 03:50:00,-1307.896,2025-05-16 03:50:00
2025-05-16 03:55:00,-1187.866,2025-05-16 03:55:00
2025-05-16 04:00:00,-1167.816,2025-05-16 04:00:00
2025-05-16 04:05:00,-1219.906,2025-05-16 04:05:00
2025-05-16 04:10:00,-1147.896,2025-05-16 04:10:00
2025-05-16 04:15:00,-1295.866,2025-05-16 04:15:00
2025-05-16 04:20:00,-1311.886,2025-05-16 04:20:00
2025-05-16 04:25:00,-1179.916,2025-05-16 04:25:00
2025-05-16 04:30:00,-1187.906,2025-05-16 04:30:00
2025-05-16 04:35:00,-1195.926,2025-05-16 04:35:00
2025-05-16 04:40:00,-1267.926,2025-05-16 04:40:00
2025-05-16 04:45:00,-1263.876,2025-05-16 04:45:00
2025-05-16 04:50:00,-1159.866,2025-05-16 04:50:00
2025-05-16 04:55:00,-1235.916,2025-05-16 04:55:00
2025-05-16 05:00:00,-1295.886,2025-05-16 05:00:00
2025-05-16 05:05:00,-1387.906,2025-05-16 05:05:00
2025-05-16 05:10:00,-1207.916,2025-05-16 05:10:00
2025-05-16 05:15:00,-1139.886,2025-05-16 05:15:00
2025-05-16 05:20:00,-1259.836,2025-05-16 05:20:00
2025-05-16 05:25:00,-1255.886,2025-05-16 05:25:00
2025-05-16 05:30:00,-1131.846,2025-05-16 05:30:00
2025-05-16 05:35:00,-1255.896,2025-05-16 05:35:00
2025-05-16 05:40:00,-1287.876,2025-05-16 05:40:00
2025-05-16 05:45:00,-1099.896,2025-05-16 05:45:00
2025-05-16 05:50:00,-1147.866,2025-05-16 05:50:00
2025-05-16 05:55:00,-1211.906,2025-05-16 05:55:00
2025-05-16 06:00:00,-1131.876,2025-05-16 06:00:00
2025-05-16 06:05:00,-1223.916,2025-05-16 06:05:00
2025-05-16 06:10:00,-1171.886,2025-05-16 06:10:00
2025-05-16 06:15:00,-1223.916,2025-05-16 06:15:00
2025-05-16 06:20:00,-1263.836,2025-05-16 06:20:00
2025-05-16 06:25:00,-1211.896,2025-05-16 06:25:00
2025-05-16 06:30:00,-1159.906,2025-05-16 06:30:00
2025-05-16 06:35:00,-1199.876,2025-05-16 06:35:00
2025-05-16 06:40:00,-1259.906,2025-05-16 06:40:00
2025-05-16 06:45:00,-1407.866,2025-05-16 06:45:00
2025-05-16 06:50:00,-1367.926,2025-05-16 06:50:00
2025-05-16 06:55:00,-1343.886,2025-05-16 06:55:00
2025-05-16 07:00:00,-1211.886,2025-05-16 07:00:00
2025-05-16 07:05:00,-1275.876,2025-05-16 07:05:00
2025-05-16 07:10:00,-1339.896,2025-05-16 07:10:00
2025-05-16 07:15:00,-1351.896,2025-05-16 07:15:00
2025-05-16 07:20:00,-1343.866,2025-05-16 07:20:00
2025-05-16 07:25:00,-1239.876,2025-05-16 07:25:00
2025-05-16 07:30:00,-1339.896,2025-05-16 07:30:00
2025-05-16 07:35:00,-1447.836,2025-05-16 07:35:00
2025-05-16 07:40:00,-1331.876,2025-05-16 07:40:00
2025-05-16 07:45:00,-1367.846,2025-05-16 07:45:00
2025-05-16 07:50:00,-1311.906,2025-05-16 07:50:00
2025-05-16 07:55:00,-1323.846,2025-05-16 07:55:00
2025-05-16 08:00:00,9000.0,2025-05-16 08:00:00
2025-05-16 08:05:00,9000.0,2025-05-16 08:05:00
2025-05-16 08:10:00,9000.0,2025-05-16 08:10:00
2025-05-16 08:15:00,9000.0,2025-05-16 08:15:00
2025-05-16 08:20:00,9000.0,2025-05-16 08:20:00
2025-05-16 08:25:00,9000.0,2025-05-16 08:25:00
2025-05-16 08:30:00,9000.0,2025-05-16 08:30:00
2025-05-16 08:35:00,9000.0,2025-05-16 08:35:00
2025-05-16 08:40:00,9000.0,2025-05-16 08:40:00
2025-05-16 08:45:00,9000.0,2025-05-16 08:45:00
2025-05-16 08:50:00,9000.0,2025-05-16 08:50:00
2025-05-16 08:55:00,9000.0,2025-05-16 08:55:00
2025-05-16 09:00:00,9000.0,2025-05-16 09:00:00
2025-05-16 09:05:00,9000.0,2025-05-16 09:05:00
2025-05-16 09:10:00,6084.523,2025-05-16 09:10:00
2025-05-16 09:15:00,0.0,2025-05-16 09:15:00
2025-05-16 09:20:00,0.0,2025-05-16 09:20:00
2025-05-16 09:25:00,0.0,2025-05-16 09:25:00
2025-05-16 09:30:00,0.0,2025-05-16 09:30:00
2025-05-16 09:35:00,0.0,2025-05-16 09:35:00
2025-05-16 09:40:00,0.0,2025-05-16 09:40:00
2025-05-16 09:45:00,0.0,2025-05-16 09:45:00
2025-05-16 09:50:00,0.0,2025-05-16 09:50:00
2025-05-16 09:55:00,0.0,2025-05-16 09:55:00
2025-05-16 10:00:00,0.0,2025-05-16 10:00:00
2025-05-16 10:05:00,0.0,2025-05-16 10:05:00
2025-05-16 10:10:00,0.0,2025-05-16 10:10:00
2025-05-16 10:15:00,0.0,2025-05-16 10:15:00
2025-05-16 10:20:00,0.0,2025-05-16 10:20:00
2025-05-16 10:25:00,0.0,2025-05-16 10:25:00
2025-05-16 10:30:00,0.0,2025-05-16 10:30:00
2025-05-16 10:35:00,0.0,2025-05-16 10:35:00
2025-05-16 10:40:00,0.0,2025-05-16 10:40:00
2025-05-16 10:45:00,0.0,2025-05-16 10:45:00
2025-05-16 10:50:00,0.0,2025-05-16 10:50:00
2025-05-16 10:55:00,0.0,2025-05-16 10:55:00
2025-05-16 11:00:00,-1359.916,2025-05-16 11:00:00
2025-05-16 11:05:00,-1215.896,2025-05-16 11:05:00
2025-05-16 11:10:00,-1355.896,2025-05-16 11:10:00
2025-05-16 11:15:00,-1291.886,2025-05-16 11:15:00
2025-05-16 11:20:00,-1399.846,2025-05-16 11:20:00
2025-05-16 11:25:00,-1207.876,2025-05-16 11:25:00
2025-05-16 11:30:00,-1359.906,2025-05-16 11:30:00
2025-05-16 11:35:00,-1311.886,2025-05-16 11:35:00
2025-05-16 11:40:00,-1279.856,2025-05-16 11:40:00
2025-05-16 11:45:00,-1355.906,2025-05-16 11:45:00
2025-05-16 11:50:00,-1379.876,2025-05-16 11:50:00
2025-05-16 11:55:00,-1183.926,2025-05-16 11:55:00
2025-05-16 12:00:00,-1203.856,2025-05-16 12:00:00
2025-05-16 12:05:00,-1135.866,2025-05-16 12:05:00
2025-05-16 12:10:00,-1071.906,2025-05-16 12:10:00
2025-05-16 12:15:00,-1223.896,2025-05-16 12:15:00
2025-05-16 12:20:00,-1211.896,2025-05-16 12:20:00
2025-05-16 12:25:00,-1335.896,2025-05-16 12:25:00
2025-05-16 12:30:00,-1299.886,2025-05-16 12:30:00
2025-05-16 12:35:00,-1375.906,2025-05-16 12:35:00
2025-05-16 12:40:00,-1275.886,2025-05-16 12:40:00
2025-05-16 12:45:00,-1355.876,2025-05-16 12:45:00
2025-05-16 12:50:00,-1315.896,2025-05-16 12:50:00
2025-05-16 12:55:00,-1303.886,2025-05-16 12:55:00
2025-05-16 13:00:00,-1295.866,2025-05-16 13:00:00
2025-05-16 13:05:00,-1419.866,2025-05-16 13:05:00
2025-05-16 13:10:00,-1263.886,2025-05-16 13:10:00
2025-05-16 13:15:00,-1303.876,2025-05-16 13:15:00
2025-05-16 13:20:00,-1495.886,2025-05-16 13:20:00
2025-05-16 13:25:00,-1451.866,2025-05-16 13:25:00
2025-05-16 13:30:00,-1423.866,2025-05-16 13:30:00
2025-05-16 13:35:00,-1487.896,2025-05-16 13:35:00
2025-05-16 13:40:00,-1571.916,2025-05-16 13:40:00
2025-05-16 13:45:00,-1511.896,2025-05-16 13:45:00
2025-05-16 13:50:00,-1415.896,2025-05-16 13:50:00
2025-05-16 13:55:00,-1443.896,2025-05-16 13:55:00
2025-05-16 14:00:00,-1579.916,2025-05-16 14:00:00
2025-05-16 14:05:00,-1515.896,2025-05-16 14:05:00
2025-05-16 14:10:00,-1647.886,2025-05-16 14:10:00
2025-05-16 14:15:00,-1519.886,2025-05-16 14:15:00
2025-05-16 14:20:00,-1591.916,2025-05-16 14:20:00
2025-05-16 14:25:00,-1531.886,2025-05-16 14:25:00
2025-05-16 14:30:00,-1667.876,2025-05-16 14:30:00
2025-05-16 14:35:00,-1555.886,2025-05-16 14:35:00
2025-05-16 14:40:00,-1599.906,2025-05-16 14:40:00
2025-05-16 14:45:00,-1443.896,2025-05-16 14:45:00
2025-05-16 14:50:00,-1407.846,2025-05-16 14:50:00
2025-05-16 14:55:00,-1343.886,2025-05-16 14:55:00
2025-05-16 15:00:00,-1319.896,2025-05-16 15:00:00
2025-05-16 15:05:00,-1507.886,2025-05-16 15:05:00
2025-05-16 15:10:00,-1439.886,2025-05-16 15:10:00
2025-05-16 15:15:00,-1251.896,2025-05-16 15:15:00
2025-05-16 15:20:00,-1323.916,2025-05-16 15:20:00
2025-05-16 15:25:00,-1351.866,2025-05-16 15:25:00
2025-05-16 15:30:00,-1379.866,2025-05-16 15:30:00
2025-05-16 15:35:00,-1359.896,2025-05-16 15:35:00
2025-05-16 15:40:00,-1295.896,2025-05-16 15:40:00
2025-05-16 15:45:00,-1359.886,2025-05-16 15:45:00
2025-05-16 15:50:00,-1439.866,2025-05-16 15:50:00
2025-05-16 15:55:00,-1467.886,2025-05-16 15:55:00
2025-05-16 16:00:00,-1331.906,2025-05-16 16:00:00
2025-05-16 16:05:00,-1231.876,2025-05-16 16:05:00
2025-05-16 16:10:00,-1355.916,2025-05-16 16:10:00
2025-05-16 16:15:00,-1403.846,2025-05-16 16:15:00
2025-05-16 16:20:00,-1399.906,2025-05-16 16:20:00
2025-05-16 16:25:00,-1319.906,2025-05-16 16:25:00
2025-05-16 16:30:00,-1323.896,2025-05-16 16:30:00
2025-05-16 16:35:00,-1299.906,2025-05-16 16:35:00
2025-05-16 16:40:00,-1319.896,2025-05-16 16:40:00
2025-05-16 16:45:00,-1459.896,2025-05-16 16:45:00
2025-05-16 16:50:00,-1407.866,2025-05-16 16:50:00
2025-05-16 16:55:00,-1319.906,2025-05-16 16:55:00
2025-05-16 17:00:00,-1319.856,2025-05-16 17:00:00
2025-05-16 17:05:00,-1315.896,2025-05-16 17:05:00
2025-05-16 17:10:00,-1311.886,2025-05-16 17:10:00
2025-05-16 17:15:00,-1631.866,2025-05-16 17:15:00
2025-05-16 17:20:00,-1295.886,2025-05-16 17:20:00
2025-05-16 17:25:00,-1423.876,2025-05-16 17:25:00
2025-05-16 17:30:00,-1383.926,2025-05-16 17:30:00
2025-05-16 17:35:00,-1419.916,2025-05-16 17:35:00
2025-05-16 17:40:00,-1255.876,2025-05-16 17:40:00
2025-05-16 17:45:00,-1659.926,2025-05-16 17:45:00
2025-05-16 17:50:00,-1563.876,2025-05-16 17:50:00
2025-05-16 17:55:00,-1579.876,2025-05-16 17:55:00
2025-05-16 18:00:00,9000.0,2025-05-16 18:00:00
2025-05-16 18:05:00,9000.0,2025-05-16 18:05:00
2025-05-16 18:10:00,9000.0,2025-05-16 18:10:00
2025-05-16 18:15:00,9000.0,2025-05-16 18:15:00
2025-05-16 18:20:00,9000.0,2025-05-16 18:20:00
2025-05-16 18:25:00,9000.0,2025-05-16 18:25:00
2025-05-16 18:30:00,9000.0,2025-05-16 18:30:00
2025-05-16 18:35:00,9000.0,2025-05-16 18:35:00
2025-05-16 18:40:00,9000.0,2025-05-16 18:40:00
2025-05-16 18:45:00,9000.0,2025-05-16 18:45:00
2025-05-16 18:50:00,8999.999,2025-05-16 18:50:00
2025-05-16 18:55:00,2508.664,2025-05-16 18:55:00
2025-05-16 19:00:00,0.0,2025-05-16 19:00:00
2025-05-16 19:05:00,0.0,2025-05-16 19:05:00
2025-05-16 19:10:00,0.0,2025-05-16 19:10:00
2025-05-16 19:15:00,0.0,2025-05-16 19:15:00
2025-05-16 19:20:00,0.0,2025-05-16 19:20:00
2025-05-16 19:25:00,0.0,2025-05-16 19:25:00
2025-05-16 19:30:00,0.0,2025-05-16 19:30:00
2025-05-16 19:35:00,0.0,2025-05-16 19:35:00
2025-05-16 19:40:00,0.0,2025-05-16 19:40:00
2025-05-16 19:45:00,0.0,2025-05-16 19:45:00
2025-05-16 19:50:00,0.0,2025-05-16 19:50:00
2025-05-16 19:55:00,0.0,2025-05-16 19:55:00
2025-05-16 20:00:00,0.0,2025-05-16 20:00:00
2025-05-16 20:05:00,0.0,2025-05-16 20:05:00
2025-05-16 20:10:00,0.0,2025-05-16 20:10:00
2025-05-16 20:15:00,0.0,2025-05-16 20:15:00
2025-05-16 20:20:00,0.0,2025-05-16 20:20:00
2025-05-16 20:25:00,0.0,2025-05-16 20:25:00
2025-05-16 20:30:00,0.0,2025-05-16 20:30:00
2025-05-16 20:35:00,0.0,2025-05-16 20:35:00
2025-05-16 20:40:00,0.0,2025-05-16 20:40:00
2025-05-16 20:45:00,0.0,2025-05-16 20:45:00
2025-05-16 20:50:00,0.0,2025-05-16 20:50:00
2025-05-16 20:55:00,0.0,2025-05-16 20:55:00
2025-05-16 21:00:00,0.0,2025-05-16 21:00:00
2025-05-16 21:05:00,0.0,2025-05-16 21:05:00
2025-05-16 21:10:00,0.0,2025-05-16 21:10:00
2025-05-16 21:15:00,0.0,2025-05-16 21:15:00
2025-05-16 21:20:00,0.0,2025-05-16 21:20:00
2025-05-16 21:25:00,0.0,2025-05-16 21:25:00
2025-05-16 21:30:00,0.0,2025-05-16 21:30:00
2025-05-16 21:35:00,0.0,2025-05-16 21:35:00
2025-05-16 21:40:00,0.0,2025-05-16 21:40:00
2025-05-16 21:45:00,0.0,2025-05-16 21:45:00
2025-05-16 21:50:00,0.0,2025-05-16 21:50:00
2025-05-16 21:55:00,0.0,2025-05-16 21:55:00
2025-05-16 22:00:00,-1487.886,2025-05-16 22:00:00
2025-05-16 22:05:00,-1507.886,2025-05-16 22:05:00
2025-05-16 22:10:00,-1287.906,2025-05-16 22:10:00
2025-05-16 22:15:00,-1403.886,2025-05-16 22:15:00
2025-05-16 22:20:00,-1375.896,2025-05-16 22:20:00
2025-05-16 22:25:00,-1399.906,2025-05-16 22:25:00
2025-05-16 22:30:00,-1327.866,2025-05-16 22:30:00
2025-05-16 22:35:00,-1435.916,2025-05-16 22:35:00
2025-05-16 22:40:00,-1471.906,2025-05-16 22:40:00
2025-05-16 22:45:00,-1395.926,2025-05-16 22:45:00
2025-05-16 22:50:00,-1467.886,2025-05-16 22:50:00
2025-05-16 22:55:00,-1495.836,2025-05-16 22:55:00
2025-05-16 23:00:00,-1439.906,2025-05-16 23:00:00
2025-05-16 23:05:00,-1583.916,2025-05-16 23:05:00
2025-05-16 23:10:00,-1471.876,2025-05-16 23:10:00
2025-05-16 23:15:00,-1607.896,2025-05-16 23:15:00
2025-05-16 23:20:00,-1603.856,2025-05-16 23:20:00
2025-05-16 23:25:00,-1495.846,2025-05-16 23:25:00
2025-05-16 23:30:00,-1635.866,2025-05-16 23:30:00
2025-05-16 23:35:00,-1471.906,2025-05-16 23:35:00
2025-05-16 23:40:00,-1451.916,2025-05-16 23:40:00
2025-05-16 23:45:00,-1527.886,2025-05-16 23:45:00
2025-05-16 23:50:00,-1471.906,2025-05-16 23:50:00
2025-05-16 23:55:00,-1555.906,2025-05-16 23:55:00
2025-05-17 00:00:00,-1515.906,2025-05-17 00:00:00
2025-05-17 00:05:00,-1427.886,2025-05-17 00:05:00
2025-05-17 00:10:00,-1563.886,2025-05-17 00:10:00
2025-05-17 00:15:00,-1359.906,2025-05-17 00:15:00
2025-05-17 00:20:00,-1483.896,2025-05-17 00:20:00
2025-05-17 00:25:00,-1479.926,2025-05-17 00:25:00
2025-05-17 00:30:00,-1499.876,2025-05-17 00:30:00
2025-05-17 00:35:00,-1491.896,2025-05-17 00:35:00
2025-05-17 00:40:00,-1419.886,2025-05-17 00:40:00
2025-05-17 00:45:00,-1563.906,2025-05-17 00:45:00
2025-05-17 00:50:00,-1491.906,2025-05-17 00:50:00
2025-05-17 00:55:00,-1467.876,2025-05-17 00:55:00
2025-05-17 01:00:00,-1495.906,2025-05-17 01:00:00
2025-05-17 01:05:00,-1495.906,2025-05-17 01:05:00
2025-05-17 01:10:00,-1739.886,2025-05-17 01:10:00
2025-05-17 01:15:00,-1599.906,2025-05-17 01:15:00
2025-05-17 01:20:00,-1375.876,2025-05-17 01:20:00
2025-05-17 01:25:00,-1627.886,2025-05-17 01:25:00
2025-05-17 01:30:00,-1575.886,2025-05-17 01:30:00
2025-05-17 01:35:00,-1663.896,2025-05-17 01:35:00
2025-05-17 01:40:00,-1671.896,2025-05-17 01:40:00
2025-05-17 01:45:00,-1595.906,2025-05-17 01:45:00
2025-05-17 01:50:00,-1539.836,2025-05-17 01:50:00
2025-05-17 01:55:00,-1539.906,2025-05-17 01:55:00
2025-05-17 02:00:00,-1519.876,2025-05-17 02:00:00
2025-05-17 02:05:00,-1611.896,2025-05-17 02:05:00
2025-05-17 02:10:00,-1727.856,2025-05-17 02:10:00
2025-05-17 02:15:00,-1587.926,2025-05-17 02:15:00
2025-05-17 02:20:00,-1667.846,2025-05-17 02:20:00
2025-05-17 02:25:00,-1543.916,2025-05-17 02:25:00
2025-05-17 02:30:00,-1671.916,2025-05-17 02:30:00
2025-05-17 02:35:00,-1651.866,2025-05-17 02:35:00
2025-05-17 02:40:00,-1699.886,2025-05-17 02:40:00
2025-05-17 02:45:00,-1759.906,2025-05-17 02:45:00
2025-05-17 02:50:00,-1663.906,2025-05-17 02:50:00
2025-05-17 02:55:00,-1551.876,2025-05-17 02:55:00
2025-05-17 03:00:00,-1607.926,2025-05-17 03:00:00
2025-05-17 03:05:00,-1555.876,2025-05-17 03:05:00
2025-05-17 03:10:00,-1647.876,2025-05-17 03:10:00
2025-05-17 03:15:00,-1595.916,2025-05-17 03:15:00
2025-05-17 03:20:00,-1687.876,2025-05-17 03:20:00
2025-05-17 03:25:00,-1839.886,2025-05-17 03:25:00
2025-05-17 03:30:00,-1927.876,2025-05-17 03:30:00
2025-05-17 03:35:00,-1831.866,2025-05-17 03:35:00
2025-05-17 03:40:00,-1883.896,2025-05-17 03:40:00
2025-05-17 03:45:00,-1951.906,2025-05-17 03:45:00
2025-05-17 03:50:00,-1871.876,2025-05-17 03:50:00
2025-05-17 03:55:00,-1795.886,2025-05-17 03:55:00
2025-05-17 04:00:00,-1775.896,2025-05-17 04:00:00
2025-05-17 04:05:00,-1947.886,2025-05-17 04:05:00
2025-05-17 04:10:00,-2059.866,2025-05-17 04:10:00
2025-05-17 04:15:00,-1855.866,2025-05-17 04:15:00
2025-05-17 04:20:00,-1971.886,2025-05-17 04:20:00
2025-05-17 04:25:00,-1959.906,2025-05-17 04:25:00
2025-05-17 04:30:00,-1891.896,2025-05-17 04:30:00
2025-05-17 04:35:00,-1931.886,2025-05-17 04:35:00
2025-05-17 04:40:00,-1907.896,2025-05-17 04:40:00
2025-05-17 04:45:00,-1867.896,2025-05-17 04:45:00
2025-05-17 04:50:00,-1903.886,2025-05-17 04:50:00
2025-05-17 04:55:00,-1975.866,2025-05-17 04:55:00
2025-05-17 05:00:00,-1907.906,2025-05-17 05:00:00
2025-05-17 05:05:00,-1863.896,2025-05-17 05:05:00
2025-05-17 05:10:00,-1963.896,2025-05-17 05:10:00
2025-05-17 05:15:00,-1943.896,2025-05-17 05:15:00
2025-05-17 05:20:00,-1827.876,2025-05-17 05:20:00
2025-05-17 05:25:00,-1867.896,2025-05-17 05:25:00
2025-05-17 05:30:00,-2019.876,2025-05-17 05:30:00
2025-05-17 05:35:00,-1955.906,2025-05-17 05:35:00
2025-05-17 05:40:00,-1983.866,2025-05-17 05:40:00
2025-05-17 05:45:00,-1855.916,2025-05-17 05:45:00
2025-05-17 05:50:00,-1939.866,2025-05-17 05:50:00
2025-05-17 05:55:00,-1859.906,2025-05-17 05:55:00
2025-05-17 06:00:00,-1955.866,2025-05-17 06:00:00
2025-05-17 06:05:00,-1907.856,2025-05-17 06:05:00
2025-05-17 06:10:00,-1983.896,2025-05-17 06:10:00
2025-05-17 06:15:00,-1939.906,2025-05-17 06:15:00
2025-05-17 06:20:00,-1827.886,2025-05-17 06:20:00
2025-05-17 06:25:00,-1927.896,2025-05-17 06:25:00
2025-05-17 06:30:00,-1875.916,2025-05-17 06:30:00
2025-05-17 06:35:00,-1843.896,2025-05-17 06:35:00
2025-05-17 06:40:00,-2091.856,2025-05-17 06:40:00
2025-05-17 06:45:00,-1899.886,2025-05-17 06:45:00
2025-05-17 06:50:00,-1947.926,2025-05-17 06:50:00
2025-05-17 06:55:00,-1887.866,2025-05-17 06:55:00
2025-05-17 07:00:00,-1955.896,2025-05-17 07:00:00
2025-05-17 07:05:00,-1855.896,2025-05-17 07:05:00
2025-05-17 07:10:00,-2035.896,2025-05-17 07:10:00
2025-05-17 07:15:00,-2067.876,2025-05-17 07:15:00
2025-05-17 07:20:00,-1971.876,2025-05-17 07:20:00
2025-05-17 07:25:00,-1999.866,2025-05-17 07:25:00
2025-05-17 07:30:00,-1903.906,2025-05-17 07:30:00
2025-05-17 07:35:00,-2075.866,2025-05-17 07:35:00
2025-05-17 07:40:00,-2039.916,2025-05-17 07:40:00
2025-05-17 07:45:00,-1903.876,2025-05-17 07:45:00
2025-05-17 07:50:00,-2015.876,2025-05-17 07:50:00
2025-05-17 07:55:00,-1803.896,2025-05-17 07:55:00
2025-05-17 08:00:00,9000.0,2025-05-17 08:00:00
2025-05-17 08:05:00,9000.0,2025-05-17 08:05:00
2025-05-17 08:10:00,9000.0,2025-05-17 08:10:00
2025-05-17 08:15:00,9000.0,2025-05-17 08:15:00
2025-05-17 08:20:00,9000.0,2025-05-17 08:20:00
2025-05-17 08:25:00,9000.0,2025-05-17 08:25:00
2025-05-17 08:30:00,9000.0,2025-05-17 08:30:00
2025-05-17 08:35:00,9000.0,2025-05-17 08:35:00
2025-05-17 08:40:00,9000.0,2025-05-17 08:40:00
2025-05-17 08:45:00,9000.0,2025-05-17 08:45:00
2025-05-17 08:50:00,9000.0,2025-05-17 08:50:00
2025-05-17 08:55:00,9000.0,2025-05-17 08:55:00
2025-05-17 09:00:00,9000.0,2025-05-17 09:00:00
2025-05-17 09:05:00,9000.0,2025-05-17 09:05:00
2025-05-17 09:10:00,9000.0,2025-05-17 09:10:00
2025-05-17 09:15:00,8999.999,2025-05-17 09:15:00
2025-05-17 09:20:00,8999.999,2025-05-17 09:20:00
2025-05-17 09:25:00,8999.999,2025-05-17 09:25:00
2025-05-17 09:30:00,8999.996,2025-05-17 09:30:00
2025-05-17 09:35:00,8770.112,2025-05-17 09:35:00
2025-05-17 09:40:00,0.134,2025-05-17 09:40:00
2025-05-17 09:45:00,0.0,2025-05-17 09:45:00
2025-05-17 09:50:00,0.0,2025-05-17 09:50:00
2025-05-17 09:55:00,0.0,2025-05-17 09:55:00
2025-05-17 10:00:00,0.0,2025-05-17 10:00:00
2025-05-17 10:05:00,0.0,2025-05-17 10:05:00
2025-05-17 10:10:00,0.0,2025-05-17 10:10:00
2025-05-17 10:15:00,0.0,2025-05-17 10:15:00
2025-05-17 10:20:00,0.0,2025-05-17 10:20:00
2025-05-17 10:25:00,0.0,2025-05-17 10:25:00
2025-05-17 10:30:00,0.0,2025-05-17 10:30:00
2025-05-17 10:35:00,0.0,2025-05-17 10:35:00
2025-05-17 10:40:00,0.0,2025-05-17 10:40:00
2025-05-17 10:45:00,0.0,2025-05-17 10:45:00
2025-05-17 10:50:00,0.0,2025-05-17 10:50:00
2025-05-17 10:55:00,0.0,2025-05-17 10:55:00
2025-05-17 11:00:00,-1663.896,2025-05-17 11:00:00
2025-05-17 11:05:00,-1551.866,2025-05-17 11:05:00
2025-05-17 11:10:00,-1655.886,2025-05-17 11:10:00
2025-05-17 11:15:00,-1611.866,2025-05-17 11:15:00
2025-05-17 11:20:00,-1571.896,2025-05-17 11:20:00
2025-05-17 11:25:00,-1515.886,2025-05-17 11:25:00
2025-05-17 11:30:00,-1563.866,2025-05-17 11:30:00
2025-05-17 11:35:00,-1687.906,2025-05-17 11:35:00
2025-05-17 11:40:00,-1647.826,2025-05-17 11:40:00
2025-05-17 11:45:00,-1527.906,2025-05-17 11:45:00
2025-05-17 11:50:00,-1675.896,2025-05-17 11:50:00
2025-05-17 11:55:00,-1675.846,2025-05-17 11:55:00
2025-05-17 12:00:00,-1535.896,2025-05-17 12:00:00
2025-05-17 12:05:00,-1591.866,2025-05-17 12:05:00
2025-05-17 12:10:00,-1583.906,2025-05-17 12:10:00
2025-05-17 12:15:00,-1471.916,2025-05-17 12:15:00
2025-05-17 12:20:00,-1691.896,2025-05-17 12:20:00
2025-05-17 12:25:00,-1583.866,2025-05-17 12:25:00
2025-05-17 12:30:00,-1591.896,2025-05-17 12:30:00
2025-05-17 12:35:00,-1551.856,2025-05-17 12:35:00
2025-05-17 12:40:00,-1583.876,2025-05-17 12:40:00
2025-05-17 12:45:00,-1583.886,2025-05-17 12:45:00
2025-05-17 12:50:00,-1667.886,2025-05-17 12:50:00
2025-05-17 12:55:00,-1575.906,2025-05-17 12:55:00
2025-05-17 13:00:00,-1607.856,2025-05-17 13:00:00
2025-05-17 13:05:00,-1563.906,2025-05-17 13:05:00
2025-05-17 13:10:00,-1663.896,2025-05-17 13:10:00
2025-05-17 13:15:00,-1611.916,2025-05-17 13:15:00
2025-05-17 13:20:00,-1579.896,2025-05-17 13:20:00
2025-05-17 13:25:00,-1631.876,2025-05-17 13:25:00
2025-05-17 13:30:00,-1487.936,2025-05-17 13:30:00
2025-05-17 13:35:00,-1531.886,2025-05-17 13:35:00
2025-05-17 13:40:00,-1619.906,2025-05-17 13:40:00
2025-05-17 13:45:00,-1643.906,2025-05-17 13:45:00
2025-05-17 13:50:00,-1627.916,2025-05-17 13:50:00
2025-05-17 13:55:00,-1611.896,2025-05-17 13:55:00
2025-05-17 14:00:00,-1459.846,2025-05-17 14:00:00
2025-05-17 14:05:00,-1735.896,2025-05-17 14:05:00
2025-05-17 14:10:00,-1683.886,2025-05-17 14:10:00
2025-05-17 14:15:00,-1675.856,2025-05-17 14:15:00
2025-05-17 14:20:00,-1555.926,2025-05-17 14:20:00
2025-05-17 14:25:00,-1647.886,2025-05-17 14:25:00
2025-05-17 14:30:00,-1583.866,2025-05-17 14:30:00
2025-05-17 14:35:00,-1631.896,2025-05-17 14:35:00
2025-05-17 14:40:00,-1459.876,2025-05-17 14:40:00
2025-05-17 14:45:00,-1543.886,2025-05-17 14:45:00
2025-05-17 14:50:00,-1575.876,2025-05-17 14:50:00
2025-05-17 14:55:00,-1735.906,2025-05-17 14:55:00
2025-05-17 15:00:00,-1571.906,2025-05-17 15:00:00
2025-05-17 15:05:00,-1711.906,2025-05-17 15:05:00
2025-05-17 15:10:00,-1559.896,2025-05-17 15:10:00
2025-05-17 15:15:00,-1667.906,2025-05-17 15:15:00
2025-05-17 15:20:00,-1699.866,2025-05-17 15:20:00
2025-05-17 15:25:00,-1743.896,2025-05-17 15:25:00
2025-05-17 15:30:00,-1775.936,2025-05-17 15:30:00
2025-05-17 15:35:00,-1823.886,2025-05-17 15:35:00
2025-05-17 15:40:00,-1867.926,2025-05-17 15:40:00
2025-05-17 15:45:00,-1815.896,2025-05-17 15:45:00
2025-05-17 15:50:00,-1871.876,2025-05-17 15:50:00
2025-05-17 15:55:00,-1731.876,2025-05-17 15:55:00
2025-05-17 16:00:00,-1771.876,2025-05-17 16:00:00
2025-05-17 16:05:00,-1659.916,2025-05-17 16:05:00
2025-05-17 16:10:00,-1855.886,2025-05-17 16:10:00
2025-05-17 16:15:00,-1751.886,2025-05-17 16:15:00
2025-05-17 16:20:00,-1731.876,2025-05-17 16:20:00
2025-05-17 16:25:00,-1735.896,2025-05-17 16:25:00
2025-05-17 16:30:00,-1827.866,2025-05-17 16:30:00
2025-05-17 16:35:00,-1791.906,2025-05-17 16:35:00
2025-05-17 16:40:00,-1775.886,2025-05-17 16:40:00
2025-05-17 16:45:00,-1639.896,2025-05-17 16:45:00
2025-05-17 16:50:00,-1815.896,2025-05-17 16:50:00
2025-05-17 16:55:00,-1627.896,2025-05-17 16:55:00
2025-05-17 17:00:00,-1703.896,2025-05-17 17:00:00
2025-05-17 17:05:00,-1747.876,2025-05-17 17:05:00
2025-05-17 17:10:00,-1787.866,2025-05-17 17:10:00
2025-05-17 17:15:00,-1627.876,2025-05-17 17:15:00
2025-05-17 17:20:00,-1655.886,2025-05-17 17:20:00
2025-05-17 17:25:00,-1683.846,2025-05-17 17:25:00
2025-05-17 17:30:00,-1635.886,2025-05-17 17:30:00
2025-05-17 17:35:00,-1591.906,2025-05-17 17:35:00
2025-05-17 17:40:00,-1719.916,2025-05-17 17:40:00
2025-05-17 17:45:00,-1735.896,2025-05-17 17:45:00
2025-05-17 17:50:00,-1543.886,2025-05-17 17:50:00
2025-05-17 17:55:00,-1699.866,2025-05-17 17:55:00
2025-05-17 18:00:00,9000.0,2025-05-17 18:00:00
2025-05-17 18:05:00,9000.0,2025-05-17 18:05:00
2025-05-17 18:10:00,9000.0,2025-05-17 18:10:00
2025-05-17 18:15:00,9000.0,2025-05-17 18:15:00
2025-05-17 18:20:00,9000.0,2025-05-17 18:20:00
2025-05-17 18:25:00,9000.0,2025-05-17 18:25:00
2025-05-17 18:30:00,9000.0,2025-05-17 18:30:00
2025-05-17 18:35:00,9000.0,2025-05-17 18:35:00
2025-05-17 18:40:00,9000.0,2025-05-17 18:40:00
2025-05-17 18:45:00,8999.999,2025-05-17 18:45:00
2025-05-17 18:50:00,8999.999,2025-05-17 18:50:00
2025-05-17 18:55:00,8999.999,2025-05-17 18:55:00
2025-05-17 19:00:00,8999.992,2025-05-17 19:00:00
2025-05-17 19:05:00,4313.5,2025-05-17 19:05:00
2025-05-17 19:10:00,0.0,2025-05-17 19:10:00
2025-05-17 19:15:00,0.0,2025-05-17 19:15:00
2025-05-17 19:20:00,0.0,2025-05-17 19:20:00
2025-05-17 19:25:00,0.0,2025-05-17 19:25:00
2025-05-17 19:30:00,0.0,2025-05-17 19:30:00
2025-05-17 19:35:00,0.0,2025-05-17 19:35:00
2025-05-17 19:40:00,0.0,2025-05-17 19:40:00
2025-05-17 19:45:00,0.0,2025-05-17 19:45:00
2025-05-17 19:50:00,0.0,2025-05-17 19:50:00
2025-05-17 19:55:00,0.0,2025-05-17 19:55:00
2025-05-17 20:00:00,0.0,2025-05-17 20:00:00
2025-05-17 20:05:00,0.0,2025-05-17 20:05:00
2025-05-17 20:10:00,0.0,2025-05-17 20:10:00
2025-05-17 20:15:00,0.0,2025-05-17 20:15:00
2025-05-17 20:20:00,0.0,2025-05-17 20:20:00
2025-05-17 20:25:00,0.0,2025-05-17 20:25:00
2025-05-17 20:30:00,0.0,2025-05-17 20:30:00
2025-05-17 20:35:00,0.0,2025-05-17 20:35:00
2025-05-17 20:40:00,0.0,2025-05-17 20:40:00
2025-05-17 20:45:00,0.0,2025-05-17 20:45:00
2025-05-17 20:50:00,0.0,2025-05-17 20:50:00
2025-05-17 20:55:00,0.0,2025-05-17 20:55:00
2025-05-17 21:00:00,0.0,2025-05-17 21:00:00
2025-05-17 21:05:00,0.0,2025-05-17 21:05:00
2025-05-17 21:10:00,0.0,2025-05-17 21:10:00
2025-05-17 21:15:00,0.0,2025-05-17 21:15:00
2025-05-17 21:20:00,0.0,2025-05-17 21:20:00
2025-05-17 21:25:00,0.0,2025-05-17 21:25:00
2025-05-17 21:30:00,0.0,2025-05-17 21:30:00
2025-05-17 21:35:00,0.0,2025-05-17 21:35:00
2025-05-17 21:40:00,0.0,2025-05-17 21:40:00
2025-05-17 21:45:00,0.0,2025-05-17 21:45:00
2025-05-17 21:50:00,0.0,2025-05-17 21:50:00
2025-05-17 21:55:00,0.0,2025-05-17 21:55:00
2025-05-17 22:00:00,-1335.896,2025-05-17 22:00:00
2025-05-17 22:05:00,-1599.896,2025-05-17 22:05:00
2025-05-17 22:10:00,-1631.916,2025-05-17 22:10:00
2025-05-17 22:15:00,-1451.896,2025-05-17 22:15:00
2025-05-17 22:20:00,-1495.866,2025-05-17 22:20:00
2025-05-17 22:25:00,-1523.896,2025-05-17 22:25:00
2025-05-17 22:30:00,-1311.886,2025-05-17 22:30:00
2025-05-17 22:35:00,-1387.896,2025-05-17 22:35:00
2025-05-17 22:40:00,-1583.896,2025-05-17 22:40:00
2025-05-17 22:45:00,-1511.896,2025-05-17 22:45:00
2025-05-17 22:50:00,-1567.876,2025-05-17 22:50:00
2025-05-17 22:55:00,-1551.886,2025-05-17 22:55:00
2025-05-17 23:00:00,-1715.896,2025-05-17 23:00:00
2025-05-17 23:05:00,-1643.876,2025-05-17 23:05:00
2025-05-17 23:10:00,-1715.896,2025-05-17 23:10:00
2025-05-17 23:15:00,-1575.916,2025-05-17 23:15:00
2025-05-17 23:20:00,-1639.886,2025-05-17 23:20:00
2025-05-17 23:25:00,-1727.886,2025-05-17 23:25:00
2025-05-17 23:30:00,-1655.876,2025-05-17 23:30:00
2025-05-17 23:35:00,-1787.846,2025-05-17 23:35:00
2025-05-17 23:40:00,-1723.906,2025-05-17 23:40:00
2025-05-17 23:45:00,-1723.876,2025-05-17 23:45:00
2025-05-17 23:50:00,-1895.896,2025-05-17 23:50:00
2025-05-17 23:55:00,-1891.886,2025-05-17 23:55:00
2025-05-18 00:00:00,-1747.896,2025-05-18 00:00:00
2025-05-18 00:05:00,-1839.886,2025-05-18 00:05:00
2025-05-18 00:10:00,-1959.886,2025-05-18 00:10:00
2025-05-18 00:15:00,-1831.896,2025-05-18 00:15:00
2025-05-18 00:20:00,-1879.906,2025-05-18 00:20:00
2025-05-18 00:25:00,-1827.866,2025-05-18 00:25:00
2025-05-18 00:30:00,-1831.896,2025-05-18 00:30:00
2025-05-18 00:35:00,-1807.886,2025-05-18 00:35:00
2025-05-18 00:40:00,-1807.926,2025-05-18 00:40:00
2025-05-18 00:45:00,-1839.906,2025-05-18 00:45:00
2025-05-18 00:50:00,-1823.906,2025-05-18 00:50:00
2025-05-18 00:55:00,-1643.886,2025-05-18 00:55:00
2025-05-18 01:00:00,-1543.856,2025-05-18 01:00:00
2025-05-18 01:05:00,-1707.896,2025-05-18 01:05:00
2025-05-18 01:10:00,-1655.916,2025-05-18 01:10:00
2025-05-18 01:15:00,-1615.896,2025-05-18 01:15:00
2025-05-18 01:20:00,-1715.916,2025-05-18 01:20:00
2025-05-18 01:25:00,-1623.916,2025-05-18 01:25:00
2025-05-18 01:30:00,-1663.876,2025-05-18 01:30:00
2025-05-18 01:35:00,-1583.876,2025-05-18 01:35:00
2025-05-18 01:40:00,-1651.876,2025-05-18 01:40:00
2025-05-18 01:45:00,-1695.896,2025-05-18 01:45:00
2025-05-18 01:50:00,-1631.896,2025-05-18 01:50:00
2025-05-18 01:55:00,-1831.916,2025-05-18 01:55:00
2025-05-18 02:00:00,-1655.886,2025-05-18 02:00:00
2025-05-18 02:05:00,-1759.906,2025-05-18 02:05:00
2025-05-18 02:10:00,-1587.916,2025-05-18 02:10:00
2025-05-18 02:15:00,-1663.866,2025-05-18 02:15:00
2025-05-18 02:20:00,-1711.866,2025-05-18 02:20:00
2025-05-18 02:25:00,-1675.906,2025-05-18 02:25:00
2025-05-18 02:30:00,-1583.906,2025-05-18 02:30:00
2025-05-18 02:35:00,-1647.916,2025-05-18 02:35:00
2025-05-18 02:40:00,-1823.876,2025-05-18 02:40:00
2025-05-18 02:45:00,-1623.866,2025-05-18 02:45:00
2025-05-18 02:50:00,-1699.906,2025-05-18 02:50:00
2025-05-18 02:55:00,-1675.846,2025-05-18 02:55:00
2025-05-18 03:00:00,-1655.926,2025-05-18 03:00:00
2025-05-18 03:05:00,-1743.886,2025-05-18 03:05:00
2025-05-18 03:10:00,-1663.846,2025-05-18 03:10:00
2025-05-18 03:15:00,-1843.886,2025-05-18 03:15:00
2025-05-18 03:20:00,-1691.866,2025-05-18 03:20:00
2025-05-18 03:25:00,-1895.926,2025-05-18 03:25:00
2025-05-18 03:30:00,-1863.896,2025-05-18 03:30:00
2025-05-18 03:35:00,-1671.926,2025-05-18 03:35:00
2025-05-18 03:40:00,-1695.896,2025-05-18 03:40:00
2025-05-18 03:45:00,-1607.906,2025-05-18 03:45:00
2025-05-18 03:50:00,-1787.896,2025-05-18 03:50:00
2025-05-18 03:55:00,-1723.896,2025-05-18 03:55:00
2025-05-18 04:00:00,-1827.856,2025-05-18 04:00:00
2025-05-18 04:05:00,-1771.876,2025-05-18 04:05:00
2025-05-18 04:10:00,-1791.856,2025-05-18 04:10:00
2025-05-18 04:15:00,-1675.826,2025-05-18 04:15:00
2025-05-18 04:20:00,-1803.866,2025-05-18 04:20:00
2025-05-18 04:25:00,-1871.896,2025-05-18 04:25:00
2025-05-18 04:30:00,-1791.886,2025-05-18 04:30:00
2025-05-18 04:35:00,-2055.866,2025-05-18 04:35:00
2025-05-18 04:40:00,-2071.896,2025-05-18 04:40:00
2025-05-18 04:45:00,-1899.926,2025-05-18 04:45:00
2025-05-18 04:50:00,-2019.876,2025-05-18 04:50:00
2025-05-18 04:55:00,-1923.906,2025-05-18 04:55:00
2025-05-18 05:00:00,-2087.866,2025-05-18 05:00:00
2025-05-18 05:05:00,-2111.876,2025-05-18 05:05:00
2025-05-18 05:10:00,-2023.906,2025-05-18 05:10:00
2025-05-18 05:15:00,-1919.886,2025-05-18 05:15:00
2025-05-18 05:20:00,-2115.866,2025-05-18 05:20:00
2025-05-18 05:25:00,-2043.886,2025-05-18 05:25:00
2025-05-18 05:30:00,-2115.906,2025-05-18 05:30:00
2025-05-18 05:35:00,-2099.866,2025-05-18 05:35:00
2025-05-18 05:40:00,-2171.876,2025-05-18 05:40:00
2025-05-18 05:45:00,-2123.896,2025-05-18 05:45:00
2025-05-18 05:50:00,-2083.866,2025-05-18 05:50:00
2025-05-18 05:55:00,-2143.876,2025-05-18 05:55:00
2025-05-18 06:00:00,-2211.906,2025-05-18 06:00:00
2025-05-18 06:05:00,-2047.856,2025-05-18 06:05:00
2025-05-18 06:10:00,-2079.876,2025-05-18 06:10:00
2025-05-18 06:15:00,-2107.896,2025-05-18 06:15:00
2025-05-18 06:20:00,-2151.866,2025-05-18 06:20:00
2025-05-18 06:25:00,-2183.916,2025-05-18 06:25:00
2025-05-18 06:30:00,-2147.916,2025-05-18 06:30:00
2025-05-18 06:35:00,-2219.866,2025-05-18 06:35:00
2025-05-18 06:40:00,-2127.866,2025-05-18 06:40:00
2025-05-18 06:45:00,-2039.896,2025-05-18 06:45:00
2025-05-18 06:50:00,-2159.856,2025-05-18 06:50:00
2025-05-18 06:55:00,-2179.916,2025-05-18 06:55:00
2025-05-18 07:00:00,-2035.896,2025-05-18 07:00:00
2025-05-18 07:05:00,-1995.856,2025-05-18 07:05:00
2025-05-18 07:10:00,-2147.896,2025-05-18 07:10:00
2025-05-18 07:15:00,-2003.896,2025-05-18 07:15:00
2025-05-18 07:20:00,-2183.886,2025-05-18 07:20:00
2025-05-18 07:25:00,-2099.886,2025-05-18 07:25:00
2025-05-18 07:30:00,-2207.896,2025-05-18 07:30:00
2025-05-18 07:35:00,-1895.916,2025-05-18 07:35:00
2025-05-18 07:40:00,-1911.896,2025-05-18 07:40:00
2025-05-18 07:45:00,-2011.916,2025-05-18 07:45:00
2025-05-18 07:50:00,-1947.936,2025-05-18 07:50:00
2025-05-18 07:55:00,-1915.886,2025-05-18 07:55:00
2025-05-18 08:00:00,9000.0,2025-05-18 08:00:00
2025-05-18 08:05:00,9000.0,2025-05-18 08:05:00
2025-05-18 08:10:00,9000.0,2025-05-18 08:10:00
2025-05-18 08:15:00,9000.0,2025-05-18 08:15:00
2025-05-18 08:20:00,9000.0,2025-05-18 08:20:00
2025-05-18 08:25:00,9000.0,2025-05-18 08:25:00
2025-05-18 08:30:00,9000.0,2025-05-18 08:30:00
2025-05-18 08:35:00,9000.0,2025-05-18 08:35:00
2025-05-18 08:40:00,9000.0,2025-05-18 08:40:00
2025-05-18 08:45:00,9000.0,2025-05-18 08:45:00
2025-05-18 08:50:00,9000.0,2025-05-18 08:50:00
2025-05-18 08:55:00,9000.0,2025-05-18 08:55:00
2025-05-18 09:00:00,9000.0,2025-05-18 09:00:00
2025-05-18 09:05:00,9000.0,2025-05-18 09:05:00
2025-05-18 09:10:00,9000.0,2025-05-18 09:10:00
2025-05-18 09:15:00,9000.0,2025-05-18 09:15:00
2025-05-18 09:20:00,9000.0,2025-05-18 09:20:00
2025-05-18 09:25:00,9000.0,2025-05-18 09:25:00
2025-05-18 09:30:00,9000.0,2025-05-18 09:30:00
2025-05-18 09:35:00,9000.0,2025-05-18 09:35:00
2025-05-18 09:40:00,8999.998,2025-05-18 09:40:00
2025-05-18 09:45:00,2355.937,2025-05-18 09:45:00
2025-05-18 09:50:00,0.0,2025-05-18 09:50:00
2025-05-18 09:55:00,0.0,2025-05-18 09:55:00
2025-05-18 10:00:00,0.0,2025-05-18 10:00:00
2025-05-18 10:05:00,0.0,2025-05-18 10:05:00
2025-05-18 10:10:00,0.0,2025-05-18 10:10:00
2025-05-18 10:15:00,0.0,2025-05-18 10:15:00
2025-05-18 10:20:00,0.0,2025-05-18 10:20:00
2025-05-18 10:25:00,0.0,2025-05-18 10:25:00
2025-05-18 10:30:00,0.0,2025-05-18 10:30:00
2025-05-18 10:35:00,0.0,2025-05-18 10:35:00
2025-05-18 10:40:00,0.0,2025-05-18 10:40:00
2025-05-18 10:45:00,0.0,2025-05-18 10:45:00
2025-05-18 10:50:00,0.0,2025-05-18 10:50:00
2025-05-18 10:55:00,0.0,2025-05-18 10:55:00
2025-05-18 11:00:00,-2115.896,2025-05-18 11:00:00
2025-05-18 11:05:00,-2103.876,2025-05-18 11:05:00
2025-05-18 11:10:00,-2123.886,2025-05-18 11:10:00
2025-05-18 11:15:00,-2151.896,2025-05-18 11:15:00
2025-05-18 11:20:00,-2095.866,2025-05-18 11:20:00
2025-05-18 11:25:00,-2191.886,2025-05-18 11:25:00
2025-05-18 11:30:00,-2315.886,2025-05-18 11:30:00
2025-05-18 11:35:00,-2279.926,2025-05-18 11:35:00
2025-05-18 11:40:00,-2147.886,2025-05-18 11:40:00
2025-05-18 11:45:00,-2067.916,2025-05-18 11:45:00
2025-05-18 11:50:00,-2179.876,2025-05-18 11:50:00
2025-05-18 11:55:00,-2075.896,2025-05-18 11:55:00
2025-05-18 12:00:00,-2083.856,2025-05-18 12:00:00
2025-05-18 12:05:00,-2183.916,2025-05-18 12:05:00
2025-05-18 12:10:00,-2175.916,2025-05-18 12:10:00
2025-05-18 12:15:00,-2123.896,2025-05-18 12:15:00
2025-05-18 12:20:00,-2015.916,2025-05-18 12:20:00
2025-05-18 12:25:00,-2143.896,2025-05-18 12:25:00
2025-05-18 12:30:00,-2295.866,2025-05-18 12:30:00
2025-05-18 12:35:00,-2071.916,2025-05-18 12:35:00
2025-05-18 12:40:00,-2255.886,2025-05-18 12:40:00
2025-05-18 12:45:00,-2319.906,2025-05-18 12:45:00
2025-05-18 12:50:00,-2319.876,2025-05-18 12:50:00
2025-05-18 12:55:00,-2315.866,2025-05-18 12:55:00
2025-05-18 13:00:00,-2419.856,2025-05-18 13:00:00
2025-05-18 13:05:00,-2603.866,2025-05-18 13:05:00
2025-05-18 13:10:00,-2327.886,2025-05-18 13:10:00
2025-05-18 13:15:00,-2315.896,2025-05-18 13:15:00
2025-05-18 13:20:00,-2231.886,2025-05-18 13:20:00
2025-05-18 13:25:00,-2283.896,2025-05-18 13:25:00
2025-05-18 13:30:00,-2183.906,2025-05-18 13:30:00
2025-05-18 13:35:00,-2099.906,2025-05-18 13:35:00
2025-05-18 13:40:00,-2183.906,2025-05-18 13:40:00
2025-05-18 13:45:00,-2107.906,2025-05-18 13:45:00
2025-05-18 13:50:00,-2203.906,2025-05-18 13:50:00
2025-05-18 13:55:00,-1983.856,2025-05-18 13:55:00
2025-05-18 14:00:00,-1915.896,2025-05-18 14:00:00
2025-05-18 14:05:00,-1999.906,2025-05-18 14:05:00
2025-05-18 14:10:00,-1855.906,2025-05-18 14:10:00
2025-05-18 14:15:00,-1907.926,2025-05-18 14:15:00
2025-05-18 14:20:00,-1691.896,2025-05-18 14:20:00
2025-05-18 14:25:00,-1675.906,2025-05-18 14:25:00
2025-05-18 14:30:00,-1867.836,2025-05-18 14:30:00
2025-05-18 14:35:00,-1795.886,2025-05-18 14:35:00
2025-05-18 14:40:00,-1839.896,2025-05-18 14:40:00
2025-05-18 14:45:00,-1995.896,2025-05-18 14:45:00
2025-05-18 14:50:00,-1883.866,2025-05-18 14:50:00
2025-05-18 14:55:00,-1743.886,2025-05-18 14:55:00
2025-05-18 15:00:00,-1739.866,2025-05-18 15:00:00
2025-05-18 15:05:00,-1831.876,2025-05-18 15:05:00
2025-05-18 15:10:00,-1883.876,2025-05-18 15:10:00
2025-05-18 15:15:00,-1803.886,2025-05-18 15:15:00
2025-05-18 15:20:00,-1859.876,2025-05-18 15:20:00
2025-05-18 15:25:00,-1683.916,2025-05-18 15:25:00
2025-05-18 15:30:00,-1727.886,2025-05-18 15:30:00
2025-05-18 15:35:00,-1739.906,2025-05-18 15:35:00
2025-05-18 15:40:00,-1767.906,2025-05-18 15:40:00
2025-05-18 15:45:00,-1791.896,2025-05-18 15:45:00
2025-05-18 15:50:00,-1719.866,2025-05-18 15:50:00
2025-05-18 15:55:00,-1675.926,2025-05-18 15:55:00
2025-05-18 16:00:00,-1547.886,2025-05-18 16:00:00
2025-05-18 16:05:00,-1847.926,2025-05-18 16:05:00
2025-05-18 16:10:00,-1835.926,2025-05-18 16:10:00
2025-05-18 16:15:00,-1707.866,2025-05-18 16:15:00
2025-05-18 16:20:00,-1711.926,2025-05-18 16:20:00
2025-05-18 16:25:00,-1471.926,2025-05-18 16:25:00
2025-05-18 16:30:00,-1623.886,2025-05-18 16:30:00
2025-05-18 16:35:00,-1675.886,2025-05-18 16:35:00
2025-05-18 16:40:00,-1647.866,2025-05-18 16:40:00
2025-05-18 16:45:00,-1683.886,2025-05-18 16:45:00
2025-05-18 16:50:00,-1695.906,2025-05-18 16:50:00
2025-05-18 16:55:00,-1731.866,2025-05-18 16:55:00
2025-05-18 17:00:00,-1615.886,2025-05-18 17:00:00
2025-05-18 17:05:00,-1583.876,2025-05-18 17:05:00
2025-05-18 17:10:00,-1591.896,2025-05-18 17:10:00
2025-05-18 17:15:00,-1619.916,2025-05-18 17:15:00
2025-05-18 17:20:00,-1659.886,2025-05-18 17:20:00
2025-05-18 17:25:00,-1799.906,2025-05-18 17:25:00
2025-05-18 17:30:00,-1695.906,2025-05-18 17:30:00
2025-05-18 17:35:00,-1803.876,2025-05-18 17:35:00
2025-05-18 17:40:00,-1759.856,2025-05-18 17:40:00
2025-05-18 17:45:00,-1607.886,2025-05-18 17:45:00
2025-05-18 17:50:00,-1519.876,2025-05-18 17:50:00
2025-05-18 17:55:00,-1783.876,2025-05-18 17:55:00
2025-05-18 18:00:00,9000.0,2025-05-18 18:00:00
2025-05-18 18:05:00,9000.0,2025-05-18 18:05:00
2025-05-18 18:10:00,9000.0,2025-05-18 18:10:00
2025-05-18 18:15:00,9000.0,2025-05-18 18:15:00
2025-05-18 18:20:00,9000.0,2025-05-18 18:20:00
2025-05-18 18:25:00,9000.0,2025-05-18 18:25:00
2025-05-18 18:30:00,9000.0,2025-05-18 18:30:00
2025-05-18 18:35:00,9000.0,2025-05-18 18:35:00
2025-05-18 18:40:00,9000.0,2025-05-18 18:40:00
2025-05-18 18:45:00,9000.0,2025-05-18 18:45:00
2025-05-18 18:50:00,9000.0,2025-05-18 18:50:00
2025-05-18 18:55:00,9000.0,2025-05-18 18:55:00
2025-05-18 19:00:00,9000.0,2025-05-18 19:00:00
2025-05-18 19:05:00,9000.0,2025-05-18 19:05:00
2025-05-18 19:10:00,9000.0,2025-05-18 19:10:00
2025-05-18 19:15:00,7226.755,2025-05-18 19:15:00
2025-05-18 19:20:00,0.0,2025-05-18 19:20:00
2025-05-18 19:25:00,0.0,2025-05-18 19:25:00
2025-05-18 19:30:00,0.0,2025-05-18 19:30:00
2025-05-18 19:35:00,0.0,2025-05-18 19:35:00
2025-05-18 19:40:00,0.0,2025-05-18 19:40:00
2025-05-18 19:45:00,0.0,2025-05-18 19:45:00
2025-05-18 19:50:00,0.0,2025-05-18 19:50:00
2025-05-18 19:55:00,0.0,2025-05-18 19:55:00
2025-05-18 20:00:00,0.0,2025-05-18 20:00:00
2025-05-18 20:05:00,0.0,2025-05-18 20:05:00
2025-05-18 20:10:00,0.0,2025-05-18 20:10:00
2025-05-18 20:15:00,0.0,2025-05-18 20:15:00
2025-05-18 20:20:00,0.0,2025-05-18 20:20:00
2025-05-18 20:25:00,0.0,2025-05-18 20:25:00
2025-05-18 20:30:00,0.0,2025-05-18 20:30:00
2025-05-18 20:35:00,0.0,2025-05-18 20:35:00
2025-05-18 20:40:00,0.0,2025-05-18 20:40:00
2025-05-18 20:45:00,0.0,2025-05-18 20:45:00
2025-05-18 20:50:00,0.0,2025-05-18 20:50:00
2025-05-18 20:55:00,0.0,2025-05-18 20:55:00
2025-05-18 21:00:00,0.0,2025-05-18 21:00:00
2025-05-18 21:05:00,0.0,2025-05-18 21:05:00
2025-05-18 21:10:00,0.0,2025-05-18 21:10:00
2025-05-18 21:15:00,0.0,2025-05-18 21:15:00
2025-05-18 21:20:00,0.0,2025-05-18 21:20:00
2025-05-18 21:25:00,0.0,2025-05-18 21:25:00
2025-05-18 21:30:00,0.0,2025-05-18 21:30:00
2025-05-18 21:35:00,0.0,2025-05-18 21:35:00
2025-05-18 21:40:00,0.0,2025-05-18 21:40:00
2025-05-18 21:45:00,0.0,2025-05-18 21:45:00
2025-05-18 21:50:00,0.0,2025-05-18 21:50:00
2025-05-18 21:55:00,0.0,2025-05-18 21:55:00
2025-05-18 22:00:00,-1515.896,2025-05-18 22:00:00
2025-05-18 22:05:00,-1519.876,2025-05-18 22:05:00
2025-05-18 22:10:00,-1439.916,2025-05-18 22:10:00
2025-05-18 22:15:00,-1551.926,2025-05-18 22:15:00
2025-05-18 22:20:00,-1571.886,2025-05-18 22:20:00
2025-05-18 22:25:00,-1603.906,2025-05-18 22:25:00
2025-05-18 22:30:00,-1475.886,2025-05-18 22:30:00
2025-05-18 22:35:00,-1523.916,2025-05-18 22:35:00
2025-05-18 22:40:00,-1583.886,2025-05-18 22:40:00
2025-05-18 22:45:00,-1555.866,2025-05-18 22:45:00
2025-05-18 22:50:00,-1547.916,2025-05-18 22:50:00
2025-05-18 22:55:00,-1507.916,2025-05-18 22:55:00
2025-05-18 23:00:00,-1615.886,2025-05-18 23:00:00
2025-05-18 23:05:00,-1539.916,2025-05-18 23:05:00
2025-05-18 23:10:00,-1587.866,2025-05-18 23:10:00
2025-05-18 23:15:00,-1603.876,2025-05-18 23:15:00
2025-05-18 23:20:00,-1459.906,2025-05-18 23:20:00
2025-05-18 23:25:00,-1547.886,2025-05-18 23:25:00
2025-05-18 23:30:00,-1527.926,2025-05-18 23:30:00
2025-05-18 23:35:00,-1451.896,2025-05-18 23:35:00
2025-05-18 23:40:00,-1623.886,2025-05-18 23:40:00
2025-05-18 23:45:00,-1415.926,2025-05-18 23:45:00
2025-05-18 23:50:00,-1555.916,2025-05-18 23:50:00
2025-05-18 23:55:00,-1523.886,2025-05-18 23:55:00
2025-05-19 00:00:00,-1507.926,2025-05-19 00:00:00
2025-05-19 00:05:00,-1647.896,2025-05-19 00:05:00
2025-05-19 00:10:00,-1543.896,2025-05-19 00:10:00
2025-05-19 00:15:00,-1479.926,2025-05-19 00:15:00
2025-05-19 00:20:00,-1527.926,2025-05-19 00:20:00
2025-05-19 00:25:00,-1423.896,2025-05-19 00:25:00
2025-05-19 00:30:00,-1571.896,2025-05-19 00:30:00
2025-05-19 00:35:00,-1447.896,2025-05-19 00:35:00
2025-05-19 00:40:00,-1695.896,2025-05-19 00:40:00
2025-05-19 00:45:00,-1503.896,2025-05-19 00:45:00
2025-05-19 00:50:00,-1483.926,2025-05-19 00:50:00
2025-05-19 00:55:00,-1487.866,2025-05-19 00:55:00
2025-05-19 01:00:00,-1575.886,2025-05-19 01:00:00
2025-05-19 01:05:00,-1331.856,2025-05-19 01:05:00
2025-05-19 01:10:00,-1423.906,2025-05-19 01:10:00
2025-05-19 01:15:00,-1607.906,2025-05-19 01:15:00
2025-05-19 01:20:00,-1475.906,2025-05-19 01:20:00
2025-05-19 01:25:00,-1399.906,2025-05-19 01:25:00
2025-05-19 01:30:00,-1511.926,2025-05-19 01:30:00
2025-05-19 01:35:00,-1427.906,2025-05-19 01:35:00
2025-05-19 01:40:00,-1467.886,2025-05-19 01:40:00
2025-05-19 01:45:00,-1319.906,2025-05-19 01:45:00
2025-05-19 01:50:00,-1399.886,2025-05-19 01:50:00
2025-05-19 01:55:00,-1439.876,2025-05-19 01:55:00
2025-05-19 02:00:00,-1543.856,2025-05-19 02:00:00
2025-05-19 02:05:00,-1379.916,2025-05-19 02:05:00
2025-05-19 02:10:00,-1387.926,2025-05-19 02:10:00
2025-05-19 02:15:00,-1263.906,2025-05-19 02:15:00
2025-05-19 02:20:00,-1623.906,2025-05-19 02:20:00
2025-05-19 02:25:00,-1515.896,2025-05-19 02:25:00
2025-05-19 02:30:00,-1579.876,2025-05-19 02:30:00
2025-05-19 02:35:00,-1467.886,2025-05-19 02:35:00
2025-05-19 02:40:00,-1575.896,2025-05-19 02:40:00
2025-05-19 02:45:00,-1399.896,2025-05-19 02:45:00
2025-05-19 02:50:00,-1571.906,2025-05-19 02:50:00
2025-05-19 02:55:00,-1579.856,2025-05-19 02:55:00
2025-05-19 03:00:00,-1491.906,2025-05-19 03:00:00
2025-05-19 03:05:00,-1451.906,2025-05-19 03:05:00
2025-05-19 03:10:00,-1667.916,2025-05-19 03:10:00
2025-05-19 03:15:00,-1551.866,2025-05-19 03:15:00
2025-05-19 03:20:00,-1515.876,2025-05-19 03:20:00
2025-05-19 03:25:00,-1523.896,2025-05-19 03:25:00
2025-05-19 03:30:00,-1559.916,2025-05-19 03:30:00
2025-05-19 03:35:00,-1523.906,2025-05-19 03:35:00
2025-05-19 03:40:00,-1739.866,2025-05-19 03:40:00
2025-05-19 03:45:00,-1507.826,2025-05-19 03:45:00
2025-05-19 03:50:00,-1599.926,2025-05-19 03:50:00
2025-05-19 03:55:00,-1607.876,2025-05-19 03:55:00
2025-05-19 04:00:00,-1487.866,2025-05-19 04:00:00
2025-05-19 04:05:00,-1683.896,2025-05-19 04:05:00
2025-05-19 04:10:00,-1679.846,2025-05-19 04:10:00
2025-05-19 04:15:00,-1635.886,2025-05-19 04:15:00
2025-05-19 04:20:00,-1627.886,2025-05-19 04:20:00
2025-05-19 04:25:00,-1671.876,2025-05-19 04:25:00
2025-05-19 04:30:00,-1619.916,2025-05-19 04:30:00
2025-05-19 04:35:00,-1655.886,2025-05-19 04:35:00
2025-05-19 04:40:00,-1475.886,2025-05-19 04:40:00
2025-05-19 04:45:00,-1627.876,2025-05-19 04:45:00
2025-05-19 04:50:00,-1779.886,2025-05-19 04:50:00
2025-05-19 04:55:00,-1591.906,2025-05-19 04:55:00
2025-05-19 05:00:00,-1723.906,2025-05-19 05:00:00
2025-05-19 05:05:00,-1723.896,2025-05-19 05:05:00
2025-05-19 05:10:00,-1603.896,2025-05-19 05:10:00
2025-05-19 05:15:00,-1527.896,2025-05-19 05:15:00
2025-05-19 05:20:00,-1639.896,2025-05-19 05:20:00
2025-05-19 05:25:00,-1675.876,2025-05-19 05:25:00
2025-05-19 05:30:00,-1823.906,2025-05-19 05:30:00
2025-05-19 05:35:00,-1775.876,2025-05-19 05:35:00
2025-05-19 05:40:00,-1563.896,2025-05-19 05:40:00
2025-05-19 05:45:00,-1839.926,2025-05-19 05:45:00
2025-05-19 05:50:00,-1767.886,2025-05-19 05:50:00
2025-05-19 05:55:00,-1583.916,2025-05-19 05:55:00
2025-05-19 06:00:00,-1595.866,2025-05-19 06:00:00
2025-05-19 06:05:00,-1619.886,2025-05-19 06:05:00
2025-05-19 06:10:00,-1631.916,2025-05-19 06:10:00
2025-05-19 06:15:00,-1779.926,2025-05-19 06:15:00
2025-05-19 06:20:00,-1679.856,2025-05-19 06:20:00
2025-05-19 06:25:00,-1799.906,2025-05-19 06:25:00
2025-05-19 06:30:00,-1611.906,2025-05-19 06:30:00
2025-05-19 06:35:00,-1587.896,2025-05-19 06:35:00
2025-05-19 06:40:00,-1827.876,2025-05-19 06:40:00
2025-05-19 06:45:00,-1643.876,2025-05-19 06:45:00
2025-05-19 06:50:00,-1787.876,2025-05-19 06:50:00
2025-05-19 06:55:00,-1759.926,2025-05-19 06:55:00
2025-05-19 07:00:00,-1795.906,2025-05-19 07:00:00
2025-05-19 07:05:00,-1591.926,2025-05-19 07:05:00
2025-05-19 07:10:00,-1699.906,2025-05-19 07:10:00
2025-05-19 07:15:00,-1691.876,2025-05-19 07:15:00
2025-05-19 07:20:00,-1819.896,2025-05-19 07:20:00
2025-05-19 07:25:00,-1827.906,2025-05-19 07:25:00
2025-05-19 07:30:00,-1847.926,2025-05-19 07:30:00
2025-05-19 07:35:00,-1779.886,2025-05-19 07:35:00
2025-05-19 07:40:00,-1795.906,2025-05-19 07:40:00
2025-05-19 07:45:00,-1743.856,2025-05-19 07:45:00
2025-05-19 07:50:00,-1779.916,2025-05-19 07:50:00
2025-05-19 07:55:00,-1815.846,2025-05-19 07:55:00
2025-05-19 08:00:00,9000.0,2025-05-19 08:00:00
2025-05-19 08:05:00,9000.0,2025-05-19 08:05:00
2025-05-19 08:10:00,9000.0,2025-05-19 08:10:00
2025-05-19 08:15:00,9000.0,2025-05-19 08:15:00
2025-05-19 08:20:00,9000.0,2025-05-19 08:20:00
2025-05-19 08:25:00,9000.0,2025-05-19 08:25:00
2025-05-19 08:30:00,9000.0,2025-05-19 08:30:00
2025-05-19 08:35:00,9000.0,2025-05-19 08:35:00
2025-05-19 08:40:00,9000.0,2025-05-19 08:40:00
2025-05-19 08:45:00,9000.0,2025-05-19 08:45:00
2025-05-19 08:50:00,9000.0,2025-05-19 08:50:00
2025-05-19 08:55:00,9000.0,2025-05-19 08:55:00
2025-05-19 09:00:00,9000.0,2025-05-19 09:00:00
2025-05-19 09:05:00,9000.0,2025-05-19 09:05:00
2025-05-19 09:10:00,9000.0,2025-05-19 09:10:00
2025-05-19 09:15:00,9000.0,2025-05-19 09:15:00
2025-05-19 09:20:00,9000.0,2025-05-19 09:20:00
2025-05-19 09:25:00,9000.0,2025-05-19 09:25:00
2025-05-19 09:30:00,4496.474,2025-05-19 09:30:00
2025-05-19 09:35:00,0.0,2025-05-19 09:35:00
2025-05-19 09:40:00,0.0,2025-05-19 09:40:00
2025-05-19 09:45:00,0.0,2025-05-19 09:45:00
2025-05-19 09:50:00,0.0,2025-05-19 09:50:00
2025-05-19 09:55:00,0.0,2025-05-19 09:55:00
2025-05-19 10:00:00,0.0,2025-05-19 10:00:00
2025-05-19 10:05:00,0.0,2025-05-19 10:05:00
2025-05-19 10:10:00,0.0,2025-05-19 10:10:00
2025-05-19 10:15:00,0.0,2025-05-19 10:15:00
2025-05-19 10:20:00,0.0,2025-05-19 10:20:00
2025-05-19 10:25:00,0.0,2025-05-19 10:25:00
2025-05-19 10:30:00,0.0,2025-05-19 10:30:00
2025-05-19 10:35:00,0.0,2025-05-19 10:35:00
2025-05-19 10:40:00,0.0,2025-05-19 10:40:00
2025-05-19 10:45:00,0.0,2025-05-19 10:45:00
2025-05-19 10:50:00,0.0,2025-05-19 10:50:00
2025-05-19 10:55:00,0.0,2025-05-19 10:55:00
2025-05-19 11:00:00,-1351.916,2025-05-19 11:00:00
2025-05-19 11:05:00,-1263.896,2025-05-19 11:05:00
2025-05-19 11:10:00,-1359.886,2025-05-19 11:10:00
2025-05-19 11:15:00,-1387.896,2025-05-19 11:15:00
2025-05-19 11:20:00,-1515.866,2025-05-19 11:20:00
2025-05-19 11:25:00,-1467.926,2025-05-19 11:25:00
2025-05-19 11:30:00,-1407.876,2025-05-19 11:30:00
2025-05-19 11:35:00,-1399.916,2025-05-19 11:35:00
2025-05-19 11:40:00,-1315.916,2025-05-19 11:40:00
2025-05-19 11:45:00,-1355.926,2025-05-19 11:45:00
2025-05-19 11:50:00,-1199.916,2025-05-19 11:50:00
2025-05-19 11:55:00,-1367.906,2025-05-19 11:55:00
2025-05-19 12:00:00,-1243.886,2025-05-19 12:00:00
2025-05-19 12:05:00,-1251.886,2025-05-19 12:05:00
2025-05-19 12:10:00,-1407.886,2025-05-19 12:10:00
2025-05-19 12:15:00,-1299.916,2025-05-19 12:15:00
2025-05-19 12:20:00,-1423.926,2025-05-19 12:20:00
2025-05-19 12:25:00,-1331.906,2025-05-19 12:25:00
2025-05-19 12:30:00,-1483.906,2025-05-19 12:30:00
2025-05-19 12:35:00,-1427.866,2025-05-19 12:35:00
2025-05-19 12:40:00,-1399.876,2025-05-19 12:40:00
2025-05-19 12:45:00,-1331.896,2025-05-19 12:45:00
2025-05-19 12:50:00,-1471.906,2025-05-19 12:50:00
2025-05-19 12:55:00,-1387.876,2025-05-19 12:55:00
2025-05-19 13:00:00,-1391.856,2025-05-19 13:00:00
2025-05-19 13:05:00,-1487.896,2025-05-19 13:05:00
2025-05-19 13:10:00,-1527.846,2025-05-19 13:10:00
2025-05-19 13:15:00,-1747.916,2025-05-19 13:15:00
2025-05-19 13:20:00,-1627.906,2025-05-19 13:20:00
2025-05-19 13:25:00,-1555.896,2025-05-19 13:25:00
2025-05-19 13:30:00,-1487.916,2025-05-19 13:30:00
2025-05-19 13:35:00,-1575.886,2025-05-19 13:35:00
2025-05-19 13:40:00,-1599.886,2025-05-19 13:40:00
2025-05-19 13:45:00,-1367.886,2025-05-19 13:45:00
2025-05-19 13:50:00,-1367.876,2025-05-19 13:50:00
2025-05-19 13:55:00,-1307.886,2025-05-19 13:55:00
2025-05-19 14:00:00,-1391.926,2025-05-19 14:00:00
2025-05-19 14:05:00,-1263.896,2025-05-19 14:05:00
2025-05-19 14:10:00,-1255.906,2025-05-19 14:10:00
2025-05-19 14:15:00,-1263.876,2025-05-19 14:15:00
2025-05-19 14:20:00,-1355.906,2025-05-19 14:20:00
2025-05-19 14:25:00,-1279.906,2025-05-19 14:25:00
2025-05-19 14:30:00,-1419.876,2025-05-19 14:30:00
2025-05-19 14:35:00,-1323.876,2025-05-19 14:35:00
2025-05-19 14:40:00,-1355.866,2025-05-19 14:40:00
2025-05-19 14:45:00,-1219.906,2025-05-19 14:45:00
2025-05-19 14:50:00,-1483.826,2025-05-19 14:50:00
2025-05-19 14:55:00,-1275.876,2025-05-19 14:55:00
2025-05-19 15:00:00,-1359.876,2025-05-19 15:00:00
2025-05-19 15:05:00,-1243.896,2025-05-19 15:05:00
2025-05-19 15:10:00,-1231.866,2025-05-19 15:10:00
2025-05-19 15:15:00,-1251.896,2025-05-19 15:15:00
2025-05-19 15:20:00,-1287.876,2025-05-19 15:20:00
2025-05-19 15:25:00,-1167.846,2025-05-19 15:25:00
2025-05-19 15:30:00,-1255.886,2025-05-19 15:30:00
2025-05-19 15:35:00,-1291.886,2025-05-19 15:35:00
2025-05-19 15:40:00,-1219.846,2025-05-19 15:40:00
2025-05-19 15:45:00,-1455.906,2025-05-19 15:45:00
2025-05-19 15:50:00,-1563.866,2025-05-19 15:50:00
2025-05-19 15:55:00,-1423.846,2025-05-19 15:55:00
2025-05-19 16:00:00,-1583.896,2025-05-19 16:00:00
2025-05-19 16:05:00,-1559.896,2025-05-19 16:05:00
2025-05-19 16:10:00,-1583.886,2025-05-19 16:10:00
2025-05-19 16:15:00,-1427.916,2025-05-19 16:15:00
2025-05-19 16:20:00,-1423.886,2025-05-19 16:20:00
2025-05-19 16:25:00,-1463.876,2025-05-19 16:25:00
2025-05-19 16:30:00,-1407.866,2025-05-19 16:30:00
2025-05-19 16:35:00,-1587.896,2025-05-19 16:35:00
2025-05-19 16:40:00,-1363.886,2025-05-19 16:40:00
2025-05-19 16:45:00,-1243.876,2025-05-19 16:45:00
2025-05-19 16:50:00,-1215.906,2025-05-19 16:50:00
2025-05-19 16:55:00,-1215.886,2025-05-19 16:55:00
2025-05-19 17:00:00,-1239.896,2025-05-19 17:00:00
2025-05-19 17:05:00,-1423.936,2025-05-19 17:05:00
2025-05-19 17:10:00,-1363.906,2025-05-19 17:10:00
2025-05-19 17:15:00,-1395.856,2025-05-19 17:15:00
2025-05-19 17:20:00,-1427.866,2025-05-19 17:20:00
2025-05-19 17:25:00,-1211.906,2025-05-19 17:25:00
2025-05-19 17:30:00,-1371.886,2025-05-19 17:30:00
2025-05-19 17:35:00,-1299.916,2025-05-19 17:35:00
2025-05-19 17:40:00,-1543.906,2025-05-19 17:40:00
2025-05-19 17:45:00,-1379.876,2025-05-19 17:45:00
2025-05-19 17:50:00,-1407.896,2025-05-19 17:50:00
2025-05-19 17:55:00,-1463.926,2025-05-19 17:55:00
2025-05-19 18:00:00,9000.0,2025-05-19 18:00:00
2025-05-19 18:05:00,9000.0,2025-05-19 18:05:00
2025-05-19 18:10:00,9000.0,2025-05-19 18:10:00
2025-05-19 18:15:00,9000.0,2025-05-19 18:15:00
2025-05-19 18:20:00,9000.0,2025-05-19 18:20:00
2025-05-19 18:25:00,9000.0,2025-05-19 18:25:00
2025-05-19 18:30:00,9000.0,2025-05-19 18:30:00
2025-05-19 18:35:00,9000.0,2025-05-19 18:35:00
2025-05-19 18:40:00,9000.0,2025-05-19 18:40:00
2025-05-19 18:45:00,9000.0,2025-05-19 18:45:00
2025-05-19 18:50:00,8999.999,2025-05-19 18:50:00
2025-05-19 18:55:00,2522.788,2025-05-19 18:55:00
2025-05-19 19:00:00,0.0,2025-05-19 19:00:00
2025-05-19 19:05:00,0.0,2025-05-19 19:05:00
2025-05-19 19:10:00,0.0,2025-05-19 19:10:00
2025-05-19 19:15:00,0.0,2025-05-19 19:15:00
2025-05-19 19:20:00,0.0,2025-05-19 19:20:00
2025-05-19 19:25:00,0.0,2025-05-19 19:25:00
2025-05-19 19:30:00,0.0,2025-05-19 19:30:00
2025-05-19 19:35:00,0.0,2025-05-19 19:35:00
2025-05-19 19:40:00,0.0,2025-05-19 19:40:00
2025-05-19 19:45:00,0.0,2025-05-19 19:45:00
2025-05-19 19:50:00,0.0,2025-05-19 19:50:00
2025-05-19 19:55:00,0.0,2025-05-19 19:55:00
2025-05-19 20:00:00,0.0,2025-05-19 20:00:00
2025-05-19 20:05:00,0.0,2025-05-19 20:05:00
2025-05-19 20:10:00,0.0,2025-05-19 20:10:00
2025-05-19 20:15:00,0.0,2025-05-19 20:15:00
2025-05-19 20:20:00,0.0,2025-05-19 20:20:00
2025-05-19 20:25:00,0.0,2025-05-19 20:25:00
2025-05-19 20:30:00,0.0,2025-05-19 20:30:00
2025-05-19 20:35:00,0.0,2025-05-19 20:35:00
2025-05-19 20:40:00,0.0,2025-05-19 20:40:00
2025-05-19 20:45:00,0.0,2025-05-19 20:45:00
2025-05-19 20:50:00,0.0,2025-05-19 20:50:00
2025-05-19 20:55:00,0.0,2025-05-19 20:55:00
2025-05-19 21:00:00,0.0,2025-05-19 21:00:00
2025-05-19 21:05:00,0.0,2025-05-19 21:05:00
2025-05-19 21:10:00,0.0,2025-05-19 21:10:00
2025-05-19 21:15:00,0.0,2025-05-19 21:15:00
2025-05-19 21:20:00,0.0,2025-05-19 21:20:00
2025-05-19 21:25:00,0.0,2025-05-19 21:25:00
2025-05-19 21:30:00,0.0,2025-05-19 21:30:00
2025-05-19 21:35:00,0.0,2025-05-19 21:35:00
2025-05-19 21:40:00,0.0,2025-05-19 21:40:00
2025-05-19 21:45:00,0.0,2025-05-19 21:45:00
2025-05-19 21:50:00,0.0,2025-05-19 21:50:00
2025-05-19 21:55:00,0.0,2025-05-19 21:55:00
2025-05-19 22:00:00,-1299.876,2025-05-19 22:00:00
2025-05-19 22:05:00,-1319.886,2025-05-19 22:05:00
2025-05-19 22:10:00,-1275.826,2025-05-19 22:10:00
2025-05-19 22:15:00,-1655.926,2025-05-19 22:15:00
2025-05-19 22:20:00,-1883.856,2025-05-19 22:20:00
2025-05-19 22:25:00,-1543.886,2025-05-19 22:25:00
2025-05-19 22:30:00,-1335.876,2025-05-19 22:30:00
2025-05-19 22:35:00,-1347.846,2025-05-19 22:35:00
2025-05-19 22:40:00,-1331.906,2025-05-19 22:40:00
2025-05-19 22:45:00,-1467.896,2025-05-19 22:45:00
2025-05-19 22:50:00,-1227.896,2025-05-19 22:50:00
2025-05-19 22:55:00,-1303.896,2025-05-19 22:55:00
2025-05-19 23:00:00,-1235.896,2025-05-19 23:00:00
2025-05-19 23:05:00,-1179.916,2025-05-19 23:05:00
2025-05-19 23:10:00,-1315.876,2025-05-19 23:10:00
2025-05-19 23:15:00,-1279.896,2025-05-19 23:15:00
2025-05-19 23:20:00,-975.886,2025-05-19 23:20:00
2025-05-19 23:25:00,-1195.926,2025-05-19 23:25:00
2025-05-19 23:30:00,-1059.876,2025-05-19 23:30:00
2025-05-19 23:35:00,-951.876,2025-05-19 23:35:00
2025-05-19 23:40:00,-1087.836,2025-05-19 23:40:00
2025-05-19 23:45:00,-1179.856,2025-05-19 23:45:00
2025-05-19 23:50:00,-1251.906,2025-05-19 23:50:00
2025-05-19 23:55:00,-1091.886,2025-05-19 23:55:00
2025-05-20 00:00:00,-1119.886,2025-05-20 00:00:00
2025-05-20 00:05:00,-1107.896,2025-05-20 00:05:00
2025-05-20 00:10:00,-1239.876,2025-05-20 00:10:00
2025-05-20 00:15:00,-1267.866,2025-05-20 00:15:00
2025-05-20 00:20:00,-1103.876,2025-05-20 00:20:00
2025-05-20 00:25:00,-1031.896,2025-05-20 00:25:00
2025-05-20 00:30:00,-1275.906,2025-05-20 00:30:00
2025-05-20 00:35:00,-1087.886,2025-05-20 00:35:00
2025-05-20 00:40:00,-1367.906,2025-05-20 00:40:00
2025-05-20 00:45:00,-1291.896,2025-05-20 00:45:00
2025-05-20 00:50:00,-1255.876,2025-05-20 00:50:00
2025-05-20 00:55:00,-1267.896,2025-05-20 00:55:00
2025-05-20 01:00:00,-1467.926,2025-05-20 01:00:00
2025-05-20 01:05:00,-1291.866,2025-05-20 01:05:00
2025-05-20 01:10:00,-1215.896,2025-05-20 01:10:00
2025-05-20 01:15:00,-1163.886,2025-05-20 01:15:00
2025-05-20 01:20:00,-1267.886,2025-05-20 01:20:00
2025-05-20 01:25:00,-1083.866,2025-05-20 01:25:00
2025-05-20 01:30:00,-1259.846,2025-05-20 01:30:00
2025-05-20 01:35:00,-1195.876,2025-05-20 01:35:00
2025-05-20 01:40:00,-1263.896,2025-05-20 01:40:00
2025-05-20 01:45:00,-1247.876,2025-05-20 01:45:00
2025-05-20 01:50:00,-1239.916,2025-05-20 01:50:00
2025-05-20 01:55:00,-1127.866,2025-05-20 01:55:00
2025-05-20 02:00:00,-1327.886,2025-05-20 02:00:00
2025-05-20 02:05:00,-1331.916,2025-05-20 02:05:00
2025-05-20 02:10:00,-1223.866,2025-05-20 02:10:00
2025-05-20 02:15:00,-1307.896,2025-05-20 02:15:00
2025-05-20 02:20:00,-1235.856,2025-05-20 02:20:00
2025-05-20 02:25:00,-1223.876,2025-05-20 02:25:00
2025-05-20 02:30:00,-1167.896,2025-05-20 02:30:00
2025-05-20 02:35:00,-1275.876,2025-05-20 02:35:00
2025-05-20 02:40:00,-1559.906,2025-05-20 02:40:00
2025-05-20 02:45:00,-1223.906,2025-05-20 02:45:00
2025-05-20 02:50:00,-1435.876,2025-05-20 02:50:00
2025-05-20 02:55:00,-1291.846,2025-05-20 02:55:00
2025-05-20 03:00:00,-1159.846,2025-05-20 03:00:00
2025-05-20 03:05:00,-1399.876,2025-05-20 03:05:00
2025-05-20 03:10:00,-1367.906,2025-05-20 03:10:00
2025-05-20 03:15:00,-1267.906,2025-05-20 03:15:00
2025-05-20 03:20:00,-1415.876,2025-05-20 03:20:00
2025-05-20 03:25:00,-1447.916,2025-05-20 03:25:00
2025-05-20 03:30:00,-1255.916,2025-05-20 03:30:00
2025-05-20 03:35:00,-1347.926,2025-05-20 03:35:00
2025-05-20 03:40:00,-1331.896,2025-05-20 03:40:00
2025-05-20 03:45:00,-1319.896,2025-05-20 03:45:00
2025-05-20 03:50:00,-1335.936,2025-05-20 03:50:00
2025-05-20 03:55:00,-1467.876,2025-05-20 03:55:00
2025-05-20 04:00:00,-1439.896,2025-05-20 04:00:00
2025-05-20 04:05:00,-1255.876,2025-05-20 04:05:00
2025-05-20 04:10:00,-1327.896,2025-05-20 04:10:00
2025-05-20 04:15:00,-1435.906,2025-05-20 04:15:00
2025-05-20 04:20:00,-1527.866,2025-05-20 04:20:00
2025-05-20 04:25:00,-1411.866,2025-05-20 04:25:00
2025-05-20 04:30:00,-1359.876,2025-05-20 04:30:00
2025-05-20 04:35:00,-1387.886,2025-05-20 04:35:00
2025-05-20 04:40:00,-1323.876,2025-05-20 04:40:00
2025-05-20 04:45:00,-1395.916,2025-05-20 04:45:00
2025-05-20 04:50:00,-1367.876,2025-05-20 04:50:00
2025-05-20 04:55:00,-1347.916,2025-05-20 04:55:00
2025-05-20 05:00:00,-1351.866,2025-05-20 05:00:00
2025-05-20 05:05:00,-1379.886,2025-05-20 05:05:00
2025-05-20 05:10:00,-1227.876,2025-05-20 05:10:00
2025-05-20 05:15:00,-1415.916,2025-05-20 05:15:00
2025-05-20 05:20:00,-1455.886,2025-05-20 05:20:00
2025-05-20 05:25:00,-1499.916,2025-05-20 05:25:00
2025-05-20 05:30:00,-1295.876,2025-05-20 05:30:00
2025-05-20 05:35:00,-1455.876,2025-05-20 05:35:00
2025-05-20 05:40:00,-1507.866,2025-05-20 05:40:00
2025-05-20 05:45:00,-1419.886,2025-05-20 05:45:00
2025-05-20 05:50:00,-1567.926,2025-05-20 05:50:00
2025-05-20 05:55:00,-1447.886,2025-05-20 05:55:00
2025-05-20 06:00:00,-1415.886,2025-05-20 06:00:00
2025-05-20 06:05:00,-1347.886,2025-05-20 06:05:00
2025-05-20 06:10:00,-1435.896,2025-05-20 06:10:00
2025-05-20 06:15:00,-1335.896,2025-05-20 06:15:00
2025-05-20 06:20:00,-1403.886,2025-05-20 06:20:00
2025-05-20 06:25:00,-1495.906,2025-05-20 06:25:00
2025-05-20 06:30:00,-1479.866,2025-05-20 06:30:00
2025-05-20 06:35:00,-1483.866,2025-05-20 06:35:00
2025-05-20 06:40:00,-1527.896,2025-05-20 06:40:00
2025-05-20 06:45:00,-1463.866,2025-05-20 06:45:00
2025-05-20 06:50:00,-1311.866,2025-05-20 06:50:00
2025-05-20 06:55:00,-1487.876,2025-05-20 06:55:00
2025-05-20 07:00:00,-1443.906,2025-05-20 07:00:00
2025-05-20 07:05:00,-1431.886,2025-05-20 07:05:00
2025-05-20 07:10:00,-1459.866,2025-05-20 07:10:00
2025-05-20 07:15:00,-1419.886,2025-05-20 07:15:00
2025-05-20 07:20:00,-1411.886,2025-05-20 07:20:00
2025-05-20 07:25:00,-1407.906,2025-05-20 07:25:00
2025-05-20 07:30:00,-1567.906,2025-05-20 07:30:00
2025-05-20 07:35:00,-1475.896,2025-05-20 07:35:00
2025-05-20 07:40:00,-1371.876,2025-05-20 07:40:00
2025-05-20 07:45:00,-1383.896,2025-05-20 07:45:00
2025-05-20 07:50:00,-1351.856,2025-05-20 07:50:00
2025-05-20 07:55:00,-1367.876,2025-05-20 07:55:00
2025-05-20 08:00:00,9000.0,2025-05-20 08:00:00
2025-05-20 08:05:00,9000.0,2025-05-20 08:05:00
2025-05-20 08:10:00,9000.0,2025-05-20 08:10:00
2025-05-20 08:15:00,9000.0,2025-05-20 08:15:00
2025-05-20 08:20:00,9000.0,2025-05-20 08:20:00
2025-05-20 08:25:00,9000.0,2025-05-20 08:25:00
2025-05-20 08:30:00,9000.0,2025-05-20 08:30:00
2025-05-20 08:35:00,9000.0,2025-05-20 08:35:00
2025-05-20 08:40:00,9000.0,2025-05-20 08:40:00
2025-05-20 08:45:00,9000.0,2025-05-20 08:45:00
2025-05-20 08:50:00,9000.0,2025-05-20 08:50:00
2025-05-20 08:55:00,9000.0,2025-05-20 08:55:00
2025-05-20 09:00:00,9000.0,2025-05-20 09:00:00
2025-05-20 09:05:00,9000.0,2025-05-20 09:05:00
2025-05-20 09:10:00,9000.0,2025-05-20 09:10:00
2025-05-20 09:15:00,4548.414,2025-05-20 09:15:00
2025-05-20 09:20:00,0.0,2025-05-20 09:20:00
2025-05-20 09:25:00,0.0,2025-05-20 09:25:00
2025-05-20 09:30:00,0.0,2025-05-20 09:30:00
2025-05-20 09:35:00,0.0,2025-05-20 09:35:00
2025-05-20 09:40:00,0.0,2025-05-20 09:40:00
2025-05-20 09:45:00,0.0,2025-05-20 09:45:00
2025-05-20 09:50:00,0.0,2025-05-20 09:50:00
2025-05-20 09:55:00,0.0,2025-05-20 09:55:00
2025-05-20 10:00:00,0.0,2025-05-20 10:00:00
2025-05-20 10:05:00,0.0,2025-05-20 10:05:00
2025-05-20 10:10:00,0.0,2025-05-20 10:10:00
2025-05-20 10:15:00,0.0,2025-05-20 10:15:00
2025-05-20 10:20:00,0.0,2025-05-20 10:20:00
2025-05-20 10:25:00,0.0,2025-05-20 10:25:00
2025-05-20 10:30:00,0.0,2025-05-20 10:30:00
2025-05-20 10:35:00,0.0,2025-05-20 10:35:00
2025-05-20 10:40:00,0.0,2025-05-20 10:40:00
2025-05-20 10:45:00,0.0,2025-05-20 10:45:00
2025-05-20 10:50:00,0.0,2025-05-20 10:50:00
2025-05-20 10:55:00,0.0,2025-05-20 10:55:00
2025-05-20 11:00:00,-1619.866,2025-05-20 11:00:00
2025-05-20 11:05:00,-1707.906,2025-05-20 11:05:00
2025-05-20 11:10:00,-1539.926,2025-05-20 11:10:00
2025-05-20 11:15:00,-1619.886,2025-05-20 11:15:00
2025-05-20 11:20:00,-1515.906,2025-05-20 11:20:00
2025-05-20 11:25:00,-1539.856,2025-05-20 11:25:00
2025-05-20 11:30:00,-1479.906,2025-05-20 11:30:00
2025-05-20 11:35:00,-1491.876,2025-05-20 11:35:00
2025-05-20 11:40:00,-1535.866,2025-05-20 11:40:00
2025-05-20 11:45:00,-1451.916,2025-05-20 11:45:00
2025-05-20 11:50:00,-1435.906,2025-05-20 11:50:00
2025-05-20 11:55:00,-1523.876,2025-05-20 11:55:00
2025-05-20 12:00:00,-1479.866,2025-05-20 12:00:00
2025-05-20 12:05:00,-1491.896,2025-05-20 12:05:00
2025-05-20 12:10:00,-1495.916,2025-05-20 12:10:00
2025-05-20 12:15:00,-1471.886,2025-05-20 12:15:00
2025-05-20 12:20:00,-1511.936,2025-05-20 12:20:00
2025-05-20 12:25:00,-1427.896,2025-05-20 12:25:00
2025-05-20 12:30:00,-1515.896,2025-05-20 12:30:00
2025-05-20 12:35:00,-1531.926,2025-05-20 12:35:00
2025-05-20 12:40:00,-1443.886,2025-05-20 12:40:00
2025-05-20 12:45:00,-1423.856,2025-05-20 12:45:00
2025-05-20 12:50:00,-1371.886,2025-05-20 12:50:00
2025-05-20 12:55:00,-1247.886,2025-05-20 12:55:00
2025-05-20 13:00:00,-1071.906,2025-05-20 13:00:00
2025-05-20 13:05:00,-1291.886,2025-05-20 13:05:00
2025-05-20 13:10:00,-1199.896,2025-05-20 13:10:00
2025-05-20 13:15:00,-1211.866,2025-05-20 13:15:00
2025-05-20 13:20:00,-1231.856,2025-05-20 13:20:00
2025-05-20 13:25:00,-1255.886,2025-05-20 13:25:00
2025-05-20 13:30:00,-1251.876,2025-05-20 13:30:00
2025-05-20 13:35:00,-1187.846,2025-05-20 13:35:00
2025-05-20 13:40:00,-1431.916,2025-05-20 13:40:00
2025-05-20 13:45:00,-1319.876,2025-05-20 13:45:00
2025-05-20 13:50:00,-1367.836,2025-05-20 13:50:00
2025-05-20 13:55:00,-1191.846,2025-05-20 13:55:00
2025-05-20 14:00:00,-1279.876,2025-05-20 14:00:00
2025-05-20 14:05:00,-1343.846,2025-05-20 14:05:00
2025-05-20 14:10:00,-1355.906,2025-05-20 14:10:00
2025-05-20 14:15:00,-1183.866,2025-05-20 14:15:00
2025-05-20 14:20:00,-1079.866,2025-05-20 14:20:00
2025-05-20 14:25:00,-1027.866,2025-05-20 14:25:00
2025-05-20 14:30:00,-1111.896,2025-05-20 14:30:00
2025-05-20 14:35:00,-967.856,2025-05-20 14:35:00
2025-05-20 14:40:00,-967.916,2025-05-20 14:40:00
2025-05-20 14:45:00,-1151.926,2025-05-20 14:45:00
2025-05-20 14:50:00,-1267.886,2025-05-20 14:50:00
2025-05-20 14:55:00,-1259.906,2025-05-20 14:55:00
2025-05-20 15:00:00,-1251.896,2025-05-20 15:00:00
2025-05-20 15:05:00,-1211.876,2025-05-20 15:05:00
2025-05-20 15:10:00,-1359.866,2025-05-20 15:10:00
2025-05-20 15:15:00,-1351.896,2025-05-20 15:15:00
2025-05-20 15:20:00,-1263.856,2025-05-20 15:20:00
2025-05-20 15:25:00,-1107.926,2025-05-20 15:25:00
2025-05-20 15:30:00,-1323.896,2025-05-20 15:30:00
2025-05-20 15:35:00,-1167.896,2025-05-20 15:35:00
2025-05-20 15:40:00,-1071.896,2025-05-20 15:40:00
2025-05-20 15:45:00,-1327.876,2025-05-20 15:45:00
2025-05-20 15:50:00,-1339.866,2025-05-20 15:50:00
2025-05-20 15:55:00,-1175.876,2025-05-20 15:55:00
2025-05-20 16:00:00,-1307.896,2025-05-20 16:00:00
2025-05-20 16:05:00,-1311.866,2025-05-20 16:05:00
2025-05-20 16:10:00,-1315.886,2025-05-20 16:10:00
2025-05-20 16:15:00,-1103.856,2025-05-20 16:15:00
2025-05-20 16:20:00,-1231.876,2025-05-20 16:20:00
2025-05-20 16:25:00,-1239.886,2025-05-20 16:25:00
2025-05-20 16:30:00,-1235.896,2025-05-20 16:30:00
2025-05-20 16:35:00,-1171.876,2025-05-20 16:35:00
2025-05-20 16:40:00,-1143.896,2025-05-20 16:40:00
2025-05-20 16:45:00,-1319.866,2025-05-20 16:45:00
2025-05-20 16:50:00,-1235.886,2025-05-20 16:50:00
2025-05-20 16:55:00,-1031.866,2025-05-20 16:55:00
2025-05-20 17:00:00,-1195.906,2025-05-20 17:00:00
2025-05-20 17:05:00,-1203.846,2025-05-20 17:05:00
2025-05-20 17:10:00,-1227.896,2025-05-20 17:10:00
2025-05-20 17:15:00,-1087.906,2025-05-20 17:15:00
2025-05-20 17:20:00,-1067.866,2025-05-20 17:20:00
2025-05-20 17:25:00,-975.896,2025-05-20 17:25:00
2025-05-20 17:30:00,-1299.876,2025-05-20 17:30:00
2025-05-20 17:35:00,-1247.926,2025-05-20 17:35:00
2025-05-20 17:40:00,-1107.886,2025-05-20 17:40:00
2025-05-20 17:45:00,-1203.886,2025-05-20 17:45:00
2025-05-20 17:50:00,-1227.906,2025-05-20 17:50:00
2025-05-20 17:55:00,-1051.846,2025-05-20 17:55:00
2025-05-20 18:00:00,9000.0,2025-05-20 18:00:00
2025-05-20 18:05:00,9000.0,2025-05-20 18:05:00
2025-05-20 18:10:00,9000.0,2025-05-20 18:10:00
2025-05-20 18:15:00,9000.0,2025-05-20 18:15:00
2025-05-20 18:20:00,9000.0,2025-05-20 18:20:00
2025-05-20 18:25:00,9000.0,2025-05-20 18:25:00
2025-05-20 18:30:00,9000.0,2025-05-20 18:30:00
2025-05-20 18:35:00,9000.0,2025-05-20 18:35:00
2025-05-20 18:40:00,9000.0,2025-05-20 18:40:00
2025-05-20 18:45:00,9000.0,2025-05-20 18:45:00
2025-05-20 18:50:00,4736.649,2025-05-20 18:50:00
2025-05-20 18:55:00,0.0,2025-05-20 18:55:00
2025-05-20 19:00:00,0.0,2025-05-20 19:00:00
2025-05-20 19:05:00,0.0,2025-05-20 19:05:00
2025-05-20 19:10:00,0.0,2025-05-20 19:10:00
2025-05-20 19:15:00,0.0,2025-05-20 19:15:00
2025-05-20 19:20:00,0.0,2025-05-20 19:20:00
2025-05-20 19:25:00,0.0,2025-05-20 19:25:00
2025-05-20 19:30:00,0.0,2025-05-20 19:30:00
2025-05-20 19:35:00,0.0,2025-05-20 19:35:00
2025-05-20 19:40:00,0.0,2025-05-20 19:40:00
2025-05-20 19:45:00,0.0,2025-05-20 19:45:00
2025-05-20 19:50:00,0.0,2025-05-20 19:50:00
2025-05-20 19:55:00,0.0,2025-05-20 19:55:00
2025-05-20 20:00:00,0.0,2025-05-20 20:00:00
2025-05-20 20:05:00,0.0,2025-05-20 20:05:00
2025-05-20 20:10:00,0.0,2025-05-20 20:10:00
2025-05-20 20:15:00,0.0,2025-05-20 20:15:00
2025-05-20 20:20:00,0.0,2025-05-20 20:20:00
2025-05-20 20:25:00,0.0,2025-05-20 20:25:00
2025-05-20 20:30:00,0.0,2025-05-20 20:30:00
2025-05-20 20:35:00,0.0,2025-05-20 20:35:00
2025-05-20 20:40:00,0.0,2025-05-20 20:40:00
2025-05-20 20:45:00,0.0,2025-05-20 20:45:00
2025-05-20 20:50:00,0.0,2025-05-20 20:50:00
2025-05-20 20:55:00,0.0,2025-05-20 20:55:00
2025-05-20 21:00:00,0.0,2025-05-20 21:00:00
2025-05-20 21:05:00,0.0,2025-05-20 21:05:00
2025-05-20 21:10:00,0.0,2025-05-20 21:10:00
2025-05-20 21:15:00,0.0,2025-05-20 21:15:00
2025-05-20 21:20:00,0.0,2025-05-20 21:20:00
2025-05-20 21:25:00,0.0,2025-05-20 21:25:00
2025-05-20 21:30:00,0.0,2025-05-20 21:30:00
2025-05-20 21:35:00,0.0,2025-05-20 21:35:00
2025-05-20 21:40:00,0.0,2025-05-20 21:40:00
2025-05-20 21:45:00,0.0,2025-05-20 21:45:00
2025-05-20 21:50:00,0.0,2025-05-20 21:50:00
2025-05-20 21:55:00,0.0,2025-05-20 21:55:00
2025-05-20 22:00:00,-1355.876,2025-05-20 22:00:00
2025-05-20 22:05:00,-1175.906,2025-05-20 22:05:00
2025-05-20 22:10:00,-1215.886,2025-05-20 22:10:00
2025-05-20 22:15:00,-1411.896,2025-05-20 22:15:00
2025-05-20 22:20:00,-1571.886,2025-05-20 22:20:00
2025-05-20 22:25:00,-1347.886,2025-05-20 22:25:00
2025-05-20 22:30:00,-1395.886,2025-05-20 22:30:00
2025-05-20 22:35:00,-1415.896,2025-05-20 22:35:00
2025-05-20 22:40:00,-1343.866,2025-05-20 22:40:00
2025-05-20 22:45:00,-1419.886,2025-05-20 22:45:00
2025-05-20 22:50:00,-1483.906,2025-05-20 22:50:00
2025-05-20 22:55:00,-1487.906,2025-05-20 22:55:00
2025-05-20 23:00:00,-1495.906,2025-05-20 23:00:00
2025-05-20 23:05:00,-1443.856,2025-05-20 23:05:00
2025-05-20 23:10:00,-1331.906,2025-05-20 23:10:00
2025-05-20 23:15:00,-1435.896,2025-05-20 23:15:00
2025-05-20 23:20:00,-1459.926,2025-05-20 23:20:00
2025-05-20 23:25:00,-1339.906,2025-05-20 23:25:00
2025-05-20 23:30:00,-1315.896,2025-05-20 23:30:00
2025-05-20 23:35:00,-1487.856,2025-05-20 23:35:00
2025-05-20 23:40:00,-1367.926,2025-05-20 23:40:00
2025-05-20 23:45:00,-1391.906,2025-05-20 23:45:00
2025-05-20 23:50:00,-1427.866,2025-05-20 23:50:00
2025-05-20 23:55:00,-1611.916,2025-05-20 23:55:00
2025-05-21 00:00:00,-1599.876,2025-05-21 00:00:00
2025-05-21 00:05:00,-1555.906,2025-05-21 00:05:00
2025-05-21 00:10:00,-1459.866,2025-05-21 00:10:00
2025-05-21 00:15:00,-1559.906,2025-05-21 00:15:00
2025-05-21 00:20:00,-1491.886,2025-05-21 00:20:00
2025-05-21 00:25:00,-1311.886,2025-05-21 00:25:00
2025-05-21 00:30:00,-1435.906,2025-05-21 00:30:00
2025-05-21 00:35:00,-1359.906,2025-05-21 00:35:00
2025-05-21 00:40:00,-1395.896,2025-05-21 00:40:00
2025-05-21 00:45:00,-1419.896,2025-05-21 00:45:00
2025-05-21 00:50:00,-1423.926,2025-05-21 00:50:00
2025-05-21 00:55:00,-1343.906,2025-05-21 00:55:00
2025-05-21 01:00:00,-1259.896,2025-05-21 01:00:00
2025-05-21 01:05:00,-1447.876,2025-05-21 01:05:00
2025-05-21 01:10:00,-1503.906,2025-05-21 01:10:00
2025-05-21 01:15:00,-1495.886,2025-05-21 01:15:00
2025-05-21 01:20:00,-1415.906,2025-05-21 01:20:00
2025-05-21 01:25:00,-1563.876,2025-05-21 01:25:00
2025-05-21 01:30:00,-1479.886,2025-05-21 01:30:00
2025-05-21 01:35:00,-1447.906,2025-05-21 01:35:00
2025-05-21 01:40:00,-1515.826,2025-05-21 01:40:00
2025-05-21 01:45:00,-1755.876,2025-05-21 01:45:00
2025-05-21 01:50:00,-1503.896,2025-05-21 01:50:00
2025-05-21 01:55:00,-1499.906,2025-05-21 01:55:00
2025-05-21 02:00:00,-1479.906,2025-05-21 02:00:00
2025-05-21 02:05:00,-1571.866,2025-05-21 02:05:00
2025-05-21 02:10:00,-1607.866,2025-05-21 02:10:00
2025-05-21 02:15:00,-1591.886,2025-05-21 02:15:00
2025-05-21 02:20:00,-1551.896,2025-05-21 02:20:00
2025-05-21 02:25:00,-1595.876,2025-05-21 02:25:00
2025-05-21 02:30:00,-1539.856,2025-05-21 02:30:00
2025-05-21 02:35:00,-1387.906,2025-05-21 02:35:00
2025-05-21 02:40:00,-1403.906,2025-05-21 02:40:00
2025-05-21 02:45:00,-1423.906,2025-05-21 02:45:00
2025-05-21 02:50:00,-1227.856,2025-05-21 02:50:00
2025-05-21 02:55:00,-1355.896,2025-05-21 02:55:00
2025-05-21 03:00:00,-1295.916,2025-05-21 03:00:00
2025-05-21 03:05:00,-1259.936,2025-05-21 03:05:00
2025-05-21 03:10:00,-1191.906,2025-05-21 03:10:00
2025-05-21 03:15:00,-1151.876,2025-05-21 03:15:00
2025-05-21 03:20:00,-1171.826,2025-05-21 03:20:00
2025-05-21 03:25:00,-1111.866,2025-05-21 03:25:00
2025-05-21 03:30:00,-1159.916,2025-05-21 03:30:00
2025-05-21 03:35:00,-1367.916,2025-05-21 03:35:00
2025-05-21 03:40:00,-1307.866,2025-05-21 03:40:00
2025-05-21 03:45:00,-1219.926,2025-05-21 03:45:00
2025-05-21 03:50:00,-1159.906,2025-05-21 03:50:00
2025-05-21 03:55:00,-1343.876,2025-05-21 03:55:00
2025-05-21 04:00:00,-1291.886,2025-05-21 04:00:00
2025-05-21 04:05:00,-1287.866,2025-05-21 04:05:00
2025-05-21 04:10:00,-1443.886,2025-05-21 04:10:00
2025-05-21 04:15:00,-1199.916,2025-05-21 04:15:00
2025-05-21 04:20:00,-1347.876,2025-05-21 04:20:00
2025-05-21 04:25:00,-1279.906,2025-05-21 04:25:00
2025-05-21 04:30:00,-1383.916,2025-05-21 04:30:00
2025-05-21 04:35:00,-1463.916,2025-05-21 04:35:00
2025-05-21 04:40:00,-1223.876,2025-05-21 04:40:00
2025-05-21 04:45:00,-1499.896,2025-05-21 04:45:00
2025-05-21 04:50:00,-1203.886,2025-05-21 04:50:00
2025-05-21 04:55:00,-1447.876,2025-05-21 04:55:00
2025-05-21 05:00:00,-1267.876,2025-05-21 05:00:00
2025-05-21 05:05:00,-1439.896,2025-05-21 05:05:00
2025-05-21 05:10:00,-1339.936,2025-05-21 05:10:00
2025-05-21 05:15:00,-1391.906,2025-05-21 05:15:00
2025-05-21 05:20:00,-1367.896,2025-05-21 05:20:00
2025-05-21 05:25:00,-1471.886,2025-05-21 05:25:00
2025-05-21 05:30:00,-1199.926,2025-05-21 05:30:00
2025-05-21 05:35:00,-1163.876,2025-05-21 05:35:00
2025-05-21 05:40:00,-1367.906,2025-05-21 05:40:00
2025-05-21 05:45:00,-1267.876,2025-05-21 05:45:00
2025-05-21 05:50:00,-1327.876,2025-05-21 05:50:00
2025-05-21 05:55:00,-1419.886,2025-05-21 05:55:00
2025-05-21 06:00:00,-1463.856,2025-05-21 06:00:00
2025-05-21 06:05:00,-1291.906,2025-05-21 06:05:00
2025-05-21 06:10:00,-1331.886,2025-05-21 06:10:00
2025-05-21 06:15:00,-1283.886,2025-05-21 06:15:00
2025-05-21 06:20:00,-1363.886,2025-05-21 06:20:00
2025-05-21 06:25:00,-1351.876,2025-05-21 06:25:00
2025-05-21 06:30:00,-1195.896,2025-05-21 06:30:00
2025-05-21 06:35:00,-1295.896,2025-05-21 06:35:00
2025-05-21 06:40:00,-1295.896,2025-05-21 06:40:00
2025-05-21 06:45:00,-1251.876,2025-05-21 06:45:00
2025-05-21 06:50:00,-1347.906,2025-05-21 06:50:00
2025-05-21 06:55:00,-1347.896,2025-05-21 06:55:00
2025-05-21 07:00:00,-1315.926,2025-05-21 07:00:00
2025-05-21 07:05:00,-1243.876,2025-05-21 07:05:00
2025-05-21 07:10:00,-1307.896,2025-05-21 07:10:00
2025-05-21 07:15:00,-1411.896,2025-05-21 07:15:00
2025-05-21 07:20:00,-1499.866,2025-05-21 07:20:00
2025-05-21 07:25:00,-1327.876,2025-05-21 07:25:00
2025-05-21 07:30:00,-1291.886,2025-05-21 07:30:00
2025-05-21 07:35:00,-1279.896,2025-05-21 07:35:00
2025-05-21 07:40:00,-1559.876,2025-05-21 07:40:00
2025-05-21 07:45:00,-1371.916,2025-05-21 07:45:00
2025-05-21 07:50:00,-1399.866,2025-05-21 07:50:00
2025-05-21 07:55:00,-1535.886,2025-05-21 07:55:00
2025-05-21 08:00:00,9000.0,2025-05-21 08:00:00
2025-05-21 08:05:00,9000.0,2025-05-21 08:05:00
2025-05-21 08:10:00,9000.0,2025-05-21 08:10:00
2025-05-21 08:15:00,9000.0,2025-05-21 08:15:00
2025-05-21 08:20:00,9000.0,2025-05-21 08:20:00
2025-05-21 08:25:00,9000.0,2025-05-21 08:25:00
2025-05-21 08:30:00,9000.0,2025-05-21 08:30:00
2025-05-21 08:35:00,9000.0,2025-05-21 08:35:00
2025-05-21 08:40:00,9000.0,2025-05-21 08:40:00
2025-05-21 08:45:00,9000.0,2025-05-21 08:45:00
2025-05-21 08:50:00,9000.0,2025-05-21 08:50:00
2025-05-21 08:55:00,9000.0,2025-05-21 08:55:00
2025-05-21 09:00:00,9000.0,2025-05-21 09:00:00
2025-05-21 09:05:00,9000.0,2025-05-21 09:05:00
2025-05-21 09:10:00,9000.0,2025-05-21 09:10:00
2025-05-21 09:15:00,8999.992,2025-05-21 09:15:00
2025-05-21 09:20:00,1030.656,2025-05-21 09:20:00
2025-05-21 09:25:00,0.0,2025-05-21 09:25:00
2025-05-21 09:30:00,0.0,2025-05-21 09:30:00
2025-05-21 09:35:00,0.0,2025-05-21 09:35:00
2025-05-21 09:40:00,0.0,2025-05-21 09:40:00
2025-05-21 09:45:00,0.0,2025-05-21 09:45:00
2025-05-21 09:50:00,0.0,2025-05-21 09:50:00
2025-05-21 09:55:00,0.0,2025-05-21 09:55:00
2025-05-21 10:00:00,0.0,2025-05-21 10:00:00
2025-05-21 10:05:00,0.0,2025-05-21 10:05:00
2025-05-21 10:10:00,0.0,2025-05-21 10:10:00
2025-05-21 10:15:00,0.0,2025-05-21 10:15:00
2025-05-21 10:20:00,0.0,2025-05-21 10:20:00
2025-05-21 10:25:00,0.0,2025-05-21 10:25:00
2025-05-21 10:30:00,0.0,2025-05-21 10:30:00
2025-05-21 10:35:00,0.0,2025-05-21 10:35:00
2025-05-21 10:40:00,0.0,2025-05-21 10:40:00
2025-05-21 10:45:00,0.0,2025-05-21 10:45:00
2025-05-21 10:50:00,0.0,2025-05-21 10:50:00
2025-05-21 10:55:00,0.0,2025-05-21 10:55:00
2025-05-21 11:00:00,-1691.906,2025-05-21 11:00:00
2025-05-21 11:05:00,-1687.876,2025-05-21 11:05:00
2025-05-21 11:10:00,-1675.896,2025-05-21 11:10:00
2025-05-21 11:15:00,-1703.906,2025-05-21 11:15:00
2025-05-21 11:20:00,-1623.906,2025-05-21 11:20:00
2025-05-21 11:25:00,-1559.886,2025-05-21 11:25:00
2025-05-21 11:30:00,-1535.896,2025-05-21 11:30:00
2025-05-21 11:35:00,-1583.866,2025-05-21 11:35:00
2025-05-21 11:40:00,-1671.866,2025-05-21 11:40:00
2025-05-21 11:45:00,-1591.886,2025-05-21 11:45:00
2025-05-21 11:50:00,-1687.856,2025-05-21 11:50:00
2025-05-21 11:55:00,-1615.916,2025-05-21 11:55:00
2025-05-21 12:00:00,-1603.906,2025-05-21 12:00:00
2025-05-21 12:05:00,-1635.876,2025-05-21 12:05:00
2025-05-21 12:10:00,-1651.896,2025-05-21 12:10:00
2025-05-21 12:15:00,-1567.926,2025-05-21 12:15:00
2025-05-21 12:20:00,-1639.886,2025-05-21 12:20:00
2025-05-21 12:25:00,-1591.906,2025-05-21 12:25:00
2025-05-21 12:30:00,-1639.876,2025-05-21 12:30:00
2025-05-21 12:35:00,-1559.886,2025-05-21 12:35:00
2025-05-21 12:40:00,-1599.886,2025-05-21 12:40:00
2025-05-21 12:45:00,-1711.906,2025-05-21 12:45:00
2025-05-21 12:50:00,-1747.896,2025-05-21 12:50:00
2025-05-21 12:55:00,-1699.896,2025-05-21 12:55:00
2025-05-21 13:00:00,-1607.916,2025-05-21 13:00:00
2025-05-21 13:05:00,-1583.896,2025-05-21 13:05:00
2025-05-21 13:10:00,-1691.856,2025-05-21 13:10:00
2025-05-21 13:15:00,-1587.876,2025-05-21 13:15:00
2025-05-21 13:20:00,-1611.886,2025-05-21 13:20:00
2025-05-21 13:25:00,-1439.906,2025-05-21 13:25:00
2025-05-21 13:30:00,-1663.906,2025-05-21 13:30:00
2025-05-21 13:35:00,-1623.916,2025-05-21 13:35:00
2025-05-21 13:40:00,-1527.876,2025-05-21 13:40:00
2025-05-21 13:45:00,-1543.876,2025-05-21 13:45:00
2025-05-21 13:50:00,-1519.886,2025-05-21 13:50:00
2025-05-21 13:55:00,-1523.866,2025-05-21 13:55:00
2025-05-21 14:00:00,-1411.876,2025-05-21 14:00:00
2025-05-21 14:05:00,-1491.896,2025-05-21 14:05:00
2025-05-21 14:10:00,-1599.896,2025-05-21 14:10:00
2025-05-21 14:15:00,-1519.906,2025-05-21 14:15:00
2025-05-21 14:20:00,-1567.906,2025-05-21 14:20:00
2025-05-21 14:25:00,-1515.866,2025-05-21 14:25:00
2025-05-21 14:30:00,-1427.886,2025-05-21 14:30:00
2025-05-21 14:35:00,-1567.896,2025-05-21 14:35:00
2025-05-21 14:40:00,-1395.896,2025-05-21 14:40:00
2025-05-21 14:45:00,-1475.896,2025-05-21 14:45:00
2025-05-21 14:50:00,-1547.876,2025-05-21 14:50:00
2025-05-21 14:55:00,-1583.876,2025-05-21 14:55:00
2025-05-21 15:00:00,-1455.866,2025-05-21 15:00:00
2025-05-21 15:05:00,-1575.886,2025-05-21 15:05:00
2025-05-21 15:10:00,-1735.866,2025-05-21 15:10:00
2025-05-21 15:15:00,-1747.906,2025-05-21 15:15:00
2025-05-21 15:20:00,-1523.926,2025-05-21 15:20:00
2025-05-21 15:25:00,-1563.906,2025-05-21 15:25:00
2025-05-21 15:30:00,-1731.886,2025-05-21 15:30:00
2025-05-21 15:35:00,-1619.876,2025-05-21 15:35:00
2025-05-21 15:40:00,-1703.876,2025-05-21 15:40:00
2025-05-21 15:45:00,-1595.876,2025-05-21 15:45:00
2025-05-21 15:50:00,-1711.896,2025-05-21 15:50:00
2025-05-21 15:55:00,-1659.866,2025-05-21 15:55:00
2025-05-21 16:00:00,-1519.906,2025-05-21 16:00:00
2025-05-21 16:05:00,-1479.916,2025-05-21 16:05:00
2025-05-21 16:10:00,-1427.896,2025-05-21 16:10:00
2025-05-21 16:15:00,-1559.896,2025-05-21 16:15:00
2025-05-21 16:20:00,-1503.876,2025-05-21 16:20:00
2025-05-21 16:25:00,-1487.856,2025-05-21 16:25:00
2025-05-21 16:30:00,-1499.846,2025-05-21 16:30:00
2025-05-21 16:35:00,-1523.876,2025-05-21 16:35:00
2025-05-21 16:40:00,-1543.876,2025-05-21 16:40:00
2025-05-21 16:45:00,-1515.886,2025-05-21 16:45:00
2025-05-21 16:50:00,-1479.916,2025-05-21 16:50:00
2025-05-21 16:55:00,-1619.906,2025-05-21 16:55:00
2025-05-21 17:00:00,-1627.916,2025-05-21 17:00:00
2025-05-21 17:05:00,-1543.906,2025-05-21 17:05:00
2025-05-21 17:10:00,-1723.886,2025-05-21 17:10:00
2025-05-21 17:15:00,-1839.906,2025-05-21 17:15:00
2025-05-21 17:20:00,-1779.896,2025-05-21 17:20:00
2025-05-21 17:25:00,-1835.886,2025-05-21 17:25:00
2025-05-21 17:30:00,-1707.896,2025-05-21 17:30:00
2025-05-21 17:35:00,-1583.916,2025-05-21 17:35:00
2025-05-21 17:40:00,-1439.876,2025-05-21 17:40:00
2025-05-21 17:45:00,-1599.886,2025-05-21 17:45:00
2025-05-21 17:50:00,-1695.936,2025-05-21 17:50:00
2025-05-21 17:55:00,-1743.866,2025-05-21 17:55:00
2025-05-21 18:00:00,9000.0,2025-05-21 18:00:00
2025-05-21 18:05:00,9000.0,2025-05-21 18:05:00
2025-05-21 18:10:00,9000.0,2025-05-21 18:10:00
2025-05-21 18:15:00,9000.0,2025-05-21 18:15:00
2025-05-21 18:20:00,9000.0,2025-05-21 18:20:00
2025-05-21 18:25:00,9000.0,2025-05-21 18:25:00
2025-05-21 18:30:00,9000.0,2025-05-21 18:30:00
2025-05-21 18:35:00,9000.0,2025-05-21 18:35:00
2025-05-21 18:40:00,9000.0,2025-05-21 18:40:00
2025-05-21 18:45:00,9000.0,2025-05-21 18:45:00
2025-05-21 18:50:00,9000.0,2025-05-21 18:50:00
2025-05-21 18:55:00,9000.0,2025-05-21 18:55:00
2025-05-21 19:00:00,8999.946,2025-05-21 19:00:00
2025-05-21 19:05:00,314.263,2025-05-21 19:05:00
2025-05-21 19:10:00,0.0,2025-05-21 19:10:00
2025-05-21 19:15:00,0.0,2025-05-21 19:15:00
2025-05-21 19:20:00,0.0,2025-05-21 19:20:00
2025-05-21 19:25:00,0.0,2025-05-21 19:25:00
2025-05-21 19:30:00,0.0,2025-05-21 19:30:00
2025-05-21 19:35:00,0.0,2025-05-21 19:35:00
2025-05-21 19:40:00,0.0,2025-05-21 19:40:00
2025-05-21 19:45:00,0.0,2025-05-21 19:45:00
2025-05-21 19:50:00,0.0,2025-05-21 19:50:00
2025-05-21 19:55:00,0.0,2025-05-21 19:55:00
2025-05-21 20:00:00,0.0,2025-05-21 20:00:00
2025-05-21 20:05:00,0.0,2025-05-21 20:05:00
2025-05-21 20:10:00,0.0,2025-05-21 20:10:00
2025-05-21 20:15:00,0.0,2025-05-21 20:15:00
2025-05-21 20:20:00,0.0,2025-05-21 20:20:00
2025-05-21 20:25:00,0.0,2025-05-21 20:25:00
2025-05-21 20:30:00,0.0,2025-05-21 20:30:00
2025-05-21 20:35:00,0.0,2025-05-21 20:35:00
2025-05-21 20:40:00,0.0,2025-05-21 20:40:00
2025-05-21 20:45:00,0.0,2025-05-21 20:45:00
2025-05-21 20:50:00,0.0,2025-05-21 20:50:00
2025-05-21 20:55:00,0.0,2025-05-21 20:55:00
2025-05-21 21:00:00,0.0,2025-05-21 21:00:00
2025-05-21 21:05:00,0.0,2025-05-21 21:05:00
2025-05-21 21:10:00,0.0,2025-05-21 21:10:00
2025-05-21 21:15:00,0.0,2025-05-21 21:15:00
2025-05-21 21:20:00,0.0,2025-05-21 21:20:00
2025-05-21 21:25:00,0.0,2025-05-21 21:25:00
2025-05-21 21:30:00,0.0,2025-05-21 21:30:00
2025-05-21 21:35:00,0.0,2025-05-21 21:35:00
2025-05-21 21:40:00,0.0,2025-05-21 21:40:00
2025-05-21 21:45:00,0.0,2025-05-21 21:45:00
2025-05-21 21:50:00,0.0,2025-05-21 21:50:00
2025-05-21 21:55:00,0.0,2025-05-21 21:55:00
2025-05-21 22:00:00,-1623.896,2025-05-21 22:00:00
2025-05-21 22:05:00,-1703.876,2025-05-21 22:05:00
2025-05-21 22:10:00,-1463.866,2025-05-21 22:10:00
2025-05-21 22:15:00,-1687.906,2025-05-21 22:15:00
2025-05-21 22:20:00,-1459.876,2025-05-21 22:20:00
2025-05-21 22:25:00,-1471.896,2025-05-21 22:25:00
2025-05-21 22:30:00,-1339.916,2025-05-21 22:30:00
2025-05-21 22:35:00,-1351.866,2025-05-21 22:35:00
2025-05-21 22:40:00,-1371.906,2025-05-21 22:40:00
2025-05-21 22:45:00,-1403.906,2025-05-21 22:45:00
2025-05-21 22:50:00,-1371.886,2025-05-21 22:50:00
2025-05-21 22:55:00,-1427.876,2025-05-21 22:55:00
2025-05-21 23:00:00,-1387.866,2025-05-21 23:00:00
2025-05-21 23:05:00,-1539.886,2025-05-21 23:05:00
2025-05-21 23:10:00,-1435.866,2025-05-21 23:10:00
2025-05-21 23:15:00,-1647.896,2025-05-21 23:15:00
2025-05-21 23:20:00,-1679.926,2025-05-21 23:20:00
2025-05-21 23:25:00,-1819.886,2025-05-21 23:25:00
2025-05-21 23:30:00,-1543.906,2025-05-21 23:30:00
2025-05-21 23:35:00,-1611.866,2025-05-21 23:35:00
2025-05-21 23:40:00,-1543.886,2025-05-21 23:40:00
2025-05-21 23:45:00,-1659.856,2025-05-21 23:45:00
2025-05-21 23:50:00,-1495.906,2025-05-21 23:50:00
2025-05-21 23:55:00,-1591.906,2025-05-21 23:55:00
2025-05-22 00:00:00,-1491.866,2025-05-22 00:00:00
2025-05-22 00:05:00,-1515.886,2025-05-22 00:05:00
2025-05-22 00:10:00,-1775.906,2025-05-22 00:10:00
2025-05-22 00:15:00,-1447.916,2025-05-22 00:15:00
2025-05-22 00:20:00,-1463.896,2025-05-22 00:20:00
2025-05-22 00:25:00,-1487.876,2025-05-22 00:25:00
2025-05-22 00:30:00,-1387.886,2025-05-22 00:30:00
2025-05-22 00:35:00,-1459.886,2025-05-22 00:35:00
2025-05-22 00:40:00,-1459.876,2025-05-22 00:40:00
2025-05-22 00:45:00,-1423.896,2025-05-22 00:45:00
2025-05-22 00:50:00,-1483.896,2025-05-22 00:50:00
2025-05-22 00:55:00,-1519.896,2025-05-22 00:55:00
2025-05-22 01:00:00,-1439.856,2025-05-22 01:00:00
2025-05-22 01:05:00,-1519.906,2025-05-22 01:05:00
2025-05-22 01:10:00,-1667.886,2025-05-22 01:10:00
2025-05-22 01:15:00,-1483.906,2025-05-22 01:15:00
2025-05-22 01:20:00,-1539.926,2025-05-22 01:20:00
2025-05-22 01:25:00,-1527.886,2025-05-22 01:25:00
2025-05-22 01:30:00,-1571.906,2025-05-22 01:30:00
2025-05-22 01:35:00,-1651.866,2025-05-22 01:35:00
2025-05-22 01:40:00,-1435.916,2025-05-22 01:40:00
2025-05-22 01:45:00,-1383.896,2025-05-22 01:45:00
2025-05-22 01:50:00,-1403.856,2025-05-22 01:50:00
2025-05-22 01:55:00,-1511.886,2025-05-22 01:55:00
2025-05-22 02:00:00,-1359.876,2025-05-22 02:00:00
2025-05-22 02:05:00,-1539.876,2025-05-22 02:05:00
2025-05-22 02:10:00,-1543.926,2025-05-22 02:10:00
2025-05-22 02:15:00,-1431.896,2025-05-22 02:15:00
2025-05-22 02:20:00,-1411.876,2025-05-22 02:20:00
2025-05-22 02:25:00,-1415.896,2025-05-22 02:25:00
2025-05-22 02:30:00,-1339.906,2025-05-22 02:30:00
2025-05-22 02:35:00,-1671.906,2025-05-22 02:35:00
2025-05-22 02:40:00,-1655.906,2025-05-22 02:40:00
2025-05-22 02:45:00,-1803.856,2025-05-22 02:45:00
2025-05-22 02:50:00,-1451.906,2025-05-22 02:50:00
2025-05-22 02:55:00,-1411.906,2025-05-22 02:55:00
2025-05-22 03:00:00,-1499.876,2025-05-22 03:00:00
2025-05-22 03:05:00,-1479.876,2025-05-22 03:05:00
2025-05-22 03:10:00,-1495.896,2025-05-22 03:10:00
2025-05-22 03:15:00,-1511.926,2025-05-22 03:15:00
2025-05-22 03:20:00,-1431.916,2025-05-22 03:20:00
2025-05-22 03:25:00,-1739.846,2025-05-22 03:25:00
2025-05-22 03:30:00,-1763.906,2025-05-22 03:30:00
2025-05-22 03:35:00,-1711.876,2025-05-22 03:35:00
2025-05-22 03:40:00,-1703.876,2025-05-22 03:40:00
2025-05-22 03:45:00,-1731.856,2025-05-22 03:45:00
2025-05-22 03:50:00,-1571.856,2025-05-22 03:50:00
2025-05-22 03:55:00,-1671.896,2025-05-22 03:55:00
2025-05-22 04:00:00,-1567.876,2025-05-22 04:00:00
2025-05-22 04:05:00,-1587.876,2025-05-22 04:05:00
2025-05-22 04:10:00,-1595.866,2025-05-22 04:10:00
2025-05-22 04:15:00,-1503.906,2025-05-22 04:15:00
2025-05-22 04:20:00,-1623.906,2025-05-22 04:20:00
2025-05-22 04:25:00,-1519.896,2025-05-22 04:25:00
2025-05-22 04:30:00,-1723.916,2025-05-22 04:30:00
2025-05-22 04:35:00,-1491.886,2025-05-22 04:35:00
2025-05-22 04:40:00,-1583.886,2025-05-22 04:40:00
2025-05-22 04:45:00,-1527.866,2025-05-22 04:45:00
2025-05-22 04:50:00,-1575.896,2025-05-22 04:50:00
2025-05-22 04:55:00,-1635.896,2025-05-22 04:55:00
2025-05-22 05:00:00,-1555.906,2025-05-22 05:00:00
2025-05-22 05:05:00,-1615.906,2025-05-22 05:05:00
2025-05-22 05:10:00,-1699.876,2025-05-22 05:10:00
2025-05-22 05:15:00,-1675.886,2025-05-22 05:15:00
2025-05-22 05:20:00,-1703.896,2025-05-22 05:20:00
2025-05-22 05:25:00,-1431.886,2025-05-22 05:25:00
2025-05-22 05:30:00,-1675.896,2025-05-22 05:30:00
2025-05-22 05:35:00,-1551.876,2025-05-22 05:35:00
2025-05-22 05:40:00,-1603.876,2025-05-22 05:40:00
2025-05-22 05:45:00,-1611.906,2025-05-22 05:45:00
2025-05-22 05:50:00,-1595.876,2025-05-22 05:50:00
2025-05-22 05:55:00,-1535.876,2025-05-22 05:55:00
2025-05-22 06:00:00,-1575.906,2025-05-22 06:00:00
2025-05-22 06:05:00,-1651.906,2025-05-22 06:05:00
2025-05-22 06:10:00,-1571.916,2025-05-22 06:10:00
2025-05-22 06:15:00,-1543.896,2025-05-22 06:15:00
2025-05-22 06:20:00,-1711.886,2025-05-22 06:20:00
2025-05-22 06:25:00,-1679.916,2025-05-22 06:25:00
2025-05-22 06:30:00,-1643.866,2025-05-22 06:30:00
2025-05-22 06:35:00,-1707.896,2025-05-22 06:35:00
2025-05-22 06:40:00,-1543.906,2025-05-22 06:40:00
2025-05-22 06:45:00,-1459.906,2025-05-22 06:45:00
2025-05-22 06:50:00,-1607.866,2025-05-22 06:50:00
2025-05-22 06:55:00,-1579.916,2025-05-22 06:55:00
2025-05-22 07:00:00,-1595.906,2025-05-22 07:00:00
2025-05-22 07:05:00,-1551.866,2025-05-22 07:05:00
2025-05-22 07:10:00,-1651.876,2025-05-22 07:10:00
2025-05-22 07:15:00,-1555.876,2025-05-22 07:15:00
2025-05-22 07:20:00,-1567.876,2025-05-22 07:20:00
2025-05-22 07:25:00,-1695.846,2025-05-22 07:25:00
2025-05-22 07:30:00,-1511.896,2025-05-22 07:30:00
2025-05-22 07:35:00,-1639.896,2025-05-22 07:35:00
2025-05-22 07:40:00,-1595.876,2025-05-22 07:40:00
2025-05-22 07:45:00,-1515.886,2025-05-22 07:45:00
2025-05-22 07:50:00,-1451.886,2025-05-22 07:50:00
2025-05-22 07:55:00,-1419.876,2025-05-22 07:55:00
2025-05-22 08:00:00,9000.0,2025-05-22 08:00:00
2025-05-22 08:05:00,9000.0,2025-05-22 08:05:00
2025-05-22 08:10:00,9000.0,2025-05-22 08:10:00
2025-05-22 08:15:00,9000.0,2025-05-22 08:15:00
2025-05-22 08:20:00,9000.0,2025-05-22 08:20:00
2025-05-22 08:25:00,9000.0,2025-05-22 08:25:00
2025-05-22 08:30:00,9000.0,2025-05-22 08:30:00
2025-05-22 08:35:00,9000.0,2025-05-22 08:35:00
2025-05-22 08:40:00,9000.0,2025-05-22 08:40:00
2025-05-22 08:45:00,9000.0,2025-05-22 08:45:00
2025-05-22 08:50:00,9000.0,2025-05-22 08:50:00
2025-05-22 08:55:00,9000.0,2025-05-22 08:55:00
2025-05-22 09:00:00,9000.0,2025-05-22 09:00:00
2025-05-22 09:05:00,9000.0,2025-05-22 09:05:00
2025-05-22 09:10:00,9000.0,2025-05-22 09:10:00
2025-05-22 09:15:00,9000.0,2025-05-22 09:15:00
2025-05-22 09:20:00,9000.0,2025-05-22 09:20:00
2025-05-22 09:25:00,8999.973,2025-05-22 09:25:00
2025-05-22 09:30:00,807.608,2025-05-22 09:30:00
2025-05-22 09:35:00,0.0,2025-05-22 09:35:00
2025-05-22 09:40:00,0.0,2025-05-22 09:40:00
2025-05-22 09:45:00,0.0,2025-05-22 09:45:00
2025-05-22 09:50:00,0.0,2025-05-22 09:50:00
2025-05-22 09:55:00,0.0,2025-05-22 09:55:00
2025-05-22 10:00:00,0.0,2025-05-22 10:00:00
2025-05-22 10:05:00,0.0,2025-05-22 10:05:00
2025-05-22 10:10:00,0.0,2025-05-22 10:10:00
2025-05-22 10:15:00,0.0,2025-05-22 10:15:00
2025-05-22 10:20:00,0.0,2025-05-22 10:20:00
2025-05-22 10:25:00,0.0,2025-05-22 10:25:00
2025-05-22 10:30:00,0.0,2025-05-22 10:30:00
2025-05-22 10:35:00,0.0,2025-05-22 10:35:00
2025-05-22 10:40:00,0.0,2025-05-22 10:40:00
2025-05-22 10:45:00,0.0,2025-05-22 10:45:00
2025-05-22 10:50:00,0.0,2025-05-22 10:50:00
2025-05-22 10:55:00,0.0,2025-05-22 10:55:00
2025-05-22 11:00:00,-1519.886,2025-05-22 11:00:00
2025-05-22 11:05:00,-1567.886,2025-05-22 11:05:00
2025-05-22 11:10:00,-1431.886,2025-05-22 11:10:00
2025-05-22 11:15:00,-1699.896,2025-05-22 11:15:00
2025-05-22 11:20:00,-1447.886,2025-05-22 11:20:00
2025-05-22 11:25:00,-1451.876,2025-05-22 11:25:00
2025-05-22 11:30:00,-1423.906,2025-05-22 11:30:00
2025-05-22 11:35:00,-1447.896,2025-05-22 11:35:00
2025-05-22 11:40:00,-1347.896,2025-05-22 11:40:00
2025-05-22 11:45:00,-1515.876,2025-05-22 11:45:00
2025-05-22 11:50:00,-1447.846,2025-05-22 11:50:00
2025-05-22 11:55:00,-1631.866,2025-05-22 11:55:00
2025-05-22 12:00:00,-1487.866,2025-05-22 12:00:00
2025-05-22 12:05:00,-1495.906,2025-05-22 12:05:00
2025-05-22 12:10:00,-1455.896,2025-05-22 12:10:00
2025-05-22 12:15:00,-1383.866,2025-05-22 12:15:00
2025-05-22 12:20:00,-1479.876,2025-05-22 12:20:00
2025-05-22 12:25:00,-1391.866,2025-05-22 12:25:00
2025-05-22 12:30:00,-1375.876,2025-05-22 12:30:00
2025-05-22 12:35:00,-1383.886,2025-05-22 12:35:00
2025-05-22 12:40:00,-1507.876,2025-05-22 12:40:00
2025-05-22 12:45:00,-1415.896,2025-05-22 12:45:00
2025-05-22 12:50:00,-1555.876,2025-05-22 12:50:00
2025-05-22 12:55:00,-1507.896,2025-05-22 12:55:00
2025-05-22 13:00:00,-1423.896,2025-05-22 13:00:00
2025-05-22 13:05:00,-1531.896,2025-05-22 13:05:00
2025-05-22 13:10:00,-1607.886,2025-05-22 13:10:00
2025-05-22 13:15:00,-1407.876,2025-05-22 13:15:00
2025-05-22 13:20:00,-1403.896,2025-05-22 13:20:00
2025-05-22 13:25:00,-1347.876,2025-05-22 13:25:00
2025-05-22 13:30:00,-1563.876,2025-05-22 13:30:00
2025-05-22 13:35:00,-1555.876,2025-05-22 13:35:00
2025-05-22 13:40:00,-1551.896,2025-05-22 13:40:00
2025-05-22 13:45:00,-1631.896,2025-05-22 13:45:00
2025-05-22 13:50:00,-1663.866,2025-05-22 13:50:00
2025-05-22 13:55:00,-1643.896,2025-05-22 13:55:00
2025-05-22 14:00:00,-1567.896,2025-05-22 14:00:00
2025-05-22 14:05:00,-1543.856,2025-05-22 14:05:00
2025-05-22 14:10:00,-1563.896,2025-05-22 14:10:00
2025-05-22 14:15:00,-1627.886,2025-05-22 14:15:00
2025-05-22 14:20:00,-1723.876,2025-05-22 14:20:00
2025-05-22 14:25:00,-1671.856,2025-05-22 14:25:00
2025-05-22 14:30:00,-1563.856,2025-05-22 14:30:00
2025-05-22 14:35:00,-1439.856,2025-05-22 14:35:00
2025-05-22 14:40:00,-1523.916,2025-05-22 14:40:00
2025-05-22 14:45:00,-1591.876,2025-05-22 14:45:00
2025-05-22 14:50:00,-1615.866,2025-05-22 14:50:00
2025-05-22 14:55:00,-1639.876,2025-05-22 14:55:00
2025-05-22 15:00:00,-1607.876,2025-05-22 15:00:00
2025-05-22 15:05:00,-1591.886,2025-05-22 15:05:00
2025-05-22 15:10:00,-1651.876,2025-05-22 15:10:00
2025-05-22 15:15:00,-1655.876,2025-05-22 15:15:00
2025-05-22 15:20:00,-1571.896,2025-05-22 15:20:00
2025-05-22 15:25:00,-1575.876,2025-05-22 15:25:00
2025-05-22 15:30:00,-1551.876,2025-05-22 15:30:00
2025-05-22 15:35:00,-1535.876,2025-05-22 15:35:00
2025-05-22 15:40:00,-1575.866,2025-05-22 15:40:00
2025-05-22 15:45:00,-1639.876,2025-05-22 15:45:00
2025-05-22 15:50:00,-1555.886,2025-05-22 15:50:00
2025-05-22 15:55:00,-1515.906,2025-05-22 15:55:00
2025-05-22 16:00:00,-1575.896,2025-05-22 16:00:00
2025-05-22 16:05:00,-1615.906,2025-05-22 16:05:00
2025-05-22 16:10:00,-1595.896,2025-05-22 16:10:00
2025-05-22 16:15:00,-1587.926,2025-05-22 16:15:00
2025-05-22 16:20:00,-1611.836,2025-05-22 16:20:00
2025-05-22 16:25:00,-1571.896,2025-05-22 16:25:00
2025-05-22 16:30:00,-1475.896,2025-05-22 16:30:00
2025-05-22 16:35:00,-1775.886,2025-05-22 16:35:00
2025-05-22 16:40:00,-1727.836,2025-05-22 16:40:00
2025-05-22 16:45:00,-1659.876,2025-05-22 16:45:00
2025-05-22 16:50:00,-1547.866,2025-05-22 16:50:00
2025-05-22 16:55:00,-1631.856,2025-05-22 16:55:00
2025-05-22 17:00:00,-1555.886,2025-05-22 17:00:00
2025-05-22 17:05:00,-1543.876,2025-05-22 17:05:00
2025-05-22 17:10:00,-1599.886,2025-05-22 17:10:00
2025-05-22 17:15:00,-1647.906,2025-05-22 17:15:00
2025-05-22 17:20:00,-1655.896,2025-05-22 17:20:00
2025-05-22 17:25:00,-1487.906,2025-05-22 17:25:00
2025-05-22 17:30:00,-1539.876,2025-05-22 17:30:00
2025-05-22 17:35:00,-1547.856,2025-05-22 17:35:00
2025-05-22 17:40:00,-1519.876,2025-05-22 17:40:00
2025-05-22 17:45:00,-1655.886,2025-05-22 17:45:00
2025-05-22 17:50:00,-1539.906,2025-05-22 17:50:00
2025-05-22 17:55:00,-1627.876,2025-05-22 17:55:00
2025-05-22 18:00:00,9000.0,2025-05-22 18:00:00
2025-05-22 18:05:00,9000.0,2025-05-22 18:05:00
2025-05-22 18:10:00,9000.0,2025-05-22 18:10:00
2025-05-22 18:15:00,9000.0,2025-05-22 18:15:00
2025-05-22 18:20:00,9000.0,2025-05-22 18:20:00
2025-05-22 18:25:00,9000.0,2025-05-22 18:25:00
2025-05-22 18:30:00,9000.0,2025-05-22 18:30:00
2025-05-22 18:35:00,9000.0,2025-05-22 18:35:00
2025-05-22 18:40:00,9000.0,2025-05-22 18:40:00
2025-05-22 18:45:00,9000.0,2025-05-22 18:45:00
2025-05-22 18:50:00,9000.0,2025-05-22 18:50:00
2025-05-22 18:55:00,8999.999,2025-05-22 18:55:00
2025-05-22 19:00:00,5723.213,2025-05-22 19:00:00
2025-05-22 19:05:00,0.0,2025-05-22 19:05:00
2025-05-22 19:10:00,0.0,2025-05-22 19:10:00
2025-05-22 19:15:00,0.0,2025-05-22 19:15:00
2025-05-22 19:20:00,0.0,2025-05-22 19:20:00
2025-05-22 19:25:00,0.0,2025-05-22 19:25:00
2025-05-22 19:30:00,0.0,2025-05-22 19:30:00
2025-05-22 19:35:00,0.0,2025-05-22 19:35:00
2025-05-22 19:40:00,0.0,2025-05-22 19:40:00
2025-05-22 19:45:00,0.0,2025-05-22 19:45:00
2025-05-22 19:50:00,0.0,2025-05-22 19:50:00
2025-05-22 19:55:00,0.0,2025-05-22 19:55:00
2025-05-22 20:00:00,0.0,2025-05-22 20:00:00
2025-05-22 20:05:00,0.0,2025-05-22 20:05:00
2025-05-22 20:10:00,0.0,2025-05-22 20:10:00
2025-05-22 20:15:00,0.0,2025-05-22 20:15:00
2025-05-22 20:20:00,0.0,2025-05-22 20:20:00
2025-05-22 20:25:00,0.0,2025-05-22 20:25:00
2025-05-22 20:30:00,0.0,2025-05-22 20:30:00
2025-05-22 20:35:00,0.0,2025-05-22 20:35:00
2025-05-22 20:40:00,0.0,2025-05-22 20:40:00
2025-05-22 20:45:00,0.0,2025-05-22 20:45:00
2025-05-22 20:50:00,0.0,2025-05-22 20:50:00
2025-05-22 20:55:00,0.0,2025-05-22 20:55:00
2025-05-22 21:00:00,0.0,2025-05-22 21:00:00
2025-05-22 21:05:00,0.0,2025-05-22 21:05:00
2025-05-22 21:10:00,0.0,2025-05-22 21:10:00
2025-05-22 21:15:00,0.0,2025-05-22 21:15:00
2025-05-22 21:20:00,0.0,2025-05-22 21:20:00
2025-05-22 21:25:00,0.0,2025-05-22 21:25:00
2025-05-22 21:30:00,0.0,2025-05-22 21:30:00
2025-05-22 21:35:00,0.0,2025-05-22 21:35:00
2025-05-22 21:40:00,0.0,2025-05-22 21:40:00
2025-05-22 21:45:00,0.0,2025-05-22 21:45:00
2025-05-22 21:50:00,0.0,2025-05-22 21:50:00
2025-05-22 21:55:00,0.0,2025-05-22 21:55:00
2025-05-22 22:00:00,-1727.886,2025-05-22 22:00:00
2025-05-22 22:05:00,-1531.886,2025-05-22 22:05:00
2025-05-22 22:10:00,-1651.906,2025-05-22 22:10:00
2025-05-22 22:15:00,-1691.866,2025-05-22 22:15:00
2025-05-22 22:20:00,-1763.856,2025-05-22 22:20:00
2025-05-22 22:25:00,-1575.896,2025-05-22 22:25:00
2025-05-22 22:30:00,-1535.886,2025-05-22 22:30:00
2025-05-22 22:35:00,-1711.906,2025-05-22 22:35:00
2025-05-22 22:40:00,-1655.876,2025-05-22 22:40:00
2025-05-22 22:45:00,-1611.856,2025-05-22 22:45:00
2025-05-22 22:50:00,-1511.876,2025-05-22 22:50:00
2025-05-22 22:55:00,-1539.876,2025-05-22 22:55:00
2025-05-22 23:00:00,-1699.906,2025-05-22 23:00:00
2025-05-22 23:05:00,-1615.896,2025-05-22 23:05:00
2025-05-22 23:10:00,-1555.906,2025-05-22 23:10:00
2025-05-22 23:15:00,-1487.896,2025-05-22 23:15:00
2025-05-22 23:20:00,-1675.876,2025-05-22 23:20:00
2025-05-22 23:25:00,-1503.886,2025-05-22 23:25:00
2025-05-22 23:30:00,-1699.886,2025-05-22 23:30:00
2025-05-22 23:35:00,-1699.906,2025-05-22 23:35:00
2025-05-22 23:40:00,-1535.906,2025-05-22 23:40:00
2025-05-22 23:45:00,-1687.866,2025-05-22 23:45:00
2025-05-22 23:50:00,-1639.886,2025-05-22 23:50:00
2025-05-22 23:55:00,-1587.856,2025-05-22 23:55:00
2025-05-23 00:00:00,-1823.906,2025-05-23 00:00:00
2025-05-23 00:05:00,-1539.896,2025-05-23 00:05:00
2025-05-23 00:10:00,-1711.886,2025-05-23 00:10:00
2025-05-23 00:15:00,-1623.896,2025-05-23 00:15:00
2025-05-23 00:20:00,-1647.896,2025-05-23 00:20:00
2025-05-23 00:25:00,-1599.886,2025-05-23 00:25:00
2025-05-23 00:30:00,-1635.866,2025-05-23 00:30:00
2025-05-23 00:35:00,-1683.866,2025-05-23 00:35:00
2025-05-23 00:40:00,-1715.856,2025-05-23 00:40:00
2025-05-23 00:45:00,-1591.896,2025-05-23 00:45:00
2025-05-23 00:50:00,-1687.846,2025-05-23 00:50:00
2025-05-23 00:55:00,-1571.876,2025-05-23 00:55:00
2025-05-23 01:00:00,-1475.886,2025-05-23 01:00:00
2025-05-23 01:05:00,-1551.866,2025-05-23 01:05:00
2025-05-23 01:10:00,-1619.886,2025-05-23 01:10:00
2025-05-23 01:15:00,-1635.896,2025-05-23 01:15:00
2025-05-23 01:20:00,-1411.866,2025-05-23 01:20:00
2025-05-23 01:25:00,-1467.886,2025-05-23 01:25:00
2025-05-23 01:30:00,-1659.886,2025-05-23 01:30:00
2025-05-23 01:35:00,-1619.886,2025-05-23 01:35:00
2025-05-23 01:40:00,-1547.866,2025-05-23 01:40:00
2025-05-23 01:45:00,-1555.906,2025-05-23 01:45:00
2025-05-23 01:50:00,-1487.886,2025-05-23 01:50:00
2025-05-23 01:55:00,-1535.856,2025-05-23 01:55:00
2025-05-23 02:00:00,-1479.866,2025-05-23 02:00:00
2025-05-23 02:05:00,-1715.866,2025-05-23 02:05:00
2025-05-23 02:10:00,-1667.886,2025-05-23 02:10:00
2025-05-23 02:15:00,-1691.906,2025-05-23 02:15:00
2025-05-23 02:20:00,-1483.866,2025-05-23 02:20:00
2025-05-23 02:25:00,-1511.886,2025-05-23 02:25:00
2025-05-23 02:30:00,-1695.896,2025-05-23 02:30:00
2025-05-23 02:35:00,-1623.896,2025-05-23 02:35:00
2025-05-23 02:40:00,-1759.896,2025-05-23 02:40:00
2025-05-23 02:45:00,-1675.876,2025-05-23 02:45:00
2025-05-23 02:50:00,-1527.846,2025-05-23 02:50:00
2025-05-23 02:55:00,-1575.886,2025-05-23 02:55:00
2025-05-23 03:00:00,-1619.916,2025-05-23 03:00:00
2025-05-23 03:05:00,-1691.876,2025-05-23 03:05:00
2025-05-23 03:10:00,-1687.916,2025-05-23 03:10:00
2025-05-23 03:15:00,-1727.856,2025-05-23 03:15:00
2025-05-23 03:20:00,-1595.886,2025-05-23 03:20:00
2025-05-23 03:25:00,-1711.856,2025-05-23 03:25:00
2025-05-23 03:30:00,-1603.906,2025-05-23 03:30:00
2025-05-23 03:35:00,-1575.896,2025-05-23 03:35:00
2025-05-23 03:40:00,-1791.906,2025-05-23 03:40:00
2025-05-23 03:45:00,-1627.896,2025-05-23 03:45:00
2025-05-23 03:50:00,-1583.906,2025-05-23 03:50:00
2025-05-23 03:55:00,-1667.896,2025-05-23 03:55:00
2025-05-23 04:00:00,-1715.866,2025-05-23 04:00:00
2025-05-23 04:05:00,-1775.886,2025-05-23 04:05:00
2025-05-23 04:10:00,-1583.896,2025-05-23 04:10:00
2025-05-23 04:15:00,-1619.896,2025-05-23 04:15:00
2025-05-23 04:20:00,-1595.876,2025-05-23 04:20:00
2025-05-23 04:25:00,-1771.866,2025-05-23 04:25:00
2025-05-23 04:30:00,-1587.906,2025-05-23 04:30:00
2025-05-23 04:35:00,-1655.876,2025-05-23 04:35:00
2025-05-23 04:40:00,-1727.896,2025-05-23 04:40:00
2025-05-23 04:45:00,-1819.866,2025-05-23 04:45:00
2025-05-23 04:50:00,-1759.896,2025-05-23 04:50:00
2025-05-23 04:55:00,-1807.876,2025-05-23 04:55:00
2025-05-23 05:00:00,-1735.906,2025-05-23 05:00:00
2025-05-23 05:05:00,-1783.896,2025-05-23 05:05:00
2025-05-23 05:10:00,-1659.896,2025-05-23 05:10:00
2025-05-23 05:15:00,-1703.896,2025-05-23 05:15:00
2025-05-23 05:20:00,-1595.886,2025-05-23 05:20:00
2025-05-23 05:25:00,-1771.876,2025-05-23 05:25:00
2025-05-23 05:30:00,-1551.906,2025-05-23 05:30:00
2025-05-23 05:35:00,-1647.876,2025-05-23 05:35:00
2025-05-23 05:40:00,-1675.906,2025-05-23 05:40:00
2025-05-23 05:45:00,-1855.906,2025-05-23 05:45:00
2025-05-23 05:50:00,-1735.876,2025-05-23 05:50:00
2025-05-23 05:55:00,-1799.896,2025-05-23 05:55:00
2025-05-23 06:00:00,-1723.896,2025-05-23 06:00:00
2025-05-23 06:05:00,-1903.886,2025-05-23 06:05:00
2025-05-23 06:10:00,-1615.906,2025-05-23 06:10:00
2025-05-23 06:15:00,-1655.876,2025-05-23 06:15:00
2025-05-23 06:20:00,-1783.846,2025-05-23 06:20:00
2025-05-23 06:25:00,-1715.886,2025-05-23 06:25:00
2025-05-23 06:30:00,-1767.846,2025-05-23 06:30:00
2025-05-23 06:35:00,-1683.866,2025-05-23 06:35:00
2025-05-23 06:40:00,-1723.846,2025-05-23 06:40:00
2025-05-23 06:45:00,-1863.866,2025-05-23 06:45:00
2025-05-23 06:50:00,-1751.866,2025-05-23 06:50:00
2025-05-23 06:55:00,-1859.886,2025-05-23 06:55:00
2025-05-23 07:00:00,-1823.886,2025-05-23 07:00:00
2025-05-23 07:05:00,-1695.906,2025-05-23 07:05:00
2025-05-23 07:10:00,-1731.886,2025-05-23 07:10:00
2025-05-23 07:15:00,-1775.906,2025-05-23 07:15:00
2025-05-23 07:20:00,-1843.866,2025-05-23 07:20:00
2025-05-23 07:25:00,-2035.886,2025-05-23 07:25:00
2025-05-23 07:30:00,-2031.886,2025-05-23 07:30:00
2025-05-23 07:35:00,-1751.896,2025-05-23 07:35:00
2025-05-23 07:40:00,-1919.866,2025-05-23 07:40:00
2025-05-23 07:45:00,-1763.866,2025-05-23 07:45:00
2025-05-23 07:50:00,-1787.866,2025-05-23 07:50:00
2025-05-23 07:55:00,-1843.896,2025-05-23 07:55:00
2025-05-23 08:00:00,9000.0,2025-05-23 08:00:00
2025-05-23 08:05:00,9000.0,2025-05-23 08:05:00
2025-05-23 08:10:00,9000.0,2025-05-23 08:10:00
2025-05-23 08:15:00,9000.0,2025-05-23 08:15:00
2025-05-23 08:20:00,9000.0,2025-05-23 08:20:00
2025-05-23 08:25:00,9000.0,2025-05-23 08:25:00
2025-05-23 08:30:00,9000.0,2025-05-23 08:30:00
2025-05-23 08:35:00,9000.0,2025-05-23 08:35:00
2025-05-23 08:40:00,9000.0,2025-05-23 08:40:00
2025-05-23 08:45:00,9000.0,2025-05-23 08:45:00
2025-05-23 08:50:00,9000.0,2025-05-23 08:50:00
2025-05-23 08:55:00,9000.0,2025-05-23 08:55:00
2025-05-23 09:00:00,9000.0,2025-05-23 09:00:00
2025-05-23 09:05:00,9000.0,2025-05-23 09:05:00
2025-05-23 09:10:00,9000.0,2025-05-23 09:10:00
2025-05-23 09:15:00,9000.0,2025-05-23 09:15:00
2025-05-23 09:20:00,9000.0,2025-05-23 09:20:00
2025-05-23 09:25:00,9000.0,2025-05-23 09:25:00
2025-05-23 09:30:00,9000.0,2025-05-23 09:30:00
2025-05-23 09:35:00,4326.207,2025-05-23 09:35:00
2025-05-23 09:40:00,0.0,2025-05-23 09:40:00
2025-05-23 09:45:00,0.0,2025-05-23 09:45:00
2025-05-23 09:50:00,0.0,2025-05-23 09:50:00
2025-05-23 09:55:00,0.0,2025-05-23 09:55:00
2025-05-23 10:00:00,0.0,2025-05-23 10:00:00
2025-05-23 10:05:00,0.0,2025-05-23 10:05:00
2025-05-23 10:10:00,0.0,2025-05-23 10:10:00
2025-05-23 10:15:00,0.0,2025-05-23 10:15:00
2025-05-23 10:20:00,0.0,2025-05-23 10:20:00
2025-05-23 10:25:00,0.0,2025-05-23 10:25:00
2025-05-23 10:30:00,0.0,2025-05-23 10:30:00
2025-05-23 10:35:00,0.0,2025-05-23 10:35:00
2025-05-23 10:40:00,0.0,2025-05-23 10:40:00
2025-05-23 10:45:00,0.0,2025-05-23 10:45:00
2025-05-23 10:50:00,0.0,2025-05-23 10:50:00
2025-05-23 10:55:00,0.0,2025-05-23 10:55:00
2025-05-23 11:00:00,-2035.896,2025-05-23 11:00:00
2025-05-23 11:05:00,-2283.866,2025-05-23 11:05:00
2025-05-23 11:10:00,-2255.866,2025-05-23 11:10:00
2025-05-23 11:15:00,-2287.896,2025-05-23 11:15:00
2025-05-23 11:20:00,-2315.906,2025-05-23 11:20:00
2025-05-23 11:25:00,-2235.896,2025-05-23 11:25:00
2025-05-23 11:30:00,-2247.906,2025-05-23 11:30:00
2025-05-23 11:35:00,-2439.876,2025-05-23 11:35:00
2025-05-23 11:40:00,-2299.896,2025-05-23 11:40:00
2025-05-23 11:45:00,-2287.876,2025-05-23 11:45:00
2025-05-23 11:50:00,-2155.856,2025-05-23 11:50:00
2025-05-23 11:55:00,-2163.866,2025-05-23 11:55:00
2025-05-23 12:00:00,-2107.896,2025-05-23 12:00:00
2025-05-23 12:05:00,-2159.866,2025-05-23 12:05:00
2025-05-23 12:10:00,-2051.846,2025-05-23 12:10:00
2025-05-23 12:15:00,-2291.876,2025-05-23 12:15:00
2025-05-23 12:20:00,-2363.876,2025-05-23 12:20:00
2025-05-23 12:25:00,-2251.856,2025-05-23 12:25:00
2025-05-23 12:30:00,-2175.906,2025-05-23 12:30:00
2025-05-23 12:35:00,-2187.896,2025-05-23 12:35:00
2025-05-23 12:40:00,-1899.906,2025-05-23 12:40:00
2025-05-23 12:45:00,-2015.906,2025-05-23 12:45:00
2025-05-23 12:50:00,-1915.856,2025-05-23 12:50:00
2025-05-23 12:55:00,-1915.846,2025-05-23 12:55:00
2025-05-23 13:00:00,-1891.856,2025-05-23 13:00:00
2025-05-23 13:05:00,-1883.866,2025-05-23 13:05:00
2025-05-23 13:10:00,-1883.896,2025-05-23 13:10:00
2025-05-23 13:15:00,-1939.846,2025-05-23 13:15:00
2025-05-23 13:20:00,-2111.866,2025-05-23 13:20:00
2025-05-23 13:25:00,-2075.876,2025-05-23 13:25:00
2025-05-23 13:30:00,-2091.866,2025-05-23 13:30:00
2025-05-23 13:35:00,-2275.876,2025-05-23 13:35:00
2025-05-23 13:40:00,-2311.866,2025-05-23 13:40:00
2025-05-23 13:45:00,-2287.866,2025-05-23 13:45:00
2025-05-23 13:50:00,-2395.866,2025-05-23 13:50:00
2025-05-23 13:55:00,-2295.846,2025-05-23 13:55:00
2025-05-23 14:00:00,-2323.896,2025-05-23 14:00:00
2025-05-23 14:05:00,-2139.906,2025-05-23 14:05:00
2025-05-23 14:10:00,-2063.896,2025-05-23 14:10:00
2025-05-23 14:15:00,-2055.866,2025-05-23 14:15:00
2025-05-23 14:20:00,-2087.866,2025-05-23 14:20:00
2025-05-23 14:25:00,-2327.876,2025-05-23 14:25:00
2025-05-23 14:30:00,-2147.826,2025-05-23 14:30:00
2025-05-23 14:35:00,-2047.866,2025-05-23 14:35:00
2025-05-23 14:40:00,-2039.896,2025-05-23 14:40:00
2025-05-23 14:45:00,-2023.886,2025-05-23 14:45:00
2025-05-23 14:50:00,-2179.896,2025-05-23 14:50:00
2025-05-23 14:55:00,-1955.906,2025-05-23 14:55:00
2025-05-23 15:00:00,-1871.906,2025-05-23 15:00:00
2025-05-23 15:05:00,-1939.906,2025-05-23 15:05:00
2025-05-23 15:10:00,-1967.866,2025-05-23 15:10:00
2025-05-23 15:15:00,-2019.876,2025-05-23 15:15:00
2025-05-23 15:20:00,-1831.906,2025-05-23 15:20:00
2025-05-23 15:25:00,-1855.866,2025-05-23 15:25:00
2025-05-23 15:30:00,-1987.896,2025-05-23 15:30:00
2025-05-23 15:35:00,-2007.866,2025-05-23 15:35:00
2025-05-23 15:40:00,-1911.856,2025-05-23 15:40:00
2025-05-23 15:45:00,-3119.856,2025-05-23 15:45:00
2025-05-23 15:50:00,-1819.866,2025-05-23 15:50:00
2025-05-23 15:55:00,-1955.896,2025-05-23 15:55:00
2025-05-23 16:00:00,-1923.876,2025-05-23 16:00:00
2025-05-23 16:05:00,-1775.906,2025-05-23 16:05:00
2025-05-23 16:10:00,-1767.906,2025-05-23 16:10:00
2025-05-23 16:15:00,-1851.896,2025-05-23 16:15:00
2025-05-23 16:20:00,-1907.916,2025-05-23 16:20:00
2025-05-23 16:25:00,-1843.876,2025-05-23 16:25:00
2025-05-23 16:30:00,-2051.896,2025-05-23 16:30:00
2025-05-23 16:35:00,-1923.936,2025-05-23 16:35:00
2025-05-23 16:40:00,-2023.856,2025-05-23 16:40:00
2025-05-23 16:45:00,-2027.866,2025-05-23 16:45:00
2025-05-23 16:50:00,-1967.866,2025-05-23 16:50:00
2025-05-23 16:55:00,-1959.866,2025-05-23 16:55:00
2025-05-23 17:00:00,-1931.896,2025-05-23 17:00:00
2025-05-23 17:05:00,-2043.866,2025-05-23 17:05:00
2025-05-23 17:10:00,-1907.896,2025-05-23 17:10:00
2025-05-23 17:15:00,-1907.886,2025-05-23 17:15:00
2025-05-23 17:20:00,-2099.896,2025-05-23 17:20:00
2025-05-23 17:25:00,-2243.886,2025-05-23 17:25:00
2025-05-23 17:30:00,-1955.876,2025-05-23 17:30:00
2025-05-23 17:35:00,-2183.856,2025-05-23 17:35:00
2025-05-23 17:40:00,-1955.886,2025-05-23 17:40:00
2025-05-23 17:45:00,-2011.896,2025-05-23 17:45:00
2025-05-23 17:50:00,-2055.876,2025-05-23 17:50:00
2025-05-23 17:55:00,-2059.866,2025-05-23 17:55:00
2025-05-23 18:00:00,9000.0,2025-05-23 18:00:00
2025-05-23 18:05:00,9000.0,2025-05-23 18:05:00
2025-05-23 18:10:00,9000.0,2025-05-23 18:10:00
2025-05-23 18:15:00,9000.0,2025-05-23 18:15:00
2025-05-23 18:20:00,9000.0,2025-05-23 18:20:00
2025-05-23 18:25:00,9000.0,2025-05-23 18:25:00
2025-05-23 18:30:00,9000.0,2025-05-23 18:30:00
2025-05-23 18:35:00,9000.0,2025-05-23 18:35:00
2025-05-23 18:40:00,9000.0,2025-05-23 18:40:00
2025-05-23 18:45:00,9000.0,2025-05-23 18:45:00
2025-05-23 18:50:00,9000.0,2025-05-23 18:50:00
2025-05-23 18:55:00,9000.0,2025-05-23 18:55:00
2025-05-23 19:00:00,9000.0,2025-05-23 19:00:00
2025-05-23 19:05:00,9000.0,2025-05-23 19:05:00
2025-05-23 19:10:00,9000.0,2025-05-23 19:10:00
2025-05-23 19:15:00,9000.0,2025-05-23 19:15:00
2025-05-23 19:20:00,8832.799,2025-05-23 19:20:00
2025-05-23 19:25:00,0.0,2025-05-23 19:25:00
2025-05-23 19:30:00,0.0,2025-05-23 19:30:00
2025-05-23 19:35:00,0.0,2025-05-23 19:35:00
2025-05-23 19:40:00,0.0,2025-05-23 19:40:00
2025-05-23 19:45:00,0.0,2025-05-23 19:45:00
2025-05-23 19:50:00,0.0,2025-05-23 19:50:00
2025-05-23 19:55:00,0.0,2025-05-23 19:55:00
2025-05-23 20:00:00,0.0,2025-05-23 20:00:00
2025-05-23 20:05:00,0.0,2025-05-23 20:05:00
2025-05-23 20:10:00,0.0,2025-05-23 20:10:00
2025-05-23 20:15:00,0.0,2025-05-23 20:15:00
2025-05-23 20:20:00,0.0,2025-05-23 20:20:00
2025-05-23 20:25:00,0.0,2025-05-23 20:25:00
2025-05-23 20:30:00,0.0,2025-05-23 20:30:00
2025-05-23 20:35:00,0.0,2025-05-23 20:35:00
2025-05-23 20:40:00,0.0,2025-05-23 20:40:00
2025-05-23 20:45:00,0.0,2025-05-23 20:45:00
2025-05-23 20:50:00,0.0,2025-05-23 20:50:00
2025-05-23 20:55:00,0.0,2025-05-23 20:55:00
2025-05-23 21:00:00,0.0,2025-05-23 21:00:00
2025-05-23 21:05:00,0.0,2025-05-23 21:05:00
2025-05-23 21:10:00,0.0,2025-05-23 21:10:00
2025-05-23 21:15:00,0.0,2025-05-23 21:15:00
2025-05-23 21:20:00,0.0,2025-05-23 21:20:00
2025-05-23 21:25:00,0.0,2025-05-23 21:25:00
2025-05-23 21:30:00,0.0,2025-05-23 21:30:00
2025-05-23 21:35:00,0.0,2025-05-23 21:35:00
2025-05-23 21:40:00,0.0,2025-05-23 21:40:00
2025-05-23 21:45:00,0.0,2025-05-23 21:45:00
2025-05-23 21:50:00,0.0,2025-05-23 21:50:00
2025-05-23 21:55:00,0.0,2025-05-23 21:55:00
2025-05-23 22:00:00,-1643.876,2025-05-23 22:00:00
2025-05-23 22:05:00,-1455.906,2025-05-23 22:05:00
2025-05-23 22:10:00,-1663.846,2025-05-23 22:10:00
2025-05-23 22:15:00,-1787.886,2025-05-23 22:15:00
2025-05-23 22:20:00,-1903.886,2025-05-23 22:20:00
2025-05-23 22:25:00,-1743.866,2025-05-23 22:25:00
2025-05-23 22:30:00,-1579.906,2025-05-23 22:30:00
2025-05-23 22:35:00,-1731.896,2025-05-23 22:35:00
2025-05-23 22:40:00,-1687.896,2025-05-23 22:40:00
2025-05-23 22:45:00,-1715.866,2025-05-23 22:45:00
2025-05-23 22:50:00,-1683.896,2025-05-23 22:50:00
2025-05-23 22:55:00,-1595.896,2025-05-23 22:55:00
2025-05-23 23:00:00,-1587.896,2025-05-23 23:00:00
2025-05-23 23:05:00,-1471.886,2025-05-23 23:05:00
2025-05-23 23:10:00,-1547.856,2025-05-23 23:10:00
2025-05-23 23:15:00,-1567.856,2025-05-23 23:15:00
2025-05-23 23:20:00,-1531.906,2025-05-23 23:20:00
2025-05-23 23:25:00,-1539.916,2025-05-23 23:25:00
2025-05-23 23:30:00,-1587.866,2025-05-23 23:30:00
2025-05-23 23:35:00,-1651.906,2025-05-23 23:35:00
2025-05-23 23:40:00,-1567.866,2025-05-23 23:40:00
2025-05-23 23:45:00,-1663.886,2025-05-23 23:45:00
2025-05-23 23:50:00,-1591.836,2025-05-23 23:50:00
2025-05-23 23:55:00,-1635.896,2025-05-23 23:55:00
2025-05-24 00:00:00,-1543.886,2025-05-24 00:00:00
2025-05-24 00:05:00,-1567.866,2025-05-24 00:05:00
2025-05-24 00:10:00,-1567.866,2025-05-24 00:10:00
2025-05-24 00:15:00,-1559.906,2025-05-24 00:15:00
2025-05-24 00:20:00,-1655.886,2025-05-24 00:20:00
2025-05-24 00:25:00,-1395.866,2025-05-24 00:25:00
2025-05-24 00:30:00,-1563.836,2025-05-24 00:30:00
2025-05-24 00:35:00,-1571.856,2025-05-24 00:35:00
2025-05-24 00:40:00,-1723.886,2025-05-24 00:40:00
2025-05-24 00:45:00,-1503.876,2025-05-24 00:45:00
2025-05-24 00:50:00,-1779.886,2025-05-24 00:50:00
2025-05-24 00:55:00,-1919.866,2025-05-24 00:55:00
2025-05-24 01:00:00,-1739.876,2025-05-24 01:00:00
2025-05-24 01:05:00,-1803.916,2025-05-24 01:05:00
2025-05-24 01:10:00,-1863.896,2025-05-24 01:10:00
2025-05-24 01:15:00,-1955.856,2025-05-24 01:15:00
2025-05-24 01:20:00,-1799.896,2025-05-24 01:20:00
2025-05-24 01:25:00,-1707.876,2025-05-24 01:25:00
2025-05-24 01:30:00,-1611.856,2025-05-24 01:30:00
2025-05-24 01:35:00,-1695.876,2025-05-24 01:35:00
2025-05-24 01:40:00,-1707.866,2025-05-24 01:40:00
2025-05-24 01:45:00,-1679.886,2025-05-24 01:45:00
2025-05-24 01:50:00,-1651.886,2025-05-24 01:50:00
2025-05-24 01:55:00,-1767.846,2025-05-24 01:55:00
2025-05-24 02:00:00,-1879.846,2025-05-24 02:00:00
2025-05-24 02:05:00,-1827.916,2025-05-24 02:05:00
2025-05-24 02:10:00,-1887.876,2025-05-24 02:10:00
2025-05-24 02:15:00,-1715.886,2025-05-24 02:15:00
2025-05-24 02:20:00,-1839.876,2025-05-24 02:20:00
2025-05-24 02:25:00,-1787.896,2025-05-24 02:25:00
2025-05-24 02:30:00,-1739.866,2025-05-24 02:30:00
2025-05-24 02:35:00,-1715.906,2025-05-24 02:35:00
2025-05-24 02:40:00,-1739.866,2025-05-24 02:40:00
2025-05-24 02:45:00,-1779.906,2025-05-24 02:45:00
2025-05-24 02:50:00,-1591.916,2025-05-24 02:50:00
2025-05-24 02:55:00,-1595.886,2025-05-24 02:55:00
2025-05-24 03:00:00,-1499.906,2025-05-24 03:00:00
2025-05-24 03:05:00,-1755.926,2025-05-24 03:05:00
2025-05-24 03:10:00,-1503.826,2025-05-24 03:10:00
2025-05-24 03:15:00,-1487.926,2025-05-24 03:15:00
2025-05-24 03:20:00,-1483.906,2025-05-24 03:20:00
2025-05-24 03:25:00,-1563.886,2025-05-24 03:25:00
2025-05-24 03:30:00,-1667.886,2025-05-24 03:30:00
2025-05-24 03:35:00,-1639.866,2025-05-24 03:35:00
2025-05-24 03:40:00,-1699.886,2025-05-24 03:40:00
2025-05-24 03:45:00,-1523.886,2025-05-24 03:45:00
2025-05-24 03:50:00,-1519.906,2025-05-24 03:50:00
2025-05-24 03:55:00,-1551.886,2025-05-24 03:55:00
2025-05-24 04:00:00,-1611.866,2025-05-24 04:00:00
2025-05-24 04:05:00,-1515.866,2025-05-24 04:05:00
2025-05-24 04:10:00,-1679.886,2025-05-24 04:10:00
2025-05-24 04:15:00,-1755.906,2025-05-24 04:15:00
2025-05-24 04:20:00,-1723.906,2025-05-24 04:20:00
2025-05-24 04:25:00,-1551.906,2025-05-24 04:25:00
2025-05-24 04:30:00,-1563.906,2025-05-24 04:30:00
2025-05-24 04:35:00,-1767.906,2025-05-24 04:35:00
2025-05-24 04:40:00,-1635.886,2025-05-24 04:40:00
2025-05-24 04:45:00,-1563.876,2025-05-24 04:45:00
2025-05-24 04:50:00,-1571.886,2025-05-24 04:50:00
2025-05-24 04:55:00,-1595.916,2025-05-24 04:55:00
2025-05-24 05:00:00,-1955.886,2025-05-24 05:00:00
2025-05-24 05:05:00,-1915.896,2025-05-24 05:05:00
2025-05-24 05:10:00,-1971.886,2025-05-24 05:10:00
2025-05-24 05:15:00,-2103.906,2025-05-24 05:15:00
2025-05-24 05:20:00,-2243.866,2025-05-24 05:20:00
2025-05-24 05:25:00,-2043.866,2025-05-24 05:25:00
2025-05-24 05:30:00,-1963.886,2025-05-24 05:30:00
2025-05-24 05:35:00,-1971.886,2025-05-24 05:35:00
2025-05-24 05:40:00,-2107.916,2025-05-24 05:40:00
2025-05-24 05:45:00,-2143.916,2025-05-24 05:45:00
2025-05-24 05:50:00,-1955.896,2025-05-24 05:50:00
2025-05-24 05:55:00,-1979.876,2025-05-24 05:55:00
2025-05-24 06:00:00,-2015.866,2025-05-24 06:00:00
2025-05-24 06:05:00,-2047.906,2025-05-24 06:05:00
2025-05-24 06:10:00,-2019.906,2025-05-24 06:10:00
2025-05-24 06:15:00,-2059.896,2025-05-24 06:15:00
2025-05-24 06:20:00,-2143.896,2025-05-24 06:20:00
2025-05-24 06:25:00,-2051.906,2025-05-24 06:25:00
2025-05-24 06:30:00,-2183.906,2025-05-24 06:30:00
2025-05-24 06:35:00,-2007.866,2025-05-24 06:35:00
2025-05-24 06:40:00,-2003.886,2025-05-24 06:40:00
2025-05-24 06:45:00,-2075.896,2025-05-24 06:45:00
2025-05-24 06:50:00,-2095.856,2025-05-24 06:50:00
2025-05-24 06:55:00,-1999.886,2025-05-24 06:55:00
2025-05-24 07:00:00,-1991.896,2025-05-24 07:00:00
2025-05-24 07:05:00,-2123.876,2025-05-24 07:05:00
2025-05-24 07:10:00,-2095.876,2025-05-24 07:10:00
2025-05-24 07:15:00,-2011.906,2025-05-24 07:15:00
2025-05-24 07:20:00,-2143.896,2025-05-24 07:20:00
2025-05-24 07:25:00,-2079.886,2025-05-24 07:25:00
2025-05-24 07:30:00,-2047.866,2025-05-24 07:30:00
2025-05-24 07:35:00,-2187.886,2025-05-24 07:35:00
2025-05-24 07:40:00,-2287.876,2025-05-24 07:40:00
2025-05-24 07:45:00,-2303.926,2025-05-24 07:45:00
2025-05-24 07:50:00,-2235.906,2025-05-24 07:50:00
2025-05-24 07:55:00,-2031.946,2025-05-24 07:55:00
2025-05-24 08:00:00,9000.0,2025-05-24 08:00:00
2025-05-24 08:05:00,9000.0,2025-05-24 08:05:00
2025-05-24 08:10:00,9000.0,2025-05-24 08:10:00
2025-05-24 08:15:00,9000.0,2025-05-24 08:15:00
2025-05-24 08:20:00,9000.0,2025-05-24 08:20:00
2025-05-24 08:25:00,9000.0,2025-05-24 08:25:00
2025-05-24 08:30:00,9000.0,2025-05-24 08:30:00
2025-05-24 08:35:00,9000.0,2025-05-24 08:35:00
2025-05-24 08:40:00,9000.0,2025-05-24 08:40:00
2025-05-24 08:45:00,9000.0,2025-05-24 08:45:00
2025-05-24 08:50:00,9000.0,2025-05-24 08:50:00
2025-05-24 08:55:00,9000.0,2025-05-24 08:55:00
2025-05-24 09:00:00,9000.0,2025-05-24 09:00:00
2025-05-24 09:05:00,9000.0,2025-05-24 09:05:00
2025-05-24 09:10:00,9000.0,2025-05-24 09:10:00
2025-05-24 09:15:00,9000.0,2025-05-24 09:15:00
2025-05-24 09:20:00,9000.0,2025-05-24 09:20:00
2025-05-24 09:25:00,9000.0,2025-05-24 09:25:00
2025-05-24 09:30:00,9000.0,2025-05-24 09:30:00
2025-05-24 09:35:00,9000.0,2025-05-24 09:35:00
2025-05-24 09:40:00,6712.915,2025-05-24 09:40:00
2025-05-24 09:45:00,0.0,2025-05-24 09:45:00
2025-05-24 09:50:00,0.0,2025-05-24 09:50:00
2025-05-24 09:55:00,0.0,2025-05-24 09:55:00
2025-05-24 10:00:00,0.0,2025-05-24 10:00:00
2025-05-24 10:05:00,0.0,2025-05-24 10:05:00
2025-05-24 10:10:00,0.0,2025-05-24 10:10:00
2025-05-24 10:15:00,0.0,2025-05-24 10:15:00
2025-05-24 10:20:00,0.0,2025-05-24 10:20:00
2025-05-24 10:25:00,0.0,2025-05-24 10:25:00
2025-05-24 10:30:00,0.0,2025-05-24 10:30:00
2025-05-24 10:35:00,0.0,2025-05-24 10:35:00
2025-05-24 10:40:00,0.0,2025-05-24 10:40:00
2025-05-24 10:45:00,0.0,2025-05-24 10:45:00
2025-05-24 10:50:00,0.0,2025-05-24 10:50:00
2025-05-24 10:55:00,0.0,2025-05-24 10:55:00
2025-05-24 11:00:00,-2355.876,2025-05-24 11:00:00
2025-05-24 11:05:00,-2367.876,2025-05-24 11:05:00
2025-05-24 11:10:00,-2159.856,2025-05-24 11:10:00
2025-05-24 11:15:00,-2267.886,2025-05-24 11:15:00
2025-05-24 11:20:00,-2191.856,2025-05-24 11:20:00
2025-05-24 11:25:00,-2115.876,2025-05-24 11:25:00
2025-05-24 11:30:00,-2135.866,2025-05-24 11:30:00
2025-05-24 11:35:00,-2135.896,2025-05-24 11:35:00
2025-05-24 11:40:00,-2291.856,2025-05-24 11:40:00
2025-05-24 11:45:00,-2235.896,2025-05-24 11:45:00
2025-05-24 11:50:00,-2107.876,2025-05-24 11:50:00
2025-05-24 11:55:00,-2111.886,2025-05-24 11:55:00
2025-05-24 12:00:00,-2071.846,2025-05-24 12:00:00
2025-05-24 12:05:00,-2079.896,2025-05-24 12:05:00
2025-05-24 12:10:00,-2191.916,2025-05-24 12:10:00
2025-05-24 12:15:00,-2047.906,2025-05-24 12:15:00
2025-05-24 12:20:00,-2147.906,2025-05-24 12:20:00
2025-05-24 12:25:00,-2247.856,2025-05-24 12:25:00
2025-05-24 12:30:00,-2207.906,2025-05-24 12:30:00
2025-05-24 12:35:00,-2087.886,2025-05-24 12:35:00
2025-05-24 12:40:00,-2367.916,2025-05-24 12:40:00
2025-05-24 12:45:00,-2251.876,2025-05-24 12:45:00
2025-05-24 12:50:00,-2379.906,2025-05-24 12:50:00
2025-05-24 12:55:00,-2287.906,2025-05-24 12:55:00
2025-05-24 13:00:00,-2219.916,2025-05-24 13:00:00
2025-05-24 13:05:00,-2339.886,2025-05-24 13:05:00
2025-05-24 13:10:00,-2215.886,2025-05-24 13:10:00
2025-05-24 13:15:00,-2215.856,2025-05-24 13:15:00
2025-05-24 13:20:00,-2283.916,2025-05-24 13:20:00
2025-05-24 13:25:00,-2087.886,2025-05-24 13:25:00
2025-05-24 13:30:00,-2295.886,2025-05-24 13:30:00
2025-05-24 13:35:00,-2243.876,2025-05-24 13:35:00
2025-05-24 13:40:00,-2031.866,2025-05-24 13:40:00
2025-05-24 13:45:00,-2119.886,2025-05-24 13:45:00
2025-05-24 13:50:00,-2255.886,2025-05-24 13:50:00
2025-05-24 13:55:00,-2139.886,2025-05-24 13:55:00
2025-05-24 14:00:00,-2271.886,2025-05-24 14:00:00
2025-05-24 14:05:00,-2107.896,2025-05-24 14:05:00
2025-05-24 14:10:00,-2083.886,2025-05-24 14:10:00
2025-05-24 14:15:00,-2079.886,2025-05-24 14:15:00
2025-05-24 14:20:00,-2171.916,2025-05-24 14:20:00
2025-05-24 14:25:00,-2011.836,2025-05-24 14:25:00
2025-05-24 14:30:00,-2083.866,2025-05-24 14:30:00
2025-05-24 14:35:00,-2167.886,2025-05-24 14:35:00
2025-05-24 14:40:00,-2027.886,2025-05-24 14:40:00
2025-05-24 14:45:00,-2147.886,2025-05-24 14:45:00
2025-05-24 14:50:00,-2163.886,2025-05-24 14:50:00
2025-05-24 14:55:00,-2123.896,2025-05-24 14:55:00
2025-05-24 15:00:00,-2147.886,2025-05-24 15:00:00
2025-05-24 15:05:00,-2343.876,2025-05-24 15:05:00
2025-05-24 15:10:00,-2231.856,2025-05-24 15:10:00
2025-05-24 15:15:00,-2267.866,2025-05-24 15:15:00
2025-05-24 15:20:00,-2079.866,2025-05-24 15:20:00
2025-05-24 15:25:00,-2147.896,2025-05-24 15:25:00
2025-05-24 15:30:00,-2127.876,2025-05-24 15:30:00
2025-05-24 15:35:00,-2199.876,2025-05-24 15:35:00
2025-05-24 15:40:00,-2131.906,2025-05-24 15:40:00
2025-05-24 15:45:00,-2107.906,2025-05-24 15:45:00
2025-05-24 15:50:00,-2247.886,2025-05-24 15:50:00
2025-05-24 15:55:00,-2295.876,2025-05-24 15:55:00
2025-05-24 16:00:00,-2315.896,2025-05-24 16:00:00
2025-05-24 16:05:00,-2167.896,2025-05-24 16:05:00
2025-05-24 16:10:00,-1971.876,2025-05-24 16:10:00
2025-05-24 16:15:00,-2247.866,2025-05-24 16:15:00
2025-05-24 16:20:00,-2067.896,2025-05-24 16:20:00
2025-05-24 16:25:00,-2167.876,2025-05-24 16:25:00
2025-05-24 16:30:00,-2287.856,2025-05-24 16:30:00
2025-05-24 16:35:00,-2315.866,2025-05-24 16:35:00
2025-05-24 16:40:00,-2219.876,2025-05-24 16:40:00
2025-05-24 16:45:00,-2095.926,2025-05-24 16:45:00
2025-05-24 16:50:00,-2187.906,2025-05-24 16:50:00
2025-05-24 16:55:00,-2159.906,2025-05-24 16:55:00
2025-05-24 17:00:00,-2339.856,2025-05-24 17:00:00
2025-05-24 17:05:00,-2067.816,2025-05-24 17:05:00
2025-05-24 17:10:00,-1959.906,2025-05-24 17:10:00
2025-05-24 17:15:00,-2087.886,2025-05-24 17:15:00
2025-05-24 17:20:00,-2127.886,2025-05-24 17:20:00
2025-05-24 17:25:00,-2355.876,2025-05-24 17:25:00
2025-05-24 17:30:00,-2235.866,2025-05-24 17:30:00
2025-05-24 17:35:00,-2319.886,2025-05-24 17:35:00
2025-05-24 17:40:00,-2291.856,2025-05-24 17:40:00
2025-05-24 17:45:00,-2371.866,2025-05-24 17:45:00
2025-05-24 17:50:00,-2387.826,2025-05-24 17:50:00
2025-05-24 17:55:00,-2343.866,2025-05-24 17:55:00
2025-05-24 18:00:00,9000.0,2025-05-24 18:00:00
2025-05-24 18:05:00,9000.0,2025-05-24 18:05:00
2025-05-24 18:10:00,9000.0,2025-05-24 18:10:00
2025-05-24 18:15:00,9000.0,2025-05-24 18:15:00
2025-05-24 18:20:00,9000.0,2025-05-24 18:20:00
2025-05-24 18:25:00,9000.0,2025-05-24 18:25:00
2025-05-24 18:30:00,9000.0,2025-05-24 18:30:00
2025-05-24 18:35:00,9000.0,2025-05-24 18:35:00
2025-05-24 18:40:00,9000.0,2025-05-24 18:40:00
2025-05-24 18:45:00,9000.0,2025-05-24 18:45:00
2025-05-24 18:50:00,9000.0,2025-05-24 18:50:00
2025-05-24 18:55:00,9000.0,2025-05-24 18:55:00
2025-05-24 19:00:00,9000.0,2025-05-24 19:00:00
2025-05-24 19:05:00,9000.0,2025-05-24 19:05:00
2025-05-24 19:10:00,9000.0,2025-05-24 19:10:00
2025-05-24 19:15:00,9000.0,2025-05-24 19:15:00
2025-05-24 19:20:00,9000.0,2025-05-24 19:20:00
2025-05-24 19:25:00,7964.637,2025-05-24 19:25:00
2025-05-24 19:30:00,0.0,2025-05-24 19:30:00
2025-05-24 19:35:00,0.0,2025-05-24 19:35:00
2025-05-24 19:40:00,0.0,2025-05-24 19:40:00
2025-05-24 19:45:00,0.0,2025-05-24 19:45:00
2025-05-24 19:50:00,0.0,2025-05-24 19:50:00
2025-05-24 19:55:00,0.0,2025-05-24 19:55:00
2025-05-24 20:00:00,0.0,2025-05-24 20:00:00
2025-05-24 20:05:00,0.0,2025-05-24 20:05:00
2025-05-24 20:10:00,0.0,2025-05-24 20:10:00
2025-05-24 20:15:00,0.0,2025-05-24 20:15:00
2025-05-24 20:20:00,0.0,2025-05-24 20:20:00
2025-05-24 20:25:00,0.0,2025-05-24 20:25:00
2025-05-24 20:30:00,0.0,2025-05-24 20:30:00
2025-05-24 20:35:00,0.0,2025-05-24 20:35:00
2025-05-24 20:40:00,0.0,2025-05-24 20:40:00
2025-05-24 20:45:00,0.0,2025-05-24 20:45:00
2025-05-24 20:50:00,0.0,2025-05-24 20:50:00
2025-05-24 20:55:00,0.0,2025-05-24 20:55:00
2025-05-24 21:00:00,0.0,2025-05-24 21:00:00
2025-05-24 21:05:00,0.0,2025-05-24 21:05:00
2025-05-24 21:10:00,0.0,2025-05-24 21:10:00
2025-05-24 21:15:00,0.0,2025-05-24 21:15:00
2025-05-24 21:20:00,0.0,2025-05-24 21:20:00
2025-05-24 21:25:00,0.0,2025-05-24 21:25:00
2025-05-24 21:30:00,0.0,2025-05-24 21:30:00
2025-05-24 21:35:00,0.0,2025-05-24 21:35:00
2025-05-24 21:40:00,0.0,2025-05-24 21:40:00
2025-05-24 21:45:00,0.0,2025-05-24 21:45:00
2025-05-24 21:50:00,0.0,2025-05-24 21:50:00
2025-05-24 21:55:00,0.0,2025-05-24 21:55:00
2025-05-24 22:00:00,-2311.896,2025-05-24 22:00:00
2025-05-24 22:05:00,-2175.896,2025-05-24 22:05:00
2025-05-24 22:10:00,-2163.846,2025-05-24 22:10:00
2025-05-24 22:15:00,-2311.896,2025-05-24 22:15:00
2025-05-24 22:20:00,-2031.866,2025-05-24 22:20:00
2025-05-24 22:25:00,-2279.906,2025-05-24 22:25:00
2025-05-24 22:30:00,-2007.886,2025-05-24 22:30:00
2025-05-24 22:35:00,-2347.856,2025-05-24 22:35:00
2025-05-24 22:40:00,-2067.886,2025-05-24 22:40:00
2025-05-24 22:45:00,-2091.876,2025-05-24 22:45:00
2025-05-24 22:50:00,-2111.866,2025-05-24 22:50:00
2025-05-24 22:55:00,-2271.886,2025-05-24 22:55:00
2025-05-24 23:00:00,-2099.906,2025-05-24 23:00:00
2025-05-24 23:05:00,-2195.876,2025-05-24 23:05:00
2025-05-24 23:10:00,-2267.916,2025-05-24 23:10:00
2025-05-24 23:15:00,-2511.866,2025-05-24 23:15:00
2025-05-24 23:20:00,-2407.906,2025-05-24 23:20:00
2025-05-24 23:25:00,-2071.886,2025-05-24 23:25:00
2025-05-24 23:30:00,-2107.876,2025-05-24 23:30:00
2025-05-24 23:35:00,-2291.906,2025-05-24 23:35:00
2025-05-24 23:40:00,-2275.896,2025-05-24 23:40:00
2025-05-24 23:45:00,-2223.856,2025-05-24 23:45:00
2025-05-24 23:50:00,-2523.846,2025-05-24 23:50:00
2025-05-24 23:55:00,-2451.846,2025-05-24 23:55:00
2025-05-25 00:00:00,-2243.866,2025-05-25 00:00:00
2025-05-25 00:05:00,-2251.896,2025-05-25 00:05:00
2025-05-25 00:10:00,-2555.906,2025-05-25 00:10:00
2025-05-25 00:15:00,-2691.896,2025-05-25 00:15:00
2025-05-25 00:20:00,-2315.866,2025-05-25 00:20:00
2025-05-25 00:25:00,-2339.936,2025-05-25 00:25:00
2025-05-25 00:30:00,-2435.846,2025-05-25 00:30:00
2025-05-25 00:35:00,-2103.916,2025-05-25 00:35:00
2025-05-25 00:40:00,-2335.866,2025-05-25 00:40:00
2025-05-25 00:45:00,-2143.896,2025-05-25 00:45:00
2025-05-25 00:50:00,-2143.876,2025-05-25 00:50:00
2025-05-25 00:55:00,-2299.906,2025-05-25 00:55:00
2025-05-25 01:00:00,-2219.916,2025-05-25 01:00:00
2025-05-25 01:05:00,-2467.886,2025-05-25 01:05:00
2025-05-25 01:10:00,-2359.876,2025-05-25 01:10:00
2025-05-25 01:15:00,-2395.896,2025-05-25 01:15:00
2025-05-25 01:20:00,-2331.896,2025-05-25 01:20:00
2025-05-25 01:25:00,-2467.856,2025-05-25 01:25:00
2025-05-25 01:30:00,-2451.916,2025-05-25 01:30:00
2025-05-25 01:35:00,-2431.886,2025-05-25 01:35:00
2025-05-25 01:40:00,-2215.896,2025-05-25 01:40:00
2025-05-25 01:45:00,-2187.896,2025-05-25 01:45:00
2025-05-25 01:50:00,-2187.896,2025-05-25 01:50:00
2025-05-25 01:55:00,-2091.906,2025-05-25 01:55:00
2025-05-25 02:00:00,-2167.916,2025-05-25 02:00:00
2025-05-25 02:05:00,-1991.876,2025-05-25 02:05:00
2025-05-25 02:10:00,-2187.906,2025-05-25 02:10:00
2025-05-25 02:15:00,-2051.886,2025-05-25 02:15:00
2025-05-25 02:20:00,-2139.896,2025-05-25 02:20:00
2025-05-25 02:25:00,-2211.906,2025-05-25 02:25:00
2025-05-25 02:30:00,-2219.896,2025-05-25 02:30:00
2025-05-25 02:35:00,-2183.856,2025-05-25 02:35:00
2025-05-25 02:40:00,-2051.856,2025-05-25 02:40:00
2025-05-25 02:45:00,-2131.876,2025-05-25 02:45:00
2025-05-25 02:50:00,-2343.886,2025-05-25 02:50:00
2025-05-25 02:55:00,-2299.906,2025-05-25 02:55:00
2025-05-25 03:00:00,-2267.896,2025-05-25 03:00:00
2025-05-25 03:05:00,-2183.866,2025-05-25 03:05:00
2025-05-25 03:10:00,-2187.866,2025-05-25 03:10:00
2025-05-25 03:15:00,-2103.896,2025-05-25 03:15:00
2025-05-25 03:20:00,-2223.886,2025-05-25 03:20:00
2025-05-25 03:25:00,-2291.906,2025-05-25 03:25:00
2025-05-25 03:30:00,-2231.896,2025-05-25 03:30:00
2025-05-25 03:35:00,-2239.896,2025-05-25 03:35:00
2025-05-25 03:40:00,-2291.886,2025-05-25 03:40:00
2025-05-25 03:45:00,-2147.916,2025-05-25 03:45:00
2025-05-25 03:50:00,-2259.916,2025-05-25 03:50:00
2025-05-25 03:55:00,-2235.896,2025-05-25 03:55:00
2025-05-25 04:00:00,-2007.916,2025-05-25 04:00:00
2025-05-25 04:05:00,-2091.896,2025-05-25 04:05:00
2025-05-25 04:10:00,-2247.876,2025-05-25 04:10:00
2025-05-25 04:15:00,-2239.866,2025-05-25 04:15:00
2025-05-25 04:20:00,-2063.916,2025-05-25 04:20:00
2025-05-25 04:25:00,-2215.886,2025-05-25 04:25:00
2025-05-25 04:30:00,-2055.906,2025-05-25 04:30:00
2025-05-25 04:35:00,-2203.916,2025-05-25 04:35:00
2025-05-25 04:40:00,-2223.856,2025-05-25 04:40:00
2025-05-25 04:45:00,-2291.896,2025-05-25 04:45:00
2025-05-25 04:50:00,-2115.906,2025-05-25 04:50:00
2025-05-25 04:55:00,-2227.896,2025-05-25 04:55:00
2025-05-25 05:00:00,-2207.876,2025-05-25 05:00:00
2025-05-25 05:05:00,-2235.886,2025-05-25 05:05:00
2025-05-25 05:10:00,-2063.896,2025-05-25 05:10:00
2025-05-25 05:15:00,-2131.906,2025-05-25 05:15:00
2025-05-25 05:20:00,-2147.886,2025-05-25 05:20:00
2025-05-25 05:25:00,-2119.876,2025-05-25 05:25:00
2025-05-25 05:30:00,-2127.846,2025-05-25 05:30:00
2025-05-25 05:35:00,-2287.896,2025-05-25 05:35:00
2025-05-25 05:40:00,-2119.876,2025-05-25 05:40:00
2025-05-25 05:45:00,-2303.896,2025-05-25 05:45:00
2025-05-25 05:50:00,-2267.856,2025-05-25 05:50:00
2025-05-25 05:55:00,-2243.896,2025-05-25 05:55:00
2025-05-25 06:00:00,-369.588,2025-05-25 06:00:00
2025-05-25 06:05:00,-369.596,2025-05-25 06:05:00
2025-05-25 06:10:00,-369.611,2025-05-25 06:10:00
2025-05-25 06:15:00,-369.629,2025-05-25 06:15:00
2025-05-25 06:20:00,-369.609,2025-05-25 06:20:00
2025-05-25 06:25:00,-369.635,2025-05-25 06:25:00
2025-05-25 06:30:00,-369.624,2025-05-25 06:30:00
2025-05-25 06:35:00,-369.618,2025-05-25 06:35:00
2025-05-25 06:40:00,-369.616,2025-05-25 06:40:00
2025-05-25 06:45:00,-369.612,2025-05-25 06:45:00
2025-05-25 06:50:00,-369.637,2025-05-25 06:50:00
2025-05-25 06:55:00,-369.622,2025-05-25 06:55:00
2025-05-25 07:00:00,-369.622,2025-05-25 07:00:00
2025-05-25 07:05:00,-369.615,2025-05-25 07:05:00
2025-05-25 07:10:00,-369.61,2025-05-25 07:10:00
2025-05-25 07:15:00,-369.623,2025-05-25 07:15:00
2025-05-25 07:20:00,-369.609,2025-05-25 07:20:00
2025-05-25 07:25:00,-369.597,2025-05-25 07:25:00
2025-05-25 07:30:00,-369.597,2025-05-25 07:30:00
2025-05-25 07:35:00,-369.587,2025-05-25 07:35:00
2025-05-25 07:40:00,-369.544,2025-05-25 07:40:00
2025-05-25 07:45:00,-369.573,2025-05-25 07:45:00
2025-05-25 07:50:00,-369.52,2025-05-25 07:50:00
2025-05-25 07:55:00,-369.347,2025-05-25 07:55:00
2025-05-25 08:00:00,9000.0,2025-05-25 08:00:00
2025-05-25 08:05:00,9000.0,2025-05-25 08:05:00
2025-05-25 08:10:00,9000.0,2025-05-25 08:10:00
2025-05-25 08:15:00,9000.0,2025-05-25 08:15:00
2025-05-25 08:20:00,9000.0,2025-05-25 08:20:00
2025-05-25 08:25:00,9000.0,2025-05-25 08:25:00
2025-05-25 08:30:00,9000.0,2025-05-25 08:30:00
2025-05-25 08:35:00,9000.0,2025-05-25 08:35:00
2025-05-25 08:40:00,9000.0,2025-05-25 08:40:00
2025-05-25 08:45:00,9000.0,2025-05-25 08:45:00
2025-05-25 08:50:00,9000.0,2025-05-25 08:50:00
2025-05-25 08:55:00,9000.0,2025-05-25 08:55:00
2025-05-25 09:00:00,9000.0,2025-05-25 09:00:00
2025-05-25 09:05:00,9000.0,2025-05-25 09:05:00
2025-05-25 09:10:00,9000.0,2025-05-25 09:10:00
2025-05-25 09:15:00,9000.0,2025-05-25 09:15:00
2025-05-25 09:20:00,9000.0,2025-05-25 09:20:00
2025-05-25 09:25:00,9000.0,2025-05-25 09:25:00
2025-05-25 09:30:00,9000.0,2025-05-25 09:30:00
2025-05-25 09:35:00,9000.0,2025-05-25 09:35:00
2025-05-25 09:40:00,9000.0,2025-05-25 09:40:00
2025-05-25 09:45:00,5939.999,2025-05-25 09:45:00
2025-05-25 09:50:00,0.0,2025-05-25 09:50:00
2025-05-25 09:55:00,0.0,2025-05-25 09:55:00
2025-05-25 10:00:00,0.0,2025-05-25 10:00:00
2025-05-25 10:05:00,0.0,2025-05-25 10:05:00
2025-05-25 10:10:00,0.0,2025-05-25 10:10:00
2025-05-25 10:15:00,0.0,2025-05-25 10:15:00
2025-05-25 10:20:00,0.0,2025-05-25 10:20:00
2025-05-25 10:25:00,0.0,2025-05-25 10:25:00
2025-05-25 10:30:00,0.0,2025-05-25 10:30:00
2025-05-25 10:35:00,0.0,2025-05-25 10:35:00
2025-05-25 10:40:00,0.0,2025-05-25 10:40:00
2025-05-25 10:45:00,0.0,2025-05-25 10:45:00
2025-05-25 10:50:00,0.0,2025-05-25 10:50:00
2025-05-25 10:55:00,0.0,2025-05-25 10:55:00
2025-05-25 11:00:00,-2463.876,2025-05-25 11:00:00
2025-05-25 11:05:00,-2199.886,2025-05-25 11:05:00
2025-05-25 11:10:00,-2223.896,2025-05-25 11:10:00
2025-05-25 11:15:00,-2223.896,2025-05-25 11:15:00
2025-05-25 11:20:00,-2511.886,2025-05-25 11:20:00
2025-05-25 11:25:00,-2291.916,2025-05-25 11:25:00
2025-05-25 11:30:00,-2291.916,2025-05-25 11:30:00
2025-05-25 11:35:00,-2771.926,2025-05-25 11:35:00
2025-05-25 11:40:00,-2271.926,2025-05-25 11:40:00
2025-05-25 11:45:00,-2346.256,2025-05-25 11:45:00
2025-05-25 11:50:00,-2346.256,2025-05-25 11:50:00
2025-05-25 11:55:00,-2167.916,2025-05-25 11:55:00
2025-05-25 12:00:00,-2115.926,2025-05-25 12:00:00
2025-05-25 12:05:00,-2115.926,2025-05-25 12:05:00
2025-05-25 12:10:00,-2867.866,2025-05-25 12:10:00
2025-05-25 12:15:00,-2179.876,2025-05-25 12:15:00
2025-05-25 12:20:00,-2179.876,2025-05-25 12:20:00
2025-05-25 12:25:00,-3051.916,2025-05-25 12:25:00
2025-05-25 12:30:00,-2307.906,2025-05-25 12:30:00
2025-05-25 12:35:00,-3754.256,2025-05-25 12:35:00
2025-05-25 12:40:00,-2135.896,2025-05-25 12:40:00
2025-05-25 12:45:00,-2135.896,2025-05-25 12:45:00
2025-05-25 12:50:00,-2159.906,2025-05-25 12:50:00
2025-05-25 12:55:00,-2315.926,2025-05-25 12:55:00
2025-05-25 13:00:00,-2315.926,2025-05-25 13:00:00
2025-05-25 13:05:00,-2679.876,2025-05-25 13:05:00
2025-05-25 13:10:00,-2399.856,2025-05-25 13:10:00
2025-05-25 13:15:00,-2227.886,2025-05-25 13:15:00
2025-05-25 13:20:00,-2227.886,2025-05-25 13:20:00
2025-05-25 13:25:00,-2235.916,2025-05-25 13:25:00
2025-05-25 13:30:00,-2211.836,2025-05-25 13:30:00
2025-05-25 13:35:00,-2127.866,2025-05-25 13:35:00
2025-05-25 13:40:00,-2127.866,2025-05-25 13:40:00
2025-05-25 13:45:00,-2675.836,2025-05-25 13:45:00
2025-05-25 13:50:00,-2355.886,2025-05-25 13:50:00
2025-05-25 13:55:00,-2542.256,2025-05-25 13:55:00
2025-05-25 14:00:00,-2155.866,2025-05-25 14:00:00
2025-05-25 14:05:00,-2155.866,2025-05-25 14:05:00
2025-05-25 14:10:00,-2147.866,2025-05-25 14:10:00
2025-05-25 14:15:00,-2323.896,2025-05-25 14:15:00
2025-05-25 14:20:00,-2323.896,2025-05-25 14:20:00
2025-05-25 14:25:00,-2267.866,2025-05-25 14:25:00
2025-05-25 14:30:00,-2275.906,2025-05-25 14:30:00
2025-05-25 14:35:00,-2275.906,2025-05-25 14:35:00
2025-05-25 14:40:00,-2119.876,2025-05-25 14:40:00
2025-05-25 14:45:00,-2151.866,2025-05-25 14:45:00
2025-05-25 14:50:00,-2151.866,2025-05-25 14:50:00
2025-05-25 14:55:00,-2259.886,2025-05-25 14:55:00
2025-05-25 15:00:00,-2415.906,2025-05-25 15:00:00
2025-05-25 15:05:00,-2415.906,2025-05-25 15:05:00
2025-05-25 15:10:00,-2243.906,2025-05-25 15:10:00
2025-05-25 15:15:00,-2243.906,2025-05-25 15:15:00
2025-05-25 15:20:00,-2383.896,2025-05-25 15:20:00
2025-05-25 15:25:00,-2383.896,2025-05-25 15:25:00
2025-05-25 15:30:00,-2351.866,2025-05-25 15:30:00
2025-05-25 15:35:00,-2227.886,2025-05-25 15:35:00
2025-05-25 15:40:00,-2227.886,2025-05-25 15:40:00
2025-05-25 15:45:00,-2323.876,2025-05-25 15:45:00
2025-05-25 15:50:00,-2143.866,2025-05-25 15:50:00
2025-05-25 15:55:00,-2191.886,2025-05-25 15:55:00
2025-05-25 16:00:00,-2127.906,2025-05-25 16:00:00
2025-05-25 16:05:00,-2127.906,2025-05-25 16:05:00
2025-05-25 16:10:00,-2251.906,2025-05-25 16:10:00
2025-05-25 16:15:00,-2127.886,2025-05-25 16:15:00
2025-05-25 16:20:00,-2127.886,2025-05-25 16:20:00
2025-05-25 16:25:00,-2299.866,2025-05-25 16:25:00
2025-05-25 16:30:00,-2227.916,2025-05-25 16:30:00
2025-05-25 16:35:00,-2227.916,2025-05-25 16:35:00
2025-05-25 16:40:00,-3183.866,2025-05-25 16:40:00
2025-05-25 16:45:00,-2223.886,2025-05-25 16:45:00
2025-05-25 16:50:00,-2223.886,2025-05-25 16:50:00
2025-05-25 16:55:00,-2459.856,2025-05-25 16:55:00
2025-05-25 17:00:00,-2303.876,2025-05-25 17:00:00
2025-05-25 17:05:00,-5502.256,2025-05-25 17:05:00
2025-05-25 17:10:00,-5502.256,2025-05-25 17:10:00
2025-05-25 17:15:00,-2179.876,2025-05-25 17:15:00
2025-05-25 17:20:00,-2294.256,2025-05-25 17:20:00
2025-05-25 17:25:00,-2294.256,2025-05-25 17:25:00
2025-05-25 17:30:00,-2411.816,2025-05-25 17:30:00
2025-05-25 17:35:00,-2207.886,2025-05-25 17:35:00
2025-05-25 17:40:00,-2219.896,2025-05-25 17:40:00
2025-05-25 17:45:00,-5682.256,2025-05-25 17:45:00
2025-05-25 17:50:00,-5682.256,2025-05-25 17:50:00
2025-05-25 17:55:00,-2471.866,2025-05-25 17:55:00
2025-05-25 18:00:00,9000.0,2025-05-25 18:00:00
2025-05-25 18:05:00,9000.0,2025-05-25 18:05:00
2025-05-25 18:10:00,9000.0,2025-05-25 18:10:00
2025-05-25 18:15:00,9000.0,2025-05-25 18:15:00
2025-05-25 18:20:00,8408.0,2025-05-25 18:20:00
2025-05-25 18:25:00,8408.0,2025-05-25 18:25:00
2025-05-25 18:30:00,9000.0,2025-05-25 18:30:00
2025-05-25 18:35:00,9000.0,2025-05-25 18:35:00
2025-05-25 18:40:00,9000.0,2025-05-25 18:40:00
2025-05-25 18:45:00,9000.0,2025-05-25 18:45:00
2025-05-25 18:50:00,9000.0,2025-05-25 18:50:00
2025-05-25 18:55:00,9000.0,2025-05-25 18:55:00
2025-05-25 19:00:00,9000.0,2025-05-25 19:00:00
2025-05-25 19:05:00,9000.0,2025-05-25 19:05:00
2025-05-25 19:10:00,7166.35,2025-05-25 19:10:00
2025-05-25 19:15:00,9000.0,2025-05-25 19:15:00
2025-05-25 19:20:00,9000.0,2025-05-25 19:20:00
2025-05-25 19:25:00,9000.0,2025-05-25 19:25:00
2025-05-25 19:30:00,9000.0,2025-05-25 19:30:00
2025-05-25 19:35:00,9000.0,2025-05-25 19:35:00
2025-05-25 19:40:00,4888.559,2025-05-25 19:40:00
2025-05-25 19:45:00,0.0,2025-05-25 19:45:00
2025-05-25 19:50:00,0.0,2025-05-25 19:50:00
2025-05-25 19:55:00,0.0,2025-05-25 19:55:00
2025-05-25 20:00:00,0.0,2025-05-25 20:00:00
2025-05-25 20:05:00,0.0,2025-05-25 20:05:00
2025-05-25 20:10:00,0.0,2025-05-25 20:10:00
2025-05-25 20:15:00,0.0,2025-05-25 20:15:00
2025-05-25 20:20:00,0.0,2025-05-25 20:20:00
2025-05-25 20:25:00,0.0,2025-05-25 20:25:00
2025-05-25 20:30:00,0.0,2025-05-25 20:30:00
2025-05-25 20:35:00,0.0,2025-05-25 20:35:00
2025-05-25 20:40:00,0.0,2025-05-25 20:40:00
2025-05-25 20:45:00,0.0,2025-05-25 20:45:00
2025-05-25 20:50:00,0.0,2025-05-25 20:50:00
2025-05-25 20:55:00,0.0,2025-05-25 20:55:00
2025-05-25 21:00:00,0.0,2025-05-25 21:00:00
2025-05-25 21:05:00,0.0,2025-05-25 21:05:00
2025-05-25 21:10:00,0.0,2025-05-25 21:10:00
2025-05-25 21:15:00,0.0,2025-05-25 21:15:00
2025-05-25 21:20:00,0.0,2025-05-25 21:20:00
2025-05-25 21:25:00,0.0,2025-05-25 21:25:00
2025-05-25 21:30:00,0.0,2025-05-25 21:30:00
2025-05-25 21:35:00,0.0,2025-05-25 21:35:00
2025-05-25 21:40:00,0.0,2025-05-25 21:40:00
2025-05-25 21:45:00,0.0,2025-05-25 21:45:00
2025-05-25 21:50:00,0.0,2025-05-25 21:50:00
2025-05-25 21:55:00,0.0,2025-05-25 21:55:00
2025-05-25 22:00:00,-2359.836,2025-05-25 22:00:00
2025-05-25 22:05:00,-2219.896,2025-05-25 22:05:00
2025-05-25 22:10:00,-2483.866,2025-05-25 22:10:00
2025-05-25 22:15:00,-2187.866,2025-05-25 22:15:00
2025-05-25 22:20:00,-2215.856,2025-05-25 22:20:00
2025-05-25 22:25:00,-2359.876,2025-05-25 22:25:00
2025-05-25 22:30:00,-2383.906,2025-05-25 22:30:00
2025-05-25 22:35:00,-2451.866,2025-05-25 22:35:00
2025-05-25 22:40:00,-2251.866,2025-05-25 22:40:00
2025-05-25 22:45:00,-2303.896,2025-05-25 22:45:00
2025-05-25 22:50:00,-2235.866,2025-05-25 22:50:00
2025-05-25 22:55:00,-2143.906,2025-05-25 22:55:00
2025-05-25 23:00:00,-2263.906,2025-05-25 23:00:00
2025-05-25 23:05:00,-2267.906,2025-05-25 23:05:00
2025-05-25 23:10:00,-2259.876,2025-05-25 23:10:00
2025-05-25 23:15:00,-2315.896,2025-05-25 23:15:00
2025-05-25 23:20:00,-2391.896,2025-05-25 23:20:00
2025-05-25 23:25:00,-2079.906,2025-05-25 23:25:00
2025-05-25 23:30:00,-2155.896,2025-05-25 23:30:00
2025-05-25 23:35:00,-2235.886,2025-05-25 23:35:00
2025-05-25 23:40:00,-2359.876,2025-05-25 23:40:00
2025-05-25 23:45:00,-2259.856,2025-05-25 23:45:00
2025-05-25 23:50:00,-2307.836,2025-05-25 23:50:00
2025-05-25 23:55:00,-2179.896,2025-05-25 23:55:00
2025-05-26 00:00:00,-2295.886,2025-05-26 00:00:00
2025-05-26 00:05:00,-2191.896,2025-05-26 00:05:00
2025-05-26 00:10:00,-2167.896,2025-05-26 00:10:00
2025-05-26 00:15:00,-2123.876,2025-05-26 00:15:00
2025-05-26 00:20:00,-2123.886,2025-05-26 00:20:00
2025-05-26 00:25:00,-2191.886,2025-05-26 00:25:00
2025-05-26 00:30:00,-2087.886,2025-05-26 00:30:00
2025-05-26 00:35:00,-2119.916,2025-05-26 00:35:00
2025-05-26 00:40:00,-2227.896,2025-05-26 00:40:00
2025-05-26 00:45:00,-2215.876,2025-05-26 00:45:00
2025-05-26 00:50:00,-2163.916,2025-05-26 00:50:00
2025-05-26 00:55:00,-2203.866,2025-05-26 00:55:00
2025-05-26 01:00:00,-2167.906,2025-05-26 01:00:00
2025-05-26 01:05:00,-2163.906,2025-05-26 01:05:00
2025-05-26 01:10:00,-2199.866,2025-05-26 01:10:00
2025-05-26 01:15:00,-2115.866,2025-05-26 01:15:00
2025-05-26 01:20:00,-2095.896,2025-05-26 01:20:00
2025-05-26 01:25:00,-2119.866,2025-05-26 01:25:00
2025-05-26 01:30:00,-2059.906,2025-05-26 01:30:00
2025-05-26 01:35:00,-2127.896,2025-05-26 01:35:00
2025-05-26 01:40:00,-2191.896,2025-05-26 01:40:00
2025-05-26 01:45:00,-2251.856,2025-05-26 01:45:00
2025-05-26 01:50:00,-2015.876,2025-05-26 01:50:00
2025-05-26 01:55:00,-2071.896,2025-05-26 01:55:00
2025-05-26 02:00:00,-2195.896,2025-05-26 02:00:00
2025-05-26 02:05:00,-2171.886,2025-05-26 02:05:00
2025-05-26 02:10:00,-2071.886,2025-05-26 02:10:00
2025-05-26 02:15:00,-2119.906,2025-05-26 02:15:00
2025-05-26 02:20:00,-2167.866,2025-05-26 02:20:00
2025-05-26 02:25:00,-2187.866,2025-05-26 02:25:00
2025-05-26 02:30:00,-2191.896,2025-05-26 02:30:00
2025-05-26 02:35:00,-2211.876,2025-05-26 02:35:00
2025-05-26 02:40:00,-2183.886,2025-05-26 02:40:00
2025-05-26 02:45:00,-2191.876,2025-05-26 02:45:00
2025-05-26 02:50:00,-2091.906,2025-05-26 02:50:00
2025-05-26 02:55:00,-2131.906,2025-05-26 02:55:00
2025-05-26 03:00:00,-2159.886,2025-05-26 03:00:00
2025-05-26 03:05:00,-2099.876,2025-05-26 03:05:00
2025-05-26 03:10:00,-2131.906,2025-05-26 03:10:00
2025-05-26 03:15:00,-2183.886,2025-05-26 03:15:00
2025-05-26 03:20:00,-2215.916,2025-05-26 03:20:00
2025-05-26 03:25:00,-2191.886,2025-05-26 03:25:00
2025-05-26 03:30:00,-2187.876,2025-05-26 03:30:00
2025-05-26 03:35:00,-2035.896,2025-05-26 03:35:00
2025-05-26 03:40:00,-2159.886,2025-05-26 03:40:00
2025-05-26 03:45:00,-2151.886,2025-05-26 03:45:00
2025-05-26 03:50:00,-2211.906,2025-05-26 03:50:00
2025-05-26 03:55:00,-2179.906,2025-05-26 03:55:00
2025-05-26 04:00:00,-2175.906,2025-05-26 04:00:00
2025-05-26 04:05:00,-2295.876,2025-05-26 04:05:00
2025-05-26 04:10:00,-2147.876,2025-05-26 04:10:00
2025-05-26 04:15:00,-2159.886,2025-05-26 04:15:00
2025-05-26 04:20:00,-2191.866,2025-05-26 04:20:00
2025-05-26 04:25:00,-2147.876,2025-05-26 04:25:00
2025-05-26 04:30:00,-2455.866,2025-05-26 04:30:00
2025-05-26 04:35:00,-2227.906,2025-05-26 04:35:00
2025-05-26 04:40:00,-2423.866,2025-05-26 04:40:00
2025-05-26 04:45:00,-2419.916,2025-05-26 04:45:00
2025-05-26 04:50:00,-2543.906,2025-05-26 04:50:00
2025-05-26 04:55:00,-2411.896,2025-05-26 04:55:00
2025-05-26 05:00:00,-2471.896,2025-05-26 05:00:00
2025-05-26 05:05:00,-2491.906,2025-05-26 05:05:00
2025-05-26 05:10:00,-2387.916,2025-05-26 05:10:00
2025-05-26 05:15:00,-2191.906,2025-05-26 05:15:00
2025-05-26 05:20:00,-2083.876,2025-05-26 05:20:00
2025-05-26 05:25:00,-2183.866,2025-05-26 05:25:00
2025-05-26 05:30:00,-2131.906,2025-05-26 05:30:00
2025-05-26 05:35:00,-2295.896,2025-05-26 05:35:00
2025-05-26 05:40:00,-2251.906,2025-05-26 05:40:00
2025-05-26 05:45:00,-2423.926,2025-05-26 05:45:00
2025-05-26 05:50:00,-2283.886,2025-05-26 05:50:00
2025-05-26 05:55:00,-2171.916,2025-05-26 05:55:00
2025-05-26 06:00:00,-411.481,2025-05-26 06:00:00
2025-05-26 06:05:00,-411.455,2025-05-26 06:05:00
2025-05-26 06:10:00,-411.421,2025-05-26 06:10:00
2025-05-26 06:15:00,-411.386,2025-05-26 06:15:00
2025-05-26 06:20:00,-411.354,2025-05-26 06:20:00
2025-05-26 06:25:00,-411.322,2025-05-26 06:25:00
2025-05-26 06:30:00,-411.291,2025-05-26 06:30:00
2025-05-26 06:35:00,-411.26,2025-05-26 06:35:00
2025-05-26 06:40:00,-411.228,2025-05-26 06:40:00
2025-05-26 06:45:00,-411.195,2025-05-26 06:45:00
2025-05-26 06:50:00,-411.163,2025-05-26 06:50:00
2025-05-26 06:55:00,-411.132,2025-05-26 06:55:00
2025-05-26 07:00:00,-411.1,2025-05-26 07:00:00
2025-05-26 07:05:00,-411.066,2025-05-26 07:05:00
2025-05-26 07:10:00,-411.035,2025-05-26 07:10:00
2025-05-26 07:15:00,-411.002,2025-05-26 07:15:00
2025-05-26 07:20:00,-410.969,2025-05-26 07:20:00
2025-05-26 07:25:00,-410.935,2025-05-26 07:25:00
2025-05-26 07:30:00,-410.891,2025-05-26 07:30:00
2025-05-26 07:35:00,-410.861,2025-05-26 07:35:00
2025-05-26 07:40:00,-410.817,2025-05-26 07:40:00
2025-05-26 07:45:00,-410.755,2025-05-26 07:45:00
2025-05-26 07:50:00,-410.626,2025-05-26 07:50:00
2025-05-26 07:55:00,-410.486,2025-05-26 07:55:00
2025-05-26 08:00:00,9000.0,2025-05-26 08:00:00
2025-05-26 08:05:00,9000.0,2025-05-26 08:05:00
2025-05-26 08:10:00,9000.0,2025-05-26 08:10:00
2025-05-26 08:15:00,9000.0,2025-05-26 08:15:00
2025-05-26 08:20:00,9000.0,2025-05-26 08:20:00
2025-05-26 08:25:00,9000.0,2025-05-26 08:25:00
2025-05-26 08:30:00,9000.0,2025-05-26 08:30:00
2025-05-26 08:35:00,9000.0,2025-05-26 08:35:00
2025-05-26 08:40:00,9000.0,2025-05-26 08:40:00
2025-05-26 08:45:00,9000.0,2025-05-26 08:45:00
2025-05-26 08:50:00,9000.0,2025-05-26 08:50:00
2025-05-26 08:55:00,9000.0,2025-05-26 08:55:00
2025-05-26 09:00:00,9000.0,2025-05-26 09:00:00
2025-05-26 09:05:00,9000.0,2025-05-26 09:05:00
2025-05-26 09:10:00,9000.0,2025-05-26 09:10:00
2025-05-26 09:15:00,9000.0,2025-05-26 09:15:00
2025-05-26 09:20:00,9000.0,2025-05-26 09:20:00
2025-05-26 09:25:00,9000.0,2025-05-26 09:25:00
2025-05-26 09:30:00,9000.0,2025-05-26 09:30:00
2025-05-26 09:35:00,9000.0,2025-05-26 09:35:00
2025-05-26 09:40:00,8999.999,2025-05-26 09:40:00
2025-05-26 09:45:00,5939.998,2025-05-26 09:45:00
2025-05-26 09:50:00,0.0,2025-05-26 09:50:00
2025-05-26 09:55:00,0.0,2025-05-26 09:55:00
2025-05-26 10:00:00,0.0,2025-05-26 10:00:00
2025-05-26 10:05:00,0.0,2025-05-26 10:05:00
2025-05-26 10:10:00,0.0,2025-05-26 10:10:00
2025-05-26 10:15:00,0.0,2025-05-26 10:15:00
2025-05-26 10:20:00,0.0,2025-05-26 10:20:00
2025-05-26 10:25:00,0.0,2025-05-26 10:25:00
2025-05-26 10:30:00,0.0,2025-05-26 10:30:00
2025-05-26 10:35:00,0.0,2025-05-26 10:35:00
2025-05-26 10:40:00,0.0,2025-05-26 10:40:00
2025-05-26 10:45:00,0.0,2025-05-26 10:45:00
2025-05-26 10:50:00,0.0,2025-05-26 10:50:00
2025-05-26 10:55:00,0.0,2025-05-26 10:55:00
2025-05-26 11:00:00,-2259.896,2025-05-26 11:00:00
2025-05-26 11:05:00,-2231.886,2025-05-26 11:05:00
2025-05-26 11:10:00,-2339.876,2025-05-26 11:10:00
2025-05-26 11:15:00,-2263.886,2025-05-26 11:15:00
2025-05-26 11:20:00,-2303.916,2025-05-26 11:20:00
2025-05-26 11:25:00,-2227.886,2025-05-26 11:25:00
2025-05-26 11:30:00,-2427.896,2025-05-26 11:30:00
2025-05-26 11:35:00,-2223.906,2025-05-26 11:35:00
2025-05-26 11:40:00,-2343.916,2025-05-26 11:40:00
2025-05-26 11:45:00,-2383.836,2025-05-26 11:45:00
2025-05-26 11:50:00,-2227.876,2025-05-26 11:50:00
2025-05-26 11:55:00,-2251.886,2025-05-26 11:55:00
2025-05-26 12:00:00,-2219.876,2025-05-26 12:00:00
2025-05-26 12:05:00,-2199.866,2025-05-26 12:05:00
2025-05-26 12:10:00,-2191.896,2025-05-26 12:10:00
2025-05-26 12:15:00,-2203.916,2025-05-26 12:15:00
2025-05-26 12:20:00,-2099.916,2025-05-26 12:20:00
2025-05-26 12:25:00,-2187.926,2025-05-26 12:25:00
2025-05-26 12:30:00,-2315.906,2025-05-26 12:30:00
2025-05-26 12:35:00,-2447.866,2025-05-26 12:35:00
2025-05-26 12:40:00,-2203.886,2025-05-26 12:40:00
2025-05-26 12:45:00,-2303.916,2025-05-26 12:45:00
2025-05-26 12:50:00,-2247.846,2025-05-26 12:50:00
2025-05-26 12:55:00,-2127.886,2025-05-26 12:55:00
2025-05-26 13:00:00,-2095.916,2025-05-26 13:00:00
2025-05-26 13:05:00,-2239.856,2025-05-26 13:05:00
2025-05-26 13:10:00,-2131.886,2025-05-26 13:10:00
2025-05-26 13:15:00,-2207.886,2025-05-26 13:15:00
2025-05-26 13:20:00,-2039.896,2025-05-26 13:20:00
2025-05-26 13:25:00,-2183.886,2025-05-26 13:25:00
2025-05-26 13:30:00,-2091.886,2025-05-26 13:30:00
2025-05-26 13:35:00,-2343.896,2025-05-26 13:35:00
2025-05-26 13:40:00,-2159.896,2025-05-26 13:40:00
2025-05-26 13:45:00,-2071.916,2025-05-26 13:45:00
2025-05-26 13:50:00,-2147.896,2025-05-26 13:50:00
2025-05-26 13:55:00,-1979.896,2025-05-26 13:55:00
2025-05-26 14:00:00,-2151.816,2025-05-26 14:00:00
2025-05-26 14:05:00,-2131.896,2025-05-26 14:05:00
2025-05-26 14:10:00,-2143.866,2025-05-26 14:10:00
2025-05-26 14:15:00,-2179.906,2025-05-26 14:15:00
2025-05-26 14:20:00,-2079.916,2025-05-26 14:20:00
2025-05-26 14:25:00,-2079.866,2025-05-26 14:25:00
2025-05-26 14:30:00,-1999.906,2025-05-26 14:30:00
2025-05-26 14:35:00,-2151.916,2025-05-26 14:35:00
2025-05-26 14:40:00,-2219.896,2025-05-26 14:40:00
2025-05-26 14:45:00,-2139.916,2025-05-26 14:45:00
2025-05-26 14:50:00,-2227.876,2025-05-26 14:50:00
2025-05-26 14:55:00,-2287.906,2025-05-26 14:55:00
2025-05-26 15:00:00,-2219.896,2025-05-26 15:00:00
2025-05-26 15:05:00,-2295.896,2025-05-26 15:05:00
2025-05-26 15:10:00,-2067.886,2025-05-26 15:10:00
2025-05-26 15:15:00,-2211.886,2025-05-26 15:15:00
2025-05-26 15:20:00,-2147.876,2025-05-26 15:20:00
2025-05-26 15:25:00,-2083.886,2025-05-26 15:25:00
2025-05-26 15:30:00,-2243.886,2025-05-26 15:30:00
2025-05-26 15:35:00,-2103.866,2025-05-26 15:35:00
2025-05-26 15:40:00,-2003.916,2025-05-26 15:40:00
2025-05-26 15:45:00,-1999.886,2025-05-26 15:45:00
2025-05-26 15:50:00,-2159.846,2025-05-26 15:50:00
2025-05-26 15:55:00,-2135.896,2025-05-26 15:55:00
2025-05-26 16:00:00,-2163.896,2025-05-26 16:00:00
2025-05-26 16:05:00,-2227.896,2025-05-26 16:05:00
2025-05-26 16:10:00,-2195.886,2025-05-26 16:10:00
2025-05-26 16:15:00,-2087.906,2025-05-26 16:15:00
2025-05-26 16:20:00,-2151.866,2025-05-26 16:20:00
2025-05-26 16:25:00,-2139.916,2025-05-26 16:25:00
2025-05-26 16:30:00,-2219.926,2025-05-26 16:30:00
2025-05-26 16:35:00,-2139.886,2025-05-26 16:35:00
2025-05-26 16:40:00,-1931.876,2025-05-26 16:40:00
2025-05-26 16:45:00,-2079.846,2025-05-26 16:45:00
2025-05-26 16:50:00,-2031.906,2025-05-26 16:50:00
2025-05-26 16:55:00,-2103.886,2025-05-26 16:55:00
2025-05-26 17:00:00,-2027.886,2025-05-26 17:00:00
2025-05-26 17:05:00,-2023.896,2025-05-26 17:05:00
2025-05-26 17:10:00,-2075.886,2025-05-26 17:10:00
2025-05-26 17:15:00,-1995.886,2025-05-26 17:15:00
2025-05-26 17:20:00,-2083.856,2025-05-26 17:20:00
2025-05-26 17:25:00,-2051.876,2025-05-26 17:25:00
2025-05-26 17:30:00,-2015.896,2025-05-26 17:30:00
2025-05-26 17:35:00,-2283.916,2025-05-26 17:35:00
2025-05-26 17:40:00,-2315.876,2025-05-26 17:40:00
2025-05-26 17:45:00,-2251.916,2025-05-26 17:45:00
2025-05-26 17:50:00,-2299.866,2025-05-26 17:50:00
2025-05-26 17:55:00,-2331.866,2025-05-26 17:55:00
2025-05-26 18:00:00,9000.0,2025-05-26 18:00:00
2025-05-26 18:05:00,9000.0,2025-05-26 18:05:00
2025-05-26 18:10:00,9000.0,2025-05-26 18:10:00
2025-05-26 18:15:00,9000.0,2025-05-26 18:15:00
2025-05-26 18:20:00,9000.0,2025-05-26 18:20:00
2025-05-26 18:25:00,9000.0,2025-05-26 18:25:00
2025-05-26 18:30:00,9000.0,2025-05-26 18:30:00
2025-05-26 18:35:00,9000.0,2025-05-26 18:35:00
2025-05-26 18:40:00,9000.0,2025-05-26 18:40:00
2025-05-26 18:45:00,9000.0,2025-05-26 18:45:00
2025-05-26 18:50:00,9000.0,2025-05-26 18:50:00
2025-05-26 18:55:00,9000.0,2025-05-26 18:55:00
2025-05-26 19:00:00,9000.0,2025-05-26 19:00:00
2025-05-26 19:05:00,9000.0,2025-05-26 19:05:00
2025-05-26 19:10:00,9000.0,2025-05-26 19:10:00
2025-05-26 19:15:00,9000.0,2025-05-26 19:15:00
2025-05-26 19:20:00,8999.999,2025-05-26 19:20:00
2025-05-26 19:25:00,6622.711,2025-05-26 19:25:00
2025-05-26 19:30:00,0.0,2025-05-26 19:30:00
2025-05-26 19:35:00,0.0,2025-05-26 19:35:00
2025-05-26 19:40:00,0.0,2025-05-26 19:40:00
2025-05-26 19:45:00,0.0,2025-05-26 19:45:00
2025-05-26 19:50:00,0.0,2025-05-26 19:50:00
2025-05-26 19:55:00,0.0,2025-05-26 19:55:00
2025-05-26 20:00:00,0.0,2025-05-26 20:00:00
2025-05-26 20:05:00,0.0,2025-05-26 20:05:00
2025-05-26 20:10:00,0.0,2025-05-26 20:10:00
2025-05-26 20:15:00,0.0,2025-05-26 20:15:00
2025-05-26 20:20:00,0.0,2025-05-26 20:20:00
2025-05-26 20:25:00,0.0,2025-05-26 20:25:00
2025-05-26 20:30:00,0.0,2025-05-26 20:30:00
2025-05-26 20:35:00,0.0,2025-05-26 20:35:00
2025-05-26 20:40:00,0.0,2025-05-26 20:40:00
2025-05-26 20:45:00,0.0,2025-05-26 20:45:00
2025-05-26 20:50:00,0.0,2025-05-26 20:50:00
2025-05-26 20:55:00,0.0,2025-05-26 20:55:00
2025-05-26 21:00:00,0.0,2025-05-26 21:00:00
2025-05-26 21:05:00,0.0,2025-05-26 21:05:00
2025-05-26 21:10:00,0.0,2025-05-26 21:10:00
2025-05-26 21:15:00,0.0,2025-05-26 21:15:00
2025-05-26 21:20:00,0.0,2025-05-26 21:20:00
2025-05-26 21:25:00,0.0,2025-05-26 21:25:00
2025-05-26 21:30:00,0.0,2025-05-26 21:30:00
2025-05-26 21:35:00,0.0,2025-05-26 21:35:00
2025-05-26 21:40:00,0.0,2025-05-26 21:40:00
2025-05-26 21:45:00,0.0,2025-05-26 21:45:00
2025-05-26 21:50:00,0.0,2025-05-26 21:50:00
2025-05-26 21:55:00,0.0,2025-05-26 21:55:00
2025-05-26 22:00:00,-2299.866,2025-05-26 22:00:00
2025-05-26 22:05:00,-2243.876,2025-05-26 22:05:00
2025-05-26 22:10:00,-2271.866,2025-05-26 22:10:00
2025-05-26 22:15:00,-2419.866,2025-05-26 22:15:00
2025-05-26 22:20:00,-2183.886,2025-05-26 22:20:00
2025-05-26 22:25:00,-2303.866,2025-05-26 22:25:00
2025-05-26 22:30:00,-2159.896,2025-05-26 22:30:00
2025-05-26 22:35:00,-2047.876,2025-05-26 22:35:00
2025-05-26 22:40:00,-2067.876,2025-05-26 22:40:00
2025-05-26 22:45:00,-2067.896,2025-05-26 22:45:00
2025-05-26 22:50:00,-2087.866,2025-05-26 22:50:00
2025-05-26 22:55:00,-2167.866,2025-05-26 22:55:00
2025-05-26 23:00:00,-2059.886,2025-05-26 23:00:00
2025-05-26 23:05:00,-2075.896,2025-05-26 23:05:00
2025-05-26 23:10:00,-2003.916,2025-05-26 23:10:00
2025-05-26 23:15:00,-2083.906,2025-05-26 23:15:00
2025-05-26 23:20:00,-1991.916,2025-05-26 23:20:00
2025-05-26 23:25:00,-2027.856,2025-05-26 23:25:00
2025-05-26 23:30:00,-2087.886,2025-05-26 23:30:00
2025-05-26 23:35:00,-2027.886,2025-05-26 23:35:00
2025-05-26 23:40:00,-2035.876,2025-05-26 23:40:00
2025-05-26 23:45:00,-2015.866,2025-05-26 23:45:00
2025-05-26 23:50:00,-2367.916,2025-05-26 23:50:00
2025-05-26 23:55:00,-2275.886,2025-05-26 23:55:00
2025-05-27 00:00:00,-2159.856,2025-05-27 00:00:00
2025-05-27 00:05:00,-2163.886,2025-05-27 00:05:00
2025-05-27 00:10:00,-2075.846,2025-05-27 00:10:00
2025-05-27 00:15:00,-2011.906,2025-05-27 00:15:00
2025-05-27 00:20:00,-2143.876,2025-05-27 00:20:00
2025-05-27 00:25:00,-1971.906,2025-05-27 00:25:00
2025-05-27 00:30:00,-1931.856,2025-05-27 00:30:00
2025-05-27 00:35:00,-2131.866,2025-05-27 00:35:00
2025-05-27 00:40:00,-2011.896,2025-05-27 00:40:00
2025-05-27 00:45:00,-2047.876,2025-05-27 00:45:00
2025-05-27 00:50:00,-1979.886,2025-05-27 00:50:00
2025-05-27 00:55:00,-2055.886,2025-05-27 00:55:00
2025-05-27 01:00:00,-2023.896,2025-05-27 01:00:00
2025-05-27 01:05:00,-2143.876,2025-05-27 01:05:00
2025-05-27 01:10:00,-2147.846,2025-05-27 01:10:00
2025-05-27 01:15:00,-2119.896,2025-05-27 01:15:00
2025-05-27 01:20:00,-2131.886,2025-05-27 01:20:00
2025-05-27 01:25:00,-2159.906,2025-05-27 01:25:00
2025-05-27 01:30:00,-2075.906,2025-05-27 01:30:00
2025-05-27 01:35:00,-2291.896,2025-05-27 01:35:00
2025-05-27 01:40:00,-2183.916,2025-05-27 01:40:00
2025-05-27 01:45:00,-2283.856,2025-05-27 01:45:00
2025-05-27 01:50:00,-2327.886,2025-05-27 01:50:00
2025-05-27 01:55:00,-2219.856,2025-05-27 01:55:00
2025-05-27 02:00:00,-2239.856,2025-05-27 02:00:00
2025-05-27 02:05:00,-2143.866,2025-05-27 02:05:00
2025-05-27 02:10:00,-1943.876,2025-05-27 02:10:00
2025-05-27 02:15:00,-1923.896,2025-05-27 02:15:00
2025-05-27 02:20:00,-1891.906,2025-05-27 02:20:00
2025-05-27 02:25:00,-1847.876,2025-05-27 02:25:00
2025-05-27 02:30:00,-2003.896,2025-05-27 02:30:00
2025-05-27 02:35:00,-1927.876,2025-05-27 02:35:00
2025-05-27 02:40:00,-1879.886,2025-05-27 02:40:00
2025-05-27 02:45:00,-1919.876,2025-05-27 02:45:00
2025-05-27 02:50:00,-1895.826,2025-05-27 02:50:00
2025-05-27 02:55:00,-1947.856,2025-05-27 02:55:00
2025-05-27 03:00:00,-1851.896,2025-05-27 03:00:00
2025-05-27 03:05:00,-1971.856,2025-05-27 03:05:00
2025-05-27 03:10:00,-1887.896,2025-05-27 03:10:00
2025-05-27 03:15:00,-1775.866,2025-05-27 03:15:00
2025-05-27 03:20:00,-1799.886,2025-05-27 03:20:00
2025-05-27 03:25:00,-1911.876,2025-05-27 03:25:00
2025-05-27 03:30:00,-1911.886,2025-05-27 03:30:00
2025-05-27 03:35:00,-1835.866,2025-05-27 03:35:00
2025-05-27 03:40:00,-1771.896,2025-05-27 03:40:00
2025-05-27 03:45:00,-1879.886,2025-05-27 03:45:00
2025-05-27 03:50:00,-1863.896,2025-05-27 03:50:00
2025-05-27 03:55:00,-1819.856,2025-05-27 03:55:00
2025-05-27 04:00:00,-1859.876,2025-05-27 04:00:00
2025-05-27 04:05:00,-1823.866,2025-05-27 04:05:00
2025-05-27 04:10:00,-1835.886,2025-05-27 04:10:00
2025-05-27 04:15:00,-1875.886,2025-05-27 04:15:00
2025-05-27 04:20:00,-1823.846,2025-05-27 04:20:00
2025-05-27 04:25:00,-2051.896,2025-05-27 04:25:00
2025-05-27 04:30:00,-1931.866,2025-05-27 04:30:00
2025-05-27 04:35:00,-1911.866,2025-05-27 04:35:00
2025-05-27 04:40:00,-1775.836,2025-05-27 04:40:00
2025-05-27 04:45:00,-1919.906,2025-05-27 04:45:00
2025-05-27 04:50:00,-1963.866,2025-05-27 04:50:00
2025-05-27 04:55:00,-1851.876,2025-05-27 04:55:00
2025-05-27 05:00:00,-1911.856,2025-05-27 05:00:00
2025-05-27 05:05:00,-1879.886,2025-05-27 05:05:00
2025-05-27 05:10:00,-1963.876,2025-05-27 05:10:00
2025-05-27 05:15:00,-1883.866,2025-05-27 05:15:00
2025-05-27 05:20:00,-1863.856,2025-05-27 05:20:00
2025-05-27 05:25:00,-1791.866,2025-05-27 05:25:00
2025-05-27 05:30:00,-1947.906,2025-05-27 05:30:00
2025-05-27 05:35:00,-1959.866,2025-05-27 05:35:00
2025-05-27 05:40:00,-1923.856,2025-05-27 05:40:00
2025-05-27 05:45:00,-1995.856,2025-05-27 05:45:00
2025-05-27 05:50:00,-1835.846,2025-05-27 05:50:00
2025-05-27 05:55:00,-1863.866,2025-05-27 05:55:00
2025-05-27 06:00:00,-1232.136,2025-05-27 06:00:00
2025-05-27 06:05:00,-1232.135,2025-05-27 06:05:00
2025-05-27 06:10:00,-1232.142,2025-05-27 06:10:00
2025-05-27 06:15:00,-1232.137,2025-05-27 06:15:00
2025-05-27 06:20:00,-1232.141,2025-05-27 06:20:00
2025-05-27 06:25:00,-1232.139,2025-05-27 06:25:00
2025-05-27 06:30:00,-1232.14,2025-05-27 06:30:00
2025-05-27 06:35:00,-1232.138,2025-05-27 06:35:00
2025-05-27 06:40:00,-1232.136,2025-05-27 06:40:00
2025-05-27 06:45:00,-1232.137,2025-05-27 06:45:00
2025-05-27 06:50:00,-1232.138,2025-05-27 06:50:00
2025-05-27 06:55:00,-1232.138,2025-05-27 06:55:00
2025-05-27 07:00:00,-1232.136,2025-05-27 07:00:00
2025-05-27 07:05:00,-1232.142,2025-05-27 07:05:00
2025-05-27 07:10:00,-1232.133,2025-05-27 07:10:00
2025-05-27 07:15:00,-1232.139,2025-05-27 07:15:00
2025-05-27 07:20:00,-1232.127,2025-05-27 07:20:00
2025-05-27 07:25:00,-1232.132,2025-05-27 07:25:00
2025-05-27 07:30:00,-1232.128,2025-05-27 07:30:00
2025-05-27 07:35:00,-1232.131,2025-05-27 07:35:00
2025-05-27 07:40:00,-1232.129,2025-05-27 07:40:00
2025-05-27 07:45:00,-1232.126,2025-05-27 07:45:00
2025-05-27 07:50:00,-1232.12,2025-05-27 07:50:00
2025-05-27 07:55:00,-1232.102,2025-05-27 07:55:00
2025-05-27 08:00:00,9000.0,2025-05-27 08:00:00
2025-05-27 08:05:00,9000.0,2025-05-27 08:05:00
2025-05-27 08:10:00,9000.0,2025-05-27 08:10:00
2025-05-27 08:15:00,9000.0,2025-05-27 08:15:00
2025-05-27 08:20:00,9000.0,2025-05-27 08:20:00
2025-05-27 08:25:00,9000.0,2025-05-27 08:25:00
2025-05-27 08:30:00,9000.0,2025-05-27 08:30:00
2025-05-27 08:35:00,9000.0,2025-05-27 08:35:00
2025-05-27 08:40:00,9000.0,2025-05-27 08:40:00
2025-05-27 08:45:00,9000.0,2025-05-27 08:45:00
2025-05-27 08:50:00,9000.0,2025-05-27 08:50:00
2025-05-27 08:55:00,9000.0,2025-05-27 08:55:00
2025-05-27 09:00:00,9000.0,2025-05-27 09:00:00
2025-05-27 09:05:00,9000.0,2025-05-27 09:05:00
2025-05-27 09:10:00,9000.0,2025-05-27 09:10:00
2025-05-27 09:15:00,9000.0,2025-05-27 09:15:00
2025-05-27 09:20:00,9000.0,2025-05-27 09:20:00
2025-05-27 09:25:00,9000.0,2025-05-27 09:25:00
2025-05-27 09:30:00,9000.0,2025-05-27 09:30:00
2025-05-27 09:35:00,9000.0,2025-05-27 09:35:00
2025-05-27 09:40:00,9000.0,2025-05-27 09:40:00
2025-05-27 09:45:00,5940.0,2025-05-27 09:45:00
2025-05-27 09:50:00,0.0,2025-05-27 09:50:00
2025-05-27 09:55:00,0.0,2025-05-27 09:55:00
2025-05-27 10:00:00,0.0,2025-05-27 10:00:00
2025-05-27 10:05:00,0.0,2025-05-27 10:05:00
2025-05-27 10:10:00,0.0,2025-05-27 10:10:00
2025-05-27 10:15:00,0.0,2025-05-27 10:15:00
2025-05-27 10:20:00,0.0,2025-05-27 10:20:00
2025-05-27 10:25:00,0.0,2025-05-27 10:25:00
2025-05-27 10:30:00,0.0,2025-05-27 10:30:00
2025-05-27 10:35:00,0.0,2025-05-27 10:35:00
2025-05-27 10:40:00,0.0,2025-05-27 10:40:00
2025-05-27 10:45:00,0.0,2025-05-27 10:45:00
2025-05-27 10:50:00,0.0,2025-05-27 10:50:00
2025-05-27 10:55:00,0.0,2025-05-27 10:55:00
2025-05-27 11:00:00,-1843.886,2025-05-27 11:00:00
2025-05-27 11:05:00,-1979.846,2025-05-27 11:05:00
2025-05-27 11:10:00,-2031.836,2025-05-27 11:10:00
2025-05-27 11:15:00,-2003.876,2025-05-27 11:15:00
2025-05-27 11:20:00,-2067.856,2025-05-27 11:20:00
2025-05-27 11:25:00,-2095.886,2025-05-27 11:25:00
2025-05-27 11:30:00,-2007.916,2025-05-27 11:30:00
2025-05-27 11:35:00,-1999.906,2025-05-27 11:35:00
2025-05-27 11:40:00,-1951.876,2025-05-27 11:40:00
2025-05-27 11:45:00,-1891.856,2025-05-27 11:45:00
2025-05-27 11:50:00,-1803.856,2025-05-27 11:50:00
2025-05-27 11:55:00,-1947.866,2025-05-27 11:55:00
2025-05-27 12:00:00,-1959.876,2025-05-27 12:00:00
2025-05-27 12:05:00,-2079.906,2025-05-27 12:05:00
2025-05-27 12:10:00,-2059.846,2025-05-27 12:10:00
2025-05-27 12:15:00,-2079.866,2025-05-27 12:15:00
2025-05-27 12:20:00,-2203.916,2025-05-27 12:20:00
2025-05-27 12:25:00,-1903.856,2025-05-27 12:25:00
2025-05-27 12:30:00,-1923.896,2025-05-27 12:30:00
2025-05-27 12:35:00,-1955.826,2025-05-27 12:35:00
2025-05-27 12:40:00,-2011.886,2025-05-27 12:40:00
2025-05-27 12:45:00,-1987.906,2025-05-27 12:45:00
2025-05-27 12:50:00,-2019.886,2025-05-27 12:50:00
2025-05-27 12:55:00,-2171.886,2025-05-27 12:55:00
2025-05-27 13:00:00,-2063.846,2025-05-27 13:00:00
2025-05-27 13:05:00,-1995.916,2025-05-27 13:05:00
2025-05-27 13:10:00,-1847.876,2025-05-27 13:10:00
2025-05-27 13:15:00,-2019.846,2025-05-27 13:15:00
2025-05-27 13:20:00,-1939.886,2025-05-27 13:20:00
2025-05-27 13:25:00,-1827.906,2025-05-27 13:25:00
2025-05-27 13:30:00,-1899.846,2025-05-27 13:30:00
2025-05-27 13:35:00,-1755.886,2025-05-27 13:35:00
2025-05-27 13:40:00,-1987.886,2025-05-27 13:40:00
2025-05-27 13:45:00,-1927.876,2025-05-27 13:45:00
2025-05-27 13:50:00,-1999.886,2025-05-27 13:50:00
2025-05-27 13:55:00,-2043.846,2025-05-27 13:55:00
2025-05-27 14:00:00,-2063.866,2025-05-27 14:00:00
2025-05-27 14:05:00,-1991.876,2025-05-27 14:05:00
2025-05-27 14:10:00,-2191.906,2025-05-27 14:10:00
2025-05-27 14:15:00,-1999.896,2025-05-27 14:15:00
2025-05-27 14:20:00,-2063.896,2025-05-27 14:20:00
2025-05-27 14:25:00,-2103.866,2025-05-27 14:25:00
2025-05-27 14:30:00,-2091.906,2025-05-27 14:30:00
2025-05-27 14:35:00,-2071.866,2025-05-27 14:35:00
2025-05-27 14:40:00,-2031.906,2025-05-27 14:40:00
2025-05-27 14:45:00,-2087.896,2025-05-27 14:45:00
2025-05-27 14:50:00,-1983.896,2025-05-27 14:50:00
2025-05-27 14:55:00,-2103.896,2025-05-27 14:55:00
2025-05-27 15:00:00,-1995.826,2025-05-27 15:00:00
2025-05-27 15:05:00,-1999.896,2025-05-27 15:05:00
2025-05-27 15:10:00,-2095.916,2025-05-27 15:10:00
2025-05-27 15:15:00,-2015.826,2025-05-27 15:15:00
2025-05-27 15:20:00,-1991.886,2025-05-27 15:20:00
2025-05-27 15:25:00,-2095.886,2025-05-27 15:25:00
2025-05-27 15:30:00,-1987.856,2025-05-27 15:30:00
2025-05-27 15:35:00,-1991.886,2025-05-27 15:35:00
2025-05-27 15:40:00,-2295.826,2025-05-27 15:40:00
2025-05-27 15:45:00,-2099.856,2025-05-27 15:45:00
2025-05-27 15:50:00,-2139.886,2025-05-27 15:50:00
2025-05-27 15:55:00,-1959.856,2025-05-27 15:55:00
2025-05-27 16:00:00,-2243.916,2025-05-27 16:00:00
2025-05-27 16:05:00,-1971.886,2025-05-27 16:05:00
2025-05-27 16:10:00,-1951.826,2025-05-27 16:10:00
2025-05-27 16:15:00,-2003.886,2025-05-27 16:15:00
2025-05-27 16:20:00,-1915.886,2025-05-27 16:20:00
2025-05-27 16:25:00,-2071.886,2025-05-27 16:25:00
2025-05-27 16:30:00,-1991.866,2025-05-27 16:30:00
2025-05-27 16:35:00,-2131.876,2025-05-27 16:35:00
2025-05-27 16:40:00,-1987.886,2025-05-27 16:40:00
2025-05-27 16:45:00,-1911.886,2025-05-27 16:45:00
2025-05-27 16:50:00,-2019.846,2025-05-27 16:50:00
2025-05-27 16:55:00,-2067.916,2025-05-27 16:55:00
2025-05-27 17:00:00,-1939.886,2025-05-27 17:00:00
2025-05-27 17:05:00,-1939.876,2025-05-27 17:05:00
2025-05-27 17:10:00,-2027.846,2025-05-27 17:10:00
2025-05-27 17:15:00,-1895.876,2025-05-27 17:15:00
2025-05-27 17:20:00,-2051.886,2025-05-27 17:20:00
2025-05-27 17:25:00,-1995.886,2025-05-27 17:25:00
2025-05-27 17:30:00,-1999.886,2025-05-27 17:30:00
2025-05-27 17:35:00,-1911.876,2025-05-27 17:35:00
2025-05-27 17:40:00,-1983.896,2025-05-27 17:40:00
2025-05-27 17:45:00,-2135.846,2025-05-27 17:45:00
2025-05-27 17:50:00,-1995.886,2025-05-27 17:50:00
2025-05-27 17:55:00,-2115.876,2025-05-27 17:55:00
2025-05-27 18:00:00,9000.0,2025-05-27 18:00:00
2025-05-27 18:05:00,9000.0,2025-05-27 18:05:00
2025-05-27 18:10:00,9000.0,2025-05-27 18:10:00
2025-05-27 18:15:00,9000.0,2025-05-27 18:15:00
2025-05-27 18:20:00,9000.0,2025-05-27 18:20:00
2025-05-27 18:25:00,9000.0,2025-05-27 18:25:00
2025-05-27 18:30:00,9000.0,2025-05-27 18:30:00
2025-05-27 18:35:00,9000.0,2025-05-27 18:35:00
2025-05-27 18:40:00,9000.0,2025-05-27 18:40:00
2025-05-27 18:45:00,9000.0,2025-05-27 18:45:00
2025-05-27 18:50:00,9000.0,2025-05-27 18:50:00
2025-05-27 18:55:00,9000.0,2025-05-27 18:55:00
2025-05-27 19:00:00,9000.0,2025-05-27 19:00:00
2025-05-27 19:05:00,9000.0,2025-05-27 19:05:00
2025-05-27 19:10:00,9000.0,2025-05-27 19:10:00
2025-05-27 19:15:00,9000.0,2025-05-27 19:15:00
2025-05-27 19:20:00,3721.439,2025-05-27 19:20:00
2025-05-27 19:25:00,0.0,2025-05-27 19:25:00
2025-05-27 19:30:00,0.0,2025-05-27 19:30:00
2025-05-27 19:35:00,0.0,2025-05-27 19:35:00
2025-05-27 19:40:00,0.0,2025-05-27 19:40:00
2025-05-27 19:45:00,0.0,2025-05-27 19:45:00
2025-05-27 19:50:00,0.0,2025-05-27 19:50:00
2025-05-27 19:55:00,0.0,2025-05-27 19:55:00
2025-05-27 20:00:00,0.0,2025-05-27 20:00:00
2025-05-27 20:05:00,0.0,2025-05-27 20:05:00
2025-05-27 20:10:00,0.0,2025-05-27 20:10:00
2025-05-27 20:15:00,0.0,2025-05-27 20:15:00
2025-05-27 20:20:00,0.0,2025-05-27 20:20:00
2025-05-27 20:25:00,0.0,2025-05-27 20:25:00
2025-05-27 20:30:00,0.0,2025-05-27 20:30:00
2025-05-27 20:35:00,0.0,2025-05-27 20:35:00
2025-05-27 20:40:00,0.0,2025-05-27 20:40:00
2025-05-27 20:45:00,0.0,2025-05-27 20:45:00
2025-05-27 20:50:00,0.0,2025-05-27 20:50:00
2025-05-27 20:55:00,0.0,2025-05-27 20:55:00
2025-05-27 21:00:00,0.0,2025-05-27 21:00:00
2025-05-27 21:05:00,0.0,2025-05-27 21:05:00
2025-05-27 21:10:00,0.0,2025-05-27 21:10:00
2025-05-27 21:15:00,0.0,2025-05-27 21:15:00
2025-05-27 21:20:00,0.0,2025-05-27 21:20:00
2025-05-27 21:25:00,0.0,2025-05-27 21:25:00
2025-05-27 21:30:00,0.0,2025-05-27 21:30:00
2025-05-27 21:35:00,0.0,2025-05-27 21:35:00
2025-05-27 21:40:00,0.0,2025-05-27 21:40:00
2025-05-27 21:45:00,0.0,2025-05-27 21:45:00
2025-05-27 21:50:00,0.0,2025-05-27 21:50:00
2025-05-27 21:55:00,0.0,2025-05-27 21:55:00
2025-05-27 22:00:00,-2011.866,2025-05-27 22:00:00
2025-05-27 22:05:00,-2135.886,2025-05-27 22:05:00
2025-05-27 22:10:00,-1947.906,2025-05-27 22:10:00
2025-05-27 22:15:00,-2023.906,2025-05-27 22:15:00
2025-05-27 22:20:00,-2079.846,2025-05-27 22:20:00
2025-05-27 22:25:00,-2091.896,2025-05-27 22:25:00
2025-05-27 22:30:00,-2059.856,2025-05-27 22:30:00
2025-05-27 22:35:00,-1983.856,2025-05-27 22:35:00
2025-05-27 22:40:00,-2135.866,2025-05-27 22:40:00
2025-05-27 22:45:00,-2087.886,2025-05-27 22:45:00
2025-05-27 22:50:00,-2059.896,2025-05-27 22:50:00
2025-05-27 22:55:00,-2143.876,2025-05-27 22:55:00
2025-05-27 23:00:00,-2287.886,2025-05-27 23:00:00
2025-05-27 23:05:00,-2407.886,2025-05-27 23:05:00
2025-05-27 23:10:00,-2091.826,2025-05-27 23:10:00
2025-05-27 23:15:00,-2287.906,2025-05-27 23:15:00
2025-05-27 23:20:00,-2275.886,2025-05-27 23:20:00
2025-05-27 23:25:00,-2119.886,2025-05-27 23:25:00
2025-05-27 23:30:00,-2083.876,2025-05-27 23:30:00
2025-05-27 23:35:00,-2199.866,2025-05-27 23:35:00
2025-05-27 23:40:00,-2183.896,2025-05-27 23:40:00
2025-05-27 23:45:00,-2091.896,2025-05-27 23:45:00
2025-05-27 23:50:00,-2051.886,2025-05-27 23:50:00
2025-05-27 23:55:00,-2315.886,2025-05-27 23:55:00
2025-05-28 00:00:00,-2275.906,2025-05-28 00:00:00
2025-05-28 00:05:00,-2319.856,2025-05-28 00:05:00
2025-05-28 00:10:00,-2179.866,2025-05-28 00:10:00
2025-05-28 00:15:00,-2223.926,2025-05-28 00:15:00
2025-05-28 00:20:00,-2183.886,2025-05-28 00:20:00
2025-05-28 00:25:00,-2247.916,2025-05-28 00:25:00
2025-05-28 00:30:00,-2215.866,2025-05-28 00:30:00
2025-05-28 00:35:00,-2183.876,2025-05-28 00:35:00
2025-05-28 00:40:00,-2231.856,2025-05-28 00:40:00
2025-05-28 00:45:00,-2243.906,2025-05-28 00:45:00
2025-05-28 00:50:00,-2131.906,2025-05-28 00:50:00
2025-05-28 00:55:00,-2307.886,2025-05-28 00:55:00
2025-05-28 01:00:00,-2255.906,2025-05-28 01:00:00
2025-05-28 01:05:00,-2195.916,2025-05-28 01:05:00
2025-05-28 01:10:00,-2279.886,2025-05-28 01:10:00
2025-05-28 01:15:00,-2151.906,2025-05-28 01:15:00
2025-05-28 01:20:00,-2227.896,2025-05-28 01:20:00
2025-05-28 01:25:00,-2139.886,2025-05-28 01:25:00
2025-05-28 01:30:00,-2147.876,2025-05-28 01:30:00
2025-05-28 01:35:00,-2219.846,2025-05-28 01:35:00
2025-05-28 01:40:00,-2183.856,2025-05-28 01:40:00
2025-05-28 01:45:00,-2215.886,2025-05-28 01:45:00
2025-05-28 01:50:00,-2183.906,2025-05-28 01:50:00
2025-05-28 01:55:00,-2291.876,2025-05-28 01:55:00
2025-05-28 02:00:00,-2215.896,2025-05-28 02:00:00
2025-05-28 02:05:00,-2243.886,2025-05-28 02:05:00
2025-05-28 02:10:00,-2351.856,2025-05-28 02:10:00
2025-05-28 02:15:00,-2195.886,2025-05-28 02:15:00
2025-05-28 02:20:00,-2319.876,2025-05-28 02:20:00
2025-05-28 02:25:00,-2307.876,2025-05-28 02:25:00
2025-05-28 02:30:00,-2331.876,2025-05-28 02:30:00
2025-05-28 02:35:00,-2279.886,2025-05-28 02:35:00
2025-05-28 02:40:00,-2367.886,2025-05-28 02:40:00
2025-05-28 02:45:00,-2319.876,2025-05-28 02:45:00
2025-05-28 02:50:00,-2287.876,2025-05-28 02:50:00
2025-05-28 02:55:00,-2255.866,2025-05-28 02:55:00
2025-05-28 03:00:00,-2331.876,2025-05-28 03:00:00
2025-05-28 03:05:00,-2291.886,2025-05-28 03:05:00
2025-05-28 03:10:00,-2343.876,2025-05-28 03:10:00
2025-05-28 03:15:00,-2431.906,2025-05-28 03:15:00
2025-05-28 03:20:00,-2339.896,2025-05-28 03:20:00
2025-05-28 03:25:00,-2423.886,2025-05-28 03:25:00
2025-05-28 03:30:00,-2283.886,2025-05-28 03:30:00
2025-05-28 03:35:00,-2311.886,2025-05-28 03:35:00
2025-05-28 03:40:00,-2251.876,2025-05-28 03:40:00
2025-05-28 03:45:00,-2299.846,2025-05-28 03:45:00
2025-05-28 03:50:00,-2283.866,2025-05-28 03:50:00
2025-05-28 03:55:00,-2271.856,2025-05-28 03:55:00
2025-05-28 04:00:00,-2383.876,2025-05-28 04:00:00
2025-05-28 04:05:00,-2255.876,2025-05-28 04:05:00
2025-05-28 04:10:00,-2275.866,2025-05-28 04:10:00
2025-05-28 04:15:00,-2339.876,2025-05-28 04:15:00
2025-05-28 04:20:00,-2339.896,2025-05-28 04:20:00
2025-05-28 04:25:00,-2323.866,2025-05-28 04:25:00
2025-05-28 04:30:00,-2311.856,2025-05-28 04:30:00
2025-05-28 04:35:00,-2339.886,2025-05-28 04:35:00
2025-05-28 04:40:00,-2283.876,2025-05-28 04:40:00
2025-05-28 04:45:00,-2431.866,2025-05-28 04:45:00
2025-05-28 04:50:00,-2359.896,2025-05-28 04:50:00
2025-05-28 04:55:00,-2323.856,2025-05-28 04:55:00
2025-05-28 05:00:00,-2455.866,2025-05-28 05:00:00
2025-05-28 05:05:00,-2351.896,2025-05-28 05:05:00
2025-05-28 05:10:00,-2299.876,2025-05-28 05:10:00
2025-05-28 05:15:00,-2419.906,2025-05-28 05:15:00
2025-05-28 05:20:00,-2439.836,2025-05-28 05:20:00
2025-05-28 05:25:00,-2395.886,2025-05-28 05:25:00
2025-05-28 05:30:00,-2327.866,2025-05-28 05:30:00
2025-05-28 05:35:00,-2367.876,2025-05-28 05:35:00
2025-05-28 05:40:00,-2403.866,2025-05-28 05:40:00
2025-05-28 05:45:00,-2303.886,2025-05-28 05:45:00
2025-05-28 05:50:00,-2339.866,2025-05-28 05:50:00
2025-05-28 05:55:00,-2295.876,2025-05-28 05:55:00
2025-05-28 06:00:00,-288.626,2025-05-28 06:00:00
2025-05-28 06:05:00,-288.592,2025-05-28 06:05:00
2025-05-28 06:10:00,-288.574,2025-05-28 06:10:00
2025-05-28 06:15:00,-288.556,2025-05-28 06:15:00
2025-05-28 06:20:00,-288.534,2025-05-28 06:20:00
2025-05-28 06:25:00,-288.507,2025-05-28 06:25:00
2025-05-28 06:30:00,-288.494,2025-05-28 06:30:00
2025-05-28 06:35:00,-288.472,2025-05-28 06:35:00
2025-05-28 06:40:00,-288.452,2025-05-28 06:40:00
2025-05-28 06:45:00,-288.432,2025-05-28 06:45:00
2025-05-28 06:50:00,-288.413,2025-05-28 06:50:00
2025-05-28 06:55:00,-288.393,2025-05-28 06:55:00
2025-05-28 07:00:00,-288.375,2025-05-28 07:00:00
2025-05-28 07:05:00,-288.357,2025-05-28 07:05:00
2025-05-28 07:10:00,-288.34,2025-05-28 07:10:00
2025-05-28 07:15:00,-288.328,2025-05-28 07:15:00
2025-05-28 07:20:00,-288.314,2025-05-28 07:20:00
2025-05-28 07:25:00,-288.312,2025-05-28 07:25:00
2025-05-28 07:30:00,-288.307,2025-05-28 07:30:00
2025-05-28 07:35:00,-288.329,2025-05-28 07:35:00
2025-05-28 07:40:00,-288.36,2025-05-28 07:40:00
2025-05-28 07:45:00,-288.443,2025-05-28 07:45:00
2025-05-28 07:50:00,-288.572,2025-05-28 07:50:00
2025-05-28 07:55:00,-288.911,2025-05-28 07:55:00
2025-05-28 08:00:00,9000.0,2025-05-28 08:00:00
2025-05-28 08:05:00,9000.0,2025-05-28 08:05:00
2025-05-28 08:10:00,9000.0,2025-05-28 08:10:00
2025-05-28 08:15:00,9000.0,2025-05-28 08:15:00
2025-05-28 08:20:00,9000.0,2025-05-28 08:20:00
2025-05-28 08:25:00,9000.0,2025-05-28 08:25:00
2025-05-28 08:30:00,9000.0,2025-05-28 08:30:00
2025-05-28 08:35:00,9000.0,2025-05-28 08:35:00
2025-05-28 08:40:00,9000.0,2025-05-28 08:40:00
2025-05-28 08:45:00,9000.0,2025-05-28 08:45:00
2025-05-28 08:50:00,9000.0,2025-05-28 08:50:00
2025-05-28 08:55:00,9000.0,2025-05-28 08:55:00
2025-05-28 09:00:00,9000.0,2025-05-28 09:00:00
2025-05-28 09:05:00,9000.0,2025-05-28 09:05:00
2025-05-28 09:10:00,9000.0,2025-05-28 09:10:00
2025-05-28 09:15:00,9000.0,2025-05-28 09:15:00
2025-05-28 09:20:00,9000.0,2025-05-28 09:20:00
2025-05-28 09:25:00,9000.0,2025-05-28 09:25:00
2025-05-28 09:30:00,9000.0,2025-05-28 09:30:00
2025-05-28 09:35:00,8999.999,2025-05-28 09:35:00
2025-05-28 09:40:00,8999.999,2025-05-28 09:40:00
2025-05-28 09:45:00,5939.997,2025-05-28 09:45:00
2025-05-28 09:50:00,0.0,2025-05-28 09:50:00
2025-05-28 09:55:00,0.0,2025-05-28 09:55:00
2025-05-28 10:00:00,0.0,2025-05-28 10:00:00
2025-05-28 10:05:00,0.0,2025-05-28 10:05:00
2025-05-28 10:10:00,0.0,2025-05-28 10:10:00
2025-05-28 10:15:00,0.0,2025-05-28 10:15:00
2025-05-28 10:20:00,0.0,2025-05-28 10:20:00
2025-05-28 10:25:00,0.0,2025-05-28 10:25:00
2025-05-28 10:30:00,0.0,2025-05-28 10:30:00
2025-05-28 10:35:00,0.0,2025-05-28 10:35:00
2025-05-28 10:40:00,0.0,2025-05-28 10:40:00
2025-05-28 10:45:00,0.0,2025-05-28 10:45:00
2025-05-28 10:50:00,0.0,2025-05-28 10:50:00
2025-05-28 10:55:00,0.0,2025-05-28 10:55:00
2025-05-28 11:00:00,-2559.886,2025-05-28 11:00:00
2025-05-28 11:05:00,-2463.876,2025-05-28 11:05:00
2025-05-28 11:10:00,-2543.896,2025-05-28 11:10:00
2025-05-28 11:15:00,-2431.836,2025-05-28 11:15:00
2025-05-28 11:20:00,-2543.836,2025-05-28 11:20:00
2025-05-28 11:25:00,-2547.896,2025-05-28 11:25:00
2025-05-28 11:30:00,-2531.876,2025-05-28 11:30:00
2025-05-28 11:35:00,-2535.886,2025-05-28 11:35:00
2025-05-28 11:40:00,-2403.886,2025-05-28 11:40:00
2025-05-28 11:45:00,-2455.856,2025-05-28 11:45:00
2025-05-28 11:50:00,-2315.906,2025-05-28 11:50:00
2025-05-28 11:55:00,-2235.856,2025-05-28 11:55:00
2025-05-28 12:00:00,-2243.886,2025-05-28 12:00:00
2025-05-28 12:05:00,-2311.836,2025-05-28 12:05:00
2025-05-28 12:10:00,-2499.876,2025-05-28 12:10:00
2025-05-28 12:15:00,-2275.856,2025-05-28 12:15:00
2025-05-28 12:20:00,-2291.866,2025-05-28 12:20:00
2025-05-28 12:25:00,-2219.876,2025-05-28 12:25:00
2025-05-28 12:30:00,-2227.886,2025-05-28 12:30:00
2025-05-28 12:35:00,-2135.876,2025-05-28 12:35:00
2025-05-28 12:40:00,-2195.896,2025-05-28 12:40:00
2025-05-28 12:45:00,-2155.866,2025-05-28 12:45:00
2025-05-28 12:50:00,-2247.866,2025-05-28 12:50:00
2025-05-28 12:55:00,-2131.896,2025-05-28 12:55:00
2025-05-28 13:00:00,-2259.886,2025-05-28 13:00:00
2025-05-28 13:05:00,-2143.886,2025-05-28 13:05:00
2025-05-28 13:10:00,-2355.846,2025-05-28 13:10:00
2025-05-28 13:15:00,-2275.826,2025-05-28 13:15:00
2025-05-28 13:20:00,-2291.866,2025-05-28 13:20:00
2025-05-28 13:25:00,-2143.856,2025-05-28 13:25:00
2025-05-28 13:30:00,-2187.866,2025-05-28 13:30:00
2025-05-28 13:35:00,-2227.906,2025-05-28 13:35:00
2025-05-28 13:40:00,-2279.886,2025-05-28 13:40:00
2025-05-28 13:45:00,-2191.916,2025-05-28 13:45:00
2025-05-28 13:50:00,-2143.866,2025-05-28 13:50:00
2025-05-28 13:55:00,-2131.866,2025-05-28 13:55:00
2025-05-28 14:00:00,-2343.896,2025-05-28 14:00:00
2025-05-28 14:05:00,-2107.876,2025-05-28 14:05:00
2025-05-28 14:10:00,-2443.886,2025-05-28 14:10:00
2025-05-28 14:15:00,-2195.876,2025-05-28 14:15:00
2025-05-28 14:20:00,-2283.856,2025-05-28 14:20:00
2025-05-28 14:25:00,-2179.876,2025-05-28 14:25:00
2025-05-28 14:30:00,-2139.906,2025-05-28 14:30:00
2025-05-28 14:35:00,-2179.856,2025-05-28 14:35:00
2025-05-28 14:40:00,-2203.886,2025-05-28 14:40:00
2025-05-28 14:45:00,-2163.866,2025-05-28 14:45:00
2025-05-28 14:50:00,-2259.896,2025-05-28 14:50:00
2025-05-28 14:55:00,-2135.856,2025-05-28 14:55:00
2025-05-28 15:00:00,-2207.866,2025-05-28 15:00:00
2025-05-28 15:05:00,-2283.876,2025-05-28 15:05:00
2025-05-28 15:10:00,-2231.866,2025-05-28 15:10:00
2025-05-28 15:15:00,-2087.896,2025-05-28 15:15:00
2025-05-28 15:20:00,-2175.866,2025-05-28 15:20:00
2025-05-28 15:25:00,-2331.876,2025-05-28 15:25:00
2025-05-28 15:30:00,-1987.856,2025-05-28 15:30:00
2025-05-28 15:35:00,-2071.896,2025-05-28 15:35:00
2025-05-28 15:40:00,-2063.896,2025-05-28 15:40:00
2025-05-28 15:45:00,-2283.886,2025-05-28 15:45:00
2025-05-28 15:50:00,-2223.876,2025-05-28 15:50:00
2025-05-28 15:55:00,-2235.916,2025-05-28 15:55:00
2025-05-28 16:00:00,-2111.876,2025-05-28 16:00:00
2025-05-28 16:05:00,-2291.866,2025-05-28 16:05:00
2025-05-28 16:10:00,-2311.866,2025-05-28 16:10:00
2025-05-28 16:15:00,-2283.836,2025-05-28 16:15:00
2025-05-28 16:20:00,-2435.876,2025-05-28 16:20:00
2025-05-28 16:25:00,-2251.876,2025-05-28 16:25:00
2025-05-28 16:30:00,-2335.836,2025-05-28 16:30:00
2025-05-28 16:35:00,-2363.896,2025-05-28 16:35:00
2025-05-28 16:40:00,-2215.866,2025-05-28 16:40:00
2025-05-28 16:45:00,-2283.886,2025-05-28 16:45:00
2025-05-28 16:50:00,-2155.886,2025-05-28 16:50:00
2025-05-28 16:55:00,-2271.856,2025-05-28 16:55:00
2025-05-28 17:00:00,-2275.896,2025-05-28 17:00:00
2025-05-28 17:05:00,-2279.896,2025-05-28 17:05:00
2025-05-28 17:10:00,-2087.856,2025-05-28 17:10:00
2025-05-28 17:15:00,-2195.896,2025-05-28 17:15:00
2025-05-28 17:20:00,-2175.896,2025-05-28 17:20:00
2025-05-28 17:25:00,-2207.866,2025-05-28 17:25:00
2025-05-28 17:30:00,-2027.886,2025-05-28 17:30:00
2025-05-28 17:35:00,-2191.896,2025-05-28 17:35:00
2025-05-28 17:40:00,-2123.896,2025-05-28 17:40:00
2025-05-28 17:45:00,-2151.886,2025-05-28 17:45:00
2025-05-28 17:50:00,-2115.876,2025-05-28 17:50:00
2025-05-28 17:55:00,-1947.886,2025-05-28 17:55:00
2025-05-28 18:00:00,9000.0,2025-05-28 18:00:00
2025-05-28 18:05:00,9000.0,2025-05-28 18:05:00
2025-05-28 18:10:00,9000.0,2025-05-28 18:10:00
2025-05-28 18:15:00,9000.0,2025-05-28 18:15:00
2025-05-28 18:20:00,9000.0,2025-05-28 18:20:00
2025-05-28 18:25:00,9000.0,2025-05-28 18:25:00
2025-05-28 18:30:00,9000.0,2025-05-28 18:30:00
2025-05-28 18:35:00,9000.0,2025-05-28 18:35:00
2025-05-28 18:40:00,9000.0,2025-05-28 18:40:00
2025-05-28 18:45:00,9000.0,2025-05-28 18:45:00
2025-05-28 18:50:00,9000.0,2025-05-28 18:50:00
2025-05-28 18:55:00,9000.0,2025-05-28 18:55:00
2025-05-28 19:00:00,9000.0,2025-05-28 19:00:00
2025-05-28 19:05:00,9000.0,2025-05-28 19:05:00
2025-05-28 19:10:00,9000.0,2025-05-28 19:10:00
2025-05-28 19:15:00,9000.0,2025-05-28 19:15:00
2025-05-28 19:20:00,8999.999,2025-05-28 19:20:00
2025-05-28 19:25:00,8999.998,2025-05-28 19:25:00
2025-05-28 19:30:00,3243.328,2025-05-28 19:30:00
2025-05-28 19:35:00,0.0,2025-05-28 19:35:00
2025-05-28 19:40:00,0.0,2025-05-28 19:40:00
2025-05-28 19:45:00,0.0,2025-05-28 19:45:00
2025-05-28 19:50:00,0.0,2025-05-28 19:50:00
2025-05-28 19:55:00,0.0,2025-05-28 19:55:00
2025-05-28 20:00:00,0.0,2025-05-28 20:00:00
2025-05-28 20:05:00,0.0,2025-05-28 20:05:00
2025-05-28 20:10:00,0.0,2025-05-28 20:10:00
2025-05-28 20:15:00,0.0,2025-05-28 20:15:00
2025-05-28 20:20:00,0.0,2025-05-28 20:20:00
2025-05-28 20:25:00,0.0,2025-05-28 20:25:00
2025-05-28 20:30:00,0.0,2025-05-28 20:30:00
2025-05-28 20:35:00,0.0,2025-05-28 20:35:00
2025-05-28 20:40:00,0.0,2025-05-28 20:40:00
2025-05-28 20:45:00,0.0,2025-05-28 20:45:00
2025-05-28 20:50:00,0.0,2025-05-28 20:50:00
2025-05-28 20:55:00,0.0,2025-05-28 20:55:00
2025-05-28 21:00:00,0.0,2025-05-28 21:00:00
2025-05-28 21:05:00,0.0,2025-05-28 21:05:00
2025-05-28 21:10:00,0.0,2025-05-28 21:10:00
2025-05-28 21:15:00,0.0,2025-05-28 21:15:00
2025-05-28 21:20:00,0.0,2025-05-28 21:20:00
2025-05-28 21:25:00,0.0,2025-05-28 21:25:00
2025-05-28 21:30:00,0.0,2025-05-28 21:30:00
2025-05-28 21:35:00,0.0,2025-05-28 21:35:00
2025-05-28 21:40:00,0.0,2025-05-28 21:40:00
2025-05-28 21:45:00,0.0,2025-05-28 21:45:00
2025-05-28 21:50:00,0.0,2025-05-28 21:50:00
2025-05-28 21:55:00,0.0,2025-05-28 21:55:00
2025-05-28 22:00:00,-2223.876,2025-05-28 22:00:00
2025-05-28 22:05:00,-2131.896,2025-05-28 22:05:00
2025-05-28 22:10:00,-2055.896,2025-05-28 22:10:00
2025-05-28 22:15:00,-1991.906,2025-05-28 22:15:00
2025-05-28 22:20:00,-1975.896,2025-05-28 22:20:00
2025-05-28 22:25:00,-1931.896,2025-05-28 22:25:00
2025-05-28 22:30:00,-1927.896,2025-05-28 22:30:00
2025-05-28 22:35:00,-1839.866,2025-05-28 22:35:00
2025-05-28 22:40:00,-1995.856,2025-05-28 22:40:00
2025-05-28 22:45:00,-2123.866,2025-05-28 22:45:00
2025-05-28 22:50:00,-2047.896,2025-05-28 22:50:00
2025-05-28 22:55:00,-2023.876,2025-05-28 22:55:00
2025-05-28 23:00:00,-2079.876,2025-05-28 23:00:00
2025-05-28 23:05:00,-2099.826,2025-05-28 23:05:00
2025-05-28 23:10:00,-2119.846,2025-05-28 23:10:00
2025-05-28 23:15:00,-2191.856,2025-05-28 23:15:00
2025-05-28 23:20:00,-2043.876,2025-05-28 23:20:00
2025-05-28 23:25:00,-2115.856,2025-05-28 23:25:00
2025-05-28 23:30:00,-2075.876,2025-05-28 23:30:00
2025-05-28 23:35:00,-2063.886,2025-05-28 23:35:00
2025-05-28 23:40:00,-1991.906,2025-05-28 23:40:00
2025-05-28 23:45:00,-1935.906,2025-05-28 23:45:00
2025-05-28 23:50:00,-1919.886,2025-05-28 23:50:00
2025-05-28 23:55:00,-1987.916,2025-05-28 23:55:00
2025-05-29 00:00:00,-2071.886,2025-05-29 00:00:00
2025-05-29 00:05:00,-2075.846,2025-05-29 00:05:00
2025-05-29 00:10:00,-2167.906,2025-05-29 00:10:00
2025-05-29 00:15:00,-2171.886,2025-05-29 00:15:00
2025-05-29 00:20:00,-2191.846,2025-05-29 00:20:00
2025-05-29 00:25:00,-2023.876,2025-05-29 00:25:00
2025-05-29 00:30:00,-2143.886,2025-05-29 00:30:00
2025-05-29 00:35:00,-2187.896,2025-05-29 00:35:00
2025-05-29 00:40:00,-2147.886,2025-05-29 00:40:00
2025-05-29 00:45:00,-2219.876,2025-05-29 00:45:00
2025-05-29 00:50:00,-2179.856,2025-05-29 00:50:00
2025-05-29 00:55:00,-1995.886,2025-05-29 00:55:00
2025-05-29 01:00:00,-2079.866,2025-05-29 01:00:00
2025-05-29 01:05:00,-2103.886,2025-05-29 01:05:00
2025-05-29 01:10:00,-2279.856,2025-05-29 01:10:00
2025-05-29 01:15:00,-2211.906,2025-05-29 01:15:00
2025-05-29 01:20:00,-2115.906,2025-05-29 01:20:00
2025-05-29 01:25:00,-2083.846,2025-05-29 01:25:00
2025-05-29 01:30:00,-2223.896,2025-05-29 01:30:00
2025-05-29 01:35:00,-2259.886,2025-05-29 01:35:00
2025-05-29 01:40:00,-2003.906,2025-05-29 01:40:00
2025-05-29 01:45:00,-2083.856,2025-05-29 01:45:00
2025-05-29 01:50:00,-2167.886,2025-05-29 01:50:00
2025-05-29 01:55:00,-2159.886,2025-05-29 01:55:00
2025-05-29 02:00:00,-2139.886,2025-05-29 02:00:00
2025-05-29 02:05:00,-2155.876,2025-05-29 02:05:00
2025-05-29 02:10:00,-2151.886,2025-05-29 02:10:00
2025-05-29 02:15:00,-2131.886,2025-05-29 02:15:00
2025-05-29 02:20:00,-1967.856,2025-05-29 02:20:00
2025-05-29 02:25:00,-1959.896,2025-05-29 02:25:00
2025-05-29 02:30:00,-1891.886,2025-05-29 02:30:00
2025-05-29 02:35:00,-2191.866,2025-05-29 02:35:00
2025-05-29 02:40:00,-2079.876,2025-05-29 02:40:00
2025-05-29 02:45:00,-2099.876,2025-05-29 02:45:00
2025-05-29 02:50:00,-2115.916,2025-05-29 02:50:00
2025-05-29 02:55:00,-2075.916,2025-05-29 02:55:00
2025-05-29 03:00:00,-2023.866,2025-05-29 03:00:00
2025-05-29 03:05:00,-2079.886,2025-05-29 03:05:00
2025-05-29 03:10:00,-2143.866,2025-05-29 03:10:00
2025-05-29 03:15:00,-2183.876,2025-05-29 03:15:00
2025-05-29 03:20:00,-2159.896,2025-05-29 03:20:00
2025-05-29 03:25:00,-2031.846,2025-05-29 03:25:00
2025-05-29 03:30:00,-2183.916,2025-05-29 03:30:00
2025-05-29 03:35:00,-2235.886,2025-05-29 03:35:00
2025-05-29 03:40:00,-2119.906,2025-05-29 03:40:00
2025-05-29 03:45:00,-2183.866,2025-05-29 03:45:00
2025-05-29 03:50:00,-2167.876,2025-05-29 03:50:00
2025-05-29 03:55:00,-2371.886,2025-05-29 03:55:00
2025-05-29 04:00:00,-2015.896,2025-05-29 04:00:00
2025-05-29 04:05:00,-2007.866,2025-05-29 04:05:00
2025-05-29 04:10:00,-2103.876,2025-05-29 04:10:00
2025-05-29 04:15:00,-2019.856,2025-05-29 04:15:00
2025-05-29 04:20:00,-2147.886,2025-05-29 04:20:00
2025-05-29 04:25:00,-2039.916,2025-05-29 04:25:00
2025-05-29 04:30:00,-2043.856,2025-05-29 04:30:00
2025-05-29 04:35:00,-1987.836,2025-05-29 04:35:00
2025-05-29 04:40:00,-2099.926,2025-05-29 04:40:00
2025-05-29 04:45:00,-2115.876,2025-05-29 04:45:00
2025-05-29 04:50:00,-2195.866,2025-05-29 04:50:00
2025-05-29 04:55:00,-2231.886,2025-05-29 04:55:00
2025-05-29 05:00:00,-2351.876,2025-05-29 05:00:00
2025-05-29 05:05:00,-2187.876,2025-05-29 05:05:00
2025-05-29 05:10:00,-2107.906,2025-05-29 05:10:00
2025-05-29 05:15:00,-2327.886,2025-05-29 05:15:00
2025-05-29 05:20:00,-2339.896,2025-05-29 05:20:00
2025-05-29 05:25:00,-2151.886,2025-05-29 05:25:00
2025-05-29 05:30:00,-2279.856,2025-05-29 05:30:00
2025-05-29 05:35:00,-2303.866,2025-05-29 05:35:00
2025-05-29 05:40:00,-2163.866,2025-05-29 05:40:00
2025-05-29 05:45:00,-2127.866,2025-05-29 05:45:00
2025-05-29 05:50:00,-2083.846,2025-05-29 05:50:00
2025-05-29 05:55:00,-2191.886,2025-05-29 05:55:00
2025-05-29 06:00:00,-846.609,2025-05-29 06:00:00
2025-05-29 06:05:00,-846.59,2025-05-29 06:05:00
2025-05-29 06:10:00,-846.569,2025-05-29 06:10:00
2025-05-29 06:15:00,-846.552,2025-05-29 06:15:00
2025-05-29 06:20:00,-846.534,2025-05-29 06:20:00
2025-05-29 06:25:00,-846.52,2025-05-29 06:25:00
2025-05-29 06:30:00,-846.502,2025-05-29 06:30:00
2025-05-29 06:35:00,-846.49,2025-05-29 06:35:00
2025-05-29 06:40:00,-846.478,2025-05-29 06:40:00
2025-05-29 06:45:00,-846.465,2025-05-29 06:45:00
2025-05-29 06:50:00,-846.453,2025-05-29 06:50:00
2025-05-29 06:55:00,-846.442,2025-05-29 06:55:00
2025-05-29 07:00:00,-846.432,2025-05-29 07:00:00
2025-05-29 07:05:00,-846.425,2025-05-29 07:05:00
2025-05-29 07:10:00,-846.417,2025-05-29 07:10:00
2025-05-29 07:15:00,-846.409,2025-05-29 07:15:00
2025-05-29 07:20:00,-846.402,2025-05-29 07:20:00
2025-05-29 07:25:00,-846.396,2025-05-29 07:25:00
2025-05-29 07:30:00,-846.39,2025-05-29 07:30:00
2025-05-29 07:35:00,-846.383,2025-05-29 07:35:00
2025-05-29 07:40:00,-846.382,2025-05-29 07:40:00
2025-05-29 07:45:00,-846.377,2025-05-29 07:45:00
2025-05-29 07:50:00,-846.374,2025-05-29 07:50:00
2025-05-29 07:55:00,-846.4,2025-05-29 07:55:00
2025-05-29 08:00:00,9000.0,2025-05-29 08:00:00
2025-05-29 08:05:00,9000.0,2025-05-29 08:05:00
2025-05-29 08:10:00,9000.0,2025-05-29 08:10:00
2025-05-29 08:15:00,9000.0,2025-05-29 08:15:00
2025-05-29 08:20:00,9000.0,2025-05-29 08:20:00
2025-05-29 08:25:00,9000.0,2025-05-29 08:25:00
2025-05-29 08:30:00,9000.0,2025-05-29 08:30:00
2025-05-29 08:35:00,9000.0,2025-05-29 08:35:00
2025-05-29 08:40:00,9000.0,2025-05-29 08:40:00
2025-05-29 08:45:00,9000.0,2025-05-29 08:45:00
2025-05-29 08:50:00,9000.0,2025-05-29 08:50:00
2025-05-29 08:55:00,9000.0,2025-05-29 08:55:00
2025-05-29 09:00:00,9000.0,2025-05-29 09:00:00
2025-05-29 09:05:00,9000.0,2025-05-29 09:05:00
2025-05-29 09:10:00,9000.0,2025-05-29 09:10:00
2025-05-29 09:15:00,9000.0,2025-05-29 09:15:00
2025-05-29 09:20:00,9000.0,2025-05-29 09:20:00
2025-05-29 09:25:00,9000.0,2025-05-29 09:25:00
2025-05-29 09:30:00,9000.0,2025-05-29 09:30:00
2025-05-29 09:35:00,9000.0,2025-05-29 09:35:00
2025-05-29 09:40:00,9000.0,2025-05-29 09:40:00
2025-05-29 09:45:00,5940.0,2025-05-29 09:45:00
2025-05-29 09:50:00,0.0,2025-05-29 09:50:00
2025-05-29 09:55:00,0.0,2025-05-29 09:55:00
2025-05-29 10:00:00,0.0,2025-05-29 10:00:00
2025-05-29 10:05:00,0.0,2025-05-29 10:05:00
2025-05-29 10:10:00,0.0,2025-05-29 10:10:00
2025-05-29 10:15:00,0.0,2025-05-29 10:15:00
2025-05-29 10:20:00,0.0,2025-05-29 10:20:00
2025-05-29 10:25:00,0.0,2025-05-29 10:25:00
2025-05-29 10:30:00,0.0,2025-05-29 10:30:00
2025-05-29 10:35:00,0.0,2025-05-29 10:35:00
2025-05-29 10:40:00,0.0,2025-05-29 10:40:00
2025-05-29 10:45:00,0.0,2025-05-29 10:45:00
2025-05-29 10:50:00,0.0,2025-05-29 10:50:00
2025-05-29 10:55:00,0.0,2025-05-29 10:55:00
2025-05-29 11:00:00,-2271.886,2025-05-29 11:00:00
2025-05-29 11:05:00,-2339.866,2025-05-29 11:05:00
2025-05-29 11:10:00,-2347.856,2025-05-29 11:10:00
2025-05-29 11:15:00,-2247.886,2025-05-29 11:15:00
2025-05-29 11:20:00,-2319.866,2025-05-29 11:20:00
2025-05-29 11:25:00,-2263.896,2025-05-29 11:25:00
2025-05-29 11:30:00,-2207.856,2025-05-29 11:30:00
2025-05-29 11:35:00,-2275.866,2025-05-29 11:35:00
2025-05-29 11:40:00,-2195.896,2025-05-29 11:40:00
2025-05-29 11:45:00,-2263.896,2025-05-29 11:45:00
2025-05-29 11:50:00,-2327.896,2025-05-29 11:50:00
2025-05-29 11:55:00,-2243.886,2025-05-29 11:55:00
2025-05-29 12:00:00,-2411.896,2025-05-29 12:00:00
2025-05-29 12:05:00,-2235.876,2025-05-29 12:05:00
2025-05-29 12:10:00,-2371.916,2025-05-29 12:10:00
2025-05-29 12:15:00,-2175.876,2025-05-29 12:15:00
2025-05-29 12:20:00,-1971.896,2025-05-29 12:20:00
2025-05-29 12:25:00,-2191.876,2025-05-29 12:25:00
2025-05-29 12:30:00,-2139.886,2025-05-29 12:30:00
2025-05-29 12:35:00,-2071.876,2025-05-29 12:35:00
2025-05-29 12:40:00,-2159.846,2025-05-29 12:40:00
2025-05-29 12:45:00,-2099.856,2025-05-29 12:45:00
2025-05-29 12:50:00,-2191.886,2025-05-29 12:50:00
2025-05-29 12:55:00,-2327.866,2025-05-29 12:55:00
2025-05-29 13:00:00,-2275.876,2025-05-29 13:00:00
2025-05-29 13:05:00,-2243.856,2025-05-29 13:05:00
2025-05-29 13:10:00,-2235.876,2025-05-29 13:10:00
2025-05-29 13:15:00,-2231.856,2025-05-29 13:15:00
2025-05-29 13:20:00,-2191.856,2025-05-29 13:20:00
2025-05-29 13:25:00,-2287.856,2025-05-29 13:25:00
2025-05-29 13:30:00,-2155.836,2025-05-29 13:30:00
2025-05-29 13:35:00,-2147.866,2025-05-29 13:35:00
2025-05-29 13:40:00,-2183.886,2025-05-29 13:40:00
2025-05-29 13:45:00,-2163.896,2025-05-29 13:45:00
2025-05-29 13:50:00,-2035.856,2025-05-29 13:50:00
2025-05-29 13:55:00,-2083.866,2025-05-29 13:55:00
2025-05-29 14:00:00,-1855.856,2025-05-29 14:00:00
2025-05-29 14:05:00,-2043.916,2025-05-29 14:05:00
2025-05-29 14:10:00,-2127.896,2025-05-29 14:10:00
2025-05-29 14:15:00,-2039.856,2025-05-29 14:15:00
2025-05-29 14:20:00,-2235.866,2025-05-29 14:20:00
2025-05-29 14:25:00,-2023.886,2025-05-29 14:25:00
2025-05-29 14:30:00,-1971.826,2025-05-29 14:30:00
2025-05-29 14:35:00,-2131.886,2025-05-29 14:35:00
2025-05-29 14:40:00,-2039.886,2025-05-29 14:40:00
2025-05-29 14:45:00,-2067.826,2025-05-29 14:45:00
2025-05-29 14:50:00,-2151.896,2025-05-29 14:50:00
2025-05-29 14:55:00,-2015.886,2025-05-29 14:55:00
2025-05-29 15:00:00,-2119.876,2025-05-29 15:00:00
2025-05-29 15:05:00,-2103.856,2025-05-29 15:05:00
2025-05-29 15:10:00,-2071.866,2025-05-29 15:10:00
2025-05-29 15:15:00,-2271.846,2025-05-29 15:15:00
2025-05-29 15:20:00,-2035.836,2025-05-29 15:20:00
2025-05-29 15:25:00,-2051.846,2025-05-29 15:25:00
2025-05-29 15:30:00,-1983.866,2025-05-29 15:30:00
2025-05-29 15:35:00,-2147.886,2025-05-29 15:35:00
2025-05-29 15:40:00,-2175.896,2025-05-29 15:40:00
2025-05-29 15:45:00,-2219.836,2025-05-29 15:45:00
2025-05-29 15:50:00,-2155.866,2025-05-29 15:50:00
2025-05-29 15:55:00,-2211.836,2025-05-29 15:55:00
2025-05-29 16:00:00,-1971.856,2025-05-29 16:00:00
2025-05-29 16:05:00,-2015.896,2025-05-29 16:05:00
2025-05-29 16:10:00,-2055.896,2025-05-29 16:10:00
2025-05-29 16:15:00,-1935.866,2025-05-29 16:15:00
2025-05-29 16:20:00,-2131.866,2025-05-29 16:20:00
2025-05-29 16:25:00,-1999.866,2025-05-29 16:25:00
2025-05-29 16:30:00,-2071.876,2025-05-29 16:30:00
2025-05-29 16:35:00,-1923.856,2025-05-29 16:35:00
2025-05-29 16:40:00,-2191.856,2025-05-29 16:40:00
2025-05-29 16:45:00,-2083.896,2025-05-29 16:45:00
2025-05-29 16:50:00,-1979.866,2025-05-29 16:50:00
2025-05-29 16:55:00,-2147.866,2025-05-29 16:55:00
2025-05-29 17:00:00,-2283.856,2025-05-29 17:00:00
2025-05-29 17:05:00,-2331.876,2025-05-29 17:05:00
2025-05-29 17:10:00,-2370.256,2025-05-29 17:10:00
2025-05-29 17:15:00,-2370.256,2025-05-29 17:15:00
2025-05-29 17:20:00,-2447.856,2025-05-29 17:20:00
2025-05-29 17:25:00,-2447.856,2025-05-29 17:25:00
2025-05-29 17:30:00,-2155.866,2025-05-29 17:30:00
2025-05-29 17:35:00,-2175.866,2025-05-29 17:35:00
2025-05-29 17:40:00,-2283.866,2025-05-29 17:40:00
2025-05-29 17:45:00,-2123.896,2025-05-29 17:45:00
2025-05-29 17:50:00,-2143.906,2025-05-29 17:50:00
2025-05-29 17:55:00,-2091.896,2025-05-29 17:55:00
2025-05-29 18:00:00,9000.0,2025-05-29 18:00:00
2025-05-29 18:05:00,9000.0,2025-05-29 18:05:00
2025-05-29 18:10:00,9000.0,2025-05-29 18:10:00
2025-05-29 18:15:00,9000.0,2025-05-29 18:15:00
2025-05-29 18:20:00,9000.0,2025-05-29 18:20:00
2025-05-29 18:25:00,9000.0,2025-05-29 18:25:00
2025-05-29 18:30:00,9000.0,2025-05-29 18:30:00
2025-05-29 18:35:00,9000.0,2025-05-29 18:35:00
2025-05-29 18:40:00,9000.0,2025-05-29 18:40:00
2025-05-29 18:45:00,9000.0,2025-05-29 18:45:00
2025-05-29 18:50:00,9000.0,2025-05-29 18:50:00
2025-05-29 18:55:00,9000.0,2025-05-29 18:55:00
2025-05-29 19:00:00,9000.0,2025-05-29 19:00:00
2025-05-29 19:05:00,9000.0,2025-05-29 19:05:00
2025-05-29 19:10:00,9000.0,2025-05-29 19:10:00
2025-05-29 19:15:00,9000.0,2025-05-29 19:15:00
2025-05-29 19:20:00,9000.0,2025-05-29 19:20:00
2025-05-29 19:25:00,5971.847,2025-05-29 19:25:00
2025-05-29 19:30:00,0.0,2025-05-29 19:30:00
2025-05-29 19:35:00,0.0,2025-05-29 19:35:00
2025-05-29 19:40:00,0.0,2025-05-29 19:40:00
2025-05-29 19:45:00,0.0,2025-05-29 19:45:00
2025-05-29 19:50:00,0.0,2025-05-29 19:50:00
2025-05-29 19:55:00,0.0,2025-05-29 19:55:00
2025-05-29 20:00:00,0.0,2025-05-29 20:00:00
2025-05-29 20:05:00,0.0,2025-05-29 20:05:00
2025-05-29 20:10:00,0.0,2025-05-29 20:10:00
2025-05-29 20:15:00,0.0,2025-05-29 20:15:00
2025-05-29 20:20:00,0.0,2025-05-29 20:20:00
2025-05-29 20:25:00,0.0,2025-05-29 20:25:00
2025-05-29 20:30:00,0.0,2025-05-29 20:30:00
2025-05-29 20:35:00,0.0,2025-05-29 20:35:00
2025-05-29 20:40:00,0.0,2025-05-29 20:40:00
2025-05-29 20:45:00,0.0,2025-05-29 20:45:00
2025-05-29 20:50:00,0.0,2025-05-29 20:50:00
2025-05-29 20:55:00,0.0,2025-05-29 20:55:00
2025-05-29 21:00:00,0.0,2025-05-29 21:00:00
2025-05-29 21:05:00,0.0,2025-05-29 21:05:00
2025-05-29 21:10:00,0.0,2025-05-29 21:10:00
2025-05-29 21:15:00,0.0,2025-05-29 21:15:00
2025-05-29 21:20:00,0.0,2025-05-29 21:20:00
2025-05-29 21:25:00,0.0,2025-05-29 21:25:00
2025-05-29 21:30:00,0.0,2025-05-29 21:30:00
2025-05-29 21:35:00,0.0,2025-05-29 21:35:00
2025-05-29 21:40:00,0.0,2025-05-29 21:40:00
2025-05-29 21:45:00,0.0,2025-05-29 21:45:00
2025-05-29 21:50:00,0.0,2025-05-29 21:50:00
2025-05-29 21:55:00,0.0,2025-05-29 21:55:00
2025-05-29 22:00:00,-2515.886,2025-05-29 22:00:00
2025-05-29 22:05:00,-2387.916,2025-05-29 22:05:00
2025-05-29 22:10:00,-2427.886,2025-05-29 22:10:00
2025-05-29 22:15:00,-2403.856,2025-05-29 22:15:00
2025-05-29 22:20:00,-2191.826,2025-05-29 22:20:00
2025-05-29 22:25:00,-2295.846,2025-05-29 22:25:00
2025-05-29 22:30:00,-2119.846,2025-05-29 22:30:00
2025-05-29 22:35:00,-2235.836,2025-05-29 22:35:00
2025-05-29 22:40:00,-2239.906,2025-05-29 22:40:00
2025-05-29 22:45:00,-2311.866,2025-05-29 22:45:00
2025-05-29 22:50:00,-2187.866,2025-05-29 22:50:00
2025-05-29 22:55:00,-2247.876,2025-05-29 22:55:00
2025-05-29 23:00:00,-2099.876,2025-05-29 23:00:00
2025-05-29 23:05:00,-2235.876,2025-05-29 23:05:00
2025-05-29 23:10:00,-2251.876,2025-05-29 23:10:00
2025-05-29 23:15:00,-2239.876,2025-05-29 23:15:00
2025-05-29 23:20:00,-2183.866,2025-05-29 23:20:00
2025-05-29 23:25:00,-2299.876,2025-05-29 23:25:00
2025-05-29 23:30:00,-2211.886,2025-05-29 23:30:00
2025-05-29 23:35:00,-2195.896,2025-05-29 23:35:00
2025-05-29 23:40:00,-2059.896,2025-05-29 23:40:00
2025-05-29 23:45:00,-2047.866,2025-05-29 23:45:00
2025-05-29 23:50:00,-2147.886,2025-05-29 23:50:00
2025-05-29 23:55:00,-2267.866,2025-05-29 23:55:00
2025-05-30 00:00:00,-2055.866,2025-05-30 00:00:00
2025-05-30 00:05:00,-2167.866,2025-05-30 00:05:00
2025-05-30 00:10:00,-2055.876,2025-05-30 00:10:00
2025-05-30 00:15:00,-2107.856,2025-05-30 00:15:00
2025-05-30 00:20:00,-2195.876,2025-05-30 00:20:00
2025-05-30 00:25:00,-2067.886,2025-05-30 00:25:00
2025-05-30 00:30:00,-2199.876,2025-05-30 00:30:00
2025-05-30 00:35:00,-2095.886,2025-05-30 00:35:00
2025-05-30 00:40:00,-2183.896,2025-05-30 00:40:00
2025-05-30 00:45:00,-2227.836,2025-05-30 00:45:00
2025-05-30 00:50:00,-2343.886,2025-05-30 00:50:00
2025-05-30 00:55:00,-2123.876,2025-05-30 00:55:00
2025-05-30 01:00:00,-2103.896,2025-05-30 01:00:00
2025-05-30 01:05:00,-2299.916,2025-05-30 01:05:00
2025-05-30 01:10:00,-2355.866,2025-05-30 01:10:00
2025-05-30 01:15:00,-2211.856,2025-05-30 01:15:00
2025-05-30 01:20:00,-2119.846,2025-05-30 01:20:00
2025-05-30 01:25:00,-2255.846,2025-05-30 01:25:00
2025-05-30 01:30:00,-2171.846,2025-05-30 01:30:00
2025-05-30 01:35:00,-2215.886,2025-05-30 01:35:00
2025-05-30 01:40:00,-2147.906,2025-05-30 01:40:00
2025-05-30 01:45:00,-2151.886,2025-05-30 01:45:00
2025-05-30 01:50:00,-2163.856,2025-05-30 01:50:00
2025-05-30 01:55:00,-2135.856,2025-05-30 01:55:00
2025-05-30 02:00:00,-2151.896,2025-05-30 02:00:00
2025-05-30 02:05:00,-2259.876,2025-05-30 02:05:00
2025-05-30 02:10:00,-2283.826,2025-05-30 02:10:00
2025-05-30 02:15:00,-2267.866,2025-05-30 02:15:00
2025-05-30 02:20:00,-2239.866,2025-05-30 02:20:00
2025-05-30 02:25:00,-2191.876,2025-05-30 02:25:00
2025-05-30 02:30:00,-2467.866,2025-05-30 02:30:00
2025-05-30 02:35:00,-2459.856,2025-05-30 02:35:00
2025-05-30 02:40:00,-2411.876,2025-05-30 02:40:00
2025-05-30 02:45:00,-2511.856,2025-05-30 02:45:00
2025-05-30 02:50:00,-2419.876,2025-05-30 02:50:00
2025-05-30 02:55:00,-2431.886,2025-05-30 02:55:00
2025-05-30 03:00:00,-2411.866,2025-05-30 03:00:00
2025-05-30 03:05:00,-2531.866,2025-05-30 03:05:00
2025-05-30 03:10:00,-2507.886,2025-05-30 03:10:00
2025-05-30 03:15:00,-2315.886,2025-05-30 03:15:00
2025-05-30 03:20:00,-2443.876,2025-05-30 03:20:00
2025-05-30 03:25:00,-2347.866,2025-05-30 03:25:00
2025-05-30 03:30:00,-2455.876,2025-05-30 03:30:00
2025-05-30 03:35:00,-2427.876,2025-05-30 03:35:00
2025-05-30 03:40:00,-2403.876,2025-05-30 03:40:00
2025-05-30 03:45:00,-2307.846,2025-05-30 03:45:00
2025-05-30 03:50:00,-2223.886,2025-05-30 03:50:00
2025-05-30 03:55:00,-2171.886,2025-05-30 03:55:00
2025-05-30 04:00:00,-2211.856,2025-05-30 04:00:00
2025-05-30 04:05:00,-2179.876,2025-05-30 04:05:00
2025-05-30 04:10:00,-5279.846,2025-05-30 04:10:00
2025-05-30 04:15:00,-2259.886,2025-05-30 04:15:00
2025-05-30 04:20:00,-2287.896,2025-05-30 04:20:00
2025-05-30 04:25:00,-2367.856,2025-05-30 04:25:00
2025-05-30 04:30:00,-2235.876,2025-05-30 04:30:00
2025-05-30 04:35:00,-2211.876,2025-05-30 04:35:00
2025-05-30 04:40:00,-2143.896,2025-05-30 04:40:00
2025-05-30 04:45:00,-2287.886,2025-05-30 04:45:00
2025-05-30 04:50:00,-2291.886,2025-05-30 04:50:00
2025-05-30 04:55:00,-2203.866,2025-05-30 04:55:00
2025-05-30 05:00:00,-2211.876,2025-05-30 05:00:00
2025-05-30 05:05:00,-2239.886,2025-05-30 05:05:00
2025-05-30 05:10:00,-2303.856,2025-05-30 05:10:00
2025-05-30 05:15:00,-2263.856,2025-05-30 05:15:00
2025-05-30 05:20:00,-2339.866,2025-05-30 05:20:00
2025-05-30 05:25:00,-2127.886,2025-05-30 05:25:00
2025-05-30 05:30:00,-2171.906,2025-05-30 05:30:00
2025-05-30 05:35:00,-2039.886,2025-05-30 05:35:00
2025-05-30 05:40:00,-2327.866,2025-05-30 05:40:00
2025-05-30 05:45:00,-2211.866,2025-05-30 05:45:00
2025-05-30 05:50:00,-2191.856,2025-05-30 05:50:00
2025-05-30 05:55:00,-2179.886,2025-05-30 05:55:00
2025-05-30 06:00:00,-160.551,2025-05-30 06:00:00
2025-05-30 06:05:00,-160.545,2025-05-30 06:05:00
2025-05-30 06:10:00,-160.541,2025-05-30 06:10:00
2025-05-30 06:15:00,-160.533,2025-05-30 06:15:00
2025-05-30 06:20:00,-160.53,2025-05-30 06:20:00
2025-05-30 06:25:00,-160.527,2025-05-30 06:25:00
2025-05-30 06:30:00,-160.52,2025-05-30 06:30:00
2025-05-30 06:35:00,-160.514,2025-05-30 06:35:00
2025-05-30 06:40:00,-160.51,2025-05-30 06:40:00
2025-05-30 06:45:00,-160.506,2025-05-30 06:45:00
2025-05-30 06:50:00,-160.502,2025-05-30 06:50:00
2025-05-30 06:55:00,-160.495,2025-05-30 06:55:00
2025-05-30 07:00:00,-160.49,2025-05-30 07:00:00
2025-05-30 07:05:00,-160.485,2025-05-30 07:05:00
2025-05-30 07:10:00,-160.479,2025-05-30 07:10:00
2025-05-30 07:15:00,-160.473,2025-05-30 07:15:00
2025-05-30 07:20:00,-160.467,2025-05-30 07:20:00
2025-05-30 07:25:00,-160.46,2025-05-30 07:25:00
2025-05-30 07:30:00,-160.453,2025-05-30 07:30:00
2025-05-30 07:35:00,-160.444,2025-05-30 07:35:00
2025-05-30 07:40:00,-160.435,2025-05-30 07:40:00
2025-05-30 07:45:00,-160.425,2025-05-30 07:45:00
2025-05-30 07:50:00,-160.409,2025-05-30 07:50:00
2025-05-30 07:55:00,-160.387,2025-05-30 07:55:00
2025-05-30 08:00:00,9000.0,2025-05-30 08:00:00
2025-05-30 08:05:00,9000.0,2025-05-30 08:05:00
2025-05-30 08:10:00,9000.0,2025-05-30 08:10:00
2025-05-30 08:15:00,9000.0,2025-05-30 08:15:00
2025-05-30 08:20:00,9000.0,2025-05-30 08:20:00
2025-05-30 08:25:00,9000.0,2025-05-30 08:25:00
2025-05-30 08:30:00,9000.0,2025-05-30 08:30:00
2025-05-30 08:35:00,9000.0,2025-05-30 08:35:00
2025-05-30 08:40:00,9000.0,2025-05-30 08:40:00
2025-05-30 08:45:00,9000.0,2025-05-30 08:45:00
2025-05-30 08:50:00,9000.0,2025-05-30 08:50:00
2025-05-30 08:55:00,9000.0,2025-05-30 08:55:00
2025-05-30 09:00:00,9000.0,2025-05-30 09:00:00
2025-05-30 09:05:00,9000.0,2025-05-30 09:05:00
2025-05-30 09:10:00,9000.0,2025-05-30 09:10:00
2025-05-30 09:15:00,9000.0,2025-05-30 09:15:00
2025-05-30 09:20:00,9000.0,2025-05-30 09:20:00
2025-05-30 09:25:00,8999.999,2025-05-30 09:25:00
2025-05-30 09:30:00,8999.999,2025-05-30 09:30:00
2025-05-30 09:35:00,8999.999,2025-05-30 09:35:00
2025-05-30 09:40:00,8999.998,2025-05-30 09:40:00
2025-05-30 09:45:00,5939.996,2025-05-30 09:45:00
2025-05-30 09:50:00,0.0,2025-05-30 09:50:00
2025-05-30 09:55:00,0.0,2025-05-30 09:55:00
2025-05-30 10:00:00,0.0,2025-05-30 10:00:00
2025-05-30 10:05:00,0.0,2025-05-30 10:05:00
2025-05-30 10:10:00,0.0,2025-05-30 10:10:00
2025-05-30 10:15:00,0.0,2025-05-30 10:15:00
2025-05-30 10:20:00,0.0,2025-05-30 10:20:00
2025-05-30 10:25:00,0.0,2025-05-30 10:25:00
2025-05-30 10:30:00,0.0,2025-05-30 10:30:00
2025-05-30 10:35:00,0.0,2025-05-30 10:35:00
2025-05-30 10:40:00,0.0,2025-05-30 10:40:00
2025-05-30 10:45:00,0.0,2025-05-30 10:45:00
2025-05-30 10:50:00,0.0,2025-05-30 10:50:00
2025-05-30 10:55:00,0.0,2025-05-30 10:55:00
2025-05-30 11:00:00,-2347.896,2025-05-30 11:00:00
2025-05-30 11:05:00,-2295.916,2025-05-30 11:05:00
2025-05-30 11:10:00,-2311.876,2025-05-30 11:10:00
2025-05-30 11:15:00,-2235.886,2025-05-30 11:15:00
2025-05-30 11:20:00,-2179.886,2025-05-30 11:20:00
2025-05-30 11:25:00,-2375.916,2025-05-30 11:25:00
2025-05-30 11:30:00,-2143.906,2025-05-30 11:30:00
2025-05-30 11:35:00,-2095.846,2025-05-30 11:35:00
2025-05-30 11:40:00,-2067.886,2025-05-30 11:40:00
2025-05-30 11:45:00,-2195.876,2025-05-30 11:45:00
2025-05-30 11:50:00,-2119.846,2025-05-30 11:50:00
2025-05-30 11:55:00,-2091.906,2025-05-30 11:55:00
2025-05-30 12:00:00,-2231.876,2025-05-30 12:00:00
2025-05-30 12:05:00,-2203.886,2025-05-30 12:05:00
2025-05-30 12:10:00,-2143.886,2025-05-30 12:10:00
2025-05-30 12:15:00,-2223.836,2025-05-30 12:15:00
2025-05-30 12:20:00,-2159.866,2025-05-30 12:20:00
2025-05-30 12:25:00,-2211.876,2025-05-30 12:25:00
2025-05-30 12:30:00,-2431.886,2025-05-30 12:30:00
2025-05-30 12:35:00,-2351.886,2025-05-30 12:35:00
2025-05-30 12:40:00,-2219.826,2025-05-30 12:40:00
2025-05-30 12:45:00,-2279.836,2025-05-30 12:45:00
2025-05-30 12:50:00,-2343.856,2025-05-30 12:50:00
2025-05-30 12:55:00,-2303.826,2025-05-30 12:55:00
2025-05-30 13:00:00,-2247.876,2025-05-30 13:00:00
2025-05-30 13:05:00,-2235.886,2025-05-30 13:05:00
2025-05-30 13:10:00,-2363.866,2025-05-30 13:10:00
2025-05-30 13:15:00,-2343.886,2025-05-30 13:15:00
2025-05-30 13:20:00,-2295.896,2025-05-30 13:20:00
2025-05-30 13:25:00,-2447.906,2025-05-30 13:25:00
2025-05-30 13:30:00,-2303.856,2025-05-30 13:30:00
2025-05-30 13:35:00,-2319.856,2025-05-30 13:35:00
2025-05-30 13:40:00,-2431.856,2025-05-30 13:40:00
2025-05-30 13:45:00,-2467.856,2025-05-30 13:45:00
2025-05-30 13:50:00,-2303.866,2025-05-30 13:50:00
2025-05-30 13:55:00,-2243.886,2025-05-30 13:55:00
2025-05-30 14:00:00,-2203.886,2025-05-30 14:00:00
2025-05-30 14:05:00,-2267.846,2025-05-30 14:05:00
2025-05-30 14:10:00,-2347.876,2025-05-30 14:10:00
2025-05-30 14:15:00,-2271.896,2025-05-30 14:15:00
2025-05-30 14:20:00,-2247.896,2025-05-30 14:20:00
2025-05-30 14:25:00,-2267.916,2025-05-30 14:25:00
2025-05-30 14:30:00,-2371.886,2025-05-30 14:30:00
2025-05-30 14:35:00,-2219.856,2025-05-30 14:35:00
2025-05-30 14:40:00,-2267.866,2025-05-30 14:40:00
2025-05-30 14:45:00,-2331.876,2025-05-30 14:45:00
2025-05-30 14:50:00,-2299.866,2025-05-30 14:50:00
2025-05-30 14:55:00,-2427.906,2025-05-30 14:55:00
2025-05-30 15:00:00,-2507.846,2025-05-30 15:00:00
2025-05-30 15:05:00,-2359.856,2025-05-30 15:05:00
2025-05-30 15:10:00,-2507.826,2025-05-30 15:10:00
2025-05-30 15:15:00,-2223.856,2025-05-30 15:15:00
2025-05-30 15:20:00,-2423.856,2025-05-30 15:20:00
2025-05-30 15:25:00,-2483.906,2025-05-30 15:25:00
2025-05-30 15:30:00,-2371.866,2025-05-30 15:30:00
2025-05-30 15:35:00,-2411.856,2025-05-30 15:35:00
2025-05-30 15:40:00,-2359.886,2025-05-30 15:40:00
2025-05-30 15:45:00,-2419.886,2025-05-30 15:45:00
2025-05-30 15:50:00,-2335.876,2025-05-30 15:50:00
2025-05-30 15:55:00,-2327.876,2025-05-30 15:55:00
2025-05-30 16:00:00,-2371.896,2025-05-30 16:00:00
2025-05-30 16:05:00,-2251.866,2025-05-30 16:05:00
2025-05-30 16:10:00,-2471.866,2025-05-30 16:10:00
2025-05-30 16:15:00,-2403.876,2025-05-30 16:15:00
2025-05-30 16:20:00,-2319.846,2025-05-30 16:20:00
2025-05-30 16:25:00,-2499.866,2025-05-30 16:25:00
2025-05-30 16:30:00,-2347.886,2025-05-30 16:30:00
2025-05-30 16:35:00,-2451.886,2025-05-30 16:35:00
2025-05-30 16:40:00,-2391.886,2025-05-30 16:40:00
2025-05-30 16:45:00,-2183.876,2025-05-30 16:45:00
2025-05-30 16:50:00,-2187.886,2025-05-30 16:50:00
2025-05-30 16:55:00,-3203.876,2025-05-30 16:55:00
2025-05-30 17:00:00,-2323.876,2025-05-30 17:00:00
2025-05-30 17:05:00,-2195.866,2025-05-30 17:05:00
2025-05-30 17:10:00,-2207.906,2025-05-30 17:10:00
2025-05-30 17:15:00,-2367.886,2025-05-30 17:15:00
2025-05-30 17:20:00,-2323.886,2025-05-30 17:20:00
2025-05-30 17:25:00,-2271.856,2025-05-30 17:25:00
2025-05-30 17:30:00,-2103.896,2025-05-30 17:30:00
2025-05-30 17:35:00,-2391.886,2025-05-30 17:35:00
2025-05-30 17:40:00,-2311.886,2025-05-30 17:40:00
2025-05-30 17:45:00,-2743.856,2025-05-30 17:45:00
2025-05-30 17:50:00,-2319.916,2025-05-30 17:50:00
2025-05-30 17:55:00,-2319.866,2025-05-30 17:55:00
2025-05-30 18:00:00,9000.0,2025-05-30 18:00:00
2025-05-30 18:05:00,9000.0,2025-05-30 18:05:00
2025-05-30 18:10:00,9000.0,2025-05-30 18:10:00
2025-05-30 18:15:00,9000.0,2025-05-30 18:15:00
2025-05-30 18:20:00,9000.0,2025-05-30 18:20:00
2025-05-30 18:25:00,9000.0,2025-05-30 18:25:00
2025-05-30 18:30:00,9000.0,2025-05-30 18:30:00
2025-05-30 18:35:00,9000.0,2025-05-30 18:35:00
2025-05-30 18:40:00,9000.0,2025-05-30 18:40:00
2025-05-30 18:45:00,9000.0,2025-05-30 18:45:00
2025-05-30 18:50:00,9000.0,2025-05-30 18:50:00
2025-05-30 18:55:00,9000.0,2025-05-30 18:55:00
2025-05-30 19:00:00,9000.0,2025-05-30 19:00:00
2025-05-30 19:05:00,9000.0,2025-05-30 19:05:00
2025-05-30 19:10:00,8999.999,2025-05-30 19:10:00
2025-05-30 19:15:00,8999.999,2025-05-30 19:15:00
2025-05-30 19:20:00,8999.999,2025-05-30 19:20:00
2025-05-30 19:25:00,8999.998,2025-05-30 19:25:00
2025-05-30 19:30:00,8260.022,2025-05-30 19:30:00
2025-05-30 19:35:00,0.0,2025-05-30 19:35:00
2025-05-30 19:40:00,0.0,2025-05-30 19:40:00
2025-05-30 19:45:00,0.0,2025-05-30 19:45:00
2025-05-30 19:50:00,0.0,2025-05-30 19:50:00
2025-05-30 19:55:00,0.0,2025-05-30 19:55:00
2025-05-30 20:00:00,0.0,2025-05-30 20:00:00
2025-05-30 20:05:00,0.0,2025-05-30 20:05:00
2025-05-30 20:10:00,0.0,2025-05-30 20:10:00
2025-05-30 20:15:00,0.0,2025-05-30 20:15:00
2025-05-30 20:20:00,0.0,2025-05-30 20:20:00
2025-05-30 20:25:00,0.0,2025-05-30 20:25:00
2025-05-30 20:30:00,0.0,2025-05-30 20:30:00
2025-05-30 20:35:00,0.0,2025-05-30 20:35:00
2025-05-30 20:40:00,0.0,2025-05-30 20:40:00
2025-05-30 20:45:00,0.0,2025-05-30 20:45:00
2025-05-30 20:50:00,0.0,2025-05-30 20:50:00
2025-05-30 20:55:00,0.0,2025-05-30 20:55:00
2025-05-30 21:00:00,0.0,2025-05-30 21:00:00
2025-05-30 21:05:00,0.0,2025-05-30 21:05:00
2025-05-30 21:10:00,0.0,2025-05-30 21:10:00
2025-05-30 21:15:00,0.0,2025-05-30 21:15:00
2025-05-30 21:20:00,0.0,2025-05-30 21:20:00
2025-05-30 21:25:00,0.0,2025-05-30 21:25:00
2025-05-30 21:30:00,0.0,2025-05-30 21:30:00
2025-05-30 21:35:00,0.0,2025-05-30 21:35:00
2025-05-30 21:40:00,0.0,2025-05-30 21:40:00
2025-05-30 21:45:00,0.0,2025-05-30 21:45:00
2025-05-30 21:50:00,0.0,2025-05-30 21:50:00
2025-05-30 21:55:00,0.0,2025-05-30 21:55:00
2025-05-30 22:00:00,-2157.724,2025-05-30 22:00:00
2025-05-30 22:05:00,-2157.797,2025-05-30 22:05:00
2025-05-30 22:10:00,-2157.743,2025-05-30 22:10:00
2025-05-30 22:15:00,-2158.11,2025-05-30 22:15:00
2025-05-30 22:20:00,-2157.838,2025-05-30 22:20:00
2025-05-30 22:25:00,-2147.511,2025-05-30 22:25:00
2025-05-30 22:30:00,-2157.852,2025-05-30 22:30:00
2025-05-30 22:35:00,-2157.74,2025-05-30 22:35:00
2025-05-30 22:40:00,-2157.762,2025-05-30 22:40:00
2025-05-30 22:45:00,-2158.039,2025-05-30 22:45:00
2025-05-30 22:50:00,-2157.743,2025-05-30 22:50:00
2025-05-30 22:55:00,-2157.733,2025-05-30 22:55:00
2025-05-30 23:00:00,-2157.739,2025-05-30 23:00:00
2025-05-30 23:05:00,-2157.743,2025-05-30 23:05:00
2025-05-30 23:10:00,-2157.741,2025-05-30 23:10:00
2025-05-30 23:15:00,-2157.744,2025-05-30 23:15:00
2025-05-30 23:20:00,-2157.75,2025-05-30 23:20:00
2025-05-30 23:25:00,-2157.744,2025-05-30 23:25:00
2025-05-30 23:30:00,-2157.749,2025-05-30 23:30:00
2025-05-30 23:35:00,-2157.754,2025-05-30 23:35:00
2025-05-30 23:40:00,-2157.744,2025-05-30 23:40:00
2025-05-30 23:45:00,-2157.75,2025-05-30 23:45:00
2025-05-30 23:50:00,-2157.814,2025-05-30 23:50:00
2025-05-30 23:55:00,-2157.8,2025-05-30 23:55:00
2025-05-31 00:00:00,-2387.866,2025-05-31 00:00:00
2025-05-31 00:05:00,-2379.876,2025-05-31 00:05:00
2025-05-31 00:10:00,-2547.826,2025-05-31 00:10:00
2025-05-31 00:15:00,-2591.916,2025-05-31 00:15:00
2025-05-31 00:20:00,-2575.846,2025-05-31 00:20:00
2025-05-31 00:25:00,-2551.886,2025-05-31 00:25:00
2025-05-31 00:30:00,-2551.896,2025-05-31 00:30:00
2025-05-31 00:35:00,-2519.896,2025-05-31 00:35:00
2025-05-31 00:40:00,-2583.876,2025-05-31 00:40:00
2025-05-31 00:45:00,-2423.896,2025-05-31 00:45:00
2025-05-31 00:50:00,-2435.866,2025-05-31 00:50:00
2025-05-31 00:55:00,-2227.876,2025-05-31 00:55:00
2025-05-31 01:00:00,-2419.886,2025-05-31 01:00:00
2025-05-31 01:05:00,-2151.886,2025-05-31 01:05:00
2025-05-31 01:10:00,-2279.866,2025-05-31 01:10:00
2025-05-31 01:15:00,-2467.896,2025-05-31 01:15:00
2025-05-31 01:20:00,-2395.896,2025-05-31 01:20:00
2025-05-31 01:25:00,-2387.896,2025-05-31 01:25:00
2025-05-31 01:30:00,-2287.846,2025-05-31 01:30:00
2025-05-31 01:35:00,-2443.896,2025-05-31 01:35:00
2025-05-31 01:40:00,-2315.826,2025-05-31 01:40:00
2025-05-31 01:45:00,-2251.866,2025-05-31 01:45:00
2025-05-31 01:50:00,-2219.876,2025-05-31 01:50:00
2025-05-31 01:55:00,-2291.886,2025-05-31 01:55:00
2025-05-31 02:00:00,-2291.876,2025-05-31 02:00:00
2025-05-31 02:05:00,-2319.886,2025-05-31 02:05:00
2025-05-31 02:10:00,-2199.886,2025-05-31 02:10:00
2025-05-31 02:15:00,-2247.856,2025-05-31 02:15:00
2025-05-31 02:20:00,-2371.876,2025-05-31 02:20:00
2025-05-31 02:25:00,-2319.886,2025-05-31 02:25:00
2025-05-31 02:30:00,-2247.866,2025-05-31 02:30:00
2025-05-31 02:35:00,-2263.876,2025-05-31 02:35:00
2025-05-31 02:40:00,-2363.856,2025-05-31 02:40:00
2025-05-31 02:45:00,-2319.836,2025-05-31 02:45:00
2025-05-31 02:50:00,-2507.876,2025-05-31 02:50:00
2025-05-31 02:55:00,-2187.886,2025-05-31 02:55:00
2025-05-31 03:00:00,-2331.876,2025-05-31 03:00:00
2025-05-31 03:05:00,-2323.866,2025-05-31 03:05:00
2025-05-31 03:10:00,-2511.876,2025-05-31 03:10:00
2025-05-31 03:15:00,-2391.876,2025-05-31 03:15:00
2025-05-31 03:20:00,-2407.836,2025-05-31 03:20:00
2025-05-31 03:25:00,-2327.856,2025-05-31 03:25:00
2025-05-31 03:30:00,-2367.856,2025-05-31 03:30:00
2025-05-31 03:35:00,-2399.866,2025-05-31 03:35:00
2025-05-31 03:40:00,-2275.886,2025-05-31 03:40:00
2025-05-31 03:45:00,-2443.866,2025-05-31 03:45:00
2025-05-31 03:50:00,-2347.876,2025-05-31 03:50:00
2025-05-31 03:55:00,-2355.866,2025-05-31 03:55:00
2025-05-31 04:00:00,-2331.826,2025-05-31 04:00:00
2025-05-31 04:05:00,-2339.886,2025-05-31 04:05:00
2025-05-31 04:10:00,-2375.896,2025-05-31 04:10:00
2025-05-31 04:15:00,-2443.856,2025-05-31 04:15:00
2025-05-31 04:20:00,-2311.896,2025-05-31 04:20:00
2025-05-31 04:25:00,-2287.886,2025-05-31 04:25:00
2025-05-31 04:30:00,-2395.866,2025-05-31 04:30:00
2025-05-31 04:35:00,-2339.826,2025-05-31 04:35:00
2025-05-31 04:40:00,-2431.826,2025-05-31 04:40:00
2025-05-31 04:45:00,-2451.896,2025-05-31 04:45:00
2025-05-31 04:50:00,-2543.876,2025-05-31 04:50:00
2025-05-31 04:55:00,-2379.876,2025-05-31 04:55:00
2025-05-31 05:00:00,-2419.876,2025-05-31 05:00:00
2025-05-31 05:05:00,-2379.896,2025-05-31 05:05:00
2025-05-31 05:10:00,-2419.836,2025-05-31 05:10:00
2025-05-31 05:15:00,-2295.886,2025-05-31 05:15:00
2025-05-31 05:20:00,-2279.886,2025-05-31 05:20:00
2025-05-31 05:25:00,-2507.896,2025-05-31 05:25:00
2025-05-31 05:30:00,-2383.866,2025-05-31 05:30:00
2025-05-31 05:35:00,-2447.866,2025-05-31 05:35:00
2025-05-31 05:40:00,-2427.866,2025-05-31 05:40:00
2025-05-31 05:45:00,-2387.906,2025-05-31 05:45:00
2025-05-31 05:50:00,-2439.866,2025-05-31 05:50:00
2025-05-31 05:55:00,-2419.856,2025-05-31 05:55:00
2025-05-31 06:00:00,0.0,2025-05-31 06:00:00
2025-05-31 06:05:00,0.0,2025-05-31 06:05:00
2025-05-31 06:10:00,0.0,2025-05-31 06:10:00
2025-05-31 06:15:00,0.0,2025-05-31 06:15:00
2025-05-31 06:20:00,0.0,2025-05-31 06:20:00
2025-05-31 06:25:00,0.0,2025-05-31 06:25:00
2025-05-31 06:30:00,0.0,2025-05-31 06:30:00
2025-05-31 06:35:00,0.0,2025-05-31 06:35:00
2025-05-31 06:40:00,0.0,2025-05-31 06:40:00
2025-05-31 06:45:00,0.0,2025-05-31 06:45:00
2025-05-31 06:50:00,0.0,2025-05-31 06:50:00
2025-05-31 06:55:00,0.0,2025-05-31 06:55:00
2025-05-31 07:00:00,0.0,2025-05-31 07:00:00
2025-05-31 07:05:00,0.0,2025-05-31 07:05:00
2025-05-31 07:10:00,0.0,2025-05-31 07:10:00
2025-05-31 07:15:00,0.0,2025-05-31 07:15:00
2025-05-31 07:20:00,0.0,2025-05-31 07:20:00
2025-05-31 07:25:00,0.0,2025-05-31 07:25:00
2025-05-31 07:30:00,0.0,2025-05-31 07:30:00
2025-05-31 07:35:00,0.0,2025-05-31 07:35:00
2025-05-31 07:40:00,0.0,2025-05-31 07:40:00
2025-05-31 07:45:00,0.0,2025-05-31 07:45:00
2025-05-31 07:50:00,0.0,2025-05-31 07:50:00
2025-05-31 07:55:00,0.0,2025-05-31 07:55:00
2025-05-31 08:00:00,9000.0,2025-05-31 08:00:00
2025-05-31 08:05:00,9000.0,2025-05-31 08:05:00
2025-05-31 08:10:00,9000.0,2025-05-31 08:10:00
2025-05-31 08:15:00,9000.0,2025-05-31 08:15:00
2025-05-31 08:20:00,9000.0,2025-05-31 08:20:00
2025-05-31 08:25:00,9000.0,2025-05-31 08:25:00
2025-05-31 08:30:00,9000.0,2025-05-31 08:30:00
2025-05-31 08:35:00,9000.0,2025-05-31 08:35:00
2025-05-31 08:40:00,9000.0,2025-05-31 08:40:00
2025-05-31 08:45:00,9000.0,2025-05-31 08:45:00
2025-05-31 08:50:00,9000.0,2025-05-31 08:50:00
2025-05-31 08:55:00,9000.0,2025-05-31 08:55:00
2025-05-31 09:00:00,9000.0,2025-05-31 09:00:00
2025-05-31 09:05:00,9000.0,2025-05-31 09:05:00
2025-05-31 09:10:00,9000.0,2025-05-31 09:10:00
2025-05-31 09:15:00,9000.0,2025-05-31 09:15:00
2025-05-31 09:20:00,9000.0,2025-05-31 09:20:00
2025-05-31 09:25:00,9000.0,2025-05-31 09:25:00
2025-05-31 09:30:00,8999.999,2025-05-31 09:30:00
2025-05-31 09:35:00,8999.999,2025-05-31 09:35:00
2025-05-31 09:40:00,8999.998,2025-05-31 09:40:00
2025-05-31 09:45:00,5939.997,2025-05-31 09:45:00
2025-05-31 09:50:00,0.0,2025-05-31 09:50:00
2025-05-31 09:55:00,0.0,2025-05-31 09:55:00
2025-05-31 10:00:00,0.0,2025-05-31 10:00:00
2025-05-31 10:05:00,0.0,2025-05-31 10:05:00
2025-05-31 10:10:00,0.0,2025-05-31 10:10:00
2025-05-31 10:15:00,0.0,2025-05-31 10:15:00
2025-05-31 10:20:00,0.0,2025-05-31 10:20:00
2025-05-31 10:25:00,0.0,2025-05-31 10:25:00
2025-05-31 10:30:00,0.0,2025-05-31 10:30:00
2025-05-31 10:35:00,0.0,2025-05-31 10:35:00
2025-05-31 10:40:00,0.0,2025-05-31 10:40:00
2025-05-31 10:45:00,0.0,2025-05-31 10:45:00
2025-05-31 10:50:00,0.0,2025-05-31 10:50:00
2025-05-31 10:55:00,0.0,2025-05-31 10:55:00
2025-05-31 11:00:00,-2515.836,2025-05-31 11:00:00
2025-05-31 11:05:00,-2575.866,2025-05-31 11:05:00
2025-05-31 11:10:00,-2543.896,2025-05-31 11:10:00
2025-05-31 11:15:00,-2591.876,2025-05-31 11:15:00
2025-05-31 11:20:00,-2399.826,2025-05-31 11:20:00
2025-05-31 11:25:00,-2291.876,2025-05-31 11:25:00
2025-05-31 11:30:00,-2463.886,2025-05-31 11:30:00
2025-05-31 11:35:00,-2491.876,2025-05-31 11:35:00
2025-05-31 11:40:00,-2395.876,2025-05-31 11:40:00
2025-05-31 11:45:00,-2467.846,2025-05-31 11:45:00
2025-05-31 11:50:00,-2475.916,2025-05-31 11:50:00
2025-05-31 11:55:00,-2483.886,2025-05-31 11:55:00
2025-05-31 12:00:00,-2475.866,2025-05-31 12:00:00
2025-05-31 12:05:00,-2523.886,2025-05-31 12:05:00
2025-05-31 12:10:00,-2419.886,2025-05-31 12:10:00
2025-05-31 12:15:00,-2523.856,2025-05-31 12:15:00
2025-05-31 12:20:00,-2363.876,2025-05-31 12:20:00
2025-05-31 12:25:00,-2479.876,2025-05-31 12:25:00
2025-05-31 12:30:00,-2323.866,2025-05-31 12:30:00
2025-05-31 12:35:00,-2455.836,2025-05-31 12:35:00
2025-05-31 12:40:00,-2395.876,2025-05-31 12:40:00
2025-05-31 12:45:00,-2307.896,2025-05-31 12:45:00
2025-05-31 12:50:00,-2547.866,2025-05-31 12:50:00
2025-05-31 12:55:00,-2339.866,2025-05-31 12:55:00
2025-05-31 13:00:00,-2327.856,2025-05-31 13:00:00
2025-05-31 13:05:00,-2299.896,2025-05-31 13:05:00
2025-05-31 13:10:00,-2399.866,2025-05-31 13:10:00
2025-05-31 13:15:00,-2371.866,2025-05-31 13:15:00
2025-05-31 13:20:00,-2495.816,2025-05-31 13:20:00
2025-05-31 13:25:00,-2471.896,2025-05-31 13:25:00
2025-05-31 13:30:00,-2407.896,2025-05-31 13:30:00
2025-05-31 13:35:00,-2395.896,2025-05-31 13:35:00
2025-05-31 13:40:00,-2495.866,2025-05-31 13:40:00
2025-05-31 13:45:00,-2427.866,2025-05-31 13:45:00
2025-05-31 13:50:00,-2431.866,2025-05-31 13:50:00
2025-05-31 13:55:00,-2491.866,2025-05-31 13:55:00
2025-05-31 14:00:00,-2447.836,2025-05-31 14:00:00
2025-05-31 14:05:00,-2427.836,2025-05-31 14:05:00
2025-05-31 14:10:00,-2415.876,2025-05-31 14:10:00
2025-05-31 14:15:00,-2503.866,2025-05-31 14:15:00
2025-05-31 14:20:00,-2371.916,2025-05-31 14:20:00
2025-05-31 14:25:00,-2439.866,2025-05-31 14:25:00
2025-05-31 14:30:00,-2259.896,2025-05-31 14:30:00
2025-05-31 14:35:00,-2315.876,2025-05-31 14:35:00
2025-05-31 14:40:00,-2415.836,2025-05-31 14:40:00
2025-05-31 14:45:00,-2439.876,2025-05-31 14:45:00
2025-05-31 14:50:00,-2463.856,2025-05-31 14:50:00
2025-05-31 14:55:00,-2247.886,2025-05-31 14:55:00
2025-05-31 15:00:00,-2255.876,2025-05-31 15:00:00
2025-05-31 15:05:00,-2451.886,2025-05-31 15:05:00
2025-05-31 15:10:00,-2419.856,2025-05-31 15:10:00
2025-05-31 15:15:00,-2247.886,2025-05-31 15:15:00
2025-05-31 15:20:00,-2303.886,2025-05-31 15:20:00
2025-05-31 15:25:00,-2447.876,2025-05-31 15:25:00
2025-05-31 15:30:00,-2419.866,2025-05-31 15:30:00
2025-05-31 15:35:00,-2403.866,2025-05-31 15:35:00
2025-05-31 15:40:00,-2431.866,2025-05-31 15:40:00
2025-05-31 15:45:00,-2319.896,2025-05-31 15:45:00
2025-05-31 15:50:00,-2459.886,2025-05-31 15:50:00
2025-05-31 15:55:00,-2487.896,2025-05-31 15:55:00
2025-05-31 16:00:00,-2455.896,2025-05-31 16:00:00
2025-05-31 16:05:00,-2579.876,2025-05-31 16:05:00
2025-05-31 16:10:00,-2343.896,2025-05-31 16:10:00
2025-05-31 16:15:00,-2575.896,2025-05-31 16:15:00
2025-05-31 16:20:00,-2435.866,2025-05-31 16:20:00
2025-05-31 16:25:00,-2367.876,2025-05-31 16:25:00
2025-05-31 16:30:00,-2275.876,2025-05-31 16:30:00
2025-05-31 16:35:00,-2323.886,2025-05-31 16:35:00
2025-05-31 16:40:00,-2367.866,2025-05-31 16:40:00
2025-05-31 16:45:00,-2435.866,2025-05-31 16:45:00
2025-05-31 16:50:00,-2383.866,2025-05-31 16:50:00
2025-05-31 16:55:00,-2519.896,2025-05-31 16:55:00
2025-05-31 17:00:00,-2423.866,2025-05-31 17:00:00
2025-05-31 17:05:00,-2395.866,2025-05-31 17:05:00
2025-05-31 17:10:00,-2403.876,2025-05-31 17:10:00
2025-05-31 17:15:00,-2419.896,2025-05-31 17:15:00
2025-05-31 17:20:00,-2415.866,2025-05-31 17:20:00
2025-05-31 17:25:00,-2507.896,2025-05-31 17:25:00
2025-05-31 17:30:00,-2387.866,2025-05-31 17:30:00
2025-05-31 17:35:00,-2343.866,2025-05-31 17:35:00
2025-05-31 17:40:00,-2439.866,2025-05-31 17:40:00
2025-05-31 17:45:00,-2439.886,2025-05-31 17:45:00
2025-05-31 17:50:00,-2311.896,2025-05-31 17:50:00
2025-05-31 17:55:00,-2459.906,2025-05-31 17:55:00
2025-05-31 18:00:00,9000.0,2025-05-31 18:00:00
2025-05-31 18:05:00,9000.0,2025-05-31 18:05:00
2025-05-31 18:10:00,9000.0,2025-05-31 18:10:00
2025-05-31 18:15:00,9000.0,2025-05-31 18:15:00
2025-05-31 18:20:00,9000.0,2025-05-31 18:20:00
2025-05-31 18:25:00,9000.0,2025-05-31 18:25:00
2025-05-31 18:30:00,9000.0,2025-05-31 18:30:00
2025-05-31 18:35:00,9000.0,2025-05-31 18:35:00
2025-05-31 18:40:00,9000.0,2025-05-31 18:40:00
2025-05-31 18:45:00,9000.0,2025-05-31 18:45:00
2025-05-31 18:50:00,9000.0,2025-05-31 18:50:00
2025-05-31 18:55:00,9000.0,2025-05-31 18:55:00
2025-05-31 19:00:00,9000.0,2025-05-31 19:00:00
2025-05-31 19:05:00,9000.0,2025-05-31 19:05:00
2025-05-31 19:10:00,9000.0,2025-05-31 19:10:00
2025-05-31 19:15:00,9000.0,2025-05-31 19:15:00
2025-05-31 19:20:00,8999.999,2025-05-31 19:20:00
2025-05-31 19:25:00,8999.999,2025-05-31 19:25:00
2025-05-31 19:30:00,8999.998,2025-05-31 19:30:00
2025-05-31 19:35:00,6678.459,2025-05-31 19:35:00
2025-05-31 19:40:00,0.0,2025-05-31 19:40:00
2025-05-31 19:45:00,0.0,2025-05-31 19:45:00
2025-05-31 19:50:00,0.0,2025-05-31 19:50:00
2025-05-31 19:55:00,0.0,2025-05-31 19:55:00
2025-05-31 20:00:00,0.0,2025-05-31 20:00:00
2025-05-31 20:05:00,0.0,2025-05-31 20:05:00
2025-05-31 20:10:00,0.0,2025-05-31 20:10:00
2025-05-31 20:15:00,0.0,2025-05-31 20:15:00
2025-05-31 20:20:00,0.0,2025-05-31 20:20:00
2025-05-31 20:25:00,0.0,2025-05-31 20:25:00
2025-05-31 20:30:00,0.0,2025-05-31 20:30:00
2025-05-31 20:35:00,0.0,2025-05-31 20:35:00
2025-05-31 20:40:00,0.0,2025-05-31 20:40:00
2025-05-31 20:45:00,0.0,2025-05-31 20:45:00
2025-05-31 20:50:00,0.0,2025-05-31 20:50:00
2025-05-31 20:55:00,0.0,2025-05-31 20:55:00
2025-05-31 21:00:00,0.0,2025-05-31 21:00:00
2025-05-31 21:05:00,0.0,2025-05-31 21:05:00
2025-05-31 21:10:00,0.0,2025-05-31 21:10:00
2025-05-31 21:15:00,0.0,2025-05-31 21:15:00
2025-05-31 21:20:00,0.0,2025-05-31 21:20:00
2025-05-31 21:25:00,0.0,2025-05-31 21:25:00
2025-05-31 21:30:00,0.0,2025-05-31 21:30:00
2025-05-31 21:35:00,0.0,2025-05-31 21:35:00
2025-05-31 21:40:00,0.0,2025-05-31 21:40:00
2025-05-31 21:45:00,0.0,2025-05-31 21:45:00
2025-05-31 21:50:00,0.0,2025-05-31 21:50:00
2025-05-31 21:55:00,0.0,2025-05-31 21:55:00
2025-05-31 22:00:00,-2291.873,2025-05-31 22:00:00
2025-05-31 22:05:00,-2367.874,2025-05-31 22:05:00
2025-05-31 22:10:00,-2343.86,2025-05-31 22:10:00
2025-05-31 22:15:00,-2311.852,2025-05-31 22:15:00
2025-05-31 22:20:00,-2376.937,2025-05-31 22:20:00
2025-05-31 22:25:00,-2376.963,2025-05-31 22:25:00
2025-05-31 22:30:00,-2377.239,2025-05-31 22:30:00
2025-05-31 22:35:00,-2377.237,2025-05-31 22:35:00
2025-05-31 22:40:00,-2255.884,2025-05-31 22:40:00
2025-05-31 22:45:00,-2377.233,2025-05-31 22:45:00
2025-05-31 22:50:00,-2376.951,2025-05-31 22:50:00
2025-05-31 22:55:00,-2377.1,2025-05-31 22:55:00
2025-05-31 23:00:00,-2376.867,2025-05-31 23:00:00
2025-05-31 23:05:00,-2311.872,2025-05-31 23:05:00
2025-05-31 23:10:00,-2327.892,2025-05-31 23:10:00
2025-05-31 23:15:00,-2376.875,2025-05-31 23:15:00
2025-05-31 23:20:00,-2376.934,2025-05-31 23:20:00
2025-05-31 23:25:00,-2255.864,2025-05-31 23:25:00
2025-05-31 23:30:00,-2377.061,2025-05-31 23:30:00
2025-05-31 23:35:00,-2275.883,2025-05-31 23:35:00
2025-05-31 23:40:00,-2376.808,2025-05-31 23:40:00
2025-05-31 23:45:00,-2331.811,2025-05-31 23:45:00
2025-05-31 23:50:00,-2376.719,2025-05-31 23:50:00
2025-05-31 23:55:00,-2376.745,2025-05-31 23:55:00
