,power_opt,time
2025-05-01 00:00:00,-2455.779,2025-05-01 00:00:00
2025-05-01 00:05:00,-2395.789,2025-05-01 00:05:00
2025-05-01 00:10:00,-2451.759,2025-05-01 00:10:00
2025-05-01 00:15:00,-2423.779,2025-05-01 00:15:00
2025-05-01 00:20:00,-2391.779,2025-05-01 00:20:00
2025-05-01 00:25:00,-2423.789,2025-05-01 00:25:00
2025-05-01 00:30:00,-2447.779,2025-05-01 00:30:00
2025-05-01 00:35:00,-2515.779,2025-05-01 00:35:00
2025-05-01 00:40:00,-2407.729,2025-05-01 00:40:00
2025-05-01 00:45:00,-2523.769,2025-05-01 00:45:00
2025-05-01 00:50:00,-2503.779,2025-05-01 00:50:00
2025-05-01 00:55:00,-2519.749,2025-05-01 00:55:00
2025-05-01 01:00:00,-2447.759,2025-05-01 01:00:00
2025-05-01 01:05:00,-2499.729,2025-05-01 01:05:00
2025-05-01 01:10:00,-2431.749,2025-05-01 01:10:00
2025-05-01 01:15:00,-2403.769,2025-05-01 01:15:00
2025-05-01 01:20:00,-2511.739,2025-05-01 01:20:00
2025-05-01 01:25:00,-2479.769,2025-05-01 01:25:00
2025-05-01 01:30:00,-2467.749,2025-05-01 01:30:00
2025-05-01 01:35:00,-2515.749,2025-05-01 01:35:00
2025-05-01 01:40:00,-2471.739,2025-05-01 01:40:00
2025-05-01 01:45:00,-2503.789,2025-05-01 01:45:00
2025-05-01 01:50:00,-2563.779,2025-05-01 01:50:00
2025-05-01 01:55:00,-2503.759,2025-05-01 01:55:00
2025-05-01 02:00:00,-2591.749,2025-05-01 02:00:00
2025-05-01 02:05:00,-2571.759,2025-05-01 02:05:00
2025-05-01 02:10:00,-2663.769,2025-05-01 02:10:00
2025-05-01 02:15:00,-2563.749,2025-05-01 02:15:00
2025-05-01 02:20:00,-2591.729,2025-05-01 02:20:00
2025-05-01 02:25:00,-2555.779,2025-05-01 02:25:00
2025-05-01 02:30:00,-2611.759,2025-05-01 02:30:00
2025-05-01 02:35:00,-2695.749,2025-05-01 02:35:00
2025-05-01 02:40:00,-2739.779,2025-05-01 02:40:00
2025-05-01 02:45:00,-2623.729,2025-05-01 02:45:00
2025-05-01 02:50:00,-2507.759,2025-05-01 02:50:00
2025-05-01 02:55:00,-2487.759,2025-05-01 02:55:00
2025-05-01 03:00:00,-2431.779,2025-05-01 03:00:00
2025-05-01 03:05:00,-2523.769,2025-05-01 03:05:00
2025-05-01 03:10:00,-2371.809,2025-05-01 03:10:00
2025-05-01 03:15:00,-2447.789,2025-05-01 03:15:00
2025-05-01 03:20:00,-2515.729,2025-05-01 03:20:00
2025-05-01 03:25:00,-2435.759,2025-05-01 03:25:00
2025-05-01 03:30:00,-2463.789,2025-05-01 03:30:00
2025-05-01 03:35:00,-2535.769,2025-05-01 03:35:00
2025-05-01 03:40:00,-2475.779,2025-05-01 03:40:00
2025-05-01 03:45:00,-2467.789,2025-05-01 03:45:00
2025-05-01 03:50:00,-2491.779,2025-05-01 03:50:00
2025-05-01 03:55:00,-2471.769,2025-05-01 03:55:00
2025-05-01 04:00:00,-2475.779,2025-05-01 04:00:00
2025-05-01 04:05:00,-2511.769,2025-05-01 04:05:00
2025-05-01 04:10:00,-2507.769,2025-05-01 04:10:00
2025-05-01 04:15:00,-2735.769,2025-05-01 04:15:00
2025-05-01 04:20:00,-2771.769,2025-05-01 04:20:00
2025-05-01 04:25:00,-2519.749,2025-05-01 04:25:00
2025-05-01 04:30:00,-2495.759,2025-05-01 04:30:00
2025-05-01 04:35:00,-2455.789,2025-05-01 04:35:00
2025-05-01 04:40:00,-2499.789,2025-05-01 04:40:00
2025-05-01 04:45:00,-2487.709,2025-05-01 04:45:00
2025-05-01 04:50:00,-2479.759,2025-05-01 04:50:00
2025-05-01 04:55:00,-2575.749,2025-05-01 04:55:00
2025-05-01 05:00:00,-2487.799,2025-05-01 05:00:00
2025-05-01 05:05:00,-2471.749,2025-05-01 05:05:00
2025-05-01 05:10:00,-2435.759,2025-05-01 05:10:00
2025-05-01 05:15:00,-2499.789,2025-05-01 05:15:00
2025-05-01 05:20:00,-2531.769,2025-05-01 05:20:00
2025-05-01 05:25:00,-2511.779,2025-05-01 05:25:00
2025-05-01 05:30:00,-2511.749,2025-05-01 05:30:00
2025-05-01 05:35:00,-2547.789,2025-05-01 05:35:00
2025-05-01 05:40:00,-2655.749,2025-05-01 05:40:00
2025-05-01 05:45:00,-2583.749,2025-05-01 05:45:00
2025-05-01 05:50:00,-2631.759,2025-05-01 05:50:00
2025-05-01 05:55:00,-2575.749,2025-05-01 05:55:00
2025-05-01 06:00:00,0.0,2025-05-01 06:00:00
2025-05-01 06:05:00,0.0,2025-05-01 06:05:00
2025-05-01 06:10:00,0.0,2025-05-01 06:10:00
2025-05-01 06:15:00,0.0,2025-05-01 06:15:00
2025-05-01 06:20:00,0.0,2025-05-01 06:20:00
2025-05-01 06:25:00,0.0,2025-05-01 06:25:00
2025-05-01 06:30:00,0.0,2025-05-01 06:30:00
2025-05-01 06:35:00,0.0,2025-05-01 06:35:00
2025-05-01 06:40:00,0.0,2025-05-01 06:40:00
2025-05-01 06:45:00,0.0,2025-05-01 06:45:00
2025-05-01 06:50:00,0.0,2025-05-01 06:50:00
2025-05-01 06:55:00,0.0,2025-05-01 06:55:00
2025-05-01 07:00:00,0.0,2025-05-01 07:00:00
2025-05-01 07:05:00,0.0,2025-05-01 07:05:00
2025-05-01 07:10:00,0.0,2025-05-01 07:10:00
2025-05-01 07:15:00,0.0,2025-05-01 07:15:00
2025-05-01 07:20:00,0.0,2025-05-01 07:20:00
2025-05-01 07:25:00,0.0,2025-05-01 07:25:00
2025-05-01 07:30:00,0.0,2025-05-01 07:30:00
2025-05-01 07:35:00,0.0,2025-05-01 07:35:00
2025-05-01 07:40:00,0.0,2025-05-01 07:40:00
2025-05-01 07:45:00,0.0,2025-05-01 07:45:00
2025-05-01 07:50:00,0.0,2025-05-01 07:50:00
2025-05-01 07:55:00,0.0,2025-05-01 07:55:00
2025-05-01 08:00:00,9000.0,2025-05-01 08:00:00
2025-05-01 08:05:00,9000.0,2025-05-01 08:05:00
2025-05-01 08:10:00,9000.0,2025-05-01 08:10:00
2025-05-01 08:15:00,9000.0,2025-05-01 08:15:00
2025-05-01 08:20:00,9000.0,2025-05-01 08:20:00
2025-05-01 08:25:00,9000.0,2025-05-01 08:25:00
2025-05-01 08:30:00,9000.0,2025-05-01 08:30:00
2025-05-01 08:35:00,9000.0,2025-05-01 08:35:00
2025-05-01 08:40:00,9000.0,2025-05-01 08:40:00
2025-05-01 08:45:00,9000.0,2025-05-01 08:45:00
2025-05-01 08:50:00,9000.0,2025-05-01 08:50:00
2025-05-01 08:55:00,9000.0,2025-05-01 08:55:00
2025-05-01 09:00:00,9000.0,2025-05-01 09:00:00
2025-05-01 09:05:00,9000.0,2025-05-01 09:05:00
2025-05-01 09:10:00,9000.0,2025-05-01 09:10:00
2025-05-01 09:15:00,9000.0,2025-05-01 09:15:00
2025-05-01 09:20:00,9000.0,2025-05-01 09:20:00
2025-05-01 09:25:00,9000.0,2025-05-01 09:25:00
2025-05-01 09:30:00,9000.0,2025-05-01 09:30:00
2025-05-01 09:35:00,9000.0,2025-05-01 09:35:00
2025-05-01 09:40:00,8999.999,2025-05-01 09:40:00
2025-05-01 09:45:00,5940.0,2025-05-01 09:45:00
2025-05-01 09:50:00,0.0,2025-05-01 09:50:00
2025-05-01 09:55:00,0.0,2025-05-01 09:55:00
2025-05-01 10:00:00,0.0,2025-05-01 10:00:00
2025-05-01 10:05:00,0.0,2025-05-01 10:05:00
2025-05-01 10:10:00,0.0,2025-05-01 10:10:00
2025-05-01 10:15:00,0.0,2025-05-01 10:15:00
2025-05-01 10:20:00,0.0,2025-05-01 10:20:00
2025-05-01 10:25:00,0.0,2025-05-01 10:25:00
2025-05-01 10:30:00,0.0,2025-05-01 10:30:00
2025-05-01 10:35:00,0.0,2025-05-01 10:35:00
2025-05-01 10:40:00,0.0,2025-05-01 10:40:00
2025-05-01 10:45:00,0.0,2025-05-01 10:45:00
2025-05-01 10:50:00,0.0,2025-05-01 10:50:00
2025-05-01 10:55:00,0.0,2025-05-01 10:55:00
2025-05-01 11:00:00,-2751.759,2025-05-01 11:00:00
2025-05-01 11:05:00,-2799.729,2025-05-01 11:05:00
2025-05-01 11:10:00,-2667.719,2025-05-01 11:10:00
2025-05-01 11:15:00,-2775.739,2025-05-01 11:15:00
2025-05-01 11:20:00,-2679.769,2025-05-01 11:20:00
2025-05-01 11:25:00,-2735.769,2025-05-01 11:25:00
2025-05-01 11:30:00,-2771.779,2025-05-01 11:30:00
2025-05-01 11:35:00,-2707.789,2025-05-01 11:35:00
2025-05-01 11:40:00,-2727.749,2025-05-01 11:40:00
2025-05-01 11:45:00,-2823.769,2025-05-01 11:45:00
2025-05-01 11:50:00,-2787.749,2025-05-01 11:50:00
2025-05-01 11:55:00,-2819.709,2025-05-01 11:55:00
2025-05-01 12:00:00,-2663.749,2025-05-01 12:00:00
2025-05-01 12:05:00,-2715.789,2025-05-01 12:05:00
2025-05-01 12:10:00,-2635.779,2025-05-01 12:10:00
2025-05-01 12:15:00,-2575.739,2025-05-01 12:15:00
2025-05-01 12:20:00,-2695.739,2025-05-01 12:20:00
2025-05-01 12:25:00,-2727.799,2025-05-01 12:25:00
2025-05-01 12:30:00,-2723.749,2025-05-01 12:30:00
2025-05-01 12:35:00,-2699.759,2025-05-01 12:35:00
2025-05-01 12:40:00,-2495.779,2025-05-01 12:40:00
2025-05-01 12:45:00,-2383.739,2025-05-01 12:45:00
2025-05-01 12:50:00,-2363.739,2025-05-01 12:50:00
2025-05-01 12:55:00,-2303.749,2025-05-01 12:55:00
2025-05-01 13:00:00,-2199.739,2025-05-01 13:00:00
2025-05-01 13:05:00,-2183.779,2025-05-01 13:05:00
2025-05-01 13:10:00,-2267.739,2025-05-01 13:10:00
2025-05-01 13:15:00,-2183.789,2025-05-01 13:15:00
2025-05-01 13:20:00,-2211.759,2025-05-01 13:20:00
2025-05-01 13:25:00,-2411.749,2025-05-01 13:25:00
2025-05-01 13:30:00,-2291.749,2025-05-01 13:30:00
2025-05-01 13:35:00,-2307.769,2025-05-01 13:35:00
2025-05-01 13:40:00,-2391.759,2025-05-01 13:40:00
2025-05-01 13:45:00,-2343.779,2025-05-01 13:45:00
2025-05-01 13:50:00,-2295.769,2025-05-01 13:50:00
2025-05-01 13:55:00,-2471.739,2025-05-01 13:55:00
2025-05-01 14:00:00,-2411.769,2025-05-01 14:00:00
2025-05-01 14:05:00,-2435.759,2025-05-01 14:05:00
2025-05-01 14:10:00,-2503.749,2025-05-01 14:10:00
2025-05-01 14:15:00,-2267.749,2025-05-01 14:15:00
2025-05-01 14:20:00,-2435.789,2025-05-01 14:20:00
2025-05-01 14:25:00,-2639.739,2025-05-01 14:25:00
2025-05-01 14:30:00,-2287.739,2025-05-01 14:30:00
2025-05-01 14:35:00,-2287.779,2025-05-01 14:35:00
2025-05-01 14:40:00,-2515.799,2025-05-01 14:40:00
2025-05-01 14:45:00,-2591.799,2025-05-01 14:45:00
2025-05-01 14:50:00,-2627.769,2025-05-01 14:50:00
2025-05-01 14:55:00,-2739.739,2025-05-01 14:55:00
2025-05-01 15:00:00,-2791.749,2025-05-01 15:00:00
2025-05-01 15:05:00,-2995.759,2025-05-01 15:05:00
2025-05-01 15:10:00,-2983.779,2025-05-01 15:10:00
2025-05-01 15:15:00,-2911.749,2025-05-01 15:15:00
2025-05-01 15:20:00,-2787.779,2025-05-01 15:20:00
2025-05-01 15:25:00,-2895.719,2025-05-01 15:25:00
2025-05-01 15:30:00,-2939.789,2025-05-01 15:30:00
2025-05-01 15:35:00,-3007.749,2025-05-01 15:35:00
2025-05-01 15:40:00,-2727.749,2025-05-01 15:40:00
2025-05-01 15:45:00,-2635.789,2025-05-01 15:45:00
2025-05-01 15:50:00,-2767.759,2025-05-01 15:50:00
2025-05-01 15:55:00,-2755.769,2025-05-01 15:55:00
2025-05-01 16:00:00,-2739.719,2025-05-01 16:00:00
2025-05-01 16:05:00,-2679.739,2025-05-01 16:05:00
2025-05-01 16:10:00,-2651.729,2025-05-01 16:10:00
2025-05-01 16:15:00,-2623.789,2025-05-01 16:15:00
2025-05-01 16:20:00,-2647.789,2025-05-01 16:20:00
2025-05-01 16:25:00,-2639.749,2025-05-01 16:25:00
2025-05-01 16:30:00,-2611.789,2025-05-01 16:30:00
2025-05-01 16:35:00,-2591.729,2025-05-01 16:35:00
2025-05-01 16:40:00,-2871.739,2025-05-01 16:40:00
2025-05-01 16:45:00,-2627.749,2025-05-01 16:45:00
2025-05-01 16:50:00,-2703.749,2025-05-01 16:50:00
2025-05-01 16:55:00,-2723.749,2025-05-01 16:55:00
2025-05-01 17:00:00,-2759.779,2025-05-01 17:00:00
2025-05-01 17:05:00,-2719.769,2025-05-01 17:05:00
2025-05-01 17:10:00,-2679.739,2025-05-01 17:10:00
2025-05-01 17:15:00,-2855.759,2025-05-01 17:15:00
2025-05-01 17:20:00,-2767.739,2025-05-01 17:20:00
2025-05-01 17:25:00,-2835.769,2025-05-01 17:25:00
2025-05-01 17:30:00,-2571.769,2025-05-01 17:30:00
2025-05-01 17:35:00,-2683.789,2025-05-01 17:35:00
2025-05-01 17:40:00,-2627.749,2025-05-01 17:40:00
2025-05-01 17:45:00,-2687.739,2025-05-01 17:45:00
2025-05-01 17:50:00,-2695.759,2025-05-01 17:50:00
2025-05-01 17:55:00,-2643.779,2025-05-01 17:55:00
2025-05-01 18:00:00,9000.0,2025-05-01 18:00:00
2025-05-01 18:05:00,9000.0,2025-05-01 18:05:00
2025-05-01 18:10:00,9000.0,2025-05-01 18:10:00
2025-05-01 18:15:00,9000.0,2025-05-01 18:15:00
2025-05-01 18:20:00,9000.0,2025-05-01 18:20:00
2025-05-01 18:25:00,9000.0,2025-05-01 18:25:00
2025-05-01 18:30:00,9000.0,2025-05-01 18:30:00
2025-05-01 18:35:00,9000.0,2025-05-01 18:35:00
2025-05-01 18:40:00,9000.0,2025-05-01 18:40:00
2025-05-01 18:45:00,9000.0,2025-05-01 18:45:00
2025-05-01 18:50:00,9000.0,2025-05-01 18:50:00
2025-05-01 18:55:00,9000.0,2025-05-01 18:55:00
2025-05-01 19:00:00,9000.0,2025-05-01 19:00:00
2025-05-01 19:05:00,9000.0,2025-05-01 19:05:00
2025-05-01 19:10:00,9000.0,2025-05-01 19:10:00
2025-05-01 19:15:00,9000.0,2025-05-01 19:15:00
2025-05-01 19:20:00,9000.0,2025-05-01 19:20:00
2025-05-01 19:25:00,9000.0,2025-05-01 19:25:00
2025-05-01 19:30:00,9000.0,2025-05-01 19:30:00
2025-05-01 19:35:00,9000.0,2025-05-01 19:35:00
2025-05-01 19:40:00,8999.999,2025-05-01 19:40:00
2025-05-01 19:45:00,3440.59,2025-05-01 19:45:00
2025-05-01 19:50:00,0.0,2025-05-01 19:50:00
2025-05-01 19:55:00,0.0,2025-05-01 19:55:00
2025-05-01 20:00:00,0.0,2025-05-01 20:00:00
2025-05-01 20:05:00,0.0,2025-05-01 20:05:00
2025-05-01 20:10:00,0.0,2025-05-01 20:10:00
2025-05-01 20:15:00,0.0,2025-05-01 20:15:00
2025-05-01 20:20:00,0.0,2025-05-01 20:20:00
2025-05-01 20:25:00,0.0,2025-05-01 20:25:00
2025-05-01 20:30:00,0.0,2025-05-01 20:30:00
2025-05-01 20:35:00,0.0,2025-05-01 20:35:00
2025-05-01 20:40:00,0.0,2025-05-01 20:40:00
2025-05-01 20:45:00,0.0,2025-05-01 20:45:00
2025-05-01 20:50:00,0.0,2025-05-01 20:50:00
2025-05-01 20:55:00,0.0,2025-05-01 20:55:00
2025-05-01 21:00:00,0.0,2025-05-01 21:00:00
2025-05-01 21:05:00,0.0,2025-05-01 21:05:00
2025-05-01 21:10:00,0.0,2025-05-01 21:10:00
2025-05-01 21:15:00,0.0,2025-05-01 21:15:00
2025-05-01 21:20:00,0.0,2025-05-01 21:20:00
2025-05-01 21:25:00,0.0,2025-05-01 21:25:00
2025-05-01 21:30:00,0.0,2025-05-01 21:30:00
2025-05-01 21:35:00,0.0,2025-05-01 21:35:00
2025-05-01 21:40:00,0.0,2025-05-01 21:40:00
2025-05-01 21:45:00,0.0,2025-05-01 21:45:00
2025-05-01 21:50:00,0.0,2025-05-01 21:50:00
2025-05-01 21:55:00,0.0,2025-05-01 21:55:00
2025-05-01 22:00:00,-2323.384,2025-05-01 22:00:00
2025-05-01 22:05:00,-2323.377,2025-05-01 22:05:00
2025-05-01 22:10:00,-2323.394,2025-05-01 22:10:00
2025-05-01 22:15:00,-2323.439,2025-05-01 22:15:00
2025-05-01 22:20:00,-2323.387,2025-05-01 22:20:00
2025-05-01 22:25:00,-2323.377,2025-05-01 22:25:00
2025-05-01 22:30:00,-2323.389,2025-05-01 22:30:00
2025-05-01 22:35:00,-2323.406,2025-05-01 22:35:00
2025-05-01 22:40:00,-2323.378,2025-05-01 22:40:00
2025-05-01 22:45:00,-2323.382,2025-05-01 22:45:00
2025-05-01 22:50:00,-2323.376,2025-05-01 22:50:00
2025-05-01 22:55:00,-2323.373,2025-05-01 22:55:00
2025-05-01 23:00:00,-2323.371,2025-05-01 23:00:00
2025-05-01 23:05:00,-2323.373,2025-05-01 23:05:00
2025-05-01 23:10:00,-2323.369,2025-05-01 23:10:00
2025-05-01 23:15:00,-2323.367,2025-05-01 23:15:00
2025-05-01 23:20:00,-2323.368,2025-05-01 23:20:00
2025-05-01 23:25:00,-2323.367,2025-05-01 23:25:00
2025-05-01 23:30:00,-2323.361,2025-05-01 23:30:00
2025-05-01 23:35:00,-2323.433,2025-05-01 23:35:00
2025-05-01 23:40:00,-2323.371,2025-05-01 23:40:00
2025-05-01 23:45:00,-2323.356,2025-05-01 23:45:00
2025-05-01 23:50:00,-2323.352,2025-05-01 23:50:00
2025-05-01 23:55:00,-2323.352,2025-05-01 23:55:00
2025-05-02 00:00:00,-2323.357,2025-05-02 00:00:00
2025-05-02 00:05:00,-2323.364,2025-05-02 00:05:00
2025-05-02 00:10:00,-2323.356,2025-05-02 00:10:00
2025-05-02 00:15:00,-2323.378,2025-05-02 00:15:00
2025-05-02 00:20:00,-2323.364,2025-05-02 00:20:00
2025-05-02 00:25:00,-2323.369,2025-05-02 00:25:00
2025-05-02 00:30:00,-2323.385,2025-05-02 00:30:00
2025-05-02 00:35:00,-2323.675,2025-05-02 00:35:00
2025-05-02 00:40:00,-2323.365,2025-05-02 00:40:00
2025-05-02 00:45:00,-2323.342,2025-05-02 00:45:00
2025-05-02 00:50:00,-2323.403,2025-05-02 00:50:00
2025-05-02 00:55:00,-2323.348,2025-05-02 00:55:00
2025-05-02 01:00:00,-2323.354,2025-05-02 01:00:00
2025-05-02 01:05:00,-2323.368,2025-05-02 01:05:00
2025-05-02 01:10:00,-2323.393,2025-05-02 01:10:00
2025-05-02 01:15:00,-2323.341,2025-05-02 01:15:00
2025-05-02 01:20:00,-2323.369,2025-05-02 01:20:00
2025-05-02 01:25:00,-2323.428,2025-05-02 01:25:00
2025-05-02 01:30:00,-2323.338,2025-05-02 01:30:00
2025-05-02 01:35:00,-2323.346,2025-05-02 01:35:00
2025-05-02 01:40:00,-2323.341,2025-05-02 01:40:00
2025-05-02 01:45:00,-2323.341,2025-05-02 01:45:00
2025-05-02 01:50:00,-2323.342,2025-05-02 01:50:00
2025-05-02 01:55:00,-2323.357,2025-05-02 01:55:00
2025-05-02 02:00:00,-2323.353,2025-05-02 02:00:00
2025-05-02 02:05:00,-2323.351,2025-05-02 02:05:00
2025-05-02 02:10:00,-2323.361,2025-05-02 02:10:00
2025-05-02 02:15:00,-2323.351,2025-05-02 02:15:00
2025-05-02 02:20:00,-2323.348,2025-05-02 02:20:00
2025-05-02 02:25:00,-2323.348,2025-05-02 02:25:00
2025-05-02 02:30:00,-2323.345,2025-05-02 02:30:00
2025-05-02 02:35:00,-2323.357,2025-05-02 02:35:00
2025-05-02 02:40:00,-2323.364,2025-05-02 02:40:00
2025-05-02 02:45:00,-2323.356,2025-05-02 02:45:00
2025-05-02 02:50:00,-2323.357,2025-05-02 02:50:00
2025-05-02 02:55:00,-2323.358,2025-05-02 02:55:00
2025-05-02 03:00:00,-2323.367,2025-05-02 03:00:00
2025-05-02 03:05:00,-2323.368,2025-05-02 03:05:00
2025-05-02 03:10:00,-2323.359,2025-05-02 03:10:00
2025-05-02 03:15:00,-2323.363,2025-05-02 03:15:00
2025-05-02 03:20:00,-2323.369,2025-05-02 03:20:00
2025-05-02 03:25:00,-2323.385,2025-05-02 03:25:00
2025-05-02 03:30:00,-2323.365,2025-05-02 03:30:00
2025-05-02 03:35:00,-2323.374,2025-05-02 03:35:00
2025-05-02 03:40:00,-2323.366,2025-05-02 03:40:00
2025-05-02 03:45:00,-2323.359,2025-05-02 03:45:00
2025-05-02 03:50:00,-2323.362,2025-05-02 03:50:00
2025-05-02 03:55:00,-2323.362,2025-05-02 03:55:00
2025-05-02 04:00:00,-2323.373,2025-05-02 04:00:00
2025-05-02 04:05:00,-2323.36,2025-05-02 04:05:00
2025-05-02 04:10:00,-2323.361,2025-05-02 04:10:00
2025-05-02 04:15:00,-2323.387,2025-05-02 04:15:00
2025-05-02 04:20:00,-2323.362,2025-05-02 04:20:00
2025-05-02 04:25:00,-2323.365,2025-05-02 04:25:00
2025-05-02 04:30:00,-2323.359,2025-05-02 04:30:00
2025-05-02 04:35:00,-2323.359,2025-05-02 04:35:00
2025-05-02 04:40:00,-2323.362,2025-05-02 04:40:00
2025-05-02 04:45:00,-2323.365,2025-05-02 04:45:00
2025-05-02 04:50:00,-2323.365,2025-05-02 04:50:00
2025-05-02 04:55:00,-2323.368,2025-05-02 04:55:00
2025-05-02 05:00:00,-2323.357,2025-05-02 05:00:00
2025-05-02 05:05:00,-2323.358,2025-05-02 05:05:00
2025-05-02 05:10:00,-2323.376,2025-05-02 05:10:00
2025-05-02 05:15:00,-2323.358,2025-05-02 05:15:00
2025-05-02 05:20:00,-2323.356,2025-05-02 05:20:00
2025-05-02 05:25:00,-2323.358,2025-05-02 05:25:00
2025-05-02 05:30:00,-2323.371,2025-05-02 05:30:00
2025-05-02 05:35:00,-2323.353,2025-05-02 05:35:00
2025-05-02 05:40:00,-2323.383,2025-05-02 05:40:00
2025-05-02 05:45:00,-2323.352,2025-05-02 05:45:00
2025-05-02 05:50:00,-2323.35,2025-05-02 05:50:00
2025-05-02 05:55:00,-2323.348,2025-05-02 05:55:00
2025-05-02 06:00:00,0.0,2025-05-02 06:00:00
2025-05-02 06:05:00,0.0,2025-05-02 06:05:00
2025-05-02 06:10:00,0.0,2025-05-02 06:10:00
2025-05-02 06:15:00,0.0,2025-05-02 06:15:00
2025-05-02 06:20:00,0.0,2025-05-02 06:20:00
2025-05-02 06:25:00,0.0,2025-05-02 06:25:00
2025-05-02 06:30:00,0.0,2025-05-02 06:30:00
2025-05-02 06:35:00,0.0,2025-05-02 06:35:00
2025-05-02 06:40:00,0.0,2025-05-02 06:40:00
2025-05-02 06:45:00,0.0,2025-05-02 06:45:00
2025-05-02 06:50:00,0.0,2025-05-02 06:50:00
2025-05-02 06:55:00,0.0,2025-05-02 06:55:00
2025-05-02 07:00:00,0.0,2025-05-02 07:00:00
2025-05-02 07:05:00,0.0,2025-05-02 07:05:00
2025-05-02 07:10:00,0.0,2025-05-02 07:10:00
2025-05-02 07:15:00,0.0,2025-05-02 07:15:00
2025-05-02 07:20:00,0.0,2025-05-02 07:20:00
2025-05-02 07:25:00,0.0,2025-05-02 07:25:00
2025-05-02 07:30:00,0.0,2025-05-02 07:30:00
2025-05-02 07:35:00,0.0,2025-05-02 07:35:00
2025-05-02 07:40:00,0.0,2025-05-02 07:40:00
2025-05-02 07:45:00,0.0,2025-05-02 07:45:00
2025-05-02 07:50:00,0.0,2025-05-02 07:50:00
2025-05-02 07:55:00,0.0,2025-05-02 07:55:00
2025-05-02 08:00:00,9000.0,2025-05-02 08:00:00
2025-05-02 08:05:00,9000.0,2025-05-02 08:05:00
2025-05-02 08:10:00,9000.0,2025-05-02 08:10:00
2025-05-02 08:15:00,9000.0,2025-05-02 08:15:00
2025-05-02 08:20:00,9000.0,2025-05-02 08:20:00
2025-05-02 08:25:00,9000.0,2025-05-02 08:25:00
2025-05-02 08:30:00,9000.0,2025-05-02 08:30:00
2025-05-02 08:35:00,9000.0,2025-05-02 08:35:00
2025-05-02 08:40:00,9000.0,2025-05-02 08:40:00
2025-05-02 08:45:00,9000.0,2025-05-02 08:45:00
2025-05-02 08:50:00,9000.0,2025-05-02 08:50:00
2025-05-02 08:55:00,9000.0,2025-05-02 08:55:00
2025-05-02 09:00:00,9000.0,2025-05-02 09:00:00
2025-05-02 09:05:00,9000.0,2025-05-02 09:05:00
2025-05-02 09:10:00,9000.0,2025-05-02 09:10:00
2025-05-02 09:15:00,9000.0,2025-05-02 09:15:00
2025-05-02 09:20:00,9000.0,2025-05-02 09:20:00
2025-05-02 09:25:00,8999.999,2025-05-02 09:25:00
2025-05-02 09:30:00,8999.999,2025-05-02 09:30:00
2025-05-02 09:35:00,8999.999,2025-05-02 09:35:00
2025-05-02 09:40:00,8999.998,2025-05-02 09:40:00
2025-05-02 09:45:00,5939.996,2025-05-02 09:45:00
2025-05-02 09:50:00,0.0,2025-05-02 09:50:00
2025-05-02 09:55:00,0.0,2025-05-02 09:55:00
2025-05-02 10:00:00,0.0,2025-05-02 10:00:00
2025-05-02 10:05:00,0.0,2025-05-02 10:05:00
2025-05-02 10:10:00,0.0,2025-05-02 10:10:00
2025-05-02 10:15:00,0.0,2025-05-02 10:15:00
2025-05-02 10:20:00,0.0,2025-05-02 10:20:00
2025-05-02 10:25:00,0.0,2025-05-02 10:25:00
2025-05-02 10:30:00,0.0,2025-05-02 10:30:00
2025-05-02 10:35:00,0.0,2025-05-02 10:35:00
2025-05-02 10:40:00,0.0,2025-05-02 10:40:00
2025-05-02 10:45:00,0.0,2025-05-02 10:45:00
2025-05-02 10:50:00,0.0,2025-05-02 10:50:00
2025-05-02 10:55:00,0.0,2025-05-02 10:55:00
2025-05-02 11:00:00,-2783.749,2025-05-02 11:00:00
2025-05-02 11:05:00,-2667.759,2025-05-02 11:05:00
2025-05-02 11:10:00,-2507.739,2025-05-02 11:10:00
2025-05-02 11:15:00,-2655.739,2025-05-02 11:15:00
2025-05-02 11:20:00,-2495.759,2025-05-02 11:20:00
2025-05-02 11:25:00,-2491.769,2025-05-02 11:25:00
2025-05-02 11:30:00,-2547.799,2025-05-02 11:30:00
2025-05-02 11:35:00,-2667.769,2025-05-02 11:35:00
2025-05-02 11:40:00,-2483.769,2025-05-02 11:40:00
2025-05-02 11:45:00,-2571.779,2025-05-02 11:45:00
2025-05-02 11:50:00,-2803.759,2025-05-02 11:50:00
2025-05-02 11:55:00,-2535.729,2025-05-02 11:55:00
2025-05-02 12:00:00,-2531.779,2025-05-02 12:00:00
2025-05-02 12:05:00,-2551.769,2025-05-02 12:05:00
2025-05-02 12:10:00,-2507.779,2025-05-02 12:10:00
2025-05-02 12:15:00,-2663.759,2025-05-02 12:15:00
2025-05-02 12:20:00,-2535.749,2025-05-02 12:20:00
2025-05-02 12:25:00,-2471.759,2025-05-02 12:25:00
2025-05-02 12:30:00,-2495.749,2025-05-02 12:30:00
2025-05-02 12:35:00,-2451.779,2025-05-02 12:35:00
2025-05-02 12:40:00,-2383.759,2025-05-02 12:40:00
2025-05-02 12:45:00,-2463.759,2025-05-02 12:45:00
2025-05-02 12:50:00,-2495.749,2025-05-02 12:50:00
2025-05-02 12:55:00,-2447.779,2025-05-02 12:55:00
2025-05-02 13:00:00,-2475.779,2025-05-02 13:00:00
2025-05-02 13:05:00,-2523.769,2025-05-02 13:05:00
2025-05-02 13:10:00,-2611.769,2025-05-02 13:10:00
2025-05-02 13:15:00,-2419.769,2025-05-02 13:15:00
2025-05-02 13:20:00,-2543.779,2025-05-02 13:20:00
2025-05-02 13:25:00,-2491.789,2025-05-02 13:25:00
2025-05-02 13:30:00,-2755.759,2025-05-02 13:30:00
2025-05-02 13:35:00,-2619.779,2025-05-02 13:35:00
2025-05-02 13:40:00,-2735.769,2025-05-02 13:40:00
2025-05-02 13:45:00,-2703.729,2025-05-02 13:45:00
2025-05-02 13:50:00,-2603.779,2025-05-02 13:50:00
2025-05-02 13:55:00,-2747.759,2025-05-02 13:55:00
2025-05-02 14:00:00,-2487.759,2025-05-02 14:00:00
2025-05-02 14:05:00,-2647.779,2025-05-02 14:05:00
2025-05-02 14:10:00,-2683.789,2025-05-02 14:10:00
2025-05-02 14:15:00,-2639.779,2025-05-02 14:15:00
2025-05-02 14:20:00,-2579.719,2025-05-02 14:20:00
2025-05-02 14:25:00,-2671.779,2025-05-02 14:25:00
2025-05-02 14:30:00,-2599.779,2025-05-02 14:30:00
2025-05-02 14:35:00,-2607.759,2025-05-02 14:35:00
2025-05-02 14:40:00,-2471.779,2025-05-02 14:40:00
2025-05-02 14:45:00,-2787.739,2025-05-02 14:45:00
2025-05-02 14:50:00,-2527.739,2025-05-02 14:50:00
2025-05-02 14:55:00,-2443.749,2025-05-02 14:55:00
2025-05-02 15:00:00,-2415.729,2025-05-02 15:00:00
2025-05-02 15:05:00,-2607.749,2025-05-02 15:05:00
2025-05-02 15:10:00,-2523.749,2025-05-02 15:10:00
2025-05-02 15:15:00,-2435.779,2025-05-02 15:15:00
2025-05-02 15:20:00,-2711.759,2025-05-02 15:20:00
2025-05-02 15:25:00,-2583.729,2025-05-02 15:25:00
2025-05-02 15:30:00,-2547.759,2025-05-02 15:30:00
2025-05-02 15:35:00,-2503.779,2025-05-02 15:35:00
2025-05-02 15:40:00,-2731.729,2025-05-02 15:40:00
2025-05-02 15:45:00,-2403.759,2025-05-02 15:45:00
2025-05-02 15:50:00,-2467.789,2025-05-02 15:50:00
2025-05-02 15:55:00,-2447.759,2025-05-02 15:55:00
2025-05-02 16:00:00,-2599.759,2025-05-02 16:00:00
2025-05-02 16:05:00,-2467.749,2025-05-02 16:05:00
2025-05-02 16:10:00,-2471.779,2025-05-02 16:10:00
2025-05-02 16:15:00,-2563.769,2025-05-02 16:15:00
2025-05-02 16:20:00,-2759.779,2025-05-02 16:20:00
2025-05-02 16:25:00,-2715.779,2025-05-02 16:25:00
2025-05-02 16:30:00,-2423.749,2025-05-02 16:30:00
2025-05-02 16:35:00,-2511.769,2025-05-02 16:35:00
2025-05-02 16:40:00,-2483.769,2025-05-02 16:40:00
2025-05-02 16:45:00,-2759.789,2025-05-02 16:45:00
2025-05-02 16:50:00,-2727.739,2025-05-02 16:50:00
2025-05-02 16:55:00,-2775.749,2025-05-02 16:55:00
2025-05-02 17:00:00,-2835.779,2025-05-02 17:00:00
2025-05-02 17:05:00,-2547.799,2025-05-02 17:05:00
2025-05-02 17:10:00,-2535.779,2025-05-02 17:10:00
2025-05-02 17:15:00,-2475.769,2025-05-02 17:15:00
2025-05-02 17:20:00,-2535.719,2025-05-02 17:20:00
2025-05-02 17:25:00,-2475.739,2025-05-02 17:25:00
2025-05-02 17:30:00,-2299.749,2025-05-02 17:30:00
2025-05-02 17:35:00,-2483.779,2025-05-02 17:35:00
2025-05-02 17:40:00,-2387.729,2025-05-02 17:40:00
2025-05-02 17:45:00,-2363.779,2025-05-02 17:45:00
2025-05-02 17:50:00,-2527.789,2025-05-02 17:50:00
2025-05-02 17:55:00,-2707.719,2025-05-02 17:55:00
2025-05-02 18:00:00,9000.0,2025-05-02 18:00:00
2025-05-02 18:05:00,9000.0,2025-05-02 18:05:00
2025-05-02 18:10:00,9000.0,2025-05-02 18:10:00
2025-05-02 18:15:00,9000.0,2025-05-02 18:15:00
2025-05-02 18:20:00,9000.0,2025-05-02 18:20:00
2025-05-02 18:25:00,9000.0,2025-05-02 18:25:00
2025-05-02 18:30:00,9000.0,2025-05-02 18:30:00
2025-05-02 18:35:00,9000.0,2025-05-02 18:35:00
2025-05-02 18:40:00,9000.0,2025-05-02 18:40:00
2025-05-02 18:45:00,9000.0,2025-05-02 18:45:00
2025-05-02 18:50:00,9000.0,2025-05-02 18:50:00
2025-05-02 18:55:00,9000.0,2025-05-02 18:55:00
2025-05-02 19:00:00,9000.0,2025-05-02 19:00:00
2025-05-02 19:05:00,9000.0,2025-05-02 19:05:00
2025-05-02 19:10:00,9000.0,2025-05-02 19:10:00
2025-05-02 19:15:00,9000.0,2025-05-02 19:15:00
2025-05-02 19:20:00,8999.999,2025-05-02 19:20:00
2025-05-02 19:25:00,8999.999,2025-05-02 19:25:00
2025-05-02 19:30:00,8999.999,2025-05-02 19:30:00
2025-05-02 19:35:00,8999.998,2025-05-02 19:35:00
2025-05-02 19:40:00,8273.623,2025-05-02 19:40:00
2025-05-02 19:45:00,0.0,2025-05-02 19:45:00
2025-05-02 19:50:00,0.0,2025-05-02 19:50:00
2025-05-02 19:55:00,0.0,2025-05-02 19:55:00
2025-05-02 20:00:00,0.0,2025-05-02 20:00:00
2025-05-02 20:05:00,0.0,2025-05-02 20:05:00
2025-05-02 20:10:00,0.0,2025-05-02 20:10:00
2025-05-02 20:15:00,0.0,2025-05-02 20:15:00
2025-05-02 20:20:00,0.0,2025-05-02 20:20:00
2025-05-02 20:25:00,0.0,2025-05-02 20:25:00
2025-05-02 20:30:00,0.0,2025-05-02 20:30:00
2025-05-02 20:35:00,0.0,2025-05-02 20:35:00
2025-05-02 20:40:00,0.0,2025-05-02 20:40:00
2025-05-02 20:45:00,0.0,2025-05-02 20:45:00
2025-05-02 20:50:00,0.0,2025-05-02 20:50:00
2025-05-02 20:55:00,0.0,2025-05-02 20:55:00
2025-05-02 21:00:00,0.0,2025-05-02 21:00:00
2025-05-02 21:05:00,0.0,2025-05-02 21:05:00
2025-05-02 21:10:00,0.0,2025-05-02 21:10:00
2025-05-02 21:15:00,0.0,2025-05-02 21:15:00
2025-05-02 21:20:00,0.0,2025-05-02 21:20:00
2025-05-02 21:25:00,0.0,2025-05-02 21:25:00
2025-05-02 21:30:00,0.0,2025-05-02 21:30:00
2025-05-02 21:35:00,0.0,2025-05-02 21:35:00
2025-05-02 21:40:00,0.0,2025-05-02 21:40:00
2025-05-02 21:45:00,0.0,2025-05-02 21:45:00
2025-05-02 21:50:00,0.0,2025-05-02 21:50:00
2025-05-02 21:55:00,0.0,2025-05-02 21:55:00
2025-05-02 22:00:00,-2339.029,2025-05-02 22:00:00
2025-05-02 22:05:00,-2339.042,2025-05-02 22:05:00
2025-05-02 22:10:00,-2339.046,2025-05-02 22:10:00
2025-05-02 22:15:00,-2339.035,2025-05-02 22:15:00
2025-05-02 22:20:00,-2339.036,2025-05-02 22:20:00
2025-05-02 22:25:00,-2339.041,2025-05-02 22:25:00
2025-05-02 22:30:00,-2339.049,2025-05-02 22:30:00
2025-05-02 22:35:00,-2339.037,2025-05-02 22:35:00
2025-05-02 22:40:00,-2339.034,2025-05-02 22:40:00
2025-05-02 22:45:00,-2339.037,2025-05-02 22:45:00
2025-05-02 22:50:00,-2339.031,2025-05-02 22:50:00
2025-05-02 22:55:00,-2339.031,2025-05-02 22:55:00
2025-05-02 23:00:00,-2339.024,2025-05-02 23:00:00
2025-05-02 23:05:00,-2339.023,2025-05-02 23:05:00
2025-05-02 23:10:00,-2339.032,2025-05-02 23:10:00
2025-05-02 23:15:00,-2339.026,2025-05-02 23:15:00
2025-05-02 23:20:00,-2339.019,2025-05-02 23:20:00
2025-05-02 23:25:00,-2339.051,2025-05-02 23:25:00
2025-05-02 23:30:00,-2339.012,2025-05-02 23:30:00
2025-05-02 23:35:00,-2339.016,2025-05-02 23:35:00
2025-05-02 23:40:00,-2339.021,2025-05-02 23:40:00
2025-05-02 23:45:00,-2339.007,2025-05-02 23:45:00
2025-05-02 23:50:00,-2339.003,2025-05-02 23:50:00
2025-05-02 23:55:00,-2339.001,2025-05-02 23:55:00
2025-05-03 00:00:00,-2338.986,2025-05-03 00:00:00
2025-05-03 00:05:00,-2338.984,2025-05-03 00:05:00
2025-05-03 00:10:00,-2339.002,2025-05-03 00:10:00
2025-05-03 00:15:00,-2338.982,2025-05-03 00:15:00
2025-05-03 00:20:00,-2338.981,2025-05-03 00:20:00
2025-05-03 00:25:00,-2338.977,2025-05-03 00:25:00
2025-05-03 00:30:00,-2338.998,2025-05-03 00:30:00
2025-05-03 00:35:00,-2338.973,2025-05-03 00:35:00
2025-05-03 00:40:00,-2338.996,2025-05-03 00:40:00
2025-05-03 00:45:00,-2339.076,2025-05-03 00:45:00
2025-05-03 00:50:00,-2338.964,2025-05-03 00:50:00
2025-05-03 00:55:00,-2339.051,2025-05-03 00:55:00
2025-05-03 01:00:00,-2303.702,2025-05-03 01:00:00
2025-05-03 01:05:00,-2327.71,2025-05-03 01:05:00
2025-05-03 01:10:00,-2199.757,2025-05-03 01:10:00
2025-05-03 01:15:00,-2323.755,2025-05-03 01:15:00
2025-05-03 01:20:00,-2338.945,2025-05-03 01:20:00
2025-05-03 01:25:00,-2319.768,2025-05-03 01:25:00
2025-05-03 01:30:00,-2338.938,2025-05-03 01:30:00
2025-05-03 01:35:00,-2338.943,2025-05-03 01:35:00
2025-05-03 01:40:00,-2187.747,2025-05-03 01:40:00
2025-05-03 01:45:00,-2338.949,2025-05-03 01:45:00
2025-05-03 01:50:00,-2338.926,2025-05-03 01:50:00
2025-05-03 01:55:00,-2199.747,2025-05-03 01:55:00
2025-05-03 02:00:00,-2338.916,2025-05-03 02:00:00
2025-05-03 02:05:00,-2303.762,2025-05-03 02:05:00
2025-05-03 02:10:00,-2338.942,2025-05-03 02:10:00
2025-05-03 02:15:00,-2299.693,2025-05-03 02:15:00
2025-05-03 02:20:00,-2338.916,2025-05-03 02:20:00
2025-05-03 02:25:00,-2187.767,2025-05-03 02:25:00
2025-05-03 02:30:00,-2247.776,2025-05-03 02:30:00
2025-05-03 02:35:00,-2323.745,2025-05-03 02:35:00
2025-05-03 02:40:00,-2291.724,2025-05-03 02:40:00
2025-05-03 02:45:00,-2327.76,2025-05-03 02:45:00
2025-05-03 02:50:00,-2319.768,2025-05-03 02:50:00
2025-05-03 02:55:00,-2279.725,2025-05-03 02:55:00
2025-05-03 03:00:00,-2307.742,2025-05-03 03:00:00
2025-05-03 03:05:00,-2303.782,2025-05-03 03:05:00
2025-05-03 03:10:00,-2338.898,2025-05-03 03:10:00
2025-05-03 03:15:00,-2338.893,2025-05-03 03:15:00
2025-05-03 03:20:00,-2338.906,2025-05-03 03:20:00
2025-05-03 03:25:00,-2315.77,2025-05-03 03:25:00
2025-05-03 03:30:00,-2338.893,2025-05-03 03:30:00
2025-05-03 03:35:00,-2338.898,2025-05-03 03:35:00
2025-05-03 03:40:00,-2287.724,2025-05-03 03:40:00
2025-05-03 03:45:00,-2338.899,2025-05-03 03:45:00
2025-05-03 03:50:00,-2338.947,2025-05-03 03:50:00
2025-05-03 03:55:00,-2338.9,2025-05-03 03:55:00
2025-05-03 04:00:00,-2283.754,2025-05-03 04:00:00
2025-05-03 04:05:00,-2315.73,2025-05-03 04:05:00
2025-05-03 04:10:00,-2338.902,2025-05-03 04:10:00
2025-05-03 04:15:00,-2283.754,2025-05-03 04:15:00
2025-05-03 04:20:00,-2279.765,2025-05-03 04:20:00
2025-05-03 04:25:00,-2235.756,2025-05-03 04:25:00
2025-05-03 04:30:00,-2315.78,2025-05-03 04:30:00
2025-05-03 04:35:00,-2338.962,2025-05-03 04:35:00
2025-05-03 04:40:00,-2338.905,2025-05-03 04:40:00
2025-05-03 04:45:00,-2287.774,2025-05-03 04:45:00
2025-05-03 04:50:00,-2331.749,2025-05-03 04:50:00
2025-05-03 04:55:00,-2338.943,2025-05-03 04:55:00
2025-05-03 05:00:00,-2338.928,2025-05-03 05:00:00
2025-05-03 05:05:00,-2339.005,2025-05-03 05:05:00
2025-05-03 05:10:00,-2338.925,2025-05-03 05:10:00
2025-05-03 05:15:00,-2338.936,2025-05-03 05:15:00
2025-05-03 05:20:00,-2338.944,2025-05-03 05:20:00
2025-05-03 05:25:00,-2338.935,2025-05-03 05:25:00
2025-05-03 05:30:00,-2339.018,2025-05-03 05:30:00
2025-05-03 05:35:00,-2338.942,2025-05-03 05:35:00
2025-05-03 05:40:00,-2338.946,2025-05-03 05:40:00
2025-05-03 05:45:00,-2338.947,2025-05-03 05:45:00
2025-05-03 05:50:00,-2338.951,2025-05-03 05:50:00
2025-05-03 05:55:00,-2338.938,2025-05-03 05:55:00
2025-05-03 06:00:00,0.0,2025-05-03 06:00:00
2025-05-03 06:05:00,0.0,2025-05-03 06:05:00
2025-05-03 06:10:00,0.0,2025-05-03 06:10:00
2025-05-03 06:15:00,0.0,2025-05-03 06:15:00
2025-05-03 06:20:00,0.0,2025-05-03 06:20:00
2025-05-03 06:25:00,0.0,2025-05-03 06:25:00
2025-05-03 06:30:00,0.0,2025-05-03 06:30:00
2025-05-03 06:35:00,0.0,2025-05-03 06:35:00
2025-05-03 06:40:00,0.0,2025-05-03 06:40:00
2025-05-03 06:45:00,0.0,2025-05-03 06:45:00
2025-05-03 06:50:00,0.0,2025-05-03 06:50:00
2025-05-03 06:55:00,0.0,2025-05-03 06:55:00
2025-05-03 07:00:00,0.0,2025-05-03 07:00:00
2025-05-03 07:05:00,0.0,2025-05-03 07:05:00
2025-05-03 07:10:00,0.0,2025-05-03 07:10:00
2025-05-03 07:15:00,0.0,2025-05-03 07:15:00
2025-05-03 07:20:00,0.0,2025-05-03 07:20:00
2025-05-03 07:25:00,0.0,2025-05-03 07:25:00
2025-05-03 07:30:00,0.0,2025-05-03 07:30:00
2025-05-03 07:35:00,0.0,2025-05-03 07:35:00
2025-05-03 07:40:00,0.0,2025-05-03 07:40:00
2025-05-03 07:45:00,0.0,2025-05-03 07:45:00
2025-05-03 07:50:00,0.0,2025-05-03 07:50:00
2025-05-03 07:55:00,0.0,2025-05-03 07:55:00
2025-05-03 08:00:00,9000.0,2025-05-03 08:00:00
2025-05-03 08:05:00,9000.0,2025-05-03 08:05:00
2025-05-03 08:10:00,9000.0,2025-05-03 08:10:00
2025-05-03 08:15:00,9000.0,2025-05-03 08:15:00
2025-05-03 08:20:00,9000.0,2025-05-03 08:20:00
2025-05-03 08:25:00,9000.0,2025-05-03 08:25:00
2025-05-03 08:30:00,9000.0,2025-05-03 08:30:00
2025-05-03 08:35:00,9000.0,2025-05-03 08:35:00
2025-05-03 08:40:00,9000.0,2025-05-03 08:40:00
2025-05-03 08:45:00,9000.0,2025-05-03 08:45:00
2025-05-03 08:50:00,9000.0,2025-05-03 08:50:00
2025-05-03 08:55:00,9000.0,2025-05-03 08:55:00
2025-05-03 09:00:00,9000.0,2025-05-03 09:00:00
2025-05-03 09:05:00,9000.0,2025-05-03 09:05:00
2025-05-03 09:10:00,9000.0,2025-05-03 09:10:00
2025-05-03 09:15:00,9000.0,2025-05-03 09:15:00
2025-05-03 09:20:00,9000.0,2025-05-03 09:20:00
2025-05-03 09:25:00,9000.0,2025-05-03 09:25:00
2025-05-03 09:30:00,9000.0,2025-05-03 09:30:00
2025-05-03 09:35:00,9000.0,2025-05-03 09:35:00
2025-05-03 09:40:00,9000.0,2025-05-03 09:40:00
2025-05-03 09:45:00,5939.999,2025-05-03 09:45:00
2025-05-03 09:50:00,0.0,2025-05-03 09:50:00
2025-05-03 09:55:00,0.0,2025-05-03 09:55:00
2025-05-03 10:00:00,0.0,2025-05-03 10:00:00
2025-05-03 10:05:00,0.0,2025-05-03 10:05:00
2025-05-03 10:10:00,0.0,2025-05-03 10:10:00
2025-05-03 10:15:00,0.0,2025-05-03 10:15:00
2025-05-03 10:20:00,0.0,2025-05-03 10:20:00
2025-05-03 10:25:00,0.0,2025-05-03 10:25:00
2025-05-03 10:30:00,0.0,2025-05-03 10:30:00
2025-05-03 10:35:00,0.0,2025-05-03 10:35:00
2025-05-03 10:40:00,0.0,2025-05-03 10:40:00
2025-05-03 10:45:00,0.0,2025-05-03 10:45:00
2025-05-03 10:50:00,0.0,2025-05-03 10:50:00
2025-05-03 10:55:00,0.0,2025-05-03 10:55:00
2025-05-03 11:00:00,-2507.748,2025-05-03 11:00:00
2025-05-03 11:05:00,-2619.727,2025-05-03 11:05:00
2025-05-03 11:10:00,-2415.778,2025-05-03 11:10:00
2025-05-03 11:15:00,-2439.768,2025-05-03 11:15:00
2025-05-03 11:20:00,-2563.787,2025-05-03 11:20:00
2025-05-03 11:25:00,-2667.765,2025-05-03 11:25:00
2025-05-03 11:30:00,-2531.768,2025-05-03 11:30:00
2025-05-03 11:35:00,-2543.778,2025-05-03 11:35:00
2025-05-03 11:40:00,-2531.758,2025-05-03 11:40:00
2025-05-03 11:45:00,-2671.765,2025-05-03 11:45:00
2025-05-03 11:50:00,-2599.777,2025-05-03 11:50:00
2025-05-03 11:55:00,-2643.756,2025-05-03 11:55:00
2025-05-03 12:00:00,-2515.768,2025-05-03 12:00:00
2025-05-03 12:05:00,-2559.777,2025-05-03 12:05:00
2025-05-03 12:10:00,-2543.738,2025-05-03 12:10:00
2025-05-03 12:15:00,-2728.498,2025-05-03 12:15:00
2025-05-03 12:20:00,-2728.497,2025-05-03 12:20:00
2025-05-03 12:25:00,-2619.767,2025-05-03 12:25:00
2025-05-03 12:30:00,-2583.747,2025-05-03 12:30:00
2025-05-03 12:35:00,-2728.501,2025-05-03 12:35:00
2025-05-03 12:40:00,-2571.767,2025-05-03 12:40:00
2025-05-03 12:45:00,-2503.728,2025-05-03 12:45:00
2025-05-03 12:50:00,-2439.718,2025-05-03 12:50:00
2025-05-03 12:55:00,-2575.767,2025-05-03 12:55:00
2025-05-03 13:00:00,-2623.786,2025-05-03 13:00:00
2025-05-03 13:05:00,-2723.716,2025-05-03 13:05:00
2025-05-03 13:10:00,-2607.747,2025-05-03 13:10:00
2025-05-03 13:15:00,-2659.775,2025-05-03 13:15:00
2025-05-03 13:20:00,-2635.766,2025-05-03 13:20:00
2025-05-03 13:25:00,-2635.776,2025-05-03 13:25:00
2025-05-03 13:30:00,-2559.777,2025-05-03 13:30:00
2025-05-03 13:35:00,-2691.753,2025-05-03 13:35:00
2025-05-03 13:40:00,-2703.75,2025-05-03 13:40:00
2025-05-03 13:45:00,-2659.735,2025-05-03 13:45:00
2025-05-03 13:50:00,-2627.726,2025-05-03 13:50:00
2025-05-03 13:55:00,-2691.773,2025-05-03 13:55:00
2025-05-03 14:00:00,-2699.801,2025-05-03 14:00:00
2025-05-03 14:05:00,-2728.593,2025-05-03 14:05:00
2025-05-03 14:10:00,-2647.766,2025-05-03 14:10:00
2025-05-03 14:15:00,-2651.776,2025-05-03 14:15:00
2025-05-03 14:20:00,-2651.766,2025-05-03 14:20:00
2025-05-03 14:25:00,-2728.54,2025-05-03 14:25:00
2025-05-03 14:30:00,-2655.765,2025-05-03 14:30:00
2025-05-03 14:35:00,-2663.785,2025-05-03 14:35:00
2025-05-03 14:40:00,-2728.646,2025-05-03 14:40:00
2025-05-03 14:45:00,-2559.747,2025-05-03 14:45:00
2025-05-03 14:50:00,-2728.547,2025-05-03 14:50:00
2025-05-03 14:55:00,-2728.553,2025-05-03 14:55:00
2025-05-03 15:00:00,-2728.604,2025-05-03 15:00:00
2025-05-03 15:05:00,-2728.682,2025-05-03 15:05:00
2025-05-03 15:10:00,-2643.746,2025-05-03 15:10:00
2025-05-03 15:15:00,-2627.746,2025-05-03 15:15:00
2025-05-03 15:20:00,-2555.798,2025-05-03 15:20:00
2025-05-03 15:25:00,-2607.747,2025-05-03 15:25:00
2025-05-03 15:30:00,-2599.757,2025-05-03 15:30:00
2025-05-03 15:35:00,-2728.582,2025-05-03 15:35:00
2025-05-03 15:40:00,-2671.785,2025-05-03 15:40:00
2025-05-03 15:45:00,-2728.573,2025-05-03 15:45:00
2025-05-03 15:50:00,-2728.574,2025-05-03 15:50:00
2025-05-03 15:55:00,-2728.566,2025-05-03 15:55:00
2025-05-03 16:00:00,-2728.579,2025-05-03 16:00:00
2025-05-03 16:05:00,-2691.763,2025-05-03 16:05:00
2025-05-03 16:10:00,-2728.688,2025-05-03 16:10:00
2025-05-03 16:15:00,-2707.738,2025-05-03 16:15:00
2025-05-03 16:20:00,-2728.613,2025-05-03 16:20:00
2025-05-03 16:25:00,-2728.586,2025-05-03 16:25:00
2025-05-03 16:30:00,-2728.639,2025-05-03 16:30:00
2025-05-03 16:35:00,-2728.594,2025-05-03 16:35:00
2025-05-03 16:40:00,-2728.589,2025-05-03 16:40:00
2025-05-03 16:45:00,-2728.532,2025-05-03 16:45:00
2025-05-03 16:50:00,-2675.774,2025-05-03 16:50:00
2025-05-03 16:55:00,-2728.595,2025-05-03 16:55:00
2025-05-03 17:00:00,-2715.761,2025-05-03 17:00:00
2025-05-03 17:05:00,-2723.764,2025-05-03 17:05:00
2025-05-03 17:10:00,-2727.463,2025-05-03 17:10:00
2025-05-03 17:15:00,-2728.723,2025-05-03 17:15:00
2025-05-03 17:20:00,-2728.6,2025-05-03 17:20:00
2025-05-03 17:25:00,-2728.603,2025-05-03 17:25:00
2025-05-03 17:30:00,-2728.607,2025-05-03 17:30:00
2025-05-03 17:35:00,-2727.451,2025-05-03 17:35:00
2025-05-03 17:40:00,-2728.735,2025-05-03 17:40:00
2025-05-03 17:45:00,-2728.606,2025-05-03 17:45:00
2025-05-03 17:50:00,-2623.756,2025-05-03 17:50:00
2025-05-03 17:55:00,-2611.747,2025-05-03 17:55:00
2025-05-03 18:00:00,9000.0,2025-05-03 18:00:00
2025-05-03 18:05:00,9000.0,2025-05-03 18:05:00
2025-05-03 18:10:00,9000.0,2025-05-03 18:10:00
2025-05-03 18:15:00,9000.0,2025-05-03 18:15:00
2025-05-03 18:20:00,9000.0,2025-05-03 18:20:00
2025-05-03 18:25:00,9000.0,2025-05-03 18:25:00
2025-05-03 18:30:00,9000.0,2025-05-03 18:30:00
2025-05-03 18:35:00,9000.0,2025-05-03 18:35:00
2025-05-03 18:40:00,9000.0,2025-05-03 18:40:00
2025-05-03 18:45:00,9000.0,2025-05-03 18:45:00
2025-05-03 18:50:00,9000.0,2025-05-03 18:50:00
2025-05-03 18:55:00,9000.0,2025-05-03 18:55:00
2025-05-03 19:00:00,9000.0,2025-05-03 19:00:00
2025-05-03 19:05:00,9000.0,2025-05-03 19:05:00
2025-05-03 19:10:00,9000.0,2025-05-03 19:10:00
2025-05-03 19:15:00,9000.0,2025-05-03 19:15:00
2025-05-03 19:20:00,9000.0,2025-05-03 19:20:00
2025-05-03 19:25:00,9000.0,2025-05-03 19:25:00
2025-05-03 19:30:00,9000.0,2025-05-03 19:30:00
2025-05-03 19:35:00,9000.0,2025-05-03 19:35:00
2025-05-03 19:40:00,9000.0,2025-05-03 19:40:00
2025-05-03 19:45:00,5939.999,2025-05-03 19:45:00
2025-05-03 19:50:00,0.0,2025-05-03 19:50:00
2025-05-03 19:55:00,0.0,2025-05-03 19:55:00
2025-05-03 20:00:00,0.0,2025-05-03 20:00:00
2025-05-03 20:05:00,0.0,2025-05-03 20:05:00
2025-05-03 20:10:00,0.0,2025-05-03 20:10:00
2025-05-03 20:15:00,0.0,2025-05-03 20:15:00
2025-05-03 20:20:00,0.0,2025-05-03 20:20:00
2025-05-03 20:25:00,0.0,2025-05-03 20:25:00
2025-05-03 20:30:00,0.0,2025-05-03 20:30:00
2025-05-03 20:35:00,0.0,2025-05-03 20:35:00
2025-05-03 20:40:00,0.0,2025-05-03 20:40:00
2025-05-03 20:45:00,0.0,2025-05-03 20:45:00
2025-05-03 20:50:00,0.0,2025-05-03 20:50:00
2025-05-03 20:55:00,0.0,2025-05-03 20:55:00
2025-05-03 21:00:00,0.0,2025-05-03 21:00:00
2025-05-03 21:05:00,0.0,2025-05-03 21:05:00
2025-05-03 21:10:00,0.0,2025-05-03 21:10:00
2025-05-03 21:15:00,0.0,2025-05-03 21:15:00
2025-05-03 21:20:00,0.0,2025-05-03 21:20:00
2025-05-03 21:25:00,0.0,2025-05-03 21:25:00
2025-05-03 21:30:00,0.0,2025-05-03 21:30:00
2025-05-03 21:35:00,0.0,2025-05-03 21:35:00
2025-05-03 21:40:00,0.0,2025-05-03 21:40:00
2025-05-03 21:45:00,0.0,2025-05-03 21:45:00
2025-05-03 21:50:00,0.0,2025-05-03 21:50:00
2025-05-03 21:55:00,0.0,2025-05-03 21:55:00
2025-05-03 22:00:00,-2323.698,2025-05-03 22:00:00
2025-05-03 22:05:00,-2323.705,2025-05-03 22:05:00
2025-05-03 22:10:00,-2323.706,2025-05-03 22:10:00
2025-05-03 22:15:00,-2323.714,2025-05-03 22:15:00
2025-05-03 22:20:00,-2323.703,2025-05-03 22:20:00
2025-05-03 22:25:00,-2323.705,2025-05-03 22:25:00
2025-05-03 22:30:00,-2323.706,2025-05-03 22:30:00
2025-05-03 22:35:00,-2323.71,2025-05-03 22:35:00
2025-05-03 22:40:00,-2323.707,2025-05-03 22:40:00
2025-05-03 22:45:00,-2323.709,2025-05-03 22:45:00
2025-05-03 22:50:00,-2323.7,2025-05-03 22:50:00
2025-05-03 22:55:00,-2323.697,2025-05-03 22:55:00
2025-05-03 23:00:00,-2323.69,2025-05-03 23:00:00
2025-05-03 23:05:00,-2323.679,2025-05-03 23:05:00
2025-05-03 23:10:00,-2323.663,2025-05-03 23:10:00
2025-05-03 23:15:00,-2323.67,2025-05-03 23:15:00
2025-05-03 23:20:00,-2323.656,2025-05-03 23:20:00
2025-05-03 23:25:00,-2323.64,2025-05-03 23:25:00
2025-05-03 23:30:00,-2323.631,2025-05-03 23:30:00
2025-05-03 23:35:00,-2323.63,2025-05-03 23:35:00
2025-05-03 23:40:00,-2323.618,2025-05-03 23:40:00
2025-05-03 23:45:00,-2323.607,2025-05-03 23:45:00
2025-05-03 23:50:00,-2323.594,2025-05-03 23:50:00
2025-05-03 23:55:00,-2323.586,2025-05-03 23:55:00
2025-05-04 00:00:00,-2323.576,2025-05-04 00:00:00
2025-05-04 00:05:00,-2323.566,2025-05-04 00:05:00
2025-05-04 00:10:00,-2323.529,2025-05-04 00:10:00
2025-05-04 00:15:00,-2323.517,2025-05-04 00:15:00
2025-05-04 00:20:00,-2323.521,2025-05-04 00:20:00
2025-05-04 00:25:00,-2323.507,2025-05-04 00:25:00
2025-05-04 00:30:00,-2323.499,2025-05-04 00:30:00
2025-05-04 00:35:00,-2323.481,2025-05-04 00:35:00
2025-05-04 00:40:00,-2323.464,2025-05-04 00:40:00
2025-05-04 00:45:00,-2323.453,2025-05-04 00:45:00
2025-05-04 00:50:00,-2323.44,2025-05-04 00:50:00
2025-05-04 00:55:00,-2323.425,2025-05-04 00:55:00
2025-05-04 01:00:00,-2323.415,2025-05-04 01:00:00
2025-05-04 01:05:00,-2323.406,2025-05-04 01:05:00
2025-05-04 01:10:00,-2323.392,2025-05-04 01:10:00
2025-05-04 01:15:00,-2323.393,2025-05-04 01:15:00
2025-05-04 01:20:00,-2323.367,2025-05-04 01:20:00
2025-05-04 01:25:00,-2323.358,2025-05-04 01:25:00
2025-05-04 01:30:00,-2323.35,2025-05-04 01:30:00
2025-05-04 01:35:00,-2323.335,2025-05-04 01:35:00
2025-05-04 01:40:00,-2323.324,2025-05-04 01:40:00
2025-05-04 01:45:00,-2323.324,2025-05-04 01:45:00
2025-05-04 01:50:00,-2323.294,2025-05-04 01:50:00
2025-05-04 01:55:00,-2323.289,2025-05-04 01:55:00
2025-05-04 02:00:00,-2323.274,2025-05-04 02:00:00
2025-05-04 02:05:00,-2323.272,2025-05-04 02:05:00
2025-05-04 02:10:00,-2323.261,2025-05-04 02:10:00
2025-05-04 02:15:00,-2323.258,2025-05-04 02:15:00
2025-05-04 02:20:00,-2323.246,2025-05-04 02:20:00
2025-05-04 02:25:00,-2323.231,2025-05-04 02:25:00
2025-05-04 02:30:00,-2323.231,2025-05-04 02:30:00
2025-05-04 02:35:00,-2323.22,2025-05-04 02:35:00
2025-05-04 02:40:00,-2323.215,2025-05-04 02:40:00
2025-05-04 02:45:00,-2323.196,2025-05-04 02:45:00
2025-05-04 02:50:00,-2323.202,2025-05-04 02:50:00
2025-05-04 02:55:00,-2323.186,2025-05-04 02:55:00
2025-05-04 03:00:00,-2323.183,2025-05-04 03:00:00
2025-05-04 03:05:00,-2323.176,2025-05-04 03:05:00
2025-05-04 03:10:00,-2323.186,2025-05-04 03:10:00
2025-05-04 03:15:00,-2323.168,2025-05-04 03:15:00
2025-05-04 03:20:00,-2323.168,2025-05-04 03:20:00
2025-05-04 03:25:00,-2323.159,2025-05-04 03:25:00
2025-05-04 03:30:00,-2323.162,2025-05-04 03:30:00
2025-05-04 03:35:00,-2323.162,2025-05-04 03:35:00
2025-05-04 03:40:00,-2323.157,2025-05-04 03:40:00
2025-05-04 03:45:00,-2323.147,2025-05-04 03:45:00
2025-05-04 03:50:00,-2323.157,2025-05-04 03:50:00
2025-05-04 03:55:00,-2323.16,2025-05-04 03:55:00
2025-05-04 04:00:00,-2323.152,2025-05-04 04:00:00
2025-05-04 04:05:00,-2323.157,2025-05-04 04:05:00
2025-05-04 04:10:00,-2323.155,2025-05-04 04:10:00
2025-05-04 04:15:00,-2323.154,2025-05-04 04:15:00
2025-05-04 04:20:00,-2323.155,2025-05-04 04:20:00
2025-05-04 04:25:00,-2323.16,2025-05-04 04:25:00
2025-05-04 04:30:00,-2323.161,2025-05-04 04:30:00
2025-05-04 04:35:00,-2323.169,2025-05-04 04:35:00
2025-05-04 04:40:00,-2323.16,2025-05-04 04:40:00
2025-05-04 04:45:00,-2323.173,2025-05-04 04:45:00
2025-05-04 04:50:00,-2323.171,2025-05-04 04:50:00
2025-05-04 04:55:00,-2323.178,2025-05-04 04:55:00
2025-05-04 05:00:00,-2323.178,2025-05-04 05:00:00
2025-05-04 05:05:00,-2323.183,2025-05-04 05:05:00
2025-05-04 05:10:00,-2323.193,2025-05-04 05:10:00
2025-05-04 05:15:00,-2323.194,2025-05-04 05:15:00
2025-05-04 05:20:00,-2323.196,2025-05-04 05:20:00
2025-05-04 05:25:00,-2323.2,2025-05-04 05:25:00
2025-05-04 05:30:00,-2323.203,2025-05-04 05:30:00
2025-05-04 05:35:00,-2323.215,2025-05-04 05:35:00
2025-05-04 05:40:00,-2323.208,2025-05-04 05:40:00
2025-05-04 05:45:00,-2323.214,2025-05-04 05:45:00
2025-05-04 05:50:00,-2323.213,2025-05-04 05:50:00
2025-05-04 05:55:00,-2323.212,2025-05-04 05:55:00
2025-05-04 06:00:00,0.0,2025-05-04 06:00:00
2025-05-04 06:05:00,0.0,2025-05-04 06:05:00
2025-05-04 06:10:00,0.0,2025-05-04 06:10:00
2025-05-04 06:15:00,0.0,2025-05-04 06:15:00
2025-05-04 06:20:00,0.0,2025-05-04 06:20:00
2025-05-04 06:25:00,0.0,2025-05-04 06:25:00
2025-05-04 06:30:00,0.0,2025-05-04 06:30:00
2025-05-04 06:35:00,0.0,2025-05-04 06:35:00
2025-05-04 06:40:00,0.0,2025-05-04 06:40:00
2025-05-04 06:45:00,0.0,2025-05-04 06:45:00
2025-05-04 06:50:00,0.0,2025-05-04 06:50:00
2025-05-04 06:55:00,0.0,2025-05-04 06:55:00
2025-05-04 07:00:00,0.0,2025-05-04 07:00:00
2025-05-04 07:05:00,0.0,2025-05-04 07:05:00
2025-05-04 07:10:00,0.0,2025-05-04 07:10:00
2025-05-04 07:15:00,0.0,2025-05-04 07:15:00
2025-05-04 07:20:00,0.0,2025-05-04 07:20:00
2025-05-04 07:25:00,0.0,2025-05-04 07:25:00
2025-05-04 07:30:00,0.0,2025-05-04 07:30:00
2025-05-04 07:35:00,0.0,2025-05-04 07:35:00
2025-05-04 07:40:00,0.0,2025-05-04 07:40:00
2025-05-04 07:45:00,0.0,2025-05-04 07:45:00
2025-05-04 07:50:00,0.0,2025-05-04 07:50:00
2025-05-04 07:55:00,0.0,2025-05-04 07:55:00
2025-05-04 08:00:00,9000.0,2025-05-04 08:00:00
2025-05-04 08:05:00,9000.0,2025-05-04 08:05:00
2025-05-04 08:10:00,9000.0,2025-05-04 08:10:00
2025-05-04 08:15:00,9000.0,2025-05-04 08:15:00
2025-05-04 08:20:00,9000.0,2025-05-04 08:20:00
2025-05-04 08:25:00,9000.0,2025-05-04 08:25:00
2025-05-04 08:30:00,9000.0,2025-05-04 08:30:00
2025-05-04 08:35:00,9000.0,2025-05-04 08:35:00
2025-05-04 08:40:00,9000.0,2025-05-04 08:40:00
2025-05-04 08:45:00,9000.0,2025-05-04 08:45:00
2025-05-04 08:50:00,9000.0,2025-05-04 08:50:00
2025-05-04 08:55:00,9000.0,2025-05-04 08:55:00
2025-05-04 09:00:00,9000.0,2025-05-04 09:00:00
2025-05-04 09:05:00,9000.0,2025-05-04 09:05:00
2025-05-04 09:10:00,9000.0,2025-05-04 09:10:00
2025-05-04 09:15:00,9000.0,2025-05-04 09:15:00
2025-05-04 09:20:00,9000.0,2025-05-04 09:20:00
2025-05-04 09:25:00,9000.0,2025-05-04 09:25:00
2025-05-04 09:30:00,8999.999,2025-05-04 09:30:00
2025-05-04 09:35:00,8999.999,2025-05-04 09:35:00
2025-05-04 09:40:00,8999.998,2025-05-04 09:40:00
2025-05-04 09:45:00,5939.997,2025-05-04 09:45:00
2025-05-04 09:50:00,0.0,2025-05-04 09:50:00
2025-05-04 09:55:00,0.0,2025-05-04 09:55:00
2025-05-04 10:00:00,0.0,2025-05-04 10:00:00
2025-05-04 10:05:00,0.0,2025-05-04 10:05:00
2025-05-04 10:10:00,0.0,2025-05-04 10:10:00
2025-05-04 10:15:00,0.0,2025-05-04 10:15:00
2025-05-04 10:20:00,0.0,2025-05-04 10:20:00
2025-05-04 10:25:00,0.0,2025-05-04 10:25:00
2025-05-04 10:30:00,0.0,2025-05-04 10:30:00
2025-05-04 10:35:00,0.0,2025-05-04 10:35:00
2025-05-04 10:40:00,0.0,2025-05-04 10:40:00
2025-05-04 10:45:00,0.0,2025-05-04 10:45:00
2025-05-04 10:50:00,0.0,2025-05-04 10:50:00
2025-05-04 10:55:00,0.0,2025-05-04 10:55:00
2025-05-04 11:00:00,-2655.079,2025-05-04 11:00:00
2025-05-04 11:05:00,-2655.086,2025-05-04 11:05:00
2025-05-04 11:10:00,-2655.091,2025-05-04 11:10:00
2025-05-04 11:15:00,-2655.094,2025-05-04 11:15:00
2025-05-04 11:20:00,-2655.105,2025-05-04 11:20:00
2025-05-04 11:25:00,-2655.105,2025-05-04 11:25:00
2025-05-04 11:30:00,-2655.098,2025-05-04 11:30:00
2025-05-04 11:35:00,-2655.163,2025-05-04 11:35:00
2025-05-04 11:40:00,-2655.129,2025-05-04 11:40:00
2025-05-04 11:45:00,-2655.096,2025-05-04 11:45:00
2025-05-04 11:50:00,-2655.102,2025-05-04 11:50:00
2025-05-04 11:55:00,-2655.102,2025-05-04 11:55:00
2025-05-04 12:00:00,-2655.102,2025-05-04 12:00:00
2025-05-04 12:05:00,-2655.096,2025-05-04 12:05:00
2025-05-04 12:10:00,-2655.093,2025-05-04 12:10:00
2025-05-04 12:15:00,-2655.135,2025-05-04 12:15:00
2025-05-04 12:20:00,-2655.119,2025-05-04 12:20:00
2025-05-04 12:25:00,-2655.136,2025-05-04 12:25:00
2025-05-04 12:30:00,-2655.166,2025-05-04 12:30:00
2025-05-04 12:35:00,-2655.128,2025-05-04 12:35:00
2025-05-04 12:40:00,-2655.146,2025-05-04 12:40:00
2025-05-04 12:45:00,-2655.155,2025-05-04 12:45:00
2025-05-04 12:50:00,-2655.144,2025-05-04 12:50:00
2025-05-04 12:55:00,-2655.155,2025-05-04 12:55:00
2025-05-04 13:00:00,-2655.138,2025-05-04 13:00:00
2025-05-04 13:05:00,-2655.185,2025-05-04 13:05:00
2025-05-04 13:10:00,-2655.158,2025-05-04 13:10:00
2025-05-04 13:15:00,-2655.19,2025-05-04 13:15:00
2025-05-04 13:20:00,-2655.152,2025-05-04 13:20:00
2025-05-04 13:25:00,-2655.182,2025-05-04 13:25:00
2025-05-04 13:30:00,-2655.167,2025-05-04 13:30:00
2025-05-04 13:35:00,-2655.169,2025-05-04 13:35:00
2025-05-04 13:40:00,-2655.187,2025-05-04 13:40:00
2025-05-04 13:45:00,-2655.175,2025-05-04 13:45:00
2025-05-04 13:50:00,-2655.18,2025-05-04 13:50:00
2025-05-04 13:55:00,-2655.192,2025-05-04 13:55:00
2025-05-04 14:00:00,-2655.189,2025-05-04 14:00:00
2025-05-04 14:05:00,-2655.202,2025-05-04 14:05:00
2025-05-04 14:10:00,-2655.205,2025-05-04 14:10:00
2025-05-04 14:15:00,-2655.22,2025-05-04 14:15:00
2025-05-04 14:20:00,-2655.232,2025-05-04 14:20:00
2025-05-04 14:25:00,-2655.233,2025-05-04 14:25:00
2025-05-04 14:30:00,-2655.232,2025-05-04 14:30:00
2025-05-04 14:35:00,-2655.261,2025-05-04 14:35:00
2025-05-04 14:40:00,-2655.238,2025-05-04 14:40:00
2025-05-04 14:45:00,-2655.246,2025-05-04 14:45:00
2025-05-04 14:50:00,-2655.259,2025-05-04 14:50:00
2025-05-04 14:55:00,-2655.286,2025-05-04 14:55:00
2025-05-04 15:00:00,-2655.274,2025-05-04 15:00:00
2025-05-04 15:05:00,-2655.276,2025-05-04 15:05:00
2025-05-04 15:10:00,-2655.331,2025-05-04 15:10:00
2025-05-04 15:15:00,-2655.29,2025-05-04 15:15:00
2025-05-04 15:20:00,-2655.316,2025-05-04 15:20:00
2025-05-04 15:25:00,-2655.342,2025-05-04 15:25:00
2025-05-04 15:30:00,-2655.346,2025-05-04 15:30:00
2025-05-04 15:35:00,-2655.339,2025-05-04 15:35:00
2025-05-04 15:40:00,-2655.348,2025-05-04 15:40:00
2025-05-04 15:45:00,-2655.37,2025-05-04 15:45:00
2025-05-04 15:50:00,-2655.363,2025-05-04 15:50:00
2025-05-04 15:55:00,-2655.383,2025-05-04 15:55:00
2025-05-04 16:00:00,-2655.389,2025-05-04 16:00:00
2025-05-04 16:05:00,-2655.398,2025-05-04 16:05:00
2025-05-04 16:10:00,-2655.413,2025-05-04 16:10:00
2025-05-04 16:15:00,-2655.422,2025-05-04 16:15:00
2025-05-04 16:20:00,-2655.423,2025-05-04 16:20:00
2025-05-04 16:25:00,-2655.437,2025-05-04 16:25:00
2025-05-04 16:30:00,-2655.444,2025-05-04 16:30:00
2025-05-04 16:35:00,-2655.466,2025-05-04 16:35:00
2025-05-04 16:40:00,-2655.463,2025-05-04 16:40:00
2025-05-04 16:45:00,-2655.477,2025-05-04 16:45:00
2025-05-04 16:50:00,-2655.476,2025-05-04 16:50:00
2025-05-04 16:55:00,-2655.481,2025-05-04 16:55:00
2025-05-04 17:00:00,-2655.499,2025-05-04 17:00:00
2025-05-04 17:05:00,-2655.503,2025-05-04 17:05:00
2025-05-04 17:10:00,-2655.52,2025-05-04 17:10:00
2025-05-04 17:15:00,-2655.527,2025-05-04 17:15:00
2025-05-04 17:20:00,-2655.53,2025-05-04 17:20:00
2025-05-04 17:25:00,-2655.556,2025-05-04 17:25:00
2025-05-04 17:30:00,-2655.551,2025-05-04 17:30:00
2025-05-04 17:35:00,-2655.558,2025-05-04 17:35:00
2025-05-04 17:40:00,-2655.568,2025-05-04 17:40:00
2025-05-04 17:45:00,-2655.561,2025-05-04 17:45:00
2025-05-04 17:50:00,-2655.564,2025-05-04 17:50:00
2025-05-04 17:55:00,-2655.567,2025-05-04 17:55:00
2025-05-04 18:00:00,9000.0,2025-05-04 18:00:00
2025-05-04 18:05:00,9000.0,2025-05-04 18:05:00
2025-05-04 18:10:00,9000.0,2025-05-04 18:10:00
2025-05-04 18:15:00,9000.0,2025-05-04 18:15:00
2025-05-04 18:20:00,9000.0,2025-05-04 18:20:00
2025-05-04 18:25:00,9000.0,2025-05-04 18:25:00
2025-05-04 18:30:00,9000.0,2025-05-04 18:30:00
2025-05-04 18:35:00,9000.0,2025-05-04 18:35:00
2025-05-04 18:40:00,9000.0,2025-05-04 18:40:00
2025-05-04 18:45:00,9000.0,2025-05-04 18:45:00
2025-05-04 18:50:00,9000.0,2025-05-04 18:50:00
2025-05-04 18:55:00,9000.0,2025-05-04 18:55:00
2025-05-04 19:00:00,9000.0,2025-05-04 19:00:00
2025-05-04 19:05:00,9000.0,2025-05-04 19:05:00
2025-05-04 19:10:00,9000.0,2025-05-04 19:10:00
2025-05-04 19:15:00,9000.0,2025-05-04 19:15:00
2025-05-04 19:20:00,9000.0,2025-05-04 19:20:00
2025-05-04 19:25:00,9000.0,2025-05-04 19:25:00
2025-05-04 19:30:00,8999.999,2025-05-04 19:30:00
2025-05-04 19:35:00,8999.999,2025-05-04 19:35:00
2025-05-04 19:40:00,8999.998,2025-05-04 19:40:00
2025-05-04 19:45:00,5939.997,2025-05-04 19:45:00
2025-05-04 19:50:00,0.0,2025-05-04 19:50:00
2025-05-04 19:55:00,0.0,2025-05-04 19:55:00
2025-05-04 20:00:00,0.0,2025-05-04 20:00:00
2025-05-04 20:05:00,0.0,2025-05-04 20:05:00
2025-05-04 20:10:00,0.0,2025-05-04 20:10:00
2025-05-04 20:15:00,0.0,2025-05-04 20:15:00
2025-05-04 20:20:00,0.0,2025-05-04 20:20:00
2025-05-04 20:25:00,0.0,2025-05-04 20:25:00
2025-05-04 20:30:00,0.0,2025-05-04 20:30:00
2025-05-04 20:35:00,0.0,2025-05-04 20:35:00
2025-05-04 20:40:00,0.0,2025-05-04 20:40:00
2025-05-04 20:45:00,0.0,2025-05-04 20:45:00
2025-05-04 20:50:00,0.0,2025-05-04 20:50:00
2025-05-04 20:55:00,0.0,2025-05-04 20:55:00
2025-05-04 21:00:00,0.0,2025-05-04 21:00:00
2025-05-04 21:05:00,0.0,2025-05-04 21:05:00
2025-05-04 21:10:00,0.0,2025-05-04 21:10:00
2025-05-04 21:15:00,0.0,2025-05-04 21:15:00
2025-05-04 21:20:00,0.0,2025-05-04 21:20:00
2025-05-04 21:25:00,0.0,2025-05-04 21:25:00
2025-05-04 21:30:00,0.0,2025-05-04 21:30:00
2025-05-04 21:35:00,0.0,2025-05-04 21:35:00
2025-05-04 21:40:00,0.0,2025-05-04 21:40:00
2025-05-04 21:45:00,0.0,2025-05-04 21:45:00
2025-05-04 21:50:00,0.0,2025-05-04 21:50:00
2025-05-04 21:55:00,0.0,2025-05-04 21:55:00
2025-05-04 22:00:00,-2325.13,2025-05-04 22:00:00
2025-05-04 22:05:00,-2325.138,2025-05-04 22:05:00
2025-05-04 22:10:00,-2325.142,2025-05-04 22:10:00
2025-05-04 22:15:00,-2325.137,2025-05-04 22:15:00
2025-05-04 22:20:00,-2325.138,2025-05-04 22:20:00
2025-05-04 22:25:00,-2325.142,2025-05-04 22:25:00
2025-05-04 22:30:00,-2325.143,2025-05-04 22:30:00
2025-05-04 22:35:00,-2325.144,2025-05-04 22:35:00
2025-05-04 22:40:00,-2325.146,2025-05-04 22:40:00
2025-05-04 22:45:00,-2325.139,2025-05-04 22:45:00
2025-05-04 22:50:00,-2325.138,2025-05-04 22:50:00
2025-05-04 22:55:00,-2325.137,2025-05-04 22:55:00
2025-05-04 23:00:00,-2325.133,2025-05-04 23:00:00
2025-05-04 23:05:00,-2325.13,2025-05-04 23:05:00
2025-05-04 23:10:00,-2325.133,2025-05-04 23:10:00
2025-05-04 23:15:00,-2325.128,2025-05-04 23:15:00
2025-05-04 23:20:00,-2325.12,2025-05-04 23:20:00
2025-05-04 23:25:00,-2325.115,2025-05-04 23:25:00
2025-05-04 23:30:00,-2325.114,2025-05-04 23:30:00
2025-05-04 23:35:00,-2325.108,2025-05-04 23:35:00
2025-05-04 23:40:00,-2325.104,2025-05-04 23:40:00
2025-05-04 23:45:00,-2325.101,2025-05-04 23:45:00
2025-05-04 23:50:00,-2325.089,2025-05-04 23:50:00
2025-05-04 23:55:00,-2325.085,2025-05-04 23:55:00
2025-05-05 00:00:00,-2325.087,2025-05-05 00:00:00
2025-05-05 00:05:00,-2325.083,2025-05-05 00:05:00
2025-05-05 00:10:00,-2325.074,2025-05-05 00:10:00
2025-05-05 00:15:00,-2325.067,2025-05-05 00:15:00
2025-05-05 00:20:00,-2325.063,2025-05-05 00:20:00
2025-05-05 00:25:00,-2325.06,2025-05-05 00:25:00
2025-05-05 00:30:00,-2325.067,2025-05-05 00:30:00
2025-05-05 00:35:00,-2325.055,2025-05-05 00:35:00
2025-05-05 00:40:00,-2325.052,2025-05-05 00:40:00
2025-05-05 00:45:00,-2325.046,2025-05-05 00:45:00
2025-05-05 00:50:00,-2325.045,2025-05-05 00:50:00
2025-05-05 00:55:00,-2325.037,2025-05-05 00:55:00
2025-05-05 01:00:00,-2325.034,2025-05-05 01:00:00
2025-05-05 01:05:00,-2325.033,2025-05-05 01:05:00
2025-05-05 01:10:00,-2325.034,2025-05-05 01:10:00
2025-05-05 01:15:00,-2325.037,2025-05-05 01:15:00
2025-05-05 01:20:00,-2325.032,2025-05-05 01:20:00
2025-05-05 01:25:00,-2325.037,2025-05-05 01:25:00
2025-05-05 01:30:00,-2325.038,2025-05-05 01:30:00
2025-05-05 01:35:00,-2325.033,2025-05-05 01:35:00
2025-05-05 01:40:00,-2325.03,2025-05-05 01:40:00
2025-05-05 01:45:00,-2325.029,2025-05-05 01:45:00
2025-05-05 01:50:00,-2325.022,2025-05-05 01:50:00
2025-05-05 01:55:00,-2325.014,2025-05-05 01:55:00
2025-05-05 02:00:00,-2325.013,2025-05-05 02:00:00
2025-05-05 02:05:00,-2325.015,2025-05-05 02:05:00
2025-05-05 02:10:00,-2325.011,2025-05-05 02:10:00
2025-05-05 02:15:00,-2325.023,2025-05-05 02:15:00
2025-05-05 02:20:00,-2325.006,2025-05-05 02:20:00
2025-05-05 02:25:00,-2325.002,2025-05-05 02:25:00
2025-05-05 02:30:00,-2325.004,2025-05-05 02:30:00
2025-05-05 02:35:00,-2325.061,2025-05-05 02:35:00
2025-05-05 02:40:00,-2325.006,2025-05-05 02:40:00
2025-05-05 02:45:00,-2325.147,2025-05-05 02:45:00
2025-05-05 02:50:00,-2325.0,2025-05-05 02:50:00
2025-05-05 02:55:00,-2325.014,2025-05-05 02:55:00
2025-05-05 03:00:00,-2325.028,2025-05-05 03:00:00
2025-05-05 03:05:00,-2325.052,2025-05-05 03:05:00
2025-05-05 03:10:00,-2325.015,2025-05-05 03:10:00
2025-05-05 03:15:00,-2325.081,2025-05-05 03:15:00
2025-05-05 03:20:00,-2325.003,2025-05-05 03:20:00
2025-05-05 03:25:00,-2325.129,2025-05-05 03:25:00
2025-05-05 03:30:00,-2325.006,2025-05-05 03:30:00
2025-05-05 03:35:00,-2325.177,2025-05-05 03:35:00
2025-05-05 03:40:00,-2325.173,2025-05-05 03:40:00
2025-05-05 03:45:00,-2325.027,2025-05-05 03:45:00
2025-05-05 03:50:00,-2325.025,2025-05-05 03:50:00
2025-05-05 03:55:00,-2325.075,2025-05-05 03:55:00
2025-05-05 04:00:00,-2325.053,2025-05-05 04:00:00
2025-05-05 04:05:00,-2325.143,2025-05-05 04:05:00
2025-05-05 04:10:00,-2325.187,2025-05-05 04:10:00
2025-05-05 04:15:00,-2299.755,2025-05-05 04:15:00
2025-05-05 04:20:00,-2325.127,2025-05-05 04:20:00
2025-05-05 04:25:00,-2325.161,2025-05-05 04:25:00
2025-05-05 04:30:00,-2325.074,2025-05-05 04:30:00
2025-05-05 04:35:00,-2291.767,2025-05-05 04:35:00
2025-05-05 04:40:00,-2325.06,2025-05-05 04:40:00
2025-05-05 04:45:00,-2219.734,2025-05-05 04:45:00
2025-05-05 04:50:00,-2325.148,2025-05-05 04:50:00
2025-05-05 04:55:00,-2325.115,2025-05-05 04:55:00
2025-05-05 05:00:00,-2325.072,2025-05-05 05:00:00
2025-05-05 05:05:00,-2325.046,2025-05-05 05:05:00
2025-05-05 05:10:00,-2325.062,2025-05-05 05:10:00
2025-05-05 05:15:00,-2325.064,2025-05-05 05:15:00
2025-05-05 05:20:00,-2325.057,2025-05-05 05:20:00
2025-05-05 05:25:00,-2325.08,2025-05-05 05:25:00
2025-05-05 05:30:00,-2325.067,2025-05-05 05:30:00
2025-05-05 05:35:00,-2325.078,2025-05-05 05:35:00
2025-05-05 05:40:00,-2325.124,2025-05-05 05:40:00
2025-05-05 05:45:00,-2325.084,2025-05-05 05:45:00
2025-05-05 05:50:00,-2325.098,2025-05-05 05:50:00
2025-05-05 05:55:00,-2325.089,2025-05-05 05:55:00
2025-05-05 06:00:00,0.0,2025-05-05 06:00:00
2025-05-05 06:05:00,0.0,2025-05-05 06:05:00
2025-05-05 06:10:00,0.0,2025-05-05 06:10:00
2025-05-05 06:15:00,0.0,2025-05-05 06:15:00
2025-05-05 06:20:00,0.0,2025-05-05 06:20:00
2025-05-05 06:25:00,0.0,2025-05-05 06:25:00
2025-05-05 06:30:00,0.0,2025-05-05 06:30:00
2025-05-05 06:35:00,0.0,2025-05-05 06:35:00
2025-05-05 06:40:00,0.0,2025-05-05 06:40:00
2025-05-05 06:45:00,0.0,2025-05-05 06:45:00
2025-05-05 06:50:00,0.0,2025-05-05 06:50:00
2025-05-05 06:55:00,0.0,2025-05-05 06:55:00
2025-05-05 07:00:00,0.0,2025-05-05 07:00:00
2025-05-05 07:05:00,0.0,2025-05-05 07:05:00
2025-05-05 07:10:00,0.0,2025-05-05 07:10:00
2025-05-05 07:15:00,0.0,2025-05-05 07:15:00
2025-05-05 07:20:00,0.0,2025-05-05 07:20:00
2025-05-05 07:25:00,0.0,2025-05-05 07:25:00
2025-05-05 07:30:00,0.0,2025-05-05 07:30:00
2025-05-05 07:35:00,0.0,2025-05-05 07:35:00
2025-05-05 07:40:00,0.0,2025-05-05 07:40:00
2025-05-05 07:45:00,0.0,2025-05-05 07:45:00
2025-05-05 07:50:00,0.0,2025-05-05 07:50:00
2025-05-05 07:55:00,0.0,2025-05-05 07:55:00
2025-05-05 08:00:00,9000.0,2025-05-05 08:00:00
2025-05-05 08:05:00,9000.0,2025-05-05 08:05:00
2025-05-05 08:10:00,9000.0,2025-05-05 08:10:00
2025-05-05 08:15:00,9000.0,2025-05-05 08:15:00
2025-05-05 08:20:00,9000.0,2025-05-05 08:20:00
2025-05-05 08:25:00,9000.0,2025-05-05 08:25:00
2025-05-05 08:30:00,9000.0,2025-05-05 08:30:00
2025-05-05 08:35:00,9000.0,2025-05-05 08:35:00
2025-05-05 08:40:00,9000.0,2025-05-05 08:40:00
2025-05-05 08:45:00,9000.0,2025-05-05 08:45:00
2025-05-05 08:50:00,9000.0,2025-05-05 08:50:00
2025-05-05 08:55:00,9000.0,2025-05-05 08:55:00
2025-05-05 09:00:00,9000.0,2025-05-05 09:00:00
2025-05-05 09:05:00,9000.0,2025-05-05 09:05:00
2025-05-05 09:10:00,9000.0,2025-05-05 09:10:00
2025-05-05 09:15:00,9000.0,2025-05-05 09:15:00
2025-05-05 09:20:00,9000.0,2025-05-05 09:20:00
2025-05-05 09:25:00,9000.0,2025-05-05 09:25:00
2025-05-05 09:30:00,9000.0,2025-05-05 09:30:00
2025-05-05 09:35:00,9000.0,2025-05-05 09:35:00
2025-05-05 09:40:00,8999.999,2025-05-05 09:40:00
2025-05-05 09:45:00,5939.999,2025-05-05 09:45:00
2025-05-05 09:50:00,0.0,2025-05-05 09:50:00
2025-05-05 09:55:00,0.0,2025-05-05 09:55:00
2025-05-05 10:00:00,0.0,2025-05-05 10:00:00
2025-05-05 10:05:00,0.0,2025-05-05 10:05:00
2025-05-05 10:10:00,0.0,2025-05-05 10:10:00
2025-05-05 10:15:00,0.0,2025-05-05 10:15:00
2025-05-05 10:20:00,0.0,2025-05-05 10:20:00
2025-05-05 10:25:00,0.0,2025-05-05 10:25:00
2025-05-05 10:30:00,0.0,2025-05-05 10:30:00
2025-05-05 10:35:00,0.0,2025-05-05 10:35:00
2025-05-05 10:40:00,0.0,2025-05-05 10:40:00
2025-05-05 10:45:00,0.0,2025-05-05 10:45:00
2025-05-05 10:50:00,0.0,2025-05-05 10:50:00
2025-05-05 10:55:00,0.0,2025-05-05 10:55:00
2025-05-05 11:00:00,-2695.779,2025-05-05 11:00:00
2025-05-05 11:05:00,-2431.769,2025-05-05 11:05:00
2025-05-05 11:10:00,-2587.729,2025-05-05 11:10:00
2025-05-05 11:15:00,-2515.739,2025-05-05 11:15:00
2025-05-05 11:20:00,-2687.769,2025-05-05 11:20:00
2025-05-05 11:25:00,-2447.779,2025-05-05 11:25:00
2025-05-05 11:30:00,-2547.749,2025-05-05 11:30:00
2025-05-05 11:35:00,-2635.769,2025-05-05 11:35:00
2025-05-05 11:40:00,-2543.769,2025-05-05 11:40:00
2025-05-05 11:45:00,-2487.779,2025-05-05 11:45:00
2025-05-05 11:50:00,-2671.709,2025-05-05 11:50:00
2025-05-05 11:55:00,-2647.739,2025-05-05 11:55:00
2025-05-05 12:00:00,-2539.739,2025-05-05 12:00:00
2025-05-05 12:05:00,-2463.789,2025-05-05 12:05:00
2025-05-05 12:10:00,-2519.769,2025-05-05 12:10:00
2025-05-05 12:15:00,-2511.769,2025-05-05 12:15:00
2025-05-05 12:20:00,-2475.749,2025-05-05 12:20:00
2025-05-05 12:25:00,-2519.779,2025-05-05 12:25:00
2025-05-05 12:30:00,-2611.759,2025-05-05 12:30:00
2025-05-05 12:35:00,-2423.749,2025-05-05 12:35:00
2025-05-05 12:40:00,-2547.749,2025-05-05 12:40:00
2025-05-05 12:45:00,-2551.759,2025-05-05 12:45:00
2025-05-05 12:50:00,-1935.769,2025-05-05 12:50:00
2025-05-05 12:55:00,-2563.779,2025-05-05 12:55:00
2025-05-05 13:00:00,-2579.759,2025-05-05 13:00:00
2025-05-05 13:05:00,-2443.729,2025-05-05 13:05:00
2025-05-05 13:10:00,-2559.779,2025-05-05 13:10:00
2025-05-05 13:15:00,-2583.759,2025-05-05 13:15:00
2025-05-05 13:20:00,-2503.759,2025-05-05 13:20:00
2025-05-05 13:25:00,-2455.779,2025-05-05 13:25:00
2025-05-05 13:30:00,-2555.759,2025-05-05 13:30:00
2025-05-05 13:35:00,-2675.759,2025-05-05 13:35:00
2025-05-05 13:40:00,-2559.739,2025-05-05 13:40:00
2025-05-05 13:45:00,-2411.739,2025-05-05 13:45:00
2025-05-05 13:50:00,-2387.749,2025-05-05 13:50:00
2025-05-05 13:55:00,-2575.759,2025-05-05 13:55:00
2025-05-05 14:00:00,-2419.779,2025-05-05 14:00:00
2025-05-05 14:05:00,-2423.759,2025-05-05 14:05:00
2025-05-05 14:10:00,-2519.759,2025-05-05 14:10:00
2025-05-05 14:15:00,-2439.739,2025-05-05 14:15:00
2025-05-05 14:20:00,-2467.779,2025-05-05 14:20:00
2025-05-05 14:25:00,-2383.749,2025-05-05 14:25:00
2025-05-05 14:30:00,-2487.729,2025-05-05 14:30:00
2025-05-05 14:35:00,-2515.759,2025-05-05 14:35:00
2025-05-05 14:40:00,-2559.729,2025-05-05 14:40:00
2025-05-05 14:45:00,-2379.749,2025-05-05 14:45:00
2025-05-05 14:50:00,-2495.749,2025-05-05 14:50:00
2025-05-05 14:55:00,-2423.759,2025-05-05 14:55:00
2025-05-05 15:00:00,-2231.749,2025-05-05 15:00:00
2025-05-05 15:05:00,-2343.739,2025-05-05 15:05:00
2025-05-05 15:10:00,-2307.749,2025-05-05 15:10:00
2025-05-05 15:15:00,-2547.769,2025-05-05 15:15:00
2025-05-05 15:20:00,-2511.749,2025-05-05 15:20:00
2025-05-05 15:25:00,-2355.749,2025-05-05 15:25:00
2025-05-05 15:30:00,-2359.769,2025-05-05 15:30:00
2025-05-05 15:35:00,-2295.759,2025-05-05 15:35:00
2025-05-05 15:40:00,-2355.739,2025-05-05 15:40:00
2025-05-05 15:45:00,-2399.749,2025-05-05 15:45:00
2025-05-05 15:50:00,-2319.759,2025-05-05 15:50:00
2025-05-05 15:55:00,-2335.739,2025-05-05 15:55:00
2025-05-05 16:00:00,-2355.749,2025-05-05 16:00:00
2025-05-05 16:05:00,-2327.749,2025-05-05 16:05:00
2025-05-05 16:10:00,-2591.789,2025-05-05 16:10:00
2025-05-05 16:15:00,-2379.739,2025-05-05 16:15:00
2025-05-05 16:20:00,-2307.749,2025-05-05 16:20:00
2025-05-05 16:25:00,-2583.749,2025-05-05 16:25:00
2025-05-05 16:30:00,-2383.749,2025-05-05 16:30:00
2025-05-05 16:35:00,-2355.749,2025-05-05 16:35:00
2025-05-05 16:40:00,-2423.749,2025-05-05 16:40:00
2025-05-05 16:45:00,-2431.739,2025-05-05 16:45:00
2025-05-05 16:50:00,-2499.759,2025-05-05 16:50:00
2025-05-05 16:55:00,-2519.769,2025-05-05 16:55:00
2025-05-05 17:00:00,-2547.749,2025-05-05 17:00:00
2025-05-05 17:05:00,-2355.749,2025-05-05 17:05:00
2025-05-05 17:10:00,-2379.749,2025-05-05 17:10:00
2025-05-05 17:15:00,-2487.779,2025-05-05 17:15:00
2025-05-05 17:20:00,-2563.759,2025-05-05 17:20:00
2025-05-05 17:25:00,-2575.779,2025-05-05 17:25:00
2025-05-05 17:30:00,-2219.749,2025-05-05 17:30:00
2025-05-05 17:35:00,-2527.779,2025-05-05 17:35:00
2025-05-05 17:40:00,-2407.779,2025-05-05 17:40:00
2025-05-05 17:45:00,-2227.699,2025-05-05 17:45:00
2025-05-05 17:50:00,-2351.759,2025-05-05 17:50:00
2025-05-05 17:55:00,-2655.749,2025-05-05 17:55:00
2025-05-05 18:00:00,9000.0,2025-05-05 18:00:00
2025-05-05 18:05:00,9000.0,2025-05-05 18:05:00
2025-05-05 18:10:00,9000.0,2025-05-05 18:10:00
2025-05-05 18:15:00,9000.0,2025-05-05 18:15:00
2025-05-05 18:20:00,9000.0,2025-05-05 18:20:00
2025-05-05 18:25:00,9000.0,2025-05-05 18:25:00
2025-05-05 18:30:00,9000.0,2025-05-05 18:30:00
2025-05-05 18:35:00,9000.0,2025-05-05 18:35:00
2025-05-05 18:40:00,9000.0,2025-05-05 18:40:00
2025-05-05 18:45:00,9000.0,2025-05-05 18:45:00
2025-05-05 18:50:00,9000.0,2025-05-05 18:50:00
2025-05-05 18:55:00,9000.0,2025-05-05 18:55:00
2025-05-05 19:00:00,9000.0,2025-05-05 19:00:00
2025-05-05 19:05:00,9000.0,2025-05-05 19:05:00
2025-05-05 19:10:00,9000.0,2025-05-05 19:10:00
2025-05-05 19:15:00,9000.0,2025-05-05 19:15:00
2025-05-05 19:20:00,9000.0,2025-05-05 19:20:00
2025-05-05 19:25:00,9000.0,2025-05-05 19:25:00
2025-05-05 19:30:00,9000.0,2025-05-05 19:30:00
2025-05-05 19:35:00,8999.999,2025-05-05 19:35:00
2025-05-05 19:40:00,1095.851,2025-05-05 19:40:00
2025-05-05 19:45:00,0.0,2025-05-05 19:45:00
2025-05-05 19:50:00,0.0,2025-05-05 19:50:00
2025-05-05 19:55:00,0.0,2025-05-05 19:55:00
2025-05-05 20:00:00,0.0,2025-05-05 20:00:00
2025-05-05 20:05:00,0.0,2025-05-05 20:05:00
2025-05-05 20:10:00,0.0,2025-05-05 20:10:00
2025-05-05 20:15:00,0.0,2025-05-05 20:15:00
2025-05-05 20:20:00,0.0,2025-05-05 20:20:00
2025-05-05 20:25:00,0.0,2025-05-05 20:25:00
2025-05-05 20:30:00,0.0,2025-05-05 20:30:00
2025-05-05 20:35:00,0.0,2025-05-05 20:35:00
2025-05-05 20:40:00,0.0,2025-05-05 20:40:00
2025-05-05 20:45:00,0.0,2025-05-05 20:45:00
2025-05-05 20:50:00,0.0,2025-05-05 20:50:00
2025-05-05 20:55:00,0.0,2025-05-05 20:55:00
2025-05-05 21:00:00,0.0,2025-05-05 21:00:00
2025-05-05 21:05:00,0.0,2025-05-05 21:05:00
2025-05-05 21:10:00,0.0,2025-05-05 21:10:00
2025-05-05 21:15:00,0.0,2025-05-05 21:15:00
2025-05-05 21:20:00,0.0,2025-05-05 21:20:00
2025-05-05 21:25:00,0.0,2025-05-05 21:25:00
2025-05-05 21:30:00,0.0,2025-05-05 21:30:00
2025-05-05 21:35:00,0.0,2025-05-05 21:35:00
2025-05-05 21:40:00,0.0,2025-05-05 21:40:00
2025-05-05 21:45:00,0.0,2025-05-05 21:45:00
2025-05-05 21:50:00,0.0,2025-05-05 21:50:00
2025-05-05 21:55:00,0.0,2025-05-05 21:55:00
2025-05-05 22:00:00,-2619.719,2025-05-05 22:00:00
2025-05-05 22:05:00,-2679.719,2025-05-05 22:05:00
2025-05-05 22:10:00,-2727.739,2025-05-05 22:10:00
2025-05-05 22:15:00,-2671.759,2025-05-05 22:15:00
2025-05-05 22:20:00,-2375.749,2025-05-05 22:20:00
2025-05-05 22:25:00,-2407.769,2025-05-05 22:25:00
2025-05-05 22:30:00,-2511.779,2025-05-05 22:30:00
2025-05-05 22:35:00,-2343.739,2025-05-05 22:35:00
2025-05-05 22:40:00,-2387.769,2025-05-05 22:40:00
2025-05-05 22:45:00,-2407.759,2025-05-05 22:45:00
2025-05-05 22:50:00,-2395.729,2025-05-05 22:50:00
2025-05-05 22:55:00,-2475.739,2025-05-05 22:55:00
2025-05-05 23:00:00,-2283.749,2025-05-05 23:00:00
2025-05-05 23:05:00,-2223.749,2025-05-05 23:05:00
2025-05-05 23:10:00,-2243.779,2025-05-05 23:10:00
2025-05-05 23:15:00,-2227.779,2025-05-05 23:15:00
2025-05-05 23:20:00,-2455.749,2025-05-05 23:20:00
2025-05-05 23:25:00,-2307.739,2025-05-05 23:25:00
2025-05-05 23:30:00,-2387.759,2025-05-05 23:30:00
2025-05-05 23:35:00,-2295.729,2025-05-05 23:35:00
2025-05-05 23:40:00,-2299.739,2025-05-05 23:40:00
2025-05-05 23:45:00,-2259.749,2025-05-05 23:45:00
2025-05-05 23:50:00,-2587.729,2025-05-05 23:50:00
2025-05-05 23:55:00,-2455.719,2025-05-05 23:55:00
2025-05-06 00:00:00,-2292.532,2025-05-06 00:00:00
2025-05-06 00:05:00,-2227.747,2025-05-06 00:05:00
2025-05-06 00:10:00,-2292.795,2025-05-06 00:10:00
2025-05-06 00:15:00,-2292.796,2025-05-06 00:15:00
2025-05-06 00:20:00,-2292.713,2025-05-06 00:20:00
2025-05-06 00:25:00,-2292.822,2025-05-06 00:25:00
2025-05-06 00:30:00,-2292.849,2025-05-06 00:30:00
2025-05-06 00:35:00,-2292.843,2025-05-06 00:35:00
2025-05-06 00:40:00,-2292.812,2025-05-06 00:40:00
2025-05-06 00:45:00,-2292.764,2025-05-06 00:45:00
2025-05-06 00:50:00,-2292.789,2025-05-06 00:50:00
2025-05-06 00:55:00,-2292.86,2025-05-06 00:55:00
2025-05-06 01:00:00,-2292.831,2025-05-06 01:00:00
2025-05-06 01:05:00,-2292.743,2025-05-06 01:05:00
2025-05-06 01:10:00,-2292.769,2025-05-06 01:10:00
2025-05-06 01:15:00,-2292.792,2025-05-06 01:15:00
2025-05-06 01:20:00,-2292.798,2025-05-06 01:20:00
2025-05-06 01:25:00,-2292.799,2025-05-06 01:25:00
2025-05-06 01:30:00,-2292.861,2025-05-06 01:30:00
2025-05-06 01:35:00,-2292.855,2025-05-06 01:35:00
2025-05-06 01:40:00,-2292.808,2025-05-06 01:40:00
2025-05-06 01:45:00,-2292.771,2025-05-06 01:45:00
2025-05-06 01:50:00,-2292.875,2025-05-06 01:50:00
2025-05-06 01:55:00,-2292.815,2025-05-06 01:55:00
2025-05-06 02:00:00,-2292.864,2025-05-06 02:00:00
2025-05-06 02:05:00,-2293.079,2025-05-06 02:05:00
2025-05-06 02:10:00,-2292.874,2025-05-06 02:10:00
2025-05-06 02:15:00,-2292.815,2025-05-06 02:15:00
2025-05-06 02:20:00,-2292.817,2025-05-06 02:20:00
2025-05-06 02:25:00,-2292.849,2025-05-06 02:25:00
2025-05-06 02:30:00,-2292.79,2025-05-06 02:30:00
2025-05-06 02:35:00,-2292.787,2025-05-06 02:35:00
2025-05-06 02:40:00,-2292.876,2025-05-06 02:40:00
2025-05-06 02:45:00,-2292.843,2025-05-06 02:45:00
2025-05-06 02:50:00,-2292.787,2025-05-06 02:50:00
2025-05-06 02:55:00,-2292.87,2025-05-06 02:55:00
2025-05-06 03:00:00,-2283.721,2025-05-06 03:00:00
2025-05-06 03:05:00,-2292.796,2025-05-06 03:05:00
2025-05-06 03:10:00,-2292.823,2025-05-06 03:10:00
2025-05-06 03:15:00,-2292.875,2025-05-06 03:15:00
2025-05-06 03:20:00,-2292.84,2025-05-06 03:20:00
2025-05-06 03:25:00,-2292.87,2025-05-06 03:25:00
2025-05-06 03:30:00,-2292.824,2025-05-06 03:30:00
2025-05-06 03:35:00,-2292.798,2025-05-06 03:35:00
2025-05-06 03:40:00,-2292.882,2025-05-06 03:40:00
2025-05-06 03:45:00,-2292.871,2025-05-06 03:45:00
2025-05-06 03:50:00,-2292.826,2025-05-06 03:50:00
2025-05-06 03:55:00,-2292.844,2025-05-06 03:55:00
2025-05-06 04:00:00,-2292.856,2025-05-06 04:00:00
2025-05-06 04:05:00,-2292.79,2025-05-06 04:05:00
2025-05-06 04:10:00,-2292.877,2025-05-06 04:10:00
2025-05-06 04:15:00,-2292.857,2025-05-06 04:15:00
2025-05-06 04:20:00,-2292.789,2025-05-06 04:20:00
2025-05-06 04:25:00,-2292.771,2025-05-06 04:25:00
2025-05-06 04:30:00,-2292.835,2025-05-06 04:30:00
2025-05-06 04:35:00,-2292.851,2025-05-06 04:35:00
2025-05-06 04:40:00,-2292.837,2025-05-06 04:40:00
2025-05-06 04:45:00,-2292.734,2025-05-06 04:45:00
2025-05-06 04:50:00,-2292.877,2025-05-06 04:50:00
2025-05-06 04:55:00,-2292.837,2025-05-06 04:55:00
2025-05-06 05:00:00,-2292.874,2025-05-06 05:00:00
2025-05-06 05:05:00,-2292.831,2025-05-06 05:05:00
2025-05-06 05:10:00,-2293.161,2025-05-06 05:10:00
2025-05-06 05:15:00,-2292.855,2025-05-06 05:15:00
2025-05-06 05:20:00,-2292.803,2025-05-06 05:20:00
2025-05-06 05:25:00,-2292.867,2025-05-06 05:25:00
2025-05-06 05:30:00,-2292.864,2025-05-06 05:30:00
2025-05-06 05:35:00,-2292.767,2025-05-06 05:35:00
2025-05-06 05:40:00,-2292.774,2025-05-06 05:40:00
2025-05-06 05:45:00,-2292.874,2025-05-06 05:45:00
2025-05-06 05:50:00,-2292.825,2025-05-06 05:50:00
2025-05-06 05:55:00,-2292.873,2025-05-06 05:55:00
2025-05-06 06:00:00,0.0,2025-05-06 06:00:00
2025-05-06 06:05:00,0.0,2025-05-06 06:05:00
2025-05-06 06:10:00,0.0,2025-05-06 06:10:00
2025-05-06 06:15:00,0.0,2025-05-06 06:15:00
2025-05-06 06:20:00,0.0,2025-05-06 06:20:00
2025-05-06 06:25:00,0.0,2025-05-06 06:25:00
2025-05-06 06:30:00,0.0,2025-05-06 06:30:00
2025-05-06 06:35:00,0.0,2025-05-06 06:35:00
2025-05-06 06:40:00,0.0,2025-05-06 06:40:00
2025-05-06 06:45:00,0.0,2025-05-06 06:45:00
2025-05-06 06:50:00,0.0,2025-05-06 06:50:00
2025-05-06 06:55:00,0.0,2025-05-06 06:55:00
2025-05-06 07:00:00,0.0,2025-05-06 07:00:00
2025-05-06 07:05:00,0.0,2025-05-06 07:05:00
2025-05-06 07:10:00,0.0,2025-05-06 07:10:00
2025-05-06 07:15:00,0.0,2025-05-06 07:15:00
2025-05-06 07:20:00,0.0,2025-05-06 07:20:00
2025-05-06 07:25:00,0.0,2025-05-06 07:25:00
2025-05-06 07:30:00,0.0,2025-05-06 07:30:00
2025-05-06 07:35:00,0.0,2025-05-06 07:35:00
2025-05-06 07:40:00,0.0,2025-05-06 07:40:00
2025-05-06 07:45:00,0.0,2025-05-06 07:45:00
2025-05-06 07:50:00,0.0,2025-05-06 07:50:00
2025-05-06 07:55:00,0.0,2025-05-06 07:55:00
2025-05-06 08:00:00,9000.0,2025-05-06 08:00:00
2025-05-06 08:05:00,9000.0,2025-05-06 08:05:00
2025-05-06 08:10:00,9000.0,2025-05-06 08:10:00
2025-05-06 08:15:00,9000.0,2025-05-06 08:15:00
2025-05-06 08:20:00,9000.0,2025-05-06 08:20:00
2025-05-06 08:25:00,9000.0,2025-05-06 08:25:00
2025-05-06 08:30:00,9000.0,2025-05-06 08:30:00
2025-05-06 08:35:00,9000.0,2025-05-06 08:35:00
2025-05-06 08:40:00,9000.0,2025-05-06 08:40:00
2025-05-06 08:45:00,9000.0,2025-05-06 08:45:00
2025-05-06 08:50:00,9000.0,2025-05-06 08:50:00
2025-05-06 08:55:00,9000.0,2025-05-06 08:55:00
2025-05-06 09:00:00,9000.0,2025-05-06 09:00:00
2025-05-06 09:05:00,9000.0,2025-05-06 09:05:00
2025-05-06 09:10:00,9000.0,2025-05-06 09:10:00
2025-05-06 09:15:00,9000.0,2025-05-06 09:15:00
2025-05-06 09:20:00,9000.0,2025-05-06 09:20:00
2025-05-06 09:25:00,9000.0,2025-05-06 09:25:00
2025-05-06 09:30:00,9000.0,2025-05-06 09:30:00
2025-05-06 09:35:00,9000.0,2025-05-06 09:35:00
2025-05-06 09:40:00,9000.0,2025-05-06 09:40:00
2025-05-06 09:45:00,5940.0,2025-05-06 09:45:00
2025-05-06 09:50:00,0.0,2025-05-06 09:50:00
2025-05-06 09:55:00,0.0,2025-05-06 09:55:00
2025-05-06 10:00:00,0.0,2025-05-06 10:00:00
2025-05-06 10:05:00,0.0,2025-05-06 10:05:00
2025-05-06 10:10:00,0.0,2025-05-06 10:10:00
2025-05-06 10:15:00,0.0,2025-05-06 10:15:00
2025-05-06 10:20:00,0.0,2025-05-06 10:20:00
2025-05-06 10:25:00,0.0,2025-05-06 10:25:00
2025-05-06 10:30:00,0.0,2025-05-06 10:30:00
2025-05-06 10:35:00,0.0,2025-05-06 10:35:00
2025-05-06 10:40:00,0.0,2025-05-06 10:40:00
2025-05-06 10:45:00,0.0,2025-05-06 10:45:00
2025-05-06 10:50:00,0.0,2025-05-06 10:50:00
2025-05-06 10:55:00,0.0,2025-05-06 10:55:00
2025-05-06 11:00:00,-2431.779,2025-05-06 11:00:00
2025-05-06 11:05:00,-2603.749,2025-05-06 11:05:00
2025-05-06 11:10:00,-2503.759,2025-05-06 11:10:00
2025-05-06 11:15:00,-2615.729,2025-05-06 11:15:00
2025-05-06 11:20:00,-2599.739,2025-05-06 11:20:00
2025-05-06 11:25:00,-2555.759,2025-05-06 11:25:00
2025-05-06 11:30:00,-2595.699,2025-05-06 11:30:00
2025-05-06 11:35:00,-2483.729,2025-05-06 11:35:00
2025-05-06 11:40:00,-2311.739,2025-05-06 11:40:00
2025-05-06 11:45:00,-2259.729,2025-05-06 11:45:00
2025-05-06 11:50:00,-2259.729,2025-05-06 11:50:00
2025-05-06 11:55:00,-2167.729,2025-05-06 11:55:00
2025-05-06 12:00:00,-2187.729,2025-05-06 12:00:00
2025-05-06 12:05:00,-2543.739,2025-05-06 12:05:00
2025-05-06 12:10:00,-2491.729,2025-05-06 12:10:00
2025-05-06 12:15:00,-2539.739,2025-05-06 12:15:00
2025-05-06 12:20:00,-2331.759,2025-05-06 12:20:00
2025-05-06 12:25:00,-2779.749,2025-05-06 12:25:00
2025-05-06 12:30:00,-2219.769,2025-05-06 12:30:00
2025-05-06 12:35:00,-2307.729,2025-05-06 12:35:00
2025-05-06 12:40:00,-2259.729,2025-05-06 12:40:00
2025-05-06 12:45:00,-2239.769,2025-05-06 12:45:00
2025-05-06 12:50:00,-2267.749,2025-05-06 12:50:00
2025-05-06 12:55:00,-2363.759,2025-05-06 12:55:00
2025-05-06 13:00:00,-2199.719,2025-05-06 13:00:00
2025-05-06 13:05:00,-2451.719,2025-05-06 13:05:00
2025-05-06 13:10:00,-2251.779,2025-05-06 13:10:00
2025-05-06 13:15:00,-2503.749,2025-05-06 13:15:00
2025-05-06 13:20:00,-2427.799,2025-05-06 13:20:00
2025-05-06 13:25:00,-2327.759,2025-05-06 13:25:00
2025-05-06 13:30:00,-2619.739,2025-05-06 13:30:00
2025-05-06 13:35:00,-2647.719,2025-05-06 13:35:00
2025-05-06 13:40:00,-2747.759,2025-05-06 13:40:00
2025-05-06 13:45:00,-2659.739,2025-05-06 13:45:00
2025-05-06 13:50:00,-2695.769,2025-05-06 13:50:00
2025-05-06 13:55:00,-2699.739,2025-05-06 13:55:00
2025-05-06 14:00:00,-2655.759,2025-05-06 14:00:00
2025-05-06 14:05:00,-2375.739,2025-05-06 14:05:00
2025-05-06 14:10:00,-2451.779,2025-05-06 14:10:00
2025-05-06 14:15:00,-2439.759,2025-05-06 14:15:00
2025-05-06 14:20:00,-2455.769,2025-05-06 14:20:00
2025-05-06 14:25:00,-2715.719,2025-05-06 14:25:00
2025-05-06 14:30:00,-2503.729,2025-05-06 14:30:00
2025-05-06 14:35:00,-2455.699,2025-05-06 14:35:00
2025-05-06 14:40:00,-2487.789,2025-05-06 14:40:00
2025-05-06 14:45:00,-2511.739,2025-05-06 14:45:00
2025-05-06 14:50:00,-2527.779,2025-05-06 14:50:00
2025-05-06 14:55:00,-2675.779,2025-05-06 14:55:00
2025-05-06 15:00:00,-2707.769,2025-05-06 15:00:00
2025-05-06 15:05:00,-2691.749,2025-05-06 15:05:00
2025-05-06 15:10:00,-2595.779,2025-05-06 15:10:00
2025-05-06 15:15:00,-2567.749,2025-05-06 15:15:00
2025-05-06 15:20:00,-2635.759,2025-05-06 15:20:00
2025-05-06 15:25:00,-2571.739,2025-05-06 15:25:00
2025-05-06 15:30:00,-2575.799,2025-05-06 15:30:00
2025-05-06 15:35:00,-2427.749,2025-05-06 15:35:00
2025-05-06 15:40:00,-2431.739,2025-05-06 15:40:00
2025-05-06 15:45:00,-2451.749,2025-05-06 15:45:00
2025-05-06 15:50:00,-2491.769,2025-05-06 15:50:00
2025-05-06 15:55:00,-2547.729,2025-05-06 15:55:00
2025-05-06 16:00:00,-2463.779,2025-05-06 16:00:00
2025-05-06 16:05:00,-2571.779,2025-05-06 16:05:00
2025-05-06 16:10:00,-2623.749,2025-05-06 16:10:00
2025-05-06 16:15:00,-2491.729,2025-05-06 16:15:00
2025-05-06 16:20:00,-2547.769,2025-05-06 16:20:00
2025-05-06 16:25:00,-2595.759,2025-05-06 16:25:00
2025-05-06 16:30:00,-2651.739,2025-05-06 16:30:00
2025-05-06 16:35:00,-2767.699,2025-05-06 16:35:00
2025-05-06 16:40:00,-2743.779,2025-05-06 16:40:00
2025-05-06 16:45:00,-3023.799,2025-05-06 16:45:00
2025-05-06 16:50:00,-3039.759,2025-05-06 16:50:00
2025-05-06 16:55:00,-3015.759,2025-05-06 16:55:00
2025-05-06 17:00:00,-3067.719,2025-05-06 17:00:00
2025-05-06 17:05:00,-2903.719,2025-05-06 17:05:00
2025-05-06 17:10:00,-2735.759,2025-05-06 17:10:00
2025-05-06 17:15:00,-2723.759,2025-05-06 17:15:00
2025-05-06 17:20:00,-2695.739,2025-05-06 17:20:00
2025-05-06 17:25:00,-2683.719,2025-05-06 17:25:00
2025-05-06 17:30:00,-2779.739,2025-05-06 17:30:00
2025-05-06 17:35:00,-2787.739,2025-05-06 17:35:00
2025-05-06 17:40:00,-2815.759,2025-05-06 17:40:00
2025-05-06 17:45:00,-2787.739,2025-05-06 17:45:00
2025-05-06 17:50:00,-2695.739,2025-05-06 17:50:00
2025-05-06 17:55:00,-2783.779,2025-05-06 17:55:00
2025-05-06 18:00:00,9000.0,2025-05-06 18:00:00
2025-05-06 18:05:00,9000.0,2025-05-06 18:05:00
2025-05-06 18:10:00,9000.0,2025-05-06 18:10:00
2025-05-06 18:15:00,9000.0,2025-05-06 18:15:00
2025-05-06 18:20:00,9000.0,2025-05-06 18:20:00
2025-05-06 18:25:00,9000.0,2025-05-06 18:25:00
2025-05-06 18:30:00,9000.0,2025-05-06 18:30:00
2025-05-06 18:35:00,9000.0,2025-05-06 18:35:00
2025-05-06 18:40:00,9000.0,2025-05-06 18:40:00
2025-05-06 18:45:00,9000.0,2025-05-06 18:45:00
2025-05-06 18:50:00,9000.0,2025-05-06 18:50:00
2025-05-06 18:55:00,9000.0,2025-05-06 18:55:00
2025-05-06 19:00:00,9000.0,2025-05-06 19:00:00
2025-05-06 19:05:00,9000.0,2025-05-06 19:05:00
2025-05-06 19:10:00,9000.0,2025-05-06 19:10:00
2025-05-06 19:15:00,9000.0,2025-05-06 19:15:00
2025-05-06 19:20:00,9000.0,2025-05-06 19:20:00
2025-05-06 19:25:00,9000.0,2025-05-06 19:25:00
2025-05-06 19:30:00,9000.0,2025-05-06 19:30:00
2025-05-06 19:35:00,9000.0,2025-05-06 19:35:00
2025-05-06 19:40:00,8003.468,2025-05-06 19:40:00
2025-05-06 19:45:00,0.0,2025-05-06 19:45:00
2025-05-06 19:50:00,0.0,2025-05-06 19:50:00
2025-05-06 19:55:00,0.0,2025-05-06 19:55:00
2025-05-06 20:00:00,0.0,2025-05-06 20:00:00
2025-05-06 20:05:00,0.0,2025-05-06 20:05:00
2025-05-06 20:10:00,0.0,2025-05-06 20:10:00
2025-05-06 20:15:00,0.0,2025-05-06 20:15:00
2025-05-06 20:20:00,0.0,2025-05-06 20:20:00
2025-05-06 20:25:00,0.0,2025-05-06 20:25:00
2025-05-06 20:30:00,0.0,2025-05-06 20:30:00
2025-05-06 20:35:00,0.0,2025-05-06 20:35:00
2025-05-06 20:40:00,0.0,2025-05-06 20:40:00
2025-05-06 20:45:00,0.0,2025-05-06 20:45:00
2025-05-06 20:50:00,0.0,2025-05-06 20:50:00
2025-05-06 20:55:00,0.0,2025-05-06 20:55:00
2025-05-06 21:00:00,0.0,2025-05-06 21:00:00
2025-05-06 21:05:00,0.0,2025-05-06 21:05:00
2025-05-06 21:10:00,0.0,2025-05-06 21:10:00
2025-05-06 21:15:00,0.0,2025-05-06 21:15:00
2025-05-06 21:20:00,0.0,2025-05-06 21:20:00
2025-05-06 21:25:00,0.0,2025-05-06 21:25:00
2025-05-06 21:30:00,0.0,2025-05-06 21:30:00
2025-05-06 21:35:00,0.0,2025-05-06 21:35:00
2025-05-06 21:40:00,0.0,2025-05-06 21:40:00
2025-05-06 21:45:00,0.0,2025-05-06 21:45:00
2025-05-06 21:50:00,0.0,2025-05-06 21:50:00
2025-05-06 21:55:00,0.0,2025-05-06 21:55:00
2025-05-06 22:00:00,-2323.468,2025-05-06 22:00:00
2025-05-06 22:05:00,-2323.464,2025-05-06 22:05:00
2025-05-06 22:10:00,-2323.473,2025-05-06 22:10:00
2025-05-06 22:15:00,-2323.488,2025-05-06 22:15:00
2025-05-06 22:20:00,-2323.476,2025-05-06 22:20:00
2025-05-06 22:25:00,-2323.469,2025-05-06 22:25:00
2025-05-06 22:30:00,-2323.466,2025-05-06 22:30:00
2025-05-06 22:35:00,-2323.467,2025-05-06 22:35:00
2025-05-06 22:40:00,-2323.474,2025-05-06 22:40:00
2025-05-06 22:45:00,-2323.468,2025-05-06 22:45:00
2025-05-06 22:50:00,-2323.492,2025-05-06 22:50:00
2025-05-06 22:55:00,-2323.467,2025-05-06 22:55:00
2025-05-06 23:00:00,-2323.464,2025-05-06 23:00:00
2025-05-06 23:05:00,-2323.463,2025-05-06 23:05:00
2025-05-06 23:10:00,-2323.463,2025-05-06 23:10:00
2025-05-06 23:15:00,-2323.463,2025-05-06 23:15:00
2025-05-06 23:20:00,-2323.462,2025-05-06 23:20:00
2025-05-06 23:25:00,-2323.461,2025-05-06 23:25:00
2025-05-06 23:30:00,-2323.467,2025-05-06 23:30:00
2025-05-06 23:35:00,-2323.51,2025-05-06 23:35:00
2025-05-06 23:40:00,-2323.459,2025-05-06 23:40:00
2025-05-06 23:45:00,-2323.695,2025-05-06 23:45:00
2025-05-06 23:50:00,-2323.463,2025-05-06 23:50:00
2025-05-06 23:55:00,-2323.46,2025-05-06 23:55:00
2025-05-07 00:00:00,-2323.466,2025-05-07 00:00:00
2025-05-07 00:05:00,-2323.69,2025-05-07 00:05:00
2025-05-07 00:10:00,-2323.473,2025-05-07 00:10:00
2025-05-07 00:15:00,-2323.566,2025-05-07 00:15:00
2025-05-07 00:20:00,-2323.51,2025-05-07 00:20:00
2025-05-07 00:25:00,-2323.459,2025-05-07 00:25:00
2025-05-07 00:30:00,-2323.458,2025-05-07 00:30:00
2025-05-07 00:35:00,-2323.458,2025-05-07 00:35:00
2025-05-07 00:40:00,-2311.498,2025-05-07 00:40:00
2025-05-07 00:45:00,-2323.461,2025-05-07 00:45:00
2025-05-07 00:50:00,-2323.618,2025-05-07 00:50:00
2025-05-07 00:55:00,-2323.479,2025-05-07 00:55:00
2025-05-07 01:00:00,-2323.463,2025-05-07 01:00:00
2025-05-07 01:05:00,-2323.509,2025-05-07 01:05:00
2025-05-07 01:10:00,-2323.461,2025-05-07 01:10:00
2025-05-07 01:15:00,-2323.464,2025-05-07 01:15:00
2025-05-07 01:20:00,-2323.47,2025-05-07 01:20:00
2025-05-07 01:25:00,-2323.464,2025-05-07 01:25:00
2025-05-07 01:30:00,-2323.466,2025-05-07 01:30:00
2025-05-07 01:35:00,-2323.473,2025-05-07 01:35:00
2025-05-07 01:40:00,-2323.472,2025-05-07 01:40:00
2025-05-07 01:45:00,-2323.475,2025-05-07 01:45:00
2025-05-07 01:50:00,-2323.464,2025-05-07 01:50:00
2025-05-07 01:55:00,-2323.474,2025-05-07 01:55:00
2025-05-07 02:00:00,-2323.474,2025-05-07 02:00:00
2025-05-07 02:05:00,-2323.474,2025-05-07 02:05:00
2025-05-07 02:10:00,-2323.473,2025-05-07 02:10:00
2025-05-07 02:15:00,-2323.482,2025-05-07 02:15:00
2025-05-07 02:20:00,-2323.482,2025-05-07 02:20:00
2025-05-07 02:25:00,-2323.484,2025-05-07 02:25:00
2025-05-07 02:30:00,-2323.486,2025-05-07 02:30:00
2025-05-07 02:35:00,-2323.488,2025-05-07 02:35:00
2025-05-07 02:40:00,-2323.49,2025-05-07 02:40:00
2025-05-07 02:45:00,-2323.49,2025-05-07 02:45:00
2025-05-07 02:50:00,-2323.49,2025-05-07 02:50:00
2025-05-07 02:55:00,-2323.511,2025-05-07 02:55:00
2025-05-07 03:00:00,-2323.493,2025-05-07 03:00:00
2025-05-07 03:05:00,-2323.493,2025-05-07 03:05:00
2025-05-07 03:10:00,-2323.699,2025-05-07 03:10:00
2025-05-07 03:15:00,-2323.524,2025-05-07 03:15:00
2025-05-07 03:20:00,-2323.496,2025-05-07 03:20:00
2025-05-07 03:25:00,-2323.5,2025-05-07 03:25:00
2025-05-07 03:30:00,-2323.581,2025-05-07 03:30:00
2025-05-07 03:35:00,-2323.498,2025-05-07 03:35:00
2025-05-07 03:40:00,-2323.581,2025-05-07 03:40:00
2025-05-07 03:45:00,-2323.495,2025-05-07 03:45:00
2025-05-07 03:50:00,-2323.498,2025-05-07 03:50:00
2025-05-07 03:55:00,-2323.637,2025-05-07 03:55:00
2025-05-07 04:00:00,-2323.492,2025-05-07 04:00:00
2025-05-07 04:05:00,-2323.494,2025-05-07 04:05:00
2025-05-07 04:10:00,-2323.49,2025-05-07 04:10:00
2025-05-07 04:15:00,-2323.508,2025-05-07 04:15:00
2025-05-07 04:20:00,-2323.514,2025-05-07 04:20:00
2025-05-07 04:25:00,-2323.692,2025-05-07 04:25:00
2025-05-07 04:30:00,-2323.484,2025-05-07 04:30:00
2025-05-07 04:35:00,-2323.486,2025-05-07 04:35:00
2025-05-07 04:40:00,-2323.487,2025-05-07 04:40:00
2025-05-07 04:45:00,-2323.514,2025-05-07 04:45:00
2025-05-07 04:50:00,-2323.486,2025-05-07 04:50:00
2025-05-07 04:55:00,-2323.479,2025-05-07 04:55:00
2025-05-07 05:00:00,-2323.476,2025-05-07 05:00:00
2025-05-07 05:05:00,-2323.483,2025-05-07 05:05:00
2025-05-07 05:10:00,-2323.472,2025-05-07 05:10:00
2025-05-07 05:15:00,-2323.478,2025-05-07 05:15:00
2025-05-07 05:20:00,-2323.47,2025-05-07 05:20:00
2025-05-07 05:25:00,-2323.479,2025-05-07 05:25:00
2025-05-07 05:30:00,-2323.469,2025-05-07 05:30:00
2025-05-07 05:35:00,-2323.478,2025-05-07 05:35:00
2025-05-07 05:40:00,-2323.474,2025-05-07 05:40:00
2025-05-07 05:45:00,-2323.467,2025-05-07 05:45:00
2025-05-07 05:50:00,-2323.523,2025-05-07 05:50:00
2025-05-07 05:55:00,-2323.47,2025-05-07 05:55:00
2025-05-07 06:00:00,0.0,2025-05-07 06:00:00
2025-05-07 06:05:00,0.0,2025-05-07 06:05:00
2025-05-07 06:10:00,0.0,2025-05-07 06:10:00
2025-05-07 06:15:00,0.0,2025-05-07 06:15:00
2025-05-07 06:20:00,0.0,2025-05-07 06:20:00
2025-05-07 06:25:00,0.0,2025-05-07 06:25:00
2025-05-07 06:30:00,0.0,2025-05-07 06:30:00
2025-05-07 06:35:00,0.0,2025-05-07 06:35:00
2025-05-07 06:40:00,0.0,2025-05-07 06:40:00
2025-05-07 06:45:00,0.0,2025-05-07 06:45:00
2025-05-07 06:50:00,0.0,2025-05-07 06:50:00
2025-05-07 06:55:00,0.0,2025-05-07 06:55:00
2025-05-07 07:00:00,0.0,2025-05-07 07:00:00
2025-05-07 07:05:00,0.0,2025-05-07 07:05:00
2025-05-07 07:10:00,0.0,2025-05-07 07:10:00
2025-05-07 07:15:00,0.0,2025-05-07 07:15:00
2025-05-07 07:20:00,0.0,2025-05-07 07:20:00
2025-05-07 07:25:00,0.0,2025-05-07 07:25:00
2025-05-07 07:30:00,0.0,2025-05-07 07:30:00
2025-05-07 07:35:00,0.0,2025-05-07 07:35:00
2025-05-07 07:40:00,0.0,2025-05-07 07:40:00
2025-05-07 07:45:00,0.0,2025-05-07 07:45:00
2025-05-07 07:50:00,0.0,2025-05-07 07:50:00
2025-05-07 07:55:00,0.0,2025-05-07 07:55:00
2025-05-07 08:00:00,9000.0,2025-05-07 08:00:00
2025-05-07 08:05:00,9000.0,2025-05-07 08:05:00
2025-05-07 08:10:00,9000.0,2025-05-07 08:10:00
2025-05-07 08:15:00,9000.0,2025-05-07 08:15:00
2025-05-07 08:20:00,9000.0,2025-05-07 08:20:00
2025-05-07 08:25:00,9000.0,2025-05-07 08:25:00
2025-05-07 08:30:00,9000.0,2025-05-07 08:30:00
2025-05-07 08:35:00,9000.0,2025-05-07 08:35:00
2025-05-07 08:40:00,9000.0,2025-05-07 08:40:00
2025-05-07 08:45:00,9000.0,2025-05-07 08:45:00
2025-05-07 08:50:00,9000.0,2025-05-07 08:50:00
2025-05-07 08:55:00,9000.0,2025-05-07 08:55:00
2025-05-07 09:00:00,9000.0,2025-05-07 09:00:00
2025-05-07 09:05:00,9000.0,2025-05-07 09:05:00
2025-05-07 09:10:00,9000.0,2025-05-07 09:10:00
2025-05-07 09:15:00,9000.0,2025-05-07 09:15:00
2025-05-07 09:20:00,9000.0,2025-05-07 09:20:00
2025-05-07 09:25:00,9000.0,2025-05-07 09:25:00
2025-05-07 09:30:00,8999.999,2025-05-07 09:30:00
2025-05-07 09:35:00,8999.999,2025-05-07 09:35:00
2025-05-07 09:40:00,8999.998,2025-05-07 09:40:00
2025-05-07 09:45:00,5939.997,2025-05-07 09:45:00
2025-05-07 09:50:00,0.0,2025-05-07 09:50:00
2025-05-07 09:55:00,0.0,2025-05-07 09:55:00
2025-05-07 10:00:00,0.0,2025-05-07 10:00:00
2025-05-07 10:05:00,0.0,2025-05-07 10:05:00
2025-05-07 10:10:00,0.0,2025-05-07 10:10:00
2025-05-07 10:15:00,0.0,2025-05-07 10:15:00
2025-05-07 10:20:00,0.0,2025-05-07 10:20:00
2025-05-07 10:25:00,0.0,2025-05-07 10:25:00
2025-05-07 10:30:00,0.0,2025-05-07 10:30:00
2025-05-07 10:35:00,0.0,2025-05-07 10:35:00
2025-05-07 10:40:00,0.0,2025-05-07 10:40:00
2025-05-07 10:45:00,0.0,2025-05-07 10:45:00
2025-05-07 10:50:00,0.0,2025-05-07 10:50:00
2025-05-07 10:55:00,0.0,2025-05-07 10:55:00
2025-05-07 11:00:00,-2647.789,2025-05-07 11:00:00
2025-05-07 11:05:00,-2563.769,2025-05-07 11:05:00
2025-05-07 11:10:00,-2707.729,2025-05-07 11:10:00
2025-05-07 11:15:00,-2567.769,2025-05-07 11:15:00
2025-05-07 11:20:00,-2559.769,2025-05-07 11:20:00
2025-05-07 11:25:00,-2583.739,2025-05-07 11:25:00
2025-05-07 11:30:00,-2519.749,2025-05-07 11:30:00
2025-05-07 11:35:00,-2551.739,2025-05-07 11:35:00
2025-05-07 11:40:00,-2519.699,2025-05-07 11:40:00
2025-05-07 11:45:00,-2507.749,2025-05-07 11:45:00
2025-05-07 11:50:00,-2475.749,2025-05-07 11:50:00
2025-05-07 11:55:00,-2415.749,2025-05-07 11:55:00
2025-05-07 12:00:00,-2699.739,2025-05-07 12:00:00
2025-05-07 12:05:00,-2791.719,2025-05-07 12:05:00
2025-05-07 12:10:00,-2671.769,2025-05-07 12:10:00
2025-05-07 12:15:00,-2719.739,2025-05-07 12:15:00
2025-05-07 12:20:00,-2715.739,2025-05-07 12:20:00
2025-05-07 12:25:00,-2623.769,2025-05-07 12:25:00
2025-05-07 12:30:00,-2627.769,2025-05-07 12:30:00
2025-05-07 12:35:00,-2767.759,2025-05-07 12:35:00
2025-05-07 12:40:00,-2723.759,2025-05-07 12:40:00
2025-05-07 12:45:00,-2743.729,2025-05-07 12:45:00
2025-05-07 12:50:00,-2643.749,2025-05-07 12:50:00
2025-05-07 12:55:00,-2727.769,2025-05-07 12:55:00
2025-05-07 13:00:00,-2811.729,2025-05-07 13:00:00
2025-05-07 13:05:00,-2727.779,2025-05-07 13:05:00
2025-05-07 13:10:00,-2871.759,2025-05-07 13:10:00
2025-05-07 13:15:00,-2411.719,2025-05-07 13:15:00
2025-05-07 13:20:00,-2499.739,2025-05-07 13:20:00
2025-05-07 13:25:00,-2707.759,2025-05-07 13:25:00
2025-05-07 13:30:00,-2807.749,2025-05-07 13:30:00
2025-05-07 13:35:00,-2743.739,2025-05-07 13:35:00
2025-05-07 13:40:00,-2819.739,2025-05-07 13:40:00
2025-05-07 13:45:00,-2775.699,2025-05-07 13:45:00
2025-05-07 13:50:00,-2591.749,2025-05-07 13:50:00
2025-05-07 13:55:00,-2371.759,2025-05-07 13:55:00
2025-05-07 14:00:00,-2719.749,2025-05-07 14:00:00
2025-05-07 14:05:00,-2715.739,2025-05-07 14:05:00
2025-05-07 14:10:00,-2723.719,2025-05-07 14:10:00
2025-05-07 14:15:00,-2787.739,2025-05-07 14:15:00
2025-05-07 14:20:00,-2759.719,2025-05-07 14:20:00
2025-05-07 14:25:00,-2463.759,2025-05-07 14:25:00
2025-05-07 14:30:00,-2471.769,2025-05-07 14:30:00
2025-05-07 14:35:00,-2599.779,2025-05-07 14:35:00
2025-05-07 14:40:00,-2463.769,2025-05-07 14:40:00
2025-05-07 14:45:00,-2543.739,2025-05-07 14:45:00
2025-05-07 14:50:00,-2467.759,2025-05-07 14:50:00
2025-05-07 14:55:00,-2543.739,2025-05-07 14:55:00
2025-05-07 15:00:00,-2463.759,2025-05-07 15:00:00
2025-05-07 15:05:00,-2399.789,2025-05-07 15:05:00
2025-05-07 15:10:00,-2455.749,2025-05-07 15:10:00
2025-05-07 15:15:00,-2323.759,2025-05-07 15:15:00
2025-05-07 15:20:00,-2355.719,2025-05-07 15:20:00
2025-05-07 15:25:00,-2483.739,2025-05-07 15:25:00
2025-05-07 15:30:00,-2499.769,2025-05-07 15:30:00
2025-05-07 15:35:00,-2439.749,2025-05-07 15:35:00
2025-05-07 15:40:00,-2459.759,2025-05-07 15:40:00
2025-05-07 15:45:00,-2371.739,2025-05-07 15:45:00
2025-05-07 15:50:00,-2507.759,2025-05-07 15:50:00
2025-05-07 15:55:00,-2431.789,2025-05-07 15:55:00
2025-05-07 16:00:00,-2447.759,2025-05-07 16:00:00
2025-05-07 16:05:00,-2403.749,2025-05-07 16:05:00
2025-05-07 16:10:00,-2363.699,2025-05-07 16:10:00
2025-05-07 16:15:00,-2359.749,2025-05-07 16:15:00
2025-05-07 16:20:00,-2439.759,2025-05-07 16:20:00
2025-05-07 16:25:00,-2459.769,2025-05-07 16:25:00
2025-05-07 16:30:00,-2499.719,2025-05-07 16:30:00
2025-05-07 16:35:00,-2527.749,2025-05-07 16:35:00
2025-05-07 16:40:00,-2495.759,2025-05-07 16:40:00
2025-05-07 16:45:00,-2351.749,2025-05-07 16:45:00
2025-05-07 16:50:00,-2467.729,2025-05-07 16:50:00
2025-05-07 16:55:00,-2547.739,2025-05-07 16:55:00
2025-05-07 17:00:00,-2419.779,2025-05-07 17:00:00
2025-05-07 17:05:00,-2471.769,2025-05-07 17:05:00
2025-05-07 17:10:00,-2431.759,2025-05-07 17:10:00
2025-05-07 17:15:00,-2463.719,2025-05-07 17:15:00
2025-05-07 17:20:00,-2575.749,2025-05-07 17:20:00
2025-05-07 17:25:00,-2495.729,2025-05-07 17:25:00
2025-05-07 17:30:00,-2711.739,2025-05-07 17:30:00
2025-05-07 17:35:00,-2715.729,2025-05-07 17:35:00
2025-05-07 17:40:00,-2603.719,2025-05-07 17:40:00
2025-05-07 17:45:00,-2743.729,2025-05-07 17:45:00
2025-05-07 17:50:00,-2439.769,2025-05-07 17:50:00
2025-05-07 17:55:00,-2467.709,2025-05-07 17:55:00
2025-05-07 18:00:00,9000.0,2025-05-07 18:00:00
2025-05-07 18:05:00,9000.0,2025-05-07 18:05:00
2025-05-07 18:10:00,9000.0,2025-05-07 18:10:00
2025-05-07 18:15:00,9000.0,2025-05-07 18:15:00
2025-05-07 18:20:00,9000.0,2025-05-07 18:20:00
2025-05-07 18:25:00,9000.0,2025-05-07 18:25:00
2025-05-07 18:30:00,9000.0,2025-05-07 18:30:00
2025-05-07 18:35:00,9000.0,2025-05-07 18:35:00
2025-05-07 18:40:00,9000.0,2025-05-07 18:40:00
2025-05-07 18:45:00,9000.0,2025-05-07 18:45:00
2025-05-07 18:50:00,9000.0,2025-05-07 18:50:00
2025-05-07 18:55:00,9000.0,2025-05-07 18:55:00
2025-05-07 19:00:00,9000.0,2025-05-07 19:00:00
2025-05-07 19:05:00,9000.0,2025-05-07 19:05:00
2025-05-07 19:10:00,9000.0,2025-05-07 19:10:00
2025-05-07 19:15:00,9000.0,2025-05-07 19:15:00
2025-05-07 19:20:00,9000.0,2025-05-07 19:20:00
2025-05-07 19:25:00,8999.999,2025-05-07 19:25:00
2025-05-07 19:30:00,8999.999,2025-05-07 19:30:00
2025-05-07 19:35:00,8999.998,2025-05-07 19:35:00
2025-05-07 19:40:00,8415.886,2025-05-07 19:40:00
2025-05-07 19:45:00,0.0,2025-05-07 19:45:00
2025-05-07 19:50:00,0.0,2025-05-07 19:50:00
2025-05-07 19:55:00,0.0,2025-05-07 19:55:00
2025-05-07 20:00:00,0.0,2025-05-07 20:00:00
2025-05-07 20:05:00,0.0,2025-05-07 20:05:00
2025-05-07 20:10:00,0.0,2025-05-07 20:10:00
2025-05-07 20:15:00,0.0,2025-05-07 20:15:00
2025-05-07 20:20:00,0.0,2025-05-07 20:20:00
2025-05-07 20:25:00,0.0,2025-05-07 20:25:00
2025-05-07 20:30:00,0.0,2025-05-07 20:30:00
2025-05-07 20:35:00,0.0,2025-05-07 20:35:00
2025-05-07 20:40:00,0.0,2025-05-07 20:40:00
2025-05-07 20:45:00,0.0,2025-05-07 20:45:00
2025-05-07 20:50:00,0.0,2025-05-07 20:50:00
2025-05-07 20:55:00,0.0,2025-05-07 20:55:00
2025-05-07 21:00:00,0.0,2025-05-07 21:00:00
2025-05-07 21:05:00,0.0,2025-05-07 21:05:00
2025-05-07 21:10:00,0.0,2025-05-07 21:10:00
2025-05-07 21:15:00,0.0,2025-05-07 21:15:00
2025-05-07 21:20:00,0.0,2025-05-07 21:20:00
2025-05-07 21:25:00,0.0,2025-05-07 21:25:00
2025-05-07 21:30:00,0.0,2025-05-07 21:30:00
2025-05-07 21:35:00,0.0,2025-05-07 21:35:00
2025-05-07 21:40:00,0.0,2025-05-07 21:40:00
2025-05-07 21:45:00,0.0,2025-05-07 21:45:00
2025-05-07 21:50:00,0.0,2025-05-07 21:50:00
2025-05-07 21:55:00,0.0,2025-05-07 21:55:00
2025-05-07 22:00:00,-2323.552,2025-05-07 22:00:00
2025-05-07 22:05:00,-2323.562,2025-05-07 22:05:00
2025-05-07 22:10:00,-2323.562,2025-05-07 22:10:00
2025-05-07 22:15:00,-2323.55,2025-05-07 22:15:00
2025-05-07 22:20:00,-2323.564,2025-05-07 22:20:00
2025-05-07 22:25:00,-2323.55,2025-05-07 22:25:00
2025-05-07 22:30:00,-2323.562,2025-05-07 22:30:00
2025-05-07 22:35:00,-2323.554,2025-05-07 22:35:00
2025-05-07 22:40:00,-2323.553,2025-05-07 22:40:00
2025-05-07 22:45:00,-2323.555,2025-05-07 22:45:00
2025-05-07 22:50:00,-2323.556,2025-05-07 22:50:00
2025-05-07 22:55:00,-2323.556,2025-05-07 22:55:00
2025-05-07 23:00:00,-2323.552,2025-05-07 23:00:00
2025-05-07 23:05:00,-2323.55,2025-05-07 23:05:00
2025-05-07 23:10:00,-2323.549,2025-05-07 23:10:00
2025-05-07 23:15:00,-2323.548,2025-05-07 23:15:00
2025-05-07 23:20:00,-2323.544,2025-05-07 23:20:00
2025-05-07 23:25:00,-2323.543,2025-05-07 23:25:00
2025-05-07 23:30:00,-2323.539,2025-05-07 23:30:00
2025-05-07 23:35:00,-2323.54,2025-05-07 23:35:00
2025-05-07 23:40:00,-2323.537,2025-05-07 23:40:00
2025-05-07 23:45:00,-2323.524,2025-05-07 23:45:00
2025-05-07 23:50:00,-2323.513,2025-05-07 23:50:00
2025-05-07 23:55:00,-2323.522,2025-05-07 23:55:00
2025-05-08 00:00:00,-2323.53,2025-05-08 00:00:00
2025-05-08 00:05:00,-2323.519,2025-05-08 00:05:00
2025-05-08 00:10:00,-2323.504,2025-05-08 00:10:00
2025-05-08 00:15:00,-2323.506,2025-05-08 00:15:00
2025-05-08 00:20:00,-2323.517,2025-05-08 00:20:00
2025-05-08 00:25:00,-2323.509,2025-05-08 00:25:00
2025-05-08 00:30:00,-2323.517,2025-05-08 00:30:00
2025-05-08 00:35:00,-2323.497,2025-05-08 00:35:00
2025-05-08 00:40:00,-2323.492,2025-05-08 00:40:00
2025-05-08 00:45:00,-2323.494,2025-05-08 00:45:00
2025-05-08 00:50:00,-2323.493,2025-05-08 00:50:00
2025-05-08 00:55:00,-2323.491,2025-05-08 00:55:00
2025-05-08 01:00:00,-2323.492,2025-05-08 01:00:00
2025-05-08 01:05:00,-2323.488,2025-05-08 01:05:00
2025-05-08 01:10:00,-2323.492,2025-05-08 01:10:00
2025-05-08 01:15:00,-2323.491,2025-05-08 01:15:00
2025-05-08 01:20:00,-2323.496,2025-05-08 01:20:00
2025-05-08 01:25:00,-2323.491,2025-05-08 01:25:00
2025-05-08 01:30:00,-2323.495,2025-05-08 01:30:00
2025-05-08 01:35:00,-2323.494,2025-05-08 01:35:00
2025-05-08 01:40:00,-2323.498,2025-05-08 01:40:00
2025-05-08 01:45:00,-2323.504,2025-05-08 01:45:00
2025-05-08 01:50:00,-2323.514,2025-05-08 01:50:00
2025-05-08 01:55:00,-2323.523,2025-05-08 01:55:00
2025-05-08 02:00:00,-2323.528,2025-05-08 02:00:00
2025-05-08 02:05:00,-2323.531,2025-05-08 02:05:00
2025-05-08 02:10:00,-2323.573,2025-05-08 02:10:00
2025-05-08 02:15:00,-2323.669,2025-05-08 02:15:00
2025-05-08 02:20:00,-2323.53,2025-05-08 02:20:00
2025-05-08 02:25:00,-2323.54,2025-05-08 02:25:00
2025-05-08 02:30:00,-2323.538,2025-05-08 02:30:00
2025-05-08 02:35:00,-2323.539,2025-05-08 02:35:00
2025-05-08 02:40:00,-2323.531,2025-05-08 02:40:00
2025-05-08 02:45:00,-2323.609,2025-05-08 02:45:00
2025-05-08 02:50:00,-2323.546,2025-05-08 02:50:00
2025-05-08 02:55:00,-2323.549,2025-05-08 02:55:00
2025-05-08 03:00:00,-2319.66,2025-05-08 03:00:00
2025-05-08 03:05:00,-2323.643,2025-05-08 03:05:00
2025-05-08 03:10:00,-2323.541,2025-05-08 03:10:00
2025-05-08 03:15:00,-2323.55,2025-05-08 03:15:00
2025-05-08 03:20:00,-2323.545,2025-05-08 03:20:00
2025-05-08 03:25:00,-2323.553,2025-05-08 03:25:00
2025-05-08 03:30:00,-2323.593,2025-05-08 03:30:00
2025-05-08 03:35:00,-2323.54,2025-05-08 03:35:00
2025-05-08 03:40:00,-2323.552,2025-05-08 03:40:00
2025-05-08 03:45:00,-2311.749,2025-05-08 03:45:00
2025-05-08 03:50:00,-2323.541,2025-05-08 03:50:00
2025-05-08 03:55:00,-2323.539,2025-05-08 03:55:00
2025-05-08 04:00:00,-2323.535,2025-05-08 04:00:00
2025-05-08 04:05:00,-2323.541,2025-05-08 04:05:00
2025-05-08 04:10:00,-2323.543,2025-05-08 04:10:00
2025-05-08 04:15:00,-2323.538,2025-05-08 04:15:00
2025-05-08 04:20:00,-2323.539,2025-05-08 04:20:00
2025-05-08 04:25:00,-2323.539,2025-05-08 04:25:00
2025-05-08 04:30:00,-2323.533,2025-05-08 04:30:00
2025-05-08 04:35:00,-2323.525,2025-05-08 04:35:00
2025-05-08 04:40:00,-2323.537,2025-05-08 04:40:00
2025-05-08 04:45:00,-2323.519,2025-05-08 04:45:00
2025-05-08 04:50:00,-2323.513,2025-05-08 04:50:00
2025-05-08 04:55:00,-2323.529,2025-05-08 04:55:00
2025-05-08 05:00:00,-2323.53,2025-05-08 05:00:00
2025-05-08 05:05:00,-2323.507,2025-05-08 05:05:00
2025-05-08 05:10:00,-2323.527,2025-05-08 05:10:00
2025-05-08 05:15:00,-2323.52,2025-05-08 05:15:00
2025-05-08 05:20:00,-2323.517,2025-05-08 05:20:00
2025-05-08 05:25:00,-2323.52,2025-05-08 05:25:00
2025-05-08 05:30:00,-2323.518,2025-05-08 05:30:00
2025-05-08 05:35:00,-2323.515,2025-05-08 05:35:00
2025-05-08 05:40:00,-2323.518,2025-05-08 05:40:00
2025-05-08 05:45:00,-2323.511,2025-05-08 05:45:00
2025-05-08 05:50:00,-2323.515,2025-05-08 05:50:00
2025-05-08 05:55:00,-2323.512,2025-05-08 05:55:00
2025-05-08 06:00:00,0.0,2025-05-08 06:00:00
2025-05-08 06:05:00,0.0,2025-05-08 06:05:00
2025-05-08 06:10:00,0.0,2025-05-08 06:10:00
2025-05-08 06:15:00,0.0,2025-05-08 06:15:00
2025-05-08 06:20:00,0.0,2025-05-08 06:20:00
2025-05-08 06:25:00,0.0,2025-05-08 06:25:00
2025-05-08 06:30:00,0.0,2025-05-08 06:30:00
2025-05-08 06:35:00,0.0,2025-05-08 06:35:00
2025-05-08 06:40:00,0.0,2025-05-08 06:40:00
2025-05-08 06:45:00,0.0,2025-05-08 06:45:00
2025-05-08 06:50:00,0.0,2025-05-08 06:50:00
2025-05-08 06:55:00,0.0,2025-05-08 06:55:00
2025-05-08 07:00:00,0.0,2025-05-08 07:00:00
2025-05-08 07:05:00,0.0,2025-05-08 07:05:00
2025-05-08 07:10:00,0.0,2025-05-08 07:10:00
2025-05-08 07:15:00,0.0,2025-05-08 07:15:00
2025-05-08 07:20:00,0.0,2025-05-08 07:20:00
2025-05-08 07:25:00,0.0,2025-05-08 07:25:00
2025-05-08 07:30:00,0.0,2025-05-08 07:30:00
2025-05-08 07:35:00,0.0,2025-05-08 07:35:00
2025-05-08 07:40:00,0.0,2025-05-08 07:40:00
2025-05-08 07:45:00,0.0,2025-05-08 07:45:00
2025-05-08 07:50:00,0.0,2025-05-08 07:50:00
2025-05-08 07:55:00,0.0,2025-05-08 07:55:00
2025-05-08 08:00:00,9000.0,2025-05-08 08:00:00
2025-05-08 08:05:00,9000.0,2025-05-08 08:05:00
2025-05-08 08:10:00,9000.0,2025-05-08 08:10:00
2025-05-08 08:15:00,9000.0,2025-05-08 08:15:00
2025-05-08 08:20:00,9000.0,2025-05-08 08:20:00
2025-05-08 08:25:00,9000.0,2025-05-08 08:25:00
2025-05-08 08:30:00,9000.0,2025-05-08 08:30:00
2025-05-08 08:35:00,9000.0,2025-05-08 08:35:00
2025-05-08 08:40:00,9000.0,2025-05-08 08:40:00
2025-05-08 08:45:00,9000.0,2025-05-08 08:45:00
2025-05-08 08:50:00,9000.0,2025-05-08 08:50:00
2025-05-08 08:55:00,9000.0,2025-05-08 08:55:00
2025-05-08 09:00:00,9000.0,2025-05-08 09:00:00
2025-05-08 09:05:00,9000.0,2025-05-08 09:05:00
2025-05-08 09:10:00,9000.0,2025-05-08 09:10:00
2025-05-08 09:15:00,9000.0,2025-05-08 09:15:00
2025-05-08 09:20:00,9000.0,2025-05-08 09:20:00
2025-05-08 09:25:00,9000.0,2025-05-08 09:25:00
2025-05-08 09:30:00,9000.0,2025-05-08 09:30:00
2025-05-08 09:35:00,9000.0,2025-05-08 09:35:00
2025-05-08 09:40:00,9000.0,2025-05-08 09:40:00
2025-05-08 09:45:00,5940.0,2025-05-08 09:45:00
2025-05-08 09:50:00,0.0,2025-05-08 09:50:00
2025-05-08 09:55:00,0.0,2025-05-08 09:55:00
2025-05-08 10:00:00,0.0,2025-05-08 10:00:00
2025-05-08 10:05:00,0.0,2025-05-08 10:05:00
2025-05-08 10:10:00,0.0,2025-05-08 10:10:00
2025-05-08 10:15:00,0.0,2025-05-08 10:15:00
2025-05-08 10:20:00,0.0,2025-05-08 10:20:00
2025-05-08 10:25:00,0.0,2025-05-08 10:25:00
2025-05-08 10:30:00,0.0,2025-05-08 10:30:00
2025-05-08 10:35:00,0.0,2025-05-08 10:35:00
2025-05-08 10:40:00,0.0,2025-05-08 10:40:00
2025-05-08 10:45:00,0.0,2025-05-08 10:45:00
2025-05-08 10:50:00,0.0,2025-05-08 10:50:00
2025-05-08 10:55:00,0.0,2025-05-08 10:55:00
2025-05-08 11:00:00,-2611.789,2025-05-08 11:00:00
2025-05-08 11:05:00,-2719.799,2025-05-08 11:05:00
2025-05-08 11:10:00,-2759.769,2025-05-08 11:10:00
2025-05-08 11:15:00,-2467.779,2025-05-08 11:15:00
2025-05-08 11:20:00,-2439.749,2025-05-08 11:20:00
2025-05-08 11:25:00,-2607.749,2025-05-08 11:25:00
2025-05-08 11:30:00,-2443.769,2025-05-08 11:30:00
2025-05-08 11:35:00,-2515.719,2025-05-08 11:35:00
2025-05-08 11:40:00,-2835.739,2025-05-08 11:40:00
2025-05-08 11:45:00,-2779.739,2025-05-08 11:45:00
2025-05-08 11:50:00,-2447.749,2025-05-08 11:50:00
2025-05-08 11:55:00,-2535.759,2025-05-08 11:55:00
2025-05-08 12:00:00,-2655.759,2025-05-08 12:00:00
2025-05-08 12:05:00,-2695.749,2025-05-08 12:05:00
2025-05-08 12:10:00,-2835.759,2025-05-08 12:10:00
2025-05-08 12:15:00,-2799.729,2025-05-08 12:15:00
2025-05-08 12:20:00,-2835.749,2025-05-08 12:20:00
2025-05-08 12:25:00,-2735.729,2025-05-08 12:25:00
2025-05-08 12:30:00,-2735.709,2025-05-08 12:30:00
2025-05-08 12:35:00,-2695.749,2025-05-08 12:35:00
2025-05-08 12:40:00,-2535.759,2025-05-08 12:40:00
2025-05-08 12:45:00,-2599.759,2025-05-08 12:45:00
2025-05-08 12:50:00,-2631.709,2025-05-08 12:50:00
2025-05-08 12:55:00,-2559.749,2025-05-08 12:55:00
2025-05-08 13:00:00,-2587.729,2025-05-08 13:00:00
2025-05-08 13:05:00,-2647.739,2025-05-08 13:05:00
2025-05-08 13:10:00,-2615.759,2025-05-08 13:10:00
2025-05-08 13:15:00,-2579.689,2025-05-08 13:15:00
2025-05-08 13:20:00,-2631.759,2025-05-08 13:20:00
2025-05-08 13:25:00,-2727.709,2025-05-08 13:25:00
2025-05-08 13:30:00,-2603.729,2025-05-08 13:30:00
2025-05-08 13:35:00,-2763.759,2025-05-08 13:35:00
2025-05-08 13:40:00,-2607.759,2025-05-08 13:40:00
2025-05-08 13:45:00,-2495.769,2025-05-08 13:45:00
2025-05-08 13:50:00,-2635.789,2025-05-08 13:50:00
2025-05-08 13:55:00,-2643.739,2025-05-08 13:55:00
2025-05-08 14:00:00,-2791.759,2025-05-08 14:00:00
2025-05-08 14:05:00,-2479.729,2025-05-08 14:05:00
2025-05-08 14:10:00,-2763.779,2025-05-08 14:10:00
2025-05-08 14:15:00,-2507.749,2025-05-08 14:15:00
2025-05-08 14:20:00,-2547.759,2025-05-08 14:20:00
2025-05-08 14:25:00,-2547.759,2025-05-08 14:25:00
2025-05-08 14:30:00,-2571.779,2025-05-08 14:30:00
2025-05-08 14:35:00,-2567.759,2025-05-08 14:35:00
2025-05-08 14:40:00,-2639.779,2025-05-08 14:40:00
2025-05-08 14:45:00,-2591.769,2025-05-08 14:45:00
2025-05-08 14:50:00,-2619.769,2025-05-08 14:50:00
2025-05-08 14:55:00,-2563.749,2025-05-08 14:55:00
2025-05-08 15:00:00,-2559.739,2025-05-08 15:00:00
2025-05-08 15:05:00,-2535.729,2025-05-08 15:05:00
2025-05-08 15:10:00,-2643.739,2025-05-08 15:10:00
2025-05-08 15:15:00,-2607.739,2025-05-08 15:15:00
2025-05-08 15:20:00,-2475.739,2025-05-08 15:20:00
2025-05-08 15:25:00,-2779.759,2025-05-08 15:25:00
2025-05-08 15:30:00,-2843.719,2025-05-08 15:30:00
2025-05-08 15:35:00,-2455.709,2025-05-08 15:35:00
2025-05-08 15:40:00,-2403.759,2025-05-08 15:40:00
2025-05-08 15:45:00,-2643.749,2025-05-08 15:45:00
2025-05-08 15:50:00,-2451.759,2025-05-08 15:50:00
2025-05-08 15:55:00,-2511.759,2025-05-08 15:55:00
2025-05-08 16:00:00,-2535.779,2025-05-08 16:00:00
2025-05-08 16:05:00,-2403.739,2025-05-08 16:05:00
2025-05-08 16:10:00,-2427.749,2025-05-08 16:10:00
2025-05-08 16:15:00,-2431.729,2025-05-08 16:15:00
2025-05-08 16:20:00,-2371.789,2025-05-08 16:20:00
2025-05-08 16:25:00,-2423.729,2025-05-08 16:25:00
2025-05-08 16:30:00,-2395.729,2025-05-08 16:30:00
2025-05-08 16:35:00,-2491.749,2025-05-08 16:35:00
2025-05-08 16:40:00,-2551.769,2025-05-08 16:40:00
2025-05-08 16:45:00,-2591.749,2025-05-08 16:45:00
2025-05-08 16:50:00,-2539.739,2025-05-08 16:50:00
2025-05-08 16:55:00,-2519.729,2025-05-08 16:55:00
2025-05-08 17:00:00,-2479.759,2025-05-08 17:00:00
2025-05-08 17:05:00,-2555.749,2025-05-08 17:05:00
2025-05-08 17:10:00,-2451.769,2025-05-08 17:10:00
2025-05-08 17:15:00,-2451.759,2025-05-08 17:15:00
2025-05-08 17:20:00,-2399.779,2025-05-08 17:20:00
2025-05-08 17:25:00,-2431.729,2025-05-08 17:25:00
2025-05-08 17:30:00,-2643.759,2025-05-08 17:30:00
2025-05-08 17:35:00,-2403.719,2025-05-08 17:35:00
2025-05-08 17:40:00,-2407.779,2025-05-08 17:40:00
2025-05-08 17:45:00,-2447.749,2025-05-08 17:45:00
2025-05-08 17:50:00,-2383.729,2025-05-08 17:50:00
2025-05-08 17:55:00,-2643.749,2025-05-08 17:55:00
2025-05-08 18:00:00,9000.0,2025-05-08 18:00:00
2025-05-08 18:05:00,9000.0,2025-05-08 18:05:00
2025-05-08 18:10:00,9000.0,2025-05-08 18:10:00
2025-05-08 18:15:00,9000.0,2025-05-08 18:15:00
2025-05-08 18:20:00,9000.0,2025-05-08 18:20:00
2025-05-08 18:25:00,9000.0,2025-05-08 18:25:00
2025-05-08 18:30:00,9000.0,2025-05-08 18:30:00
2025-05-08 18:35:00,9000.0,2025-05-08 18:35:00
2025-05-08 18:40:00,9000.0,2025-05-08 18:40:00
2025-05-08 18:45:00,9000.0,2025-05-08 18:45:00
2025-05-08 18:50:00,9000.0,2025-05-08 18:50:00
2025-05-08 18:55:00,9000.0,2025-05-08 18:55:00
2025-05-08 19:00:00,9000.0,2025-05-08 19:00:00
2025-05-08 19:05:00,9000.0,2025-05-08 19:05:00
2025-05-08 19:10:00,9000.0,2025-05-08 19:10:00
2025-05-08 19:15:00,9000.0,2025-05-08 19:15:00
2025-05-08 19:20:00,9000.0,2025-05-08 19:20:00
2025-05-08 19:25:00,9000.0,2025-05-08 19:25:00
2025-05-08 19:30:00,9000.0,2025-05-08 19:30:00
2025-05-08 19:35:00,9000.0,2025-05-08 19:35:00
2025-05-08 19:40:00,9000.0,2025-05-08 19:40:00
2025-05-08 19:45:00,234.112,2025-05-08 19:45:00
2025-05-08 19:50:00,0.0,2025-05-08 19:50:00
2025-05-08 19:55:00,0.0,2025-05-08 19:55:00
2025-05-08 20:00:00,0.0,2025-05-08 20:00:00
2025-05-08 20:05:00,0.0,2025-05-08 20:05:00
2025-05-08 20:10:00,0.0,2025-05-08 20:10:00
2025-05-08 20:15:00,0.0,2025-05-08 20:15:00
2025-05-08 20:20:00,0.0,2025-05-08 20:20:00
2025-05-08 20:25:00,0.0,2025-05-08 20:25:00
2025-05-08 20:30:00,0.0,2025-05-08 20:30:00
2025-05-08 20:35:00,0.0,2025-05-08 20:35:00
2025-05-08 20:40:00,0.0,2025-05-08 20:40:00
2025-05-08 20:45:00,0.0,2025-05-08 20:45:00
2025-05-08 20:50:00,0.0,2025-05-08 20:50:00
2025-05-08 20:55:00,0.0,2025-05-08 20:55:00
2025-05-08 21:00:00,0.0,2025-05-08 21:00:00
2025-05-08 21:05:00,0.0,2025-05-08 21:05:00
2025-05-08 21:10:00,0.0,2025-05-08 21:10:00
2025-05-08 21:15:00,0.0,2025-05-08 21:15:00
2025-05-08 21:20:00,0.0,2025-05-08 21:20:00
2025-05-08 21:25:00,0.0,2025-05-08 21:25:00
2025-05-08 21:30:00,0.0,2025-05-08 21:30:00
2025-05-08 21:35:00,0.0,2025-05-08 21:35:00
2025-05-08 21:40:00,0.0,2025-05-08 21:40:00
2025-05-08 21:45:00,0.0,2025-05-08 21:45:00
2025-05-08 21:50:00,0.0,2025-05-08 21:50:00
2025-05-08 21:55:00,0.0,2025-05-08 21:55:00
2025-05-08 22:00:00,-2418.581,2025-05-08 22:00:00
2025-05-08 22:05:00,-2371.712,2025-05-08 22:05:00
2025-05-08 22:10:00,-2307.737,2025-05-08 22:10:00
2025-05-08 22:15:00,-2355.718,2025-05-08 22:15:00
2025-05-08 22:20:00,-2275.739,2025-05-08 22:20:00
2025-05-08 22:25:00,-2343.731,2025-05-08 22:25:00
2025-05-08 22:30:00,-2263.72,2025-05-08 22:30:00
2025-05-08 22:35:00,-2418.612,2025-05-08 22:35:00
2025-05-08 22:40:00,-2243.721,2025-05-08 22:40:00
2025-05-08 22:45:00,-2199.712,2025-05-08 22:45:00
2025-05-08 22:50:00,-2363.706,2025-05-08 22:50:00
2025-05-08 22:55:00,-2418.618,2025-05-08 22:55:00
2025-05-08 23:00:00,-2418.597,2025-05-08 23:00:00
2025-05-08 23:05:00,-2191.753,2025-05-08 23:05:00
2025-05-08 23:10:00,-2299.727,2025-05-08 23:10:00
2025-05-08 23:15:00,-2311.746,2025-05-08 23:15:00
2025-05-08 23:20:00,-2418.584,2025-05-08 23:20:00
2025-05-08 23:25:00,-2323.745,2025-05-08 23:25:00
2025-05-08 23:30:00,-2351.709,2025-05-08 23:30:00
2025-05-08 23:35:00,-2407.639,2025-05-08 23:35:00
2025-05-08 23:40:00,-2247.771,2025-05-08 23:40:00
2025-05-08 23:45:00,-2418.584,2025-05-08 23:45:00
2025-05-08 23:50:00,-2215.742,2025-05-08 23:50:00
2025-05-08 23:55:00,-2203.692,2025-05-08 23:55:00
2025-05-09 00:00:00,-2131.744,2025-05-09 00:00:00
2025-05-09 00:05:00,-2259.73,2025-05-09 00:05:00
2025-05-09 00:10:00,-2211.742,2025-05-09 00:10:00
2025-05-09 00:15:00,-2251.77,2025-05-09 00:15:00
2025-05-09 00:20:00,-2319.705,2025-05-09 00:20:00
2025-05-09 00:25:00,-2215.712,2025-05-09 00:25:00
2025-05-09 00:30:00,-2215.712,2025-05-09 00:30:00
2025-05-09 00:35:00,-2418.623,2025-05-09 00:35:00
2025-05-09 00:40:00,-2418.591,2025-05-09 00:40:00
2025-05-09 00:45:00,-2239.771,2025-05-09 00:45:00
2025-05-09 00:50:00,-2418.619,2025-05-09 00:50:00
2025-05-09 00:55:00,-2418.588,2025-05-09 00:55:00
2025-05-09 01:00:00,-2418.591,2025-05-09 01:00:00
2025-05-09 01:05:00,-2418.591,2025-05-09 01:05:00
2025-05-09 01:10:00,-2418.593,2025-05-09 01:10:00
2025-05-09 01:15:00,-2303.747,2025-05-09 01:15:00
2025-05-09 01:20:00,-2351.729,2025-05-09 01:20:00
2025-05-09 01:25:00,-2263.73,2025-05-09 01:25:00
2025-05-09 01:30:00,-2418.591,2025-05-09 01:30:00
2025-05-09 01:35:00,-2247.731,2025-05-09 01:35:00
2025-05-09 01:40:00,-2418.646,2025-05-09 01:40:00
2025-05-09 01:45:00,-2219.752,2025-05-09 01:45:00
2025-05-09 01:50:00,-2167.743,2025-05-09 01:50:00
2025-05-09 01:55:00,-2418.588,2025-05-09 01:55:00
2025-05-09 02:00:00,-2215.722,2025-05-09 02:00:00
2025-05-09 02:05:00,-2227.761,2025-05-09 02:05:00
2025-05-09 02:10:00,-2418.591,2025-05-09 02:10:00
2025-05-09 02:15:00,-2418.59,2025-05-09 02:15:00
2025-05-09 02:20:00,-2418.591,2025-05-09 02:20:00
2025-05-09 02:25:00,-2418.588,2025-05-09 02:25:00
2025-05-09 02:30:00,-2418.591,2025-05-09 02:30:00
2025-05-09 02:35:00,-2339.712,2025-05-09 02:35:00
2025-05-09 02:40:00,-2339.762,2025-05-09 02:40:00
2025-05-09 02:45:00,-2243.751,2025-05-09 02:45:00
2025-05-09 02:50:00,-2203.762,2025-05-09 02:50:00
2025-05-09 02:55:00,-2231.741,2025-05-09 02:55:00
2025-05-09 03:00:00,-2418.593,2025-05-09 03:00:00
2025-05-09 03:05:00,-2327.714,2025-05-09 03:05:00
2025-05-09 03:10:00,-2335.733,2025-05-09 03:10:00
2025-05-09 03:15:00,-2279.739,2025-05-09 03:15:00
2025-05-09 03:20:00,-2315.706,2025-05-09 03:20:00
2025-05-09 03:25:00,-2259.77,2025-05-09 03:25:00
2025-05-09 03:30:00,-2335.763,2025-05-09 03:30:00
2025-05-09 03:35:00,-2231.741,2025-05-09 03:35:00
2025-05-09 03:40:00,-2418.651,2025-05-09 03:40:00
2025-05-09 03:45:00,-2311.766,2025-05-09 03:45:00
2025-05-09 03:50:00,-2418.716,2025-05-09 03:50:00
2025-05-09 03:55:00,-2295.728,2025-05-09 03:55:00
2025-05-09 04:00:00,-2239.751,2025-05-09 04:00:00
2025-05-09 04:05:00,-2307.757,2025-05-09 04:05:00
2025-05-09 04:10:00,-2283.699,2025-05-09 04:10:00
2025-05-09 04:15:00,-2319.705,2025-05-09 04:15:00
2025-05-09 04:20:00,-2255.72,2025-05-09 04:20:00
2025-05-09 04:25:00,-2255.74,2025-05-09 04:25:00
2025-05-09 04:30:00,-2227.741,2025-05-09 04:30:00
2025-05-09 04:35:00,-2283.739,2025-05-09 04:35:00
2025-05-09 04:40:00,-2275.769,2025-05-09 04:40:00
2025-05-09 04:45:00,-2339.712,2025-05-09 04:45:00
2025-05-09 04:50:00,-2403.69,2025-05-09 04:50:00
2025-05-09 04:55:00,-2307.717,2025-05-09 04:55:00
2025-05-09 05:00:00,-2287.768,2025-05-09 05:00:00
2025-05-09 05:05:00,-2275.729,2025-05-09 05:05:00
2025-05-09 05:10:00,-2343.721,2025-05-09 05:10:00
2025-05-09 05:15:00,-2418.614,2025-05-09 05:15:00
2025-05-09 05:20:00,-2418.613,2025-05-09 05:20:00
2025-05-09 05:25:00,-2418.615,2025-05-09 05:25:00
2025-05-09 05:30:00,-2315.736,2025-05-09 05:30:00
2025-05-09 05:35:00,-2403.69,2025-05-09 05:35:00
2025-05-09 05:40:00,-2415.382,2025-05-09 05:40:00
2025-05-09 05:45:00,-2343.701,2025-05-09 05:45:00
2025-05-09 05:50:00,-2351.739,2025-05-09 05:50:00
2025-05-09 05:55:00,-2327.714,2025-05-09 05:55:00
2025-05-09 06:00:00,0.0,2025-05-09 06:00:00
2025-05-09 06:05:00,0.0,2025-05-09 06:05:00
2025-05-09 06:10:00,0.0,2025-05-09 06:10:00
2025-05-09 06:15:00,0.0,2025-05-09 06:15:00
2025-05-09 06:20:00,0.0,2025-05-09 06:20:00
2025-05-09 06:25:00,0.0,2025-05-09 06:25:00
2025-05-09 06:30:00,0.0,2025-05-09 06:30:00
2025-05-09 06:35:00,0.0,2025-05-09 06:35:00
2025-05-09 06:40:00,0.0,2025-05-09 06:40:00
2025-05-09 06:45:00,0.0,2025-05-09 06:45:00
2025-05-09 06:50:00,0.0,2025-05-09 06:50:00
2025-05-09 06:55:00,0.0,2025-05-09 06:55:00
2025-05-09 07:00:00,0.0,2025-05-09 07:00:00
2025-05-09 07:05:00,0.0,2025-05-09 07:05:00
2025-05-09 07:10:00,0.0,2025-05-09 07:10:00
2025-05-09 07:15:00,0.0,2025-05-09 07:15:00
2025-05-09 07:20:00,0.0,2025-05-09 07:20:00
2025-05-09 07:25:00,0.0,2025-05-09 07:25:00
2025-05-09 07:30:00,0.0,2025-05-09 07:30:00
2025-05-09 07:35:00,0.0,2025-05-09 07:35:00
2025-05-09 07:40:00,0.0,2025-05-09 07:40:00
2025-05-09 07:45:00,0.0,2025-05-09 07:45:00
2025-05-09 07:50:00,0.0,2025-05-09 07:50:00
2025-05-09 07:55:00,0.0,2025-05-09 07:55:00
2025-05-09 08:00:00,9000.0,2025-05-09 08:00:00
2025-05-09 08:05:00,9000.0,2025-05-09 08:05:00
2025-05-09 08:10:00,9000.0,2025-05-09 08:10:00
2025-05-09 08:15:00,9000.0,2025-05-09 08:15:00
2025-05-09 08:20:00,9000.0,2025-05-09 08:20:00
2025-05-09 08:25:00,9000.0,2025-05-09 08:25:00
2025-05-09 08:30:00,9000.0,2025-05-09 08:30:00
2025-05-09 08:35:00,9000.0,2025-05-09 08:35:00
2025-05-09 08:40:00,9000.0,2025-05-09 08:40:00
2025-05-09 08:45:00,9000.0,2025-05-09 08:45:00
2025-05-09 08:50:00,9000.0,2025-05-09 08:50:00
2025-05-09 08:55:00,9000.0,2025-05-09 08:55:00
2025-05-09 09:00:00,9000.0,2025-05-09 09:00:00
2025-05-09 09:05:00,9000.0,2025-05-09 09:05:00
2025-05-09 09:10:00,9000.0,2025-05-09 09:10:00
2025-05-09 09:15:00,9000.0,2025-05-09 09:15:00
2025-05-09 09:20:00,9000.0,2025-05-09 09:20:00
2025-05-09 09:25:00,9000.0,2025-05-09 09:25:00
2025-05-09 09:30:00,8999.999,2025-05-09 09:30:00
2025-05-09 09:35:00,8999.999,2025-05-09 09:35:00
2025-05-09 09:40:00,8999.998,2025-05-09 09:40:00
2025-05-09 09:45:00,5939.997,2025-05-09 09:45:00
2025-05-09 09:50:00,0.0,2025-05-09 09:50:00
2025-05-09 09:55:00,0.0,2025-05-09 09:55:00
2025-05-09 10:00:00,0.0,2025-05-09 10:00:00
2025-05-09 10:05:00,0.0,2025-05-09 10:05:00
2025-05-09 10:10:00,0.0,2025-05-09 10:10:00
2025-05-09 10:15:00,0.0,2025-05-09 10:15:00
2025-05-09 10:20:00,0.0,2025-05-09 10:20:00
2025-05-09 10:25:00,0.0,2025-05-09 10:25:00
2025-05-09 10:30:00,0.0,2025-05-09 10:30:00
2025-05-09 10:35:00,0.0,2025-05-09 10:35:00
2025-05-09 10:40:00,0.0,2025-05-09 10:40:00
2025-05-09 10:45:00,0.0,2025-05-09 10:45:00
2025-05-09 10:50:00,0.0,2025-05-09 10:50:00
2025-05-09 10:55:00,0.0,2025-05-09 10:55:00
2025-05-09 11:00:00,-2415.719,2025-05-09 11:00:00
2025-05-09 11:05:00,-2351.759,2025-05-09 11:05:00
2025-05-09 11:10:00,-2315.779,2025-05-09 11:10:00
2025-05-09 11:15:00,-2343.739,2025-05-09 11:15:00
2025-05-09 11:20:00,-2199.749,2025-05-09 11:20:00
2025-05-09 11:25:00,-2339.779,2025-05-09 11:25:00
2025-05-09 11:30:00,-2191.719,2025-05-09 11:30:00
2025-05-09 11:35:00,-2291.729,2025-05-09 11:35:00
2025-05-09 11:40:00,-2267.719,2025-05-09 11:40:00
2025-05-09 11:45:00,-2299.739,2025-05-09 11:45:00
2025-05-09 11:50:00,-2519.729,2025-05-09 11:50:00
2025-05-09 11:55:00,-2335.729,2025-05-09 11:55:00
2025-05-09 12:00:00,-2415.769,2025-05-09 12:00:00
2025-05-09 12:05:00,-2263.739,2025-05-09 12:05:00
2025-05-09 12:10:00,-2419.719,2025-05-09 12:10:00
2025-05-09 12:15:00,-2231.759,2025-05-09 12:15:00
2025-05-09 12:20:00,-2183.779,2025-05-09 12:20:00
2025-05-09 12:25:00,-2195.729,2025-05-09 12:25:00
2025-05-09 12:30:00,-2355.749,2025-05-09 12:30:00
2025-05-09 12:35:00,-2707.769,2025-05-09 12:35:00
2025-05-09 12:40:00,-2347.739,2025-05-09 12:40:00
2025-05-09 12:45:00,-2555.749,2025-05-09 12:45:00
2025-05-09 12:50:00,-2603.749,2025-05-09 12:50:00
2025-05-09 12:55:00,-2519.769,2025-05-09 12:55:00
2025-05-09 13:00:00,-2595.779,2025-05-09 13:00:00
2025-05-09 13:05:00,-2679.749,2025-05-09 13:05:00
2025-05-09 13:10:00,-2631.719,2025-05-09 13:10:00
2025-05-09 13:15:00,-2663.719,2025-05-09 13:15:00
2025-05-09 13:20:00,-2611.749,2025-05-09 13:20:00
2025-05-09 13:25:00,-2639.729,2025-05-09 13:25:00
2025-05-09 13:30:00,-2835.729,2025-05-09 13:30:00
2025-05-09 13:35:00,-2487.729,2025-05-09 13:35:00
2025-05-09 13:40:00,-2251.729,2025-05-09 13:40:00
2025-05-09 13:45:00,-2223.749,2025-05-09 13:45:00
2025-05-09 13:50:00,-2339.749,2025-05-09 13:50:00
2025-05-09 13:55:00,-2391.739,2025-05-09 13:55:00
2025-05-09 14:00:00,-2459.709,2025-05-09 14:00:00
2025-05-09 14:05:00,-2335.759,2025-05-09 14:05:00
2025-05-09 14:10:00,-2507.749,2025-05-09 14:10:00
2025-05-09 14:15:00,-2491.749,2025-05-09 14:15:00
2025-05-09 14:20:00,-2591.729,2025-05-09 14:20:00
2025-05-09 14:25:00,-2507.749,2025-05-09 14:25:00
2025-05-09 14:30:00,-2631.739,2025-05-09 14:30:00
2025-05-09 14:35:00,-2495.749,2025-05-09 14:35:00
2025-05-09 14:40:00,-2547.749,2025-05-09 14:40:00
2025-05-09 14:45:00,-2427.729,2025-05-09 14:45:00
2025-05-09 14:50:00,-2623.729,2025-05-09 14:50:00
2025-05-09 14:55:00,-2539.729,2025-05-09 14:55:00
2025-05-09 15:00:00,-2335.739,2025-05-09 15:00:00
2025-05-09 15:05:00,-2479.729,2025-05-09 15:05:00
2025-05-09 15:10:00,-2267.739,2025-05-09 15:10:00
2025-05-09 15:15:00,-2271.749,2025-05-09 15:15:00
2025-05-09 15:20:00,-2371.749,2025-05-09 15:20:00
2025-05-09 15:25:00,-2383.729,2025-05-09 15:25:00
2025-05-09 15:30:00,-2215.729,2025-05-09 15:30:00
2025-05-09 15:35:00,-2283.769,2025-05-09 15:35:00
2025-05-09 15:40:00,-2515.729,2025-05-09 15:40:00
2025-05-09 15:45:00,-2335.749,2025-05-09 15:45:00
2025-05-09 15:50:00,-2387.749,2025-05-09 15:50:00
2025-05-09 15:55:00,-2447.749,2025-05-09 15:55:00
2025-05-09 16:00:00,-2399.759,2025-05-09 16:00:00
2025-05-09 16:05:00,-2235.699,2025-05-09 16:05:00
2025-05-09 16:10:00,-2307.769,2025-05-09 16:10:00
2025-05-09 16:15:00,-2259.739,2025-05-09 16:15:00
2025-05-09 16:20:00,-2559.759,2025-05-09 16:20:00
2025-05-09 16:25:00,-2631.749,2025-05-09 16:25:00
2025-05-09 16:30:00,-2399.709,2025-05-09 16:30:00
2025-05-09 16:35:00,-2379.749,2025-05-09 16:35:00
2025-05-09 16:40:00,-2667.749,2025-05-09 16:40:00
2025-05-09 16:45:00,-2507.779,2025-05-09 16:45:00
2025-05-09 16:50:00,-2331.759,2025-05-09 16:50:00
2025-05-09 16:55:00,-2291.729,2025-05-09 16:55:00
2025-05-09 17:00:00,-2299.759,2025-05-09 17:00:00
2025-05-09 17:05:00,-2331.759,2025-05-09 17:05:00
2025-05-09 17:10:00,-2319.749,2025-05-09 17:10:00
2025-05-09 17:15:00,-2295.739,2025-05-09 17:15:00
2025-05-09 17:20:00,-2263.759,2025-05-09 17:20:00
2025-05-09 17:25:00,-2159.749,2025-05-09 17:25:00
2025-05-09 17:30:00,-2211.759,2025-05-09 17:30:00
2025-05-09 17:35:00,-2315.749,2025-05-09 17:35:00
2025-05-09 17:40:00,-2271.719,2025-05-09 17:40:00
2025-05-09 17:45:00,-2287.719,2025-05-09 17:45:00
2025-05-09 17:50:00,-2239.769,2025-05-09 17:50:00
2025-05-09 17:55:00,-2279.739,2025-05-09 17:55:00
2025-05-09 18:00:00,9000.0,2025-05-09 18:00:00
2025-05-09 18:05:00,9000.0,2025-05-09 18:05:00
2025-05-09 18:10:00,9000.0,2025-05-09 18:10:00
2025-05-09 18:15:00,9000.0,2025-05-09 18:15:00
2025-05-09 18:20:00,9000.0,2025-05-09 18:20:00
2025-05-09 18:25:00,9000.0,2025-05-09 18:25:00
2025-05-09 18:30:00,9000.0,2025-05-09 18:30:00
2025-05-09 18:35:00,9000.0,2025-05-09 18:35:00
2025-05-09 18:40:00,9000.0,2025-05-09 18:40:00
2025-05-09 18:45:00,9000.0,2025-05-09 18:45:00
2025-05-09 18:50:00,9000.0,2025-05-09 18:50:00
2025-05-09 18:55:00,9000.0,2025-05-09 18:55:00
2025-05-09 19:00:00,9000.0,2025-05-09 19:00:00
2025-05-09 19:05:00,9000.0,2025-05-09 19:05:00
2025-05-09 19:10:00,9000.0,2025-05-09 19:10:00
2025-05-09 19:15:00,9000.0,2025-05-09 19:15:00
2025-05-09 19:20:00,8999.999,2025-05-09 19:20:00
2025-05-09 19:25:00,8999.999,2025-05-09 19:25:00
2025-05-09 19:30:00,8999.998,2025-05-09 19:30:00
2025-05-09 19:35:00,5315.935,2025-05-09 19:35:00
2025-05-09 19:40:00,0.0,2025-05-09 19:40:00
2025-05-09 19:45:00,0.0,2025-05-09 19:45:00
2025-05-09 19:50:00,0.0,2025-05-09 19:50:00
2025-05-09 19:55:00,0.0,2025-05-09 19:55:00
2025-05-09 20:00:00,0.0,2025-05-09 20:00:00
2025-05-09 20:05:00,0.0,2025-05-09 20:05:00
2025-05-09 20:10:00,0.0,2025-05-09 20:10:00
2025-05-09 20:15:00,0.0,2025-05-09 20:15:00
2025-05-09 20:20:00,0.0,2025-05-09 20:20:00
2025-05-09 20:25:00,0.0,2025-05-09 20:25:00
2025-05-09 20:30:00,0.0,2025-05-09 20:30:00
2025-05-09 20:35:00,0.0,2025-05-09 20:35:00
2025-05-09 20:40:00,0.0,2025-05-09 20:40:00
2025-05-09 20:45:00,0.0,2025-05-09 20:45:00
2025-05-09 20:50:00,0.0,2025-05-09 20:50:00
2025-05-09 20:55:00,0.0,2025-05-09 20:55:00
2025-05-09 21:00:00,0.0,2025-05-09 21:00:00
2025-05-09 21:05:00,0.0,2025-05-09 21:05:00
2025-05-09 21:10:00,0.0,2025-05-09 21:10:00
2025-05-09 21:15:00,0.0,2025-05-09 21:15:00
2025-05-09 21:20:00,0.0,2025-05-09 21:20:00
2025-05-09 21:25:00,0.0,2025-05-09 21:25:00
2025-05-09 21:30:00,0.0,2025-05-09 21:30:00
2025-05-09 21:35:00,0.0,2025-05-09 21:35:00
2025-05-09 21:40:00,0.0,2025-05-09 21:40:00
2025-05-09 21:45:00,0.0,2025-05-09 21:45:00
2025-05-09 21:50:00,0.0,2025-05-09 21:50:00
2025-05-09 21:55:00,0.0,2025-05-09 21:55:00
2025-05-09 22:00:00,-1789.222,2025-05-09 22:00:00
2025-05-09 22:05:00,-1789.222,2025-05-09 22:05:00
2025-05-09 22:10:00,-1789.223,2025-05-09 22:10:00
2025-05-09 22:15:00,-1789.223,2025-05-09 22:15:00
2025-05-09 22:20:00,-1789.223,2025-05-09 22:20:00
2025-05-09 22:25:00,-1789.223,2025-05-09 22:25:00
2025-05-09 22:30:00,-1789.224,2025-05-09 22:30:00
2025-05-09 22:35:00,-1789.224,2025-05-09 22:35:00
2025-05-09 22:40:00,-1789.225,2025-05-09 22:40:00
2025-05-09 22:45:00,-1789.226,2025-05-09 22:45:00
2025-05-09 22:50:00,-1789.226,2025-05-09 22:50:00
2025-05-09 22:55:00,-1789.226,2025-05-09 22:55:00
2025-05-09 23:00:00,-1789.225,2025-05-09 23:00:00
2025-05-09 23:05:00,-1789.226,2025-05-09 23:05:00
2025-05-09 23:10:00,-1789.226,2025-05-09 23:10:00
2025-05-09 23:15:00,-1789.227,2025-05-09 23:15:00
2025-05-09 23:20:00,-1789.225,2025-05-09 23:20:00
2025-05-09 23:25:00,-1789.226,2025-05-09 23:25:00
2025-05-09 23:30:00,-1789.225,2025-05-09 23:30:00
2025-05-09 23:35:00,-1789.224,2025-05-09 23:35:00
2025-05-09 23:40:00,-1789.228,2025-05-09 23:40:00
2025-05-09 23:45:00,-1789.225,2025-05-09 23:45:00
2025-05-09 23:50:00,-1789.226,2025-05-09 23:50:00
2025-05-09 23:55:00,-1789.226,2025-05-09 23:55:00
2025-05-10 00:00:00,-2283.749,2025-05-10 00:00:00
2025-05-10 00:05:00,-2447.769,2025-05-10 00:05:00
2025-05-10 00:10:00,-2291.749,2025-05-10 00:10:00
2025-05-10 00:15:00,-2563.779,2025-05-10 00:15:00
2025-05-10 00:20:00,-2303.759,2025-05-10 00:20:00
2025-05-10 00:25:00,-2287.799,2025-05-10 00:25:00
2025-05-10 00:30:00,-2287.739,2025-05-10 00:30:00
2025-05-10 00:35:00,-2295.789,2025-05-10 00:35:00
2025-05-10 00:40:00,-2451.739,2025-05-10 00:40:00
2025-05-10 00:45:00,-2339.749,2025-05-10 00:45:00
2025-05-10 00:50:00,-2591.739,2025-05-10 00:50:00
2025-05-10 00:55:00,-2451.739,2025-05-10 00:55:00
2025-05-10 01:00:00,-2231.749,2025-05-10 01:00:00
2025-05-10 01:05:00,-2435.769,2025-05-10 01:05:00
2025-05-10 01:10:00,-2679.749,2025-05-10 01:10:00
2025-05-10 01:15:00,-2343.759,2025-05-10 01:15:00
2025-05-10 01:20:00,-2643.769,2025-05-10 01:20:00
2025-05-10 01:25:00,-2347.759,2025-05-10 01:25:00
2025-05-10 01:30:00,-2387.759,2025-05-10 01:30:00
2025-05-10 01:35:00,-2403.719,2025-05-10 01:35:00
2025-05-10 01:40:00,-2431.749,2025-05-10 01:40:00
2025-05-10 01:45:00,-2603.729,2025-05-10 01:45:00
2025-05-10 01:50:00,-2371.749,2025-05-10 01:50:00
2025-05-10 01:55:00,-2783.779,2025-05-10 01:55:00
2025-05-10 02:00:00,-2587.739,2025-05-10 02:00:00
2025-05-10 02:05:00,-2443.769,2025-05-10 02:05:00
2025-05-10 02:10:00,-2411.779,2025-05-10 02:10:00
2025-05-10 02:15:00,-2543.759,2025-05-10 02:15:00
2025-05-10 02:20:00,-2579.749,2025-05-10 02:20:00
2025-05-10 02:25:00,-2647.769,2025-05-10 02:25:00
2025-05-10 02:30:00,-2371.749,2025-05-10 02:30:00
2025-05-10 02:35:00,-2427.719,2025-05-10 02:35:00
2025-05-10 02:40:00,-2683.739,2025-05-10 02:40:00
2025-05-10 02:45:00,-2367.759,2025-05-10 02:45:00
2025-05-10 02:50:00,-2559.759,2025-05-10 02:50:00
2025-05-10 02:55:00,-2515.759,2025-05-10 02:55:00
2025-05-10 03:00:00,-2443.739,2025-05-10 03:00:00
2025-05-10 03:05:00,-2427.729,2025-05-10 03:05:00
2025-05-10 03:10:00,-2623.729,2025-05-10 03:10:00
2025-05-10 03:15:00,-2799.739,2025-05-10 03:15:00
2025-05-10 03:20:00,-2607.739,2025-05-10 03:20:00
2025-05-10 03:25:00,-2719.759,2025-05-10 03:25:00
2025-05-10 03:30:00,-2731.749,2025-05-10 03:30:00
2025-05-10 03:35:00,-2711.749,2025-05-10 03:35:00
2025-05-10 03:40:00,-2775.789,2025-05-10 03:40:00
2025-05-10 03:45:00,-2891.739,2025-05-10 03:45:00
2025-05-10 03:50:00,-2807.749,2025-05-10 03:50:00
2025-05-10 03:55:00,-2751.759,2025-05-10 03:55:00
2025-05-10 04:00:00,-2455.749,2025-05-10 04:00:00
2025-05-10 04:05:00,-2483.699,2025-05-10 04:05:00
2025-05-10 04:10:00,-2383.719,2025-05-10 04:10:00
2025-05-10 04:15:00,-2371.759,2025-05-10 04:15:00
2025-05-10 04:20:00,-2419.729,2025-05-10 04:20:00
2025-05-10 04:25:00,-2435.779,2025-05-10 04:25:00
2025-05-10 04:30:00,-2543.739,2025-05-10 04:30:00
2025-05-10 04:35:00,-2627.739,2025-05-10 04:35:00
2025-05-10 04:40:00,-2467.749,2025-05-10 04:40:00
2025-05-10 04:45:00,-2763.739,2025-05-10 04:45:00
2025-05-10 04:50:00,-2415.749,2025-05-10 04:50:00
2025-05-10 04:55:00,-2483.729,2025-05-10 04:55:00
2025-05-10 05:00:00,-2431.779,2025-05-10 05:00:00
2025-05-10 05:05:00,-2563.779,2025-05-10 05:05:00
2025-05-10 05:10:00,-2439.729,2025-05-10 05:10:00
2025-05-10 05:15:00,-2463.749,2025-05-10 05:15:00
2025-05-10 05:20:00,-2363.749,2025-05-10 05:20:00
2025-05-10 05:25:00,-2407.749,2025-05-10 05:25:00
2025-05-10 05:30:00,-2439.759,2025-05-10 05:30:00
2025-05-10 05:35:00,-2503.739,2025-05-10 05:35:00
2025-05-10 05:40:00,-2427.719,2025-05-10 05:40:00
2025-05-10 05:45:00,-2507.729,2025-05-10 05:45:00
2025-05-10 05:50:00,-2471.779,2025-05-10 05:50:00
2025-05-10 05:55:00,-2531.779,2025-05-10 05:55:00
2025-05-10 06:00:00,0.0,2025-05-10 06:00:00
2025-05-10 06:05:00,0.0,2025-05-10 06:05:00
2025-05-10 06:10:00,0.0,2025-05-10 06:10:00
2025-05-10 06:15:00,0.0,2025-05-10 06:15:00
2025-05-10 06:20:00,0.0,2025-05-10 06:20:00
2025-05-10 06:25:00,0.0,2025-05-10 06:25:00
2025-05-10 06:30:00,0.0,2025-05-10 06:30:00
2025-05-10 06:35:00,0.0,2025-05-10 06:35:00
2025-05-10 06:40:00,0.0,2025-05-10 06:40:00
2025-05-10 06:45:00,0.0,2025-05-10 06:45:00
2025-05-10 06:50:00,0.0,2025-05-10 06:50:00
2025-05-10 06:55:00,0.0,2025-05-10 06:55:00
2025-05-10 07:00:00,0.0,2025-05-10 07:00:00
2025-05-10 07:05:00,0.0,2025-05-10 07:05:00
2025-05-10 07:10:00,0.0,2025-05-10 07:10:00
2025-05-10 07:15:00,0.0,2025-05-10 07:15:00
2025-05-10 07:20:00,0.0,2025-05-10 07:20:00
2025-05-10 07:25:00,0.0,2025-05-10 07:25:00
2025-05-10 07:30:00,0.0,2025-05-10 07:30:00
2025-05-10 07:35:00,0.0,2025-05-10 07:35:00
2025-05-10 07:40:00,0.0,2025-05-10 07:40:00
2025-05-10 07:45:00,0.0,2025-05-10 07:45:00
2025-05-10 07:50:00,0.0,2025-05-10 07:50:00
2025-05-10 07:55:00,0.0,2025-05-10 07:55:00
2025-05-10 08:00:00,9000.0,2025-05-10 08:00:00
2025-05-10 08:05:00,9000.0,2025-05-10 08:05:00
2025-05-10 08:10:00,9000.0,2025-05-10 08:10:00
2025-05-10 08:15:00,9000.0,2025-05-10 08:15:00
2025-05-10 08:20:00,9000.0,2025-05-10 08:20:00
2025-05-10 08:25:00,9000.0,2025-05-10 08:25:00
2025-05-10 08:30:00,9000.0,2025-05-10 08:30:00
2025-05-10 08:35:00,9000.0,2025-05-10 08:35:00
2025-05-10 08:40:00,9000.0,2025-05-10 08:40:00
2025-05-10 08:45:00,9000.0,2025-05-10 08:45:00
2025-05-10 08:50:00,9000.0,2025-05-10 08:50:00
2025-05-10 08:55:00,9000.0,2025-05-10 08:55:00
2025-05-10 09:00:00,9000.0,2025-05-10 09:00:00
2025-05-10 09:05:00,9000.0,2025-05-10 09:05:00
2025-05-10 09:10:00,9000.0,2025-05-10 09:10:00
2025-05-10 09:15:00,9000.0,2025-05-10 09:15:00
2025-05-10 09:20:00,9000.0,2025-05-10 09:20:00
2025-05-10 09:25:00,9000.0,2025-05-10 09:25:00
2025-05-10 09:30:00,9000.0,2025-05-10 09:30:00
2025-05-10 09:35:00,9000.0,2025-05-10 09:35:00
2025-05-10 09:40:00,9000.0,2025-05-10 09:40:00
2025-05-10 09:45:00,5940.0,2025-05-10 09:45:00
2025-05-10 09:50:00,0.0,2025-05-10 09:50:00
2025-05-10 09:55:00,0.0,2025-05-10 09:55:00
2025-05-10 10:00:00,0.0,2025-05-10 10:00:00
2025-05-10 10:05:00,0.0,2025-05-10 10:05:00
2025-05-10 10:10:00,0.0,2025-05-10 10:10:00
2025-05-10 10:15:00,0.0,2025-05-10 10:15:00
2025-05-10 10:20:00,0.0,2025-05-10 10:20:00
2025-05-10 10:25:00,0.0,2025-05-10 10:25:00
2025-05-10 10:30:00,0.0,2025-05-10 10:30:00
2025-05-10 10:35:00,0.0,2025-05-10 10:35:00
2025-05-10 10:40:00,0.0,2025-05-10 10:40:00
2025-05-10 10:45:00,0.0,2025-05-10 10:45:00
2025-05-10 10:50:00,0.0,2025-05-10 10:50:00
2025-05-10 10:55:00,0.0,2025-05-10 10:55:00
2025-05-10 11:00:00,-2651.758,2025-05-10 11:00:00
2025-05-10 11:05:00,-2683.757,2025-05-10 11:05:00
2025-05-10 11:10:00,-2647.698,2025-05-10 11:10:00
2025-05-10 11:15:00,-2663.728,2025-05-10 11:15:00
2025-05-10 11:20:00,-2631.748,2025-05-10 11:20:00
2025-05-10 11:25:00,-2619.738,2025-05-10 11:25:00
2025-05-10 11:30:00,-2631.788,2025-05-10 11:30:00
2025-05-10 11:35:00,-2754.899,2025-05-10 11:35:00
2025-05-10 11:40:00,-2659.728,2025-05-10 11:40:00
2025-05-10 11:45:00,-2619.728,2025-05-10 11:45:00
2025-05-10 11:50:00,-2711.747,2025-05-10 11:50:00
2025-05-10 11:55:00,-2623.728,2025-05-10 11:55:00
2025-05-10 12:00:00,-2679.727,2025-05-10 12:00:00
2025-05-10 12:05:00,-2643.728,2025-05-10 12:05:00
2025-05-10 12:10:00,-2703.757,2025-05-10 12:10:00
2025-05-10 12:15:00,-2754.66,2025-05-10 12:15:00
2025-05-10 12:20:00,-2719.758,2025-05-10 12:20:00
2025-05-10 12:25:00,-2691.727,2025-05-10 12:25:00
2025-05-10 12:30:00,-2754.956,2025-05-10 12:30:00
2025-05-10 12:35:00,-2647.778,2025-05-10 12:35:00
2025-05-10 12:40:00,-2703.747,2025-05-10 12:40:00
2025-05-10 12:45:00,-2727.748,2025-05-10 12:45:00
2025-05-10 12:50:00,-2683.747,2025-05-10 12:50:00
2025-05-10 12:55:00,-2754.919,2025-05-10 12:55:00
2025-05-10 13:00:00,-2754.989,2025-05-10 13:00:00
2025-05-10 13:05:00,-2754.91,2025-05-10 13:05:00
2025-05-10 13:10:00,-2739.759,2025-05-10 13:10:00
2025-05-10 13:15:00,-2591.778,2025-05-10 13:15:00
2025-05-10 13:20:00,-2754.911,2025-05-10 13:20:00
2025-05-10 13:25:00,-2731.779,2025-05-10 13:25:00
2025-05-10 13:30:00,-2595.768,2025-05-10 13:30:00
2025-05-10 13:35:00,-2655.758,2025-05-10 13:35:00
2025-05-10 13:40:00,-2571.748,2025-05-10 13:40:00
2025-05-10 13:45:00,-2754.915,2025-05-10 13:45:00
2025-05-10 13:50:00,-2631.748,2025-05-10 13:50:00
2025-05-10 13:55:00,-2754.927,2025-05-10 13:55:00
2025-05-10 14:00:00,-2755.002,2025-05-10 14:00:00
2025-05-10 14:05:00,-2754.921,2025-05-10 14:05:00
2025-05-10 14:10:00,-2754.914,2025-05-10 14:10:00
2025-05-10 14:15:00,-2754.913,2025-05-10 14:15:00
2025-05-10 14:20:00,-2754.888,2025-05-10 14:20:00
2025-05-10 14:25:00,-2754.915,2025-05-10 14:25:00
2025-05-10 14:30:00,-2754.914,2025-05-10 14:30:00
2025-05-10 14:35:00,-2587.768,2025-05-10 14:35:00
2025-05-10 14:40:00,-2595.758,2025-05-10 14:40:00
2025-05-10 14:45:00,-2691.727,2025-05-10 14:45:00
2025-05-10 14:50:00,-2627.728,2025-05-10 14:50:00
2025-05-10 14:55:00,-2547.738,2025-05-10 14:55:00
2025-05-10 15:00:00,-2547.728,2025-05-10 15:00:00
2025-05-10 15:05:00,-2611.758,2025-05-10 15:05:00
2025-05-10 15:10:00,-2555.748,2025-05-10 15:10:00
2025-05-10 15:15:00,-2615.728,2025-05-10 15:15:00
2025-05-10 15:20:00,-2523.748,2025-05-10 15:20:00
2025-05-10 15:25:00,-2567.748,2025-05-10 15:25:00
2025-05-10 15:30:00,-2643.748,2025-05-10 15:30:00
2025-05-10 15:35:00,-2671.718,2025-05-10 15:35:00
2025-05-10 15:40:00,-2527.748,2025-05-10 15:40:00
2025-05-10 15:45:00,-2631.738,2025-05-10 15:45:00
2025-05-10 15:50:00,-2527.758,2025-05-10 15:50:00
2025-05-10 15:55:00,-2587.778,2025-05-10 15:55:00
2025-05-10 16:00:00,-2715.758,2025-05-10 16:00:00
2025-05-10 16:05:00,-2643.718,2025-05-10 16:05:00
2025-05-10 16:10:00,-2619.778,2025-05-10 16:10:00
2025-05-10 16:15:00,-2587.748,2025-05-10 16:15:00
2025-05-10 16:20:00,-2627.768,2025-05-10 16:20:00
2025-05-10 16:25:00,-2567.748,2025-05-10 16:25:00
2025-05-10 16:30:00,-2563.748,2025-05-10 16:30:00
2025-05-10 16:35:00,-2635.718,2025-05-10 16:35:00
2025-05-10 16:40:00,-2754.676,2025-05-10 16:40:00
2025-05-10 16:45:00,-2603.778,2025-05-10 16:45:00
2025-05-10 16:50:00,-2567.728,2025-05-10 16:50:00
2025-05-10 16:55:00,-2651.768,2025-05-10 16:55:00
2025-05-10 17:00:00,-2587.748,2025-05-10 17:00:00
2025-05-10 17:05:00,-2639.758,2025-05-10 17:05:00
2025-05-10 17:10:00,-2583.738,2025-05-10 17:10:00
2025-05-10 17:15:00,-2687.737,2025-05-10 17:15:00
2025-05-10 17:20:00,-2615.698,2025-05-10 17:20:00
2025-05-10 17:25:00,-2754.911,2025-05-10 17:25:00
2025-05-10 17:30:00,-2599.738,2025-05-10 17:30:00
2025-05-10 17:35:00,-2667.758,2025-05-10 17:35:00
2025-05-10 17:40:00,-2615.768,2025-05-10 17:40:00
2025-05-10 17:45:00,-2607.778,2025-05-10 17:45:00
2025-05-10 17:50:00,-2619.738,2025-05-10 17:50:00
2025-05-10 17:55:00,-2515.749,2025-05-10 17:55:00
2025-05-10 18:00:00,9000.0,2025-05-10 18:00:00
2025-05-10 18:05:00,9000.0,2025-05-10 18:05:00
2025-05-10 18:10:00,9000.0,2025-05-10 18:10:00
2025-05-10 18:15:00,9000.0,2025-05-10 18:15:00
2025-05-10 18:20:00,9000.0,2025-05-10 18:20:00
2025-05-10 18:25:00,9000.0,2025-05-10 18:25:00
2025-05-10 18:30:00,9000.0,2025-05-10 18:30:00
2025-05-10 18:35:00,9000.0,2025-05-10 18:35:00
2025-05-10 18:40:00,9000.0,2025-05-10 18:40:00
2025-05-10 18:45:00,9000.0,2025-05-10 18:45:00
2025-05-10 18:50:00,9000.0,2025-05-10 18:50:00
2025-05-10 18:55:00,9000.0,2025-05-10 18:55:00
2025-05-10 19:00:00,9000.0,2025-05-10 19:00:00
2025-05-10 19:05:00,9000.0,2025-05-10 19:05:00
2025-05-10 19:10:00,9000.0,2025-05-10 19:10:00
2025-05-10 19:15:00,9000.0,2025-05-10 19:15:00
2025-05-10 19:20:00,9000.0,2025-05-10 19:20:00
2025-05-10 19:25:00,9000.0,2025-05-10 19:25:00
2025-05-10 19:30:00,9000.0,2025-05-10 19:30:00
2025-05-10 19:35:00,9000.0,2025-05-10 19:35:00
2025-05-10 19:40:00,9000.0,2025-05-10 19:40:00
2025-05-10 19:45:00,5940.0,2025-05-10 19:45:00
2025-05-10 19:50:00,0.0,2025-05-10 19:50:00
2025-05-10 19:55:00,0.0,2025-05-10 19:55:00
2025-05-10 20:00:00,0.0,2025-05-10 20:00:00
2025-05-10 20:05:00,0.0,2025-05-10 20:05:00
2025-05-10 20:10:00,0.0,2025-05-10 20:10:00
2025-05-10 20:15:00,0.0,2025-05-10 20:15:00
2025-05-10 20:20:00,0.0,2025-05-10 20:20:00
2025-05-10 20:25:00,0.0,2025-05-10 20:25:00
2025-05-10 20:30:00,0.0,2025-05-10 20:30:00
2025-05-10 20:35:00,0.0,2025-05-10 20:35:00
2025-05-10 20:40:00,0.0,2025-05-10 20:40:00
2025-05-10 20:45:00,0.0,2025-05-10 20:45:00
2025-05-10 20:50:00,0.0,2025-05-10 20:50:00
2025-05-10 20:55:00,0.0,2025-05-10 20:55:00
2025-05-10 21:00:00,0.0,2025-05-10 21:00:00
2025-05-10 21:05:00,0.0,2025-05-10 21:05:00
2025-05-10 21:10:00,0.0,2025-05-10 21:10:00
2025-05-10 21:15:00,0.0,2025-05-10 21:15:00
2025-05-10 21:20:00,0.0,2025-05-10 21:20:00
2025-05-10 21:25:00,0.0,2025-05-10 21:25:00
2025-05-10 21:30:00,0.0,2025-05-10 21:30:00
2025-05-10 21:35:00,0.0,2025-05-10 21:35:00
2025-05-10 21:40:00,0.0,2025-05-10 21:40:00
2025-05-10 21:45:00,0.0,2025-05-10 21:45:00
2025-05-10 21:50:00,0.0,2025-05-10 21:50:00
2025-05-10 21:55:00,0.0,2025-05-10 21:55:00
2025-05-10 22:00:00,-2322.954,2025-05-10 22:00:00
2025-05-10 22:05:00,-2322.951,2025-05-10 22:05:00
2025-05-10 22:10:00,-2322.951,2025-05-10 22:10:00
2025-05-10 22:15:00,-2322.952,2025-05-10 22:15:00
2025-05-10 22:20:00,-2322.955,2025-05-10 22:20:00
2025-05-10 22:25:00,-2322.954,2025-05-10 22:25:00
2025-05-10 22:30:00,-2322.957,2025-05-10 22:30:00
2025-05-10 22:35:00,-2322.961,2025-05-10 22:35:00
2025-05-10 22:40:00,-2322.963,2025-05-10 22:40:00
2025-05-10 22:45:00,-2322.974,2025-05-10 22:45:00
2025-05-10 22:50:00,-2322.975,2025-05-10 22:50:00
2025-05-10 22:55:00,-2322.988,2025-05-10 22:55:00
2025-05-10 23:00:00,-2322.985,2025-05-10 23:00:00
2025-05-10 23:05:00,-2322.987,2025-05-10 23:05:00
2025-05-10 23:10:00,-2322.992,2025-05-10 23:10:00
2025-05-10 23:15:00,-2322.999,2025-05-10 23:15:00
2025-05-10 23:20:00,-2323.007,2025-05-10 23:20:00
2025-05-10 23:25:00,-2323.012,2025-05-10 23:25:00
2025-05-10 23:30:00,-2323.026,2025-05-10 23:30:00
2025-05-10 23:35:00,-2323.037,2025-05-10 23:35:00
2025-05-10 23:40:00,-2323.047,2025-05-10 23:40:00
2025-05-10 23:45:00,-2323.055,2025-05-10 23:45:00
2025-05-10 23:50:00,-2323.051,2025-05-10 23:50:00
2025-05-10 23:55:00,-2323.059,2025-05-10 23:55:00
2025-05-11 00:00:00,-2323.07,2025-05-11 00:00:00
2025-05-11 00:05:00,-2323.077,2025-05-11 00:05:00
2025-05-11 00:10:00,-2323.087,2025-05-11 00:10:00
2025-05-11 00:15:00,-2323.116,2025-05-11 00:15:00
2025-05-11 00:20:00,-2323.123,2025-05-11 00:20:00
2025-05-11 00:25:00,-2323.128,2025-05-11 00:25:00
2025-05-11 00:30:00,-2323.132,2025-05-11 00:30:00
2025-05-11 00:35:00,-2323.156,2025-05-11 00:35:00
2025-05-11 00:40:00,-2323.169,2025-05-11 00:40:00
2025-05-11 00:45:00,-2323.181,2025-05-11 00:45:00
2025-05-11 00:50:00,-2323.191,2025-05-11 00:50:00
2025-05-11 00:55:00,-2323.185,2025-05-11 00:55:00
2025-05-11 01:00:00,-2323.2,2025-05-11 01:00:00
2025-05-11 01:05:00,-2323.213,2025-05-11 01:05:00
2025-05-11 01:10:00,-2323.23,2025-05-11 01:10:00
2025-05-11 01:15:00,-2323.255,2025-05-11 01:15:00
2025-05-11 01:20:00,-2323.267,2025-05-11 01:20:00
2025-05-11 01:25:00,-2323.264,2025-05-11 01:25:00
2025-05-11 01:30:00,-2323.29,2025-05-11 01:30:00
2025-05-11 01:35:00,-2323.308,2025-05-11 01:35:00
2025-05-11 01:40:00,-2323.315,2025-05-11 01:40:00
2025-05-11 01:45:00,-2323.324,2025-05-11 01:45:00
2025-05-11 01:50:00,-2323.33,2025-05-11 01:50:00
2025-05-11 01:55:00,-2323.361,2025-05-11 01:55:00
2025-05-11 02:00:00,-2323.374,2025-05-11 02:00:00
2025-05-11 02:05:00,-2323.379,2025-05-11 02:05:00
2025-05-11 02:10:00,-2323.39,2025-05-11 02:10:00
2025-05-11 02:15:00,-2323.413,2025-05-11 02:15:00
2025-05-11 02:20:00,-2323.426,2025-05-11 02:20:00
2025-05-11 02:25:00,-2323.444,2025-05-11 02:25:00
2025-05-11 02:30:00,-2323.457,2025-05-11 02:30:00
2025-05-11 02:35:00,-2323.471,2025-05-11 02:35:00
2025-05-11 02:40:00,-2323.468,2025-05-11 02:40:00
2025-05-11 02:45:00,-2323.498,2025-05-11 02:45:00
2025-05-11 02:50:00,-2323.512,2025-05-11 02:50:00
2025-05-11 02:55:00,-2323.524,2025-05-11 02:55:00
2025-05-11 03:00:00,-2323.539,2025-05-11 03:00:00
2025-05-11 03:05:00,-2323.553,2025-05-11 03:05:00
2025-05-11 03:10:00,-2323.557,2025-05-11 03:10:00
2025-05-11 03:15:00,-2323.58,2025-05-11 03:15:00
2025-05-11 03:20:00,-2323.587,2025-05-11 03:20:00
2025-05-11 03:25:00,-2323.589,2025-05-11 03:25:00
2025-05-11 03:30:00,-2323.604,2025-05-11 03:30:00
2025-05-11 03:35:00,-2323.625,2025-05-11 03:35:00
2025-05-11 03:40:00,-2323.628,2025-05-11 03:40:00
2025-05-11 03:45:00,-2323.638,2025-05-11 03:45:00
2025-05-11 03:50:00,-2323.65,2025-05-11 03:50:00
2025-05-11 03:55:00,-2323.661,2025-05-11 03:55:00
2025-05-11 04:00:00,-2323.671,2025-05-11 04:00:00
2025-05-11 04:05:00,-2323.688,2025-05-11 04:05:00
2025-05-11 04:10:00,-2323.694,2025-05-11 04:10:00
2025-05-11 04:15:00,-2323.705,2025-05-11 04:15:00
2025-05-11 04:20:00,-2323.711,2025-05-11 04:20:00
2025-05-11 04:25:00,-2323.722,2025-05-11 04:25:00
2025-05-11 04:30:00,-2323.724,2025-05-11 04:30:00
2025-05-11 04:35:00,-2323.732,2025-05-11 04:35:00
2025-05-11 04:40:00,-2323.745,2025-05-11 04:40:00
2025-05-11 04:45:00,-2323.747,2025-05-11 04:45:00
2025-05-11 04:50:00,-2323.751,2025-05-11 04:50:00
2025-05-11 04:55:00,-2323.76,2025-05-11 04:55:00
2025-05-11 05:00:00,-2323.772,2025-05-11 05:00:00
2025-05-11 05:05:00,-2323.772,2025-05-11 05:05:00
2025-05-11 05:10:00,-2323.773,2025-05-11 05:10:00
2025-05-11 05:15:00,-2323.78,2025-05-11 05:15:00
2025-05-11 05:20:00,-2323.781,2025-05-11 05:20:00
2025-05-11 05:25:00,-2323.789,2025-05-11 05:25:00
2025-05-11 05:30:00,-2323.795,2025-05-11 05:30:00
2025-05-11 05:35:00,-2323.793,2025-05-11 05:35:00
2025-05-11 05:40:00,-2323.801,2025-05-11 05:40:00
2025-05-11 05:45:00,-2323.81,2025-05-11 05:45:00
2025-05-11 05:50:00,-2323.814,2025-05-11 05:50:00
2025-05-11 05:55:00,-2323.82,2025-05-11 05:55:00
2025-05-11 06:00:00,0.0,2025-05-11 06:00:00
2025-05-11 06:05:00,0.0,2025-05-11 06:05:00
2025-05-11 06:10:00,0.0,2025-05-11 06:10:00
2025-05-11 06:15:00,0.0,2025-05-11 06:15:00
2025-05-11 06:20:00,0.0,2025-05-11 06:20:00
2025-05-11 06:25:00,0.0,2025-05-11 06:25:00
2025-05-11 06:30:00,0.0,2025-05-11 06:30:00
2025-05-11 06:35:00,0.0,2025-05-11 06:35:00
2025-05-11 06:40:00,0.0,2025-05-11 06:40:00
2025-05-11 06:45:00,0.0,2025-05-11 06:45:00
2025-05-11 06:50:00,0.0,2025-05-11 06:50:00
2025-05-11 06:55:00,0.0,2025-05-11 06:55:00
2025-05-11 07:00:00,0.0,2025-05-11 07:00:00
2025-05-11 07:05:00,0.0,2025-05-11 07:05:00
2025-05-11 07:10:00,0.0,2025-05-11 07:10:00
2025-05-11 07:15:00,0.0,2025-05-11 07:15:00
2025-05-11 07:20:00,0.0,2025-05-11 07:20:00
2025-05-11 07:25:00,0.0,2025-05-11 07:25:00
2025-05-11 07:30:00,0.0,2025-05-11 07:30:00
2025-05-11 07:35:00,0.0,2025-05-11 07:35:00
2025-05-11 07:40:00,0.0,2025-05-11 07:40:00
2025-05-11 07:45:00,0.0,2025-05-11 07:45:00
2025-05-11 07:50:00,0.0,2025-05-11 07:50:00
2025-05-11 07:55:00,0.0,2025-05-11 07:55:00
2025-05-11 08:00:00,9000.0,2025-05-11 08:00:00
2025-05-11 08:05:00,9000.0,2025-05-11 08:05:00
2025-05-11 08:10:00,9000.0,2025-05-11 08:10:00
2025-05-11 08:15:00,9000.0,2025-05-11 08:15:00
2025-05-11 08:20:00,9000.0,2025-05-11 08:20:00
2025-05-11 08:25:00,9000.0,2025-05-11 08:25:00
2025-05-11 08:30:00,9000.0,2025-05-11 08:30:00
2025-05-11 08:35:00,9000.0,2025-05-11 08:35:00
2025-05-11 08:40:00,9000.0,2025-05-11 08:40:00
2025-05-11 08:45:00,9000.0,2025-05-11 08:45:00
2025-05-11 08:50:00,9000.0,2025-05-11 08:50:00
2025-05-11 08:55:00,9000.0,2025-05-11 08:55:00
2025-05-11 09:00:00,9000.0,2025-05-11 09:00:00
2025-05-11 09:05:00,9000.0,2025-05-11 09:05:00
2025-05-11 09:10:00,9000.0,2025-05-11 09:10:00
2025-05-11 09:15:00,9000.0,2025-05-11 09:15:00
2025-05-11 09:20:00,9000.0,2025-05-11 09:20:00
2025-05-11 09:25:00,9000.0,2025-05-11 09:25:00
2025-05-11 09:30:00,9000.0,2025-05-11 09:30:00
2025-05-11 09:35:00,8999.999,2025-05-11 09:35:00
2025-05-11 09:40:00,8999.999,2025-05-11 09:40:00
2025-05-11 09:45:00,5939.998,2025-05-11 09:45:00
2025-05-11 09:50:00,0.0,2025-05-11 09:50:00
2025-05-11 09:55:00,0.0,2025-05-11 09:55:00
2025-05-11 10:00:00,0.0,2025-05-11 10:00:00
2025-05-11 10:05:00,0.0,2025-05-11 10:05:00
2025-05-11 10:10:00,0.0,2025-05-11 10:10:00
2025-05-11 10:15:00,0.0,2025-05-11 10:15:00
2025-05-11 10:20:00,0.0,2025-05-11 10:20:00
2025-05-11 10:25:00,0.0,2025-05-11 10:25:00
2025-05-11 10:30:00,0.0,2025-05-11 10:30:00
2025-05-11 10:35:00,0.0,2025-05-11 10:35:00
2025-05-11 10:40:00,0.0,2025-05-11 10:40:00
2025-05-11 10:45:00,0.0,2025-05-11 10:45:00
2025-05-11 10:50:00,0.0,2025-05-11 10:50:00
2025-05-11 10:55:00,0.0,2025-05-11 10:55:00
2025-05-11 11:00:00,-2657.851,2025-05-11 11:00:00
2025-05-11 11:05:00,-2657.864,2025-05-11 11:05:00
2025-05-11 11:10:00,-2657.886,2025-05-11 11:10:00
2025-05-11 11:15:00,-2657.881,2025-05-11 11:15:00
2025-05-11 11:20:00,-2657.853,2025-05-11 11:20:00
2025-05-11 11:25:00,-2657.846,2025-05-11 11:25:00
2025-05-11 11:30:00,-2657.843,2025-05-11 11:30:00
2025-05-11 11:35:00,-2657.843,2025-05-11 11:35:00
2025-05-11 11:40:00,-2657.886,2025-05-11 11:40:00
2025-05-11 11:45:00,-2657.828,2025-05-11 11:45:00
2025-05-11 11:50:00,-2657.851,2025-05-11 11:50:00
2025-05-11 11:55:00,-2657.816,2025-05-11 11:55:00
2025-05-11 12:00:00,-2657.811,2025-05-11 12:00:00
2025-05-11 12:05:00,-2657.81,2025-05-11 12:05:00
2025-05-11 12:10:00,-2657.794,2025-05-11 12:10:00
2025-05-11 12:15:00,-2657.799,2025-05-11 12:15:00
2025-05-11 12:20:00,-2657.805,2025-05-11 12:20:00
2025-05-11 12:25:00,-2657.78,2025-05-11 12:25:00
2025-05-11 12:30:00,-2657.781,2025-05-11 12:30:00
2025-05-11 12:35:00,-2657.772,2025-05-11 12:35:00
2025-05-11 12:40:00,-2657.766,2025-05-11 12:40:00
2025-05-11 12:45:00,-2657.722,2025-05-11 12:45:00
2025-05-11 12:50:00,-2657.759,2025-05-11 12:50:00
2025-05-11 12:55:00,-2657.699,2025-05-11 12:55:00
2025-05-11 13:00:00,-2657.695,2025-05-11 13:00:00
2025-05-11 13:05:00,-2657.689,2025-05-11 13:05:00
2025-05-11 13:10:00,-2657.659,2025-05-11 13:10:00
2025-05-11 13:15:00,-2657.648,2025-05-11 13:15:00
2025-05-11 13:20:00,-2657.639,2025-05-11 13:20:00
2025-05-11 13:25:00,-2657.634,2025-05-11 13:25:00
2025-05-11 13:30:00,-2657.632,2025-05-11 13:30:00
2025-05-11 13:35:00,-2657.631,2025-05-11 13:35:00
2025-05-11 13:40:00,-2657.568,2025-05-11 13:40:00
2025-05-11 13:45:00,-2657.584,2025-05-11 13:45:00
2025-05-11 13:50:00,-2657.56,2025-05-11 13:50:00
2025-05-11 13:55:00,-2657.541,2025-05-11 13:55:00
2025-05-11 14:00:00,-2657.508,2025-05-11 14:00:00
2025-05-11 14:05:00,-2657.494,2025-05-11 14:05:00
2025-05-11 14:10:00,-2657.489,2025-05-11 14:10:00
2025-05-11 14:15:00,-2657.462,2025-05-11 14:15:00
2025-05-11 14:20:00,-2657.446,2025-05-11 14:20:00
2025-05-11 14:25:00,-2657.473,2025-05-11 14:25:00
2025-05-11 14:30:00,-2657.456,2025-05-11 14:30:00
2025-05-11 14:35:00,-2657.387,2025-05-11 14:35:00
2025-05-11 14:40:00,-2657.382,2025-05-11 14:40:00
2025-05-11 14:45:00,-2657.581,2025-05-11 14:45:00
2025-05-11 14:50:00,-2657.382,2025-05-11 14:50:00
2025-05-11 14:55:00,-2657.318,2025-05-11 14:55:00
2025-05-11 15:00:00,-2657.335,2025-05-11 15:00:00
2025-05-11 15:05:00,-2657.299,2025-05-11 15:05:00
2025-05-11 15:10:00,-2657.301,2025-05-11 15:10:00
2025-05-11 15:15:00,-2657.304,2025-05-11 15:15:00
2025-05-11 15:20:00,-2657.236,2025-05-11 15:20:00
2025-05-11 15:25:00,-2657.254,2025-05-11 15:25:00
2025-05-11 15:30:00,-2657.262,2025-05-11 15:30:00
2025-05-11 15:35:00,-2657.22,2025-05-11 15:35:00
2025-05-11 15:40:00,-2579.756,2025-05-11 15:40:00
2025-05-11 15:45:00,-2655.033,2025-05-11 15:45:00
2025-05-11 15:50:00,-2657.206,2025-05-11 15:50:00
2025-05-11 15:55:00,-2657.158,2025-05-11 15:55:00
2025-05-11 16:00:00,-2657.154,2025-05-11 16:00:00
2025-05-11 16:05:00,-2657.145,2025-05-11 16:05:00
2025-05-11 16:10:00,-2631.695,2025-05-11 16:10:00
2025-05-11 16:15:00,-2643.717,2025-05-11 16:15:00
2025-05-11 16:20:00,-2657.103,2025-05-11 16:20:00
2025-05-11 16:25:00,-2657.229,2025-05-11 16:25:00
2025-05-11 16:30:00,-2647.659,2025-05-11 16:30:00
2025-05-11 16:35:00,-2657.08,2025-05-11 16:35:00
2025-05-11 16:40:00,-2656.66,2025-05-11 16:40:00
2025-05-11 16:45:00,-2643.657,2025-05-11 16:45:00
2025-05-11 16:50:00,-2643.717,2025-05-11 16:50:00
2025-05-11 16:55:00,-2657.056,2025-05-11 16:55:00
2025-05-11 17:00:00,-2657.026,2025-05-11 17:00:00
2025-05-11 17:05:00,-2657.032,2025-05-11 17:05:00
2025-05-11 17:10:00,-2657.025,2025-05-11 17:10:00
2025-05-11 17:15:00,-2657.047,2025-05-11 17:15:00
2025-05-11 17:20:00,-2657.089,2025-05-11 17:20:00
2025-05-11 17:25:00,-2656.995,2025-05-11 17:25:00
2025-05-11 17:30:00,-2639.735,2025-05-11 17:30:00
2025-05-11 17:35:00,-2657.138,2025-05-11 17:35:00
2025-05-11 17:40:00,-2647.728,2025-05-11 17:40:00
2025-05-11 17:45:00,-2657.014,2025-05-11 17:45:00
2025-05-11 17:50:00,-2657.018,2025-05-11 17:50:00
2025-05-11 17:55:00,-2656.991,2025-05-11 17:55:00
2025-05-11 18:00:00,9000.0,2025-05-11 18:00:00
2025-05-11 18:05:00,9000.0,2025-05-11 18:05:00
2025-05-11 18:10:00,9000.0,2025-05-11 18:10:00
2025-05-11 18:15:00,9000.0,2025-05-11 18:15:00
2025-05-11 18:20:00,9000.0,2025-05-11 18:20:00
2025-05-11 18:25:00,9000.0,2025-05-11 18:25:00
2025-05-11 18:30:00,9000.0,2025-05-11 18:30:00
2025-05-11 18:35:00,9000.0,2025-05-11 18:35:00
2025-05-11 18:40:00,9000.0,2025-05-11 18:40:00
2025-05-11 18:45:00,9000.0,2025-05-11 18:45:00
2025-05-11 18:50:00,9000.0,2025-05-11 18:50:00
2025-05-11 18:55:00,9000.0,2025-05-11 18:55:00
2025-05-11 19:00:00,9000.0,2025-05-11 19:00:00
2025-05-11 19:05:00,9000.0,2025-05-11 19:05:00
2025-05-11 19:10:00,9000.0,2025-05-11 19:10:00
2025-05-11 19:15:00,9000.0,2025-05-11 19:15:00
2025-05-11 19:20:00,9000.0,2025-05-11 19:20:00
2025-05-11 19:25:00,9000.0,2025-05-11 19:25:00
2025-05-11 19:30:00,9000.0,2025-05-11 19:30:00
2025-05-11 19:35:00,8999.999,2025-05-11 19:35:00
2025-05-11 19:40:00,8999.999,2025-05-11 19:40:00
2025-05-11 19:45:00,5939.998,2025-05-11 19:45:00
2025-05-11 19:50:00,0.0,2025-05-11 19:50:00
2025-05-11 19:55:00,0.0,2025-05-11 19:55:00
2025-05-11 20:00:00,0.0,2025-05-11 20:00:00
2025-05-11 20:05:00,0.0,2025-05-11 20:05:00
2025-05-11 20:10:00,0.0,2025-05-11 20:10:00
2025-05-11 20:15:00,0.0,2025-05-11 20:15:00
2025-05-11 20:20:00,0.0,2025-05-11 20:20:00
2025-05-11 20:25:00,0.0,2025-05-11 20:25:00
2025-05-11 20:30:00,0.0,2025-05-11 20:30:00
2025-05-11 20:35:00,0.0,2025-05-11 20:35:00
2025-05-11 20:40:00,0.0,2025-05-11 20:40:00
2025-05-11 20:45:00,0.0,2025-05-11 20:45:00
2025-05-11 20:50:00,0.0,2025-05-11 20:50:00
2025-05-11 20:55:00,0.0,2025-05-11 20:55:00
2025-05-11 21:00:00,0.0,2025-05-11 21:00:00
2025-05-11 21:05:00,0.0,2025-05-11 21:05:00
2025-05-11 21:10:00,0.0,2025-05-11 21:10:00
2025-05-11 21:15:00,0.0,2025-05-11 21:15:00
2025-05-11 21:20:00,0.0,2025-05-11 21:20:00
2025-05-11 21:25:00,0.0,2025-05-11 21:25:00
2025-05-11 21:30:00,0.0,2025-05-11 21:30:00
2025-05-11 21:35:00,0.0,2025-05-11 21:35:00
2025-05-11 21:40:00,0.0,2025-05-11 21:40:00
2025-05-11 21:45:00,0.0,2025-05-11 21:45:00
2025-05-11 21:50:00,0.0,2025-05-11 21:50:00
2025-05-11 21:55:00,0.0,2025-05-11 21:55:00
2025-05-11 22:00:00,-2931.699,2025-05-11 22:00:00
2025-05-11 22:05:00,-2815.719,2025-05-11 22:05:00
2025-05-11 22:10:00,-2711.759,2025-05-11 22:10:00
2025-05-11 22:15:00,-2555.749,2025-05-11 22:15:00
2025-05-11 22:20:00,-2631.749,2025-05-11 22:20:00
2025-05-11 22:25:00,-2591.749,2025-05-11 22:25:00
2025-05-11 22:30:00,-2591.739,2025-05-11 22:30:00
2025-05-11 22:35:00,-2931.759,2025-05-11 22:35:00
2025-05-11 22:40:00,-2967.759,2025-05-11 22:40:00
2025-05-11 22:45:00,-2639.779,2025-05-11 22:45:00
2025-05-11 22:50:00,-2439.729,2025-05-11 22:50:00
2025-05-11 22:55:00,-2707.729,2025-05-11 22:55:00
2025-05-11 23:00:00,-2487.769,2025-05-11 23:00:00
2025-05-11 23:05:00,-2439.739,2025-05-11 23:05:00
2025-05-11 23:10:00,-2311.749,2025-05-11 23:10:00
2025-05-11 23:15:00,-2283.749,2025-05-11 23:15:00
2025-05-11 23:20:00,-2415.769,2025-05-11 23:20:00
2025-05-11 23:25:00,-2463.759,2025-05-11 23:25:00
2025-05-11 23:30:00,-2319.709,2025-05-11 23:30:00
2025-05-11 23:35:00,-2923.739,2025-05-11 23:35:00
2025-05-11 23:40:00,-2735.729,2025-05-11 23:40:00
2025-05-11 23:45:00,-2799.759,2025-05-11 23:45:00
2025-05-11 23:50:00,-2771.769,2025-05-11 23:50:00
2025-05-11 23:55:00,-2707.779,2025-05-11 23:55:00
2025-05-12 00:00:00,-2220.539,2025-05-12 00:00:00
2025-05-12 00:05:00,-2220.54,2025-05-12 00:05:00
2025-05-12 00:10:00,-2220.545,2025-05-12 00:10:00
2025-05-12 00:15:00,-2220.561,2025-05-12 00:15:00
2025-05-12 00:20:00,-2220.545,2025-05-12 00:20:00
2025-05-12 00:25:00,-2220.546,2025-05-12 00:25:00
2025-05-12 00:30:00,-2220.54,2025-05-12 00:30:00
2025-05-12 00:35:00,-2220.541,2025-05-12 00:35:00
2025-05-12 00:40:00,-2220.541,2025-05-12 00:40:00
2025-05-12 00:45:00,-2220.541,2025-05-12 00:45:00
2025-05-12 00:50:00,-2220.541,2025-05-12 00:50:00
2025-05-12 00:55:00,-2220.543,2025-05-12 00:55:00
2025-05-12 01:00:00,-2220.542,2025-05-12 01:00:00
2025-05-12 01:05:00,-2220.561,2025-05-12 01:05:00
2025-05-12 01:10:00,-2220.593,2025-05-12 01:10:00
2025-05-12 01:15:00,-2220.542,2025-05-12 01:15:00
2025-05-12 01:20:00,-2220.541,2025-05-12 01:20:00
2025-05-12 01:25:00,-2220.542,2025-05-12 01:25:00
2025-05-12 01:30:00,-2220.54,2025-05-12 01:30:00
2025-05-12 01:35:00,-2220.541,2025-05-12 01:35:00
2025-05-12 01:40:00,-2220.542,2025-05-12 01:40:00
2025-05-12 01:45:00,-2220.574,2025-05-12 01:45:00
2025-05-12 01:50:00,-2220.539,2025-05-12 01:50:00
2025-05-12 01:55:00,-2220.539,2025-05-12 01:55:00
2025-05-12 02:00:00,-2220.537,2025-05-12 02:00:00
2025-05-12 02:05:00,-2220.537,2025-05-12 02:05:00
2025-05-12 02:10:00,-2220.537,2025-05-12 02:10:00
2025-05-12 02:15:00,-2220.536,2025-05-12 02:15:00
2025-05-12 02:20:00,-2220.548,2025-05-12 02:20:00
2025-05-12 02:25:00,-2215.698,2025-05-12 02:25:00
2025-05-12 02:30:00,-2211.713,2025-05-12 02:30:00
2025-05-12 02:35:00,-2220.542,2025-05-12 02:35:00
2025-05-12 02:40:00,-2220.563,2025-05-12 02:40:00
2025-05-12 02:45:00,-2220.535,2025-05-12 02:45:00
2025-05-12 02:50:00,-2220.557,2025-05-12 02:50:00
2025-05-12 02:55:00,-2220.561,2025-05-12 02:55:00
2025-05-12 03:00:00,-2220.535,2025-05-12 03:00:00
2025-05-12 03:05:00,-2220.537,2025-05-12 03:05:00
2025-05-12 03:10:00,-2220.538,2025-05-12 03:10:00
2025-05-12 03:15:00,-2220.535,2025-05-12 03:15:00
2025-05-12 03:20:00,-2220.536,2025-05-12 03:20:00
2025-05-12 03:25:00,-2220.535,2025-05-12 03:25:00
2025-05-12 03:30:00,-2220.535,2025-05-12 03:30:00
2025-05-12 03:35:00,-2220.536,2025-05-12 03:35:00
2025-05-12 03:40:00,-2220.536,2025-05-12 03:40:00
2025-05-12 03:45:00,-2220.536,2025-05-12 03:45:00
2025-05-12 03:50:00,-2220.536,2025-05-12 03:50:00
2025-05-12 03:55:00,-2220.536,2025-05-12 03:55:00
2025-05-12 04:00:00,-2220.537,2025-05-12 04:00:00
2025-05-12 04:05:00,-2220.538,2025-05-12 04:05:00
2025-05-12 04:10:00,-2220.538,2025-05-12 04:10:00
2025-05-12 04:15:00,-2220.538,2025-05-12 04:15:00
2025-05-12 04:20:00,-2220.539,2025-05-12 04:20:00
2025-05-12 04:25:00,-2220.54,2025-05-12 04:25:00
2025-05-12 04:30:00,-2220.541,2025-05-12 04:30:00
2025-05-12 04:35:00,-2220.544,2025-05-12 04:35:00
2025-05-12 04:40:00,-2220.546,2025-05-12 04:40:00
2025-05-12 04:45:00,-2220.545,2025-05-12 04:45:00
2025-05-12 04:50:00,-2220.543,2025-05-12 04:50:00
2025-05-12 04:55:00,-2220.544,2025-05-12 04:55:00
2025-05-12 05:00:00,-2220.544,2025-05-12 05:00:00
2025-05-12 05:05:00,-2220.545,2025-05-12 05:05:00
2025-05-12 05:10:00,-2220.547,2025-05-12 05:10:00
2025-05-12 05:15:00,-2220.548,2025-05-12 05:15:00
2025-05-12 05:20:00,-2220.549,2025-05-12 05:20:00
2025-05-12 05:25:00,-2220.557,2025-05-12 05:25:00
2025-05-12 05:30:00,-2220.555,2025-05-12 05:30:00
2025-05-12 05:35:00,-2220.551,2025-05-12 05:35:00
2025-05-12 05:40:00,-2220.552,2025-05-12 05:40:00
2025-05-12 05:45:00,-2220.573,2025-05-12 05:45:00
2025-05-12 05:50:00,-2220.554,2025-05-12 05:50:00
2025-05-12 05:55:00,-2220.555,2025-05-12 05:55:00
2025-05-12 06:00:00,0.0,2025-05-12 06:00:00
2025-05-12 06:05:00,0.0,2025-05-12 06:05:00
2025-05-12 06:10:00,0.0,2025-05-12 06:10:00
2025-05-12 06:15:00,0.0,2025-05-12 06:15:00
2025-05-12 06:20:00,0.0,2025-05-12 06:20:00
2025-05-12 06:25:00,0.0,2025-05-12 06:25:00
2025-05-12 06:30:00,0.0,2025-05-12 06:30:00
2025-05-12 06:35:00,0.0,2025-05-12 06:35:00
2025-05-12 06:40:00,0.0,2025-05-12 06:40:00
2025-05-12 06:45:00,0.0,2025-05-12 06:45:00
2025-05-12 06:50:00,0.0,2025-05-12 06:50:00
2025-05-12 06:55:00,0.0,2025-05-12 06:55:00
2025-05-12 07:00:00,0.0,2025-05-12 07:00:00
2025-05-12 07:05:00,0.0,2025-05-12 07:05:00
2025-05-12 07:10:00,0.0,2025-05-12 07:10:00
2025-05-12 07:15:00,0.0,2025-05-12 07:15:00
2025-05-12 07:20:00,0.0,2025-05-12 07:20:00
2025-05-12 07:25:00,0.0,2025-05-12 07:25:00
2025-05-12 07:30:00,0.0,2025-05-12 07:30:00
2025-05-12 07:35:00,0.0,2025-05-12 07:35:00
2025-05-12 07:40:00,0.0,2025-05-12 07:40:00
2025-05-12 07:45:00,0.0,2025-05-12 07:45:00
2025-05-12 07:50:00,0.0,2025-05-12 07:50:00
2025-05-12 07:55:00,0.0,2025-05-12 07:55:00
2025-05-12 08:00:00,9000.0,2025-05-12 08:00:00
2025-05-12 08:05:00,9000.0,2025-05-12 08:05:00
2025-05-12 08:10:00,9000.0,2025-05-12 08:10:00
2025-05-12 08:15:00,9000.0,2025-05-12 08:15:00
2025-05-12 08:20:00,9000.0,2025-05-12 08:20:00
2025-05-12 08:25:00,9000.0,2025-05-12 08:25:00
2025-05-12 08:30:00,9000.0,2025-05-12 08:30:00
2025-05-12 08:35:00,9000.0,2025-05-12 08:35:00
2025-05-12 08:40:00,9000.0,2025-05-12 08:40:00
2025-05-12 08:45:00,9000.0,2025-05-12 08:45:00
2025-05-12 08:50:00,9000.0,2025-05-12 08:50:00
2025-05-12 08:55:00,9000.0,2025-05-12 08:55:00
2025-05-12 09:00:00,9000.0,2025-05-12 09:00:00
2025-05-12 09:05:00,9000.0,2025-05-12 09:05:00
2025-05-12 09:10:00,9000.0,2025-05-12 09:10:00
2025-05-12 09:15:00,9000.0,2025-05-12 09:15:00
2025-05-12 09:20:00,9000.0,2025-05-12 09:20:00
2025-05-12 09:25:00,9000.0,2025-05-12 09:25:00
2025-05-12 09:30:00,9000.0,2025-05-12 09:30:00
2025-05-12 09:35:00,9000.0,2025-05-12 09:35:00
2025-05-12 09:40:00,8999.999,2025-05-12 09:40:00
2025-05-12 09:45:00,5939.999,2025-05-12 09:45:00
2025-05-12 09:50:00,0.0,2025-05-12 09:50:00
2025-05-12 09:55:00,0.0,2025-05-12 09:55:00
2025-05-12 10:00:00,0.0,2025-05-12 10:00:00
2025-05-12 10:05:00,0.0,2025-05-12 10:05:00
2025-05-12 10:10:00,0.0,2025-05-12 10:10:00
2025-05-12 10:15:00,0.0,2025-05-12 10:15:00
2025-05-12 10:20:00,0.0,2025-05-12 10:20:00
2025-05-12 10:25:00,0.0,2025-05-12 10:25:00
2025-05-12 10:30:00,0.0,2025-05-12 10:30:00
2025-05-12 10:35:00,0.0,2025-05-12 10:35:00
2025-05-12 10:40:00,0.0,2025-05-12 10:40:00
2025-05-12 10:45:00,0.0,2025-05-12 10:45:00
2025-05-12 10:50:00,0.0,2025-05-12 10:50:00
2025-05-12 10:55:00,0.0,2025-05-12 10:55:00
2025-05-12 11:00:00,-2415.749,2025-05-12 11:00:00
2025-05-12 11:05:00,-2531.759,2025-05-12 11:05:00
2025-05-12 11:10:00,-2411.779,2025-05-12 11:10:00
2025-05-12 11:15:00,-2343.779,2025-05-12 11:15:00
2025-05-12 11:20:00,-2343.769,2025-05-12 11:20:00
2025-05-12 11:25:00,-2367.729,2025-05-12 11:25:00
2025-05-12 11:30:00,-2447.759,2025-05-12 11:30:00
2025-05-12 11:35:00,-2303.759,2025-05-12 11:35:00
2025-05-12 11:40:00,-2363.779,2025-05-12 11:40:00
2025-05-12 11:45:00,-2307.749,2025-05-12 11:45:00
2025-05-12 11:50:00,-2387.769,2025-05-12 11:50:00
2025-05-12 11:55:00,-2431.799,2025-05-12 11:55:00
2025-05-12 12:00:00,-2311.709,2025-05-12 12:00:00
2025-05-12 12:05:00,-2359.749,2025-05-12 12:05:00
2025-05-12 12:10:00,-2283.759,2025-05-12 12:10:00
2025-05-12 12:15:00,-2511.759,2025-05-12 12:15:00
2025-05-12 12:20:00,-2279.759,2025-05-12 12:20:00
2025-05-12 12:25:00,-2279.729,2025-05-12 12:25:00
2025-05-12 12:30:00,-2443.759,2025-05-12 12:30:00
2025-05-12 12:35:00,-2363.729,2025-05-12 12:35:00
2025-05-12 12:40:00,-2415.749,2025-05-12 12:40:00
2025-05-12 12:45:00,-2303.779,2025-05-12 12:45:00
2025-05-12 12:50:00,-2263.739,2025-05-12 12:50:00
2025-05-12 12:55:00,-2359.729,2025-05-12 12:55:00
2025-05-12 13:00:00,-2527.739,2025-05-12 13:00:00
2025-05-12 13:05:00,-2303.759,2025-05-12 13:05:00
2025-05-12 13:10:00,-2371.769,2025-05-12 13:10:00
2025-05-12 13:15:00,-2295.759,2025-05-12 13:15:00
2025-05-12 13:20:00,-2391.749,2025-05-12 13:20:00
2025-05-12 13:25:00,-2419.699,2025-05-12 13:25:00
2025-05-12 13:30:00,-2751.719,2025-05-12 13:30:00
2025-05-12 13:35:00,-2751.739,2025-05-12 13:35:00
2025-05-12 13:40:00,-2471.759,2025-05-12 13:40:00
2025-05-12 13:45:00,-2467.749,2025-05-12 13:45:00
2025-05-12 13:50:00,-2431.729,2025-05-12 13:50:00
2025-05-12 13:55:00,-2451.749,2025-05-12 13:55:00
2025-05-12 14:00:00,-2415.739,2025-05-12 14:00:00
2025-05-12 14:05:00,-2399.689,2025-05-12 14:05:00
2025-05-12 14:10:00,-2447.749,2025-05-12 14:10:00
2025-05-12 14:15:00,-2263.709,2025-05-12 14:15:00
2025-05-12 14:20:00,-2515.769,2025-05-12 14:20:00
2025-05-12 14:25:00,-2311.769,2025-05-12 14:25:00
2025-05-12 14:30:00,-2415.729,2025-05-12 14:30:00
2025-05-12 14:35:00,-2439.719,2025-05-12 14:35:00
2025-05-12 14:40:00,-2367.769,2025-05-12 14:40:00
2025-05-12 14:45:00,-2331.729,2025-05-12 14:45:00
2025-05-12 14:50:00,-2771.769,2025-05-12 14:50:00
2025-05-12 14:55:00,-2687.739,2025-05-12 14:55:00
2025-05-12 15:00:00,-2627.719,2025-05-12 15:00:00
2025-05-12 15:05:00,-2687.719,2025-05-12 15:05:00
2025-05-12 15:10:00,-2783.769,2025-05-12 15:10:00
2025-05-12 15:15:00,-2731.709,2025-05-12 15:15:00
2025-05-12 15:20:00,-2783.749,2025-05-12 15:20:00
2025-05-12 15:25:00,-2731.759,2025-05-12 15:25:00
2025-05-12 15:30:00,-2823.729,2025-05-12 15:30:00
2025-05-12 15:35:00,-2811.749,2025-05-12 15:35:00
2025-05-12 15:40:00,-2771.719,2025-05-12 15:40:00
2025-05-12 15:45:00,-2759.749,2025-05-12 15:45:00
2025-05-12 15:50:00,-2679.779,2025-05-12 15:50:00
2025-05-12 15:55:00,-2723.769,2025-05-12 15:55:00
2025-05-12 16:00:00,-2707.759,2025-05-12 16:00:00
2025-05-12 16:05:00,-2723.759,2025-05-12 16:05:00
2025-05-12 16:10:00,-2735.749,2025-05-12 16:10:00
2025-05-12 16:15:00,-2775.719,2025-05-12 16:15:00
2025-05-12 16:20:00,-2643.759,2025-05-12 16:20:00
2025-05-12 16:25:00,-2783.719,2025-05-12 16:25:00
2025-05-12 16:30:00,-2667.759,2025-05-12 16:30:00
2025-05-12 16:35:00,-2663.739,2025-05-12 16:35:00
2025-05-12 16:40:00,-2699.719,2025-05-12 16:40:00
2025-05-12 16:45:00,-2787.739,2025-05-12 16:45:00
2025-05-12 16:50:00,-2687.739,2025-05-12 16:50:00
2025-05-12 16:55:00,-2671.739,2025-05-12 16:55:00
2025-05-12 17:00:00,-2739.739,2025-05-12 17:00:00
2025-05-12 17:05:00,-2739.749,2025-05-12 17:05:00
2025-05-12 17:10:00,-2763.739,2025-05-12 17:10:00
2025-05-12 17:15:00,-2727.719,2025-05-12 17:15:00
2025-05-12 17:20:00,-2599.769,2025-05-12 17:20:00
2025-05-12 17:25:00,-2787.739,2025-05-12 17:25:00
2025-05-12 17:30:00,-2751.709,2025-05-12 17:30:00
2025-05-12 17:35:00,-2695.699,2025-05-12 17:35:00
2025-05-12 17:40:00,-2695.719,2025-05-12 17:40:00
2025-05-12 17:45:00,-2667.769,2025-05-12 17:45:00
2025-05-12 17:50:00,-2631.759,2025-05-12 17:50:00
2025-05-12 17:55:00,-2647.759,2025-05-12 17:55:00
2025-05-12 18:00:00,9000.0,2025-05-12 18:00:00
2025-05-12 18:05:00,9000.0,2025-05-12 18:05:00
2025-05-12 18:10:00,9000.0,2025-05-12 18:10:00
2025-05-12 18:15:00,9000.0,2025-05-12 18:15:00
2025-05-12 18:20:00,9000.0,2025-05-12 18:20:00
2025-05-12 18:25:00,9000.0,2025-05-12 18:25:00
2025-05-12 18:30:00,9000.0,2025-05-12 18:30:00
2025-05-12 18:35:00,9000.0,2025-05-12 18:35:00
2025-05-12 18:40:00,9000.0,2025-05-12 18:40:00
2025-05-12 18:45:00,9000.0,2025-05-12 18:45:00
2025-05-12 18:50:00,9000.0,2025-05-12 18:50:00
2025-05-12 18:55:00,9000.0,2025-05-12 18:55:00
2025-05-12 19:00:00,9000.0,2025-05-12 19:00:00
2025-05-12 19:05:00,9000.0,2025-05-12 19:05:00
2025-05-12 19:10:00,9000.0,2025-05-12 19:10:00
2025-05-12 19:15:00,9000.0,2025-05-12 19:15:00
2025-05-12 19:20:00,9000.0,2025-05-12 19:20:00
2025-05-12 19:25:00,9000.0,2025-05-12 19:25:00
2025-05-12 19:30:00,9000.0,2025-05-12 19:30:00
2025-05-12 19:35:00,8999.999,2025-05-12 19:35:00
2025-05-12 19:40:00,6821.539,2025-05-12 19:40:00
2025-05-12 19:45:00,0.0,2025-05-12 19:45:00
2025-05-12 19:50:00,0.0,2025-05-12 19:50:00
2025-05-12 19:55:00,0.0,2025-05-12 19:55:00
2025-05-12 20:00:00,0.0,2025-05-12 20:00:00
2025-05-12 20:05:00,0.0,2025-05-12 20:05:00
2025-05-12 20:10:00,0.0,2025-05-12 20:10:00
2025-05-12 20:15:00,0.0,2025-05-12 20:15:00
2025-05-12 20:20:00,0.0,2025-05-12 20:20:00
2025-05-12 20:25:00,0.0,2025-05-12 20:25:00
2025-05-12 20:30:00,0.0,2025-05-12 20:30:00
2025-05-12 20:35:00,0.0,2025-05-12 20:35:00
2025-05-12 20:40:00,0.0,2025-05-12 20:40:00
2025-05-12 20:45:00,0.0,2025-05-12 20:45:00
2025-05-12 20:50:00,0.0,2025-05-12 20:50:00
2025-05-12 20:55:00,0.0,2025-05-12 20:55:00
2025-05-12 21:00:00,0.0,2025-05-12 21:00:00
2025-05-12 21:05:00,0.0,2025-05-12 21:05:00
2025-05-12 21:10:00,0.0,2025-05-12 21:10:00
2025-05-12 21:15:00,0.0,2025-05-12 21:15:00
2025-05-12 21:20:00,0.0,2025-05-12 21:20:00
2025-05-12 21:25:00,0.0,2025-05-12 21:25:00
2025-05-12 21:30:00,0.0,2025-05-12 21:30:00
2025-05-12 21:35:00,0.0,2025-05-12 21:35:00
2025-05-12 21:40:00,0.0,2025-05-12 21:40:00
2025-05-12 21:45:00,0.0,2025-05-12 21:45:00
2025-05-12 21:50:00,0.0,2025-05-12 21:50:00
2025-05-12 21:55:00,0.0,2025-05-12 21:55:00
2025-05-12 22:00:00,-2323.374,2025-05-12 22:00:00
2025-05-12 22:05:00,-2323.238,2025-05-12 22:05:00
2025-05-12 22:10:00,-2323.485,2025-05-12 22:10:00
2025-05-12 22:15:00,-2323.377,2025-05-12 22:15:00
2025-05-12 22:20:00,-2323.357,2025-05-12 22:20:00
2025-05-12 22:25:00,-2323.26,2025-05-12 22:25:00
2025-05-12 22:30:00,-2323.258,2025-05-12 22:30:00
2025-05-12 22:35:00,-2323.372,2025-05-12 22:35:00
2025-05-12 22:40:00,-2323.316,2025-05-12 22:40:00
2025-05-12 22:45:00,-2323.279,2025-05-12 22:45:00
2025-05-12 22:50:00,-2323.272,2025-05-12 22:50:00
2025-05-12 22:55:00,-2323.263,2025-05-12 22:55:00
2025-05-12 23:00:00,-2323.298,2025-05-12 23:00:00
2025-05-12 23:05:00,-2323.283,2025-05-12 23:05:00
2025-05-12 23:10:00,-2323.271,2025-05-12 23:10:00
2025-05-12 23:15:00,-2323.281,2025-05-12 23:15:00
2025-05-12 23:20:00,-2323.312,2025-05-12 23:20:00
2025-05-12 23:25:00,-2323.286,2025-05-12 23:25:00
2025-05-12 23:30:00,-2323.298,2025-05-12 23:30:00
2025-05-12 23:35:00,-2323.308,2025-05-12 23:35:00
2025-05-12 23:40:00,-2323.289,2025-05-12 23:40:00
2025-05-12 23:45:00,-2323.306,2025-05-12 23:45:00
2025-05-12 23:50:00,-2323.307,2025-05-12 23:50:00
2025-05-12 23:55:00,-2323.303,2025-05-12 23:55:00
2025-05-13 00:00:00,-2323.305,2025-05-13 00:00:00
2025-05-13 00:05:00,-2323.31,2025-05-13 00:05:00
2025-05-13 00:10:00,-2323.325,2025-05-13 00:10:00
2025-05-13 00:15:00,-2323.321,2025-05-13 00:15:00
2025-05-13 00:20:00,-2323.332,2025-05-13 00:20:00
2025-05-13 00:25:00,-2323.338,2025-05-13 00:25:00
2025-05-13 00:30:00,-2323.34,2025-05-13 00:30:00
2025-05-13 00:35:00,-2323.35,2025-05-13 00:35:00
2025-05-13 00:40:00,-2323.355,2025-05-13 00:40:00
2025-05-13 00:45:00,-2323.353,2025-05-13 00:45:00
2025-05-13 00:50:00,-2323.354,2025-05-13 00:50:00
2025-05-13 00:55:00,-2323.358,2025-05-13 00:55:00
2025-05-13 01:00:00,-2323.363,2025-05-13 01:00:00
2025-05-13 01:05:00,-2323.37,2025-05-13 01:05:00
2025-05-13 01:10:00,-2323.379,2025-05-13 01:10:00
2025-05-13 01:15:00,-2323.392,2025-05-13 01:15:00
2025-05-13 01:20:00,-2323.39,2025-05-13 01:20:00
2025-05-13 01:25:00,-2323.396,2025-05-13 01:25:00
2025-05-13 01:30:00,-2323.407,2025-05-13 01:30:00
2025-05-13 01:35:00,-2323.397,2025-05-13 01:35:00
2025-05-13 01:40:00,-2323.409,2025-05-13 01:40:00
2025-05-13 01:45:00,-2323.406,2025-05-13 01:45:00
2025-05-13 01:50:00,-2323.409,2025-05-13 01:50:00
2025-05-13 01:55:00,-2323.411,2025-05-13 01:55:00
2025-05-13 02:00:00,-2323.433,2025-05-13 02:00:00
2025-05-13 02:05:00,-2323.431,2025-05-13 02:05:00
2025-05-13 02:10:00,-2323.417,2025-05-13 02:10:00
2025-05-13 02:15:00,-2323.42,2025-05-13 02:15:00
2025-05-13 02:20:00,-2323.418,2025-05-13 02:20:00
2025-05-13 02:25:00,-2323.425,2025-05-13 02:25:00
2025-05-13 02:30:00,-2323.427,2025-05-13 02:30:00
2025-05-13 02:35:00,-2323.429,2025-05-13 02:35:00
2025-05-13 02:40:00,-2323.432,2025-05-13 02:40:00
2025-05-13 02:45:00,-2323.442,2025-05-13 02:45:00
2025-05-13 02:50:00,-2323.456,2025-05-13 02:50:00
2025-05-13 02:55:00,-2323.458,2025-05-13 02:55:00
2025-05-13 03:00:00,-2323.448,2025-05-13 03:00:00
2025-05-13 03:05:00,-2323.443,2025-05-13 03:05:00
2025-05-13 03:10:00,-2323.444,2025-05-13 03:10:00
2025-05-13 03:15:00,-2323.438,2025-05-13 03:15:00
2025-05-13 03:20:00,-2323.441,2025-05-13 03:20:00
2025-05-13 03:25:00,-2323.456,2025-05-13 03:25:00
2025-05-13 03:30:00,-2323.439,2025-05-13 03:30:00
2025-05-13 03:35:00,-2323.433,2025-05-13 03:35:00
2025-05-13 03:40:00,-2323.428,2025-05-13 03:40:00
2025-05-13 03:45:00,-2323.434,2025-05-13 03:45:00
2025-05-13 03:50:00,-2323.422,2025-05-13 03:50:00
2025-05-13 03:55:00,-2323.421,2025-05-13 03:55:00
2025-05-13 04:00:00,-2323.417,2025-05-13 04:00:00
2025-05-13 04:05:00,-2323.411,2025-05-13 04:05:00
2025-05-13 04:10:00,-2323.406,2025-05-13 04:10:00
2025-05-13 04:15:00,-2323.402,2025-05-13 04:15:00
2025-05-13 04:20:00,-2323.398,2025-05-13 04:20:00
2025-05-13 04:25:00,-2323.394,2025-05-13 04:25:00
2025-05-13 04:30:00,-2323.389,2025-05-13 04:30:00
2025-05-13 04:35:00,-2323.385,2025-05-13 04:35:00
2025-05-13 04:40:00,-2323.381,2025-05-13 04:40:00
2025-05-13 04:45:00,-2323.378,2025-05-13 04:45:00
2025-05-13 04:50:00,-2323.372,2025-05-13 04:50:00
2025-05-13 04:55:00,-2323.369,2025-05-13 04:55:00
2025-05-13 05:00:00,-2323.364,2025-05-13 05:00:00
2025-05-13 05:05:00,-2323.359,2025-05-13 05:05:00
2025-05-13 05:10:00,-2323.355,2025-05-13 05:10:00
2025-05-13 05:15:00,-2323.351,2025-05-13 05:15:00
2025-05-13 05:20:00,-2323.348,2025-05-13 05:20:00
2025-05-13 05:25:00,-2323.349,2025-05-13 05:25:00
2025-05-13 05:30:00,-2323.348,2025-05-13 05:30:00
2025-05-13 05:35:00,-2323.349,2025-05-13 05:35:00
2025-05-13 05:40:00,-2323.345,2025-05-13 05:40:00
2025-05-13 05:45:00,-2323.339,2025-05-13 05:45:00
2025-05-13 05:50:00,-2323.335,2025-05-13 05:50:00
2025-05-13 05:55:00,-2323.332,2025-05-13 05:55:00
2025-05-13 06:00:00,0.0,2025-05-13 06:00:00
2025-05-13 06:05:00,0.0,2025-05-13 06:05:00
2025-05-13 06:10:00,0.0,2025-05-13 06:10:00
2025-05-13 06:15:00,0.0,2025-05-13 06:15:00
2025-05-13 06:20:00,0.0,2025-05-13 06:20:00
2025-05-13 06:25:00,0.0,2025-05-13 06:25:00
2025-05-13 06:30:00,0.0,2025-05-13 06:30:00
2025-05-13 06:35:00,0.0,2025-05-13 06:35:00
2025-05-13 06:40:00,0.0,2025-05-13 06:40:00
2025-05-13 06:45:00,0.0,2025-05-13 06:45:00
2025-05-13 06:50:00,0.0,2025-05-13 06:50:00
2025-05-13 06:55:00,0.0,2025-05-13 06:55:00
2025-05-13 07:00:00,0.0,2025-05-13 07:00:00
2025-05-13 07:05:00,0.0,2025-05-13 07:05:00
2025-05-13 07:10:00,0.0,2025-05-13 07:10:00
2025-05-13 07:15:00,0.0,2025-05-13 07:15:00
2025-05-13 07:20:00,0.0,2025-05-13 07:20:00
2025-05-13 07:25:00,0.0,2025-05-13 07:25:00
2025-05-13 07:30:00,0.0,2025-05-13 07:30:00
2025-05-13 07:35:00,0.0,2025-05-13 07:35:00
2025-05-13 07:40:00,0.0,2025-05-13 07:40:00
2025-05-13 07:45:00,0.0,2025-05-13 07:45:00
2025-05-13 07:50:00,0.0,2025-05-13 07:50:00
2025-05-13 07:55:00,0.0,2025-05-13 07:55:00
2025-05-13 08:00:00,9000.0,2025-05-13 08:00:00
2025-05-13 08:05:00,9000.0,2025-05-13 08:05:00
2025-05-13 08:10:00,9000.0,2025-05-13 08:10:00
2025-05-13 08:15:00,9000.0,2025-05-13 08:15:00
2025-05-13 08:20:00,9000.0,2025-05-13 08:20:00
2025-05-13 08:25:00,9000.0,2025-05-13 08:25:00
2025-05-13 08:30:00,9000.0,2025-05-13 08:30:00
2025-05-13 08:35:00,9000.0,2025-05-13 08:35:00
2025-05-13 08:40:00,9000.0,2025-05-13 08:40:00
2025-05-13 08:45:00,9000.0,2025-05-13 08:45:00
2025-05-13 08:50:00,9000.0,2025-05-13 08:50:00
2025-05-13 08:55:00,9000.0,2025-05-13 08:55:00
2025-05-13 09:00:00,9000.0,2025-05-13 09:00:00
2025-05-13 09:05:00,9000.0,2025-05-13 09:05:00
2025-05-13 09:10:00,9000.0,2025-05-13 09:10:00
2025-05-13 09:15:00,9000.0,2025-05-13 09:15:00
2025-05-13 09:20:00,9000.0,2025-05-13 09:20:00
2025-05-13 09:25:00,9000.0,2025-05-13 09:25:00
2025-05-13 09:30:00,9000.0,2025-05-13 09:30:00
2025-05-13 09:35:00,9000.0,2025-05-13 09:35:00
2025-05-13 09:40:00,9000.0,2025-05-13 09:40:00
2025-05-13 09:45:00,5940.0,2025-05-13 09:45:00
2025-05-13 09:50:00,0.0,2025-05-13 09:50:00
2025-05-13 09:55:00,0.0,2025-05-13 09:55:00
2025-05-13 10:00:00,0.0,2025-05-13 10:00:00
2025-05-13 10:05:00,0.0,2025-05-13 10:05:00
2025-05-13 10:10:00,0.0,2025-05-13 10:10:00
2025-05-13 10:15:00,0.0,2025-05-13 10:15:00
2025-05-13 10:20:00,0.0,2025-05-13 10:20:00
2025-05-13 10:25:00,0.0,2025-05-13 10:25:00
2025-05-13 10:30:00,0.0,2025-05-13 10:30:00
2025-05-13 10:35:00,0.0,2025-05-13 10:35:00
2025-05-13 10:40:00,0.0,2025-05-13 10:40:00
2025-05-13 10:45:00,0.0,2025-05-13 10:45:00
2025-05-13 10:50:00,0.0,2025-05-13 10:50:00
2025-05-13 10:55:00,0.0,2025-05-13 10:55:00
2025-05-13 11:00:00,-2599.769,2025-05-13 11:00:00
2025-05-13 11:05:00,-2835.759,2025-05-13 11:05:00
2025-05-13 11:10:00,-2563.779,2025-05-13 11:10:00
2025-05-13 11:15:00,-2495.749,2025-05-13 11:15:00
2025-05-13 11:20:00,-2591.759,2025-05-13 11:20:00
2025-05-13 11:25:00,-2543.759,2025-05-13 11:25:00
2025-05-13 11:30:00,-2511.779,2025-05-13 11:30:00
2025-05-13 11:35:00,-2847.759,2025-05-13 11:35:00
2025-05-13 11:40:00,-2879.759,2025-05-13 11:40:00
2025-05-13 11:45:00,-2947.749,2025-05-13 11:45:00
2025-05-13 11:50:00,-2819.769,2025-05-13 11:50:00
2025-05-13 11:55:00,-2507.759,2025-05-13 11:55:00
2025-05-13 12:00:00,-2559.719,2025-05-13 12:00:00
2025-05-13 12:05:00,-2519.749,2025-05-13 12:05:00
2025-05-13 12:10:00,-2527.759,2025-05-13 12:10:00
2025-05-13 12:15:00,-2543.709,2025-05-13 12:15:00
2025-05-13 12:20:00,-2531.739,2025-05-13 12:20:00
2025-05-13 12:25:00,-2523.759,2025-05-13 12:25:00
2025-05-13 12:30:00,-2515.729,2025-05-13 12:30:00
2025-05-13 12:35:00,-2495.739,2025-05-13 12:35:00
2025-05-13 12:40:00,-2515.749,2025-05-13 12:40:00
2025-05-13 12:45:00,-2591.789,2025-05-13 12:45:00
2025-05-13 12:50:00,-2563.769,2025-05-13 12:50:00
2025-05-13 12:55:00,-2487.759,2025-05-13 12:55:00
2025-05-13 13:00:00,-2447.729,2025-05-13 13:00:00
2025-05-13 13:05:00,-2495.769,2025-05-13 13:05:00
2025-05-13 13:10:00,-2539.769,2025-05-13 13:10:00
2025-05-13 13:15:00,-2611.759,2025-05-13 13:15:00
2025-05-13 13:20:00,-2507.729,2025-05-13 13:20:00
2025-05-13 13:25:00,-2447.769,2025-05-13 13:25:00
2025-05-13 13:30:00,-2619.739,2025-05-13 13:30:00
2025-05-13 13:35:00,-2627.739,2025-05-13 13:35:00
2025-05-13 13:40:00,-2535.779,2025-05-13 13:40:00
2025-05-13 13:45:00,-2547.749,2025-05-13 13:45:00
2025-05-13 13:50:00,-2467.759,2025-05-13 13:50:00
2025-05-13 13:55:00,-2539.769,2025-05-13 13:55:00
2025-05-13 14:00:00,-2551.769,2025-05-13 14:00:00
2025-05-13 14:05:00,-2563.739,2025-05-13 14:05:00
2025-05-13 14:10:00,-2499.749,2025-05-13 14:10:00
2025-05-13 14:15:00,-2439.759,2025-05-13 14:15:00
2025-05-13 14:20:00,-2467.749,2025-05-13 14:20:00
2025-05-13 14:25:00,-2435.729,2025-05-13 14:25:00
2025-05-13 14:30:00,-2571.769,2025-05-13 14:30:00
2025-05-13 14:35:00,-2463.779,2025-05-13 14:35:00
2025-05-13 14:40:00,-2619.769,2025-05-13 14:40:00
2025-05-13 14:45:00,-2447.719,2025-05-13 14:45:00
2025-05-13 14:50:00,-2495.759,2025-05-13 14:50:00
2025-05-13 14:55:00,-2443.769,2025-05-13 14:55:00
2025-05-13 15:00:00,-2399.779,2025-05-13 15:00:00
2025-05-13 15:05:00,-2823.749,2025-05-13 15:05:00
2025-05-13 15:10:00,-2699.749,2025-05-13 15:10:00
2025-05-13 15:15:00,-2807.729,2025-05-13 15:15:00
2025-05-13 15:20:00,-2719.749,2025-05-13 15:20:00
2025-05-13 15:25:00,-2775.769,2025-05-13 15:25:00
2025-05-13 15:30:00,-2783.779,2025-05-13 15:30:00
2025-05-13 15:35:00,-2775.759,2025-05-13 15:35:00
2025-05-13 15:40:00,-3015.699,2025-05-13 15:40:00
2025-05-13 15:45:00,-2967.759,2025-05-13 15:45:00
2025-05-13 15:50:00,-2991.749,2025-05-13 15:50:00
2025-05-13 15:55:00,-2871.769,2025-05-13 15:55:00
2025-05-13 16:00:00,-2823.759,2025-05-13 16:00:00
2025-05-13 16:05:00,-2887.729,2025-05-13 16:05:00
2025-05-13 16:10:00,-2939.749,2025-05-13 16:10:00
2025-05-13 16:15:00,-2875.749,2025-05-13 16:15:00
2025-05-13 16:20:00,-2807.739,2025-05-13 16:20:00
2025-05-13 16:25:00,-2847.729,2025-05-13 16:25:00
2025-05-13 16:30:00,-2827.749,2025-05-13 16:30:00
2025-05-13 16:35:00,-2775.749,2025-05-13 16:35:00
2025-05-13 16:40:00,-2447.769,2025-05-13 16:40:00
2025-05-13 16:45:00,-2611.759,2025-05-13 16:45:00
2025-05-13 16:50:00,-2487.779,2025-05-13 16:50:00
2025-05-13 16:55:00,-2467.719,2025-05-13 16:55:00
2025-05-13 17:00:00,-2407.759,2025-05-13 17:00:00
2025-05-13 17:05:00,-2347.779,2025-05-13 17:05:00
2025-05-13 17:10:00,-2451.759,2025-05-13 17:10:00
2025-05-13 17:15:00,-2455.769,2025-05-13 17:15:00
2025-05-13 17:20:00,-2455.769,2025-05-13 17:20:00
2025-05-13 17:25:00,-2375.749,2025-05-13 17:25:00
2025-05-13 17:30:00,-2419.719,2025-05-13 17:30:00
2025-05-13 17:35:00,-2515.749,2025-05-13 17:35:00
2025-05-13 17:40:00,-2491.699,2025-05-13 17:40:00
2025-05-13 17:45:00,-2371.759,2025-05-13 17:45:00
2025-05-13 17:50:00,-2435.749,2025-05-13 17:50:00
2025-05-13 17:55:00,-2495.759,2025-05-13 17:55:00
2025-05-13 18:00:00,9000.0,2025-05-13 18:00:00
2025-05-13 18:05:00,9000.0,2025-05-13 18:05:00
2025-05-13 18:10:00,9000.0,2025-05-13 18:10:00
2025-05-13 18:15:00,9000.0,2025-05-13 18:15:00
2025-05-13 18:20:00,9000.0,2025-05-13 18:20:00
2025-05-13 18:25:00,9000.0,2025-05-13 18:25:00
2025-05-13 18:30:00,9000.0,2025-05-13 18:30:00
2025-05-13 18:35:00,9000.0,2025-05-13 18:35:00
2025-05-13 18:40:00,9000.0,2025-05-13 18:40:00
2025-05-13 18:45:00,9000.0,2025-05-13 18:45:00
2025-05-13 18:50:00,9000.0,2025-05-13 18:50:00
2025-05-13 18:55:00,9000.0,2025-05-13 18:55:00
2025-05-13 19:00:00,9000.0,2025-05-13 19:00:00
2025-05-13 19:05:00,9000.0,2025-05-13 19:05:00
2025-05-13 19:10:00,9000.0,2025-05-13 19:10:00
2025-05-13 19:15:00,9000.0,2025-05-13 19:15:00
2025-05-13 19:20:00,9000.0,2025-05-13 19:20:00
2025-05-13 19:25:00,9000.0,2025-05-13 19:25:00
2025-05-13 19:30:00,9000.0,2025-05-13 19:30:00
2025-05-13 19:35:00,9000.0,2025-05-13 19:35:00
2025-05-13 19:40:00,9000.0,2025-05-13 19:40:00
2025-05-13 19:45:00,2031.301,2025-05-13 19:45:00
2025-05-13 19:50:00,0.0,2025-05-13 19:50:00
2025-05-13 19:55:00,0.0,2025-05-13 19:55:00
2025-05-13 20:00:00,0.0,2025-05-13 20:00:00
2025-05-13 20:05:00,0.0,2025-05-13 20:05:00
2025-05-13 20:10:00,0.0,2025-05-13 20:10:00
2025-05-13 20:15:00,0.0,2025-05-13 20:15:00
2025-05-13 20:20:00,0.0,2025-05-13 20:20:00
2025-05-13 20:25:00,0.0,2025-05-13 20:25:00
2025-05-13 20:30:00,0.0,2025-05-13 20:30:00
2025-05-13 20:35:00,0.0,2025-05-13 20:35:00
2025-05-13 20:40:00,0.0,2025-05-13 20:40:00
2025-05-13 20:45:00,0.0,2025-05-13 20:45:00
2025-05-13 20:50:00,0.0,2025-05-13 20:50:00
2025-05-13 20:55:00,0.0,2025-05-13 20:55:00
2025-05-13 21:00:00,0.0,2025-05-13 21:00:00
2025-05-13 21:05:00,0.0,2025-05-13 21:05:00
2025-05-13 21:10:00,0.0,2025-05-13 21:10:00
2025-05-13 21:15:00,0.0,2025-05-13 21:15:00
2025-05-13 21:20:00,0.0,2025-05-13 21:20:00
2025-05-13 21:25:00,0.0,2025-05-13 21:25:00
2025-05-13 21:30:00,0.0,2025-05-13 21:30:00
2025-05-13 21:35:00,0.0,2025-05-13 21:35:00
2025-05-13 21:40:00,0.0,2025-05-13 21:40:00
2025-05-13 21:45:00,0.0,2025-05-13 21:45:00
2025-05-13 21:50:00,0.0,2025-05-13 21:50:00
2025-05-13 21:55:00,0.0,2025-05-13 21:55:00
2025-05-13 22:00:00,-2079.767,2025-05-13 22:00:00
2025-05-13 22:05:00,-2211.706,2025-05-13 22:05:00
2025-05-13 22:10:00,-2247.705,2025-05-13 22:10:00
2025-05-13 22:15:00,-2295.732,2025-05-13 22:15:00
2025-05-13 22:20:00,-2255.734,2025-05-13 22:20:00
2025-05-13 22:25:00,-2346.928,2025-05-13 22:25:00
2025-05-13 22:30:00,-2295.762,2025-05-13 22:30:00
2025-05-13 22:35:00,-2346.679,2025-05-13 22:35:00
2025-05-13 22:40:00,-2346.689,2025-05-13 22:40:00
2025-05-13 22:45:00,-2346.725,2025-05-13 22:45:00
2025-05-13 22:50:00,-2346.706,2025-05-13 22:50:00
2025-05-13 22:55:00,-2346.69,2025-05-13 22:55:00
2025-05-13 23:00:00,-2346.761,2025-05-13 23:00:00
2025-05-13 23:05:00,-2346.703,2025-05-13 23:05:00
2025-05-13 23:10:00,-2346.689,2025-05-13 23:10:00
2025-05-13 23:15:00,-2346.696,2025-05-13 23:15:00
2025-05-13 23:20:00,-2311.739,2025-05-13 23:20:00
2025-05-13 23:25:00,-2279.743,2025-05-13 23:25:00
2025-05-13 23:30:00,-2287.773,2025-05-13 23:30:00
2025-05-13 23:35:00,-2287.743,2025-05-13 23:35:00
2025-05-13 23:40:00,-2331.717,2025-05-13 23:40:00
2025-05-13 23:45:00,-2346.713,2025-05-13 23:45:00
2025-05-13 23:50:00,-2343.589,2025-05-13 23:50:00
2025-05-13 23:55:00,-2323.753,2025-05-13 23:55:00
2025-05-14 00:00:00,-2291.742,2025-05-14 00:00:00
2025-05-14 00:05:00,-2346.908,2025-05-14 00:05:00
2025-05-14 00:10:00,-2346.692,2025-05-14 00:10:00
2025-05-14 00:15:00,-2346.771,2025-05-14 00:15:00
2025-05-14 00:20:00,-2346.939,2025-05-14 00:20:00
2025-05-14 00:25:00,-2323.753,2025-05-14 00:25:00
2025-05-14 00:30:00,-2346.852,2025-05-14 00:30:00
2025-05-14 00:35:00,-2346.721,2025-05-14 00:35:00
2025-05-14 00:40:00,-2346.829,2025-05-14 00:40:00
2025-05-14 00:45:00,-2335.739,2025-05-14 00:45:00
2025-05-14 00:50:00,-2327.73,2025-05-14 00:50:00
2025-05-14 00:55:00,-2283.753,2025-05-14 00:55:00
2025-05-14 01:00:00,-2346.919,2025-05-14 01:00:00
2025-05-14 01:05:00,-2295.722,2025-05-14 01:05:00
2025-05-14 01:10:00,-2299.761,2025-05-14 01:10:00
2025-05-14 01:15:00,-2346.933,2025-05-14 01:15:00
2025-05-14 01:20:00,-2346.652,2025-05-14 01:20:00
2025-05-14 01:25:00,-2291.692,2025-05-14 01:25:00
2025-05-14 01:30:00,-2235.745,2025-05-14 01:30:00
2025-05-14 01:35:00,-2199.756,2025-05-14 01:35:00
2025-05-14 01:40:00,-2346.647,2025-05-14 01:40:00
2025-05-14 01:45:00,-2346.653,2025-05-14 01:45:00
2025-05-14 01:50:00,-2243.755,2025-05-14 01:50:00
2025-05-14 01:55:00,-2203.756,2025-05-14 01:55:00
2025-05-14 02:00:00,-2346.715,2025-05-14 02:00:00
2025-05-14 02:05:00,-2346.967,2025-05-14 02:05:00
2025-05-14 02:10:00,-2346.663,2025-05-14 02:10:00
2025-05-14 02:15:00,-2346.693,2025-05-14 02:15:00
2025-05-14 02:20:00,-2346.682,2025-05-14 02:20:00
2025-05-14 02:25:00,-2346.665,2025-05-14 02:25:00
2025-05-14 02:30:00,-2346.771,2025-05-14 02:30:00
2025-05-14 02:35:00,-2346.658,2025-05-14 02:35:00
2025-05-14 02:40:00,-2346.884,2025-05-14 02:40:00
2025-05-14 02:45:00,-2347.004,2025-05-14 02:45:00
2025-05-14 02:50:00,-2207.736,2025-05-14 02:50:00
2025-05-14 02:55:00,-2327.74,2025-05-14 02:55:00
2025-05-14 03:00:00,-2243.775,2025-05-14 03:00:00
2025-05-14 03:05:00,-2323.753,2025-05-14 03:05:00
2025-05-14 03:10:00,-2346.91,2025-05-14 03:10:00
2025-05-14 03:15:00,-2343.565,2025-05-14 03:15:00
2025-05-14 03:20:00,-2346.942,2025-05-14 03:20:00
2025-05-14 03:25:00,-2346.914,2025-05-14 03:25:00
2025-05-14 03:30:00,-2279.763,2025-05-14 03:30:00
2025-05-14 03:35:00,-2346.794,2025-05-14 03:35:00
2025-05-14 03:40:00,-2346.704,2025-05-14 03:40:00
2025-05-14 03:45:00,-2346.858,2025-05-14 03:45:00
2025-05-14 03:50:00,-2346.675,2025-05-14 03:50:00
2025-05-14 03:55:00,-2346.928,2025-05-14 03:55:00
2025-05-14 04:00:00,-2346.9,2025-05-14 04:00:00
2025-05-14 04:05:00,-2346.716,2025-05-14 04:05:00
2025-05-14 04:10:00,-2346.69,2025-05-14 04:10:00
2025-05-14 04:15:00,-2335.7,2025-05-14 04:15:00
2025-05-14 04:20:00,-2339.721,2025-05-14 04:20:00
2025-05-14 04:25:00,-2346.728,2025-05-14 04:25:00
2025-05-14 04:30:00,-2275.723,2025-05-14 04:30:00
2025-05-14 04:35:00,-2346.897,2025-05-14 04:35:00
2025-05-14 04:40:00,-2346.715,2025-05-14 04:40:00
2025-05-14 04:45:00,-2346.688,2025-05-14 04:45:00
2025-05-14 04:50:00,-2346.832,2025-05-14 04:50:00
2025-05-14 04:55:00,-2346.81,2025-05-14 04:55:00
2025-05-14 05:00:00,-2346.808,2025-05-14 05:00:00
2025-05-14 05:05:00,-2346.67,2025-05-14 05:05:00
2025-05-14 05:10:00,-2346.804,2025-05-14 05:10:00
2025-05-14 05:15:00,-2346.66,2025-05-14 05:15:00
2025-05-14 05:20:00,-2346.845,2025-05-14 05:20:00
2025-05-14 05:25:00,-2346.673,2025-05-14 05:25:00
2025-05-14 05:30:00,-2327.75,2025-05-14 05:30:00
2025-05-14 05:35:00,-2346.653,2025-05-14 05:35:00
2025-05-14 05:40:00,-2346.803,2025-05-14 05:40:00
2025-05-14 05:45:00,-2346.652,2025-05-14 05:45:00
2025-05-14 05:50:00,-2346.763,2025-05-14 05:50:00
2025-05-14 05:55:00,-2346.652,2025-05-14 05:55:00
2025-05-14 06:00:00,0.0,2025-05-14 06:00:00
2025-05-14 06:05:00,0.0,2025-05-14 06:05:00
2025-05-14 06:10:00,0.0,2025-05-14 06:10:00
2025-05-14 06:15:00,0.0,2025-05-14 06:15:00
2025-05-14 06:20:00,0.0,2025-05-14 06:20:00
2025-05-14 06:25:00,0.0,2025-05-14 06:25:00
2025-05-14 06:30:00,0.0,2025-05-14 06:30:00
2025-05-14 06:35:00,0.0,2025-05-14 06:35:00
2025-05-14 06:40:00,0.0,2025-05-14 06:40:00
2025-05-14 06:45:00,0.0,2025-05-14 06:45:00
2025-05-14 06:50:00,0.0,2025-05-14 06:50:00
2025-05-14 06:55:00,0.0,2025-05-14 06:55:00
2025-05-14 07:00:00,0.0,2025-05-14 07:00:00
2025-05-14 07:05:00,0.0,2025-05-14 07:05:00
2025-05-14 07:10:00,0.0,2025-05-14 07:10:00
2025-05-14 07:15:00,0.0,2025-05-14 07:15:00
2025-05-14 07:20:00,0.0,2025-05-14 07:20:00
2025-05-14 07:25:00,0.0,2025-05-14 07:25:00
2025-05-14 07:30:00,0.0,2025-05-14 07:30:00
2025-05-14 07:35:00,0.0,2025-05-14 07:35:00
2025-05-14 07:40:00,0.0,2025-05-14 07:40:00
2025-05-14 07:45:00,0.0,2025-05-14 07:45:00
2025-05-14 07:50:00,0.0,2025-05-14 07:50:00
2025-05-14 07:55:00,0.0,2025-05-14 07:55:00
2025-05-14 08:00:00,9000.0,2025-05-14 08:00:00
2025-05-14 08:05:00,9000.0,2025-05-14 08:05:00
2025-05-14 08:10:00,9000.0,2025-05-14 08:10:00
2025-05-14 08:15:00,9000.0,2025-05-14 08:15:00
2025-05-14 08:20:00,9000.0,2025-05-14 08:20:00
2025-05-14 08:25:00,9000.0,2025-05-14 08:25:00
2025-05-14 08:30:00,9000.0,2025-05-14 08:30:00
2025-05-14 08:35:00,9000.0,2025-05-14 08:35:00
2025-05-14 08:40:00,9000.0,2025-05-14 08:40:00
2025-05-14 08:45:00,9000.0,2025-05-14 08:45:00
2025-05-14 08:50:00,9000.0,2025-05-14 08:50:00
2025-05-14 08:55:00,9000.0,2025-05-14 08:55:00
2025-05-14 09:00:00,9000.0,2025-05-14 09:00:00
2025-05-14 09:05:00,9000.0,2025-05-14 09:05:00
2025-05-14 09:10:00,9000.0,2025-05-14 09:10:00
2025-05-14 09:15:00,9000.0,2025-05-14 09:15:00
2025-05-14 09:20:00,9000.0,2025-05-14 09:20:00
2025-05-14 09:25:00,9000.0,2025-05-14 09:25:00
2025-05-14 09:30:00,9000.0,2025-05-14 09:30:00
2025-05-14 09:35:00,9000.0,2025-05-14 09:35:00
2025-05-14 09:40:00,8999.999,2025-05-14 09:40:00
2025-05-14 09:45:00,5939.999,2025-05-14 09:45:00
2025-05-14 09:50:00,0.0,2025-05-14 09:50:00
2025-05-14 09:55:00,0.0,2025-05-14 09:55:00
2025-05-14 10:00:00,0.0,2025-05-14 10:00:00
2025-05-14 10:05:00,0.0,2025-05-14 10:05:00
2025-05-14 10:10:00,0.0,2025-05-14 10:10:00
2025-05-14 10:15:00,0.0,2025-05-14 10:15:00
2025-05-14 10:20:00,0.0,2025-05-14 10:20:00
2025-05-14 10:25:00,0.0,2025-05-14 10:25:00
2025-05-14 10:30:00,0.0,2025-05-14 10:30:00
2025-05-14 10:35:00,0.0,2025-05-14 10:35:00
2025-05-14 10:40:00,0.0,2025-05-14 10:40:00
2025-05-14 10:45:00,0.0,2025-05-14 10:45:00
2025-05-14 10:50:00,0.0,2025-05-14 10:50:00
2025-05-14 10:55:00,0.0,2025-05-14 10:55:00
2025-05-14 11:00:00,-2475.729,2025-05-14 11:00:00
2025-05-14 11:05:00,-2431.719,2025-05-14 11:05:00
2025-05-14 11:10:00,-2467.749,2025-05-14 11:10:00
2025-05-14 11:15:00,-2415.749,2025-05-14 11:15:00
2025-05-14 11:20:00,-2691.729,2025-05-14 11:20:00
2025-05-14 11:25:00,-2379.739,2025-05-14 11:25:00
2025-05-14 11:30:00,-2335.739,2025-05-14 11:30:00
2025-05-14 11:35:00,-2371.749,2025-05-14 11:35:00
2025-05-14 11:40:00,-2627.739,2025-05-14 11:40:00
2025-05-14 11:45:00,-2699.739,2025-05-14 11:45:00
2025-05-14 11:50:00,-2515.759,2025-05-14 11:50:00
2025-05-14 11:55:00,-2407.759,2025-05-14 11:55:00
2025-05-14 12:00:00,-2407.729,2025-05-14 12:00:00
2025-05-14 12:05:00,-2663.759,2025-05-14 12:05:00
2025-05-14 12:10:00,-2411.749,2025-05-14 12:10:00
2025-05-14 12:15:00,-2423.749,2025-05-14 12:15:00
2025-05-14 12:20:00,-2367.749,2025-05-14 12:20:00
2025-05-14 12:25:00,-2507.759,2025-05-14 12:25:00
2025-05-14 12:30:00,-2491.749,2025-05-14 12:30:00
2025-05-14 12:35:00,-2403.769,2025-05-14 12:35:00
2025-05-14 12:40:00,-2431.759,2025-05-14 12:40:00
2025-05-14 12:45:00,-2419.749,2025-05-14 12:45:00
2025-05-14 12:50:00,-2407.749,2025-05-14 12:50:00
2025-05-14 12:55:00,-2419.759,2025-05-14 12:55:00
2025-05-14 13:00:00,-2471.759,2025-05-14 13:00:00
2025-05-14 13:05:00,-2379.759,2025-05-14 13:05:00
2025-05-14 13:10:00,-2379.729,2025-05-14 13:10:00
2025-05-14 13:15:00,-2375.759,2025-05-14 13:15:00
2025-05-14 13:20:00,-2399.729,2025-05-14 13:20:00
2025-05-14 13:25:00,-2691.699,2025-05-14 13:25:00
2025-05-14 13:30:00,-2447.739,2025-05-14 13:30:00
2025-05-14 13:35:00,-2371.729,2025-05-14 13:35:00
2025-05-14 13:40:00,-2371.769,2025-05-14 13:40:00
2025-05-14 13:45:00,-2399.759,2025-05-14 13:45:00
2025-05-14 13:50:00,-2415.739,2025-05-14 13:50:00
2025-05-14 13:55:00,-2375.739,2025-05-14 13:55:00
2025-05-14 14:00:00,-2415.729,2025-05-14 14:00:00
2025-05-14 14:05:00,-2267.759,2025-05-14 14:05:00
2025-05-14 14:10:00,-2679.709,2025-05-14 14:10:00
2025-05-14 14:15:00,-2287.749,2025-05-14 14:15:00
2025-05-14 14:20:00,-2355.749,2025-05-14 14:20:00
2025-05-14 14:25:00,-2447.749,2025-05-14 14:25:00
2025-05-14 14:30:00,-2687.749,2025-05-14 14:30:00
2025-05-14 14:35:00,-2447.719,2025-05-14 14:35:00
2025-05-14 14:40:00,-2331.739,2025-05-14 14:40:00
2025-05-14 14:45:00,-2467.719,2025-05-14 14:45:00
2025-05-14 14:50:00,-2579.739,2025-05-14 14:50:00
2025-05-14 14:55:00,-2371.749,2025-05-14 14:55:00
2025-05-14 15:00:00,-2379.749,2025-05-14 15:00:00
2025-05-14 15:05:00,-2603.769,2025-05-14 15:05:00
2025-05-14 15:10:00,-2639.749,2025-05-14 15:10:00
2025-05-14 15:15:00,-2215.739,2025-05-14 15:15:00
2025-05-14 15:20:00,-2587.729,2025-05-14 15:20:00
2025-05-14 15:25:00,-2259.749,2025-05-14 15:25:00
2025-05-14 15:30:00,-2543.769,2025-05-14 15:30:00
2025-05-14 15:35:00,-2311.759,2025-05-14 15:35:00
2025-05-14 15:40:00,-2323.729,2025-05-14 15:40:00
2025-05-14 15:45:00,-2367.719,2025-05-14 15:45:00
2025-05-14 15:50:00,-2359.759,2025-05-14 15:50:00
2025-05-14 15:55:00,-2639.729,2025-05-14 15:55:00
2025-05-14 16:00:00,-2719.749,2025-05-14 16:00:00
2025-05-14 16:05:00,-2395.779,2025-05-14 16:05:00
2025-05-14 16:10:00,-2411.779,2025-05-14 16:10:00
2025-05-14 16:15:00,-2343.749,2025-05-14 16:15:00
2025-05-14 16:20:00,-2663.799,2025-05-14 16:20:00
2025-05-14 16:25:00,-2639.739,2025-05-14 16:25:00
2025-05-14 16:30:00,-2627.749,2025-05-14 16:30:00
2025-05-14 16:35:00,-2647.749,2025-05-14 16:35:00
2025-05-14 16:40:00,-2703.739,2025-05-14 16:40:00
2025-05-14 16:45:00,-2699.759,2025-05-14 16:45:00
2025-05-14 16:50:00,-2639.769,2025-05-14 16:50:00
2025-05-14 16:55:00,-2711.769,2025-05-14 16:55:00
2025-05-14 17:00:00,-2651.769,2025-05-14 17:00:00
2025-05-14 17:05:00,-2723.769,2025-05-14 17:05:00
2025-05-14 17:10:00,-2651.739,2025-05-14 17:10:00
2025-05-14 17:15:00,-2303.749,2025-05-14 17:15:00
2025-05-14 17:20:00,-2243.729,2025-05-14 17:20:00
2025-05-14 17:25:00,-2691.749,2025-05-14 17:25:00
2025-05-14 17:30:00,-2715.749,2025-05-14 17:30:00
2025-05-14 17:35:00,-2663.769,2025-05-14 17:35:00
2025-05-14 17:40:00,-2611.699,2025-05-14 17:40:00
2025-05-14 17:45:00,-2347.739,2025-05-14 17:45:00
2025-05-14 17:50:00,-2423.759,2025-05-14 17:50:00
2025-05-14 17:55:00,-2659.779,2025-05-14 17:55:00
2025-05-14 18:00:00,9000.0,2025-05-14 18:00:00
2025-05-14 18:05:00,9000.0,2025-05-14 18:05:00
2025-05-14 18:10:00,9000.0,2025-05-14 18:10:00
2025-05-14 18:15:00,9000.0,2025-05-14 18:15:00
2025-05-14 18:20:00,9000.0,2025-05-14 18:20:00
2025-05-14 18:25:00,9000.0,2025-05-14 18:25:00
2025-05-14 18:30:00,9000.0,2025-05-14 18:30:00
2025-05-14 18:35:00,9000.0,2025-05-14 18:35:00
2025-05-14 18:40:00,9000.0,2025-05-14 18:40:00
2025-05-14 18:45:00,9000.0,2025-05-14 18:45:00
2025-05-14 18:50:00,9000.0,2025-05-14 18:50:00
2025-05-14 18:55:00,9000.0,2025-05-14 18:55:00
2025-05-14 19:00:00,9000.0,2025-05-14 19:00:00
2025-05-14 19:05:00,9000.0,2025-05-14 19:05:00
2025-05-14 19:10:00,9000.0,2025-05-14 19:10:00
2025-05-14 19:15:00,9000.0,2025-05-14 19:15:00
2025-05-14 19:20:00,9000.0,2025-05-14 19:20:00
2025-05-14 19:25:00,9000.0,2025-05-14 19:25:00
2025-05-14 19:30:00,9000.0,2025-05-14 19:30:00
2025-05-14 19:35:00,8999.999,2025-05-14 19:35:00
2025-05-14 19:40:00,2427.207,2025-05-14 19:40:00
2025-05-14 19:45:00,0.0,2025-05-14 19:45:00
2025-05-14 19:50:00,0.0,2025-05-14 19:50:00
2025-05-14 19:55:00,0.0,2025-05-14 19:55:00
2025-05-14 20:00:00,0.0,2025-05-14 20:00:00
2025-05-14 20:05:00,0.0,2025-05-14 20:05:00
2025-05-14 20:10:00,0.0,2025-05-14 20:10:00
2025-05-14 20:15:00,0.0,2025-05-14 20:15:00
2025-05-14 20:20:00,0.0,2025-05-14 20:20:00
2025-05-14 20:25:00,0.0,2025-05-14 20:25:00
2025-05-14 20:30:00,0.0,2025-05-14 20:30:00
2025-05-14 20:35:00,0.0,2025-05-14 20:35:00
2025-05-14 20:40:00,0.0,2025-05-14 20:40:00
2025-05-14 20:45:00,0.0,2025-05-14 20:45:00
2025-05-14 20:50:00,0.0,2025-05-14 20:50:00
2025-05-14 20:55:00,0.0,2025-05-14 20:55:00
2025-05-14 21:00:00,0.0,2025-05-14 21:00:00
2025-05-14 21:05:00,0.0,2025-05-14 21:05:00
2025-05-14 21:10:00,0.0,2025-05-14 21:10:00
2025-05-14 21:15:00,0.0,2025-05-14 21:15:00
2025-05-14 21:20:00,0.0,2025-05-14 21:20:00
2025-05-14 21:25:00,0.0,2025-05-14 21:25:00
2025-05-14 21:30:00,0.0,2025-05-14 21:30:00
2025-05-14 21:35:00,0.0,2025-05-14 21:35:00
2025-05-14 21:40:00,0.0,2025-05-14 21:40:00
2025-05-14 21:45:00,0.0,2025-05-14 21:45:00
2025-05-14 21:50:00,0.0,2025-05-14 21:50:00
2025-05-14 21:55:00,0.0,2025-05-14 21:55:00
2025-05-14 22:00:00,-2291.721,2025-05-14 22:00:00
2025-05-14 22:05:00,-2291.721,2025-05-14 22:05:00
2025-05-14 22:10:00,-2326.351,2025-05-14 22:10:00
2025-05-14 22:15:00,-2275.754,2025-05-14 22:15:00
2025-05-14 22:20:00,-2231.775,2025-05-14 22:20:00
2025-05-14 22:25:00,-2307.738,2025-05-14 22:25:00
2025-05-14 22:30:00,-2326.362,2025-05-14 22:30:00
2025-05-14 22:35:00,-2326.348,2025-05-14 22:35:00
2025-05-14 22:40:00,-2326.348,2025-05-14 22:40:00
2025-05-14 22:45:00,-2326.506,2025-05-14 22:45:00
2025-05-14 22:50:00,-2326.42,2025-05-14 22:50:00
2025-05-14 22:55:00,-2326.408,2025-05-14 22:55:00
2025-05-14 23:00:00,-2326.397,2025-05-14 23:00:00
2025-05-14 23:05:00,-2326.333,2025-05-14 23:05:00
2025-05-14 23:10:00,-2326.355,2025-05-14 23:10:00
2025-05-14 23:15:00,-2326.334,2025-05-14 23:15:00
2025-05-14 23:20:00,-2326.334,2025-05-14 23:20:00
2025-05-14 23:25:00,-2326.335,2025-05-14 23:25:00
2025-05-14 23:30:00,-2326.331,2025-05-14 23:30:00
2025-05-14 23:35:00,-2326.327,2025-05-14 23:35:00
2025-05-14 23:40:00,-2326.329,2025-05-14 23:40:00
2025-05-14 23:45:00,-2326.324,2025-05-14 23:45:00
2025-05-14 23:50:00,-2326.324,2025-05-14 23:50:00
2025-05-14 23:55:00,-2326.322,2025-05-14 23:55:00
2025-05-15 00:00:00,-2326.321,2025-05-15 00:00:00
2025-05-15 00:05:00,-2326.325,2025-05-15 00:05:00
2025-05-15 00:10:00,-2326.319,2025-05-15 00:10:00
2025-05-15 00:15:00,-2326.332,2025-05-15 00:15:00
2025-05-15 00:20:00,-2326.404,2025-05-15 00:20:00
2025-05-15 00:25:00,-2326.339,2025-05-15 00:25:00
2025-05-15 00:30:00,-2326.318,2025-05-15 00:30:00
2025-05-15 00:35:00,-2326.315,2025-05-15 00:35:00
2025-05-15 00:40:00,-2326.358,2025-05-15 00:40:00
2025-05-15 00:45:00,-2326.31,2025-05-15 00:45:00
2025-05-15 00:50:00,-2326.31,2025-05-15 00:50:00
2025-05-15 00:55:00,-2326.31,2025-05-15 00:55:00
2025-05-15 01:00:00,-2326.338,2025-05-15 01:00:00
2025-05-15 01:05:00,-2326.429,2025-05-15 01:05:00
2025-05-15 01:10:00,-2326.477,2025-05-15 01:10:00
2025-05-15 01:15:00,-2326.391,2025-05-15 01:15:00
2025-05-15 01:20:00,-2291.751,2025-05-15 01:20:00
2025-05-15 01:25:00,-2326.49,2025-05-15 01:25:00
2025-05-15 01:30:00,-2326.388,2025-05-15 01:30:00
2025-05-15 01:35:00,-2326.388,2025-05-15 01:35:00
2025-05-15 01:40:00,-2326.483,2025-05-15 01:40:00
2025-05-15 01:45:00,-2326.453,2025-05-15 01:45:00
2025-05-15 01:50:00,-2326.306,2025-05-15 01:50:00
2025-05-15 01:55:00,-2326.397,2025-05-15 01:55:00
2025-05-15 02:00:00,-2326.31,2025-05-15 02:00:00
2025-05-15 02:05:00,-2326.311,2025-05-15 02:05:00
2025-05-15 02:10:00,-2307.748,2025-05-15 02:10:00
2025-05-15 02:15:00,-2326.415,2025-05-15 02:15:00
2025-05-15 02:20:00,-2326.392,2025-05-15 02:20:00
2025-05-15 02:25:00,-2326.32,2025-05-15 02:25:00
2025-05-15 02:30:00,-2326.311,2025-05-15 02:30:00
2025-05-15 02:35:00,-2326.311,2025-05-15 02:35:00
2025-05-15 02:40:00,-2326.309,2025-05-15 02:40:00
2025-05-15 02:45:00,-2326.324,2025-05-15 02:45:00
2025-05-15 02:50:00,-2326.381,2025-05-15 02:50:00
2025-05-15 02:55:00,-2326.355,2025-05-15 02:55:00
2025-05-15 03:00:00,-2326.336,2025-05-15 03:00:00
2025-05-15 03:05:00,-2326.334,2025-05-15 03:05:00
2025-05-15 03:10:00,-2326.33,2025-05-15 03:10:00
2025-05-15 03:15:00,-2326.332,2025-05-15 03:15:00
2025-05-15 03:20:00,-2326.332,2025-05-15 03:20:00
2025-05-15 03:25:00,-2326.334,2025-05-15 03:25:00
2025-05-15 03:30:00,-2326.335,2025-05-15 03:30:00
2025-05-15 03:35:00,-2326.337,2025-05-15 03:35:00
2025-05-15 03:40:00,-2326.337,2025-05-15 03:40:00
2025-05-15 03:45:00,-2326.412,2025-05-15 03:45:00
2025-05-15 03:50:00,-2326.345,2025-05-15 03:50:00
2025-05-15 03:55:00,-2326.354,2025-05-15 03:55:00
2025-05-15 04:00:00,-2326.342,2025-05-15 04:00:00
2025-05-15 04:05:00,-2326.384,2025-05-15 04:05:00
2025-05-15 04:10:00,-2326.423,2025-05-15 04:10:00
2025-05-15 04:15:00,-2326.343,2025-05-15 04:15:00
2025-05-15 04:20:00,-2326.363,2025-05-15 04:20:00
2025-05-15 04:25:00,-2326.338,2025-05-15 04:25:00
2025-05-15 04:30:00,-2326.338,2025-05-15 04:30:00
2025-05-15 04:35:00,-2326.336,2025-05-15 04:35:00
2025-05-15 04:40:00,-2326.343,2025-05-15 04:40:00
2025-05-15 04:45:00,-2326.339,2025-05-15 04:45:00
2025-05-15 04:50:00,-2326.333,2025-05-15 04:50:00
2025-05-15 04:55:00,-2326.332,2025-05-15 04:55:00
2025-05-15 05:00:00,-2326.33,2025-05-15 05:00:00
2025-05-15 05:05:00,-2326.33,2025-05-15 05:05:00
2025-05-15 05:10:00,-2326.329,2025-05-15 05:10:00
2025-05-15 05:15:00,-2326.329,2025-05-15 05:15:00
2025-05-15 05:20:00,-2326.327,2025-05-15 05:20:00
2025-05-15 05:25:00,-2326.325,2025-05-15 05:25:00
2025-05-15 05:30:00,-2326.326,2025-05-15 05:30:00
2025-05-15 05:35:00,-2326.318,2025-05-15 05:35:00
2025-05-15 05:40:00,-2326.325,2025-05-15 05:40:00
2025-05-15 05:45:00,-2326.325,2025-05-15 05:45:00
2025-05-15 05:50:00,-2326.323,2025-05-15 05:50:00
2025-05-15 05:55:00,-2326.324,2025-05-15 05:55:00
2025-05-15 06:00:00,0.0,2025-05-15 06:00:00
2025-05-15 06:05:00,0.0,2025-05-15 06:05:00
2025-05-15 06:10:00,0.0,2025-05-15 06:10:00
2025-05-15 06:15:00,0.0,2025-05-15 06:15:00
2025-05-15 06:20:00,0.0,2025-05-15 06:20:00
2025-05-15 06:25:00,0.0,2025-05-15 06:25:00
2025-05-15 06:30:00,0.0,2025-05-15 06:30:00
2025-05-15 06:35:00,0.0,2025-05-15 06:35:00
2025-05-15 06:40:00,0.0,2025-05-15 06:40:00
2025-05-15 06:45:00,0.0,2025-05-15 06:45:00
2025-05-15 06:50:00,0.0,2025-05-15 06:50:00
2025-05-15 06:55:00,0.0,2025-05-15 06:55:00
2025-05-15 07:00:00,0.0,2025-05-15 07:00:00
2025-05-15 07:05:00,0.0,2025-05-15 07:05:00
2025-05-15 07:10:00,0.0,2025-05-15 07:10:00
2025-05-15 07:15:00,0.0,2025-05-15 07:15:00
2025-05-15 07:20:00,0.0,2025-05-15 07:20:00
2025-05-15 07:25:00,0.0,2025-05-15 07:25:00
2025-05-15 07:30:00,0.0,2025-05-15 07:30:00
2025-05-15 07:35:00,0.0,2025-05-15 07:35:00
2025-05-15 07:40:00,0.0,2025-05-15 07:40:00
2025-05-15 07:45:00,0.0,2025-05-15 07:45:00
2025-05-15 07:50:00,0.0,2025-05-15 07:50:00
2025-05-15 07:55:00,0.0,2025-05-15 07:55:00
2025-05-15 08:00:00,9000.0,2025-05-15 08:00:00
2025-05-15 08:05:00,9000.0,2025-05-15 08:05:00
2025-05-15 08:10:00,9000.0,2025-05-15 08:10:00
2025-05-15 08:15:00,9000.0,2025-05-15 08:15:00
2025-05-15 08:20:00,9000.0,2025-05-15 08:20:00
2025-05-15 08:25:00,9000.0,2025-05-15 08:25:00
2025-05-15 08:30:00,9000.0,2025-05-15 08:30:00
2025-05-15 08:35:00,9000.0,2025-05-15 08:35:00
2025-05-15 08:40:00,9000.0,2025-05-15 08:40:00
2025-05-15 08:45:00,9000.0,2025-05-15 08:45:00
2025-05-15 08:50:00,9000.0,2025-05-15 08:50:00
2025-05-15 08:55:00,9000.0,2025-05-15 08:55:00
2025-05-15 09:00:00,9000.0,2025-05-15 09:00:00
2025-05-15 09:05:00,9000.0,2025-05-15 09:05:00
2025-05-15 09:10:00,9000.0,2025-05-15 09:10:00
2025-05-15 09:15:00,9000.0,2025-05-15 09:15:00
2025-05-15 09:20:00,9000.0,2025-05-15 09:20:00
2025-05-15 09:25:00,9000.0,2025-05-15 09:25:00
2025-05-15 09:30:00,9000.0,2025-05-15 09:30:00
2025-05-15 09:35:00,9000.0,2025-05-15 09:35:00
2025-05-15 09:40:00,8999.999,2025-05-15 09:40:00
2025-05-15 09:45:00,5939.999,2025-05-15 09:45:00
2025-05-15 09:50:00,0.0,2025-05-15 09:50:00
2025-05-15 09:55:00,0.0,2025-05-15 09:55:00
2025-05-15 10:00:00,0.0,2025-05-15 10:00:00
2025-05-15 10:05:00,0.0,2025-05-15 10:05:00
2025-05-15 10:10:00,0.0,2025-05-15 10:10:00
2025-05-15 10:15:00,0.0,2025-05-15 10:15:00
2025-05-15 10:20:00,0.0,2025-05-15 10:20:00
2025-05-15 10:25:00,0.0,2025-05-15 10:25:00
2025-05-15 10:30:00,0.0,2025-05-15 10:30:00
2025-05-15 10:35:00,0.0,2025-05-15 10:35:00
2025-05-15 10:40:00,0.0,2025-05-15 10:40:00
2025-05-15 10:45:00,0.0,2025-05-15 10:45:00
2025-05-15 10:50:00,0.0,2025-05-15 10:50:00
2025-05-15 10:55:00,0.0,2025-05-15 10:55:00
2025-05-15 11:00:00,-2515.729,2025-05-15 11:00:00
2025-05-15 11:05:00,-2395.759,2025-05-15 11:05:00
2025-05-15 11:10:00,-2411.729,2025-05-15 11:10:00
2025-05-15 11:15:00,-2539.729,2025-05-15 11:15:00
2025-05-15 11:20:00,-2507.769,2025-05-15 11:20:00
2025-05-15 11:25:00,-2531.719,2025-05-15 11:25:00
2025-05-15 11:30:00,-2447.709,2025-05-15 11:30:00
2025-05-15 11:35:00,-2503.739,2025-05-15 11:35:00
2025-05-15 11:40:00,-2583.749,2025-05-15 11:40:00
2025-05-15 11:45:00,-2531.719,2025-05-15 11:45:00
2025-05-15 11:50:00,-2531.779,2025-05-15 11:50:00
2025-05-15 11:55:00,-2563.739,2025-05-15 11:55:00
2025-05-15 12:00:00,-2571.759,2025-05-15 12:00:00
2025-05-15 12:05:00,-2523.739,2025-05-15 12:05:00
2025-05-15 12:10:00,-2607.719,2025-05-15 12:10:00
2025-05-15 12:15:00,-2511.719,2025-05-15 12:15:00
2025-05-15 12:20:00,-2571.779,2025-05-15 12:20:00
2025-05-15 12:25:00,-2607.729,2025-05-15 12:25:00
2025-05-15 12:30:00,-2579.749,2025-05-15 12:30:00
2025-05-15 12:35:00,-2567.749,2025-05-15 12:35:00
2025-05-15 12:40:00,-2463.749,2025-05-15 12:40:00
2025-05-15 12:45:00,-2499.739,2025-05-15 12:45:00
2025-05-15 12:50:00,-2515.739,2025-05-15 12:50:00
2025-05-15 12:55:00,-2491.729,2025-05-15 12:55:00
2025-05-15 13:00:00,-2503.759,2025-05-15 13:00:00
2025-05-15 13:05:00,-2423.759,2025-05-15 13:05:00
2025-05-15 13:10:00,-2395.739,2025-05-15 13:10:00
2025-05-15 13:15:00,-2391.749,2025-05-15 13:15:00
2025-05-15 13:20:00,-2491.749,2025-05-15 13:20:00
2025-05-15 13:25:00,-2463.779,2025-05-15 13:25:00
2025-05-15 13:30:00,-2439.779,2025-05-15 13:30:00
2025-05-15 13:35:00,-2559.719,2025-05-15 13:35:00
2025-05-15 13:40:00,-2379.749,2025-05-15 13:40:00
2025-05-15 13:45:00,-2331.759,2025-05-15 13:45:00
2025-05-15 13:50:00,-2383.799,2025-05-15 13:50:00
2025-05-15 13:55:00,-2459.749,2025-05-15 13:55:00
2025-05-15 14:00:00,-2451.779,2025-05-15 14:00:00
2025-05-15 14:05:00,-2307.729,2025-05-15 14:05:00
2025-05-15 14:10:00,-2599.759,2025-05-15 14:10:00
2025-05-15 14:15:00,-2675.749,2025-05-15 14:15:00
2025-05-15 14:20:00,-2607.719,2025-05-15 14:20:00
2025-05-15 14:25:00,-2675.739,2025-05-15 14:25:00
2025-05-15 14:30:00,-2727.679,2025-05-15 14:30:00
2025-05-15 14:35:00,-2651.749,2025-05-15 14:35:00
2025-05-15 14:40:00,-2703.769,2025-05-15 14:40:00
2025-05-15 14:45:00,-2319.759,2025-05-15 14:45:00
2025-05-15 14:50:00,-2435.749,2025-05-15 14:50:00
2025-05-15 14:55:00,-2355.759,2025-05-15 14:55:00
2025-05-15 15:00:00,-2311.719,2025-05-15 15:00:00
2025-05-15 15:05:00,-2215.729,2025-05-15 15:05:00
2025-05-15 15:10:00,-2267.719,2025-05-15 15:10:00
2025-05-15 15:15:00,-2267.739,2025-05-15 15:15:00
2025-05-15 15:20:00,-2323.769,2025-05-15 15:20:00
2025-05-15 15:25:00,-2423.709,2025-05-15 15:25:00
2025-05-15 15:30:00,-2291.759,2025-05-15 15:30:00
2025-05-15 15:35:00,-2343.739,2025-05-15 15:35:00
2025-05-15 15:40:00,-2231.739,2025-05-15 15:40:00
2025-05-15 15:45:00,-2467.759,2025-05-15 15:45:00
2025-05-15 15:50:00,-2379.729,2025-05-15 15:50:00
2025-05-15 15:55:00,-2415.749,2025-05-15 15:55:00
2025-05-15 16:00:00,-2279.769,2025-05-15 16:00:00
2025-05-15 16:05:00,-2347.779,2025-05-15 16:05:00
2025-05-15 16:10:00,-2303.759,2025-05-15 16:10:00
2025-05-15 16:15:00,-2287.759,2025-05-15 16:15:00
2025-05-15 16:20:00,-2251.759,2025-05-15 16:20:00
2025-05-15 16:25:00,-2423.749,2025-05-15 16:25:00
2025-05-15 16:30:00,-2239.719,2025-05-15 16:30:00
2025-05-15 16:35:00,-2299.739,2025-05-15 16:35:00
2025-05-15 16:40:00,-2247.719,2025-05-15 16:40:00
2025-05-15 16:45:00,-2339.749,2025-05-15 16:45:00
2025-05-15 16:50:00,-2539.729,2025-05-15 16:50:00
2025-05-15 16:55:00,-2243.719,2025-05-15 16:55:00
2025-05-15 17:00:00,-2311.739,2025-05-15 17:00:00
2025-05-15 17:05:00,-2027.759,2025-05-15 17:05:00
2025-05-15 17:10:00,-2175.719,2025-05-15 17:10:00
2025-05-15 17:15:00,-2115.759,2025-05-15 17:15:00
2025-05-15 17:20:00,-2055.739,2025-05-15 17:20:00
2025-05-15 17:25:00,-2211.719,2025-05-15 17:25:00
2025-05-15 17:30:00,-2131.739,2025-05-15 17:30:00
2025-05-15 17:35:00,-2155.739,2025-05-15 17:35:00
2025-05-15 17:40:00,-2383.699,2025-05-15 17:40:00
2025-05-15 17:45:00,-2387.769,2025-05-15 17:45:00
2025-05-15 17:50:00,-2443.749,2025-05-15 17:50:00
2025-05-15 17:55:00,-2283.739,2025-05-15 17:55:00
2025-05-15 18:00:00,9000.0,2025-05-15 18:00:00
2025-05-15 18:05:00,9000.0,2025-05-15 18:05:00
2025-05-15 18:10:00,9000.0,2025-05-15 18:10:00
2025-05-15 18:15:00,9000.0,2025-05-15 18:15:00
2025-05-15 18:20:00,9000.0,2025-05-15 18:20:00
2025-05-15 18:25:00,9000.0,2025-05-15 18:25:00
2025-05-15 18:30:00,9000.0,2025-05-15 18:30:00
2025-05-15 18:35:00,9000.0,2025-05-15 18:35:00
2025-05-15 18:40:00,9000.0,2025-05-15 18:40:00
2025-05-15 18:45:00,9000.0,2025-05-15 18:45:00
2025-05-15 18:50:00,9000.0,2025-05-15 18:50:00
2025-05-15 18:55:00,9000.0,2025-05-15 18:55:00
2025-05-15 19:00:00,9000.0,2025-05-15 19:00:00
2025-05-15 19:05:00,9000.0,2025-05-15 19:05:00
2025-05-15 19:10:00,9000.0,2025-05-15 19:10:00
2025-05-15 19:15:00,9000.0,2025-05-15 19:15:00
2025-05-15 19:20:00,9000.0,2025-05-15 19:20:00
2025-05-15 19:25:00,9000.0,2025-05-15 19:25:00
2025-05-15 19:30:00,8999.999,2025-05-15 19:30:00
2025-05-15 19:35:00,6200.425,2025-05-15 19:35:00
2025-05-15 19:40:00,0.0,2025-05-15 19:40:00
2025-05-15 19:45:00,0.0,2025-05-15 19:45:00
2025-05-15 19:50:00,0.0,2025-05-15 19:50:00
2025-05-15 19:55:00,0.0,2025-05-15 19:55:00
2025-05-15 20:00:00,0.0,2025-05-15 20:00:00
2025-05-15 20:05:00,0.0,2025-05-15 20:05:00
2025-05-15 20:10:00,0.0,2025-05-15 20:10:00
2025-05-15 20:15:00,0.0,2025-05-15 20:15:00
2025-05-15 20:20:00,0.0,2025-05-15 20:20:00
2025-05-15 20:25:00,0.0,2025-05-15 20:25:00
2025-05-15 20:30:00,0.0,2025-05-15 20:30:00
2025-05-15 20:35:00,0.0,2025-05-15 20:35:00
2025-05-15 20:40:00,0.0,2025-05-15 20:40:00
2025-05-15 20:45:00,0.0,2025-05-15 20:45:00
2025-05-15 20:50:00,0.0,2025-05-15 20:50:00
2025-05-15 20:55:00,0.0,2025-05-15 20:55:00
2025-05-15 21:00:00,0.0,2025-05-15 21:00:00
2025-05-15 21:05:00,0.0,2025-05-15 21:05:00
2025-05-15 21:10:00,0.0,2025-05-15 21:10:00
2025-05-15 21:15:00,0.0,2025-05-15 21:15:00
2025-05-15 21:20:00,0.0,2025-05-15 21:20:00
2025-05-15 21:25:00,0.0,2025-05-15 21:25:00
2025-05-15 21:30:00,0.0,2025-05-15 21:30:00
2025-05-15 21:35:00,0.0,2025-05-15 21:35:00
2025-05-15 21:40:00,0.0,2025-05-15 21:40:00
2025-05-15 21:45:00,0.0,2025-05-15 21:45:00
2025-05-15 21:50:00,0.0,2025-05-15 21:50:00
2025-05-15 21:55:00,0.0,2025-05-15 21:55:00
2025-05-15 22:00:00,-2395.739,2025-05-15 22:00:00
2025-05-15 22:05:00,-2319.759,2025-05-15 22:05:00
2025-05-15 22:10:00,-2399.749,2025-05-15 22:10:00
2025-05-15 22:15:00,-2395.789,2025-05-15 22:15:00
2025-05-15 22:20:00,-2351.719,2025-05-15 22:20:00
2025-05-15 22:25:00,-2259.709,2025-05-15 22:25:00
2025-05-15 22:30:00,-2251.729,2025-05-15 22:30:00
2025-05-15 22:35:00,-2191.749,2025-05-15 22:35:00
2025-05-15 22:40:00,-2243.769,2025-05-15 22:40:00
2025-05-15 22:45:00,-2199.739,2025-05-15 22:45:00
2025-05-15 22:50:00,-2199.759,2025-05-15 22:50:00
2025-05-15 22:55:00,-2295.749,2025-05-15 22:55:00
2025-05-15 23:00:00,-2331.719,2025-05-15 23:00:00
2025-05-15 23:05:00,-2491.729,2025-05-15 23:05:00
2025-05-15 23:10:00,-2335.739,2025-05-15 23:10:00
2025-05-15 23:15:00,-2343.739,2025-05-15 23:15:00
2025-05-15 23:20:00,-2339.739,2025-05-15 23:20:00
2025-05-15 23:25:00,-2435.759,2025-05-15 23:25:00
2025-05-15 23:30:00,-2459.729,2025-05-15 23:30:00
2025-05-15 23:35:00,-2423.739,2025-05-15 23:35:00
2025-05-15 23:40:00,-2447.729,2025-05-15 23:40:00
2025-05-15 23:45:00,-2363.739,2025-05-15 23:45:00
2025-05-15 23:50:00,-2443.749,2025-05-15 23:50:00
2025-05-15 23:55:00,-2311.789,2025-05-15 23:55:00
2025-05-16 00:00:00,-2315.739,2025-05-16 00:00:00
2025-05-16 00:05:00,-2383.769,2025-05-16 00:05:00
2025-05-16 00:10:00,-2451.759,2025-05-16 00:10:00
2025-05-16 00:15:00,-2283.729,2025-05-16 00:15:00
2025-05-16 00:20:00,-2331.749,2025-05-16 00:20:00
2025-05-16 00:25:00,-2327.729,2025-05-16 00:25:00
2025-05-16 00:30:00,-2315.739,2025-05-16 00:30:00
2025-05-16 00:35:00,-2323.729,2025-05-16 00:35:00
2025-05-16 00:40:00,-2387.759,2025-05-16 00:40:00
2025-05-16 00:45:00,-2399.749,2025-05-16 00:45:00
2025-05-16 00:50:00,-2347.759,2025-05-16 00:50:00
2025-05-16 00:55:00,-2259.759,2025-05-16 00:55:00
2025-05-16 01:00:00,-2367.749,2025-05-16 01:00:00
2025-05-16 01:05:00,-2431.669,2025-05-16 01:05:00
2025-05-16 01:10:00,-2367.739,2025-05-16 01:10:00
2025-05-16 01:15:00,-2423.729,2025-05-16 01:15:00
2025-05-16 01:20:00,-2315.749,2025-05-16 01:20:00
2025-05-16 01:25:00,-2463.719,2025-05-16 01:25:00
2025-05-16 01:30:00,-2499.749,2025-05-16 01:30:00
2025-05-16 01:35:00,-2391.769,2025-05-16 01:35:00
2025-05-16 01:40:00,-2319.729,2025-05-16 01:40:00
2025-05-16 01:45:00,-2251.779,2025-05-16 01:45:00
2025-05-16 01:50:00,-2227.729,2025-05-16 01:50:00
2025-05-16 01:55:00,-2279.709,2025-05-16 01:55:00
2025-05-16 02:00:00,-2131.739,2025-05-16 02:00:00
2025-05-16 02:05:00,-2183.719,2025-05-16 02:05:00
2025-05-16 02:10:00,-2239.739,2025-05-16 02:10:00
2025-05-16 02:15:00,-2103.749,2025-05-16 02:15:00
2025-05-16 02:20:00,-2207.769,2025-05-16 02:20:00
2025-05-16 02:25:00,-2195.739,2025-05-16 02:25:00
2025-05-16 02:30:00,-2251.739,2025-05-16 02:30:00
2025-05-16 02:35:00,-2251.709,2025-05-16 02:35:00
2025-05-16 02:40:00,-2227.749,2025-05-16 02:40:00
2025-05-16 02:45:00,-2231.709,2025-05-16 02:45:00
2025-05-16 02:50:00,-2247.749,2025-05-16 02:50:00
2025-05-16 02:55:00,-2171.749,2025-05-16 02:55:00
2025-05-16 03:00:00,-2315.749,2025-05-16 03:00:00
2025-05-16 03:05:00,-2227.749,2025-05-16 03:05:00
2025-05-16 03:10:00,-2299.749,2025-05-16 03:10:00
2025-05-16 03:15:00,-2167.769,2025-05-16 03:15:00
2025-05-16 03:20:00,-2347.729,2025-05-16 03:20:00
2025-05-16 03:25:00,-2159.739,2025-05-16 03:25:00
2025-05-16 03:30:00,-2127.729,2025-05-16 03:30:00
2025-05-16 03:35:00,-2275.739,2025-05-16 03:35:00
2025-05-16 03:40:00,-2255.759,2025-05-16 03:40:00
2025-05-16 03:45:00,-2203.709,2025-05-16 03:45:00
2025-05-16 03:50:00,-2351.749,2025-05-16 03:50:00
2025-05-16 03:55:00,-2231.719,2025-05-16 03:55:00
2025-05-16 04:00:00,-2211.669,2025-05-16 04:00:00
2025-05-16 04:05:00,-2263.759,2025-05-16 04:05:00
2025-05-16 04:10:00,-2191.749,2025-05-16 04:10:00
2025-05-16 04:15:00,-2339.719,2025-05-16 04:15:00
2025-05-16 04:20:00,-2355.739,2025-05-16 04:20:00
2025-05-16 04:25:00,-2223.769,2025-05-16 04:25:00
2025-05-16 04:30:00,-2231.759,2025-05-16 04:30:00
2025-05-16 04:35:00,-2239.779,2025-05-16 04:35:00
2025-05-16 04:40:00,-2311.779,2025-05-16 04:40:00
2025-05-16 04:45:00,-2307.729,2025-05-16 04:45:00
2025-05-16 04:50:00,-2203.719,2025-05-16 04:50:00
2025-05-16 04:55:00,-2279.769,2025-05-16 04:55:00
2025-05-16 05:00:00,-2339.739,2025-05-16 05:00:00
2025-05-16 05:05:00,-2431.759,2025-05-16 05:05:00
2025-05-16 05:10:00,-2251.769,2025-05-16 05:10:00
2025-05-16 05:15:00,-2183.739,2025-05-16 05:15:00
2025-05-16 05:20:00,-2303.689,2025-05-16 05:20:00
2025-05-16 05:25:00,-2299.739,2025-05-16 05:25:00
2025-05-16 05:30:00,-2175.699,2025-05-16 05:30:00
2025-05-16 05:35:00,-2299.749,2025-05-16 05:35:00
2025-05-16 05:40:00,-2331.729,2025-05-16 05:40:00
2025-05-16 05:45:00,-2143.749,2025-05-16 05:45:00
2025-05-16 05:50:00,-2191.719,2025-05-16 05:50:00
2025-05-16 05:55:00,-2255.759,2025-05-16 05:55:00
2025-05-16 06:00:00,-106.693,2025-05-16 06:00:00
2025-05-16 06:05:00,-106.694,2025-05-16 06:05:00
2025-05-16 06:10:00,-106.693,2025-05-16 06:10:00
2025-05-16 06:15:00,-106.693,2025-05-16 06:15:00
2025-05-16 06:20:00,-106.692,2025-05-16 06:20:00
2025-05-16 06:25:00,-106.692,2025-05-16 06:25:00
2025-05-16 06:30:00,-106.692,2025-05-16 06:30:00
2025-05-16 06:35:00,-106.691,2025-05-16 06:35:00
2025-05-16 06:40:00,-106.69,2025-05-16 06:40:00
2025-05-16 06:45:00,-106.689,2025-05-16 06:45:00
2025-05-16 06:50:00,-106.689,2025-05-16 06:50:00
2025-05-16 06:55:00,-106.688,2025-05-16 06:55:00
2025-05-16 07:00:00,-106.689,2025-05-16 07:00:00
2025-05-16 07:05:00,-106.687,2025-05-16 07:05:00
2025-05-16 07:10:00,-106.686,2025-05-16 07:10:00
2025-05-16 07:15:00,-106.685,2025-05-16 07:15:00
2025-05-16 07:20:00,-106.684,2025-05-16 07:20:00
2025-05-16 07:25:00,-106.681,2025-05-16 07:25:00
2025-05-16 07:30:00,-106.676,2025-05-16 07:30:00
2025-05-16 07:35:00,-106.667,2025-05-16 07:35:00
2025-05-16 07:40:00,-106.652,2025-05-16 07:40:00
2025-05-16 07:45:00,-106.635,2025-05-16 07:45:00
2025-05-16 07:50:00,-106.622,2025-05-16 07:50:00
2025-05-16 07:55:00,-106.635,2025-05-16 07:55:00
2025-05-16 08:00:00,9000.0,2025-05-16 08:00:00
2025-05-16 08:05:00,9000.0,2025-05-16 08:05:00
2025-05-16 08:10:00,9000.0,2025-05-16 08:10:00
2025-05-16 08:15:00,9000.0,2025-05-16 08:15:00
2025-05-16 08:20:00,9000.0,2025-05-16 08:20:00
2025-05-16 08:25:00,9000.0,2025-05-16 08:25:00
2025-05-16 08:30:00,9000.0,2025-05-16 08:30:00
2025-05-16 08:35:00,9000.0,2025-05-16 08:35:00
2025-05-16 08:40:00,9000.0,2025-05-16 08:40:00
2025-05-16 08:45:00,9000.0,2025-05-16 08:45:00
2025-05-16 08:50:00,9000.0,2025-05-16 08:50:00
2025-05-16 08:55:00,9000.0,2025-05-16 08:55:00
2025-05-16 09:00:00,9000.0,2025-05-16 09:00:00
2025-05-16 09:05:00,9000.0,2025-05-16 09:05:00
2025-05-16 09:10:00,9000.0,2025-05-16 09:10:00
2025-05-16 09:15:00,9000.0,2025-05-16 09:15:00
2025-05-16 09:20:00,9000.0,2025-05-16 09:20:00
2025-05-16 09:25:00,9000.0,2025-05-16 09:25:00
2025-05-16 09:30:00,9000.0,2025-05-16 09:30:00
2025-05-16 09:35:00,9000.0,2025-05-16 09:35:00
2025-05-16 09:40:00,9000.0,2025-05-16 09:40:00
2025-05-16 09:45:00,5940.0,2025-05-16 09:45:00
2025-05-16 09:50:00,0.0,2025-05-16 09:50:00
2025-05-16 09:55:00,0.0,2025-05-16 09:55:00
2025-05-16 10:00:00,0.0,2025-05-16 10:00:00
2025-05-16 10:05:00,0.0,2025-05-16 10:05:00
2025-05-16 10:10:00,0.0,2025-05-16 10:10:00
2025-05-16 10:15:00,0.0,2025-05-16 10:15:00
2025-05-16 10:20:00,0.0,2025-05-16 10:20:00
2025-05-16 10:25:00,0.0,2025-05-16 10:25:00
2025-05-16 10:30:00,0.0,2025-05-16 10:30:00
2025-05-16 10:35:00,0.0,2025-05-16 10:35:00
2025-05-16 10:40:00,0.0,2025-05-16 10:40:00
2025-05-16 10:45:00,0.0,2025-05-16 10:45:00
2025-05-16 10:50:00,0.0,2025-05-16 10:50:00
2025-05-16 10:55:00,0.0,2025-05-16 10:55:00
2025-05-16 11:00:00,-2403.769,2025-05-16 11:00:00
2025-05-16 11:05:00,-2259.749,2025-05-16 11:05:00
2025-05-16 11:10:00,-2399.749,2025-05-16 11:10:00
2025-05-16 11:15:00,-2335.739,2025-05-16 11:15:00
2025-05-16 11:20:00,-2443.699,2025-05-16 11:20:00
2025-05-16 11:25:00,-2251.729,2025-05-16 11:25:00
2025-05-16 11:30:00,-2403.759,2025-05-16 11:30:00
2025-05-16 11:35:00,-2355.739,2025-05-16 11:35:00
2025-05-16 11:40:00,-2323.709,2025-05-16 11:40:00
2025-05-16 11:45:00,-2399.759,2025-05-16 11:45:00
2025-05-16 11:50:00,-2423.729,2025-05-16 11:50:00
2025-05-16 11:55:00,-2227.779,2025-05-16 11:55:00
2025-05-16 12:00:00,-2247.709,2025-05-16 12:00:00
2025-05-16 12:05:00,-2179.719,2025-05-16 12:05:00
2025-05-16 12:10:00,-2115.759,2025-05-16 12:10:00
2025-05-16 12:15:00,-2267.749,2025-05-16 12:15:00
2025-05-16 12:20:00,-2255.749,2025-05-16 12:20:00
2025-05-16 12:25:00,-2379.749,2025-05-16 12:25:00
2025-05-16 12:30:00,-2343.739,2025-05-16 12:30:00
2025-05-16 12:35:00,-2419.759,2025-05-16 12:35:00
2025-05-16 12:40:00,-2319.739,2025-05-16 12:40:00
2025-05-16 12:45:00,-2399.729,2025-05-16 12:45:00
2025-05-16 12:50:00,-2359.749,2025-05-16 12:50:00
2025-05-16 12:55:00,-2347.739,2025-05-16 12:55:00
2025-05-16 13:00:00,-2339.719,2025-05-16 13:00:00
2025-05-16 13:05:00,-2463.719,2025-05-16 13:05:00
2025-05-16 13:10:00,-2307.739,2025-05-16 13:10:00
2025-05-16 13:15:00,-2347.729,2025-05-16 13:15:00
2025-05-16 13:20:00,-2539.739,2025-05-16 13:20:00
2025-05-16 13:25:00,-2495.719,2025-05-16 13:25:00
2025-05-16 13:30:00,-2467.719,2025-05-16 13:30:00
2025-05-16 13:35:00,-2531.749,2025-05-16 13:35:00
2025-05-16 13:40:00,-2615.769,2025-05-16 13:40:00
2025-05-16 13:45:00,-2555.749,2025-05-16 13:45:00
2025-05-16 13:50:00,-2459.749,2025-05-16 13:50:00
2025-05-16 13:55:00,-2487.749,2025-05-16 13:55:00
2025-05-16 14:00:00,-2623.769,2025-05-16 14:00:00
2025-05-16 14:05:00,-2559.749,2025-05-16 14:05:00
2025-05-16 14:10:00,-2691.739,2025-05-16 14:10:00
2025-05-16 14:15:00,-2563.739,2025-05-16 14:15:00
2025-05-16 14:20:00,-2635.769,2025-05-16 14:20:00
2025-05-16 14:25:00,-2575.739,2025-05-16 14:25:00
2025-05-16 14:30:00,-2711.729,2025-05-16 14:30:00
2025-05-16 14:35:00,-2599.739,2025-05-16 14:35:00
2025-05-16 14:40:00,-2643.759,2025-05-16 14:40:00
2025-05-16 14:45:00,-2487.749,2025-05-16 14:45:00
2025-05-16 14:50:00,-2451.699,2025-05-16 14:50:00
2025-05-16 14:55:00,-2387.739,2025-05-16 14:55:00
2025-05-16 15:00:00,-2363.749,2025-05-16 15:00:00
2025-05-16 15:05:00,-2551.739,2025-05-16 15:05:00
2025-05-16 15:10:00,-2483.739,2025-05-16 15:10:00
2025-05-16 15:15:00,-2295.749,2025-05-16 15:15:00
2025-05-16 15:20:00,-2367.769,2025-05-16 15:20:00
2025-05-16 15:25:00,-2395.719,2025-05-16 15:25:00
2025-05-16 15:30:00,-2423.719,2025-05-16 15:30:00
2025-05-16 15:35:00,-2403.749,2025-05-16 15:35:00
2025-05-16 15:40:00,-2339.749,2025-05-16 15:40:00
2025-05-16 15:45:00,-2403.739,2025-05-16 15:45:00
2025-05-16 15:50:00,-2483.719,2025-05-16 15:50:00
2025-05-16 15:55:00,-2511.739,2025-05-16 15:55:00
2025-05-16 16:00:00,-2375.759,2025-05-16 16:00:00
2025-05-16 16:05:00,-2275.729,2025-05-16 16:05:00
2025-05-16 16:10:00,-2399.769,2025-05-16 16:10:00
2025-05-16 16:15:00,-2447.699,2025-05-16 16:15:00
2025-05-16 16:20:00,-2443.759,2025-05-16 16:20:00
2025-05-16 16:25:00,-2363.759,2025-05-16 16:25:00
2025-05-16 16:30:00,-2367.749,2025-05-16 16:30:00
2025-05-16 16:35:00,-2343.759,2025-05-16 16:35:00
2025-05-16 16:40:00,-2363.749,2025-05-16 16:40:00
2025-05-16 16:45:00,-2503.749,2025-05-16 16:45:00
2025-05-16 16:50:00,-2451.719,2025-05-16 16:50:00
2025-05-16 16:55:00,-2363.759,2025-05-16 16:55:00
2025-05-16 17:00:00,-2363.709,2025-05-16 17:00:00
2025-05-16 17:05:00,-2359.749,2025-05-16 17:05:00
2025-05-16 17:10:00,-2355.739,2025-05-16 17:10:00
2025-05-16 17:15:00,-2675.719,2025-05-16 17:15:00
2025-05-16 17:20:00,-2339.739,2025-05-16 17:20:00
2025-05-16 17:25:00,-2467.729,2025-05-16 17:25:00
2025-05-16 17:30:00,-2427.779,2025-05-16 17:30:00
2025-05-16 17:35:00,-2463.769,2025-05-16 17:35:00
2025-05-16 17:40:00,-2299.729,2025-05-16 17:40:00
2025-05-16 17:45:00,-2703.779,2025-05-16 17:45:00
2025-05-16 17:50:00,-2607.729,2025-05-16 17:50:00
2025-05-16 17:55:00,-2623.729,2025-05-16 17:55:00
2025-05-16 18:00:00,9000.0,2025-05-16 18:00:00
2025-05-16 18:05:00,9000.0,2025-05-16 18:05:00
2025-05-16 18:10:00,9000.0,2025-05-16 18:10:00
2025-05-16 18:15:00,9000.0,2025-05-16 18:15:00
2025-05-16 18:20:00,9000.0,2025-05-16 18:20:00
2025-05-16 18:25:00,9000.0,2025-05-16 18:25:00
2025-05-16 18:30:00,9000.0,2025-05-16 18:30:00
2025-05-16 18:35:00,9000.0,2025-05-16 18:35:00
2025-05-16 18:40:00,9000.0,2025-05-16 18:40:00
2025-05-16 18:45:00,9000.0,2025-05-16 18:45:00
2025-05-16 18:50:00,9000.0,2025-05-16 18:50:00
2025-05-16 18:55:00,9000.0,2025-05-16 18:55:00
2025-05-16 19:00:00,9000.0,2025-05-16 19:00:00
2025-05-16 19:05:00,9000.0,2025-05-16 19:05:00
2025-05-16 19:10:00,9000.0,2025-05-16 19:10:00
2025-05-16 19:15:00,9000.0,2025-05-16 19:15:00
2025-05-16 19:20:00,9000.0,2025-05-16 19:20:00
2025-05-16 19:25:00,9000.0,2025-05-16 19:25:00
2025-05-16 19:30:00,9000.0,2025-05-16 19:30:00
2025-05-16 19:35:00,7144.197,2025-05-16 19:35:00
2025-05-16 19:40:00,0.0,2025-05-16 19:40:00
2025-05-16 19:45:00,0.0,2025-05-16 19:45:00
2025-05-16 19:50:00,0.0,2025-05-16 19:50:00
2025-05-16 19:55:00,0.0,2025-05-16 19:55:00
2025-05-16 20:00:00,0.0,2025-05-16 20:00:00
2025-05-16 20:05:00,0.0,2025-05-16 20:05:00
2025-05-16 20:10:00,0.0,2025-05-16 20:10:00
2025-05-16 20:15:00,0.0,2025-05-16 20:15:00
2025-05-16 20:20:00,0.0,2025-05-16 20:20:00
2025-05-16 20:25:00,0.0,2025-05-16 20:25:00
2025-05-16 20:30:00,0.0,2025-05-16 20:30:00
2025-05-16 20:35:00,0.0,2025-05-16 20:35:00
2025-05-16 20:40:00,0.0,2025-05-16 20:40:00
2025-05-16 20:45:00,0.0,2025-05-16 20:45:00
2025-05-16 20:50:00,0.0,2025-05-16 20:50:00
2025-05-16 20:55:00,0.0,2025-05-16 20:55:00
2025-05-16 21:00:00,0.0,2025-05-16 21:00:00
2025-05-16 21:05:00,0.0,2025-05-16 21:05:00
2025-05-16 21:10:00,0.0,2025-05-16 21:10:00
2025-05-16 21:15:00,0.0,2025-05-16 21:15:00
2025-05-16 21:20:00,0.0,2025-05-16 21:20:00
2025-05-16 21:25:00,0.0,2025-05-16 21:25:00
2025-05-16 21:30:00,0.0,2025-05-16 21:30:00
2025-05-16 21:35:00,0.0,2025-05-16 21:35:00
2025-05-16 21:40:00,0.0,2025-05-16 21:40:00
2025-05-16 21:45:00,0.0,2025-05-16 21:45:00
2025-05-16 21:50:00,0.0,2025-05-16 21:50:00
2025-05-16 21:55:00,0.0,2025-05-16 21:55:00
2025-05-16 22:00:00,-1012.382,2025-05-16 22:00:00
2025-05-16 22:05:00,-1012.395,2025-05-16 22:05:00
2025-05-16 22:10:00,-1012.404,2025-05-16 22:10:00
2025-05-16 22:15:00,-1012.407,2025-05-16 22:15:00
2025-05-16 22:20:00,-1012.411,2025-05-16 22:20:00
2025-05-16 22:25:00,-1012.413,2025-05-16 22:25:00
2025-05-16 22:30:00,-1012.416,2025-05-16 22:30:00
2025-05-16 22:35:00,-1012.416,2025-05-16 22:35:00
2025-05-16 22:40:00,-1012.417,2025-05-16 22:40:00
2025-05-16 22:45:00,-1012.419,2025-05-16 22:45:00
2025-05-16 22:50:00,-1012.419,2025-05-16 22:50:00
2025-05-16 22:55:00,-1012.419,2025-05-16 22:55:00
2025-05-16 23:00:00,-1012.42,2025-05-16 23:00:00
2025-05-16 23:05:00,-1012.419,2025-05-16 23:05:00
2025-05-16 23:10:00,-1012.419,2025-05-16 23:10:00
2025-05-16 23:15:00,-1012.418,2025-05-16 23:15:00
2025-05-16 23:20:00,-1012.418,2025-05-16 23:20:00
2025-05-16 23:25:00,-1012.419,2025-05-16 23:25:00
2025-05-16 23:30:00,-1012.418,2025-05-16 23:30:00
2025-05-16 23:35:00,-1012.418,2025-05-16 23:35:00
2025-05-16 23:40:00,-1012.418,2025-05-16 23:40:00
2025-05-16 23:45:00,-1012.417,2025-05-16 23:45:00
2025-05-16 23:50:00,-1012.417,2025-05-16 23:50:00
2025-05-16 23:55:00,-1012.416,2025-05-16 23:55:00
2025-05-17 00:00:00,-2559.759,2025-05-17 00:00:00
2025-05-17 00:05:00,-2471.739,2025-05-17 00:05:00
2025-05-17 00:10:00,-2607.739,2025-05-17 00:10:00
2025-05-17 00:15:00,-2403.759,2025-05-17 00:15:00
2025-05-17 00:20:00,-2527.749,2025-05-17 00:20:00
2025-05-17 00:25:00,-2523.779,2025-05-17 00:25:00
2025-05-17 00:30:00,-2543.729,2025-05-17 00:30:00
2025-05-17 00:35:00,-2535.749,2025-05-17 00:35:00
2025-05-17 00:40:00,-2463.739,2025-05-17 00:40:00
2025-05-17 00:45:00,-2607.759,2025-05-17 00:45:00
2025-05-17 00:50:00,-2535.759,2025-05-17 00:50:00
2025-05-17 00:55:00,-2511.729,2025-05-17 00:55:00
2025-05-17 01:00:00,-2539.759,2025-05-17 01:00:00
2025-05-17 01:05:00,-2539.759,2025-05-17 01:05:00
2025-05-17 01:10:00,-2783.739,2025-05-17 01:10:00
2025-05-17 01:15:00,-2643.759,2025-05-17 01:15:00
2025-05-17 01:20:00,-2419.729,2025-05-17 01:20:00
2025-05-17 01:25:00,-2671.739,2025-05-17 01:25:00
2025-05-17 01:30:00,-2619.739,2025-05-17 01:30:00
2025-05-17 01:35:00,-2707.749,2025-05-17 01:35:00
2025-05-17 01:40:00,-2715.749,2025-05-17 01:40:00
2025-05-17 01:45:00,-2639.759,2025-05-17 01:45:00
2025-05-17 01:50:00,-2583.689,2025-05-17 01:50:00
2025-05-17 01:55:00,-2583.759,2025-05-17 01:55:00
2025-05-17 02:00:00,-2563.729,2025-05-17 02:00:00
2025-05-17 02:05:00,-2655.749,2025-05-17 02:05:00
2025-05-17 02:10:00,-2771.709,2025-05-17 02:10:00
2025-05-17 02:15:00,-2631.779,2025-05-17 02:15:00
2025-05-17 02:20:00,-2711.699,2025-05-17 02:20:00
2025-05-17 02:25:00,-2587.769,2025-05-17 02:25:00
2025-05-17 02:30:00,-2715.769,2025-05-17 02:30:00
2025-05-17 02:35:00,-2695.719,2025-05-17 02:35:00
2025-05-17 02:40:00,-2743.739,2025-05-17 02:40:00
2025-05-17 02:45:00,-2803.759,2025-05-17 02:45:00
2025-05-17 02:50:00,-2707.759,2025-05-17 02:50:00
2025-05-17 02:55:00,-2595.729,2025-05-17 02:55:00
2025-05-17 03:00:00,-2651.779,2025-05-17 03:00:00
2025-05-17 03:05:00,-2599.729,2025-05-17 03:05:00
2025-05-17 03:10:00,-2691.729,2025-05-17 03:10:00
2025-05-17 03:15:00,-2639.769,2025-05-17 03:15:00
2025-05-17 03:20:00,-2731.729,2025-05-17 03:20:00
2025-05-17 03:25:00,-2883.739,2025-05-17 03:25:00
2025-05-17 03:30:00,-2971.729,2025-05-17 03:30:00
2025-05-17 03:35:00,-2875.719,2025-05-17 03:35:00
2025-05-17 03:40:00,-2927.749,2025-05-17 03:40:00
2025-05-17 03:45:00,-2995.759,2025-05-17 03:45:00
2025-05-17 03:50:00,-2915.729,2025-05-17 03:50:00
2025-05-17 03:55:00,-2839.739,2025-05-17 03:55:00
2025-05-17 04:00:00,-2819.749,2025-05-17 04:00:00
2025-05-17 04:05:00,-2991.739,2025-05-17 04:05:00
2025-05-17 04:10:00,-3103.719,2025-05-17 04:10:00
2025-05-17 04:15:00,-2899.719,2025-05-17 04:15:00
2025-05-17 04:20:00,-3015.739,2025-05-17 04:20:00
2025-05-17 04:25:00,-3003.759,2025-05-17 04:25:00
2025-05-17 04:30:00,-2935.749,2025-05-17 04:30:00
2025-05-17 04:35:00,-2975.739,2025-05-17 04:35:00
2025-05-17 04:40:00,-2951.749,2025-05-17 04:40:00
2025-05-17 04:45:00,-2911.749,2025-05-17 04:45:00
2025-05-17 04:50:00,-2947.739,2025-05-17 04:50:00
2025-05-17 04:55:00,-3019.719,2025-05-17 04:55:00
2025-05-17 05:00:00,-2951.759,2025-05-17 05:00:00
2025-05-17 05:05:00,-2907.749,2025-05-17 05:05:00
2025-05-17 05:10:00,-3007.749,2025-05-17 05:10:00
2025-05-17 05:15:00,-2987.749,2025-05-17 05:15:00
2025-05-17 05:20:00,-2871.729,2025-05-17 05:20:00
2025-05-17 05:25:00,-2911.749,2025-05-17 05:25:00
2025-05-17 05:30:00,-3063.729,2025-05-17 05:30:00
2025-05-17 05:35:00,-2999.759,2025-05-17 05:35:00
2025-05-17 05:40:00,-3027.719,2025-05-17 05:40:00
2025-05-17 05:45:00,-2899.769,2025-05-17 05:45:00
2025-05-17 05:50:00,-2983.719,2025-05-17 05:50:00
2025-05-17 05:55:00,-2903.759,2025-05-17 05:55:00
2025-05-17 06:00:00,0.0,2025-05-17 06:00:00
2025-05-17 06:05:00,0.0,2025-05-17 06:05:00
2025-05-17 06:10:00,0.0,2025-05-17 06:10:00
2025-05-17 06:15:00,0.0,2025-05-17 06:15:00
2025-05-17 06:20:00,0.0,2025-05-17 06:20:00
2025-05-17 06:25:00,0.0,2025-05-17 06:25:00
2025-05-17 06:30:00,0.0,2025-05-17 06:30:00
2025-05-17 06:35:00,0.0,2025-05-17 06:35:00
2025-05-17 06:40:00,0.0,2025-05-17 06:40:00
2025-05-17 06:45:00,0.0,2025-05-17 06:45:00
2025-05-17 06:50:00,0.0,2025-05-17 06:50:00
2025-05-17 06:55:00,0.0,2025-05-17 06:55:00
2025-05-17 07:00:00,0.0,2025-05-17 07:00:00
2025-05-17 07:05:00,0.0,2025-05-17 07:05:00
2025-05-17 07:10:00,0.0,2025-05-17 07:10:00
2025-05-17 07:15:00,0.0,2025-05-17 07:15:00
2025-05-17 07:20:00,0.0,2025-05-17 07:20:00
2025-05-17 07:25:00,0.0,2025-05-17 07:25:00
2025-05-17 07:30:00,0.0,2025-05-17 07:30:00
2025-05-17 07:35:00,0.0,2025-05-17 07:35:00
2025-05-17 07:40:00,0.0,2025-05-17 07:40:00
2025-05-17 07:45:00,0.0,2025-05-17 07:45:00
2025-05-17 07:50:00,0.0,2025-05-17 07:50:00
2025-05-17 07:55:00,0.0,2025-05-17 07:55:00
2025-05-17 08:00:00,9000.0,2025-05-17 08:00:00
2025-05-17 08:05:00,9000.0,2025-05-17 08:05:00
2025-05-17 08:10:00,9000.0,2025-05-17 08:10:00
2025-05-17 08:15:00,9000.0,2025-05-17 08:15:00
2025-05-17 08:20:00,9000.0,2025-05-17 08:20:00
2025-05-17 08:25:00,9000.0,2025-05-17 08:25:00
2025-05-17 08:30:00,9000.0,2025-05-17 08:30:00
2025-05-17 08:35:00,9000.0,2025-05-17 08:35:00
2025-05-17 08:40:00,9000.0,2025-05-17 08:40:00
2025-05-17 08:45:00,9000.0,2025-05-17 08:45:00
2025-05-17 08:50:00,9000.0,2025-05-17 08:50:00
2025-05-17 08:55:00,9000.0,2025-05-17 08:55:00
2025-05-17 09:00:00,9000.0,2025-05-17 09:00:00
2025-05-17 09:05:00,9000.0,2025-05-17 09:05:00
2025-05-17 09:10:00,9000.0,2025-05-17 09:10:00
2025-05-17 09:15:00,9000.0,2025-05-17 09:15:00
2025-05-17 09:20:00,8999.999,2025-05-17 09:20:00
2025-05-17 09:25:00,8999.999,2025-05-17 09:25:00
2025-05-17 09:30:00,8999.999,2025-05-17 09:30:00
2025-05-17 09:35:00,8999.999,2025-05-17 09:35:00
2025-05-17 09:40:00,8999.997,2025-05-17 09:40:00
2025-05-17 09:45:00,5939.996,2025-05-17 09:45:00
2025-05-17 09:50:00,0.0,2025-05-17 09:50:00
2025-05-17 09:55:00,0.0,2025-05-17 09:55:00
2025-05-17 10:00:00,0.0,2025-05-17 10:00:00
2025-05-17 10:05:00,0.0,2025-05-17 10:05:00
2025-05-17 10:10:00,0.0,2025-05-17 10:10:00
2025-05-17 10:15:00,0.0,2025-05-17 10:15:00
2025-05-17 10:20:00,0.0,2025-05-17 10:20:00
2025-05-17 10:25:00,0.0,2025-05-17 10:25:00
2025-05-17 10:30:00,0.0,2025-05-17 10:30:00
2025-05-17 10:35:00,0.0,2025-05-17 10:35:00
2025-05-17 10:40:00,0.0,2025-05-17 10:40:00
2025-05-17 10:45:00,0.0,2025-05-17 10:45:00
2025-05-17 10:50:00,0.0,2025-05-17 10:50:00
2025-05-17 10:55:00,0.0,2025-05-17 10:55:00
2025-05-17 11:00:00,-2692.386,2025-05-17 11:00:00
2025-05-17 11:05:00,-2595.7,2025-05-17 11:05:00
2025-05-17 11:10:00,-2691.984,2025-05-17 11:10:00
2025-05-17 11:15:00,-2655.663,2025-05-17 11:15:00
2025-05-17 11:20:00,-2615.724,2025-05-17 11:20:00
2025-05-17 11:25:00,-2559.724,2025-05-17 11:25:00
2025-05-17 11:30:00,-2607.696,2025-05-17 11:30:00
2025-05-17 11:35:00,-2692.39,2025-05-17 11:35:00
2025-05-17 11:40:00,-2689.626,2025-05-17 11:40:00
2025-05-17 11:45:00,-2571.742,2025-05-17 11:45:00
2025-05-17 11:50:00,-2692.381,2025-05-17 11:50:00
2025-05-17 11:55:00,-2692.378,2025-05-17 11:55:00
2025-05-17 12:00:00,-2579.731,2025-05-17 12:00:00
2025-05-17 12:05:00,-2635.681,2025-05-17 12:05:00
2025-05-17 12:10:00,-2627.726,2025-05-17 12:10:00
2025-05-17 12:15:00,-2515.757,2025-05-17 12:15:00
2025-05-17 12:20:00,-2692.395,2025-05-17 12:20:00
2025-05-17 12:25:00,-2627.686,2025-05-17 12:25:00
2025-05-17 12:30:00,-2635.71,2025-05-17 12:30:00
2025-05-17 12:35:00,-2595.687,2025-05-17 12:35:00
2025-05-17 12:40:00,-2627.695,2025-05-17 12:40:00
2025-05-17 12:45:00,-2627.705,2025-05-17 12:45:00
2025-05-17 12:50:00,-2692.394,2025-05-17 12:50:00
2025-05-17 12:55:00,-2619.729,2025-05-17 12:55:00
2025-05-17 13:00:00,-2651.652,2025-05-17 13:00:00
2025-05-17 13:05:00,-2607.733,2025-05-17 13:05:00
2025-05-17 13:10:00,-2692.407,2025-05-17 13:10:00
2025-05-17 13:15:00,-2655.705,2025-05-17 13:15:00
2025-05-17 13:20:00,-2623.717,2025-05-17 13:20:00
2025-05-17 13:25:00,-2675.558,2025-05-17 13:25:00
2025-05-17 13:30:00,-2531.776,2025-05-17 13:30:00
2025-05-17 13:35:00,-2575.72,2025-05-17 13:35:00
2025-05-17 13:40:00,-2663.673,2025-05-17 13:40:00
2025-05-17 13:45:00,-2686.854,2025-05-17 13:45:00
2025-05-17 13:50:00,-2671.64,2025-05-17 13:50:00
2025-05-17 13:55:00,-2655.684,2025-05-17 13:55:00
2025-05-17 14:00:00,-2503.688,2025-05-17 14:00:00
2025-05-17 14:05:00,-2692.513,2025-05-17 14:05:00
2025-05-17 14:10:00,-2692.432,2025-05-17 14:10:00
2025-05-17 14:15:00,-2692.409,2025-05-17 14:15:00
2025-05-17 14:20:00,-2599.755,2025-05-17 14:20:00
2025-05-17 14:25:00,-2689.661,2025-05-17 14:25:00
2025-05-17 14:30:00,-2627.684,2025-05-17 14:30:00
2025-05-17 14:35:00,-2675.578,2025-05-17 14:35:00
2025-05-17 14:40:00,-2503.718,2025-05-17 14:40:00
2025-05-17 14:45:00,-2587.718,2025-05-17 14:45:00
2025-05-17 14:50:00,-2619.698,2025-05-17 14:50:00
2025-05-17 14:55:00,-2692.563,2025-05-17 14:55:00
2025-05-17 15:00:00,-2615.73,2025-05-17 15:00:00
2025-05-17 15:05:00,-2692.552,2025-05-17 15:05:00
2025-05-17 15:10:00,-2603.724,2025-05-17 15:10:00
2025-05-17 15:15:00,-2692.483,2025-05-17 15:15:00
2025-05-17 15:20:00,-2692.539,2025-05-17 15:20:00
2025-05-17 15:25:00,-2692.586,2025-05-17 15:25:00
2025-05-17 15:30:00,-2692.581,2025-05-17 15:30:00
2025-05-17 15:35:00,-2692.55,2025-05-17 15:35:00
2025-05-17 15:40:00,-2692.492,2025-05-17 15:40:00
2025-05-17 15:45:00,-2692.556,2025-05-17 15:45:00
2025-05-17 15:50:00,-2692.483,2025-05-17 15:50:00
2025-05-17 15:55:00,-2692.579,2025-05-17 15:55:00
2025-05-17 16:00:00,-2692.573,2025-05-17 16:00:00
2025-05-17 16:05:00,-2692.427,2025-05-17 16:05:00
2025-05-17 16:10:00,-2692.492,2025-05-17 16:10:00
2025-05-17 16:15:00,-2692.564,2025-05-17 16:15:00
2025-05-17 16:20:00,-2692.556,2025-05-17 16:20:00
2025-05-17 16:25:00,-2692.55,2025-05-17 16:25:00
2025-05-17 16:30:00,-2692.502,2025-05-17 16:30:00
2025-05-17 16:35:00,-2692.521,2025-05-17 16:35:00
2025-05-17 16:40:00,-2692.52,2025-05-17 16:40:00
2025-05-17 16:45:00,-2683.338,2025-05-17 16:45:00
2025-05-17 16:50:00,-2692.476,2025-05-17 16:50:00
2025-05-17 16:55:00,-2671.628,2025-05-17 16:55:00
2025-05-17 17:00:00,-2692.471,2025-05-17 17:00:00
2025-05-17 17:05:00,-2692.476,2025-05-17 17:05:00
2025-05-17 17:10:00,-2692.456,2025-05-17 17:10:00
2025-05-17 17:15:00,-2671.612,2025-05-17 17:15:00
2025-05-17 17:20:00,-2692.061,2025-05-17 17:20:00
2025-05-17 17:25:00,-2692.419,2025-05-17 17:25:00
2025-05-17 17:30:00,-2679.518,2025-05-17 17:30:00
2025-05-17 17:35:00,-2635.724,2025-05-17 17:35:00
2025-05-17 17:40:00,-2692.406,2025-05-17 17:40:00
2025-05-17 17:45:00,-2692.395,2025-05-17 17:45:00
2025-05-17 17:50:00,-2587.721,2025-05-17 17:50:00
2025-05-17 17:55:00,-2692.392,2025-05-17 17:55:00
2025-05-17 18:00:00,9000.0,2025-05-17 18:00:00
2025-05-17 18:05:00,9000.0,2025-05-17 18:05:00
2025-05-17 18:10:00,9000.0,2025-05-17 18:10:00
2025-05-17 18:15:00,9000.0,2025-05-17 18:15:00
2025-05-17 18:20:00,9000.0,2025-05-17 18:20:00
2025-05-17 18:25:00,9000.0,2025-05-17 18:25:00
2025-05-17 18:30:00,9000.0,2025-05-17 18:30:00
2025-05-17 18:35:00,9000.0,2025-05-17 18:35:00
2025-05-17 18:40:00,9000.0,2025-05-17 18:40:00
2025-05-17 18:45:00,9000.0,2025-05-17 18:45:00
2025-05-17 18:50:00,9000.0,2025-05-17 18:50:00
2025-05-17 18:55:00,9000.0,2025-05-17 18:55:00
2025-05-17 19:00:00,9000.0,2025-05-17 19:00:00
2025-05-17 19:05:00,9000.0,2025-05-17 19:05:00
2025-05-17 19:10:00,9000.0,2025-05-17 19:10:00
2025-05-17 19:15:00,9000.0,2025-05-17 19:15:00
2025-05-17 19:20:00,8999.999,2025-05-17 19:20:00
2025-05-17 19:25:00,8999.999,2025-05-17 19:25:00
2025-05-17 19:30:00,8999.999,2025-05-17 19:30:00
2025-05-17 19:35:00,8999.999,2025-05-17 19:35:00
2025-05-17 19:40:00,8999.997,2025-05-17 19:40:00
2025-05-17 19:45:00,5939.996,2025-05-17 19:45:00
2025-05-17 19:50:00,0.0,2025-05-17 19:50:00
2025-05-17 19:55:00,0.0,2025-05-17 19:55:00
2025-05-17 20:00:00,0.0,2025-05-17 20:00:00
2025-05-17 20:05:00,0.0,2025-05-17 20:05:00
2025-05-17 20:10:00,0.0,2025-05-17 20:10:00
2025-05-17 20:15:00,0.0,2025-05-17 20:15:00
2025-05-17 20:20:00,0.0,2025-05-17 20:20:00
2025-05-17 20:25:00,0.0,2025-05-17 20:25:00
2025-05-17 20:30:00,0.0,2025-05-17 20:30:00
2025-05-17 20:35:00,0.0,2025-05-17 20:35:00
2025-05-17 20:40:00,0.0,2025-05-17 20:40:00
2025-05-17 20:45:00,0.0,2025-05-17 20:45:00
2025-05-17 20:50:00,0.0,2025-05-17 20:50:00
2025-05-17 20:55:00,0.0,2025-05-17 20:55:00
2025-05-17 21:00:00,0.0,2025-05-17 21:00:00
2025-05-17 21:05:00,0.0,2025-05-17 21:05:00
2025-05-17 21:10:00,0.0,2025-05-17 21:10:00
2025-05-17 21:15:00,0.0,2025-05-17 21:15:00
2025-05-17 21:20:00,0.0,2025-05-17 21:20:00
2025-05-17 21:25:00,0.0,2025-05-17 21:25:00
2025-05-17 21:30:00,0.0,2025-05-17 21:30:00
2025-05-17 21:35:00,0.0,2025-05-17 21:35:00
2025-05-17 21:40:00,0.0,2025-05-17 21:40:00
2025-05-17 21:45:00,0.0,2025-05-17 21:45:00
2025-05-17 21:50:00,0.0,2025-05-17 21:50:00
2025-05-17 21:55:00,0.0,2025-05-17 21:55:00
2025-05-17 22:00:00,-2322.867,2025-05-17 22:00:00
2025-05-17 22:05:00,-2322.853,2025-05-17 22:05:00
2025-05-17 22:10:00,-2322.854,2025-05-17 22:10:00
2025-05-17 22:15:00,-2322.864,2025-05-17 22:15:00
2025-05-17 22:20:00,-2322.865,2025-05-17 22:20:00
2025-05-17 22:25:00,-2322.867,2025-05-17 22:25:00
2025-05-17 22:30:00,-2322.934,2025-05-17 22:30:00
2025-05-17 22:35:00,-2322.886,2025-05-17 22:35:00
2025-05-17 22:40:00,-2322.877,2025-05-17 22:40:00
2025-05-17 22:45:00,-2322.885,2025-05-17 22:45:00
2025-05-17 22:50:00,-2322.888,2025-05-17 22:50:00
2025-05-17 22:55:00,-2322.895,2025-05-17 22:55:00
2025-05-17 23:00:00,-2322.897,2025-05-17 23:00:00
2025-05-17 23:05:00,-2322.906,2025-05-17 23:05:00
2025-05-17 23:10:00,-2322.912,2025-05-17 23:10:00
2025-05-17 23:15:00,-2322.923,2025-05-17 23:15:00
2025-05-17 23:20:00,-2322.93,2025-05-17 23:20:00
2025-05-17 23:25:00,-2322.938,2025-05-17 23:25:00
2025-05-17 23:30:00,-2322.949,2025-05-17 23:30:00
2025-05-17 23:35:00,-2322.956,2025-05-17 23:35:00
2025-05-17 23:40:00,-2322.968,2025-05-17 23:40:00
2025-05-17 23:45:00,-2322.979,2025-05-17 23:45:00
2025-05-17 23:50:00,-2322.987,2025-05-17 23:50:00
2025-05-17 23:55:00,-2322.999,2025-05-17 23:55:00
2025-05-18 00:00:00,-2323.014,2025-05-18 00:00:00
2025-05-18 00:05:00,-2323.025,2025-05-18 00:05:00
2025-05-18 00:10:00,-2323.035,2025-05-18 00:10:00
2025-05-18 00:15:00,-2323.051,2025-05-18 00:15:00
2025-05-18 00:20:00,-2323.064,2025-05-18 00:20:00
2025-05-18 00:25:00,-2323.079,2025-05-18 00:25:00
2025-05-18 00:30:00,-2323.094,2025-05-18 00:30:00
2025-05-18 00:35:00,-2323.109,2025-05-18 00:35:00
2025-05-18 00:40:00,-2323.124,2025-05-18 00:40:00
2025-05-18 00:45:00,-2323.139,2025-05-18 00:45:00
2025-05-18 00:50:00,-2323.155,2025-05-18 00:50:00
2025-05-18 00:55:00,-2323.175,2025-05-18 00:55:00
2025-05-18 01:00:00,-2323.194,2025-05-18 01:00:00
2025-05-18 01:05:00,-2323.206,2025-05-18 01:05:00
2025-05-18 01:10:00,-2323.224,2025-05-18 01:10:00
2025-05-18 01:15:00,-2323.241,2025-05-18 01:15:00
2025-05-18 01:20:00,-2323.256,2025-05-18 01:20:00
2025-05-18 01:25:00,-2323.275,2025-05-18 01:25:00
2025-05-18 01:30:00,-2323.291,2025-05-18 01:30:00
2025-05-18 01:35:00,-2323.31,2025-05-18 01:35:00
2025-05-18 01:40:00,-2323.325,2025-05-18 01:40:00
2025-05-18 01:45:00,-2323.342,2025-05-18 01:45:00
2025-05-18 01:50:00,-2323.36,2025-05-18 01:50:00
2025-05-18 01:55:00,-2323.374,2025-05-18 01:55:00
2025-05-18 02:00:00,-2323.394,2025-05-18 02:00:00
2025-05-18 02:05:00,-2323.409,2025-05-18 02:05:00
2025-05-18 02:10:00,-2323.43,2025-05-18 02:10:00
2025-05-18 02:15:00,-2323.445,2025-05-18 02:15:00
2025-05-18 02:20:00,-2323.461,2025-05-18 02:20:00
2025-05-18 02:25:00,-2323.478,2025-05-18 02:25:00
2025-05-18 02:30:00,-2323.497,2025-05-18 02:30:00
2025-05-18 02:35:00,-2323.512,2025-05-18 02:35:00
2025-05-18 02:40:00,-2323.525,2025-05-18 02:40:00
2025-05-18 02:45:00,-2323.545,2025-05-18 02:45:00
2025-05-18 02:50:00,-2323.559,2025-05-18 02:50:00
2025-05-18 02:55:00,-2323.575,2025-05-18 02:55:00
2025-05-18 03:00:00,-2323.591,2025-05-18 03:00:00
2025-05-18 03:05:00,-2323.604,2025-05-18 03:05:00
2025-05-18 03:10:00,-2323.62,2025-05-18 03:10:00
2025-05-18 03:15:00,-2323.631,2025-05-18 03:15:00
2025-05-18 03:20:00,-2323.648,2025-05-18 03:20:00
2025-05-18 03:25:00,-2323.658,2025-05-18 03:25:00
2025-05-18 03:30:00,-2323.672,2025-05-18 03:30:00
2025-05-18 03:35:00,-2323.688,2025-05-18 03:35:00
2025-05-18 03:40:00,-2323.7,2025-05-18 03:40:00
2025-05-18 03:45:00,-2323.713,2025-05-18 03:45:00
2025-05-18 03:50:00,-2323.722,2025-05-18 03:50:00
2025-05-18 03:55:00,-2323.734,2025-05-18 03:55:00
2025-05-18 04:00:00,-2323.742,2025-05-18 04:00:00
2025-05-18 04:05:00,-2323.753,2025-05-18 04:05:00
2025-05-18 04:10:00,-2323.762,2025-05-18 04:10:00
2025-05-18 04:15:00,-2323.773,2025-05-18 04:15:00
2025-05-18 04:20:00,-2323.779,2025-05-18 04:20:00
2025-05-18 04:25:00,-2323.786,2025-05-18 04:25:00
2025-05-18 04:30:00,-2323.795,2025-05-18 04:30:00
2025-05-18 04:35:00,-2323.797,2025-05-18 04:35:00
2025-05-18 04:40:00,-2323.802,2025-05-18 04:40:00
2025-05-18 04:45:00,-2323.811,2025-05-18 04:45:00
2025-05-18 04:50:00,-2323.814,2025-05-18 04:50:00
2025-05-18 04:55:00,-2323.82,2025-05-18 04:55:00
2025-05-18 05:00:00,-2323.82,2025-05-18 05:00:00
2025-05-18 05:05:00,-2323.823,2025-05-18 05:05:00
2025-05-18 05:10:00,-2323.827,2025-05-18 05:10:00
2025-05-18 05:15:00,-2323.83,2025-05-18 05:15:00
2025-05-18 05:20:00,-2323.828,2025-05-18 05:20:00
2025-05-18 05:25:00,-2323.83,2025-05-18 05:25:00
2025-05-18 05:30:00,-2323.828,2025-05-18 05:30:00
2025-05-18 05:35:00,-2323.827,2025-05-18 05:35:00
2025-05-18 05:40:00,-2323.824,2025-05-18 05:40:00
2025-05-18 05:45:00,-2323.823,2025-05-18 05:45:00
2025-05-18 05:50:00,-2323.82,2025-05-18 05:50:00
2025-05-18 05:55:00,-2323.814,2025-05-18 05:55:00
2025-05-18 06:00:00,0.0,2025-05-18 06:00:00
2025-05-18 06:05:00,0.0,2025-05-18 06:05:00
2025-05-18 06:10:00,0.0,2025-05-18 06:10:00
2025-05-18 06:15:00,0.0,2025-05-18 06:15:00
2025-05-18 06:20:00,0.0,2025-05-18 06:20:00
2025-05-18 06:25:00,0.0,2025-05-18 06:25:00
2025-05-18 06:30:00,0.0,2025-05-18 06:30:00
2025-05-18 06:35:00,0.0,2025-05-18 06:35:00
2025-05-18 06:40:00,0.0,2025-05-18 06:40:00
2025-05-18 06:45:00,0.0,2025-05-18 06:45:00
2025-05-18 06:50:00,0.0,2025-05-18 06:50:00
2025-05-18 06:55:00,0.0,2025-05-18 06:55:00
2025-05-18 07:00:00,0.0,2025-05-18 07:00:00
2025-05-18 07:05:00,0.0,2025-05-18 07:05:00
2025-05-18 07:10:00,0.0,2025-05-18 07:10:00
2025-05-18 07:15:00,0.0,2025-05-18 07:15:00
2025-05-18 07:20:00,0.0,2025-05-18 07:20:00
2025-05-18 07:25:00,0.0,2025-05-18 07:25:00
2025-05-18 07:30:00,0.0,2025-05-18 07:30:00
2025-05-18 07:35:00,0.0,2025-05-18 07:35:00
2025-05-18 07:40:00,0.0,2025-05-18 07:40:00
2025-05-18 07:45:00,0.0,2025-05-18 07:45:00
2025-05-18 07:50:00,0.0,2025-05-18 07:50:00
2025-05-18 07:55:00,0.0,2025-05-18 07:55:00
2025-05-18 08:00:00,9000.0,2025-05-18 08:00:00
2025-05-18 08:05:00,9000.0,2025-05-18 08:05:00
2025-05-18 08:10:00,9000.0,2025-05-18 08:10:00
2025-05-18 08:15:00,9000.0,2025-05-18 08:15:00
2025-05-18 08:20:00,9000.0,2025-05-18 08:20:00
2025-05-18 08:25:00,9000.0,2025-05-18 08:25:00
2025-05-18 08:30:00,9000.0,2025-05-18 08:30:00
2025-05-18 08:35:00,9000.0,2025-05-18 08:35:00
2025-05-18 08:40:00,9000.0,2025-05-18 08:40:00
2025-05-18 08:45:00,9000.0,2025-05-18 08:45:00
2025-05-18 08:50:00,9000.0,2025-05-18 08:50:00
2025-05-18 08:55:00,9000.0,2025-05-18 08:55:00
2025-05-18 09:00:00,9000.0,2025-05-18 09:00:00
2025-05-18 09:05:00,9000.0,2025-05-18 09:05:00
2025-05-18 09:10:00,9000.0,2025-05-18 09:10:00
2025-05-18 09:15:00,9000.0,2025-05-18 09:15:00
2025-05-18 09:20:00,9000.0,2025-05-18 09:20:00
2025-05-18 09:25:00,9000.0,2025-05-18 09:25:00
2025-05-18 09:30:00,9000.0,2025-05-18 09:30:00
2025-05-18 09:35:00,9000.0,2025-05-18 09:35:00
2025-05-18 09:40:00,8999.999,2025-05-18 09:40:00
2025-05-18 09:45:00,5939.999,2025-05-18 09:45:00
2025-05-18 09:50:00,0.0,2025-05-18 09:50:00
2025-05-18 09:55:00,0.0,2025-05-18 09:55:00
2025-05-18 10:00:00,0.0,2025-05-18 10:00:00
2025-05-18 10:05:00,0.0,2025-05-18 10:05:00
2025-05-18 10:10:00,0.0,2025-05-18 10:10:00
2025-05-18 10:15:00,0.0,2025-05-18 10:15:00
2025-05-18 10:20:00,0.0,2025-05-18 10:20:00
2025-05-18 10:25:00,0.0,2025-05-18 10:25:00
2025-05-18 10:30:00,0.0,2025-05-18 10:30:00
2025-05-18 10:35:00,0.0,2025-05-18 10:35:00
2025-05-18 10:40:00,0.0,2025-05-18 10:40:00
2025-05-18 10:45:00,0.0,2025-05-18 10:45:00
2025-05-18 10:50:00,0.0,2025-05-18 10:50:00
2025-05-18 10:55:00,0.0,2025-05-18 10:55:00
2025-05-18 11:00:00,-2660.193,2025-05-18 11:00:00
2025-05-18 11:05:00,-2660.194,2025-05-18 11:05:00
2025-05-18 11:10:00,-2660.193,2025-05-18 11:10:00
2025-05-18 11:15:00,-2660.191,2025-05-18 11:15:00
2025-05-18 11:20:00,-2660.19,2025-05-18 11:20:00
2025-05-18 11:25:00,-2660.184,2025-05-18 11:25:00
2025-05-18 11:30:00,-2660.176,2025-05-18 11:30:00
2025-05-18 11:35:00,-2660.173,2025-05-18 11:35:00
2025-05-18 11:40:00,-2660.171,2025-05-18 11:40:00
2025-05-18 11:45:00,-2660.166,2025-05-18 11:45:00
2025-05-18 11:50:00,-2660.157,2025-05-18 11:50:00
2025-05-18 11:55:00,-2660.152,2025-05-18 11:55:00
2025-05-18 12:00:00,-2660.143,2025-05-18 12:00:00
2025-05-18 12:05:00,-2660.132,2025-05-18 12:05:00
2025-05-18 12:10:00,-2660.123,2025-05-18 12:10:00
2025-05-18 12:15:00,-2660.114,2025-05-18 12:15:00
2025-05-18 12:20:00,-2660.105,2025-05-18 12:20:00
2025-05-18 12:25:00,-2660.091,2025-05-18 12:25:00
2025-05-18 12:30:00,-2660.075,2025-05-18 12:30:00
2025-05-18 12:35:00,-2660.067,2025-05-18 12:35:00
2025-05-18 12:40:00,-2660.05,2025-05-18 12:40:00
2025-05-18 12:45:00,-2660.034,2025-05-18 12:45:00
2025-05-18 12:50:00,-2660.02,2025-05-18 12:50:00
2025-05-18 12:55:00,-2660.006,2025-05-18 12:55:00
2025-05-18 13:00:00,-2659.988,2025-05-18 13:00:00
2025-05-18 13:05:00,-2659.968,2025-05-18 13:05:00
2025-05-18 13:10:00,-2659.959,2025-05-18 13:10:00
2025-05-18 13:15:00,-2659.943,2025-05-18 13:15:00
2025-05-18 13:20:00,-2659.929,2025-05-18 13:20:00
2025-05-18 13:25:00,-2659.91,2025-05-18 13:25:00
2025-05-18 13:30:00,-2659.896,2025-05-18 13:30:00
2025-05-18 13:35:00,-2659.88,2025-05-18 13:35:00
2025-05-18 13:40:00,-2659.861,2025-05-18 13:40:00
2025-05-18 13:45:00,-2659.844,2025-05-18 13:45:00
2025-05-18 13:50:00,-2659.824,2025-05-18 13:50:00
2025-05-18 13:55:00,-2659.81,2025-05-18 13:55:00
2025-05-18 14:00:00,-2659.793,2025-05-18 14:00:00
2025-05-18 14:05:00,-2659.772,2025-05-18 14:05:00
2025-05-18 14:10:00,-2659.757,2025-05-18 14:10:00
2025-05-18 14:15:00,-2659.736,2025-05-18 14:15:00
2025-05-18 14:20:00,-2659.739,2025-05-18 14:20:00
2025-05-18 14:25:00,-2659.728,2025-05-18 14:25:00
2025-05-18 14:30:00,-2659.679,2025-05-18 14:30:00
2025-05-18 14:35:00,-2659.662,2025-05-18 14:35:00
2025-05-18 14:40:00,-2659.64,2025-05-18 14:40:00
2025-05-18 14:45:00,-2659.616,2025-05-18 14:45:00
2025-05-18 14:50:00,-2659.599,2025-05-18 14:50:00
2025-05-18 14:55:00,-2659.588,2025-05-18 14:55:00
2025-05-18 15:00:00,-2659.569,2025-05-18 15:00:00
2025-05-18 15:05:00,-2659.542,2025-05-18 15:05:00
2025-05-18 15:10:00,-2659.521,2025-05-18 15:10:00
2025-05-18 15:15:00,-2659.505,2025-05-18 15:15:00
2025-05-18 15:20:00,-2659.483,2025-05-18 15:20:00
2025-05-18 15:25:00,-2659.488,2025-05-18 15:25:00
2025-05-18 15:30:00,-2659.456,2025-05-18 15:30:00
2025-05-18 15:35:00,-2659.435,2025-05-18 15:35:00
2025-05-18 15:40:00,-2659.414,2025-05-18 15:40:00
2025-05-18 15:45:00,-2659.394,2025-05-18 15:45:00
2025-05-18 15:50:00,-2659.385,2025-05-18 15:50:00
2025-05-18 15:55:00,-2659.384,2025-05-18 15:55:00
2025-05-18 16:00:00,-2591.731,2025-05-18 16:00:00
2025-05-18 16:05:00,-2659.323,2025-05-18 16:05:00
2025-05-18 16:10:00,-2659.307,2025-05-18 16:10:00
2025-05-18 16:15:00,-2659.304,2025-05-18 16:15:00
2025-05-18 16:20:00,-2659.287,2025-05-18 16:20:00
2025-05-18 16:25:00,-2515.776,2025-05-18 16:25:00
2025-05-18 16:30:00,-2659.519,2025-05-18 16:30:00
2025-05-18 16:35:00,-2659.257,2025-05-18 16:35:00
2025-05-18 16:40:00,-2659.283,2025-05-18 16:40:00
2025-05-18 16:45:00,-2659.227,2025-05-18 16:45:00
2025-05-18 16:50:00,-2659.209,2025-05-18 16:50:00
2025-05-18 16:55:00,-2659.19,2025-05-18 16:55:00
2025-05-18 17:00:00,-2658.402,2025-05-18 17:00:00
2025-05-18 17:05:00,-2627.708,2025-05-18 17:05:00
2025-05-18 17:10:00,-2635.717,2025-05-18 17:10:00
2025-05-18 17:15:00,-2659.367,2025-05-18 17:15:00
2025-05-18 17:20:00,-2659.175,2025-05-18 17:20:00
2025-05-18 17:25:00,-2659.128,2025-05-18 17:25:00
2025-05-18 17:30:00,-2659.137,2025-05-18 17:30:00
2025-05-18 17:35:00,-2659.116,2025-05-18 17:35:00
2025-05-18 17:40:00,-2659.114,2025-05-18 17:40:00
2025-05-18 17:45:00,-2651.585,2025-05-18 17:45:00
2025-05-18 17:50:00,-2563.724,2025-05-18 17:50:00
2025-05-18 17:55:00,-2659.098,2025-05-18 17:55:00
2025-05-18 18:00:00,9000.0,2025-05-18 18:00:00
2025-05-18 18:05:00,9000.0,2025-05-18 18:05:00
2025-05-18 18:10:00,9000.0,2025-05-18 18:10:00
2025-05-18 18:15:00,9000.0,2025-05-18 18:15:00
2025-05-18 18:20:00,9000.0,2025-05-18 18:20:00
2025-05-18 18:25:00,9000.0,2025-05-18 18:25:00
2025-05-18 18:30:00,9000.0,2025-05-18 18:30:00
2025-05-18 18:35:00,9000.0,2025-05-18 18:35:00
2025-05-18 18:40:00,9000.0,2025-05-18 18:40:00
2025-05-18 18:45:00,9000.0,2025-05-18 18:45:00
2025-05-18 18:50:00,9000.0,2025-05-18 18:50:00
2025-05-18 18:55:00,9000.0,2025-05-18 18:55:00
2025-05-18 19:00:00,9000.0,2025-05-18 19:00:00
2025-05-18 19:05:00,9000.0,2025-05-18 19:05:00
2025-05-18 19:10:00,9000.0,2025-05-18 19:10:00
2025-05-18 19:15:00,9000.0,2025-05-18 19:15:00
2025-05-18 19:20:00,9000.0,2025-05-18 19:20:00
2025-05-18 19:25:00,9000.0,2025-05-18 19:25:00
2025-05-18 19:30:00,9000.0,2025-05-18 19:30:00
2025-05-18 19:35:00,9000.0,2025-05-18 19:35:00
2025-05-18 19:40:00,8999.999,2025-05-18 19:40:00
2025-05-18 19:45:00,5939.999,2025-05-18 19:45:00
2025-05-18 19:50:00,0.0,2025-05-18 19:50:00
2025-05-18 19:55:00,0.0,2025-05-18 19:55:00
2025-05-18 20:00:00,0.0,2025-05-18 20:00:00
2025-05-18 20:05:00,0.0,2025-05-18 20:05:00
2025-05-18 20:10:00,0.0,2025-05-18 20:10:00
2025-05-18 20:15:00,0.0,2025-05-18 20:15:00
2025-05-18 20:20:00,0.0,2025-05-18 20:20:00
2025-05-18 20:25:00,0.0,2025-05-18 20:25:00
2025-05-18 20:30:00,0.0,2025-05-18 20:30:00
2025-05-18 20:35:00,0.0,2025-05-18 20:35:00
2025-05-18 20:40:00,0.0,2025-05-18 20:40:00
2025-05-18 20:45:00,0.0,2025-05-18 20:45:00
2025-05-18 20:50:00,0.0,2025-05-18 20:50:00
2025-05-18 20:55:00,0.0,2025-05-18 20:55:00
2025-05-18 21:00:00,0.0,2025-05-18 21:00:00
2025-05-18 21:05:00,0.0,2025-05-18 21:05:00
2025-05-18 21:10:00,0.0,2025-05-18 21:10:00
2025-05-18 21:15:00,0.0,2025-05-18 21:15:00
2025-05-18 21:20:00,0.0,2025-05-18 21:20:00
2025-05-18 21:25:00,0.0,2025-05-18 21:25:00
2025-05-18 21:30:00,0.0,2025-05-18 21:30:00
2025-05-18 21:35:00,0.0,2025-05-18 21:35:00
2025-05-18 21:40:00,0.0,2025-05-18 21:40:00
2025-05-18 21:45:00,0.0,2025-05-18 21:45:00
2025-05-18 21:50:00,0.0,2025-05-18 21:50:00
2025-05-18 21:55:00,0.0,2025-05-18 21:55:00
2025-05-18 22:00:00,-2559.749,2025-05-18 22:00:00
2025-05-18 22:05:00,-2563.729,2025-05-18 22:05:00
2025-05-18 22:10:00,-2483.769,2025-05-18 22:10:00
2025-05-18 22:15:00,-2595.779,2025-05-18 22:15:00
2025-05-18 22:20:00,-2615.739,2025-05-18 22:20:00
2025-05-18 22:25:00,-2647.759,2025-05-18 22:25:00
2025-05-18 22:30:00,-2519.739,2025-05-18 22:30:00
2025-05-18 22:35:00,-2567.769,2025-05-18 22:35:00
2025-05-18 22:40:00,-2627.739,2025-05-18 22:40:00
2025-05-18 22:45:00,-2599.719,2025-05-18 22:45:00
2025-05-18 22:50:00,-2591.769,2025-05-18 22:50:00
2025-05-18 22:55:00,-2551.769,2025-05-18 22:55:00
2025-05-18 23:00:00,-2659.739,2025-05-18 23:00:00
2025-05-18 23:05:00,-2583.769,2025-05-18 23:05:00
2025-05-18 23:10:00,-2631.719,2025-05-18 23:10:00
2025-05-18 23:15:00,-2647.729,2025-05-18 23:15:00
2025-05-18 23:20:00,-2503.759,2025-05-18 23:20:00
2025-05-18 23:25:00,-2591.739,2025-05-18 23:25:00
2025-05-18 23:30:00,-2571.779,2025-05-18 23:30:00
2025-05-18 23:35:00,-2495.749,2025-05-18 23:35:00
2025-05-18 23:40:00,-2667.739,2025-05-18 23:40:00
2025-05-18 23:45:00,-2459.779,2025-05-18 23:45:00
2025-05-18 23:50:00,-2599.769,2025-05-18 23:50:00
2025-05-18 23:55:00,-2567.739,2025-05-18 23:55:00
2025-05-19 00:00:00,-2237.969,2025-05-19 00:00:00
2025-05-19 00:05:00,-2237.962,2025-05-19 00:05:00
2025-05-19 00:10:00,-2237.97,2025-05-19 00:10:00
2025-05-19 00:15:00,-2237.978,2025-05-19 00:15:00
2025-05-19 00:20:00,-2237.975,2025-05-19 00:20:00
2025-05-19 00:25:00,-2237.994,2025-05-19 00:25:00
2025-05-19 00:30:00,-2237.976,2025-05-19 00:30:00
2025-05-19 00:35:00,-2237.992,2025-05-19 00:35:00
2025-05-19 00:40:00,-2237.974,2025-05-19 00:40:00
2025-05-19 00:45:00,-2237.988,2025-05-19 00:45:00
2025-05-19 00:50:00,-2237.992,2025-05-19 00:50:00
2025-05-19 00:55:00,-2237.994,2025-05-19 00:55:00
2025-05-19 01:00:00,-2237.989,2025-05-19 01:00:00
2025-05-19 01:05:00,-2238.087,2025-05-19 01:05:00
2025-05-19 01:10:00,-2238.013,2025-05-19 01:10:00
2025-05-19 01:15:00,-2237.993,2025-05-19 01:15:00
2025-05-19 01:20:00,-2238.005,2025-05-19 01:20:00
2025-05-19 01:25:00,-2238.027,2025-05-19 01:25:00
2025-05-19 01:30:00,-2238.005,2025-05-19 01:30:00
2025-05-19 01:35:00,-2238.02,2025-05-19 01:35:00
2025-05-19 01:40:00,-2238.013,2025-05-19 01:40:00
2025-05-19 01:45:00,-2238.129,2025-05-19 01:45:00
2025-05-19 01:50:00,-2238.034,2025-05-19 01:50:00
2025-05-19 01:55:00,-2238.022,2025-05-19 01:55:00
2025-05-19 02:00:00,-2238.009,2025-05-19 02:00:00
2025-05-19 02:05:00,-2238.048,2025-05-19 02:05:00
2025-05-19 02:10:00,-2238.043,2025-05-19 02:10:00
2025-05-19 02:15:00,-2238.565,2025-05-19 02:15:00
2025-05-19 02:20:00,-2238.005,2025-05-19 02:20:00
2025-05-19 02:25:00,-2238.012,2025-05-19 02:25:00
2025-05-19 02:30:00,-2238.008,2025-05-19 02:30:00
2025-05-19 02:35:00,-2238.018,2025-05-19 02:35:00
2025-05-19 02:40:00,-2238.009,2025-05-19 02:40:00
2025-05-19 02:45:00,-2238.038,2025-05-19 02:45:00
2025-05-19 02:50:00,-2238.009,2025-05-19 02:50:00
2025-05-19 02:55:00,-2238.009,2025-05-19 02:55:00
2025-05-19 03:00:00,-2238.015,2025-05-19 03:00:00
2025-05-19 03:05:00,-2238.021,2025-05-19 03:05:00
2025-05-19 03:10:00,-2238.004,2025-05-19 03:10:00
2025-05-19 03:15:00,-2238.01,2025-05-19 03:15:00
2025-05-19 03:20:00,-2238.013,2025-05-19 03:20:00
2025-05-19 03:25:00,-2238.012,2025-05-19 03:25:00
2025-05-19 03:30:00,-2238.009,2025-05-19 03:30:00
2025-05-19 03:35:00,-2238.012,2025-05-19 03:35:00
2025-05-19 03:40:00,-2238.0,2025-05-19 03:40:00
2025-05-19 03:45:00,-2238.013,2025-05-19 03:45:00
2025-05-19 03:50:00,-2238.007,2025-05-19 03:50:00
2025-05-19 03:55:00,-2238.007,2025-05-19 03:55:00
2025-05-19 04:00:00,-2238.015,2025-05-19 04:00:00
2025-05-19 04:05:00,-2238.003,2025-05-19 04:05:00
2025-05-19 04:10:00,-2238.004,2025-05-19 04:10:00
2025-05-19 04:15:00,-2238.006,2025-05-19 04:15:00
2025-05-19 04:20:00,-2238.007,2025-05-19 04:20:00
2025-05-19 04:25:00,-2238.006,2025-05-19 04:25:00
2025-05-19 04:30:00,-2238.009,2025-05-19 04:30:00
2025-05-19 04:35:00,-2238.009,2025-05-19 04:35:00
2025-05-19 04:40:00,-2238.022,2025-05-19 04:40:00
2025-05-19 04:45:00,-2238.013,2025-05-19 04:45:00
2025-05-19 04:50:00,-2238.006,2025-05-19 04:50:00
2025-05-19 04:55:00,-2238.017,2025-05-19 04:55:00
2025-05-19 05:00:00,-2238.013,2025-05-19 05:00:00
2025-05-19 05:05:00,-2238.015,2025-05-19 05:05:00
2025-05-19 05:10:00,-2238.022,2025-05-19 05:10:00
2025-05-19 05:15:00,-2238.028,2025-05-19 05:15:00
2025-05-19 05:20:00,-2238.026,2025-05-19 05:20:00
2025-05-19 05:25:00,-2238.026,2025-05-19 05:25:00
2025-05-19 05:30:00,-2238.021,2025-05-19 05:30:00
2025-05-19 05:35:00,-2238.027,2025-05-19 05:35:00
2025-05-19 05:40:00,-2238.039,2025-05-19 05:40:00
2025-05-19 05:45:00,-2238.029,2025-05-19 05:45:00
2025-05-19 05:50:00,-2238.036,2025-05-19 05:50:00
2025-05-19 05:55:00,-2238.042,2025-05-19 05:55:00
2025-05-19 06:00:00,0.0,2025-05-19 06:00:00
2025-05-19 06:05:00,0.0,2025-05-19 06:05:00
2025-05-19 06:10:00,0.0,2025-05-19 06:10:00
2025-05-19 06:15:00,0.0,2025-05-19 06:15:00
2025-05-19 06:20:00,0.0,2025-05-19 06:20:00
2025-05-19 06:25:00,0.0,2025-05-19 06:25:00
2025-05-19 06:30:00,0.0,2025-05-19 06:30:00
2025-05-19 06:35:00,0.0,2025-05-19 06:35:00
2025-05-19 06:40:00,0.0,2025-05-19 06:40:00
2025-05-19 06:45:00,0.0,2025-05-19 06:45:00
2025-05-19 06:50:00,0.0,2025-05-19 06:50:00
2025-05-19 06:55:00,0.0,2025-05-19 06:55:00
2025-05-19 07:00:00,0.0,2025-05-19 07:00:00
2025-05-19 07:05:00,0.0,2025-05-19 07:05:00
2025-05-19 07:10:00,0.0,2025-05-19 07:10:00
2025-05-19 07:15:00,0.0,2025-05-19 07:15:00
2025-05-19 07:20:00,0.0,2025-05-19 07:20:00
2025-05-19 07:25:00,0.0,2025-05-19 07:25:00
2025-05-19 07:30:00,0.0,2025-05-19 07:30:00
2025-05-19 07:35:00,0.0,2025-05-19 07:35:00
2025-05-19 07:40:00,0.0,2025-05-19 07:40:00
2025-05-19 07:45:00,0.0,2025-05-19 07:45:00
2025-05-19 07:50:00,0.0,2025-05-19 07:50:00
2025-05-19 07:55:00,0.0,2025-05-19 07:55:00
2025-05-19 08:00:00,9000.0,2025-05-19 08:00:00
2025-05-19 08:05:00,9000.0,2025-05-19 08:05:00
2025-05-19 08:10:00,9000.0,2025-05-19 08:10:00
2025-05-19 08:15:00,9000.0,2025-05-19 08:15:00
2025-05-19 08:20:00,9000.0,2025-05-19 08:20:00
2025-05-19 08:25:00,9000.0,2025-05-19 08:25:00
2025-05-19 08:30:00,9000.0,2025-05-19 08:30:00
2025-05-19 08:35:00,9000.0,2025-05-19 08:35:00
2025-05-19 08:40:00,9000.0,2025-05-19 08:40:00
2025-05-19 08:45:00,9000.0,2025-05-19 08:45:00
2025-05-19 08:50:00,9000.0,2025-05-19 08:50:00
2025-05-19 08:55:00,9000.0,2025-05-19 08:55:00
2025-05-19 09:00:00,9000.0,2025-05-19 09:00:00
2025-05-19 09:05:00,9000.0,2025-05-19 09:05:00
2025-05-19 09:10:00,9000.0,2025-05-19 09:10:00
2025-05-19 09:15:00,9000.0,2025-05-19 09:15:00
2025-05-19 09:20:00,9000.0,2025-05-19 09:20:00
2025-05-19 09:25:00,9000.0,2025-05-19 09:25:00
2025-05-19 09:30:00,9000.0,2025-05-19 09:30:00
2025-05-19 09:35:00,8999.999,2025-05-19 09:35:00
2025-05-19 09:40:00,8999.999,2025-05-19 09:40:00
2025-05-19 09:45:00,5939.998,2025-05-19 09:45:00
2025-05-19 09:50:00,0.0,2025-05-19 09:50:00
2025-05-19 09:55:00,0.0,2025-05-19 09:55:00
2025-05-19 10:00:00,0.0,2025-05-19 10:00:00
2025-05-19 10:05:00,0.0,2025-05-19 10:05:00
2025-05-19 10:10:00,0.0,2025-05-19 10:10:00
2025-05-19 10:15:00,0.0,2025-05-19 10:15:00
2025-05-19 10:20:00,0.0,2025-05-19 10:20:00
2025-05-19 10:25:00,0.0,2025-05-19 10:25:00
2025-05-19 10:30:00,0.0,2025-05-19 10:30:00
2025-05-19 10:35:00,0.0,2025-05-19 10:35:00
2025-05-19 10:40:00,0.0,2025-05-19 10:40:00
2025-05-19 10:45:00,0.0,2025-05-19 10:45:00
2025-05-19 10:50:00,0.0,2025-05-19 10:50:00
2025-05-19 10:55:00,0.0,2025-05-19 10:55:00
2025-05-19 11:00:00,-2395.769,2025-05-19 11:00:00
2025-05-19 11:05:00,-2307.749,2025-05-19 11:05:00
2025-05-19 11:10:00,-2403.739,2025-05-19 11:10:00
2025-05-19 11:15:00,-2431.749,2025-05-19 11:15:00
2025-05-19 11:20:00,-2559.719,2025-05-19 11:20:00
2025-05-19 11:25:00,-2511.779,2025-05-19 11:25:00
2025-05-19 11:30:00,-2451.729,2025-05-19 11:30:00
2025-05-19 11:35:00,-2443.769,2025-05-19 11:35:00
2025-05-19 11:40:00,-2359.769,2025-05-19 11:40:00
2025-05-19 11:45:00,-2399.779,2025-05-19 11:45:00
2025-05-19 11:50:00,-2243.769,2025-05-19 11:50:00
2025-05-19 11:55:00,-2411.759,2025-05-19 11:55:00
2025-05-19 12:00:00,-2287.739,2025-05-19 12:00:00
2025-05-19 12:05:00,-2295.739,2025-05-19 12:05:00
2025-05-19 12:10:00,-2451.739,2025-05-19 12:10:00
2025-05-19 12:15:00,-2343.769,2025-05-19 12:15:00
2025-05-19 12:20:00,-2467.779,2025-05-19 12:20:00
2025-05-19 12:25:00,-2375.759,2025-05-19 12:25:00
2025-05-19 12:30:00,-2527.759,2025-05-19 12:30:00
2025-05-19 12:35:00,-2471.719,2025-05-19 12:35:00
2025-05-19 12:40:00,-2443.729,2025-05-19 12:40:00
2025-05-19 12:45:00,-2375.749,2025-05-19 12:45:00
2025-05-19 12:50:00,-2515.759,2025-05-19 12:50:00
2025-05-19 12:55:00,-2431.729,2025-05-19 12:55:00
2025-05-19 13:00:00,-2435.709,2025-05-19 13:00:00
2025-05-19 13:05:00,-2531.749,2025-05-19 13:05:00
2025-05-19 13:10:00,-2571.699,2025-05-19 13:10:00
2025-05-19 13:15:00,-2791.769,2025-05-19 13:15:00
2025-05-19 13:20:00,-2671.759,2025-05-19 13:20:00
2025-05-19 13:25:00,-2599.749,2025-05-19 13:25:00
2025-05-19 13:30:00,-2531.769,2025-05-19 13:30:00
2025-05-19 13:35:00,-2619.739,2025-05-19 13:35:00
2025-05-19 13:40:00,-2643.739,2025-05-19 13:40:00
2025-05-19 13:45:00,-2411.739,2025-05-19 13:45:00
2025-05-19 13:50:00,-2411.729,2025-05-19 13:50:00
2025-05-19 13:55:00,-2351.739,2025-05-19 13:55:00
2025-05-19 14:00:00,-2435.779,2025-05-19 14:00:00
2025-05-19 14:05:00,-2307.749,2025-05-19 14:05:00
2025-05-19 14:10:00,-2299.759,2025-05-19 14:10:00
2025-05-19 14:15:00,-2307.729,2025-05-19 14:15:00
2025-05-19 14:20:00,-2399.759,2025-05-19 14:20:00
2025-05-19 14:25:00,-2323.759,2025-05-19 14:25:00
2025-05-19 14:30:00,-2463.729,2025-05-19 14:30:00
2025-05-19 14:35:00,-2367.729,2025-05-19 14:35:00
2025-05-19 14:40:00,-2399.719,2025-05-19 14:40:00
2025-05-19 14:45:00,-2263.759,2025-05-19 14:45:00
2025-05-19 14:50:00,-2527.679,2025-05-19 14:50:00
2025-05-19 14:55:00,-2319.729,2025-05-19 14:55:00
2025-05-19 15:00:00,-2403.729,2025-05-19 15:00:00
2025-05-19 15:05:00,-2287.749,2025-05-19 15:05:00
2025-05-19 15:10:00,-2275.719,2025-05-19 15:10:00
2025-05-19 15:15:00,-2295.749,2025-05-19 15:15:00
2025-05-19 15:20:00,-2331.729,2025-05-19 15:20:00
2025-05-19 15:25:00,-2211.699,2025-05-19 15:25:00
2025-05-19 15:30:00,-2299.739,2025-05-19 15:30:00
2025-05-19 15:35:00,-2335.739,2025-05-19 15:35:00
2025-05-19 15:40:00,-2263.699,2025-05-19 15:40:00
2025-05-19 15:45:00,-2499.759,2025-05-19 15:45:00
2025-05-19 15:50:00,-2607.719,2025-05-19 15:50:00
2025-05-19 15:55:00,-2467.699,2025-05-19 15:55:00
2025-05-19 16:00:00,-2627.749,2025-05-19 16:00:00
2025-05-19 16:05:00,-2603.749,2025-05-19 16:05:00
2025-05-19 16:10:00,-2627.739,2025-05-19 16:10:00
2025-05-19 16:15:00,-2471.769,2025-05-19 16:15:00
2025-05-19 16:20:00,-2467.739,2025-05-19 16:20:00
2025-05-19 16:25:00,-2507.729,2025-05-19 16:25:00
2025-05-19 16:30:00,-2451.719,2025-05-19 16:30:00
2025-05-19 16:35:00,-2631.749,2025-05-19 16:35:00
2025-05-19 16:40:00,-2407.739,2025-05-19 16:40:00
2025-05-19 16:45:00,-2287.729,2025-05-19 16:45:00
2025-05-19 16:50:00,-2259.759,2025-05-19 16:50:00
2025-05-19 16:55:00,-2259.739,2025-05-19 16:55:00
2025-05-19 17:00:00,-2283.749,2025-05-19 17:00:00
2025-05-19 17:05:00,-2467.789,2025-05-19 17:05:00
2025-05-19 17:10:00,-2407.759,2025-05-19 17:10:00
2025-05-19 17:15:00,-2439.709,2025-05-19 17:15:00
2025-05-19 17:20:00,-2471.719,2025-05-19 17:20:00
2025-05-19 17:25:00,-2255.759,2025-05-19 17:25:00
2025-05-19 17:30:00,-2415.739,2025-05-19 17:30:00
2025-05-19 17:35:00,-2343.769,2025-05-19 17:35:00
2025-05-19 17:40:00,-2587.759,2025-05-19 17:40:00
2025-05-19 17:45:00,-2423.729,2025-05-19 17:45:00
2025-05-19 17:50:00,-2451.749,2025-05-19 17:50:00
2025-05-19 17:55:00,-2507.779,2025-05-19 17:55:00
2025-05-19 18:00:00,9000.0,2025-05-19 18:00:00
2025-05-19 18:05:00,9000.0,2025-05-19 18:05:00
2025-05-19 18:10:00,9000.0,2025-05-19 18:10:00
2025-05-19 18:15:00,9000.0,2025-05-19 18:15:00
2025-05-19 18:20:00,9000.0,2025-05-19 18:20:00
2025-05-19 18:25:00,9000.0,2025-05-19 18:25:00
2025-05-19 18:30:00,9000.0,2025-05-19 18:30:00
2025-05-19 18:35:00,9000.0,2025-05-19 18:35:00
2025-05-19 18:40:00,9000.0,2025-05-19 18:40:00
2025-05-19 18:45:00,9000.0,2025-05-19 18:45:00
2025-05-19 18:50:00,9000.0,2025-05-19 18:50:00
2025-05-19 18:55:00,9000.0,2025-05-19 18:55:00
2025-05-19 19:00:00,9000.0,2025-05-19 19:00:00
2025-05-19 19:05:00,9000.0,2025-05-19 19:05:00
2025-05-19 19:10:00,9000.0,2025-05-19 19:10:00
2025-05-19 19:15:00,9000.0,2025-05-19 19:15:00
2025-05-19 19:20:00,9000.0,2025-05-19 19:20:00
2025-05-19 19:25:00,8999.999,2025-05-19 19:25:00
2025-05-19 19:30:00,8999.999,2025-05-19 19:30:00
2025-05-19 19:35:00,7158.317,2025-05-19 19:35:00
2025-05-19 19:40:00,0.0,2025-05-19 19:40:00
2025-05-19 19:45:00,0.0,2025-05-19 19:45:00
2025-05-19 19:50:00,0.0,2025-05-19 19:50:00
2025-05-19 19:55:00,0.0,2025-05-19 19:55:00
2025-05-19 20:00:00,0.0,2025-05-19 20:00:00
2025-05-19 20:05:00,0.0,2025-05-19 20:05:00
2025-05-19 20:10:00,0.0,2025-05-19 20:10:00
2025-05-19 20:15:00,0.0,2025-05-19 20:15:00
2025-05-19 20:20:00,0.0,2025-05-19 20:20:00
2025-05-19 20:25:00,0.0,2025-05-19 20:25:00
2025-05-19 20:30:00,0.0,2025-05-19 20:30:00
2025-05-19 20:35:00,0.0,2025-05-19 20:35:00
2025-05-19 20:40:00,0.0,2025-05-19 20:40:00
2025-05-19 20:45:00,0.0,2025-05-19 20:45:00
2025-05-19 20:50:00,0.0,2025-05-19 20:50:00
2025-05-19 20:55:00,0.0,2025-05-19 20:55:00
2025-05-19 21:00:00,0.0,2025-05-19 21:00:00
2025-05-19 21:05:00,0.0,2025-05-19 21:05:00
2025-05-19 21:10:00,0.0,2025-05-19 21:10:00
2025-05-19 21:15:00,0.0,2025-05-19 21:15:00
2025-05-19 21:20:00,0.0,2025-05-19 21:20:00
2025-05-19 21:25:00,0.0,2025-05-19 21:25:00
2025-05-19 21:30:00,0.0,2025-05-19 21:30:00
2025-05-19 21:35:00,0.0,2025-05-19 21:35:00
2025-05-19 21:40:00,0.0,2025-05-19 21:40:00
2025-05-19 21:45:00,0.0,2025-05-19 21:45:00
2025-05-19 21:50:00,0.0,2025-05-19 21:50:00
2025-05-19 21:55:00,0.0,2025-05-19 21:55:00
2025-05-19 22:00:00,-2343.721,2025-05-19 22:00:00
2025-05-19 22:05:00,-2363.728,2025-05-19 22:05:00
2025-05-19 22:10:00,-2319.673,2025-05-19 22:10:00
2025-05-19 22:15:00,-2426.684,2025-05-19 22:15:00
2025-05-19 22:20:00,-2426.683,2025-05-19 22:20:00
2025-05-19 22:25:00,-2426.68,2025-05-19 22:25:00
2025-05-19 22:30:00,-2379.715,2025-05-19 22:30:00
2025-05-19 22:35:00,-2391.681,2025-05-19 22:35:00
2025-05-19 22:40:00,-2375.746,2025-05-19 22:40:00
2025-05-19 22:45:00,-2426.671,2025-05-19 22:45:00
2025-05-19 22:50:00,-2271.744,2025-05-19 22:50:00
2025-05-19 22:55:00,-2347.74,2025-05-19 22:55:00
2025-05-19 23:00:00,-2279.744,2025-05-19 23:00:00
2025-05-19 23:05:00,-2223.766,2025-05-19 23:05:00
2025-05-19 23:10:00,-2359.719,2025-05-19 23:10:00
2025-05-19 23:15:00,-2323.742,2025-05-19 23:15:00
2025-05-19 23:20:00,-2019.737,2025-05-19 23:20:00
2025-05-19 23:25:00,-2239.775,2025-05-19 23:25:00
2025-05-19 23:30:00,-2103.727,2025-05-19 23:30:00
2025-05-19 23:35:00,-1995.727,2025-05-19 23:35:00
2025-05-19 23:40:00,-2131.687,2025-05-19 23:40:00
2025-05-19 23:45:00,-2223.706,2025-05-19 23:45:00
2025-05-19 23:50:00,-2295.754,2025-05-19 23:50:00
2025-05-19 23:55:00,-2135.737,2025-05-19 23:55:00
2025-05-20 00:00:00,-2163.736,2025-05-20 00:00:00
2025-05-20 00:05:00,-2151.746,2025-05-20 00:05:00
2025-05-20 00:10:00,-2283.724,2025-05-20 00:10:00
2025-05-20 00:15:00,-2311.713,2025-05-20 00:15:00
2025-05-20 00:20:00,-2147.727,2025-05-20 00:20:00
2025-05-20 00:25:00,-2075.747,2025-05-20 00:25:00
2025-05-20 00:30:00,-2319.753,2025-05-20 00:30:00
2025-05-20 00:35:00,-2131.737,2025-05-20 00:35:00
2025-05-20 00:40:00,-2411.728,2025-05-20 00:40:00
2025-05-20 00:45:00,-2335.741,2025-05-20 00:45:00
2025-05-20 00:50:00,-2299.724,2025-05-20 00:50:00
2025-05-20 00:55:00,-2311.743,2025-05-20 00:55:00
2025-05-20 01:00:00,-2426.666,2025-05-20 01:00:00
2025-05-20 01:05:00,-2335.711,2025-05-20 01:05:00
2025-05-20 01:10:00,-2259.745,2025-05-20 01:10:00
2025-05-20 01:15:00,-2207.736,2025-05-20 01:15:00
2025-05-20 01:20:00,-2311.733,2025-05-20 01:20:00
2025-05-20 01:25:00,-2127.717,2025-05-20 01:25:00
2025-05-20 01:30:00,-2303.693,2025-05-20 01:30:00
2025-05-20 01:35:00,-2239.725,2025-05-20 01:35:00
2025-05-20 01:40:00,-2307.743,2025-05-20 01:40:00
2025-05-20 01:45:00,-2291.724,2025-05-20 01:45:00
2025-05-20 01:50:00,-2283.764,2025-05-20 01:50:00
2025-05-20 01:55:00,-2171.716,2025-05-20 01:55:00
2025-05-20 02:00:00,-2371.727,2025-05-20 02:00:00
2025-05-20 02:05:00,-2375.756,2025-05-20 02:05:00
2025-05-20 02:10:00,-2267.715,2025-05-20 02:10:00
2025-05-20 02:15:00,-2351.74,2025-05-20 02:15:00
2025-05-20 02:20:00,-2279.704,2025-05-20 02:20:00
2025-05-20 02:25:00,-2267.725,2025-05-20 02:25:00
2025-05-20 02:30:00,-2211.746,2025-05-20 02:30:00
2025-05-20 02:35:00,-2319.723,2025-05-20 02:35:00
2025-05-20 02:40:00,-2426.68,2025-05-20 02:40:00
2025-05-20 02:45:00,-2267.755,2025-05-20 02:45:00
2025-05-20 02:50:00,-2426.667,2025-05-20 02:50:00
2025-05-20 02:55:00,-2335.691,2025-05-20 02:55:00
2025-05-20 03:00:00,-2203.696,2025-05-20 03:00:00
2025-05-20 03:05:00,-2426.652,2025-05-20 03:05:00
2025-05-20 03:10:00,-2411.728,2025-05-20 03:10:00
2025-05-20 03:15:00,-2311.753,2025-05-20 03:15:00
2025-05-20 03:20:00,-2426.657,2025-05-20 03:20:00
2025-05-20 03:25:00,-2426.671,2025-05-20 03:25:00
2025-05-20 03:30:00,-2299.764,2025-05-20 03:30:00
2025-05-20 03:35:00,-2391.761,2025-05-20 03:35:00
2025-05-20 03:40:00,-2375.736,2025-05-20 03:40:00
2025-05-20 03:45:00,-2363.738,2025-05-20 03:45:00
2025-05-20 03:50:00,-2379.775,2025-05-20 03:50:00
2025-05-20 03:55:00,-2426.675,2025-05-20 03:55:00
2025-05-20 04:00:00,-2426.671,2025-05-20 04:00:00
2025-05-20 04:05:00,-2299.724,2025-05-20 04:05:00
2025-05-20 04:10:00,-2371.737,2025-05-20 04:10:00
2025-05-20 04:15:00,-2426.67,2025-05-20 04:15:00
2025-05-20 04:20:00,-2426.683,2025-05-20 04:20:00
2025-05-20 04:25:00,-2426.653,2025-05-20 04:25:00
2025-05-20 04:30:00,-2403.705,2025-05-20 04:30:00
2025-05-20 04:35:00,-2426.699,2025-05-20 04:35:00
2025-05-20 04:40:00,-2367.718,2025-05-20 04:40:00
2025-05-20 04:45:00,-2426.686,2025-05-20 04:45:00
2025-05-20 04:50:00,-2411.698,2025-05-20 04:50:00
2025-05-20 04:55:00,-2391.751,2025-05-20 04:55:00
2025-05-20 05:00:00,-2395.7,2025-05-20 05:00:00
2025-05-20 05:05:00,-2423.462,2025-05-20 05:05:00
2025-05-20 05:10:00,-2271.724,2025-05-20 05:10:00
2025-05-20 05:15:00,-2426.662,2025-05-20 05:15:00
2025-05-20 05:20:00,-2426.68,2025-05-20 05:20:00
2025-05-20 05:25:00,-2426.688,2025-05-20 05:25:00
2025-05-20 05:30:00,-2339.721,2025-05-20 05:30:00
2025-05-20 05:35:00,-2426.683,2025-05-20 05:35:00
2025-05-20 05:40:00,-2426.691,2025-05-20 05:40:00
2025-05-20 05:45:00,-2426.672,2025-05-20 05:45:00
2025-05-20 05:50:00,-2426.697,2025-05-20 05:50:00
2025-05-20 05:55:00,-2426.685,2025-05-20 05:55:00
2025-05-20 06:00:00,0.0,2025-05-20 06:00:00
2025-05-20 06:05:00,0.0,2025-05-20 06:05:00
2025-05-20 06:10:00,0.0,2025-05-20 06:10:00
2025-05-20 06:15:00,0.0,2025-05-20 06:15:00
2025-05-20 06:20:00,0.0,2025-05-20 06:20:00
2025-05-20 06:25:00,0.0,2025-05-20 06:25:00
2025-05-20 06:30:00,0.0,2025-05-20 06:30:00
2025-05-20 06:35:00,0.0,2025-05-20 06:35:00
2025-05-20 06:40:00,0.0,2025-05-20 06:40:00
2025-05-20 06:45:00,0.0,2025-05-20 06:45:00
2025-05-20 06:50:00,0.0,2025-05-20 06:50:00
2025-05-20 06:55:00,0.0,2025-05-20 06:55:00
2025-05-20 07:00:00,0.0,2025-05-20 07:00:00
2025-05-20 07:05:00,0.0,2025-05-20 07:05:00
2025-05-20 07:10:00,0.0,2025-05-20 07:10:00
2025-05-20 07:15:00,0.0,2025-05-20 07:15:00
2025-05-20 07:20:00,0.0,2025-05-20 07:20:00
2025-05-20 07:25:00,0.0,2025-05-20 07:25:00
2025-05-20 07:30:00,0.0,2025-05-20 07:30:00
2025-05-20 07:35:00,0.0,2025-05-20 07:35:00
2025-05-20 07:40:00,0.0,2025-05-20 07:40:00
2025-05-20 07:45:00,0.0,2025-05-20 07:45:00
2025-05-20 07:50:00,0.0,2025-05-20 07:50:00
2025-05-20 07:55:00,0.0,2025-05-20 07:55:00
2025-05-20 08:00:00,9000.0,2025-05-20 08:00:00
2025-05-20 08:05:00,9000.0,2025-05-20 08:05:00
2025-05-20 08:10:00,9000.0,2025-05-20 08:10:00
2025-05-20 08:15:00,9000.0,2025-05-20 08:15:00
2025-05-20 08:20:00,9000.0,2025-05-20 08:20:00
2025-05-20 08:25:00,9000.0,2025-05-20 08:25:00
2025-05-20 08:30:00,9000.0,2025-05-20 08:30:00
2025-05-20 08:35:00,9000.0,2025-05-20 08:35:00
2025-05-20 08:40:00,9000.0,2025-05-20 08:40:00
2025-05-20 08:45:00,9000.0,2025-05-20 08:45:00
2025-05-20 08:50:00,9000.0,2025-05-20 08:50:00
2025-05-20 08:55:00,9000.0,2025-05-20 08:55:00
2025-05-20 09:00:00,9000.0,2025-05-20 09:00:00
2025-05-20 09:05:00,9000.0,2025-05-20 09:05:00
2025-05-20 09:10:00,9000.0,2025-05-20 09:10:00
2025-05-20 09:15:00,9000.0,2025-05-20 09:15:00
2025-05-20 09:20:00,9000.0,2025-05-20 09:20:00
2025-05-20 09:25:00,9000.0,2025-05-20 09:25:00
2025-05-20 09:30:00,9000.0,2025-05-20 09:30:00
2025-05-20 09:35:00,9000.0,2025-05-20 09:35:00
2025-05-20 09:40:00,8999.999,2025-05-20 09:40:00
2025-05-20 09:45:00,5939.999,2025-05-20 09:45:00
2025-05-20 09:50:00,0.0,2025-05-20 09:50:00
2025-05-20 09:55:00,0.0,2025-05-20 09:55:00
2025-05-20 10:00:00,0.0,2025-05-20 10:00:00
2025-05-20 10:05:00,0.0,2025-05-20 10:05:00
2025-05-20 10:10:00,0.0,2025-05-20 10:10:00
2025-05-20 10:15:00,0.0,2025-05-20 10:15:00
2025-05-20 10:20:00,0.0,2025-05-20 10:20:00
2025-05-20 10:25:00,0.0,2025-05-20 10:25:00
2025-05-20 10:30:00,0.0,2025-05-20 10:30:00
2025-05-20 10:35:00,0.0,2025-05-20 10:35:00
2025-05-20 10:40:00,0.0,2025-05-20 10:40:00
2025-05-20 10:45:00,0.0,2025-05-20 10:45:00
2025-05-20 10:50:00,0.0,2025-05-20 10:50:00
2025-05-20 10:55:00,0.0,2025-05-20 10:55:00
2025-05-20 11:00:00,-2663.719,2025-05-20 11:00:00
2025-05-20 11:05:00,-2751.759,2025-05-20 11:05:00
2025-05-20 11:10:00,-2583.779,2025-05-20 11:10:00
2025-05-20 11:15:00,-2663.739,2025-05-20 11:15:00
2025-05-20 11:20:00,-2559.759,2025-05-20 11:20:00
2025-05-20 11:25:00,-2583.709,2025-05-20 11:25:00
2025-05-20 11:30:00,-2523.759,2025-05-20 11:30:00
2025-05-20 11:35:00,-2535.729,2025-05-20 11:35:00
2025-05-20 11:40:00,-2579.719,2025-05-20 11:40:00
2025-05-20 11:45:00,-2495.769,2025-05-20 11:45:00
2025-05-20 11:50:00,-2479.759,2025-05-20 11:50:00
2025-05-20 11:55:00,-2567.729,2025-05-20 11:55:00
2025-05-20 12:00:00,-2523.719,2025-05-20 12:00:00
2025-05-20 12:05:00,-2535.749,2025-05-20 12:05:00
2025-05-20 12:10:00,-2539.769,2025-05-20 12:10:00
2025-05-20 12:15:00,-2515.739,2025-05-20 12:15:00
2025-05-20 12:20:00,-2555.789,2025-05-20 12:20:00
2025-05-20 12:25:00,-2471.749,2025-05-20 12:25:00
2025-05-20 12:30:00,-2559.749,2025-05-20 12:30:00
2025-05-20 12:35:00,-2575.779,2025-05-20 12:35:00
2025-05-20 12:40:00,-2487.739,2025-05-20 12:40:00
2025-05-20 12:45:00,-2467.709,2025-05-20 12:45:00
2025-05-20 12:50:00,-2415.739,2025-05-20 12:50:00
2025-05-20 12:55:00,-2291.739,2025-05-20 12:55:00
2025-05-20 13:00:00,-2115.759,2025-05-20 13:00:00
2025-05-20 13:05:00,-2335.739,2025-05-20 13:05:00
2025-05-20 13:10:00,-2243.749,2025-05-20 13:10:00
2025-05-20 13:15:00,-2255.719,2025-05-20 13:15:00
2025-05-20 13:20:00,-2275.709,2025-05-20 13:20:00
2025-05-20 13:25:00,-2299.739,2025-05-20 13:25:00
2025-05-20 13:30:00,-2295.729,2025-05-20 13:30:00
2025-05-20 13:35:00,-2231.699,2025-05-20 13:35:00
2025-05-20 13:40:00,-2475.769,2025-05-20 13:40:00
2025-05-20 13:45:00,-2363.729,2025-05-20 13:45:00
2025-05-20 13:50:00,-2411.689,2025-05-20 13:50:00
2025-05-20 13:55:00,-2235.699,2025-05-20 13:55:00
2025-05-20 14:00:00,-2323.729,2025-05-20 14:00:00
2025-05-20 14:05:00,-2387.699,2025-05-20 14:05:00
2025-05-20 14:10:00,-2399.759,2025-05-20 14:10:00
2025-05-20 14:15:00,-2227.719,2025-05-20 14:15:00
2025-05-20 14:20:00,-2123.719,2025-05-20 14:20:00
2025-05-20 14:25:00,-2071.719,2025-05-20 14:25:00
2025-05-20 14:30:00,-2155.749,2025-05-20 14:30:00
2025-05-20 14:35:00,-2011.709,2025-05-20 14:35:00
2025-05-20 14:40:00,-2011.769,2025-05-20 14:40:00
2025-05-20 14:45:00,-2195.779,2025-05-20 14:45:00
2025-05-20 14:50:00,-2311.739,2025-05-20 14:50:00
2025-05-20 14:55:00,-2303.759,2025-05-20 14:55:00
2025-05-20 15:00:00,-2295.749,2025-05-20 15:00:00
2025-05-20 15:05:00,-2255.729,2025-05-20 15:05:00
2025-05-20 15:10:00,-2403.719,2025-05-20 15:10:00
2025-05-20 15:15:00,-2395.749,2025-05-20 15:15:00
2025-05-20 15:20:00,-2307.709,2025-05-20 15:20:00
2025-05-20 15:25:00,-2151.779,2025-05-20 15:25:00
2025-05-20 15:30:00,-2367.749,2025-05-20 15:30:00
2025-05-20 15:35:00,-2211.749,2025-05-20 15:35:00
2025-05-20 15:40:00,-2115.749,2025-05-20 15:40:00
2025-05-20 15:45:00,-2371.729,2025-05-20 15:45:00
2025-05-20 15:50:00,-2383.719,2025-05-20 15:50:00
2025-05-20 15:55:00,-2219.729,2025-05-20 15:55:00
2025-05-20 16:00:00,-2351.749,2025-05-20 16:00:00
2025-05-20 16:05:00,-2355.719,2025-05-20 16:05:00
2025-05-20 16:10:00,-2359.739,2025-05-20 16:10:00
2025-05-20 16:15:00,-2147.709,2025-05-20 16:15:00
2025-05-20 16:20:00,-2275.729,2025-05-20 16:20:00
2025-05-20 16:25:00,-2283.739,2025-05-20 16:25:00
2025-05-20 16:30:00,-2279.749,2025-05-20 16:30:00
2025-05-20 16:35:00,-2215.729,2025-05-20 16:35:00
2025-05-20 16:40:00,-2187.749,2025-05-20 16:40:00
2025-05-20 16:45:00,-2363.719,2025-05-20 16:45:00
2025-05-20 16:50:00,-2279.739,2025-05-20 16:50:00
2025-05-20 16:55:00,-2075.719,2025-05-20 16:55:00
2025-05-20 17:00:00,-2239.759,2025-05-20 17:00:00
2025-05-20 17:05:00,-2247.699,2025-05-20 17:05:00
2025-05-20 17:10:00,-2271.749,2025-05-20 17:10:00
2025-05-20 17:15:00,-2131.759,2025-05-20 17:15:00
2025-05-20 17:20:00,-2111.719,2025-05-20 17:20:00
2025-05-20 17:25:00,-2019.749,2025-05-20 17:25:00
2025-05-20 17:30:00,-2343.729,2025-05-20 17:30:00
2025-05-20 17:35:00,-2291.779,2025-05-20 17:35:00
2025-05-20 17:40:00,-2151.739,2025-05-20 17:40:00
2025-05-20 17:45:00,-2247.739,2025-05-20 17:45:00
2025-05-20 17:50:00,-2271.759,2025-05-20 17:50:00
2025-05-20 17:55:00,-2095.699,2025-05-20 17:55:00
2025-05-20 18:00:00,9000.0,2025-05-20 18:00:00
2025-05-20 18:05:00,9000.0,2025-05-20 18:05:00
2025-05-20 18:10:00,9000.0,2025-05-20 18:10:00
2025-05-20 18:15:00,9000.0,2025-05-20 18:15:00
2025-05-20 18:20:00,9000.0,2025-05-20 18:20:00
2025-05-20 18:25:00,9000.0,2025-05-20 18:25:00
2025-05-20 18:30:00,9000.0,2025-05-20 18:30:00
2025-05-20 18:35:00,9000.0,2025-05-20 18:35:00
2025-05-20 18:40:00,9000.0,2025-05-20 18:40:00
2025-05-20 18:45:00,9000.0,2025-05-20 18:45:00
2025-05-20 18:50:00,9000.0,2025-05-20 18:50:00
2025-05-20 18:55:00,9000.0,2025-05-20 18:55:00
2025-05-20 19:00:00,9000.0,2025-05-20 19:00:00
2025-05-20 19:05:00,9000.0,2025-05-20 19:05:00
2025-05-20 19:10:00,9000.0,2025-05-20 19:10:00
2025-05-20 19:15:00,9000.0,2025-05-20 19:15:00
2025-05-20 19:20:00,9000.0,2025-05-20 19:20:00
2025-05-20 19:25:00,9000.0,2025-05-20 19:25:00
2025-05-20 19:30:00,8999.999,2025-05-20 19:30:00
2025-05-20 19:35:00,372.182,2025-05-20 19:35:00
2025-05-20 19:40:00,0.0,2025-05-20 19:40:00
2025-05-20 19:45:00,0.0,2025-05-20 19:45:00
2025-05-20 19:50:00,0.0,2025-05-20 19:50:00
2025-05-20 19:55:00,0.0,2025-05-20 19:55:00
2025-05-20 20:00:00,0.0,2025-05-20 20:00:00
2025-05-20 20:05:00,0.0,2025-05-20 20:05:00
2025-05-20 20:10:00,0.0,2025-05-20 20:10:00
2025-05-20 20:15:00,0.0,2025-05-20 20:15:00
2025-05-20 20:20:00,0.0,2025-05-20 20:20:00
2025-05-20 20:25:00,0.0,2025-05-20 20:25:00
2025-05-20 20:30:00,0.0,2025-05-20 20:30:00
2025-05-20 20:35:00,0.0,2025-05-20 20:35:00
2025-05-20 20:40:00,0.0,2025-05-20 20:40:00
2025-05-20 20:45:00,0.0,2025-05-20 20:45:00
2025-05-20 20:50:00,0.0,2025-05-20 20:50:00
2025-05-20 20:55:00,0.0,2025-05-20 20:55:00
2025-05-20 21:00:00,0.0,2025-05-20 21:00:00
2025-05-20 21:05:00,0.0,2025-05-20 21:05:00
2025-05-20 21:10:00,0.0,2025-05-20 21:10:00
2025-05-20 21:15:00,0.0,2025-05-20 21:15:00
2025-05-20 21:20:00,0.0,2025-05-20 21:20:00
2025-05-20 21:25:00,0.0,2025-05-20 21:25:00
2025-05-20 21:30:00,0.0,2025-05-20 21:30:00
2025-05-20 21:35:00,0.0,2025-05-20 21:35:00
2025-05-20 21:40:00,0.0,2025-05-20 21:40:00
2025-05-20 21:45:00,0.0,2025-05-20 21:45:00
2025-05-20 21:50:00,0.0,2025-05-20 21:50:00
2025-05-20 21:55:00,0.0,2025-05-20 21:55:00
2025-05-20 22:00:00,-2343.276,2025-05-20 22:00:00
2025-05-20 22:05:00,-2219.756,2025-05-20 22:05:00
2025-05-20 22:10:00,-2259.737,2025-05-20 22:10:00
2025-05-20 22:15:00,-2343.165,2025-05-20 22:15:00
2025-05-20 22:20:00,-2342.99,2025-05-20 22:20:00
2025-05-20 22:25:00,-2343.275,2025-05-20 22:25:00
2025-05-20 22:30:00,-2343.219,2025-05-20 22:30:00
2025-05-20 22:35:00,-2343.161,2025-05-20 22:35:00
2025-05-20 22:40:00,-2343.261,2025-05-20 22:40:00
2025-05-20 22:45:00,-2343.151,2025-05-20 22:45:00
2025-05-20 22:50:00,-2343.04,2025-05-20 22:50:00
2025-05-20 22:55:00,-2343.036,2025-05-20 22:55:00
2025-05-20 23:00:00,-2343.029,2025-05-20 23:00:00
2025-05-20 23:05:00,-2343.095,2025-05-20 23:05:00
2025-05-20 23:10:00,-2343.185,2025-05-20 23:10:00
2025-05-20 23:15:00,-2343.111,2025-05-20 23:15:00
2025-05-20 23:20:00,-2343.068,2025-05-20 23:20:00
2025-05-20 23:25:00,-2343.233,2025-05-20 23:25:00
2025-05-20 23:30:00,-2343.107,2025-05-20 23:30:00
2025-05-20 23:35:00,-2343.036,2025-05-20 23:35:00
2025-05-20 23:40:00,-2343.282,2025-05-20 23:40:00
2025-05-20 23:45:00,-2343.234,2025-05-20 23:45:00
2025-05-20 23:50:00,-2343.135,2025-05-20 23:50:00
2025-05-20 23:55:00,-2342.986,2025-05-20 23:55:00
2025-05-21 00:00:00,-2342.989,2025-05-21 00:00:00
2025-05-21 00:05:00,-2343.001,2025-05-21 00:05:00
2025-05-21 00:10:00,-2343.074,2025-05-21 00:10:00
2025-05-21 00:15:00,-2343.0,2025-05-21 00:15:00
2025-05-21 00:20:00,-2343.036,2025-05-21 00:20:00
2025-05-21 00:25:00,-2343.176,2025-05-21 00:25:00
2025-05-21 00:30:00,-2343.12,2025-05-21 00:30:00
2025-05-21 00:35:00,-2343.286,2025-05-21 00:35:00
2025-05-21 00:40:00,-2343.23,2025-05-21 00:40:00
2025-05-21 00:45:00,-2343.163,2025-05-21 00:45:00
2025-05-21 00:50:00,-2343.153,2025-05-21 00:50:00
2025-05-21 00:55:00,-2343.247,2025-05-21 00:55:00
2025-05-21 01:00:00,-2303.743,2025-05-21 01:00:00
2025-05-21 01:05:00,-2343.098,2025-05-21 01:05:00
2025-05-21 01:10:00,-2343.029,2025-05-21 01:10:00
2025-05-21 01:15:00,-2343.034,2025-05-21 01:15:00
2025-05-21 01:20:00,-2343.167,2025-05-21 01:20:00
2025-05-21 01:25:00,-2342.993,2025-05-21 01:25:00
2025-05-21 01:30:00,-2343.041,2025-05-21 01:30:00
2025-05-21 01:35:00,-2343.084,2025-05-21 01:35:00
2025-05-21 01:40:00,-2343.004,2025-05-21 01:40:00
2025-05-21 01:45:00,-2342.935,2025-05-21 01:45:00
2025-05-21 01:50:00,-2343.003,2025-05-21 01:50:00
2025-05-21 01:55:00,-2343.002,2025-05-21 01:55:00
2025-05-21 02:00:00,-2343.016,2025-05-21 02:00:00
2025-05-21 02:05:00,-2342.956,2025-05-21 02:05:00
2025-05-21 02:10:00,-2342.941,2025-05-21 02:10:00
2025-05-21 02:15:00,-2342.94,2025-05-21 02:15:00
2025-05-21 02:20:00,-2342.948,2025-05-21 02:20:00
2025-05-21 02:25:00,-2342.929,2025-05-21 02:25:00
2025-05-21 02:30:00,-2342.942,2025-05-21 02:30:00
2025-05-21 02:35:00,-2343.177,2025-05-21 02:35:00
2025-05-21 02:40:00,-2343.127,2025-05-21 02:40:00
2025-05-21 02:45:00,-2343.065,2025-05-21 02:45:00
2025-05-21 02:50:00,-2271.707,2025-05-21 02:50:00
2025-05-21 02:55:00,-2343.187,2025-05-21 02:55:00
2025-05-21 03:00:00,-2339.383,2025-05-21 03:00:00
2025-05-21 03:05:00,-2303.783,2025-05-21 03:05:00
2025-05-21 03:10:00,-2235.756,2025-05-21 03:10:00
2025-05-21 03:15:00,-2195.726,2025-05-21 03:15:00
2025-05-21 03:20:00,-2215.676,2025-05-21 03:20:00
2025-05-21 03:25:00,-2155.716,2025-05-21 03:25:00
2025-05-21 03:30:00,-2203.766,2025-05-21 03:30:00
2025-05-21 03:35:00,-2343.158,2025-05-21 03:35:00
2025-05-21 03:40:00,-2343.309,2025-05-21 03:40:00
2025-05-21 03:45:00,-2263.777,2025-05-21 03:45:00
2025-05-21 03:50:00,-2203.756,2025-05-21 03:50:00
2025-05-21 03:55:00,-2343.13,2025-05-21 03:55:00
2025-05-21 04:00:00,-2335.665,2025-05-21 04:00:00
2025-05-21 04:05:00,-2331.693,2025-05-21 04:05:00
2025-05-21 04:10:00,-2342.98,2025-05-21 04:10:00
2025-05-21 04:15:00,-2243.766,2025-05-21 04:15:00
2025-05-21 04:20:00,-2343.157,2025-05-21 04:20:00
2025-05-21 04:25:00,-2323.736,2025-05-21 04:25:00
2025-05-21 04:30:00,-2343.155,2025-05-21 04:30:00
2025-05-21 04:35:00,-2342.973,2025-05-21 04:35:00
2025-05-21 04:40:00,-2267.727,2025-05-21 04:40:00
2025-05-21 04:45:00,-2342.945,2025-05-21 04:45:00
2025-05-21 04:50:00,-2247.736,2025-05-21 04:50:00
2025-05-21 04:55:00,-2343.019,2025-05-21 04:55:00
2025-05-21 05:00:00,-2311.717,2025-05-21 05:00:00
2025-05-21 05:05:00,-2343.043,2025-05-21 05:05:00
2025-05-21 05:10:00,-2343.154,2025-05-21 05:10:00
2025-05-21 05:15:00,-2343.176,2025-05-21 05:15:00
2025-05-21 05:20:00,-2343.222,2025-05-21 05:20:00
2025-05-21 05:25:00,-2343.003,2025-05-21 05:25:00
2025-05-21 05:30:00,-2243.776,2025-05-21 05:30:00
2025-05-21 05:35:00,-2207.725,2025-05-21 05:35:00
2025-05-21 05:40:00,-2343.224,2025-05-21 05:40:00
2025-05-21 05:45:00,-2311.717,2025-05-21 05:45:00
2025-05-21 05:50:00,-2343.039,2025-05-21 05:50:00
2025-05-21 05:55:00,-2343.087,2025-05-21 05:55:00
2025-05-21 06:00:00,0.0,2025-05-21 06:00:00
2025-05-21 06:05:00,0.0,2025-05-21 06:05:00
2025-05-21 06:10:00,0.0,2025-05-21 06:10:00
2025-05-21 06:15:00,0.0,2025-05-21 06:15:00
2025-05-21 06:20:00,0.0,2025-05-21 06:20:00
2025-05-21 06:25:00,0.0,2025-05-21 06:25:00
2025-05-21 06:30:00,0.0,2025-05-21 06:30:00
2025-05-21 06:35:00,0.0,2025-05-21 06:35:00
2025-05-21 06:40:00,0.0,2025-05-21 06:40:00
2025-05-21 06:45:00,0.0,2025-05-21 06:45:00
2025-05-21 06:50:00,0.0,2025-05-21 06:50:00
2025-05-21 06:55:00,0.0,2025-05-21 06:55:00
2025-05-21 07:00:00,0.0,2025-05-21 07:00:00
2025-05-21 07:05:00,0.0,2025-05-21 07:05:00
2025-05-21 07:10:00,0.0,2025-05-21 07:10:00
2025-05-21 07:15:00,0.0,2025-05-21 07:15:00
2025-05-21 07:20:00,0.0,2025-05-21 07:20:00
2025-05-21 07:25:00,0.0,2025-05-21 07:25:00
2025-05-21 07:30:00,0.0,2025-05-21 07:30:00
2025-05-21 07:35:00,0.0,2025-05-21 07:35:00
2025-05-21 07:40:00,0.0,2025-05-21 07:40:00
2025-05-21 07:45:00,0.0,2025-05-21 07:45:00
2025-05-21 07:50:00,0.0,2025-05-21 07:50:00
2025-05-21 07:55:00,0.0,2025-05-21 07:55:00
2025-05-21 08:00:00,9000.0,2025-05-21 08:00:00
2025-05-21 08:05:00,9000.0,2025-05-21 08:05:00
2025-05-21 08:10:00,9000.0,2025-05-21 08:10:00
2025-05-21 08:15:00,9000.0,2025-05-21 08:15:00
2025-05-21 08:20:00,9000.0,2025-05-21 08:20:00
2025-05-21 08:25:00,9000.0,2025-05-21 08:25:00
2025-05-21 08:30:00,9000.0,2025-05-21 08:30:00
2025-05-21 08:35:00,9000.0,2025-05-21 08:35:00
2025-05-21 08:40:00,9000.0,2025-05-21 08:40:00
2025-05-21 08:45:00,9000.0,2025-05-21 08:45:00
2025-05-21 08:50:00,9000.0,2025-05-21 08:50:00
2025-05-21 08:55:00,9000.0,2025-05-21 08:55:00
2025-05-21 09:00:00,9000.0,2025-05-21 09:00:00
2025-05-21 09:05:00,9000.0,2025-05-21 09:05:00
2025-05-21 09:10:00,9000.0,2025-05-21 09:10:00
2025-05-21 09:15:00,9000.0,2025-05-21 09:15:00
2025-05-21 09:20:00,9000.0,2025-05-21 09:20:00
2025-05-21 09:25:00,9000.0,2025-05-21 09:25:00
2025-05-21 09:30:00,9000.0,2025-05-21 09:30:00
2025-05-21 09:35:00,9000.0,2025-05-21 09:35:00
2025-05-21 09:40:00,8999.999,2025-05-21 09:40:00
2025-05-21 09:45:00,5939.999,2025-05-21 09:45:00
2025-05-21 09:50:00,0.0,2025-05-21 09:50:00
2025-05-21 09:55:00,0.0,2025-05-21 09:55:00
2025-05-21 10:00:00,0.0,2025-05-21 10:00:00
2025-05-21 10:05:00,0.0,2025-05-21 10:05:00
2025-05-21 10:10:00,0.0,2025-05-21 10:10:00
2025-05-21 10:15:00,0.0,2025-05-21 10:15:00
2025-05-21 10:20:00,0.0,2025-05-21 10:20:00
2025-05-21 10:25:00,0.0,2025-05-21 10:25:00
2025-05-21 10:30:00,0.0,2025-05-21 10:30:00
2025-05-21 10:35:00,0.0,2025-05-21 10:35:00
2025-05-21 10:40:00,0.0,2025-05-21 10:40:00
2025-05-21 10:45:00,0.0,2025-05-21 10:45:00
2025-05-21 10:50:00,0.0,2025-05-21 10:50:00
2025-05-21 10:55:00,0.0,2025-05-21 10:55:00
2025-05-21 11:00:00,-2735.759,2025-05-21 11:00:00
2025-05-21 11:05:00,-2731.729,2025-05-21 11:05:00
2025-05-21 11:10:00,-2719.749,2025-05-21 11:10:00
2025-05-21 11:15:00,-2747.759,2025-05-21 11:15:00
2025-05-21 11:20:00,-2667.759,2025-05-21 11:20:00
2025-05-21 11:25:00,-2603.739,2025-05-21 11:25:00
2025-05-21 11:30:00,-2579.749,2025-05-21 11:30:00
2025-05-21 11:35:00,-2627.719,2025-05-21 11:35:00
2025-05-21 11:40:00,-2715.719,2025-05-21 11:40:00
2025-05-21 11:45:00,-2635.739,2025-05-21 11:45:00
2025-05-21 11:50:00,-2731.709,2025-05-21 11:50:00
2025-05-21 11:55:00,-2659.769,2025-05-21 11:55:00
2025-05-21 12:00:00,-2647.759,2025-05-21 12:00:00
2025-05-21 12:05:00,-2679.729,2025-05-21 12:05:00
2025-05-21 12:10:00,-2695.749,2025-05-21 12:10:00
2025-05-21 12:15:00,-2611.779,2025-05-21 12:15:00
2025-05-21 12:20:00,-2683.739,2025-05-21 12:20:00
2025-05-21 12:25:00,-2635.759,2025-05-21 12:25:00
2025-05-21 12:30:00,-2683.729,2025-05-21 12:30:00
2025-05-21 12:35:00,-2603.739,2025-05-21 12:35:00
2025-05-21 12:40:00,-2643.739,2025-05-21 12:40:00
2025-05-21 12:45:00,-2755.759,2025-05-21 12:45:00
2025-05-21 12:50:00,-2791.749,2025-05-21 12:50:00
2025-05-21 12:55:00,-2743.749,2025-05-21 12:55:00
2025-05-21 13:00:00,-2651.769,2025-05-21 13:00:00
2025-05-21 13:05:00,-2627.749,2025-05-21 13:05:00
2025-05-21 13:10:00,-2735.709,2025-05-21 13:10:00
2025-05-21 13:15:00,-2631.729,2025-05-21 13:15:00
2025-05-21 13:20:00,-2655.739,2025-05-21 13:20:00
2025-05-21 13:25:00,-2483.759,2025-05-21 13:25:00
2025-05-21 13:30:00,-2707.759,2025-05-21 13:30:00
2025-05-21 13:35:00,-2667.769,2025-05-21 13:35:00
2025-05-21 13:40:00,-2571.729,2025-05-21 13:40:00
2025-05-21 13:45:00,-2587.729,2025-05-21 13:45:00
2025-05-21 13:50:00,-2563.739,2025-05-21 13:50:00
2025-05-21 13:55:00,-2567.719,2025-05-21 13:55:00
2025-05-21 14:00:00,-2455.729,2025-05-21 14:00:00
2025-05-21 14:05:00,-2535.749,2025-05-21 14:05:00
2025-05-21 14:10:00,-2643.749,2025-05-21 14:10:00
2025-05-21 14:15:00,-2563.759,2025-05-21 14:15:00
2025-05-21 14:20:00,-2611.759,2025-05-21 14:20:00
2025-05-21 14:25:00,-2559.719,2025-05-21 14:25:00
2025-05-21 14:30:00,-2471.739,2025-05-21 14:30:00
2025-05-21 14:35:00,-2611.749,2025-05-21 14:35:00
2025-05-21 14:40:00,-2439.749,2025-05-21 14:40:00
2025-05-21 14:45:00,-2519.749,2025-05-21 14:45:00
2025-05-21 14:50:00,-2591.729,2025-05-21 14:50:00
2025-05-21 14:55:00,-2627.729,2025-05-21 14:55:00
2025-05-21 15:00:00,-2499.719,2025-05-21 15:00:00
2025-05-21 15:05:00,-2619.739,2025-05-21 15:05:00
2025-05-21 15:10:00,-2779.719,2025-05-21 15:10:00
2025-05-21 15:15:00,-2791.759,2025-05-21 15:15:00
2025-05-21 15:20:00,-2567.779,2025-05-21 15:20:00
2025-05-21 15:25:00,-2607.759,2025-05-21 15:25:00
2025-05-21 15:30:00,-2775.739,2025-05-21 15:30:00
2025-05-21 15:35:00,-2663.729,2025-05-21 15:35:00
2025-05-21 15:40:00,-2747.729,2025-05-21 15:40:00
2025-05-21 15:45:00,-2639.729,2025-05-21 15:45:00
2025-05-21 15:50:00,-2755.749,2025-05-21 15:50:00
2025-05-21 15:55:00,-2703.719,2025-05-21 15:55:00
2025-05-21 16:00:00,-2563.759,2025-05-21 16:00:00
2025-05-21 16:05:00,-2523.769,2025-05-21 16:05:00
2025-05-21 16:10:00,-2471.749,2025-05-21 16:10:00
2025-05-21 16:15:00,-2603.749,2025-05-21 16:15:00
2025-05-21 16:20:00,-2547.729,2025-05-21 16:20:00
2025-05-21 16:25:00,-2531.709,2025-05-21 16:25:00
2025-05-21 16:30:00,-2543.699,2025-05-21 16:30:00
2025-05-21 16:35:00,-2567.729,2025-05-21 16:35:00
2025-05-21 16:40:00,-2587.729,2025-05-21 16:40:00
2025-05-21 16:45:00,-2559.739,2025-05-21 16:45:00
2025-05-21 16:50:00,-2523.769,2025-05-21 16:50:00
2025-05-21 16:55:00,-2663.759,2025-05-21 16:55:00
2025-05-21 17:00:00,-2671.769,2025-05-21 17:00:00
2025-05-21 17:05:00,-2587.759,2025-05-21 17:05:00
2025-05-21 17:10:00,-2767.739,2025-05-21 17:10:00
2025-05-21 17:15:00,-2883.759,2025-05-21 17:15:00
2025-05-21 17:20:00,-2823.749,2025-05-21 17:20:00
2025-05-21 17:25:00,-2879.739,2025-05-21 17:25:00
2025-05-21 17:30:00,-2751.749,2025-05-21 17:30:00
2025-05-21 17:35:00,-2627.769,2025-05-21 17:35:00
2025-05-21 17:40:00,-2483.729,2025-05-21 17:40:00
2025-05-21 17:45:00,-2643.739,2025-05-21 17:45:00
2025-05-21 17:50:00,-2739.789,2025-05-21 17:50:00
2025-05-21 17:55:00,-2787.719,2025-05-21 17:55:00
2025-05-21 18:00:00,9000.0,2025-05-21 18:00:00
2025-05-21 18:05:00,9000.0,2025-05-21 18:05:00
2025-05-21 18:10:00,9000.0,2025-05-21 18:10:00
2025-05-21 18:15:00,9000.0,2025-05-21 18:15:00
2025-05-21 18:20:00,9000.0,2025-05-21 18:20:00
2025-05-21 18:25:00,9000.0,2025-05-21 18:25:00
2025-05-21 18:30:00,9000.0,2025-05-21 18:30:00
2025-05-21 18:35:00,9000.0,2025-05-21 18:35:00
2025-05-21 18:40:00,9000.0,2025-05-21 18:40:00
2025-05-21 18:45:00,9000.0,2025-05-21 18:45:00
2025-05-21 18:50:00,9000.0,2025-05-21 18:50:00
2025-05-21 18:55:00,9000.0,2025-05-21 18:55:00
2025-05-21 19:00:00,9000.0,2025-05-21 19:00:00
2025-05-21 19:05:00,9000.0,2025-05-21 19:05:00
2025-05-21 19:10:00,9000.0,2025-05-21 19:10:00
2025-05-21 19:15:00,9000.0,2025-05-21 19:15:00
2025-05-21 19:20:00,9000.0,2025-05-21 19:20:00
2025-05-21 19:25:00,9000.0,2025-05-21 19:25:00
2025-05-21 19:30:00,9000.0,2025-05-21 19:30:00
2025-05-21 19:35:00,9000.0,2025-05-21 19:35:00
2025-05-21 19:40:00,8999.999,2025-05-21 19:40:00
2025-05-21 19:45:00,4949.743,2025-05-21 19:45:00
2025-05-21 19:50:00,0.0,2025-05-21 19:50:00
2025-05-21 19:55:00,0.0,2025-05-21 19:55:00
2025-05-21 20:00:00,0.0,2025-05-21 20:00:00
2025-05-21 20:05:00,0.0,2025-05-21 20:05:00
2025-05-21 20:10:00,0.0,2025-05-21 20:10:00
2025-05-21 20:15:00,0.0,2025-05-21 20:15:00
2025-05-21 20:20:00,0.0,2025-05-21 20:20:00
2025-05-21 20:25:00,0.0,2025-05-21 20:25:00
2025-05-21 20:30:00,0.0,2025-05-21 20:30:00
2025-05-21 20:35:00,0.0,2025-05-21 20:35:00
2025-05-21 20:40:00,0.0,2025-05-21 20:40:00
2025-05-21 20:45:00,0.0,2025-05-21 20:45:00
2025-05-21 20:50:00,0.0,2025-05-21 20:50:00
2025-05-21 20:55:00,0.0,2025-05-21 20:55:00
2025-05-21 21:00:00,0.0,2025-05-21 21:00:00
2025-05-21 21:05:00,0.0,2025-05-21 21:05:00
2025-05-21 21:10:00,0.0,2025-05-21 21:10:00
2025-05-21 21:15:00,0.0,2025-05-21 21:15:00
2025-05-21 21:20:00,0.0,2025-05-21 21:20:00
2025-05-21 21:25:00,0.0,2025-05-21 21:25:00
2025-05-21 21:30:00,0.0,2025-05-21 21:30:00
2025-05-21 21:35:00,0.0,2025-05-21 21:35:00
2025-05-21 21:40:00,0.0,2025-05-21 21:40:00
2025-05-21 21:45:00,0.0,2025-05-21 21:45:00
2025-05-21 21:50:00,0.0,2025-05-21 21:50:00
2025-05-21 21:55:00,0.0,2025-05-21 21:55:00
2025-05-21 22:00:00,-2323.12,2025-05-21 22:00:00
2025-05-21 22:05:00,-2323.169,2025-05-21 22:05:00
2025-05-21 22:10:00,-2323.165,2025-05-21 22:10:00
2025-05-21 22:15:00,-2323.151,2025-05-21 22:15:00
2025-05-21 22:20:00,-2323.173,2025-05-21 22:20:00
2025-05-21 22:25:00,-2323.132,2025-05-21 22:25:00
2025-05-21 22:30:00,-2324.208,2025-05-21 22:30:00
2025-05-21 22:35:00,-2324.091,2025-05-21 22:35:00
2025-05-21 22:40:00,-2323.845,2025-05-21 22:40:00
2025-05-21 22:45:00,-2323.512,2025-05-21 22:45:00
2025-05-21 22:50:00,-2323.862,2025-05-21 22:50:00
2025-05-21 22:55:00,-2323.352,2025-05-21 22:55:00
2025-05-21 23:00:00,-2323.698,2025-05-21 23:00:00
2025-05-21 23:05:00,-2323.101,2025-05-21 23:05:00
2025-05-21 23:10:00,-2323.339,2025-05-21 23:10:00
2025-05-21 23:15:00,-2323.198,2025-05-21 23:15:00
2025-05-21 23:20:00,-2323.235,2025-05-21 23:20:00
2025-05-21 23:25:00,-2323.301,2025-05-21 23:25:00
2025-05-21 23:30:00,-2323.156,2025-05-21 23:30:00
2025-05-21 23:35:00,-2323.209,2025-05-21 23:35:00
2025-05-21 23:40:00,-2323.178,2025-05-21 23:40:00
2025-05-21 23:45:00,-2323.271,2025-05-21 23:45:00
2025-05-21 23:50:00,-2323.227,2025-05-21 23:50:00
2025-05-21 23:55:00,-2323.23,2025-05-21 23:55:00
2025-05-22 00:00:00,-2323.25,2025-05-22 00:00:00
2025-05-22 00:05:00,-2323.229,2025-05-22 00:05:00
2025-05-22 00:10:00,-2323.373,2025-05-22 00:10:00
2025-05-22 00:15:00,-2323.401,2025-05-22 00:15:00
2025-05-22 00:20:00,-2323.345,2025-05-22 00:20:00
2025-05-22 00:25:00,-2323.289,2025-05-22 00:25:00
2025-05-22 00:30:00,-2323.854,2025-05-22 00:30:00
2025-05-22 00:35:00,-2323.374,2025-05-22 00:35:00
2025-05-22 00:40:00,-2323.379,2025-05-22 00:40:00
2025-05-22 00:45:00,-2323.561,2025-05-22 00:45:00
2025-05-22 00:50:00,-2323.32,2025-05-22 00:50:00
2025-05-22 00:55:00,-2323.277,2025-05-22 00:55:00
2025-05-22 01:00:00,-2323.477,2025-05-22 01:00:00
2025-05-22 01:05:00,-2323.28,2025-05-22 01:05:00
2025-05-22 01:10:00,-2323.36,2025-05-22 01:10:00
2025-05-22 01:15:00,-2323.327,2025-05-22 01:15:00
2025-05-22 01:20:00,-2323.274,2025-05-22 01:20:00
2025-05-22 01:25:00,-2323.275,2025-05-22 01:25:00
2025-05-22 01:30:00,-2323.28,2025-05-22 01:30:00
2025-05-22 01:35:00,-2323.339,2025-05-22 01:35:00
2025-05-22 01:40:00,-2323.489,2025-05-22 01:40:00
2025-05-22 01:45:00,-2323.905,2025-05-22 01:45:00
2025-05-22 01:50:00,-2323.706,2025-05-22 01:50:00
2025-05-22 01:55:00,-2323.269,2025-05-22 01:55:00
2025-05-22 02:00:00,-2324.188,2025-05-22 02:00:00
2025-05-22 02:05:00,-2323.254,2025-05-22 02:05:00
2025-05-22 02:10:00,-2323.253,2025-05-22 02:10:00
2025-05-22 02:15:00,-2323.5,2025-05-22 02:15:00
2025-05-22 02:20:00,-2323.634,2025-05-22 02:20:00
2025-05-22 02:25:00,-2323.602,2025-05-22 02:25:00
2025-05-22 02:30:00,-2324.401,2025-05-22 02:30:00
2025-05-22 02:35:00,-2323.336,2025-05-22 02:35:00
2025-05-22 02:40:00,-2323.325,2025-05-22 02:40:00
2025-05-22 02:45:00,-2323.4,2025-05-22 02:45:00
2025-05-22 02:50:00,-2323.408,2025-05-22 02:50:00
2025-05-22 02:55:00,-2323.646,2025-05-22 02:55:00
2025-05-22 03:00:00,-2323.286,2025-05-22 03:00:00
2025-05-22 03:05:00,-2323.325,2025-05-22 03:05:00
2025-05-22 03:10:00,-2323.294,2025-05-22 03:10:00
2025-05-22 03:15:00,-2323.274,2025-05-22 03:15:00
2025-05-22 03:20:00,-2323.513,2025-05-22 03:20:00
2025-05-22 03:25:00,-2323.388,2025-05-22 03:25:00
2025-05-22 03:30:00,-2323.396,2025-05-22 03:30:00
2025-05-22 03:35:00,-2323.371,2025-05-22 03:35:00
2025-05-22 03:40:00,-2323.366,2025-05-22 03:40:00
2025-05-22 03:45:00,-2323.382,2025-05-22 03:45:00
2025-05-22 03:50:00,-2323.261,2025-05-22 03:50:00
2025-05-22 03:55:00,-2323.344,2025-05-22 03:55:00
2025-05-22 04:00:00,-2323.257,2025-05-22 04:00:00
2025-05-22 04:05:00,-2323.269,2025-05-22 04:05:00
2025-05-22 04:10:00,-2323.273,2025-05-22 04:10:00
2025-05-22 04:15:00,-2323.258,2025-05-22 04:15:00
2025-05-22 04:20:00,-2323.292,2025-05-22 04:20:00
2025-05-22 04:25:00,-2323.235,2025-05-22 04:25:00
2025-05-22 04:30:00,-2323.367,2025-05-22 04:30:00
2025-05-22 04:35:00,-2323.251,2025-05-22 04:35:00
2025-05-22 04:40:00,-2323.236,2025-05-22 04:40:00
2025-05-22 04:45:00,-2323.205,2025-05-22 04:45:00
2025-05-22 04:50:00,-2323.216,2025-05-22 04:50:00
2025-05-22 04:55:00,-2323.269,2025-05-22 04:55:00
2025-05-22 05:00:00,-2323.185,2025-05-22 05:00:00
2025-05-22 05:05:00,-2323.233,2025-05-22 05:05:00
2025-05-22 05:10:00,-2323.312,2025-05-22 05:10:00
2025-05-22 05:15:00,-2323.286,2025-05-22 05:15:00
2025-05-22 05:20:00,-2323.308,2025-05-22 05:20:00
2025-05-22 05:25:00,-2323.35,2025-05-22 05:25:00
2025-05-22 05:30:00,-2323.278,2025-05-22 05:30:00
2025-05-22 05:35:00,-2323.122,2025-05-22 05:35:00
2025-05-22 05:40:00,-2323.18,2025-05-22 05:40:00
2025-05-22 05:45:00,-2323.189,2025-05-22 05:45:00
2025-05-22 05:50:00,-2323.159,2025-05-22 05:50:00
2025-05-22 05:55:00,-2323.044,2025-05-22 05:55:00
2025-05-22 06:00:00,0.0,2025-05-22 06:00:00
2025-05-22 06:05:00,0.0,2025-05-22 06:05:00
2025-05-22 06:10:00,0.0,2025-05-22 06:10:00
2025-05-22 06:15:00,0.0,2025-05-22 06:15:00
2025-05-22 06:20:00,0.0,2025-05-22 06:20:00
2025-05-22 06:25:00,0.0,2025-05-22 06:25:00
2025-05-22 06:30:00,0.0,2025-05-22 06:30:00
2025-05-22 06:35:00,0.0,2025-05-22 06:35:00
2025-05-22 06:40:00,0.0,2025-05-22 06:40:00
2025-05-22 06:45:00,0.0,2025-05-22 06:45:00
2025-05-22 06:50:00,0.0,2025-05-22 06:50:00
2025-05-22 06:55:00,0.0,2025-05-22 06:55:00
2025-05-22 07:00:00,0.0,2025-05-22 07:00:00
2025-05-22 07:05:00,0.0,2025-05-22 07:05:00
2025-05-22 07:10:00,0.0,2025-05-22 07:10:00
2025-05-22 07:15:00,0.0,2025-05-22 07:15:00
2025-05-22 07:20:00,0.0,2025-05-22 07:20:00
2025-05-22 07:25:00,0.0,2025-05-22 07:25:00
2025-05-22 07:30:00,0.0,2025-05-22 07:30:00
2025-05-22 07:35:00,0.0,2025-05-22 07:35:00
2025-05-22 07:40:00,0.0,2025-05-22 07:40:00
2025-05-22 07:45:00,0.0,2025-05-22 07:45:00
2025-05-22 07:50:00,0.0,2025-05-22 07:50:00
2025-05-22 07:55:00,0.0,2025-05-22 07:55:00
2025-05-22 08:00:00,9000.0,2025-05-22 08:00:00
2025-05-22 08:05:00,9000.0,2025-05-22 08:05:00
2025-05-22 08:10:00,9000.0,2025-05-22 08:10:00
2025-05-22 08:15:00,9000.0,2025-05-22 08:15:00
2025-05-22 08:20:00,9000.0,2025-05-22 08:20:00
2025-05-22 08:25:00,9000.0,2025-05-22 08:25:00
2025-05-22 08:30:00,9000.0,2025-05-22 08:30:00
2025-05-22 08:35:00,9000.0,2025-05-22 08:35:00
2025-05-22 08:40:00,9000.0,2025-05-22 08:40:00
2025-05-22 08:45:00,9000.0,2025-05-22 08:45:00
2025-05-22 08:50:00,9000.0,2025-05-22 08:50:00
2025-05-22 08:55:00,9000.0,2025-05-22 08:55:00
2025-05-22 09:00:00,9000.0,2025-05-22 09:00:00
2025-05-22 09:05:00,9000.0,2025-05-22 09:05:00
2025-05-22 09:10:00,9000.0,2025-05-22 09:10:00
2025-05-22 09:15:00,9000.0,2025-05-22 09:15:00
2025-05-22 09:20:00,9000.0,2025-05-22 09:20:00
2025-05-22 09:25:00,9000.0,2025-05-22 09:25:00
2025-05-22 09:30:00,8999.999,2025-05-22 09:30:00
2025-05-22 09:35:00,8999.999,2025-05-22 09:35:00
2025-05-22 09:40:00,8999.998,2025-05-22 09:40:00
2025-05-22 09:45:00,5939.997,2025-05-22 09:45:00
2025-05-22 09:50:00,0.0,2025-05-22 09:50:00
2025-05-22 09:55:00,0.0,2025-05-22 09:55:00
2025-05-22 10:00:00,0.0,2025-05-22 10:00:00
2025-05-22 10:05:00,0.0,2025-05-22 10:05:00
2025-05-22 10:10:00,0.0,2025-05-22 10:10:00
2025-05-22 10:15:00,0.0,2025-05-22 10:15:00
2025-05-22 10:20:00,0.0,2025-05-22 10:20:00
2025-05-22 10:25:00,0.0,2025-05-22 10:25:00
2025-05-22 10:30:00,0.0,2025-05-22 10:30:00
2025-05-22 10:35:00,0.0,2025-05-22 10:35:00
2025-05-22 10:40:00,0.0,2025-05-22 10:40:00
2025-05-22 10:45:00,0.0,2025-05-22 10:45:00
2025-05-22 10:50:00,0.0,2025-05-22 10:50:00
2025-05-22 10:55:00,0.0,2025-05-22 10:55:00
2025-05-22 11:00:00,-2563.739,2025-05-22 11:00:00
2025-05-22 11:05:00,-2611.739,2025-05-22 11:05:00
2025-05-22 11:10:00,-2475.739,2025-05-22 11:10:00
2025-05-22 11:15:00,-2743.749,2025-05-22 11:15:00
2025-05-22 11:20:00,-2491.739,2025-05-22 11:20:00
2025-05-22 11:25:00,-2495.729,2025-05-22 11:25:00
2025-05-22 11:30:00,-2467.759,2025-05-22 11:30:00
2025-05-22 11:35:00,-2491.749,2025-05-22 11:35:00
2025-05-22 11:40:00,-2391.749,2025-05-22 11:40:00
2025-05-22 11:45:00,-2559.729,2025-05-22 11:45:00
2025-05-22 11:50:00,-2491.699,2025-05-22 11:50:00
2025-05-22 11:55:00,-2675.719,2025-05-22 11:55:00
2025-05-22 12:00:00,-2531.719,2025-05-22 12:00:00
2025-05-22 12:05:00,-2539.759,2025-05-22 12:05:00
2025-05-22 12:10:00,-2499.749,2025-05-22 12:10:00
2025-05-22 12:15:00,-2427.719,2025-05-22 12:15:00
2025-05-22 12:20:00,-2523.729,2025-05-22 12:20:00
2025-05-22 12:25:00,-2435.719,2025-05-22 12:25:00
2025-05-22 12:30:00,-2419.729,2025-05-22 12:30:00
2025-05-22 12:35:00,-2427.739,2025-05-22 12:35:00
2025-05-22 12:40:00,-2551.729,2025-05-22 12:40:00
2025-05-22 12:45:00,-2459.749,2025-05-22 12:45:00
2025-05-22 12:50:00,-2599.729,2025-05-22 12:50:00
2025-05-22 12:55:00,-2551.749,2025-05-22 12:55:00
2025-05-22 13:00:00,-2467.749,2025-05-22 13:00:00
2025-05-22 13:05:00,-2575.749,2025-05-22 13:05:00
2025-05-22 13:10:00,-2651.739,2025-05-22 13:10:00
2025-05-22 13:15:00,-2451.729,2025-05-22 13:15:00
2025-05-22 13:20:00,-2447.749,2025-05-22 13:20:00
2025-05-22 13:25:00,-2391.729,2025-05-22 13:25:00
2025-05-22 13:30:00,-2607.729,2025-05-22 13:30:00
2025-05-22 13:35:00,-2599.729,2025-05-22 13:35:00
2025-05-22 13:40:00,-2595.749,2025-05-22 13:40:00
2025-05-22 13:45:00,-2675.749,2025-05-22 13:45:00
2025-05-22 13:50:00,-2707.719,2025-05-22 13:50:00
2025-05-22 13:55:00,-2687.749,2025-05-22 13:55:00
2025-05-22 14:00:00,-2611.749,2025-05-22 14:00:00
2025-05-22 14:05:00,-2587.709,2025-05-22 14:05:00
2025-05-22 14:10:00,-2607.749,2025-05-22 14:10:00
2025-05-22 14:15:00,-2671.739,2025-05-22 14:15:00
2025-05-22 14:20:00,-2767.729,2025-05-22 14:20:00
2025-05-22 14:25:00,-2715.709,2025-05-22 14:25:00
2025-05-22 14:30:00,-2607.709,2025-05-22 14:30:00
2025-05-22 14:35:00,-2483.709,2025-05-22 14:35:00
2025-05-22 14:40:00,-2567.769,2025-05-22 14:40:00
2025-05-22 14:45:00,-2635.729,2025-05-22 14:45:00
2025-05-22 14:50:00,-2659.719,2025-05-22 14:50:00
2025-05-22 14:55:00,-2683.729,2025-05-22 14:55:00
2025-05-22 15:00:00,-2651.729,2025-05-22 15:00:00
2025-05-22 15:05:00,-2635.739,2025-05-22 15:05:00
2025-05-22 15:10:00,-2695.729,2025-05-22 15:10:00
2025-05-22 15:15:00,-2699.729,2025-05-22 15:15:00
2025-05-22 15:20:00,-2615.749,2025-05-22 15:20:00
2025-05-22 15:25:00,-2619.729,2025-05-22 15:25:00
2025-05-22 15:30:00,-2595.729,2025-05-22 15:30:00
2025-05-22 15:35:00,-2579.729,2025-05-22 15:35:00
2025-05-22 15:40:00,-2619.719,2025-05-22 15:40:00
2025-05-22 15:45:00,-2683.729,2025-05-22 15:45:00
2025-05-22 15:50:00,-2599.739,2025-05-22 15:50:00
2025-05-22 15:55:00,-2559.759,2025-05-22 15:55:00
2025-05-22 16:00:00,-2619.749,2025-05-22 16:00:00
2025-05-22 16:05:00,-2659.759,2025-05-22 16:05:00
2025-05-22 16:10:00,-2639.749,2025-05-22 16:10:00
2025-05-22 16:15:00,-2631.779,2025-05-22 16:15:00
2025-05-22 16:20:00,-2655.689,2025-05-22 16:20:00
2025-05-22 16:25:00,-2615.749,2025-05-22 16:25:00
2025-05-22 16:30:00,-2519.749,2025-05-22 16:30:00
2025-05-22 16:35:00,-2819.739,2025-05-22 16:35:00
2025-05-22 16:40:00,-2771.689,2025-05-22 16:40:00
2025-05-22 16:45:00,-2703.729,2025-05-22 16:45:00
2025-05-22 16:50:00,-2591.719,2025-05-22 16:50:00
2025-05-22 16:55:00,-2675.709,2025-05-22 16:55:00
2025-05-22 17:00:00,-2599.739,2025-05-22 17:00:00
2025-05-22 17:05:00,-2587.729,2025-05-22 17:05:00
2025-05-22 17:10:00,-2643.739,2025-05-22 17:10:00
2025-05-22 17:15:00,-2691.759,2025-05-22 17:15:00
2025-05-22 17:20:00,-2699.749,2025-05-22 17:20:00
2025-05-22 17:25:00,-2531.759,2025-05-22 17:25:00
2025-05-22 17:30:00,-2583.729,2025-05-22 17:30:00
2025-05-22 17:35:00,-2591.709,2025-05-22 17:35:00
2025-05-22 17:40:00,-2563.729,2025-05-22 17:40:00
2025-05-22 17:45:00,-2699.739,2025-05-22 17:45:00
2025-05-22 17:50:00,-2583.759,2025-05-22 17:50:00
2025-05-22 17:55:00,-2671.729,2025-05-22 17:55:00
2025-05-22 18:00:00,9000.0,2025-05-22 18:00:00
2025-05-22 18:05:00,9000.0,2025-05-22 18:05:00
2025-05-22 18:10:00,9000.0,2025-05-22 18:10:00
2025-05-22 18:15:00,9000.0,2025-05-22 18:15:00
2025-05-22 18:20:00,9000.0,2025-05-22 18:20:00
2025-05-22 18:25:00,9000.0,2025-05-22 18:25:00
2025-05-22 18:30:00,9000.0,2025-05-22 18:30:00
2025-05-22 18:35:00,9000.0,2025-05-22 18:35:00
2025-05-22 18:40:00,9000.0,2025-05-22 18:40:00
2025-05-22 18:45:00,9000.0,2025-05-22 18:45:00
2025-05-22 18:50:00,9000.0,2025-05-22 18:50:00
2025-05-22 18:55:00,9000.0,2025-05-22 18:55:00
2025-05-22 19:00:00,9000.0,2025-05-22 19:00:00
2025-05-22 19:05:00,9000.0,2025-05-22 19:05:00
2025-05-22 19:10:00,9000.0,2025-05-22 19:10:00
2025-05-22 19:15:00,9000.0,2025-05-22 19:15:00
2025-05-22 19:20:00,9000.0,2025-05-22 19:20:00
2025-05-22 19:25:00,9000.0,2025-05-22 19:25:00
2025-05-22 19:30:00,8999.999,2025-05-22 19:30:00
2025-05-22 19:35:00,8999.999,2025-05-22 19:35:00
2025-05-22 19:40:00,8999.996,2025-05-22 19:40:00
2025-05-22 19:45:00,1358.749,2025-05-22 19:45:00
2025-05-22 19:50:00,0.0,2025-05-22 19:50:00
2025-05-22 19:55:00,0.0,2025-05-22 19:55:00
2025-05-22 20:00:00,0.0,2025-05-22 20:00:00
2025-05-22 20:05:00,0.0,2025-05-22 20:05:00
2025-05-22 20:10:00,0.0,2025-05-22 20:10:00
2025-05-22 20:15:00,0.0,2025-05-22 20:15:00
2025-05-22 20:20:00,0.0,2025-05-22 20:20:00
2025-05-22 20:25:00,0.0,2025-05-22 20:25:00
2025-05-22 20:30:00,0.0,2025-05-22 20:30:00
2025-05-22 20:35:00,0.0,2025-05-22 20:35:00
2025-05-22 20:40:00,0.0,2025-05-22 20:40:00
2025-05-22 20:45:00,0.0,2025-05-22 20:45:00
2025-05-22 20:50:00,0.0,2025-05-22 20:50:00
2025-05-22 20:55:00,0.0,2025-05-22 20:55:00
2025-05-22 21:00:00,0.0,2025-05-22 21:00:00
2025-05-22 21:05:00,0.0,2025-05-22 21:05:00
2025-05-22 21:10:00,0.0,2025-05-22 21:10:00
2025-05-22 21:15:00,0.0,2025-05-22 21:15:00
2025-05-22 21:20:00,0.0,2025-05-22 21:20:00
2025-05-22 21:25:00,0.0,2025-05-22 21:25:00
2025-05-22 21:30:00,0.0,2025-05-22 21:30:00
2025-05-22 21:35:00,0.0,2025-05-22 21:35:00
2025-05-22 21:40:00,0.0,2025-05-22 21:40:00
2025-05-22 21:45:00,0.0,2025-05-22 21:45:00
2025-05-22 21:50:00,0.0,2025-05-22 21:50:00
2025-05-22 21:55:00,0.0,2025-05-22 21:55:00
2025-05-22 22:00:00,-2322.932,2025-05-22 22:00:00
2025-05-22 22:05:00,-2322.957,2025-05-22 22:05:00
2025-05-22 22:10:00,-2322.944,2025-05-22 22:10:00
2025-05-22 22:15:00,-2322.943,2025-05-22 22:15:00
2025-05-22 22:20:00,-2322.94,2025-05-22 22:20:00
2025-05-22 22:25:00,-2322.959,2025-05-22 22:25:00
2025-05-22 22:30:00,-2322.968,2025-05-22 22:30:00
2025-05-22 22:35:00,-2322.954,2025-05-22 22:35:00
2025-05-22 22:40:00,-2322.962,2025-05-22 22:40:00
2025-05-22 22:45:00,-2322.971,2025-05-22 22:45:00
2025-05-22 22:50:00,-2322.99,2025-05-22 22:50:00
2025-05-22 22:55:00,-2322.99,2025-05-22 22:55:00
2025-05-22 23:00:00,-2322.979,2025-05-22 23:00:00
2025-05-22 23:05:00,-2322.992,2025-05-22 23:05:00
2025-05-22 23:10:00,-2323.006,2025-05-22 23:10:00
2025-05-22 23:15:00,-2323.024,2025-05-22 23:15:00
2025-05-22 23:20:00,-2323.007,2025-05-22 23:20:00
2025-05-22 23:25:00,-2323.035,2025-05-22 23:25:00
2025-05-22 23:30:00,-2323.02,2025-05-22 23:30:00
2025-05-22 23:35:00,-2323.028,2025-05-22 23:35:00
2025-05-22 23:40:00,-2323.053,2025-05-22 23:40:00
2025-05-22 23:45:00,-2323.046,2025-05-22 23:45:00
2025-05-22 23:50:00,-2323.059,2025-05-22 23:50:00
2025-05-22 23:55:00,-2323.073,2025-05-22 23:55:00
2025-05-23 00:00:00,-2323.067,2025-05-23 00:00:00
2025-05-23 00:05:00,-2323.1,2025-05-23 00:05:00
2025-05-23 00:10:00,-2323.094,2025-05-23 00:10:00
2025-05-23 00:15:00,-2323.112,2025-05-23 00:15:00
2025-05-23 00:20:00,-2323.122,2025-05-23 00:20:00
2025-05-23 00:25:00,-2323.138,2025-05-23 00:25:00
2025-05-23 00:30:00,-2323.147,2025-05-23 00:30:00
2025-05-23 00:35:00,-2323.156,2025-05-23 00:35:00
2025-05-23 00:40:00,-2323.167,2025-05-23 00:40:00
2025-05-23 00:45:00,-2323.191,2025-05-23 00:45:00
2025-05-23 00:50:00,-2323.196,2025-05-23 00:50:00
2025-05-23 00:55:00,-2323.221,2025-05-23 00:55:00
2025-05-23 01:00:00,-2323.252,2025-05-23 01:00:00
2025-05-23 01:05:00,-2323.252,2025-05-23 01:05:00
2025-05-23 01:10:00,-2323.259,2025-05-23 01:10:00
2025-05-23 01:15:00,-2323.271,2025-05-23 01:15:00
2025-05-23 01:20:00,-2323.327,2025-05-23 01:20:00
2025-05-23 01:25:00,-2323.324,2025-05-23 01:25:00
2025-05-23 01:30:00,-2323.311,2025-05-23 01:30:00
2025-05-23 01:35:00,-2323.328,2025-05-23 01:35:00
2025-05-23 01:40:00,-2323.35,2025-05-23 01:40:00
2025-05-23 01:45:00,-2323.363,2025-05-23 01:45:00
2025-05-23 01:50:00,-2323.388,2025-05-23 01:50:00
2025-05-23 01:55:00,-2323.393,2025-05-23 01:55:00
2025-05-23 02:00:00,-2323.416,2025-05-23 02:00:00
2025-05-23 02:05:00,-2323.401,2025-05-23 02:05:00
2025-05-23 02:10:00,-2323.417,2025-05-23 02:10:00
2025-05-23 02:15:00,-2323.428,2025-05-23 02:15:00
2025-05-23 02:20:00,-2323.466,2025-05-23 02:20:00
2025-05-23 02:25:00,-2323.473,2025-05-23 02:25:00
2025-05-23 02:30:00,-2323.465,2025-05-23 02:30:00
2025-05-23 02:35:00,-2323.483,2025-05-23 02:35:00
2025-05-23 02:40:00,-2323.485,2025-05-23 02:40:00
2025-05-23 02:45:00,-2323.502,2025-05-23 02:45:00
2025-05-23 02:50:00,-2323.531,2025-05-23 02:50:00
2025-05-23 02:55:00,-2323.536,2025-05-23 02:55:00
2025-05-23 03:00:00,-2323.542,2025-05-23 03:00:00
2025-05-23 03:05:00,-2323.547,2025-05-23 03:05:00
2025-05-23 03:10:00,-2323.559,2025-05-23 03:10:00
2025-05-23 03:15:00,-2323.567,2025-05-23 03:15:00
2025-05-23 03:20:00,-2323.589,2025-05-23 03:20:00
2025-05-23 03:25:00,-2323.59,2025-05-23 03:25:00
2025-05-23 03:30:00,-2323.609,2025-05-23 03:30:00
2025-05-23 03:35:00,-2323.623,2025-05-23 03:35:00
2025-05-23 03:40:00,-2323.616,2025-05-23 03:40:00
2025-05-23 03:45:00,-2323.637,2025-05-23 03:45:00
2025-05-23 03:50:00,-2323.651,2025-05-23 03:50:00
2025-05-23 03:55:00,-2323.652,2025-05-23 03:55:00
2025-05-23 04:00:00,-2323.657,2025-05-23 04:00:00
2025-05-23 04:05:00,-2323.662,2025-05-23 04:05:00
2025-05-23 04:10:00,-2323.685,2025-05-23 04:10:00
2025-05-23 04:15:00,-2323.689,2025-05-23 04:15:00
2025-05-23 04:20:00,-2323.698,2025-05-23 04:20:00
2025-05-23 04:25:00,-2323.692,2025-05-23 04:25:00
2025-05-23 04:30:00,-2323.713,2025-05-23 04:30:00
2025-05-23 04:35:00,-2323.712,2025-05-23 04:35:00
2025-05-23 04:40:00,-2323.712,2025-05-23 04:40:00
2025-05-23 04:45:00,-2323.712,2025-05-23 04:45:00
2025-05-23 04:50:00,-2323.72,2025-05-23 04:50:00
2025-05-23 04:55:00,-2323.722,2025-05-23 04:55:00
2025-05-23 05:00:00,-2323.731,2025-05-23 05:00:00
2025-05-23 05:05:00,-2323.732,2025-05-23 05:05:00
2025-05-23 05:10:00,-2323.744,2025-05-23 05:10:00
2025-05-23 05:15:00,-2323.744,2025-05-23 05:15:00
2025-05-23 05:20:00,-2323.756,2025-05-23 05:20:00
2025-05-23 05:25:00,-2323.745,2025-05-23 05:25:00
2025-05-23 05:30:00,-2323.766,2025-05-23 05:30:00
2025-05-23 05:35:00,-2323.756,2025-05-23 05:35:00
2025-05-23 05:40:00,-2323.754,2025-05-23 05:40:00
2025-05-23 05:45:00,-2323.744,2025-05-23 05:45:00
2025-05-23 05:50:00,-2323.748,2025-05-23 05:50:00
2025-05-23 05:55:00,-2323.742,2025-05-23 05:55:00
2025-05-23 06:00:00,0.0,2025-05-23 06:00:00
2025-05-23 06:05:00,0.0,2025-05-23 06:05:00
2025-05-23 06:10:00,0.0,2025-05-23 06:10:00
2025-05-23 06:15:00,0.0,2025-05-23 06:15:00
2025-05-23 06:20:00,0.0,2025-05-23 06:20:00
2025-05-23 06:25:00,0.0,2025-05-23 06:25:00
2025-05-23 06:30:00,0.0,2025-05-23 06:30:00
2025-05-23 06:35:00,0.0,2025-05-23 06:35:00
2025-05-23 06:40:00,0.0,2025-05-23 06:40:00
2025-05-23 06:45:00,0.0,2025-05-23 06:45:00
2025-05-23 06:50:00,0.0,2025-05-23 06:50:00
2025-05-23 06:55:00,0.0,2025-05-23 06:55:00
2025-05-23 07:00:00,0.0,2025-05-23 07:00:00
2025-05-23 07:05:00,0.0,2025-05-23 07:05:00
2025-05-23 07:10:00,0.0,2025-05-23 07:10:00
2025-05-23 07:15:00,0.0,2025-05-23 07:15:00
2025-05-23 07:20:00,0.0,2025-05-23 07:20:00
2025-05-23 07:25:00,0.0,2025-05-23 07:25:00
2025-05-23 07:30:00,0.0,2025-05-23 07:30:00
2025-05-23 07:35:00,0.0,2025-05-23 07:35:00
2025-05-23 07:40:00,0.0,2025-05-23 07:40:00
2025-05-23 07:45:00,0.0,2025-05-23 07:45:00
2025-05-23 07:50:00,0.0,2025-05-23 07:50:00
2025-05-23 07:55:00,0.0,2025-05-23 07:55:00
2025-05-23 08:00:00,9000.0,2025-05-23 08:00:00
2025-05-23 08:05:00,9000.0,2025-05-23 08:05:00
2025-05-23 08:10:00,9000.0,2025-05-23 08:10:00
2025-05-23 08:15:00,9000.0,2025-05-23 08:15:00
2025-05-23 08:20:00,9000.0,2025-05-23 08:20:00
2025-05-23 08:25:00,9000.0,2025-05-23 08:25:00
2025-05-23 08:30:00,9000.0,2025-05-23 08:30:00
2025-05-23 08:35:00,9000.0,2025-05-23 08:35:00
2025-05-23 08:40:00,9000.0,2025-05-23 08:40:00
2025-05-23 08:45:00,9000.0,2025-05-23 08:45:00
2025-05-23 08:50:00,9000.0,2025-05-23 08:50:00
2025-05-23 08:55:00,9000.0,2025-05-23 08:55:00
2025-05-23 09:00:00,9000.0,2025-05-23 09:00:00
2025-05-23 09:05:00,9000.0,2025-05-23 09:05:00
2025-05-23 09:10:00,9000.0,2025-05-23 09:10:00
2025-05-23 09:15:00,9000.0,2025-05-23 09:15:00
2025-05-23 09:20:00,9000.0,2025-05-23 09:20:00
2025-05-23 09:25:00,9000.0,2025-05-23 09:25:00
2025-05-23 09:30:00,9000.0,2025-05-23 09:30:00
2025-05-23 09:35:00,9000.0,2025-05-23 09:35:00
2025-05-23 09:40:00,8999.999,2025-05-23 09:40:00
2025-05-23 09:45:00,5939.999,2025-05-23 09:45:00
2025-05-23 09:50:00,0.0,2025-05-23 09:50:00
2025-05-23 09:55:00,0.0,2025-05-23 09:55:00
2025-05-23 10:00:00,0.0,2025-05-23 10:00:00
2025-05-23 10:05:00,0.0,2025-05-23 10:05:00
2025-05-23 10:10:00,0.0,2025-05-23 10:10:00
2025-05-23 10:15:00,0.0,2025-05-23 10:15:00
2025-05-23 10:20:00,0.0,2025-05-23 10:20:00
2025-05-23 10:25:00,0.0,2025-05-23 10:25:00
2025-05-23 10:30:00,0.0,2025-05-23 10:30:00
2025-05-23 10:35:00,0.0,2025-05-23 10:35:00
2025-05-23 10:40:00,0.0,2025-05-23 10:40:00
2025-05-23 10:45:00,0.0,2025-05-23 10:45:00
2025-05-23 10:50:00,0.0,2025-05-23 10:50:00
2025-05-23 10:55:00,0.0,2025-05-23 10:55:00
2025-05-23 11:00:00,-2655.635,2025-05-23 11:00:00
2025-05-23 11:05:00,-2655.626,2025-05-23 11:05:00
2025-05-23 11:10:00,-2655.628,2025-05-23 11:10:00
2025-05-23 11:15:00,-2655.627,2025-05-23 11:15:00
2025-05-23 11:20:00,-2655.625,2025-05-23 11:20:00
2025-05-23 11:25:00,-2655.626,2025-05-23 11:25:00
2025-05-23 11:30:00,-2655.624,2025-05-23 11:30:00
2025-05-23 11:35:00,-2655.617,2025-05-23 11:35:00
2025-05-23 11:40:00,-2655.617,2025-05-23 11:40:00
2025-05-23 11:45:00,-2655.615,2025-05-23 11:45:00
2025-05-23 11:50:00,-2655.616,2025-05-23 11:50:00
2025-05-23 11:55:00,-2655.611,2025-05-23 11:55:00
2025-05-23 12:00:00,-2655.609,2025-05-23 12:00:00
2025-05-23 12:05:00,-2655.602,2025-05-23 12:05:00
2025-05-23 12:10:00,-2655.602,2025-05-23 12:10:00
2025-05-23 12:15:00,-2655.586,2025-05-23 12:15:00
2025-05-23 12:20:00,-2655.578,2025-05-23 12:20:00
2025-05-23 12:25:00,-2655.574,2025-05-23 12:25:00
2025-05-23 12:30:00,-2655.57,2025-05-23 12:30:00
2025-05-23 12:35:00,-2655.562,2025-05-23 12:35:00
2025-05-23 12:40:00,-2655.574,2025-05-23 12:40:00
2025-05-23 12:45:00,-2655.554,2025-05-23 12:45:00
2025-05-23 12:50:00,-2655.554,2025-05-23 12:50:00
2025-05-23 12:55:00,-2655.544,2025-05-23 12:55:00
2025-05-23 13:00:00,-2655.537,2025-05-23 13:00:00
2025-05-23 13:05:00,-2655.526,2025-05-23 13:05:00
2025-05-23 13:10:00,-2655.514,2025-05-23 13:10:00
2025-05-23 13:15:00,-2655.495,2025-05-23 13:15:00
2025-05-23 13:20:00,-2655.47,2025-05-23 13:20:00
2025-05-23 13:25:00,-2655.458,2025-05-23 13:25:00
2025-05-23 13:30:00,-2655.443,2025-05-23 13:30:00
2025-05-23 13:35:00,-2655.422,2025-05-23 13:35:00
2025-05-23 13:40:00,-2655.407,2025-05-23 13:40:00
2025-05-23 13:45:00,-2655.393,2025-05-23 13:45:00
2025-05-23 13:50:00,-2655.377,2025-05-23 13:50:00
2025-05-23 13:55:00,-2655.365,2025-05-23 13:55:00
2025-05-23 14:00:00,-2655.35,2025-05-23 14:00:00
2025-05-23 14:05:00,-2655.342,2025-05-23 14:05:00
2025-05-23 14:10:00,-2655.332,2025-05-23 14:10:00
2025-05-23 14:15:00,-2655.318,2025-05-23 14:15:00
2025-05-23 14:20:00,-2655.303,2025-05-23 14:20:00
2025-05-23 14:25:00,-2655.28,2025-05-23 14:25:00
2025-05-23 14:30:00,-2655.272,2025-05-23 14:30:00
2025-05-23 14:35:00,-2655.264,2025-05-23 14:35:00
2025-05-23 14:40:00,-2655.251,2025-05-23 14:40:00
2025-05-23 14:45:00,-2655.238,2025-05-23 14:45:00
2025-05-23 14:50:00,-2655.217,2025-05-23 14:50:00
2025-05-23 14:55:00,-2655.217,2025-05-23 14:55:00
2025-05-23 15:00:00,-2655.214,2025-05-23 15:00:00
2025-05-23 15:05:00,-2655.193,2025-05-23 15:05:00
2025-05-23 15:10:00,-2655.177,2025-05-23 15:10:00
2025-05-23 15:15:00,-2655.16,2025-05-23 15:15:00
2025-05-23 15:20:00,-2655.168,2025-05-23 15:20:00
2025-05-23 15:25:00,-2655.152,2025-05-23 15:25:00
2025-05-23 15:30:00,-2655.124,2025-05-23 15:30:00
2025-05-23 15:35:00,-2655.11,2025-05-23 15:35:00
2025-05-23 15:40:00,-2655.106,2025-05-23 15:40:00
2025-05-23 15:45:00,-2655.059,2025-05-23 15:45:00
2025-05-23 15:50:00,-2655.096,2025-05-23 15:50:00
2025-05-23 15:55:00,-2655.066,2025-05-23 15:55:00
2025-05-23 16:00:00,-2655.058,2025-05-23 16:00:00
2025-05-23 16:05:00,-2655.072,2025-05-23 16:05:00
2025-05-23 16:10:00,-2655.063,2025-05-23 16:10:00
2025-05-23 16:15:00,-2655.032,2025-05-23 16:15:00
2025-05-23 16:20:00,-2655.013,2025-05-23 16:20:00
2025-05-23 16:25:00,-2655.01,2025-05-23 16:25:00
2025-05-23 16:30:00,-2654.978,2025-05-23 16:30:00
2025-05-23 16:35:00,-2654.977,2025-05-23 16:35:00
2025-05-23 16:40:00,-2654.958,2025-05-23 16:40:00
2025-05-23 16:45:00,-2654.948,2025-05-23 16:45:00
2025-05-23 16:50:00,-2654.944,2025-05-23 16:50:00
2025-05-23 16:55:00,-2654.936,2025-05-23 16:55:00
2025-05-23 17:00:00,-2654.93,2025-05-23 17:00:00
2025-05-23 17:05:00,-2654.913,2025-05-23 17:05:00
2025-05-23 17:10:00,-2654.918,2025-05-23 17:10:00
2025-05-23 17:15:00,-2654.911,2025-05-23 17:15:00
2025-05-23 17:20:00,-2654.891,2025-05-23 17:20:00
2025-05-23 17:25:00,-2654.88,2025-05-23 17:25:00
2025-05-23 17:30:00,-2654.89,2025-05-23 17:30:00
2025-05-23 17:35:00,-2654.873,2025-05-23 17:35:00
2025-05-23 17:40:00,-2654.883,2025-05-23 17:40:00
2025-05-23 17:45:00,-2654.875,2025-05-23 17:45:00
2025-05-23 17:50:00,-2654.869,2025-05-23 17:50:00
2025-05-23 17:55:00,-2654.866,2025-05-23 17:55:00
2025-05-23 18:00:00,9000.0,2025-05-23 18:00:00
2025-05-23 18:05:00,9000.0,2025-05-23 18:05:00
2025-05-23 18:10:00,9000.0,2025-05-23 18:10:00
2025-05-23 18:15:00,9000.0,2025-05-23 18:15:00
2025-05-23 18:20:00,9000.0,2025-05-23 18:20:00
2025-05-23 18:25:00,9000.0,2025-05-23 18:25:00
2025-05-23 18:30:00,9000.0,2025-05-23 18:30:00
2025-05-23 18:35:00,9000.0,2025-05-23 18:35:00
2025-05-23 18:40:00,9000.0,2025-05-23 18:40:00
2025-05-23 18:45:00,9000.0,2025-05-23 18:45:00
2025-05-23 18:50:00,9000.0,2025-05-23 18:50:00
2025-05-23 18:55:00,9000.0,2025-05-23 18:55:00
2025-05-23 19:00:00,9000.0,2025-05-23 19:00:00
2025-05-23 19:05:00,9000.0,2025-05-23 19:05:00
2025-05-23 19:10:00,9000.0,2025-05-23 19:10:00
2025-05-23 19:15:00,9000.0,2025-05-23 19:15:00
2025-05-23 19:20:00,9000.0,2025-05-23 19:20:00
2025-05-23 19:25:00,9000.0,2025-05-23 19:25:00
2025-05-23 19:30:00,9000.0,2025-05-23 19:30:00
2025-05-23 19:35:00,9000.0,2025-05-23 19:35:00
2025-05-23 19:40:00,8999.999,2025-05-23 19:40:00
2025-05-23 19:45:00,5939.999,2025-05-23 19:45:00
2025-05-23 19:50:00,0.0,2025-05-23 19:50:00
2025-05-23 19:55:00,0.0,2025-05-23 19:55:00
2025-05-23 20:00:00,0.0,2025-05-23 20:00:00
2025-05-23 20:05:00,0.0,2025-05-23 20:05:00
2025-05-23 20:10:00,0.0,2025-05-23 20:10:00
2025-05-23 20:15:00,0.0,2025-05-23 20:15:00
2025-05-23 20:20:00,0.0,2025-05-23 20:20:00
2025-05-23 20:25:00,0.0,2025-05-23 20:25:00
2025-05-23 20:30:00,0.0,2025-05-23 20:30:00
2025-05-23 20:35:00,0.0,2025-05-23 20:35:00
2025-05-23 20:40:00,0.0,2025-05-23 20:40:00
2025-05-23 20:45:00,0.0,2025-05-23 20:45:00
2025-05-23 20:50:00,0.0,2025-05-23 20:50:00
2025-05-23 20:55:00,0.0,2025-05-23 20:55:00
2025-05-23 21:00:00,0.0,2025-05-23 21:00:00
2025-05-23 21:05:00,0.0,2025-05-23 21:05:00
2025-05-23 21:10:00,0.0,2025-05-23 21:10:00
2025-05-23 21:15:00,0.0,2025-05-23 21:15:00
2025-05-23 21:20:00,0.0,2025-05-23 21:20:00
2025-05-23 21:25:00,0.0,2025-05-23 21:25:00
2025-05-23 21:30:00,0.0,2025-05-23 21:30:00
2025-05-23 21:35:00,0.0,2025-05-23 21:35:00
2025-05-23 21:40:00,0.0,2025-05-23 21:40:00
2025-05-23 21:45:00,0.0,2025-05-23 21:45:00
2025-05-23 21:50:00,0.0,2025-05-23 21:50:00
2025-05-23 21:55:00,0.0,2025-05-23 21:55:00
2025-05-23 22:00:00,-985.044,2025-05-23 22:00:00
2025-05-23 22:05:00,-985.28,2025-05-23 22:05:00
2025-05-23 22:10:00,-985.247,2025-05-23 22:10:00
2025-05-23 22:15:00,-985.251,2025-05-23 22:15:00
2025-05-23 22:20:00,-985.254,2025-05-23 22:20:00
2025-05-23 22:25:00,-985.345,2025-05-23 22:25:00
2025-05-23 22:30:00,-985.416,2025-05-23 22:30:00
2025-05-23 22:35:00,-985.39,2025-05-23 22:35:00
2025-05-23 22:40:00,-985.411,2025-05-23 22:40:00
2025-05-23 22:45:00,-985.409,2025-05-23 22:45:00
2025-05-23 22:50:00,-985.414,2025-05-23 22:50:00
2025-05-23 22:55:00,-985.425,2025-05-23 22:55:00
2025-05-23 23:00:00,-985.414,2025-05-23 23:00:00
2025-05-23 23:05:00,-985.426,2025-05-23 23:05:00
2025-05-23 23:10:00,-985.384,2025-05-23 23:10:00
2025-05-23 23:15:00,-985.349,2025-05-23 23:15:00
2025-05-23 23:20:00,-985.33,2025-05-23 23:20:00
2025-05-23 23:25:00,-985.29,2025-05-23 23:25:00
2025-05-23 23:30:00,-985.216,2025-05-23 23:30:00
2025-05-23 23:35:00,-985.105,2025-05-23 23:35:00
2025-05-23 23:40:00,-985.127,2025-05-23 23:40:00
2025-05-23 23:45:00,-984.95,2025-05-23 23:45:00
2025-05-23 23:50:00,-984.982,2025-05-23 23:50:00
2025-05-23 23:55:00,-984.849,2025-05-23 23:55:00
2025-05-24 00:00:00,-2587.739,2025-05-24 00:00:00
2025-05-24 00:05:00,-2611.719,2025-05-24 00:05:00
2025-05-24 00:10:00,-2611.719,2025-05-24 00:10:00
2025-05-24 00:15:00,-2603.759,2025-05-24 00:15:00
2025-05-24 00:20:00,-2699.739,2025-05-24 00:20:00
2025-05-24 00:25:00,-2439.719,2025-05-24 00:25:00
2025-05-24 00:30:00,-2607.689,2025-05-24 00:30:00
2025-05-24 00:35:00,-2615.709,2025-05-24 00:35:00
2025-05-24 00:40:00,-2767.739,2025-05-24 00:40:00
2025-05-24 00:45:00,-2547.729,2025-05-24 00:45:00
2025-05-24 00:50:00,-2823.739,2025-05-24 00:50:00
2025-05-24 00:55:00,-2963.719,2025-05-24 00:55:00
2025-05-24 01:00:00,-2783.729,2025-05-24 01:00:00
2025-05-24 01:05:00,-2847.769,2025-05-24 01:05:00
2025-05-24 01:10:00,-2907.749,2025-05-24 01:10:00
2025-05-24 01:15:00,-2999.709,2025-05-24 01:15:00
2025-05-24 01:20:00,-2843.749,2025-05-24 01:20:00
2025-05-24 01:25:00,-2751.729,2025-05-24 01:25:00
2025-05-24 01:30:00,-2655.709,2025-05-24 01:30:00
2025-05-24 01:35:00,-2739.729,2025-05-24 01:35:00
2025-05-24 01:40:00,-2751.719,2025-05-24 01:40:00
2025-05-24 01:45:00,-2723.739,2025-05-24 01:45:00
2025-05-24 01:50:00,-2695.739,2025-05-24 01:50:00
2025-05-24 01:55:00,-2811.699,2025-05-24 01:55:00
2025-05-24 02:00:00,-2923.699,2025-05-24 02:00:00
2025-05-24 02:05:00,-2871.769,2025-05-24 02:05:00
2025-05-24 02:10:00,-2931.729,2025-05-24 02:10:00
2025-05-24 02:15:00,-2759.739,2025-05-24 02:15:00
2025-05-24 02:20:00,-2883.729,2025-05-24 02:20:00
2025-05-24 02:25:00,-2831.749,2025-05-24 02:25:00
2025-05-24 02:30:00,-2783.719,2025-05-24 02:30:00
2025-05-24 02:35:00,-2759.759,2025-05-24 02:35:00
2025-05-24 02:40:00,-2783.719,2025-05-24 02:40:00
2025-05-24 02:45:00,-2823.759,2025-05-24 02:45:00
2025-05-24 02:50:00,-2635.769,2025-05-24 02:50:00
2025-05-24 02:55:00,-2639.739,2025-05-24 02:55:00
2025-05-24 03:00:00,-2543.759,2025-05-24 03:00:00
2025-05-24 03:05:00,-2799.779,2025-05-24 03:05:00
2025-05-24 03:10:00,-2547.679,2025-05-24 03:10:00
2025-05-24 03:15:00,-2531.779,2025-05-24 03:15:00
2025-05-24 03:20:00,-2527.759,2025-05-24 03:20:00
2025-05-24 03:25:00,-2607.739,2025-05-24 03:25:00
2025-05-24 03:30:00,-2711.739,2025-05-24 03:30:00
2025-05-24 03:35:00,-2683.719,2025-05-24 03:35:00
2025-05-24 03:40:00,-2743.739,2025-05-24 03:40:00
2025-05-24 03:45:00,-2567.739,2025-05-24 03:45:00
2025-05-24 03:50:00,-2563.759,2025-05-24 03:50:00
2025-05-24 03:55:00,-2595.739,2025-05-24 03:55:00
2025-05-24 04:00:00,-2655.719,2025-05-24 04:00:00
2025-05-24 04:05:00,-2559.719,2025-05-24 04:05:00
2025-05-24 04:10:00,-2723.739,2025-05-24 04:10:00
2025-05-24 04:15:00,-2799.759,2025-05-24 04:15:00
2025-05-24 04:20:00,-2767.759,2025-05-24 04:20:00
2025-05-24 04:25:00,-2595.759,2025-05-24 04:25:00
2025-05-24 04:30:00,-2607.759,2025-05-24 04:30:00
2025-05-24 04:35:00,-2811.759,2025-05-24 04:35:00
2025-05-24 04:40:00,-2679.739,2025-05-24 04:40:00
2025-05-24 04:45:00,-2607.729,2025-05-24 04:45:00
2025-05-24 04:50:00,-2615.739,2025-05-24 04:50:00
2025-05-24 04:55:00,-2639.769,2025-05-24 04:55:00
2025-05-24 05:00:00,-2999.739,2025-05-24 05:00:00
2025-05-24 05:05:00,-2959.749,2025-05-24 05:05:00
2025-05-24 05:10:00,-3015.739,2025-05-24 05:10:00
2025-05-24 05:15:00,-3147.759,2025-05-24 05:15:00
2025-05-24 05:20:00,-3287.719,2025-05-24 05:20:00
2025-05-24 05:25:00,-3087.719,2025-05-24 05:25:00
2025-05-24 05:30:00,-3007.739,2025-05-24 05:30:00
2025-05-24 05:35:00,-3015.739,2025-05-24 05:35:00
2025-05-24 05:40:00,-3151.769,2025-05-24 05:40:00
2025-05-24 05:45:00,-3187.769,2025-05-24 05:45:00
2025-05-24 05:50:00,-2999.749,2025-05-24 05:50:00
2025-05-24 05:55:00,-3023.729,2025-05-24 05:55:00
2025-05-24 06:00:00,0.0,2025-05-24 06:00:00
2025-05-24 06:05:00,0.0,2025-05-24 06:05:00
2025-05-24 06:10:00,0.0,2025-05-24 06:10:00
2025-05-24 06:15:00,0.0,2025-05-24 06:15:00
2025-05-24 06:20:00,0.0,2025-05-24 06:20:00
2025-05-24 06:25:00,0.0,2025-05-24 06:25:00
2025-05-24 06:30:00,0.0,2025-05-24 06:30:00
2025-05-24 06:35:00,0.0,2025-05-24 06:35:00
2025-05-24 06:40:00,0.0,2025-05-24 06:40:00
2025-05-24 06:45:00,0.0,2025-05-24 06:45:00
2025-05-24 06:50:00,0.0,2025-05-24 06:50:00
2025-05-24 06:55:00,0.0,2025-05-24 06:55:00
2025-05-24 07:00:00,0.0,2025-05-24 07:00:00
2025-05-24 07:05:00,0.0,2025-05-24 07:05:00
2025-05-24 07:10:00,0.0,2025-05-24 07:10:00
2025-05-24 07:15:00,0.0,2025-05-24 07:15:00
2025-05-24 07:20:00,0.0,2025-05-24 07:20:00
2025-05-24 07:25:00,0.0,2025-05-24 07:25:00
2025-05-24 07:30:00,0.0,2025-05-24 07:30:00
2025-05-24 07:35:00,0.0,2025-05-24 07:35:00
2025-05-24 07:40:00,0.0,2025-05-24 07:40:00
2025-05-24 07:45:00,0.0,2025-05-24 07:45:00
2025-05-24 07:50:00,0.0,2025-05-24 07:50:00
2025-05-24 07:55:00,0.0,2025-05-24 07:55:00
2025-05-24 08:00:00,9000.0,2025-05-24 08:00:00
2025-05-24 08:05:00,9000.0,2025-05-24 08:05:00
2025-05-24 08:10:00,9000.0,2025-05-24 08:10:00
2025-05-24 08:15:00,9000.0,2025-05-24 08:15:00
2025-05-24 08:20:00,9000.0,2025-05-24 08:20:00
2025-05-24 08:25:00,9000.0,2025-05-24 08:25:00
2025-05-24 08:30:00,9000.0,2025-05-24 08:30:00
2025-05-24 08:35:00,9000.0,2025-05-24 08:35:00
2025-05-24 08:40:00,9000.0,2025-05-24 08:40:00
2025-05-24 08:45:00,9000.0,2025-05-24 08:45:00
2025-05-24 08:50:00,9000.0,2025-05-24 08:50:00
2025-05-24 08:55:00,9000.0,2025-05-24 08:55:00
2025-05-24 09:00:00,9000.0,2025-05-24 09:00:00
2025-05-24 09:05:00,9000.0,2025-05-24 09:05:00
2025-05-24 09:10:00,9000.0,2025-05-24 09:10:00
2025-05-24 09:15:00,9000.0,2025-05-24 09:15:00
2025-05-24 09:20:00,9000.0,2025-05-24 09:20:00
2025-05-24 09:25:00,9000.0,2025-05-24 09:25:00
2025-05-24 09:30:00,9000.0,2025-05-24 09:30:00
2025-05-24 09:35:00,9000.0,2025-05-24 09:35:00
2025-05-24 09:40:00,9000.0,2025-05-24 09:40:00
2025-05-24 09:45:00,5939.999,2025-05-24 09:45:00
2025-05-24 09:50:00,0.0,2025-05-24 09:50:00
2025-05-24 09:55:00,0.0,2025-05-24 09:55:00
2025-05-24 10:00:00,0.0,2025-05-24 10:00:00
2025-05-24 10:05:00,0.0,2025-05-24 10:05:00
2025-05-24 10:10:00,0.0,2025-05-24 10:10:00
2025-05-24 10:15:00,0.0,2025-05-24 10:15:00
2025-05-24 10:20:00,0.0,2025-05-24 10:20:00
2025-05-24 10:25:00,0.0,2025-05-24 10:25:00
2025-05-24 10:30:00,0.0,2025-05-24 10:30:00
2025-05-24 10:35:00,0.0,2025-05-24 10:35:00
2025-05-24 10:40:00,0.0,2025-05-24 10:40:00
2025-05-24 10:45:00,0.0,2025-05-24 10:45:00
2025-05-24 10:50:00,0.0,2025-05-24 10:50:00
2025-05-24 10:55:00,0.0,2025-05-24 10:55:00
2025-05-24 11:00:00,-2655.126,2025-05-24 11:00:00
2025-05-24 11:05:00,-2655.175,2025-05-24 11:05:00
2025-05-24 11:10:00,-2655.334,2025-05-24 11:10:00
2025-05-24 11:15:00,-2655.292,2025-05-24 11:15:00
2025-05-24 11:20:00,-2655.327,2025-05-24 11:20:00
2025-05-24 11:25:00,-2655.322,2025-05-24 11:25:00
2025-05-24 11:30:00,-2655.326,2025-05-24 11:30:00
2025-05-24 11:35:00,-2655.325,2025-05-24 11:35:00
2025-05-24 11:40:00,-2655.287,2025-05-24 11:40:00
2025-05-24 11:45:00,-2655.317,2025-05-24 11:45:00
2025-05-24 11:50:00,-2655.315,2025-05-24 11:50:00
2025-05-24 11:55:00,-2655.316,2025-05-24 11:55:00
2025-05-24 12:00:00,-2655.295,2025-05-24 12:00:00
2025-05-24 12:05:00,-2655.299,2025-05-24 12:05:00
2025-05-24 12:10:00,-2655.327,2025-05-24 12:10:00
2025-05-24 12:15:00,-2655.276,2025-05-24 12:15:00
2025-05-24 12:20:00,-2655.324,2025-05-24 12:20:00
2025-05-24 12:25:00,-2655.316,2025-05-24 12:25:00
2025-05-24 12:30:00,-2655.325,2025-05-24 12:30:00
2025-05-24 12:35:00,-2655.3,2025-05-24 12:35:00
2025-05-24 12:40:00,-2655.246,2025-05-24 12:40:00
2025-05-24 12:45:00,-2655.313,2025-05-24 12:45:00
2025-05-24 12:50:00,-2655.236,2025-05-24 12:50:00
2025-05-24 12:55:00,-2655.296,2025-05-24 12:55:00
2025-05-24 13:00:00,-2655.317,2025-05-24 13:00:00
2025-05-24 13:05:00,-2655.263,2025-05-24 13:05:00
2025-05-24 13:10:00,-2655.314,2025-05-24 13:10:00
2025-05-24 13:15:00,-2655.312,2025-05-24 13:15:00
2025-05-24 13:20:00,-2655.289,2025-05-24 13:20:00
2025-05-24 13:25:00,-2655.284,2025-05-24 13:25:00
2025-05-24 13:30:00,-2655.28,2025-05-24 13:30:00
2025-05-24 13:35:00,-2655.298,2025-05-24 13:35:00
2025-05-24 13:40:00,-2655.238,2025-05-24 13:40:00
2025-05-24 13:45:00,-2655.29,2025-05-24 13:45:00
2025-05-24 13:50:00,-2655.288,2025-05-24 13:50:00
2025-05-24 13:55:00,-2655.293,2025-05-24 13:55:00
2025-05-24 14:00:00,-2655.279,2025-05-24 14:00:00
2025-05-24 14:05:00,-2655.279,2025-05-24 14:05:00
2025-05-24 14:10:00,-2655.266,2025-05-24 14:10:00
2025-05-24 14:15:00,-2655.262,2025-05-24 14:15:00
2025-05-24 14:20:00,-2655.291,2025-05-24 14:20:00
2025-05-24 14:25:00,-2655.207,2025-05-24 14:25:00
2025-05-24 14:30:00,-2655.262,2025-05-24 14:30:00
2025-05-24 14:35:00,-2655.289,2025-05-24 14:35:00
2025-05-24 14:40:00,-2655.222,2025-05-24 14:40:00
2025-05-24 14:45:00,-2655.287,2025-05-24 14:45:00
2025-05-24 14:50:00,-2655.29,2025-05-24 14:50:00
2025-05-24 14:55:00,-2655.282,2025-05-24 14:55:00
2025-05-24 15:00:00,-2655.289,2025-05-24 15:00:00
2025-05-24 15:05:00,-2655.236,2025-05-24 15:05:00
2025-05-24 15:10:00,-2655.289,2025-05-24 15:10:00
2025-05-24 15:15:00,-2655.279,2025-05-24 15:15:00
2025-05-24 15:20:00,-2655.266,2025-05-24 15:20:00
2025-05-24 15:25:00,-2655.293,2025-05-24 15:25:00
2025-05-24 15:30:00,-2655.29,2025-05-24 15:30:00
2025-05-24 15:35:00,-2655.299,2025-05-24 15:35:00
2025-05-24 15:40:00,-2655.293,2025-05-24 15:40:00
2025-05-24 15:45:00,-2655.286,2025-05-24 15:45:00
2025-05-24 15:50:00,-2655.294,2025-05-24 15:50:00
2025-05-24 15:55:00,-2655.276,2025-05-24 15:55:00
2025-05-24 16:00:00,-2655.265,2025-05-24 16:00:00
2025-05-24 16:05:00,-2655.308,2025-05-24 16:05:00
2025-05-24 16:10:00,-2655.179,2025-05-24 16:10:00
2025-05-24 16:15:00,-2655.3,2025-05-24 16:15:00
2025-05-24 16:20:00,-2655.275,2025-05-24 16:20:00
2025-05-24 16:25:00,-2655.313,2025-05-24 16:25:00
2025-05-24 16:30:00,-2655.287,2025-05-24 16:30:00
2025-05-24 16:35:00,-2655.271,2025-05-24 16:35:00
2025-05-24 16:40:00,-2655.313,2025-05-24 16:40:00
2025-05-24 16:45:00,-2655.298,2025-05-24 16:45:00
2025-05-24 16:50:00,-2655.319,2025-05-24 16:50:00
2025-05-24 16:55:00,-2655.319,2025-05-24 16:55:00
2025-05-24 17:00:00,-2655.25,2025-05-24 17:00:00
2025-05-24 17:05:00,-2655.286,2025-05-24 17:05:00
2025-05-24 17:10:00,-2655.177,2025-05-24 17:10:00
2025-05-24 17:15:00,-2655.301,2025-05-24 17:15:00
2025-05-24 17:20:00,-2655.318,2025-05-24 17:20:00
2025-05-24 17:25:00,-2655.226,2025-05-24 17:25:00
2025-05-24 17:30:00,-2655.313,2025-05-24 17:30:00
2025-05-24 17:35:00,-2655.255,2025-05-24 17:35:00
2025-05-24 17:40:00,-2655.277,2025-05-24 17:40:00
2025-05-24 17:45:00,-2655.188,2025-05-24 17:45:00
2025-05-24 17:50:00,-2655.154,2025-05-24 17:50:00
2025-05-24 17:55:00,-2655.201,2025-05-24 17:55:00
2025-05-24 18:00:00,9000.0,2025-05-24 18:00:00
2025-05-24 18:05:00,9000.0,2025-05-24 18:05:00
2025-05-24 18:10:00,9000.0,2025-05-24 18:10:00
2025-05-24 18:15:00,9000.0,2025-05-24 18:15:00
2025-05-24 18:20:00,9000.0,2025-05-24 18:20:00
2025-05-24 18:25:00,9000.0,2025-05-24 18:25:00
2025-05-24 18:30:00,9000.0,2025-05-24 18:30:00
2025-05-24 18:35:00,9000.0,2025-05-24 18:35:00
2025-05-24 18:40:00,9000.0,2025-05-24 18:40:00
2025-05-24 18:45:00,9000.0,2025-05-24 18:45:00
2025-05-24 18:50:00,9000.0,2025-05-24 18:50:00
2025-05-24 18:55:00,9000.0,2025-05-24 18:55:00
2025-05-24 19:00:00,9000.0,2025-05-24 19:00:00
2025-05-24 19:05:00,9000.0,2025-05-24 19:05:00
2025-05-24 19:10:00,9000.0,2025-05-24 19:10:00
2025-05-24 19:15:00,9000.0,2025-05-24 19:15:00
2025-05-24 19:20:00,9000.0,2025-05-24 19:20:00
2025-05-24 19:25:00,9000.0,2025-05-24 19:25:00
2025-05-24 19:30:00,9000.0,2025-05-24 19:30:00
2025-05-24 19:35:00,9000.0,2025-05-24 19:35:00
2025-05-24 19:40:00,9000.0,2025-05-24 19:40:00
2025-05-24 19:45:00,5939.999,2025-05-24 19:45:00
2025-05-24 19:50:00,0.0,2025-05-24 19:50:00
2025-05-24 19:55:00,0.0,2025-05-24 19:55:00
2025-05-24 20:00:00,0.0,2025-05-24 20:00:00
2025-05-24 20:05:00,0.0,2025-05-24 20:05:00
2025-05-24 20:10:00,0.0,2025-05-24 20:10:00
2025-05-24 20:15:00,0.0,2025-05-24 20:15:00
2025-05-24 20:20:00,0.0,2025-05-24 20:20:00
2025-05-24 20:25:00,0.0,2025-05-24 20:25:00
2025-05-24 20:30:00,0.0,2025-05-24 20:30:00
2025-05-24 20:35:00,0.0,2025-05-24 20:35:00
2025-05-24 20:40:00,0.0,2025-05-24 20:40:00
2025-05-24 20:45:00,0.0,2025-05-24 20:45:00
2025-05-24 20:50:00,0.0,2025-05-24 20:50:00
2025-05-24 20:55:00,0.0,2025-05-24 20:55:00
2025-05-24 21:00:00,0.0,2025-05-24 21:00:00
2025-05-24 21:05:00,0.0,2025-05-24 21:05:00
2025-05-24 21:10:00,0.0,2025-05-24 21:10:00
2025-05-24 21:15:00,0.0,2025-05-24 21:15:00
2025-05-24 21:20:00,0.0,2025-05-24 21:20:00
2025-05-24 21:25:00,0.0,2025-05-24 21:25:00
2025-05-24 21:30:00,0.0,2025-05-24 21:30:00
2025-05-24 21:35:00,0.0,2025-05-24 21:35:00
2025-05-24 21:40:00,0.0,2025-05-24 21:40:00
2025-05-24 21:45:00,0.0,2025-05-24 21:45:00
2025-05-24 21:50:00,0.0,2025-05-24 21:50:00
2025-05-24 21:55:00,0.0,2025-05-24 21:55:00
2025-05-24 22:00:00,-2323.74,2025-05-24 22:00:00
2025-05-24 22:05:00,-2323.794,2025-05-24 22:05:00
2025-05-24 22:10:00,-2323.82,2025-05-24 22:10:00
2025-05-24 22:15:00,-2323.82,2025-05-24 22:15:00
2025-05-24 22:20:00,-2323.87,2025-05-24 22:20:00
2025-05-24 22:25:00,-2323.848,2025-05-24 22:25:00
2025-05-24 22:30:00,-2323.896,2025-05-24 22:30:00
2025-05-24 22:35:00,-2323.855,2025-05-24 22:35:00
2025-05-24 22:40:00,-2323.9,2025-05-24 22:40:00
2025-05-24 22:45:00,-2323.901,2025-05-24 22:45:00
2025-05-24 22:50:00,-2323.901,2025-05-24 22:50:00
2025-05-24 22:55:00,-2323.881,2025-05-24 22:55:00
2025-05-24 23:00:00,-2323.905,2025-05-24 23:00:00
2025-05-24 23:05:00,-2323.891,2025-05-24 23:05:00
2025-05-24 23:10:00,-2323.88,2025-05-24 23:10:00
2025-05-24 23:15:00,-2323.848,2025-05-24 23:15:00
2025-05-24 23:20:00,-2323.858,2025-05-24 23:20:00
2025-05-24 23:25:00,-2323.899,2025-05-24 23:25:00
2025-05-24 23:30:00,-2323.888,2025-05-24 23:30:00
2025-05-24 23:35:00,-2323.857,2025-05-24 23:35:00
2025-05-24 23:40:00,-2323.852,2025-05-24 23:40:00
2025-05-24 23:45:00,-2323.851,2025-05-24 23:45:00
2025-05-24 23:50:00,-2323.805,2025-05-24 23:50:00
2025-05-24 23:55:00,-2323.805,2025-05-24 23:55:00
2025-05-25 00:00:00,-2323.82,2025-05-25 00:00:00
2025-05-25 00:05:00,-2323.808,2025-05-25 00:05:00
2025-05-25 00:10:00,-2323.761,2025-05-25 00:10:00
2025-05-25 00:15:00,-2323.733,2025-05-25 00:15:00
2025-05-25 00:20:00,-2323.765,2025-05-25 00:20:00
2025-05-25 00:25:00,-2323.749,2025-05-25 00:25:00
2025-05-25 00:30:00,-2323.725,2025-05-25 00:30:00
2025-05-25 00:35:00,-2323.755,2025-05-25 00:35:00
2025-05-25 00:40:00,-2323.708,2025-05-25 00:40:00
2025-05-25 00:45:00,-2323.719,2025-05-25 00:45:00
2025-05-25 00:50:00,-2323.703,2025-05-25 00:50:00
2025-05-25 00:55:00,-2323.665,2025-05-25 00:55:00
2025-05-25 01:00:00,-2323.659,2025-05-25 01:00:00
2025-05-25 01:05:00,-2323.611,2025-05-25 01:05:00
2025-05-25 01:10:00,-2323.606,2025-05-25 01:10:00
2025-05-25 01:15:00,-2323.583,2025-05-25 01:15:00
2025-05-25 01:20:00,-2323.573,2025-05-25 01:20:00
2025-05-25 01:25:00,-2323.538,2025-05-25 01:25:00
2025-05-25 01:30:00,-2323.522,2025-05-25 01:30:00
2025-05-25 01:35:00,-2323.506,2025-05-25 01:35:00
2025-05-25 01:40:00,-2323.515,2025-05-25 01:40:00
2025-05-25 01:45:00,-2323.5,2025-05-25 01:45:00
2025-05-25 01:50:00,-2323.481,2025-05-25 01:50:00
2025-05-25 01:55:00,-2323.478,2025-05-25 01:55:00
2025-05-25 02:00:00,-2323.445,2025-05-25 02:00:00
2025-05-25 02:05:00,-2323.458,2025-05-25 02:05:00
2025-05-25 02:10:00,-2323.401,2025-05-25 02:10:00
2025-05-25 02:15:00,-2323.404,2025-05-25 02:15:00
2025-05-25 02:20:00,-2323.367,2025-05-25 02:20:00
2025-05-25 02:25:00,-2323.334,2025-05-25 02:25:00
2025-05-25 02:30:00,-2323.312,2025-05-25 02:30:00
2025-05-25 02:35:00,-2323.296,2025-05-25 02:35:00
2025-05-25 02:40:00,-2323.298,2025-05-25 02:40:00
2025-05-25 02:45:00,-2323.261,2025-05-25 02:45:00
2025-05-25 02:50:00,-2323.208,2025-05-25 02:50:00
2025-05-25 02:55:00,-2323.192,2025-05-25 02:55:00
2025-05-25 03:00:00,-2323.175,2025-05-25 03:00:00
2025-05-25 03:05:00,-2323.167,2025-05-25 03:05:00
2025-05-25 03:10:00,-2323.145,2025-05-25 03:10:00
2025-05-25 03:15:00,-2323.139,2025-05-25 03:15:00
2025-05-25 03:20:00,-2323.098,2025-05-25 03:20:00
2025-05-25 03:25:00,-2323.068,2025-05-25 03:25:00
2025-05-25 03:30:00,-2323.056,2025-05-25 03:30:00
2025-05-25 03:35:00,-2323.035,2025-05-25 03:35:00
2025-05-25 03:40:00,-2323.008,2025-05-25 03:40:00
2025-05-25 03:45:00,-2323.011,2025-05-25 03:45:00
2025-05-25 03:50:00,-2322.975,2025-05-25 03:50:00
2025-05-25 03:55:00,-2322.96,2025-05-25 03:55:00
2025-05-25 04:00:00,-2322.984,2025-05-25 04:00:00
2025-05-25 04:05:00,-2322.948,2025-05-25 04:05:00
2025-05-25 04:10:00,-2322.905,2025-05-25 04:10:00
2025-05-25 04:15:00,-2322.889,2025-05-25 04:15:00
2025-05-25 04:20:00,-2322.902,2025-05-25 04:20:00
2025-05-25 04:25:00,-2322.859,2025-05-25 04:25:00
2025-05-25 04:30:00,-2322.871,2025-05-25 04:30:00
2025-05-25 04:35:00,-2322.829,2025-05-25 04:35:00
2025-05-25 04:40:00,-2322.81,2025-05-25 04:40:00
2025-05-25 04:45:00,-2322.785,2025-05-25 04:45:00
2025-05-25 04:50:00,-2322.799,2025-05-25 04:50:00
2025-05-25 04:55:00,-2322.766,2025-05-25 04:55:00
2025-05-25 05:00:00,-2322.756,2025-05-25 05:00:00
2025-05-25 05:05:00,-2322.738,2025-05-25 05:05:00
2025-05-25 05:10:00,-2322.755,2025-05-25 05:10:00
2025-05-25 05:15:00,-2322.731,2025-05-25 05:15:00
2025-05-25 05:20:00,-2322.716,2025-05-25 05:20:00
2025-05-25 05:25:00,-2322.709,2025-05-25 05:25:00
2025-05-25 05:30:00,-2322.696,2025-05-25 05:30:00
2025-05-25 05:35:00,-2322.66,2025-05-25 05:35:00
2025-05-25 05:40:00,-2322.672,2025-05-25 05:40:00
2025-05-25 05:45:00,-2322.633,2025-05-25 05:45:00
2025-05-25 05:50:00,-2322.62,2025-05-25 05:50:00
2025-05-25 05:55:00,-2322.584,2025-05-25 05:55:00
2025-05-25 06:00:00,0.0,2025-05-25 06:00:00
2025-05-25 06:05:00,0.0,2025-05-25 06:05:00
2025-05-25 06:10:00,0.0,2025-05-25 06:10:00
2025-05-25 06:15:00,0.0,2025-05-25 06:15:00
2025-05-25 06:20:00,0.0,2025-05-25 06:20:00
2025-05-25 06:25:00,0.0,2025-05-25 06:25:00
2025-05-25 06:30:00,0.0,2025-05-25 06:30:00
2025-05-25 06:35:00,0.0,2025-05-25 06:35:00
2025-05-25 06:40:00,0.0,2025-05-25 06:40:00
2025-05-25 06:45:00,0.0,2025-05-25 06:45:00
2025-05-25 06:50:00,0.0,2025-05-25 06:50:00
2025-05-25 06:55:00,0.0,2025-05-25 06:55:00
2025-05-25 07:00:00,0.0,2025-05-25 07:00:00
2025-05-25 07:05:00,0.0,2025-05-25 07:05:00
2025-05-25 07:10:00,0.0,2025-05-25 07:10:00
2025-05-25 07:15:00,0.0,2025-05-25 07:15:00
2025-05-25 07:20:00,0.0,2025-05-25 07:20:00
2025-05-25 07:25:00,0.0,2025-05-25 07:25:00
2025-05-25 07:30:00,0.0,2025-05-25 07:30:00
2025-05-25 07:35:00,0.0,2025-05-25 07:35:00
2025-05-25 07:40:00,0.0,2025-05-25 07:40:00
2025-05-25 07:45:00,0.0,2025-05-25 07:45:00
2025-05-25 07:50:00,0.0,2025-05-25 07:50:00
2025-05-25 07:55:00,0.0,2025-05-25 07:55:00
2025-05-25 08:00:00,9000.0,2025-05-25 08:00:00
2025-05-25 08:05:00,9000.0,2025-05-25 08:05:00
2025-05-25 08:10:00,9000.0,2025-05-25 08:10:00
2025-05-25 08:15:00,9000.0,2025-05-25 08:15:00
2025-05-25 08:20:00,9000.0,2025-05-25 08:20:00
2025-05-25 08:25:00,9000.0,2025-05-25 08:25:00
2025-05-25 08:30:00,9000.0,2025-05-25 08:30:00
2025-05-25 08:35:00,9000.0,2025-05-25 08:35:00
2025-05-25 08:40:00,9000.0,2025-05-25 08:40:00
2025-05-25 08:45:00,9000.0,2025-05-25 08:45:00
2025-05-25 08:50:00,9000.0,2025-05-25 08:50:00
2025-05-25 08:55:00,9000.0,2025-05-25 08:55:00
2025-05-25 09:00:00,9000.0,2025-05-25 09:00:00
2025-05-25 09:05:00,9000.0,2025-05-25 09:05:00
2025-05-25 09:10:00,9000.0,2025-05-25 09:10:00
2025-05-25 09:15:00,9000.0,2025-05-25 09:15:00
2025-05-25 09:20:00,8999.999,2025-05-25 09:20:00
2025-05-25 09:25:00,8999.999,2025-05-25 09:25:00
2025-05-25 09:30:00,8999.999,2025-05-25 09:30:00
2025-05-25 09:35:00,8999.999,2025-05-25 09:35:00
2025-05-25 09:40:00,8999.998,2025-05-25 09:40:00
2025-05-25 09:45:00,5939.995,2025-05-25 09:45:00
2025-05-25 09:50:00,0.0,2025-05-25 09:50:00
2025-05-25 09:55:00,0.0,2025-05-25 09:55:00
2025-05-25 10:00:00,0.0,2025-05-25 10:00:00
2025-05-25 10:05:00,0.0,2025-05-25 10:05:00
2025-05-25 10:10:00,0.0,2025-05-25 10:10:00
2025-05-25 10:15:00,0.0,2025-05-25 10:15:00
2025-05-25 10:20:00,0.0,2025-05-25 10:20:00
2025-05-25 10:25:00,0.0,2025-05-25 10:25:00
2025-05-25 10:30:00,0.0,2025-05-25 10:30:00
2025-05-25 10:35:00,0.0,2025-05-25 10:35:00
2025-05-25 10:40:00,0.0,2025-05-25 10:40:00
2025-05-25 10:45:00,0.0,2025-05-25 10:45:00
2025-05-25 10:50:00,0.0,2025-05-25 10:50:00
2025-05-25 10:55:00,0.0,2025-05-25 10:55:00
2025-05-25 11:00:00,-2654.342,2025-05-25 11:00:00
2025-05-25 11:05:00,-2654.436,2025-05-25 11:05:00
2025-05-25 11:10:00,-2654.458,2025-05-25 11:10:00
2025-05-25 11:15:00,-2654.48,2025-05-25 11:15:00
2025-05-25 11:20:00,-2654.442,2025-05-25 11:20:00
2025-05-25 11:25:00,-2654.496,2025-05-25 11:25:00
2025-05-25 11:30:00,-2654.513,2025-05-25 11:30:00
2025-05-25 11:35:00,-2654.451,2025-05-25 11:35:00
2025-05-25 11:40:00,-2654.551,2025-05-25 11:40:00
2025-05-25 11:45:00,-2654.552,2025-05-25 11:45:00
2025-05-25 11:50:00,-2654.569,2025-05-25 11:50:00
2025-05-25 11:55:00,-2654.64,2025-05-25 11:55:00
2025-05-25 12:00:00,-2654.683,2025-05-25 12:00:00
2025-05-25 12:05:00,-2654.702,2025-05-25 12:05:00
2025-05-25 12:10:00,-2654.561,2025-05-25 12:10:00
2025-05-25 12:15:00,-2654.71,2025-05-25 12:15:00
2025-05-25 12:20:00,-2654.73,2025-05-25 12:20:00
2025-05-25 12:25:00,-2654.594,2025-05-25 12:25:00
2025-05-25 12:30:00,-2654.732,2025-05-25 12:30:00
2025-05-25 12:35:00,-2654.55,2025-05-25 12:35:00
2025-05-25 12:40:00,-2654.835,2025-05-25 12:40:00
2025-05-25 12:45:00,-2654.857,2025-05-25 12:45:00
2025-05-25 12:50:00,-2654.868,2025-05-25 12:50:00
2025-05-25 12:55:00,-2654.841,2025-05-25 12:55:00
2025-05-25 13:00:00,-2654.863,2025-05-25 13:00:00
2025-05-25 13:05:00,-2654.824,2025-05-25 13:05:00
2025-05-25 13:10:00,-2654.892,2025-05-25 13:10:00
2025-05-25 13:15:00,-2654.959,2025-05-25 13:15:00
2025-05-25 13:20:00,-2654.984,2025-05-25 13:20:00
2025-05-25 13:25:00,-2655.006,2025-05-25 13:25:00
2025-05-25 13:30:00,-2655.039,2025-05-25 13:30:00
2025-05-25 13:35:00,-2655.1,2025-05-25 13:35:00
2025-05-25 13:40:00,-2655.125,2025-05-25 13:40:00
2025-05-25 13:45:00,-2655.022,2025-05-25 13:45:00
2025-05-25 13:50:00,-2655.1,2025-05-25 13:50:00
2025-05-25 13:55:00,-2655.093,2025-05-25 13:55:00
2025-05-25 14:00:00,-2655.215,2025-05-25 14:00:00
2025-05-25 14:05:00,-2655.242,2025-05-25 14:05:00
2025-05-25 14:10:00,-2655.272,2025-05-25 14:10:00
2025-05-25 14:15:00,-2655.24,2025-05-25 14:15:00
2025-05-25 14:20:00,-2655.266,2025-05-25 14:20:00
2025-05-25 14:25:00,-2655.307,2025-05-25 14:25:00
2025-05-25 14:30:00,-2655.331,2025-05-25 14:30:00
2025-05-25 14:35:00,-2655.358,2025-05-25 14:35:00
2025-05-25 14:40:00,-2655.445,2025-05-25 14:40:00
2025-05-25 14:45:00,-2655.455,2025-05-25 14:45:00
2025-05-25 14:50:00,-2655.48,2025-05-25 14:50:00
2025-05-25 14:55:00,-2655.466,2025-05-25 14:55:00
2025-05-25 15:00:00,-2655.456,2025-05-25 15:00:00
2025-05-25 15:05:00,-2655.481,2025-05-25 15:05:00
2025-05-25 15:10:00,-2655.547,2025-05-25 15:10:00
2025-05-25 15:15:00,-2655.572,2025-05-25 15:15:00
2025-05-25 15:20:00,-2655.563,2025-05-25 15:20:00
2025-05-25 15:25:00,-2655.588,2025-05-25 15:25:00
2025-05-25 15:30:00,-2655.62,2025-05-25 15:30:00
2025-05-25 15:35:00,-2655.677,2025-05-25 15:35:00
2025-05-25 15:40:00,-2655.701,2025-05-25 15:40:00
2025-05-25 15:45:00,-2655.699,2025-05-25 15:45:00
2025-05-25 15:50:00,-2655.781,2025-05-25 15:50:00
2025-05-25 15:55:00,-2655.784,2025-05-25 15:55:00
2025-05-25 16:00:00,-2655.834,2025-05-25 16:00:00
2025-05-25 16:05:00,-2655.855,2025-05-25 16:05:00
2025-05-25 16:10:00,-2655.827,2025-05-25 16:10:00
2025-05-25 16:15:00,-2655.894,2025-05-25 16:15:00
2025-05-25 16:20:00,-2655.912,2025-05-25 16:20:00
2025-05-25 16:25:00,-2655.869,2025-05-25 16:25:00
2025-05-25 16:30:00,-2655.905,2025-05-25 16:30:00
2025-05-25 16:35:00,-2655.921,2025-05-25 16:35:00
2025-05-25 16:40:00,-2655.792,2025-05-25 16:40:00
2025-05-25 16:45:00,-2655.951,2025-05-25 16:45:00
2025-05-25 16:50:00,-2655.965,2025-05-25 16:50:00
2025-05-25 16:55:00,-2655.93,2025-05-25 16:55:00
2025-05-25 17:00:00,-2655.968,2025-05-25 17:00:00
2025-05-25 17:05:00,-2655.686,2025-05-25 17:05:00
2025-05-25 17:10:00,-2655.693,2025-05-25 17:10:00
2025-05-25 17:15:00,-2656.032,2025-05-25 17:15:00
2025-05-25 17:20:00,-2656.006,2025-05-25 17:20:00
2025-05-25 17:25:00,-2656.01,2025-05-25 17:25:00
2025-05-25 17:30:00,-2655.995,2025-05-25 17:30:00
2025-05-25 17:35:00,-2656.035,2025-05-25 17:35:00
2025-05-25 17:40:00,-2656.027,2025-05-25 17:40:00
2025-05-25 17:45:00,-2655.669,2025-05-25 17:45:00
2025-05-25 17:50:00,-2655.637,2025-05-25 17:50:00
2025-05-25 17:55:00,-2655.915,2025-05-25 17:55:00
2025-05-25 18:00:00,9000.0,2025-05-25 18:00:00
2025-05-25 18:05:00,9000.0,2025-05-25 18:05:00
2025-05-25 18:10:00,9000.0,2025-05-25 18:10:00
2025-05-25 18:15:00,9000.0,2025-05-25 18:15:00
2025-05-25 18:20:00,8408.0,2025-05-25 18:20:00
2025-05-25 18:25:00,8408.0,2025-05-25 18:25:00
2025-05-25 18:30:00,9000.0,2025-05-25 18:30:00
2025-05-25 18:35:00,9000.0,2025-05-25 18:35:00
2025-05-25 18:40:00,9000.0,2025-05-25 18:40:00
2025-05-25 18:45:00,9000.0,2025-05-25 18:45:00
2025-05-25 18:50:00,9000.0,2025-05-25 18:50:00
2025-05-25 18:55:00,9000.0,2025-05-25 18:55:00
2025-05-25 19:00:00,9000.0,2025-05-25 19:00:00
2025-05-25 19:05:00,9000.0,2025-05-25 19:05:00
2025-05-25 19:10:00,7166.35,2025-05-25 19:10:00
2025-05-25 19:15:00,8999.999,2025-05-25 19:15:00
2025-05-25 19:20:00,8999.999,2025-05-25 19:20:00
2025-05-25 19:25:00,8999.999,2025-05-25 19:25:00
2025-05-25 19:30:00,8999.999,2025-05-25 19:30:00
2025-05-25 19:35:00,8999.998,2025-05-25 19:35:00
2025-05-25 19:40:00,8999.994,2025-05-25 19:40:00
2025-05-25 19:45:00,8957.655,2025-05-25 19:45:00
2025-05-25 19:50:00,0.0,2025-05-25 19:50:00
2025-05-25 19:55:00,0.0,2025-05-25 19:55:00
2025-05-25 20:00:00,0.0,2025-05-25 20:00:00
2025-05-25 20:05:00,0.0,2025-05-25 20:05:00
2025-05-25 20:10:00,0.0,2025-05-25 20:10:00
2025-05-25 20:15:00,0.0,2025-05-25 20:15:00
2025-05-25 20:20:00,0.0,2025-05-25 20:20:00
2025-05-25 20:25:00,0.0,2025-05-25 20:25:00
2025-05-25 20:30:00,0.0,2025-05-25 20:30:00
2025-05-25 20:35:00,0.0,2025-05-25 20:35:00
2025-05-25 20:40:00,0.0,2025-05-25 20:40:00
2025-05-25 20:45:00,0.0,2025-05-25 20:45:00
2025-05-25 20:50:00,0.0,2025-05-25 20:50:00
2025-05-25 20:55:00,0.0,2025-05-25 20:55:00
2025-05-25 21:00:00,0.0,2025-05-25 21:00:00
2025-05-25 21:05:00,0.0,2025-05-25 21:05:00
2025-05-25 21:10:00,0.0,2025-05-25 21:10:00
2025-05-25 21:15:00,0.0,2025-05-25 21:15:00
2025-05-25 21:20:00,0.0,2025-05-25 21:20:00
2025-05-25 21:25:00,0.0,2025-05-25 21:25:00
2025-05-25 21:30:00,0.0,2025-05-25 21:30:00
2025-05-25 21:35:00,0.0,2025-05-25 21:35:00
2025-05-25 21:40:00,0.0,2025-05-25 21:40:00
2025-05-25 21:45:00,0.0,2025-05-25 21:45:00
2025-05-25 21:50:00,0.0,2025-05-25 21:50:00
2025-05-25 21:55:00,0.0,2025-05-25 21:55:00
2025-05-25 22:00:00,-3403.689,2025-05-25 22:00:00
2025-05-25 22:05:00,-3263.749,2025-05-25 22:05:00
2025-05-25 22:10:00,-3527.719,2025-05-25 22:10:00
2025-05-25 22:15:00,-3231.719,2025-05-25 22:15:00
2025-05-25 22:20:00,-3259.709,2025-05-25 22:20:00
2025-05-25 22:25:00,-3403.729,2025-05-25 22:25:00
2025-05-25 22:30:00,-3427.759,2025-05-25 22:30:00
2025-05-25 22:35:00,-3495.719,2025-05-25 22:35:00
2025-05-25 22:40:00,-3295.719,2025-05-25 22:40:00
2025-05-25 22:45:00,-3347.749,2025-05-25 22:45:00
2025-05-25 22:50:00,-3279.719,2025-05-25 22:50:00
2025-05-25 22:55:00,-3187.759,2025-05-25 22:55:00
2025-05-25 23:00:00,-3307.759,2025-05-25 23:00:00
2025-05-25 23:05:00,-3311.759,2025-05-25 23:05:00
2025-05-25 23:10:00,-3303.729,2025-05-25 23:10:00
2025-05-25 23:15:00,-3359.749,2025-05-25 23:15:00
2025-05-25 23:20:00,-3435.749,2025-05-25 23:20:00
2025-05-25 23:25:00,-3123.759,2025-05-25 23:25:00
2025-05-25 23:30:00,-3199.749,2025-05-25 23:30:00
2025-05-25 23:35:00,-3279.739,2025-05-25 23:35:00
2025-05-25 23:40:00,-3403.729,2025-05-25 23:40:00
2025-05-25 23:45:00,-3303.709,2025-05-25 23:45:00
2025-05-25 23:50:00,-3351.689,2025-05-25 23:50:00
2025-05-25 23:55:00,-3223.749,2025-05-25 23:55:00
2025-05-26 00:00:00,-1989.977,2025-05-26 00:00:00
2025-05-26 00:05:00,-1989.984,2025-05-26 00:05:00
2025-05-26 00:10:00,-1989.989,2025-05-26 00:10:00
2025-05-26 00:15:00,-1989.996,2025-05-26 00:15:00
2025-05-26 00:20:00,-1990.002,2025-05-26 00:20:00
2025-05-26 00:25:00,-1990.006,2025-05-26 00:25:00
2025-05-26 00:30:00,-1990.018,2025-05-26 00:30:00
2025-05-26 00:35:00,-1990.025,2025-05-26 00:35:00
2025-05-26 00:40:00,-1990.029,2025-05-26 00:40:00
2025-05-26 00:45:00,-1990.039,2025-05-26 00:45:00
2025-05-26 00:50:00,-1990.052,2025-05-26 00:50:00
2025-05-26 00:55:00,-1990.061,2025-05-26 00:55:00
2025-05-26 01:00:00,-1990.075,2025-05-26 01:00:00
2025-05-26 01:05:00,-1990.087,2025-05-26 01:05:00
2025-05-26 01:10:00,-1990.099,2025-05-26 01:10:00
2025-05-26 01:15:00,-1990.116,2025-05-26 01:15:00
2025-05-26 01:20:00,-1990.131,2025-05-26 01:20:00
2025-05-26 01:25:00,-1990.145,2025-05-26 01:25:00
2025-05-26 01:30:00,-1990.163,2025-05-26 01:30:00
2025-05-26 01:35:00,-1990.175,2025-05-26 01:35:00
2025-05-26 01:40:00,-1990.189,2025-05-26 01:40:00
2025-05-26 01:45:00,-1990.204,2025-05-26 01:45:00
2025-05-26 01:50:00,-1990.23,2025-05-26 01:50:00
2025-05-26 01:55:00,-1990.245,2025-05-26 01:55:00
2025-05-26 02:00:00,-1990.258,2025-05-26 02:00:00
2025-05-26 02:05:00,-1990.277,2025-05-26 02:05:00
2025-05-26 02:10:00,-1990.299,2025-05-26 02:10:00
2025-05-26 02:15:00,-1990.316,2025-05-26 02:15:00
2025-05-26 02:20:00,-1990.333,2025-05-26 02:20:00
2025-05-26 02:25:00,-1990.351,2025-05-26 02:25:00
2025-05-26 02:30:00,-1990.37,2025-05-26 02:30:00
2025-05-26 02:35:00,-1990.389,2025-05-26 02:35:00
2025-05-26 02:40:00,-1990.41,2025-05-26 02:40:00
2025-05-26 02:45:00,-1990.429,2025-05-26 02:45:00
2025-05-26 02:50:00,-1990.453,2025-05-26 02:50:00
2025-05-26 02:55:00,-1990.471,2025-05-26 02:55:00
2025-05-26 03:00:00,-1990.49,2025-05-26 03:00:00
2025-05-26 03:05:00,-1990.512,2025-05-26 03:05:00
2025-05-26 03:10:00,-1990.53,2025-05-26 03:10:00
2025-05-26 03:15:00,-1990.548,2025-05-26 03:15:00
2025-05-26 03:20:00,-1990.566,2025-05-26 03:20:00
2025-05-26 03:25:00,-1990.586,2025-05-26 03:25:00
2025-05-26 03:30:00,-1990.605,2025-05-26 03:30:00
2025-05-26 03:35:00,-1990.63,2025-05-26 03:35:00
2025-05-26 03:40:00,-1990.644,2025-05-26 03:40:00
2025-05-26 03:45:00,-1990.662,2025-05-26 03:45:00
2025-05-26 03:50:00,-1990.678,2025-05-26 03:50:00
2025-05-26 03:55:00,-1990.696,2025-05-26 03:55:00
2025-05-26 04:00:00,-1990.713,2025-05-26 04:00:00
2025-05-26 04:05:00,-1990.726,2025-05-26 04:05:00
2025-05-26 04:10:00,-1990.747,2025-05-26 04:10:00
2025-05-26 04:15:00,-1990.763,2025-05-26 04:15:00
2025-05-26 04:20:00,-1990.776,2025-05-26 04:20:00
2025-05-26 04:25:00,-1990.793,2025-05-26 04:25:00
2025-05-26 04:30:00,-1990.796,2025-05-26 04:30:00
2025-05-26 04:35:00,-1990.817,2025-05-26 04:35:00
2025-05-26 04:40:00,-1990.823,2025-05-26 04:40:00
2025-05-26 04:45:00,-1990.835,2025-05-26 04:45:00
2025-05-26 04:50:00,-1990.842,2025-05-26 04:50:00
2025-05-26 04:55:00,-1990.858,2025-05-26 04:55:00
2025-05-26 05:00:00,-1990.866,2025-05-26 05:00:00
2025-05-26 05:05:00,-1990.875,2025-05-26 05:05:00
2025-05-26 05:10:00,-1990.887,2025-05-26 05:10:00
2025-05-26 05:15:00,-1990.902,2025-05-26 05:15:00
2025-05-26 05:20:00,-1990.914,2025-05-26 05:20:00
2025-05-26 05:25:00,-1990.915,2025-05-26 05:25:00
2025-05-26 05:30:00,-1990.922,2025-05-26 05:30:00
2025-05-26 05:35:00,-1990.918,2025-05-26 05:35:00
2025-05-26 05:40:00,-1990.921,2025-05-26 05:40:00
2025-05-26 05:45:00,-1990.912,2025-05-26 05:45:00
2025-05-26 05:50:00,-1990.911,2025-05-26 05:50:00
2025-05-26 05:55:00,-1990.897,2025-05-26 05:55:00
2025-05-26 06:00:00,0.0,2025-05-26 06:00:00
2025-05-26 06:05:00,0.0,2025-05-26 06:05:00
2025-05-26 06:10:00,0.0,2025-05-26 06:10:00
2025-05-26 06:15:00,0.0,2025-05-26 06:15:00
2025-05-26 06:20:00,0.0,2025-05-26 06:20:00
2025-05-26 06:25:00,0.0,2025-05-26 06:25:00
2025-05-26 06:30:00,0.0,2025-05-26 06:30:00
2025-05-26 06:35:00,0.0,2025-05-26 06:35:00
2025-05-26 06:40:00,0.0,2025-05-26 06:40:00
2025-05-26 06:45:00,0.0,2025-05-26 06:45:00
2025-05-26 06:50:00,0.0,2025-05-26 06:50:00
2025-05-26 06:55:00,0.0,2025-05-26 06:55:00
2025-05-26 07:00:00,0.0,2025-05-26 07:00:00
2025-05-26 07:05:00,0.0,2025-05-26 07:05:00
2025-05-26 07:10:00,0.0,2025-05-26 07:10:00
2025-05-26 07:15:00,0.0,2025-05-26 07:15:00
2025-05-26 07:20:00,0.0,2025-05-26 07:20:00
2025-05-26 07:25:00,0.0,2025-05-26 07:25:00
2025-05-26 07:30:00,0.0,2025-05-26 07:30:00
2025-05-26 07:35:00,0.0,2025-05-26 07:35:00
2025-05-26 07:40:00,0.0,2025-05-26 07:40:00
2025-05-26 07:45:00,0.0,2025-05-26 07:45:00
2025-05-26 07:50:00,0.0,2025-05-26 07:50:00
2025-05-26 07:55:00,0.0,2025-05-26 07:55:00
2025-05-26 08:00:00,9000.0,2025-05-26 08:00:00
2025-05-26 08:05:00,9000.0,2025-05-26 08:05:00
2025-05-26 08:10:00,9000.0,2025-05-26 08:10:00
2025-05-26 08:15:00,9000.0,2025-05-26 08:15:00
2025-05-26 08:20:00,9000.0,2025-05-26 08:20:00
2025-05-26 08:25:00,9000.0,2025-05-26 08:25:00
2025-05-26 08:30:00,9000.0,2025-05-26 08:30:00
2025-05-26 08:35:00,9000.0,2025-05-26 08:35:00
2025-05-26 08:40:00,9000.0,2025-05-26 08:40:00
2025-05-26 08:45:00,9000.0,2025-05-26 08:45:00
2025-05-26 08:50:00,9000.0,2025-05-26 08:50:00
2025-05-26 08:55:00,9000.0,2025-05-26 08:55:00
2025-05-26 09:00:00,9000.0,2025-05-26 09:00:00
2025-05-26 09:05:00,9000.0,2025-05-26 09:05:00
2025-05-26 09:10:00,9000.0,2025-05-26 09:10:00
2025-05-26 09:15:00,9000.0,2025-05-26 09:15:00
2025-05-26 09:20:00,9000.0,2025-05-26 09:20:00
2025-05-26 09:25:00,9000.0,2025-05-26 09:25:00
2025-05-26 09:30:00,9000.0,2025-05-26 09:30:00
2025-05-26 09:35:00,9000.0,2025-05-26 09:35:00
2025-05-26 09:40:00,8999.999,2025-05-26 09:40:00
2025-05-26 09:45:00,5939.999,2025-05-26 09:45:00
2025-05-26 09:50:00,0.0,2025-05-26 09:50:00
2025-05-26 09:55:00,0.0,2025-05-26 09:55:00
2025-05-26 10:00:00,0.0,2025-05-26 10:00:00
2025-05-26 10:05:00,0.0,2025-05-26 10:05:00
2025-05-26 10:10:00,0.0,2025-05-26 10:10:00
2025-05-26 10:15:00,0.0,2025-05-26 10:15:00
2025-05-26 10:20:00,0.0,2025-05-26 10:20:00
2025-05-26 10:25:00,0.0,2025-05-26 10:25:00
2025-05-26 10:30:00,0.0,2025-05-26 10:30:00
2025-05-26 10:35:00,0.0,2025-05-26 10:35:00
2025-05-26 10:40:00,0.0,2025-05-26 10:40:00
2025-05-26 10:45:00,0.0,2025-05-26 10:45:00
2025-05-26 10:50:00,0.0,2025-05-26 10:50:00
2025-05-26 10:55:00,0.0,2025-05-26 10:55:00
2025-05-26 11:00:00,-2655.81,2025-05-26 11:00:00
2025-05-26 11:05:00,-2655.832,2025-05-26 11:05:00
2025-05-26 11:10:00,-2655.828,2025-05-26 11:10:00
2025-05-26 11:15:00,-2655.84,2025-05-26 11:15:00
2025-05-26 11:20:00,-2655.837,2025-05-26 11:20:00
2025-05-26 11:25:00,-2655.847,2025-05-26 11:25:00
2025-05-26 11:30:00,-2655.824,2025-05-26 11:30:00
2025-05-26 11:35:00,-2655.843,2025-05-26 11:35:00
2025-05-26 11:40:00,-2655.825,2025-05-26 11:40:00
2025-05-26 11:45:00,-2655.816,2025-05-26 11:45:00
2025-05-26 11:50:00,-2655.827,2025-05-26 11:50:00
2025-05-26 11:55:00,-2655.816,2025-05-26 11:55:00
2025-05-26 12:00:00,-2655.812,2025-05-26 12:00:00
2025-05-26 12:05:00,-2655.806,2025-05-26 12:05:00
2025-05-26 12:10:00,-2655.797,2025-05-26 12:10:00
2025-05-26 12:15:00,-2655.784,2025-05-26 12:15:00
2025-05-26 12:20:00,-2655.791,2025-05-26 12:20:00
2025-05-26 12:25:00,-2655.76,2025-05-26 12:25:00
2025-05-26 12:30:00,-2655.729,2025-05-26 12:30:00
2025-05-26 12:35:00,-2655.701,2025-05-26 12:35:00
2025-05-26 12:40:00,-2655.712,2025-05-26 12:40:00
2025-05-26 12:45:00,-2655.683,2025-05-26 12:45:00
2025-05-26 12:50:00,-2655.673,2025-05-26 12:50:00
2025-05-26 12:55:00,-2655.675,2025-05-26 12:55:00
2025-05-26 13:00:00,-2655.664,2025-05-26 13:00:00
2025-05-26 13:05:00,-2655.619,2025-05-26 13:05:00
2025-05-26 13:10:00,-2655.617,2025-05-26 13:10:00
2025-05-26 13:15:00,-2655.584,2025-05-26 13:15:00
2025-05-26 13:20:00,-2655.599,2025-05-26 13:20:00
2025-05-26 13:25:00,-2655.545,2025-05-26 13:25:00
2025-05-26 13:30:00,-2655.542,2025-05-26 13:30:00
2025-05-26 13:35:00,-2655.481,2025-05-26 13:35:00
2025-05-26 13:40:00,-2655.483,2025-05-26 13:40:00
2025-05-26 13:45:00,-2655.48,2025-05-26 13:45:00
2025-05-26 13:50:00,-2655.44,2025-05-26 13:50:00
2025-05-26 13:55:00,-2655.465,2025-05-26 13:55:00
2025-05-26 14:00:00,-2655.393,2025-05-26 14:00:00
2025-05-26 14:05:00,-2655.373,2025-05-26 14:05:00
2025-05-26 14:10:00,-2655.347,2025-05-26 14:10:00
2025-05-26 14:15:00,-2655.317,2025-05-26 14:15:00
2025-05-26 14:20:00,-2655.313,2025-05-26 14:20:00
2025-05-26 14:25:00,-2655.29,2025-05-26 14:25:00
2025-05-26 14:30:00,-2655.291,2025-05-26 14:30:00
2025-05-26 14:35:00,-2655.226,2025-05-26 14:35:00
2025-05-26 14:40:00,-2655.192,2025-05-26 14:40:00
2025-05-26 14:45:00,-2655.182,2025-05-26 14:45:00
2025-05-26 14:50:00,-2655.144,2025-05-26 14:50:00
2025-05-26 14:55:00,-2655.114,2025-05-26 14:55:00
2025-05-26 15:00:00,-2655.101,2025-05-26 15:00:00
2025-05-26 15:05:00,-2655.069,2025-05-26 15:05:00
2025-05-26 15:10:00,-2655.088,2025-05-26 15:10:00
2025-05-26 15:15:00,-2655.039,2025-05-26 15:15:00
2025-05-26 15:20:00,-2655.029,2025-05-26 15:20:00
2025-05-26 15:25:00,-2655.023,2025-05-26 15:25:00
2025-05-26 15:30:00,-2654.976,2025-05-26 15:30:00
2025-05-26 15:35:00,-2654.981,2025-05-26 15:35:00
2025-05-26 15:40:00,-2654.992,2025-05-26 15:40:00
2025-05-26 15:45:00,-2654.976,2025-05-26 15:45:00
2025-05-26 15:50:00,-2654.918,2025-05-26 15:50:00
2025-05-26 15:55:00,-2654.906,2025-05-26 15:55:00
2025-05-26 16:00:00,-2654.886,2025-05-26 16:00:00
2025-05-26 16:05:00,-2654.861,2025-05-26 16:05:00
2025-05-26 16:10:00,-2654.852,2025-05-26 16:10:00
2025-05-26 16:15:00,-2654.859,2025-05-26 16:15:00
2025-05-26 16:20:00,-2654.833,2025-05-26 16:20:00
2025-05-26 16:25:00,-2654.824,2025-05-26 16:25:00
2025-05-26 16:30:00,-2654.8,2025-05-26 16:30:00
2025-05-26 16:35:00,-2654.803,2025-05-26 16:35:00
2025-05-26 16:40:00,-2654.861,2025-05-26 16:40:00
2025-05-26 16:45:00,-2654.798,2025-05-26 16:45:00
2025-05-26 16:50:00,-2654.803,2025-05-26 16:50:00
2025-05-26 16:55:00,-2654.777,2025-05-26 16:55:00
2025-05-26 17:00:00,-2654.79,2025-05-26 17:00:00
2025-05-26 17:05:00,-2654.784,2025-05-26 17:05:00
2025-05-26 17:10:00,-2654.764,2025-05-26 17:10:00
2025-05-26 17:15:00,-2654.782,2025-05-26 17:15:00
2025-05-26 17:20:00,-2654.751,2025-05-26 17:20:00
2025-05-26 17:25:00,-2654.754,2025-05-26 17:25:00
2025-05-26 17:30:00,-2654.76,2025-05-26 17:30:00
2025-05-26 17:35:00,-2654.707,2025-05-26 17:35:00
2025-05-26 17:40:00,-2654.699,2025-05-26 17:40:00
2025-05-26 17:45:00,-2654.701,2025-05-26 17:45:00
2025-05-26 17:50:00,-2654.69,2025-05-26 17:50:00
2025-05-26 17:55:00,-2654.672,2025-05-26 17:55:00
2025-05-26 18:00:00,9000.0,2025-05-26 18:00:00
2025-05-26 18:05:00,9000.0,2025-05-26 18:05:00
2025-05-26 18:10:00,9000.0,2025-05-26 18:10:00
2025-05-26 18:15:00,9000.0,2025-05-26 18:15:00
2025-05-26 18:20:00,9000.0,2025-05-26 18:20:00
2025-05-26 18:25:00,9000.0,2025-05-26 18:25:00
2025-05-26 18:30:00,9000.0,2025-05-26 18:30:00
2025-05-26 18:35:00,9000.0,2025-05-26 18:35:00
2025-05-26 18:40:00,9000.0,2025-05-26 18:40:00
2025-05-26 18:45:00,9000.0,2025-05-26 18:45:00
2025-05-26 18:50:00,9000.0,2025-05-26 18:50:00
2025-05-26 18:55:00,9000.0,2025-05-26 18:55:00
2025-05-26 19:00:00,9000.0,2025-05-26 19:00:00
2025-05-26 19:05:00,9000.0,2025-05-26 19:05:00
2025-05-26 19:10:00,9000.0,2025-05-26 19:10:00
2025-05-26 19:15:00,9000.0,2025-05-26 19:15:00
2025-05-26 19:20:00,9000.0,2025-05-26 19:20:00
2025-05-26 19:25:00,9000.0,2025-05-26 19:25:00
2025-05-26 19:30:00,9000.0,2025-05-26 19:30:00
2025-05-26 19:35:00,9000.0,2025-05-26 19:35:00
2025-05-26 19:40:00,8999.999,2025-05-26 19:40:00
2025-05-26 19:45:00,5939.999,2025-05-26 19:45:00
2025-05-26 19:50:00,0.0,2025-05-26 19:50:00
2025-05-26 19:55:00,0.0,2025-05-26 19:55:00
2025-05-26 20:00:00,0.0,2025-05-26 20:00:00
2025-05-26 20:05:00,0.0,2025-05-26 20:05:00
2025-05-26 20:10:00,0.0,2025-05-26 20:10:00
2025-05-26 20:15:00,0.0,2025-05-26 20:15:00
2025-05-26 20:20:00,0.0,2025-05-26 20:20:00
2025-05-26 20:25:00,0.0,2025-05-26 20:25:00
2025-05-26 20:30:00,0.0,2025-05-26 20:30:00
2025-05-26 20:35:00,0.0,2025-05-26 20:35:00
2025-05-26 20:40:00,0.0,2025-05-26 20:40:00
2025-05-26 20:45:00,0.0,2025-05-26 20:45:00
2025-05-26 20:50:00,0.0,2025-05-26 20:50:00
2025-05-26 20:55:00,0.0,2025-05-26 20:55:00
2025-05-26 21:00:00,0.0,2025-05-26 21:00:00
2025-05-26 21:05:00,0.0,2025-05-26 21:05:00
2025-05-26 21:10:00,0.0,2025-05-26 21:10:00
2025-05-26 21:15:00,0.0,2025-05-26 21:15:00
2025-05-26 21:20:00,0.0,2025-05-26 21:20:00
2025-05-26 21:25:00,0.0,2025-05-26 21:25:00
2025-05-26 21:30:00,0.0,2025-05-26 21:30:00
2025-05-26 21:35:00,0.0,2025-05-26 21:35:00
2025-05-26 21:40:00,0.0,2025-05-26 21:40:00
2025-05-26 21:45:00,0.0,2025-05-26 21:45:00
2025-05-26 21:50:00,0.0,2025-05-26 21:50:00
2025-05-26 21:55:00,0.0,2025-05-26 21:55:00
2025-05-26 22:00:00,-2323.964,2025-05-26 22:00:00
2025-05-26 22:05:00,-2323.952,2025-05-26 22:05:00
2025-05-26 22:10:00,-2323.947,2025-05-26 22:10:00
2025-05-26 22:15:00,-2323.945,2025-05-26 22:15:00
2025-05-26 22:20:00,-2323.934,2025-05-26 22:20:00
2025-05-26 22:25:00,-2323.931,2025-05-26 22:25:00
2025-05-26 22:30:00,-2323.921,2025-05-26 22:30:00
2025-05-26 22:35:00,-2323.912,2025-05-26 22:35:00
2025-05-26 22:40:00,-2323.905,2025-05-26 22:40:00
2025-05-26 22:45:00,-2323.897,2025-05-26 22:45:00
2025-05-26 22:50:00,-2323.89,2025-05-26 22:50:00
2025-05-26 22:55:00,-2323.882,2025-05-26 22:55:00
2025-05-26 23:00:00,-2323.871,2025-05-26 23:00:00
2025-05-26 23:05:00,-2323.861,2025-05-26 23:05:00
2025-05-26 23:10:00,-2323.849,2025-05-26 23:10:00
2025-05-26 23:15:00,-2323.84,2025-05-26 23:15:00
2025-05-26 23:20:00,-2323.826,2025-05-26 23:20:00
2025-05-26 23:25:00,-2323.815,2025-05-26 23:25:00
2025-05-26 23:30:00,-2323.804,2025-05-26 23:30:00
2025-05-26 23:35:00,-2323.79,2025-05-26 23:35:00
2025-05-26 23:40:00,-2323.776,2025-05-26 23:40:00
2025-05-26 23:45:00,-2323.762,2025-05-26 23:45:00
2025-05-26 23:50:00,-2323.754,2025-05-26 23:50:00
2025-05-26 23:55:00,-2323.738,2025-05-26 23:55:00
2025-05-27 00:00:00,-2323.721,2025-05-27 00:00:00
2025-05-27 00:05:00,-2323.706,2025-05-27 00:05:00
2025-05-27 00:10:00,-2323.688,2025-05-27 00:10:00
2025-05-27 00:15:00,-2323.671,2025-05-27 00:15:00
2025-05-27 00:20:00,-2323.657,2025-05-27 00:20:00
2025-05-27 00:25:00,-2323.637,2025-05-27 00:25:00
2025-05-27 00:30:00,-2323.62,2025-05-27 00:30:00
2025-05-27 00:35:00,-2323.607,2025-05-27 00:35:00
2025-05-27 00:40:00,-2323.587,2025-05-27 00:40:00
2025-05-27 00:45:00,-2323.571,2025-05-27 00:45:00
2025-05-27 00:50:00,-2323.552,2025-05-27 00:50:00
2025-05-27 00:55:00,-2323.536,2025-05-27 00:55:00
2025-05-27 01:00:00,-2323.517,2025-05-27 01:00:00
2025-05-27 01:05:00,-2323.502,2025-05-27 01:05:00
2025-05-27 01:10:00,-2323.484,2025-05-27 01:10:00
2025-05-27 01:15:00,-2323.466,2025-05-27 01:15:00
2025-05-27 01:20:00,-2323.448,2025-05-27 01:20:00
2025-05-27 01:25:00,-2323.431,2025-05-27 01:25:00
2025-05-27 01:30:00,-2323.412,2025-05-27 01:30:00
2025-05-27 01:35:00,-2323.398,2025-05-27 01:35:00
2025-05-27 01:40:00,-2323.378,2025-05-27 01:40:00
2025-05-27 01:45:00,-2323.362,2025-05-27 01:45:00
2025-05-27 01:50:00,-2323.345,2025-05-27 01:50:00
2025-05-27 01:55:00,-2323.326,2025-05-27 01:55:00
2025-05-27 02:00:00,-2323.309,2025-05-27 02:00:00
2025-05-27 02:05:00,-2323.29,2025-05-27 02:05:00
2025-05-27 02:10:00,-2323.269,2025-05-27 02:10:00
2025-05-27 02:15:00,-2323.252,2025-05-27 02:15:00
2025-05-27 02:20:00,-2323.234,2025-05-27 02:20:00
2025-05-27 02:25:00,-2323.217,2025-05-27 02:25:00
2025-05-27 02:30:00,-2323.205,2025-05-27 02:30:00
2025-05-27 02:35:00,-2323.188,2025-05-27 02:35:00
2025-05-27 02:40:00,-2323.171,2025-05-27 02:40:00
2025-05-27 02:45:00,-2323.158,2025-05-27 02:45:00
2025-05-27 02:50:00,-2323.143,2025-05-27 02:50:00
2025-05-27 02:55:00,-2323.13,2025-05-27 02:55:00
2025-05-27 03:00:00,-2323.114,2025-05-27 03:00:00
2025-05-27 03:05:00,-2323.104,2025-05-27 03:05:00
2025-05-27 03:10:00,-2323.089,2025-05-27 03:10:00
2025-05-27 03:15:00,-2323.072,2025-05-27 03:15:00
2025-05-27 03:20:00,-2323.062,2025-05-27 03:20:00
2025-05-27 03:25:00,-2323.055,2025-05-27 03:25:00
2025-05-27 03:30:00,-2323.045,2025-05-27 03:30:00
2025-05-27 03:35:00,-2323.032,2025-05-27 03:35:00
2025-05-27 03:40:00,-2323.019,2025-05-27 03:40:00
2025-05-27 03:45:00,-2323.015,2025-05-27 03:45:00
2025-05-27 03:50:00,-2323.006,2025-05-27 03:50:00
2025-05-27 03:55:00,-2322.996,2025-05-27 03:55:00
2025-05-27 04:00:00,-2322.99,2025-05-27 04:00:00
2025-05-27 04:05:00,-2322.982,2025-05-27 04:05:00
2025-05-27 04:10:00,-2322.976,2025-05-27 04:10:00
2025-05-27 04:15:00,-2322.971,2025-05-27 04:15:00
2025-05-27 04:20:00,-2322.964,2025-05-27 04:20:00
2025-05-27 04:25:00,-2322.967,2025-05-27 04:25:00
2025-05-27 04:30:00,-2322.959,2025-05-27 04:30:00
2025-05-27 04:35:00,-2322.955,2025-05-27 04:35:00
2025-05-27 04:40:00,-2322.945,2025-05-27 04:40:00
2025-05-27 04:45:00,-2322.949,2025-05-27 04:45:00
2025-05-27 04:50:00,-2322.948,2025-05-27 04:50:00
2025-05-27 04:55:00,-2322.942,2025-05-27 04:55:00
2025-05-27 05:00:00,-2322.943,2025-05-27 05:00:00
2025-05-27 05:05:00,-2322.941,2025-05-27 05:05:00
2025-05-27 05:10:00,-2322.944,2025-05-27 05:10:00
2025-05-27 05:15:00,-2322.941,2025-05-27 05:15:00
2025-05-27 05:20:00,-2322.94,2025-05-27 05:20:00
2025-05-27 05:25:00,-2322.938,2025-05-27 05:25:00
2025-05-27 05:30:00,-2322.946,2025-05-27 05:30:00
2025-05-27 05:35:00,-2322.949,2025-05-27 05:35:00
2025-05-27 05:40:00,-2322.95,2025-05-27 05:40:00
2025-05-27 05:45:00,-2322.958,2025-05-27 05:45:00
2025-05-27 05:50:00,-2322.954,2025-05-27 05:50:00
2025-05-27 05:55:00,-2322.964,2025-05-27 05:55:00
2025-05-27 06:00:00,0.0,2025-05-27 06:00:00
2025-05-27 06:05:00,0.0,2025-05-27 06:05:00
2025-05-27 06:10:00,0.0,2025-05-27 06:10:00
2025-05-27 06:15:00,0.0,2025-05-27 06:15:00
2025-05-27 06:20:00,0.0,2025-05-27 06:20:00
2025-05-27 06:25:00,0.0,2025-05-27 06:25:00
2025-05-27 06:30:00,0.0,2025-05-27 06:30:00
2025-05-27 06:35:00,0.0,2025-05-27 06:35:00
2025-05-27 06:40:00,0.0,2025-05-27 06:40:00
2025-05-27 06:45:00,0.0,2025-05-27 06:45:00
2025-05-27 06:50:00,0.0,2025-05-27 06:50:00
2025-05-27 06:55:00,0.0,2025-05-27 06:55:00
2025-05-27 07:00:00,0.0,2025-05-27 07:00:00
2025-05-27 07:05:00,0.0,2025-05-27 07:05:00
2025-05-27 07:10:00,0.0,2025-05-27 07:10:00
2025-05-27 07:15:00,0.0,2025-05-27 07:15:00
2025-05-27 07:20:00,0.0,2025-05-27 07:20:00
2025-05-27 07:25:00,0.0,2025-05-27 07:25:00
2025-05-27 07:30:00,0.0,2025-05-27 07:30:00
2025-05-27 07:35:00,0.0,2025-05-27 07:35:00
2025-05-27 07:40:00,0.0,2025-05-27 07:40:00
2025-05-27 07:45:00,0.0,2025-05-27 07:45:00
2025-05-27 07:50:00,0.0,2025-05-27 07:50:00
2025-05-27 07:55:00,0.0,2025-05-27 07:55:00
2025-05-27 08:00:00,9000.0,2025-05-27 08:00:00
2025-05-27 08:05:00,9000.0,2025-05-27 08:05:00
2025-05-27 08:10:00,9000.0,2025-05-27 08:10:00
2025-05-27 08:15:00,9000.0,2025-05-27 08:15:00
2025-05-27 08:20:00,9000.0,2025-05-27 08:20:00
2025-05-27 08:25:00,9000.0,2025-05-27 08:25:00
2025-05-27 08:30:00,9000.0,2025-05-27 08:30:00
2025-05-27 08:35:00,9000.0,2025-05-27 08:35:00
2025-05-27 08:40:00,9000.0,2025-05-27 08:40:00
2025-05-27 08:45:00,9000.0,2025-05-27 08:45:00
2025-05-27 08:50:00,9000.0,2025-05-27 08:50:00
2025-05-27 08:55:00,9000.0,2025-05-27 08:55:00
2025-05-27 09:00:00,9000.0,2025-05-27 09:00:00
2025-05-27 09:05:00,9000.0,2025-05-27 09:05:00
2025-05-27 09:10:00,9000.0,2025-05-27 09:10:00
2025-05-27 09:15:00,9000.0,2025-05-27 09:15:00
2025-05-27 09:20:00,9000.0,2025-05-27 09:20:00
2025-05-27 09:25:00,9000.0,2025-05-27 09:25:00
2025-05-27 09:30:00,8999.999,2025-05-27 09:30:00
2025-05-27 09:35:00,8999.999,2025-05-27 09:35:00
2025-05-27 09:40:00,8999.998,2025-05-27 09:40:00
2025-05-27 09:45:00,5939.998,2025-05-27 09:45:00
2025-05-27 09:50:00,0.0,2025-05-27 09:50:00
2025-05-27 09:55:00,0.0,2025-05-27 09:55:00
2025-05-27 10:00:00,0.0,2025-05-27 10:00:00
2025-05-27 10:05:00,0.0,2025-05-27 10:05:00
2025-05-27 10:10:00,0.0,2025-05-27 10:10:00
2025-05-27 10:15:00,0.0,2025-05-27 10:15:00
2025-05-27 10:20:00,0.0,2025-05-27 10:20:00
2025-05-27 10:25:00,0.0,2025-05-27 10:25:00
2025-05-27 10:30:00,0.0,2025-05-27 10:30:00
2025-05-27 10:35:00,0.0,2025-05-27 10:35:00
2025-05-27 10:40:00,0.0,2025-05-27 10:40:00
2025-05-27 10:45:00,0.0,2025-05-27 10:45:00
2025-05-27 10:50:00,0.0,2025-05-27 10:50:00
2025-05-27 10:55:00,0.0,2025-05-27 10:55:00
2025-05-27 11:00:00,-2654.834,2025-05-27 11:00:00
2025-05-27 11:05:00,-2654.873,2025-05-27 11:05:00
2025-05-27 11:10:00,-2654.874,2025-05-27 11:10:00
2025-05-27 11:15:00,-2654.871,2025-05-27 11:15:00
2025-05-27 11:20:00,-2654.875,2025-05-27 11:20:00
2025-05-27 11:25:00,-2654.878,2025-05-27 11:25:00
2025-05-27 11:30:00,-2654.874,2025-05-27 11:30:00
2025-05-27 11:35:00,-2654.876,2025-05-27 11:35:00
2025-05-27 11:40:00,-2654.872,2025-05-27 11:40:00
2025-05-27 11:45:00,-2654.857,2025-05-27 11:45:00
2025-05-27 11:50:00,-2654.789,2025-05-27 11:50:00
2025-05-27 11:55:00,-2654.883,2025-05-27 11:55:00
2025-05-27 12:00:00,-2654.891,2025-05-27 12:00:00
2025-05-27 12:05:00,-2654.909,2025-05-27 12:05:00
2025-05-27 12:10:00,-2654.915,2025-05-27 12:10:00
2025-05-27 12:15:00,-2654.923,2025-05-27 12:15:00
2025-05-27 12:20:00,-2654.936,2025-05-27 12:20:00
2025-05-27 12:25:00,-2654.91,2025-05-27 12:25:00
2025-05-27 12:30:00,-2654.926,2025-05-27 12:30:00
2025-05-27 12:35:00,-2654.943,2025-05-27 12:35:00
2025-05-27 12:40:00,-2654.96,2025-05-27 12:40:00
2025-05-27 12:45:00,-2654.967,2025-05-27 12:45:00
2025-05-27 12:50:00,-2654.981,2025-05-27 12:50:00
2025-05-27 12:55:00,-2655.001,2025-05-27 12:55:00
2025-05-27 13:00:00,-2655.007,2025-05-27 13:00:00
2025-05-27 13:05:00,-2655.012,2025-05-27 13:05:00
2025-05-27 13:10:00,-2654.97,2025-05-27 13:10:00
2025-05-27 13:15:00,-2655.039,2025-05-27 13:15:00
2025-05-27 13:20:00,-2655.039,2025-05-27 13:20:00
2025-05-27 13:25:00,-2654.991,2025-05-27 13:25:00
2025-05-27 13:30:00,-2655.053,2025-05-27 13:30:00
2025-05-27 13:35:00,-2654.905,2025-05-27 13:35:00
2025-05-27 13:40:00,-2655.104,2025-05-27 13:40:00
2025-05-27 13:45:00,-2655.106,2025-05-27 13:45:00
2025-05-27 13:50:00,-2655.136,2025-05-27 13:50:00
2025-05-27 13:55:00,-2655.156,2025-05-27 13:55:00
2025-05-27 14:00:00,-2655.173,2025-05-27 14:00:00
2025-05-27 14:05:00,-2655.182,2025-05-27 14:05:00
2025-05-27 14:10:00,-2655.212,2025-05-27 14:10:00
2025-05-27 14:15:00,-2655.216,2025-05-27 14:15:00
2025-05-27 14:20:00,-2655.238,2025-05-27 14:20:00
2025-05-27 14:25:00,-2655.257,2025-05-27 14:25:00
2025-05-27 14:30:00,-2655.273,2025-05-27 14:30:00
2025-05-27 14:35:00,-2655.289,2025-05-27 14:35:00
2025-05-27 14:40:00,-2655.303,2025-05-27 14:40:00
2025-05-27 14:45:00,-2655.323,2025-05-27 14:45:00
2025-05-27 14:50:00,-2655.331,2025-05-27 14:50:00
2025-05-27 14:55:00,-2655.358,2025-05-27 14:55:00
2025-05-27 15:00:00,-2655.366,2025-05-27 15:00:00
2025-05-27 15:05:00,-2655.384,2025-05-27 15:05:00
2025-05-27 15:10:00,-2655.408,2025-05-27 15:10:00
2025-05-27 15:15:00,-2655.419,2025-05-27 15:15:00
2025-05-27 15:20:00,-2655.433,2025-05-27 15:20:00
2025-05-27 15:25:00,-2655.458,2025-05-27 15:25:00
2025-05-27 15:30:00,-2655.465,2025-05-27 15:30:00
2025-05-27 15:35:00,-2655.482,2025-05-27 15:35:00
2025-05-27 15:40:00,-2655.516,2025-05-27 15:40:00
2025-05-27 15:45:00,-2655.522,2025-05-27 15:45:00
2025-05-27 15:50:00,-2655.54,2025-05-27 15:50:00
2025-05-27 15:55:00,-2655.539,2025-05-27 15:55:00
2025-05-27 16:00:00,-2655.575,2025-05-27 16:00:00
2025-05-27 16:05:00,-2655.57,2025-05-27 16:05:00
2025-05-27 16:10:00,-2655.581,2025-05-27 16:10:00
2025-05-27 16:15:00,-2655.603,2025-05-27 16:15:00
2025-05-27 16:20:00,-2655.598,2025-05-27 16:20:00
2025-05-27 16:25:00,-2655.636,2025-05-27 16:25:00
2025-05-27 16:30:00,-2655.642,2025-05-27 16:30:00
2025-05-27 16:35:00,-2655.665,2025-05-27 16:35:00
2025-05-27 16:40:00,-2655.666,2025-05-27 16:40:00
2025-05-27 16:45:00,-2655.66,2025-05-27 16:45:00
2025-05-27 16:50:00,-2655.693,2025-05-27 16:50:00
2025-05-27 16:55:00,-2655.708,2025-05-27 16:55:00
2025-05-27 17:00:00,-2655.701,2025-05-27 17:00:00
2025-05-27 17:05:00,-2655.711,2025-05-27 17:05:00
2025-05-27 17:10:00,-2655.735,2025-05-27 17:10:00
2025-05-27 17:15:00,-2655.714,2025-05-27 17:15:00
2025-05-27 17:20:00,-2655.754,2025-05-27 17:20:00
2025-05-27 17:25:00,-2655.757,2025-05-27 17:25:00
2025-05-27 17:30:00,-2655.765,2025-05-27 17:30:00
2025-05-27 17:35:00,-2655.753,2025-05-27 17:35:00
2025-05-27 17:40:00,-2655.777,2025-05-27 17:40:00
2025-05-27 17:45:00,-2655.793,2025-05-27 17:45:00
2025-05-27 17:50:00,-2655.793,2025-05-27 17:50:00
2025-05-27 17:55:00,-2655.806,2025-05-27 17:55:00
2025-05-27 18:00:00,9000.0,2025-05-27 18:00:00
2025-05-27 18:05:00,9000.0,2025-05-27 18:05:00
2025-05-27 18:10:00,9000.0,2025-05-27 18:10:00
2025-05-27 18:15:00,9000.0,2025-05-27 18:15:00
2025-05-27 18:20:00,9000.0,2025-05-27 18:20:00
2025-05-27 18:25:00,9000.0,2025-05-27 18:25:00
2025-05-27 18:30:00,9000.0,2025-05-27 18:30:00
2025-05-27 18:35:00,9000.0,2025-05-27 18:35:00
2025-05-27 18:40:00,9000.0,2025-05-27 18:40:00
2025-05-27 18:45:00,9000.0,2025-05-27 18:45:00
2025-05-27 18:50:00,9000.0,2025-05-27 18:50:00
2025-05-27 18:55:00,9000.0,2025-05-27 18:55:00
2025-05-27 19:00:00,9000.0,2025-05-27 19:00:00
2025-05-27 19:05:00,9000.0,2025-05-27 19:05:00
2025-05-27 19:10:00,9000.0,2025-05-27 19:10:00
2025-05-27 19:15:00,9000.0,2025-05-27 19:15:00
2025-05-27 19:20:00,9000.0,2025-05-27 19:20:00
2025-05-27 19:25:00,9000.0,2025-05-27 19:25:00
2025-05-27 19:30:00,8999.999,2025-05-27 19:30:00
2025-05-27 19:35:00,8999.999,2025-05-27 19:35:00
2025-05-27 19:40:00,8999.998,2025-05-27 19:40:00
2025-05-27 19:45:00,5939.998,2025-05-27 19:45:00
2025-05-27 19:50:00,0.0,2025-05-27 19:50:00
2025-05-27 19:55:00,0.0,2025-05-27 19:55:00
2025-05-27 20:00:00,0.0,2025-05-27 20:00:00
2025-05-27 20:05:00,0.0,2025-05-27 20:05:00
2025-05-27 20:10:00,0.0,2025-05-27 20:10:00
2025-05-27 20:15:00,0.0,2025-05-27 20:15:00
2025-05-27 20:20:00,0.0,2025-05-27 20:20:00
2025-05-27 20:25:00,0.0,2025-05-27 20:25:00
2025-05-27 20:30:00,0.0,2025-05-27 20:30:00
2025-05-27 20:35:00,0.0,2025-05-27 20:35:00
2025-05-27 20:40:00,0.0,2025-05-27 20:40:00
2025-05-27 20:45:00,0.0,2025-05-27 20:45:00
2025-05-27 20:50:00,0.0,2025-05-27 20:50:00
2025-05-27 20:55:00,0.0,2025-05-27 20:55:00
2025-05-27 21:00:00,0.0,2025-05-27 21:00:00
2025-05-27 21:05:00,0.0,2025-05-27 21:05:00
2025-05-27 21:10:00,0.0,2025-05-27 21:10:00
2025-05-27 21:15:00,0.0,2025-05-27 21:15:00
2025-05-27 21:20:00,0.0,2025-05-27 21:20:00
2025-05-27 21:25:00,0.0,2025-05-27 21:25:00
2025-05-27 21:30:00,0.0,2025-05-27 21:30:00
2025-05-27 21:35:00,0.0,2025-05-27 21:35:00
2025-05-27 21:40:00,0.0,2025-05-27 21:40:00
2025-05-27 21:45:00,0.0,2025-05-27 21:45:00
2025-05-27 21:50:00,0.0,2025-05-27 21:50:00
2025-05-27 21:55:00,0.0,2025-05-27 21:55:00
2025-05-27 22:00:00,-2322.861,2025-05-27 22:00:00
2025-05-27 22:05:00,-2322.866,2025-05-27 22:05:00
2025-05-27 22:10:00,-2322.872,2025-05-27 22:10:00
2025-05-27 22:15:00,-2322.875,2025-05-27 22:15:00
2025-05-27 22:20:00,-2322.878,2025-05-27 22:20:00
2025-05-27 22:25:00,-2322.882,2025-05-27 22:25:00
2025-05-27 22:30:00,-2322.888,2025-05-27 22:30:00
2025-05-27 22:35:00,-2322.896,2025-05-27 22:35:00
2025-05-27 22:40:00,-2322.898,2025-05-27 22:40:00
2025-05-27 22:45:00,-2322.906,2025-05-27 22:45:00
2025-05-27 22:50:00,-2322.914,2025-05-27 22:50:00
2025-05-27 22:55:00,-2322.919,2025-05-27 22:55:00
2025-05-27 23:00:00,-2322.925,2025-05-27 23:00:00
2025-05-27 23:05:00,-2322.931,2025-05-27 23:05:00
2025-05-27 23:10:00,-2322.947,2025-05-27 23:10:00
2025-05-27 23:15:00,-2322.953,2025-05-27 23:15:00
2025-05-27 23:20:00,-2322.963,2025-05-27 23:20:00
2025-05-27 23:25:00,-2322.977,2025-05-27 23:25:00
2025-05-27 23:30:00,-2322.989,2025-05-27 23:30:00
2025-05-27 23:35:00,-2322.998,2025-05-27 23:35:00
2025-05-27 23:40:00,-2323.011,2025-05-27 23:40:00
2025-05-27 23:45:00,-2323.025,2025-05-27 23:45:00
2025-05-27 23:50:00,-2323.039,2025-05-27 23:50:00
2025-05-27 23:55:00,-2323.046,2025-05-27 23:55:00
2025-05-28 00:00:00,-2323.06,2025-05-28 00:00:00
2025-05-28 00:05:00,-2323.073,2025-05-28 00:05:00
2025-05-28 00:10:00,-2323.09,2025-05-28 00:10:00
2025-05-28 00:15:00,-2323.103,2025-05-28 00:15:00
2025-05-28 00:20:00,-2323.119,2025-05-28 00:20:00
2025-05-28 00:25:00,-2323.132,2025-05-28 00:25:00
2025-05-28 00:30:00,-2323.147,2025-05-28 00:30:00
2025-05-28 00:35:00,-2323.163,2025-05-28 00:35:00
2025-05-28 00:40:00,-2323.177,2025-05-28 00:40:00
2025-05-28 00:45:00,-2323.193,2025-05-28 00:45:00
2025-05-28 00:50:00,-2323.211,2025-05-28 00:50:00
2025-05-28 00:55:00,-2323.222,2025-05-28 00:55:00
2025-05-28 01:00:00,-2323.239,2025-05-28 01:00:00
2025-05-28 01:05:00,-2323.256,2025-05-28 01:05:00
2025-05-28 01:10:00,-2323.27,2025-05-28 01:10:00
2025-05-28 01:15:00,-2323.288,2025-05-28 01:15:00
2025-05-28 01:20:00,-2323.302,2025-05-28 01:20:00
2025-05-28 01:25:00,-2323.32,2025-05-28 01:25:00
2025-05-28 01:30:00,-2323.335,2025-05-28 01:30:00
2025-05-28 01:35:00,-2323.349,2025-05-28 01:35:00
2025-05-28 01:40:00,-2323.365,2025-05-28 01:40:00
2025-05-28 01:45:00,-2323.379,2025-05-28 01:45:00
2025-05-28 01:50:00,-2323.395,2025-05-28 01:50:00
2025-05-28 01:55:00,-2323.408,2025-05-28 01:55:00
2025-05-28 02:00:00,-2323.424,2025-05-28 02:00:00
2025-05-28 02:05:00,-2323.438,2025-05-28 02:05:00
2025-05-28 02:10:00,-2323.45,2025-05-28 02:10:00
2025-05-28 02:15:00,-2323.467,2025-05-28 02:15:00
2025-05-28 02:20:00,-2323.478,2025-05-28 02:20:00
2025-05-28 02:25:00,-2323.492,2025-05-28 02:25:00
2025-05-28 02:30:00,-2323.505,2025-05-28 02:30:00
2025-05-28 02:35:00,-2323.519,2025-05-28 02:35:00
2025-05-28 02:40:00,-2323.53,2025-05-28 02:40:00
2025-05-28 02:45:00,-2323.544,2025-05-28 02:45:00
2025-05-28 02:50:00,-2323.557,2025-05-28 02:50:00
2025-05-28 02:55:00,-2323.57,2025-05-28 02:55:00
2025-05-28 03:00:00,-2323.58,2025-05-28 03:00:00
2025-05-28 03:05:00,-2323.592,2025-05-28 03:05:00
2025-05-28 03:10:00,-2323.602,2025-05-28 03:10:00
2025-05-28 03:15:00,-2323.611,2025-05-28 03:15:00
2025-05-28 03:20:00,-2323.623,2025-05-28 03:20:00
2025-05-28 03:25:00,-2323.631,2025-05-28 03:25:00
2025-05-28 03:30:00,-2323.644,2025-05-28 03:30:00
2025-05-28 03:35:00,-2323.653,2025-05-28 03:35:00
2025-05-28 03:40:00,-2323.664,2025-05-28 03:40:00
2025-05-28 03:45:00,-2323.671,2025-05-28 03:45:00
2025-05-28 03:50:00,-2323.68,2025-05-28 03:50:00
2025-05-28 03:55:00,-2323.688,2025-05-28 03:55:00
2025-05-28 04:00:00,-2323.692,2025-05-28 04:00:00
2025-05-28 04:05:00,-2323.702,2025-05-28 04:05:00
2025-05-28 04:10:00,-2323.708,2025-05-28 04:10:00
2025-05-28 04:15:00,-2323.713,2025-05-28 04:15:00
2025-05-28 04:20:00,-2323.719,2025-05-28 04:20:00
2025-05-28 04:25:00,-2323.725,2025-05-28 04:25:00
2025-05-28 04:30:00,-2323.73,2025-05-28 04:30:00
2025-05-28 04:35:00,-2323.734,2025-05-28 04:35:00
2025-05-28 04:40:00,-2323.739,2025-05-28 04:40:00
2025-05-28 04:45:00,-2323.739,2025-05-28 04:45:00
2025-05-28 04:50:00,-2323.745,2025-05-28 04:50:00
2025-05-28 04:55:00,-2323.749,2025-05-28 04:55:00
2025-05-28 05:00:00,-2323.748,2025-05-28 05:00:00
2025-05-28 05:05:00,-2323.753,2025-05-28 05:05:00
2025-05-28 05:10:00,-2323.757,2025-05-28 05:10:00
2025-05-28 05:15:00,-2323.756,2025-05-28 05:15:00
2025-05-28 05:20:00,-2323.757,2025-05-28 05:20:00
2025-05-28 05:25:00,-2323.76,2025-05-28 05:25:00
2025-05-28 05:30:00,-2323.762,2025-05-28 05:30:00
2025-05-28 05:35:00,-2323.763,2025-05-28 05:35:00
2025-05-28 05:40:00,-2323.763,2025-05-28 05:40:00
2025-05-28 05:45:00,-2323.765,2025-05-28 05:45:00
2025-05-28 05:50:00,-2323.766,2025-05-28 05:50:00
2025-05-28 05:55:00,-2323.765,2025-05-28 05:55:00
2025-05-28 06:00:00,0.0,2025-05-28 06:00:00
2025-05-28 06:05:00,0.0,2025-05-28 06:05:00
2025-05-28 06:10:00,0.0,2025-05-28 06:10:00
2025-05-28 06:15:00,0.0,2025-05-28 06:15:00
2025-05-28 06:20:00,0.0,2025-05-28 06:20:00
2025-05-28 06:25:00,0.0,2025-05-28 06:25:00
2025-05-28 06:30:00,0.0,2025-05-28 06:30:00
2025-05-28 06:35:00,0.0,2025-05-28 06:35:00
2025-05-28 06:40:00,0.0,2025-05-28 06:40:00
2025-05-28 06:45:00,0.0,2025-05-28 06:45:00
2025-05-28 06:50:00,0.0,2025-05-28 06:50:00
2025-05-28 06:55:00,0.0,2025-05-28 06:55:00
2025-05-28 07:00:00,0.0,2025-05-28 07:00:00
2025-05-28 07:05:00,0.0,2025-05-28 07:05:00
2025-05-28 07:10:00,0.0,2025-05-28 07:10:00
2025-05-28 07:15:00,0.0,2025-05-28 07:15:00
2025-05-28 07:20:00,0.0,2025-05-28 07:20:00
2025-05-28 07:25:00,0.0,2025-05-28 07:25:00
2025-05-28 07:30:00,0.0,2025-05-28 07:30:00
2025-05-28 07:35:00,0.0,2025-05-28 07:35:00
2025-05-28 07:40:00,0.0,2025-05-28 07:40:00
2025-05-28 07:45:00,0.0,2025-05-28 07:45:00
2025-05-28 07:50:00,0.0,2025-05-28 07:50:00
2025-05-28 07:55:00,0.0,2025-05-28 07:55:00
2025-05-28 08:00:00,9000.0,2025-05-28 08:00:00
2025-05-28 08:05:00,9000.0,2025-05-28 08:05:00
2025-05-28 08:10:00,9000.0,2025-05-28 08:10:00
2025-05-28 08:15:00,9000.0,2025-05-28 08:15:00
2025-05-28 08:20:00,9000.0,2025-05-28 08:20:00
2025-05-28 08:25:00,9000.0,2025-05-28 08:25:00
2025-05-28 08:30:00,9000.0,2025-05-28 08:30:00
2025-05-28 08:35:00,9000.0,2025-05-28 08:35:00
2025-05-28 08:40:00,9000.0,2025-05-28 08:40:00
2025-05-28 08:45:00,9000.0,2025-05-28 08:45:00
2025-05-28 08:50:00,9000.0,2025-05-28 08:50:00
2025-05-28 08:55:00,9000.0,2025-05-28 08:55:00
2025-05-28 09:00:00,9000.0,2025-05-28 09:00:00
2025-05-28 09:05:00,9000.0,2025-05-28 09:05:00
2025-05-28 09:10:00,9000.0,2025-05-28 09:10:00
2025-05-28 09:15:00,9000.0,2025-05-28 09:15:00
2025-05-28 09:20:00,9000.0,2025-05-28 09:20:00
2025-05-28 09:25:00,9000.0,2025-05-28 09:25:00
2025-05-28 09:30:00,9000.0,2025-05-28 09:30:00
2025-05-28 09:35:00,9000.0,2025-05-28 09:35:00
2025-05-28 09:40:00,8999.999,2025-05-28 09:40:00
2025-05-28 09:45:00,5939.999,2025-05-28 09:45:00
2025-05-28 09:50:00,0.0,2025-05-28 09:50:00
2025-05-28 09:55:00,0.0,2025-05-28 09:55:00
2025-05-28 10:00:00,0.0,2025-05-28 10:00:00
2025-05-28 10:05:00,0.0,2025-05-28 10:05:00
2025-05-28 10:10:00,0.0,2025-05-28 10:10:00
2025-05-28 10:15:00,0.0,2025-05-28 10:15:00
2025-05-28 10:20:00,0.0,2025-05-28 10:20:00
2025-05-28 10:25:00,0.0,2025-05-28 10:25:00
2025-05-28 10:30:00,0.0,2025-05-28 10:30:00
2025-05-28 10:35:00,0.0,2025-05-28 10:35:00
2025-05-28 10:40:00,0.0,2025-05-28 10:40:00
2025-05-28 10:45:00,0.0,2025-05-28 10:45:00
2025-05-28 10:50:00,0.0,2025-05-28 10:50:00
2025-05-28 10:55:00,0.0,2025-05-28 10:55:00
2025-05-28 11:00:00,-2655.643,2025-05-28 11:00:00
2025-05-28 11:05:00,-2655.639,2025-05-28 11:05:00
2025-05-28 11:10:00,-2655.64,2025-05-28 11:10:00
2025-05-28 11:15:00,-2655.64,2025-05-28 11:15:00
2025-05-28 11:20:00,-2655.638,2025-05-28 11:20:00
2025-05-28 11:25:00,-2655.637,2025-05-28 11:25:00
2025-05-28 11:30:00,-2655.636,2025-05-28 11:30:00
2025-05-28 11:35:00,-2655.634,2025-05-28 11:35:00
2025-05-28 11:40:00,-2655.634,2025-05-28 11:40:00
2025-05-28 11:45:00,-2655.63,2025-05-28 11:45:00
2025-05-28 11:50:00,-2655.63,2025-05-28 11:50:00
2025-05-28 11:55:00,-2655.63,2025-05-28 11:55:00
2025-05-28 12:00:00,-2655.626,2025-05-28 12:00:00
2025-05-28 12:05:00,-2655.619,2025-05-28 12:05:00
2025-05-28 12:10:00,-2655.61,2025-05-28 12:10:00
2025-05-28 12:15:00,-2655.611,2025-05-28 12:15:00
2025-05-28 12:20:00,-2655.604,2025-05-28 12:20:00
2025-05-28 12:25:00,-2655.601,2025-05-28 12:25:00
2025-05-28 12:30:00,-2655.594,2025-05-28 12:30:00
2025-05-28 12:35:00,-2655.592,2025-05-28 12:35:00
2025-05-28 12:40:00,-2655.581,2025-05-28 12:40:00
2025-05-28 12:45:00,-2655.575,2025-05-28 12:45:00
2025-05-28 12:50:00,-2655.562,2025-05-28 12:50:00
2025-05-28 12:55:00,-2655.558,2025-05-28 12:55:00
2025-05-28 13:00:00,-2655.542,2025-05-28 13:00:00
2025-05-28 13:05:00,-2655.537,2025-05-28 13:05:00
2025-05-28 13:10:00,-2655.518,2025-05-28 13:10:00
2025-05-28 13:15:00,-2655.51,2025-05-28 13:15:00
2025-05-28 13:20:00,-2655.498,2025-05-28 13:20:00
2025-05-28 13:25:00,-2655.492,2025-05-28 13:25:00
2025-05-28 13:30:00,-2655.478,2025-05-28 13:30:00
2025-05-28 13:35:00,-2655.463,2025-05-28 13:35:00
2025-05-28 13:40:00,-2655.448,2025-05-28 13:40:00
2025-05-28 13:45:00,-2655.439,2025-05-28 13:45:00
2025-05-28 13:50:00,-2655.428,2025-05-28 13:50:00
2025-05-28 13:55:00,-2655.414,2025-05-28 13:55:00
2025-05-28 14:00:00,-2655.391,2025-05-28 14:00:00
2025-05-28 14:05:00,-2655.387,2025-05-28 14:05:00
2025-05-28 14:10:00,-2655.36,2025-05-28 14:10:00
2025-05-28 14:15:00,-2655.352,2025-05-28 14:15:00
2025-05-28 14:20:00,-2655.334,2025-05-28 14:20:00
2025-05-28 14:25:00,-2655.323,2025-05-28 14:25:00
2025-05-28 14:30:00,-2655.309,2025-05-28 14:30:00
2025-05-28 14:35:00,-2655.292,2025-05-28 14:35:00
2025-05-28 14:40:00,-2655.275,2025-05-28 14:40:00
2025-05-28 14:45:00,-2655.261,2025-05-28 14:45:00
2025-05-28 14:50:00,-2655.241,2025-05-28 14:50:00
2025-05-28 14:55:00,-2655.23,2025-05-28 14:55:00
2025-05-28 15:00:00,-2655.211,2025-05-28 15:00:00
2025-05-28 15:05:00,-2655.193,2025-05-28 15:05:00
2025-05-28 15:10:00,-2655.179,2025-05-28 15:10:00
2025-05-28 15:15:00,-2655.169,2025-05-28 15:15:00
2025-05-28 15:20:00,-2655.149,2025-05-28 15:20:00
2025-05-28 15:25:00,-2655.128,2025-05-28 15:25:00
2025-05-28 15:30:00,-2655.128,2025-05-28 15:30:00
2025-05-28 15:35:00,-2655.108,2025-05-28 15:35:00
2025-05-28 15:40:00,-2655.093,2025-05-28 15:40:00
2025-05-28 15:45:00,-2655.068,2025-05-28 15:45:00
2025-05-28 15:50:00,-2655.055,2025-05-28 15:50:00
2025-05-28 15:55:00,-2655.04,2025-05-28 15:55:00
2025-05-28 16:00:00,-2655.03,2025-05-28 16:00:00
2025-05-28 16:05:00,-2655.009,2025-05-28 16:05:00
2025-05-28 16:10:00,-2654.995,2025-05-28 16:10:00
2025-05-28 16:15:00,-2654.982,2025-05-28 16:15:00
2025-05-28 16:20:00,-2654.966,2025-05-28 16:20:00
2025-05-28 16:25:00,-2654.958,2025-05-28 16:25:00
2025-05-28 16:30:00,-2654.944,2025-05-28 16:30:00
2025-05-28 16:35:00,-2654.932,2025-05-28 16:35:00
2025-05-28 16:40:00,-2654.924,2025-05-28 16:40:00
2025-05-28 16:45:00,-2654.912,2025-05-28 16:45:00
2025-05-28 16:50:00,-2654.906,2025-05-28 16:50:00
2025-05-28 16:55:00,-2654.893,2025-05-28 16:55:00
2025-05-28 17:00:00,-2654.884,2025-05-28 17:00:00
2025-05-28 17:05:00,-2654.876,2025-05-28 17:05:00
2025-05-28 17:10:00,-2654.874,2025-05-28 17:10:00
2025-05-28 17:15:00,-2654.863,2025-05-28 17:15:00
2025-05-28 17:20:00,-2654.857,2025-05-28 17:20:00
2025-05-28 17:25:00,-2654.85,2025-05-28 17:25:00
2025-05-28 17:30:00,-2654.852,2025-05-28 17:30:00
2025-05-28 17:35:00,-2654.839,2025-05-28 17:35:00
2025-05-28 17:40:00,-2654.837,2025-05-28 17:40:00
2025-05-28 17:45:00,-2654.831,2025-05-28 17:45:00
2025-05-28 17:50:00,-2654.828,2025-05-28 17:50:00
2025-05-28 17:55:00,-2654.834,2025-05-28 17:55:00
2025-05-28 18:00:00,9000.0,2025-05-28 18:00:00
2025-05-28 18:05:00,9000.0,2025-05-28 18:05:00
2025-05-28 18:10:00,9000.0,2025-05-28 18:10:00
2025-05-28 18:15:00,9000.0,2025-05-28 18:15:00
2025-05-28 18:20:00,9000.0,2025-05-28 18:20:00
2025-05-28 18:25:00,9000.0,2025-05-28 18:25:00
2025-05-28 18:30:00,9000.0,2025-05-28 18:30:00
2025-05-28 18:35:00,9000.0,2025-05-28 18:35:00
2025-05-28 18:40:00,9000.0,2025-05-28 18:40:00
2025-05-28 18:45:00,9000.0,2025-05-28 18:45:00
2025-05-28 18:50:00,9000.0,2025-05-28 18:50:00
2025-05-28 18:55:00,9000.0,2025-05-28 18:55:00
2025-05-28 19:00:00,9000.0,2025-05-28 19:00:00
2025-05-28 19:05:00,9000.0,2025-05-28 19:05:00
2025-05-28 19:10:00,9000.0,2025-05-28 19:10:00
2025-05-28 19:15:00,9000.0,2025-05-28 19:15:00
2025-05-28 19:20:00,9000.0,2025-05-28 19:20:00
2025-05-28 19:25:00,9000.0,2025-05-28 19:25:00
2025-05-28 19:30:00,9000.0,2025-05-28 19:30:00
2025-05-28 19:35:00,9000.0,2025-05-28 19:35:00
2025-05-28 19:40:00,8999.999,2025-05-28 19:40:00
2025-05-28 19:45:00,5939.999,2025-05-28 19:45:00
2025-05-28 19:50:00,0.0,2025-05-28 19:50:00
2025-05-28 19:55:00,0.0,2025-05-28 19:55:00
2025-05-28 20:00:00,0.0,2025-05-28 20:00:00
2025-05-28 20:05:00,0.0,2025-05-28 20:05:00
2025-05-28 20:10:00,0.0,2025-05-28 20:10:00
2025-05-28 20:15:00,0.0,2025-05-28 20:15:00
2025-05-28 20:20:00,0.0,2025-05-28 20:20:00
2025-05-28 20:25:00,0.0,2025-05-28 20:25:00
2025-05-28 20:30:00,0.0,2025-05-28 20:30:00
2025-05-28 20:35:00,0.0,2025-05-28 20:35:00
2025-05-28 20:40:00,0.0,2025-05-28 20:40:00
2025-05-28 20:45:00,0.0,2025-05-28 20:45:00
2025-05-28 20:50:00,0.0,2025-05-28 20:50:00
2025-05-28 20:55:00,0.0,2025-05-28 20:55:00
2025-05-28 21:00:00,0.0,2025-05-28 21:00:00
2025-05-28 21:05:00,0.0,2025-05-28 21:05:00
2025-05-28 21:10:00,0.0,2025-05-28 21:10:00
2025-05-28 21:15:00,0.0,2025-05-28 21:15:00
2025-05-28 21:20:00,0.0,2025-05-28 21:20:00
2025-05-28 21:25:00,0.0,2025-05-28 21:25:00
2025-05-28 21:30:00,0.0,2025-05-28 21:30:00
2025-05-28 21:35:00,0.0,2025-05-28 21:35:00
2025-05-28 21:40:00,0.0,2025-05-28 21:40:00
2025-05-28 21:45:00,0.0,2025-05-28 21:45:00
2025-05-28 21:50:00,0.0,2025-05-28 21:50:00
2025-05-28 21:55:00,0.0,2025-05-28 21:55:00
2025-05-28 22:00:00,-2323.101,2025-05-28 22:00:00
2025-05-28 22:05:00,-2323.105,2025-05-28 22:05:00
2025-05-28 22:10:00,-2323.108,2025-05-28 22:10:00
2025-05-28 22:15:00,-2323.111,2025-05-28 22:15:00
2025-05-28 22:20:00,-2323.113,2025-05-28 22:20:00
2025-05-28 22:25:00,-2323.117,2025-05-28 22:25:00
2025-05-28 22:30:00,-2323.12,2025-05-28 22:30:00
2025-05-28 22:35:00,-2323.125,2025-05-28 22:35:00
2025-05-28 22:40:00,-2323.124,2025-05-28 22:40:00
2025-05-28 22:45:00,-2323.126,2025-05-28 22:45:00
2025-05-28 22:50:00,-2323.13,2025-05-28 22:50:00
2025-05-28 22:55:00,-2323.135,2025-05-28 22:55:00
2025-05-28 23:00:00,-2323.138,2025-05-28 23:00:00
2025-05-28 23:05:00,-2323.142,2025-05-28 23:05:00
2025-05-28 23:10:00,-2323.147,2025-05-28 23:10:00
2025-05-28 23:15:00,-2323.15,2025-05-28 23:15:00
2025-05-28 23:20:00,-2323.158,2025-05-28 23:20:00
2025-05-28 23:25:00,-2323.162,2025-05-28 23:25:00
2025-05-28 23:30:00,-2323.168,2025-05-28 23:30:00
2025-05-28 23:35:00,-2323.174,2025-05-28 23:35:00
2025-05-28 23:40:00,-2323.182,2025-05-28 23:40:00
2025-05-28 23:45:00,-2323.189,2025-05-28 23:45:00
2025-05-28 23:50:00,-2323.196,2025-05-28 23:50:00
2025-05-28 23:55:00,-2323.201,2025-05-28 23:55:00
2025-05-29 00:00:00,-2323.206,2025-05-29 00:00:00
2025-05-29 00:05:00,-2323.213,2025-05-29 00:05:00
2025-05-29 00:10:00,-2323.218,2025-05-29 00:10:00
2025-05-29 00:15:00,-2323.225,2025-05-29 00:15:00
2025-05-29 00:20:00,-2323.232,2025-05-29 00:20:00
2025-05-29 00:25:00,-2323.242,2025-05-29 00:25:00
2025-05-29 00:30:00,-2323.248,2025-05-29 00:30:00
2025-05-29 00:35:00,-2323.255,2025-05-29 00:35:00
2025-05-29 00:40:00,-2323.263,2025-05-29 00:40:00
2025-05-29 00:45:00,-2323.27,2025-05-29 00:45:00
2025-05-29 00:50:00,-2323.278,2025-05-29 00:50:00
2025-05-29 00:55:00,-2323.289,2025-05-29 00:55:00
2025-05-29 01:00:00,-2323.296,2025-05-29 01:00:00
2025-05-29 01:05:00,-2323.304,2025-05-29 01:05:00
2025-05-29 01:10:00,-2323.309,2025-05-29 01:10:00
2025-05-29 01:15:00,-2323.318,2025-05-29 01:15:00
2025-05-29 01:20:00,-2323.328,2025-05-29 01:20:00
2025-05-29 01:25:00,-2323.337,2025-05-29 01:25:00
2025-05-29 01:30:00,-2323.343,2025-05-29 01:30:00
2025-05-29 01:35:00,-2323.351,2025-05-29 01:35:00
2025-05-29 01:40:00,-2323.363,2025-05-29 01:40:00
2025-05-29 01:45:00,-2323.37,2025-05-29 01:45:00
2025-05-29 01:50:00,-2323.377,2025-05-29 01:50:00
2025-05-29 01:55:00,-2323.385,2025-05-29 01:55:00
2025-05-29 02:00:00,-2323.393,2025-05-29 02:00:00
2025-05-29 02:05:00,-2323.401,2025-05-29 02:05:00
2025-05-29 02:10:00,-2323.409,2025-05-29 02:10:00
2025-05-29 02:15:00,-2323.417,2025-05-29 02:15:00
2025-05-29 02:20:00,-2323.428,2025-05-29 02:20:00
2025-05-29 02:25:00,-2323.435,2025-05-29 02:25:00
2025-05-29 02:30:00,-2323.444,2025-05-29 02:30:00
2025-05-29 02:35:00,-2323.446,2025-05-29 02:35:00
2025-05-29 02:40:00,-2323.455,2025-05-29 02:40:00
2025-05-29 02:45:00,-2323.462,2025-05-29 02:45:00
2025-05-29 02:50:00,-2323.468,2025-05-29 02:50:00
2025-05-29 02:55:00,-2323.476,2025-05-29 02:55:00
2025-05-29 03:00:00,-2323.483,2025-05-29 03:00:00
2025-05-29 03:05:00,-2323.488,2025-05-29 03:05:00
2025-05-29 03:10:00,-2323.493,2025-05-29 03:10:00
2025-05-29 03:15:00,-2323.499,2025-05-29 03:15:00
2025-05-29 03:20:00,-2323.505,2025-05-29 03:20:00
2025-05-29 03:25:00,-2323.512,2025-05-29 03:25:00
2025-05-29 03:30:00,-2323.515,2025-05-29 03:30:00
2025-05-29 03:35:00,-2323.52,2025-05-29 03:35:00
2025-05-29 03:40:00,-2323.526,2025-05-29 03:40:00
2025-05-29 03:45:00,-2323.53,2025-05-29 03:45:00
2025-05-29 03:50:00,-2323.535,2025-05-29 03:50:00
2025-05-29 03:55:00,-2323.537,2025-05-29 03:55:00
2025-05-29 04:00:00,-2323.546,2025-05-29 04:00:00
2025-05-29 04:05:00,-2323.55,2025-05-29 04:05:00
2025-05-29 04:10:00,-2323.552,2025-05-29 04:10:00
2025-05-29 04:15:00,-2323.557,2025-05-29 04:15:00
2025-05-29 04:20:00,-2323.558,2025-05-29 04:20:00
2025-05-29 04:25:00,-2323.563,2025-05-29 04:25:00
2025-05-29 04:30:00,-2323.566,2025-05-29 04:30:00
2025-05-29 04:35:00,-2323.569,2025-05-29 04:35:00
2025-05-29 04:40:00,-2323.569,2025-05-29 04:40:00
2025-05-29 04:45:00,-2323.571,2025-05-29 04:45:00
2025-05-29 04:50:00,-2323.572,2025-05-29 04:50:00
2025-05-29 04:55:00,-2323.573,2025-05-29 04:55:00
2025-05-29 05:00:00,-2323.572,2025-05-29 05:00:00
2025-05-29 05:05:00,-2323.576,2025-05-29 05:05:00
2025-05-29 05:10:00,-2323.578,2025-05-29 05:10:00
2025-05-29 05:15:00,-2323.576,2025-05-29 05:15:00
2025-05-29 05:20:00,-2323.576,2025-05-29 05:20:00
2025-05-29 05:25:00,-2323.578,2025-05-29 05:25:00
2025-05-29 05:30:00,-2323.577,2025-05-29 05:30:00
2025-05-29 05:35:00,-2323.577,2025-05-29 05:35:00
2025-05-29 05:40:00,-2323.577,2025-05-29 05:40:00
2025-05-29 05:45:00,-2323.577,2025-05-29 05:45:00
2025-05-29 05:50:00,-2323.575,2025-05-29 05:50:00
2025-05-29 05:55:00,-2323.572,2025-05-29 05:55:00
2025-05-29 06:00:00,0.0,2025-05-29 06:00:00
2025-05-29 06:05:00,0.0,2025-05-29 06:05:00
2025-05-29 06:10:00,0.0,2025-05-29 06:10:00
2025-05-29 06:15:00,0.0,2025-05-29 06:15:00
2025-05-29 06:20:00,0.0,2025-05-29 06:20:00
2025-05-29 06:25:00,0.0,2025-05-29 06:25:00
2025-05-29 06:30:00,0.0,2025-05-29 06:30:00
2025-05-29 06:35:00,0.0,2025-05-29 06:35:00
2025-05-29 06:40:00,0.0,2025-05-29 06:40:00
2025-05-29 06:45:00,0.0,2025-05-29 06:45:00
2025-05-29 06:50:00,0.0,2025-05-29 06:50:00
2025-05-29 06:55:00,0.0,2025-05-29 06:55:00
2025-05-29 07:00:00,0.0,2025-05-29 07:00:00
2025-05-29 07:05:00,0.0,2025-05-29 07:05:00
2025-05-29 07:10:00,0.0,2025-05-29 07:10:00
2025-05-29 07:15:00,0.0,2025-05-29 07:15:00
2025-05-29 07:20:00,0.0,2025-05-29 07:20:00
2025-05-29 07:25:00,0.0,2025-05-29 07:25:00
2025-05-29 07:30:00,0.0,2025-05-29 07:30:00
2025-05-29 07:35:00,0.0,2025-05-29 07:35:00
2025-05-29 07:40:00,0.0,2025-05-29 07:40:00
2025-05-29 07:45:00,0.0,2025-05-29 07:45:00
2025-05-29 07:50:00,0.0,2025-05-29 07:50:00
2025-05-29 07:55:00,0.0,2025-05-29 07:55:00
2025-05-29 08:00:00,9000.0,2025-05-29 08:00:00
2025-05-29 08:05:00,9000.0,2025-05-29 08:05:00
2025-05-29 08:10:00,9000.0,2025-05-29 08:10:00
2025-05-29 08:15:00,9000.0,2025-05-29 08:15:00
2025-05-29 08:20:00,9000.0,2025-05-29 08:20:00
2025-05-29 08:25:00,9000.0,2025-05-29 08:25:00
2025-05-29 08:30:00,9000.0,2025-05-29 08:30:00
2025-05-29 08:35:00,9000.0,2025-05-29 08:35:00
2025-05-29 08:40:00,9000.0,2025-05-29 08:40:00
2025-05-29 08:45:00,9000.0,2025-05-29 08:45:00
2025-05-29 08:50:00,9000.0,2025-05-29 08:50:00
2025-05-29 08:55:00,9000.0,2025-05-29 08:55:00
2025-05-29 09:00:00,9000.0,2025-05-29 09:00:00
2025-05-29 09:05:00,9000.0,2025-05-29 09:05:00
2025-05-29 09:10:00,9000.0,2025-05-29 09:10:00
2025-05-29 09:15:00,9000.0,2025-05-29 09:15:00
2025-05-29 09:20:00,9000.0,2025-05-29 09:20:00
2025-05-29 09:25:00,9000.0,2025-05-29 09:25:00
2025-05-29 09:30:00,9000.0,2025-05-29 09:30:00
2025-05-29 09:35:00,9000.0,2025-05-29 09:35:00
2025-05-29 09:40:00,9000.0,2025-05-29 09:40:00
2025-05-29 09:45:00,5939.999,2025-05-29 09:45:00
2025-05-29 09:50:00,0.0,2025-05-29 09:50:00
2025-05-29 09:55:00,0.0,2025-05-29 09:55:00
2025-05-29 10:00:00,0.0,2025-05-29 10:00:00
2025-05-29 10:05:00,0.0,2025-05-29 10:05:00
2025-05-29 10:10:00,0.0,2025-05-29 10:10:00
2025-05-29 10:15:00,0.0,2025-05-29 10:15:00
2025-05-29 10:20:00,0.0,2025-05-29 10:20:00
2025-05-29 10:25:00,0.0,2025-05-29 10:25:00
2025-05-29 10:30:00,0.0,2025-05-29 10:30:00
2025-05-29 10:35:00,0.0,2025-05-29 10:35:00
2025-05-29 10:40:00,0.0,2025-05-29 10:40:00
2025-05-29 10:45:00,0.0,2025-05-29 10:45:00
2025-05-29 10:50:00,0.0,2025-05-29 10:50:00
2025-05-29 10:55:00,0.0,2025-05-29 10:55:00
2025-05-29 11:00:00,-2655.465,2025-05-29 11:00:00
2025-05-29 11:05:00,-2655.466,2025-05-29 11:05:00
2025-05-29 11:10:00,-2655.467,2025-05-29 11:10:00
2025-05-29 11:15:00,-2655.468,2025-05-29 11:15:00
2025-05-29 11:20:00,-2655.467,2025-05-29 11:20:00
2025-05-29 11:25:00,-2655.468,2025-05-29 11:25:00
2025-05-29 11:30:00,-2655.468,2025-05-29 11:30:00
2025-05-29 11:35:00,-2655.466,2025-05-29 11:35:00
2025-05-29 11:40:00,-2655.466,2025-05-29 11:40:00
2025-05-29 11:45:00,-2655.463,2025-05-29 11:45:00
2025-05-29 11:50:00,-2655.461,2025-05-29 11:50:00
2025-05-29 11:55:00,-2655.46,2025-05-29 11:55:00
2025-05-29 12:00:00,-2655.455,2025-05-29 12:00:00
2025-05-29 12:05:00,-2655.456,2025-05-29 12:05:00
2025-05-29 12:10:00,-2655.451,2025-05-29 12:10:00
2025-05-29 12:15:00,-2655.452,2025-05-29 12:15:00
2025-05-29 12:20:00,-2655.456,2025-05-29 12:20:00
2025-05-29 12:25:00,-2655.445,2025-05-29 12:25:00
2025-05-29 12:30:00,-2655.443,2025-05-29 12:30:00
2025-05-29 12:35:00,-2655.441,2025-05-29 12:35:00
2025-05-29 12:40:00,-2655.434,2025-05-29 12:40:00
2025-05-29 12:45:00,-2655.432,2025-05-29 12:45:00
2025-05-29 12:50:00,-2655.425,2025-05-29 12:50:00
2025-05-29 12:55:00,-2655.417,2025-05-29 12:55:00
2025-05-29 13:00:00,-2655.413,2025-05-29 13:00:00
2025-05-29 13:05:00,-2655.408,2025-05-29 13:05:00
2025-05-29 13:10:00,-2655.403,2025-05-29 13:10:00
2025-05-29 13:15:00,-2655.398,2025-05-29 13:15:00
2025-05-29 13:20:00,-2655.393,2025-05-29 13:20:00
2025-05-29 13:25:00,-2655.385,2025-05-29 13:25:00
2025-05-29 13:30:00,-2655.382,2025-05-29 13:30:00
2025-05-29 13:35:00,-2655.376,2025-05-29 13:35:00
2025-05-29 13:40:00,-2655.369,2025-05-29 13:40:00
2025-05-29 13:45:00,-2655.363,2025-05-29 13:45:00
2025-05-29 13:50:00,-2655.361,2025-05-29 13:50:00
2025-05-29 13:55:00,-2655.352,2025-05-29 13:55:00
2025-05-29 14:00:00,-2655.354,2025-05-29 14:00:00
2025-05-29 14:05:00,-2655.34,2025-05-29 14:05:00
2025-05-29 14:10:00,-2655.329,2025-05-29 14:10:00
2025-05-29 14:15:00,-2655.325,2025-05-29 14:15:00
2025-05-29 14:20:00,-2655.311,2025-05-29 14:20:00
2025-05-29 14:25:00,-2655.31,2025-05-29 14:25:00
2025-05-29 14:30:00,-2655.304,2025-05-29 14:30:00
2025-05-29 14:35:00,-2655.29,2025-05-29 14:35:00
2025-05-29 14:40:00,-2655.285,2025-05-29 14:40:00
2025-05-29 14:45:00,-2655.276,2025-05-29 14:45:00
2025-05-29 14:50:00,-2655.265,2025-05-29 14:50:00
2025-05-29 14:55:00,-2655.261,2025-05-29 14:55:00
2025-05-29 15:00:00,-2655.249,2025-05-29 15:00:00
2025-05-29 15:05:00,-2655.241,2025-05-29 15:05:00
2025-05-29 15:10:00,-2655.234,2025-05-29 15:10:00
2025-05-29 15:15:00,-2655.22,2025-05-29 15:15:00
2025-05-29 15:20:00,-2655.219,2025-05-29 15:20:00
2025-05-29 15:25:00,-2655.21,2025-05-29 15:25:00
2025-05-29 15:30:00,-2655.204,2025-05-29 15:30:00
2025-05-29 15:35:00,-2655.19,2025-05-29 15:35:00
2025-05-29 15:40:00,-2655.181,2025-05-29 15:40:00
2025-05-29 15:45:00,-2655.172,2025-05-29 15:45:00
2025-05-29 15:50:00,-2655.166,2025-05-29 15:50:00
2025-05-29 15:55:00,-2655.156,2025-05-29 15:55:00
2025-05-29 16:00:00,-2655.157,2025-05-29 16:00:00
2025-05-29 16:05:00,-2655.147,2025-05-29 16:05:00
2025-05-29 16:10:00,-2655.138,2025-05-29 16:10:00
2025-05-29 16:15:00,-2655.136,2025-05-29 16:15:00
2025-05-29 16:20:00,-2655.121,2025-05-29 16:20:00
2025-05-29 16:25:00,-2655.119,2025-05-29 16:25:00
2025-05-29 16:30:00,-2655.109,2025-05-29 16:30:00
2025-05-29 16:35:00,-2655.109,2025-05-29 16:35:00
2025-05-29 16:40:00,-2655.092,2025-05-29 16:40:00
2025-05-29 16:45:00,-2655.089,2025-05-29 16:45:00
2025-05-29 16:50:00,-2655.087,2025-05-29 16:50:00
2025-05-29 16:55:00,-2655.075,2025-05-29 16:55:00
2025-05-29 17:00:00,-2655.066,2025-05-29 17:00:00
2025-05-29 17:05:00,-2655.06,2025-05-29 17:05:00
2025-05-29 17:10:00,-2655.054,2025-05-29 17:10:00
2025-05-29 17:15:00,-2655.049,2025-05-29 17:15:00
2025-05-29 17:20:00,-2655.044,2025-05-29 17:20:00
2025-05-29 17:25:00,-2655.04,2025-05-29 17:25:00
2025-05-29 17:30:00,-2655.041,2025-05-29 17:30:00
2025-05-29 17:35:00,-2655.037,2025-05-29 17:35:00
2025-05-29 17:40:00,-2655.032,2025-05-29 17:40:00
2025-05-29 17:45:00,-2655.032,2025-05-29 17:45:00
2025-05-29 17:50:00,-2655.028,2025-05-29 17:50:00
2025-05-29 17:55:00,-2655.026,2025-05-29 17:55:00
2025-05-29 18:00:00,9000.0,2025-05-29 18:00:00
2025-05-29 18:05:00,9000.0,2025-05-29 18:05:00
2025-05-29 18:10:00,9000.0,2025-05-29 18:10:00
2025-05-29 18:15:00,9000.0,2025-05-29 18:15:00
2025-05-29 18:20:00,9000.0,2025-05-29 18:20:00
2025-05-29 18:25:00,9000.0,2025-05-29 18:25:00
2025-05-29 18:30:00,9000.0,2025-05-29 18:30:00
2025-05-29 18:35:00,9000.0,2025-05-29 18:35:00
2025-05-29 18:40:00,9000.0,2025-05-29 18:40:00
2025-05-29 18:45:00,9000.0,2025-05-29 18:45:00
2025-05-29 18:50:00,9000.0,2025-05-29 18:50:00
2025-05-29 18:55:00,9000.0,2025-05-29 18:55:00
2025-05-29 19:00:00,9000.0,2025-05-29 19:00:00
2025-05-29 19:05:00,9000.0,2025-05-29 19:05:00
2025-05-29 19:10:00,9000.0,2025-05-29 19:10:00
2025-05-29 19:15:00,9000.0,2025-05-29 19:15:00
2025-05-29 19:20:00,9000.0,2025-05-29 19:20:00
2025-05-29 19:25:00,9000.0,2025-05-29 19:25:00
2025-05-29 19:30:00,9000.0,2025-05-29 19:30:00
2025-05-29 19:35:00,9000.0,2025-05-29 19:35:00
2025-05-29 19:40:00,9000.0,2025-05-29 19:40:00
2025-05-29 19:45:00,5939.999,2025-05-29 19:45:00
2025-05-29 19:50:00,0.0,2025-05-29 19:50:00
2025-05-29 19:55:00,0.0,2025-05-29 19:55:00
2025-05-29 20:00:00,0.0,2025-05-29 20:00:00
2025-05-29 20:05:00,0.0,2025-05-29 20:05:00
2025-05-29 20:10:00,0.0,2025-05-29 20:10:00
2025-05-29 20:15:00,0.0,2025-05-29 20:15:00
2025-05-29 20:20:00,0.0,2025-05-29 20:20:00
2025-05-29 20:25:00,0.0,2025-05-29 20:25:00
2025-05-29 20:30:00,0.0,2025-05-29 20:30:00
2025-05-29 20:35:00,0.0,2025-05-29 20:35:00
2025-05-29 20:40:00,0.0,2025-05-29 20:40:00
2025-05-29 20:45:00,0.0,2025-05-29 20:45:00
2025-05-29 20:50:00,0.0,2025-05-29 20:50:00
2025-05-29 20:55:00,0.0,2025-05-29 20:55:00
2025-05-29 21:00:00,0.0,2025-05-29 21:00:00
2025-05-29 21:05:00,0.0,2025-05-29 21:05:00
2025-05-29 21:10:00,0.0,2025-05-29 21:10:00
2025-05-29 21:15:00,0.0,2025-05-29 21:15:00
2025-05-29 21:20:00,0.0,2025-05-29 21:20:00
2025-05-29 21:25:00,0.0,2025-05-29 21:25:00
2025-05-29 21:30:00,0.0,2025-05-29 21:30:00
2025-05-29 21:35:00,0.0,2025-05-29 21:35:00
2025-05-29 21:40:00,0.0,2025-05-29 21:40:00
2025-05-29 21:45:00,0.0,2025-05-29 21:45:00
2025-05-29 21:50:00,0.0,2025-05-29 21:50:00
2025-05-29 21:55:00,0.0,2025-05-29 21:55:00
2025-05-29 22:00:00,-2323.425,2025-05-29 22:00:00
2025-05-29 22:05:00,-2323.499,2025-05-29 22:05:00
2025-05-29 22:10:00,-2323.519,2025-05-29 22:10:00
2025-05-29 22:15:00,-2323.539,2025-05-29 22:15:00
2025-05-29 22:20:00,-2323.589,2025-05-29 22:20:00
2025-05-29 22:25:00,-2323.577,2025-05-29 22:25:00
2025-05-29 22:30:00,-2323.618,2025-05-29 22:30:00
2025-05-29 22:35:00,-2323.597,2025-05-29 22:35:00
2025-05-29 22:40:00,-2323.599,2025-05-29 22:40:00
2025-05-29 22:45:00,-2323.587,2025-05-29 22:45:00
2025-05-29 22:50:00,-2323.608,2025-05-29 22:50:00
2025-05-29 22:55:00,-2323.595,2025-05-29 22:55:00
2025-05-29 23:00:00,-2323.622,2025-05-29 23:00:00
2025-05-29 23:05:00,-2323.59,2025-05-29 23:05:00
2025-05-29 23:10:00,-2323.583,2025-05-29 23:10:00
2025-05-29 23:15:00,-2323.579,2025-05-29 23:15:00
2025-05-29 23:20:00,-2323.583,2025-05-29 23:20:00
2025-05-29 23:25:00,-2323.556,2025-05-29 23:25:00
2025-05-29 23:30:00,-2323.563,2025-05-29 23:30:00
2025-05-29 23:35:00,-2323.558,2025-05-29 23:35:00
2025-05-29 23:40:00,-2323.579,2025-05-29 23:40:00
2025-05-29 23:45:00,-2323.573,2025-05-29 23:45:00
2025-05-29 23:50:00,-2323.54,2025-05-29 23:50:00
2025-05-29 23:55:00,-2323.508,2025-05-29 23:55:00
2025-05-30 00:00:00,-2323.541,2025-05-30 00:00:00
2025-05-30 00:05:00,-2323.506,2025-05-30 00:05:00
2025-05-30 00:10:00,-2323.52,2025-05-30 00:10:00
2025-05-30 00:15:00,-2323.497,2025-05-30 00:15:00
2025-05-30 00:20:00,-2323.469,2025-05-30 00:20:00
2025-05-30 00:25:00,-2323.485,2025-05-30 00:25:00
2025-05-30 00:30:00,-2323.446,2025-05-30 00:30:00
2025-05-30 00:35:00,-2323.457,2025-05-30 00:35:00
2025-05-30 00:40:00,-2323.428,2025-05-30 00:40:00
2025-05-30 00:45:00,-2323.409,2025-05-30 00:45:00
2025-05-30 00:50:00,-2323.38,2025-05-30 00:50:00
2025-05-30 00:55:00,-2323.409,2025-05-30 00:55:00
2025-05-30 01:00:00,-2323.403,2025-05-30 01:00:00
2025-05-30 01:05:00,-2323.357,2025-05-30 01:05:00
2025-05-30 01:10:00,-2323.339,2025-05-30 01:10:00
2025-05-30 01:15:00,-2323.354,2025-05-30 01:15:00
2025-05-30 01:20:00,-2323.363,2025-05-30 01:20:00
2025-05-30 01:25:00,-2323.329,2025-05-30 01:25:00
2025-05-30 01:30:00,-2323.336,2025-05-30 01:30:00
2025-05-30 01:35:00,-2323.321,2025-05-30 01:35:00
2025-05-30 01:40:00,-2323.326,2025-05-30 01:40:00
2025-05-30 01:45:00,-2323.319,2025-05-30 01:45:00
2025-05-30 01:50:00,-2323.31,2025-05-30 01:50:00
2025-05-30 01:55:00,-2323.31,2025-05-30 01:55:00
2025-05-30 02:00:00,-2323.301,2025-05-30 02:00:00
2025-05-30 02:05:00,-2323.276,2025-05-30 02:05:00
2025-05-30 02:10:00,-2323.267,2025-05-30 02:10:00
2025-05-30 02:15:00,-2323.265,2025-05-30 02:15:00
2025-05-30 02:20:00,-2323.266,2025-05-30 02:20:00
2025-05-30 02:25:00,-2323.271,2025-05-30 02:25:00
2025-05-30 02:30:00,-2323.226,2025-05-30 02:30:00
2025-05-30 02:35:00,-2323.224,2025-05-30 02:35:00
2025-05-30 02:40:00,-2323.228,2025-05-30 02:40:00
2025-05-30 02:45:00,-2323.214,2025-05-30 02:45:00
2025-05-30 02:50:00,-2323.224,2025-05-30 02:50:00
2025-05-30 02:55:00,-2323.222,2025-05-30 02:55:00
2025-05-30 03:00:00,-2323.224,2025-05-30 03:00:00
2025-05-30 03:05:00,-2323.209,2025-05-30 03:05:00
2025-05-30 03:10:00,-2323.212,2025-05-30 03:10:00
2025-05-30 03:15:00,-2323.238,2025-05-30 03:15:00
2025-05-30 03:20:00,-2323.222,2025-05-30 03:20:00
2025-05-30 03:25:00,-2323.236,2025-05-30 03:25:00
2025-05-30 03:30:00,-2323.223,2025-05-30 03:30:00
2025-05-30 03:35:00,-2323.228,2025-05-30 03:35:00
2025-05-30 03:40:00,-2323.234,2025-05-30 03:40:00
2025-05-30 03:45:00,-2323.25,2025-05-30 03:45:00
2025-05-30 03:50:00,-2323.266,2025-05-30 03:50:00
2025-05-30 03:55:00,-2323.278,2025-05-30 03:55:00
2025-05-30 04:00:00,-2323.273,2025-05-30 04:00:00
2025-05-30 04:05:00,-2323.281,2025-05-30 04:05:00
2025-05-30 04:10:00,-2323.104,2025-05-30 04:10:00
2025-05-30 04:15:00,-2323.272,2025-05-30 04:15:00
2025-05-30 04:20:00,-2323.271,2025-05-30 04:20:00
2025-05-30 04:25:00,-2323.262,2025-05-30 04:25:00
2025-05-30 04:30:00,-2323.285,2025-05-30 04:30:00
2025-05-30 04:35:00,-2323.292,2025-05-30 04:35:00
2025-05-30 04:40:00,-2323.308,2025-05-30 04:40:00
2025-05-30 04:45:00,-2323.284,2025-05-30 04:45:00
2025-05-30 04:50:00,-2323.285,2025-05-30 04:50:00
2025-05-30 04:55:00,-2323.301,2025-05-30 04:55:00
2025-05-30 05:00:00,-2323.3,2025-05-30 05:00:00
2025-05-30 05:05:00,-2323.295,2025-05-30 05:05:00
2025-05-30 05:10:00,-2323.284,2025-05-30 05:10:00
2025-05-30 05:15:00,-2323.289,2025-05-30 05:15:00
2025-05-30 05:20:00,-2323.275,2025-05-30 05:20:00
2025-05-30 05:25:00,-2323.308,2025-05-30 05:25:00
2025-05-30 05:30:00,-2323.294,2025-05-30 05:30:00
2025-05-30 05:35:00,-2323.315,2025-05-30 05:35:00
2025-05-30 05:40:00,-2323.248,2025-05-30 05:40:00
2025-05-30 05:45:00,-2323.25,2025-05-30 05:45:00
2025-05-30 05:50:00,-2323.226,2025-05-30 05:50:00
2025-05-30 05:55:00,-2323.171,2025-05-30 05:55:00
2025-05-30 06:00:00,0.0,2025-05-30 06:00:00
2025-05-30 06:05:00,0.0,2025-05-30 06:05:00
2025-05-30 06:10:00,0.0,2025-05-30 06:10:00
2025-05-30 06:15:00,0.0,2025-05-30 06:15:00
2025-05-30 06:20:00,0.0,2025-05-30 06:20:00
2025-05-30 06:25:00,0.0,2025-05-30 06:25:00
2025-05-30 06:30:00,0.0,2025-05-30 06:30:00
2025-05-30 06:35:00,0.0,2025-05-30 06:35:00
2025-05-30 06:40:00,0.0,2025-05-30 06:40:00
2025-05-30 06:45:00,0.0,2025-05-30 06:45:00
2025-05-30 06:50:00,0.0,2025-05-30 06:50:00
2025-05-30 06:55:00,0.0,2025-05-30 06:55:00
2025-05-30 07:00:00,0.0,2025-05-30 07:00:00
2025-05-30 07:05:00,0.0,2025-05-30 07:05:00
2025-05-30 07:10:00,0.0,2025-05-30 07:10:00
2025-05-30 07:15:00,0.0,2025-05-30 07:15:00
2025-05-30 07:20:00,0.0,2025-05-30 07:20:00
2025-05-30 07:25:00,0.0,2025-05-30 07:25:00
2025-05-30 07:30:00,0.0,2025-05-30 07:30:00
2025-05-30 07:35:00,0.0,2025-05-30 07:35:00
2025-05-30 07:40:00,0.0,2025-05-30 07:40:00
2025-05-30 07:45:00,0.0,2025-05-30 07:45:00
2025-05-30 07:50:00,0.0,2025-05-30 07:50:00
2025-05-30 07:55:00,0.0,2025-05-30 07:55:00
2025-05-30 08:00:00,9000.0,2025-05-30 08:00:00
2025-05-30 08:05:00,9000.0,2025-05-30 08:05:00
2025-05-30 08:10:00,9000.0,2025-05-30 08:10:00
2025-05-30 08:15:00,9000.0,2025-05-30 08:15:00
2025-05-30 08:20:00,9000.0,2025-05-30 08:20:00
2025-05-30 08:25:00,9000.0,2025-05-30 08:25:00
2025-05-30 08:30:00,9000.0,2025-05-30 08:30:00
2025-05-30 08:35:00,9000.0,2025-05-30 08:35:00
2025-05-30 08:40:00,9000.0,2025-05-30 08:40:00
2025-05-30 08:45:00,9000.0,2025-05-30 08:45:00
2025-05-30 08:50:00,9000.0,2025-05-30 08:50:00
2025-05-30 08:55:00,9000.0,2025-05-30 08:55:00
2025-05-30 09:00:00,9000.0,2025-05-30 09:00:00
2025-05-30 09:05:00,9000.0,2025-05-30 09:05:00
2025-05-30 09:10:00,9000.0,2025-05-30 09:10:00
2025-05-30 09:15:00,9000.0,2025-05-30 09:15:00
2025-05-30 09:20:00,9000.0,2025-05-30 09:20:00
2025-05-30 09:25:00,9000.0,2025-05-30 09:25:00
2025-05-30 09:30:00,9000.0,2025-05-30 09:30:00
2025-05-30 09:35:00,9000.0,2025-05-30 09:35:00
2025-05-30 09:40:00,9000.0,2025-05-30 09:40:00
2025-05-30 09:45:00,5939.999,2025-05-30 09:45:00
2025-05-30 09:50:00,0.0,2025-05-30 09:50:00
2025-05-30 09:55:00,0.0,2025-05-30 09:55:00
2025-05-30 10:00:00,0.0,2025-05-30 10:00:00
2025-05-30 10:05:00,0.0,2025-05-30 10:05:00
2025-05-30 10:10:00,0.0,2025-05-30 10:10:00
2025-05-30 10:15:00,0.0,2025-05-30 10:15:00
2025-05-30 10:20:00,0.0,2025-05-30 10:20:00
2025-05-30 10:25:00,0.0,2025-05-30 10:25:00
2025-05-30 10:30:00,0.0,2025-05-30 10:30:00
2025-05-30 10:35:00,0.0,2025-05-30 10:35:00
2025-05-30 10:40:00,0.0,2025-05-30 10:40:00
2025-05-30 10:45:00,0.0,2025-05-30 10:45:00
2025-05-30 10:50:00,0.0,2025-05-30 10:50:00
2025-05-30 10:55:00,0.0,2025-05-30 10:55:00
2025-05-30 11:00:00,-2655.064,2025-05-30 11:00:00
2025-05-30 11:05:00,-2655.139,2025-05-30 11:05:00
2025-05-30 11:10:00,-2655.16,2025-05-30 11:10:00
2025-05-30 11:15:00,-2655.2,2025-05-30 11:15:00
2025-05-30 11:20:00,-2655.233,2025-05-30 11:20:00
2025-05-30 11:25:00,-2655.177,2025-05-30 11:25:00
2025-05-30 11:30:00,-2655.266,2025-05-30 11:30:00
2025-05-30 11:35:00,-2655.298,2025-05-30 11:35:00
2025-05-30 11:40:00,-2655.321,2025-05-30 11:40:00
2025-05-30 11:45:00,-2655.257,2025-05-30 11:45:00
2025-05-30 11:50:00,-2655.297,2025-05-30 11:50:00
2025-05-30 11:55:00,-2655.316,2025-05-30 11:55:00
2025-05-30 12:00:00,-2655.253,2025-05-30 12:00:00
2025-05-30 12:05:00,-2655.266,2025-05-30 12:05:00
2025-05-30 12:10:00,-2655.295,2025-05-30 12:10:00
2025-05-30 12:15:00,-2655.262,2025-05-30 12:15:00
2025-05-30 12:20:00,-2655.291,2025-05-30 12:20:00
2025-05-30 12:25:00,-2655.27,2025-05-30 12:25:00
2025-05-30 12:30:00,-2655.207,2025-05-30 12:30:00
2025-05-30 12:35:00,-2655.228,2025-05-30 12:35:00
2025-05-30 12:40:00,-2655.271,2025-05-30 12:40:00
2025-05-30 12:45:00,-2655.251,2025-05-30 12:45:00
2025-05-30 12:50:00,-2655.234,2025-05-30 12:50:00
2025-05-30 12:55:00,-2655.246,2025-05-30 12:55:00
2025-05-30 13:00:00,-2655.265,2025-05-30 13:00:00
2025-05-30 13:05:00,-2655.27,2025-05-30 13:05:00
2025-05-30 13:10:00,-2655.233,2025-05-30 13:10:00
2025-05-30 13:15:00,-2655.239,2025-05-30 13:15:00
2025-05-30 13:20:00,-2655.254,2025-05-30 13:20:00
2025-05-30 13:25:00,-2655.216,2025-05-30 13:25:00
2025-05-30 13:30:00,-2655.254,2025-05-30 13:30:00
2025-05-30 13:35:00,-2655.25,2025-05-30 13:35:00
2025-05-30 13:40:00,-2655.223,2025-05-30 13:40:00
2025-05-30 13:45:00,-2655.217,2025-05-30 13:45:00
2025-05-30 13:50:00,-2655.259,2025-05-30 13:50:00
2025-05-30 13:55:00,-2655.28,2025-05-30 13:55:00
2025-05-30 14:00:00,-2655.297,2025-05-30 14:00:00
2025-05-30 14:05:00,-2655.276,2025-05-30 14:05:00
2025-05-30 14:10:00,-2655.254,2025-05-30 14:10:00
2025-05-30 14:15:00,-2655.278,2025-05-30 14:15:00
2025-05-30 14:20:00,-2655.289,2025-05-30 14:20:00
2025-05-30 14:25:00,-2655.284,2025-05-30 14:25:00
2025-05-30 14:30:00,-2655.256,2025-05-30 14:30:00
2025-05-30 14:35:00,-2655.305,2025-05-30 14:35:00
2025-05-30 14:40:00,-2655.291,2025-05-30 14:40:00
2025-05-30 14:45:00,-2655.274,2025-05-30 14:45:00
2025-05-30 14:50:00,-2655.286,2025-05-30 14:50:00
2025-05-30 14:55:00,-2655.256,2025-05-30 14:55:00
2025-05-30 15:00:00,-2655.242,2025-05-30 15:00:00
2025-05-30 15:05:00,-2655.278,2025-05-30 15:05:00
2025-05-30 15:10:00,-2655.248,2025-05-30 15:10:00
2025-05-30 15:15:00,-2655.326,2025-05-30 15:15:00
2025-05-30 15:20:00,-2655.272,2025-05-30 15:20:00
2025-05-30 15:25:00,-2655.262,2025-05-30 15:25:00
2025-05-30 15:30:00,-2655.29,2025-05-30 15:30:00
2025-05-30 15:35:00,-2655.284,2025-05-30 15:35:00
2025-05-30 15:40:00,-2655.3,2025-05-30 15:40:00
2025-05-30 15:45:00,-2655.289,2025-05-30 15:45:00
2025-05-30 15:50:00,-2655.313,2025-05-30 15:50:00
2025-05-30 15:55:00,-2655.319,2025-05-30 15:55:00
2025-05-30 16:00:00,-2655.311,2025-05-30 16:00:00
2025-05-30 16:05:00,-2655.349,2025-05-30 16:05:00
2025-05-30 16:10:00,-2655.295,2025-05-30 16:10:00
2025-05-30 16:15:00,-2655.312,2025-05-30 16:15:00
2025-05-30 16:20:00,-2655.337,2025-05-30 16:20:00
2025-05-30 16:25:00,-2655.298,2025-05-30 16:25:00
2025-05-30 16:30:00,-2655.334,2025-05-30 16:30:00
2025-05-30 16:35:00,-2655.312,2025-05-30 16:35:00
2025-05-30 16:40:00,-2655.328,2025-05-30 16:40:00
2025-05-30 16:45:00,-2655.395,2025-05-30 16:45:00
2025-05-30 16:50:00,-2655.395,2025-05-30 16:50:00
2025-05-30 16:55:00,-2655.226,2025-05-30 16:55:00
2025-05-30 17:00:00,-2655.352,2025-05-30 17:00:00
2025-05-30 17:05:00,-2655.395,2025-05-30 17:05:00
2025-05-30 17:10:00,-2655.391,2025-05-30 17:10:00
2025-05-30 17:15:00,-2655.341,2025-05-30 17:15:00
2025-05-30 17:20:00,-2655.351,2025-05-30 17:20:00
2025-05-30 17:25:00,-2655.364,2025-05-30 17:25:00
2025-05-30 17:30:00,-2655.431,2025-05-30 17:30:00
2025-05-30 17:35:00,-2655.321,2025-05-30 17:35:00
2025-05-30 17:40:00,-2655.333,2025-05-30 17:40:00
2025-05-30 17:45:00,-2655.243,2025-05-30 17:45:00
2025-05-30 17:50:00,-2655.292,2025-05-30 17:50:00
2025-05-30 17:55:00,-2655.241,2025-05-30 17:55:00
2025-05-30 18:00:00,9000.0,2025-05-30 18:00:00
2025-05-30 18:05:00,9000.0,2025-05-30 18:05:00
2025-05-30 18:10:00,9000.0,2025-05-30 18:10:00
2025-05-30 18:15:00,9000.0,2025-05-30 18:15:00
2025-05-30 18:20:00,9000.0,2025-05-30 18:20:00
2025-05-30 18:25:00,9000.0,2025-05-30 18:25:00
2025-05-30 18:30:00,9000.0,2025-05-30 18:30:00
2025-05-30 18:35:00,9000.0,2025-05-30 18:35:00
2025-05-30 18:40:00,9000.0,2025-05-30 18:40:00
2025-05-30 18:45:00,9000.0,2025-05-30 18:45:00
2025-05-30 18:50:00,9000.0,2025-05-30 18:50:00
2025-05-30 18:55:00,9000.0,2025-05-30 18:55:00
2025-05-30 19:00:00,9000.0,2025-05-30 19:00:00
2025-05-30 19:05:00,9000.0,2025-05-30 19:05:00
2025-05-30 19:10:00,9000.0,2025-05-30 19:10:00
2025-05-30 19:15:00,9000.0,2025-05-30 19:15:00
2025-05-30 19:20:00,9000.0,2025-05-30 19:20:00
2025-05-30 19:25:00,9000.0,2025-05-30 19:25:00
2025-05-30 19:30:00,9000.0,2025-05-30 19:30:00
2025-05-30 19:35:00,9000.0,2025-05-30 19:35:00
2025-05-30 19:40:00,9000.0,2025-05-30 19:40:00
2025-05-30 19:45:00,5939.999,2025-05-30 19:45:00
2025-05-30 19:50:00,0.0,2025-05-30 19:50:00
2025-05-30 19:55:00,0.0,2025-05-30 19:55:00
2025-05-30 20:00:00,0.0,2025-05-30 20:00:00
2025-05-30 20:05:00,0.0,2025-05-30 20:05:00
2025-05-30 20:10:00,0.0,2025-05-30 20:10:00
2025-05-30 20:15:00,0.0,2025-05-30 20:15:00
2025-05-30 20:20:00,0.0,2025-05-30 20:20:00
2025-05-30 20:25:00,0.0,2025-05-30 20:25:00
2025-05-30 20:30:00,0.0,2025-05-30 20:30:00
2025-05-30 20:35:00,0.0,2025-05-30 20:35:00
2025-05-30 20:40:00,0.0,2025-05-30 20:40:00
2025-05-30 20:45:00,0.0,2025-05-30 20:45:00
2025-05-30 20:50:00,0.0,2025-05-30 20:50:00
2025-05-30 20:55:00,0.0,2025-05-30 20:55:00
2025-05-30 21:00:00,0.0,2025-05-30 21:00:00
2025-05-30 21:05:00,0.0,2025-05-30 21:05:00
2025-05-30 21:10:00,0.0,2025-05-30 21:10:00
2025-05-30 21:15:00,0.0,2025-05-30 21:15:00
2025-05-30 21:20:00,0.0,2025-05-30 21:20:00
2025-05-30 21:25:00,0.0,2025-05-30 21:25:00
2025-05-30 21:30:00,0.0,2025-05-30 21:30:00
2025-05-30 21:35:00,0.0,2025-05-30 21:35:00
2025-05-30 21:40:00,0.0,2025-05-30 21:40:00
2025-05-30 21:45:00,0.0,2025-05-30 21:45:00
2025-05-30 21:50:00,0.0,2025-05-30 21:50:00
2025-05-30 21:55:00,0.0,2025-05-30 21:55:00
2025-05-30 22:00:00,0.0,2025-05-30 22:00:00
2025-05-30 22:05:00,0.0,2025-05-30 22:05:00
2025-05-30 22:10:00,0.0,2025-05-30 22:10:00
2025-05-30 22:15:00,0.0,2025-05-30 22:15:00
2025-05-30 22:20:00,0.0,2025-05-30 22:20:00
2025-05-30 22:25:00,0.0,2025-05-30 22:25:00
2025-05-30 22:30:00,0.0,2025-05-30 22:30:00
2025-05-30 22:35:00,0.0,2025-05-30 22:35:00
2025-05-30 22:40:00,0.0,2025-05-30 22:40:00
2025-05-30 22:45:00,0.0,2025-05-30 22:45:00
2025-05-30 22:50:00,0.0,2025-05-30 22:50:00
2025-05-30 22:55:00,0.0,2025-05-30 22:55:00
2025-05-30 23:00:00,0.0,2025-05-30 23:00:00
2025-05-30 23:05:00,0.0,2025-05-30 23:05:00
2025-05-30 23:10:00,0.0,2025-05-30 23:10:00
2025-05-30 23:15:00,0.0,2025-05-30 23:15:00
2025-05-30 23:20:00,0.0,2025-05-30 23:20:00
2025-05-30 23:25:00,0.0,2025-05-30 23:25:00
2025-05-30 23:30:00,0.0,2025-05-30 23:30:00
2025-05-30 23:35:00,0.0,2025-05-30 23:35:00
2025-05-30 23:40:00,0.0,2025-05-30 23:40:00
2025-05-30 23:45:00,0.0,2025-05-30 23:45:00
2025-05-30 23:50:00,0.0,2025-05-30 23:50:00
2025-05-30 23:55:00,0.0,2025-05-30 23:55:00
2025-05-31 00:00:00,-3097.745,2025-05-31 00:00:00
2025-05-31 00:05:00,-3097.753,2025-05-31 00:05:00
2025-05-31 00:10:00,-3097.706,2025-05-31 00:10:00
2025-05-31 00:15:00,-3097.701,2025-05-31 00:15:00
2025-05-31 00:20:00,-3097.705,2025-05-31 00:20:00
2025-05-31 00:25:00,-3097.711,2025-05-31 00:25:00
2025-05-31 00:30:00,-3097.712,2025-05-31 00:30:00
2025-05-31 00:35:00,-3097.72,2025-05-31 00:35:00
2025-05-31 00:40:00,-3097.707,2025-05-31 00:40:00
2025-05-31 00:45:00,-3097.745,2025-05-31 00:45:00
2025-05-31 00:50:00,-3097.741,2025-05-31 00:50:00
2025-05-31 00:55:00,-3097.763,2025-05-31 00:55:00
2025-05-31 01:00:00,-3097.745,2025-05-31 01:00:00
2025-05-31 01:05:00,-3097.785,2025-05-31 01:05:00
2025-05-31 01:10:00,-3097.768,2025-05-31 01:10:00
2025-05-31 01:15:00,-3097.732,2025-05-31 01:15:00
2025-05-31 01:20:00,-3097.752,2025-05-31 01:20:00
2025-05-31 01:25:00,-3097.755,2025-05-31 01:25:00
2025-05-31 01:30:00,-3097.771,2025-05-31 01:30:00
2025-05-31 01:35:00,-3097.741,2025-05-31 01:35:00
2025-05-31 01:40:00,-3097.77,2025-05-31 01:40:00
2025-05-31 01:45:00,-3097.772,2025-05-31 01:45:00
2025-05-31 01:50:00,-3097.771,2025-05-31 01:50:00
2025-05-31 01:55:00,-3097.776,2025-05-31 01:55:00
2025-05-31 02:00:00,-3097.778,2025-05-31 02:00:00
2025-05-31 02:05:00,-3097.777,2025-05-31 02:05:00
2025-05-31 02:10:00,-3097.78,2025-05-31 02:10:00
2025-05-31 02:15:00,-3097.784,2025-05-31 02:15:00
2025-05-31 02:20:00,-3097.776,2025-05-31 02:20:00
2025-05-31 02:25:00,-3097.789,2025-05-31 02:25:00
2025-05-31 02:30:00,-3097.794,2025-05-31 02:30:00
2025-05-31 02:35:00,-3097.799,2025-05-31 02:35:00
2025-05-31 02:40:00,-3097.793,2025-05-31 02:40:00
2025-05-31 02:45:00,-3097.804,2025-05-31 02:45:00
2025-05-31 02:50:00,-3097.765,2025-05-31 02:50:00
2025-05-31 02:55:00,-3097.816,2025-05-31 02:55:00
2025-05-31 03:00:00,-3097.817,2025-05-31 03:00:00
2025-05-31 03:05:00,-3097.824,2025-05-31 03:05:00
2025-05-31 03:10:00,-3097.785,2025-05-31 03:10:00
2025-05-31 03:15:00,-3097.822,2025-05-31 03:15:00
2025-05-31 03:20:00,-3097.823,2025-05-31 03:20:00
2025-05-31 03:25:00,-3097.846,2025-05-31 03:25:00
2025-05-31 03:30:00,-3097.844,2025-05-31 03:30:00
2025-05-31 03:35:00,-3097.842,2025-05-31 03:35:00
2025-05-31 03:40:00,-3097.866,2025-05-31 03:40:00
2025-05-31 03:45:00,-3097.843,2025-05-31 03:45:00
2025-05-31 03:50:00,-3097.871,2025-05-31 03:50:00
2025-05-31 03:55:00,-3097.875,2025-05-31 03:55:00
2025-05-31 04:00:00,-3097.885,2025-05-31 04:00:00
2025-05-31 04:05:00,-3097.89,2025-05-31 04:05:00
2025-05-31 04:10:00,-3097.888,2025-05-31 04:10:00
2025-05-31 04:15:00,-3097.877,2025-05-31 04:15:00
2025-05-31 04:20:00,-3097.909,2025-05-31 04:20:00
2025-05-31 04:25:00,-3097.916,2025-05-31 04:25:00
2025-05-31 04:30:00,-3097.905,2025-05-31 04:30:00
2025-05-31 04:35:00,-3097.921,2025-05-31 04:35:00
2025-05-31 04:40:00,-3097.906,2025-05-31 04:40:00
2025-05-31 04:45:00,-3097.905,2025-05-31 04:45:00
2025-05-31 04:50:00,-3097.888,2025-05-31 04:50:00
2025-05-31 04:55:00,-3097.932,2025-05-31 04:55:00
2025-05-31 05:00:00,-3097.926,2025-05-31 05:00:00
2025-05-31 05:05:00,-3097.94,2025-05-31 05:05:00
2025-05-31 05:10:00,-3097.933,2025-05-31 05:10:00
2025-05-31 05:15:00,-3097.959,2025-05-31 05:15:00
2025-05-31 05:20:00,-3097.962,2025-05-31 05:20:00
2025-05-31 05:25:00,-3097.917,2025-05-31 05:25:00
2025-05-31 05:30:00,-3097.953,2025-05-31 05:30:00
2025-05-31 05:35:00,-3097.936,2025-05-31 05:35:00
2025-05-31 05:40:00,-3097.943,2025-05-31 05:40:00
2025-05-31 05:45:00,-3097.954,2025-05-31 05:45:00
2025-05-31 05:50:00,-3097.936,2025-05-31 05:50:00
2025-05-31 05:55:00,-3097.937,2025-05-31 05:55:00
2025-05-31 06:00:00,0.0,2025-05-31 06:00:00
2025-05-31 06:05:00,0.0,2025-05-31 06:05:00
2025-05-31 06:10:00,0.0,2025-05-31 06:10:00
2025-05-31 06:15:00,0.0,2025-05-31 06:15:00
2025-05-31 06:20:00,0.0,2025-05-31 06:20:00
2025-05-31 06:25:00,0.0,2025-05-31 06:25:00
2025-05-31 06:30:00,0.0,2025-05-31 06:30:00
2025-05-31 06:35:00,0.0,2025-05-31 06:35:00
2025-05-31 06:40:00,0.0,2025-05-31 06:40:00
2025-05-31 06:45:00,0.0,2025-05-31 06:45:00
2025-05-31 06:50:00,0.0,2025-05-31 06:50:00
2025-05-31 06:55:00,0.0,2025-05-31 06:55:00
2025-05-31 07:00:00,0.0,2025-05-31 07:00:00
2025-05-31 07:05:00,0.0,2025-05-31 07:05:00
2025-05-31 07:10:00,0.0,2025-05-31 07:10:00
2025-05-31 07:15:00,0.0,2025-05-31 07:15:00
2025-05-31 07:20:00,0.0,2025-05-31 07:20:00
2025-05-31 07:25:00,0.0,2025-05-31 07:25:00
2025-05-31 07:30:00,0.0,2025-05-31 07:30:00
2025-05-31 07:35:00,0.0,2025-05-31 07:35:00
2025-05-31 07:40:00,0.0,2025-05-31 07:40:00
2025-05-31 07:45:00,0.0,2025-05-31 07:45:00
2025-05-31 07:50:00,0.0,2025-05-31 07:50:00
2025-05-31 07:55:00,0.0,2025-05-31 07:55:00
2025-05-31 08:00:00,9000.0,2025-05-31 08:00:00
2025-05-31 08:05:00,9000.0,2025-05-31 08:05:00
2025-05-31 08:10:00,9000.0,2025-05-31 08:10:00
2025-05-31 08:15:00,9000.0,2025-05-31 08:15:00
2025-05-31 08:20:00,9000.0,2025-05-31 08:20:00
2025-05-31 08:25:00,9000.0,2025-05-31 08:25:00
2025-05-31 08:30:00,9000.0,2025-05-31 08:30:00
2025-05-31 08:35:00,9000.0,2025-05-31 08:35:00
2025-05-31 08:40:00,9000.0,2025-05-31 08:40:00
2025-05-31 08:45:00,9000.0,2025-05-31 08:45:00
2025-05-31 08:50:00,9000.0,2025-05-31 08:50:00
2025-05-31 08:55:00,9000.0,2025-05-31 08:55:00
2025-05-31 09:00:00,9000.0,2025-05-31 09:00:00
2025-05-31 09:05:00,9000.0,2025-05-31 09:05:00
2025-05-31 09:10:00,9000.0,2025-05-31 09:10:00
2025-05-31 09:15:00,9000.0,2025-05-31 09:15:00
2025-05-31 09:20:00,9000.0,2025-05-31 09:20:00
2025-05-31 09:25:00,9000.0,2025-05-31 09:25:00
2025-05-31 09:30:00,9000.0,2025-05-31 09:30:00
2025-05-31 09:35:00,9000.0,2025-05-31 09:35:00
2025-05-31 09:40:00,8999.999,2025-05-31 09:40:00
2025-05-31 09:45:00,5939.999,2025-05-31 09:45:00
2025-05-31 09:50:00,0.0,2025-05-31 09:50:00
2025-05-31 09:55:00,0.0,2025-05-31 09:55:00
2025-05-31 10:00:00,0.0,2025-05-31 10:00:00
2025-05-31 10:05:00,0.0,2025-05-31 10:05:00
2025-05-31 10:10:00,0.0,2025-05-31 10:10:00
2025-05-31 10:15:00,0.0,2025-05-31 10:15:00
2025-05-31 10:20:00,0.0,2025-05-31 10:20:00
2025-05-31 10:25:00,0.0,2025-05-31 10:25:00
2025-05-31 10:30:00,0.0,2025-05-31 10:30:00
2025-05-31 10:35:00,0.0,2025-05-31 10:35:00
2025-05-31 10:40:00,0.0,2025-05-31 10:40:00
2025-05-31 10:45:00,0.0,2025-05-31 10:45:00
2025-05-31 10:50:00,0.0,2025-05-31 10:50:00
2025-05-31 10:55:00,0.0,2025-05-31 10:55:00
2025-05-31 11:00:00,-2655.405,2025-05-31 11:00:00
2025-05-31 11:05:00,-2655.413,2025-05-31 11:05:00
2025-05-31 11:10:00,-2655.418,2025-05-31 11:10:00
2025-05-31 11:15:00,-2655.419,2025-05-31 11:15:00
2025-05-31 11:20:00,-2655.428,2025-05-31 11:20:00
2025-05-31 11:25:00,-2655.437,2025-05-31 11:25:00
2025-05-31 11:30:00,-2655.426,2025-05-31 11:30:00
2025-05-31 11:35:00,-2655.424,2025-05-31 11:35:00
2025-05-31 11:40:00,-2655.428,2025-05-31 11:40:00
2025-05-31 11:45:00,-2655.422,2025-05-31 11:45:00
2025-05-31 11:50:00,-2655.419,2025-05-31 11:50:00
2025-05-31 11:55:00,-2655.416,2025-05-31 11:55:00
2025-05-31 12:00:00,-2655.414,2025-05-31 12:00:00
2025-05-31 12:05:00,-2655.408,2025-05-31 12:05:00
2025-05-31 12:10:00,-2655.41,2025-05-31 12:10:00
2025-05-31 12:15:00,-2655.401,2025-05-31 12:15:00
2025-05-31 12:20:00,-2655.406,2025-05-31 12:20:00
2025-05-31 12:25:00,-2655.394,2025-05-31 12:25:00
2025-05-31 12:30:00,-2655.4,2025-05-31 12:30:00
2025-05-31 12:35:00,-2655.386,2025-05-31 12:35:00
2025-05-31 12:40:00,-2655.385,2025-05-31 12:40:00
2025-05-31 12:45:00,-2655.386,2025-05-31 12:45:00
2025-05-31 12:50:00,-2655.366,2025-05-31 12:50:00
2025-05-31 12:55:00,-2655.372,2025-05-31 12:55:00
2025-05-31 13:00:00,-2655.368,2025-05-31 13:00:00
2025-05-31 13:05:00,-2655.364,2025-05-31 13:05:00
2025-05-31 13:10:00,-2655.351,2025-05-31 13:10:00
2025-05-31 13:15:00,-2655.346,2025-05-31 13:15:00
2025-05-31 13:20:00,-2655.333,2025-05-31 13:20:00
2025-05-31 13:25:00,-2655.328,2025-05-31 13:25:00
2025-05-31 13:30:00,-2655.325,2025-05-31 13:30:00
2025-05-31 13:35:00,-2655.32,2025-05-31 13:35:00
2025-05-31 13:40:00,-2655.308,2025-05-31 13:40:00
2025-05-31 13:45:00,-2655.306,2025-05-31 13:45:00
2025-05-31 13:50:00,-2655.299,2025-05-31 13:50:00
2025-05-31 13:55:00,-2655.29,2025-05-31 13:55:00
2025-05-31 14:00:00,-2655.286,2025-05-31 14:00:00
2025-05-31 14:05:00,-2655.282,2025-05-31 14:05:00
2025-05-31 14:10:00,-2655.277,2025-05-31 14:10:00
2025-05-31 14:15:00,-2655.266,2025-05-31 14:15:00
2025-05-31 14:20:00,-2655.268,2025-05-31 14:20:00
2025-05-31 14:25:00,-2655.259,2025-05-31 14:25:00
2025-05-31 14:30:00,-2655.267,2025-05-31 14:30:00
2025-05-31 14:35:00,-2655.257,2025-05-31 14:35:00
2025-05-31 14:40:00,-2655.244,2025-05-31 14:40:00
2025-05-31 14:45:00,-2655.238,2025-05-31 14:45:00
2025-05-31 14:50:00,-2655.232,2025-05-31 14:50:00
2025-05-31 14:55:00,-2655.244,2025-05-31 14:55:00
2025-05-31 15:00:00,-2655.239,2025-05-31 15:00:00
2025-05-31 15:05:00,-2655.22,2025-05-31 15:05:00
2025-05-31 15:10:00,-2655.217,2025-05-31 15:10:00
2025-05-31 15:15:00,-2655.227,2025-05-31 15:15:00
2025-05-31 15:20:00,-2655.218,2025-05-31 15:20:00
2025-05-31 15:25:00,-2655.205,2025-05-31 15:25:00
2025-05-31 15:30:00,-2655.203,2025-05-31 15:30:00
2025-05-31 15:35:00,-2655.201,2025-05-31 15:35:00
2025-05-31 15:40:00,-2655.196,2025-05-31 15:40:00
2025-05-31 15:45:00,-2655.201,2025-05-31 15:45:00
2025-05-31 15:50:00,-2655.189,2025-05-31 15:50:00
2025-05-31 15:55:00,-2655.186,2025-05-31 15:55:00
2025-05-31 16:00:00,-2655.185,2025-05-31 16:00:00
2025-05-31 16:05:00,-2655.178,2025-05-31 16:05:00
2025-05-31 16:10:00,-2655.188,2025-05-31 16:10:00
2025-05-31 16:15:00,-2655.174,2025-05-31 16:15:00
2025-05-31 16:20:00,-2655.179,2025-05-31 16:20:00
2025-05-31 16:25:00,-2655.182,2025-05-31 16:25:00
2025-05-31 16:30:00,-2655.188,2025-05-31 16:30:00
2025-05-31 16:35:00,-2655.183,2025-05-31 16:35:00
2025-05-31 16:40:00,-2655.178,2025-05-31 16:40:00
2025-05-31 16:45:00,-2655.173,2025-05-31 16:45:00
2025-05-31 16:50:00,-2655.175,2025-05-31 16:50:00
2025-05-31 16:55:00,-2655.168,2025-05-31 16:55:00
2025-05-31 17:00:00,-2655.171,2025-05-31 17:00:00
2025-05-31 17:05:00,-2655.172,2025-05-31 17:05:00
2025-05-31 17:10:00,-2655.171,2025-05-31 17:10:00
2025-05-31 17:15:00,-2655.169,2025-05-31 17:15:00
2025-05-31 17:20:00,-2655.169,2025-05-31 17:20:00
2025-05-31 17:25:00,-2655.164,2025-05-31 17:25:00
2025-05-31 17:30:00,-2655.168,2025-05-31 17:30:00
2025-05-31 17:35:00,-2655.169,2025-05-31 17:35:00
2025-05-31 17:40:00,-2655.162,2025-05-31 17:40:00
2025-05-31 17:45:00,-2655.159,2025-05-31 17:45:00
2025-05-31 17:50:00,-2655.161,2025-05-31 17:50:00
2025-05-31 17:55:00,-2655.144,2025-05-31 17:55:00
2025-05-31 18:00:00,9000.0,2025-05-31 18:00:00
2025-05-31 18:05:00,9000.0,2025-05-31 18:05:00
2025-05-31 18:10:00,9000.0,2025-05-31 18:10:00
2025-05-31 18:15:00,9000.0,2025-05-31 18:15:00
2025-05-31 18:20:00,9000.0,2025-05-31 18:20:00
2025-05-31 18:25:00,9000.0,2025-05-31 18:25:00
2025-05-31 18:30:00,9000.0,2025-05-31 18:30:00
2025-05-31 18:35:00,9000.0,2025-05-31 18:35:00
2025-05-31 18:40:00,9000.0,2025-05-31 18:40:00
2025-05-31 18:45:00,9000.0,2025-05-31 18:45:00
2025-05-31 18:50:00,9000.0,2025-05-31 18:50:00
2025-05-31 18:55:00,9000.0,2025-05-31 18:55:00
2025-05-31 19:00:00,9000.0,2025-05-31 19:00:00
2025-05-31 19:05:00,9000.0,2025-05-31 19:05:00
2025-05-31 19:10:00,9000.0,2025-05-31 19:10:00
2025-05-31 19:15:00,9000.0,2025-05-31 19:15:00
2025-05-31 19:20:00,9000.0,2025-05-31 19:20:00
2025-05-31 19:25:00,9000.0,2025-05-31 19:25:00
2025-05-31 19:30:00,9000.0,2025-05-31 19:30:00
2025-05-31 19:35:00,9000.0,2025-05-31 19:35:00
2025-05-31 19:40:00,8999.999,2025-05-31 19:40:00
2025-05-31 19:45:00,5939.999,2025-05-31 19:45:00
2025-05-31 19:50:00,0.0,2025-05-31 19:50:00
2025-05-31 19:55:00,0.0,2025-05-31 19:55:00
2025-05-31 20:00:00,0.0,2025-05-31 20:00:00
2025-05-31 20:05:00,0.0,2025-05-31 20:05:00
2025-05-31 20:10:00,0.0,2025-05-31 20:10:00
2025-05-31 20:15:00,0.0,2025-05-31 20:15:00
2025-05-31 20:20:00,0.0,2025-05-31 20:20:00
2025-05-31 20:25:00,0.0,2025-05-31 20:25:00
2025-05-31 20:30:00,0.0,2025-05-31 20:30:00
2025-05-31 20:35:00,0.0,2025-05-31 20:35:00
2025-05-31 20:40:00,0.0,2025-05-31 20:40:00
2025-05-31 20:45:00,0.0,2025-05-31 20:45:00
2025-05-31 20:50:00,0.0,2025-05-31 20:50:00
2025-05-31 20:55:00,0.0,2025-05-31 20:55:00
2025-05-31 21:00:00,0.0,2025-05-31 21:00:00
2025-05-31 21:05:00,0.0,2025-05-31 21:05:00
2025-05-31 21:10:00,0.0,2025-05-31 21:10:00
2025-05-31 21:15:00,0.0,2025-05-31 21:15:00
2025-05-31 21:20:00,0.0,2025-05-31 21:20:00
2025-05-31 21:25:00,0.0,2025-05-31 21:25:00
2025-05-31 21:30:00,0.0,2025-05-31 21:30:00
2025-05-31 21:35:00,0.0,2025-05-31 21:35:00
2025-05-31 21:40:00,0.0,2025-05-31 21:40:00
2025-05-31 21:45:00,0.0,2025-05-31 21:45:00
2025-05-31 21:50:00,0.0,2025-05-31 21:50:00
2025-05-31 21:55:00,0.0,2025-05-31 21:55:00
2025-05-31 22:00:00,-591.354,2025-05-31 22:00:00
2025-05-31 22:05:00,-591.335,2025-05-31 22:05:00
2025-05-31 22:10:00,-591.314,2025-05-31 22:10:00
2025-05-31 22:15:00,-591.288,2025-05-31 22:15:00
2025-05-31 22:20:00,-591.256,2025-05-31 22:20:00
2025-05-31 22:25:00,-591.218,2025-05-31 22:25:00
2025-05-31 22:30:00,-591.173,2025-05-31 22:30:00
2025-05-31 22:35:00,-591.122,2025-05-31 22:35:00
2025-05-31 22:40:00,-591.065,2025-05-31 22:40:00
2025-05-31 22:45:00,-591.003,2025-05-31 22:45:00
2025-05-31 22:50:00,-590.934,2025-05-31 22:50:00
2025-05-31 22:55:00,-590.86,2025-05-31 22:55:00
2025-05-31 23:00:00,-590.78,2025-05-31 23:00:00
2025-05-31 23:05:00,-590.694,2025-05-31 23:05:00
2025-05-31 23:10:00,-590.603,2025-05-31 23:10:00
2025-05-31 23:15:00,-590.507,2025-05-31 23:15:00
2025-05-31 23:20:00,-590.406,2025-05-31 23:20:00
2025-05-31 23:25:00,-590.299,2025-05-31 23:25:00
2025-05-31 23:30:00,-590.188,2025-05-31 23:30:00
2025-05-31 23:35:00,-590.071,2025-05-31 23:35:00
2025-05-31 23:40:00,-589.951,2025-05-31 23:40:00
2025-05-31 23:45:00,-589.825,2025-05-31 23:45:00
2025-05-31 23:50:00,-589.696,2025-05-31 23:50:00
2025-05-31 23:55:00,-589.562,2025-05-31 23:55:00
