time,value
2024/7/1 0:00,7594.8
2024/7/1 0:15,7521.6
2024/7/1 0:30,7561.2
2024/7/1 0:45,7489.2
2024/7/1 1:00,7510.8
2024/7/1 1:15,7456.8
2024/7/1 1:30,7495.2
2024/7/1 1:45,7516.8
2024/7/1 2:00,7405.2
2024/7/1 2:15,7432.8
2024/7/1 2:30,7462.8
2024/7/1 2:45,7354.8
2024/7/1 3:00,7435.2
2024/7/1 3:15,7459.2
2024/7/1 3:30,7360.8
2024/7/1 3:45,7531.2
2024/7/1 4:00,7514.4
2024/7/1 4:15,7477.2
2024/7/1 4:30,7440
2024/7/1 4:45,7495.2
2024/7/1 5:00,7522.8
2024/7/1 5:15,7393.2
2024/7/1 5:30,7455.6
2024/7/1 5:45,7425.6
2024/7/1 6:00,7408.8
2024/7/1 6:15,7359.6
2024/7/1 6:30,7386
2024/7/1 6:45,7248
2024/7/1 7:00,7332
2024/7/1 7:15,7330.8
2024/7/1 7:30,7400.4
2024/7/1 7:45,7156.8
2024/7/1 8:00,7242
2024/7/1 8:15,7203.6
2024/7/1 8:30,7269.6
2024/7/1 8:45,7262.4
2024/7/1 9:00,7401.6
2024/7/1 9:15,7365.6
2024/7/1 9:30,7336.8
2024/7/1 9:45,7490.4
2024/7/1 10:00,7504.8
2024/7/1 10:15,7425.6
2024/7/1 10:30,7494
2024/7/1 10:45,7492.8
2024/7/1 11:00,7462.8
2024/7/1 11:15,7323.6
2024/7/1 11:30,7502.4
2024/7/1 11:45,7412.4
2024/7/1 12:00,7484.4
2024/7/1 12:15,7420.8
2024/7/1 12:30,7369.2
2024/7/1 12:45,7203.6
2024/7/1 13:00,7212
2024/7/1 13:15,7176
2024/7/1 13:30,7214.4
2024/7/1 13:45,7189.2
2024/7/1 14:00,7148.4
2024/7/1 14:15,7176
2024/7/1 14:30,7234.8
2024/7/1 14:45,7170
2024/7/1 15:00,7189.2
2024/7/1 15:15,7395.6
2024/7/1 15:30,7659.6
2024/7/1 15:45,7582.8
2024/7/1 16:00,7512
2024/7/1 16:15,7531.2
2024/7/1 16:30,7489.2
2024/7/1 16:45,7274.4
2024/7/1 17:00,7528.8
2024/7/1 17:15,7444.8
2024/7/1 17:30,7624.8
2024/7/1 17:45,7628.4
2024/7/1 18:00,7408.8
2024/7/1 18:15,7467.6
2024/7/1 18:30,7446
2024/7/1 18:45,7441.2
2024/7/1 19:00,7486.8
2024/7/1 19:15,7404
2024/7/1 19:30,7567.2
2024/7/1 19:45,7411.2
2024/7/1 20:00,7452
2024/7/1 20:15,7527.6
2024/7/1 20:30,7456.8
2024/7/1 20:45,7417.2
2024/7/1 21:00,7605.6
2024/7/1 21:15,7472.4
2024/7/1 21:30,7354.8
2024/7/1 21:45,7276.8
2024/7/1 22:00,7362
2024/7/1 22:15,7504.8
2024/7/1 22:30,7462.8
2024/7/1 22:45,7339.2
2024/7/1 23:00,7467.6
2024/7/1 23:15,7326
2024/7/1 23:30,7491.6
2024/7/1 23:45,7293.6
2024/7/2 0:00,7560
2024/7/2 0:15,7344
2024/7/2 0:30,7399.2
2024/7/2 0:45,7351.2
2024/7/2 1:00,7170
2024/7/2 1:15,7321.2
2024/7/2 1:30,7423.2
2024/7/2 1:45,7462.8
2024/7/2 2:00,7467.6
2024/7/2 2:15,7312.8
2024/7/2 2:30,7315.2
2024/7/2 2:45,7365.6
2024/7/2 3:00,7576.8
2024/7/2 3:15,7538.4
2024/7/2 3:30,7498.8
2024/7/2 3:45,7513.2
2024/7/2 4:00,7311.6
2024/7/2 4:15,7540.8
2024/7/2 4:30,7318.8
2024/7/2 4:45,7453.2
2024/7/2 5:00,7515.6
2024/7/2 5:15,7455.6
2024/7/2 5:30,7508.4
2024/7/2 5:45,7388.4
2024/7/2 6:00,7376.4
2024/7/2 6:15,7388.4
2024/7/2 6:30,7466.4
2024/7/2 6:45,7483.2
2024/7/2 7:00,7328.4
2024/7/2 7:15,7269.6
2024/7/2 7:30,7393.2
2024/7/2 7:45,7305.6
2024/7/2 8:00,7324.8
2024/7/2 8:15,7396.8
2024/7/2 8:30,7438.8
2024/7/2 8:45,7356
2024/7/2 9:00,7543.2
2024/7/2 9:15,7646.4
2024/7/2 9:30,7752
2024/7/2 9:45,7261.2
2024/7/2 10:00,7444.8
2024/7/2 10:15,7516.8
2024/7/2 10:30,7515.6
2024/7/2 10:45,7434
2024/7/2 11:00,7636.8
2024/7/2 11:15,7656
2024/7/2 11:30,7712.4
2024/7/2 11:45,7650
2024/7/2 12:00,7573.2
2024/7/2 12:15,7676.4
2024/7/2 12:30,7666.8
2024/7/2 12:45,7623.6
2024/7/2 13:00,7708.8
2024/7/2 13:15,7658.4
2024/7/2 13:30,7681.2
2024/7/2 13:45,7755.6
2024/7/2 14:00,7807.2
2024/7/2 14:15,7999.2
2024/7/2 14:30,7839.6
2024/7/2 14:45,7875.6
2024/7/2 15:00,7670.4
2024/7/2 15:15,7920
2024/7/2 15:30,7831.2
2024/7/2 15:45,7785.6
2024/7/2 16:00,7880.4
2024/7/2 16:15,7867.2
2024/7/2 16:30,7934.4
2024/7/2 16:45,7891.2
2024/7/2 17:00,7850.4
2024/7/2 17:15,7926
2024/7/2 17:30,7858.8
2024/7/2 17:45,7688.4
2024/7/2 18:00,7840.8
2024/7/2 18:15,7506
2024/7/2 18:30,7801.2
2024/7/2 18:45,7825.2
2024/7/2 19:00,7508.4
2024/7/2 19:15,7687.2
2024/7/2 19:30,7603.2
2024/7/2 19:45,7503.6
2024/7/2 20:00,7808.4
2024/7/2 20:15,7567.2
2024/7/2 20:30,7692
2024/7/2 20:45,7684.8
2024/7/2 21:00,7732.8
2024/7/2 21:15,7696.8
2024/7/2 21:30,7604.4
2024/7/2 21:45,7677.6
2024/7/2 22:00,7773.6
2024/7/2 22:15,7742.4
2024/7/2 22:30,7569.6
2024/7/2 22:45,7686
2024/7/2 23:00,7740
2024/7/2 23:15,7791.6
2024/7/2 23:30,7713.6
2024/7/2 23:45,7785.6
2024/7/3 0:00,7804.8
2024/7/3 0:15,7738.8
2024/7/3 0:30,7766.4
2024/7/3 0:45,7608
2024/7/3 1:00,7653.6
2024/7/3 1:15,7759.2
2024/7/3 1:30,7629.6
2024/7/3 1:45,7740
2024/7/3 2:00,7695.6
2024/7/3 2:15,7519.2
2024/7/3 2:30,7701.6
2024/7/3 2:45,7610.4
2024/7/3 3:00,7478.4
2024/7/3 3:15,7713.6
2024/7/3 3:30,7491.6
2024/7/3 3:45,7411.2
2024/7/3 4:00,7603.2
2024/7/3 4:15,7558.8
2024/7/3 4:30,7562.4
2024/7/3 4:45,7644
2024/7/3 5:00,7516.8
2024/7/3 5:15,7617.6
2024/7/3 5:30,7668
2024/7/3 5:45,7563.6
2024/7/3 6:00,7597.2
2024/7/3 6:15,7602
2024/7/3 6:30,7486.8
2024/7/3 6:45,7494
2024/7/3 7:00,7684.8
2024/7/3 7:15,7510.8
2024/7/3 7:30,7630.8
2024/7/3 7:45,7502.4
2024/7/3 8:00,7495.2
2024/7/3 8:15,7556.4
2024/7/3 8:30,7503.6
2024/7/3 8:45,7544.4
2024/7/3 9:00,7569.6
2024/7/3 9:15,7723.2
2024/7/3 9:30,7632
2024/7/3 9:45,7574.4
2024/7/3 10:00,7524
2024/7/3 10:15,7612.8
2024/7/3 10:30,7678.8
2024/7/3 10:45,7651.2
2024/7/3 11:00,7723.2
2024/7/3 11:15,7726.8
2024/7/3 11:30,7634.4
2024/7/3 11:45,7618.8
2024/7/3 12:00,7818
2024/7/3 12:15,7711.2
2024/7/3 12:30,7882.8
2024/7/3 12:45,7994.4
2024/7/3 13:00,7874.4
2024/7/3 13:15,7897.2
2024/7/3 13:30,7743.6
2024/7/3 13:45,7791.6
2024/7/3 14:00,7704
2024/7/3 14:15,7866
2024/7/3 14:30,7702.8
2024/7/3 14:45,7675.2
2024/7/3 15:00,7909.2
2024/7/3 15:15,7776
2024/7/3 15:30,7831.2
2024/7/3 15:45,7767.6
2024/7/3 16:00,7785.6
2024/7/3 16:15,7891.2
2024/7/3 16:30,7827.6
2024/7/3 16:45,7911.6
2024/7/3 17:00,7942.8
2024/7/3 17:15,7922.4
2024/7/3 17:30,7876.8
2024/7/3 17:45,7815.6
2024/7/3 18:00,7800
2024/7/3 18:15,7608
2024/7/3 18:30,8080.8
2024/7/3 18:45,7981.2
2024/7/3 19:00,7861.2
2024/7/3 19:15,7922.4
2024/7/3 19:30,7884
2024/7/3 19:45,7848
2024/7/3 20:00,7796.4
2024/7/3 20:15,7675.2
2024/7/3 20:30,7744.8
2024/7/3 20:45,7911.6
2024/7/3 21:00,7766.4
2024/7/3 21:15,7756.8
2024/7/3 21:30,7713.6
2024/7/3 21:45,7920
2024/7/3 22:00,7822.8
2024/7/3 22:15,7964.4
2024/7/3 22:30,7785.6
2024/7/3 22:45,7924.8
2024/7/3 23:00,7916.4
2024/7/3 23:15,7668
2024/7/3 23:30,7783.2
2024/7/3 23:45,7779.6
2024/7/4 0:00,7738.8
2024/7/4 0:15,7705.2
2024/7/4 0:30,7690.8
2024/7/4 0:45,7759.2
2024/7/4 1:00,7579.2
2024/7/4 1:15,7770
2024/7/4 1:30,7831.2
2024/7/4 1:45,7797.6
2024/7/4 2:00,7672.8
2024/7/4 2:15,7723.2
2024/7/4 2:30,7760.4
2024/7/4 2:45,7862.4
2024/7/4 3:00,7665.6
2024/7/4 3:15,7705.2
2024/7/4 3:30,7717.2
2024/7/4 3:45,7592.4
2024/7/4 4:00,7788
2024/7/4 4:15,7542
2024/7/4 4:30,7627.2
2024/7/4 4:45,7520.4
2024/7/4 5:00,7624.8
2024/7/4 5:15,7663.2
2024/7/4 5:30,7645.2
2024/7/4 5:45,7638
2024/7/4 6:00,7479.6
2024/7/4 6:15,7566
2024/7/4 6:30,7611.6
2024/7/4 6:45,7528.8
2024/7/4 7:00,7624.8
2024/7/4 7:15,7688.4
2024/7/4 7:30,7498.8
2024/7/4 7:45,7731.6
2024/7/4 8:00,7574.4
2024/7/4 8:15,7669.2
2024/7/4 8:30,7615.2
2024/7/4 8:45,7696.8
2024/7/4 9:00,7545.6
2024/7/4 9:15,7672.8
2024/7/4 9:30,7538.4
2024/7/4 9:45,7711.2
2024/7/4 10:00,7882.8
2024/7/4 10:15,7892.4
2024/7/4 10:30,7672.8
2024/7/4 10:45,7802.4
2024/7/4 11:00,7812
2024/7/4 11:15,7822.8
2024/7/4 11:30,7622.4
2024/7/4 11:45,7689.6
2024/7/4 12:00,7861.2
2024/7/4 12:15,7645.2
2024/7/4 12:30,7648.8
2024/7/4 12:45,7704
2024/7/4 13:00,7653.6
2024/7/4 13:15,7786.8
2024/7/4 13:30,7524
2024/7/4 13:45,7568.4
2024/7/4 14:00,7863.6
2024/7/4 14:15,7484.4
2024/7/4 14:30,7794
2024/7/4 14:45,7827.6
2024/7/4 15:00,7756.8
2024/7/4 15:15,7770
2024/7/4 15:30,7906.8
2024/7/4 15:45,7752
2024/7/4 16:00,7753.2
2024/7/4 16:15,7934.4
2024/7/4 16:30,7716
2024/7/4 16:45,7839.6
2024/7/4 17:00,7807.2
2024/7/4 17:15,7767.6
2024/7/4 17:30,7677.6
2024/7/4 17:45,7798.8
2024/7/4 18:00,7872
2024/7/4 18:15,7796.4
2024/7/4 18:30,7849.2
2024/7/4 18:45,7752
2024/7/4 19:00,7729.2
2024/7/4 19:15,7665.6
2024/7/4 19:30,7618.8
2024/7/4 19:45,7665.6
2024/7/4 20:00,7532.4
2024/7/4 20:15,7765.2
2024/7/4 20:30,7760.4
2024/7/4 20:45,7554
2024/7/4 21:00,7549.2
2024/7/4 21:15,7764
2024/7/4 21:30,7814.4
2024/7/4 21:45,7722
2024/7/4 22:00,7664.4
2024/7/4 22:15,7634.4
2024/7/4 22:30,7876.8
2024/7/4 22:45,7752
2024/7/4 23:00,7867.2
2024/7/4 23:15,7592.4
2024/7/4 23:30,7658.4
2024/7/4 23:45,7557.6
2024/7/5 0:00,7749.6
2024/7/5 0:15,7663.2
2024/7/5 0:30,7718.4
2024/7/5 0:45,7711.2
2024/7/5 1:00,7717.2
2024/7/5 1:15,7575.6
2024/7/5 1:30,7576.8
2024/7/5 1:45,7604.4
2024/7/5 2:00,7429.2
2024/7/5 2:15,7566
2024/7/5 2:30,7564.8
2024/7/5 2:45,7425.6
2024/7/5 3:00,7647.6
2024/7/5 3:15,7670.4
2024/7/5 3:30,7586.4
2024/7/5 3:45,7598.4
2024/7/5 4:00,7671.6
2024/7/5 4:15,7668
2024/7/5 4:30,7720.8
2024/7/5 4:45,7737.6
2024/7/5 5:00,7650
2024/7/5 5:15,7482
2024/7/5 5:30,7533.6
2024/7/5 5:45,7501.2
2024/7/5 6:00,7537.2
2024/7/5 6:15,7675.2
2024/7/5 6:30,7630.8
2024/7/5 6:45,7630.8
2024/7/5 7:00,7622.4
2024/7/5 7:15,7464
2024/7/5 7:30,7563.6
2024/7/5 7:45,7558.8
2024/7/5 8:00,7551.6
2024/7/5 8:15,7674
2024/7/5 8:30,7767.6
2024/7/5 8:45,7755.6
2024/7/5 9:00,7716
2024/7/5 9:15,7460.4
2024/7/5 9:30,7776
2024/7/5 9:45,7743.6
2024/7/5 10:00,7912.8
2024/7/5 10:15,7696.8
2024/7/5 10:30,7881.6
2024/7/5 10:45,7959.6
2024/7/5 11:00,7904.4
2024/7/5 11:15,7766.4
2024/7/5 11:30,7593.6
2024/7/5 11:45,8077.2
2024/7/5 12:00,7693.2
2024/7/5 12:15,7599.6
2024/7/5 12:30,7933.2
2024/7/5 12:45,7790.4
2024/7/5 13:00,7867.2
2024/7/5 13:15,7846.8
2024/7/5 13:30,7904.4
2024/7/5 13:45,7705.2
2024/7/5 14:00,7725.6
2024/7/5 14:15,7813.2
2024/7/5 14:30,7916.4
2024/7/5 14:45,7860
2024/7/5 15:00,7958.4
2024/7/5 15:15,7999.2
2024/7/5 15:30,7834.8
2024/7/5 15:45,7941.6
2024/7/5 16:00,8056.8
2024/7/5 16:15,7920
2024/7/5 16:30,7857.6
2024/7/5 16:45,7969.2
2024/7/5 17:00,7954.8
2024/7/5 17:15,8037.6
2024/7/5 17:30,7947.6
2024/7/5 17:45,7879.2
2024/7/5 18:00,8107.2
2024/7/5 18:15,7944
2024/7/5 18:30,7980
2024/7/5 18:45,7932
2024/7/5 19:00,7885.2
2024/7/5 19:15,7795.2
2024/7/5 19:30,7892.4
2024/7/5 19:45,7874.4
2024/7/5 20:00,7934.4
2024/7/5 20:15,7950
2024/7/5 20:30,7950
2024/7/5 20:45,7828.8
2024/7/5 21:00,7906.8
2024/7/5 21:15,7878
2024/7/5 21:30,7947.6
2024/7/5 21:45,7588.8
2024/7/5 22:00,7898.4
2024/7/5 22:15,8041.2
2024/7/5 22:30,7930.8
2024/7/5 22:45,7948.8
2024/7/5 23:00,8068.8
2024/7/5 23:15,7984.8
2024/7/5 23:30,7899.6
2024/7/5 23:45,7959.6
2024/7/6 0:00,7912.8
2024/7/6 0:15,7854
2024/7/6 0:30,7699.2
2024/7/6 0:45,7894.8
2024/7/6 1:00,7791.6
2024/7/6 1:15,7798.8
2024/7/6 1:30,7844.4
2024/7/6 1:45,7830
2024/7/6 2:00,8035.2
2024/7/6 2:15,7978.8
2024/7/6 2:30,7791.6
2024/7/6 2:45,7942.8
2024/7/6 3:00,7861.2
2024/7/6 3:15,7696.8
2024/7/6 3:30,7930.8
2024/7/6 3:45,7868.4
2024/7/6 4:00,7940.4
2024/7/6 4:15,7822.8
2024/7/6 4:30,7867.2
2024/7/6 4:45,8040
2024/7/6 5:00,7869.6
2024/7/6 5:15,7806
2024/7/6 5:30,7732.8
2024/7/6 5:45,7816.8
2024/7/6 6:00,7701.6
2024/7/6 6:15,7903.2
2024/7/6 6:30,7690.8
2024/7/6 6:45,7755.6
2024/7/6 7:00,7830
2024/7/6 7:15,7810.8
2024/7/6 7:30,7994.4
2024/7/6 7:45,7849.2
2024/7/6 8:00,7909.2
2024/7/6 8:15,7746
2024/7/6 8:30,7924.8
2024/7/6 8:45,7627.2
2024/7/6 9:00,7870.8
2024/7/6 9:15,7935.6
2024/7/6 9:30,7725.6
2024/7/6 9:45,7707.6
2024/7/6 10:00,7952.4
2024/7/6 10:15,7858.8
2024/7/6 10:30,7993.2
2024/7/6 10:45,7956
2024/7/6 11:00,7900.8
2024/7/6 11:15,7838.4
2024/7/6 11:30,7797.6
2024/7/6 11:45,7939.2
2024/7/6 12:00,7912.8
2024/7/6 12:15,7765.2
2024/7/6 12:30,7789.2
2024/7/6 12:45,7866
2024/7/6 13:00,7858.8
2024/7/6 13:15,7855.2
2024/7/6 13:30,7934.4
2024/7/6 13:45,7934.4
2024/7/6 14:00,7951.2
2024/7/6 14:15,8019.6
2024/7/6 14:30,7858.8
2024/7/6 14:45,7975.2
2024/7/6 15:00,7881.6
2024/7/6 15:15,7844.4
2024/7/6 15:30,7929.6
2024/7/6 15:45,7942.8
2024/7/6 16:00,7828.8
2024/7/6 16:15,7846.8
2024/7/6 16:30,7800
2024/7/6 16:45,7581.6
2024/7/6 17:00,7809.6
2024/7/6 17:15,7900.8
2024/7/6 17:30,7576.8
2024/7/6 17:45,7798.8
2024/7/6 18:00,7926
2024/7/6 18:15,7838.4
2024/7/6 18:30,7989.6
2024/7/6 18:45,7882.8
2024/7/6 19:00,7647.6
2024/7/6 19:15,7658.4
2024/7/6 19:30,7671.6
2024/7/6 19:45,7807.2
2024/7/6 20:00,7868.4
2024/7/6 20:15,7748.4
2024/7/6 20:30,7810.8
2024/7/6 20:45,7706.4
2024/7/6 21:00,7784.4
2024/7/6 21:15,7765.2
2024/7/6 21:30,7680
2024/7/6 21:45,7892.4
2024/7/6 22:00,7890
2024/7/6 22:15,7894.8
2024/7/6 22:30,7855.2
2024/7/6 22:45,7792.8
2024/7/6 23:00,7864.8
2024/7/6 23:15,7899.6
2024/7/6 23:30,7936.8
2024/7/6 23:45,7818
2024/7/7 0:00,7852.8
2024/7/7 0:15,7779.6
2024/7/7 0:30,7804.8
2024/7/7 0:45,7818
2024/7/7 1:00,7723.2
2024/7/7 1:15,7875.6
2024/7/7 1:30,7771.2
2024/7/7 1:45,7752
2024/7/7 2:00,7665.6
2024/7/7 2:15,7416
2024/7/7 2:30,7701.6
2024/7/7 2:45,7606.8
2024/7/7 3:00,7666.8
2024/7/7 3:15,7706.4
2024/7/7 3:30,7647.6
2024/7/7 3:45,7606.8
2024/7/7 4:00,7657.2
2024/7/7 4:15,7566
2024/7/7 4:30,7753.2
2024/7/7 4:45,7519.2
2024/7/7 5:00,7546.8
2024/7/7 5:15,7504.8
2024/7/7 5:30,7652.4
2024/7/7 5:45,7498.8
2024/7/7 6:00,7474.8
2024/7/7 6:15,7552.8
2024/7/7 6:30,7638
2024/7/7 6:45,7642.8
2024/7/7 7:00,7512
2024/7/7 7:15,7474.8
2024/7/7 7:30,7612.8
2024/7/7 7:45,7592.4
2024/7/7 8:00,7615.2
2024/7/7 8:15,7639.2
2024/7/7 8:30,7492.8
2024/7/7 8:45,7573.2
2024/7/7 9:00,7561.2
2024/7/7 9:15,7702.8
2024/7/7 9:30,7588.8
2024/7/7 9:45,7664.4
2024/7/7 10:00,7765.2
2024/7/7 10:15,7778.4
2024/7/7 10:30,7852.8
2024/7/7 10:45,7681.2
2024/7/7 11:00,7492.8
2024/7/7 11:15,7756.8
2024/7/7 11:30,7706.4
2024/7/7 11:45,7460.4
2024/7/7 12:00,7773.6
2024/7/7 12:15,7736.4
2024/7/7 12:30,7849.2
2024/7/7 12:45,7836
2024/7/7 13:00,7820.4
2024/7/7 13:15,7753.2
2024/7/7 13:30,7731.6
2024/7/7 13:45,7833.6
2024/7/7 14:00,7670.4
2024/7/7 14:15,7755.6
2024/7/7 14:30,7810.8
2024/7/7 14:45,7768.8
2024/7/7 15:00,7866
2024/7/7 15:15,7789.2
2024/7/7 15:30,7816.8
2024/7/7 15:45,7658.4
2024/7/7 16:00,7671.6
2024/7/7 16:15,7744.8
2024/7/7 16:30,7738.8
2024/7/7 16:45,7812
2024/7/7 17:00,7758
2024/7/7 17:15,7778.4
2024/7/7 17:30,7876.8
2024/7/7 17:45,7872
2024/7/7 18:00,7819.2
2024/7/7 18:15,7872
2024/7/7 18:30,7834.8
2024/7/7 18:45,7821.6
2024/7/7 19:00,7596
2024/7/7 19:15,7848
2024/7/7 19:30,7768.8
2024/7/7 19:45,7464
2024/7/7 20:00,7564.8
2024/7/7 20:15,7663.2
2024/7/7 20:30,7657.2
2024/7/7 20:45,7386
2024/7/7 21:00,7359.6
2024/7/7 21:15,7297.2
2024/7/7 21:30,7335.6
2024/7/7 21:45,7335.6
2024/7/7 22:00,7299.6
2024/7/7 22:15,7254
2024/7/7 22:30,7302
2024/7/7 22:45,7778.4
2024/7/7 23:00,7606.8
2024/7/7 23:15,7622.4
2024/7/7 23:30,7294.8
2024/7/7 23:45,7255.2
2024/7/8 0:00,7143.6
2024/7/8 0:15,7390.8
2024/7/8 0:30,7555.2
2024/7/8 0:45,7686
2024/7/8 1:00,7801.2
2024/7/8 1:15,7658.4
2024/7/8 1:30,7651.2
2024/7/8 1:45,7503.6
2024/7/8 2:00,7645.2
2024/7/8 2:15,7628.4
2024/7/8 2:30,7587.6
2024/7/8 2:45,7669.2
2024/7/8 3:00,7629.6
2024/7/8 3:15,7674
2024/7/8 3:30,7682.4
2024/7/8 3:45,7767.6
2024/7/8 4:00,7635.6
2024/7/8 4:15,7647.6
2024/7/8 4:30,7674
2024/7/8 4:45,7730.4
2024/7/8 5:00,7593.6
2024/7/8 5:15,7742.4
2024/7/8 5:30,7674
2024/7/8 5:45,7598.4
2024/7/8 6:00,7736.4
2024/7/8 6:15,7665.6
2024/7/8 6:30,7575.6
2024/7/8 6:45,7605.6
2024/7/8 7:00,7609.2
2024/7/8 7:15,7734
2024/7/8 7:30,7653.6
2024/7/8 7:45,7653.6
2024/7/8 8:00,7705.2
2024/7/8 8:15,7584
2024/7/8 8:30,7581.6
2024/7/8 8:45,7812
2024/7/8 9:00,7791.6
2024/7/8 9:15,7702.8
2024/7/8 9:30,7263.6
2024/7/8 9:45,7644
2024/7/8 10:00,7712.4
2024/7/8 10:15,7866
2024/7/8 10:30,7783.2
2024/7/8 10:45,7767.6
2024/7/8 11:00,7912.8
2024/7/8 11:15,7566
2024/7/8 11:30,7686
2024/7/8 11:45,7512
2024/7/8 12:00,7980
2024/7/8 12:15,7844.4
2024/7/8 12:30,7882.8
2024/7/8 12:45,7851.6
2024/7/8 13:00,7918.8
2024/7/8 13:15,7886.4
2024/7/8 13:30,7840.8
2024/7/8 13:45,8052
2024/7/8 14:00,7827.6
2024/7/8 14:15,7932
2024/7/8 14:30,7876.8
2024/7/8 14:45,8042.4
2024/7/8 15:00,7932
2024/7/8 15:15,8011.2
2024/7/8 15:30,8030.4
2024/7/8 15:45,7882.8
2024/7/8 16:00,8079.6
2024/7/8 16:15,7994.4
2024/7/8 16:30,8055.6
2024/7/8 16:45,7926
2024/7/8 17:00,7849.2
2024/7/8 17:15,7968
2024/7/8 17:30,7767.6
2024/7/8 17:45,7971.6
2024/7/8 18:00,7951.2
2024/7/8 18:15,7910.4
2024/7/8 18:30,7858.8
2024/7/8 18:45,7860
2024/7/8 19:00,7914
2024/7/8 19:15,7953.6
2024/7/8 19:30,7892.4
2024/7/8 19:45,7833.6
2024/7/8 20:00,7936.8
2024/7/8 20:15,7735.2
2024/7/8 20:30,7698
2024/7/8 20:45,7695.6
2024/7/8 21:00,7558.8
2024/7/8 21:15,7638
2024/7/8 21:30,7830
2024/7/8 21:45,7818
2024/7/8 22:00,7764
2024/7/8 22:15,7802.4
2024/7/8 22:30,7705.2
2024/7/8 22:45,7879.2
2024/7/8 23:00,7737.6
2024/7/8 23:15,7444.8
2024/7/8 23:30,7755.6
2024/7/8 23:45,7834.8
2024/7/9 0:00,7840.8
2024/7/9 0:15,7621.2
2024/7/9 0:30,7696.8
2024/7/9 0:45,7701.6
2024/7/9 1:00,7762.8
2024/7/9 1:15,7590
2024/7/9 1:30,7591.2
2024/7/9 1:45,7612.8
2024/7/9 2:00,7612.8
2024/7/9 2:15,7521.6
2024/7/9 2:30,7509.6
2024/7/9 2:45,7602
2024/7/9 3:00,7489.2
2024/7/9 3:15,7692
2024/7/9 3:30,7560
2024/7/9 3:45,7516.8
2024/7/9 4:00,7701.6
2024/7/9 4:15,7603.2
2024/7/9 4:30,7594.8
2024/7/9 4:45,7626
2024/7/9 5:00,7374
2024/7/9 5:15,7606.8
2024/7/9 5:30,7597.2
2024/7/9 5:45,7334.4
2024/7/9 6:00,7636.8
2024/7/9 6:15,7534.8
2024/7/9 6:30,7538.4
2024/7/9 6:45,7508.4
2024/7/9 7:00,7572
2024/7/9 7:15,7582.8
2024/7/9 7:30,7530
2024/7/9 7:45,7639.2
2024/7/9 8:00,7584
2024/7/9 8:15,7626
2024/7/9 8:30,7615.2
2024/7/9 8:45,7746
2024/7/9 9:00,7573.2
2024/7/9 9:15,7891.2
2024/7/9 9:30,7792.8
2024/7/9 9:45,7758
2024/7/9 10:00,7543.2
2024/7/9 10:15,7778.4
2024/7/9 10:30,7887.6
2024/7/9 10:45,7916.4
2024/7/9 11:00,7917.6
2024/7/9 11:15,7822.8
2024/7/9 11:30,7605.6
2024/7/9 11:45,7890
2024/7/9 12:00,7890
2024/7/9 12:15,7710
2024/7/9 12:30,7593.6
2024/7/9 12:45,7695.6
2024/7/9 13:00,7894.8
2024/7/9 13:15,7748.4
2024/7/9 13:30,7854
2024/7/9 13:45,7771.2
2024/7/9 14:00,7875.6
2024/7/9 14:15,7971.6
2024/7/9 14:30,7910.4
2024/7/9 14:45,7933.2
2024/7/9 15:00,7848
2024/7/9 15:15,7860
2024/7/9 15:30,7891.2
2024/7/9 15:45,7975.2
2024/7/9 16:00,7820.4
2024/7/9 16:15,7863.6
2024/7/9 16:30,7968
2024/7/9 16:45,7744.8
2024/7/9 17:00,7719.6
2024/7/9 17:15,7782
2024/7/9 17:30,7849.2
2024/7/9 17:45,7801.2
2024/7/9 18:00,7826.4
2024/7/9 18:15,7780.8
2024/7/9 18:30,7756.8
2024/7/9 18:45,7794
2024/7/9 19:00,8019.6
2024/7/9 19:15,7870.8
2024/7/9 19:30,7995.6
2024/7/9 19:45,7990.8
2024/7/9 20:00,7828.8
2024/7/9 20:15,7962
2024/7/9 20:30,7744.8
2024/7/9 20:45,7953.6
2024/7/9 21:00,8074.8
2024/7/9 21:15,7891.2
2024/7/9 21:30,7916.4
2024/7/9 21:45,7767.6
2024/7/9 22:00,7946.4
2024/7/9 22:15,8077.2
2024/7/9 22:30,7936.8
2024/7/9 22:45,7940.4
2024/7/9 23:00,7910.4
2024/7/9 23:15,7915.2
2024/7/9 23:30,7815.6
2024/7/9 23:45,7852.8
2024/7/10 0:00,7846.8
2024/7/10 0:15,7834.8
2024/7/10 0:30,7808.4
2024/7/10 0:45,7825.2
2024/7/10 1:00,7758
2024/7/10 1:15,7646.4
2024/7/10 1:30,7749.6
2024/7/10 1:45,7654.8
2024/7/10 2:00,7516.8
2024/7/10 2:15,7573.2
2024/7/10 2:30,7527.6
2024/7/10 2:45,7530
2024/7/10 3:00,7612.8
2024/7/10 3:15,7576.8
2024/7/10 3:30,7350
2024/7/10 3:45,7617.6
2024/7/10 4:00,7593.6
2024/7/10 4:15,7490.4
2024/7/10 4:30,7515.6
2024/7/10 4:45,7602
2024/7/10 5:00,7528.8
2024/7/10 5:15,7461.6
2024/7/10 5:30,7458
2024/7/10 5:45,7471.2
2024/7/10 6:00,7612.8
2024/7/10 6:15,7491.6
2024/7/10 6:30,7543.2
2024/7/10 6:45,7479.6
2024/7/10 7:00,7508.4
2024/7/10 7:15,7549.2
2024/7/10 7:30,7544.4
2024/7/10 7:45,7521.6
2024/7/10 8:00,7420.8
2024/7/10 8:15,7539.6
2024/7/10 8:30,7653.6
2024/7/10 8:45,7728
2024/7/10 9:00,7726.8
2024/7/10 9:15,7411.2
2024/7/10 9:30,7779.6
2024/7/10 9:45,7704
2024/7/10 10:00,7788
2024/7/10 10:15,7483.2
2024/7/10 10:30,7525.2
2024/7/10 10:45,7495.2
2024/7/10 11:00,7555.2
2024/7/10 11:15,7618.8
2024/7/10 11:30,7670.4
2024/7/10 11:45,7690.8
2024/7/10 12:00,7639.2
2024/7/10 12:15,7690.8
2024/7/10 12:30,7737.6
2024/7/10 12:45,7656
2024/7/10 13:00,7681.2
2024/7/10 13:15,7711.2
2024/7/10 13:30,7838.4
2024/7/10 13:45,7756.8
2024/7/10 14:00,7773.6
2024/7/10 14:15,7809.6
2024/7/10 14:30,7891.2
2024/7/10 14:45,7882.8
2024/7/10 15:00,7896
2024/7/10 15:15,7849.2
2024/7/10 15:30,7779.6
2024/7/10 15:45,7824
2024/7/10 16:00,7868.4
2024/7/10 16:15,7868.4
2024/7/10 16:30,7843.2
2024/7/10 16:45,7887.6
2024/7/10 17:00,7947.6
2024/7/10 17:15,7826.4
2024/7/10 17:30,7815.6
2024/7/10 17:45,7776
2024/7/10 18:00,7699.2
2024/7/10 18:15,7648.8
2024/7/10 18:30,7701.6
2024/7/10 18:45,7754.4
2024/7/10 19:00,7776
2024/7/10 19:15,7758
2024/7/10 19:30,7724.4
2024/7/10 19:45,7545.6
2024/7/10 20:00,7622.4
2024/7/10 20:15,7693.2
2024/7/10 20:30,7742.4
2024/7/10 20:45,7810.8
2024/7/10 21:00,7677.6
2024/7/10 21:15,7680
2024/7/10 21:30,7702.8
2024/7/10 21:45,7858.8
2024/7/10 22:00,7852.8
2024/7/10 22:15,7766.4
2024/7/10 22:30,7784.4
2024/7/10 22:45,7822.8
2024/7/10 23:00,7790.4
2024/7/10 23:15,7825.2
2024/7/10 23:30,7788
2024/7/10 23:45,7755.6
2024/7/11 0:00,7706.4
2024/7/11 0:15,7791.6
2024/7/11 0:30,7807.2
2024/7/11 0:45,7872
2024/7/11 1:00,7783.2
2024/7/11 1:15,7796.4
2024/7/11 1:30,7725.6
2024/7/11 1:45,7677.6
2024/7/11 2:00,7777.2
2024/7/11 2:15,7720.8
2024/7/11 2:30,7676.4
2024/7/11 2:45,7593.6
2024/7/11 3:00,7672.8
2024/7/11 3:15,7591.2
2024/7/11 3:30,7730.4
2024/7/11 3:45,7771.2
2024/7/11 4:00,7710
2024/7/11 4:15,7766.4
2024/7/11 4:30,7784.4
2024/7/11 4:45,7724.4
2024/7/11 5:00,7776
2024/7/11 5:15,7653.6
2024/7/11 5:30,7612.8
2024/7/11 5:45,7695.6
2024/7/11 6:00,7527.6
2024/7/11 6:15,7514.4
2024/7/11 6:30,7440
2024/7/11 6:45,7521.6
2024/7/11 7:00,7502.4
2024/7/11 7:15,7408.8
2024/7/11 7:30,7590
2024/7/11 7:45,7537.2
2024/7/11 8:00,7474.8
2024/7/11 8:15,7526.4
2024/7/11 8:30,7646.4
2024/7/11 8:45,7677.6
2024/7/11 9:00,7561.2
2024/7/11 9:15,7659.6
2024/7/11 9:30,7698
2024/7/11 9:45,7644
2024/7/11 10:00,7605.6
2024/7/11 10:15,7687.2
2024/7/11 10:30,7642.8
2024/7/11 10:45,7725.6
2024/7/11 11:00,7836
2024/7/11 11:15,7814.4
2024/7/11 11:30,7681.2
2024/7/11 11:45,7852.8
2024/7/11 12:00,7860
2024/7/11 12:15,7722
2024/7/11 12:30,7676.4
2024/7/11 12:45,7768.8
2024/7/11 13:00,7693.2
2024/7/11 13:15,7678.8
2024/7/11 13:30,7737.6
2024/7/11 13:45,7879.2
2024/7/11 14:00,7705.2
2024/7/11 14:15,7796.4
2024/7/11 14:30,7705.2
2024/7/11 14:45,7653.6
2024/7/11 15:00,7626
2024/7/11 15:15,7820.4
2024/7/11 15:30,7848
2024/7/11 15:45,7868.4
2024/7/11 16:00,7849.2
2024/7/11 16:15,7886.4
2024/7/11 16:30,8010
2024/7/11 16:45,8024.4
2024/7/11 17:00,8082
2024/7/11 17:15,8060.4
2024/7/11 17:30,7960.8
2024/7/11 17:45,7894.8
2024/7/11 18:00,7977.6
2024/7/11 18:15,7945.2
2024/7/11 18:30,7458
2024/7/11 18:45,7405.2
2024/7/11 19:00,7443.6
2024/7/11 19:15,7754.4
2024/7/11 19:30,7376.4
2024/7/11 19:45,7716
2024/7/11 20:00,7708.8
2024/7/11 20:15,7753.2
2024/7/11 20:30,7798.8
2024/7/11 20:45,7723.2
2024/7/11 21:00,7716
2024/7/11 21:15,7708.8
2024/7/11 21:30,7684.8
2024/7/11 21:45,7626
2024/7/11 22:00,7720.8
2024/7/11 22:15,7698
2024/7/11 22:30,7753.2
2024/7/11 22:45,7570.8
2024/7/11 23:00,7504.8
2024/7/11 23:15,7412.4
2024/7/11 23:30,7525.2
2024/7/11 23:45,7566
2024/7/12 0:00,7459.2
2024/7/12 0:15,7766.4
2024/7/12 0:30,7812
2024/7/12 0:45,7804.8
2024/7/12 1:00,7688.4
2024/7/12 1:15,7858.8
2024/7/12 1:30,7738.8
2024/7/12 1:45,7640.4
2024/7/12 2:00,7654.8
2024/7/12 2:15,7734
2024/7/12 2:30,7736.4
2024/7/12 2:45,7563.6
2024/7/12 3:00,7657.2
2024/7/12 3:15,7681.2
2024/7/12 3:30,7723.2
2024/7/12 3:45,7700.4
2024/7/12 4:00,7723.2
2024/7/12 4:15,7734
2024/7/12 4:30,7548
2024/7/12 4:45,7626
2024/7/12 5:00,7640.4
2024/7/12 5:15,7597.2
2024/7/12 5:30,7616.4
2024/7/12 5:45,7662
2024/7/12 6:00,7585.2
2024/7/12 6:15,7362
2024/7/12 6:30,7629.6
2024/7/12 6:45,7399.2
2024/7/12 7:00,7620
2024/7/12 7:15,7596
2024/7/12 7:30,7549.2
2024/7/12 7:45,7286.4
2024/7/12 8:00,7322.4
2024/7/12 8:15,7574.4
2024/7/12 8:30,7594.8
2024/7/12 8:45,7610.4
2024/7/12 9:00,7699.2
2024/7/12 9:15,7566
2024/7/12 9:30,7543.2
2024/7/12 9:45,7718.4
2024/7/12 10:00,7731.6
2024/7/12 10:15,7646.4
2024/7/12 10:30,7554
2024/7/12 10:45,7813.2
2024/7/12 11:00,7734
2024/7/12 11:15,7645.2
2024/7/12 11:30,7548
2024/7/12 11:45,7683.6
2024/7/12 12:00,7765.2
2024/7/12 12:15,7545.6
2024/7/12 12:30,7611.6
2024/7/12 12:45,7642.8
2024/7/12 13:00,7584
2024/7/12 13:15,7578
2024/7/12 13:30,7545.6
2024/7/12 13:45,7578
2024/7/12 14:00,7416
2024/7/12 14:15,7741.2
2024/7/12 14:30,7852.8
2024/7/12 14:45,7874.4
2024/7/12 15:00,7482
2024/7/12 15:15,7597.2
2024/7/12 15:30,7616.4
2024/7/12 15:45,7640.4
2024/7/12 16:00,7659.6
2024/7/12 16:15,7582.8
2024/7/12 16:30,7620
2024/7/12 16:45,7689.6
2024/7/12 17:00,7644
2024/7/12 17:15,7572
2024/7/12 17:30,7783.2
2024/7/12 17:45,7778.4
2024/7/12 18:00,7766.4
2024/7/12 18:15,7758
2024/7/12 18:30,7663.2
2024/7/12 18:45,7753.2
2024/7/12 19:00,7692
2024/7/12 19:15,7660.8
2024/7/12 19:30,7686
2024/7/12 19:45,7666.8
2024/7/12 20:00,7736.4
2024/7/12 20:15,7767.6
2024/7/12 20:30,7647.6
2024/7/12 20:45,7720.8
2024/7/12 21:00,7818
2024/7/12 21:15,7776
2024/7/12 21:30,7718.4
2024/7/12 21:45,7717.2
2024/7/12 22:00,7569.6
2024/7/12 22:15,7568.4
2024/7/12 22:30,7467.6
2024/7/12 22:45,7642.8
2024/7/12 23:00,7611.6
2024/7/12 23:15,7609.2
2024/7/12 23:30,7488
2024/7/12 23:45,7416
2024/7/13 0:00,7507.2
2024/7/13 0:15,7456.8
2024/7/13 0:30,7449.6
2024/7/13 0:45,7573.2
2024/7/13 1:00,7573.2
2024/7/13 1:15,7501.2
2024/7/13 1:30,7430.4
2024/7/13 1:45,7545.6
2024/7/13 2:00,7495.2
2024/7/13 2:15,7504.8
2024/7/13 2:30,7340.4
2024/7/13 2:45,7513.2
2024/7/13 3:00,7556.4
2024/7/13 3:15,7204.8
2024/7/13 3:30,7371.6
2024/7/13 3:45,7437.6
2024/7/13 4:00,7299.6
2024/7/13 4:15,7399.2
2024/7/13 4:30,7454.4
2024/7/13 4:45,7436.4
2024/7/13 5:00,7378.8
2024/7/13 5:15,7471.2
2024/7/13 5:30,7466.4
2024/7/13 5:45,7539.6
2024/7/13 6:00,7364.4
2024/7/13 6:15,7449.6
2024/7/13 6:30,7375.2
2024/7/13 6:45,7398
2024/7/13 7:00,7544.4
2024/7/13 7:15,7548
2024/7/13 7:30,7478.4
2024/7/13 7:45,7483.2
2024/7/13 8:00,7407.6
2024/7/13 8:15,7443.6
2024/7/13 8:30,7591.2
2024/7/13 8:45,7750.8
2024/7/13 9:00,7724.4
2024/7/13 9:15,7742.4
2024/7/13 9:30,7797.6
2024/7/13 9:45,7970.4
2024/7/13 10:00,7800
2024/7/13 10:15,7851.6
2024/7/13 10:30,7723.2
2024/7/13 10:45,7563.6
2024/7/13 11:00,7645.2
2024/7/13 11:15,7713.6
2024/7/13 11:30,7780.8
2024/7/13 11:45,7707.6
2024/7/13 12:00,7759.2
2024/7/13 12:15,7604.4
2024/7/13 12:30,7719.6
2024/7/13 12:45,7422
2024/7/13 13:00,7617.6
2024/7/13 13:15,7515.6
2024/7/13 13:30,7624.8
2024/7/13 13:45,7797.6
2024/7/13 14:00,7753.2
2024/7/13 14:15,7710
2024/7/13 14:30,7752
2024/7/13 14:45,7822.8
2024/7/13 15:00,7660.8
2024/7/13 15:15,7808.4
2024/7/13 15:30,7579.2
2024/7/13 15:45,7617.6
2024/7/13 16:00,7642.8
2024/7/13 16:15,7698
2024/7/13 16:30,7714.8
2024/7/13 16:45,7575.6
2024/7/13 17:00,7724.4
2024/7/13 17:15,7496.4
2024/7/13 17:30,7442.4
2024/7/13 17:45,7552.8
2024/7/13 18:00,7594.8
2024/7/13 18:15,7718.4
2024/7/13 18:30,7638
2024/7/13 18:45,7736.4
2024/7/13 19:00,7758
2024/7/13 19:15,7477.2
2024/7/13 19:30,7695.6
2024/7/13 19:45,7701.6
2024/7/13 20:00,7653.6
2024/7/13 20:15,7735.2
2024/7/13 20:30,7568.4
2024/7/13 20:45,7671.6
2024/7/13 21:00,7576.8
2024/7/13 21:15,7592.4
2024/7/13 21:30,7708.8
2024/7/13 21:45,7569.6
2024/7/13 22:00,7671.6
2024/7/13 22:15,7767.6
2024/7/13 22:30,7700.4
2024/7/13 22:45,7675.2
2024/7/13 23:00,7705.2
2024/7/13 23:15,7567.2
2024/7/13 23:30,7486.8
2024/7/13 23:45,7436.4
2024/7/14 0:00,7507.2
2024/7/14 0:15,7681.2
2024/7/14 0:30,7626
2024/7/14 0:45,7656
2024/7/14 1:00,7560
2024/7/14 1:15,7741.2
2024/7/14 1:30,7604.4
2024/7/14 1:45,7639.2
2024/7/14 2:00,7635.6
2024/7/14 2:15,7669.2
2024/7/14 2:30,7669.2
2024/7/14 2:45,7431.6
2024/7/14 3:00,7575.6
2024/7/14 3:15,7650
2024/7/14 3:30,7611.6
2024/7/14 3:45,7581.6
2024/7/14 4:00,7597.2
2024/7/14 4:15,7586.4
2024/7/14 4:30,7388.4
2024/7/14 4:45,7558.8
2024/7/14 5:00,7580.4
2024/7/14 5:15,7567.2
2024/7/14 5:30,7549.2
2024/7/14 5:45,7622.4
2024/7/14 6:00,7550.4
2024/7/14 6:15,7407.6
2024/7/14 6:30,7483.2
2024/7/14 6:45,7410
2024/7/14 7:00,7564.8
2024/7/14 7:15,7585.2
2024/7/14 7:30,7431.6
2024/7/14 7:45,7294.8
2024/7/14 8:00,7284
2024/7/14 8:15,7381.2
2024/7/14 8:30,7366.8
2024/7/14 8:45,7436.4
2024/7/14 9:00,7446
2024/7/14 9:15,7467.6
2024/7/14 9:30,7401.6
2024/7/14 9:45,7503.6
2024/7/14 10:00,7579.2
2024/7/14 10:15,7650
2024/7/14 10:30,7538.4
2024/7/14 10:45,7638
2024/7/14 11:00,7658.4
2024/7/14 11:15,7645.2
2024/7/14 11:30,7483.2
2024/7/14 11:45,7476
2024/7/14 12:00,7510.8
2024/7/14 12:15,7410
2024/7/14 12:30,7485.6
2024/7/14 12:45,7550.4
2024/7/14 13:00,7556.4
2024/7/14 13:15,7496.4
2024/7/14 13:30,7566
2024/7/14 13:45,7587.6
2024/7/14 14:00,7506
2024/7/14 14:15,7591.2
2024/7/14 14:30,7704
2024/7/14 14:45,7755.6
2024/7/14 15:00,7534.8
2024/7/14 15:15,7602
2024/7/14 15:30,7605.6
2024/7/14 15:45,7616.4
2024/7/14 16:00,7554
2024/7/14 16:15,7609.2
2024/7/14 16:30,7570.8
2024/7/14 16:45,7564.8
2024/7/14 17:00,7612.8
2024/7/14 17:15,7527.6
2024/7/14 17:30,7628.4
2024/7/14 17:45,7666.8
2024/7/14 18:00,7608
2024/7/14 18:15,7629.6
2024/7/14 18:30,7495.2
2024/7/14 18:45,7540.8
2024/7/14 19:00,7528.8
2024/7/14 19:15,7470
2024/7/14 19:30,7599.6
2024/7/14 19:45,7504.8
2024/7/14 20:00,7503.6
2024/7/14 20:15,7576.8
2024/7/14 20:30,7482
2024/7/14 20:45,7545.6
2024/7/14 21:00,7608
2024/7/14 21:15,7569.6
2024/7/14 21:30,7608
2024/7/14 21:45,7651.2
2024/7/14 22:00,7605.6
2024/7/14 22:15,7531.2
2024/7/14 22:30,7441.2
2024/7/14 22:45,7574.4
2024/7/14 23:00,7520.4
2024/7/14 23:15,7566
2024/7/14 23:30,7471.2
2024/7/14 23:45,7444.8
2024/7/15 0:00,7448.4
2024/7/15 0:15,7480.8
2024/7/15 0:30,7426.8
2024/7/15 0:45,7474.8
2024/7/15 1:00,7476
2024/7/15 1:15,7467.6
2024/7/15 1:30,7407.6
2024/7/15 1:45,7461.6
2024/7/15 2:00,7508.4
2024/7/15 2:15,7424.4
2024/7/15 2:30,7342.8
2024/7/15 2:45,7453.2
2024/7/15 3:00,7460.4
2024/7/15 3:15,7354.8
2024/7/15 3:30,7378.8
2024/7/15 3:45,7396.8
2024/7/15 4:00,7344
2024/7/15 4:15,7393.2
2024/7/15 4:30,7460.4
2024/7/15 4:45,7410
2024/7/15 5:00,7395.6
2024/7/15 5:15,7420.8
2024/7/15 5:30,7402.8
2024/7/15 5:45,7428
2024/7/15 6:00,7380
2024/7/15 6:15,7461.6
2024/7/15 6:30,7441.2
2024/7/15 6:45,7441.2
2024/7/15 7:00,7526.4
2024/7/15 7:15,7478.4
2024/7/15 7:30,7485.6
2024/7/15 7:45,7471.2
2024/7/15 8:00,7518
2024/7/15 8:15,7526.4
2024/7/15 8:30,7682.4
2024/7/15 8:45,7699.2
2024/7/15 9:00,7681.2
2024/7/15 9:15,7707.6
2024/7/15 9:30,7743.6
2024/7/15 9:45,7870.8
2024/7/15 10:00,7713.6
2024/7/15 10:15,7800
2024/7/15 10:30,7750.8
2024/7/15 10:45,7671.6
2024/7/15 11:00,7624.8
2024/7/15 11:15,7704
2024/7/15 11:30,7759.2
2024/7/15 11:45,7666.8
2024/7/15 12:00,7802.4
2024/7/15 12:15,7687.2
2024/7/15 12:30,7309.2
2024/7/15 12:45,7722
2024/7/15 13:00,7837.2
2024/7/15 13:15,7633.2
2024/7/15 13:30,7628.4
2024/7/15 13:45,7741.2
2024/7/15 14:00,7653.6
2024/7/15 14:15,7683.6
2024/7/15 14:30,7688.4
2024/7/15 14:45,7704
2024/7/15 15:00,7634.4
2024/7/15 15:15,7734
2024/7/15 15:30,7645.2
2024/7/15 15:45,7641.6
2024/7/15 16:00,7671.6
2024/7/15 16:15,7608
2024/7/15 16:30,7651.2
2024/7/15 16:45,7573.2
2024/7/15 17:00,7609.2
2024/7/15 17:15,7544.4
2024/7/15 17:30,7477.2
2024/7/15 17:45,7590
2024/7/15 18:00,7656
2024/7/15 18:15,7608
2024/7/15 18:30,7566
2024/7/15 18:45,7629.6
2024/7/15 19:00,7644
2024/7/15 19:15,7573.2
2024/7/15 19:30,7576.8
2024/7/15 19:45,7647.6
2024/7/15 20:00,7519.2
2024/7/15 20:15,7634.4
2024/7/15 20:30,7539.6
2024/7/15 20:45,7580.4
2024/7/15 21:00,7549.2
2024/7/15 21:15,7586.4
2024/7/15 21:30,7636.8
2024/7/15 21:45,7604.4
2024/7/15 22:00,7663.2
2024/7/15 22:15,7654.8
2024/7/15 22:30,7594.8
2024/7/15 22:45,7628.4
2024/7/15 23:00,7576.8
2024/7/15 23:15,7561.2
2024/7/15 23:30,7531.2
2024/7/15 23:45,7430.4
2024/7/16 0:00,7551.6
2024/7/16 0:15,7510.8
2024/7/16 0:30,7471.2
2024/7/16 0:45,7540.8
2024/7/16 1:00,7351.2
2024/7/16 1:15,7478.4
2024/7/16 1:30,7514.4
2024/7/16 1:45,7455.6
2024/7/16 2:00,7464
2024/7/16 2:15,7332
2024/7/16 2:30,7466.4
2024/7/16 2:45,7485.6
2024/7/16 3:00,7521.6
2024/7/16 3:15,7489.2
2024/7/16 3:30,7449.6
2024/7/16 3:45,7417.2
2024/7/16 4:00,7438.8
2024/7/16 4:15,7452
2024/7/16 4:30,7430.4
2024/7/16 4:45,7356
2024/7/16 5:00,7431.6
2024/7/16 5:15,7368
2024/7/16 5:30,7330.8
2024/7/16 5:45,7399.2
2024/7/16 6:00,7329.6
2024/7/16 6:15,7341.6
2024/7/16 6:30,7329.6
2024/7/16 6:45,7374
2024/7/16 7:00,7314
2024/7/16 7:15,7422
2024/7/16 7:30,7423.2
2024/7/16 7:45,7322.4
2024/7/16 8:00,7351.2
2024/7/16 8:15,7412.4
2024/7/16 8:30,7471.2
2024/7/16 8:45,7542
2024/7/16 9:00,7477.2
2024/7/16 9:15,7056
2024/7/16 9:30,7617.6
2024/7/16 9:45,7485.6
2024/7/16 10:00,7678.8
2024/7/16 10:15,7668
2024/7/16 10:30,7644
2024/7/16 10:45,7706.4
2024/7/16 11:00,7671.6
2024/7/16 11:15,7674
2024/7/16 11:30,7704
2024/7/16 11:45,7251.6
2024/7/16 12:00,7142.4
2024/7/16 12:15,7131.6
2024/7/16 12:30,7234.8
2024/7/16 12:45,7233.6
2024/7/16 13:00,7213.2
2024/7/16 13:15,7258.8
2024/7/16 13:30,7363.2
2024/7/16 13:45,7306.8
2024/7/16 14:00,7243.2
2024/7/16 14:15,7339.2
2024/7/16 14:30,7292.4
2024/7/16 14:45,7432.8
2024/7/16 15:00,7446
2024/7/16 15:15,7225.2
2024/7/16 15:30,7264.8
2024/7/16 15:45,7356
2024/7/16 16:00,7240.8
2024/7/16 16:15,7191.6
2024/7/16 16:30,7272
2024/7/16 16:45,7305.6
2024/7/16 17:00,7315.2
2024/7/16 17:15,7300.8
2024/7/16 17:30,7371.6
2024/7/16 17:45,7279.2
2024/7/16 18:00,7266
2024/7/16 18:15,7296
2024/7/16 18:30,7144.8
2024/7/16 18:45,7161.6
2024/7/16 19:00,7327.2
2024/7/16 19:15,7910.4
2024/7/16 19:30,7908
2024/7/16 19:45,7755.6
2024/7/16 20:00,7684.8
2024/7/16 20:15,7668
2024/7/16 20:30,7754.4
2024/7/16 20:45,7798.8
2024/7/16 21:00,7761.6
2024/7/16 21:15,7806
2024/7/16 21:30,7790.4
2024/7/16 21:45,7770
2024/7/16 22:00,7698
2024/7/16 22:15,7688.4
2024/7/16 22:30,7694.4
2024/7/16 22:45,7514.4
2024/7/16 23:00,7503.6
2024/7/16 23:15,7581.6
2024/7/16 23:30,7569.6
2024/7/16 23:45,7556.4
2024/7/17 0:00,7623.6
2024/7/17 0:15,7495.2
2024/7/17 0:30,7591.2
2024/7/17 0:45,7520.4
2024/7/17 1:00,7492.8
2024/7/17 1:15,7504.8
2024/7/17 1:30,7614
2024/7/17 1:45,7591.2
2024/7/17 2:00,7536
2024/7/17 2:15,7503.6
2024/7/17 2:30,7512
2024/7/17 2:45,7480.8
2024/7/17 3:00,7557.6
2024/7/17 3:15,7216.8
2024/7/17 3:30,7321.2
2024/7/17 3:45,7186.8
2024/7/17 4:00,7312.8
2024/7/17 4:15,7312.8
2024/7/17 4:30,7299.6
2024/7/17 4:45,7321.2
2024/7/17 5:00,7290
2024/7/17 5:15,7286.4
2024/7/17 5:30,7274.4
2024/7/17 5:45,7267.2
2024/7/17 6:00,7250.4
2024/7/17 6:15,7192.8
2024/7/17 6:30,7285.2
2024/7/17 6:45,7228.8
2024/7/17 7:00,7321.2
2024/7/17 7:15,7297.2
2024/7/17 7:30,7404
2024/7/17 7:45,7406.4
2024/7/17 8:00,7389.6
2024/7/17 8:15,7377.6
2024/7/17 8:30,7420.8
2024/7/17 8:45,7482
2024/7/17 9:00,7466.4
2024/7/17 9:15,7360.8
2024/7/17 9:30,7266
2024/7/17 9:45,7615.2
2024/7/17 10:00,7585.2
2024/7/17 10:15,7728
2024/7/17 10:30,7657.2
2024/7/17 10:45,7665.6
2024/7/17 11:00,7606.8
2024/7/17 11:15,7656
2024/7/17 11:30,7789.2
2024/7/17 11:45,7711.2
2024/7/17 12:00,7766.4
2024/7/17 12:15,7660.8
2024/7/17 12:30,7681.2
2024/7/17 12:45,7674
2024/7/17 13:00,7744.8
2024/7/17 13:15,7765.2
2024/7/17 13:30,7635.6
2024/7/17 13:45,7741.2
2024/7/17 14:00,7752
2024/7/17 14:15,7731.6
2024/7/17 14:30,7798.8
2024/7/17 14:45,7831.2
2024/7/17 15:00,7816.8
2024/7/17 15:15,7716
2024/7/17 15:30,7695.6
2024/7/17 15:45,7813.2
2024/7/17 16:00,7864.8
2024/7/17 16:15,7850.4
2024/7/17 16:30,7890
2024/7/17 16:45,7772.4
2024/7/17 17:00,7849.2
2024/7/17 17:15,7798.8
2024/7/17 17:30,7917.6
2024/7/17 17:45,7933.2
2024/7/17 18:00,7772.4
2024/7/17 18:15,7771.2
2024/7/17 18:30,7580.4
2024/7/17 18:45,7492.8
2024/7/17 19:00,7366.8
2024/7/17 19:15,7396.8
2024/7/17 19:30,7408.8
2024/7/17 19:45,7404
2024/7/17 20:00,7413.6
2024/7/17 20:15,7495.2
2024/7/17 20:30,7414.8
2024/7/17 20:45,7558.8
2024/7/17 21:00,7690.8
2024/7/17 21:15,7678.8
2024/7/17 21:30,7725.6
2024/7/17 21:45,7784.4
2024/7/17 22:00,7790.4
2024/7/17 22:15,7630.8
2024/7/17 22:30,7786.8
2024/7/17 22:45,7711.2
2024/7/17 23:00,7556.4
2024/7/17 23:15,7624.8
2024/7/17 23:30,7665.6
2024/7/17 23:45,7681.2
2024/7/18 0:00,7615.2
2024/7/18 0:15,7599.6
2024/7/18 0:30,7459.2
2024/7/18 0:45,7585.2
2024/7/18 1:00,7528.8
2024/7/18 1:15,7545.6
2024/7/18 1:30,7519.2
2024/7/18 1:45,7462.8
2024/7/18 2:00,7476
2024/7/18 2:15,7418.4
2024/7/18 2:30,7557.6
2024/7/18 2:45,7525.2
2024/7/18 3:00,7538.4
2024/7/18 3:15,7503.6
2024/7/18 3:30,7530
2024/7/18 3:45,7473.6
2024/7/18 4:00,7446
2024/7/18 4:15,7495.2
2024/7/18 4:30,7453.2
2024/7/18 4:45,7444.8
2024/7/18 5:00,7456.8
2024/7/18 5:15,7366.8
2024/7/18 5:30,7406.4
2024/7/18 5:45,7399.2
2024/7/18 6:00,7410
2024/7/18 6:15,7438.8
2024/7/18 6:30,7434
2024/7/18 6:45,7438.8
2024/7/18 7:00,7452
2024/7/18 7:15,7500
2024/7/18 7:30,7508.4
2024/7/18 7:45,7436.4
2024/7/18 8:00,7490.4
2024/7/18 8:15,7480.8
2024/7/18 8:30,7452
2024/7/18 8:45,7507.2
2024/7/18 9:00,7634.4
2024/7/18 9:15,7507.2
2024/7/18 9:30,7663.2
2024/7/18 9:45,7500
2024/7/18 10:00,7737.6
2024/7/18 10:15,7798.8
2024/7/18 10:30,7699.2
2024/7/18 10:45,7854
2024/7/18 11:00,7729.2
2024/7/18 11:15,7802.4
2024/7/18 11:30,7783.2
2024/7/18 11:45,7758
2024/7/18 12:00,7687.2
2024/7/18 12:15,7700.4
2024/7/18 12:30,7704
2024/7/18 12:45,7768.8
2024/7/18 13:00,7707.6
2024/7/18 13:15,7710
2024/7/18 13:30,7833.6
2024/7/18 13:45,7831.2
2024/7/18 14:00,7876.8
2024/7/18 14:15,7880.4
2024/7/18 14:30,7903.2
2024/7/18 14:45,7999.2
2024/7/18 15:00,7956
2024/7/18 15:15,7754.4
2024/7/18 15:30,7801.2
2024/7/18 15:45,7759.2
2024/7/18 16:00,7740
2024/7/18 16:15,7731.6
2024/7/18 16:30,7844.4
2024/7/18 16:45,7945.2
2024/7/18 17:00,7988.4
2024/7/18 17:15,7992
2024/7/18 17:30,8031.6
2024/7/18 17:45,8010
2024/7/18 18:00,7842
2024/7/18 18:15,7956
2024/7/18 18:30,7597.2
2024/7/18 18:45,7880.4
2024/7/18 19:00,7858.8
2024/7/18 19:15,7891.2
2024/7/18 19:30,7771.2
2024/7/18 19:45,7776
2024/7/18 20:00,7755.6
2024/7/18 20:15,7636.8
2024/7/18 20:30,7804.8
2024/7/18 20:45,7857.6
2024/7/18 21:00,7786.8
2024/7/18 21:15,7774.8
2024/7/18 21:30,7790.4
2024/7/18 21:45,7837.2
2024/7/18 22:00,7695.6
2024/7/18 22:15,7675.2
2024/7/18 22:30,7632
2024/7/18 22:45,7653.6
2024/7/18 23:00,7651.2
2024/7/18 23:15,7680
2024/7/18 23:30,7623.6
2024/7/18 23:45,7736.4
2024/7/19 0:00,7737.6
2024/7/19 0:15,7519.2
2024/7/19 0:30,7572
2024/7/19 0:45,7557.6
2024/7/19 1:00,7573.2
2024/7/19 1:15,7638
2024/7/19 1:30,7563.6
2024/7/19 1:45,7612.8
2024/7/19 2:00,7550.4
2024/7/19 2:15,7690.8
2024/7/19 2:30,7615.2
2024/7/19 2:45,7557.6
2024/7/19 3:00,7604.4
2024/7/19 3:15,7483.2
2024/7/19 3:30,7599.6
2024/7/19 3:45,7461.6
2024/7/19 4:00,7648.8
2024/7/19 4:15,7560
2024/7/19 4:30,7572
2024/7/19 4:45,7641.6
2024/7/19 5:00,7621.2
2024/7/19 5:15,7569.6
2024/7/19 5:30,7622.4
2024/7/19 5:45,7552.8
2024/7/19 6:00,7498.8
2024/7/19 6:15,7513.2
2024/7/19 6:30,7598.4
2024/7/19 6:45,7533.6
2024/7/19 7:00,7638
2024/7/19 7:15,7324.8
2024/7/19 7:30,7426.8
2024/7/19 7:45,7527.6
2024/7/19 8:00,7483.2
2024/7/19 8:15,7443.6
2024/7/19 8:30,7455.6
2024/7/19 8:45,7557.6
2024/7/19 9:00,7588.8
2024/7/19 9:15,7594.8
2024/7/19 9:30,7365.6
2024/7/19 9:45,7558.8
2024/7/19 10:00,7568.4
2024/7/19 10:15,7669.2
2024/7/19 10:30,7620
2024/7/19 10:45,7724.4
2024/7/19 11:00,7562.4
2024/7/19 11:15,7658.4
2024/7/19 11:30,7743.6
2024/7/19 11:45,7798.8
2024/7/19 12:00,7722
2024/7/19 12:15,7734
2024/7/19 12:30,7658.4
2024/7/19 12:45,7680
2024/7/19 13:00,7759.2
2024/7/19 13:15,7804.8
2024/7/19 13:30,7592.4
2024/7/19 13:45,7843.2
2024/7/19 14:00,7710
2024/7/19 14:15,7683.6
2024/7/19 14:30,7801.2
2024/7/19 14:45,7773.6
2024/7/19 15:00,7791.6
2024/7/19 15:15,7772.4
2024/7/19 15:30,7689.6
2024/7/19 15:45,7712.4
2024/7/19 16:00,7798.8
2024/7/19 16:15,7690.8
2024/7/19 16:30,7753.2
2024/7/19 16:45,7626
2024/7/19 17:00,7737.6
2024/7/19 17:15,7759.2
2024/7/19 17:30,7815.6
2024/7/19 17:45,7771.2
2024/7/19 18:00,7786.8
2024/7/19 18:15,7699.2
2024/7/19 18:30,7497.6
2024/7/19 18:45,7524
2024/7/19 19:00,7516.8
2024/7/19 19:15,7536
2024/7/19 19:30,7618.8
2024/7/19 19:45,7536
2024/7/19 20:00,7584
2024/7/19 20:15,7605.6
2024/7/19 20:30,7617.6
2024/7/19 20:45,7580.4
2024/7/19 21:00,7653.6
2024/7/19 21:15,7617.6
2024/7/19 21:30,7720.8
2024/7/19 21:45,7765.2
2024/7/19 22:00,7720.8
2024/7/19 22:15,7658.4
2024/7/19 22:30,7636.8
2024/7/19 22:45,7710
2024/7/19 23:00,7591.2
2024/7/19 23:15,7744.8
2024/7/19 23:30,7672.8
2024/7/19 23:45,7658.4
2024/7/20 0:00,7710
2024/7/20 0:15,7663.2
2024/7/20 0:30,7675.2
2024/7/20 0:45,7494
2024/7/20 1:00,7592.4
2024/7/20 1:15,7640.4
2024/7/20 1:30,7630.8
2024/7/20 1:45,7610.4
2024/7/20 2:00,7662
2024/7/20 2:15,7634.4
2024/7/20 2:30,7614
2024/7/20 2:45,7568.4
2024/7/20 3:00,7590
2024/7/20 3:15,7671.6
2024/7/20 3:30,7603.2
2024/7/20 3:45,7478.4
2024/7/20 4:00,7658.4
2024/7/20 4:15,7532.4
2024/7/20 4:30,7599.6
2024/7/20 4:45,7618.8
2024/7/20 5:00,7572
2024/7/20 5:15,7406.4
2024/7/20 5:30,7560
2024/7/20 5:45,7494
2024/7/20 6:00,7525.2
2024/7/20 6:15,7485.6
2024/7/20 6:30,7416
2024/7/20 6:45,7510.8
2024/7/20 7:00,7560
2024/7/20 7:15,7508.4
2024/7/20 7:30,7600.8
2024/7/20 7:45,7546.8
2024/7/20 8:00,7530
2024/7/20 8:15,7584
2024/7/20 8:30,7620
2024/7/20 8:45,7605.6
2024/7/20 9:00,7688.4
2024/7/20 9:15,7658.4
2024/7/20 9:30,7628.4
2024/7/20 9:45,7736.4
2024/7/20 10:00,7686
2024/7/20 10:15,7774.8
2024/7/20 10:30,7782
2024/7/20 10:45,7800
2024/7/20 11:00,7695.6
2024/7/20 11:15,7801.2
2024/7/20 11:30,7791.6
2024/7/20 11:45,7862.4
2024/7/20 12:00,7816.8
2024/7/20 12:15,7876.8
2024/7/20 12:30,7876.8
2024/7/20 12:45,7923.6
2024/7/20 13:00,7892.4
2024/7/20 13:15,7732.8
2024/7/20 13:30,7909.2
2024/7/20 13:45,7882.8
2024/7/20 14:00,7893.6
2024/7/20 14:15,7969.2
2024/7/20 14:30,7935.6
2024/7/20 14:45,7659.6
2024/7/20 15:00,7735.2
2024/7/20 15:15,7789.2
2024/7/20 15:30,7752
2024/7/20 15:45,7795.2
2024/7/20 16:00,7772.4
2024/7/20 16:15,7752
2024/7/20 16:30,7911.6
2024/7/20 16:45,7869.6
2024/7/20 17:00,8020.8
2024/7/20 17:15,8136
2024/7/20 17:30,7977.6
2024/7/20 17:45,8361.6
2024/7/20 18:00,8013.6
2024/7/20 18:15,7930.8
2024/7/20 18:30,7909.2
2024/7/20 18:45,8043.6
2024/7/20 19:00,8037.6
2024/7/20 19:15,7858.8
2024/7/20 19:30,7958.4
2024/7/20 19:45,7965.6
2024/7/20 20:00,7956
2024/7/20 20:15,7899.6
2024/7/20 20:30,7952.4
2024/7/20 20:45,7948.8
2024/7/20 21:00,8008.8
2024/7/20 21:15,7900.8
2024/7/20 21:30,7932
2024/7/20 21:45,7930.8
2024/7/20 22:00,7837.2
2024/7/20 22:15,7851.6
2024/7/20 22:30,7705.2
2024/7/20 22:45,7849.2
2024/7/20 23:00,7752
2024/7/20 23:15,7723.2
2024/7/20 23:30,7692
2024/7/20 23:45,7742.4
2024/7/21 0:00,7695.6
2024/7/21 0:15,7815.6
2024/7/21 0:30,7864.8
2024/7/21 0:45,7856.4
2024/7/21 1:00,7875.6
2024/7/21 1:15,7879.2
2024/7/21 1:30,7765.2
2024/7/21 1:45,7834.8
2024/7/21 2:00,7701.6
2024/7/21 2:15,7773.6
2024/7/21 2:30,7722
2024/7/21 2:45,7452
2024/7/21 3:00,7540.8
2024/7/21 3:15,7563.6
2024/7/21 3:30,7516.8
2024/7/21 3:45,7497.6
2024/7/21 4:00,7522.8
2024/7/21 4:15,7555.2
2024/7/21 4:30,7480.8
2024/7/21 4:45,7522.8
2024/7/21 5:00,7609.2
2024/7/21 5:15,7562.4
2024/7/21 5:30,7428
2024/7/21 5:45,7528.8
2024/7/21 6:00,7519.2
2024/7/21 6:15,7579.2
2024/7/21 6:30,7486.8
2024/7/21 6:45,7557.6
2024/7/21 7:00,7531.2
2024/7/21 7:15,7672.8
2024/7/21 7:30,7569.6
2024/7/21 7:45,7514.4
2024/7/21 8:00,7587.6
2024/7/21 8:15,7426.8
2024/7/21 8:30,7414.8
2024/7/21 8:45,7646.4
2024/7/21 9:00,7814.4
2024/7/21 9:15,7794
2024/7/21 9:30,7676.4
2024/7/21 9:45,7750.8
2024/7/21 10:00,7843.2
2024/7/21 10:15,7830
2024/7/21 10:30,7724.4
2024/7/21 10:45,7820.4
2024/7/21 11:00,7680
2024/7/21 11:15,7917.6
2024/7/21 11:30,7898.4
2024/7/21 11:45,7720.8
2024/7/21 12:00,7888.8
2024/7/21 12:15,7826.4
2024/7/21 12:30,7441.2
2024/7/21 12:45,7513.2
2024/7/21 13:00,7550.4
2024/7/21 13:15,7813.2
2024/7/21 13:30,7806
2024/7/21 13:45,7693.2
2024/7/21 14:00,7825.2
2024/7/21 14:15,7825.2
2024/7/21 14:30,7641.6
2024/7/21 14:45,7568.4
2024/7/21 15:00,7606.8
2024/7/21 15:15,7596
2024/7/21 15:30,7794
2024/7/21 15:45,7834.8
2024/7/21 16:00,7896
2024/7/21 16:15,7812
2024/7/21 16:30,7892.4
2024/7/21 16:45,7933.2
2024/7/21 17:00,7890
2024/7/21 17:15,7944
2024/7/21 17:30,7750.8
2024/7/21 17:45,7696.8
2024/7/21 18:00,7616.4
2024/7/21 18:15,7734
2024/7/21 18:30,7768.8
2024/7/21 18:45,7803.6
2024/7/21 19:00,7796.4
2024/7/21 19:15,7764
2024/7/21 19:30,7708.8
2024/7/21 19:45,7807.2
2024/7/21 20:00,7772.4
2024/7/21 20:15,7839.6
2024/7/21 20:30,7819.2
2024/7/21 20:45,7845.6
2024/7/21 21:00,7924.8
2024/7/21 21:15,7910.4
2024/7/21 21:30,7896
2024/7/21 21:45,7932
2024/7/21 22:00,7884
2024/7/21 22:15,7854
2024/7/21 22:30,7935.6
2024/7/21 22:45,7873.2
2024/7/21 23:00,7812
2024/7/21 23:15,7821.6
2024/7/21 23:30,7717.2
2024/7/21 23:45,7675.2
2024/7/22 0:00,7833.6
2024/7/22 0:15,7738.8
2024/7/22 0:30,7701.6
2024/7/22 0:45,7724.4
2024/7/22 1:00,7602
2024/7/22 1:15,7683.6
2024/7/22 1:30,7712.4
2024/7/22 1:45,7686
2024/7/22 2:00,7701.6
2024/7/22 2:15,7731.6
2024/7/22 2:30,7660.8
2024/7/22 2:45,7608
2024/7/22 3:00,7695.6
2024/7/22 3:15,7688.4
2024/7/22 3:30,7752
2024/7/22 3:45,7718.4
2024/7/22 4:00,7731.6
2024/7/22 4:15,7754.4
2024/7/22 4:30,7726.8
2024/7/22 4:45,7746
2024/7/22 5:00,7644
2024/7/22 5:15,7682.4
2024/7/22 5:30,7688.4
2024/7/22 5:45,7696.8
2024/7/22 6:00,7738.8
2024/7/22 6:15,7723.2
2024/7/22 6:30,7663.2
2024/7/22 6:45,7628.4
2024/7/22 7:00,7634.4
2024/7/22 7:15,7699.2
2024/7/22 7:30,7686
2024/7/22 7:45,7692
2024/7/22 8:00,7448.4
2024/7/22 8:15,7671.6
2024/7/22 8:30,7772.4
2024/7/22 8:45,7531.2
2024/7/22 9:00,7821.6
2024/7/22 9:15,7670.4
2024/7/22 9:30,7753.2
2024/7/22 9:45,7813.2
2024/7/22 10:00,7792.8
2024/7/22 10:15,7764
2024/7/22 10:30,7839.6
2024/7/22 10:45,7821.6
2024/7/22 11:00,7830
2024/7/22 11:15,7790.4
2024/7/22 11:30,7866
2024/7/22 11:45,7644
2024/7/22 12:00,7935.6
2024/7/22 12:15,7921.2
2024/7/22 12:30,7905.6
2024/7/22 12:45,7864.8
2024/7/22 13:00,7917.6
2024/7/22 13:15,7904.4
2024/7/22 13:30,7941.6
2024/7/22 13:45,7885.2
2024/7/22 14:00,7887.6
2024/7/22 14:15,7821.6
2024/7/22 14:30,7912.8
2024/7/22 14:45,7898.4
2024/7/22 15:00,7887.6
2024/7/22 15:15,7916.4
2024/7/22 15:30,7872
2024/7/22 15:45,7950
2024/7/22 16:00,7772.4
2024/7/22 16:15,7951.2
2024/7/22 16:30,7902
2024/7/22 16:45,7884
2024/7/22 17:00,7809.6
2024/7/22 17:15,7846.8
2024/7/22 17:30,7840.8
2024/7/22 17:45,7914
2024/7/22 18:00,7891.2
2024/7/22 18:15,7905.6
2024/7/22 18:30,7785.6
2024/7/22 18:45,7844.4
2024/7/22 19:00,7780.8
2024/7/22 19:15,7905.6
2024/7/22 19:30,7899.6
2024/7/22 19:45,7815.6
2024/7/22 20:00,7820.4
2024/7/22 20:15,7819.2
2024/7/22 20:30,7846.8
2024/7/22 20:45,7860
2024/7/22 21:00,7815.6
2024/7/22 21:15,7920
2024/7/22 21:30,7723.2
2024/7/22 21:45,7893.6
2024/7/22 22:00,7827.6
2024/7/22 22:15,7873.2
2024/7/22 22:30,7888.8
2024/7/22 22:45,7759.2
2024/7/22 23:00,7820.4
2024/7/22 23:15,7774.8
2024/7/22 23:30,7683.6
2024/7/22 23:45,7744.8
2024/7/23 0:00,7683.6
2024/7/23 0:15,7696.8
2024/7/23 0:30,7608
2024/7/23 0:45,7544.4
2024/7/23 1:00,7522.8
2024/7/23 1:15,7465.2
2024/7/23 1:30,7270.8
2024/7/23 1:45,7539.6
2024/7/23 2:00,7562.4
2024/7/23 2:15,7555.2
2024/7/23 2:30,7623.6
2024/7/23 2:45,7699.2
2024/7/23 3:00,7748.4
2024/7/23 3:15,7675.2
2024/7/23 3:30,7692
2024/7/23 3:45,7654.8
2024/7/23 4:00,7644
2024/7/23 4:15,7585.2
2024/7/23 4:30,7718.4
2024/7/23 4:45,7582.8
2024/7/23 5:00,7578
2024/7/23 5:15,7621.2
2024/7/23 5:30,7678.8
2024/7/23 5:45,7570.8
2024/7/23 6:00,7600.8
2024/7/23 6:15,7642.8
2024/7/23 6:30,7586.4
2024/7/23 6:45,7594.8
2024/7/23 7:00,7562.4
2024/7/23 7:15,7573.2
2024/7/23 7:30,7538.4
2024/7/23 7:45,7640.4
2024/7/23 8:00,7635.6
2024/7/23 8:15,7611.6
2024/7/23 8:30,7704
2024/7/23 8:45,7717.2
2024/7/23 9:00,7768.8
2024/7/23 9:15,7758
2024/7/23 9:30,7723.2
2024/7/23 9:45,7610.4
2024/7/23 10:00,7777.2
2024/7/23 10:15,7618.8
2024/7/23 10:30,7734
2024/7/23 10:45,7682.4
2024/7/23 11:00,7735.2
2024/7/23 11:15,7617.6
2024/7/23 11:30,7746
2024/7/23 11:45,7758
2024/7/23 12:00,7617.6
2024/7/23 12:15,7626
2024/7/23 12:30,7540.8
2024/7/23 12:45,7562.4
2024/7/23 13:00,7634.4
2024/7/23 13:15,7570.8
2024/7/23 13:30,7690.8
2024/7/23 13:45,7650
2024/7/23 14:00,7639.2
2024/7/23 14:15,7682.4
2024/7/23 14:30,7779.6
2024/7/23 14:45,7729.2
2024/7/23 15:00,7894.8
2024/7/23 15:15,7741.2
2024/7/23 15:30,7780.8
2024/7/23 15:45,7717.2
2024/7/23 16:00,7531.2
2024/7/23 16:15,7717.2
2024/7/23 16:30,7701.6
2024/7/23 16:45,7831.2
2024/7/23 17:00,7614
2024/7/23 17:15,7824
2024/7/23 17:30,7718.4
2024/7/23 17:45,7906.8
2024/7/23 18:00,7839.6
2024/7/23 18:15,7833.6
2024/7/23 18:30,7884
2024/7/23 18:45,7881.6
2024/7/23 19:00,7914
2024/7/23 19:15,7928.4
2024/7/23 19:30,7983.6
2024/7/23 19:45,7982.4
2024/7/23 20:00,7928.4
2024/7/23 20:15,7966.8
2024/7/23 20:30,7945.2
2024/7/23 20:45,7828.8
2024/7/23 21:00,7862.4
2024/7/23 21:15,7832.4
2024/7/23 21:30,7765.2
2024/7/23 21:45,7812
2024/7/23 22:00,7820.4
2024/7/23 22:15,7798.8
2024/7/23 22:30,7772.4
2024/7/23 22:45,7736.4
2024/7/23 23:00,7726.8
2024/7/23 23:15,7729.2
2024/7/23 23:30,7842
2024/7/23 23:45,7716
2024/7/24 0:00,7789.2
2024/7/24 0:15,7822.8
2024/7/24 0:30,7777.2
2024/7/24 0:45,7609.2
2024/7/24 1:00,7604.4
2024/7/24 1:15,7875.6
2024/7/24 1:30,7696.8
2024/7/24 1:45,7766.4
2024/7/24 2:00,7759.2
2024/7/24 2:15,7617.6
2024/7/24 2:30,7701.6
2024/7/24 2:45,7688.4
2024/7/24 3:00,7696.8
2024/7/24 3:15,7790.4
2024/7/24 3:30,7792.8
2024/7/24 3:45,7732.8
2024/7/24 4:00,7762.8
2024/7/24 4:15,7720.8
2024/7/24 4:30,7762.8
2024/7/24 4:45,7766.4
2024/7/24 5:00,7771.2
2024/7/24 5:15,7729.2
2024/7/24 5:30,7777.2
2024/7/24 5:45,7726.8
2024/7/24 6:00,7645.2
2024/7/24 6:15,7610.4
2024/7/24 6:30,7675.2
2024/7/24 6:45,7638
2024/7/24 7:00,7676.4
2024/7/24 7:15,7749.6
2024/7/24 7:30,7722
2024/7/24 7:45,7614
2024/7/24 8:00,7728
2024/7/24 8:15,7724.4
2024/7/24 8:30,7808.4
2024/7/24 8:45,7879.2
2024/7/24 9:00,7765.2
2024/7/24 9:15,7896
2024/7/24 9:30,7965.6
2024/7/24 9:45,8113.2
2024/7/24 10:00,8145.6
2024/7/24 10:15,7863.6
2024/7/24 10:30,8154
2024/7/24 10:45,8104.8
2024/7/24 11:00,8149.2
2024/7/24 11:15,8077.2
2024/7/24 11:30,7914
2024/7/24 11:45,8016
2024/7/24 12:00,8013.6
2024/7/24 12:15,7910.4
2024/7/24 12:30,8074.8
2024/7/24 12:45,8097.6
2024/7/24 13:00,8156.4
2024/7/24 13:15,8227.2
2024/7/24 13:30,8204.4
2024/7/24 13:45,8097.6
2024/7/24 14:00,8049.6
2024/7/24 14:15,8128.8
2024/7/24 14:30,8026.8
2024/7/24 14:45,8076
2024/7/24 15:00,8128.8
2024/7/24 15:15,8112
2024/7/24 15:30,8120.4
2024/7/24 15:45,7999.2
2024/7/24 16:00,8035.2
2024/7/24 16:15,7915.2
2024/7/24 16:30,7849.2
2024/7/24 16:45,7869.6
2024/7/24 17:00,7710
2024/7/24 17:15,7674
2024/7/24 17:30,7663.2
2024/7/24 17:45,7574.4
2024/7/24 18:00,7659.6
2024/7/24 18:15,7690.8
2024/7/24 18:30,7618.8
2024/7/24 18:45,7658.4
2024/7/24 19:00,7639.2
2024/7/24 19:15,7560
2024/7/24 19:30,7504.8
2024/7/24 19:45,7656
2024/7/24 20:00,7630.8
2024/7/24 20:15,7768.8
2024/7/24 20:30,7506
2024/7/24 20:45,7630.8
2024/7/24 21:00,7544.4
2024/7/24 21:15,7629.6
2024/7/24 21:30,7594.8
2024/7/24 21:45,7549.2
2024/7/24 22:00,7569.6
2024/7/24 22:15,7586.4
2024/7/24 22:30,7515.6
2024/7/24 22:45,7425.6
2024/7/24 23:00,7546.8
2024/7/24 23:15,7507.2
2024/7/24 23:30,7504.8
2024/7/24 23:45,7568.4
2024/7/25 0:00,7575.6
2024/7/25 0:15,7554
2024/7/25 0:30,7514.4
2024/7/25 0:45,7540.8
2024/7/25 1:00,7417.2
2024/7/25 1:15,7448.4
2024/7/25 1:30,7470
2024/7/25 1:45,7413.6
2024/7/25 2:00,7335.6
2024/7/25 2:15,7484.4
2024/7/25 2:30,7351.2
2024/7/25 2:45,7504.8
2024/7/25 3:00,7422
2024/7/25 3:15,7498.8
2024/7/25 3:30,7453.2
2024/7/25 3:45,7488
2024/7/25 4:00,7528.8
2024/7/25 4:15,7423.2
2024/7/25 4:30,7536
2024/7/25 4:45,7473.6
2024/7/25 5:00,7531.2
2024/7/25 5:15,7321.2
2024/7/25 5:30,7444.8
2024/7/25 5:45,7443.6
2024/7/25 6:00,7396.8
2024/7/25 6:15,7414.8
2024/7/25 6:30,7410
2024/7/25 6:45,7448.4
2024/7/25 7:00,7468.8
2024/7/25 7:15,7503.6
2024/7/25 7:30,7482
2024/7/25 7:45,7522.8
2024/7/25 8:00,7443.6
2024/7/25 8:15,7498.8
2024/7/25 8:30,7599.6
2024/7/25 8:45,7759.2
2024/7/25 9:00,7809.6
2024/7/25 9:15,7728
2024/7/25 9:30,7797.6
2024/7/25 9:45,7706.4
2024/7/25 10:00,7714.8
2024/7/25 10:15,7743.6
2024/7/25 10:30,7692
2024/7/25 10:45,7784.4
2024/7/25 11:00,7869.6
2024/7/25 11:15,7806
2024/7/25 11:30,7713.6
2024/7/25 11:45,7825.2
2024/7/25 12:00,7861.2
2024/7/25 12:15,7915.2
2024/7/25 12:30,7894.8
2024/7/25 12:45,7897.2
2024/7/25 13:00,7862.4
2024/7/25 13:15,7790.4
2024/7/25 13:30,7720.8
2024/7/25 13:45,7910.4
2024/7/25 14:00,8036.4
2024/7/25 14:15,8053.2
2024/7/25 14:30,8076
2024/7/25 14:45,8146.8
2024/7/25 15:00,7927.2
2024/7/25 15:15,8046
2024/7/25 15:30,8005.2
2024/7/25 15:45,7953.6
2024/7/25 16:00,7785.6
2024/7/25 16:15,7858.8
2024/7/25 16:30,8046
2024/7/25 16:45,8148
2024/7/25 17:00,8095.2
2024/7/25 17:15,8053.2
2024/7/25 17:30,8053.2
2024/7/25 17:45,8034
2024/7/25 18:00,7891.2
2024/7/25 18:15,7951.2
2024/7/25 18:30,7752
2024/7/25 18:45,7845.6
2024/7/25 19:00,7696.8
2024/7/25 19:15,7718.4
2024/7/25 19:30,7680
2024/7/25 19:45,7658.4
2024/7/25 20:00,7719.6
2024/7/25 20:15,7578
2024/7/25 20:30,7746
2024/7/25 20:45,7677.6
2024/7/25 21:00,7752
2024/7/25 21:15,7714.8
2024/7/25 21:30,7761.6
2024/7/25 21:45,7695.6
2024/7/25 22:00,7796.4
2024/7/25 22:15,7707.6
2024/7/25 22:30,7668
2024/7/25 22:45,7650
2024/7/25 23:00,7740
2024/7/25 23:15,7701.6
2024/7/25 23:30,7671.6
2024/7/25 23:45,7803.6
2024/7/26 0:00,7672.8
2024/7/26 0:15,7591.2
2024/7/26 0:30,7634.4
2024/7/26 0:45,7610.4
2024/7/26 1:00,7592.4
2024/7/26 1:15,7621.2
2024/7/26 1:30,7596
2024/7/26 1:45,7581.6
2024/7/26 2:00,7544.4
2024/7/26 2:15,7542
2024/7/26 2:30,7552.8
2024/7/26 2:45,7554
2024/7/26 3:00,7551.6
2024/7/26 3:15,7604.4
2024/7/26 3:30,7611.6
2024/7/26 3:45,7580.4
2024/7/26 4:00,7612.8
2024/7/26 4:15,7540.8
2024/7/26 4:30,7537.2
2024/7/26 4:45,7506
2024/7/26 5:00,7527.6
2024/7/26 5:15,7477.2
2024/7/26 5:30,7484.4
2024/7/26 5:45,7436.4
2024/7/26 6:00,7360.8
2024/7/26 6:15,7429.2
2024/7/26 6:30,7526.4
2024/7/26 6:45,7516.8
2024/7/26 7:00,7506
2024/7/26 7:15,7482
2024/7/26 7:30,7621.2
2024/7/26 7:45,7575.6
2024/7/26 8:00,7548
2024/7/26 8:15,7663.2
2024/7/26 8:30,7612.8
2024/7/26 8:45,7735.2
2024/7/26 9:00,7704
2024/7/26 9:15,7760.4
2024/7/26 9:30,7531.2
2024/7/26 9:45,8025.6
2024/7/26 10:00,7934.4
2024/7/26 10:15,7801.2
2024/7/26 10:30,7827.6
2024/7/26 10:45,7700.4
2024/7/26 11:00,7873.2
2024/7/26 11:15,7896
2024/7/26 11:30,7788
2024/7/26 11:45,7796.4
2024/7/26 12:00,7852.8
2024/7/26 12:15,7869.6
2024/7/26 12:30,7867.2
2024/7/26 12:45,7669.2
2024/7/26 13:00,7684.8
2024/7/26 13:15,7786.8
2024/7/26 13:30,7826.4
2024/7/26 13:45,7821.6
2024/7/26 14:00,7852.8
2024/7/26 14:15,7904.4
2024/7/26 14:30,7867.2
2024/7/26 14:45,7944
2024/7/26 15:00,7935.6
2024/7/26 15:15,7930.8
2024/7/26 15:30,7794
2024/7/26 15:45,7764
2024/7/26 16:00,7783.2
2024/7/26 16:15,7939.2
2024/7/26 16:30,7884
2024/7/26 16:45,7844.4
2024/7/26 17:00,7812
2024/7/26 17:15,8018.4
2024/7/26 17:30,7936.8
2024/7/26 17:45,7827.6
2024/7/26 18:00,7766.4
2024/7/26 18:15,7833.6
2024/7/26 18:30,7800
2024/7/26 18:45,7797.6
2024/7/26 19:00,7791.6
2024/7/26 19:15,7700.4
2024/7/26 19:30,7783.2
2024/7/26 19:45,8282.4
2024/7/26 20:00,8043.6
2024/7/26 20:15,7908
2024/7/26 20:30,7922.4
2024/7/26 20:45,7939.2
2024/7/26 21:00,7990.8
2024/7/26 21:15,7818
2024/7/26 21:30,7987.2
2024/7/26 21:45,7995.6
2024/7/26 22:00,7995.6
2024/7/26 22:15,7921.2
2024/7/26 22:30,7754.4
2024/7/26 22:45,7873.2
2024/7/26 23:00,7876.8
2024/7/26 23:15,7830
2024/7/26 23:30,7723.2
2024/7/26 23:45,7671.6
2024/7/27 0:00,7704
2024/7/27 0:15,7734
2024/7/27 0:30,7700.4
2024/7/27 0:45,7701.6
2024/7/27 1:00,7676.4
2024/7/27 1:15,7722
2024/7/27 1:30,7680
2024/7/27 1:45,7729.2
2024/7/27 2:00,7664.4
2024/7/27 2:15,7632
2024/7/27 2:30,7551.6
2024/7/27 2:45,7747.2
2024/7/27 3:00,7682.4
2024/7/27 3:15,7768.8
2024/7/27 3:30,7752
2024/7/27 3:45,7760.4
2024/7/27 4:00,7742.4
2024/7/27 4:15,7658.4
2024/7/27 4:30,7747.2
2024/7/27 4:45,7746
2024/7/27 5:00,7628.4
2024/7/27 5:15,7729.2
2024/7/27 5:30,7587.6
2024/7/27 5:45,7662
2024/7/27 6:00,7628.4
2024/7/27 6:15,7617.6
2024/7/27 6:30,7698
2024/7/27 6:45,7591.2
2024/7/27 7:00,7658.4
2024/7/27 7:15,7674
2024/7/27 7:30,7722
2024/7/27 7:45,7671.6
2024/7/27 8:00,7767.6
2024/7/27 8:15,7678.8
2024/7/27 8:30,7652.4
2024/7/27 8:45,7778.4
2024/7/27 9:00,7734
2024/7/27 9:15,7772.4
2024/7/27 9:30,7717.2
2024/7/27 9:45,7836
2024/7/27 10:00,7863.6
2024/7/27 10:15,7802.4
2024/7/27 10:30,7861.2
2024/7/27 10:45,7914
2024/7/27 11:00,7963.2
2024/7/27 11:15,7898.4
2024/7/27 11:30,7935.6
2024/7/27 11:45,7875.6
2024/7/27 12:00,7872
2024/7/27 12:15,7807.2
2024/7/27 12:30,7819.2
2024/7/27 12:45,7832.4
2024/7/27 13:00,7822.8
2024/7/27 13:15,7644
2024/7/27 13:30,7807.2
2024/7/27 13:45,7778.4
2024/7/27 14:00,7807.2
2024/7/27 14:15,7788
2024/7/27 14:30,7858.8
2024/7/27 14:45,7868.4
2024/7/27 15:00,7735.2
2024/7/27 15:15,7759.2
2024/7/27 15:30,7816.8
2024/7/27 15:45,8031.6
2024/7/27 16:00,7886.4
2024/7/27 16:15,7760.4
2024/7/27 16:30,7964.4
2024/7/27 16:45,8127.6
2024/7/27 17:00,7998
2024/7/27 17:15,7812
2024/7/27 17:30,7719.6
2024/7/27 17:45,7754.4
2024/7/27 18:00,7846.8
2024/7/27 18:15,7904.4
2024/7/27 18:30,7894.8
2024/7/27 18:45,7891.2
2024/7/27 19:00,7934.4
2024/7/27 19:15,7994.4
2024/7/27 19:30,7945.2
2024/7/27 19:45,7790.4
2024/7/27 20:00,8005.2
2024/7/27 20:15,8121.6
2024/7/27 20:30,8052
2024/7/27 20:45,7935.6
2024/7/27 21:00,8004
2024/7/27 21:15,7914
2024/7/27 21:30,8072.4
2024/7/27 21:45,7939.2
2024/7/27 22:00,7992
2024/7/27 22:15,8030.4
2024/7/27 22:30,7880.4
2024/7/27 22:45,8042.4
2024/7/27 23:00,7995.6
2024/7/27 23:15,8054.4
2024/7/27 23:30,7958.4
2024/7/27 23:45,7923.6
2024/7/28 0:00,7945.2
2024/7/28 0:15,7890
2024/7/28 0:30,7906.8
2024/7/28 0:45,7892.4
2024/7/28 1:00,7899.6
2024/7/28 1:15,7912.8
2024/7/28 1:30,7804.8
2024/7/28 1:45,7882.8
2024/7/28 2:00,7921.2
2024/7/28 2:15,7856.4
2024/7/28 2:30,7994.4
2024/7/28 2:45,7902
2024/7/28 3:00,7702.8
2024/7/28 3:15,7802.4
2024/7/28 3:30,7779.6
2024/7/28 3:45,7814.4
2024/7/28 4:00,7870.8
2024/7/28 4:15,7846.8
2024/7/28 4:30,7821.6
2024/7/28 4:45,7810.8
2024/7/28 5:00,7869.6
2024/7/28 5:15,7777.2
2024/7/28 5:30,7813.2
2024/7/28 5:45,7736.4
2024/7/28 6:00,7789.2
2024/7/28 6:15,7784.4
2024/7/28 6:30,7761.6
2024/7/28 6:45,7803.6
2024/7/28 7:00,7746
2024/7/28 7:15,7770
2024/7/28 7:30,7888.8
2024/7/28 7:45,7702.8
2024/7/28 8:00,7766.4
2024/7/28 8:15,7844.4
2024/7/28 8:30,7819.2
2024/7/28 8:45,7688.4
2024/7/28 9:00,7851.6
2024/7/28 9:15,7736.4
2024/7/28 9:30,7911.6
2024/7/28 9:45,7928.4
2024/7/28 10:00,7924.8
2024/7/28 10:15,7856.4
2024/7/28 10:30,7970.4
2024/7/28 10:45,7954.8
2024/7/28 11:00,8037.6
2024/7/28 11:15,7987.2
2024/7/28 11:30,8126.4
2024/7/28 11:45,8262
2024/7/28 12:00,8049.6
2024/7/28 12:15,7934.4
2024/7/28 12:30,8004
2024/7/28 12:45,7990.8
2024/7/28 13:00,7917.6
2024/7/28 13:15,7996.8
2024/7/28 13:30,7933.2
2024/7/28 13:45,7981.2
2024/7/28 14:00,7906.8
2024/7/28 14:15,7941.6
2024/7/28 14:30,8061.6
2024/7/28 14:45,8038.8
2024/7/28 15:00,8059.2
2024/7/28 15:15,7978.8
2024/7/28 15:30,8059.2
2024/7/28 15:45,8152.8
2024/7/28 16:00,8076
2024/7/28 16:15,8100
2024/7/28 16:30,8017.2
2024/7/28 16:45,7858.8
2024/7/28 17:00,7912.8
2024/7/28 17:15,8025.6
2024/7/28 17:30,7953.6
2024/7/28 17:45,7948.8
2024/7/28 18:00,7957.2
2024/7/28 18:15,7903.2
2024/7/28 18:30,7882.8
2024/7/28 18:45,7863.6
2024/7/28 19:00,7826.4
2024/7/28 19:15,7808.4
2024/7/28 19:30,7828.8
2024/7/28 19:45,7790.4
2024/7/28 20:00,7776
2024/7/28 20:15,7826.4
2024/7/28 20:30,7819.2
2024/7/28 20:45,7923.6
2024/7/28 21:00,7768.8
2024/7/28 21:15,7879.2
2024/7/28 21:30,7917.6
2024/7/28 21:45,7842
2024/7/28 22:00,7856.4
2024/7/28 22:15,7863.6
2024/7/28 22:30,7891.2
2024/7/28 22:45,7872
2024/7/28 23:00,7867.2
2024/7/28 23:15,7872
2024/7/28 23:30,7791.6
2024/7/28 23:45,7789.2
2024/7/29 0:00,7834.8
2024/7/29 0:15,7809.6
2024/7/29 0:30,7795.2
2024/7/29 0:45,7927.2
2024/7/29 1:00,7856.4
2024/7/29 1:15,7759.2
2024/7/29 1:30,7914
2024/7/29 1:45,8008.8
2024/7/29 2:00,7936.8
2024/7/29 2:15,7980
2024/7/29 2:30,7867.2
2024/7/29 2:45,7992
2024/7/29 3:00,7894.8
2024/7/29 3:15,7966.8
2024/7/29 3:30,7995.6
2024/7/29 3:45,7984.8
2024/7/29 4:00,7945.2
2024/7/29 4:15,7950
2024/7/29 4:30,7946.4
2024/7/29 4:45,7909.2
2024/7/29 5:00,7844.4
2024/7/29 5:15,7830
2024/7/29 5:30,7773.6
2024/7/29 5:45,7736.4
2024/7/29 6:00,7818
2024/7/29 6:15,7876.8
2024/7/29 6:30,7803.6
2024/7/29 6:45,7857.6
2024/7/29 7:00,7833.6
2024/7/29 7:15,7764
2024/7/29 7:30,7687.2
2024/7/29 7:45,7705.2
2024/7/29 8:00,7656
2024/7/29 8:15,7645.2
2024/7/29 8:30,7620
2024/7/29 8:45,7658.4
2024/7/29 9:00,7677.6
2024/7/29 9:15,7833.6
2024/7/29 9:30,7794
2024/7/29 9:45,7803.6
2024/7/29 10:00,7788
2024/7/29 10:15,7843.2
2024/7/29 10:30,7874.4
2024/7/29 10:45,7814.4
2024/7/29 11:00,7774.8
2024/7/29 11:15,7898.4
2024/7/29 11:30,7848
2024/7/29 11:45,7800
2024/7/29 12:00,7845.6
2024/7/29 12:15,7910.4
2024/7/29 12:30,7850.4
2024/7/29 12:45,7795.2
2024/7/29 13:00,7842
2024/7/29 13:15,7857.6
2024/7/29 13:30,7705.2
2024/7/29 13:45,7842
2024/7/29 14:00,7914
2024/7/29 14:15,7964.4
2024/7/29 14:30,7890
2024/7/29 14:45,8002.8
2024/7/29 15:00,7965.6
2024/7/29 15:15,7858.8
2024/7/29 15:30,7792.8
2024/7/29 15:45,7812
2024/7/29 16:00,7855.2
2024/7/29 16:15,7869.6
2024/7/29 16:30,7738.8
2024/7/29 16:45,7950
2024/7/29 17:00,7856.4
2024/7/29 17:15,7774.8
2024/7/29 17:30,7784.4
2024/7/29 17:45,7768.8
2024/7/29 18:00,7788
2024/7/29 18:15,7806
2024/7/29 18:30,7708.8
2024/7/29 18:45,7818
2024/7/29 19:00,7806
2024/7/29 19:15,7768.8
2024/7/29 19:30,7771.2
2024/7/29 19:45,7790.4
2024/7/29 20:00,7698
2024/7/29 20:15,7747.2
2024/7/29 20:30,7743.6
2024/7/29 20:45,7741.2
2024/7/29 21:00,7851.6
2024/7/29 21:15,7782
2024/7/29 21:30,7849.2
2024/7/29 21:45,7815.6
2024/7/29 22:00,7741.2
2024/7/29 22:15,7802.4
2024/7/29 22:30,7760.4
2024/7/29 22:45,7766.4
2024/7/29 23:00,7707.6
2024/7/29 23:15,7729.2
2024/7/29 23:30,7693.2
2024/7/29 23:45,7746
2024/7/30 0:00,7731.6
2024/7/30 0:15,7634.4
2024/7/30 0:30,7676.4
2024/7/30 0:45,7671.6
2024/7/30 1:00,7681.2
2024/7/30 1:15,7717.2
2024/7/30 1:30,7648.8
2024/7/30 1:45,7593.6
2024/7/30 2:00,7776
2024/7/30 2:15,7759.2
2024/7/30 2:30,7564.8
2024/7/30 2:45,7740
2024/7/30 3:00,7754.4
2024/7/30 3:15,7683.6
2024/7/30 3:30,7678.8
2024/7/30 3:45,7705.2
2024/7/30 4:00,7641.6
2024/7/30 4:15,7695.6
2024/7/30 4:30,7644
2024/7/30 4:45,7713.6
2024/7/30 5:00,7615.2
2024/7/30 5:15,7552.8
2024/7/30 5:30,7602
2024/7/30 5:45,7531.2
2024/7/30 6:00,7464
2024/7/30 6:15,7586.4
2024/7/30 6:30,7591.2
2024/7/30 6:45,7569.6
2024/7/30 7:00,7560
2024/7/30 7:15,7570.8
2024/7/30 7:30,7574.4
2024/7/30 7:45,7605.6
2024/7/30 8:00,7470
2024/7/30 8:15,7732.8
2024/7/30 8:30,7704
2024/7/30 8:45,7761.6
2024/7/30 9:00,7827.6
2024/7/30 9:15,7720.8
2024/7/30 9:30,7718.4
2024/7/30 9:45,7766.4
2024/7/30 10:00,7976.4
2024/7/30 10:15,7987.2
2024/7/30 10:30,7916.4
2024/7/30 10:45,7989.6
2024/7/30 11:00,8023.2
2024/7/30 11:15,7876.8
2024/7/30 11:30,7945.2
2024/7/30 11:45,7764
2024/7/30 12:00,7915.2
2024/7/30 12:15,7951.2
2024/7/30 12:30,7942.8
2024/7/30 12:45,7879.2
2024/7/30 13:00,7874.4
2024/7/30 13:15,7876.8
2024/7/30 13:30,7876.8
2024/7/30 13:45,7953.6
2024/7/30 14:00,7882.8
2024/7/30 14:15,7948.8
2024/7/30 14:30,7953.6
2024/7/30 14:45,7954.8
2024/7/30 15:00,8018.4
2024/7/30 15:15,8122.8
2024/7/30 15:30,8028
2024/7/30 15:45,7878
2024/7/30 16:00,7905.6
2024/7/30 16:15,7840.8
2024/7/30 16:30,7839.6
2024/7/30 16:45,7876.8
2024/7/30 17:00,7852.8
2024/7/30 17:15,7897.2
2024/7/30 17:30,7885.2
2024/7/30 17:45,7725.6
2024/7/30 18:00,7822.8
2024/7/30 18:15,7788
2024/7/30 18:30,7762.8
2024/7/30 18:45,7856.4
2024/7/30 19:00,7773.6
2024/7/30 19:15,7831.2
2024/7/30 19:30,7874.4
2024/7/30 19:45,7765.2
2024/7/30 20:00,7755.6
2024/7/30 20:15,7833.6
2024/7/30 20:30,7839.6
2024/7/30 20:45,7810.8
2024/7/30 21:00,7630.8
2024/7/30 21:15,7939.2
2024/7/30 21:30,7848
2024/7/30 21:45,7852.8
2024/7/30 22:00,7902
2024/7/30 22:15,7875.6
2024/7/30 22:30,7951.2
2024/7/30 22:45,7798.8
2024/7/30 23:00,7860
2024/7/30 23:15,7849.2
2024/7/30 23:30,7938
2024/7/30 23:45,7831.2
2024/7/31 0:00,7729.2
2024/7/31 0:15,7761.6
2024/7/31 0:30,7756.8
2024/7/31 0:45,7780.8
2024/7/31 1:00,7855.2
2024/7/31 1:15,7696.8
2024/7/31 1:30,7740
2024/7/31 1:45,7718.4
2024/7/31 2:00,7782
2024/7/31 2:15,7596
2024/7/31 2:30,7686
2024/7/31 2:45,7726.8
2024/7/31 3:00,7578
2024/7/31 3:15,7742.4
2024/7/31 3:30,7668
2024/7/31 3:45,7719.6
2024/7/31 4:00,7729.2
2024/7/31 4:15,7724.4
2024/7/31 4:30,7747.2
2024/7/31 4:45,7747.2
2024/7/31 5:00,7675.2
2024/7/31 5:15,7706.4
2024/7/31 5:30,7626
2024/7/31 5:45,7657.2
2024/7/31 6:00,7566
2024/7/31 6:15,7587.6
2024/7/31 6:30,7688.4
2024/7/31 6:45,7651.2
2024/7/31 7:00,7609.2
2024/7/31 7:15,7627.2
2024/7/31 7:30,7564.8
2024/7/31 7:45,7684.8
2024/7/31 8:00,7714.8
2024/7/31 8:15,7711.2
2024/7/31 8:30,7843.2
2024/7/31 8:45,7824
2024/7/31 9:00,7797.6
2024/7/31 9:15,7528.8
2024/7/31 9:30,7652.4
2024/7/31 9:45,7794
2024/7/31 10:00,7862.4
2024/7/31 10:15,7834.8
2024/7/31 10:30,7863.6
2024/7/31 10:45,7924.8
2024/7/31 11:00,7959.6
2024/7/31 11:15,7864.8
2024/7/31 11:30,7941.6
2024/7/31 11:45,7845.6
2024/7/31 12:00,7756.8
2024/7/31 12:15,7742.4
2024/7/31 12:30,7842
2024/7/31 12:45,7836
2024/7/31 13:00,7873.2
2024/7/31 13:15,7868.4
2024/7/31 13:30,7867.2
2024/7/31 13:45,7866
2024/7/31 14:00,7926
2024/7/31 14:15,7852.8
2024/7/31 14:30,7970.4
2024/7/31 14:45,7778.4
2024/7/31 15:00,8020.8
2024/7/31 15:15,8056.8
2024/7/31 15:30,8097.6
2024/7/31 15:45,8086.8
2024/7/31 16:00,7939.2
2024/7/31 16:15,7963.2
2024/7/31 16:30,8016
2024/7/31 16:45,7900.8
2024/7/31 17:00,7978.8
2024/7/31 17:15,7928.4
2024/7/31 17:30,7917.6
2024/7/31 17:45,7893.6
2024/7/31 18:00,7872
2024/7/31 18:15,7930.8
2024/7/31 18:30,7922.4
2024/7/31 18:45,7880.4
2024/7/31 19:00,7802.4
2024/7/31 19:15,7855.2
2024/7/31 19:30,7778.4
2024/7/31 19:45,7834.8
2024/7/31 20:00,7653.6
2024/7/31 20:15,7659.6
2024/7/31 20:30,7806
2024/7/31 20:45,7791.6
2024/7/31 21:00,7772.4
2024/7/31 21:15,7754.4
2024/7/31 21:30,7861.2
2024/7/31 21:45,7861.2
2024/7/31 22:00,7728
2024/7/31 22:15,7848
2024/7/31 22:30,7759.2
2024/7/31 22:45,7869.6
2024/7/31 23:00,7778.4
2024/7/31 23:15,7719.6
2024/7/31 23:30,7724.4
2024/7/31 23:45,7648.8
2024/8/1 0:00,7735.2
2024/8/1 0:15,7758
2024/8/1 0:30,7741.2
2024/8/1 0:45,7726.8
2024/8/1 1:00,7732.8
2024/8/1 1:15,7748.4
2024/8/1 1:30,7645.2
2024/8/1 1:45,7687.2
2024/8/1 2:00,7650
2024/8/1 2:15,7588.8
2024/8/1 2:30,7676.4
2024/8/1 2:45,7545.6
2024/8/1 3:00,7574.4
2024/8/1 3:15,7681.2
2024/8/1 3:30,7681.2
2024/8/1 3:45,7704
2024/8/1 4:00,7762.8
2024/8/1 4:15,7705.2
2024/8/1 4:30,7701.6
2024/8/1 4:45,7650
2024/8/1 5:00,7591.2
2024/8/1 5:15,7502.4
2024/8/1 5:30,7578
2024/8/1 5:45,7642.8
2024/8/1 6:00,7609.2
2024/8/1 6:15,7629.6
2024/8/1 6:30,7692
2024/8/1 6:45,7714.8
2024/8/1 7:00,7663.2
2024/8/1 7:15,7620
2024/8/1 7:30,7656
2024/8/1 7:45,7646.4
2024/8/1 8:00,7696.8
2024/8/1 8:15,7618.8
2024/8/1 8:30,7802.4
2024/8/1 8:45,7749.6
2024/8/1 9:00,7585.2
2024/8/1 9:15,7914
2024/8/1 9:30,7864.8
2024/8/1 9:45,7852.8
2024/8/1 10:00,7785.6
2024/8/1 10:15,7868.4
2024/8/1 10:30,7912.8
2024/8/1 10:45,7924.8
2024/8/1 11:00,7755.6
2024/8/1 11:15,7950
2024/8/1 11:30,7909.2
2024/8/1 11:45,7984.8
2024/8/1 12:00,7911.6
2024/8/1 12:15,7992
2024/8/1 12:30,7909.2
2024/8/1 12:45,7886.4
2024/8/1 13:00,7989.6
2024/8/1 13:15,7903.2
2024/8/1 13:30,7963.2
2024/8/1 13:45,7900.8
2024/8/1 14:00,7726.8
2024/8/1 14:15,7906.8
2024/8/1 14:30,7803.6
2024/8/1 14:45,7899.6
2024/8/1 15:00,7936.8
2024/8/1 15:15,7881.6
2024/8/1 15:30,7754.4
2024/8/1 15:45,7736.4
2024/8/1 16:00,7736.4
2024/8/1 16:15,7824
2024/8/1 16:30,7896
2024/8/1 16:45,7870.8
2024/8/1 17:00,7813.2
2024/8/1 17:15,7676.4
2024/8/1 17:30,8079.6
2024/8/1 17:45,7912.8
2024/8/1 18:00,7797.6
2024/8/1 18:15,7628.4
2024/8/1 18:30,7719.6
2024/8/1 18:45,7692
2024/8/1 19:00,7771.2
2024/8/1 19:15,7740
2024/8/1 19:30,7776
2024/8/1 19:45,7713.6
2024/8/1 20:00,7825.2
2024/8/1 20:15,7731.6
2024/8/1 20:30,7668
2024/8/1 20:45,7746
2024/8/1 21:00,7797.6
2024/8/1 21:15,7644
2024/8/1 21:30,7648.8
2024/8/1 21:45,7675.2
2024/8/1 22:00,7590
2024/8/1 22:15,7604.4
2024/8/1 22:30,7722
2024/8/1 22:45,7592.4
2024/8/1 23:00,7658.4
2024/8/1 23:15,7807.2
2024/8/1 23:30,7608
2024/8/1 23:45,7671.6
2024/8/2 0:00,7719.6
2024/8/2 0:15,7629.6
2024/8/2 0:30,7652.4
2024/8/2 0:45,7526.4
2024/8/2 1:00,7681.2
2024/8/2 1:15,7653.6
2024/8/2 1:30,7566
2024/8/2 1:45,7533.6
2024/8/2 2:00,7558.8
2024/8/2 2:15,7650
2024/8/2 2:30,7618.8
2024/8/2 2:45,7538.4
2024/8/2 3:00,7552.8
2024/8/2 3:15,7498.8
2024/8/2 3:30,7617.6
2024/8/2 3:45,7552.8
2024/8/2 4:00,7592.4
2024/8/2 4:15,7639.2
2024/8/2 4:30,7622.4
2024/8/2 4:45,7590
2024/8/2 5:00,7609.2
2024/8/2 5:15,7624.8
2024/8/2 5:30,7584
2024/8/2 5:45,7507.2
2024/8/2 6:00,7548
2024/8/2 6:15,7441.2
2024/8/2 6:30,7592.4
2024/8/2 6:45,7545.6
2024/8/2 7:00,7616.4
2024/8/2 7:15,7546.8
2024/8/2 7:30,7630.8
2024/8/2 7:45,7639.2
2024/8/2 8:00,7593.6
2024/8/2 8:15,7650
2024/8/2 8:30,7695.6
2024/8/2 8:45,7545.6
2024/8/2 9:00,7538.4
2024/8/2 9:15,7708.8
2024/8/2 9:30,7666.8
2024/8/2 9:45,7774.8
2024/8/2 10:00,7759.2
2024/8/2 10:15,7760.4
2024/8/2 10:30,7762.8
2024/8/2 10:45,7974
2024/8/2 11:00,7789.2
2024/8/2 11:15,7932
2024/8/2 11:30,7923.6
2024/8/2 11:45,7846.8
2024/8/2 12:00,7774.8
2024/8/2 12:15,7683.6
2024/8/2 12:30,7760.4
2024/8/2 12:45,7791.6
2024/8/2 13:00,7659.6
2024/8/2 13:15,7783.2
2024/8/2 13:30,7816.8
2024/8/2 13:45,7824
2024/8/2 14:00,7754.4
2024/8/2 14:15,7760.4
2024/8/2 14:30,7720.8
2024/8/2 14:45,7843.2
2024/8/2 15:00,7772.4
2024/8/2 15:15,7893.6
2024/8/2 15:30,7807.2
2024/8/2 15:45,7922.4
2024/8/2 16:00,7648.8
2024/8/2 16:15,7707.6
2024/8/2 16:30,7794
2024/8/2 16:45,7832.4
2024/8/2 17:00,7677.6
2024/8/2 17:15,7879.2
2024/8/2 17:30,7795.2
2024/8/2 17:45,7753.2
2024/8/2 18:00,7791.6
2024/8/2 18:15,7770
2024/8/2 18:30,7796.4
2024/8/2 18:45,7710
2024/8/2 19:00,7543.2
2024/8/2 19:15,7628.4
2024/8/2 19:30,7698
2024/8/2 19:45,7802.4
2024/8/2 20:00,7742.4
2024/8/2 20:15,7710
2024/8/2 20:30,7761.6
2024/8/2 20:45,7792.8
2024/8/2 21:00,7551.6
2024/8/2 21:15,7765.2
2024/8/2 21:30,7882.8
2024/8/2 21:45,7742.4
2024/8/2 22:00,7714.8
2024/8/2 22:15,7707.6
2024/8/2 22:30,7742.4
2024/8/2 22:45,7772.4
2024/8/2 23:00,7641.6
2024/8/2 23:15,7728
2024/8/2 23:30,7690.8
2024/8/2 23:45,7612.8
2024/8/3 0:00,7681.2
2024/8/3 0:15,7704
2024/8/3 0:30,7550.4
2024/8/3 0:45,7646.4
2024/8/3 1:00,7417.2
2024/8/3 1:15,7690.8
2024/8/3 1:30,7615.2
2024/8/3 1:45,7514.4
2024/8/3 2:00,7640.4
2024/8/3 2:15,7585.2
2024/8/3 2:30,7471.2
2024/8/3 2:45,7570.8
2024/8/3 3:00,7470
2024/8/3 3:15,7448.4
2024/8/3 3:30,7418.4
2024/8/3 3:45,7566
2024/8/3 4:00,7467.6
2024/8/3 4:15,7485.6
2024/8/3 4:30,7455.6
2024/8/3 4:45,7484.4
2024/8/3 5:00,7377.6
2024/8/3 5:15,7509.6
2024/8/3 5:30,7486.8
2024/8/3 5:45,7462.8
2024/8/3 6:00,7473.6
2024/8/3 6:15,7472.4
2024/8/3 6:30,7514.4
2024/8/3 6:45,7492.8
2024/8/3 7:00,7348.8
2024/8/3 7:15,7384.8
2024/8/3 7:30,7494
2024/8/3 7:45,7396.8
2024/8/3 8:00,7526.4
2024/8/3 8:15,7478.4
2024/8/3 8:30,7569.6
2024/8/3 8:45,7371.6
2024/8/3 9:00,7882.8
2024/8/3 9:15,7756.8
2024/8/3 9:30,7704
2024/8/3 9:45,7771.2
2024/8/3 10:00,7695.6
2024/8/3 10:15,7742.4
2024/8/3 10:30,7756.8
2024/8/3 10:45,7645.2
2024/8/3 11:00,7821.6
2024/8/3 11:15,7621.2
2024/8/3 11:30,7716
2024/8/3 11:45,7855.2
2024/8/3 12:00,7832.4
2024/8/3 12:15,7658.4
2024/8/3 12:30,7698
2024/8/3 12:45,7764
2024/8/3 13:00,7749.6
2024/8/3 13:15,7782
2024/8/3 13:30,7963.2
2024/8/3 13:45,7816.8
2024/8/3 14:00,7808.4
2024/8/3 14:15,7687.2
2024/8/3 14:30,7854
2024/8/3 14:45,7837.2
2024/8/3 15:00,7912.8
2024/8/3 15:15,7830
2024/8/3 15:30,7909.2
2024/8/3 15:45,7874.4
2024/8/3 16:00,7878
2024/8/3 16:15,7716
2024/8/3 16:30,7875.6
2024/8/3 16:45,7624.8
2024/8/3 17:00,7492.8
2024/8/3 17:15,7467.6
2024/8/3 17:30,7484.4
2024/8/3 17:45,7465.2
2024/8/3 18:00,7627.2
2024/8/3 18:15,7534.8
2024/8/3 18:30,7642.8
2024/8/3 18:45,7575.6
2024/8/3 19:00,7504.8
2024/8/3 19:15,7617.6
2024/8/3 19:30,7570.8
2024/8/3 19:45,7699.2
2024/8/3 20:00,7713.6
2024/8/3 20:15,7714.8
2024/8/3 20:30,7719.6
2024/8/3 20:45,7680
2024/8/3 21:00,7636.8
2024/8/3 21:15,7737.6
2024/8/3 21:30,7792.8
2024/8/3 21:45,7770
2024/8/3 22:00,7813.2
2024/8/3 22:15,7737.6
2024/8/3 22:30,7674
2024/8/3 22:45,7856.4
2024/8/3 23:00,7810.8
2024/8/3 23:15,7796.4
2024/8/3 23:30,7776
2024/8/3 23:45,7686
2024/8/4 0:00,7682.4
2024/8/4 0:15,7759.2
2024/8/4 0:30,7674
2024/8/4 0:45,7378.8
2024/8/4 1:00,7107.6
2024/8/4 1:15,7387.2
2024/8/4 1:30,7518
2024/8/4 1:45,7390.8
2024/8/4 2:00,7471.2
2024/8/4 2:15,7482
2024/8/4 2:30,7512
2024/8/4 2:45,7435.2
2024/8/4 3:00,7363.2
2024/8/4 3:15,7384.8
2024/8/4 3:30,7390.8
2024/8/4 3:45,7406.4
2024/8/4 4:00,7309.2
2024/8/4 4:15,7392
2024/8/4 4:30,7315.2
2024/8/4 4:45,7288.8
2024/8/4 5:00,7351.2
2024/8/4 5:15,7236
2024/8/4 5:30,7304.4
2024/8/4 5:45,7362
2024/8/4 6:00,7273.2
2024/8/4 6:15,7324.8
2024/8/4 6:30,7232.4
2024/8/4 6:45,7342.8
2024/8/4 7:00,7266
2024/8/4 7:15,7363.2
2024/8/4 7:30,7344
2024/8/4 7:45,7263.6
2024/8/4 8:00,7288.8
2024/8/4 8:15,7330.8
2024/8/4 8:30,7410
2024/8/4 8:45,7389.6
2024/8/4 9:00,7339.2
2024/8/4 9:15,7476
2024/8/4 9:30,7459.2
2024/8/4 9:45,7573.2
2024/8/4 10:00,7622.4
2024/8/4 10:15,7621.2
2024/8/4 10:30,7578
2024/8/4 10:45,7688.4
2024/8/4 11:00,7746
2024/8/4 11:15,7648.8
2024/8/4 11:30,7658.4
2024/8/4 11:45,7687.2
2024/8/4 12:00,7710
2024/8/4 12:15,7888.8
2024/8/4 12:30,7910.4
2024/8/4 12:45,7914
2024/8/4 13:00,7848
2024/8/4 13:15,7866
2024/8/4 13:30,7870.8
2024/8/4 13:45,7898.4
2024/8/4 14:00,7832.4
2024/8/4 14:15,7762.8
2024/8/4 14:30,7830
2024/8/4 14:45,7984.8
2024/8/4 15:00,7930.8
2024/8/4 15:15,7890
2024/8/4 15:30,7959.6
2024/8/4 15:45,7896
2024/8/4 16:00,7982.4
2024/8/4 16:15,8041.2
2024/8/4 16:30,7950
2024/8/4 16:45,7934.4
2024/8/4 17:00,7866
2024/8/4 17:15,7735.2
2024/8/4 17:30,7906.8
2024/8/4 17:45,7959.6
2024/8/4 18:00,7962
2024/8/4 18:15,7980
2024/8/4 18:30,7980
2024/8/4 18:45,7932
2024/8/4 19:00,7944
2024/8/4 19:15,7963.2
2024/8/4 19:30,7899.6
2024/8/4 19:45,7893.6
2024/8/4 20:00,7876.8
2024/8/4 20:15,7885.2
2024/8/4 20:30,7862.4
2024/8/4 20:45,7840.8
2024/8/4 21:00,7885.2
2024/8/4 21:15,7776
2024/8/4 21:30,7832.4
2024/8/4 21:45,7834.8
2024/8/4 22:00,7837.2
2024/8/4 22:15,7879.2
2024/8/4 22:30,7717.2
2024/8/4 22:45,7855.2
2024/8/4 23:00,7893.6
2024/8/4 23:15,7868.4
2024/8/4 23:30,7774.8
2024/8/4 23:45,7822.8
2024/8/5 0:00,7836
2024/8/5 0:15,7810.8
2024/8/5 0:30,7790.4
2024/8/5 0:45,7813.2
2024/8/5 1:00,7748.4
2024/8/5 1:15,7801.2
2024/8/5 1:30,7830
2024/8/5 1:45,7732.8
2024/8/5 2:00,7858.8
2024/8/5 2:15,7773.6
2024/8/5 2:30,7846.8
2024/8/5 2:45,7834.8
2024/8/5 3:00,7816.8
2024/8/5 3:15,7741.2
2024/8/5 3:30,7760.4
2024/8/5 3:45,7857.6
2024/8/5 4:00,7749.6
2024/8/5 4:15,7834.8
2024/8/5 4:30,7881.6
2024/8/5 4:45,7752
2024/8/5 5:00,7700.4
2024/8/5 5:15,7759.2
2024/8/5 5:30,7803.6
2024/8/5 5:45,7735.2
2024/8/5 6:00,7730.4
2024/8/5 6:15,7719.6
2024/8/5 6:30,7563.6
2024/8/5 6:45,7700.4
2024/8/5 7:00,7646.4
2024/8/5 7:15,7689.6
2024/8/5 7:30,7726.8
2024/8/5 7:45,7542
2024/8/5 8:00,7796.4
2024/8/5 8:15,7717.2
2024/8/5 8:30,7796.4
2024/8/5 8:45,7728
2024/8/5 9:00,7828.8
2024/8/5 9:15,7644
2024/8/5 9:30,7989.6
2024/8/5 9:45,7857.6
2024/8/5 10:00,7892.4
2024/8/5 10:15,7944
2024/8/5 10:30,7826.4
2024/8/5 10:45,7869.6
2024/8/5 11:00,7783.2
2024/8/5 11:15,7839.6
2024/8/5 11:30,7597.2
2024/8/5 11:45,7764
2024/8/5 12:00,7808.4
2024/8/5 12:15,7770
2024/8/5 12:30,7761.6
2024/8/5 12:45,7642.8
2024/8/5 13:00,7786.8
2024/8/5 13:15,7855.2
2024/8/5 13:30,7916.4
2024/8/5 13:45,7828.8
2024/8/5 14:00,7867.2
2024/8/5 14:15,7852.8
2024/8/5 14:30,7915.2
2024/8/5 14:45,7933.2
2024/8/5 15:00,7939.2
2024/8/5 15:15,7964.4
2024/8/5 15:30,7983.6
2024/8/5 15:45,7975.2
2024/8/5 16:00,7926
2024/8/5 16:15,7905.6
2024/8/5 16:30,7894.8
2024/8/5 16:45,7963.2
2024/8/5 17:00,7932
2024/8/5 17:15,7902
2024/8/5 17:30,7867.2
2024/8/5 17:45,7930.8
2024/8/5 18:00,7945.2
2024/8/5 18:15,7747.2
2024/8/5 18:30,7850.4
2024/8/5 18:45,7824
2024/8/5 19:00,7870.8
2024/8/5 19:15,7784.4
2024/8/5 19:30,7819.2
2024/8/5 19:45,7765.2
2024/8/5 20:00,7839.6
2024/8/5 20:15,7804.8
2024/8/5 20:30,7774.8
2024/8/5 20:45,7916.4
2024/8/5 21:00,7917.6
2024/8/5 21:15,7744.8
2024/8/5 21:30,7800
2024/8/5 21:45,7819.2
2024/8/5 22:00,7826.4
2024/8/5 22:15,7834.8
2024/8/5 22:30,7852.8
2024/8/5 22:45,7852.8
2024/8/5 23:00,7844.4
2024/8/5 23:15,7882.8
2024/8/5 23:30,7783.2
2024/8/5 23:45,7804.8
2024/8/6 0:00,7765.2
2024/8/6 0:15,7692
2024/8/6 0:30,7693.2
2024/8/6 0:45,7700.4
2024/8/6 1:00,7671.6
2024/8/6 1:15,7699.2
2024/8/6 1:30,7617.6
2024/8/6 1:45,7666.8
2024/8/6 2:00,7640.4
2024/8/6 2:15,7646.4
2024/8/6 2:30,7634.4
2024/8/6 2:45,7623.6
2024/8/6 3:00,7618.8
2024/8/6 3:15,7640.4
2024/8/6 3:30,7630.8
2024/8/6 3:45,7692
2024/8/6 4:00,7651.2
2024/8/6 4:15,7633.2
2024/8/6 4:30,7608
2024/8/6 4:45,7658.4
2024/8/6 5:00,7488
2024/8/6 5:15,7606.8
2024/8/6 5:30,7574.4
2024/8/6 5:45,7557.6
2024/8/6 6:00,7516.8
2024/8/6 6:15,7554
2024/8/6 6:30,7552.8
2024/8/6 6:45,7561.2
2024/8/6 7:00,7585.2
2024/8/6 7:15,7598.4
2024/8/6 7:30,7587.6
2024/8/6 7:45,7614
2024/8/6 8:00,7627.2
2024/8/6 8:15,7710
2024/8/6 8:30,7777.2
2024/8/6 8:45,7808.4
2024/8/6 9:00,7758
2024/8/6 9:15,7756.8
2024/8/6 9:30,7676.4
2024/8/6 9:45,7538.4
2024/8/6 10:00,7640.4
2024/8/6 10:15,7570.8
2024/8/6 10:30,7624.8
2024/8/6 10:45,7773.6
2024/8/6 11:00,7767.6
2024/8/6 11:15,7629.6
2024/8/6 11:30,7699.2
2024/8/6 11:45,7798.8
2024/8/6 12:00,7855.2
2024/8/6 12:15,7822.8
2024/8/6 12:30,7795.2
2024/8/6 12:45,7776
2024/8/6 13:00,7774.8
2024/8/6 13:15,7657.2
2024/8/6 13:30,7623.6
2024/8/6 13:45,7717.2
2024/8/6 14:00,7501.2
2024/8/6 14:15,7671.6
2024/8/6 14:30,7713.6
2024/8/6 14:45,7735.2
2024/8/6 15:00,7507.2
2024/8/6 15:15,7687.2
2024/8/6 15:30,7539.6
2024/8/6 15:45,7538.4
2024/8/6 16:00,7885.2
2024/8/6 16:15,7905.6
2024/8/6 16:30,7796.4
2024/8/6 16:45,7854
2024/8/6 17:00,7753.2
2024/8/6 17:15,7743.6
2024/8/6 17:30,7747.2
2024/8/6 17:45,7689.6
2024/8/6 18:00,7552.8
2024/8/6 18:15,7473.6
2024/8/6 18:30,7365.6
2024/8/6 18:45,7471.2
2024/8/6 19:00,7528.8
2024/8/6 19:15,7646.4
2024/8/6 19:30,7602
2024/8/6 19:45,7468.8
2024/8/6 20:00,7638
2024/8/6 20:15,7534.8
2024/8/6 20:30,7700.4
2024/8/6 20:45,7536
2024/8/6 21:00,7737.6
2024/8/6 21:15,7712.4
2024/8/6 21:30,7771.2
2024/8/6 21:45,7749.6
2024/8/6 22:00,7616.4
2024/8/6 22:15,7668
2024/8/6 22:30,7548
2024/8/6 22:45,7633.2
2024/8/6 23:00,7663.2
2024/8/6 23:15,7616.4
2024/8/6 23:30,7610.4
2024/8/6 23:45,7491.6
2024/8/7 0:00,7596
2024/8/7 0:15,7627.2
2024/8/7 0:30,7519.2
2024/8/7 0:45,7484.4
2024/8/7 1:00,7570.8
2024/8/7 1:15,7611.6
2024/8/7 1:30,7609.2
2024/8/7 1:45,7537.2
2024/8/7 2:00,7630.8
2024/8/7 2:15,7586.4
2024/8/7 2:30,7598.4
2024/8/7 2:45,7480.8
2024/8/7 3:00,7548
2024/8/7 3:15,7580.4
2024/8/7 3:30,7516.8
2024/8/7 3:45,7558.8
2024/8/7 4:00,6915.6
2024/8/7 4:15,6940.8
2024/8/7 4:30,6903.6
2024/8/7 4:45,6856.8
2024/8/7 5:00,6860.4
2024/8/7 5:15,6920.4
2024/8/7 5:30,6886.8
2024/8/7 5:45,6903.6
2024/8/7 6:00,6894
2024/8/7 6:15,6890.4
2024/8/7 6:30,6828
2024/8/7 6:45,6858
2024/8/7 7:00,6894
2024/8/7 7:15,6904.8
2024/8/7 7:30,7077.6
2024/8/7 7:45,7087.2
2024/8/7 8:00,7009.2
2024/8/7 8:15,7136.4
2024/8/7 8:30,7173.6
2024/8/7 8:45,7407.6
2024/8/7 9:00,7501.2
2024/8/7 9:15,7562.4
2024/8/7 9:30,7594.8
2024/8/7 9:45,7586.4
2024/8/7 10:00,7592.4
2024/8/7 10:15,7684.8
2024/8/7 10:30,7632
2024/8/7 10:45,7531.2
2024/8/7 11:00,7453.2
2024/8/7 11:15,7538.4
2024/8/7 11:30,7681.2
2024/8/7 11:45,7467.6
2024/8/7 12:00,7671.6
2024/8/7 12:15,7617.6
2024/8/7 12:30,7519.2
2024/8/7 12:45,7627.2
2024/8/7 13:00,7710
2024/8/7 13:15,7629.6
2024/8/7 13:30,7712.4
2024/8/7 13:45,7722
2024/8/7 14:00,7772.4
2024/8/7 14:15,7648.8
2024/8/7 14:30,7581.6
2024/8/7 14:45,7716
2024/8/7 15:00,7879.2
2024/8/7 15:15,7869.6
2024/8/7 15:30,7804.8
2024/8/7 15:45,7840.8
2024/8/7 16:00,7756.8
2024/8/7 16:15,7718.4
2024/8/7 16:30,7597.2
2024/8/7 16:45,7609.2
2024/8/7 17:00,7593.6
2024/8/7 17:15,7544.4
2024/8/7 17:30,7543.2
2024/8/7 17:45,7537.2
2024/8/7 18:00,7470
2024/8/7 18:15,7476
2024/8/7 18:30,7465.2
2024/8/7 18:45,7472.4
2024/8/7 19:00,7520.4
2024/8/7 19:15,7512
2024/8/7 19:30,7513.2
2024/8/7 19:45,7527.6
2024/8/7 20:00,7262.4
2024/8/7 20:15,7449.6
2024/8/7 20:30,7578
2024/8/7 20:45,7345.2
2024/8/7 21:00,7554
2024/8/7 21:15,7494
2024/8/7 21:30,7280.4
2024/8/7 21:45,7465.2
2024/8/7 22:00,7520.4
2024/8/7 22:15,7658.4
2024/8/7 22:30,7365.6
2024/8/7 22:45,7413.6
2024/8/7 23:00,7383.6
2024/8/7 23:15,7330.8
2024/8/7 23:30,7345.2
2024/8/7 23:45,7448.4
2024/8/8 0:00,7410
2024/8/8 0:15,7384.8
2024/8/8 0:30,7419.6
2024/8/8 0:45,7402.8
2024/8/8 1:00,7294.8
2024/8/8 1:15,7390.8
2024/8/8 1:30,7304.4
2024/8/8 1:45,7198.8
2024/8/8 2:00,7249.2
2024/8/8 2:15,7288.8
2024/8/8 2:30,7268.4
2024/8/8 2:45,7244.4
2024/8/8 3:00,7262.4
2024/8/8 3:15,7286.4
2024/8/8 3:30,7290
2024/8/8 3:45,7254
2024/8/8 4:00,7209.6
2024/8/8 4:15,7286.4
2024/8/8 4:30,7269.6
2024/8/8 4:45,7182
2024/8/8 5:00,7246.8
2024/8/8 5:15,7250.4
2024/8/8 5:30,7119.6
2024/8/8 5:45,7162.8
2024/8/8 6:00,7178.4
2024/8/8 6:15,7062
2024/8/8 6:30,7083.6
2024/8/8 6:45,7246.8
2024/8/8 7:00,7170
2024/8/8 7:15,7158
2024/8/8 7:30,7328.4
2024/8/8 7:45,7359.6
2024/8/8 8:00,7357.2
2024/8/8 8:15,7440
2024/8/8 8:30,7453.2
2024/8/8 8:45,7550.4
2024/8/8 9:00,7540.8
2024/8/8 9:15,7567.2
2024/8/8 9:30,7600.8
2024/8/8 9:45,7582.8
2024/8/8 10:00,7678.8
2024/8/8 10:15,7677.6
2024/8/8 10:30,7683.6
2024/8/8 10:45,7720.8
2024/8/8 11:00,7600.8
2024/8/8 11:15,7525.2
2024/8/8 11:30,7424.4
2024/8/8 11:45,7429.2
2024/8/8 12:00,7568.4
2024/8/8 12:15,7648.8
2024/8/8 12:30,7633.2
2024/8/8 12:45,7722
2024/8/8 13:00,7364.4
2024/8/8 13:15,7578
2024/8/8 13:30,7615.2
2024/8/8 13:45,7695.6
2024/8/8 14:00,7684.8
2024/8/8 14:15,7741.2
2024/8/8 14:30,7669.2
2024/8/8 14:45,7788
2024/8/8 15:00,7551.6
2024/8/8 15:15,7758
2024/8/8 15:30,7723.2
2024/8/8 15:45,7852.8
2024/8/8 16:00,7702.8
2024/8/8 16:15,7624.8
2024/8/8 16:30,7690.8
2024/8/8 16:45,7780.8
2024/8/8 17:00,7747.2
2024/8/8 17:15,7612.8
2024/8/8 17:30,7515.6
2024/8/8 17:45,7587.6
2024/8/8 18:00,7664.4
2024/8/8 18:15,7750.8
2024/8/8 18:30,7779.6
2024/8/8 18:45,7783.2
2024/8/8 19:00,7728
2024/8/8 19:15,7591.2
2024/8/8 19:30,7371.6
2024/8/8 19:45,7536
2024/8/8 20:00,7263.6
2024/8/8 20:15,7863.6
2024/8/8 20:30,7804.8
2024/8/8 20:45,7570.8
2024/8/8 21:00,7693.2
2024/8/8 21:15,7756.8
2024/8/8 21:30,7645.2
2024/8/8 21:45,7710
2024/8/8 22:00,7836
2024/8/8 22:15,7617.6
2024/8/8 22:30,7663.2
2024/8/8 22:45,7852.8
2024/8/8 23:00,7618.8
2024/8/8 23:15,7802.4
2024/8/8 23:30,7765.2
2024/8/8 23:45,7744.8
2024/8/9 0:00,7539.6
2024/8/9 0:15,7266
2024/8/9 0:30,7626
2024/8/9 0:45,7814.4
2024/8/9 1:00,7618.8
2024/8/9 1:15,7699.2
2024/8/9 1:30,7724.4
2024/8/9 1:45,7455.6
2024/8/9 2:00,7468.8
2024/8/9 2:15,7771.2
2024/8/9 2:30,7626
2024/8/9 2:45,7694.4
2024/8/9 3:00,7544.4
2024/8/9 3:15,7788
2024/8/9 3:30,7850.4
2024/8/9 3:45,7562.4
2024/8/9 4:00,7702.8
2024/8/9 4:15,7768.8
2024/8/9 4:30,7689.6
2024/8/9 4:45,7491.6
2024/8/9 5:00,7213.2
2024/8/9 5:15,7695.6
2024/8/9 5:30,7720.8
2024/8/9 5:45,7710
2024/8/9 6:00,7389.6
2024/8/9 6:15,7476
2024/8/9 6:30,7700.4
2024/8/9 6:45,7582.8
2024/8/9 7:00,7695.6
2024/8/9 7:15,7557.6
2024/8/9 7:30,7605.6
2024/8/9 7:45,7712.4
2024/8/9 8:00,7611.6
2024/8/9 8:15,7279.2
2024/8/9 8:30,7617.6
2024/8/9 8:45,7767.6
2024/8/9 9:00,7627.2
2024/8/9 9:15,7784.4
2024/8/9 9:30,7650
2024/8/9 9:45,7561.2
2024/8/9 10:00,7738.8
2024/8/9 10:15,7630.8
2024/8/9 10:30,7870.8
2024/8/9 10:45,7809.6
2024/8/9 11:00,7670.4
2024/8/9 11:15,7593.6
2024/8/9 11:30,7662
2024/8/9 11:45,7870.8
2024/8/9 12:00,7783.2
2024/8/9 12:15,7863.6
2024/8/9 12:30,7726.8
2024/8/9 12:45,7585.2
2024/8/9 13:00,7299.6
2024/8/9 13:15,7629.6
2024/8/9 13:30,7917.6
2024/8/9 13:45,7795.2
2024/8/9 14:00,7922.4
2024/8/9 14:15,7886.4
2024/8/9 14:30,7806
2024/8/9 14:45,7891.2
2024/8/9 15:00,7762.8
2024/8/9 15:15,7711.2
2024/8/9 15:30,7976.4
2024/8/9 15:45,7648.8
2024/8/9 16:00,8068.8
2024/8/9 16:15,7816.8
2024/8/9 16:30,8004
2024/8/9 16:45,7738.8
2024/8/9 17:00,7989.6
2024/8/9 17:15,7839.6
2024/8/9 17:30,7977.6
2024/8/9 17:45,7844.4
2024/8/9 18:00,7909.2
2024/8/9 18:15,7953.6
2024/8/9 18:30,7971.6
2024/8/9 18:45,7794
2024/8/9 19:00,7567.2
2024/8/9 19:15,7777.2
2024/8/9 19:30,7644
2024/8/9 19:45,7818
2024/8/9 20:00,7784.4
2024/8/9 20:15,7618.8
2024/8/9 20:30,7724.4
2024/8/9 20:45,7840.8
2024/8/9 21:00,7749.6
2024/8/9 21:15,7856.4
2024/8/9 21:30,7689.6
2024/8/9 21:45,7600.8
2024/8/9 22:00,7578
2024/8/9 22:15,7891.2
2024/8/9 22:30,7830
2024/8/9 22:45,7776
2024/8/9 23:00,7768.8
2024/8/9 23:15,7605.6
2024/8/9 23:30,7656
2024/8/9 23:45,7592.4
2024/8/10 0:00,7586.4
2024/8/10 0:15,7687.2
2024/8/10 0:30,7592.4
2024/8/10 0:45,7768.8
2024/8/10 1:00,7736.4
2024/8/10 1:15,7210.8
2024/8/10 1:30,7612.8
2024/8/10 1:45,7449.6
2024/8/10 2:00,7687.2
2024/8/10 2:15,7693.2
2024/8/10 2:30,7564.8
2024/8/10 2:45,7556.4
2024/8/10 3:00,7753.2
2024/8/10 3:15,7580.4
2024/8/10 3:30,7444.8
2024/8/10 3:45,7712.4
2024/8/10 4:00,7494
2024/8/10 4:15,7394.4
2024/8/10 4:30,7796.4
2024/8/10 4:45,7777.2
2024/8/10 5:00,7617.6
2024/8/10 5:15,7671.6
2024/8/10 5:30,7339.2
2024/8/10 5:45,7536
2024/8/10 6:00,7468.8
2024/8/10 6:15,7670.4
2024/8/10 6:30,7664.4
2024/8/10 6:45,7668
2024/8/10 7:00,7654.8
2024/8/10 7:15,7222.8
2024/8/10 7:30,7660.8
2024/8/10 7:45,7580.4
2024/8/10 8:00,7635.6
2024/8/10 8:15,7620
2024/8/10 8:30,7532.4
2024/8/10 8:45,7552.8
2024/8/10 9:00,7746
2024/8/10 9:15,7688.4
2024/8/10 9:30,7677.6
2024/8/10 9:45,7635.6
2024/8/10 10:00,7683.6
2024/8/10 10:15,7872
2024/8/10 10:30,7585.2
2024/8/10 10:45,7627.2
2024/8/10 11:00,7840.8
2024/8/10 11:15,7521.6
2024/8/10 11:30,7891.2
2024/8/10 11:45,7963.2
2024/8/10 12:00,7828.8
2024/8/10 12:15,7624.8
2024/8/10 12:30,7940.4
2024/8/10 12:45,7834.8
2024/8/10 13:00,7699.2
2024/8/10 13:15,7480.8
2024/8/10 13:30,7941.6
2024/8/10 13:45,7771.2
2024/8/10 14:00,7906.8
2024/8/10 14:15,7888.8
2024/8/10 14:30,7886.4
2024/8/10 14:45,7690.8
2024/8/10 15:00,7993.2
2024/8/10 15:15,8008.8
2024/8/10 15:30,8019.6
2024/8/10 15:45,7768.8
2024/8/10 16:00,8048.4
2024/8/10 16:15,7785.6
2024/8/10 16:30,7842
2024/8/10 16:45,7987.2
2024/8/10 17:00,8056.8
2024/8/10 17:15,7833.6
2024/8/10 17:30,7944
2024/8/10 17:45,7813.2
2024/8/10 18:00,7698
2024/8/10 18:15,7959.6
2024/8/10 18:30,7760.4
2024/8/10 18:45,7809.6
2024/8/10 19:00,7734
2024/8/10 19:15,7683.6
2024/8/10 19:30,7869.6
2024/8/10 19:45,7759.2
2024/8/10 20:00,7690.8
2024/8/10 20:15,7660.8
2024/8/10 20:30,7670.4
2024/8/10 20:45,7782
2024/8/10 21:00,7884
2024/8/10 21:15,7789.2
2024/8/10 21:30,7674
2024/8/10 21:45,7934.4
2024/8/10 22:00,7936.8
2024/8/10 22:15,7815.6
2024/8/10 22:30,7797.6
2024/8/10 22:45,7838.4
2024/8/10 23:00,7851.6
2024/8/10 23:15,7786.8
2024/8/10 23:30,7699.2
2024/8/10 23:45,7602
2024/8/11 0:00,7750.8
2024/8/11 0:15,7657.2
2024/8/11 0:30,7722
2024/8/11 0:45,7557.6
2024/8/11 1:00,7800
2024/8/11 1:15,7735.2
2024/8/11 1:30,7476
2024/8/11 1:45,7141.2
2024/8/11 2:00,7120.8
2024/8/11 2:15,7141.2
2024/8/11 2:30,7195.2
2024/8/11 2:45,7125.6
2024/8/11 3:00,7209.6
2024/8/11 3:15,7252.8
2024/8/11 3:30,7641.6
2024/8/11 3:45,7762.8
2024/8/11 4:00,7761.6
2024/8/11 4:15,7744.8
2024/8/11 4:30,7639.2
2024/8/11 4:45,7599.6
2024/8/11 5:00,7615.2
2024/8/11 5:15,7659.6
2024/8/11 5:30,7603.2
2024/8/11 5:45,7620
2024/8/11 6:00,7605.6
2024/8/11 6:15,7489.2
2024/8/11 6:30,7569.6
2024/8/11 6:45,7375.2
2024/8/11 7:00,7520.4
2024/8/11 7:15,7142.4
2024/8/11 7:30,7032
2024/8/11 7:45,7093.2
2024/8/11 8:00,7084.8
2024/8/11 8:15,7056
2024/8/11 8:30,7142.4
2024/8/11 8:45,7182
2024/8/11 9:00,7180.8
2024/8/11 9:15,7522.8
2024/8/11 9:30,7759.2
2024/8/11 9:45,7330.8
2024/8/11 10:00,7178.4
2024/8/11 10:15,7250.4
2024/8/11 10:30,7276.8
2024/8/11 10:45,7251.6
2024/8/11 11:00,7424.4
2024/8/11 11:15,7824
2024/8/11 11:30,7569.6
2024/8/11 11:45,7798.8
2024/8/11 12:00,7290
2024/8/11 12:15,7340.4
2024/8/11 12:30,7286.4
2024/8/11 12:45,7266
2024/8/11 13:00,7363.2
2024/8/11 13:15,7767.6
2024/8/11 13:30,7858.8
2024/8/11 13:45,7978.8
2024/8/11 14:00,7845.6
2024/8/11 14:15,7873.2
2024/8/11 14:30,7810.8
2024/8/11 14:45,7806
2024/8/11 15:00,7882.8
2024/8/11 15:15,7828.8
2024/8/11 15:30,7706.4
2024/8/11 15:45,7674
2024/8/11 16:00,7783.2
2024/8/11 16:15,7881.6
2024/8/11 16:30,7870.8
2024/8/11 16:45,7882.8
2024/8/11 17:00,7910.4
2024/8/11 17:15,7884
2024/8/11 17:30,7738.8
2024/8/11 17:45,7784.4
2024/8/11 18:00,7962
2024/8/11 18:15,7879.2
2024/8/11 18:30,7669.2
2024/8/11 18:45,7818
2024/8/11 19:00,7866
2024/8/11 19:15,7789.2
2024/8/11 19:30,7927.2
2024/8/11 19:45,7970.4
2024/8/11 20:00,7836
2024/8/11 20:15,7951.2
2024/8/11 20:30,7881.6
2024/8/11 20:45,7624.8
2024/8/11 21:00,7544.4
2024/8/11 21:15,7672.8
2024/8/11 21:30,7590
2024/8/11 21:45,7456.8
2024/8/11 22:00,7549.2
2024/8/11 22:15,7484.4
2024/8/11 22:30,7579.2
2024/8/11 22:45,7514.4
2024/8/11 23:00,7476
2024/8/11 23:15,7700.4
2024/8/11 23:30,7288.8
2024/8/11 23:45,7215.6
2024/8/12 0:00,7654.8
2024/8/12 0:15,7671.6
2024/8/12 0:30,7734
2024/8/12 0:45,7471.2
2024/8/12 1:00,7527.6
2024/8/12 1:15,7588.8
2024/8/12 1:30,7621.2
2024/8/12 1:45,7694.4
2024/8/12 2:00,7704
2024/8/12 2:15,7633.2
2024/8/12 2:30,7449.6
2024/8/12 2:45,6907.2
2024/8/12 3:00,6873.6
2024/8/12 3:15,6912
2024/8/12 3:30,6909.6
2024/8/12 3:45,6933.6
2024/8/12 4:00,6896.4
2024/8/12 4:15,6860.4
2024/8/12 4:30,6897.6
2024/8/12 4:45,6894
2024/8/12 5:00,6843.6
2024/8/12 5:15,6866.4
2024/8/12 5:30,6872.4
2024/8/12 5:45,6814.8
2024/8/12 6:00,6786
2024/8/12 6:15,6807.6
2024/8/12 6:30,6800.4
2024/8/12 6:45,6768
2024/8/12 7:00,6766.8
2024/8/12 7:15,6796.8
2024/8/12 7:30,6806.4
2024/8/12 7:45,6796.8
2024/8/12 8:00,6801.6
2024/8/12 8:15,6750
2024/8/12 8:30,6852
2024/8/12 8:45,6835.2
2024/8/12 9:00,6865.2
2024/8/12 9:15,6882
2024/8/12 9:30,6852
2024/8/12 9:45,6956.4
2024/8/12 10:00,7480.8
2024/8/12 10:15,7407.6
2024/8/12 10:30,7606.8
2024/8/12 10:45,7599.6
2024/8/12 11:00,7405.2
2024/8/12 11:15,7530
2024/8/12 11:30,7510.8
2024/8/12 11:45,7644
2024/8/12 12:00,7717.2
2024/8/12 12:15,7476
2024/8/12 12:30,7666.8
2024/8/12 12:45,7622.4
2024/8/12 13:00,7611.6
2024/8/12 13:15,7394.4
2024/8/12 13:30,7704
2024/8/12 13:45,7674
2024/8/12 14:00,7401.6
2024/8/12 14:15,7716
2024/8/12 14:30,7789.2
2024/8/12 14:45,7846.8
2024/8/12 15:00,7573.2
2024/8/12 15:15,7773.6
2024/8/12 15:30,7698
2024/8/12 15:45,7828.8
2024/8/12 16:00,7861.2
2024/8/12 16:15,7824
2024/8/12 16:30,7455.6
2024/8/12 16:45,7800
2024/8/12 17:00,7801.2
2024/8/12 17:15,7858.8
2024/8/12 17:30,7839.6
2024/8/12 17:45,7818
2024/8/12 18:00,7798.8
2024/8/12 18:15,7777.2
2024/8/12 18:30,7443.6
2024/8/12 18:45,7636.8
2024/8/12 19:00,7719.6
2024/8/12 19:15,7525.2
2024/8/12 19:30,7752
2024/8/12 19:45,7441.2
2024/8/12 20:00,7700.4
2024/8/12 20:15,7773.6
2024/8/12 20:30,7501.2
2024/8/12 20:45,7660.8
2024/8/12 21:00,7731.6
2024/8/12 21:15,7764
2024/8/12 21:30,7621.2
2024/8/12 21:45,7768.8
2024/8/12 22:00,7802.4
2024/8/12 22:15,7832.4
2024/8/12 22:30,7771.2
2024/8/12 22:45,7726.8
2024/8/12 23:00,7813.2
2024/8/12 23:15,7768.8
2024/8/12 23:30,7765.2
2024/8/12 23:45,7837.2
2024/8/13 0:00,7375.2
2024/8/13 0:15,7796.4
2024/8/13 0:30,7790.4
2024/8/13 0:45,7790.4
2024/8/13 1:00,7701.6
2024/8/13 1:15,7869.6
2024/8/13 1:30,7743.6
2024/8/13 1:45,7752
2024/8/13 2:00,7740
2024/8/13 2:15,7408.8
2024/8/13 2:30,7490.4
2024/8/13 2:45,7539.6
2024/8/13 3:00,7650
2024/8/13 3:15,7693.2
2024/8/13 3:30,7474.8
2024/8/13 3:45,7416
2024/8/13 4:00,7476
2024/8/13 4:15,7568.4
2024/8/13 4:30,7455.6
2024/8/13 4:45,7584
2024/8/13 5:00,7674
2024/8/13 5:15,7303.2
2024/8/13 5:30,7630.8
2024/8/13 5:45,7460.4
2024/8/13 6:00,7558.8
2024/8/13 6:15,7536
2024/8/13 6:30,7600.8
2024/8/13 6:45,7596
2024/8/13 7:00,7191.6
2024/8/13 7:15,7564.8
2024/8/13 7:30,7491.6
2024/8/13 7:45,7611.6
2024/8/13 8:00,7663.2
2024/8/13 8:15,7680
2024/8/13 8:30,7545.6
2024/8/13 8:45,7706.4
2024/8/13 9:00,7807.2
2024/8/13 9:15,7797.6
2024/8/13 9:30,7746
2024/8/13 9:45,7700.4
2024/8/13 10:00,7842
2024/8/13 10:15,7677.6
2024/8/13 10:30,7857.6
2024/8/13 10:45,7873.2
2024/8/13 11:00,7834.8
2024/8/13 11:15,8010
2024/8/13 11:30,7683.6
2024/8/13 11:45,7844.4
2024/8/13 12:00,7842
2024/8/13 12:15,7977.6
2024/8/13 12:30,7972.8
2024/8/13 12:45,7918.8
2024/8/13 13:00,7656
2024/8/13 13:15,7680
2024/8/13 13:30,7818
2024/8/13 13:45,8023.2
2024/8/13 14:00,7845.6
2024/8/13 14:15,7600.8
2024/8/13 14:30,8080.8
2024/8/13 14:45,7970.4
2024/8/13 15:00,8010
2024/8/13 15:15,7927.2
2024/8/13 15:30,7971.6
2024/8/13 15:45,7941.6
2024/8/13 16:00,7995.6
2024/8/13 16:15,7993.2
2024/8/13 16:30,7879.2
2024/8/13 16:45,8084.4
2024/8/13 17:00,7956
2024/8/13 17:15,7880.4
2024/8/13 17:30,7892.4
2024/8/13 17:45,7960.8
2024/8/13 18:00,7404
2024/8/13 18:15,7970.4
2024/8/13 18:30,7909.2
2024/8/13 18:45,7958.4
2024/8/13 19:00,7497.6
2024/8/13 19:15,7412.4
2024/8/13 19:30,7856.4
2024/8/13 19:45,7496.4
2024/8/13 20:00,8023.2
2024/8/13 20:15,7870.8
2024/8/13 20:30,8043.6
2024/8/13 20:45,8072.4
2024/8/13 21:00,7866
2024/8/13 21:15,7941.6
2024/8/13 21:30,8032.8
2024/8/13 21:45,7926
2024/8/13 22:00,7944
2024/8/13 22:15,7953.6
2024/8/13 22:30,7920
2024/8/13 22:45,7904.4
2024/8/13 23:00,7917.6
2024/8/13 23:15,7742.4
2024/8/13 23:30,7932
2024/8/13 23:45,7513.2
2024/8/14 0:00,7917.6
2024/8/14 0:15,7922.4
2024/8/14 0:30,7924.8
2024/8/14 0:45,7717.2
2024/8/14 1:00,7849.2
2024/8/14 1:15,7766.4
2024/8/14 1:30,7825.2
2024/8/14 1:45,7813.2
2024/8/14 2:00,7899.6
2024/8/14 2:15,7719.6
2024/8/14 2:30,7830
2024/8/14 2:45,7818
2024/8/14 3:00,7798.8
2024/8/14 3:15,7843.2
2024/8/14 3:30,7578
2024/8/14 3:45,7749.6
2024/8/14 4:00,7706.4
2024/8/14 4:15,7668
2024/8/14 4:30,7442.4
2024/8/14 4:45,7596
2024/8/14 5:00,7692
2024/8/14 5:15,7596
2024/8/14 5:30,7612.8
2024/8/14 5:45,7554
2024/8/14 6:00,7640.4
2024/8/14 6:15,7131.6
2024/8/14 6:30,7484.4
2024/8/14 6:45,7563.6
2024/8/14 7:00,7514.4
2024/8/14 7:15,7556.4
2024/8/14 7:30,7521.6
2024/8/14 7:45,7579.2
2024/8/14 8:00,7543.2
2024/8/14 8:15,7624.8
2024/8/14 8:30,7713.6
2024/8/14 8:45,7707.6
2024/8/14 9:00,7818
2024/8/14 9:15,7843.2
2024/8/14 9:30,7760.4
2024/8/14 9:45,7818
2024/8/14 10:00,7720.8
2024/8/14 10:15,7828.8
2024/8/14 10:30,7437.6
2024/8/14 10:45,7712.4
2024/8/14 11:00,7765.2
2024/8/14 11:15,7668
2024/8/14 11:30,7623.6
2024/8/14 11:45,7749.6
2024/8/14 12:00,7501.2
2024/8/14 12:15,7518
2024/8/14 12:30,7484.4
2024/8/14 12:45,7616.4
2024/8/14 13:00,7599.6
2024/8/14 13:15,7609.2
2024/8/14 13:30,7735.2
2024/8/14 13:45,7588.8
2024/8/14 14:00,7593.6
2024/8/14 14:15,7705.2
2024/8/14 14:30,7725.6
2024/8/14 14:45,7711.2
2024/8/14 15:00,7708.8
2024/8/14 15:15,7459.2
2024/8/14 15:30,7687.2
2024/8/14 15:45,7605.6
2024/8/14 16:00,7774.8
2024/8/14 16:15,7695.6
2024/8/14 16:30,7694.4
2024/8/14 16:45,7718.4
2024/8/14 17:00,7645.2
2024/8/14 17:15,7683.6
2024/8/14 17:30,7698
2024/8/14 17:45,7726.8
2024/8/14 18:00,7581.6
2024/8/14 18:15,7640.4
2024/8/14 18:30,7575.6
2024/8/14 18:45,7593.6
2024/8/14 19:00,7582.8
2024/8/14 19:15,7114.8
2024/8/14 19:30,7506
2024/8/14 19:45,7627.2
2024/8/14 20:00,7590
2024/8/14 20:15,7603.2
2024/8/14 20:30,7497.6
2024/8/14 20:45,7761.6
2024/8/14 21:00,7752
2024/8/14 21:15,7680
2024/8/14 21:30,7732.8
2024/8/14 21:45,7617.6
2024/8/14 22:00,7698
2024/8/14 22:15,7783.2
2024/8/14 22:30,7495.2
2024/8/14 22:45,7683.6
2024/8/14 23:00,7695.6
2024/8/14 23:15,7486.8
2024/8/14 23:30,7658.4
2024/8/14 23:45,7736.4
2024/8/15 0:00,7654.8
2024/8/15 0:15,7698
2024/8/15 0:30,7243.2
2024/8/15 0:45,7701.6
2024/8/15 1:00,7509.6
2024/8/15 1:15,7728
2024/8/15 1:30,7642.8
2024/8/15 1:45,7645.2
2024/8/15 2:00,7648.8
2024/8/15 2:15,7365.6
2024/8/15 2:30,7657.2
2024/8/15 2:45,7521.6
2024/8/15 3:00,7581.6
2024/8/15 3:15,7702.8
2024/8/15 3:30,7662
2024/8/15 3:45,7366.8
2024/8/15 4:00,7490.4
2024/8/15 4:15,7579.2
2024/8/15 4:30,7614
2024/8/15 4:45,7623.6
2024/8/15 5:00,7609.2
2024/8/15 5:15,7459.2
2024/8/15 5:30,7590
2024/8/15 5:45,7608
2024/8/15 6:00,7467.6
2024/8/15 6:15,7554
2024/8/15 6:30,7578
2024/8/15 6:45,7561.2
2024/8/15 7:00,7585.2
2024/8/15 7:15,7357.2
2024/8/15 7:30,7466.4
2024/8/15 7:45,7636.8
2024/8/15 8:00,7639.2
2024/8/15 8:15,7196.4
2024/8/15 8:30,7606.8
2024/8/15 8:45,7665.6
2024/8/15 9:00,7716
2024/8/15 9:15,7711.2
2024/8/15 9:30,7738.8
2024/8/15 9:45,7696.8
2024/8/15 10:00,7712.4
2024/8/15 10:15,7808.4
2024/8/15 10:30,7816.8
2024/8/15 10:45,7876.8
2024/8/15 11:00,7792.8
2024/8/15 11:15,7886.4
2024/8/15 11:30,7904.4
2024/8/15 11:45,7836
2024/8/15 12:00,7772.4
2024/8/15 12:15,7872
2024/8/15 12:30,7790.4
2024/8/15 12:45,7824
2024/8/15 13:00,7794
2024/8/15 13:15,7855.2
2024/8/15 13:30,7885.2
2024/8/15 13:45,7906.8
2024/8/15 14:00,7906.8
2024/8/15 14:15,7810.8
2024/8/15 14:30,7837.2
2024/8/15 14:45,7628.4
2024/8/15 15:00,7849.2
2024/8/15 15:15,7851.6
2024/8/15 15:30,7849.2
2024/8/15 15:45,7855.2
2024/8/15 16:00,7879.2
2024/8/15 16:15,7932
2024/8/15 16:30,8001.6
2024/8/15 16:45,7936.8
2024/8/15 17:00,7825.2
2024/8/15 17:15,7669.2
2024/8/15 17:30,7566
2024/8/15 17:45,7806
2024/8/15 18:00,7611.6
2024/8/15 18:15,7899.6
2024/8/15 18:30,7828.8
2024/8/15 18:45,7897.2
2024/8/15 19:00,7904.4
2024/8/15 19:15,7710
2024/8/15 19:30,7824
2024/8/15 19:45,7674
2024/8/15 20:00,7894.8
2024/8/15 20:15,7591.2
2024/8/15 20:30,7807.2
2024/8/15 20:45,7778.4
2024/8/15 21:00,7826.4
2024/8/15 21:15,7714.8
2024/8/15 21:30,7743.6
2024/8/15 21:45,7814.4
2024/8/15 22:00,7765.2
2024/8/15 22:15,7806
2024/8/15 22:30,7826.4
2024/8/15 22:45,7692
2024/8/15 23:00,7758
2024/8/15 23:15,7788
2024/8/15 23:30,7764
2024/8/15 23:45,7840.8
2024/8/16 0:00,7789.2
2024/8/16 0:15,7724.4
2024/8/16 0:30,7766.4
2024/8/16 0:45,7771.2
2024/8/16 1:00,7586.4
2024/8/16 1:15,7798.8
2024/8/16 1:30,7560
2024/8/16 1:45,7568.4
2024/8/16 2:00,7734
2024/8/16 2:15,7744.8
2024/8/16 2:30,7770
2024/8/16 2:45,7608
2024/8/16 3:00,7624.8
2024/8/16 3:15,7532.4
2024/8/16 3:30,7680
2024/8/16 3:45,7731.6
2024/8/16 4:00,7712.4
2024/8/16 4:15,7731.6
2024/8/16 4:30,7579.2
2024/8/16 4:45,7736.4
2024/8/16 5:00,7688.4
2024/8/16 5:15,7435.2
2024/8/16 5:30,7599.6
2024/8/16 5:45,7596
2024/8/16 6:00,7620
2024/8/16 6:15,7646.4
2024/8/16 6:30,7628.4
2024/8/16 6:45,7562.4
2024/8/16 7:00,7636.8
2024/8/16 7:15,7594.8
2024/8/16 7:30,7618.8
2024/8/16 7:45,7653.6
2024/8/16 8:00,7611.6
2024/8/16 8:15,7666.8
2024/8/16 8:30,7455.6
2024/8/16 8:45,7789.2
2024/8/16 9:00,7824
2024/8/16 9:15,7816.8
2024/8/16 9:30,7828.8
2024/8/16 9:45,7375.2
2024/8/16 10:00,7297.2
2024/8/16 10:15,7293.6
2024/8/16 10:30,7338
2024/8/16 10:45,7327.2
2024/8/16 11:00,7353.6
2024/8/16 11:15,7375.2
2024/8/16 11:30,7335.6
2024/8/16 11:45,7365.6
2024/8/16 12:00,7496.4
2024/8/16 12:15,7774.8
2024/8/16 12:30,7759.2
2024/8/16 12:45,7828.8
2024/8/16 13:00,7796.4
2024/8/16 13:15,7888.8
2024/8/16 13:30,7767.6
2024/8/16 13:45,7791.6
2024/8/16 14:00,7766.4
2024/8/16 14:15,7826.4
2024/8/16 14:30,7736.4
2024/8/16 14:45,7814.4
2024/8/16 15:00,7753.2
2024/8/16 15:15,7744.8
2024/8/16 15:30,7713.6
2024/8/16 15:45,7722
2024/8/16 16:00,7686
2024/8/16 16:15,7744.8
2024/8/16 16:30,7831.2
2024/8/16 16:45,7767.6
2024/8/16 17:00,7862.4
2024/8/16 17:15,7854
2024/8/16 17:30,7833.6
2024/8/16 17:45,7770
2024/8/16 18:00,7784.4
2024/8/16 18:15,7843.2
2024/8/16 18:30,7804.8
2024/8/16 18:45,7716
2024/8/16 19:00,7741.2
2024/8/16 19:15,7864.8
2024/8/16 19:30,7788
2024/8/16 19:45,7929.6
2024/8/16 20:00,7924.8
2024/8/16 20:15,7795.2
2024/8/16 20:30,7894.8
2024/8/16 20:45,7902
2024/8/16 21:00,7957.2
2024/8/16 21:15,7843.2
2024/8/16 21:30,7857.6
2024/8/16 21:45,7938
2024/8/16 22:00,7896
2024/8/16 22:15,7814.4
2024/8/16 22:30,7886.4
2024/8/16 22:45,7982.4
2024/8/16 23:00,7884
2024/8/16 23:15,7869.6
2024/8/16 23:30,7912.8
2024/8/16 23:45,7893.6
2024/8/17 0:00,7938
2024/8/17 0:15,7832.4
2024/8/17 0:30,7785.6
2024/8/17 0:45,7851.6
2024/8/17 1:00,7790.4
2024/8/17 1:15,7706.4
2024/8/17 1:30,7828.8
2024/8/17 1:45,7864.8
2024/8/17 2:00,7906.8
2024/8/17 2:15,7734
2024/8/17 2:30,7786.8
2024/8/17 2:45,7723.2
2024/8/17 3:00,7614
2024/8/17 3:15,7654.8
2024/8/17 3:30,7706.4
2024/8/17 3:45,7762.8
2024/8/17 4:00,7743.6
2024/8/17 4:15,7628.4
2024/8/17 4:30,7722
2024/8/17 4:45,7627.2
2024/8/17 5:00,7531.2
2024/8/17 5:15,7534.8
2024/8/17 5:30,7681.2
2024/8/17 5:45,7681.2
2024/8/17 6:00,7581.6
2024/8/17 6:15,7622.4
2024/8/17 6:30,7657.2
2024/8/17 6:45,7624.8
2024/8/17 7:00,7536
2024/8/17 7:15,7617.6
2024/8/17 7:30,7676.4
2024/8/17 7:45,7682.4
2024/8/17 8:00,7614
2024/8/17 8:15,7756.8
2024/8/17 8:30,7761.6
2024/8/17 8:45,7818
2024/8/17 9:00,7863.6
2024/8/17 9:15,7641.6
2024/8/17 9:30,7545.6
2024/8/17 9:45,7772.4
2024/8/17 10:00,7780.8
2024/8/17 10:15,7898.4
2024/8/17 10:30,7950
2024/8/17 10:45,7932
2024/8/17 11:00,8025.6
2024/8/17 11:15,8038.8
2024/8/17 11:30,7806
2024/8/17 11:45,7856.4
2024/8/17 12:00,7984.8
2024/8/17 12:15,8056.8
2024/8/17 12:30,7852.8
2024/8/17 12:45,7794
2024/8/17 13:00,7800
2024/8/17 13:15,7970.4
2024/8/17 13:30,7905.6
2024/8/17 13:45,7959.6
2024/8/17 14:00,7855.2
2024/8/17 14:15,7906.8
2024/8/17 14:30,7977.6
2024/8/17 14:45,8000.4
2024/8/17 15:00,7970.4
2024/8/17 15:15,7975.2
2024/8/17 15:30,7941.6
2024/8/17 15:45,7924.8
2024/8/17 16:00,7935.6
2024/8/17 16:15,7909.2
2024/8/17 16:30,7914
2024/8/17 16:45,7934.4
2024/8/17 17:00,7905.6
2024/8/17 17:15,8032.8
2024/8/17 17:30,7959.6
2024/8/17 17:45,7932
2024/8/17 18:00,7968
2024/8/17 18:15,7950
2024/8/17 18:30,7891.2
2024/8/17 18:45,7957.2
2024/8/17 19:00,7933.2
2024/8/17 19:15,7921.2
2024/8/17 19:30,7790.4
2024/8/17 19:45,7812
2024/8/17 20:00,7908
2024/8/17 20:15,7909.2
2024/8/17 20:30,7900.8
2024/8/17 20:45,7834.8
2024/8/17 21:00,7879.2
2024/8/17 21:15,7850.4
2024/8/17 21:30,7801.2
2024/8/17 21:45,7856.4
2024/8/17 22:00,7840.8
2024/8/17 22:15,7888.8
2024/8/17 22:30,7873.2
2024/8/17 22:45,7826.4
2024/8/17 23:00,7834.8
2024/8/17 23:15,7838.4
2024/8/17 23:30,7812
2024/8/17 23:45,7791.6
2024/8/18 0:00,7813.2
2024/8/18 0:15,7864.8
2024/8/18 0:30,7801.2
2024/8/18 0:45,7814.4
2024/8/18 1:00,7845.6
2024/8/18 1:15,7792.8
2024/8/18 1:30,7782
2024/8/18 1:45,7830
2024/8/18 2:00,7766.4
2024/8/18 2:15,7776
2024/8/18 2:30,7824
2024/8/18 2:45,7773.6
2024/8/18 3:00,7828.8
2024/8/18 3:15,7766.4
2024/8/18 3:30,7786.8
2024/8/18 3:45,7827.6
2024/8/18 4:00,7810.8
2024/8/18 4:15,7786.8
2024/8/18 4:30,7759.2
2024/8/18 4:45,7788
2024/8/18 5:00,7803.6
2024/8/18 5:15,7849.2
2024/8/18 5:30,7731.6
2024/8/18 5:45,7675.2
2024/8/18 6:00,7767.6
2024/8/18 6:15,7723.2
2024/8/18 6:30,7725.6
2024/8/18 6:45,7735.2
2024/8/18 7:00,7644
2024/8/18 7:15,7716
2024/8/18 7:30,7636.8
2024/8/18 7:45,7674
2024/8/18 8:00,7668
2024/8/18 8:15,7656
2024/8/18 8:30,7713.6
2024/8/18 8:45,7314
2024/8/18 9:00,7260
2024/8/18 9:15,7245.6
2024/8/18 9:30,7384.8
2024/8/18 9:45,7561.2
2024/8/18 10:00,7617.6
2024/8/18 10:15,7621.2
2024/8/18 10:30,7598.4
2024/8/18 10:45,7615.2
2024/8/18 11:00,7602
2024/8/18 11:15,7554
2024/8/18 11:30,7594.8
2024/8/18 11:45,7539.6
2024/8/18 12:00,7585.2
2024/8/18 12:15,7554
2024/8/18 12:30,7604.4
2024/8/18 12:45,7557.6
2024/8/18 13:00,7622.4
2024/8/18 13:15,7678.8
2024/8/18 13:30,7644
2024/8/18 13:45,7729.2
2024/8/18 14:00,7754.4
2024/8/18 14:15,7767.6
2024/8/18 14:30,7718.4
2024/8/18 14:45,7750.8
2024/8/18 15:00,7594.8
2024/8/18 15:15,7622.4
2024/8/18 15:30,7647.6
2024/8/18 15:45,7690.8
2024/8/18 16:00,7807.2
2024/8/18 16:15,7780.8
2024/8/18 16:30,7748.4
2024/8/18 16:45,7807.2
2024/8/18 17:00,7808.4
2024/8/18 17:15,7834.8
2024/8/18 17:30,7822.8
2024/8/18 17:45,7803.6
2024/8/18 18:00,7674
2024/8/18 18:15,7808.4
2024/8/18 18:30,7770
2024/8/18 18:45,7687.2
2024/8/18 19:00,7780.8
2024/8/18 19:15,7701.6
2024/8/18 19:30,7682.4
2024/8/18 19:45,7675.2
2024/8/18 20:00,7663.2
2024/8/18 20:15,7742.4
2024/8/18 20:30,7714.8
2024/8/18 20:45,7684.8
2024/8/18 21:00,7682.4
2024/8/18 21:15,7731.6
2024/8/18 21:30,7791.6
2024/8/18 21:45,7737.6
2024/8/18 22:00,7738.8
2024/8/18 22:15,7701.6
2024/8/18 22:30,7729.2
2024/8/18 22:45,7740
2024/8/18 23:00,7670.4
2024/8/18 23:15,7671.6
2024/8/18 23:30,7678.8
2024/8/18 23:45,7687.2
2024/8/19 0:00,7740
2024/8/19 0:15,7644
2024/8/19 0:30,7603.2
2024/8/19 0:45,7599.6
2024/8/19 1:00,7627.2
2024/8/19 1:15,7669.2
2024/8/19 1:30,7584
2024/8/19 1:45,7664.4
2024/8/19 2:00,7600.8
2024/8/19 2:15,7653.6
2024/8/19 2:30,7560
2024/8/19 2:45,7634.4
2024/8/19 3:00,7658.4
2024/8/19 3:15,7586.4
2024/8/19 3:30,7665.6
2024/8/19 3:45,7600.8
2024/8/19 4:00,7596
2024/8/19 4:15,7612.8
2024/8/19 4:30,7602
2024/8/19 4:45,7638
2024/8/19 5:00,7630.8
2024/8/19 5:15,7480.8
2024/8/19 5:30,7581.6
2024/8/19 5:45,7558.8
2024/8/19 6:00,7578
2024/8/19 6:15,7599.6
2024/8/19 6:30,7486.8
2024/8/19 6:45,7501.2
2024/8/19 7:00,7573.2
2024/8/19 7:15,7509.6
2024/8/19 7:30,7510.8
2024/8/19 7:45,7461.6
2024/8/19 8:00,7518
2024/8/19 8:15,7580.4
2024/8/19 8:30,7574.4
2024/8/19 8:45,7558.8
2024/8/19 9:00,7611.6
2024/8/19 9:15,7635.6
2024/8/19 9:30,7699.2
2024/8/19 9:45,7620
2024/8/19 10:00,7621.2
2024/8/19 10:15,7654.8
2024/8/19 10:30,7716
2024/8/19 10:45,7657.2
2024/8/19 11:00,7773.6
2024/8/19 11:15,7792.8
2024/8/19 11:30,7760.4
2024/8/19 11:45,7692
2024/8/19 12:00,7736.4
2024/8/19 12:15,7735.2
2024/8/19 12:30,7846.8
2024/8/19 12:45,7696.8
2024/8/19 13:00,7785.6
2024/8/19 13:15,7695.6
2024/8/19 13:30,7742.4
2024/8/19 13:45,7801.2
2024/8/19 14:00,7771.2
2024/8/19 14:15,7821.6
2024/8/19 14:30,7806
2024/8/19 14:45,7755.6
2024/8/19 15:00,7783.2
2024/8/19 15:15,7800
2024/8/19 15:30,7831.2
2024/8/19 15:45,7798.8
2024/8/19 16:00,7660.8
2024/8/19 16:15,7789.2
2024/8/19 16:30,7778.4
2024/8/19 16:45,7724.4
2024/8/19 17:00,7692
2024/8/19 17:15,7699.2
2024/8/19 17:30,7754.4
2024/8/19 17:45,7678.8
2024/8/19 18:00,7682.4
2024/8/19 18:15,7731.6
2024/8/19 18:30,7779.6
2024/8/19 18:45,7680
2024/8/19 19:00,7794
2024/8/19 19:15,7830
2024/8/19 19:30,7872
2024/8/19 19:45,7737.6
2024/8/19 20:00,7813.2
2024/8/19 20:15,7837.2
2024/8/19 20:30,7813.2
2024/8/19 20:45,7863.6
2024/8/19 21:00,7831.2
2024/8/19 21:15,7876.8
2024/8/19 21:30,7866
2024/8/19 21:45,7801.2
2024/8/19 22:00,7795.2
2024/8/19 22:15,7882.8
2024/8/19 22:30,7849.2
2024/8/19 22:45,7825.2
2024/8/19 23:00,7774.8
2024/8/19 23:15,7759.2
2024/8/19 23:30,7693.2
2024/8/19 23:45,7670.4
2024/8/20 0:00,7656
2024/8/20 0:15,7680
2024/8/20 0:30,7614
2024/8/20 0:45,7570.8
2024/8/20 1:00,7622.4
2024/8/20 1:15,7524
2024/8/20 1:30,7600.8
2024/8/20 1:45,7640.4
2024/8/20 2:00,7648.8
2024/8/20 2:15,7662
2024/8/20 2:30,7640.4
2024/8/20 2:45,7604.4
2024/8/20 3:00,7578
2024/8/20 3:15,7669.2
2024/8/20 3:30,7599.6
2024/8/20 3:45,7636.8
2024/8/20 4:00,7629.6
2024/8/20 4:15,7635.6
2024/8/20 4:30,7654.8
2024/8/20 4:45,7560
2024/8/20 5:00,7656
2024/8/20 5:15,7582.8
2024/8/20 5:30,7629.6
2024/8/20 5:45,7626
2024/8/20 6:00,7630.8
2024/8/20 6:15,7616.4
2024/8/20 6:30,7604.4
2024/8/20 6:45,7544.4
2024/8/20 7:00,7644
2024/8/20 7:15,7659.6
2024/8/20 7:30,7596
2024/8/20 7:45,7647.6
2024/8/20 8:00,7570.8
2024/8/20 8:15,7603.2
2024/8/20 8:30,7582.8
2024/8/20 8:45,7693.2
2024/8/20 9:00,7688.4
2024/8/20 9:15,7753.2
2024/8/20 9:30,7714.8
2024/8/20 9:45,7665.6
2024/8/20 10:00,7762.8
2024/8/20 10:15,7875.6
2024/8/20 10:30,7867.2
2024/8/20 10:45,7840.8
2024/8/20 11:00,7797.6
2024/8/20 11:15,7896
2024/8/20 11:30,7759.2
2024/8/20 11:45,7951.2
2024/8/20 12:00,7870.8
2024/8/20 12:15,7934.4
2024/8/20 12:30,7947.6
2024/8/20 12:45,7972.8
2024/8/20 13:00,7893.6
2024/8/20 13:15,7938
2024/8/20 13:30,7848
2024/8/20 13:45,7864.8
2024/8/20 14:00,7972.8
2024/8/20 14:15,7663.2
2024/8/20 14:30,8118
2024/8/20 14:45,8082
2024/8/20 15:00,8048.4
2024/8/20 15:15,8083.2
2024/8/20 15:30,8011.2
2024/8/20 15:45,8076
2024/8/20 16:00,7828.8
2024/8/20 16:15,7842
2024/8/20 16:30,7780.8
2024/8/20 16:45,7766.4
2024/8/20 17:00,7796.4
2024/8/20 17:15,7730.4
2024/8/20 17:30,7689.6
2024/8/20 17:45,7773.6
2024/8/20 18:00,7728
2024/8/20 18:15,7706.4
2024/8/20 18:30,7696.8
2024/8/20 18:45,7687.2
2024/8/20 19:00,7736.4
2024/8/20 19:15,7759.2
2024/8/20 19:30,7700.4
2024/8/20 19:45,7690.8
2024/8/20 20:00,7742.4
2024/8/20 20:15,7694.4
2024/8/20 20:30,7795.2
2024/8/20 20:45,7688.4
2024/8/20 21:00,7732.8
2024/8/20 21:15,7782
2024/8/20 21:30,7750.8
2024/8/20 21:45,7728
2024/8/20 22:00,7802.4
2024/8/20 22:15,7812
2024/8/20 22:30,7804.8
2024/8/20 22:45,7785.6
2024/8/20 23:00,7836
2024/8/20 23:15,7732.8
2024/8/20 23:30,7777.2
2024/8/20 23:45,7802.4
2024/8/21 0:00,7808.4
2024/8/21 0:15,7672.8
2024/8/21 0:30,7648.8
2024/8/21 0:45,7671.6
2024/8/21 1:00,7758
2024/8/21 1:15,7712.4
2024/8/21 1:30,7628.4
2024/8/21 1:45,7588.8
2024/8/21 2:00,7624.8
2024/8/21 2:15,7588.8
2024/8/21 2:30,7610.4
2024/8/21 2:45,7580.4
2024/8/21 3:00,7494
2024/8/21 3:15,7600.8
2024/8/21 3:30,7641.6
2024/8/21 3:45,7630.8
2024/8/21 4:00,7610.4
2024/8/21 4:15,7665.6
2024/8/21 4:30,7588.8
2024/8/21 4:45,7526.4
2024/8/21 5:00,7512
2024/8/21 5:15,7563.6
2024/8/21 5:30,7555.2
2024/8/21 5:45,7614
2024/8/21 6:00,7598.4
2024/8/21 6:15,7597.2
2024/8/21 6:30,7554
2024/8/21 6:45,7622.4
2024/8/21 7:00,7542
2024/8/21 7:15,7605.6
2024/8/21 7:30,7563.6
2024/8/21 7:45,7591.2
2024/8/21 8:00,7591.2
2024/8/21 8:15,7579.2
2024/8/21 8:30,7597.2
2024/8/21 8:45,7579.2
2024/8/21 9:00,7694.4
2024/8/21 9:15,7705.2
2024/8/21 9:30,7710
2024/8/21 9:45,7742.4
2024/8/21 10:00,7602
2024/8/21 10:15,7554
2024/8/21 10:30,7584
2024/8/21 10:45,7764
2024/8/21 11:00,7738.8
2024/8/21 11:15,7723.2
2024/8/21 11:30,7868.4
2024/8/21 11:45,7692
2024/8/21 12:00,7654.8
2024/8/21 12:15,7653.6
2024/8/21 12:30,7754.4
2024/8/21 12:45,7760.4
2024/8/21 13:00,7788
2024/8/21 13:15,7833.6
2024/8/21 13:30,7810.8
2024/8/21 13:45,7902
2024/8/21 14:00,7826.4
2024/8/21 14:15,7888.8
2024/8/21 14:30,7766.4
2024/8/21 14:45,7657.2
2024/8/21 15:00,7863.6
2024/8/21 15:15,7748.4
2024/8/21 15:30,7887.6
2024/8/21 15:45,7888.8
2024/8/21 16:00,7888.8
2024/8/21 16:15,7976.4
2024/8/21 16:30,7940.4
2024/8/21 16:45,7816.8
2024/8/21 17:00,7983.6
2024/8/21 17:15,7983.6
2024/8/21 17:30,7879.2
2024/8/21 17:45,7940.4
2024/8/21 18:00,7903.2
2024/8/21 18:15,7924.8
2024/8/21 18:30,7804.8
2024/8/21 18:45,7836
2024/8/21 19:00,7827.6
2024/8/21 19:15,7864.8
2024/8/21 19:30,7875.6
2024/8/21 19:45,7928.4
2024/8/21 20:00,7886.4
2024/8/21 20:15,7840.8
2024/8/21 20:30,7870.8
2024/8/21 20:45,7830
2024/8/21 21:00,7783.2
2024/8/21 21:15,7786.8
2024/8/21 21:30,7803.6
2024/8/21 21:45,7686
2024/8/21 22:00,7801.2
2024/8/21 22:15,7840.8
2024/8/21 22:30,7930.8
2024/8/21 22:45,7905.6
2024/8/21 23:00,7808.4
2024/8/21 23:15,7698
2024/8/21 23:30,7647.6
2024/8/21 23:45,7600.8
2024/8/22 0:00,7538.4
2024/8/22 0:15,7635.6
2024/8/22 0:30,7638
2024/8/22 0:45,7729.2
2024/8/22 1:00,7705.2
2024/8/22 1:15,7636.8
2024/8/22 1:30,7653.6
2024/8/22 1:45,7652.4
2024/8/22 2:00,7540.8
2024/8/22 2:15,7603.2
2024/8/22 2:30,7579.2
2024/8/22 2:45,7546.8
2024/8/22 3:00,7556.4
2024/8/22 3:15,7550.4
2024/8/22 3:30,7478.4
2024/8/22 3:45,7620
2024/8/22 4:00,7598.4
2024/8/22 4:15,7489.2
2024/8/22 4:30,7478.4
2024/8/22 4:45,7508.4
2024/8/22 5:00,7519.2
2024/8/22 5:15,7540.8
2024/8/22 5:30,7513.2
2024/8/22 5:45,7557.6
2024/8/22 6:00,7514.4
2024/8/22 6:15,7491.6
2024/8/22 6:30,7436.4
2024/8/22 6:45,7378.8
2024/8/22 7:00,7467.6
2024/8/22 7:15,7424.4
2024/8/22 7:30,7470
2024/8/22 7:45,7512
2024/8/22 8:00,7592.4
2024/8/22 8:15,7558.8
2024/8/22 8:30,7692
2024/8/22 8:45,7659.6
2024/8/22 9:00,7773.6
2024/8/22 9:15,7782
2024/8/22 9:30,7842
2024/8/22 9:45,7882.8
2024/8/22 10:00,7954.8
2024/8/22 10:15,7957.2
2024/8/22 10:30,7938
2024/8/22 10:45,7795.2
2024/8/22 11:00,7892.4
2024/8/22 11:15,7858.8
2024/8/22 11:30,7736.4
2024/8/22 11:45,7891.2
2024/8/22 12:00,8007.6
2024/8/22 12:15,7713.6
2024/8/22 12:30,7938
2024/8/22 12:45,7897.2
2024/8/22 13:00,7910.4
2024/8/22 13:15,7773.6
2024/8/22 13:30,7773.6
2024/8/22 13:45,7806
2024/8/22 14:00,7734
2024/8/22 14:15,8001.6
2024/8/22 14:30,7958.4
2024/8/22 14:45,7911.6
2024/8/22 15:00,7894.8
2024/8/22 15:15,7911.6
2024/8/22 15:30,7885.2
2024/8/22 15:45,7928.4
2024/8/22 16:00,7952.4
2024/8/22 16:15,7936.8
2024/8/22 16:30,7904.4
2024/8/22 16:45,8002.8
2024/8/22 17:00,7915.2
2024/8/22 17:15,7910.4
2024/8/22 17:30,7840.8
2024/8/22 17:45,7930.8
2024/8/22 18:00,7854
2024/8/22 18:15,8032.8
2024/8/22 18:30,7951.2
2024/8/22 18:45,7834.8
2024/8/22 19:00,7998
2024/8/22 19:15,7873.2
2024/8/22 19:30,7890
2024/8/22 19:45,7881.6
2024/8/22 20:00,7896
2024/8/22 20:15,7918.8
2024/8/22 20:30,7899.6
2024/8/22 20:45,7828.8
2024/8/22 21:00,7905.6
2024/8/22 21:15,7978.8
2024/8/22 21:30,7983.6
2024/8/22 21:45,7947.6
2024/8/22 22:00,7868.4
2024/8/22 22:15,7892.4
2024/8/22 22:30,7950
2024/8/22 22:45,8014.8
2024/8/22 23:00,7989.6
2024/8/22 23:15,7932
2024/8/22 23:30,7947.6
2024/8/22 23:45,7951.2
2024/8/23 0:00,7942.8
2024/8/23 0:15,7825.2
2024/8/23 0:30,7950
2024/8/23 0:45,7945.2
2024/8/23 1:00,7920
2024/8/23 1:15,7898.4
2024/8/23 1:30,7814.4
2024/8/23 1:45,7911.6
2024/8/23 2:00,7930.8
2024/8/23 2:15,7840.8
2024/8/23 2:30,7796.4
2024/8/23 2:45,7792.8
2024/8/23 3:00,7688.4
2024/8/23 3:15,7692
2024/8/23 3:30,7735.2
2024/8/23 3:45,7887.6
2024/8/23 4:00,7869.6
2024/8/23 4:15,7842
2024/8/23 4:30,7819.2
2024/8/23 4:45,7810.8
2024/8/23 5:00,7893.6
2024/8/23 5:15,7893.6
2024/8/23 5:30,7838.4
2024/8/23 5:45,7866
2024/8/23 6:00,7738.8
2024/8/23 6:15,7816.8
2024/8/23 6:30,7872
2024/8/23 6:45,7705.2
2024/8/23 7:00,7894.8
2024/8/23 7:15,7689.6
2024/8/23 7:30,7785.6
2024/8/23 7:45,7796.4
2024/8/23 8:00,7825.2
2024/8/23 8:15,7819.2
2024/8/23 8:30,7816.8
2024/8/23 8:45,7918.8
2024/8/23 9:00,7882.8
2024/8/23 9:15,7828.8
2024/8/23 9:30,7938
2024/8/23 9:45,7969.2
2024/8/23 10:00,8073.6
2024/8/23 10:15,7954.8
2024/8/23 10:30,8004
2024/8/23 10:45,7884
2024/8/23 11:00,8000.4
2024/8/23 11:15,8022
2024/8/23 11:30,8056.8
2024/8/23 11:45,7983.6
2024/8/23 12:00,8096.4
2024/8/23 12:15,8056.8
2024/8/23 12:30,7960.8
2024/8/23 12:45,8048.4
2024/8/23 13:00,8028
2024/8/23 13:15,8102.4
2024/8/23 13:30,8012.4
2024/8/23 13:45,8037.6
2024/8/23 14:00,8031.6
2024/8/23 14:15,8089.2
2024/8/23 14:30,7864.8
2024/8/23 14:45,7964.4
2024/8/23 15:00,8088
2024/8/23 15:15,7828.8
2024/8/23 15:30,7983.6
2024/8/23 15:45,8017.2
2024/8/23 16:00,7808.4
2024/8/23 16:15,7980
2024/8/23 16:30,8055.6
2024/8/23 16:45,7945.2
2024/8/23 17:00,7998
2024/8/23 17:15,8179.2
2024/8/23 17:30,8136
2024/8/23 17:45,7980
2024/8/23 18:00,7972.8
2024/8/23 18:15,8006.4
2024/8/23 18:30,8101.2
2024/8/23 18:45,7905.6
2024/8/23 19:00,7936.8
2024/8/23 19:15,8044.8
2024/8/23 19:30,7845.6
2024/8/23 19:45,8107.2
2024/8/23 20:00,8110.8
2024/8/23 20:15,8138.4
2024/8/23 20:30,8054.4
2024/8/23 20:45,7963.2
2024/8/23 21:00,7902
2024/8/23 21:15,8108.4
2024/8/23 21:30,8130
2024/8/23 21:45,8080.8
2024/8/23 22:00,8114.4
2024/8/23 22:15,8070
2024/8/23 22:30,7966.8
2024/8/23 22:45,8097.6
2024/8/23 23:00,7860
2024/8/23 23:15,7881.6
2024/8/23 23:30,8008.8
2024/8/23 23:45,7903.2
2024/8/24 0:00,7977.6
2024/8/24 0:15,8072.4
2024/8/24 0:30,7922.4
2024/8/24 0:45,7892.4
2024/8/24 1:00,8008.8
2024/8/24 1:15,7857.6
2024/8/24 1:30,7953.6
2024/8/24 1:45,7921.2
2024/8/24 2:00,7736.4
2024/8/24 2:15,7804.8
2024/8/24 2:30,7891.2
2024/8/24 2:45,7788
2024/8/24 3:00,7839.6
2024/8/24 3:15,7980
2024/8/24 3:30,7918.8
2024/8/24 3:45,7777.2
2024/8/24 4:00,7843.2
2024/8/24 4:15,7896
2024/8/24 4:30,7873.2
2024/8/24 4:45,7764
2024/8/24 5:00,7795.2
2024/8/24 5:15,7712.4
2024/8/24 5:30,7701.6
2024/8/24 5:45,7648.8
2024/8/24 6:00,7708.8
2024/8/24 6:15,7767.6
2024/8/24 6:30,7622.4
2024/8/24 6:45,7633.2
2024/8/24 7:00,7634.4
2024/8/24 7:15,7572
2024/8/24 7:30,7492.8
2024/8/24 7:45,7705.2
2024/8/24 8:00,7710
2024/8/24 8:15,7672.8
2024/8/24 8:30,7700.4
2024/8/24 8:45,7693.2
2024/8/24 9:00,7762.8
2024/8/24 9:15,7849.2
2024/8/24 9:30,7897.2
2024/8/24 9:45,7917.6
2024/8/24 10:00,7950
2024/8/24 10:15,7988.4
2024/8/24 10:30,8005.2
2024/8/24 10:45,7940.4
2024/8/24 11:00,7987.2
2024/8/24 11:15,7951.2
2024/8/24 11:30,7926
2024/8/24 11:45,7933.2
2024/8/24 12:00,7845.6
2024/8/24 12:15,7764
2024/8/24 12:30,7928.4
2024/8/24 12:45,7874.4
2024/8/24 13:00,7914
2024/8/24 13:15,7778.4
2024/8/24 13:30,7866
2024/8/24 13:45,7986
2024/8/24 14:00,7995.6
2024/8/24 14:15,7990.8
2024/8/24 14:30,8012.4
2024/8/24 14:45,7975.2
2024/8/24 15:00,8046
2024/8/24 15:15,8040
2024/8/24 15:30,7892.4
2024/8/24 15:45,7936.8
2024/8/24 16:00,8104.8
2024/8/24 16:15,8026.8
2024/8/24 16:30,8053.2
2024/8/24 16:45,7884
2024/8/24 17:00,7892.4
2024/8/24 17:15,7948.8
2024/8/24 17:30,8006.4
2024/8/24 17:45,7948.8
2024/8/24 18:00,7946.4
2024/8/24 18:15,7872
2024/8/24 18:30,7898.4
2024/8/24 18:45,7810.8
2024/8/24 19:00,7959.6
2024/8/24 19:15,7957.2
2024/8/24 19:30,7809.6
2024/8/24 19:45,7861.2
2024/8/24 20:00,7784.4
2024/8/24 20:15,7941.6
2024/8/24 20:30,8040
2024/8/24 20:45,8017.2
2024/8/24 21:00,8055.6
2024/8/24 21:15,7858.8
2024/8/24 21:30,7816.8
2024/8/24 21:45,8000.4
2024/8/24 22:00,7974
2024/8/24 22:15,7893.6
2024/8/24 22:30,7916.4
2024/8/24 22:45,7860
2024/8/24 23:00,7821.6
2024/8/24 23:15,7839.6
2024/8/24 23:30,7773.6
2024/8/24 23:45,7828.8
2024/8/25 0:00,7773.6
2024/8/25 0:15,7724.4
2024/8/25 0:30,7729.2
2024/8/25 0:45,7828.8
2024/8/25 1:00,7743.6
2024/8/25 1:15,7674
2024/8/25 1:30,7693.2
2024/8/25 1:45,7716
2024/8/25 2:00,7740
2024/8/25 2:15,7693.2
2024/8/25 2:30,7666.8
2024/8/25 2:45,7675.2
2024/8/25 3:00,7724.4
2024/8/25 3:15,7753.2
2024/8/25 3:30,7694.4
2024/8/25 3:45,7736.4
2024/8/25 4:00,7790.4
2024/8/25 4:15,7682.4
2024/8/25 4:30,7621.2
2024/8/25 4:45,7706.4
2024/8/25 5:00,7514.4
2024/8/25 5:15,7598.4
2024/8/25 5:30,7632
2024/8/25 5:45,7644
2024/8/25 6:00,7638
2024/8/25 6:15,7676.4
2024/8/25 6:30,7675.2
2024/8/25 6:45,7615.2
2024/8/25 7:00,7549.2
2024/8/25 7:15,7693.2
2024/8/25 7:30,7638
2024/8/25 7:45,7518
2024/8/25 8:00,7489.2
2024/8/25 8:15,7506
2024/8/25 8:30,7758
2024/8/25 8:45,7737.6
2024/8/25 9:00,7767.6
2024/8/25 9:15,7860
2024/8/25 9:30,7897.2
2024/8/25 9:45,7873.2
2024/8/25 10:00,7870.8
2024/8/25 10:15,7836
2024/8/25 10:30,7888.8
2024/8/25 10:45,7705.2
2024/8/25 11:00,7822.8
2024/8/25 11:15,7735.2
2024/8/25 11:30,7827.6
2024/8/25 11:45,7671.6
2024/8/25 12:00,7776
2024/8/25 12:15,7864.8
2024/8/25 12:30,7863.6
2024/8/25 12:45,7730.4
2024/8/25 13:00,7804.8
2024/8/25 13:15,7845.6
2024/8/25 13:30,7810.8
2024/8/25 13:45,7867.2
2024/8/25 14:00,7939.2
2024/8/25 14:15,7821.6
2024/8/25 14:30,7897.2
2024/8/25 14:45,7890
2024/8/25 15:00,7866
2024/8/25 15:15,7957.2
2024/8/25 15:30,7891.2
2024/8/25 15:45,7972.8
2024/8/25 16:00,7864.8
2024/8/25 16:15,7951.2
2024/8/25 16:30,7952.4
2024/8/25 16:45,7912.8
2024/8/25 17:00,7921.2
2024/8/25 17:15,7904.4
2024/8/25 17:30,7832.4
2024/8/25 17:45,7826.4
2024/8/25 18:00,7874.4
2024/8/25 18:15,7826.4
2024/8/25 18:30,7776
2024/8/25 18:45,7909.2
2024/8/25 19:00,7830
2024/8/25 19:15,7836
2024/8/25 19:30,7767.6
2024/8/25 19:45,7809.6
2024/8/25 20:00,7910.4
2024/8/25 20:15,7813.2
2024/8/25 20:30,7917.6
2024/8/25 20:45,7897.2
2024/8/25 21:00,8006.4
2024/8/25 21:15,7897.2
2024/8/25 21:30,7915.2
2024/8/25 21:45,7994.4
2024/8/25 22:00,7953.6
2024/8/25 22:15,7915.2
2024/8/25 22:30,7863.6
2024/8/25 22:45,7908
2024/8/25 23:00,7928.4
2024/8/25 23:15,7747.2
2024/8/25 23:30,7824
2024/8/25 23:45,7843.2
2024/8/26 0:00,7935.6
2024/8/26 0:15,7909.2
2024/8/26 0:30,7978.8
2024/8/26 0:45,7893.6
2024/8/26 1:00,7812
2024/8/26 1:15,7690.8
2024/8/26 1:30,7822.8
2024/8/26 1:45,7838.4
2024/8/26 2:00,7826.4
2024/8/26 2:15,7756.8
2024/8/26 2:30,7770
2024/8/26 2:45,7712.4
2024/8/26 3:00,7809.6
2024/8/26 3:15,7701.6
2024/8/26 3:30,7704
2024/8/26 3:45,7728
2024/8/26 4:00,7680
2024/8/26 4:15,7638
2024/8/26 4:30,7724.4
2024/8/26 4:45,7734
2024/8/26 5:00,7666.8
2024/8/26 5:15,7740
2024/8/26 5:30,7665.6
2024/8/26 5:45,7641.6
2024/8/26 6:00,7488
2024/8/26 6:15,7564.8
2024/8/26 6:30,7518
2024/8/26 6:45,7560
2024/8/26 7:00,7491.6
2024/8/26 7:15,7420.8
2024/8/26 7:30,7752
2024/8/26 7:45,7635.6
2024/8/26 8:00,7536
2024/8/26 8:15,7590
2024/8/26 8:30,7618.8
2024/8/26 8:45,7687.2
2024/8/26 9:00,7783.2
2024/8/26 9:15,7794
2024/8/26 9:30,7875.6
2024/8/26 9:45,8040
2024/8/26 10:00,7921.2
2024/8/26 10:15,7929.6
2024/8/26 10:30,7922.4
2024/8/26 10:45,7827.6
2024/8/26 11:00,7724.4
2024/8/26 11:15,7824
2024/8/26 11:30,7729.2
2024/8/26 11:45,7753.2
2024/8/26 12:00,7588.8
2024/8/26 12:15,7741.2
2024/8/26 12:30,7716
2024/8/26 12:45,7695.6
2024/8/26 13:00,7700.4
2024/8/26 13:15,7684.8
2024/8/26 13:30,7735.2
2024/8/26 13:45,7687.2
2024/8/26 14:00,7760.4
2024/8/26 14:15,7759.2
2024/8/26 14:30,7765.2
2024/8/26 14:45,7824
2024/8/26 15:00,7854
2024/8/26 15:15,7807.2
2024/8/26 15:30,7807.2
2024/8/26 15:45,7809.6
2024/8/26 16:00,7785.6
2024/8/26 16:15,7724.4
2024/8/26 16:30,7707.6
2024/8/26 16:45,7658.4
2024/8/26 17:00,7825.2
2024/8/26 17:15,7764
2024/8/26 17:30,7740
2024/8/26 17:45,7688.4
2024/8/26 18:00,7699.2
2024/8/26 18:15,7682.4
2024/8/26 18:30,7744.8
2024/8/26 18:45,7754.4
2024/8/26 19:00,7726.8
2024/8/26 19:15,7663.2
2024/8/26 19:30,7669.2
2024/8/26 19:45,7674
2024/8/26 20:00,7588.8
2024/8/26 20:15,7683.6
2024/8/26 20:30,7711.2
2024/8/26 20:45,7782
2024/8/26 21:00,7814.4
2024/8/26 21:15,7611.6
2024/8/26 21:30,7798.8
2024/8/26 21:45,7802.4
2024/8/26 22:00,7719.6
2024/8/26 22:15,7767.6
2024/8/26 22:30,7702.8
2024/8/26 22:45,7728
2024/8/26 23:00,7785.6
2024/8/26 23:15,7719.6
2024/8/26 23:30,7719.6
2024/8/26 23:45,7598.4
2024/8/27 0:00,7622.4
2024/8/27 0:15,7598.4
2024/8/27 0:30,7588.8
2024/8/27 0:45,7669.2
2024/8/27 1:00,7648.8
2024/8/27 1:15,7686
2024/8/27 1:30,7747.2
2024/8/27 1:45,7702.8
2024/8/27 2:00,7671.6
2024/8/27 2:15,7681.2
2024/8/27 2:30,7671.6
2024/8/27 2:45,7675.2
2024/8/27 3:00,7710
2024/8/27 3:15,7684.8
2024/8/27 3:30,7700.4
2024/8/27 3:45,7532.4
2024/8/27 4:00,7580.4
2024/8/27 4:15,7592.4
2024/8/27 4:30,7556.4
2024/8/27 4:45,7680
2024/8/27 5:00,7717.2
2024/8/27 5:15,7669.2
2024/8/27 5:30,7714.8
2024/8/27 5:45,7639.2
2024/8/27 6:00,7626
2024/8/27 6:15,7645.2
2024/8/27 6:30,7570.8
2024/8/27 6:45,7711.2
2024/8/27 7:00,7683.6
2024/8/27 7:15,7754.4
2024/8/27 7:30,7629.6
2024/8/27 7:45,7730.4
2024/8/27 8:00,7648.8
2024/8/27 8:15,7568.4
2024/8/27 8:30,7626
2024/8/27 8:45,7729.2
2024/8/27 9:00,7815.6
2024/8/27 9:15,7796.4
2024/8/27 9:30,7869.6
2024/8/27 9:45,7647.6
2024/8/27 10:00,7773.6
2024/8/27 10:15,7814.4
2024/8/27 10:30,7748.4
2024/8/27 10:45,7720.8
2024/8/27 11:00,7845.6
2024/8/27 11:15,7743.6
2024/8/27 11:30,7785.6
2024/8/27 11:45,7932
2024/8/27 12:00,7922.4
2024/8/27 12:15,7934.4
2024/8/27 12:30,7874.4
2024/8/27 12:45,7846.8
2024/8/27 13:00,7722
2024/8/27 13:15,7921.2
2024/8/27 13:30,7914
2024/8/27 13:45,7959.6
2024/8/27 14:00,7923.6
2024/8/27 14:15,7929.6
2024/8/27 14:30,7818
2024/8/27 14:45,7824
2024/8/27 15:00,7863.6
2024/8/27 15:15,7969.2
2024/8/27 15:30,7923.6
2024/8/27 15:45,8022
2024/8/27 16:00,7893.6
2024/8/27 16:15,7980
2024/8/27 16:30,7993.2
2024/8/27 16:45,7959.6
2024/8/27 17:00,7842
2024/8/27 17:15,7813.2
2024/8/27 17:30,7740
2024/8/27 17:45,7740
2024/8/27 18:00,7858.8
2024/8/27 18:15,7826.4
2024/8/27 18:30,7856.4
2024/8/27 18:45,7794
2024/8/27 19:00,7767.6
2024/8/27 19:15,7708.8
2024/8/27 19:30,7638
2024/8/27 19:45,7686
2024/8/27 20:00,7794
2024/8/27 20:15,7851.6
2024/8/27 20:30,7722
2024/8/27 20:45,7734
2024/8/27 21:00,7724.4
2024/8/27 21:15,7741.2
2024/8/27 21:30,7741.2
2024/8/27 21:45,7791.6
2024/8/27 22:00,7725.6
2024/8/27 22:15,7644
2024/8/27 22:30,7698
2024/8/27 22:45,7695.6
2024/8/27 23:00,7701.6
2024/8/27 23:15,7642.8
2024/8/27 23:30,7726.8
2024/8/27 23:45,7629.6
2024/8/28 0:00,7684.8
2024/8/28 0:15,7654.8
2024/8/28 0:30,7639.2
2024/8/28 0:45,7717.2
2024/8/28 1:00,7664.4
2024/8/28 1:15,7686
2024/8/28 1:30,7632
2024/8/28 1:45,7627.2
2024/8/28 2:00,7639.2
2024/8/28 2:15,7551.6
2024/8/28 2:30,7616.4
2024/8/28 2:45,7532.4
2024/8/28 3:00,7534.8
2024/8/28 3:15,7608
2024/8/28 3:30,7554
2024/8/28 3:45,7603.2
2024/8/28 4:00,7569.6
2024/8/28 4:15,7555.2
2024/8/28 4:30,7630.8
2024/8/28 4:45,7438.8
2024/8/28 5:00,7602
2024/8/28 5:15,7576.8
2024/8/28 5:30,7568.4
2024/8/28 5:45,7500
2024/8/28 6:00,7526.4
2024/8/28 6:15,7549.2
2024/8/28 6:30,7556.4
2024/8/28 6:45,7572
2024/8/28 7:00,7483.2
2024/8/28 7:15,7513.2
2024/8/28 7:30,7480.8
2024/8/28 7:45,7532.4
2024/8/28 8:00,7503.6
2024/8/28 8:15,7549.2
2024/8/28 8:30,7603.2
2024/8/28 8:45,7581.6
2024/8/28 9:00,7570.8
2024/8/28 9:15,7653.6
2024/8/28 9:30,7680
2024/8/28 9:45,7732.8
2024/8/28 10:00,7723.2
2024/8/28 10:15,7819.2
2024/8/28 10:30,7788
2024/8/28 10:45,7783.2
2024/8/28 11:00,7867.2
2024/8/28 11:15,7882.8
2024/8/28 11:30,7908
2024/8/28 11:45,7833.6
2024/8/28 12:00,7783.2
2024/8/28 12:15,7860
2024/8/28 12:30,7910.4
2024/8/28 12:45,7872
2024/8/28 13:00,7861.2
2024/8/28 13:15,7926
2024/8/28 13:30,7880.4
2024/8/28 13:45,7767.6
2024/8/28 14:00,7938
2024/8/28 14:15,7899.6
2024/8/28 14:30,7974
2024/8/28 14:45,7958.4
2024/8/28 15:00,7879.2
2024/8/28 15:15,7827.6
2024/8/28 15:30,7887.6
2024/8/28 15:45,7920
2024/8/28 16:00,7902
2024/8/28 16:15,7792.8
2024/8/28 16:30,7827.6
2024/8/28 16:45,7855.2
2024/8/28 17:00,7777.2
2024/8/28 17:15,7802.4
2024/8/28 17:30,7854
2024/8/28 17:45,7902
2024/8/28 18:00,7828.8
2024/8/28 18:15,7722
2024/8/28 18:30,7652.4
2024/8/28 18:45,7689.6
2024/8/28 19:00,7800
2024/8/28 19:15,7824
2024/8/28 19:30,7882.8
2024/8/28 19:45,7840.8
2024/8/28 20:00,7886.4
2024/8/28 20:15,7813.2
2024/8/28 20:30,7905.6
2024/8/28 20:45,7909.2
2024/8/28 21:00,7837.2
2024/8/28 21:15,7831.2
2024/8/28 21:30,7803.6
2024/8/28 21:45,7596
2024/8/28 22:00,7671.6
2024/8/28 22:15,7695.6
2024/8/28 22:30,7772.4
2024/8/28 22:45,7802.4
2024/8/28 23:00,7845.6
2024/8/28 23:15,7792.8
2024/8/28 23:30,7779.6
2024/8/28 23:45,7801.2
2024/8/29 0:00,7730.4
2024/8/29 0:15,7762.8
2024/8/29 0:30,7798.8
2024/8/29 0:45,7768.8
2024/8/29 1:00,7722
2024/8/29 1:15,7706.4
2024/8/29 1:30,7662
2024/8/29 1:45,7562.4
2024/8/29 2:00,7645.2
2024/8/29 2:15,7622.4
2024/8/29 2:30,7694.4
2024/8/29 2:45,7610.4
2024/8/29 3:00,7663.2
2024/8/29 3:15,7704
2024/8/29 3:30,7741.2
2024/8/29 3:45,7756.8
2024/8/29 4:00,7785.6
2024/8/29 4:15,7653.6
2024/8/29 4:30,7699.2
2024/8/29 4:45,7669.2
2024/8/29 5:00,7602
2024/8/29 5:15,7599.6
2024/8/29 5:30,7510.8
2024/8/29 5:45,7560
2024/8/29 6:00,7533.6
2024/8/29 6:15,7617.6
2024/8/29 6:30,7573.2
2024/8/29 6:45,7592.4
2024/8/29 7:00,7644
2024/8/29 7:15,7651.2
2024/8/29 7:30,7693.2
2024/8/29 7:45,7657.2
2024/8/29 8:00,7644
2024/8/29 8:15,7740
2024/8/29 8:30,7724.4
2024/8/29 8:45,7708.8
2024/8/29 9:00,7672.8
2024/8/29 9:15,7630.8
2024/8/29 9:30,7749.6
2024/8/29 9:45,7684.8
2024/8/29 10:00,7840.8
2024/8/29 10:15,7729.2
2024/8/29 10:30,7801.2
2024/8/29 10:45,7876.8
2024/8/29 11:00,7738.8
2024/8/29 11:15,7784.4
2024/8/29 11:30,7797.6
2024/8/29 11:45,7856.4
2024/8/29 12:00,7792.8
2024/8/29 12:15,7780.8
2024/8/29 12:30,7843.2
2024/8/29 12:45,7814.4
2024/8/29 13:00,7803.6
2024/8/29 13:15,7826.4
2024/8/29 13:30,7908
2024/8/29 13:45,7851.6
2024/8/29 14:00,7762.8
2024/8/29 14:15,7744.8
2024/8/29 14:30,7784.4
2024/8/29 14:45,7789.2
2024/8/29 15:00,7753.2
2024/8/29 15:15,7748.4
2024/8/29 15:30,7822.8
2024/8/29 15:45,7898.4
2024/8/29 16:00,7975.2
2024/8/29 16:15,7928.4
2024/8/29 16:30,7867.2
2024/8/29 16:45,7867.2
2024/8/29 17:00,7898.4
2024/8/29 17:15,7736.4
2024/8/29 17:30,7764
2024/8/29 17:45,7714.8
2024/8/29 18:00,7642.8
2024/8/29 18:15,7749.6
2024/8/29 18:30,7870.8
2024/8/29 18:45,7753.2
2024/8/29 19:00,7797.6
2024/8/29 19:15,7791.6
2024/8/29 19:30,7602
2024/8/29 19:45,7651.2
2024/8/29 20:00,7686
2024/8/29 20:15,7798.8
2024/8/29 20:30,7720.8
2024/8/29 20:45,7663.2
2024/8/29 21:00,7632
2024/8/29 21:15,7650
2024/8/29 21:30,7656
2024/8/29 21:45,7658.4
2024/8/29 22:00,7605.6
2024/8/29 22:15,7614
2024/8/29 22:30,7634.4
2024/8/29 22:45,7666.8
2024/8/29 23:00,7545.6
2024/8/29 23:15,7606.8
2024/8/29 23:30,7677.6
2024/8/29 23:45,7671.6
2024/8/30 0:00,7790.4
2024/8/30 0:15,7760.4
2024/8/30 0:30,7712.4
2024/8/30 0:45,7723.2
2024/8/30 1:00,7678.8
2024/8/30 1:15,7686
2024/8/30 1:30,7706.4
2024/8/30 1:45,7641.6
2024/8/30 2:00,7726.8
2024/8/30 2:15,7586.4
2024/8/30 2:30,7552.8
2024/8/30 2:45,7608
2024/8/30 3:00,7447.2
2024/8/30 3:15,7573.2
2024/8/30 3:30,7618.8
2024/8/30 3:45,7688.4
2024/8/30 4:00,7474.8
2024/8/30 4:15,7624.8
2024/8/30 4:30,7590
2024/8/30 4:45,7479.6
2024/8/30 5:00,7494
2024/8/30 5:15,7509.6
2024/8/30 5:30,7502.4
2024/8/30 5:45,7455.6
2024/8/30 6:00,7519.2
2024/8/30 6:15,7524
2024/8/30 6:30,7491.6
2024/8/30 6:45,7483.2
2024/8/30 7:00,7413.6
2024/8/30 7:15,7435.2
2024/8/30 7:30,7473.6
2024/8/30 7:45,7454.4
2024/8/30 8:00,7527.6
2024/8/30 8:15,7521.6
2024/8/30 8:30,7525.2
2024/8/30 8:45,7633.2
2024/8/30 9:00,7645.2
2024/8/30 9:15,7237.2
2024/8/30 9:30,7622.4
2024/8/30 9:45,7768.8
2024/8/30 10:00,7659.6
2024/8/30 10:15,7555.2
2024/8/30 10:30,7586.4
2024/8/30 10:45,7738.8
2024/8/30 11:00,7680
2024/8/30 11:15,7730.4
2024/8/30 11:30,7591.2
2024/8/30 11:45,7384.8
2024/8/30 12:00,7497.6
2024/8/30 12:15,7659.6
2024/8/30 12:30,7717.2
2024/8/30 12:45,7660.8
2024/8/30 13:00,7736.4
2024/8/30 13:15,7730.4
2024/8/30 13:30,7658.4
2024/8/30 13:45,7687.2
2024/8/30 14:00,7743.6
2024/8/30 14:15,7773.6
2024/8/30 14:30,7726.8
2024/8/30 14:45,8073.6
2024/8/30 15:00,7808.4
2024/8/30 15:15,7776
2024/8/30 15:30,7806
2024/8/30 15:45,7816.8
2024/8/30 16:00,7753.2
2024/8/30 16:15,7778.4
2024/8/30 16:30,7833.6
2024/8/30 16:45,7710
2024/8/30 17:00,7712.4
2024/8/30 17:15,7785.6
2024/8/30 17:30,7822.8
2024/8/30 17:45,7710
2024/8/30 18:00,7674
2024/8/30 18:15,7646.4
2024/8/30 18:30,7741.2
2024/8/30 18:45,7681.2
2024/8/30 19:00,7766.4
2024/8/30 19:15,7790.4
2024/8/30 19:30,7816.8
2024/8/30 19:45,7758
2024/8/30 20:00,7815.6
2024/8/30 20:15,7860
2024/8/30 20:30,7825.2
2024/8/30 20:45,7756.8
2024/8/30 21:00,7742.4
2024/8/30 21:15,7657.2
2024/8/30 21:30,7712.4
2024/8/30 21:45,7780.8
2024/8/30 22:00,7914
2024/8/30 22:15,7732.8
2024/8/30 22:30,7741.2
2024/8/30 22:45,7551.6
2024/8/30 23:00,7660.8
2024/8/30 23:15,7725.6
2024/8/30 23:30,7604.4
2024/8/30 23:45,7693.2
2024/8/31 0:00,7660.8
2024/8/31 0:15,7698
2024/8/31 0:30,7640.4
2024/8/31 0:45,7675.2
2024/8/31 1:00,7684.8
2024/8/31 1:15,7651.2
2024/8/31 1:30,7670.4
2024/8/31 1:45,7642.8
2024/8/31 2:00,7687.2
2024/8/31 2:15,7633.2
2024/8/31 2:30,7605.6
2024/8/31 2:45,7674
2024/8/31 3:00,7557.6
2024/8/31 3:15,7593.6
2024/8/31 3:30,7573.2
2024/8/31 3:45,7488
2024/8/31 4:00,7600.8
2024/8/31 4:15,7603.2
2024/8/31 4:30,7582.8
2024/8/31 4:45,7609.2
2024/8/31 5:00,7528.8
2024/8/31 5:15,7548
2024/8/31 5:30,7546.8
2024/8/31 5:45,7546.8
2024/8/31 6:00,7498.8
2024/8/31 6:15,7543.2
2024/8/31 6:30,7470
2024/8/31 6:45,7410
2024/8/31 7:00,7526.4
2024/8/31 7:15,7416
2024/8/31 7:30,7324.8
2024/8/31 7:45,7498.8
2024/8/31 8:00,7464
2024/8/31 8:15,7477.2
2024/8/31 8:30,7504.8
2024/8/31 8:45,7554
2024/8/31 9:00,7611.6
2024/8/31 9:15,7642.8
2024/8/31 9:30,7761.6
2024/8/31 9:45,7779.6
2024/8/31 10:00,7886.4
2024/8/31 10:15,7675.2
2024/8/31 10:30,7839.6
2024/8/31 10:45,7905.6
2024/8/31 11:00,7796.4
2024/8/31 11:15,7874.4
2024/8/31 11:30,7714.8
2024/8/31 11:45,7736.4
2024/8/31 12:00,7747.2
2024/8/31 12:15,7647.6
2024/8/31 12:30,7789.2
2024/8/31 12:45,7854
2024/8/31 13:00,7774.8
2024/8/31 13:15,7719.6
2024/8/31 13:30,7792.8
2024/8/31 13:45,7790.4
2024/8/31 14:00,7773.6
2024/8/31 14:15,7748.4
2024/8/31 14:30,7791.6
2024/8/31 14:45,7700.4
2024/8/31 15:00,7845.6
2024/8/31 15:15,7923.6
2024/8/31 15:30,7872
2024/8/31 15:45,7888.8
2024/8/31 16:00,7868.4
2024/8/31 16:15,7814.4
2024/8/31 16:30,7850.4
2024/8/31 16:45,7881.6
2024/8/31 17:00,7882.8
2024/8/31 17:15,7864.8
2024/8/31 17:30,7874.4
2024/8/31 17:45,7880.4
2024/8/31 18:00,7729.2
2024/8/31 18:15,7826.4
2024/8/31 18:30,7834.8
2024/8/31 18:45,7800
2024/8/31 19:00,7720.8
2024/8/31 19:15,7738.8
2024/8/31 19:30,7688.4
2024/8/31 19:45,7825.2
2024/8/31 20:00,7705.2
2024/8/31 20:15,7675.2
2024/8/31 20:30,7670.4
2024/8/31 20:45,7720.8
2024/8/31 21:00,7689.6
2024/8/31 21:15,7773.6
2024/8/31 21:30,7718.4
2024/8/31 21:45,7705.2
2024/8/31 22:00,7736.4
2024/8/31 22:15,7768.8
2024/8/31 22:30,7436.4
2024/8/31 22:45,7447.2
2024/8/31 23:00,7663.2
2024/8/31 23:15,7789.2
2024/8/31 23:30,7698
2024/8/31 23:45,7693.2
2024/9/1 0:00,7680
2024/9/1 0:15,7671.6
2024/9/1 0:30,7490.4
2024/9/1 0:45,7520.4
2024/9/1 1:00,7539.6
2024/9/1 1:15,7622.4
2024/9/1 1:30,7609.2
2024/9/1 1:45,7627.2
2024/9/1 2:00,7584
2024/9/1 2:15,7602
2024/9/1 2:30,7596
2024/9/1 2:45,7527.6
2024/9/1 3:00,7584
2024/9/1 3:15,7550.4
2024/9/1 3:30,7525.2
2024/9/1 3:45,7561.2
2024/9/1 4:00,7609.2
2024/9/1 4:15,7574.4
2024/9/1 4:30,7568.4
2024/9/1 4:45,7556.4
2024/9/1 5:00,7518
2024/9/1 5:15,7548
2024/9/1 5:30,7490.4
2024/9/1 5:45,7506
2024/9/1 6:00,7504.8
2024/9/1 6:15,7486.8
2024/9/1 6:30,7528.8
2024/9/1 6:45,7525.2
2024/9/1 7:00,7513.2
2024/9/1 7:15,7515.6
2024/9/1 7:30,7556.4
2024/9/1 7:45,7575.6
2024/9/1 8:00,7537.2
2024/9/1 8:15,7540.8
2024/9/1 8:30,7604.4
2024/9/1 8:45,7508.4
2024/9/1 9:00,7567.2
2024/9/1 9:15,7647.6
2024/9/1 9:30,7603.2
2024/9/1 9:45,7729.2
2024/9/1 10:00,7792.8
2024/9/1 10:15,7791.6
2024/9/1 10:30,7756.8
2024/9/1 10:45,7780.8
2024/9/1 11:00,7744.8
2024/9/1 11:15,7846.8
2024/9/1 11:30,7737.6
2024/9/1 11:45,7825.2
2024/9/1 12:00,7843.2
2024/9/1 12:15,7870.8
2024/9/1 12:30,7840.8
2024/9/1 12:45,7782
2024/9/1 13:00,7777.2
2024/9/1 13:15,7711.2
2024/9/1 13:30,7761.6
2024/9/1 13:45,7765.2
2024/9/1 14:00,7826.4
2024/9/1 14:15,7786.8
2024/9/1 14:30,7796.4
2024/9/1 14:45,7822.8
2024/9/1 15:00,7798.8
2024/9/1 15:15,7783.2
2024/9/1 15:30,7812
2024/9/1 15:45,7825.2
2024/9/1 16:00,7723.2
2024/9/1 16:15,7741.2
2024/9/1 16:30,7742.4
2024/9/1 16:45,7665.6
2024/9/1 17:00,7747.2
2024/9/1 17:15,7776
2024/9/1 17:30,7885.2
2024/9/1 17:45,7686
2024/9/1 18:00,7651.2
2024/9/1 18:15,7563.6
2024/9/1 18:30,7518
2024/9/1 18:45,7551.6
2024/9/1 19:00,7490.4
2024/9/1 19:15,7573.2
2024/9/1 19:30,7750.8
2024/9/1 19:45,7744.8
2024/9/1 20:00,7749.6
2024/9/1 20:15,7713.6
2024/9/1 20:30,7790.4
2024/9/1 20:45,7830
2024/9/1 21:00,7798.8
2024/9/1 21:15,7768.8
2024/9/1 21:30,7786.8
2024/9/1 21:45,7816.8
2024/9/1 22:00,7762.8
2024/9/1 22:15,7744.8
2024/9/1 22:30,7730.4
2024/9/1 22:45,7684.8
2024/9/1 23:00,7736.4
2024/9/1 23:15,7707.6
2024/9/1 23:30,7674
2024/9/1 23:45,7676.4
2024/9/2 0:00,7758
2024/9/2 0:15,7626
2024/9/2 0:30,7748.4
2024/9/2 0:45,7802.4
2024/9/2 1:00,7706.4
2024/9/2 1:15,7767.6
2024/9/2 1:30,7773.6
2024/9/2 1:45,7750.8
2024/9/2 2:00,7660.8
2024/9/2 2:15,7723.2
2024/9/2 2:30,7744.8
2024/9/2 2:45,7722
2024/9/2 3:00,7794
2024/9/2 3:15,7702.8
2024/9/2 3:30,7786.8
2024/9/2 3:45,7684.8
2024/9/2 4:00,7778.4
2024/9/2 4:15,7581.6
2024/9/2 4:30,7725.6
2024/9/2 4:45,7678.8
2024/9/2 5:00,7632
2024/9/2 5:15,7666.8
2024/9/2 5:30,7585.2
2024/9/2 5:45,7638
2024/9/2 6:00,7736.4
2024/9/2 6:15,7708.8
2024/9/2 6:30,7666.8
2024/9/2 6:45,7690.8
2024/9/2 7:00,7723.2
2024/9/2 7:15,7648.8
2024/9/2 7:30,7718.4
2024/9/2 7:45,7646.4
2024/9/2 8:00,7659.6
2024/9/2 8:15,7520.4
2024/9/2 8:30,7634.4
2024/9/2 8:45,7546.8
2024/9/2 9:00,7566
2024/9/2 9:15,7645.2
2024/9/2 9:30,7461.6
2024/9/2 9:45,7556.4
2024/9/2 10:00,7590
2024/9/2 10:15,7701.6
2024/9/2 10:30,7687.2
2024/9/2 10:45,7784.4
2024/9/2 11:00,7747.2
2024/9/2 11:15,7800
2024/9/2 11:30,7707.6
2024/9/2 11:45,7702.8
2024/9/2 12:00,7666.8
2024/9/2 12:15,7723.2
2024/9/2 12:30,7652.4
2024/9/2 12:45,7686
2024/9/2 13:00,7657.2
2024/9/2 13:15,7627.2
2024/9/2 13:30,7634.4
2024/9/2 13:45,7756.8
2024/9/2 14:00,7725.6
2024/9/2 14:15,7652.4
2024/9/2 14:30,7707.6
2024/9/2 14:45,7766.4
2024/9/2 15:00,7795.2
2024/9/2 15:15,7734
2024/9/2 15:30,7753.2
2024/9/2 15:45,7684.8
2024/9/2 16:00,7627.2
2024/9/2 16:15,7719.6
2024/9/2 16:30,7760.4
2024/9/2 16:45,7750.8
2024/9/2 17:00,7764
2024/9/2 17:15,7701.6
2024/9/2 17:30,7653.6
2024/9/2 17:45,7730.4
2024/9/2 18:00,7729.2
2024/9/2 18:15,7696.8
2024/9/2 18:30,7730.4
2024/9/2 18:45,7732.8
2024/9/2 19:00,7602
2024/9/2 19:15,7665.6
2024/9/2 19:30,7624.8
2024/9/2 19:45,7638
2024/9/2 20:00,7616.4
2024/9/2 20:15,7638
2024/9/2 20:30,7556.4
2024/9/2 20:45,7591.2
2024/9/2 21:00,7549.2
2024/9/2 21:15,7575.6
2024/9/2 21:30,7648.8
2024/9/2 21:45,7687.2
2024/9/2 22:00,7600.8
2024/9/2 22:15,7650
2024/9/2 22:30,7605.6
2024/9/2 22:45,7654.8
2024/9/2 23:00,7724.4
2024/9/2 23:15,7700.4
2024/9/2 23:30,7668
2024/9/2 23:45,7668
2024/9/3 0:00,7576.8
2024/9/3 0:15,7700.4
2024/9/3 0:30,7594.8
2024/9/3 0:45,7676.4
2024/9/3 1:00,7508.4
2024/9/3 1:15,7644
2024/9/3 1:30,7612.8
2024/9/3 1:45,7639.2
2024/9/3 2:00,7562.4
2024/9/3 2:15,7560
2024/9/3 2:30,7557.6
2024/9/3 2:45,7540.8
2024/9/3 3:00,7594.8
2024/9/3 3:15,7604.4
2024/9/3 3:30,7612.8
2024/9/3 3:45,7574.4
2024/9/3 4:00,7555.2
2024/9/3 4:15,7542
2024/9/3 4:30,7545.6
2024/9/3 4:45,7584
2024/9/3 5:00,7537.2
2024/9/3 5:15,7515.6
2024/9/3 5:30,7395.6
2024/9/3 5:45,7455.6
2024/9/3 6:00,7504.8
2024/9/3 6:15,7459.2
2024/9/3 6:30,7392
2024/9/3 6:45,7401.6
2024/9/3 7:00,7407.6
2024/9/3 7:15,7443.6
2024/9/3 7:30,7410
2024/9/3 7:45,7389.6
2024/9/3 8:00,7456.8
2024/9/3 8:15,7464
2024/9/3 8:30,7476
2024/9/3 8:45,7482
2024/9/3 9:00,7418.4
2024/9/3 9:15,7518
2024/9/3 9:30,7580.4
2024/9/3 9:45,7503.6
2024/9/3 10:00,7616.4
2024/9/3 10:15,7580.4
2024/9/3 10:30,7560
2024/9/3 10:45,7645.2
2024/9/3 11:00,7634.4
2024/9/3 11:15,7603.2
2024/9/3 11:30,7567.2
2024/9/3 11:45,7521.6
2024/9/3 12:00,7411.2
2024/9/3 12:15,7542
2024/9/3 12:30,7413.6
2024/9/3 12:45,7466.4
2024/9/3 13:00,7480.8
2024/9/3 13:15,7488
2024/9/3 13:30,7519.2
2024/9/3 13:45,7623.6
2024/9/3 14:00,7599.6
2024/9/3 14:15,7627.2
2024/9/3 14:30,7611.6
2024/9/3 14:45,7591.2
2024/9/3 15:00,7658.4
2024/9/3 15:15,7674
2024/9/3 15:30,7675.2
2024/9/3 15:45,7596
2024/9/3 16:00,7546.8
2024/9/3 16:15,7527.6
2024/9/3 16:30,7650
2024/9/3 16:45,7680
2024/9/3 17:00,7608
2024/9/3 17:15,7392
2024/9/3 17:30,7611.6
2024/9/3 17:45,7430.4
2024/9/3 18:00,7551.6
2024/9/3 18:15,7501.2
2024/9/3 18:30,7520.4
2024/9/3 18:45,7561.2
2024/9/3 19:00,7545.6
2024/9/3 19:15,7568.4
2024/9/3 19:30,7587.6
2024/9/3 19:45,7491.6
2024/9/3 20:00,7494
2024/9/3 20:15,7471.2
2024/9/3 20:30,7486.8
2024/9/3 20:45,7489.2
2024/9/3 21:00,7606.8
2024/9/3 21:15,7609.2
2024/9/3 21:30,7581.6
2024/9/3 21:45,7525.2
2024/9/3 22:00,7562.4
2024/9/3 22:15,7618.8
2024/9/3 22:30,7539.6
2024/9/3 22:45,7563.6
2024/9/3 23:00,7567.2
2024/9/3 23:15,7525.2
2024/9/3 23:30,7598.4
2024/9/3 23:45,7578
2024/9/4 0:00,7537.2
2024/9/4 0:15,7590
2024/9/4 0:30,7495.2
2024/9/4 0:45,7560
2024/9/4 1:00,7550.4
2024/9/4 1:15,7545.6
2024/9/4 1:30,7508.4
2024/9/4 1:45,7438.8
2024/9/4 2:00,7520.4
2024/9/4 2:15,7534.8
2024/9/4 2:30,7585.2
2024/9/4 2:45,7526.4
2024/9/4 3:00,7614
2024/9/4 3:15,7665.6
2024/9/4 3:30,7636.8
2024/9/4 3:45,7638
2024/9/4 4:00,7623.6
2024/9/4 4:15,7638
2024/9/4 4:30,7588.8
2024/9/4 4:45,7568.4
2024/9/4 5:00,7502.4
2024/9/4 5:15,7623.6
2024/9/4 5:30,7516.8
2024/9/4 5:45,7496.4
2024/9/4 6:00,7435.2
2024/9/4 6:15,7485.6
2024/9/4 6:30,7378.8
2024/9/4 6:45,7520.4
2024/9/4 7:00,7418.4
2024/9/4 7:15,7486.8
2024/9/4 7:30,7442.4
2024/9/4 7:45,7531.2
2024/9/4 8:00,7348.8
2024/9/4 8:15,7497.6
2024/9/4 8:30,7392
2024/9/4 8:45,7501.2
2024/9/4 9:00,7468.8
2024/9/4 9:15,7603.2
2024/9/4 9:30,7596
2024/9/4 9:45,7578
2024/9/4 10:00,7563.6
2024/9/4 10:15,7611.6
2024/9/4 10:30,7592.4
2024/9/4 10:45,7628.4
2024/9/4 11:00,7606.8
2024/9/4 11:15,7561.2
2024/9/4 11:30,7480.8
2024/9/4 11:45,7468.8
2024/9/4 12:00,7528.8
2024/9/4 12:15,7542
2024/9/4 12:30,7485.6
2024/9/4 12:45,7524
2024/9/4 13:00,7540.8
2024/9/4 13:15,7549.2
2024/9/4 13:30,7512
2024/9/4 13:45,7521.6
2024/9/4 14:00,7556.4
2024/9/4 14:15,7561.2
2024/9/4 14:30,7489.2
2024/9/4 14:45,7598.4
2024/9/4 15:00,7604.4
2024/9/4 15:15,7600.8
2024/9/4 15:30,7626
2024/9/4 15:45,7569.6
2024/9/4 16:00,7590
2024/9/4 16:15,7648.8
2024/9/4 16:30,7580.4
2024/9/4 16:45,7512
2024/9/4 17:00,7574.4
2024/9/4 17:15,7513.2
2024/9/4 17:30,7537.2
2024/9/4 17:45,7562.4
2024/9/4 18:00,7516.8
2024/9/4 18:15,7590
2024/9/4 18:30,7557.6
2024/9/4 18:45,7528.8
2024/9/4 19:00,7520.4
2024/9/4 19:15,7449.6
2024/9/4 19:30,7560
2024/9/4 19:45,7516.8
2024/9/4 20:00,7542
2024/9/4 20:15,7617.6
2024/9/4 20:30,7544.4
2024/9/4 20:45,7548
2024/9/4 21:00,7590
2024/9/4 21:15,7584
2024/9/4 21:30,7534.8
2024/9/4 21:45,7575.6
2024/9/4 22:00,7606.8
2024/9/4 22:15,7396.8
2024/9/4 22:30,7482
2024/9/4 22:45,7482
2024/9/4 23:00,7489.2
2024/9/4 23:15,7498.8
2024/9/4 23:30,7610.4
2024/9/4 23:45,7501.2
2024/9/5 0:00,7573.2
2024/9/5 0:15,7473.6
2024/9/5 0:30,7635.6
2024/9/5 0:45,7510.8
2024/9/5 1:00,7506
2024/9/5 1:15,7506
2024/9/5 1:30,7526.4
2024/9/5 1:45,7525.2
2024/9/5 2:00,7512
2024/9/5 2:15,7532.4
2024/9/5 2:30,7494
2024/9/5 2:45,7465.2
2024/9/5 3:00,7516.8
2024/9/5 3:15,7538.4
2024/9/5 3:30,7530
2024/9/5 3:45,7496.4
2024/9/5 4:00,7554
2024/9/5 4:15,7527.6
2024/9/5 4:30,7534.8
2024/9/5 4:45,7472.4
2024/9/5 5:00,7497.6
2024/9/5 5:15,7518
2024/9/5 5:30,7449.6
2024/9/5 5:45,7438.8
2024/9/5 6:00,7434
2024/9/5 6:15,7392
2024/9/5 6:30,7444.8
2024/9/5 6:45,7347.6
2024/9/5 7:00,7431.6
2024/9/5 7:15,7440
2024/9/5 7:30,7392
2024/9/5 7:45,7441.2
2024/9/5 8:00,7479.6
2024/9/5 8:15,7488
2024/9/5 8:30,7489.2
2024/9/5 8:45,7484.4
2024/9/5 9:00,7542
2024/9/5 9:15,7611.6
2024/9/5 9:30,7437.6
2024/9/5 9:45,7527.6
2024/9/5 10:00,7598.4
2024/9/5 10:15,7628.4
2024/9/5 10:30,7610.4
2024/9/5 10:45,7681.2
2024/9/5 11:00,7495.2
2024/9/5 11:15,7563.6
2024/9/5 11:30,7710
2024/9/5 11:45,7699.2
2024/9/5 12:00,7771.2
2024/9/5 12:15,7696.8
2024/9/5 12:30,7684.8
2024/9/5 12:45,7765.2
2024/9/5 13:00,7624.8
2024/9/5 13:15,7752
2024/9/5 13:30,7734
2024/9/5 13:45,7747.2
2024/9/5 14:00,7616.4
2024/9/5 14:15,7730.4
2024/9/5 14:30,7533.6
2024/9/5 14:45,7707.6
2024/9/5 15:00,7804.8
2024/9/5 15:15,7846.8
2024/9/5 15:30,7784.4
2024/9/5 15:45,7882.8
2024/9/5 16:00,7564.8
2024/9/5 16:15,7663.2
2024/9/5 16:30,7662
2024/9/5 16:45,7800
2024/9/5 17:00,7815.6
2024/9/5 17:15,7779.6
2024/9/5 17:30,7776
2024/9/5 17:45,7752
2024/9/5 18:00,7714.8
2024/9/5 18:15,7762.8
2024/9/5 18:30,7785.6
2024/9/5 18:45,7744.8
2024/9/5 19:00,7837.2
2024/9/5 19:15,7830
2024/9/5 19:30,7815.6
2024/9/5 19:45,7782
2024/9/5 20:00,7821.6
2024/9/5 20:15,7792.8
2024/9/5 20:30,7828.8
2024/9/5 20:45,7831.2
2024/9/5 21:00,7748.4
2024/9/5 21:15,7791.6
2024/9/5 21:30,7726.8
2024/9/5 21:45,7641.6
2024/9/5 22:00,7689.6
2024/9/5 22:15,7771.2
2024/9/5 22:30,7675.2
2024/9/5 22:45,7612.8
2024/9/5 23:00,7694.4
2024/9/5 23:15,7658.4
2024/9/5 23:30,7318.8
2024/9/5 23:45,7213.2
2024/9/6 0:00,7209.6
2024/9/6 0:15,7135.2
2024/9/6 0:30,7297.2
2024/9/6 0:45,7423.2
2024/9/6 1:00,7502.4
2024/9/6 1:15,7515.6
2024/9/6 1:30,7450.8
2024/9/6 1:45,7450.8
2024/9/6 2:00,7418.4
2024/9/6 2:15,7410
2024/9/6 2:30,7394.4
2024/9/6 2:45,7336.8
2024/9/6 3:00,7350
2024/9/6 3:15,7414.8
2024/9/6 3:30,7390.8
2024/9/6 3:45,7344
2024/9/6 4:00,7335.6
2024/9/6 4:15,7362
2024/9/6 4:30,7405.2
2024/9/6 4:45,7293.6
2024/9/6 5:00,7152
2024/9/6 5:15,7341.6
2024/9/6 5:30,7320
2024/9/6 5:45,7315.2
2024/9/6 6:00,7274.4
2024/9/6 6:15,7302
2024/9/6 6:30,7272
2024/9/6 6:45,7345.2
2024/9/6 7:00,7288.8
2024/9/6 7:15,7294.8
2024/9/6 7:30,7356
2024/9/6 7:45,7405.2
2024/9/6 8:00,7497.6
2024/9/6 8:15,7501.2
2024/9/6 8:30,7494
2024/9/6 8:45,7598.4
2024/9/6 9:00,7557.6
2024/9/6 9:15,7716
2024/9/6 9:30,7669.2
2024/9/6 9:45,7723.2
2024/9/6 10:00,7822.8
2024/9/6 10:15,7765.2
2024/9/6 10:30,7780.8
2024/9/6 10:45,7742.4
2024/9/6 11:00,7834.8
2024/9/6 11:15,7831.2
2024/9/6 11:30,7803.6
2024/9/6 11:45,7791.6
2024/9/6 12:00,7778.4
2024/9/6 12:15,7879.2
2024/9/6 12:30,7858.8
2024/9/6 12:45,7912.8
2024/9/6 13:00,7880.4
2024/9/6 13:15,7909.2
2024/9/6 13:30,7910.4
2024/9/6 13:45,7832.4
2024/9/6 14:00,7658.4
2024/9/6 14:15,7856.4
2024/9/6 14:30,7953.6
2024/9/6 14:45,7879.2
2024/9/6 15:00,7900.8
2024/9/6 15:15,7900.8
2024/9/6 15:30,7986
2024/9/6 15:45,7933.2
2024/9/6 16:00,7849.2
2024/9/6 16:15,7980
2024/9/6 16:30,7989.6
2024/9/6 16:45,7965.6
2024/9/6 17:00,7972.8
2024/9/6 17:15,7893.6
2024/9/6 17:30,7886.4
2024/9/6 17:45,7873.2
2024/9/6 18:00,7899.6
2024/9/6 18:15,7904.4
2024/9/6 18:30,7893.6
2024/9/6 18:45,7804.8
2024/9/6 19:00,7892.4
2024/9/6 19:15,7782
2024/9/6 19:30,7809.6
2024/9/6 19:45,7881.6
2024/9/6 20:00,7934.4
2024/9/6 20:15,7910.4
2024/9/6 20:30,7930.8
2024/9/6 20:45,7915.2
2024/9/6 21:00,7906.8
2024/9/6 21:15,7870.8
2024/9/6 21:30,7878
2024/9/6 21:45,7870.8
2024/9/6 22:00,7790.4
2024/9/6 22:15,7916.4
2024/9/6 22:30,7861.2
2024/9/6 22:45,7908
2024/9/6 23:00,7879.2
2024/9/6 23:15,7830
2024/9/6 23:30,7820.4
2024/9/6 23:45,7814.4
2024/9/7 0:00,7770
2024/9/7 0:15,7822.8
2024/9/7 0:30,7759.2
2024/9/7 0:45,7740
2024/9/7 1:00,7796.4
2024/9/7 1:15,7744.8
2024/9/7 1:30,7737.6
2024/9/7 1:45,7575.6
2024/9/7 2:00,7575.6
2024/9/7 2:15,7628.4
2024/9/7 2:30,7612.8
2024/9/7 2:45,7681.2
2024/9/7 3:00,7660.8
2024/9/7 3:15,7720.8
2024/9/7 3:30,7647.6
2024/9/7 3:45,7705.2
2024/9/7 4:00,7713.6
2024/9/7 4:15,7724.4
2024/9/7 4:30,7623.6
2024/9/7 4:45,7618.8
2024/9/7 5:00,7616.4
2024/9/7 5:15,7598.4
2024/9/7 5:30,7533.6
2024/9/7 5:45,7539.6
2024/9/7 6:00,7586.4
2024/9/7 6:15,7515.6
2024/9/7 6:30,7566
2024/9/7 6:45,7544.4
2024/9/7 7:00,7521.6
2024/9/7 7:15,7550.4
2024/9/7 7:30,7591.2
2024/9/7 7:45,7582.8
2024/9/7 8:00,7628.4
2024/9/7 8:15,7531.2
2024/9/7 8:30,7590
2024/9/7 8:45,7674
2024/9/7 9:00,7665.6
2024/9/7 9:15,7766.4
2024/9/7 9:30,7740
2024/9/7 9:45,7772.4
2024/9/7 10:00,7576.8
2024/9/7 10:15,7821.6
2024/9/7 10:30,7789.2
2024/9/7 10:45,7808.4
2024/9/7 11:00,7856.4
2024/9/7 11:15,7886.4
2024/9/7 11:30,7845.6
2024/9/7 11:45,7864.8
2024/9/7 12:00,7809.6
2024/9/7 12:15,7903.2
2024/9/7 12:30,7906.8
2024/9/7 12:45,7944
2024/9/7 13:00,7873.2
2024/9/7 13:15,7938
2024/9/7 13:30,7908
2024/9/7 13:45,7854
2024/9/7 14:00,7934.4
2024/9/7 14:15,7785.6
2024/9/7 14:30,7663.2
2024/9/7 14:45,7617.6
2024/9/7 15:00,7694.4
2024/9/7 15:15,7779.6
2024/9/7 15:30,7843.2
2024/9/7 15:45,7726.8
2024/9/7 16:00,7825.2
2024/9/7 16:15,7863.6
2024/9/7 16:30,7761.6
2024/9/7 16:45,7852.8
2024/9/7 17:00,7742.4
2024/9/7 17:15,7669.2
2024/9/7 17:30,7716
2024/9/7 17:45,7717.2
2024/9/7 18:00,7814.4
2024/9/7 18:15,7815.6
2024/9/7 18:30,7779.6
2024/9/7 18:45,7801.2
2024/9/7 19:00,7791.6
2024/9/7 19:15,7700.4
2024/9/7 19:30,7730.4
2024/9/7 19:45,7780.8
2024/9/7 20:00,7778.4
2024/9/7 20:15,7718.4
2024/9/7 20:30,7614
2024/9/7 20:45,7669.2
2024/9/7 21:00,7603.2
2024/9/7 21:15,7632
2024/9/7 21:30,7746
2024/9/7 21:45,7741.2
2024/9/7 22:00,7712.4
2024/9/7 22:15,7696.8
2024/9/7 22:30,7711.2
2024/9/7 22:45,7770
2024/9/7 23:00,7734
2024/9/7 23:15,7762.8
2024/9/7 23:30,7778.4
2024/9/7 23:45,7684.8
2024/9/8 0:00,7735.2
2024/9/8 0:15,7701.6
2024/9/8 0:30,7716
2024/9/8 0:45,7563.6
2024/9/8 1:00,7750.8
2024/9/8 1:15,7774.8
2024/9/8 1:30,7668
2024/9/8 1:45,7765.2
2024/9/8 2:00,7675.2
2024/9/8 2:15,7713.6
2024/9/8 2:30,7672.8
2024/9/8 2:45,7687.2
2024/9/8 3:00,7701.6
2024/9/8 3:15,7773.6
2024/9/8 3:30,7686
2024/9/8 3:45,7702.8
2024/9/8 4:00,7716
2024/9/8 4:15,7760.4
2024/9/8 4:30,7678.8
2024/9/8 4:45,7593.6
2024/9/8 5:00,7550.4
2024/9/8 5:15,7398
2024/9/8 5:30,7440
2024/9/8 5:45,7502.4
2024/9/8 6:00,7455.6
2024/9/8 6:15,7410
2024/9/8 6:30,7435.2
2024/9/8 6:45,7418.4
2024/9/8 7:00,7438.8
2024/9/8 7:15,7434
2024/9/8 7:30,7135.2
2024/9/8 7:45,7017.6
2024/9/8 8:00,6938.4
2024/9/8 8:15,7010.4
2024/9/8 8:30,7029.6
2024/9/8 8:45,6979.2
2024/9/8 9:00,7072.8
2024/9/8 9:15,7184.4
2024/9/8 9:30,7374
2024/9/8 9:45,7347.6
2024/9/8 10:00,7375.2
2024/9/8 10:15,7266
2024/9/8 10:30,7327.2
2024/9/8 10:45,7316.4
2024/9/8 11:00,7246.8
2024/9/8 11:15,7353.6
2024/9/8 11:30,7324.8
2024/9/8 11:45,7304.4
2024/9/8 12:00,7357.2
2024/9/8 12:15,7384.8
2024/9/8 12:30,7315.2
2024/9/8 12:45,7365.6
2024/9/8 13:00,7404
2024/9/8 13:15,7363.2
2024/9/8 13:30,7352.4
2024/9/8 13:45,7375.2
2024/9/8 14:00,7394.4
2024/9/8 14:15,7378.8
2024/9/8 14:30,7304.4
2024/9/8 14:45,7354.8
2024/9/8 15:00,7376.4
2024/9/8 15:15,7335.6
2024/9/8 15:30,7218
2024/9/8 15:45,7365.6
2024/9/8 16:00,7290
2024/9/8 16:15,7309.2
2024/9/8 16:30,7398
2024/9/8 16:45,7418.4
2024/9/8 17:00,7250.4
2024/9/8 17:15,7320
2024/9/8 17:30,7364.4
2024/9/8 17:45,7292.4
2024/9/8 18:00,7280.4
2024/9/8 18:15,7314
2024/9/8 18:30,7279.2
2024/9/8 18:45,7310.4
2024/9/8 19:00,7341.6
2024/9/8 19:15,7306.8
2024/9/8 19:30,7380
2024/9/8 19:45,7334.4
2024/9/8 20:00,7219.2
2024/9/8 20:15,7390.8
2024/9/8 20:30,7296
2024/9/8 20:45,7310.4
2024/9/8 21:00,7334.4
2024/9/8 21:15,7446
2024/9/8 21:30,7395.6
2024/9/8 21:45,7299.6
2024/9/8 22:00,7326
2024/9/8 22:15,7234.8
2024/9/8 22:30,7267.2
2024/9/8 22:45,7381.2
2024/9/8 23:00,7360.8
2024/9/8 23:15,7216.8
2024/9/8 23:30,7322.4
2024/9/8 23:45,7222.8
2024/9/9 0:00,7218
2024/9/9 0:15,7299.6
2024/9/9 0:30,7204.8
2024/9/9 0:45,7120.8
2024/9/9 1:00,7207.2
2024/9/9 1:15,7206
2024/9/9 1:30,7164
2024/9/9 1:45,7194
2024/9/9 2:00,7138.8
2024/9/9 2:15,7094.4
2024/9/9 2:30,7132.8
2024/9/9 2:45,7146
2024/9/9 3:00,7094.4
2024/9/9 3:15,7146
2024/9/9 3:30,7117.2
2024/9/9 3:45,7099.2
2024/9/9 4:00,7077.6
2024/9/9 4:15,7132.8
2024/9/9 4:30,7082.4
2024/9/9 4:45,7058.4
2024/9/9 5:00,7084.8
2024/9/9 5:15,7106.4
2024/9/9 5:30,7111.2
2024/9/9 5:45,7093.2
2024/9/9 6:00,7144.8
2024/9/9 6:15,7117.2
2024/9/9 6:30,7111.2
2024/9/9 6:45,7064.4
2024/9/9 7:00,7082.4
2024/9/9 7:15,7095.6
2024/9/9 7:30,7089.6
2024/9/9 7:45,7140
2024/9/9 8:00,7147.2
2024/9/9 8:15,7150.8
2024/9/9 8:30,7130.4
2024/9/9 8:45,7131.6
2024/9/9 9:00,7142.4
2024/9/9 9:15,7209.6
2024/9/9 9:30,7197.6
2024/9/9 9:45,7204.8
2024/9/9 10:00,7114.8
2024/9/9 10:15,7327.2
2024/9/9 10:30,7305.6
2024/9/9 10:45,7329.6
2024/9/9 11:00,7312.8
2024/9/9 11:15,7269.6
2024/9/9 11:30,7281.6
2024/9/9 11:45,7210.8
2024/9/9 12:00,7276.8
2024/9/9 12:15,7125.6
2024/9/9 12:30,7311.6
2024/9/9 12:45,7245.6
2024/9/9 13:00,7255.2
2024/9/9 13:15,7248
2024/9/9 13:30,7287.6
2024/9/9 13:45,7309.2
2024/9/9 14:00,7256.4
2024/9/9 14:15,7335.6
2024/9/9 14:30,7346.4
2024/9/9 14:45,7293.6
2024/9/9 15:00,7248
2024/9/9 15:15,7270.8
2024/9/9 15:30,7252.8
2024/9/9 15:45,7260
2024/9/9 16:00,7234.8
2024/9/9 16:15,7190.4
2024/9/9 16:30,7166.4
2024/9/9 16:45,7138.8
2024/9/9 17:00,7087.2
2024/9/9 17:15,7108.8
2024/9/9 17:30,7051.2
2024/9/9 17:45,7092
2024/9/9 18:00,7070.4
2024/9/9 18:15,7102.8
2024/9/9 18:30,7068
2024/9/9 18:45,7141.2
2024/9/9 19:00,7180.8
2024/9/9 19:15,7156.8
2024/9/9 19:30,7027.2
2024/9/9 19:45,7147.2
2024/9/9 20:00,7080
2024/9/9 20:15,7147.2
2024/9/9 20:30,7206
2024/9/9 20:45,7184.4
2024/9/9 21:00,7149.6
2024/9/9 21:15,7184.4
2024/9/9 21:30,7126.8
2024/9/9 21:45,7236
2024/9/9 22:00,7185.6
2024/9/9 22:15,7176
2024/9/9 22:30,7242
2024/9/9 22:45,7237.2
2024/9/9 23:00,7221.6
2024/9/9 23:15,7248
2024/9/9 23:30,7213.2
2024/9/9 23:45,7185.6
2024/9/10 0:00,7190.4
2024/9/10 0:15,7191.6
2024/9/10 0:30,7257.6
2024/9/10 0:45,7102.8
2024/9/10 1:00,7178.4
2024/9/10 1:15,7182
2024/9/10 1:30,7128
2024/9/10 1:45,7201.2
2024/9/10 2:00,7150.8
2024/9/10 2:15,7120.8
2024/9/10 2:30,7183.2
2024/9/10 2:45,7069.2
2024/9/10 3:00,7192.8
2024/9/10 3:15,7195.2
2024/9/10 3:30,7194
2024/9/10 3:45,7202.4
2024/9/10 4:00,7152
2024/9/10 4:15,7267.2
2024/9/10 4:30,7263.6
2024/9/10 4:45,7236
2024/9/10 5:00,7119.6
2024/9/10 5:15,7118.4
2024/9/10 5:30,7174.8
2024/9/10 5:45,7214.4
2024/9/10 6:00,7120.8
2024/9/10 6:15,7176
2024/9/10 6:30,7155.6
2024/9/10 6:45,7156.8
2024/9/10 7:00,7198.8
2024/9/10 7:15,7188
2024/9/10 7:30,7197.6
2024/9/10 7:45,7180.8
2024/9/10 8:00,7168.8
2024/9/10 8:15,7212
2024/9/10 8:30,7210.8
2024/9/10 8:45,7399.2
2024/9/10 9:00,7312.8
2024/9/10 9:15,7267.2
2024/9/10 9:30,7329.6
2024/9/10 9:45,7404
2024/9/10 10:00,7215.6
2024/9/10 10:15,7582.8
2024/9/10 10:30,7418.4
2024/9/10 10:45,7526.4
2024/9/10 11:00,7424.4
2024/9/10 11:15,7388.4
2024/9/10 11:30,7462.8
2024/9/10 11:45,7543.2
2024/9/10 12:00,7454.4
2024/9/10 12:15,7560
2024/9/10 12:30,7594.8
2024/9/10 12:45,7504.8
2024/9/10 13:00,7326
2024/9/10 13:15,7557.6
2024/9/10 13:30,7504.8
2024/9/10 13:45,7568.4
2024/9/10 14:00,7515.6
2024/9/10 14:15,7632
2024/9/10 14:30,7599.6
2024/9/10 14:45,7534.8
2024/9/10 15:00,7606.8
2024/9/10 15:15,7617.6
2024/9/10 15:30,7569.6
2024/9/10 15:45,7569.6
2024/9/10 16:00,7611.6
2024/9/10 16:15,7664.4
2024/9/10 16:30,7556.4
2024/9/10 16:45,7711.2
2024/9/10 17:00,7482
2024/9/10 17:15,7512
2024/9/10 17:30,7489.2
2024/9/10 17:45,7388.4
2024/9/10 18:00,7574.4
2024/9/10 18:15,8167.2
2024/9/10 18:30,8095.2
2024/9/10 18:45,7765.2
2024/9/10 19:00,7554
2024/9/10 19:15,7384.8
2024/9/10 19:30,7627.2
2024/9/10 19:45,7585.2
2024/9/10 20:00,7484.4
2024/9/10 20:15,7532.4
2024/9/10 20:30,7473.6
2024/9/10 20:45,7502.4
2024/9/10 21:00,7482
2024/9/10 21:15,7408.8
2024/9/10 21:30,7478.4
2024/9/10 21:45,7286.4
2024/9/10 22:00,7466.4
2024/9/10 22:15,7479.6
2024/9/10 22:30,7381.2
2024/9/10 22:45,7416
2024/9/10 23:00,7431.6
2024/9/10 23:15,7321.2
2024/9/10 23:30,7456.8
2024/9/10 23:45,7344
2024/9/11 0:00,7480.8
2024/9/11 0:15,7447.2
2024/9/11 0:30,7396.8
2024/9/11 0:45,7239.6
2024/9/11 1:00,7230
2024/9/11 1:15,7260
2024/9/11 1:30,7209.6
2024/9/11 1:45,7299.6
2024/9/11 2:00,7263.6
2024/9/11 2:15,7162.8
2024/9/11 2:30,7251.6
2024/9/11 2:45,7218
2024/9/11 3:00,7203.6
2024/9/11 3:15,7280.4
2024/9/11 3:30,7335.6
2024/9/11 3:45,7238.4
2024/9/11 4:00,7326
2024/9/11 4:15,7270.8
2024/9/11 4:30,7286.4
2024/9/11 4:45,7281.6
2024/9/11 5:00,7081.2
2024/9/11 5:15,7156.8
2024/9/11 5:30,7185.6
2024/9/11 5:45,7270.8
2024/9/11 6:00,7285.2
2024/9/11 6:15,7230
2024/9/11 6:30,7221.6
2024/9/11 6:45,7266
2024/9/11 7:00,7209.6
2024/9/11 7:15,7206
2024/9/11 7:30,7230
2024/9/11 7:45,7269.6
2024/9/11 8:00,7304.4
2024/9/11 8:15,7309.2
2024/9/11 8:30,7346.4
2024/9/11 8:45,7293.6
2024/9/11 9:00,7250.4
2024/9/11 9:15,7584
2024/9/11 9:30,7284
2024/9/11 9:45,7572
2024/9/11 10:00,7560
2024/9/11 10:15,7396.8
2024/9/11 10:30,7488
2024/9/11 10:45,7525.2
2024/9/11 11:00,7460.4
2024/9/11 11:15,7461.6
2024/9/11 11:30,7432.8
2024/9/11 11:45,7426.8
2024/9/11 12:00,7554
2024/9/11 12:15,7339.2
2024/9/11 12:30,7260
2024/9/11 12:45,7324.8
2024/9/11 13:00,7348.8
2024/9/11 13:15,7308
2024/9/11 13:30,7450.8
2024/9/11 13:45,7490.4
2024/9/11 14:00,7528.8
2024/9/11 14:15,7522.8
2024/9/11 14:30,7454.4
2024/9/11 14:45,7552.8
2024/9/11 15:00,7569.6
2024/9/11 15:15,7711.2
2024/9/11 15:30,7485.6
2024/9/11 15:45,7584
2024/9/11 16:00,7440
2024/9/11 16:15,7582.8
2024/9/11 16:30,7543.2
2024/9/11 16:45,7602
2024/9/11 17:00,7622.4
2024/9/11 17:15,6918
2024/9/11 17:30,7478.4
2024/9/11 17:45,7522.8
2024/9/11 18:00,7536
2024/9/11 18:15,7066.8
2024/9/11 18:30,7112.4
2024/9/11 18:45,7615.2
2024/9/11 19:00,7237.2
2024/9/11 19:15,7116
2024/9/11 19:30,7789.2
2024/9/11 19:45,7760.4
2024/9/11 20:00,7628.4
2024/9/11 20:15,7452
2024/9/11 20:30,7748.4
2024/9/11 20:45,7731.6
2024/9/11 21:00,7620
2024/9/11 21:15,7741.2
2024/9/11 21:30,7640.4
2024/9/11 21:45,7594.8
2024/9/11 22:00,7644
2024/9/11 22:15,7592.4
2024/9/11 22:30,7579.2
2024/9/11 22:45,7537.2
2024/9/11 23:00,7614
2024/9/11 23:15,7521.6
2024/9/11 23:30,7424.4
2024/9/11 23:45,7477.2
2024/9/12 0:00,7393.2
2024/9/12 0:15,7496.4
2024/9/12 0:30,7504.8
2024/9/12 0:45,7417.2
2024/9/12 1:00,7476
2024/9/12 1:15,7544.4
2024/9/12 1:30,7435.2
2024/9/12 1:45,7452
2024/9/12 2:00,7374
2024/9/12 2:15,7407.6
2024/9/12 2:30,7456.8
2024/9/12 2:45,7377.6
2024/9/12 3:00,7414.8
2024/9/12 3:15,7449.6
2024/9/12 3:30,7447.2
2024/9/12 3:45,7339.2
2024/9/12 4:00,7425.6
2024/9/12 4:15,7494
2024/9/12 4:30,7351.2
2024/9/12 4:45,7346.4
2024/9/12 5:00,7356
2024/9/12 5:15,7362
2024/9/12 5:30,7354.8
2024/9/12 5:45,7275.6
2024/9/12 6:00,7285.2
2024/9/12 6:15,7261.2
2024/9/12 6:30,7278
2024/9/12 6:45,7300.8
2024/9/12 7:00,7327.2
2024/9/12 7:15,7359.6
2024/9/12 7:30,7346.4
2024/9/12 7:45,7316.4
2024/9/12 8:00,7345.2
2024/9/12 8:15,7234.8
2024/9/12 8:30,7323.6
2024/9/12 8:45,7321.2
2024/9/12 9:00,7370.4
2024/9/12 9:15,7404
2024/9/12 9:30,7434
2024/9/12 9:45,7393.2
2024/9/12 10:00,7516.8
2024/9/12 10:15,7446
2024/9/12 10:30,7471.2
2024/9/12 10:45,7550.4
2024/9/12 11:00,7524
2024/9/12 11:15,7576.8
2024/9/12 11:30,7476
2024/9/12 11:45,7489.2
2024/9/12 12:00,7516.8
2024/9/12 12:15,7514.4
2024/9/12 12:30,7490.4
2024/9/12 12:45,7430.4
2024/9/12 13:00,7488
2024/9/12 13:15,7413.6
2024/9/12 13:30,7377.6
2024/9/12 13:45,7440
2024/9/12 14:00,7442.4
2024/9/12 14:15,7407.6
2024/9/12 14:30,7473.6
2024/9/12 14:45,7386
2024/9/12 15:00,7497.6
2024/9/12 15:15,7447.2
2024/9/12 15:30,7515.6
2024/9/12 15:45,7471.2
2024/9/12 16:00,7468.8
2024/9/12 16:15,7508.4
2024/9/12 16:30,7491.6
2024/9/12 16:45,7489.2
2024/9/12 17:00,7599.6
2024/9/12 17:15,7471.2
2024/9/12 17:30,7500
2024/9/12 17:45,7576.8
2024/9/12 18:00,7495.2
2024/9/12 18:15,7580.4
2024/9/12 18:30,7554
2024/9/12 18:45,7402.8
2024/9/12 19:00,7458
2024/9/12 19:15,7436.4
2024/9/12 19:30,7430.4
2024/9/12 19:45,7446
2024/9/12 20:00,7454.4
2024/9/12 20:15,7458
2024/9/12 20:30,7501.2
2024/9/12 20:45,7425.6
2024/9/12 21:00,7365.6
2024/9/12 21:15,7383.6
2024/9/12 21:30,7332
2024/9/12 21:45,7381.2
2024/9/12 22:00,7376.4
2024/9/12 22:15,7339.2
2024/9/12 22:30,7240.8
2024/9/12 22:45,7245.6
2024/9/12 23:00,7306.8
2024/9/12 23:15,7318.8
2024/9/12 23:30,7386
2024/9/12 23:45,7394.4
2024/9/13 0:00,7358.4
2024/9/13 0:15,7314
2024/9/13 0:30,7407.6
2024/9/13 0:45,7387.2
2024/9/13 1:00,7369.2
2024/9/13 1:15,7360.8
2024/9/13 1:30,7352.4
2024/9/13 1:45,7291.2
2024/9/13 2:00,7228.8
2024/9/13 2:15,7285.2
2024/9/13 2:30,7278
2024/9/13 2:45,7276.8
2024/9/13 3:00,7237.2
2024/9/13 3:15,7326
2024/9/13 3:30,7320
2024/9/13 3:45,7316.4
2024/9/13 4:00,7302
2024/9/13 4:15,7267.2
2024/9/13 4:30,7232.4
2024/9/13 4:45,7281.6
2024/9/13 5:00,7231.2
2024/9/13 5:15,7234.8
2024/9/13 5:30,7246.8
2024/9/13 5:45,7014
2024/9/13 6:00,7135.2
2024/9/13 6:15,7174.8
2024/9/13 6:30,7092
2024/9/13 6:45,7160.4
2024/9/13 7:00,7178.4
2024/9/13 7:15,7161.6
2024/9/13 7:30,7160.4
2024/9/13 7:45,7212
2024/9/13 8:00,7273.2
2024/9/13 8:15,7266
2024/9/13 8:30,7280.4
2024/9/13 8:45,7285.2
2024/9/13 9:00,7344
2024/9/13 9:15,7317.6
2024/9/13 9:30,7340.4
2024/9/13 9:45,7419.6
2024/9/13 10:00,7398
2024/9/13 10:15,7416
2024/9/13 10:30,7587.6
2024/9/13 10:45,7491.6
2024/9/13 11:00,7568.4
2024/9/13 11:15,7447.2
2024/9/13 11:30,7551.6
2024/9/13 11:45,7564.8
2024/9/13 12:00,7576.8
2024/9/13 12:15,7494
2024/9/13 12:30,7645.2
2024/9/13 12:45,7656
2024/9/13 13:00,7562.4
2024/9/13 13:15,7573.2
2024/9/13 13:30,7582.8
2024/9/13 13:45,7514.4
2024/9/13 14:00,7478.4
2024/9/13 14:15,7555.2
2024/9/13 14:30,7422
2024/9/13 14:45,7465.2
2024/9/13 15:00,7484.4
2024/9/13 15:15,7532.4
2024/9/13 15:30,7545.6
2024/9/13 15:45,7617.6
2024/9/13 16:00,7736.4
2024/9/13 16:15,7677.6
2024/9/13 16:30,7752
2024/9/13 16:45,7767.6
2024/9/13 17:00,7689.6
2024/9/13 17:15,7695.6
2024/9/13 17:30,7741.2
2024/9/13 17:45,7658.4
2024/9/13 18:00,7617.6
2024/9/13 18:15,7783.2
2024/9/13 18:30,7754.4
2024/9/13 18:45,7771.2
2024/9/13 19:00,7759.2
2024/9/13 19:15,7737.6
2024/9/13 19:30,7630.8
2024/9/13 19:45,7610.4
2024/9/13 20:00,7682.4
2024/9/13 20:15,7633.2
2024/9/13 20:30,7663.2
2024/9/13 20:45,7633.2
2024/9/13 21:00,7575.6
2024/9/13 21:15,7650
2024/9/13 21:30,7653.6
2024/9/13 21:45,7695.6
2024/9/13 22:00,7712.4
2024/9/13 22:15,7654.8
2024/9/13 22:30,7650
2024/9/13 22:45,7741.2
2024/9/13 23:00,7640.4
2024/9/13 23:15,7662
2024/9/13 23:30,7671.6
2024/9/13 23:45,7582.8
2024/9/14 0:00,7648.8
2024/9/14 0:15,7692
2024/9/14 0:30,7692
2024/9/14 0:45,7545.6
2024/9/14 1:00,7606.8
2024/9/14 1:15,7564.8
2024/9/14 1:30,7542
2024/9/14 1:45,7585.2
2024/9/14 2:00,7594.8
2024/9/14 2:15,7579.2
2024/9/14 2:30,7650
2024/9/14 2:45,7510.8
2024/9/14 3:00,7608
2024/9/14 3:15,7574.4
2024/9/14 3:30,7426.8
2024/9/14 3:45,7602
2024/9/14 4:00,7629.6
2024/9/14 4:15,7639.2
2024/9/14 4:30,7621.2
2024/9/14 4:45,7590
2024/9/14 5:00,7551.6
2024/9/14 5:15,7548
2024/9/14 5:30,7584
2024/9/14 5:45,7441.2
2024/9/14 6:00,7474.8
2024/9/14 6:15,7498.8
2024/9/14 6:30,7430.4
2024/9/14 6:45,7464
2024/9/14 7:00,7336.8
2024/9/14 7:15,7512
2024/9/14 7:30,7531.2
2024/9/14 7:45,7548
2024/9/14 8:00,7329.6
2024/9/14 8:15,7396.8
2024/9/14 8:30,7413.6
2024/9/14 8:45,7400.4
2024/9/14 9:00,7417.2
2024/9/14 9:15,7587.6
2024/9/14 9:30,7585.2
2024/9/14 9:45,7658.4
2024/9/14 10:00,7681.2
2024/9/14 10:15,7794
2024/9/14 10:30,7776
2024/9/14 10:45,7581.6
2024/9/14 11:00,7713.6
2024/9/14 11:15,7761.6
2024/9/14 11:30,7724.4
2024/9/14 11:45,7686
2024/9/14 12:00,7621.2
2024/9/14 12:15,7651.2
2024/9/14 12:30,7646.4
2024/9/14 12:45,7615.2
2024/9/14 13:00,7683.6
2024/9/14 13:15,7682.4
2024/9/14 13:30,7624.8
2024/9/14 13:45,7664.4
2024/9/14 14:00,7663.2
2024/9/14 14:15,7567.2
2024/9/14 14:30,7606.8
2024/9/14 14:45,7716
2024/9/14 15:00,7646.4
2024/9/14 15:15,7657.2
2024/9/14 15:30,7670.4
2024/9/14 15:45,7701.6
2024/9/14 16:00,7610.4
2024/9/14 16:15,7430.4
2024/9/14 16:30,7658.4
2024/9/14 16:45,7578
2024/9/14 17:00,7555.2
2024/9/14 17:15,7540.8
2024/9/14 17:30,7549.2
2024/9/14 17:45,7614
2024/9/14 18:00,7602
2024/9/14 18:15,7700.4
2024/9/14 18:30,7660.8
2024/9/14 18:45,7674
2024/9/14 19:00,7652.4
2024/9/14 19:15,7704
2024/9/14 19:30,7570.8
2024/9/14 19:45,7604.4
2024/9/14 20:00,7627.2
2024/9/14 20:15,7620
2024/9/14 20:30,7682.4
2024/9/14 20:45,7653.6
2024/9/14 21:00,7671.6
2024/9/14 21:15,7666.8
2024/9/14 21:30,7675.2
2024/9/14 21:45,7730.4
2024/9/14 22:00,7678.8
2024/9/14 22:15,7724.4
2024/9/14 22:30,7608
2024/9/14 22:45,7657.2
2024/9/14 23:00,7706.4
2024/9/14 23:15,7695.6
2024/9/14 23:30,7461.6
2024/9/14 23:45,7620
2024/9/15 0:00,7635.6
2024/9/15 0:15,7635.6
2024/9/15 0:30,7675.2
2024/9/15 0:45,7600.8
2024/9/15 1:00,7586.4
2024/9/15 1:15,7549.2
2024/9/15 1:30,7638
2024/9/15 1:45,7573.2
2024/9/15 2:00,7628.4
2024/9/15 2:15,7636.8
2024/9/15 2:30,7488
2024/9/15 2:45,7594.8
2024/9/15 3:00,7615.2
2024/9/15 3:15,7575.6
2024/9/15 3:30,7486.8
2024/9/15 3:45,7435.2
2024/9/15 4:00,7473.6
2024/9/15 4:15,7420.8
2024/9/15 4:30,7376.4
2024/9/15 4:45,7371.6
2024/9/15 5:00,7288.8
2024/9/15 5:15,7399.2
2024/9/15 5:30,7354.8
2024/9/15 5:45,7288.8
2024/9/15 6:00,7396.8
2024/9/15 6:15,7372.8
2024/9/15 6:30,7455.6
2024/9/15 6:45,7065.6
2024/9/15 7:00,7035.6
2024/9/15 7:15,7048.8
2024/9/15 7:30,6999.6
2024/9/15 7:45,7210.8
2024/9/15 8:00,7274.4
2024/9/15 8:15,7375.2
2024/9/15 8:30,7429.2
2024/9/15 8:45,7424.4
2024/9/15 9:00,7390.8
2024/9/15 9:15,7429.2
2024/9/15 9:30,7275.6
2024/9/15 9:45,7438.8
2024/9/15 10:00,7471.2
2024/9/15 10:15,7492.8
2024/9/15 10:30,7442.4
2024/9/15 10:45,7490.4
2024/9/15 11:00,7551.6
2024/9/15 11:15,7365.6
2024/9/15 11:30,7452
2024/9/15 11:45,7437.6
2024/9/15 12:00,7461.6
2024/9/15 12:15,7314
2024/9/15 12:30,7356
2024/9/15 12:45,7419.6
2024/9/15 13:00,7465.2
2024/9/15 13:15,7488
2024/9/15 13:30,7454.4
2024/9/15 13:45,7513.2
2024/9/15 14:00,7556.4
2024/9/15 14:15,7459.2
2024/9/15 14:30,7549.2
2024/9/15 14:45,7472.4
2024/9/15 15:00,7510.8
2024/9/15 15:15,7483.2
2024/9/15 15:30,7514.4
2024/9/15 15:45,7414.8
2024/9/15 16:00,7526.4
2024/9/15 16:15,7578
2024/9/15 16:30,7585.2
2024/9/15 16:45,7410
2024/9/15 17:00,7568.4
2024/9/15 17:15,7551.6
2024/9/15 17:30,7504.8
2024/9/15 17:45,7476
2024/9/15 18:00,7518
2024/9/15 18:15,7434
2024/9/15 18:30,7492.8
2024/9/15 18:45,7530
2024/9/15 19:00,7458
2024/9/15 19:15,7404
2024/9/15 19:30,7477.2
2024/9/15 19:45,7471.2
2024/9/15 20:00,7476
2024/9/15 20:15,7398
2024/9/15 20:30,7494
2024/9/15 20:45,7447.2
2024/9/15 21:00,7428
2024/9/15 21:15,7377.6
2024/9/15 21:30,7561.2
2024/9/15 21:45,7549.2
2024/9/15 22:00,7540.8
2024/9/15 22:15,7561.2
2024/9/15 22:30,7554
2024/9/15 22:45,7587.6
2024/9/15 23:00,7543.2
2024/9/15 23:15,7563.6
2024/9/15 23:30,7532.4
2024/9/15 23:45,7568.4
2024/9/16 0:00,7496.4
2024/9/16 0:15,7426.8
2024/9/16 0:30,7447.2
2024/9/16 0:45,7450.8
2024/9/16 1:00,7410
2024/9/16 1:15,7468.8
2024/9/16 1:30,7492.8
2024/9/16 1:45,7446
2024/9/16 2:00,7501.2
2024/9/16 2:15,7419.6
2024/9/16 2:30,7406.4
2024/9/16 2:45,7446
2024/9/16 3:00,7479.6
2024/9/16 3:15,7423.2
2024/9/16 3:30,7476
2024/9/16 3:45,7453.2
2024/9/16 4:00,7504.8
2024/9/16 4:15,7435.2
2024/9/16 4:30,7412.4
2024/9/16 4:45,7430.4
2024/9/16 5:00,7389.6
2024/9/16 5:15,7362
2024/9/16 5:30,7396.8
2024/9/16 5:45,7402.8
2024/9/16 6:00,7375.2
2024/9/16 6:15,7400.4
2024/9/16 6:30,7422
2024/9/16 6:45,7358.4
2024/9/16 7:00,7352.4
2024/9/16 7:15,7353.6
2024/9/16 7:30,7390.8
2024/9/16 7:45,7454.4
2024/9/16 8:00,7399.2
2024/9/16 8:15,7398
2024/9/16 8:30,7458
2024/9/16 8:45,7490.4
2024/9/16 9:00,7449.6
2024/9/16 9:15,7452
2024/9/16 9:30,7599.6
2024/9/16 9:45,7615.2
2024/9/16 10:00,7639.2
2024/9/16 10:15,7564.8
2024/9/16 10:30,7588.8
2024/9/16 10:45,7502.4
2024/9/16 11:00,7620
2024/9/16 11:15,7714.8
2024/9/16 11:30,7706.4
2024/9/16 11:45,7573.2
2024/9/16 12:00,7615.2
2024/9/16 12:15,7680
2024/9/16 12:30,7702.8
2024/9/16 12:45,7648.8
2024/9/16 13:00,7702.8
2024/9/16 13:15,7660.8
2024/9/16 13:30,7615.2
2024/9/16 13:45,7688.4
2024/9/16 14:00,7650
2024/9/16 14:15,7671.6
2024/9/16 14:30,7591.2
2024/9/16 14:45,7664.4
2024/9/16 15:00,7773.6
2024/9/16 15:15,7706.4
2024/9/16 15:30,7773.6
2024/9/16 15:45,7870.8
2024/9/16 16:00,7752
2024/9/16 16:15,7736.4
2024/9/16 16:30,7767.6
2024/9/16 16:45,7838.4
2024/9/16 17:00,7761.6
2024/9/16 17:15,7695.6
2024/9/16 17:30,7768.8
2024/9/16 17:45,7747.2
2024/9/16 18:00,7719.6
2024/9/16 18:15,7696.8
2024/9/16 18:30,7628.4
2024/9/16 18:45,7746
2024/9/16 19:00,7716
2024/9/16 19:15,7777.2
2024/9/16 19:30,7736.4
2024/9/16 19:45,7720.8
2024/9/16 20:00,7676.4
2024/9/16 20:15,7731.6
2024/9/16 20:30,7668
2024/9/16 20:45,7728
2024/9/16 21:00,7722
2024/9/16 21:15,7668
2024/9/16 21:30,7642.8
2024/9/16 21:45,7681.2
2024/9/16 22:00,7743.6
2024/9/16 22:15,7711.2
2024/9/16 22:30,7737.6
2024/9/16 22:45,7806
2024/9/16 23:00,7702.8
2024/9/16 23:15,7748.4
2024/9/16 23:30,7704
2024/9/16 23:45,7690.8
2024/9/17 0:00,7747.2
2024/9/17 0:15,7729.2
2024/9/17 0:30,7669.2
2024/9/17 0:45,7562.4
2024/9/17 1:00,7626
2024/9/17 1:15,7626
2024/9/17 1:30,7662
2024/9/17 1:45,7564.8
2024/9/17 2:00,7608
2024/9/17 2:15,7610.4
2024/9/17 2:30,7515.6
2024/9/17 2:45,7569.6
2024/9/17 3:00,7536
2024/9/17 3:15,7608
2024/9/17 3:30,7512
2024/9/17 3:45,7550.4
2024/9/17 4:00,7603.2
2024/9/17 4:15,7597.2
2024/9/17 4:30,7514.4
2024/9/17 4:45,7615.2
2024/9/17 5:00,7482
2024/9/17 5:15,7537.2
2024/9/17 5:30,7531.2
2024/9/17 5:45,7534.8
2024/9/17 6:00,7518
2024/9/17 6:15,7476
2024/9/17 6:30,7453.2
2024/9/17 6:45,7465.2
2024/9/17 7:00,7491.6
2024/9/17 7:15,7525.2
2024/9/17 7:30,7496.4
2024/9/17 7:45,7537.2
2024/9/17 8:00,7500
2024/9/17 8:15,7527.6
2024/9/17 8:30,7501.2
2024/9/17 8:45,7592.4
2024/9/17 9:00,7597.2
2024/9/17 9:15,7657.2
2024/9/17 9:30,7723.2
2024/9/17 9:45,7670.4
2024/9/17 10:00,7786.8
2024/9/17 10:15,7803.6
2024/9/17 10:30,7777.2
2024/9/17 10:45,7800
2024/9/17 11:00,7678.8
2024/9/17 11:15,7723.2
2024/9/17 11:30,7712.4
2024/9/17 11:45,7754.4
2024/9/17 12:00,7813.2
2024/9/17 12:15,7716
2024/9/17 12:30,7928.4
2024/9/17 12:45,7963.2
2024/9/17 13:00,7783.2
2024/9/17 13:15,7821.6
2024/9/17 13:30,7750.8
2024/9/17 13:45,7636.8
2024/9/17 14:00,7684.8
2024/9/17 14:15,7740
2024/9/17 14:30,7626
2024/9/17 14:45,7695.6
2024/9/17 15:00,7771.2
2024/9/17 15:15,7574.4
2024/9/17 15:30,7794
2024/9/17 15:45,7722
2024/9/17 16:00,7573.2
2024/9/17 16:15,7683.6
2024/9/17 16:30,7772.4
2024/9/17 16:45,7624.8
2024/9/17 17:00,7788
2024/9/17 17:15,7660.8
2024/9/17 17:30,7574.4
2024/9/17 17:45,7762.8
2024/9/17 18:00,7659.6
2024/9/17 18:15,7504.8
2024/9/17 18:30,7624.8
2024/9/17 18:45,7648.8
2024/9/17 19:00,7660.8
2024/9/17 19:15,7633.2
2024/9/17 19:30,7555.2
2024/9/17 19:45,7552.8
2024/9/17 20:00,7537.2
2024/9/17 20:15,7533.6
2024/9/17 20:30,7542
2024/9/17 20:45,7561.2
2024/9/17 21:00,7496.4
2024/9/17 21:15,7496.4
2024/9/17 21:30,7443.6
2024/9/17 21:45,7537.2
2024/9/17 22:00,7437.6
2024/9/17 22:15,7425.6
2024/9/17 22:30,7444.8
2024/9/17 22:45,7404
2024/9/17 23:00,7322.4
2024/9/17 23:15,7330.8
2024/9/17 23:30,7404
2024/9/17 23:45,7431.6
2024/9/18 0:00,7230
2024/9/18 0:15,7088.4
2024/9/18 0:30,7334.4
2024/9/18 0:45,7168.8
2024/9/18 1:00,7279.2
2024/9/18 1:15,7147.2
2024/9/18 1:30,7305.6
2024/9/18 1:45,7185.6
2024/9/18 2:00,7215.6
2024/9/18 2:15,7192.8
2024/9/18 2:30,7198.8
2024/9/18 2:45,7093.2
2024/9/18 3:00,7141.2
2024/9/18 3:15,7134
2024/9/18 3:30,7216.8
2024/9/18 3:45,7293.6
2024/9/18 4:00,7228.8
2024/9/18 4:15,7315.2
2024/9/18 4:30,7326
2024/9/18 4:45,7219.2
2024/9/18 5:00,7243.2
2024/9/18 5:15,7251.6
2024/9/18 5:30,7239.6
2024/9/18 5:45,7134
2024/9/18 6:00,7154.4
2024/9/18 6:15,7156.8
2024/9/18 6:30,7172.4
2024/9/18 6:45,7207.2
2024/9/18 7:00,7149.6
2024/9/18 7:15,7156.8
2024/9/18 7:30,7056
2024/9/18 7:45,7167.6
2024/9/18 8:00,7186.8
2024/9/18 8:15,7148.4
2024/9/18 8:30,7209.6
2024/9/18 8:45,7136.4
2024/9/18 9:00,7254
2024/9/18 9:15,7240.8
2024/9/18 9:30,7120.8
2024/9/18 9:45,7158
2024/9/18 10:00,7141.2
2024/9/18 10:15,7132.8
2024/9/18 10:30,7266
2024/9/18 10:45,7134
2024/9/18 11:00,7274.4
2024/9/18 11:15,7329.6
2024/9/18 11:30,7317.6
2024/9/18 11:45,7303.2
2024/9/18 12:00,7365.6
2024/9/18 12:15,7275.6
2024/9/18 12:30,7256.4
2024/9/18 12:45,7347.6
2024/9/18 13:00,7300.8
2024/9/18 13:15,7264.8
2024/9/18 13:30,7407.6
2024/9/18 13:45,7441.2
2024/9/18 14:00,7346.4
2024/9/18 14:15,7432.8
2024/9/18 14:30,7387.2
2024/9/18 14:45,7416
2024/9/18 15:00,7435.2
2024/9/18 15:15,7416
2024/9/18 15:30,7386
2024/9/18 15:45,7508.4
2024/9/18 16:00,7497.6
2024/9/18 16:15,7428
2024/9/18 16:30,7449.6
2024/9/18 16:45,7257.6
2024/9/18 17:00,7370.4
2024/9/18 17:15,7388.4
2024/9/18 17:30,7381.2
2024/9/18 17:45,7320
2024/9/18 18:00,7443.6
2024/9/18 18:15,7137.6
2024/9/18 18:30,7334.4
2024/9/18 18:45,7290
2024/9/18 19:00,7238.4
2024/9/18 19:15,7288.8
2024/9/18 19:30,7299.6
2024/9/18 19:45,7324.8
2024/9/18 20:00,7291.2
2024/9/18 20:15,7238.4
2024/9/18 20:30,7248
2024/9/18 20:45,7225.2
2024/9/18 21:00,7376.4
2024/9/18 21:15,7122
2024/9/18 21:30,7372.8
2024/9/18 21:45,7297.2
2024/9/18 22:00,7342.8
2024/9/18 22:15,7252.8
2024/9/18 22:30,7135.2
2024/9/18 22:45,7248
2024/9/18 23:00,7242
2024/9/18 23:15,7275.6
2024/9/18 23:30,7172.4
2024/9/18 23:45,7225.2
2024/9/19 0:00,7137.6
2024/9/19 0:15,7172.4
2024/9/19 0:30,7280.4
2024/9/19 0:45,7180.8
2024/9/19 1:00,7123.2
2024/9/19 1:15,7113.6
2024/9/19 1:30,7251.6
2024/9/19 1:45,7098
2024/9/19 2:00,7220.4
2024/9/19 2:15,7194
2024/9/19 2:30,7095.6
2024/9/19 2:45,7188
2024/9/19 3:00,7238.4
2024/9/19 3:15,7165.2
2024/9/19 3:30,7155.6
2024/9/19 3:45,7044
2024/9/19 4:00,7132.8
2024/9/19 4:15,7087.2
2024/9/19 4:30,7158
2024/9/19 4:45,7227.6
2024/9/19 5:00,7112.4
2024/9/19 5:15,7094.4
2024/9/19 5:30,7266
2024/9/19 5:45,7038
2024/9/19 6:00,7058.4
2024/9/19 6:15,7000.8
2024/9/19 6:30,6880.8
2024/9/19 6:45,6870
2024/9/19 7:00,6882
2024/9/19 7:15,7070.4
2024/9/19 7:30,6915.6
2024/9/19 7:45,7051.2
2024/9/19 8:00,7141.2
2024/9/19 8:15,7072.8
2024/9/19 8:30,7080
2024/9/19 8:45,7060.8
2024/9/19 9:00,7022.4
2024/9/19 9:15,7072.8
2024/9/19 9:30,7146
2024/9/19 9:45,7221.6
2024/9/19 10:00,7050
2024/9/19 10:15,7104
2024/9/19 10:30,7189.2
2024/9/19 10:45,7159.2
2024/9/19 11:00,7064.4
2024/9/19 11:15,7239.6
2024/9/19 11:30,7160.4
2024/9/19 11:45,7134
2024/9/19 12:00,7120.8
2024/9/19 12:15,7254
2024/9/19 12:30,7042.8
2024/9/19 12:45,7114.8
2024/9/19 13:00,7150.8
2024/9/19 13:15,7122
2024/9/19 13:30,7147.2
2024/9/19 13:45,7101.6
2024/9/19 14:00,7173.6
2024/9/19 14:15,7075.2
2024/9/19 14:30,7053.6
2024/9/19 14:45,7185.6
2024/9/19 15:00,7042.8
2024/9/19 15:15,7250.4
2024/9/19 15:30,7024.8
2024/9/19 15:45,7311.6
2024/9/19 16:00,7264.8
2024/9/19 16:15,7273.2
2024/9/19 16:30,7192.8
2024/9/19 16:45,7107.6
2024/9/19 17:00,7129.2
2024/9/19 17:15,7149.6
2024/9/19 17:30,7084.8
2024/9/19 17:45,7116
2024/9/19 18:00,7042.8
2024/9/19 18:15,7110
2024/9/19 18:30,7042.8
2024/9/19 18:45,7185.6
2024/9/19 19:00,7160.4
2024/9/19 19:15,7185.6
2024/9/19 19:30,7218
2024/9/19 19:45,7060.8
2024/9/19 20:00,7004.4
2024/9/19 20:15,7192.8
2024/9/19 20:30,7212
2024/9/19 20:45,7102.8
2024/9/19 21:00,7122
2024/9/19 21:15,7111.2
2024/9/19 21:30,7069.2
2024/9/19 21:45,7110
2024/9/19 22:00,7114.8
2024/9/19 22:15,7149.6
2024/9/19 22:30,7210.8
2024/9/19 22:45,7227.6
2024/9/19 23:00,7140
2024/9/19 23:15,7070.4
2024/9/19 23:30,7087.2
2024/9/19 23:45,7095.6
2024/9/20 0:00,7128
2024/9/20 0:15,7179.6
2024/9/20 0:30,6933.6
2024/9/20 0:45,7034.4
2024/9/20 1:00,7081.2
2024/9/20 1:15,7080
2024/9/20 1:30,7084.8
2024/9/20 1:45,7174.8
2024/9/20 2:00,7088.4
2024/9/20 2:15,7160.4
2024/9/20 2:30,7101.6
2024/9/20 2:45,7081.2
2024/9/20 3:00,7062
2024/9/20 3:15,7035.6
2024/9/20 3:30,7125.6
2024/9/20 3:45,7116
2024/9/20 4:00,7080
2024/9/20 4:15,7146
2024/9/20 4:30,7051.2
2024/9/20 4:45,7044
2024/9/20 5:00,6937.2
2024/9/20 5:15,7088.4
2024/9/20 5:30,7064.4
2024/9/20 5:45,7059.6
2024/9/20 6:00,6924
2024/9/20 6:15,6854.4
2024/9/20 6:30,7107.6
2024/9/20 6:45,6958.8
2024/9/20 7:00,7057.2
2024/9/20 7:15,6970.8
2024/9/20 7:30,6993.6
2024/9/20 7:45,7023.6
2024/9/20 8:00,7098
2024/9/20 8:15,7094.4
2024/9/20 8:30,7052.4
2024/9/20 8:45,7123.2
2024/9/20 9:00,7086
2024/9/20 9:15,7070.4
2024/9/20 9:30,6937.2
2024/9/20 9:45,7134
2024/9/20 10:00,7161.6
2024/9/20 10:15,7135.2
2024/9/20 10:30,7087.2
2024/9/20 10:45,7256.4
2024/9/20 11:00,7054.8
2024/9/20 11:15,7153.2
2024/9/20 11:30,7123.2
2024/9/20 11:45,7117.2
2024/9/20 12:00,7088.4
2024/9/20 12:15,7140
2024/9/20 12:30,7238.4
2024/9/20 12:45,7146
2024/9/20 13:00,7176
2024/9/20 13:15,7129.2
2024/9/20 13:30,7147.2
2024/9/20 13:45,7212
2024/9/20 14:00,7072.8
2024/9/20 14:15,7218
2024/9/20 14:30,7209.6
2024/9/20 14:45,7286.4
2024/9/20 15:00,7279.2
2024/9/20 15:15,7188
2024/9/20 15:30,7179.6
2024/9/20 15:45,7242
2024/9/20 16:00,7214.4
2024/9/20 16:15,7292.4
2024/9/20 16:30,7147.2
2024/9/20 16:45,7210.8
2024/9/20 17:00,7208.4
2024/9/20 17:15,7208.4
2024/9/20 17:30,7272
2024/9/20 17:45,7159.2
2024/9/20 18:00,7267.2
2024/9/20 18:15,7136.4
2024/9/20 18:30,6969.6
2024/9/20 18:45,7148.4
2024/9/20 19:00,7213.2
2024/9/20 19:15,7185.6
2024/9/20 19:30,7172.4
2024/9/20 19:45,7080
2024/9/20 20:00,7357.2
2024/9/20 20:15,7146
2024/9/20 20:30,7192.8
2024/9/20 20:45,7177.2
2024/9/20 21:00,7231.2
2024/9/20 21:15,7147.2
2024/9/20 21:30,7347.6
2024/9/20 21:45,7318.8
2024/9/20 22:00,7165.2
2024/9/20 22:15,7153.2
2024/9/20 22:30,7154.4
2024/9/20 22:45,7149.6
2024/9/20 23:00,6985.2
2024/9/20 23:15,6700.8
2024/9/20 23:30,7034.4
2024/9/20 23:45,7290
2024/9/21 0:00,7138.8
2024/9/21 0:15,7095.6
2024/9/21 0:30,6999.6
2024/9/21 0:45,7012.8
2024/9/21 1:00,6954
2024/9/21 1:15,7062
2024/9/21 1:30,7003.2
2024/9/21 1:45,7006.8
2024/9/21 2:00,7047.6
2024/9/21 2:15,7089.6
2024/9/21 2:30,6969.6
2024/9/21 2:45,7081.2
2024/9/21 3:00,6990
2024/9/21 3:15,7140
2024/9/21 3:30,7072.8
2024/9/21 3:45,7051.2
2024/9/21 4:00,7062
2024/9/21 4:15,6984
2024/9/21 4:30,7009.2
2024/9/21 4:45,6986.4
2024/9/21 5:00,6922.8
2024/9/21 5:15,6970.8
2024/9/21 5:30,6949.2
2024/9/21 5:45,7008
2024/9/21 6:00,6958.8
2024/9/21 6:15,6810
2024/9/21 6:30,6819.6
2024/9/21 6:45,6752.4
2024/9/21 7:00,6849.6
2024/9/21 7:15,6847.2
2024/9/21 7:30,6692.4
2024/9/21 7:45,6810
2024/9/21 8:00,6879.6
2024/9/21 8:15,6904.8
2024/9/21 8:30,6944.4
2024/9/21 8:45,6790.8
2024/9/21 9:00,6751.2
2024/9/21 9:15,6907.2
2024/9/21 9:30,6868.8
2024/9/21 9:45,6925.2
2024/9/21 10:00,6955.2
2024/9/21 10:15,7128
2024/9/21 10:30,6976.8
2024/9/21 10:45,7092
2024/9/21 11:00,7021.2
2024/9/21 11:15,6922.8
2024/9/21 11:30,7045.2
2024/9/21 11:45,7051.2
2024/9/21 12:00,7081.2
2024/9/21 12:15,7042.8
2024/9/21 12:30,7059.6
2024/9/21 12:45,7022.4
2024/9/21 13:00,7070.4
2024/9/21 13:15,7058.4
2024/9/21 13:30,7108.8
2024/9/21 13:45,7093.2
2024/9/21 14:00,7040.4
2024/9/21 14:15,7099.2
2024/9/21 14:30,7108.8
2024/9/21 14:45,7208.4
2024/9/21 15:00,7186.8
2024/9/21 15:15,7191.6
2024/9/21 15:30,7096.8
2024/9/21 15:45,7113.6
2024/9/21 16:00,7135.2
2024/9/21 16:15,7045.2
2024/9/21 16:30,7096.8
2024/9/21 16:45,7108.8
2024/9/21 17:00,7138.8
2024/9/21 17:15,7123.2
2024/9/21 17:30,7077.6
2024/9/21 17:45,7096.8
2024/9/21 18:00,7110
2024/9/21 18:15,7062
2024/9/21 18:30,7125.6
2024/9/21 18:45,7192.8
2024/9/21 19:00,7156.8
2024/9/21 19:15,7167.6
2024/9/21 19:30,7209.6
2024/9/21 19:45,7182
2024/9/21 20:00,7206
2024/9/21 20:15,7243.2
2024/9/21 20:30,7242
2024/9/21 20:45,7219.2
2024/9/21 21:00,7182
2024/9/21 21:15,7254
2024/9/21 21:30,7227.6
2024/9/21 21:45,7296
2024/9/21 22:00,7250.4
2024/9/21 22:15,7188
2024/9/21 22:30,7225.2
2024/9/21 22:45,7224
2024/9/21 23:00,7194
2024/9/21 23:15,7172.4
2024/9/21 23:30,7126.8
2024/9/21 23:45,7099.2
2024/9/22 0:00,7180.8
2024/9/22 0:15,7246.8
2024/9/22 0:30,7222.8
2024/9/22 0:45,7172.4
2024/9/22 1:00,7218
2024/9/22 1:15,7196.4
2024/9/22 1:30,7138.8
2024/9/22 1:45,7178.4
2024/9/22 2:00,7131.6
2024/9/22 2:15,7188
2024/9/22 2:30,7092
2024/9/22 2:45,7179.6
2024/9/22 3:00,7135.2
2024/9/22 3:15,7170
2024/9/22 3:30,7158
2024/9/22 3:45,7149.6
2024/9/22 4:00,7177.2
2024/9/22 4:15,7237.2
2024/9/22 4:30,7208.4
2024/9/22 4:45,7136.4
2024/9/22 5:00,7116
2024/9/22 5:15,7068
2024/9/22 5:30,7021.2
2024/9/22 5:45,7084.8
2024/9/22 6:00,7038
2024/9/22 6:15,7117.2
2024/9/22 6:30,7144.8
2024/9/22 6:45,7180.8
2024/9/22 7:00,7148.4
2024/9/22 7:15,7101.6
2024/9/22 7:30,7132.8
2024/9/22 7:45,7105.2
2024/9/22 8:00,6990
2024/9/22 8:15,7137.6
2024/9/22 8:30,7213.2
2024/9/22 8:45,7149.6
2024/9/22 9:00,7252.8
2024/9/22 9:15,7357.2
2024/9/22 9:30,7308
2024/9/22 9:45,7260
2024/9/22 10:00,7249.2
2024/9/22 10:15,7290
2024/9/22 10:30,7317.6
2024/9/22 10:45,7238.4
2024/9/22 11:00,7351.2
2024/9/22 11:15,7248
2024/9/22 11:30,7404
2024/9/22 11:45,7248
2024/9/22 12:00,7258.8
2024/9/22 12:15,7257.6
2024/9/22 12:30,7165.2
2024/9/22 12:45,7294.8
2024/9/22 13:00,7302
2024/9/22 13:15,7243.2
2024/9/22 13:30,7323.6
2024/9/22 13:45,7419.6
2024/9/22 14:00,7362
2024/9/22 14:15,7270.8
2024/9/22 14:30,7345.2
2024/9/22 14:45,7314
2024/9/22 15:00,7455.6
2024/9/22 15:15,7431.6
2024/9/22 15:30,7312.8
2024/9/22 15:45,7281.6
2024/9/22 16:00,7394.4
2024/9/22 16:15,7149.6
2024/9/22 16:30,7284
2024/9/22 16:45,7294.8
2024/9/22 17:00,7268.4
2024/9/22 17:15,7300.8
2024/9/22 17:30,7383.6
2024/9/22 17:45,7274.4
2024/9/22 18:00,7340.4
2024/9/22 18:15,7314
2024/9/22 18:30,7257.6
2024/9/22 18:45,7240.8
2024/9/22 19:00,7125.6
2024/9/22 19:15,7146
2024/9/22 19:30,7226.4
2024/9/22 19:45,7303.2
2024/9/22 20:00,7249.2
2024/9/22 20:15,7233.6
2024/9/22 20:30,7261.2
2024/9/22 20:45,7257.6
2024/9/22 21:00,7141.2
2024/9/22 21:15,7195.2
2024/9/22 21:30,7144.8
2024/9/22 21:45,7140
2024/9/22 22:00,7000.8
2024/9/22 22:15,7092
2024/9/22 22:30,7068
2024/9/22 22:45,7173.6
2024/9/22 23:00,7209.6
2024/9/22 23:15,7201.2
2024/9/22 23:30,7168.8
2024/9/22 23:45,7131.6
2024/9/23 0:00,7257.6
2024/9/23 0:15,7134
2024/9/23 0:30,7279.2
2024/9/23 0:45,7210.8
2024/9/23 1:00,7185.6
2024/9/23 1:15,7155.6
2024/9/23 1:30,7172.4
2024/9/23 1:45,7185.6
2024/9/23 2:00,7176
2024/9/23 2:15,7209.6
2024/9/23 2:30,7018.8
2024/9/23 2:45,7099.2
2024/9/23 3:00,7167.6
2024/9/23 3:15,7208.4
2024/9/23 3:30,7323.6
2024/9/23 3:45,7207.2
2024/9/23 4:00,7209.6
2024/9/23 4:15,7244.4
2024/9/23 4:30,7120.8
2024/9/23 4:45,7093.2
2024/9/23 5:00,6961.2
2024/9/23 5:15,7068
2024/9/23 5:30,7052.4
2024/9/23 5:45,6973.2
2024/9/23 6:00,6946.8
2024/9/23 6:15,7052.4
2024/9/23 6:30,7062
2024/9/23 6:45,6957.6
2024/9/23 7:00,6874.8
2024/9/23 7:15,7066.8
2024/9/23 7:30,7041.6
2024/9/23 7:45,7040.4
2024/9/23 8:00,6998.4
2024/9/23 8:15,7102.8
2024/9/23 8:30,7084.8
2024/9/23 8:45,7131.6
2024/9/23 9:00,7153.2
2024/9/23 9:15,7161.6
2024/9/23 9:30,7126.8
2024/9/23 9:45,7183.2
2024/9/23 10:00,7087.2
2024/9/23 10:15,7154.4
2024/9/23 10:30,7161.6
2024/9/23 10:45,7189.2
2024/9/23 11:00,7176
2024/9/23 11:15,7186.8
2024/9/23 11:30,7068
2024/9/23 11:45,7298.4
2024/9/23 12:00,7250.4
2024/9/23 12:15,7238.4
2024/9/23 12:30,7258.8
2024/9/23 12:45,7112.4
2024/9/23 13:00,7131.6
2024/9/23 13:15,7104
2024/9/23 13:30,7122
2024/9/23 13:45,7143.6
2024/9/23 14:00,7225.2
2024/9/23 14:15,7116
2024/9/23 14:30,6991.2
2024/9/23 14:45,7093.2
2024/9/23 15:00,7105.2
2024/9/23 15:15,7098
2024/9/23 15:30,7132.8
2024/9/23 15:45,7084.8
2024/9/23 16:00,6949.2
2024/9/23 16:15,7035.6
2024/9/23 16:30,7021.2
2024/9/23 16:45,7026
2024/9/23 17:00,7075.2
2024/9/23 17:15,7089.6
2024/9/23 17:30,7108.8
2024/9/23 17:45,7036.8
2024/9/23 18:00,7146
2024/9/23 18:15,7076.4
2024/9/23 18:30,7129.2
2024/9/23 18:45,7051.2
2024/9/23 19:00,7090.8
2024/9/23 19:15,7110
2024/9/23 19:30,7094.4
2024/9/23 19:45,7089.6
2024/9/23 20:00,7064.4
2024/9/23 20:15,7032
2024/9/23 20:30,7095.6
2024/9/23 20:45,7146
2024/9/23 21:00,7116
2024/9/23 21:15,7183.2
2024/9/23 21:30,7195.2
2024/9/23 21:45,7174.8
2024/9/23 22:00,7081.2
2024/9/23 22:15,7084.8
2024/9/23 22:30,7255.2
2024/9/23 22:45,7191.6
2024/9/23 23:00,7160.4
2024/9/23 23:15,7112.4
2024/9/23 23:30,7213.2
2024/9/23 23:45,7134
2024/9/24 0:00,7132.8
2024/9/24 0:15,7068
2024/9/24 0:30,7172.4
2024/9/24 0:45,7201.2
2024/9/24 1:00,7192.8
2024/9/24 1:15,7216.8
2024/9/24 1:30,7138.8
2024/9/24 1:45,7130.4
2024/9/24 2:00,7059.6
2024/9/24 2:15,7066.8
2024/9/24 2:30,7138.8
2024/9/24 2:45,7110
2024/9/24 3:00,7131.6
2024/9/24 3:15,7210.8
2024/9/24 3:30,7110
2024/9/24 3:45,7032
2024/9/24 4:00,7146
2024/9/24 4:15,7071.6
2024/9/24 4:30,7106.4
2024/9/24 4:45,7056
2024/9/24 5:00,7141.2
2024/9/24 5:15,7083.6
2024/9/24 5:30,7105.2
2024/9/24 5:45,7002
2024/9/24 6:00,6988.8
2024/9/24 6:15,7057.2
2024/9/24 6:30,7099.2
2024/9/24 6:45,7129.2
2024/9/24 7:00,7196.4
2024/9/24 7:15,7065.6
2024/9/24 7:30,7086
2024/9/24 7:45,7116
2024/9/24 8:00,7122
2024/9/24 8:15,7162.8
2024/9/24 8:30,7087.2
2024/9/24 8:45,7017.6
2024/9/24 9:00,7015.2
2024/9/24 9:15,6960
2024/9/24 9:30,6943.2
2024/9/24 9:45,6961.2
2024/9/24 10:00,7119.6
2024/9/24 10:15,7174.8
2024/9/24 10:30,7197.6
2024/9/24 10:45,7167.6
2024/9/24 11:00,7178.4
2024/9/24 11:15,7092
2024/9/24 11:30,7122
2024/9/24 11:45,7189.2
2024/9/24 12:00,7107.6
2024/9/24 12:15,7172.4
2024/9/24 12:30,7024.8
2024/9/24 12:45,7148.4
2024/9/24 13:00,7082.4
2024/9/24 13:15,7081.2
2024/9/24 13:30,7081.2
2024/9/24 13:45,7196.4
2024/9/24 14:00,7110
2024/9/24 14:15,7002
2024/9/24 14:30,7036.8
2024/9/24 14:45,7099.2
2024/9/24 15:00,7131.6
2024/9/24 15:15,7090.8
2024/9/24 15:30,7248
2024/9/24 15:45,7244.4
2024/9/24 16:00,7214.4
2024/9/24 16:15,7192.8
2024/9/24 16:30,7263.6
2024/9/24 16:45,7216.8
2024/9/24 17:00,7149.6
2024/9/24 17:15,7140
2024/9/24 17:30,7287.6
2024/9/24 17:45,7340.4
2024/9/24 18:00,7248
2024/9/24 18:15,7251.6
2024/9/24 18:30,7134
2024/9/24 18:45,7158
2024/9/24 19:00,7213.2
2024/9/24 19:15,7228.8
2024/9/24 19:30,7216.8
2024/9/24 19:45,7260
2024/9/24 20:00,7228.8
2024/9/24 20:15,7216.8
2024/9/24 20:30,7219.2
2024/9/24 20:45,7171.2
2024/9/24 21:00,7242
2024/9/24 21:15,7129.2
2024/9/24 21:30,7040.4
2024/9/24 21:45,7180.8
2024/9/24 22:00,7230
2024/9/24 22:15,7189.2
2024/9/24 22:30,7302
2024/9/24 22:45,7248
2024/9/24 23:00,7263.6
2024/9/24 23:15,7243.2
2024/9/24 23:30,7168.8
2024/9/24 23:45,7060.8
2024/9/25 0:00,7098
2024/9/25 0:15,7189.2
2024/9/25 0:30,7186.8
2024/9/25 0:45,7106.4
2024/9/25 1:00,7149.6
2024/9/25 1:15,7216.8
2024/9/25 1:30,7197.6
2024/9/25 1:45,7148.4
2024/9/25 2:00,7029.6
2024/9/25 2:15,7141.2
2024/9/25 2:30,7150.8
2024/9/25 2:45,7104
2024/9/25 3:00,7125.6
2024/9/25 3:15,7232.4
2024/9/25 3:30,7204.8
2024/9/25 3:45,7206
2024/9/25 4:00,7161.6
2024/9/25 4:15,7222.8
2024/9/25 4:30,7196.4
2024/9/25 4:45,7185.6
2024/9/25 5:00,7154.4
2024/9/25 5:15,7170
2024/9/25 5:30,7148.4
2024/9/25 5:45,7172.4
2024/9/25 6:00,6998.4
2024/9/25 6:15,7100.4
2024/9/25 6:30,6963.6
2024/9/25 6:45,7120.8
2024/9/25 7:00,7148.4
2024/9/25 7:15,6985.2
2024/9/25 7:30,7117.2
2024/9/25 7:45,7122
2024/9/25 8:00,7052.4
2024/9/25 8:15,7179.6
2024/9/25 8:30,7210.8
2024/9/25 8:45,7155.6
2024/9/25 9:00,7176
2024/9/25 9:15,7267.2
2024/9/25 9:30,7374
2024/9/25 9:45,7074
2024/9/25 10:00,7095.6
2024/9/25 10:15,7237.2
2024/9/25 10:30,7274.4
2024/9/25 10:45,7179.6
2024/9/25 11:00,7215.6
2024/9/25 11:15,7345.2
2024/9/25 11:30,7275.6
2024/9/25 11:45,7282.8
2024/9/25 12:00,7364.4
2024/9/25 12:15,7204.8
2024/9/25 12:30,7224
2024/9/25 12:45,7225.2
2024/9/25 13:00,7314
2024/9/25 13:15,7291.2
2024/9/25 13:30,7231.2
2024/9/25 13:45,7273.2
2024/9/25 14:00,7299.6
2024/9/25 14:15,7308
2024/9/25 14:30,7249.2
2024/9/25 14:45,7134
2024/9/25 15:00,7304.4
2024/9/25 15:15,7203.6
2024/9/25 15:30,7240.8
2024/9/25 15:45,7236
2024/9/25 16:00,7231.2
2024/9/25 16:15,7081.2
2024/9/25 16:30,7096.8
2024/9/25 16:45,7114.8
2024/9/25 17:00,7194
2024/9/25 17:15,7189.2
2024/9/25 17:30,7124.4
2024/9/25 17:45,7084.8
2024/9/25 18:00,7208.4
2024/9/25 18:15,7231.2
2024/9/25 18:30,7216.8
2024/9/25 18:45,7192.8
2024/9/25 19:00,7218
2024/9/25 19:15,7252.8
2024/9/25 19:30,7323.6
2024/9/25 19:45,7376.4
2024/9/25 20:00,7190.4
2024/9/25 20:15,7216.8
2024/9/25 20:30,7287.6
2024/9/25 20:45,7045.2
2024/9/25 21:00,7286.4
2024/9/25 21:15,7166.4
2024/9/25 21:30,7340.4
2024/9/25 21:45,7278
2024/9/25 22:00,7248
2024/9/25 22:15,7286.4
2024/9/25 22:30,7258.8
2024/9/25 22:45,7191.6
2024/9/25 23:00,7276.8
2024/9/25 23:15,7098
2024/9/25 23:30,7221.6
2024/9/25 23:45,7174.8
2024/9/26 0:00,7227.6
2024/9/26 0:15,7321.2
2024/9/26 0:30,7185.6
2024/9/26 0:45,7268.4
2024/9/26 1:00,7148.4
2024/9/26 1:15,7204.8
2024/9/26 1:30,7066.8
2024/9/26 1:45,7107.6
2024/9/26 2:00,7183.2
2024/9/26 2:15,7143.6
2024/9/26 2:30,7171.2
2024/9/26 2:45,7131.6
2024/9/26 3:00,7188
2024/9/26 3:15,7144.8
2024/9/26 3:30,7150.8
2024/9/26 3:45,7177.2
2024/9/26 4:00,7146
2024/9/26 4:15,7071.6
2024/9/26 4:30,7105.2
2024/9/26 4:45,7050
2024/9/26 5:00,7071.6
2024/9/26 5:15,7082.4
2024/9/26 5:30,7135.2
2024/9/26 5:45,6997.2
2024/9/26 6:00,7058.4
2024/9/26 6:15,6970.8
2024/9/26 6:30,7033.2
2024/9/26 6:45,7014
2024/9/26 7:00,7017.6
2024/9/26 7:15,7066.8
2024/9/26 7:30,7072.8
2024/9/26 7:45,7015.2
2024/9/26 8:00,7041.6
2024/9/26 8:15,7099.2
2024/9/26 8:30,7113.6
2024/9/26 8:45,7052.4
2024/9/26 9:00,7108.8
2024/9/26 9:15,7213.2
2024/9/26 9:30,7185.6
2024/9/26 9:45,7268.4
2024/9/26 10:00,7197.6
2024/9/26 10:15,7180.8
2024/9/26 10:30,7213.2
2024/9/26 10:45,7180.8
2024/9/26 11:00,7177.2
2024/9/26 11:15,7184.4
2024/9/26 11:30,7204.8
2024/9/26 11:45,7143.6
2024/9/26 12:00,7249.2
2024/9/26 12:15,7280.4
2024/9/26 12:30,7098
2024/9/26 12:45,7227.6
2024/9/26 13:00,7292.4
2024/9/26 13:15,7327.2
2024/9/26 13:30,7340.4
2024/9/26 13:45,7269.6
2024/9/26 14:00,7286.4
2024/9/26 14:15,7234.8
2024/9/26 14:30,7186.8
2024/9/26 14:45,7357.2
2024/9/26 15:00,7270.8
2024/9/26 15:15,7023.6
2024/9/26 15:30,7180.8
2024/9/26 15:45,7234.8
2024/9/26 16:00,7243.2
2024/9/26 16:15,7203.6
2024/9/26 16:30,7185.6
2024/9/26 16:45,7230
2024/9/26 17:00,7342.8
2024/9/26 17:15,7322.4
2024/9/26 17:30,7303.2
2024/9/26 17:45,7306.8
2024/9/26 18:00,7293.6
2024/9/26 18:15,7192.8
2024/9/26 18:30,7219.2
2024/9/26 18:45,7167.6
2024/9/26 19:00,7220.4
2024/9/26 19:15,7146
2024/9/26 19:30,7233.6
2024/9/26 19:45,7281.6
2024/9/26 20:00,7215.6
2024/9/26 20:15,7257.6
2024/9/26 20:30,7272
2024/9/26 20:45,7272
2024/9/26 21:00,7270.8
2024/9/26 21:15,7160.4
2024/9/26 21:30,7173.6
2024/9/26 21:45,7188
2024/9/26 22:00,7186.8
2024/9/26 22:15,7400.4
2024/9/26 22:30,7297.2
2024/9/26 22:45,7346.4
2024/9/26 23:00,7291.2
2024/9/26 23:15,7263.6
2024/9/26 23:30,7320
2024/9/26 23:45,7360.8
2024/9/27 0:00,7238.4
2024/9/27 0:15,7233.6
2024/9/27 0:30,7218
2024/9/27 0:45,7231.2
2024/9/27 1:00,7278
2024/9/27 1:15,7221.6
2024/9/27 1:30,7285.2
2024/9/27 1:45,7239.6
2024/9/27 2:00,7252.8
2024/9/27 2:15,7172.4
2024/9/27 2:30,7268.4
2024/9/27 2:45,7269.6
2024/9/27 3:00,7274.4
2024/9/27 3:15,7230
2024/9/27 3:30,7302
2024/9/27 3:45,7262.4
2024/9/27 4:00,7336.8
2024/9/27 4:15,7334.4
2024/9/27 4:30,7333.2
2024/9/27 4:45,7370.4
2024/9/27 5:00,7315.2
2024/9/27 5:15,7336.8
2024/9/27 5:30,7218
2024/9/27 5:45,7174.8
2024/9/27 6:00,7117.2
2024/9/27 6:15,7260
2024/9/27 6:30,7269.6
2024/9/27 6:45,7206
2024/9/27 7:00,7122
2024/9/27 7:15,7167.6
2024/9/27 7:30,7136.4
2024/9/27 7:45,7057.2
2024/9/27 8:00,7113.6
2024/9/27 8:15,7152
2024/9/27 8:30,7147.2
2024/9/27 8:45,7202.4
2024/9/27 9:00,7243.2
2024/9/27 9:15,7188
2024/9/27 9:30,7194
2024/9/27 9:45,7214.4
2024/9/27 10:00,7341.6
2024/9/27 10:15,7332
2024/9/27 10:30,7297.2
2024/9/27 10:45,7280.4
2024/9/27 11:00,7359.6
2024/9/27 11:15,7286.4
2024/9/27 11:30,7329.6
2024/9/27 11:45,7161.6
2024/9/27 12:00,7302
2024/9/27 12:15,7428
2024/9/27 12:30,7380
2024/9/27 12:45,7430.4
2024/9/27 13:00,7432.8
2024/9/27 13:15,7340.4
2024/9/27 13:30,7438.8
2024/9/27 13:45,7490.4
2024/9/27 14:00,7365.6
2024/9/27 14:15,7328.4
2024/9/27 14:30,7431.6
2024/9/27 14:45,7383.6
2024/9/27 15:00,7335.6
2024/9/27 15:15,7387.2
2024/9/27 15:30,7363.2
2024/9/27 15:45,7314
2024/9/27 16:00,7363.2
2024/9/27 16:15,7333.2
2024/9/27 16:30,7411.2
2024/9/27 16:45,7390.8
2024/9/27 17:00,7251.6
2024/9/27 17:15,7248
2024/9/27 17:30,7441.2
2024/9/27 17:45,7214.4
2024/9/27 18:00,7179.6
2024/9/27 18:15,7260
2024/9/27 18:30,7598.4
2024/9/27 18:45,7567.2
2024/9/27 19:00,7269.6
2024/9/27 19:15,7561.2
2024/9/27 19:30,7608
2024/9/27 19:45,7608
2024/9/27 20:00,7617.6
2024/9/27 20:15,7502.4
2024/9/27 20:30,7464
2024/9/27 20:45,7474.8
2024/9/27 21:00,7477.2
2024/9/27 21:15,7496.4
2024/9/27 21:30,7468.8
2024/9/27 21:45,7556.4
2024/9/27 22:00,7560
2024/9/27 22:15,7500
2024/9/27 22:30,7496.4
2024/9/27 22:45,7557.6
2024/9/27 23:00,7473.6
2024/9/27 23:15,7400.4
2024/9/27 23:30,7448.4
2024/9/27 23:45,7551.6
2024/9/28 0:00,7490.4
2024/9/28 0:15,7489.2
2024/9/28 0:30,7346.4
2024/9/28 0:45,7423.2
2024/9/28 1:00,7365.6
2024/9/28 1:15,7483.2
2024/9/28 1:30,7395.6
2024/9/28 1:45,7258.8
2024/9/28 2:00,7340.4
2024/9/28 2:15,7293.6
2024/9/28 2:30,7288.8
2024/9/28 2:45,7372.8
2024/9/28 3:00,7269.6
2024/9/28 3:15,7357.2
2024/9/28 3:30,7394.4
2024/9/28 3:45,7346.4
2024/9/28 4:00,7196.4
2024/9/28 4:15,7243.2
2024/9/28 4:30,7323.6
2024/9/28 4:45,7286.4
2024/9/28 5:00,7360.8
2024/9/28 5:15,7302
2024/9/28 5:30,7288.8
2024/9/28 5:45,7095.6
2024/9/28 6:00,7240.8
2024/9/28 6:15,7262.4
2024/9/28 6:30,7191.6
2024/9/28 6:45,7202.4
2024/9/28 7:00,7178.4
2024/9/28 7:15,7208.4
2024/9/28 7:30,7062
2024/9/28 7:45,7051.2
2024/9/28 8:00,7149.6
2024/9/28 8:15,7140
2024/9/28 8:30,7166.4
2024/9/28 8:45,7178.4
2024/9/28 9:00,7190.4
2024/9/28 9:15,7186.8
2024/9/28 9:30,7314
2024/9/28 9:45,7303.2
2024/9/28 10:00,7442.4
2024/9/28 10:15,7476
2024/9/28 10:30,7567.2
2024/9/28 10:45,7572
2024/9/28 11:00,7543.2
2024/9/28 11:15,7528.8
2024/9/28 11:30,7530
2024/9/28 11:45,7548
2024/9/28 12:00,7287.6
2024/9/28 12:15,7354.8
2024/9/28 12:30,7358.4
2024/9/28 12:45,7347.6
2024/9/28 13:00,7324.8
2024/9/28 13:15,7329.6
2024/9/28 13:30,7404
2024/9/28 13:45,7369.2
2024/9/28 14:00,7429.2
2024/9/28 14:15,7442.4
2024/9/28 14:30,7423.2
2024/9/28 14:45,7452
2024/9/28 15:00,7444.8
2024/9/28 15:15,7478.4
2024/9/28 15:30,7352.4
2024/9/28 15:45,7348.8
2024/9/28 16:00,7387.2
2024/9/28 16:15,7333.2
2024/9/28 16:30,7321.2
2024/9/28 16:45,7278
2024/9/28 17:00,7362
2024/9/28 17:15,7279.2
2024/9/28 17:30,7315.2
2024/9/28 17:45,7315.2
2024/9/28 18:00,7333.2
2024/9/28 18:15,7394.4
2024/9/28 18:30,7328.4
2024/9/28 18:45,7293.6
2024/9/28 19:00,7378.8
2024/9/28 19:15,7274.4
2024/9/28 19:30,7288.8
2024/9/28 19:45,7195.2
2024/9/28 20:00,7178.4
2024/9/28 20:15,7292.4
2024/9/28 20:30,7222.8
2024/9/28 20:45,7209.6
2024/9/28 21:00,7306.8
2024/9/28 21:15,7267.2
2024/9/28 21:30,7429.2
2024/9/28 21:45,7310.4
2024/9/28 22:00,7344
2024/9/28 22:15,7359.6
2024/9/28 22:30,7260
2024/9/28 22:45,7365.6
2024/9/28 23:00,7423.2
2024/9/28 23:15,7380
2024/9/28 23:30,7370.4
2024/9/28 23:45,7372.8
2024/9/29 0:00,7414.8
2024/9/29 0:15,7329.6
2024/9/29 0:30,7413.6
2024/9/29 0:45,7401.6
2024/9/29 1:00,7386
2024/9/29 1:15,7386
2024/9/29 1:30,7402.8
2024/9/29 1:45,7396.8
2024/9/29 2:00,7368
2024/9/29 2:15,7236
2024/9/29 2:30,7411.2
2024/9/29 2:45,7429.2
2024/9/29 3:00,7362
2024/9/29 3:15,7341.6
2024/9/29 3:30,7357.2
2024/9/29 3:45,7420.8
2024/9/29 4:00,7412.4
2024/9/29 4:15,7442.4
2024/9/29 4:30,7405.2
2024/9/29 4:45,7437.6
2024/9/29 5:00,7314
2024/9/29 5:15,7341.6
2024/9/29 5:30,7345.2
2024/9/29 5:45,7180.8
2024/9/29 6:00,7256.4
2024/9/29 6:15,7239.6
2024/9/29 6:30,7263.6
2024/9/29 6:45,7192.8
2024/9/29 7:00,7260
2024/9/29 7:15,7279.2
2024/9/29 7:30,7173.6
2024/9/29 7:45,7300.8
2024/9/29 8:00,7180.8
2024/9/29 8:15,7231.2
2024/9/29 8:30,7212
2024/9/29 8:45,7341.6
2024/9/29 9:00,7327.2
2024/9/29 9:15,7334.4
2024/9/29 9:30,7270.8
2024/9/29 9:45,7281.6
2024/9/29 10:00,7233.6
2024/9/29 10:15,7227.6
2024/9/29 10:30,7128
2024/9/29 10:45,7110
2024/9/29 11:00,7095.6
2024/9/29 11:15,7164
2024/9/29 11:30,7182
2024/9/29 11:45,7165.2
2024/9/29 12:00,7077.6
2024/9/29 12:15,7056
2024/9/29 12:30,7078.8
2024/9/29 12:45,7029.6
2024/9/29 13:00,7075.2
2024/9/29 13:15,6998.4
2024/9/29 13:30,6964.8
2024/9/29 13:45,7030.8
2024/9/29 14:00,7030.8
2024/9/29 14:15,7138.8
2024/9/29 14:30,7198.8
2024/9/29 14:45,7374
2024/9/29 15:00,7384.8
2024/9/29 15:15,7372.8
2024/9/29 15:30,7258.8
2024/9/29 15:45,7354.8
2024/9/29 16:00,7362
2024/9/29 16:15,7420.8
2024/9/29 16:30,7173.6
2024/9/29 16:45,7191.6
2024/9/29 17:00,6991.2
2024/9/29 17:15,7171.2
2024/9/29 17:30,6969.6
2024/9/29 17:45,6991.2
2024/9/29 18:00,7327.2
2024/9/29 18:15,7496.4
2024/9/29 18:30,7416
2024/9/29 18:45,7591.2
2024/9/29 19:00,7536
2024/9/29 19:15,7471.2
2024/9/29 19:30,7480.8
2024/9/29 19:45,7585.2
2024/9/29 20:00,7154.4
2024/9/29 20:15,7396.8
2024/9/29 20:30,7592.4
2024/9/29 20:45,7354.8
2024/9/29 21:00,7206
2024/9/29 21:15,7290
2024/9/29 21:30,7464
2024/9/29 21:45,7447.2
2024/9/29 22:00,7436.4
2024/9/29 22:15,7483.2
2024/9/29 22:30,7323.6
2024/9/29 22:45,7372.8
2024/9/29 23:00,7488
2024/9/29 23:15,7308
2024/9/29 23:30,7358.4
2024/9/29 23:45,7405.2
2024/9/30 0:00,7344
2024/9/30 0:15,7255.2
2024/9/30 0:30,7327.2
2024/9/30 0:45,7358.4
2024/9/30 1:00,7384.8
2024/9/30 1:15,7437.6
2024/9/30 1:30,7440
2024/9/30 1:45,7348.8
2024/9/30 2:00,7414.8
2024/9/30 2:15,7221.6
2024/9/30 2:30,7204.8
2024/9/30 2:45,7300.8
2024/9/30 3:00,7261.2
2024/9/30 3:15,7381.2
2024/9/30 3:30,7222.8
2024/9/30 3:45,7440
2024/9/30 4:00,7312.8
2024/9/30 4:15,6909.6
2024/9/30 4:30,7276.8
2024/9/30 4:45,7363.2
2024/9/30 5:00,7262.4
2024/9/30 5:15,7234.8
2024/9/30 5:30,7270.8
2024/9/30 5:45,7182
2024/9/30 6:00,6759.6
2024/9/30 6:15,7185.6
2024/9/30 6:30,7350
2024/9/30 6:45,7296
2024/9/30 7:00,7040.4
2024/9/30 7:15,7290
2024/9/30 7:30,7186.8
2024/9/30 7:45,7333.2
2024/9/30 8:00,7351.2
2024/9/30 8:15,7405.2
2024/9/30 8:30,6878.4
2024/9/30 8:45,7186.8
2024/9/30 9:00,7190.4
2024/9/30 9:15,7412.4
2024/9/30 9:30,7420.8
2024/9/30 9:45,7318.8
2024/9/30 10:00,7183.2
2024/9/30 10:15,7423.2
2024/9/30 10:30,7341.6
2024/9/30 10:45,7518
2024/9/30 11:00,7285.2
2024/9/30 11:15,7370.4
2024/9/30 11:30,7423.2
2024/9/30 11:45,7424.4
2024/9/30 12:00,7392
2024/9/30 12:15,7424.4
2024/9/30 12:30,7364.4
2024/9/30 12:45,7286.4
2024/9/30 13:00,7390.8
2024/9/30 13:15,7434
2024/9/30 13:30,7302
2024/9/30 13:45,7029.6
2024/9/30 14:00,7520.4
2024/9/30 14:15,7558.8
2024/9/30 14:30,7489.2
2024/9/30 14:45,7419.6
2024/9/30 15:00,7371.6
2024/9/30 15:15,7405.2
2024/9/30 15:30,7503.6
2024/9/30 15:45,7298.4
2024/9/30 16:00,7285.2
2024/9/30 16:15,7267.2
2024/9/30 16:30,7418.4
2024/9/30 16:45,7401.6
2024/9/30 17:00,7351.2
2024/9/30 17:15,7530
2024/9/30 17:30,7568.4
2024/9/30 17:45,7579.2
2024/9/30 18:00,7363.2
2024/9/30 18:15,7425.6
2024/9/30 18:30,7382.4
2024/9/30 18:45,7333.2
2024/9/30 19:00,7288.8
2024/9/30 19:15,7514.4
2024/9/30 19:30,7526.4
2024/9/30 19:45,7309.2
2024/9/30 20:00,7543.2
2024/9/30 20:15,7586.4
2024/9/30 20:30,7472.4
2024/9/30 20:45,7327.2
2024/9/30 21:00,7485.6
2024/9/30 21:15,7302
2024/9/30 21:30,7477.2
2024/9/30 21:45,7305.6
2024/9/30 22:00,7105.2
2024/9/30 22:15,7346.4
2024/9/30 22:30,7372.8
2024/9/30 22:45,7447.2
2024/9/30 23:00,7219.2
2024/9/30 23:15,7222.8
2024/9/30 23:30,7327.2
2024/9/30 23:45,7407.6
2024/10/1 0:00,7246.8
2024/10/1 0:15,7186.8
2024/10/1 0:30,7195.2
2024/10/1 0:45,7348.8
2024/10/1 1:00,7394.4
2024/10/1 1:15,7312.8
2024/10/1 1:30,7314
2024/10/1 1:45,7429.2
2024/10/1 2:00,7352.4
2024/10/1 2:15,7167.6
2024/10/1 2:30,7338
2024/10/1 2:45,7165.2
2024/10/1 3:00,7216.8
2024/10/1 3:15,7404
2024/10/1 3:30,7183.2
2024/10/1 3:45,7333.2
2024/10/1 4:00,7264.8
2024/10/1 4:15,7221.6
2024/10/1 4:30,7282.8
2024/10/1 4:45,7138.8
2024/10/1 5:00,7161.6
2024/10/1 5:15,7264.8
2024/10/1 5:30,7237.2
2024/10/1 5:45,7154.4
2024/10/1 6:00,7094.4
2024/10/1 6:15,7224
2024/10/1 6:30,7278
2024/10/1 6:45,6645.6
2024/10/1 7:00,6877.2
2024/10/1 7:15,6878.4
2024/10/1 7:30,6966
2024/10/1 7:45,7234.8
2024/10/1 8:00,7290
2024/10/1 8:15,7332
2024/10/1 8:30,7298.4
2024/10/1 8:45,7346.4
2024/10/1 9:00,7329.6
2024/10/1 9:15,6998.4
2024/10/1 9:30,7329.6
2024/10/1 9:45,7300.8
2024/10/1 10:00,7280.4
2024/10/1 10:15,7189.2
2024/10/1 10:30,7294.8
2024/10/1 10:45,7453.2
2024/10/1 11:00,7243.2
2024/10/1 11:15,7228.8
2024/10/1 11:30,7317.6
2024/10/1 11:45,7339.2
2024/10/1 12:00,7270.8
2024/10/1 12:15,7304.4
2024/10/1 12:30,7363.2
2024/10/1 12:45,7383.6
2024/10/1 13:00,7438.8
2024/10/1 13:15,7420.8
2024/10/1 13:30,7489.2
2024/10/1 13:45,7398
2024/10/1 14:00,7474.8
2024/10/1 14:15,7384.8
2024/10/1 14:30,7394.4
2024/10/1 14:45,7480.8
2024/10/1 15:00,7369.2
2024/10/1 15:15,7285.2
2024/10/1 15:30,7360.8
2024/10/1 15:45,7402.8
2024/10/1 16:00,7417.2
2024/10/1 16:15,7297.2
2024/10/1 16:30,7471.2
2024/10/1 16:45,7441.2
2024/10/1 17:00,7431.6
2024/10/1 17:15,7497.6
2024/10/1 17:30,7526.4
2024/10/1 17:45,7576.8
2024/10/1 18:00,7468.8
2024/10/1 18:15,7567.2
2024/10/1 18:30,7465.2
2024/10/1 18:45,7401.6
2024/10/1 19:00,7351.2
2024/10/1 19:15,7345.2
2024/10/1 19:30,7458
2024/10/1 19:45,7524
2024/10/1 20:00,7504.8
2024/10/1 20:15,7333.2
2024/10/1 20:30,7392
2024/10/1 20:45,7555.2
2024/10/1 21:00,7507.2
2024/10/1 21:15,7611.6
2024/10/1 21:30,7473.6
2024/10/1 21:45,7488
2024/10/1 22:00,7662
2024/10/1 22:15,7640.4
2024/10/1 22:30,7431.6
2024/10/1 22:45,7516.8
2024/10/1 23:00,7562.4
2024/10/1 23:15,7623.6
2024/10/1 23:30,7582.8
2024/10/1 23:45,7644
2024/10/2 0:00,7653.6
2024/10/2 0:15,7501.2
2024/10/2 0:30,7504.8
2024/10/2 0:45,7406.4
2024/10/2 1:00,7375.2
2024/10/2 1:15,7359.6
2024/10/2 1:30,7222.8
2024/10/2 1:45,7342.8
2024/10/2 2:00,7287.6
2024/10/2 2:15,7263.6
2024/10/2 2:30,7339.2
2024/10/2 2:45,7351.2
2024/10/2 3:00,7362
2024/10/2 3:15,7269.6
2024/10/2 3:30,7317.6
2024/10/2 3:45,7329.6
2024/10/2 4:00,7370.4
2024/10/2 4:15,7381.2
2024/10/2 4:30,7359.6
2024/10/2 4:45,7390.8
2024/10/2 5:00,7272
2024/10/2 5:15,7201.2
2024/10/2 5:30,7286.4
2024/10/2 5:45,7116
2024/10/2 6:00,7216.8
2024/10/2 6:15,7212
2024/10/2 6:30,7196.4
2024/10/2 6:45,7195.2
2024/10/2 7:00,7254
2024/10/2 7:15,7047.6
2024/10/2 7:30,7101.6
2024/10/2 7:45,7173.6
2024/10/2 8:00,7228.8
2024/10/2 8:15,7224
2024/10/2 8:30,7172.4
2024/10/2 8:45,7389.6
2024/10/2 9:00,7401.6
2024/10/2 9:15,7408.8
2024/10/2 9:30,7311.6
2024/10/2 9:45,7406.4
2024/10/2 10:00,7333.2
2024/10/2 10:15,7514.4
2024/10/2 10:30,7402.8
2024/10/2 10:45,7545.6
2024/10/2 11:00,7240.8
2024/10/2 11:15,7323.6
2024/10/2 11:30,7323.6
2024/10/2 11:45,7309.2
2024/10/2 12:00,7281.6
2024/10/2 12:15,7384.8
2024/10/2 12:30,7305.6
2024/10/2 12:45,7296
2024/10/2 13:00,7442.4
2024/10/2 13:15,7336.8
2024/10/2 13:30,7438.8
2024/10/2 13:45,7370.4
2024/10/2 14:00,7393.2
2024/10/2 14:15,7479.6
2024/10/2 14:30,7476
2024/10/2 14:45,7144.8
2024/10/2 15:00,7072.8
2024/10/2 15:15,7089.6
2024/10/2 15:30,7240.8
2024/10/2 15:45,7396.8
2024/10/2 16:00,7496.4
2024/10/2 16:15,7465.2
2024/10/2 16:30,7524
2024/10/2 16:45,7536
2024/10/2 17:00,7496.4
2024/10/2 17:15,7549.2
2024/10/2 17:30,7334.4
2024/10/2 17:45,7344
2024/10/2 18:00,7534.8
2024/10/2 18:15,7512
2024/10/2 18:30,7323.6
2024/10/2 18:45,7342.8
2024/10/2 19:00,6979.2
2024/10/2 19:15,7011.6
2024/10/2 19:30,7269.6
2024/10/2 19:45,7010.4
2024/10/2 20:00,7046.4
2024/10/2 20:15,7340.4
2024/10/2 20:30,7258.8
2024/10/2 20:45,7164
2024/10/2 21:00,7323.6
2024/10/2 21:15,7474.8
2024/10/2 21:30,7266
2024/10/2 21:45,7462.8
2024/10/2 22:00,7470
2024/10/2 22:15,7354.8
2024/10/2 22:30,7380
2024/10/2 22:45,7338
2024/10/2 23:00,7357.2
2024/10/2 23:15,7447.2
2024/10/2 23:30,7372.8
2024/10/2 23:45,7444.8
2024/10/3 0:00,7346.4
2024/10/3 0:15,7456.8
2024/10/3 0:30,7434
2024/10/3 0:45,7454.4
2024/10/3 1:00,7252.8
2024/10/3 1:15,7359.6
2024/10/3 1:30,7392
2024/10/3 1:45,7406.4
2024/10/3 2:00,7338
2024/10/3 2:15,7426.8
2024/10/3 2:30,7369.2
2024/10/3 2:45,7360.8
2024/10/3 3:00,7429.2
2024/10/3 3:15,7378.8
2024/10/3 3:30,7366.8
2024/10/3 3:45,7376.4
2024/10/3 4:00,7304.4
2024/10/3 4:15,7269.6
2024/10/3 4:30,7272
2024/10/3 4:45,7184.4
2024/10/3 5:00,7254
2024/10/3 5:15,7350
2024/10/3 5:30,7292.4
2024/10/3 5:45,7334.4
2024/10/3 6:00,7268.4
2024/10/3 6:15,7290
2024/10/3 6:30,7214.4
2024/10/3 6:45,7141.2
2024/10/3 7:00,7042.8
2024/10/3 7:15,7197.6
2024/10/3 7:30,7294.8
2024/10/3 7:45,7227.6
2024/10/3 8:00,7236
2024/10/3 8:15,7225.2
2024/10/3 8:30,7251.6
2024/10/3 8:45,7340.4
2024/10/3 9:00,7353.6
2024/10/3 9:15,7348.8
2024/10/3 9:30,7400.4
2024/10/3 9:45,7394.4
2024/10/3 10:00,7410
2024/10/3 10:15,7416
2024/10/3 10:30,7446
2024/10/3 10:45,7405.2
2024/10/3 11:00,7302
2024/10/3 11:15,7472.4
2024/10/3 11:30,7428
2024/10/3 11:45,7404
2024/10/3 12:00,7224
2024/10/3 12:15,7353.6
2024/10/3 12:30,7419.6
2024/10/3 12:45,7363.2
2024/10/3 13:00,7488
2024/10/3 13:15,7362
2024/10/3 13:30,7417.2
2024/10/3 13:45,7389.6
2024/10/3 14:00,7375.2
2024/10/3 14:15,7450.8
2024/10/3 14:30,7473.6
2024/10/3 14:45,7490.4
2024/10/3 15:00,7446
2024/10/3 15:15,7460.4
2024/10/3 15:30,7594.8
2024/10/3 15:45,7468.8
2024/10/3 16:00,7467.6
2024/10/3 16:15,7442.4
2024/10/3 16:30,7425.6
2024/10/3 16:45,7376.4
2024/10/3 17:00,7483.2
2024/10/3 17:15,7600.8
2024/10/3 17:30,7575.6
2024/10/3 17:45,7567.2
2024/10/3 18:00,7605.6
2024/10/3 18:15,7494
2024/10/3 18:30,7588.8
2024/10/3 18:45,7580.4
2024/10/3 19:00,7550.4
2024/10/3 19:15,7332
2024/10/3 19:30,7334.4
2024/10/3 19:45,7422
2024/10/3 20:00,7316.4
2024/10/3 20:15,7287.6
2024/10/3 20:30,7327.2
2024/10/3 20:45,7336.8
2024/10/3 21:00,7448.4
2024/10/3 21:15,7504.8
2024/10/3 21:30,7497.6
2024/10/3 21:45,7425.6
2024/10/3 22:00,7455.6
2024/10/3 22:15,7344
2024/10/3 22:30,7419.6
2024/10/3 22:45,7416
2024/10/3 23:00,7304.4
2024/10/3 23:15,7256.4
2024/10/3 23:30,7159.2
2024/10/3 23:45,7202.4
2024/10/4 0:00,7155.6
2024/10/4 0:15,7208.4
2024/10/4 0:30,7278
2024/10/4 0:45,7323.6
2024/10/4 1:00,7329.6
2024/10/4 1:15,7357.2
2024/10/4 1:30,7335.6
2024/10/4 1:45,7380
2024/10/4 2:00,7369.2
2024/10/4 2:15,7302
2024/10/4 2:30,7304.4
2024/10/4 2:45,7324.8
2024/10/4 3:00,7351.2
2024/10/4 3:15,7308
2024/10/4 3:30,7282.8
2024/10/4 3:45,7285.2
2024/10/4 4:00,7294.8
2024/10/4 4:15,7316.4
2024/10/4 4:30,7351.2
2024/10/4 4:45,7305.6
2024/10/4 5:00,7228.8
2024/10/4 5:15,7254
2024/10/4 5:30,7206
2024/10/4 5:45,7198.8
2024/10/4 6:00,7232.4
2024/10/4 6:15,7252.8
2024/10/4 6:30,7203.6
2024/10/4 6:45,7228.8
2024/10/4 7:00,7192.8
2024/10/4 7:15,7185.6
2024/10/4 7:30,7184.4
2024/10/4 7:45,7232.4
2024/10/4 8:00,7357.2
2024/10/4 8:15,7276.8
2024/10/4 8:30,7216.8
2024/10/4 8:45,7324.8
2024/10/4 9:00,7342.8
2024/10/4 9:15,7360.8
2024/10/4 9:30,7506
2024/10/4 9:45,7527.6
2024/10/4 10:00,7484.4
2024/10/4 10:15,7424.4
2024/10/4 10:30,7448.4
2024/10/4 10:45,7484.4
2024/10/4 11:00,7428
2024/10/4 11:15,7482
2024/10/4 11:30,7582.8
2024/10/4 11:45,7480.8
2024/10/4 12:00,7515.6
2024/10/4 12:15,7602
2024/10/4 12:30,7592.4
2024/10/4 12:45,7585.2
2024/10/4 13:00,7680
2024/10/4 13:15,7678.8
2024/10/4 13:30,7644
2024/10/4 13:45,7622.4
2024/10/4 14:00,7726.8
2024/10/4 14:15,7588.8
2024/10/4 14:30,7594.8
2024/10/4 14:45,7422
2024/10/4 15:00,7609.2
2024/10/4 15:15,7581.6
2024/10/4 15:30,7456.8
2024/10/4 15:45,7588.8
2024/10/4 16:00,7598.4
2024/10/4 16:15,7491.6
2024/10/4 16:30,7603.2
2024/10/4 16:45,7502.4
2024/10/4 17:00,7532.4
2024/10/4 17:15,7542
2024/10/4 17:30,7600.8
2024/10/4 17:45,7624.8
2024/10/4 18:00,7617.6
2024/10/4 18:15,7596
2024/10/4 18:30,7604.4
2024/10/4 18:45,7555.2
2024/10/4 19:00,7551.6
2024/10/4 19:15,7599.6
2024/10/4 19:30,7780.8
2024/10/4 19:45,7756.8
2024/10/4 20:00,7630.8
2024/10/4 20:15,7621.2
2024/10/4 20:30,7587.6
2024/10/4 20:45,7615.2
2024/10/4 21:00,7341.6
2024/10/4 21:15,7562.4
2024/10/4 21:30,7527.6
2024/10/4 21:45,7375.2
2024/10/4 22:00,7356
2024/10/4 22:15,7500
2024/10/4 22:30,7485.6
2024/10/4 22:45,7453.2
2024/10/4 23:00,7507.2
2024/10/4 23:15,7538.4
2024/10/4 23:30,7546.8
2024/10/4 23:45,7426.8
2024/10/5 0:00,7485.6
2024/10/5 0:15,7491.6
2024/10/5 0:30,7489.2
2024/10/5 0:45,7497.6
2024/10/5 1:00,7425.6
2024/10/5 1:15,7462.8
2024/10/5 1:30,7327.2
2024/10/5 1:45,7352.4
2024/10/5 2:00,7189.2
2024/10/5 2:15,7238.4
2024/10/5 2:30,7222.8
2024/10/5 2:45,7194
2024/10/5 3:00,7089.6
2024/10/5 3:15,7197.6
2024/10/5 3:30,7242
2024/10/5 3:45,7153.2
2024/10/5 4:00,7182
2024/10/5 4:15,7158
2024/10/5 4:30,7168.8
2024/10/5 4:45,7171.2
2024/10/5 5:00,7116
2024/10/5 5:15,7036.8
2024/10/5 5:30,7002
2024/10/5 5:45,7092
2024/10/5 6:00,7083.6
2024/10/5 6:15,7068
2024/10/5 6:30,7038
2024/10/5 6:45,7032
2024/10/5 7:00,7088.4
2024/10/5 7:15,7029.6
2024/10/5 7:30,7098
2024/10/5 7:45,7106.4
2024/10/5 8:00,7124.4
2024/10/5 8:15,7130.4
2024/10/5 8:30,7086
2024/10/5 8:45,7147.2
2024/10/5 9:00,7105.2
2024/10/5 9:15,7218
2024/10/5 9:30,7290
2024/10/5 9:45,7429.2
2024/10/5 10:00,7581.6
2024/10/5 10:15,7366.8
2024/10/5 10:30,7495.2
2024/10/5 10:45,7442.4
2024/10/5 11:00,7648.8
2024/10/5 11:15,7653.6
2024/10/5 11:30,7582.8
2024/10/5 11:45,7410
2024/10/5 12:00,7504.8
2024/10/5 12:15,7519.2
2024/10/5 12:30,7460.4
2024/10/5 12:45,7430.4
2024/10/5 13:00,7426.8
2024/10/5 13:15,7587.6
2024/10/5 13:30,7537.2
2024/10/5 13:45,7371.6
2024/10/5 14:00,7440
2024/10/5 14:15,7311.6
2024/10/5 14:30,7417.2
2024/10/5 14:45,7392
2024/10/5 15:00,7417.2
2024/10/5 15:15,7303.2
2024/10/5 15:30,7485.6
2024/10/5 15:45,7532.4
2024/10/5 16:00,7512
2024/10/5 16:15,7519.2
2024/10/5 16:30,7375.2
2024/10/5 16:45,7395.6
2024/10/5 17:00,7404
2024/10/5 17:15,7221.6
2024/10/5 17:30,7225.2
2024/10/5 17:45,7506
2024/10/5 18:00,7360.8
2024/10/5 18:15,7574.4
2024/10/5 18:30,7508.4
2024/10/5 18:45,7454.4
2024/10/5 19:00,7364.4
2024/10/5 19:15,7394.4
2024/10/5 19:30,7191.6
2024/10/5 19:45,7390.8
2024/10/5 20:00,7310.4
2024/10/5 20:15,7107.6
2024/10/5 20:30,7228.8
2024/10/5 20:45,7254
2024/10/5 21:00,7324.8
2024/10/5 21:15,7209.6
2024/10/5 21:30,7227.6
2024/10/5 21:45,7131.6
2024/10/5 22:00,7134
2024/10/5 22:15,7134
2024/10/5 22:30,7104
2024/10/5 22:45,7159.2
2024/10/5 23:00,7208.4
2024/10/5 23:15,7238.4
2024/10/5 23:30,7189.2
2024/10/5 23:45,7190.4
2024/10/6 0:00,7197.6
2024/10/6 0:15,7191.6
2024/10/6 0:30,7179.6
2024/10/6 0:45,7195.2
2024/10/6 1:00,7126.8
2024/10/6 1:15,7125.6
2024/10/6 1:30,7153.2
2024/10/6 1:45,7210.8
2024/10/6 2:00,7170
2024/10/6 2:15,7190.4
2024/10/6 2:30,7092
2024/10/6 2:45,7090.8
2024/10/6 3:00,7132.8
2024/10/6 3:15,7136.4
2024/10/6 3:30,7083.6
2024/10/6 3:45,7152
2024/10/6 4:00,7050
2024/10/6 4:15,7093.2
2024/10/6 4:30,7070.4
2024/10/6 4:45,7093.2
2024/10/6 5:00,7065.6
2024/10/6 5:15,7070.4
2024/10/6 5:30,7082.4
2024/10/6 5:45,7112.4
2024/10/6 6:00,7119.6
2024/10/6 6:15,7021.2
2024/10/6 6:30,7148.4
2024/10/6 6:45,7071.6
2024/10/6 7:00,7123.2
2024/10/6 7:15,6987.6
2024/10/6 7:30,6978
2024/10/6 7:45,6966
2024/10/6 8:00,6954
2024/10/6 8:15,7028.4
2024/10/6 8:30,7029.6
2024/10/6 8:45,6897.6
2024/10/6 9:00,7064.4
2024/10/6 9:15,7111.2
2024/10/6 9:30,7122
2024/10/6 9:45,7093.2
2024/10/6 10:00,7213.2
2024/10/6 10:15,7189.2
2024/10/6 10:30,7228.8
2024/10/6 10:45,7294.8
2024/10/6 11:00,7256.4
2024/10/6 11:15,7262.4
2024/10/6 11:30,7294.8
2024/10/6 11:45,7148.4
2024/10/6 12:00,7263.6
2024/10/6 12:15,7242
2024/10/6 12:30,7304.4
2024/10/6 12:45,7264.8
2024/10/6 13:00,7257.6
2024/10/6 13:15,7288.8
2024/10/6 13:30,7288.8
2024/10/6 13:45,7282.8
2024/10/6 14:00,7180.8
2024/10/6 14:15,7240.8
2024/10/6 14:30,7266
2024/10/6 14:45,7300.8
2024/10/6 15:00,7293.6
2024/10/6 15:15,7311.6
2024/10/6 15:30,7297.2
2024/10/6 15:45,7268.4
2024/10/6 16:00,7216.8
2024/10/6 16:15,7281.6
2024/10/6 16:30,7214.4
2024/10/6 16:45,7141.2
2024/10/6 17:00,7132.8
2024/10/6 17:15,7219.2
2024/10/6 17:30,7206
2024/10/6 17:45,7209.6
2024/10/6 18:00,7197.6
2024/10/6 18:15,7186.8
2024/10/6 18:30,7156.8
2024/10/6 18:45,7072.8
2024/10/6 19:00,7150.8
2024/10/6 19:15,7143.6
2024/10/6 19:30,7203.6
2024/10/6 19:45,7142.4
2024/10/6 20:00,7214.4
2024/10/6 20:15,7111.2
2024/10/6 20:30,7147.2
2024/10/6 20:45,7142.4
2024/10/6 21:00,7074
2024/10/6 21:15,7124.4
2024/10/6 21:30,7149.6
2024/10/6 21:45,7192.8
2024/10/6 22:00,7137.6
2024/10/6 22:15,7184.4
2024/10/6 22:30,7250.4
2024/10/6 22:45,6988.8
2024/10/6 23:00,6939.6
2024/10/6 23:15,6878.4
2024/10/6 23:30,6888
2024/10/6 23:45,6937.2
2024/10/7 0:00,6912
2024/10/7 0:15,6931.2
2024/10/7 0:30,6932.4
2024/10/7 0:45,6902.4
2024/10/7 1:00,6900
2024/10/7 1:15,6847.2
2024/10/7 1:30,6841.2
2024/10/7 1:45,6898.8
2024/10/7 2:00,6900
2024/10/7 2:15,6986.4
2024/10/7 2:30,6876
2024/10/7 2:45,6924
2024/10/7 3:00,6894
2024/10/7 3:15,6986.4
2024/10/7 3:30,6921.6
2024/10/7 3:45,6946.8
2024/10/7 4:00,6910.8
2024/10/7 4:15,6926.4
2024/10/7 4:30,6878.4
2024/10/7 4:45,6859.2
2024/10/7 5:00,6787.2
2024/10/7 5:15,6738
2024/10/7 5:30,6843.6
2024/10/7 5:45,6793.2
2024/10/7 6:00,6808.8
2024/10/7 6:15,6780
2024/10/7 6:30,6775.2
2024/10/7 6:45,6793.2
2024/10/7 7:00,6784.8
2024/10/7 7:15,6783.6
2024/10/7 7:30,6715.2
2024/10/7 7:45,6772.8
2024/10/7 8:00,6801.6
2024/10/7 8:15,6806.4
2024/10/7 8:30,6758.4
2024/10/7 8:45,6862.8
2024/10/7 9:00,6847.2
2024/10/7 9:15,6907.2
2024/10/7 9:30,6879.6
2024/10/7 9:45,6846
2024/10/7 10:00,6889.2
2024/10/7 10:15,6914.4
2024/10/7 10:30,6943.2
2024/10/7 10:45,7004.4
2024/10/7 11:00,7004.4
2024/10/7 11:15,7003.2
2024/10/7 11:30,7026
2024/10/7 11:45,6919.2
2024/10/7 12:00,6986.4
2024/10/7 12:15,6943.2
2024/10/7 12:30,6912
2024/10/7 12:45,6981.6
2024/10/7 13:00,6962.4
2024/10/7 13:15,7006.8
2024/10/7 13:30,7017.6
2024/10/7 13:45,7002
2024/10/7 14:00,6973.2
2024/10/7 14:15,7063.2
2024/10/7 14:30,6981.6
2024/10/7 14:45,7059.6
2024/10/7 15:00,7056
2024/10/7 15:15,7027.2
2024/10/7 15:30,6966
2024/10/7 15:45,7046.4
2024/10/7 16:00,7052.4
2024/10/7 16:15,7027.2
2024/10/7 16:30,7072.8
2024/10/7 16:45,7024.8
2024/10/7 17:00,7099.2
2024/10/7 17:15,7065.6
2024/10/7 17:30,7110
2024/10/7 17:45,7100.4
2024/10/7 18:00,7039.2
2024/10/7 18:15,6991.2
2024/10/7 18:30,7095.6
2024/10/7 18:45,7096.8
2024/10/7 19:00,7099.2
2024/10/7 19:15,7110
2024/10/7 19:30,7117.2
2024/10/7 19:45,7144.8
2024/10/7 20:00,7135.2
2024/10/7 20:15,7069.2
2024/10/7 20:30,7159.2
2024/10/7 20:45,7162.8
2024/10/7 21:00,7147.2
2024/10/7 21:15,7190.4
2024/10/7 21:30,7161.6
2024/10/7 21:45,7206
2024/10/7 22:00,7083.6
2024/10/7 22:15,7155.6
2024/10/7 22:30,7023.6
2024/10/7 22:45,7053.6
2024/10/7 23:00,7106.4
2024/10/7 23:15,7141.2
2024/10/7 23:30,7060.8
2024/10/7 23:45,7088.4
2024/10/8 0:00,7042.8
2024/10/8 0:15,6991.2
2024/10/8 0:30,6942
2024/10/8 0:45,7029.6
2024/10/8 1:00,7048.8
2024/10/8 1:15,7021.2
2024/10/8 1:30,6992.4
2024/10/8 1:45,6988.8
2024/10/8 2:00,6943.2
2024/10/8 2:15,7000.8
2024/10/8 2:30,6937.2
2024/10/8 2:45,7018.8
2024/10/8 3:00,7092
2024/10/8 3:15,6931.2
2024/10/8 3:30,6961.2
2024/10/8 3:45,7000.8
2024/10/8 4:00,6936
2024/10/8 4:15,7014
2024/10/8 4:30,6933.6
2024/10/8 4:45,6958.8
2024/10/8 5:00,6880.8
2024/10/8 5:15,6908.4
2024/10/8 5:30,6901.2
2024/10/8 5:45,6972
2024/10/8 6:00,6928.8
2024/10/8 6:15,6901.2
2024/10/8 6:30,6883.2
2024/10/8 6:45,6958.8
2024/10/8 7:00,6957.6
2024/10/8 7:15,6902.4
2024/10/8 7:30,7002
2024/10/8 7:45,6939.6
2024/10/8 8:00,6979.2
2024/10/8 8:15,6957.6
2024/10/8 8:30,6954
2024/10/8 8:45,6849.6
2024/10/8 9:00,7251.6
2024/10/8 9:15,7260
2024/10/8 9:30,7224
2024/10/8 9:45,7228.8
2024/10/8 10:00,7204.8
2024/10/8 10:15,7122
2024/10/8 10:30,7185.6
2024/10/8 10:45,7244.4
2024/10/8 11:00,7254
2024/10/8 11:15,7280.4
2024/10/8 11:30,7236
2024/10/8 11:45,7204.8
2024/10/8 12:00,7201.2
2024/10/8 12:15,7286.4
2024/10/8 12:30,7174.8
2024/10/8 12:45,7183.2
2024/10/8 13:00,7166.4
2024/10/8 13:15,7206
2024/10/8 13:30,7272
2024/10/8 13:45,7195.2
2024/10/8 14:00,7195.2
2024/10/8 14:15,7056
2024/10/8 14:30,7117.2
2024/10/8 14:45,7174.8
2024/10/8 15:00,7260
2024/10/8 15:15,7260
2024/10/8 15:30,7290
2024/10/8 15:45,7351.2
2024/10/8 16:00,7284
2024/10/8 16:15,7334.4
2024/10/8 16:30,7347.6
2024/10/8 16:45,7305.6
2024/10/8 17:00,7357.2
2024/10/8 17:15,7374
2024/10/8 17:30,7258.8
2024/10/8 17:45,7260
2024/10/8 18:00,7136.4
2024/10/8 18:15,7260
2024/10/8 18:30,7340.4
2024/10/8 18:45,7294.8
2024/10/8 19:00,7340.4
2024/10/8 19:15,7346.4
2024/10/8 19:30,7362
2024/10/8 19:45,7365.6
2024/10/8 20:00,7329.6
2024/10/8 20:15,7228.8
2024/10/8 20:30,7180.8
2024/10/8 20:45,7125.6
2024/10/8 21:00,7167.6
2024/10/8 21:15,7092
2024/10/8 21:30,7154.4
2024/10/8 21:45,7128
2024/10/8 22:00,7118.4
2024/10/8 22:15,7068
2024/10/8 22:30,7018.8
2024/10/8 22:45,6991.2
2024/10/8 23:00,7101.6
2024/10/8 23:15,7063.2
2024/10/8 23:30,7153.2
2024/10/8 23:45,7176
2024/10/9 0:00,7327.2
2024/10/9 0:15,7245.6
2024/10/9 0:30,7118.4
2024/10/9 0:45,7304.4
2024/10/9 1:00,7267.2
2024/10/9 1:15,7156.8
2024/10/9 1:30,7273.2
2024/10/9 1:45,7215.6
2024/10/9 2:00,7168.8
2024/10/9 2:15,7093.2
2024/10/9 2:30,7111.2
2024/10/9 2:45,7106.4
2024/10/9 3:00,7198.8
2024/10/9 3:15,7167.6
2024/10/9 3:30,7176
2024/10/9 3:45,7161.6
2024/10/9 4:00,7173.6
2024/10/9 4:15,7165.2
2024/10/9 4:30,7192.8
2024/10/9 4:45,7165.2
2024/10/9 5:00,7102.8
2024/10/9 5:15,7069.2
2024/10/9 5:30,7120.8
2024/10/9 5:45,7081.2
2024/10/9 6:00,7070.4
2024/10/9 6:15,7063.2
2024/10/9 6:30,7059.6
2024/10/9 6:45,7086
2024/10/9 7:00,7119.6
2024/10/9 7:15,6976.8
2024/10/9 7:30,6938.4
2024/10/9 7:45,6856.8
2024/10/9 8:00,6982.8
2024/10/9 8:15,7040.4
2024/10/9 8:30,7017.6
2024/10/9 8:45,6984
2024/10/9 9:00,7023.6
2024/10/9 9:15,7017.6
2024/10/9 9:30,7028.4
2024/10/9 9:45,6878.4
2024/10/9 10:00,6970.8
2024/10/9 10:15,7041.6
2024/10/9 10:30,7035.6
2024/10/9 10:45,6915.6
2024/10/9 11:00,6927.6
2024/10/9 11:15,6872.4
2024/10/9 11:30,6967.2
2024/10/9 11:45,6902.4
2024/10/9 12:00,6933.6
2024/10/9 12:15,6872.4
2024/10/9 12:30,6904.8
2024/10/9 12:45,6825.6
2024/10/9 13:00,6906
2024/10/9 13:15,6942
2024/10/9 13:30,6922.8
2024/10/9 13:45,6896.4
2024/10/9 14:00,7005.6
2024/10/9 14:15,6918
2024/10/9 14:30,6886.8
2024/10/9 14:45,6997.2
2024/10/9 15:00,7052.4
2024/10/9 15:15,7009.2
2024/10/9 15:30,7068
2024/10/9 15:45,6945.6
2024/10/9 16:00,7009.2
2024/10/9 16:15,7068
2024/10/9 16:30,7173.6
2024/10/9 16:45,7154.4
2024/10/9 17:00,7070.4
2024/10/9 17:15,7122
2024/10/9 17:30,7075.2
2024/10/9 17:45,7076.4
2024/10/9 18:00,7071.6
2024/10/9 18:15,7137.6
2024/10/9 18:30,7094.4
2024/10/9 18:45,7153.2
2024/10/9 19:00,7057.2
2024/10/9 19:15,7104
2024/10/9 19:30,7060.8
2024/10/9 19:45,7102.8
2024/10/9 20:00,7150.8
2024/10/9 20:15,7170
2024/10/9 20:30,7231.2
2024/10/9 20:45,7131.6
2024/10/9 21:00,7134
2024/10/9 21:15,7100.4
2024/10/9 21:30,7018.8
2024/10/9 21:45,6944.4
2024/10/9 22:00,6973.2
2024/10/9 22:15,6992.4
2024/10/9 22:30,7023.6
2024/10/9 22:45,7087.2
2024/10/9 23:00,6968.4
2024/10/9 23:15,6889.2
2024/10/9 23:30,6960
2024/10/9 23:45,6880.8
2024/10/10 0:00,6825.6
2024/10/10 0:15,6897.6
2024/10/10 0:30,6915.6
2024/10/10 0:45,6878.4
2024/10/10 1:00,6958.8
2024/10/10 1:15,6860.4
2024/10/10 1:30,6932.4
2024/10/10 1:45,6920.4
2024/10/10 2:00,7000.8
2024/10/10 2:15,6950.4
2024/10/10 2:30,6981.6
2024/10/10 2:45,6936
2024/10/10 3:00,6949.2
2024/10/10 3:15,6940.8
2024/10/10 3:30,6913.2
2024/10/10 3:45,6969.6
2024/10/10 4:00,6913.2
2024/10/10 4:15,6957.6
2024/10/10 4:30,6938.4
2024/10/10 4:45,6945.6
2024/10/10 5:00,6865.2
2024/10/10 5:15,6931.2
2024/10/10 5:30,6879.6
2024/10/10 5:45,6748.8
2024/10/10 6:00,6738
2024/10/10 6:15,6768
2024/10/10 6:30,6706.8
2024/10/10 6:45,6829.2
2024/10/10 7:00,6942
2024/10/10 7:15,6860.4
2024/10/10 7:30,6818.4
2024/10/10 7:45,6824.4
2024/10/10 8:00,6885.6
2024/10/10 8:15,6777.6
2024/10/10 8:30,6774
2024/10/10 8:45,6854.4
2024/10/10 9:00,6855.6
2024/10/10 9:15,6859.2
2024/10/10 9:30,6840
2024/10/10 9:45,6721.2
2024/10/10 10:00,6642
2024/10/10 10:15,6885.6
2024/10/10 10:30,6883.2
2024/10/10 10:45,6910.8
2024/10/10 11:00,6979.2
2024/10/10 11:15,6855.6
2024/10/10 11:30,6818.4
2024/10/10 11:45,6948
2024/10/10 12:00,6943.2
2024/10/10 12:15,6973.2
2024/10/10 12:30,6942
2024/10/10 12:45,6886.8
2024/10/10 13:00,6979.2
2024/10/10 13:15,6968.4
2024/10/10 13:30,6998.4
2024/10/10 13:45,6868.8
2024/10/10 14:00,6978
2024/10/10 14:15,6927.6
2024/10/10 14:30,7076.4
2024/10/10 14:45,7173.6
2024/10/10 15:00,7194
2024/10/10 15:15,7070.4
2024/10/10 15:30,7065.6
2024/10/10 15:45,7117.2
2024/10/10 16:00,7166.4
2024/10/10 16:15,7114.8
2024/10/10 16:30,7083.6
2024/10/10 16:45,7093.2
2024/10/10 17:00,6962.4
2024/10/10 17:15,7134
2024/10/10 17:30,6867.6
2024/10/10 17:45,6880.8
2024/10/10 18:00,6958.8
2024/10/10 18:15,6982.8
2024/10/10 18:30,6913.2
2024/10/10 18:45,6903.6
2024/10/10 19:00,6892.8
2024/10/10 19:15,6826.8
2024/10/10 19:30,6957.6
2024/10/10 19:45,6962.4
2024/10/10 20:00,6973.2
2024/10/10 20:15,6934.8
2024/10/10 20:30,6928.8
2024/10/10 20:45,6997.2
2024/10/10 21:00,6928.8
2024/10/10 21:15,6950.4
2024/10/10 21:30,6892.8
2024/10/10 21:45,6802.8
2024/10/10 22:00,6738
2024/10/10 22:15,6960
2024/10/10 22:30,6908.4
2024/10/10 22:45,6895.2
2024/10/10 23:00,6888
2024/10/10 23:15,6898.8
2024/10/10 23:30,6819.6
2024/10/10 23:45,6967.2
2024/10/11 0:00,6968.4
2024/10/11 0:15,6949.2
2024/10/11 0:30,6940.8
2024/10/11 0:45,6966
2024/10/11 1:00,6932.4
2024/10/11 1:15,6943.2
2024/10/11 1:30,6825.6
2024/10/11 1:45,6882
2024/10/11 2:00,6910.8
2024/10/11 2:15,6926.4
2024/10/11 2:30,6871.2
2024/10/11 2:45,6901.2
2024/10/11 3:00,6939.6
2024/10/11 3:15,6976.8
2024/10/11 3:30,6888
2024/10/11 3:45,6784.8
2024/10/11 4:00,6876
2024/10/11 4:15,6912
2024/10/11 4:30,6903.6
2024/10/11 4:45,6942
2024/10/11 5:00,6932.4
2024/10/11 5:15,6952.8
2024/10/11 5:30,6903.6
2024/10/11 5:45,6836.4
2024/10/11 6:00,6788.4
2024/10/11 6:15,6836.4
2024/10/11 6:30,6852
2024/10/11 6:45,6811.2
2024/10/11 7:00,6828
2024/10/11 7:15,6864
2024/10/11 7:30,6814.8
2024/10/11 7:45,6861.6
2024/10/11 8:00,6860.4
2024/10/11 8:15,6910.8
2024/10/11 8:30,6962.4
2024/10/11 8:45,6838.8
2024/10/11 9:00,7009.2
2024/10/11 9:15,6944.4
2024/10/11 9:30,7010.4
2024/10/11 9:45,7099.2
2024/10/11 10:00,6904.8
2024/10/11 10:15,6861.6
2024/10/11 10:30,6962.4
2024/10/11 10:45,6962.4
2024/10/11 11:00,7082.4
2024/10/11 11:15,7089.6
2024/10/11 11:30,7129.2
2024/10/11 11:45,7038
2024/10/11 12:00,7075.2
2024/10/11 12:15,6859.2
2024/10/11 12:30,6877.2
2024/10/11 12:45,6925.2
2024/10/11 13:00,6932.4
2024/10/11 13:15,6912
2024/10/11 13:30,6973.2
2024/10/11 13:45,6912
2024/10/11 14:00,6938.4
2024/10/11 14:15,6968.4
2024/10/11 14:30,6996
2024/10/11 14:45,7008
2024/10/11 15:00,7020
2024/10/11 15:15,6988.8
2024/10/11 15:30,7030.8
2024/10/11 15:45,7026
2024/10/11 16:00,7033.2
2024/10/11 16:15,7045.2
2024/10/11 16:30,7153.2
2024/10/11 16:45,7118.4
2024/10/11 17:00,7141.2
2024/10/11 17:15,7095.6
2024/10/11 17:30,7135.2
2024/10/11 17:45,7083.6
2024/10/11 18:00,6890.4
2024/10/11 18:15,6997.2
2024/10/11 18:30,7014
2024/10/11 18:45,7048.8
2024/10/11 19:00,6974.4
2024/10/11 19:15,7113.6
2024/10/11 19:30,6958.8
2024/10/11 19:45,7134
2024/10/11 20:00,7126.8
2024/10/11 20:15,7152
2024/10/11 20:30,7180.8
2024/10/11 20:45,7066.8
2024/10/11 21:00,7065.6
2024/10/11 21:15,7113.6
2024/10/11 21:30,7172.4
2024/10/11 21:45,7152
2024/10/11 22:00,7002
2024/10/11 22:15,7152
2024/10/11 22:30,7137.6
2024/10/11 22:45,7149.6
2024/10/11 23:00,7047.6
2024/10/11 23:15,7069.2
2024/10/11 23:30,6938.4
2024/10/11 23:45,7053.6
2024/10/12 0:00,6912
2024/10/12 0:15,7000.8
2024/10/12 0:30,6932.4
2024/10/12 0:45,6984
2024/10/12 1:00,6948
2024/10/12 1:15,6855.6
2024/10/12 1:30,6985.2
2024/10/12 1:45,6999.6
2024/10/12 2:00,7006.8
2024/10/12 2:15,6986.4
2024/10/12 2:30,6920.4
2024/10/12 2:45,6943.2
2024/10/12 3:00,6906
2024/10/12 3:15,6944.4
2024/10/12 3:30,6939.6
2024/10/12 3:45,6921.6
2024/10/12 4:00,6950.4
2024/10/12 4:15,6972
2024/10/12 4:30,7002
2024/10/12 4:45,6900
2024/10/12 5:00,6897.6
2024/10/12 5:15,6951.6
2024/10/12 5:30,6900
2024/10/12 5:45,6927.6
2024/10/12 6:00,6942
2024/10/12 6:15,6907.2
2024/10/12 6:30,6932.4
2024/10/12 6:45,6920.4
2024/10/12 7:00,6925.2
2024/10/12 7:15,6948
2024/10/12 7:30,6879.6
2024/10/12 7:45,6979.2
2024/10/12 8:00,6939.6
2024/10/12 8:15,7059.6
2024/10/12 8:30,6991.2
2024/10/12 8:45,7083.6
2024/10/12 9:00,7059.6
2024/10/12 9:15,7237.2
2024/10/12 9:30,7138.8
2024/10/12 9:45,7221.6
2024/10/12 10:00,7220.4
2024/10/12 10:15,7257.6
2024/10/12 10:30,7191.6
2024/10/12 10:45,7189.2
2024/10/12 11:00,7242
2024/10/12 11:15,7248
2024/10/12 11:30,7346.4
2024/10/12 11:45,7275.6
2024/10/12 12:00,7381.2
2024/10/12 12:15,7422
2024/10/12 12:30,7383.6
2024/10/12 12:45,7376.4
2024/10/12 13:00,7350
2024/10/12 13:15,7315.2
2024/10/12 13:30,7288.8
2024/10/12 13:45,7315.2
2024/10/12 14:00,7470
2024/10/12 14:15,7408.8
2024/10/12 14:30,7443.6
2024/10/12 14:45,7450.8
2024/10/12 15:00,7401.6
2024/10/12 15:15,7436.4
2024/10/12 15:30,7305.6
2024/10/12 15:45,7401.6
2024/10/12 16:00,7374
2024/10/12 16:15,7392
2024/10/12 16:30,7353.6
2024/10/12 16:45,7467.6
2024/10/12 17:00,7394.4
2024/10/12 17:15,7336.8
2024/10/12 17:30,7357.2
2024/10/12 17:45,7303.2
2024/10/12 18:00,7291.2
2024/10/12 18:15,7264.8
2024/10/12 18:30,7351.2
2024/10/12 18:45,7482
2024/10/12 19:00,7405.2
2024/10/12 19:15,7386
2024/10/12 19:30,7474.8
2024/10/12 19:45,7423.2
2024/10/12 20:00,7353.6
2024/10/12 20:15,7479.6
2024/10/12 20:30,7334.4
2024/10/12 20:45,7424.4
2024/10/12 21:00,7294.8
2024/10/12 21:15,7088.4
2024/10/12 21:30,7122
2024/10/12 21:45,6966
2024/10/12 22:00,7317.6
2024/10/12 22:15,7309.2
2024/10/12 22:30,7306.8
2024/10/12 22:45,7368
2024/10/12 23:00,7399.2
2024/10/12 23:15,7356
2024/10/12 23:30,7334.4
2024/10/12 23:45,7338
2024/10/13 0:00,7236
2024/10/13 0:15,7292.4
2024/10/13 0:30,7285.2
2024/10/13 0:45,7267.2
2024/10/13 1:00,7230
2024/10/13 1:15,7258.8
2024/10/13 1:30,7312.8
2024/10/13 1:45,7310.4
2024/10/13 2:00,7300.8
2024/10/13 2:15,7290
2024/10/13 2:30,7200
2024/10/13 2:45,7189.2
2024/10/13 3:00,7275.6
2024/10/13 3:15,7302
2024/10/13 3:30,7294.8
2024/10/13 3:45,7291.2
2024/10/13 4:00,7341.6
2024/10/13 4:15,7352.4
2024/10/13 4:30,7197.6
2024/10/13 4:45,7288.8
2024/10/13 5:00,7258.8
2024/10/13 5:15,7266
2024/10/13 5:30,7150.8
2024/10/13 5:45,7218
2024/10/13 6:00,7227.6
2024/10/13 6:15,7212
2024/10/13 6:30,7230
2024/10/13 6:45,7228.8
2024/10/13 7:00,7218
2024/10/13 7:15,7196.4
2024/10/13 7:30,7263.6
2024/10/13 7:45,7317.6
2024/10/13 8:00,7275.6
2024/10/13 8:15,7242
2024/10/13 8:30,7303.2
2024/10/13 8:45,7339.2
2024/10/13 9:00,7276.8
2024/10/13 9:15,7406.4
2024/10/13 9:30,7364.4
2024/10/13 9:45,7383.6
2024/10/13 10:00,7405.2
2024/10/13 10:15,7441.2
2024/10/13 10:30,7401.6
2024/10/13 10:45,7290
2024/10/13 11:00,7365.6
2024/10/13 11:15,7442.4
2024/10/13 11:30,7309.2
2024/10/13 11:45,7320
2024/10/13 12:00,7368
2024/10/13 12:15,7440
2024/10/13 12:30,7443.6
2024/10/13 12:45,7384.8
2024/10/13 13:00,7395.6
2024/10/13 13:15,7390.8
2024/10/13 13:30,7329.6
2024/10/13 13:45,7394.4
2024/10/13 14:00,7437.6
2024/10/13 14:15,7425.6
2024/10/13 14:30,7438.8
2024/10/13 14:45,7368
2024/10/13 15:00,7335.6
2024/10/13 15:15,7318.8
2024/10/13 15:30,7419.6
2024/10/13 15:45,7497.6
2024/10/13 16:00,7497.6
2024/10/13 16:15,7468.8
2024/10/13 16:30,7470
2024/10/13 16:45,7468.8
2024/10/13 17:00,7453.2
2024/10/13 17:15,7389.6
2024/10/13 17:30,7401.6
2024/10/13 17:45,7394.4
2024/10/13 18:00,7390.8
2024/10/13 18:15,7440
2024/10/13 18:30,7465.2
2024/10/13 18:45,7461.6
2024/10/13 19:00,7466.4
2024/10/13 19:15,7452
2024/10/13 19:30,7450.8
2024/10/13 19:45,7388.4
2024/10/13 20:00,7262.4
2024/10/13 20:15,7396.8
2024/10/13 20:30,7407.6
2024/10/13 20:45,7356
2024/10/13 21:00,7513.2
2024/10/13 21:15,7491.6
2024/10/13 21:30,7477.2
2024/10/13 21:45,7515.6
2024/10/13 22:00,7443.6
2024/10/13 22:15,7467.6
2024/10/13 22:30,7423.2
2024/10/13 22:45,7440
2024/10/13 23:00,7471.2
2024/10/13 23:15,7426.8
2024/10/13 23:30,7366.8
2024/10/13 23:45,7309.2
2024/10/14 0:00,7386
2024/10/14 0:15,7480.8
2024/10/14 0:30,7261.2
2024/10/14 0:45,7357.2
2024/10/14 1:00,7363.2
2024/10/14 1:15,7448.4
2024/10/14 1:30,7404
2024/10/14 1:45,7446
2024/10/14 2:00,7342.8
2024/10/14 2:15,7392
2024/10/14 2:30,7366.8
2024/10/14 2:45,7351.2
2024/10/14 3:00,7376.4
2024/10/14 3:15,7281.6
2024/10/14 3:30,7290
2024/10/14 3:45,7183.2
2024/10/14 4:00,7213.2
2024/10/14 4:15,7251.6
2024/10/14 4:30,7180.8
2024/10/14 4:45,7263.6
2024/10/14 5:00,7166.4
2024/10/14 5:15,7146
2024/10/14 5:30,7166.4
2024/10/14 5:45,7116
2024/10/14 6:00,7120.8
2024/10/14 6:15,6985.2
2024/10/14 6:30,7238.4
2024/10/14 6:45,7270.8
2024/10/14 7:00,7272
2024/10/14 7:15,7298.4
2024/10/14 7:30,7214.4
2024/10/14 7:45,7346.4
2024/10/14 8:00,7224
2024/10/14 8:15,7230
2024/10/14 8:30,7111.2
2024/10/14 8:45,7249.2
2024/10/14 9:00,7242
2024/10/14 9:15,7245.6
2024/10/14 9:30,7267.2
2024/10/14 9:45,7322.4
2024/10/14 10:00,7315.2
2024/10/14 10:15,7401.6
2024/10/14 10:30,7299.6
2024/10/14 10:45,7392
2024/10/14 11:00,7299.6
2024/10/14 11:15,7323.6
2024/10/14 11:30,7371.6
2024/10/14 11:45,7369.2
2024/10/14 12:00,7387.2
2024/10/14 12:15,7300.8
2024/10/14 12:30,7226.4
2024/10/14 12:45,7131.6
2024/10/14 13:00,7371.6
2024/10/14 13:15,7480.8
2024/10/14 13:30,7408.8
2024/10/14 13:45,7477.2
2024/10/14 14:00,7495.2
2024/10/14 14:15,7345.2
2024/10/14 14:30,7510.8
2024/10/14 14:45,7498.8
2024/10/14 15:00,7510.8
2024/10/14 15:15,7387.2
2024/10/14 15:30,7477.2
2024/10/14 15:45,7509.6
2024/10/14 16:00,7467.6
2024/10/14 16:15,7359.6
2024/10/14 16:30,7404
2024/10/14 16:45,7473.6
2024/10/14 17:00,7321.2
2024/10/14 17:15,7486.8
2024/10/14 17:30,7419.6
2024/10/14 17:45,7368
2024/10/14 18:00,7405.2
2024/10/14 18:15,7419.6
2024/10/14 18:30,7346.4
2024/10/14 18:45,7416
2024/10/14 19:00,7374
2024/10/14 19:15,7383.6
2024/10/14 19:30,7404
2024/10/14 19:45,7282.8
2024/10/14 20:00,7449.6
2024/10/14 20:15,7507.2
2024/10/14 20:30,7452
2024/10/14 20:45,7534.8
2024/10/14 21:00,7498.8
2024/10/14 21:15,7371.6
2024/10/14 21:30,7516.8
2024/10/14 21:45,7495.2
2024/10/14 22:00,7455.6
2024/10/14 22:15,7514.4
2024/10/14 22:30,7471.2
2024/10/14 22:45,7486.8
2024/10/14 23:00,7435.2
2024/10/14 23:15,7333.2
2024/10/14 23:30,7455.6
2024/10/14 23:45,7387.2
2024/10/15 0:00,7387.2
2024/10/15 0:15,7454.4
2024/10/15 0:30,7448.4
2024/10/15 0:45,7310.4
2024/10/15 1:00,7351.2
2024/10/15 1:15,7395.6
2024/10/15 1:30,7446
2024/10/15 1:45,7471.2
2024/10/15 2:00,7370.4
2024/10/15 2:15,7353.6
2024/10/15 2:30,7299.6
2024/10/15 2:45,7264.8
2024/10/15 3:00,7381.2
2024/10/15 3:15,7432.8
2024/10/15 3:30,7288.8
2024/10/15 3:45,7413.6
2024/10/15 4:00,7358.4
2024/10/15 4:15,7226.4
2024/10/15 4:30,7386
2024/10/15 4:45,7276.8
2024/10/15 5:00,7246.8
2024/10/15 5:15,7346.4
2024/10/15 5:30,7278
2024/10/15 5:45,7242
2024/10/15 6:00,7282.8
2024/10/15 6:15,7398
2024/10/15 6:30,7296
2024/10/15 6:45,7339.2
2024/10/15 7:00,7231.2
2024/10/15 7:15,7336.8
2024/10/15 7:30,7351.2
2024/10/15 7:45,7210.8
2024/10/15 8:00,7323.6
2024/10/15 8:15,7276.8
2024/10/15 8:30,7322.4
2024/10/15 8:45,7422
2024/10/15 9:00,7370.4
2024/10/15 9:15,7326
2024/10/15 9:30,7400.4
2024/10/15 9:45,7370.4
2024/10/15 10:00,7081.2
2024/10/15 10:15,7392
2024/10/15 10:30,7538.4
2024/10/15 10:45,7476
2024/10/15 11:00,7514.4
2024/10/15 11:15,7425.6
2024/10/15 11:30,7437.6
2024/10/15 11:45,7426.8
2024/10/15 12:00,7320
2024/10/15 12:15,7452
2024/10/15 12:30,7437.6
2024/10/15 12:45,7334.4
2024/10/15 13:00,7413.6
2024/10/15 13:15,7468.8
2024/10/15 13:30,7269.6
2024/10/15 13:45,7425.6
2024/10/15 14:00,7520.4
2024/10/15 14:15,7339.2
2024/10/15 14:30,7389.6
2024/10/15 14:45,7306.8
2024/10/15 15:00,7465.2
2024/10/15 15:15,7348.8
2024/10/15 15:30,7323.6
2024/10/15 15:45,7336.8
2024/10/15 16:00,7327.2
2024/10/15 16:15,7318.8
2024/10/15 16:30,7358.4
2024/10/15 16:45,7300.8
2024/10/15 17:00,7395.6
2024/10/15 17:15,7423.2
2024/10/15 17:30,7376.4
2024/10/15 17:45,7310.4
2024/10/15 18:00,7352.4
2024/10/15 18:15,7363.2
2024/10/15 18:30,7365.6
2024/10/15 18:45,7351.2
2024/10/15 19:00,7393.2
2024/10/15 19:15,7406.4
2024/10/15 19:30,7501.2
2024/10/15 19:45,7449.6
2024/10/15 20:00,7450.8
2024/10/15 20:15,7034.4
2024/10/15 20:30,7182
2024/10/15 20:45,7134
2024/10/15 21:00,7094.4
2024/10/15 21:15,7312.8
2024/10/15 21:30,7180.8
2024/10/15 21:45,7348.8
2024/10/15 22:00,7348.8
2024/10/15 22:15,7324.8
2024/10/15 22:30,7316.4
2024/10/15 22:45,7372.8
2024/10/15 23:00,7369.2
2024/10/15 23:15,7297.2
2024/10/15 23:30,7372.8
2024/10/15 23:45,7334.4
2024/10/16 0:00,7348.8
2024/10/16 0:15,7278
2024/10/16 0:30,7342.8
2024/10/16 0:45,7317.6
2024/10/16 1:00,7284
2024/10/16 1:15,7220.4
2024/10/16 1:30,7320
2024/10/16 1:45,7309.2
2024/10/16 2:00,7291.2
2024/10/16 2:15,7216.8
2024/10/16 2:30,7269.6
2024/10/16 2:45,7262.4
2024/10/16 3:00,7252.8
2024/10/16 3:15,7354.8
2024/10/16 3:30,7411.2
2024/10/16 3:45,7326
2024/10/16 4:00,7243.2
2024/10/16 4:15,7182
2024/10/16 4:30,7083.6
2024/10/16 4:45,7124.4
2024/10/16 5:00,7030.8
2024/10/16 5:15,7018.8
2024/10/16 5:30,6948
2024/10/16 5:45,6988.8
2024/10/16 6:00,6811.2
2024/10/16 6:15,7022.4
2024/10/16 6:30,7022.4
2024/10/16 6:45,7005.6
2024/10/16 7:00,7006.8
2024/10/16 7:15,6988.8
2024/10/16 7:30,6990
2024/10/16 7:45,7024.8
2024/10/16 8:00,7041.6
2024/10/16 8:15,7044
2024/10/16 8:30,7014
2024/10/16 8:45,7080
2024/10/16 9:00,7162.8
2024/10/16 9:15,6993.6
2024/10/16 9:30,7179.6
2024/10/16 9:45,7340.4
2024/10/16 10:00,7178.4
2024/10/16 10:15,7224
2024/10/16 10:30,7190.4
2024/10/16 10:45,7059.6
2024/10/16 11:00,7108.8
2024/10/16 11:15,7071.6
2024/10/16 11:30,7089.6
2024/10/16 11:45,7080
2024/10/16 12:00,7100.4
2024/10/16 12:15,7104
2024/10/16 12:30,7098
2024/10/16 12:45,7101.6
2024/10/16 13:00,7155.6
2024/10/16 13:15,6878.4
2024/10/16 13:30,7140
2024/10/16 13:45,7015.2
2024/10/16 14:00,6942
2024/10/16 14:15,6889.2
2024/10/16 14:30,6760.8
2024/10/16 14:45,7004.4
2024/10/16 15:00,6999.6
2024/10/16 15:15,7012.8
2024/10/16 15:30,6927.6
2024/10/16 15:45,6870
2024/10/16 16:00,6892.8
2024/10/16 16:15,6853.2
2024/10/16 16:30,7096.8
2024/10/16 16:45,6884.4
2024/10/16 17:00,6907.2
2024/10/16 17:15,7092
2024/10/16 17:30,6990
2024/10/16 17:45,7178.4
2024/10/16 18:00,7227.6
2024/10/16 18:15,7148.4
2024/10/16 18:30,7112.4
2024/10/16 18:45,6988.8
2024/10/16 19:00,6962.4
2024/10/16 19:15,6976.8
2024/10/16 19:30,6921.6
2024/10/16 19:45,7066.8
2024/10/16 20:00,7029.6
2024/10/16 20:15,7131.6
2024/10/16 20:30,7081.2
2024/10/16 20:45,7088.4
2024/10/16 21:00,6991.2
2024/10/16 21:15,6987.6
2024/10/16 21:30,6960
2024/10/16 21:45,6901.2
2024/10/16 22:00,6788.4
2024/10/16 22:15,6732
2024/10/16 22:30,6710.4
2024/10/16 22:45,6696
2024/10/16 23:00,6733.2
2024/10/16 23:15,6706.8
2024/10/16 23:30,6577.2
2024/10/16 23:45,6644.4
2024/10/17 0:00,6627.6
2024/10/17 0:15,6571.2
2024/10/17 0:30,7015.2
2024/10/17 0:45,7040.4
2024/10/17 1:00,6915.6
2024/10/17 1:15,6818.4
2024/10/17 1:30,7054.8
2024/10/17 1:45,7017.6
2024/10/17 2:00,7040.4
2024/10/17 2:15,7046.4
2024/10/17 2:30,7044
2024/10/17 2:45,7062
2024/10/17 3:00,7063.2
2024/10/17 3:15,7012.8
2024/10/17 3:30,6957.6
2024/10/17 3:45,6951.6
2024/10/17 4:00,6963.6
2024/10/17 4:15,6883.2
2024/10/17 4:30,7034.4
2024/10/17 4:45,6880.8
2024/10/17 5:00,7022.4
2024/10/17 5:15,6962.4
2024/10/17 5:30,6961.2
2024/10/17 5:45,6933.6
2024/10/17 6:00,6918
2024/10/17 6:15,6951.6
2024/10/17 6:30,6937.2
2024/10/17 6:45,6913.2
2024/10/17 7:00,6970.8
2024/10/17 7:15,6955.2
2024/10/17 7:30,6888
2024/10/17 7:45,6972
2024/10/17 8:00,7057.2
2024/10/17 8:15,7065.6
2024/10/17 8:30,7153.2
2024/10/17 8:45,7122
2024/10/17 9:00,7040.4
2024/10/17 9:15,7138.8
2024/10/17 9:30,7132.8
2024/10/17 9:45,7194
2024/10/17 10:00,7110
2024/10/17 10:15,6873.6
2024/10/17 10:30,7101.6
2024/10/17 10:45,7240.8
2024/10/17 11:00,7195.2
2024/10/17 11:15,7227.6
2024/10/17 11:30,7048.8
2024/10/17 11:45,6897.6
2024/10/17 12:00,6906
2024/10/17 12:15,7098
2024/10/17 12:30,7226.4
2024/10/17 12:45,7216.8
2024/10/17 13:00,7179.6
2024/10/17 13:15,7095.6
2024/10/17 13:30,7064.4
2024/10/17 13:45,6994.8
2024/10/17 14:00,6987.6
2024/10/17 14:15,7101.6
2024/10/17 14:30,7142.4
2024/10/17 14:45,6981.6
2024/10/17 15:00,7128
2024/10/17 15:15,7076.4
2024/10/17 15:30,7245.6
2024/10/17 15:45,7268.4
2024/10/17 16:00,7260
2024/10/17 16:15,7262.4
2024/10/17 16:30,7324.8
2024/10/17 16:45,7291.2
2024/10/17 17:00,7333.2
2024/10/17 17:15,7304.4
2024/10/17 17:30,7219.2
2024/10/17 17:45,7256.4
2024/10/17 18:00,7285.2
2024/10/17 18:15,7234.8
2024/10/17 18:30,7268.4
2024/10/17 18:45,7470
2024/10/17 19:00,7383.6
2024/10/17 19:15,7279.2
2024/10/17 19:30,7228.8
2024/10/17 19:45,7276.8
2024/10/17 20:00,7124.4
2024/10/17 20:15,7219.2
2024/10/17 20:30,7214.4
2024/10/17 20:45,7238.4
2024/10/17 21:00,7302
2024/10/17 21:15,7113.6
2024/10/17 21:30,7197.6
2024/10/17 21:45,7153.2
2024/10/17 22:00,7220.4
2024/10/17 22:15,7138.8
2024/10/17 22:30,7212
2024/10/17 22:45,7192.8
2024/10/17 23:00,7250.4
2024/10/17 23:15,7166.4
2024/10/17 23:30,7369.2
2024/10/17 23:45,7144.8
2024/10/18 0:00,7302
2024/10/18 0:15,7281.6
2024/10/18 0:30,7446
2024/10/18 0:45,7452
2024/10/18 1:00,7378.8
2024/10/18 1:15,7405.2
2024/10/18 1:30,7381.2
2024/10/18 1:45,7405.2
2024/10/18 2:00,7390.8
2024/10/18 2:15,7029.6
2024/10/18 2:30,7362
2024/10/18 2:45,7372.8
2024/10/18 3:00,7371.6
2024/10/18 3:15,7321.2
2024/10/18 3:30,7371.6
2024/10/18 3:45,7383.6
2024/10/18 4:00,7350
2024/10/18 4:15,7356
2024/10/18 4:30,7218
2024/10/18 4:45,7076.4
2024/10/18 5:00,7204.8
2024/10/18 5:15,7200
2024/10/18 5:30,7111.2
2024/10/18 5:45,7212
2024/10/18 6:00,7107.6
2024/10/18 6:15,7170
2024/10/18 6:30,7152
2024/10/18 6:45,7104
2024/10/18 7:00,7098
2024/10/18 7:15,7018.8
2024/10/18 7:30,7102.8
2024/10/18 7:45,7034.4
2024/10/18 8:00,7052.4
2024/10/18 8:15,7201.2
2024/10/18 8:30,7224
2024/10/18 8:45,7256.4
2024/10/18 9:00,7304.4
2024/10/18 9:15,7360.8
2024/10/18 9:30,7387.2
2024/10/18 9:45,7574.4
2024/10/18 10:00,7314
2024/10/18 10:15,7561.2
2024/10/18 10:30,7548
2024/10/18 10:45,7429.2
2024/10/18 11:00,7462.8
2024/10/18 11:15,7464
2024/10/18 11:30,7527.6
2024/10/18 11:45,7460.4
2024/10/18 12:00,7101.6
2024/10/18 12:15,7347.6
2024/10/18 12:30,7256.4
2024/10/18 12:45,7388.4
2024/10/18 13:00,7324.8
2024/10/18 13:15,7190.4
2024/10/18 13:30,7114.8
2024/10/18 13:45,7003.2
2024/10/18 14:00,6966
2024/10/18 14:15,7249.2
2024/10/18 14:30,7244.4
2024/10/18 14:45,7144.8
2024/10/18 15:00,7294.8
2024/10/18 15:15,6897.6
2024/10/18 15:30,7113.6
2024/10/18 15:45,7286.4
2024/10/18 16:00,7255.2
2024/10/18 16:15,7248
2024/10/18 16:30,7276.8
2024/10/18 16:45,7111.2
2024/10/18 17:00,7183.2
2024/10/18 17:15,7111.2
2024/10/18 17:30,7137.6
2024/10/18 17:45,7184.4
2024/10/18 18:00,7168.8
2024/10/18 18:15,7117.2
2024/10/18 18:30,7123.2
2024/10/18 18:45,7021.2
2024/10/18 19:00,6955.2
2024/10/18 19:15,6913.2
2024/10/18 19:30,6939.6
2024/10/18 19:45,7042.8
2024/10/18 20:00,7051.2
2024/10/18 20:15,6798
2024/10/18 20:30,6956.4
2024/10/18 20:45,7126.8
2024/10/18 21:00,7016.4
2024/10/18 21:15,7045.2
2024/10/18 21:30,7023.6
2024/10/18 21:45,6955.2
2024/10/18 22:00,7011.6
2024/10/18 22:15,7130.4
2024/10/18 22:30,6997.2
2024/10/18 22:45,7038
2024/10/18 23:00,7101.6
2024/10/18 23:15,7186.8
2024/10/18 23:30,7104
2024/10/18 23:45,7250.4
2024/10/19 0:00,7333.2
2024/10/19 0:15,7190.4
2024/10/19 0:30,7264.8
2024/10/19 0:45,7276.8
2024/10/19 1:00,7258.8
2024/10/19 1:15,7178.4
2024/10/19 1:30,7291.2
2024/10/19 1:45,7248
2024/10/19 2:00,7293.6
2024/10/19 2:15,7275.6
2024/10/19 2:30,7134
2024/10/19 2:45,7215.6
2024/10/19 3:00,7128
2024/10/19 3:15,7213.2
2024/10/19 3:30,7239.6
2024/10/19 3:45,7353.6
2024/10/19 4:00,7254
2024/10/19 4:15,7249.2
2024/10/19 4:30,7250.4
2024/10/19 4:45,7252.8
2024/10/19 5:00,7212
2024/10/19 5:15,7182
2024/10/19 5:30,7044
2024/10/19 5:45,7179.6
2024/10/19 6:00,7108.8
2024/10/19 6:15,7099.2
2024/10/19 6:30,7156.8
2024/10/19 6:45,7125.6
2024/10/19 7:00,7141.2
2024/10/19 7:15,7107.6
2024/10/19 7:30,6930
2024/10/19 7:45,7009.2
2024/10/19 8:00,7000.8
2024/10/19 8:15,7065.6
2024/10/19 8:30,7036.8
2024/10/19 8:45,7081.2
2024/10/19 9:00,7107.6
2024/10/19 9:15,6768
2024/10/19 9:30,7048.8
2024/10/19 9:45,7146
2024/10/19 10:00,7178.4
2024/10/19 10:15,7202.4
2024/10/19 10:30,7242
2024/10/19 10:45,7206
2024/10/19 11:00,7147.2
2024/10/19 11:15,7227.6
2024/10/19 11:30,7071.6
2024/10/19 11:45,7149.6
2024/10/19 12:00,6994.8
2024/10/19 12:15,7021.2
2024/10/19 12:30,7206
2024/10/19 12:45,7219.2
2024/10/19 13:00,7168.8
2024/10/19 13:15,7279.2
2024/10/19 13:30,7269.6
2024/10/19 13:45,7287.6
2024/10/19 14:00,7309.2
2024/10/19 14:15,7281.6
2024/10/19 14:30,7304.4
2024/10/19 14:45,7236
2024/10/19 15:00,7233.6
2024/10/19 15:15,7333.2
2024/10/19 15:30,7294.8
2024/10/19 15:45,7178.4
2024/10/19 16:00,7171.2
2024/10/19 16:15,7180.8
2024/10/19 16:30,7201.2
2024/10/19 16:45,7189.2
2024/10/19 17:00,7135.2
2024/10/19 17:15,7111.2
2024/10/19 17:30,7076.4
2024/10/19 17:45,7186.8
2024/10/19 18:00,7164
2024/10/19 18:15,7258.8
2024/10/19 18:30,7209.6
2024/10/19 18:45,7242
2024/10/19 19:00,7129.2
2024/10/19 19:15,6914.4
2024/10/19 19:30,6961.2
2024/10/19 19:45,7153.2
2024/10/19 20:00,7158
2024/10/19 20:15,7242
2024/10/19 20:30,7063.2
2024/10/19 20:45,6913.2
2024/10/19 21:00,6848.4
2024/10/19 21:15,6780
2024/10/19 21:30,6768
2024/10/19 21:45,7112.4
2024/10/19 22:00,7251.6
2024/10/19 22:15,7237.2
2024/10/19 22:30,7309.2
2024/10/19 22:45,7204.8
2024/10/19 23:00,7194
2024/10/19 23:15,7237.2
2024/10/19 23:30,7192.8
2024/10/19 23:45,7142.4
2024/10/20 0:00,7082.4
2024/10/20 0:15,7192.8
2024/10/20 0:30,7132.8
2024/10/20 0:45,7190.4
2024/10/20 1:00,7110
2024/10/20 1:15,7014
2024/10/20 1:30,6921.6
2024/10/20 1:45,6992.4
2024/10/20 2:00,7059.6
2024/10/20 2:15,7066.8
2024/10/20 2:30,6864
2024/10/20 2:45,6932.4
2024/10/20 3:00,7020
2024/10/20 3:15,7010.4
2024/10/20 3:30,6948
2024/10/20 3:45,7020
2024/10/20 4:00,7026
2024/10/20 4:15,6975.6
2024/10/20 4:30,6922.8
2024/10/20 4:45,6964.8
2024/10/20 5:00,6922.8
2024/10/20 5:15,6868.8
2024/10/20 5:30,6819.6
2024/10/20 5:45,6885.6
2024/10/20 6:00,6936
2024/10/20 6:15,6943.2
2024/10/20 6:30,6914.4
2024/10/20 6:45,6955.2
2024/10/20 7:00,6918
2024/10/20 7:15,6910.8
2024/10/20 7:30,6943.2
2024/10/20 7:45,6945.6
2024/10/20 8:00,6921.6
2024/10/20 8:15,6914.4
2024/10/20 8:30,7009.2
2024/10/20 8:45,7011.6
2024/10/20 9:00,7040.4
2024/10/20 9:15,7094.4
2024/10/20 9:30,7161.6
2024/10/20 9:45,7158
2024/10/20 10:00,7143.6
2024/10/20 10:15,7144.8
2024/10/20 10:30,7053.6
2024/10/20 10:45,7144.8
2024/10/20 11:00,7138.8
2024/10/20 11:15,7100.4
2024/10/20 11:30,7167.6
2024/10/20 11:45,7135.2
2024/10/20 12:00,7083.6
2024/10/20 12:15,7083.6
2024/10/20 12:30,7189.2
2024/10/20 12:45,7084.8
2024/10/20 13:00,7078.8
2024/10/20 13:15,7126.8
2024/10/20 13:30,7118.4
2024/10/20 13:45,7156.8
2024/10/20 14:00,7226.4
2024/10/20 14:15,7258.8
2024/10/20 14:30,7216.8
2024/10/20 14:45,7272
2024/10/20 15:00,7282.8
2024/10/20 15:15,7308
2024/10/20 15:30,7242
2024/10/20 15:45,7244.4
2024/10/20 16:00,7323.6
2024/10/20 16:15,7162.8
2024/10/20 16:30,7288.8
2024/10/20 16:45,7287.6
2024/10/20 17:00,7302
2024/10/20 17:15,7255.2
2024/10/20 17:30,7287.6
2024/10/20 17:45,7256.4
2024/10/20 18:00,7152
2024/10/20 18:15,7272
2024/10/20 18:30,7218
2024/10/20 18:45,7200
2024/10/20 19:00,7297.2
2024/10/20 19:15,7364.4
2024/10/20 19:30,7243.2
2024/10/20 19:45,7286.4
2024/10/20 20:00,7256.4
2024/10/20 20:15,7292.4
2024/10/20 20:30,7245.6
2024/10/20 20:45,7256.4
2024/10/20 21:00,7166.4
2024/10/20 21:15,7233.6
2024/10/20 21:30,7191.6
2024/10/20 21:45,7104
2024/10/20 22:00,7168.8
2024/10/20 22:15,7132.8
2024/10/20 22:30,7107.6
2024/10/20 22:45,7134
2024/10/20 23:00,7140
2024/10/20 23:15,7057.2
2024/10/20 23:30,7174.8
2024/10/20 23:45,7268.4
2024/10/21 0:00,7274.4
2024/10/21 0:15,7276.8
2024/10/21 0:30,7207.2
2024/10/21 0:45,7245.6
2024/10/21 1:00,7186.8
2024/10/21 1:15,7177.2
2024/10/21 1:30,7180.8
2024/10/21 1:45,7130.4
2024/10/21 2:00,7143.6
2024/10/21 2:15,7106.4
2024/10/21 2:30,7147.2
2024/10/21 2:45,7165.2
2024/10/21 3:00,7065.6
2024/10/21 3:15,7206
2024/10/21 3:30,7243.2
2024/10/21 3:45,7248
2024/10/21 4:00,7143.6
2024/10/21 4:15,7182
2024/10/21 4:30,7174.8
2024/10/21 4:45,7226.4
2024/10/21 5:00,7213.2
2024/10/21 5:15,7111.2
2024/10/21 5:30,7100.4
2024/10/21 5:45,7032
2024/10/21 6:00,7051.2
2024/10/21 6:15,7046.4
2024/10/21 6:30,7014
2024/10/21 6:45,6974.4
2024/10/21 7:00,7047.6
2024/10/21 7:15,7068
2024/10/21 7:30,7107.6
2024/10/21 7:45,7184.4
2024/10/21 8:00,7158
2024/10/21 8:15,7198.8
2024/10/21 8:30,7219.2
2024/10/21 8:45,7257.6
2024/10/21 9:00,7244.4
2024/10/21 9:15,7267.2
2024/10/21 9:30,7290
2024/10/21 9:45,7262.4
2024/10/21 10:00,7228.8
2024/10/21 10:15,7264.8
2024/10/21 10:30,7262.4
2024/10/21 10:45,7296
2024/10/21 11:00,7311.6
2024/10/21 11:15,7276.8
2024/10/21 11:30,7268.4
2024/10/21 11:45,7267.2
2024/10/21 12:00,7246.8
2024/10/21 12:15,7244.4
2024/10/21 12:30,7237.2
2024/10/21 12:45,7264.8
2024/10/21 13:00,7134
2024/10/21 13:15,7274.4
2024/10/21 13:30,7280.4
2024/10/21 13:45,7246.8
2024/10/21 14:00,7165.2
2024/10/21 14:15,7203.6
2024/10/21 14:30,7281.6
2024/10/21 14:45,7266
2024/10/21 15:00,7324.8
2024/10/21 15:15,7249.2
2024/10/21 15:30,7252.8
2024/10/21 15:45,7186.8
2024/10/21 16:00,7248
2024/10/21 16:15,7305.6
2024/10/21 16:30,7329.6
2024/10/21 16:45,7324.8
2024/10/21 17:00,7315.2
2024/10/21 17:15,7316.4
2024/10/21 17:30,7411.2
2024/10/21 17:45,7350
2024/10/21 18:00,7314
2024/10/21 18:15,7308
2024/10/21 18:30,7255.2
2024/10/21 18:45,7306.8
2024/10/21 19:00,7304.4
2024/10/21 19:15,7340.4
2024/10/21 19:30,7335.6
2024/10/21 19:45,7342.8
2024/10/21 20:00,7267.2
2024/10/21 20:15,7272
2024/10/21 20:30,7221.6
2024/10/21 20:45,7214.4
2024/10/21 21:00,7076.4
2024/10/21 21:15,7161.6
2024/10/21 21:30,7143.6
2024/10/21 21:45,7132.8
2024/10/21 22:00,7086
2024/10/21 22:15,6978
2024/10/21 22:30,7028.4
2024/10/21 22:45,7134
2024/10/21 23:00,7021.2
2024/10/21 23:15,6991.2
2024/10/21 23:30,7059.6
2024/10/21 23:45,7150.8
2024/10/22 0:00,7050
2024/10/22 0:15,7155.6
2024/10/22 0:30,7124.4
2024/10/22 0:45,7099.2
2024/10/22 1:00,6999.6
2024/10/22 1:15,6948
2024/10/22 1:30,6954
2024/10/22 1:45,6915.6
2024/10/22 2:00,6961.2
2024/10/22 2:15,6901.2
2024/10/22 2:30,6915.6
2024/10/22 2:45,6998.4
2024/10/22 3:00,6970.8
2024/10/22 3:15,6934.8
2024/10/22 3:30,6962.4
2024/10/22 3:45,6967.2
2024/10/22 4:00,6898.8
2024/10/22 4:15,6897.6
2024/10/22 4:30,6914.4
2024/10/22 4:45,6832.8
2024/10/22 5:00,6828
2024/10/22 5:15,6848.4
2024/10/22 5:30,6802.8
2024/10/22 5:45,6741.6
2024/10/22 6:00,6792
2024/10/22 6:15,6820.8
2024/10/22 6:30,6824.4
2024/10/22 6:45,6807.6
2024/10/22 7:00,6757.2
2024/10/22 7:15,6799.2
2024/10/22 7:30,6715.2
2024/10/22 7:45,6741.6
2024/10/22 8:00,6673.2
2024/10/22 8:15,6697.2
2024/10/22 8:30,6799.2
2024/10/22 8:45,6841.2
2024/10/22 9:00,6860.4
2024/10/22 9:15,6895.2
2024/10/22 9:30,7311.6
2024/10/22 9:45,7420.8
2024/10/22 10:00,7258.8
2024/10/22 10:15,7358.4
2024/10/22 10:30,7394.4
2024/10/22 10:45,7359.6
2024/10/22 11:00,7318.8
2024/10/22 11:15,7324.8
2024/10/22 11:30,7246.8
2024/10/22 11:45,7189.2
2024/10/22 12:00,7222.8
2024/10/22 12:15,7222.8
2024/10/22 12:30,7215.6
2024/10/22 12:45,7122
2024/10/22 13:00,7136.4
2024/10/22 13:15,7047.6
2024/10/22 13:30,7110
2024/10/22 13:45,7276.8
2024/10/22 14:00,7431.6
2024/10/22 14:15,7358.4
2024/10/22 14:30,7522.8
2024/10/22 14:45,7431.6
2024/10/22 15:00,7413.6
2024/10/22 15:15,7314
2024/10/22 15:30,7417.2
2024/10/22 15:45,7321.2
2024/10/22 16:00,7468.8
2024/10/22 16:15,7628.4
2024/10/22 16:30,7527.6
2024/10/22 16:45,7575.6
2024/10/22 17:00,7630.8
2024/10/22 17:15,7612.8
2024/10/22 17:30,7485.6
2024/10/22 17:45,7500
2024/10/22 18:00,7040.4
2024/10/22 18:15,7287.6
2024/10/22 18:30,7215.6
2024/10/22 18:45,7204.8
2024/10/22 19:00,7093.2
2024/10/22 19:15,7023.6
2024/10/22 19:30,6924
2024/10/22 19:45,6952.8
2024/10/22 20:00,6972
2024/10/22 20:15,6928.8
2024/10/22 20:30,7002
2024/10/22 20:45,6969.6
2024/10/22 21:00,7034.4
2024/10/22 21:15,7070.4
2024/10/22 21:30,6972
2024/10/22 21:45,7068
2024/10/22 22:00,7000.8
2024/10/22 22:15,6954
2024/10/22 22:30,6903.6
2024/10/22 22:45,6979.2
2024/10/22 23:00,6944.4
2024/10/22 23:15,6906
2024/10/22 23:30,7104
2024/10/22 23:45,7056
2024/10/23 0:00,7089.6
2024/10/23 0:15,7071.6
2024/10/23 0:30,6978
2024/10/23 0:45,6882
2024/10/23 1:00,7069.2
2024/10/23 1:15,7054.8
2024/10/23 1:30,7239.6
2024/10/23 1:45,7225.2
2024/10/23 2:00,7180.8
2024/10/23 2:15,7184.4
2024/10/23 2:30,6994.8
2024/10/23 2:45,7266
2024/10/23 3:00,7362
2024/10/23 3:15,7346.4
2024/10/23 3:30,7242
2024/10/23 3:45,7312.8
2024/10/23 4:00,7297.2
2024/10/23 4:15,7310.4
2024/10/23 4:30,7246.8
2024/10/23 4:45,7202.4
2024/10/23 5:00,7231.2
2024/10/23 5:15,7233.6
2024/10/23 5:30,7249.2
2024/10/23 5:45,7179.6
2024/10/23 6:00,7251.6
2024/10/23 6:15,7224
2024/10/23 6:30,7256.4
2024/10/23 6:45,7212
2024/10/23 7:00,7136.4
2024/10/23 7:15,7177.2
2024/10/23 7:30,7200
2024/10/23 7:45,7270.8
2024/10/23 8:00,7218
2024/10/23 8:15,7158
2024/10/23 8:30,7191.6
2024/10/23 8:45,7228.8
2024/10/23 9:00,7207.2
2024/10/23 9:15,7299.6
2024/10/23 9:30,7308
2024/10/23 9:45,7308
2024/10/23 10:00,6859.2
2024/10/23 10:15,6865.2
2024/10/23 10:30,6780
2024/10/23 10:45,6740.4
2024/10/23 11:00,6772.8
2024/10/23 11:15,6913.2
2024/10/23 11:30,6861.6
2024/10/23 11:45,6792
2024/10/23 12:00,6850.8
2024/10/23 12:15,7150.8
2024/10/23 12:30,7141.2
2024/10/23 12:45,7172.4
2024/10/23 13:00,7154.4
2024/10/23 13:15,7208.4
2024/10/23 13:30,7190.4
2024/10/23 13:45,7226.4
2024/10/23 14:00,7231.2
2024/10/23 14:15,7261.2
2024/10/23 14:30,7269.6
2024/10/23 14:45,7202.4
2024/10/23 15:00,7224
2024/10/23 15:15,7248
2024/10/23 15:30,7252.8
2024/10/23 15:45,7218
2024/10/23 16:00,7287.6
2024/10/23 16:15,7270.8
2024/10/23 16:30,7314
2024/10/23 16:45,7341.6
2024/10/23 17:00,7329.6
2024/10/23 17:15,7449.6
2024/10/23 17:30,7424.4
2024/10/23 17:45,7280.4
2024/10/23 18:00,7260
2024/10/23 18:15,7275.6
2024/10/23 18:30,7208.4
2024/10/23 18:45,7250.4
2024/10/23 19:00,7291.2
2024/10/23 19:15,6958.8
2024/10/23 19:30,6967.2
2024/10/23 19:45,6912
2024/10/23 20:00,6843.6
2024/10/23 20:15,6874.8
2024/10/23 20:30,7242
2024/10/23 20:45,7374
2024/10/23 21:00,7345.2
2024/10/23 21:15,7336.8
2024/10/23 21:30,7016.4
2024/10/23 21:45,7046.4
2024/10/23 22:00,7096.8
2024/10/23 22:15,7426.8
2024/10/23 22:30,7520.4
2024/10/23 22:45,7327.2
2024/10/23 23:00,7366.8
2024/10/23 23:15,7346.4
2024/10/23 23:30,7378.8
2024/10/23 23:45,7402.8
2024/10/24 0:00,7394.4
2024/10/24 0:15,7384.8
2024/10/24 0:30,7156.8
2024/10/24 0:45,7053.6
2024/10/24 1:00,7118.4
2024/10/24 1:15,6987.6
2024/10/24 1:30,6961.2
2024/10/24 1:45,6991.2
2024/10/24 2:00,6957.6
2024/10/24 2:15,7083.6
2024/10/24 2:30,7024.8
2024/10/24 2:45,6998.4
2024/10/24 3:00,6955.2
2024/10/24 3:15,6974.4
2024/10/24 3:30,7051.2
2024/10/24 3:45,7002
2024/10/24 4:00,6891.6
2024/10/24 4:15,7014
2024/10/24 4:30,6951.6
2024/10/24 4:45,6919.2
2024/10/24 5:00,6976.8
2024/10/24 5:15,6924
2024/10/24 5:30,6951.6
2024/10/24 5:45,6964.8
2024/10/24 6:00,6952.8
2024/10/24 6:15,6962.4
2024/10/24 6:30,6988.8
2024/10/24 6:45,6939.6
2024/10/24 7:00,6950.4
2024/10/24 7:15,6909.6
2024/10/24 7:30,6976.8
2024/10/24 7:45,6984
2024/10/24 8:00,6998.4
2024/10/24 8:15,6992.4
2024/10/24 8:30,6972
2024/10/24 8:45,6979.2
2024/10/24 9:00,7056
2024/10/24 9:15,7041.6
2024/10/24 9:30,7040.4
2024/10/24 9:45,6982.8
2024/10/24 10:00,6985.2
2024/10/24 10:15,7032
2024/10/24 10:30,6915.6
2024/10/24 10:45,6906
2024/10/24 11:00,6873.6
2024/10/24 11:15,7180.8
2024/10/24 11:30,7374
2024/10/24 11:45,7370.4
2024/10/24 12:00,7280.4
2024/10/24 12:15,7390.8
2024/10/24 12:30,7278
2024/10/24 12:45,7273.2
2024/10/24 13:00,7311.6
2024/10/24 13:15,7221.6
2024/10/24 13:30,7264.8
2024/10/24 13:45,6984
2024/10/24 14:00,7128
2024/10/24 14:15,7090.8
2024/10/24 14:30,7172.4
2024/10/24 14:45,7189.2
2024/10/24 15:00,6948
2024/10/24 15:15,6931.2
2024/10/24 15:30,6938.4
2024/10/24 15:45,6998.4
2024/10/24 16:00,7210.8
2024/10/24 16:15,7177.2
2024/10/24 16:30,7308
2024/10/24 16:45,7166.4
2024/10/24 17:00,7107.6
2024/10/24 17:15,7123.2
2024/10/24 17:30,7117.2
2024/10/24 17:45,7095.6
2024/10/24 18:00,7188
2024/10/24 18:15,7173.6
2024/10/24 18:30,7230
2024/10/24 18:45,7171.2
2024/10/24 19:00,7069.2
2024/10/24 19:15,7035.6
2024/10/24 19:30,7090.8
2024/10/24 19:45,7096.8
2024/10/24 20:00,7059.6
2024/10/24 20:15,7058.4
2024/10/24 20:30,7304.4
2024/10/24 20:45,7382.4
2024/10/24 21:00,7272
2024/10/24 21:15,7359.6
2024/10/24 21:30,7200
2024/10/24 21:45,7273.2
2024/10/24 22:00,7288.8
2024/10/24 22:15,7333.2
2024/10/24 22:30,7227.6
2024/10/24 22:45,7221.6
2024/10/24 23:00,7153.2
2024/10/24 23:15,7260
2024/10/24 23:30,7188
2024/10/24 23:45,7111.2
2024/10/25 0:00,6988.8
2024/10/25 0:15,7129.2
2024/10/25 0:30,7168.8
2024/10/25 0:45,7154.4
2024/10/25 1:00,7105.2
2024/10/25 1:15,7166.4
2024/10/25 1:30,7198.8
2024/10/25 1:45,7136.4
2024/10/25 2:00,7132.8
2024/10/25 2:15,7096.8
2024/10/25 2:30,7034.4
2024/10/25 2:45,7006.8
2024/10/25 3:00,7078.8
2024/10/25 3:15,7078.8
2024/10/25 3:30,7154.4
2024/10/25 3:45,7210.8
2024/10/25 4:00,7106.4
2024/10/25 4:15,7107.6
2024/10/25 4:30,7082.4
2024/10/25 4:45,7082.4
2024/10/25 5:00,7131.6
2024/10/25 5:15,7120.8
2024/10/25 5:30,7092
2024/10/25 5:45,7093.2
2024/10/25 6:00,7100.4
2024/10/25 6:15,7105.2
2024/10/25 6:30,7105.2
2024/10/25 6:45,6979.2
2024/10/25 7:00,6993.6
2024/10/25 7:15,6966
2024/10/25 7:30,7018.8
2024/10/25 7:45,7027.2
2024/10/25 8:00,7022.4
2024/10/25 8:15,7010.4
2024/10/25 8:30,7023.6
2024/10/25 8:45,7120.8
2024/10/25 9:00,7113.6
2024/10/25 9:15,7104
2024/10/25 9:30,7111.2
2024/10/25 9:45,7270.8
2024/10/25 10:00,7108.8
2024/10/25 10:15,7191.6
2024/10/25 10:30,7052.4
2024/10/25 10:45,7147.2
2024/10/25 11:00,7064.4
2024/10/25 11:15,7098
2024/10/25 11:30,7094.4
2024/10/25 11:45,7050
2024/10/25 12:00,6988.8
2024/10/25 12:15,7174.8
2024/10/25 12:30,7146
2024/10/25 12:45,7298.4
2024/10/25 13:00,7297.2
2024/10/25 13:15,7309.2
2024/10/25 13:30,7285.2
2024/10/25 13:45,7291.2
2024/10/25 14:00,7274.4
2024/10/25 14:15,7365.6
2024/10/25 14:30,7329.6
2024/10/25 14:45,7324.8
2024/10/25 15:00,7272
2024/10/25 15:15,7052.4
2024/10/25 15:30,7286.4
2024/10/25 15:45,7300.8
2024/10/25 16:00,7278
2024/10/25 16:15,7053.6
2024/10/25 16:30,7377.6
2024/10/25 16:45,7310.4
2024/10/25 17:00,7206
2024/10/25 17:15,7213.2
2024/10/25 17:30,7184.4
2024/10/25 17:45,7100.4
2024/10/25 18:00,7128
2024/10/25 18:15,7156.8
2024/10/25 18:30,6969.6
2024/10/25 18:45,6952.8
2024/10/25 19:00,7036.8
2024/10/25 19:15,7082.4
2024/10/25 19:30,7116
2024/10/25 19:45,7281.6
2024/10/25 20:00,7420.8
2024/10/25 20:15,7382.4
2024/10/25 20:30,7297.2
2024/10/25 20:45,7317.6
2024/10/25 21:00,7249.2
2024/10/25 21:15,7141.2
2024/10/25 21:30,7252.8
2024/10/25 21:45,7321.2
2024/10/25 22:00,7293.6
2024/10/25 22:15,7278
2024/10/25 22:30,7326
2024/10/25 22:45,7213.2
2024/10/25 23:00,7137.6
2024/10/25 23:15,7282.8
2024/10/25 23:30,7245.6
2024/10/25 23:45,7312.8
2024/10/26 0:00,7200
2024/10/26 0:15,7201.2
2024/10/26 0:30,7281.6
2024/10/26 0:45,7152
2024/10/26 1:00,7110
2024/10/26 1:15,7323.6
2024/10/26 1:30,7250.4
2024/10/26 1:45,7209.6
2024/10/26 2:00,7086
2024/10/26 2:15,7204.8
2024/10/26 2:30,7215.6
2024/10/26 2:45,7237.2
2024/10/26 3:00,7219.2
2024/10/26 3:15,7124.4
2024/10/26 3:30,7215.6
2024/10/26 3:45,7162.8
2024/10/26 4:00,7194
2024/10/26 4:15,7166.4
2024/10/26 4:30,7086
2024/10/26 4:45,6969.6
2024/10/26 5:00,7062
2024/10/26 5:15,6702
2024/10/26 5:30,6727.2
2024/10/26 5:45,6921.6
2024/10/26 6:00,6920.4
2024/10/26 6:15,6862.8
2024/10/26 6:30,6934.8
2024/10/26 6:45,6939.6
2024/10/26 7:00,6895.2
2024/10/26 7:15,6775.2
2024/10/26 7:30,6814.8
2024/10/26 7:45,6901.2
2024/10/26 8:00,6876
2024/10/26 8:15,6915.6
2024/10/26 8:30,6886.8
2024/10/26 8:45,6906
2024/10/26 9:00,6936
2024/10/26 9:15,6902.4
2024/10/26 9:30,6778.8
2024/10/26 9:45,6834
2024/10/26 10:00,6799.2
2024/10/26 10:15,6817.2
2024/10/26 10:30,6970.8
2024/10/26 10:45,6968.4
2024/10/26 11:00,6880.8
2024/10/26 11:15,6897.6
2024/10/26 11:30,6914.4
2024/10/26 11:45,6937.2
2024/10/26 12:00,6928.8
2024/10/26 12:15,6962.4
2024/10/26 12:30,6837.6
2024/10/26 12:45,6814.8
2024/10/26 13:00,6862.8
2024/10/26 13:15,6994.8
2024/10/26 13:30,6954
2024/10/26 13:45,6975.6
2024/10/26 14:00,6940.8
2024/10/26 14:15,6914.4
2024/10/26 14:30,6871.2
2024/10/26 14:45,6940.8
2024/10/26 15:00,7057.2
2024/10/26 15:15,7092
2024/10/26 15:30,7111.2
2024/10/26 15:45,7345.2
2024/10/26 16:00,6926.4
2024/10/26 16:15,6801.6
2024/10/26 16:30,7059.6
2024/10/26 16:45,6993.6
2024/10/26 17:00,6949.2
2024/10/26 17:15,6967.2
2024/10/26 17:30,6898.8
2024/10/26 17:45,6926.4
2024/10/26 18:00,7053.6
2024/10/26 18:15,7104
2024/10/26 18:30,6998.4
2024/10/26 18:45,6955.2
2024/10/26 19:00,6968.4
2024/10/26 19:15,6973.2
2024/10/26 19:30,6969.6
2024/10/26 19:45,6937.2
2024/10/26 20:00,6996
2024/10/26 20:15,7014
2024/10/26 20:30,7038
2024/10/26 20:45,7026
2024/10/26 21:00,6990
2024/10/26 21:15,7128
2024/10/26 21:30,7167.6
2024/10/26 21:45,7069.2
2024/10/26 22:00,7118.4
2024/10/26 22:15,6973.2
2024/10/26 22:30,7162.8
2024/10/26 22:45,7220.4
2024/10/26 23:00,6976.8
2024/10/26 23:15,7036.8
2024/10/26 23:30,6958.8
2024/10/26 23:45,7095.6
2024/10/27 0:00,7256.4
2024/10/27 0:15,7263.6
2024/10/27 0:30,7287.6
2024/10/27 0:45,7323.6
2024/10/27 1:00,7269.6
2024/10/27 1:15,7336.8
2024/10/27 1:30,7347.6
2024/10/27 1:45,7257.6
2024/10/27 2:00,7326
2024/10/27 2:15,7298.4
2024/10/27 2:30,7263.6
2024/10/27 2:45,7254
2024/10/27 3:00,7240.8
2024/10/27 3:15,7347.6
2024/10/27 3:30,7258.8
2024/10/27 3:45,7280.4
2024/10/27 4:00,7340.4
2024/10/27 4:15,7344
2024/10/27 4:30,7347.6
2024/10/27 4:45,7012.8
2024/10/27 5:00,7249.2
2024/10/27 5:15,7212
2024/10/27 5:30,7255.2
2024/10/27 5:45,7174.8
2024/10/27 6:00,7242
2024/10/27 6:15,7047.6
2024/10/27 6:30,7132.8
2024/10/27 6:45,7009.2
2024/10/27 7:00,6991.2
2024/10/27 7:15,7108.8
2024/10/27 7:30,7106.4
2024/10/27 7:45,7213.2
2024/10/27 8:00,7158
2024/10/27 8:15,7190.4
2024/10/27 8:30,7016.4
2024/10/27 8:45,7186.8
2024/10/27 9:00,7239.6
2024/10/27 9:15,7293.6
2024/10/27 9:30,7161.6
2024/10/27 9:45,7065.6
2024/10/27 10:00,7029.6
2024/10/27 10:15,7243.2
2024/10/27 10:30,7317.6
2024/10/27 10:45,7216.8
2024/10/27 11:00,7300.8
2024/10/27 11:15,7080
2024/10/27 11:30,7270.8
2024/10/27 11:45,7063.2
2024/10/27 12:00,7094.4
2024/10/27 12:15,6955.2
2024/10/27 12:30,7208.4
2024/10/27 12:45,7077.6
2024/10/27 13:00,7087.2
2024/10/27 13:15,7096.8
2024/10/27 13:30,6903.6
2024/10/27 13:45,7185.6
2024/10/27 14:00,7148.4
2024/10/27 14:15,7198.8
2024/10/27 14:30,7483.2
2024/10/27 14:45,7452
2024/10/27 15:00,7542
2024/10/27 15:15,7527.6
2024/10/27 15:30,7465.2
2024/10/27 15:45,7531.2
2024/10/27 16:00,7323.6
2024/10/27 16:15,7458
2024/10/27 16:30,7477.2
2024/10/27 16:45,7597.2
2024/10/27 17:00,7598.4
2024/10/27 17:15,7534.8
2024/10/27 17:30,7646.4
2024/10/27 17:45,7546.8
2024/10/27 18:00,7530
2024/10/27 18:15,7581.6
2024/10/27 18:30,7480.8
2024/10/27 18:45,7570.8
2024/10/27 19:00,7394.4
2024/10/27 19:15,7402.8
2024/10/27 19:30,7593.6
2024/10/27 19:45,7531.2
2024/10/27 20:00,7596
2024/10/27 20:15,7474.8
2024/10/27 20:30,7506
2024/10/27 20:45,7492.8
2024/10/27 21:00,7503.6
2024/10/27 21:15,7438.8
2024/10/27 21:30,7423.2
2024/10/27 21:45,7532.4
2024/10/27 22:00,7551.6
2024/10/27 22:15,7567.2
2024/10/27 22:30,7358.4
2024/10/27 22:45,7396.8
2024/10/27 23:00,7405.2
2024/10/27 23:15,7290
2024/10/27 23:30,7411.2
2024/10/27 23:45,7350
2024/10/28 0:00,7395.6
2024/10/28 0:15,7401.6
2024/10/28 0:30,7356
2024/10/28 0:45,7304.4
2024/10/28 1:00,7302
2024/10/28 1:15,7162.8
2024/10/28 1:30,7287.6
2024/10/28 1:45,7219.2
2024/10/28 2:00,7230
2024/10/28 2:15,7122
2024/10/28 2:30,7162.8
2024/10/28 2:45,7027.2
2024/10/28 3:00,7070.4
2024/10/28 3:15,7057.2
2024/10/28 3:30,7365.6
2024/10/28 3:45,7351.2
2024/10/28 4:00,7354.8
2024/10/28 4:15,7339.2
2024/10/28 4:30,7368
2024/10/28 4:45,7318.8
2024/10/28 5:00,7261.2
2024/10/28 5:15,7266
2024/10/28 5:30,7076.4
2024/10/28 5:45,7290
2024/10/28 6:00,7321.2
2024/10/28 6:15,7330.8
2024/10/28 6:30,7315.2
2024/10/28 6:45,7213.2
2024/10/28 7:00,7305.6
2024/10/28 7:15,7260
2024/10/28 7:30,7303.2
2024/10/28 7:45,7360.8
2024/10/28 8:00,7303.2
2024/10/28 8:15,7222.8
2024/10/28 8:30,7316.4
2024/10/28 8:45,7340.4
2024/10/28 9:00,7387.2
2024/10/28 9:15,7370.4
2024/10/28 9:30,7340.4
2024/10/28 9:45,7366.8
2024/10/28 10:00,7336.8
2024/10/28 10:15,7329.6
2024/10/28 10:30,7430.4
2024/10/28 10:45,7428
2024/10/28 11:00,7292.4
2024/10/28 11:15,7296
2024/10/28 11:30,7269.6
2024/10/28 11:45,7285.2
2024/10/28 12:00,7329.6
2024/10/28 12:15,7200
2024/10/28 12:30,7158
2024/10/28 12:45,7250.4
2024/10/28 13:00,7246.8
2024/10/28 13:15,7227.6
2024/10/28 13:30,7220.4
2024/10/28 13:45,7252.8
2024/10/28 14:00,7330.8
2024/10/28 14:15,7281.6
2024/10/28 14:30,7346.4
2024/10/28 14:45,7288.8
2024/10/28 15:00,7293.6
2024/10/28 15:15,7315.2
2024/10/28 15:30,7249.2
2024/10/28 15:45,7252.8
2024/10/28 16:00,7227.6
2024/10/28 16:15,7305.6
2024/10/28 16:30,7017.6
2024/10/28 16:45,6802.8
2024/10/28 17:00,7032
2024/10/28 17:15,7202.4
2024/10/28 17:30,7190.4
2024/10/28 17:45,7166.4
2024/10/28 18:00,7180.8
2024/10/28 18:15,7188
2024/10/28 18:30,7165.2
2024/10/28 18:45,7093.2
2024/10/28 19:00,7174.8
2024/10/28 19:15,7141.2
2024/10/28 19:30,7064.4
2024/10/28 19:45,7074
2024/10/28 20:00,7135.2
2024/10/28 20:15,7136.4
2024/10/28 20:30,7202.4
2024/10/28 20:45,7232.4
2024/10/28 21:00,7284
2024/10/28 21:15,7285.2
2024/10/28 21:30,7262.4
2024/10/28 21:45,7213.2
2024/10/28 22:00,7234.8
2024/10/28 22:15,7273.2
2024/10/28 22:30,7234.8
2024/10/28 22:45,7218
2024/10/28 23:00,7261.2
2024/10/28 23:15,7261.2
2024/10/28 23:30,7216.8
2024/10/28 23:45,7213.2
2024/10/29 0:00,7171.2
2024/10/29 0:15,7226.4
2024/10/29 0:30,7112.4
2024/10/29 0:45,7150.8
2024/10/29 1:00,7123.2
2024/10/29 1:15,6999.6
2024/10/29 1:30,7048.8
2024/10/29 1:45,7078.8
2024/10/29 2:00,6988.8
2024/10/29 2:15,7012.8
2024/10/29 2:30,6963.6
2024/10/29 2:45,6954
2024/10/29 3:00,6942
2024/10/29 3:15,6880.8
2024/10/29 3:30,6928.8
2024/10/29 3:45,6979.2
2024/10/29 4:00,7021.2
2024/10/29 4:15,6954
2024/10/29 4:30,7003.2
2024/10/29 4:45,6978
2024/10/29 5:00,6904.8
2024/10/29 5:15,6861.6
2024/10/29 5:30,6892.8
2024/10/29 5:45,6854.4
2024/10/29 6:00,6885.6
2024/10/29 6:15,6776.4
2024/10/29 6:30,6736.8
2024/10/29 6:45,6714
2024/10/29 7:00,6769.2
2024/10/29 7:15,6744
2024/10/29 7:30,6742.8
2024/10/29 7:45,6754.8
2024/10/29 8:00,6750
2024/10/29 8:15,6780
2024/10/29 8:30,6795.6
2024/10/29 8:45,6788.4
2024/10/29 9:00,6790.8
2024/10/29 9:15,6738
2024/10/29 9:30,6871.2
2024/10/29 9:45,6636
2024/10/29 10:00,6874.8
2024/10/29 10:15,6904.8
2024/10/29 10:30,6998.4
2024/10/29 10:45,6960
2024/10/29 11:00,6890.4
2024/10/29 11:15,6782.4
2024/10/29 11:30,6950.4
2024/10/29 11:45,6793.2
2024/10/29 12:00,6837.6
2024/10/29 12:15,6801.6
2024/10/29 12:30,6793.2
2024/10/29 12:45,6748.8
2024/10/29 13:00,6738
2024/10/29 13:15,6820.8
2024/10/29 13:30,6921.6
2024/10/29 13:45,6922.8
2024/10/29 14:00,6756
2024/10/29 14:15,6724.8
2024/10/29 14:30,7048.8
2024/10/29 14:45,7042.8
2024/10/29 15:00,7099.2
2024/10/29 15:15,7083.6
2024/10/29 15:30,6826.8
2024/10/29 15:45,6738
2024/10/29 16:00,6836.4
2024/10/29 16:15,6826.8
2024/10/29 16:30,6880.8
2024/10/29 16:45,6865.2
2024/10/29 17:00,6891.6
2024/10/29 17:15,6832.8
2024/10/29 17:30,6765.6
2024/10/29 17:45,6823.2
2024/10/29 18:00,6864
2024/10/29 18:15,6859.2
2024/10/29 18:30,6780
2024/10/29 18:45,6842.4
2024/10/29 19:00,6738
2024/10/29 19:15,6778.8
2024/10/29 19:30,6754.8
2024/10/29 19:45,6794.4
2024/10/29 20:00,6793.2
2024/10/29 20:15,6787.2
2024/10/29 20:30,6848.4
2024/10/29 20:45,6858
2024/10/29 21:00,6889.2
2024/10/29 21:15,6864
2024/10/29 21:30,6918
2024/10/29 21:45,7062
2024/10/29 22:00,6987.6
2024/10/29 22:15,7066.8
2024/10/29 22:30,7005.6
2024/10/29 22:45,7044
2024/10/29 23:00,6994.8
2024/10/29 23:15,7050
2024/10/29 23:30,7100.4
2024/10/29 23:45,7046.4
2024/10/30 0:00,7032
2024/10/30 0:15,7022.4
2024/10/30 0:30,7077.6
2024/10/30 0:45,7057.2
2024/10/30 1:00,7042.8
2024/10/30 1:15,6990
2024/10/30 1:30,6946.8
2024/10/30 1:45,6900
2024/10/30 2:00,6931.2
2024/10/30 2:15,6954
2024/10/30 2:30,6973.2
2024/10/30 2:45,7008
2024/10/30 3:00,6969.6
2024/10/30 3:15,6942
2024/10/30 3:30,6942
2024/10/30 3:45,6969.6
2024/10/30 4:00,6976.8
2024/10/30 4:15,6942
2024/10/30 4:30,6927.6
2024/10/30 4:45,6961.2
2024/10/30 5:00,6974.4
2024/10/30 5:15,6919.2
2024/10/30 5:30,6873.6
2024/10/30 5:45,6909.6
2024/10/30 6:00,6856.8
2024/10/30 6:15,6896.4
2024/10/30 6:30,6842.4
2024/10/30 6:45,6855.6
2024/10/30 7:00,6884.4
2024/10/30 7:15,6846
2024/10/30 7:30,6852
2024/10/30 7:45,6837.6
2024/10/30 8:00,6900
2024/10/30 8:15,6843.6
2024/10/30 8:30,6897.6
2024/10/30 8:45,6868.8
2024/10/30 9:00,6868.8
2024/10/30 9:15,6979.2
2024/10/30 9:30,7008
2024/10/30 9:45,6986.4
2024/10/30 10:00,6913.2
2024/10/30 10:15,7123.2
2024/10/30 10:30,6823.2
2024/10/30 10:45,6830.4
2024/10/30 11:00,6812.4
2024/10/30 11:15,6778.8
2024/10/30 11:30,6835.2
2024/10/30 11:45,6921.6
2024/10/30 12:00,7332
2024/10/30 12:15,7485.6
2024/10/30 12:30,7458
2024/10/30 12:45,7437.6
2024/10/30 13:00,7377.6
2024/10/30 13:15,7366.8
2024/10/30 13:30,7382.4
2024/10/30 13:45,7363.2
2024/10/30 14:00,7441.2
2024/10/30 14:15,7447.2
2024/10/30 14:30,7442.4
2024/10/30 14:45,7381.2
2024/10/30 15:00,7429.2
2024/10/30 15:15,7363.2
2024/10/30 15:30,6883.2
2024/10/30 15:45,7341.6
2024/10/30 16:00,7532.4
2024/10/30 16:15,7474.8
2024/10/30 16:30,7392
2024/10/30 16:45,6933.6
2024/10/30 17:00,7024.8
2024/10/30 17:15,7444.8
2024/10/30 17:30,7498.8
2024/10/30 17:45,7422
2024/10/30 18:00,7488
2024/10/30 18:15,7465.2
2024/10/30 18:30,7420.8
2024/10/30 18:45,7400.4
2024/10/30 19:00,7412.4
2024/10/30 19:15,6997.2
2024/10/30 19:30,6918
2024/10/30 19:45,7465.2
2024/10/30 20:00,7486.8
2024/10/30 20:15,7395.6
2024/10/30 20:30,7380
2024/10/30 20:45,6958.8
2024/10/30 21:00,7405.2
2024/10/30 21:15,7456.8
2024/10/30 21:30,7454.4
2024/10/30 21:45,7429.2
2024/10/30 22:00,7404
2024/10/30 22:15,7408.8
2024/10/30 22:30,7368
2024/10/30 22:45,7449.6
2024/10/30 23:00,7485.6
2024/10/30 23:15,7449.6
2024/10/30 23:30,7472.4
2024/10/30 23:45,7388.4
2024/10/31 0:00,7332
2024/10/31 0:15,7468.8
2024/10/31 0:30,7377.6
2024/10/31 0:45,7378.8
2024/10/31 1:00,7371.6
2024/10/31 1:15,7369.2
2024/10/31 1:30,7353.6
2024/10/31 1:45,7396.8
2024/10/31 2:00,7423.2
2024/10/31 2:15,7290
2024/10/31 2:30,7485.6
2024/10/31 2:45,7393.2
2024/10/31 3:00,7340.4
2024/10/31 3:15,7357.2
2024/10/31 3:30,7374
2024/10/31 3:45,7318.8
2024/10/31 4:00,7374
2024/10/31 4:15,7287.6
2024/10/31 4:30,7328.4
2024/10/31 4:45,7316.4
2024/10/31 5:00,7262.4
2024/10/31 5:15,7357.2
2024/10/31 5:30,7250.4
2024/10/31 5:45,7263.6
2024/10/31 6:00,7326
2024/10/31 6:15,7226.4
2024/10/31 6:30,7179.6
2024/10/31 6:45,7254
2024/10/31 7:00,7263.6
2024/10/31 7:15,7192.8
2024/10/31 7:30,7232.4
2024/10/31 7:45,7269.6
2024/10/31 8:00,7334.4
2024/10/31 8:15,7287.6
2024/10/31 8:30,7329.6
2024/10/31 8:45,7344
2024/10/31 9:00,7390.8
2024/10/31 9:15,7386
2024/10/31 9:30,7502.4
2024/10/31 9:45,7467.6
2024/10/31 10:00,7504.8
2024/10/31 10:15,7520.4
2024/10/31 10:30,7489.2
2024/10/31 10:45,7394.4
2024/10/31 11:00,7300.8
2024/10/31 11:15,7346.4
2024/10/31 11:30,7419.6
2024/10/31 11:45,7437.6
2024/10/31 12:00,7456.8
2024/10/31 12:15,7390.8
2024/10/31 12:30,7441.2
2024/10/31 12:45,7100.4
2024/10/31 13:00,7044
2024/10/31 13:15,7099.2
2024/10/31 13:30,7252.8
2024/10/31 13:45,7254
2024/10/31 14:00,7227.6
2024/10/31 14:15,7292.4
2024/10/31 14:30,7263.6
2024/10/31 14:45,7329.6
2024/10/31 15:00,7300.8
2024/10/31 15:15,7345.2
2024/10/31 15:30,7201.2
2024/10/31 15:45,7266
2024/10/31 16:00,7202.4
2024/10/31 16:15,7219.2
2024/10/31 16:30,6852
2024/10/31 16:45,6829.2
2024/10/31 17:00,7149.6
2024/10/31 17:15,7141.2
2024/10/31 17:30,7086
2024/10/31 17:45,7069.2
2024/10/31 18:00,7083.6
2024/10/31 18:15,7135.2
2024/10/31 18:30,7101.6
2024/10/31 18:45,7038
2024/10/31 19:00,7033.2
2024/10/31 19:15,7062
2024/10/31 19:30,7189.2
2024/10/31 19:45,7258.8
2024/10/31 20:00,7284
2024/10/31 20:15,7060.8
2024/10/31 20:30,7071.6
2024/10/31 20:45,7233.6
2024/10/31 21:00,6996
2024/10/31 21:15,6999.6
2024/10/31 21:30,7239.6
2024/10/31 21:45,7122
2024/10/31 22:00,7160.4
2024/10/31 22:15,7384.8
2024/10/31 22:30,7434
2024/10/31 22:45,7452
2024/10/31 23:00,7372.8
2024/10/31 23:15,7470
2024/10/31 23:30,7387.2
2024/10/31 23:45,7399.2
2024/11/1 0:00,7430.4
2024/11/1 0:15,7206
2024/11/1 0:30,7118.4
2024/11/1 0:45,7263.6
2024/11/1 1:00,7254
2024/11/1 1:15,7176
2024/11/1 1:30,7150.8
2024/11/1 1:45,7189.2
2024/11/1 2:00,7192.8
2024/11/1 2:15,7152
2024/11/1 2:30,7154.4
2024/11/1 2:45,7185.6
2024/11/1 3:00,7170
2024/11/1 3:15,7172.4
2024/11/1 3:30,7386
2024/11/1 3:45,7377.6
2024/11/1 4:00,7353.6
2024/11/1 4:15,7340.4
2024/11/1 4:30,7350
2024/11/1 4:45,7274.4
2024/11/1 5:00,7328.4
2024/11/1 5:15,7257.6
2024/11/1 5:30,7316.4
2024/11/1 5:45,7179.6
2024/11/1 6:00,7023.6
2024/11/1 6:15,7086
2024/11/1 6:30,7116
2024/11/1 6:45,7130.4
2024/11/1 7:00,7045.2
2024/11/1 7:15,6933.6
2024/11/1 7:30,7053.6
2024/11/1 7:45,7092
2024/11/1 8:00,7135.2
2024/11/1 8:15,7158
2024/11/1 8:30,7316.4
2024/11/1 8:45,7334.4
2024/11/1 9:00,7238.4
2024/11/1 9:15,7376.4
2024/11/1 9:30,7341.6
2024/11/1 9:45,7394.4
2024/11/1 10:00,7428
2024/11/1 10:15,7413.6
2024/11/1 10:30,7190.4
2024/11/1 10:45,7231.2
2024/11/1 11:00,7171.2
2024/11/1 11:15,7158
2024/11/1 11:30,7032
2024/11/1 11:45,7108.8
2024/11/1 12:00,7231.2
2024/11/1 12:15,7309.2
2024/11/1 12:30,7144.8
2024/11/1 12:45,7116
2024/11/1 13:00,7344
2024/11/1 13:15,7333.2
2024/11/1 13:30,7302
2024/11/1 13:45,7288.8
2024/11/1 14:00,7089.6
2024/11/1 14:15,7327.2
2024/11/1 14:30,7473.6
2024/11/1 14:45,7250.4
2024/11/1 15:00,7244.4
2024/11/1 15:15,7196.4
2024/11/1 15:30,7378.8
2024/11/1 15:45,7326
2024/11/1 16:00,7154.4
2024/11/1 16:15,7440
2024/11/1 16:30,7317.6
2024/11/1 16:45,7488
2024/11/1 17:00,7160.4
2024/11/1 17:15,7213.2
2024/11/1 17:30,7246.8
2024/11/1 17:45,7126.8
2024/11/1 18:00,7159.2
2024/11/1 18:15,7194
2024/11/1 18:30,7230
2024/11/1 18:45,7130.4
2024/11/1 19:00,7257.6
2024/11/1 19:15,7255.2
2024/11/1 19:30,6986.4
2024/11/1 19:45,6972
2024/11/1 20:00,7245.6
2024/11/1 20:15,7558.8
2024/11/1 20:30,7522.8
2024/11/1 20:45,7144.8
2024/11/1 21:00,7298.4
2024/11/1 21:15,7369.2
2024/11/1 21:30,7305.6
2024/11/1 21:45,7254
2024/11/1 22:00,7377.6
2024/11/1 22:15,7116
2024/11/1 22:30,7396.8
2024/11/1 22:45,7476
2024/11/1 23:00,7393.2
2024/11/1 23:15,7345.2
2024/11/1 23:30,7354.8
2024/11/1 23:45,7411.2
2024/11/2 0:00,7339.2
2024/11/2 0:15,7322.4
2024/11/2 0:30,7350
2024/11/2 0:45,7305.6
2024/11/2 1:00,7179.6
2024/11/2 1:15,7292.4
2024/11/2 1:30,7120.8
2024/11/2 1:45,7222.8
2024/11/2 2:00,7225.2
2024/11/2 2:15,7195.2
2024/11/2 2:30,7221.6
2024/11/2 2:45,7222.8
2024/11/2 3:00,7231.2
2024/11/2 3:15,7185.6
2024/11/2 3:30,7332
2024/11/2 3:45,7237.2
2024/11/2 4:00,7143.6
2024/11/2 4:15,7147.2
2024/11/2 4:30,7120.8
2024/11/2 4:45,7102.8
2024/11/2 5:00,7130.4
2024/11/2 5:15,7150.8
2024/11/2 5:30,7064.4
2024/11/2 5:45,7020
2024/11/2 6:00,7048.8
2024/11/2 6:15,7094.4
2024/11/2 6:30,7063.2
2024/11/2 6:45,7062
2024/11/2 7:00,7118.4
2024/11/2 7:15,7045.2
2024/11/2 7:30,7077.6
2024/11/2 7:45,7108.8
2024/11/2 8:00,6996
2024/11/2 8:15,7030.8
2024/11/2 8:30,7090.8
2024/11/2 8:45,7104
2024/11/2 9:00,7102.8
2024/11/2 9:15,7158
2024/11/2 9:30,7198.8
2024/11/2 9:45,6825.6
2024/11/2 10:00,6997.2
2024/11/2 10:15,7083.6
2024/11/2 10:30,7136.4
2024/11/2 10:45,7185.6
2024/11/2 11:00,7065.6
2024/11/2 11:15,7154.4
2024/11/2 11:30,7106.4
2024/11/2 11:45,7156.8
2024/11/2 12:00,7113.6
2024/11/2 12:15,7080
2024/11/2 12:30,7224
2024/11/2 12:45,7224
2024/11/2 13:00,7221.6
2024/11/2 13:15,6883.2
2024/11/2 13:30,7240.8
2024/11/2 13:45,6908.4
2024/11/2 14:00,7238.4
2024/11/2 14:15,7016.4
2024/11/2 14:30,7081.2
2024/11/2 14:45,7044
2024/11/2 15:00,7161.6
2024/11/2 15:15,6978
2024/11/2 15:30,7009.2
2024/11/2 15:45,6940.8
2024/11/2 16:00,7287.6
2024/11/2 16:15,6956.4
2024/11/2 16:30,6902.4
2024/11/2 16:45,7264.8
2024/11/2 17:00,7314
2024/11/2 17:15,7286.4
2024/11/2 17:30,7261.2
2024/11/2 17:45,7065.6
2024/11/2 18:00,7224
2024/11/2 18:15,7296
2024/11/2 18:30,7299.6
2024/11/2 18:45,7395.6
2024/11/2 19:00,7332
2024/11/2 19:15,7281.6
2024/11/2 19:30,7275.6
2024/11/2 19:45,7260
2024/11/2 20:00,7334.4
2024/11/2 20:15,7302
2024/11/2 20:30,7274.4
2024/11/2 20:45,7290
2024/11/2 21:00,7327.2
2024/11/2 21:15,7335.6
2024/11/2 21:30,7317.6
2024/11/2 21:45,7321.2
2024/11/2 22:00,7255.2
2024/11/2 22:15,7243.2
2024/11/2 22:30,7366.8
2024/11/2 22:45,7336.8
2024/11/2 23:00,7335.6
2024/11/2 23:15,7347.6
2024/11/2 23:30,7333.2
2024/11/2 23:45,7299.6
2024/11/3 0:00,7299.6
2024/11/3 0:15,7382.4
2024/11/3 0:30,7243.2
2024/11/3 0:45,7312.8
2024/11/3 1:00,7266
2024/11/3 1:15,7287.6
2024/11/3 1:30,7344
2024/11/3 1:45,7286.4
2024/11/3 2:00,7248
2024/11/3 2:15,7242
2024/11/3 2:30,7273.2
2024/11/3 2:45,7233.6
2024/11/3 3:00,7264.8
2024/11/3 3:15,7341.6
2024/11/3 3:30,7286.4
2024/11/3 3:45,7364.4
2024/11/3 4:00,7314
2024/11/3 4:15,7273.2
2024/11/3 4:30,7234.8
2024/11/3 4:45,7260
2024/11/3 5:00,7286.4
2024/11/3 5:15,7255.2
2024/11/3 5:30,7272
2024/11/3 5:45,7239.6
2024/11/3 6:00,7197.6
2024/11/3 6:15,7204.8
2024/11/3 6:30,7216.8
2024/11/3 6:45,7225.2
2024/11/3 7:00,7228.8
2024/11/3 7:15,7218
2024/11/3 7:30,7221.6
2024/11/3 7:45,7244.4
2024/11/3 8:00,7204.8
2024/11/3 8:15,7278
2024/11/3 8:30,7270.8
2024/11/3 8:45,7177.2
2024/11/3 9:00,7270.8
2024/11/3 9:15,7267.2
2024/11/3 9:30,7335.6
2024/11/3 9:45,7278
2024/11/3 10:00,7323.6
2024/11/3 10:15,7335.6
2024/11/3 10:30,7267.2
2024/11/3 10:45,7317.6
2024/11/3 11:00,7336.8
2024/11/3 11:15,7321.2
2024/11/3 11:30,7352.4
2024/11/3 11:45,7288.8
2024/11/3 12:00,7246.8
2024/11/3 12:15,7280.4
2024/11/3 12:30,7208.4
2024/11/3 12:45,7281.6
2024/11/3 13:00,7270.8
2024/11/3 13:15,7288.8
2024/11/3 13:30,7228.8
2024/11/3 13:45,7216.8
2024/11/3 14:00,7378.8
2024/11/3 14:15,7339.2
2024/11/3 14:30,7285.2
2024/11/3 14:45,7261.2
2024/11/3 15:00,7366.8
2024/11/3 15:15,7034.4
2024/11/3 15:30,7063.2
2024/11/3 15:45,7120.8
2024/11/3 16:00,7176
2024/11/3 16:15,6946.8
2024/11/3 16:30,7132.8
2024/11/3 16:45,6934.8
2024/11/3 17:00,7149.6
2024/11/3 17:15,7107.6
2024/11/3 17:30,7309.2
2024/11/3 17:45,6937.2
2024/11/3 18:00,6998.4
2024/11/3 18:15,7323.6
2024/11/3 18:30,7335.6
2024/11/3 18:45,7332
2024/11/3 19:00,7413.6
2024/11/3 19:15,7406.4
2024/11/3 19:30,7399.2
2024/11/3 19:45,7411.2
2024/11/3 20:00,7303.2
2024/11/3 20:15,7323.6
2024/11/3 20:30,7431.6
2024/11/3 20:45,7334.4
2024/11/3 21:00,7310.4
2024/11/3 21:15,7170
2024/11/3 21:30,7347.6
2024/11/3 21:45,7165.2
2024/11/3 22:00,7176
2024/11/3 22:15,7065.6
2024/11/3 22:30,7084.8
2024/11/3 22:45,7054.8
2024/11/3 23:00,7050
2024/11/3 23:15,7014
2024/11/3 23:30,6957.6
2024/11/3 23:45,6921.6
2024/11/4 0:00,6928.8
2024/11/4 0:15,6907.2
2024/11/4 0:30,6891.6
2024/11/4 0:45,6775.2
2024/11/4 1:00,6724.8
2024/11/4 1:15,6714
2024/11/4 1:30,6657.6
2024/11/4 1:45,6661.2
2024/11/4 2:00,6674.4
2024/11/4 2:15,6606
2024/11/4 2:30,6644.4
2024/11/4 2:45,6638.4
2024/11/4 3:00,6660
2024/11/4 3:15,6597.6
2024/11/4 3:30,6595.2
2024/11/4 3:45,6612
2024/11/4 4:00,6566.4
2024/11/4 4:15,6536.4
2024/11/4 4:30,6568.8
2024/11/4 4:45,6522
2024/11/4 5:00,6525.6
2024/11/4 5:15,6494.4
2024/11/4 5:30,6436.8
2024/11/4 5:45,6489.6
2024/11/4 6:00,6478.8
2024/11/4 6:15,6466.8
2024/11/4 6:30,6471.6
2024/11/4 6:45,6474
2024/11/4 7:00,6472.8
2024/11/4 7:15,6468
2024/11/4 7:30,6482.4
2024/11/4 7:45,6376.8
2024/11/4 8:00,6394.8
2024/11/4 8:15,6352.8
2024/11/4 8:30,6424.8
2024/11/4 8:45,6453.6
2024/11/4 9:00,6631.2
2024/11/4 9:15,6546
2024/11/4 9:30,6340.8
2024/11/4 9:45,6340.8
2024/11/4 10:00,6411.6
2024/11/4 10:15,6400.8
2024/11/4 10:30,6739.2
2024/11/4 10:45,6837.6
2024/11/4 11:00,6876
2024/11/4 11:15,6896.4
2024/11/4 11:30,6817.2
2024/11/4 11:45,6470.4
2024/11/4 12:00,6690
2024/11/4 12:15,6835.2
2024/11/4 12:30,6784.8
2024/11/4 12:45,6843.6
2024/11/4 13:00,6846
2024/11/4 13:15,6897.6
2024/11/4 13:30,6919.2
2024/11/4 13:45,6876
2024/11/4 14:00,6891.6
2024/11/4 14:15,7060.8
2024/11/4 14:30,7087.2
2024/11/4 14:45,7095.6
2024/11/4 15:00,7095.6
2024/11/4 15:15,7134
2024/11/4 15:30,7086
2024/11/4 15:45,7153.2
2024/11/4 16:00,7096.8
2024/11/4 16:15,7057.2
2024/11/4 16:30,7114.8
2024/11/4 16:45,6985.2
2024/11/4 17:00,7056
2024/11/4 17:15,7040.4
2024/11/4 17:30,7082.4
2024/11/4 17:45,7119.6
2024/11/4 18:00,7054.8
2024/11/4 18:15,7052.4
2024/11/4 18:30,7117.2
2024/11/4 18:45,6946.8
2024/11/4 19:00,6943.2
2024/11/4 19:15,6933.6
2024/11/4 19:30,6976.8
2024/11/4 19:45,7032
2024/11/4 20:00,6969.6
2024/11/4 20:15,7045.2
2024/11/4 20:30,7026
2024/11/4 20:45,6975.6
2024/11/4 21:00,7125.6
2024/11/4 21:15,6860.4
2024/11/4 21:30,6904.8
2024/11/4 21:45,6858
2024/11/4 22:00,6598.8
2024/11/4 22:15,6778.8
2024/11/4 22:30,6600
2024/11/4 22:45,6686.4
2024/11/4 23:00,6828
2024/11/4 23:15,6870
2024/11/4 23:30,6776.4
2024/11/4 23:45,6466.8
2024/11/5 0:00,6730.8
2024/11/5 0:15,6710.4
2024/11/5 0:30,6513.6
2024/11/5 0:45,6579.6
2024/11/5 1:00,6703.2
2024/11/5 1:15,6759.6
2024/11/5 1:30,6720
2024/11/5 1:45,6796.8
2024/11/5 2:00,6752.4
2024/11/5 2:15,6729.6
2024/11/5 2:30,6711.6
2024/11/5 2:45,6614.4
2024/11/5 3:00,6590.4
2024/11/5 3:15,6582
2024/11/5 3:30,6565.2
2024/11/5 3:45,6567.6
2024/11/5 4:00,6530.4
2024/11/5 4:15,6566.4
2024/11/5 4:30,6608.4
2024/11/5 4:45,6604.8
2024/11/5 5:00,6656.4
2024/11/5 5:15,6632.4
2024/11/5 5:30,6590.4
2024/11/5 5:45,6696
2024/11/5 6:00,6618
2024/11/5 6:15,6651.6
2024/11/5 6:30,6668.4
2024/11/5 6:45,6649.2
2024/11/5 7:00,6634.8
2024/11/5 7:15,6614.4
2024/11/5 7:30,6600
2024/11/5 7:45,6661.2
2024/11/5 8:00,6550.8
2024/11/5 8:15,6600
2024/11/5 8:30,6700.8
2024/11/5 8:45,6559.2
2024/11/5 9:00,6289.2
2024/11/5 9:15,6675.6
2024/11/5 9:30,6582
2024/11/5 9:45,6686.4
2024/11/5 10:00,6724.8
2024/11/5 10:15,6268.8
2024/11/5 10:30,6594
2024/11/5 10:45,6352.8
2024/11/5 11:00,6698.4
2024/11/5 11:15,6770.4
2024/11/5 11:30,6795.6
2024/11/5 11:45,6745.2
2024/11/5 12:00,6459.6
2024/11/5 12:15,6624
2024/11/5 12:30,6820.8
2024/11/5 12:45,6838.8
2024/11/5 13:00,6852
2024/11/5 13:15,6784.8
2024/11/5 13:30,6561.6
2024/11/5 13:45,6636
2024/11/5 14:00,6756
2024/11/5 14:15,6896.4
2024/11/5 14:30,6877.2
2024/11/5 14:45,6798
2024/11/5 15:00,6814.8
2024/11/5 15:15,6843.6
2024/11/5 15:30,7080
2024/11/5 15:45,6566.4
2024/11/5 16:00,7012.8
2024/11/5 16:15,7014
2024/11/5 16:30,7050
2024/11/5 16:45,7063.2
2024/11/5 17:00,7046.4
2024/11/5 17:15,7059.6
2024/11/5 17:30,6938.4
2024/11/5 17:45,6832.8
2024/11/5 18:00,7060.8
2024/11/5 18:15,6956.4
2024/11/5 18:30,7006.8
2024/11/5 18:45,6996
2024/11/5 19:00,7010.4
2024/11/5 19:15,7023.6
2024/11/5 19:30,6975.6
2024/11/5 19:45,6968.4
2024/11/5 20:00,6904.8
2024/11/5 20:15,6948
2024/11/5 20:30,6884.4
2024/11/5 20:45,6847.2
2024/11/5 21:00,6862.8
2024/11/5 21:15,6867.6
2024/11/5 21:30,6693.6
2024/11/5 21:45,7018.8
2024/11/5 22:00,6873.6
2024/11/5 22:15,6898.8
2024/11/5 22:30,6820.8
2024/11/5 22:45,6942
2024/11/5 23:00,6877.2
2024/11/5 23:15,6950.4
2024/11/5 23:30,6936
2024/11/5 23:45,6944.4
2024/11/6 0:00,6924
2024/11/6 0:15,6946.8
2024/11/6 0:30,6870
2024/11/6 0:45,6874.8
2024/11/6 1:00,6908.4
2024/11/6 1:15,6770.4
2024/11/6 1:30,6859.2
2024/11/6 1:45,6891.6
2024/11/6 2:00,6834
2024/11/6 2:15,6873.6
2024/11/6 2:30,6906
2024/11/6 2:45,6877.2
2024/11/6 3:00,6856.8
2024/11/6 3:15,6612
2024/11/6 3:30,6589.2
2024/11/6 3:45,6652.8
2024/11/6 4:00,6691.2
2024/11/6 4:15,6694.8
2024/11/6 4:30,6615.6
2024/11/6 4:45,6658.8
2024/11/6 5:00,6555.6
2024/11/6 5:15,6338.4
2024/11/6 5:30,6331.2
2024/11/6 5:45,6309.6
2024/11/6 6:00,6316.8
2024/11/6 6:15,6357.6
2024/11/6 6:30,6340.8
2024/11/6 6:45,6352.8
2024/11/6 7:00,6331.2
2024/11/6 7:15,6372
2024/11/6 7:30,6357.6
2024/11/6 7:45,6350.4
2024/11/6 8:00,6385.2
2024/11/6 8:15,6433.2
2024/11/6 8:30,6399.6
2024/11/6 8:45,6494.4
2024/11/6 9:00,6674.4
2024/11/6 9:15,6643.2
2024/11/6 9:30,6693.6
2024/11/6 9:45,6630
2024/11/6 10:00,6727.2
2024/11/6 10:15,6756
2024/11/6 10:30,6752.4
2024/11/6 10:45,6804
2024/11/6 11:00,6816
2024/11/6 11:15,6847.2
2024/11/6 11:30,6859.2
2024/11/6 11:45,6742.8
2024/11/6 12:00,6732
2024/11/6 12:15,6688.8
2024/11/6 12:30,6824.4
2024/11/6 12:45,6819.6
2024/11/6 13:00,6770.4
2024/11/6 13:15,6781.2
2024/11/6 13:30,6856.8
2024/11/6 13:45,6854.4
2024/11/6 14:00,6933.6
2024/11/6 14:15,6879.6
2024/11/6 14:30,6890.4
2024/11/6 14:45,6882
2024/11/6 15:00,6760.8
2024/11/6 15:15,6738
2024/11/6 15:30,6730.8
2024/11/6 15:45,6796.8
2024/11/6 16:00,6766.8
2024/11/6 16:15,6837.6
2024/11/6 16:30,6901.2
2024/11/6 16:45,6873.6
2024/11/6 17:00,6738
2024/11/6 17:15,6722.4
2024/11/6 17:30,6783.6
2024/11/6 17:45,6906
2024/11/6 18:00,6495.6
2024/11/6 18:15,6793.2
2024/11/6 18:30,6916.8
2024/11/6 18:45,6859.2
2024/11/6 19:00,6530.4
2024/11/6 19:15,6806.4
2024/11/6 19:30,6681.6
2024/11/6 19:45,6686.4
2024/11/6 20:00,6756
2024/11/6 20:15,6739.2
2024/11/6 20:30,6766.8
2024/11/6 20:45,6740.4
2024/11/6 21:00,6824.4
2024/11/6 21:15,6867.6
2024/11/6 21:30,6854.4
2024/11/6 21:45,6874.8
2024/11/6 22:00,6870
2024/11/6 22:15,6868.8
2024/11/6 22:30,6931.2
2024/11/6 22:45,6849.6
2024/11/6 23:00,6885.6
2024/11/6 23:15,6885.6
2024/11/6 23:30,6825.6
2024/11/6 23:45,6879.6
2024/11/7 0:00,6874.8
2024/11/7 0:15,6848.4
2024/11/7 0:30,6858
2024/11/7 0:45,6849.6
2024/11/7 1:00,6782.4
2024/11/7 1:15,6813.6
2024/11/7 1:30,6766.8
2024/11/7 1:45,6784.8
2024/11/7 2:00,6691.2
2024/11/7 2:15,6776.4
2024/11/7 2:30,6712.8
2024/11/7 2:45,6732
2024/11/7 3:00,6747.6
2024/11/7 3:15,6472.8
2024/11/7 3:30,6616.8
2024/11/7 3:45,6553.2
2024/11/7 4:00,6600
2024/11/7 4:15,6534
2024/11/7 4:30,6566.4
2024/11/7 4:45,6570
2024/11/7 5:00,6543.6
2024/11/7 5:15,6526.8
2024/11/7 5:30,6535.2
2024/11/7 5:45,6524.4
2024/11/7 6:00,6516
2024/11/7 6:15,6517.2
2024/11/7 6:30,6523.2
2024/11/7 6:45,6499.2
2024/11/7 7:00,6520.8
2024/11/7 7:15,6486
2024/11/7 7:30,6537.6
2024/11/7 7:45,6542.4
2024/11/7 8:00,6626.4
2024/11/7 8:15,6548.4
2024/11/7 8:30,6584.4
2024/11/7 8:45,6616.8
2024/11/7 9:00,6620.4
2024/11/7 9:15,6614.4
2024/11/7 9:30,6622.8
2024/11/7 9:45,6464.4
2024/11/7 10:00,6739.2
2024/11/7 10:15,6862.8
2024/11/7 10:30,6798
2024/11/7 10:45,6846
2024/11/7 11:00,6908.4
2024/11/7 11:15,6858
2024/11/7 11:30,6788.4
2024/11/7 11:45,6800.4
2024/11/7 12:00,6852
2024/11/7 12:15,6891.6
2024/11/7 12:30,6932.4
2024/11/7 12:45,6892.8
2024/11/7 13:00,6876
2024/11/7 13:15,6866.4
2024/11/7 13:30,6890.4
2024/11/7 13:45,6886.8
2024/11/7 14:00,6835.2
2024/11/7 14:15,6799.2
2024/11/7 14:30,6802.8
2024/11/7 14:45,6757.2
2024/11/7 15:00,6871.2
2024/11/7 15:15,6942
2024/11/7 15:30,6999.6
2024/11/7 15:45,6880.8
2024/11/7 16:00,6898.8
2024/11/7 16:15,6933.6
2024/11/7 16:30,6964.8
2024/11/7 16:45,6962.4
2024/11/7 17:00,6538.8
2024/11/7 17:15,6838.8
2024/11/7 17:30,6776.4
2024/11/7 17:45,6777.6
2024/11/7 18:00,6856.8
2024/11/7 18:15,6865.2
2024/11/7 18:30,6828
2024/11/7 18:45,6787.2
2024/11/7 19:00,6771.6
2024/11/7 19:15,6794.4
2024/11/7 19:30,6825.6
2024/11/7 19:45,6763.2
2024/11/7 20:00,6668.4
2024/11/7 20:15,6990
2024/11/7 20:30,6639.6
2024/11/7 20:45,6675.6
2024/11/7 21:00,6835.2
2024/11/7 21:15,6717.6
2024/11/7 21:30,6656.4
2024/11/7 21:45,6834
2024/11/7 22:00,6874.8
2024/11/7 22:15,6777.6
2024/11/7 22:30,6783.6
2024/11/7 22:45,6798
2024/11/7 23:00,6751.2
2024/11/7 23:15,6662.4
2024/11/7 23:30,6693.6
2024/11/7 23:45,6728.4
2024/11/8 0:00,6675.6
2024/11/8 0:15,6673.2
2024/11/8 0:30,6687.6
2024/11/8 0:45,6663.6
2024/11/8 1:00,6678
2024/11/8 1:15,6676.8
2024/11/8 1:30,6678
2024/11/8 1:45,6685.2
2024/11/8 2:00,6625.2
2024/11/8 2:15,6645.6
2024/11/8 2:30,6652.8
2024/11/8 2:45,6631.2
2024/11/8 3:00,6745.2
2024/11/8 3:15,6692.4
2024/11/8 3:30,6678
2024/11/8 3:45,6679.2
2024/11/8 4:00,6643.2
2024/11/8 4:15,6628.8
2024/11/8 4:30,6673.2
2024/11/8 4:45,6616.8
2024/11/8 5:00,6637.2
2024/11/8 5:15,6549.6
2024/11/8 5:30,6511.2
2024/11/8 5:45,6214.8
2024/11/8 6:00,6168
2024/11/8 6:15,6201.6
2024/11/8 6:30,6198
2024/11/8 6:45,6130.8
2024/11/8 7:00,6142.8
2024/11/8 7:15,6132
2024/11/8 7:30,6169.2
2024/11/8 7:45,6166.8
2024/11/8 8:00,6226.8
2024/11/8 8:15,6225.6
2024/11/8 8:30,6259.2
2024/11/8 8:45,6225.6
2024/11/8 9:00,6271.2
2024/11/8 9:15,6352.8
2024/11/8 9:30,6357.6
2024/11/8 9:45,6483.6
2024/11/8 10:00,6726
2024/11/8 10:15,6547.2
2024/11/8 10:30,6688.8
2024/11/8 10:45,6714
2024/11/8 11:00,6692.4
2024/11/8 11:15,6667.2
2024/11/8 11:30,6465.6
2024/11/8 11:45,6585.6
2024/11/8 12:00,6643.2
2024/11/8 12:15,6768
2024/11/8 12:30,6511.2
2024/11/8 12:45,6574.8
2024/11/8 13:00,6805.2
2024/11/8 13:15,6840
2024/11/8 13:30,6844.8
2024/11/8 13:45,6640.8
2024/11/8 14:00,6783.6
2024/11/8 14:15,6697.2
2024/11/8 14:30,6739.2
2024/11/8 14:45,7345.2
2024/11/8 15:00,6741.6
2024/11/8 15:15,6679.2
2024/11/8 15:30,6680.4
2024/11/8 15:45,6621.6
2024/11/8 16:00,6616.8
2024/11/8 16:15,6549.6
2024/11/8 16:30,6570
2024/11/8 16:45,6868.8
2024/11/8 17:00,6901.2
2024/11/8 17:15,6632.4
2024/11/8 17:30,6634.8
2024/11/8 17:45,6888
2024/11/8 18:00,6936
2024/11/8 18:15,6962.4
2024/11/8 18:30,6937.2
2024/11/8 18:45,6885.6
2024/11/8 19:00,6856.8
2024/11/8 19:15,6816
2024/11/8 19:30,6886.8
2024/11/8 19:45,6664.8
2024/11/8 20:00,6754.8
2024/11/8 20:15,7082.4
2024/11/8 20:30,6937.2
2024/11/8 20:45,6886.8
2024/11/8 21:00,6900
2024/11/8 21:15,7004.4
2024/11/8 21:30,6777.6
2024/11/8 21:45,6796.8
2024/11/8 22:00,6844.8
2024/11/8 22:15,6799.2
2024/11/8 22:30,6638.4
2024/11/8 22:45,6884.4
2024/11/8 23:00,6536.4
2024/11/8 23:15,6722.4
2024/11/8 23:30,6862.8
2024/11/8 23:45,6835.2
2024/11/9 0:00,6514.8
2024/11/9 0:15,6652.8
2024/11/9 0:30,6596.4
2024/11/9 0:45,6649.2
2024/11/9 1:00,6681.6
2024/11/9 1:15,6693.6
2024/11/9 1:30,6631.2
2024/11/9 1:45,6676.8
2024/11/9 2:00,6691.2
2024/11/9 2:15,6651.6
2024/11/9 2:30,6654
2024/11/9 2:45,6595.2
2024/11/9 3:00,6576
2024/11/9 3:15,6640.8
2024/11/9 3:30,6657.6
2024/11/9 3:45,6698.4
2024/11/9 4:00,6631.2
2024/11/9 4:15,6646.8
2024/11/9 4:30,6667.2
2024/11/9 4:45,6678
2024/11/9 5:00,6648
2024/11/9 5:15,6588
2024/11/9 5:30,6560.4
2024/11/9 5:45,6597.6
2024/11/9 6:00,6554.4
2024/11/9 6:15,6554.4
2024/11/9 6:30,6576
2024/11/9 6:45,6550.8
2024/11/9 7:00,6564
2024/11/9 7:15,6554.4
2024/11/9 7:30,6523.2
2024/11/9 7:45,6547.2
2024/11/9 8:00,6572.4
2024/11/9 8:15,6610.8
2024/11/9 8:30,6597.6
2024/11/9 8:45,6608.4
2024/11/9 9:00,6674.4
2024/11/9 9:15,6723.6
2024/11/9 9:30,6496.8
2024/11/9 9:45,6513.6
2024/11/9 10:00,6534
2024/11/9 10:15,6456
2024/11/9 10:30,6507.6
2024/11/9 10:45,7006.8
2024/11/9 11:00,6650.4
2024/11/9 11:15,6985.2
2024/11/9 11:30,7059.6
2024/11/9 11:45,7116
2024/11/9 12:00,7108.8
2024/11/9 12:15,7105.2
2024/11/9 12:30,7095.6
2024/11/9 12:45,6943.2
2024/11/9 13:00,6990
2024/11/9 13:15,6867.6
2024/11/9 13:30,7017.6
2024/11/9 13:45,7008
2024/11/9 14:00,6910.8
2024/11/9 14:15,6867.6
2024/11/9 14:30,6794.4
2024/11/9 14:45,7024.8
2024/11/9 15:00,7112.4
2024/11/9 15:15,7146
2024/11/9 15:30,7173.6
2024/11/9 15:45,7232.4
2024/11/9 16:00,7071.6
2024/11/9 16:15,7047.6
2024/11/9 16:30,7105.2
2024/11/9 16:45,7046.4
2024/11/9 17:00,6879.6
2024/11/9 17:15,6853.2
2024/11/9 17:30,7050
2024/11/9 17:45,6951.6
2024/11/9 18:00,6874.8
2024/11/9 18:15,6900
2024/11/9 18:30,6904.8
2024/11/9 18:45,7040.4
2024/11/9 19:00,7004.4
2024/11/9 19:15,6885.6
2024/11/9 19:30,7141.2
2024/11/9 19:45,7142.4
2024/11/9 20:00,6898.8
2024/11/9 20:15,6662.4
2024/11/9 20:30,7034.4
2024/11/9 20:45,7124.4
2024/11/9 21:00,6961.2
2024/11/9 21:15,6925.2
2024/11/9 21:30,6730.8
2024/11/9 21:45,6752.4
2024/11/9 22:00,6748.8
2024/11/9 22:15,6940.8
2024/11/9 22:30,6817.2
2024/11/9 22:45,6708
2024/11/9 23:00,6824.4
2024/11/9 23:15,6693.6
2024/11/9 23:30,6771.6
2024/11/9 23:45,6703.2
2024/11/10 0:00,6744
2024/11/10 0:15,6888
2024/11/10 0:30,6711.6
2024/11/10 0:45,6591.6
2024/11/10 1:00,6702
2024/11/10 1:15,6663.6
2024/11/10 1:30,6693.6
2024/11/10 1:45,6717.6
2024/11/10 2:00,6734.4
2024/11/10 2:15,6643.2
2024/11/10 2:30,6669.6
2024/11/10 2:45,6548.4
2024/11/10 3:00,6538.8
2024/11/10 3:15,6645.6
2024/11/10 3:30,6476.4
2024/11/10 3:45,6591.6
2024/11/10 4:00,6632.4
2024/11/10 4:15,6681.6
2024/11/10 4:30,6664.8
2024/11/10 4:45,6618
2024/11/10 5:00,6640.8
2024/11/10 5:15,6603.6
2024/11/10 5:30,6543.6
2024/11/10 5:45,6574.8
2024/11/10 6:00,6574.8
2024/11/10 6:15,6466.8
2024/11/10 6:30,6428.4
2024/11/10 6:45,6465.6
2024/11/10 7:00,6488.4
2024/11/10 7:15,6610.8
2024/11/10 7:30,6601.2
2024/11/10 7:45,6610.8
2024/11/10 8:00,6586.8
2024/11/10 8:15,6602.4
2024/11/10 8:30,6566.4
2024/11/10 8:45,6601.2
2024/11/10 9:00,6598.8
2024/11/10 9:15,6662.4
2024/11/10 9:30,6709.2
2024/11/10 9:45,6718.8
2024/11/10 10:00,6817.2
2024/11/10 10:15,6650.4
2024/11/10 10:30,6802.8
2024/11/10 10:45,6811.2
2024/11/10 11:00,6855.6
2024/11/10 11:15,6436.8
2024/11/10 11:30,6714
2024/11/10 11:45,6477.6
2024/11/10 12:00,6780
2024/11/10 12:15,6442.8
2024/11/10 12:30,6807.6
2024/11/10 12:45,6849.6
2024/11/10 13:00,6920.4
2024/11/10 13:15,6868.8
2024/11/10 13:30,6760.8
2024/11/10 13:45,6799.2
2024/11/10 14:00,6840
2024/11/10 14:15,6838.8
2024/11/10 14:30,6879.6
2024/11/10 14:45,6864
2024/11/10 15:00,6842.4
2024/11/10 15:15,6501.6
2024/11/10 15:30,6837.6
2024/11/10 15:45,6452.4
2024/11/10 16:00,6477.6
2024/11/10 16:15,6480
2024/11/10 16:30,6655.2
2024/11/10 16:45,6760.8
2024/11/10 17:00,6469.2
2024/11/10 17:15,6728.4
2024/11/10 17:30,6676.8
2024/11/10 17:45,6579.6
2024/11/10 18:00,6436.8
2024/11/10 18:15,6374.4
2024/11/10 18:30,6685.2
2024/11/10 18:45,6451.2
2024/11/10 19:00,6662.4
2024/11/10 19:15,6458.4
2024/11/10 19:30,6476.4
2024/11/10 19:45,6457.2
2024/11/10 20:00,6434.4
2024/11/10 20:15,6646.8
2024/11/10 20:30,6688.8
2024/11/10 20:45,6434.4
2024/11/10 21:00,6646.8
2024/11/10 21:15,6766.8
2024/11/10 21:30,6798
2024/11/10 21:45,6754.8
2024/11/10 22:00,6777.6
2024/11/10 22:15,6836.4
2024/11/10 22:30,6806.4
2024/11/10 22:45,6722.4
2024/11/10 23:00,6736.8
2024/11/10 23:15,6684
2024/11/10 23:30,6658.8
2024/11/10 23:45,6628.8
2024/11/11 0:00,6674.4
2024/11/11 0:15,6642
2024/11/11 0:30,6684
2024/11/11 0:45,6699.6
2024/11/11 1:00,6685.2
2024/11/11 1:15,6750
2024/11/11 1:30,6829.2
2024/11/11 1:45,6740.4
2024/11/11 2:00,6704.4
2024/11/11 2:15,6720
2024/11/11 2:30,6705.6
2024/11/11 2:45,6720
2024/11/11 3:00,6782.4
2024/11/11 3:15,6728.4
2024/11/11 3:30,6682.8
2024/11/11 3:45,6720
2024/11/11 4:00,6812.4
2024/11/11 4:15,6795.6
2024/11/11 4:30,6667.2
2024/11/11 4:45,6678
2024/11/11 5:00,6728.4
2024/11/11 5:15,6729.6
2024/11/11 5:30,6750
2024/11/11 5:45,6687.6
2024/11/11 6:00,6718.8
2024/11/11 6:15,6703.2
2024/11/11 6:30,6715.2
2024/11/11 6:45,6721.2
2024/11/11 7:00,6735.6
2024/11/11 7:15,6727.2
2024/11/11 7:30,6691.2
2024/11/11 7:45,6691.2
2024/11/11 8:00,6687.6
2024/11/11 8:15,6717.6
2024/11/11 8:30,6741.6
2024/11/11 8:45,6756
2024/11/11 9:00,6724.8
2024/11/11 9:15,6722.4
2024/11/11 9:30,6762
2024/11/11 9:45,6760.8
2024/11/11 10:00,6721.2
2024/11/11 10:15,6756
2024/11/11 10:30,6742.8
2024/11/11 10:45,6786
2024/11/11 11:00,6838.8
2024/11/11 11:15,6830.4
2024/11/11 11:30,6820.8
2024/11/11 11:45,6766.8
2024/11/11 12:00,6400.8
2024/11/11 12:15,6505.2
2024/11/11 12:30,6625.2
2024/11/11 12:45,6595.2
2024/11/11 13:00,6543.6
2024/11/11 13:15,6582
2024/11/11 13:30,6714
2024/11/11 13:45,6631.2
2024/11/11 14:00,6921.6
2024/11/11 14:15,6934.8
2024/11/11 14:30,6919.2
2024/11/11 14:45,6907.2
2024/11/11 15:00,6840
2024/11/11 15:15,6920.4
2024/11/11 15:30,6920.4
2024/11/11 15:45,6925.2
2024/11/11 16:00,6956.4
2024/11/11 16:15,6873.6
2024/11/11 16:30,6907.2
2024/11/11 16:45,6940.8
2024/11/11 17:00,6973.2
2024/11/11 17:15,6818.4
2024/11/11 17:30,6895.2
2024/11/11 17:45,6816
2024/11/11 18:00,6913.2
2024/11/11 18:15,6843.6
2024/11/11 18:30,6902.4
2024/11/11 18:45,6843.6
2024/11/11 19:00,6866.4
2024/11/11 19:15,6842.4
2024/11/11 19:30,6831.6
2024/11/11 19:45,6838.8
2024/11/11 20:00,6973.2
2024/11/11 20:15,7087.2
2024/11/11 20:30,7024.8
2024/11/11 20:45,7082.4
2024/11/11 21:00,6925.2
2024/11/11 21:15,7050
2024/11/11 21:30,7095.6
2024/11/11 21:45,7026
2024/11/11 22:00,7108.8
2024/11/11 22:15,7029.6
2024/11/11 22:30,7039.2
2024/11/11 22:45,6943.2
2024/11/11 23:00,6850.8
2024/11/11 23:15,6871.2
2024/11/11 23:30,6854.4
2024/11/11 23:45,6822
2024/11/12 0:00,6818.4
2024/11/12 0:15,6856.8
2024/11/12 0:30,6801.6
2024/11/12 0:45,6860.4
2024/11/12 1:00,6874.8
2024/11/12 1:15,6799.2
2024/11/12 1:30,6853.2
2024/11/12 1:45,6884.4
2024/11/12 2:00,6871.2
2024/11/12 2:15,6811.2
2024/11/12 2:30,6854.4
2024/11/12 2:45,6836.4
2024/11/12 3:00,6848.4
2024/11/12 3:15,6816
2024/11/12 3:30,6838.8
2024/11/12 3:45,6840
2024/11/12 4:00,6781.2
2024/11/12 4:15,6850.8
2024/11/12 4:30,6769.2
2024/11/12 4:45,6656.4
2024/11/12 5:00,6614.4
2024/11/12 5:15,6618
2024/11/12 5:30,6558
2024/11/12 5:45,6547.2
2024/11/12 6:00,6615.6
2024/11/12 6:15,6555.6
2024/11/12 6:30,6567.6
2024/11/12 6:45,6540
2024/11/12 7:00,6537.6
2024/11/12 7:15,6586.8
2024/11/12 7:30,6528
2024/11/12 7:45,6566.4
2024/11/12 8:00,6541.2
2024/11/12 8:15,6568.8
2024/11/12 8:30,6552
2024/11/12 8:45,6628.8
2024/11/12 9:00,6594
2024/11/12 9:15,6602.4
2024/11/12 9:30,6558
2024/11/12 9:45,6523.2
2024/11/12 10:00,6692.4
2024/11/12 10:15,6507.6
2024/11/12 10:30,6471.6
2024/11/12 10:45,6584.4
2024/11/12 11:00,6480
2024/11/12 11:15,6532.8
2024/11/12 11:30,6751.2
2024/11/12 11:45,6646.8
2024/11/12 12:00,6600
2024/11/12 12:15,6649.2
2024/11/12 12:30,6541.2
2024/11/12 12:45,6668.4
2024/11/12 13:00,6514.8
2024/11/12 13:15,6450
2024/11/12 13:30,6502.8
2024/11/12 13:45,6274.8
2024/11/12 14:00,6499.2
2024/11/12 14:15,6973.2
2024/11/12 14:30,6319.2
2024/11/12 14:45,6571.2
2024/11/12 15:00,6409.2
2024/11/12 15:15,6970.8
2024/11/12 15:30,6846
2024/11/12 15:45,6946.8
2024/11/12 16:00,6883.2
2024/11/12 16:15,6835.2
2024/11/12 16:30,6601.2
2024/11/12 16:45,6612
2024/11/12 17:00,6610.8
2024/11/12 17:15,6784.8
2024/11/12 17:30,6548.4
2024/11/12 17:45,6454.8
2024/11/12 18:00,6706.8
2024/11/12 18:15,6560.4
2024/11/12 18:30,6456
2024/11/12 18:45,6457.2
2024/11/12 19:00,6463.2
2024/11/12 19:15,6505.2
2024/11/12 19:30,6732
2024/11/12 19:45,6822
2024/11/12 20:00,6332.4
2024/11/12 20:15,6710.4
2024/11/12 20:30,6364.8
2024/11/12 20:45,6709.2
2024/11/12 21:00,6333.6
2024/11/12 21:15,6450
2024/11/12 21:30,6498
2024/11/12 21:45,6514.8
2024/11/12 22:00,6592.8
2024/11/12 22:15,6273.6
2024/11/12 22:30,6636
2024/11/12 22:45,6855.6
2024/11/12 23:00,6874.8
2024/11/12 23:15,6831.6
2024/11/12 23:30,6907.2
2024/11/12 23:45,6836.4
2024/11/13 0:00,6922.8
2024/11/13 0:15,6862.8
2024/11/13 0:30,6910.8
2024/11/13 0:45,6868.8
2024/11/13 1:00,6847.2
2024/11/13 1:15,6826.8
2024/11/13 1:30,6861.6
2024/11/13 1:45,6867.6
2024/11/13 2:00,6867.6
2024/11/13 2:15,6848.4
2024/11/13 2:30,6860.4
2024/11/13 2:45,6778.8
2024/11/13 3:00,6824.4
2024/11/13 3:15,6880.8
2024/11/13 3:30,6834
2024/11/13 3:45,6855.6
2024/11/13 4:00,6843.6
2024/11/13 4:15,6796.8
2024/11/13 4:30,6817.2
2024/11/13 4:45,6790.8
2024/11/13 5:00,6831.6
2024/11/13 5:15,6818.4
2024/11/13 5:30,6800.4
2024/11/13 5:45,6800.4
2024/11/13 6:00,6782.4
2024/11/13 6:15,6770.4
2024/11/13 6:30,6813.6
2024/11/13 6:45,6788.4
2024/11/13 7:00,6780
2024/11/13 7:15,6822
2024/11/13 7:30,6735.6
2024/11/13 7:45,6782.4
2024/11/13 8:00,6768
2024/11/13 8:15,6799.2
2024/11/13 8:30,6805.2
2024/11/13 8:45,6837.6
2024/11/13 9:00,6842.4
2024/11/13 9:15,6853.2
2024/11/13 9:30,6802.8
2024/11/13 9:45,6837.6
2024/11/13 10:00,6974.4
2024/11/13 10:15,7024.8
2024/11/13 10:30,6913.2
2024/11/13 10:45,6878.4
2024/11/13 11:00,6920.4
2024/11/13 11:15,6859.2
2024/11/13 11:30,6904.8
2024/11/13 11:45,6967.2
2024/11/13 12:00,6936
2024/11/13 12:15,6928.8
2024/11/13 12:30,6866.4
2024/11/13 12:45,6835.2
2024/11/13 13:00,6835.2
2024/11/13 13:15,6808.8
2024/11/13 13:30,6846
2024/11/13 13:45,6932.4
2024/11/13 14:00,6922.8
2024/11/13 14:15,6843.6
2024/11/13 14:30,6871.2
2024/11/13 14:45,6840
2024/11/13 15:00,6848.4
2024/11/13 15:15,6868.8
2024/11/13 15:30,6879.6
2024/11/13 15:45,6927.6
2024/11/13 16:00,6948
2024/11/13 16:15,6944.4
2024/11/13 16:30,6932.4
2024/11/13 16:45,6832.8
2024/11/13 17:00,6960
2024/11/13 17:15,6769.2
2024/11/13 17:30,6871.2
2024/11/13 17:45,6696
2024/11/13 18:00,6850.8
2024/11/13 18:15,6910.8
2024/11/13 18:30,6891.6
2024/11/13 18:45,6916.8
2024/11/13 19:00,6655.2
2024/11/13 19:15,6888
2024/11/13 19:30,6676.8
2024/11/13 19:45,6922.8
2024/11/13 20:00,6451.2
2024/11/13 20:15,6345.6
2024/11/13 20:30,6302.4
2024/11/13 20:45,6368.4
2024/11/13 21:00,6918
2024/11/13 21:15,6988.8
2024/11/13 21:30,6860.4
2024/11/13 21:45,6931.2
2024/11/13 22:00,6747.6
2024/11/13 22:15,6724.8
2024/11/13 22:30,6789.6
2024/11/13 22:45,6405.6
2024/11/13 23:00,6927.6
2024/11/13 23:15,6952.8
2024/11/13 23:30,6814.8
2024/11/13 23:45,6888
2024/11/14 0:00,6499.2
2024/11/14 0:15,6822
2024/11/14 0:30,6825.6
2024/11/14 0:45,6771.6
2024/11/14 1:00,6780
2024/11/14 1:15,6877.2
2024/11/14 1:30,6895.2
2024/11/14 1:45,6757.2
2024/11/14 2:00,6686.4
2024/11/14 2:15,6792
2024/11/14 2:30,6817.2
2024/11/14 2:45,6830.4
2024/11/14 3:00,6829.2
2024/11/14 3:15,6858
2024/11/14 3:30,6822
2024/11/14 3:45,6810
2024/11/14 4:00,6900
2024/11/14 4:15,6882
2024/11/14 4:30,6864
2024/11/14 4:45,6848.4
2024/11/14 5:00,6798
2024/11/14 5:15,6793.2
2024/11/14 5:30,6423.6
2024/11/14 5:45,6340.8
2024/11/14 6:00,6326.4
2024/11/14 6:15,6336
2024/11/14 6:30,6357.6
2024/11/14 6:45,6337.2
2024/11/14 7:00,6355.2
2024/11/14 7:15,6376.8
2024/11/14 7:30,6386.4
2024/11/14 7:45,6379.2
2024/11/14 8:00,6360
2024/11/14 8:15,6404.4
2024/11/14 8:30,6346.8
2024/11/14 8:45,6374.4
2024/11/14 9:00,6454.8
2024/11/14 9:15,6477.6
2024/11/14 9:30,6454.8
2024/11/14 9:45,6920.4
2024/11/14 10:00,6657.6
2024/11/14 10:15,6720
2024/11/14 10:30,6745.2
2024/11/14 10:45,6763.2
2024/11/14 11:00,6886.8
2024/11/14 11:15,6484.8
2024/11/14 11:30,6590.4
2024/11/14 11:45,6952.8
2024/11/14 12:00,6943.2
2024/11/14 12:15,6914.4
2024/11/14 12:30,6974.4
2024/11/14 12:45,6940.8
2024/11/14 13:00,6866.4
2024/11/14 13:15,6951.6
2024/11/14 13:30,6973.2
2024/11/14 13:45,6963.6
2024/11/14 14:00,6952.8
2024/11/14 14:15,6956.4
2024/11/14 14:30,6895.2
2024/11/14 14:45,6969.6
2024/11/14 15:00,6867.6
2024/11/14 15:15,6955.2
2024/11/14 15:30,6900
2024/11/14 15:45,7026
2024/11/14 16:00,7086
2024/11/14 16:15,7042.8
2024/11/14 16:30,7016.4
2024/11/14 16:45,7033.2
2024/11/14 17:00,7030.8
2024/11/14 17:15,7010.4
2024/11/14 17:30,7028.4
2024/11/14 17:45,7014
2024/11/14 18:00,7000.8
2024/11/14 18:15,6979.2
2024/11/14 18:30,7000.8
2024/11/14 18:45,6974.4
2024/11/14 19:00,6697.2
2024/11/14 19:15,6960
2024/11/14 19:30,6997.2
2024/11/14 19:45,7014
2024/11/14 20:00,6651.6
2024/11/14 20:15,6937.2
2024/11/14 20:30,6297.6
2024/11/14 20:45,6409.2
2024/11/14 21:00,6901.2
2024/11/14 21:15,6916.8
2024/11/14 21:30,6952.8
2024/11/14 21:45,6910.8
2024/11/14 22:00,6972
2024/11/14 22:15,6895.2
2024/11/14 22:30,6986.4
2024/11/14 22:45,6978
2024/11/14 23:00,6693.6
2024/11/14 23:15,6662.4
2024/11/14 23:30,6765.6
2024/11/14 23:45,6900
2024/11/15 0:00,6709.2
2024/11/15 0:15,6896.4
2024/11/15 0:30,6919.2
2024/11/15 0:45,6920.4
2024/11/15 1:00,6877.2
2024/11/15 1:15,6906
2024/11/15 1:30,6900
2024/11/15 1:45,6742.8
2024/11/15 2:00,6835.2
2024/11/15 2:15,6866.4
2024/11/15 2:30,6805.2
2024/11/15 2:45,6784.8
2024/11/15 3:00,6572.4
2024/11/15 3:15,6508.8
2024/11/15 3:30,6639.6
2024/11/15 3:45,6727.2
2024/11/15 4:00,6753.6
2024/11/15 4:15,6715.2
2024/11/15 4:30,6776.4
2024/11/15 4:45,6724.8
2024/11/15 5:00,6722.4
2024/11/15 5:15,6736.8
2024/11/15 5:30,6704.4
2024/11/15 5:45,6709.2
2024/11/15 6:00,6771.6
2024/11/15 6:15,6816
2024/11/15 6:30,6856.8
2024/11/15 6:45,6852
2024/11/15 7:00,6878.4
2024/11/15 7:15,6904.8
2024/11/15 7:30,6916.8
2024/11/15 7:45,6967.2
2024/11/15 8:00,6912
2024/11/15 8:15,6964.8
2024/11/15 8:30,6913.2
2024/11/15 8:45,6926.4
2024/11/15 9:00,7020
2024/11/15 9:15,7011.6
2024/11/15 9:30,6968.4
2024/11/15 9:45,7011.6
2024/11/15 10:00,7022.4
2024/11/15 10:15,6979.2
2024/11/15 10:30,6956.4
2024/11/15 10:45,6949.2
2024/11/15 11:00,6972
2024/11/15 11:15,6964.8
2024/11/15 11:30,6901.2
2024/11/15 11:45,6919.2
2024/11/15 12:00,6913.2
2024/11/15 12:15,7000.8
2024/11/15 12:30,6958.8
2024/11/15 12:45,6980.4
2024/11/15 13:00,6979.2
2024/11/15 13:15,6956.4
2024/11/15 13:30,6974.4
2024/11/15 13:45,7016.4
2024/11/15 14:00,7021.2
2024/11/15 14:15,7065.6
2024/11/15 14:30,7170
2024/11/15 14:45,7104
2024/11/15 15:00,7132.8
2024/11/15 15:15,7100.4
2024/11/15 15:30,7186.8
2024/11/15 15:45,7144.8
2024/11/15 16:00,6969.6
2024/11/15 16:15,7156.8
2024/11/15 16:30,6960
2024/11/15 16:45,6842.4
2024/11/15 17:00,6840
2024/11/15 17:15,6652.8
2024/11/15 17:30,6789.6
2024/11/15 17:45,6704.4
2024/11/15 18:00,6519.6
2024/11/15 18:15,6496.8
2024/11/15 18:30,6420
2024/11/15 18:45,6393.6
2024/11/15 19:00,6414
2024/11/15 19:15,6358.8
2024/11/15 19:30,6958.8
2024/11/15 19:45,6559.2
2024/11/15 20:00,7027.2
2024/11/15 20:15,6822
2024/11/15 20:30,7092
2024/11/15 20:45,7058.4
2024/11/15 21:00,7003.2
2024/11/15 21:15,6870
2024/11/15 21:30,6416.4
2024/11/15 21:45,6738
2024/11/15 22:00,6472.8
2024/11/15 22:15,6756
2024/11/15 22:30,6578.4
2024/11/15 22:45,6750
2024/11/15 23:00,6834
2024/11/15 23:15,6711.6
2024/11/15 23:30,6782.4
2024/11/15 23:45,6762
2024/11/16 0:00,6746.4
2024/11/16 0:15,6690
2024/11/16 0:30,6735.6
2024/11/16 0:45,6730.8
2024/11/16 1:00,6682.8
2024/11/16 1:15,6691.2
2024/11/16 1:30,6684
2024/11/16 1:45,6802.8
2024/11/16 2:00,6728.4
2024/11/16 2:15,6759.6
2024/11/16 2:30,6650.4
2024/11/16 2:45,6745.2
2024/11/16 3:00,6736.8
2024/11/16 3:15,6698.4
2024/11/16 3:30,6714
2024/11/16 3:45,6547.2
2024/11/16 4:00,6631.2
2024/11/16 4:15,6628.8
2024/11/16 4:30,6657.6
2024/11/16 4:45,6656.4
2024/11/16 5:00,6681.6
2024/11/16 5:15,6614.4
2024/11/16 5:30,6567.6
2024/11/16 5:45,6525.6
2024/11/16 6:00,6524.4
2024/11/16 6:15,6541.2
2024/11/16 6:30,6505.2
2024/11/16 6:45,6486
2024/11/16 7:00,6513.6
2024/11/16 7:15,6510
2024/11/16 7:30,6510
2024/11/16 7:45,6534
2024/11/16 8:00,6540
2024/11/16 8:15,6506.4
2024/11/16 8:30,6528
2024/11/16 8:45,6494.4
2024/11/16 9:00,6609.6
2024/11/16 9:15,6648
2024/11/16 9:30,6640.8
2024/11/16 9:45,6600
2024/11/16 10:00,6669.6
2024/11/16 10:15,6742.8
2024/11/16 10:30,6694.8
2024/11/16 10:45,6746.4
2024/11/16 11:00,6877.2
2024/11/16 11:15,6834
2024/11/16 11:30,6612
2024/11/16 11:45,6880.8
2024/11/16 12:00,6940.8
2024/11/16 12:15,6700.8
2024/11/16 12:30,6511.2
2024/11/16 12:45,6626.4
2024/11/16 13:00,6793.2
2024/11/16 13:15,6499.2
2024/11/16 13:30,6666
2024/11/16 13:45,6452.4
2024/11/16 14:00,6356.4
2024/11/16 14:15,6448.8
2024/11/16 14:30,6877.2
2024/11/16 14:45,6566.4
2024/11/16 15:00,6874.8
2024/11/16 15:15,6502.8
2024/11/16 15:30,6387.6
2024/11/16 15:45,6450
2024/11/16 16:00,6579.6
2024/11/16 16:15,6724.8
2024/11/16 16:30,6675.6
2024/11/16 16:45,6472.8
2024/11/16 17:00,6590.4
2024/11/16 17:15,6626.4
2024/11/16 17:30,6589.2
2024/11/16 17:45,6867.6
2024/11/16 18:00,6852
2024/11/16 18:15,6888
2024/11/16 18:30,6865.2
2024/11/16 18:45,6908.4
2024/11/16 19:00,6852
2024/11/16 19:15,6879.6
2024/11/16 19:30,6877.2
2024/11/16 19:45,6903.6
2024/11/16 20:00,6876
2024/11/16 20:15,6890.4
2024/11/16 20:30,6862.8
2024/11/16 20:45,6882
2024/11/16 21:00,6877.2
2024/11/16 21:15,6825.6
2024/11/16 21:30,6818.4
2024/11/16 21:45,6744
2024/11/16 22:00,6788.4
2024/11/16 22:15,6867.6
2024/11/16 22:30,6844.8
2024/11/16 22:45,6878.4
2024/11/16 23:00,6812.4
2024/11/16 23:15,6890.4
2024/11/16 23:30,6798
2024/11/16 23:45,6727.2
2024/11/17 0:00,6800.4
2024/11/17 0:15,6832.8
2024/11/17 0:30,6787.2
2024/11/17 0:45,6729.6
2024/11/17 1:00,6818.4
2024/11/17 1:15,6810
2024/11/17 1:30,6835.2
2024/11/17 1:45,6812.4
2024/11/17 2:00,6872.4
2024/11/17 2:15,6774
2024/11/17 2:30,6810
2024/11/17 2:45,6812.4
2024/11/17 3:00,6778.8
2024/11/17 3:15,6830.4
2024/11/17 3:30,6787.2
2024/11/17 3:45,6956.4
2024/11/17 4:00,6986.4
2024/11/17 4:15,6843.6
2024/11/17 4:30,6844.8
2024/11/17 4:45,6649.2
2024/11/17 5:00,6946.8
2024/11/17 5:15,6898.8
2024/11/17 5:30,6954
2024/11/17 5:45,6937.2
2024/11/17 6:00,6939.6
2024/11/17 6:15,6908.4
2024/11/17 6:30,6927.6
2024/11/17 6:45,6913.2
2024/11/17 7:00,6796.8
2024/11/17 7:15,6910.8
2024/11/17 7:30,6738
2024/11/17 7:45,6882
2024/11/17 8:00,6854.4
2024/11/17 8:15,6806.4
2024/11/17 8:30,6590.4
2024/11/17 8:45,6765.6
2024/11/17 9:00,6876
2024/11/17 9:15,6926.4
2024/11/17 9:30,6896.4
2024/11/17 9:45,6975.6
2024/11/17 10:00,6972
2024/11/17 10:15,6927.6
2024/11/17 10:30,6916.8
2024/11/17 10:45,6898.8
2024/11/17 11:00,6993.6
2024/11/17 11:15,7005.6
2024/11/17 11:30,6920.4
2024/11/17 11:45,6632.4
2024/11/17 12:00,6850.8
2024/11/17 12:15,6884.4
2024/11/17 12:30,7002
2024/11/17 12:45,6883.2
2024/11/17 13:00,6757.2
2024/11/17 13:15,6891.6
2024/11/17 13:30,7000.8
2024/11/17 13:45,6982.8
2024/11/17 14:00,6822
2024/11/17 14:15,6793.2
2024/11/17 14:30,6868.8
2024/11/17 14:45,6868.8
2024/11/17 15:00,6974.4
2024/11/17 15:15,7023.6
2024/11/17 15:30,7045.2
2024/11/17 15:45,6361.2
2024/11/17 16:00,6364.8
2024/11/17 16:15,6968.4
2024/11/17 16:30,7005.6
2024/11/17 16:45,6948
2024/11/17 17:00,6478.8
2024/11/17 17:15,6313.2
2024/11/17 17:30,6732
2024/11/17 17:45,6319.2
2024/11/17 18:00,6646.8
2024/11/17 18:15,6807.6
2024/11/17 18:30,6864
2024/11/17 18:45,6840
2024/11/17 19:00,6645.6
2024/11/17 19:15,6980.4
2024/11/17 19:30,6984
2024/11/17 19:45,6991.2
2024/11/17 20:00,7034.4
2024/11/17 20:15,6999.6
2024/11/17 20:30,7080
2024/11/17 20:45,6930
2024/11/17 21:00,7059.6
2024/11/17 21:15,6950.4
2024/11/17 21:30,7015.2
2024/11/17 21:45,7008
2024/11/17 22:00,6890.4
2024/11/17 22:15,7059.6
2024/11/17 22:30,7005.6
2024/11/17 22:45,7078.8
2024/11/17 23:00,7052.4
2024/11/17 23:15,7008
2024/11/17 23:30,6943.2
2024/11/17 23:45,7016.4
2024/11/18 0:00,6978
2024/11/18 0:15,6961.2
2024/11/18 0:30,6973.2
2024/11/18 0:45,6897.6
2024/11/18 1:00,7011.6
2024/11/18 1:15,6844.8
2024/11/18 1:30,6937.2
2024/11/18 1:45,6826.8
2024/11/18 2:00,6925.2
2024/11/18 2:15,6885.6
2024/11/18 2:30,6992.4
2024/11/18 2:45,6906
2024/11/18 3:00,6966
2024/11/18 3:15,6975.6
2024/11/18 3:30,6891.6
2024/11/18 3:45,6979.2
2024/11/18 4:00,6853.2
2024/11/18 4:15,6924
2024/11/18 4:30,6998.4
2024/11/18 4:45,6981.6
2024/11/18 5:00,6811.2
2024/11/18 5:15,6946.8
2024/11/18 5:30,6910.8
2024/11/18 5:45,6934.8
2024/11/18 6:00,6912
2024/11/18 6:15,6922.8
2024/11/18 6:30,6860.4
2024/11/18 6:45,6766.8
2024/11/18 7:00,6837.6
2024/11/18 7:15,6843.6
2024/11/18 7:30,6913.2
2024/11/18 7:45,6835.2
2024/11/18 8:00,6908.4
2024/11/18 8:15,6883.2
2024/11/18 8:30,6859.2
2024/11/18 8:45,6766.8
2024/11/18 9:00,6900
2024/11/18 9:15,6829.2
2024/11/18 9:30,6931.2
2024/11/18 9:45,7012.8
2024/11/18 10:00,6901.2
2024/11/18 10:15,6762
2024/11/18 10:30,6804
2024/11/18 10:45,6800.4
2024/11/18 11:00,6570
2024/11/18 11:15,6862.8
2024/11/18 11:30,6394.8
2024/11/18 11:45,7006.8
2024/11/18 12:00,6832.8
2024/11/18 12:15,7034.4
2024/11/18 12:30,6426
2024/11/18 12:45,6808.8
2024/11/18 13:00,6649.2
2024/11/18 13:15,6856.8
2024/11/18 13:30,6685.2
2024/11/18 13:45,6956.4
2024/11/18 14:00,6998.4
2024/11/18 14:15,7026
2024/11/18 14:30,6993.6
2024/11/18 14:45,6759.6
2024/11/18 15:00,7078.8
2024/11/18 15:15,7086
2024/11/18 15:30,7062
2024/11/18 15:45,7089.6
2024/11/18 16:00,7083.6
2024/11/18 16:15,7131.6
2024/11/18 16:30,7089.6
2024/11/18 16:45,7375.2
2024/11/18 17:00,7022.4
2024/11/18 17:15,7052.4
2024/11/18 17:30,7116
2024/11/18 17:45,6495.6
2024/11/18 18:00,7062
2024/11/18 18:15,7033.2
2024/11/18 18:30,7078.8
2024/11/18 18:45,7126.8
2024/11/18 19:00,7099.2
2024/11/18 19:15,7058.4
2024/11/18 19:30,6841.2
2024/11/18 19:45,7065.6
2024/11/18 20:00,6846
2024/11/18 20:15,6951.6
2024/11/18 20:30,7010.4
2024/11/18 20:45,6936
2024/11/18 21:00,6895.2
2024/11/18 21:15,7076.4
2024/11/18 21:30,7047.6
2024/11/18 21:45,6662.4
2024/11/18 22:00,6616.8
2024/11/18 22:15,6654
2024/11/18 22:30,6492
2024/11/18 22:45,6682.8
2024/11/18 23:00,6826.8
2024/11/18 23:15,6723.6
2024/11/18 23:30,6744
2024/11/18 23:45,6811.2
2024/11/19 0:00,6615.6
2024/11/19 0:15,6676.8
2024/11/19 0:30,6706.8
2024/11/19 0:45,6687.6
2024/11/19 1:00,6727.2
2024/11/19 1:15,6715.2
2024/11/19 1:30,6531.6
2024/11/19 1:45,6638.4
2024/11/19 2:00,6507.6
2024/11/19 2:15,6662.4
2024/11/19 2:30,6732
2024/11/19 2:45,6705.6
2024/11/19 3:00,6729.6
2024/11/19 3:15,6709.2
2024/11/19 3:30,6758.4
2024/11/19 3:45,6583.2
2024/11/19 4:00,6690
2024/11/19 4:15,6709.2
2024/11/19 4:30,6666
2024/11/19 4:45,6585.6
2024/11/19 5:00,6724.8
2024/11/19 5:15,6633.6
2024/11/19 5:30,6668.4
2024/11/19 5:45,6598.8
2024/11/19 6:00,6619.2
2024/11/19 6:15,6846
2024/11/19 6:30,6697.2
2024/11/19 6:45,6612
2024/11/19 7:00,6579.6
2024/11/19 7:15,6679.2
2024/11/19 7:30,6655.2
2024/11/19 7:45,6637.2
2024/11/19 8:00,6675.6
2024/11/19 8:15,6747.6
2024/11/19 8:30,6693.6
2024/11/19 8:45,6841.2
2024/11/19 9:00,6751.2
2024/11/19 9:15,6805.2
2024/11/19 9:30,6675.6
2024/11/19 9:45,6709.2
2024/11/19 10:00,6716.4
2024/11/19 10:15,6741.6
2024/11/19 10:30,6589.2
2024/11/19 10:45,6684
2024/11/19 11:00,6696
2024/11/19 11:15,6813.6
2024/11/19 11:30,6900
2024/11/19 11:45,6712.8
2024/11/19 12:00,6768
2024/11/19 12:15,6873.6
2024/11/19 12:30,6631.2
2024/11/19 12:45,6997.2
2024/11/19 13:00,7114.8
2024/11/19 13:15,6945.6
2024/11/19 13:30,7016.4
2024/11/19 13:45,6601.2
2024/11/19 14:00,6578.4
2024/11/19 14:15,6751.2
2024/11/19 14:30,6804
2024/11/19 14:45,6848.4
2024/11/19 15:00,6910.8
2024/11/19 15:15,6951.6
2024/11/19 15:30,6664.8
2024/11/19 15:45,7016.4
2024/11/19 16:00,6909.6
2024/11/19 16:15,6870
2024/11/19 16:30,6870
2024/11/19 16:45,6667.2
2024/11/19 17:00,6901.2
2024/11/19 17:15,7010.4
2024/11/19 17:30,6829.2
2024/11/19 17:45,6896.4
2024/11/19 18:00,6664.8
2024/11/19 18:15,6702
2024/11/19 18:30,6787.2
2024/11/19 18:45,6781.2
2024/11/19 19:00,6698.4
2024/11/19 19:15,6676.8
2024/11/19 19:30,6770.4
2024/11/19 19:45,6808.8
2024/11/19 20:00,6673.2
2024/11/19 20:15,6915.6
2024/11/19 20:30,6663.6
2024/11/19 20:45,6716.4
2024/11/19 21:00,6748.8
2024/11/19 21:15,6874.8
2024/11/19 21:30,6666
2024/11/19 21:45,6777.6
2024/11/19 22:00,6816
2024/11/19 22:15,6724.8
2024/11/19 22:30,6985.2
2024/11/19 22:45,6691.2
2024/11/19 23:00,6502.8
2024/11/19 23:15,6778.8
2024/11/19 23:30,6806.4
2024/11/19 23:45,6643.2
2024/11/20 0:00,6946.8
2024/11/20 0:15,6717.6
2024/11/20 0:30,6733.2
2024/11/20 0:45,6648
2024/11/20 1:00,6669.6
2024/11/20 1:15,6675.6
2024/11/20 1:30,6600
2024/11/20 1:45,6658.8
2024/11/20 2:00,6692.4
2024/11/20 2:15,6638.4
2024/11/20 2:30,6624
2024/11/20 2:45,6652.8
2024/11/20 3:00,6703.2
2024/11/20 3:15,6729.6
2024/11/20 3:30,6649.2
2024/11/20 3:45,6712.8
2024/11/20 4:00,6729.6
2024/11/20 4:15,6717.6
2024/11/20 4:30,6650.4
2024/11/20 4:45,6654
2024/11/20 5:00,6630
2024/11/20 5:15,6656.4
2024/11/20 5:30,6643.2
2024/11/20 5:45,6676.8
2024/11/20 6:00,6638.4
2024/11/20 6:15,6664.8
2024/11/20 6:30,6643.2
2024/11/20 6:45,6652.8
2024/11/20 7:00,6652.8
2024/11/20 7:15,6627.6
2024/11/20 7:30,6878.4
2024/11/20 7:45,6888
2024/11/20 8:00,6922.8
2024/11/20 8:15,6920.4
2024/11/20 8:30,6952.8
2024/11/20 8:45,6990
2024/11/20 9:00,6994.8
2024/11/20 9:15,7082.4
2024/11/20 9:30,6980.4
2024/11/20 9:45,7033.2
2024/11/20 10:00,7066.8
2024/11/20 10:15,7000.8
2024/11/20 10:30,7065.6
2024/11/20 10:45,7057.2
2024/11/20 11:00,6673.2
2024/11/20 11:15,6634.8
2024/11/20 11:30,7159.2
2024/11/20 11:45,7168.8
2024/11/20 12:00,7208.4
2024/11/20 12:15,7214.4
2024/11/20 12:30,7168.8
2024/11/20 12:45,7191.6
2024/11/20 13:00,7189.2
2024/11/20 13:15,7146
2024/11/20 13:30,7094.4
2024/11/20 13:45,7162.8
2024/11/20 14:00,6699.6
2024/11/20 14:15,6748.8
2024/11/20 14:30,7183.2
2024/11/20 14:45,7172.4
2024/11/20 15:00,7215.6
2024/11/20 15:15,7179.6
2024/11/20 15:30,7183.2
2024/11/20 15:45,7206
2024/11/20 16:00,7138.8
2024/11/20 16:15,7023.6
2024/11/20 16:30,7113.6
2024/11/20 16:45,7166.4
2024/11/20 17:00,6632.4
2024/11/20 17:15,6972
2024/11/20 17:30,7009.2
2024/11/20 17:45,7047.6
2024/11/20 18:00,7054.8
2024/11/20 18:15,6585.6
2024/11/20 18:30,6583.2
2024/11/20 18:45,6722.4
2024/11/20 19:00,6787.2
2024/11/20 19:15,6715.2
2024/11/20 19:30,6782.4
2024/11/20 19:45,6831.6
2024/11/20 20:00,6774
2024/11/20 20:15,6843.6
2024/11/20 20:30,6882
2024/11/20 20:45,6374.4
2024/11/20 21:00,6430.8
2024/11/20 21:15,6520.8
2024/11/20 21:30,6396
2024/11/20 21:45,6994.8
2024/11/20 22:00,7047.6
2024/11/20 22:15,7033.2
2024/11/20 22:30,7032
2024/11/20 22:45,6840
2024/11/20 23:00,6976.8
2024/11/20 23:15,6892.8
2024/11/20 23:30,7076.4
2024/11/20 23:45,6967.2
2024/11/21 0:00,6705.6
2024/11/21 0:15,7002
2024/11/21 0:30,6991.2
2024/11/21 0:45,6477.6
2024/11/21 1:00,6286.8
2024/11/21 1:15,6298.8
2024/11/21 1:30,6272.4
2024/11/21 1:45,6229.2
2024/11/21 2:00,6223.2
2024/11/21 2:15,6258
2024/11/21 2:30,6285.6
2024/11/21 2:45,6243.6
2024/11/21 3:00,6247.2
2024/11/21 3:15,6237.6
2024/11/21 3:30,6182.4
2024/11/21 3:45,6189.6
2024/11/21 4:00,6228
2024/11/21 4:15,6187.2
2024/11/21 4:30,6225.6
2024/11/21 4:45,6165.6
2024/11/21 5:00,6249.6
2024/11/21 5:15,6820.8
2024/11/21 5:30,6471.6
2024/11/21 5:45,6156
2024/11/21 6:00,6182.4
2024/11/21 6:15,6717.6
2024/11/21 6:30,6738
2024/11/21 6:45,6817.2
2024/11/21 7:00,6763.2
2024/11/21 7:15,6792
2024/11/21 7:30,6801.6
2024/11/21 7:45,6860.4
2024/11/21 8:00,6861.6
2024/11/21 8:15,6846
2024/11/21 8:30,6859.2
2024/11/21 8:45,6896.4
2024/11/21 9:00,6885.6
2024/11/21 9:15,6991.2
2024/11/21 9:30,6861.6
2024/11/21 9:45,6560.4
2024/11/21 10:00,6736.8
2024/11/21 10:15,7214.4
2024/11/21 10:30,6855.6
2024/11/21 10:45,6848.4
2024/11/21 11:00,7257.6
2024/11/21 11:15,7378.8
2024/11/21 11:30,7333.2
2024/11/21 11:45,7270.8
2024/11/21 12:00,7261.2
2024/11/21 12:15,7185.6
2024/11/21 12:30,7171.2
2024/11/21 12:45,7186.8
2024/11/21 13:00,7141.2
2024/11/21 13:15,7108.8
2024/11/21 13:30,6451.2
2024/11/21 13:45,6472.8
2024/11/21 14:00,6951.6
2024/11/21 14:15,6945.6
2024/11/21 14:30,7093.2
2024/11/21 14:45,6967.2
2024/11/21 15:00,7008
2024/11/21 15:15,7090.8
2024/11/21 15:30,7106.4
2024/11/21 15:45,7113.6
2024/11/21 16:00,7072.8
2024/11/21 16:15,7066.8
2024/11/21 16:30,7039.2
2024/11/21 16:45,7052.4
2024/11/21 17:00,6988.8
2024/11/21 17:15,7035.6
2024/11/21 17:30,6388.8
2024/11/21 17:45,6944.4
2024/11/21 18:00,6916.8
2024/11/21 18:15,7011.6
2024/11/21 18:30,6991.2
2024/11/21 18:45,7029.6
2024/11/21 19:00,7142.4
2024/11/21 19:15,7052.4
2024/11/21 19:30,6919.2
2024/11/21 19:45,6570
2024/11/21 20:00,6391.2
2024/11/21 20:15,6368.4
2024/11/21 20:30,6469.2
2024/11/21 20:45,6472.8
2024/11/21 21:00,6927.6
2024/11/21 21:15,6978
2024/11/21 21:30,7093.2
2024/11/21 21:45,6940.8
2024/11/21 22:00,6616.8
2024/11/21 22:15,6408
2024/11/21 22:30,6330
2024/11/21 22:45,6294
2024/11/21 23:00,6783.6
2024/11/21 23:15,6306
2024/11/21 23:30,6931.2
2024/11/21 23:45,6841.2
2024/11/22 0:00,6951.6
2024/11/22 0:15,6708
2024/11/22 0:30,6732
2024/11/22 0:45,6369.6
2024/11/22 1:00,6418.8
2024/11/22 1:15,6644.4
2024/11/22 1:30,6852
2024/11/22 1:45,6296.4
2024/11/22 2:00,6291.6
2024/11/22 2:15,6900
2024/11/22 2:30,6957.6
2024/11/22 2:45,6844.8
2024/11/22 3:00,6424.8
2024/11/22 3:15,6337.2
2024/11/22 3:30,6850.8
2024/11/22 3:45,6908.4
2024/11/22 4:00,6883.2
2024/11/22 4:15,6928.8
2024/11/22 4:30,6926.4
2024/11/22 4:45,6936
2024/11/22 5:00,6889.2
2024/11/22 5:15,6951.6
2024/11/22 5:30,6888
2024/11/22 5:45,6932.4
2024/11/22 6:00,6944.4
2024/11/22 6:15,6934.8
2024/11/22 6:30,6978
2024/11/22 6:45,6920.4
2024/11/22 7:00,6933.6
2024/11/22 7:15,6872.4
2024/11/22 7:30,6933.6
2024/11/22 7:45,6912
2024/11/22 8:00,6950.4
2024/11/22 8:15,6985.2
2024/11/22 8:30,7030.8
2024/11/22 8:45,7035.6
2024/11/22 9:00,6980.4
2024/11/22 9:15,7028.4
2024/11/22 9:30,7065.6
2024/11/22 9:45,6816
2024/11/22 10:00,6783.6
2024/11/22 10:15,6854.4
2024/11/22 10:30,6759.6
2024/11/22 10:45,6986.4
2024/11/22 11:00,6985.2
2024/11/22 11:15,7077.6
2024/11/22 11:30,7041.6
2024/11/22 11:45,6981.6
2024/11/22 12:00,6951.6
2024/11/22 12:15,6878.4
2024/11/22 12:30,7071.6
2024/11/22 12:45,7042.8
2024/11/22 13:00,6913.2
2024/11/22 13:15,6549.6
2024/11/22 13:30,6597.6
2024/11/22 13:45,6806.4
2024/11/22 14:00,6954
2024/11/22 14:15,6910.8
2024/11/22 14:30,6920.4
2024/11/22 14:45,6823.2
2024/11/22 15:00,6818.4
2024/11/22 15:15,6549.6
2024/11/22 15:30,7026
2024/11/22 15:45,6818.4
2024/11/22 16:00,6960
2024/11/22 16:15,6889.2
2024/11/22 16:30,6706.8
2024/11/22 16:45,6576
2024/11/22 17:00,6919.2
2024/11/22 17:15,6820.8
2024/11/22 17:30,6529.2
2024/11/22 17:45,6411.6
2024/11/22 18:00,6952.8
2024/11/22 18:15,6514.8
2024/11/22 18:30,6703.2
2024/11/22 18:45,6955.2
2024/11/22 19:00,6890.4
2024/11/22 19:15,6862.8
2024/11/22 19:30,6883.2
2024/11/22 19:45,6876
2024/11/22 20:00,6715.2
2024/11/22 20:15,7021.2
2024/11/22 20:30,6910.8
2024/11/22 20:45,6961.2
2024/11/22 21:00,6541.2
2024/11/22 21:15,6474
2024/11/22 21:30,6404.4
2024/11/22 21:45,6573.6
2024/11/22 22:00,6937.2
2024/11/22 22:15,6974.4
2024/11/22 22:30,7060.8
2024/11/22 22:45,7028.4
2024/11/22 23:00,6783.6
2024/11/22 23:15,6493.2
2024/11/22 23:30,6430.8
2024/11/22 23:45,6370.8
2024/11/23 0:00,6711.6
2024/11/23 0:15,6697.2
2024/11/23 0:30,6486
2024/11/23 0:45,6968.4
2024/11/23 1:00,6942
2024/11/23 1:15,6913.2
2024/11/23 1:30,6939.6
2024/11/23 1:45,6937.2
2024/11/23 2:00,6952.8
2024/11/23 2:15,6934.8
2024/11/23 2:30,6956.4
2024/11/23 2:45,7017.6
2024/11/23 3:00,7018.8
2024/11/23 3:15,6816
2024/11/23 3:30,6820.8
2024/11/23 3:45,6778.8
2024/11/23 4:00,6794.4
2024/11/23 4:15,6907.2
2024/11/23 4:30,6832.8
2024/11/23 4:45,6958.8
2024/11/23 5:00,6886.8
2024/11/23 5:15,6943.2
2024/11/23 5:30,6716.4
2024/11/23 5:45,6924
2024/11/23 6:00,6799.2
2024/11/23 6:15,6904.8
2024/11/23 6:30,6823.2
2024/11/23 6:45,6902.4
2024/11/23 7:00,6866.4
2024/11/23 7:15,6219.6
2024/11/23 7:30,6436.8
2024/11/23 7:45,6705.6
2024/11/23 8:00,6757.2
2024/11/23 8:15,6746.4
2024/11/23 8:30,6848.4
2024/11/23 8:45,6835.2
2024/11/23 9:00,6454.8
2024/11/23 9:15,6902.4
2024/11/23 9:30,6837.6
2024/11/23 9:45,6934.8
2024/11/23 10:00,6631.2
2024/11/23 10:15,6681.6
2024/11/23 10:30,6986.4
2024/11/23 10:45,6596.4
2024/11/23 11:00,6576
2024/11/23 11:15,6711.6
2024/11/23 11:30,6368.4
2024/11/23 11:45,6747.6
2024/11/23 12:00,6979.2
2024/11/23 12:15,6490.8
2024/11/23 12:30,6860.4
2024/11/23 12:45,7015.2
2024/11/23 13:00,6984
2024/11/23 13:15,7051.2
2024/11/23 13:30,6925.2
2024/11/23 13:45,6490.8
2024/11/23 14:00,6470.4
2024/11/23 14:15,6950.4
2024/11/23 14:30,7005.6
2024/11/23 14:45,7016.4
2024/11/23 15:00,6666
2024/11/23 15:15,6440.4
2024/11/23 15:30,7023.6
2024/11/23 15:45,6616.8
2024/11/23 16:00,6507.6
2024/11/23 16:15,6453.6
2024/11/23 16:30,6583.2
2024/11/23 16:45,6862.8
2024/11/23 17:00,6939.6
2024/11/23 17:15,6955.2
2024/11/23 17:30,6942
2024/11/23 17:45,6949.2
2024/11/23 18:00,6933.6
2024/11/23 18:15,6942
2024/11/23 18:30,6986.4
2024/11/23 18:45,6937.2
2024/11/23 19:00,6933.6
2024/11/23 19:15,6958.8
2024/11/23 19:30,6934.8
2024/11/23 19:45,6998.4
2024/11/23 20:00,6916.8
2024/11/23 20:15,6922.8
2024/11/23 20:30,6943.2
2024/11/23 20:45,6997.2
2024/11/23 21:00,7015.2
2024/11/23 21:15,7021.2
2024/11/23 21:30,6922.8
2024/11/23 21:45,7004.4
2024/11/23 22:00,6950.4
2024/11/23 22:15,6957.6
2024/11/23 22:30,6879.6
2024/11/23 22:45,6883.2
2024/11/23 23:00,6927.6
2024/11/23 23:15,6861.6
2024/11/23 23:30,6829.2
2024/11/23 23:45,6892.8
2024/11/24 0:00,6900
2024/11/24 0:15,6879.6
2024/11/24 0:30,6867.6
2024/11/24 0:45,6892.8
2024/11/24 1:00,6831.6
2024/11/24 1:15,6872.4
2024/11/24 1:30,6859.2
2024/11/24 1:45,6783.6
2024/11/24 2:00,6840
2024/11/24 2:15,6855.6
2024/11/24 2:30,6841.2
2024/11/24 2:45,6811.2
2024/11/24 3:00,6820.8
2024/11/24 3:15,6810
2024/11/24 3:30,6840
2024/11/24 3:45,6748.8
2024/11/24 4:00,6786
2024/11/24 4:15,6795.6
2024/11/24 4:30,6838.8
2024/11/24 4:45,6843.6
2024/11/24 5:00,6781.2
2024/11/24 5:15,6817.2
2024/11/24 5:30,6740.4
2024/11/24 5:45,6738
2024/11/24 6:00,6748.8
2024/11/24 6:15,6807.6
2024/11/24 6:30,6810
2024/11/24 6:45,6787.2
2024/11/24 7:00,6732
2024/11/24 7:15,6762
2024/11/24 7:30,6762
2024/11/24 7:45,6804
2024/11/24 8:00,6782.4
2024/11/24 8:15,6853.2
2024/11/24 8:30,6774
2024/11/24 8:45,6835.2
2024/11/24 9:00,6825.6
2024/11/24 9:15,6840
2024/11/24 9:30,6830.4
2024/11/24 9:45,6822
2024/11/24 10:00,6902.4
2024/11/24 10:15,6805.2
2024/11/24 10:30,6862.8
2024/11/24 10:45,6862.8
2024/11/24 11:00,6848.4
2024/11/24 11:15,6952.8
2024/11/24 11:30,6930
2024/11/24 11:45,6855.6
2024/11/24 12:00,6831.6
2024/11/24 12:15,6918
2024/11/24 12:30,6925.2
2024/11/24 12:45,6916.8
2024/11/24 13:00,6831.6
2024/11/24 13:15,6946.8
2024/11/24 13:30,6974.4
2024/11/24 13:45,6950.4
2024/11/24 14:00,6916.8
2024/11/24 14:15,6927.6
2024/11/24 14:30,6934.8
2024/11/24 14:45,6982.8
2024/11/24 15:00,6873.6
2024/11/24 15:15,6942
2024/11/24 15:30,6952.8
2024/11/24 15:45,6976.8
2024/11/24 16:00,6900
2024/11/24 16:15,6951.6
2024/11/24 16:30,6824.4
2024/11/24 16:45,6847.2
2024/11/24 17:00,6838.8
2024/11/24 17:15,6888
2024/11/24 17:30,6921.6
2024/11/24 17:45,6927.6
2024/11/24 18:00,6795.6
2024/11/24 18:15,6796.8
2024/11/24 18:30,6778.8
2024/11/24 18:45,6801.6
2024/11/24 19:00,6840
2024/11/24 19:15,6862.8
2024/11/24 19:30,6885.6
2024/11/24 19:45,6684
2024/11/24 20:00,6862.8
2024/11/24 20:15,6806.4
2024/11/24 20:30,6896.4
2024/11/24 20:45,6919.2
2024/11/24 21:00,6834
2024/11/24 21:15,6748.8
2024/11/24 21:30,6879.6
2024/11/24 21:45,6878.4
2024/11/24 22:00,6816
2024/11/24 22:15,6847.2
2024/11/24 22:30,6920.4
2024/11/24 22:45,6843.6
2024/11/24 23:00,6916.8
2024/11/24 23:15,6846
2024/11/24 23:30,6938.4
2024/11/24 23:45,6625.2
2024/11/25 0:00,6940.8
2024/11/25 0:15,6901.2
2024/11/25 0:30,6931.2
2024/11/25 0:45,6946.8
2024/11/25 1:00,6790.8
2024/11/25 1:15,6823.2
2024/11/25 1:30,6786
2024/11/25 1:45,6858
2024/11/25 2:00,6594
2024/11/25 2:15,6832.8
2024/11/25 2:30,6884.4
2024/11/25 2:45,6889.2
2024/11/25 3:00,6850.8
2024/11/25 3:15,6975.6
2024/11/25 3:30,6836.4
2024/11/25 3:45,6909.6
2024/11/25 4:00,6880.8
2024/11/25 4:15,6885.6
2024/11/25 4:30,6891.6
2024/11/25 4:45,6862.8
2024/11/25 5:00,6880.8
2024/11/25 5:15,6735.6
2024/11/25 5:30,6826.8
2024/11/25 5:45,6662.4
2024/11/25 6:00,6805.2
2024/11/25 6:15,6703.2
2024/11/25 6:30,6811.2
2024/11/25 6:45,6891.6
2024/11/25 7:00,6793.2
2024/11/25 7:15,6787.2
2024/11/25 7:30,6826.8
2024/11/25 7:45,6871.2
2024/11/25 8:00,6754.8
2024/11/25 8:15,6741.6
2024/11/25 8:30,6315.6
2024/11/25 8:45,6740.4
2024/11/25 9:00,6847.2
2024/11/25 9:15,6909.6
2024/11/25 9:30,6882
2024/11/25 9:45,6836.4
2024/11/25 10:00,6754.8
2024/11/25 10:15,6861.6
2024/11/25 10:30,6829.2
2024/11/25 10:45,6930
2024/11/25 11:00,6829.2
2024/11/25 11:15,6715.2
2024/11/25 11:30,6854.4
2024/11/25 11:45,6796.8
2024/11/25 12:00,6800.4
2024/11/25 12:15,6787.2
2024/11/25 12:30,6778.8
2024/11/25 12:45,6820.8
2024/11/25 13:00,6754.8
2024/11/25 13:15,6746.4
2024/11/25 13:30,6780
2024/11/25 13:45,6286.8
2024/11/25 14:00,6739.2
2024/11/25 14:15,6686.4
2024/11/25 14:30,6777.6
2024/11/25 14:45,6744
2024/11/25 15:00,6790.8
2024/11/25 15:15,6768
2024/11/25 15:30,6816
2024/11/25 15:45,6720
2024/11/25 16:00,6915.6
2024/11/25 16:15,6808.8
2024/11/25 16:30,6745.2
2024/11/25 16:45,6330
2024/11/25 17:00,6297.6
2024/11/25 17:15,6368.4
2024/11/25 17:30,6709.2
2024/11/25 17:45,6708
2024/11/25 18:00,6673.2
2024/11/25 18:15,6686.4
2024/11/25 18:30,6553.2
2024/11/25 18:45,6409.2
2024/11/25 19:00,6680.4
2024/11/25 19:15,6674.4
2024/11/25 19:30,6727.2
2024/11/25 19:45,6763.2
2024/11/25 20:00,6716.4
2024/11/25 20:15,6684
2024/11/25 20:30,6722.4
2024/11/25 20:45,6690
2024/11/25 21:00,6280.8
2024/11/25 21:15,6433.2
2024/11/25 21:30,6730.8
2024/11/25 21:45,6768
2024/11/25 22:00,6780
2024/11/25 22:15,6770.4
2024/11/25 22:30,6789.6
2024/11/25 22:45,6795.6
2024/11/25 23:00,6673.2
2024/11/25 23:15,6730.8
2024/11/25 23:30,6668.4
2024/11/25 23:45,6658.8
2024/11/26 0:00,6627.6
2024/11/26 0:15,6616.8
2024/11/26 0:30,6658.8
2024/11/26 0:45,6632.4
2024/11/26 1:00,6694.8
2024/11/26 1:15,6696
2024/11/26 1:30,6676.8
2024/11/26 1:45,6696
2024/11/26 2:00,6702
2024/11/26 2:15,6736.8
2024/11/26 2:30,6733.2
2024/11/26 2:45,6691.2
2024/11/26 3:00,6646.8
2024/11/26 3:15,6619.2
2024/11/26 3:30,6600
2024/11/26 3:45,6688.8
2024/11/26 4:00,6630
2024/11/26 4:15,6684
2024/11/26 4:30,6614.4
2024/11/26 4:45,6709.2
2024/11/26 5:00,6705.6
2024/11/26 5:15,6733.2
2024/11/26 5:30,6739.2
2024/11/26 5:45,6660
2024/11/26 6:00,6687.6
2024/11/26 6:15,6639.6
2024/11/26 6:30,6655.2
2024/11/26 6:45,6590.4
2024/11/26 7:00,6648
2024/11/26 7:15,6624
2024/11/26 7:30,6662.4
2024/11/26 7:45,6681.6
2024/11/26 8:00,6668.4
2024/11/26 8:15,6643.2
2024/11/26 8:30,6727.2
2024/11/26 8:45,6732
2024/11/26 9:00,6753.6
2024/11/26 9:15,6778.8
2024/11/26 9:30,6735.6
2024/11/26 9:45,6829.2
2024/11/26 10:00,6690
2024/11/26 10:15,6780
2024/11/26 10:30,6784.8
2024/11/26 10:45,6783.6
2024/11/26 11:00,6850.8
2024/11/26 11:15,6836.4
2024/11/26 11:30,6825.6
2024/11/26 11:45,6717.6
2024/11/26 12:00,6757.2
2024/11/26 12:15,6759.6
2024/11/26 12:30,6739.2
2024/11/26 12:45,6816
2024/11/26 13:00,6820.8
2024/11/26 13:15,6681.6
2024/11/26 13:30,6756
2024/11/26 13:45,6729.6
2024/11/26 14:00,6814.8
2024/11/26 14:15,6829.2
2024/11/26 14:30,6801.6
2024/11/26 14:45,6794.4
2024/11/26 15:00,6849.6
2024/11/26 15:15,6850.8
2024/11/26 15:30,6840
2024/11/26 15:45,6896.4
2024/11/26 16:00,6811.2
2024/11/26 16:15,6830.4
2024/11/26 16:30,6770.4
2024/11/26 16:45,6840
2024/11/26 17:00,6817.2
2024/11/26 17:15,6562.8
2024/11/26 17:30,6410.4
2024/11/26 17:45,6667.2
2024/11/26 18:00,6780
2024/11/26 18:15,6856.8
2024/11/26 18:30,6866.4
2024/11/26 18:45,6862.8
2024/11/26 19:00,6722.4
2024/11/26 19:15,6380.4
2024/11/26 19:30,6459.6
2024/11/26 19:45,6829.2
2024/11/26 20:00,6532.8
2024/11/26 20:15,6757.2
2024/11/26 20:30,6672
2024/11/26 20:45,6699.6
2024/11/26 21:00,6518.4
2024/11/26 21:15,6464.4
2024/11/26 21:30,6877.2
2024/11/26 21:45,6900
2024/11/26 22:00,6882
2024/11/26 22:15,6962.4
2024/11/26 22:30,6936
2024/11/26 22:45,6892.8
2024/11/26 23:00,6979.2
2024/11/26 23:15,6944.4
2024/11/26 23:30,6840
2024/11/26 23:45,6892.8
2024/11/27 0:00,6850.8
2024/11/27 0:15,6858
2024/11/27 0:30,6830.4
2024/11/27 0:45,6765.6
2024/11/27 1:00,6824.4
2024/11/27 1:15,6832.8
2024/11/27 1:30,6799.2
2024/11/27 1:45,6914.4
2024/11/27 2:00,6877.2
2024/11/27 2:15,6864
2024/11/27 2:30,6810
2024/11/27 2:45,6872.4
2024/11/27 3:00,6843.6
2024/11/27 3:15,6904.8
2024/11/27 3:30,6871.2
2024/11/27 3:45,6870
2024/11/27 4:00,6849.6
2024/11/27 4:15,6805.2
2024/11/27 4:30,6746.4
2024/11/27 4:45,6858
2024/11/27 5:00,6842.4
2024/11/27 5:15,6847.2
2024/11/27 5:30,6807.6
2024/11/27 5:45,6799.2
2024/11/27 6:00,6820.8
2024/11/27 6:15,6774
2024/11/27 6:30,6795.6
2024/11/27 6:45,6756
2024/11/27 7:00,6739.2
2024/11/27 7:15,6723.6
2024/11/27 7:30,6775.2
2024/11/27 7:45,6289.2
2024/11/27 8:00,6276
2024/11/27 8:15,6654
2024/11/27 8:30,6298.8
2024/11/27 8:45,6291.6
2024/11/27 9:00,6225.6
2024/11/27 9:15,6248.4
2024/11/27 9:30,6188.4
2024/11/27 9:45,6631.2
2024/11/27 10:00,6853.2
2024/11/27 10:15,6752.4
2024/11/27 10:30,6871.2
2024/11/27 10:45,6904.8
2024/11/27 11:00,6870
2024/11/27 11:15,6777.6
2024/11/27 11:30,6829.2
2024/11/27 11:45,6853.2
2024/11/27 12:00,6792
2024/11/27 12:15,6700.8
2024/11/27 12:30,6728.4
2024/11/27 12:45,6724.8
2024/11/27 13:00,6853.2
2024/11/27 13:15,6856.8
2024/11/27 13:30,6844.8
2024/11/27 13:45,6820.8
2024/11/27 14:00,6795.6
2024/11/27 14:15,6844.8
2024/11/27 14:30,6876
2024/11/27 14:45,6858
2024/11/27 15:00,6800.4
2024/11/27 15:15,6814.8
2024/11/27 15:30,6753.6
2024/11/27 15:45,6754.8
2024/11/27 16:00,6786
2024/11/27 16:15,6886.8
2024/11/27 16:30,6896.4
2024/11/27 16:45,6940.8
2024/11/27 17:00,6931.2
2024/11/27 17:15,7014
2024/11/27 17:30,7040.4
2024/11/27 17:45,6854.4
2024/11/27 18:00,6931.2
2024/11/27 18:15,6421.2
2024/11/27 18:30,6987.6
2024/11/27 18:45,7038
2024/11/27 19:00,6909.6
2024/11/27 19:15,7009.2
2024/11/27 19:30,6693.6
2024/11/27 19:45,6920.4
2024/11/27 20:00,6537.6
2024/11/27 20:15,7060.8
2024/11/27 20:30,7009.2
2024/11/27 20:45,6880.8
2024/11/27 21:00,6620.4
2024/11/27 21:15,6928.8
2024/11/27 21:30,6895.2
2024/11/27 21:45,7105.2
2024/11/27 22:00,7082.4
2024/11/27 22:15,7075.2
2024/11/27 22:30,7136.4
2024/11/27 22:45,6907.2
2024/11/27 23:00,6606
2024/11/27 23:15,7004.4
2024/11/27 23:30,6973.2
2024/11/27 23:45,6985.2
2024/11/28 0:00,7101.6
2024/11/28 0:15,7035.6
2024/11/28 0:30,6722.4
2024/11/28 0:45,6434.4
2024/11/28 1:00,6852
2024/11/28 1:15,6728.4
2024/11/28 1:30,6592.8
2024/11/28 1:45,6758.4
2024/11/28 2:00,6836.4
2024/11/28 2:15,6870
2024/11/28 2:30,6841.2
2024/11/28 2:45,6904.8
2024/11/28 3:00,6951.6
2024/11/28 3:15,6849.6
2024/11/28 3:30,6966
2024/11/28 3:45,6747.6
2024/11/28 4:00,6954
2024/11/28 4:15,6674.4
2024/11/28 4:30,6909.6
2024/11/28 4:45,6879.6
2024/11/28 5:00,6910.8
2024/11/28 5:15,6787.2
2024/11/28 5:30,6829.2
2024/11/28 5:45,6722.4
2024/11/28 6:00,6876
2024/11/28 6:15,6712.8
2024/11/28 6:30,6874.8
2024/11/28 6:45,6825.6
2024/11/28 7:00,6838.8
2024/11/28 7:15,6778.8
2024/11/28 7:30,6642
2024/11/28 7:45,6825.6
2024/11/28 8:00,6751.2
2024/11/28 8:15,6868.8
2024/11/28 8:30,6775.2
2024/11/28 8:45,6270
2024/11/28 9:00,6778.8
2024/11/28 9:15,6962.4
2024/11/28 9:30,6878.4
2024/11/28 9:45,6432
2024/11/28 10:00,7078.8
2024/11/28 10:15,7138.8
2024/11/28 10:30,7083.6
2024/11/28 10:45,7036.8
2024/11/28 11:00,6934.8
2024/11/28 11:15,7057.2
2024/11/28 11:30,6968.4
2024/11/28 11:45,6906
2024/11/28 12:00,6391.2
2024/11/28 12:15,6896.4
2024/11/28 12:30,6896.4
2024/11/28 12:45,7020
2024/11/28 13:00,6945.6
2024/11/28 13:15,6962.4
2024/11/28 13:30,6998.4
2024/11/28 13:45,6921.6
2024/11/28 14:00,7026
2024/11/28 14:15,7058.4
2024/11/28 14:30,7028.4
2024/11/28 14:45,7071.6
2024/11/28 15:00,7039.2
2024/11/28 15:15,6969.6
2024/11/28 15:30,6938.4
2024/11/28 15:45,6943.2
2024/11/28 16:00,6960
2024/11/28 16:15,6962.4
2024/11/28 16:30,6962.4
2024/11/28 16:45,7015.2
2024/11/28 17:00,6970.8
2024/11/28 17:15,6962.4
2024/11/28 17:30,6936
2024/11/28 17:45,6876
2024/11/28 18:00,6877.2
2024/11/28 18:15,6858
2024/11/28 18:30,6808.8
2024/11/28 18:45,6867.6
2024/11/28 19:00,6799.2
2024/11/28 19:15,6848.4
2024/11/28 19:30,6838.8
2024/11/28 19:45,6862.8
2024/11/28 20:00,6860.4
2024/11/28 20:15,6866.4
2024/11/28 20:30,6847.2
2024/11/28 20:45,6798
2024/11/28 21:00,6892.8
2024/11/28 21:15,6862.8
2024/11/28 21:30,6868.8
2024/11/28 21:45,6879.6
2024/11/28 22:00,6834
2024/11/28 22:15,6884.4
2024/11/28 22:30,6955.2
2024/11/28 22:45,6889.2
2024/11/28 23:00,6910.8
2024/11/28 23:15,6903.6
2024/11/28 23:30,6913.2
2024/11/28 23:45,6892.8
2024/11/29 0:00,6826.8
2024/11/29 0:15,6884.4
2024/11/29 0:30,6900
2024/11/29 0:45,6844.8
2024/11/29 1:00,6909.6
2024/11/29 1:15,6850.8
2024/11/29 1:30,6888
2024/11/29 1:45,6802.8
2024/11/29 2:00,6499.2
2024/11/29 2:15,6326.4
2024/11/29 2:30,6286.8
2024/11/29 2:45,6920.4
2024/11/29 3:00,6898.8
2024/11/29 3:15,6963.6
2024/11/29 3:30,6950.4
2024/11/29 3:45,6937.2
2024/11/29 4:00,6936
2024/11/29 4:15,6934.8
2024/11/29 4:30,6853.2
2024/11/29 4:45,6751.2
2024/11/29 5:00,6748.8
2024/11/29 5:15,6726
2024/11/29 5:30,6786
2024/11/29 5:45,6764.4
2024/11/29 6:00,6754.8
2024/11/29 6:15,6742.8
2024/11/29 6:30,6793.2
2024/11/29 6:45,6697.2
2024/11/29 7:00,6740.4
2024/11/29 7:15,6669.6
2024/11/29 7:30,6709.2
2024/11/29 7:45,6579.6
2024/11/29 8:00,6710.4
2024/11/29 8:15,6717.6
2024/11/29 8:30,6710.4
2024/11/29 8:45,6760.8
2024/11/29 9:00,6753.6
2024/11/29 9:15,6828
2024/11/29 9:30,6783.6
2024/11/29 9:45,6880.8
2024/11/29 10:00,6860.4
2024/11/29 10:15,6816
2024/11/29 10:30,6868.8
2024/11/29 10:45,6816
2024/11/29 11:00,6728.4
2024/11/29 11:15,6823.2
2024/11/29 11:30,6790.8
2024/11/29 11:45,6788.4
2024/11/29 12:00,6843.6
2024/11/29 12:15,6798
2024/11/29 12:30,6782.4
2024/11/29 12:45,6801.6
2024/11/29 13:00,6865.2
2024/11/29 13:15,6867.6
2024/11/29 13:30,6843.6
2024/11/29 13:45,6807.6
2024/11/29 14:00,6865.2
2024/11/29 14:15,6909.6
2024/11/29 14:30,6867.6
2024/11/29 14:45,6880.8
2024/11/29 15:00,6908.4
2024/11/29 15:15,6898.8
2024/11/29 15:30,6834
2024/11/29 15:45,6867.6
2024/11/29 16:00,6818.4
2024/11/29 16:15,6850.8
2024/11/29 16:30,6842.4
2024/11/29 16:45,6853.2
2024/11/29 17:00,6912
2024/11/29 17:15,6964.8
2024/11/29 17:30,6717.6
2024/11/29 17:45,6439.2
2024/11/29 18:00,6349.2
2024/11/29 18:15,6908.4
2024/11/29 18:30,6924
2024/11/29 18:45,6976.8
2024/11/29 19:00,7000.8
2024/11/29 19:15,7017.6
2024/11/29 19:30,7014
2024/11/29 19:45,7032
2024/11/29 20:00,7017.6
2024/11/29 20:15,6931.2
2024/11/29 20:30,6884.4
2024/11/29 20:45,6798
2024/11/29 21:00,6886.8
2024/11/29 21:15,6895.2
2024/11/29 21:30,6922.8
2024/11/29 21:45,6963.6
2024/11/29 22:00,6876
2024/11/29 22:15,6896.4
2024/11/29 22:30,6901.2
2024/11/29 22:45,6931.2
2024/11/29 23:00,6861.6
2024/11/29 23:15,6880.8
2024/11/29 23:30,6908.4
2024/11/29 23:45,6846
2024/11/30 0:00,6865.2
2024/11/30 0:15,6880.8
2024/11/30 0:30,6871.2
2024/11/30 0:45,6880.8
2024/11/30 1:00,6813.6
2024/11/30 1:15,6903.6
2024/11/30 1:30,6805.2
2024/11/30 1:45,6841.2
2024/11/30 2:00,6789.6
2024/11/30 2:15,6788.4
2024/11/30 2:30,6796.8
2024/11/30 2:45,6830.4
2024/11/30 3:00,6764.4
2024/11/30 3:15,6741.6
2024/11/30 3:30,6828
2024/11/30 3:45,6784.8
2024/11/30 4:00,6836.4
2024/11/30 4:15,6778.8
2024/11/30 4:30,6873.6
2024/11/30 4:45,6775.2
2024/11/30 5:00,6818.4
2024/11/30 5:15,6788.4
2024/11/30 5:30,6782.4
2024/11/30 5:45,6744
2024/11/30 6:00,6727.2
2024/11/30 6:15,6765.6
2024/11/30 6:30,6715.2
2024/11/30 6:45,6764.4
2024/11/30 7:00,6753.6
2024/11/30 7:15,6799.2
2024/11/30 7:30,6758.4
2024/11/30 7:45,6865.2
2024/11/30 8:00,6795.6
2024/11/30 8:15,6824.4
2024/11/30 8:30,6844.8
2024/11/30 8:45,6817.2
2024/11/30 9:00,6921.6
2024/11/30 9:15,6637.2
2024/11/30 9:30,6363.6
2024/11/30 9:45,6201.6
2024/11/30 10:00,6894
2024/11/30 10:15,6894
2024/11/30 10:30,6996
2024/11/30 10:45,6969.6
2024/11/30 11:00,6925.2
2024/11/30 11:15,7016.4
2024/11/30 11:30,6988.8
2024/11/30 11:45,6936
2024/11/30 12:00,6842.4
2024/11/30 12:15,6842.4
2024/11/30 12:30,6754.8
2024/11/30 12:45,6820.8
2024/11/30 13:00,6741.6
2024/11/30 13:15,6819.6
2024/11/30 13:30,6838.8
2024/11/30 13:45,6370.8
2024/11/30 14:00,6634.8
2024/11/30 14:15,6772.8
2024/11/30 14:30,6672
2024/11/30 14:45,6634.8
2024/11/30 15:00,6678
2024/11/30 15:15,6685.2
2024/11/30 15:30,6735.6
2024/11/30 15:45,6970.8
2024/11/30 16:00,6862.8
2024/11/30 16:15,6734.4
2024/11/30 16:30,6572.4
2024/11/30 16:45,6919.2
2024/11/30 17:00,6962.4
2024/11/30 17:15,6919.2
2024/11/30 17:30,6750
2024/11/30 17:45,6458.4
2024/11/30 18:00,6495.6
2024/11/30 18:15,6357.6
2024/11/30 18:30,6446.4
2024/11/30 18:45,6430.8
2024/11/30 19:00,6406.8
2024/11/30 19:15,6409.2
2024/11/30 19:30,6409.2
2024/11/30 19:45,6386.4
2024/11/30 20:00,6361.2
2024/11/30 20:15,6426
2024/11/30 20:30,6399.6
2024/11/30 20:45,6724.8
2024/11/30 21:00,6816
2024/11/30 21:15,6801.6
2024/11/30 21:30,6771.6
2024/11/30 21:45,6776.4
2024/11/30 22:00,6792
2024/11/30 22:15,6718.8
2024/11/30 22:30,6766.8
2024/11/30 22:45,6790.8
2024/11/30 23:00,6830.4
2024/11/30 23:15,6783.6
2024/11/30 23:30,6714
2024/11/30 23:45,6746.4
2024/12/1 0:00,6735.6
2024/12/1 0:15,6652.8
2024/12/1 0:30,6780
2024/12/1 0:45,6762
2024/12/1 1:00,6699.6
2024/12/1 1:15,6738
2024/12/1 1:30,6723.6
2024/12/1 1:45,6747.6
2024/12/1 2:00,6751.2
2024/12/1 2:15,6686.4
2024/12/1 2:30,6688.8
2024/12/1 2:45,6733.2
2024/12/1 3:00,6748.8
2024/12/1 3:15,6774
2024/12/1 3:30,6738
2024/12/1 3:45,6774
2024/12/1 4:00,6748.8
2024/12/1 4:15,6771.6
2024/12/1 4:30,6721.2
2024/12/1 4:45,6768
2024/12/1 5:00,6777.6
2024/12/1 5:15,6676.8
2024/12/1 5:30,6736.8
2024/12/1 5:45,6674.4
2024/12/1 6:00,6686.4
2024/12/1 6:15,6669.6
2024/12/1 6:30,6675.6
2024/12/1 6:45,6657.6
2024/12/1 7:00,6685.2
2024/12/1 7:15,6678
2024/12/1 7:30,6633.6
2024/12/1 7:45,6717.6
2024/12/1 8:00,6694.8
2024/12/1 8:15,6694.8
2024/12/1 8:30,6698.4
2024/12/1 8:45,6715.2
2024/12/1 9:00,6692.4
2024/12/1 9:15,6732
2024/12/1 9:30,6696
2024/12/1 9:45,6756
2024/12/1 10:00,6681.6
2024/12/1 10:15,6727.2
2024/12/1 10:30,6723.6
2024/12/1 10:45,6794.4
2024/12/1 11:00,6787.2
2024/12/1 11:15,6774
2024/12/1 11:30,6799.2
2024/12/1 11:45,6739.2
2024/12/1 12:00,6850.8
2024/12/1 12:15,6780
2024/12/1 12:30,6784.8
2024/12/1 12:45,6846
2024/12/1 13:00,6800.4
2024/12/1 13:15,6800.4
2024/12/1 13:30,6735.6
2024/12/1 13:45,6746.4
2024/12/1 14:00,6752.4
2024/12/1 14:15,6799.2
2024/12/1 14:30,6837.6
2024/12/1 14:45,6613.2
2024/12/1 15:00,6428.4
2024/12/1 15:15,6376.8
2024/12/1 15:30,6440.4
2024/12/1 15:45,6387.6
2024/12/1 16:00,6460.8
2024/12/1 16:15,6436.8
2024/12/1 16:30,6487.2
2024/12/1 16:45,6510
2024/12/1 17:00,6470.4
2024/12/1 17:15,6740.4
2024/12/1 17:30,6810
2024/12/1 17:45,6804
2024/12/1 18:00,6733.2
2024/12/1 18:15,6830.4
2024/12/1 18:30,6820.8
2024/12/1 18:45,6769.2
2024/12/1 19:00,6865.2
2024/12/1 19:15,6844.8
2024/12/1 19:30,6841.2
2024/12/1 19:45,6814.8
2024/12/1 20:00,6808.8
2024/12/1 20:15,6787.2
2024/12/1 20:30,6780
2024/12/1 20:45,6825.6
2024/12/1 21:00,6739.2
2024/12/1 21:15,6822
2024/12/1 21:30,6832.8
2024/12/1 21:45,6786
2024/12/1 22:00,6835.2
2024/12/1 22:15,6794.4
2024/12/1 22:30,6849.6
2024/12/1 22:45,6838.8
2024/12/1 23:00,6824.4
2024/12/1 23:15,6783.6
2024/12/1 23:30,6804
2024/12/1 23:45,6759.6
2024/12/2 0:00,6762
2024/12/2 0:15,6741.6
2024/12/2 0:30,6752.4
2024/12/2 0:45,6754.8
2024/12/2 1:00,6735.6
2024/12/2 1:15,6751.2
2024/12/2 1:30,6783.6
2024/12/2 1:45,6782.4
2024/12/2 2:00,6780
2024/12/2 2:15,6762
2024/12/2 2:30,6742.8
2024/12/2 2:45,6783.6
2024/12/2 3:00,6822
2024/12/2 3:15,6751.2
2024/12/2 3:30,6697.2
2024/12/2 3:45,6735.6
2024/12/2 4:00,6733.2
2024/12/2 4:15,6765.6
2024/12/2 4:30,6806.4
2024/12/2 4:45,6705.6
2024/12/2 5:00,6754.8
2024/12/2 5:15,6682.8
2024/12/2 5:30,6714
2024/12/2 5:45,6736.8
2024/12/2 6:00,6784.8
2024/12/2 6:15,6716.4
2024/12/2 6:30,6716.4
2024/12/2 6:45,6692.4
2024/12/2 7:00,6652.8
2024/12/2 7:15,6648
2024/12/2 7:30,6770.4
2024/12/2 7:45,6702
2024/12/2 8:00,6680.4
2024/12/2 8:15,6774
2024/12/2 8:30,6750
2024/12/2 8:45,6690
2024/12/2 9:00,6760.8
2024/12/2 9:15,6733.2
2024/12/2 9:30,6792
2024/12/2 9:45,6777.6
2024/12/2 10:00,6727.2
2024/12/2 10:15,6753.6
2024/12/2 10:30,6759.6
2024/12/2 10:45,6778.8
2024/12/2 11:00,6690
2024/12/2 11:15,6687.6
2024/12/2 11:30,6658.8
2024/12/2 11:45,6702
2024/12/2 12:00,6697.2
2024/12/2 12:15,6664.8
2024/12/2 12:30,6673.2
2024/12/2 12:45,6708
2024/12/2 13:00,6705.6
2024/12/2 13:15,6566.4
2024/12/2 13:30,6464.4
2024/12/2 13:45,6464.4
2024/12/2 14:00,6478.8
2024/12/2 14:15,6439.2
2024/12/2 14:30,6494.4
2024/12/2 14:45,6478.8
2024/12/2 15:00,6510
2024/12/2 15:15,6547.2
2024/12/2 15:30,6446.4
2024/12/2 15:45,6511.2
2024/12/2 16:00,6724.8
2024/12/2 16:15,6921.6
2024/12/2 16:30,6739.2
2024/12/2 16:45,6780
2024/12/2 17:00,6769.2
2024/12/2 17:15,6805.2
2024/12/2 17:30,6871.2
2024/12/2 17:45,6842.4
2024/12/2 18:00,6794.4
2024/12/2 18:15,6926.4
2024/12/2 18:30,6898.8
2024/12/2 18:45,6860.4
2024/12/2 19:00,6828
2024/12/2 19:15,6846
2024/12/2 19:30,6793.2
2024/12/2 19:45,6874.8
2024/12/2 20:00,6890.4
2024/12/2 20:15,6844.8
2024/12/2 20:30,6843.6
2024/12/2 20:45,6958.8
2024/12/2 21:00,6882
2024/12/2 21:15,6847.2
2024/12/2 21:30,6832.8
2024/12/2 21:45,6850.8
2024/12/2 22:00,6865.2
2024/12/2 22:15,6836.4
2024/12/2 22:30,6828
2024/12/2 22:45,6846
2024/12/2 23:00,6810
2024/12/2 23:15,6806.4
2024/12/2 23:30,6800.4
2024/12/2 23:45,6739.2
2024/12/3 0:00,6794.4
2024/12/3 0:15,6802.8
2024/12/3 0:30,6844.8
2024/12/3 0:45,6780
2024/12/3 1:00,6802.8
2024/12/3 1:15,6813.6
2024/12/3 1:30,6777.6
2024/12/3 1:45,6726
2024/12/3 2:00,6823.2
2024/12/3 2:15,6765.6
2024/12/3 2:30,6765.6
2024/12/3 2:45,6802.8
2024/12/3 3:00,6780
2024/12/3 3:15,6856.8
2024/12/3 3:30,6787.2
2024/12/3 3:45,6837.6
2024/12/3 4:00,6800.4
2024/12/3 4:15,6817.2
2024/12/3 4:30,6844.8
2024/12/3 4:45,6843.6
2024/12/3 5:00,6836.4
2024/12/3 5:15,6844.8
2024/12/3 5:30,6802.8
2024/12/3 5:45,6752.4
2024/12/3 6:00,6792
2024/12/3 6:15,6775.2
2024/12/3 6:30,6744
2024/12/3 6:45,6775.2
2024/12/3 7:00,6718.8
2024/12/3 7:15,6667.2
2024/12/3 7:30,6663.6
2024/12/3 7:45,6708
2024/12/3 8:00,6732
2024/12/3 8:15,6735.6
2024/12/3 8:30,6723.6
2024/12/3 8:45,6786
2024/12/3 9:00,6756
2024/12/3 9:15,6795.6
2024/12/3 9:30,6846
2024/12/3 9:45,6826.8
2024/12/3 10:00,6795.6
2024/12/3 10:15,6692.4
2024/12/3 10:30,6679.2
2024/12/3 10:45,6723.6
2024/12/3 11:00,6768
2024/12/3 11:15,6962.4
2024/12/3 11:30,6836.4
2024/12/3 11:45,6733.2
2024/12/3 12:00,6738
2024/12/3 12:15,6733.2
2024/12/3 12:30,6808.8
2024/12/3 12:45,6819.6
2024/12/3 13:00,6822
2024/12/3 13:15,6740.4
2024/12/3 13:30,6802.8
2024/12/3 13:45,6730.8
2024/12/3 14:00,6615.6
2024/12/3 14:15,6794.4
2024/12/3 14:30,6373.2
2024/12/3 14:45,6376.8
2024/12/3 15:00,6632.4
2024/12/3 15:15,6637.2
2024/12/3 15:30,6878.4
2024/12/3 15:45,6678
2024/12/3 16:00,6680.4
2024/12/3 16:15,6578.4
2024/12/3 16:30,6650.4
2024/12/3 16:45,6787.2
2024/12/3 17:00,6789.6
2024/12/3 17:15,6765.6
2024/12/3 17:30,7009.2
2024/12/3 17:45,7094.4
2024/12/3 18:00,6997.2
2024/12/3 18:15,7020
2024/12/3 18:30,6998.4
2024/12/3 18:45,6968.4
2024/12/3 19:00,6922.8
2024/12/3 19:15,6915.6
2024/12/3 19:30,6634.8
2024/12/3 19:45,6553.2
2024/12/3 20:00,6726
2024/12/3 20:15,6746.4
2024/12/3 20:30,6644.4
2024/12/3 20:45,6646.8
2024/12/3 21:00,6931.2
2024/12/3 21:15,6936
2024/12/3 21:30,6912
2024/12/3 21:45,6865.2
2024/12/3 22:00,6924
2024/12/3 22:15,6913.2
2024/12/3 22:30,6919.2
2024/12/3 22:45,6909.6
2024/12/3 23:00,6519.6
2024/12/3 23:15,6507.6
2024/12/3 23:30,6469.2
2024/12/3 23:45,6433.2
2024/12/4 0:00,6400.8
2024/12/4 0:15,6776.4
2024/12/4 0:30,6814.8
2024/12/4 0:45,6772.8
2024/12/4 1:00,6776.4
2024/12/4 1:15,6740.4
2024/12/4 1:30,6782.4
2024/12/4 1:45,6759.6
2024/12/4 2:00,6795.6
2024/12/4 2:15,6771.6
2024/12/4 2:30,6756
2024/12/4 2:45,6757.2
2024/12/4 3:00,6825.6
2024/12/4 3:15,6846
2024/12/4 3:30,6783.6
2024/12/4 3:45,6807.6
2024/12/4 4:00,6744
2024/12/4 4:15,6754.8
2024/12/4 4:30,6480
2024/12/4 4:45,6394.8
2024/12/4 5:00,6414
2024/12/4 5:15,6435.6
2024/12/4 5:30,6428.4
2024/12/4 5:45,6445.2
2024/12/4 6:00,6514.8
2024/12/4 6:15,6415.2
2024/12/4 6:30,6487.2
2024/12/4 6:45,6572.4
2024/12/4 7:00,6788.4
2024/12/4 7:15,6788.4
2024/12/4 7:30,6775.2
2024/12/4 7:45,6778.8
2024/12/4 8:00,6802.8
2024/12/4 8:15,6770.4
2024/12/4 8:30,6700.8
2024/12/4 8:45,6847.2
2024/12/4 9:00,6786
2024/12/4 9:15,6726
2024/12/4 9:30,6594
2024/12/4 9:45,6415.2
2024/12/4 10:00,6463.2
2024/12/4 10:15,6543.6
2024/12/4 10:30,6416.4
2024/12/4 10:45,6642
2024/12/4 11:00,6640.8
2024/12/4 11:15,6487.2
2024/12/4 11:30,6511.2
2024/12/4 11:45,6530.4
2024/12/4 12:00,6614.4
2024/12/4 12:15,6622.8
2024/12/4 12:30,6694.8
2024/12/4 12:45,6631.2
2024/12/4 13:00,6691.2
2024/12/4 13:15,6766.8
2024/12/4 13:30,6722.4
2024/12/4 13:45,6650.4
2024/12/4 14:00,6706.8
2024/12/4 14:15,6874.8
2024/12/4 14:30,6668.4
2024/12/4 14:45,6522
2024/12/4 15:00,6694.8
2024/12/4 15:15,6751.2
2024/12/4 15:30,6771.6
2024/12/4 15:45,6907.2
2024/12/4 16:00,6807.6
2024/12/4 16:15,6944.4
2024/12/4 16:30,7100.4
2024/12/4 16:45,6938.4
2024/12/4 17:00,6742.8
2024/12/4 17:15,6726
2024/12/4 17:30,6742.8
2024/12/4 17:45,7054.8
2024/12/4 18:00,7014
2024/12/4 18:15,6910.8
2024/12/4 18:30,6932.4
2024/12/4 18:45,6919.2
2024/12/4 19:00,6872.4
2024/12/4 19:15,6846
2024/12/4 19:30,6844.8
2024/12/4 19:45,6872.4
2024/12/4 20:00,6879.6
2024/12/4 20:15,6810
2024/12/4 20:30,6919.2
2024/12/4 20:45,6877.2
2024/12/4 21:00,6944.4
2024/12/4 21:15,6913.2
2024/12/4 21:30,6951.6
2024/12/4 21:45,6904.8
2024/12/4 22:00,6639.6
2024/12/4 22:15,6534
2024/12/4 22:30,6456
2024/12/4 22:45,6675.6
2024/12/4 23:00,6658.8
2024/12/4 23:15,6567.6
2024/12/4 23:30,6628.8
2024/12/4 23:45,6573.6
2024/12/5 0:00,6619.2
2024/12/5 0:15,6762
2024/12/5 0:30,6756
2024/12/5 0:45,6793.2
2024/12/5 1:00,6832.8
2024/12/5 1:15,6790.8
2024/12/5 1:30,6780
2024/12/5 1:45,6708
2024/12/5 2:00,6759.6
2024/12/5 2:15,6748.8
2024/12/5 2:30,6760.8
2024/12/5 2:45,6739.2
2024/12/5 3:00,6742.8
2024/12/5 3:15,6721.2
2024/12/5 3:30,6799.2
2024/12/5 3:45,6853.2
2024/12/5 4:00,6769.2
2024/12/5 4:15,6802.8
2024/12/5 4:30,6426
2024/12/5 4:45,6520.8
2024/12/5 5:00,6486
2024/12/5 5:15,6573.6
2024/12/5 5:30,6505.2
2024/12/5 5:45,6516
2024/12/5 6:00,6501.6
2024/12/5 6:15,6469.2
2024/12/5 6:30,6532.8
2024/12/5 6:45,6698.4
2024/12/5 7:00,6645.6
2024/12/5 7:15,6721.2
2024/12/5 7:30,6722.4
2024/12/5 7:45,6781.2
2024/12/5 8:00,6741.6
2024/12/5 8:15,6741.6
2024/12/5 8:30,6714
2024/12/5 8:45,6774
2024/12/5 9:00,6751.2
2024/12/5 9:15,6793.2
2024/12/5 9:30,6807.6
2024/12/5 9:45,6790.8
2024/12/5 10:00,6796.8
2024/12/5 10:15,6877.2
2024/12/5 10:30,6854.4
2024/12/5 10:45,6894
2024/12/5 11:00,6580.8
2024/12/5 11:15,6463.2
2024/12/5 11:30,6525.6
2024/12/5 11:45,6705.6
2024/12/5 12:00,6652.8
2024/12/5 12:15,6693.6
2024/12/5 12:30,6558
2024/12/5 12:45,6538.8
2024/12/5 13:00,6646.8
2024/12/5 13:15,6812.4
2024/12/5 13:30,6867.6
2024/12/5 13:45,6728.4
2024/12/5 14:00,6778.8
2024/12/5 14:15,6806.4
2024/12/5 14:30,6830.4
2024/12/5 14:45,6878.4
2024/12/5 15:00,6826.8
2024/12/5 15:15,6750
2024/12/5 15:30,6692.4
2024/12/5 15:45,6697.2
2024/12/5 16:00,6638.4
2024/12/5 16:15,6830.4
2024/12/5 16:30,6908.4
2024/12/5 16:45,6897.6
2024/12/5 17:00,6517.2
2024/12/5 17:15,6574.8
2024/12/5 17:30,6483.6
2024/12/5 17:45,6552
2024/12/5 18:00,6549.6
2024/12/5 18:15,6684
2024/12/5 18:30,6568.8
2024/12/5 18:45,6615.6
2024/12/5 19:00,6588
2024/12/5 19:15,6559.2
2024/12/5 19:30,6836.4
2024/12/5 19:45,6788.4
2024/12/5 20:00,6877.2
2024/12/5 20:15,6805.2
2024/12/5 20:30,6890.4
2024/12/5 20:45,6819.6
2024/12/5 21:00,6885.6
2024/12/5 21:15,6895.2
2024/12/5 21:30,6829.2
2024/12/5 21:45,6824.4
2024/12/5 22:00,6807.6
2024/12/5 22:15,6769.2
2024/12/5 22:30,6840
2024/12/5 22:45,6823.2
2024/12/5 23:00,6520.8
2024/12/5 23:15,6518.4
2024/12/5 23:30,6523.2
2024/12/5 23:45,6568.8
2024/12/6 0:00,6648
2024/12/6 0:15,6598.8
2024/12/6 0:30,6640.8
2024/12/6 0:45,6600
2024/12/6 1:00,6804
2024/12/6 1:15,6778.8
2024/12/6 1:30,6747.6
2024/12/6 1:45,6720
2024/12/6 2:00,6678
2024/12/6 2:15,6756
2024/12/6 2:30,6649.2
2024/12/6 2:45,6736.8
2024/12/6 3:00,6528
2024/12/6 3:15,6508.8
2024/12/6 3:30,6573.6
2024/12/6 3:45,6520.8
2024/12/6 4:00,6459.6
2024/12/6 4:15,6440.4
2024/12/6 4:30,6476.4
2024/12/6 4:45,6525.6
2024/12/6 5:00,6522
2024/12/6 5:15,6434.4
2024/12/6 5:30,6356.4
2024/12/6 5:45,6369.6
2024/12/6 6:00,6316.8
2024/12/6 6:15,6277.2
2024/12/6 6:30,6408
2024/12/6 6:45,6328.8
2024/12/6 7:00,6330
2024/12/6 7:15,6367.2
2024/12/6 7:30,6402
2024/12/6 7:45,6393.6
2024/12/6 8:00,6394.8
2024/12/6 8:15,6458.4
2024/12/6 8:30,6446.4
2024/12/6 8:45,6445.2
2024/12/6 9:00,6488.4
2024/12/6 9:15,6495.6
2024/12/6 9:30,6554.4
2024/12/6 9:45,6601.2
2024/12/6 10:00,6589.2
2024/12/6 10:15,6580.8
2024/12/6 10:30,6732
2024/12/6 10:45,6968.4
2024/12/6 11:00,6992.4
2024/12/6 11:15,6830.4
2024/12/6 11:30,6615.6
2024/12/6 11:45,6604.8
2024/12/6 12:00,6740.4
2024/12/6 12:15,6836.4
2024/12/6 12:30,7052.4
2024/12/6 12:45,6986.4
2024/12/6 13:00,7138.8
2024/12/6 13:15,6936
2024/12/6 13:30,7132.8
2024/12/6 13:45,6978
2024/12/6 14:00,7116
2024/12/6 14:15,7160.4
2024/12/6 14:30,7234.8
2024/12/6 14:45,7119.6
2024/12/6 15:00,6990
2024/12/6 15:15,6991.2
2024/12/6 15:30,6866.4
2024/12/6 15:45,6937.2
2024/12/6 16:00,6879.6
2024/12/6 16:15,6650.4
2024/12/6 16:30,6951.6
2024/12/6 16:45,7100.4
2024/12/6 17:00,7016.4
2024/12/6 17:15,6901.2
2024/12/6 17:30,6954
2024/12/6 17:45,6907.2
2024/12/6 18:00,6570
2024/12/6 18:15,6982.8
2024/12/6 18:30,6984
2024/12/6 18:45,6813.6
2024/12/6 19:00,7078.8
2024/12/6 19:15,7052.4
2024/12/6 19:30,6651.6
2024/12/6 19:45,6543.6
2024/12/6 20:00,6966
2024/12/6 20:15,7102.8
2024/12/6 20:30,6925.2
2024/12/6 20:45,7074
2024/12/6 21:00,7010.4
2024/12/6 21:15,6975.6
2024/12/6 21:30,7048.8
2024/12/6 21:45,7020
2024/12/6 22:00,6999.6
2024/12/6 22:15,6867.6
2024/12/6 22:30,7106.4
2024/12/6 22:45,7125.6
2024/12/6 23:00,7101.6
2024/12/6 23:15,6966
2024/12/6 23:30,7087.2
2024/12/6 23:45,6760.8
2024/12/7 0:00,6810
2024/12/7 0:15,6868.8
2024/12/7 0:30,6936
2024/12/7 0:45,6775.2
2024/12/7 1:00,6751.2
2024/12/7 1:15,6991.2
2024/12/7 1:30,6970.8
2024/12/7 1:45,6871.2
2024/12/7 2:00,6937.2
2024/12/7 2:15,6771.6
2024/12/7 2:30,6904.8
2024/12/7 2:45,6956.4
2024/12/7 3:00,7053.6
2024/12/7 3:15,7189.2
2024/12/7 3:30,6984
2024/12/7 3:45,6970.8
2024/12/7 4:00,7024.8
2024/12/7 4:15,7080
2024/12/7 4:30,7005.6
2024/12/7 4:45,6886.8
2024/12/7 5:00,6997.2
2024/12/7 5:15,6912
2024/12/7 5:30,6939.6
2024/12/7 5:45,6871.2
2024/12/7 6:00,6890.4
2024/12/7 6:15,6766.8
2024/12/7 6:30,6723.6
2024/12/7 6:45,6783.6
2024/12/7 7:00,6724.8
2024/12/7 7:15,6723.6
2024/12/7 7:30,6801.6
2024/12/7 7:45,6672
2024/12/7 8:00,6841.2
2024/12/7 8:15,6717.6
2024/12/7 8:30,6697.2
2024/12/7 8:45,6770.4
2024/12/7 9:00,6781.2
2024/12/7 9:15,6901.2
2024/12/7 9:30,6882
2024/12/7 9:45,7098
2024/12/7 10:00,7009.2
2024/12/7 10:15,6799.2
2024/12/7 10:30,6974.4
2024/12/7 10:45,7046.4
2024/12/7 11:00,7053.6
2024/12/7 11:15,7004.4
2024/12/7 11:30,6943.2
2024/12/7 11:45,6997.2
2024/12/7 12:00,7022.4
2024/12/7 12:15,6914.4
2024/12/7 12:30,6601.2
2024/12/7 12:45,6448.8
2024/12/7 13:00,6720
2024/12/7 13:15,6912
2024/12/7 13:30,6916.8
2024/12/7 13:45,6909.6
2024/12/7 14:00,6825.6
2024/12/7 14:15,6520.8
2024/12/7 14:30,6789.6
2024/12/7 14:45,6907.2
2024/12/7 15:00,6926.4
2024/12/7 15:15,7017.6
2024/12/7 15:30,6832.8
2024/12/7 15:45,6932.4
2024/12/7 16:00,6908.4
2024/12/7 16:15,6918
2024/12/7 16:30,6927.6
2024/12/7 16:45,6950.4
2024/12/7 17:00,6902.4
2024/12/7 17:15,7016.4
2024/12/7 17:30,6985.2
2024/12/7 17:45,6726
2024/12/7 18:00,6906
2024/12/7 18:15,6963.6
2024/12/7 18:30,6969.6
2024/12/7 18:45,6907.2
2024/12/7 19:00,6936
2024/12/7 19:15,6898.8
2024/12/7 19:30,6732
2024/12/7 19:45,6952.8
2024/12/7 20:00,6700.8
2024/12/7 20:15,6922.8
2024/12/7 20:30,6469.2
2024/12/7 20:45,6902.4
2024/12/7 21:00,6734.4
2024/12/7 21:15,6751.2
2024/12/7 21:30,6703.2
2024/12/7 21:45,6664.8
2024/12/7 22:00,6684
2024/12/7 22:15,6674.4
2024/12/7 22:30,6642
2024/12/7 22:45,6606
2024/12/7 23:00,6595.2
2024/12/7 23:15,6711.6
2024/12/7 23:30,6562.8
2024/12/7 23:45,6568.8
2024/12/8 0:00,6532.8
2024/12/8 0:15,6566.4
2024/12/8 0:30,6469.2
2024/12/8 0:45,6742.8
2024/12/8 1:00,6904.8
2024/12/8 1:15,6900
2024/12/8 1:30,6811.2
2024/12/8 1:45,6932.4
2024/12/8 2:00,6948
2024/12/8 2:15,6918
2024/12/8 2:30,6950.4
2024/12/8 2:45,6883.2
2024/12/8 3:00,6542.4
2024/12/8 3:15,6500.4
2024/12/8 3:30,6560.4
2024/12/8 3:45,6666
2024/12/8 4:00,6637.2
2024/12/8 4:15,6586.8
2024/12/8 4:30,6612
2024/12/8 4:45,6590.4
2024/12/8 5:00,6544.8
2024/12/8 5:15,6565.2
2024/12/8 5:30,6498
2024/12/8 5:45,6481.2
2024/12/8 6:00,6523.2
2024/12/8 6:15,6525.6
2024/12/8 6:30,6517.2
2024/12/8 6:45,6500.4
2024/12/8 7:00,6879.6
2024/12/8 7:15,6823.2
2024/12/8 7:30,6796.8
2024/12/8 7:45,6852
2024/12/8 8:00,6877.2
2024/12/8 8:15,6933.6
2024/12/8 8:30,6927.6
2024/12/8 8:45,6920.4
2024/12/8 9:00,6522
2024/12/8 9:15,6580.8
2024/12/8 9:30,6651.6
2024/12/8 9:45,6688.8
2024/12/8 10:00,6646.8
2024/12/8 10:15,6626.4
2024/12/8 10:30,6697.2
2024/12/8 10:45,6564
2024/12/8 11:00,6628.8
2024/12/8 11:15,6672
2024/12/8 11:30,6576
2024/12/8 11:45,6630
2024/12/8 12:00,6570
2024/12/8 12:15,6566.4
2024/12/8 12:30,6560.4
2024/12/8 12:45,6666
2024/12/8 13:00,7005.6
2024/12/8 13:15,6883.2
2024/12/8 13:30,6966
2024/12/8 13:45,6931.2
2024/12/8 14:00,6910.8
2024/12/8 14:15,6962.4
2024/12/8 14:30,6968.4
2024/12/8 14:45,6562.8
2024/12/8 15:00,6613.2
2024/12/8 15:15,6658.8
2024/12/8 15:30,6622.8
2024/12/8 15:45,6636
2024/12/8 16:00,6678
2024/12/8 16:15,6728.4
2024/12/8 16:30,6610.8
2024/12/8 16:45,6594
2024/12/8 17:00,6600
2024/12/8 17:15,6573.6
2024/12/8 17:30,6538.8
2024/12/8 17:45,6591.6
2024/12/8 18:00,6548.4
2024/12/8 18:15,6596.4
2024/12/8 18:30,6583.2
2024/12/8 18:45,6751.2
2024/12/8 19:00,6937.2
2024/12/8 19:15,6807.6
2024/12/8 19:30,6813.6
2024/12/8 19:45,6880.8
2024/12/8 20:00,6765.6
2024/12/8 20:15,6651.6
2024/12/8 20:30,6540
2024/12/8 20:45,6517.2
2024/12/8 21:00,6397.2
2024/12/8 21:15,6399.6
2024/12/8 21:30,6435.6
2024/12/8 21:45,6404.4
2024/12/8 22:00,6502.8
2024/12/8 22:15,6388.8
2024/12/8 22:30,6465.6
2024/12/8 22:45,6778.8
2024/12/8 23:00,6756
2024/12/8 23:15,6626.4
2024/12/8 23:30,6733.2
2024/12/8 23:45,6712.8
2024/12/9 0:00,6739.2
2024/12/9 0:15,6704.4
2024/12/9 0:30,6711.6
2024/12/9 0:45,6650.4
2024/12/9 1:00,6426
2024/12/9 1:15,6396
2024/12/9 1:30,6526.8
2024/12/9 1:45,6524.4
2024/12/9 2:00,6549.6
2024/12/9 2:15,6487.2
2024/12/9 2:30,6494.4
2024/12/9 2:45,6501.6
2024/12/9 3:00,6541.2
2024/12/9 3:15,6898.8
2024/12/9 3:30,6680.4
2024/12/9 3:45,6710.4
2024/12/9 4:00,6703.2
2024/12/9 4:15,6642
2024/12/9 4:30,6612
2024/12/9 4:45,6654
2024/12/9 5:00,6681.6
2024/12/9 5:15,6589.2
2024/12/9 5:30,6348
2024/12/9 5:45,6284.4
2024/12/9 6:00,6451.2
2024/12/9 6:15,6504
2024/12/9 6:30,6490.8
2024/12/9 6:45,6466.8
2024/12/9 7:00,6490.8
2024/12/9 7:15,6484.8
2024/12/9 7:30,6616.8
2024/12/9 7:45,6688.8
2024/12/9 8:00,6625.2
2024/12/9 8:15,6603.6
2024/12/9 8:30,6717.6
2024/12/9 8:45,6734.4
2024/12/9 9:00,6735.6
2024/12/9 9:15,6735.6
2024/12/9 9:30,6709.2
2024/12/9 9:45,6406.8
2024/12/9 10:00,6397.2
2024/12/9 10:15,6636
2024/12/9 10:30,6672
2024/12/9 10:45,6612
2024/12/9 11:00,6595.2
2024/12/9 11:15,6554.4
2024/12/9 11:30,6578.4
2024/12/9 11:45,6588
2024/12/9 12:00,6896.4
2024/12/9 12:15,6696
2024/12/9 12:30,6748.8
2024/12/9 12:45,6688.8
2024/12/9 13:00,6730.8
2024/12/9 13:15,6740.4
2024/12/9 13:30,6676.8
2024/12/9 13:45,6702
2024/12/9 14:00,6452.4
2024/12/9 14:15,6434.4
2024/12/9 14:30,6618
2024/12/9 14:45,6625.2
2024/12/9 15:00,6638.4
2024/12/9 15:15,6541.2
2024/12/9 15:30,6534
2024/12/9 15:45,6572.4
2024/12/9 16:00,6432
2024/12/9 16:15,6898.8
2024/12/9 16:30,6708
2024/12/9 16:45,6739.2
2024/12/9 17:00,6720
2024/12/9 17:15,6718.8
2024/12/9 17:30,6712.8
2024/12/9 17:45,6726
2024/12/9 18:00,6684
2024/12/9 18:15,6336
2024/12/9 18:30,6392.4
2024/12/9 18:45,6572.4
2024/12/9 19:00,6588
2024/12/9 19:15,6459.6
2024/12/9 19:30,6589.2
2024/12/9 19:45,6477.6
2024/12/9 20:00,6570
2024/12/9 20:15,6465.6
2024/12/9 20:30,6721.2
2024/12/9 20:45,6756
2024/12/9 21:00,6676.8
2024/12/9 21:15,6687.6
2024/12/9 21:30,6685.2
2024/12/9 21:45,6733.2
2024/12/9 22:00,6712.8
2024/12/9 22:15,6354
2024/12/9 22:30,6346.8
2024/12/9 22:45,6576
2024/12/9 23:00,6595.2
2024/12/9 23:15,6488.4
2024/12/9 23:30,6481.2
2024/12/9 23:45,6483.6
2024/12/10 0:00,6556.8
2024/12/10 0:15,6460.8
2024/12/10 0:30,6692.4
2024/12/10 0:45,6717.6
2024/12/10 1:00,6667.2
2024/12/10 1:15,6669.6
2024/12/10 1:30,6644.4
2024/12/10 1:45,6694.8
2024/12/10 2:00,6622.8
2024/12/10 2:15,6339.6
2024/12/10 2:30,6346.8
2024/12/10 2:45,6541.2
2024/12/10 3:00,6584.4
2024/12/10 3:15,6464.4
2024/12/10 3:30,6430.8
2024/12/10 3:45,6482.4
2024/12/10 4:00,6516
2024/12/10 4:15,6850.8
2024/12/10 4:30,6698.4
2024/12/10 4:45,6633.6
2024/12/10 5:00,6667.2
2024/12/10 5:15,6649.2
2024/12/10 5:30,6662.4
2024/12/10 5:45,6358.8
2024/12/10 6:00,6324
2024/12/10 6:15,6344.4
2024/12/10 6:30,6337.2
2024/12/10 6:45,6349.2
2024/12/10 7:00,6334.8
2024/12/10 7:15,6326.4
2024/12/10 7:30,6351.6
2024/12/10 7:45,6363.6
2024/12/10 8:00,6355.2
2024/12/10 8:15,6340.8
2024/12/10 8:30,6366
2024/12/10 8:45,6378
2024/12/10 9:00,6376.8
2024/12/10 9:15,6429.6
2024/12/10 9:30,6450
2024/12/10 9:45,6429.6
2024/12/10 10:00,6424.8
2024/12/10 10:15,6448.8
2024/12/10 10:30,6438
2024/12/10 10:45,6468
2024/12/10 11:00,6498
2024/12/10 11:15,6456
2024/12/10 11:30,6524.4
2024/12/10 11:45,6489.6
2024/12/10 12:00,6462
2024/12/10 12:15,6456
2024/12/10 12:30,6522
2024/12/10 12:45,6475.2
2024/12/10 13:00,6508.8
2024/12/10 13:15,6468
2024/12/10 13:30,6458.4
2024/12/10 13:45,6498
2024/12/10 14:00,6510
2024/12/10 14:15,6584.4
2024/12/10 14:30,6547.2
2024/12/10 14:45,7032
2024/12/10 15:00,7272
2024/12/10 15:15,7254
2024/12/10 15:30,7198.8
2024/12/10 15:45,7239.6
2024/12/10 16:00,7006.8
2024/12/10 16:15,7284
2024/12/10 16:30,7210.8
2024/12/10 16:45,7141.2
2024/12/10 17:00,6578.4
2024/12/10 17:15,7230
2024/12/10 17:30,7116
2024/12/10 17:45,6586.8
2024/12/10 18:00,6984
2024/12/10 18:15,6604.8
2024/12/10 18:30,6942
2024/12/10 18:45,6957.6
2024/12/10 19:00,6949.2
2024/12/10 19:15,6979.2
2024/12/10 19:30,6902.4
2024/12/10 19:45,6993.6
2024/12/10 20:00,6973.2
2024/12/10 20:15,7020
2024/12/10 20:30,7024.8
2024/12/10 20:45,6932.4
2024/12/10 21:00,6978
2024/12/10 21:15,6885.6
2024/12/10 21:30,7006.8
2024/12/10 21:45,6565.2
2024/12/10 22:00,7258.8
2024/12/10 22:15,7314
2024/12/10 22:30,7299.6
2024/12/10 22:45,7308
2024/12/10 23:00,7242
2024/12/10 23:15,7275.6
2024/12/10 23:30,7262.4
2024/12/10 23:45,7275.6
2024/12/11 0:00,7198.8
2024/12/11 0:15,7173.6
2024/12/11 0:30,7184.4
2024/12/11 0:45,7179.6
2024/12/11 1:00,7192.8
2024/12/11 1:15,7189.2
2024/12/11 1:30,7174.8
2024/12/11 1:45,7131.6
2024/12/11 2:00,7152
2024/12/11 2:15,7124.4
2024/12/11 2:30,7153.2
2024/12/11 2:45,7131.6
2024/12/11 3:00,7191.6
2024/12/11 3:15,7195.2
2024/12/11 3:30,7192.8
2024/12/11 3:45,7172.4
2024/12/11 4:00,7166.4
2024/12/11 4:15,7146
2024/12/11 4:30,7210.8
2024/12/11 4:45,7113.6
2024/12/11 5:00,7041.6
2024/12/11 5:15,7041.6
2024/12/11 5:30,7015.2
2024/12/11 5:45,7040.4
2024/12/11 6:00,6927.6
2024/12/11 6:15,6975.6
2024/12/11 6:30,6991.2
2024/12/11 6:45,7034.4
2024/12/11 7:00,7114.8
2024/12/11 7:15,7095.6
2024/12/11 7:30,6949.2
2024/12/11 7:45,6945.6
2024/12/11 8:00,7010.4
2024/12/11 8:15,6988.8
2024/12/11 8:30,7056
2024/12/11 8:45,6834
2024/12/11 9:00,6985.2
2024/12/11 9:15,7065.6
2024/12/11 9:30,7075.2
2024/12/11 9:45,7063.2
2024/12/11 10:00,7046.4
2024/12/11 10:15,7100.4
2024/12/11 10:30,7231.2
2024/12/11 10:45,7153.2
2024/12/11 11:00,6817.2
2024/12/11 11:15,7186.8
2024/12/11 11:30,7082.4
2024/12/11 11:45,7182
2024/12/11 12:00,7158
2024/12/11 12:15,7198.8
2024/12/11 12:30,6536.4
2024/12/11 12:45,7041.6
2024/12/11 13:00,7102.8
2024/12/11 13:15,7094.4
2024/12/11 13:30,7070.4
2024/12/11 13:45,7083.6
2024/12/11 14:00,6660
2024/12/11 14:15,7248
2024/12/11 14:30,7020
2024/12/11 14:45,7208.4
2024/12/11 15:00,7141.2
2024/12/11 15:15,7154.4
2024/12/11 15:30,7365.6
2024/12/11 15:45,7111.2
2024/12/11 16:00,7065.6
2024/12/11 16:15,6544.8
2024/12/11 16:30,6530.4
2024/12/11 16:45,7117.2
2024/12/11 17:00,6561.6
2024/12/11 17:15,7209.6
2024/12/11 17:30,7202.4
2024/12/11 17:45,7058.4
2024/12/11 18:00,7060.8
2024/12/11 18:15,7130.4
2024/12/11 18:30,7132.8
2024/12/11 18:45,7110
2024/12/11 19:00,7105.2
2024/12/11 19:15,7003.2
2024/12/11 19:30,7318.8
2024/12/11 19:45,7172.4
2024/12/11 20:00,7153.2
2024/12/11 20:15,6458.4
2024/12/11 20:30,6824.4
2024/12/11 20:45,7194
2024/12/11 21:00,6718.8
2024/12/11 21:15,6780
2024/12/11 21:30,6963.6
2024/12/11 21:45,7064.4
2024/12/11 22:00,6936
2024/12/11 22:15,6966
2024/12/11 22:30,6964.8
2024/12/11 22:45,7081.2
2024/12/11 23:00,7044
2024/12/11 23:15,6998.4
2024/12/11 23:30,6888
2024/12/11 23:45,6952.8
2024/12/12 0:00,6936
2024/12/12 0:15,6862.8
2024/12/12 0:30,6969.6
2024/12/12 0:45,6873.6
2024/12/12 1:00,7006.8
2024/12/12 1:15,6804
2024/12/12 1:30,6898.8
2024/12/12 1:45,7004.4
2024/12/12 2:00,6906
2024/12/12 2:15,6780
2024/12/12 2:30,6966
2024/12/12 2:45,6868.8
2024/12/12 3:00,6946.8
2024/12/12 3:15,6878.4
2024/12/12 3:30,6862.8
2024/12/12 3:45,6861.6
2024/12/12 4:00,6871.2
2024/12/12 4:15,6776.4
2024/12/12 4:30,6776.4
2024/12/12 4:45,6843.6
2024/12/12 5:00,6925.2
2024/12/12 5:15,6848.4
2024/12/12 5:30,6880.8
2024/12/12 5:45,6850.8
2024/12/12 6:00,6622.8
2024/12/12 6:15,6763.2
2024/12/12 6:30,6780
2024/12/12 6:45,6805.2
2024/12/12 7:00,6673.2
2024/12/12 7:15,6819.6
2024/12/12 7:30,6885.6
2024/12/12 7:45,6811.2
2024/12/12 8:00,6759.6
2024/12/12 8:15,6794.4
2024/12/12 8:30,6847.2
2024/12/12 8:45,6853.2
2024/12/12 9:00,6920.4
2024/12/12 9:15,6906
2024/12/12 9:30,6945.6
2024/12/12 9:45,7060.8
2024/12/12 10:00,7002
2024/12/12 10:15,6471.6
2024/12/12 10:30,6584.4
2024/12/12 10:45,6601.2
2024/12/12 11:00,6568.8
2024/12/12 11:15,6600
2024/12/12 11:30,6602.4
2024/12/12 11:45,6584.4
2024/12/12 12:00,6588
2024/12/12 12:15,6890.4
2024/12/12 12:30,6723.6
2024/12/12 12:45,6657.6
2024/12/12 13:00,6741.6
2024/12/12 13:15,6649.2
2024/12/12 13:30,6645.6
2024/12/12 13:45,6609.6
2024/12/12 14:00,6643.2
2024/12/12 14:15,6577.2
2024/12/12 14:30,6694.8
2024/12/12 14:45,6627.6
2024/12/12 15:00,6621.6
2024/12/12 15:15,6680.4
2024/12/12 15:30,6694.8
2024/12/12 15:45,6667.2
2024/12/12 16:00,6596.4
2024/12/12 16:15,6578.4
2024/12/12 16:30,6458.4
2024/12/12 16:45,6552
2024/12/12 17:00,6564
2024/12/12 17:15,6622.8
2024/12/12 17:30,7063.2
2024/12/12 17:45,7016.4
2024/12/12 18:00,7076.4
2024/12/12 18:15,7129.2
2024/12/12 18:30,7092
2024/12/12 18:45,7080
2024/12/12 19:00,6932.4
2024/12/12 19:15,7004.4
2024/12/12 19:30,7032
2024/12/12 19:45,6921.6
2024/12/12 20:00,7080
2024/12/12 20:15,7041.6
2024/12/12 20:30,7155.6
2024/12/12 20:45,7003.2
2024/12/12 21:00,6943.2
2024/12/12 21:15,7028.4
2024/12/12 21:30,6974.4
2024/12/12 21:45,7028.4
2024/12/12 22:00,7050
2024/12/12 22:15,7032
2024/12/12 22:30,6895.2
2024/12/12 22:45,6976.8
2024/12/12 23:00,6974.4
2024/12/12 23:15,6960
2024/12/12 23:30,6873.6
2024/12/12 23:45,6921.6
2024/12/13 0:00,7068
2024/12/13 0:15,6954
2024/12/13 0:30,6968.4
2024/12/13 0:45,6963.6
2024/12/13 1:00,6870
2024/12/13 1:15,6963.6
2024/12/13 1:30,6787.2
2024/12/13 1:45,6981.6
2024/12/13 2:00,6606
2024/12/13 2:15,6798
2024/12/13 2:30,6848.4
2024/12/13 2:45,6870
2024/12/13 3:00,6871.2
2024/12/13 3:15,6922.8
2024/12/13 3:30,6790.8
2024/12/13 3:45,6900
2024/12/13 4:00,6811.2
2024/12/13 4:15,6854.4
2024/12/13 4:30,6870
2024/12/13 4:45,6835.2
2024/12/13 5:00,6760.8
2024/12/13 5:15,6808.8
2024/12/13 5:30,6744
2024/12/13 5:45,6680.4
2024/12/13 6:00,6751.2
2024/12/13 6:15,6717.6
2024/12/13 6:30,6786
2024/12/13 6:45,6837.6
2024/12/13 7:00,6786
2024/12/13 7:15,6681.6
2024/12/13 7:30,6781.2
2024/12/13 7:45,6799.2
2024/12/13 8:00,6730.8
2024/12/13 8:15,6613.2
2024/12/13 8:30,6799.2
2024/12/13 8:45,6805.2
2024/12/13 9:00,6716.4
2024/12/13 9:15,6859.2
2024/12/13 9:30,6808.8
2024/12/13 9:45,6897.6
2024/12/13 10:00,6534
2024/12/13 10:15,6840
2024/12/13 10:30,6835.2
2024/12/13 10:45,6642
2024/12/13 11:00,6666
2024/12/13 11:15,6698.4
2024/12/13 11:30,6978
2024/12/13 11:45,7092
2024/12/13 12:00,7066.8
2024/12/13 12:15,7173.6
2024/12/13 12:30,7104
2024/12/13 12:45,7070.4
2024/12/13 13:00,7053.6
2024/12/13 13:15,7066.8
2024/12/13 13:30,6930
2024/12/13 13:45,7144.8
2024/12/13 14:00,6476.4
2024/12/13 14:15,6868.8
2024/12/13 14:30,7030.8
2024/12/13 14:45,7192.8
2024/12/13 15:00,6517.2
2024/12/13 15:15,7201.2
2024/12/13 15:30,7194
2024/12/13 15:45,7082.4
2024/12/13 16:00,7166.4
2024/12/13 16:15,6951.6
2024/12/13 16:30,7165.2
2024/12/13 16:45,7087.2
2024/12/13 17:00,7191.6
2024/12/13 17:15,7189.2
2024/12/13 17:30,7112.4
2024/12/13 17:45,7173.6
2024/12/13 18:00,6601.2
2024/12/13 18:15,7005.6
2024/12/13 18:30,7012.8
2024/12/13 18:45,7088.4
2024/12/13 19:00,6939.6
2024/12/13 19:15,6948
2024/12/13 19:30,6912
2024/12/13 19:45,6873.6
2024/12/13 20:00,6922.8
2024/12/13 20:15,6897.6
2024/12/13 20:30,6939.6
2024/12/13 20:45,6927.6
2024/12/13 21:00,6963.6
2024/12/13 21:15,6775.2
2024/12/13 21:30,6909.6
2024/12/13 21:45,6798
2024/12/13 22:00,6854.4
2024/12/13 22:15,6674.4
2024/12/13 22:30,7082.4
2024/12/13 22:45,6976.8
2024/12/13 23:00,6907.2
2024/12/13 23:15,7041.6
2024/12/13 23:30,7054.8
2024/12/13 23:45,7014
2024/12/14 0:00,7070.4
2024/12/14 0:15,7051.2
2024/12/14 0:30,7033.2
2024/12/14 0:45,6805.2
2024/12/14 1:00,7000.8
2024/12/14 1:15,7030.8
2024/12/14 1:30,6944.4
2024/12/14 1:45,7011.6
2024/12/14 2:00,7004.4
2024/12/14 2:15,6987.6
2024/12/14 2:30,6850.8
2024/12/14 2:45,6914.4
2024/12/14 3:00,7022.4
2024/12/14 3:15,7071.6
2024/12/14 3:30,7008
2024/12/14 3:45,7048.8
2024/12/14 4:00,6933.6
2024/12/14 4:15,7071.6
2024/12/14 4:30,6805.2
2024/12/14 4:45,7022.4
2024/12/14 5:00,6987.6
2024/12/14 5:15,6865.2
2024/12/14 5:30,7000.8
2024/12/14 5:45,6806.4
2024/12/14 6:00,6966
2024/12/14 6:15,6934.8
2024/12/14 6:30,7041.6
2024/12/14 6:45,6825.6
2024/12/14 7:00,7006.8
2024/12/14 7:15,7003.2
2024/12/14 7:30,7029.6
2024/12/14 7:45,6943.2
2024/12/14 8:00,7051.2
2024/12/14 8:15,6835.2
2024/12/14 8:30,6907.2
2024/12/14 8:45,7022.4
2024/12/14 9:00,6962.4
2024/12/14 9:15,7024.8
2024/12/14 9:30,7059.6
2024/12/14 9:45,7076.4
2024/12/14 10:00,7178.4
2024/12/14 10:15,7249.2
2024/12/14 10:30,6460.8
2024/12/14 10:45,6685.2
2024/12/14 11:00,7147.2
2024/12/14 11:15,7258.8
2024/12/14 11:30,7162.8
2024/12/14 11:45,7219.2
2024/12/14 12:00,7161.6
2024/12/14 12:15,6980.4
2024/12/14 12:30,7201.2
2024/12/14 12:45,7180.8
2024/12/14 13:00,7060.8
2024/12/14 13:15,7084.8
2024/12/14 13:30,7076.4
2024/12/14 13:45,6888
2024/12/14 14:00,7094.4
2024/12/14 14:15,6840
2024/12/14 14:30,7017.6
2024/12/14 14:45,6820.8
2024/12/14 15:00,6687.6
2024/12/14 15:15,7106.4
2024/12/14 15:30,7178.4
2024/12/14 15:45,7160.4
2024/12/14 16:00,6450
2024/12/14 16:15,6428.4
2024/12/14 16:30,6474
2024/12/14 16:45,6789.6
2024/12/14 17:00,7164
2024/12/14 17:15,7167.6
2024/12/14 17:30,6999.6
2024/12/14 17:45,7160.4
2024/12/14 18:00,7096.8
2024/12/14 18:15,7108.8
2024/12/14 18:30,7080
2024/12/14 18:45,7189.2
2024/12/14 19:00,7116
2024/12/14 19:15,6758.4
2024/12/14 19:30,7135.2
2024/12/14 19:45,7136.4
2024/12/14 20:00,7166.4
2024/12/14 20:15,7052.4
2024/12/14 20:30,6933.6
2024/12/14 20:45,7141.2
2024/12/14 21:00,7170
2024/12/14 21:15,7092
2024/12/14 21:30,7159.2
2024/12/14 21:45,7126.8
2024/12/14 22:00,7039.2
2024/12/14 22:15,6824.4
2024/12/14 22:30,7002
2024/12/14 22:45,7083.6
2024/12/14 23:00,6878.4
2024/12/14 23:15,7128
2024/12/14 23:30,6963.6
2024/12/14 23:45,7053.6
2024/12/15 0:00,7040.4
2024/12/15 0:15,6858
2024/12/15 0:30,7065.6
2024/12/15 0:45,7063.2
2024/12/15 1:00,7075.2
2024/12/15 1:15,7081.2
2024/12/15 1:30,7074
2024/12/15 1:45,7060.8
2024/12/15 2:00,7027.2
2024/12/15 2:15,7068
2024/12/15 2:30,7093.2
2024/12/15 2:45,7026
2024/12/15 3:00,6883.2
2024/12/15 3:15,7100.4
2024/12/15 3:30,7032
2024/12/15 3:45,7030.8
2024/12/15 4:00,6944.4
2024/12/15 4:15,7039.2
2024/12/15 4:30,7069.2
2024/12/15 4:45,6972
2024/12/15 5:00,7011.6
2024/12/15 5:15,6850.8
2024/12/15 5:30,6986.4
2024/12/15 5:45,6752.4
2024/12/15 6:00,7056
2024/12/15 6:15,7058.4
2024/12/15 6:30,7048.8
2024/12/15 6:45,6926.4
2024/12/15 7:00,7108.8
2024/12/15 7:15,6850.8
2024/12/15 7:30,7040.4
2024/12/15 7:45,6920.4
2024/12/15 8:00,7021.2
2024/12/15 8:15,7024.8
2024/12/15 8:30,6998.4
2024/12/15 8:45,6930
2024/12/15 9:00,6972
2024/12/15 9:15,6958.8
2024/12/15 9:30,6818.4
2024/12/15 9:45,7036.8
2024/12/15 10:00,7033.2
2024/12/15 10:15,7106.4
2024/12/15 10:30,6986.4
2024/12/15 10:45,7026
2024/12/15 11:00,7086
2024/12/15 11:15,7149.6
2024/12/15 11:30,6933.6
2024/12/15 11:45,7089.6
2024/12/15 12:00,7045.2
2024/12/15 12:15,7050
2024/12/15 12:30,6976.8
2024/12/15 12:45,6864
2024/12/15 13:00,6991.2
2024/12/15 13:15,7006.8
2024/12/15 13:30,7041.6
2024/12/15 13:45,6999.6
2024/12/15 14:00,6408
2024/12/15 14:15,6306
2024/12/15 14:30,6387.6
2024/12/15 14:45,6337.2
2024/12/15 15:00,6392.4
2024/12/15 15:15,7074
2024/12/15 15:30,6927.6
2024/12/15 15:45,7081.2
2024/12/15 16:00,6894
2024/12/15 16:15,7062
2024/12/15 16:30,7129.2
2024/12/15 16:45,6934.8
2024/12/15 17:00,6958.8
2024/12/15 17:15,6733.2
2024/12/15 17:30,7027.2
2024/12/15 17:45,6729.6
2024/12/15 18:00,6981.6
2024/12/15 18:15,6969.6
2024/12/15 18:30,6949.2
2024/12/15 18:45,7000.8
2024/12/15 19:00,6922.8
2024/12/15 19:15,6992.4
2024/12/15 19:30,6987.6
2024/12/15 19:45,7003.2
2024/12/15 20:00,6931.2
2024/12/15 20:15,7008
2024/12/15 20:30,6717.6
2024/12/15 20:45,6974.4
2024/12/15 21:00,6866.4
2024/12/15 21:15,7009.2
2024/12/15 21:30,7065.6
2024/12/15 21:45,6981.6
2024/12/15 22:00,7113.6
2024/12/15 22:15,7060.8
2024/12/15 22:30,7042.8
2024/12/15 22:45,6744
2024/12/15 23:00,6927.6
2024/12/15 23:15,6958.8
2024/12/15 23:30,6884.4
2024/12/15 23:45,6776.4
2024/12/16 0:00,6824.4
2024/12/16 0:15,6973.2
2024/12/16 0:30,7010.4
2024/12/16 0:45,7045.2
2024/12/16 1:00,7041.6
2024/12/16 1:15,7029.6
2024/12/16 1:30,6975.6
2024/12/16 1:45,7008
2024/12/16 2:00,6981.6
2024/12/16 2:15,7011.6
2024/12/16 2:30,6985.2
2024/12/16 2:45,6981.6
2024/12/16 3:00,7003.2
2024/12/16 3:15,6988.8
2024/12/16 3:30,7015.2
2024/12/16 3:45,6994.8
2024/12/16 4:00,6926.4
2024/12/16 4:15,6934.8
2024/12/16 4:30,6973.2
2024/12/16 4:45,6925.2
2024/12/16 5:00,6847.2
2024/12/16 5:15,6895.2
2024/12/16 5:30,6645.6
2024/12/16 5:45,6949.2
2024/12/16 6:00,6892.8
2024/12/16 6:15,6901.2
2024/12/16 6:30,6670.8
2024/12/16 6:45,6886.8
2024/12/16 7:00,6931.2
2024/12/16 7:15,6667.2
2024/12/16 7:30,6854.4
2024/12/16 7:45,6819.6
2024/12/16 8:00,6770.4
2024/12/16 8:15,6914.4
2024/12/16 8:30,6757.2
2024/12/16 8:45,6924
2024/12/16 9:00,6916.8
2024/12/16 9:15,7020
2024/12/16 9:30,7033.2
2024/12/16 9:45,6980.4
2024/12/16 10:00,7010.4
2024/12/16 10:15,6392.4
2024/12/16 10:30,6873.6
2024/12/16 10:45,6934.8
2024/12/16 11:00,6936
2024/12/16 11:15,6453.6
2024/12/16 11:30,6970.8
2024/12/16 11:45,7011.6
2024/12/16 12:00,7046.4
2024/12/16 12:15,7042.8
2024/12/16 12:30,7011.6
2024/12/16 12:45,7035.6
2024/12/16 13:00,6813.6
2024/12/16 13:15,6873.6
2024/12/16 13:30,6919.2
2024/12/16 13:45,6801.6
2024/12/16 14:00,6512.4
2024/12/16 14:15,6933.6
2024/12/16 14:30,6950.4
2024/12/16 14:45,6746.4
2024/12/16 15:00,6838.8
2024/12/16 15:15,7178.4
2024/12/16 15:30,7010.4
2024/12/16 15:45,7202.4
2024/12/16 16:00,7156.8
2024/12/16 16:15,7081.2
2024/12/16 16:30,6921.6
2024/12/16 16:45,7179.6
2024/12/16 17:00,7215.6
2024/12/16 17:15,7180.8
2024/12/16 17:30,7174.8
2024/12/16 17:45,7180.8
2024/12/16 18:00,7120.8
2024/12/16 18:15,7080
2024/12/16 18:30,7186.8
2024/12/16 18:45,6979.2
2024/12/16 19:00,7051.2
2024/12/16 19:15,7021.2
2024/12/16 19:30,7183.2
2024/12/16 19:45,7063.2
2024/12/16 20:00,7179.6
2024/12/16 20:15,7032
2024/12/16 20:30,7100.4
2024/12/16 20:45,7069.2
2024/12/16 21:00,7086
2024/12/16 21:15,7132.8
2024/12/16 21:30,7108.8
2024/12/16 21:45,6433.2
2024/12/16 22:00,7082.4
2024/12/16 22:15,7056
2024/12/16 22:30,7124.4
2024/12/16 22:45,7093.2
2024/12/16 23:00,7021.2
2024/12/16 23:15,6385.2
2024/12/16 23:30,6944.4
2024/12/16 23:45,6943.2
2024/12/17 0:00,6997.2
2024/12/17 0:15,6465.6
2024/12/17 0:30,6424.8
2024/12/17 0:45,7021.2
2024/12/17 1:00,6999.6
2024/12/17 1:15,6967.2
2024/12/17 1:30,6968.4
2024/12/17 1:45,6900
2024/12/17 2:00,6886.8
2024/12/17 2:15,7053.6
2024/12/17 2:30,6895.2
2024/12/17 2:45,6926.4
2024/12/17 3:00,6998.4
2024/12/17 3:15,7135.2
2024/12/17 3:30,7101.6
2024/12/17 3:45,6991.2
2024/12/17 4:00,6998.4
2024/12/17 4:15,6970.8
2024/12/17 4:30,7077.6
2024/12/17 4:45,6962.4
2024/12/17 5:00,6915.6
2024/12/17 5:15,7131.6
2024/12/17 5:30,7014
2024/12/17 5:45,7034.4
2024/12/17 6:00,7080
2024/12/17 6:15,7040.4
2024/12/17 6:30,6919.2
2024/12/17 6:45,6765.6
2024/12/17 7:00,6968.4
2024/12/17 7:15,7044
2024/12/17 7:30,6985.2
2024/12/17 7:45,6824.4
2024/12/17 8:00,6903.6
2024/12/17 8:15,6979.2
2024/12/17 8:30,6945.6
2024/12/17 8:45,6996
2024/12/17 9:00,6997.2
2024/12/17 9:15,6514.8
2024/12/17 9:30,6919.2
2024/12/17 9:45,7071.6
2024/12/17 10:00,6464.4
2024/12/17 10:15,7030.8
2024/12/17 10:30,7052.4
2024/12/17 10:45,7136.4
2024/12/17 11:00,6890.4
2024/12/17 11:15,7154.4
2024/12/17 11:30,7040.4
2024/12/17 11:45,7064.4
2024/12/17 12:00,7070.4
2024/12/17 12:15,7171.2
2024/12/17 12:30,7036.8
2024/12/17 12:45,6974.4
2024/12/17 13:00,7191.6
2024/12/17 13:15,7155.6
2024/12/17 13:30,7182
2024/12/17 13:45,7222.8
2024/12/17 14:00,7147.2
2024/12/17 14:15,7116
2024/12/17 14:30,7060.8
2024/12/17 14:45,7179.6
2024/12/17 15:00,7131.6
2024/12/17 15:15,7080
2024/12/17 15:30,7112.4
2024/12/17 15:45,7093.2
2024/12/17 16:00,7141.2
2024/12/17 16:15,7112.4
2024/12/17 16:30,6807.6
2024/12/17 16:45,7094.4
2024/12/17 17:00,7047.6
2024/12/17 17:15,6794.4
2024/12/17 17:30,6758.4
2024/12/17 17:45,7140
2024/12/17 18:00,6976.8
2024/12/17 18:15,6715.2
2024/12/17 18:30,6852
2024/12/17 18:45,7050
2024/12/17 19:00,7089.6
2024/12/17 19:15,6956.4
2024/12/17 19:30,7147.2
2024/12/17 19:45,6992.4
2024/12/17 20:00,6507.6
2024/12/17 20:15,6534
2024/12/17 20:30,6996
2024/12/17 20:45,6909.6
2024/12/17 21:00,6994.8
2024/12/17 21:15,6930
2024/12/17 21:30,7003.2
2024/12/17 21:45,6610.8
2024/12/17 22:00,7017.6
2024/12/17 22:15,7185.6
2024/12/17 22:30,6925.2
2024/12/17 22:45,7112.4
2024/12/17 23:00,7032
2024/12/17 23:15,7070.4
2024/12/17 23:30,7023.6
2024/12/17 23:45,7008
2024/12/18 0:00,6991.2
2024/12/18 0:15,6898.8
2024/12/18 0:30,6990
2024/12/18 0:45,7030.8
2024/12/18 1:00,6831.6
2024/12/18 1:15,6885.6
2024/12/18 1:30,6915.6
2024/12/18 1:45,7003.2
2024/12/18 2:00,6948
2024/12/18 2:15,6834
2024/12/18 2:30,6788.4
2024/12/18 2:45,6878.4
2024/12/18 3:00,7048.8
2024/12/18 3:15,6907.2
2024/12/18 3:30,6925.2
2024/12/18 3:45,6960
2024/12/18 4:00,6987.6
2024/12/18 4:15,6921.6
2024/12/18 4:30,6987.6
2024/12/18 4:45,6901.2
2024/12/18 5:00,7000.8
2024/12/18 5:15,6822
2024/12/18 5:30,6832.8
2024/12/18 5:45,6781.2
2024/12/18 6:00,6873.6
2024/12/18 6:15,6877.2
2024/12/18 6:30,6765.6
2024/12/18 6:45,6817.2
2024/12/18 7:00,6970.8
2024/12/18 7:15,6751.2
2024/12/18 7:30,6823.2
2024/12/18 7:45,6924
2024/12/18 8:00,6840
2024/12/18 8:15,6843.6
2024/12/18 8:30,6753.6
2024/12/18 8:45,6787.2
2024/12/18 9:00,6966
2024/12/18 9:15,6942
2024/12/18 9:30,7071.6
2024/12/18 9:45,7074
2024/12/18 10:00,6481.2
2024/12/18 10:15,6996
2024/12/18 10:30,6866.4
2024/12/18 10:45,6733.2
2024/12/18 11:00,7201.2
2024/12/18 11:15,6565.2
2024/12/18 11:30,6766.8
2024/12/18 11:45,7173.6
2024/12/18 12:00,7113.6
2024/12/18 12:15,7096.8
2024/12/18 12:30,7040.4
2024/12/18 12:45,7032
2024/12/18 13:00,7076.4
2024/12/18 13:15,7096.8
2024/12/18 13:30,7128
2024/12/18 13:45,7148.4
2024/12/18 14:00,7143.6
2024/12/18 14:15,7113.6
2024/12/18 14:30,7149.6
2024/12/18 14:45,7166.4
2024/12/18 15:00,7158
2024/12/18 15:15,7214.4
2024/12/18 15:30,7200
2024/12/18 15:45,7201.2
2024/12/18 16:00,7182
2024/12/18 16:15,7238.4
2024/12/18 16:30,7170
2024/12/18 16:45,7130.4
2024/12/18 17:00,7184.4
2024/12/18 17:15,7218
2024/12/18 17:30,6854.4
2024/12/18 17:45,7051.2
2024/12/18 18:00,6730.8
2024/12/18 18:15,7203.6
2024/12/18 18:30,7162.8
2024/12/18 18:45,6456
2024/12/18 19:00,6433.2
2024/12/18 19:15,6950.4
2024/12/18 19:30,6546
2024/12/18 19:45,7108.8
2024/12/18 20:00,7149.6
2024/12/18 20:15,7119.6
2024/12/18 20:30,7088.4
2024/12/18 20:45,7100.4
2024/12/18 21:00,7155.6
2024/12/18 21:15,7045.2
2024/12/18 21:30,7059.6
2024/12/18 21:45,7154.4
2024/12/18 22:00,7045.2
2024/12/18 22:15,7171.2
2024/12/18 22:30,7126.8
2024/12/18 22:45,7138.8
2024/12/18 23:00,7082.4
2024/12/18 23:15,7098
2024/12/18 23:30,7060.8
2024/12/18 23:45,7090.8
2024/12/19 0:00,6790.8
2024/12/19 0:15,7005.6
2024/12/19 0:30,7002
2024/12/19 0:45,7083.6
2024/12/19 1:00,6974.4
2024/12/19 1:15,7014
2024/12/19 1:30,6987.6
2024/12/19 1:45,7082.4
2024/12/19 2:00,7126.8
2024/12/19 2:15,7066.8
2024/12/19 2:30,7104
2024/12/19 2:45,7058.4
2024/12/19 3:00,7047.6
2024/12/19 3:15,6975.6
2024/12/19 3:30,7174.8
2024/12/19 3:45,7094.4
2024/12/19 4:00,7108.8
2024/12/19 4:15,7113.6
2024/12/19 4:30,7125.6
2024/12/19 4:45,6954
2024/12/19 5:00,7030.8
2024/12/19 5:15,7029.6
2024/12/19 5:30,7070.4
2024/12/19 5:45,6994.8
2024/12/19 6:00,7050
2024/12/19 6:15,6972
2024/12/19 6:30,6975.6
2024/12/19 6:45,6979.2
2024/12/19 7:00,6867.6
2024/12/19 7:15,6975.6
2024/12/19 7:30,6950.4
2024/12/19 7:45,6918
2024/12/19 8:00,6856.8
2024/12/19 8:15,6834
2024/12/19 8:30,6993.6
2024/12/19 8:45,6986.4
2024/12/19 9:00,7011.6
2024/12/19 9:15,7012.8
2024/12/19 9:30,7032
2024/12/19 9:45,7032
2024/12/19 10:00,7095.6
2024/12/19 10:15,7010.4
2024/12/19 10:30,7123.2
2024/12/19 10:45,7072.8
2024/12/19 11:00,7154.4
2024/12/19 11:15,7104
2024/12/19 11:30,7125.6
2024/12/19 11:45,7165.2
2024/12/19 12:00,7020
2024/12/19 12:15,7053.6
2024/12/19 12:30,7071.6
2024/12/19 12:45,7095.6
2024/12/19 13:00,7130.4
2024/12/19 13:15,6988.8
2024/12/19 13:30,7093.2
2024/12/19 13:45,7087.2
2024/12/19 14:00,7056
2024/12/19 14:15,7202.4
2024/12/19 14:30,7117.2
2024/12/19 14:45,7159.2
2024/12/19 15:00,7036.8
2024/12/19 15:15,7107.6
2024/12/19 15:30,7168.8
2024/12/19 15:45,7126.8
2024/12/19 16:00,6458.4
2024/12/19 16:15,7105.2
2024/12/19 16:30,6793.2
2024/12/19 16:45,6973.2
2024/12/19 17:00,7042.8
2024/12/19 17:15,6601.2
2024/12/19 17:30,7039.2
2024/12/19 17:45,6879.6
2024/12/19 18:00,7098
2024/12/19 18:15,7078.8
2024/12/19 18:30,7084.8
2024/12/19 18:45,7064.4
2024/12/19 19:00,7034.4
2024/12/19 19:15,7045.2
2024/12/19 19:30,7054.8
2024/12/19 19:45,7096.8
2024/12/19 20:00,7108.8
2024/12/19 20:15,6976.8
2024/12/19 20:30,6984
2024/12/19 20:45,7128
2024/12/19 21:00,6937.2
2024/12/19 21:15,6975.6
2024/12/19 21:30,7108.8
2024/12/19 21:45,7158
2024/12/19 22:00,7082.4
2024/12/19 22:15,7084.8
2024/12/19 22:30,6488.4
2024/12/19 22:45,7048.8
2024/12/19 23:00,7066.8
2024/12/19 23:15,7045.2
2024/12/19 23:30,7004.4
2024/12/19 23:45,6910.8
2024/12/20 0:00,7000.8
2024/12/20 0:15,6999.6
2024/12/20 0:30,6993.6
2024/12/20 0:45,7018.8
2024/12/20 1:00,6853.2
2024/12/20 1:15,6886.8
2024/12/20 1:30,6711.6
2024/12/20 1:45,6888
2024/12/20 2:00,6936
2024/12/20 2:15,6763.2
2024/12/20 2:30,6861.6
2024/12/20 2:45,6864
2024/12/20 3:00,6886.8
2024/12/20 3:15,6885.6
2024/12/20 3:30,6978
2024/12/20 3:45,6862.8
2024/12/20 4:00,6792
2024/12/20 4:15,6954
2024/12/20 4:30,6934.8
2024/12/20 4:45,6890.4
2024/12/20 5:00,6922.8
2024/12/20 5:15,6836.4
2024/12/20 5:30,6825.6
2024/12/20 5:45,6651.6
2024/12/20 6:00,6872.4
2024/12/20 6:15,6860.4
2024/12/20 6:30,6873.6
2024/12/20 6:45,6868.8
2024/12/20 7:00,6873.6
2024/12/20 7:15,6756
2024/12/20 7:30,6904.8
2024/12/20 7:45,6896.4
2024/12/20 8:00,6946.8
2024/12/20 8:15,6912
2024/12/20 8:30,6836.4
2024/12/20 8:45,6876
2024/12/20 9:00,6958.8
2024/12/20 9:15,6897.6
2024/12/20 9:30,6778.8
2024/12/20 9:45,7086
2024/12/20 10:00,6460.8
2024/12/20 10:15,6913.2
2024/12/20 10:30,6630
2024/12/20 10:45,6430.8
2024/12/20 11:00,6981.6
2024/12/20 11:15,7131.6
2024/12/20 11:30,6753.6
2024/12/20 11:45,6460.8
2024/12/20 12:00,6999.6
2024/12/20 12:15,6999.6
2024/12/20 12:30,7033.2
2024/12/20 12:45,6962.4
2024/12/20 13:00,7036.8
2024/12/20 13:15,7068
2024/12/20 13:30,7087.2
2024/12/20 13:45,7093.2
2024/12/20 14:00,6688.8
2024/12/20 14:15,7021.2
2024/12/20 14:30,6993.6
2024/12/20 14:45,7190.4
2024/12/20 15:00,6892.8
2024/12/20 15:15,7234.8
2024/12/20 15:30,6637.2
2024/12/20 15:45,7039.2
2024/12/20 16:00,7029.6
2024/12/20 16:15,6979.2
2024/12/20 16:30,6781.2
2024/12/20 16:45,7094.4
2024/12/20 17:00,7060.8
2024/12/20 17:15,7005.6
2024/12/20 17:30,7102.8
2024/12/20 17:45,7063.2
2024/12/20 18:00,7178.4
2024/12/20 18:15,7190.4
2024/12/20 18:30,7125.6
2024/12/20 18:45,6937.2
2024/12/20 19:00,7069.2
2024/12/20 19:15,7106.4
2024/12/20 19:30,7117.2
2024/12/20 19:45,7038
2024/12/20 20:00,7155.6
2024/12/20 20:15,7146
2024/12/20 20:30,6843.6
2024/12/20 20:45,6460.8
2024/12/20 21:00,6630
2024/12/20 21:15,6934.8
2024/12/20 21:30,7012.8
2024/12/20 21:45,6499.2
2024/12/20 22:00,6787.2
2024/12/20 22:15,7087.2
2024/12/20 22:30,7023.6
2024/12/20 22:45,7041.6
2024/12/20 23:00,6824.4
2024/12/20 23:15,7012.8
2024/12/20 23:30,6985.2
2024/12/20 23:45,6990
2024/12/21 0:00,7054.8
2024/12/21 0:15,7090.8
2024/12/21 0:30,7082.4
2024/12/21 0:45,7102.8
2024/12/21 1:00,7024.8
2024/12/21 1:15,7051.2
2024/12/21 1:30,7110
2024/12/21 1:45,6945.6
2024/12/21 2:00,7100.4
2024/12/21 2:15,6925.2
2024/12/21 2:30,7095.6
2024/12/21 2:45,7107.6
2024/12/21 3:00,7063.2
2024/12/21 3:15,7104
2024/12/21 3:30,7051.2
2024/12/21 3:45,7020
2024/12/21 4:00,7000.8
2024/12/21 4:15,7057.2
2024/12/21 4:30,6997.2
2024/12/21 4:45,6980.4
2024/12/21 5:00,7018.8
2024/12/21 5:15,7029.6
2024/12/21 5:30,6800.4
2024/12/21 5:45,7102.8
2024/12/21 6:00,7014
2024/12/21 6:15,7060.8
2024/12/21 6:30,7005.6
2024/12/21 6:45,7012.8
2024/12/21 7:00,6969.6
2024/12/21 7:15,7039.2
2024/12/21 7:30,7036.8
2024/12/21 7:45,7002
2024/12/21 8:00,7086
2024/12/21 8:15,7065.6
2024/12/21 8:30,7042.8
2024/12/21 8:45,6925.2
2024/12/21 9:00,7094.4
2024/12/21 9:15,6994.8
2024/12/21 9:30,7076.4
2024/12/21 9:45,7047.6
2024/12/21 10:00,7051.2
2024/12/21 10:15,7033.2
2024/12/21 10:30,6454.8
2024/12/21 10:45,6441.6
2024/12/21 11:00,6602.4
2024/12/21 11:15,6423.6
2024/12/21 11:30,6555.6
2024/12/21 11:45,6636
2024/12/21 12:00,6435.6
2024/12/21 12:15,6397.2
2024/12/21 12:30,6433.2
2024/12/21 12:45,6404.4
2024/12/21 13:00,6429.6
2024/12/21 13:15,6462
2024/12/21 13:30,6434.4
2024/12/21 13:45,6775.2
2024/12/21 14:00,6860.4
2024/12/21 14:15,6975.6
2024/12/21 14:30,6507.6
2024/12/21 14:45,7032
2024/12/21 15:00,6861.6
2024/12/21 15:15,6457.2
2024/12/21 15:30,6453.6
2024/12/21 15:45,6457.2
2024/12/21 16:00,6405.6
2024/12/21 16:15,6373.2
2024/12/21 16:30,6397.2
2024/12/21 16:45,6406.8
2024/12/21 17:00,6412.8
2024/12/21 17:15,6416.4
2024/12/21 17:30,6592.8
2024/12/21 17:45,6483.6
2024/12/21 18:00,6508.8
2024/12/21 18:15,6927.6
2024/12/21 18:30,6523.2
2024/12/21 18:45,6483.6
2024/12/21 19:00,6882
2024/12/21 19:15,6868.8
2024/12/21 19:30,6910.8
2024/12/21 19:45,6904.8
2024/12/21 20:00,6474
2024/12/21 20:15,6442.8
2024/12/21 20:30,6446.4
2024/12/21 20:45,6465.6
2024/12/21 21:00,7029.6
2024/12/21 21:15,7179.6
2024/12/21 21:30,7237.2
2024/12/21 21:45,7032
2024/12/21 22:00,6613.2
2024/12/21 22:15,6942
2024/12/21 22:30,6661.2
2024/12/21 22:45,6769.2
2024/12/21 23:00,7028.4
2024/12/21 23:15,6939.6
2024/12/21 23:30,7080
2024/12/21 23:45,6883.2
2024/12/22 0:00,6906
2024/12/22 0:15,7088.4
2024/12/22 0:30,7066.8
2024/12/22 0:45,6891.6
2024/12/22 1:00,7104
2024/12/22 1:15,6570
2024/12/22 1:30,7111.2
2024/12/22 1:45,7122
2024/12/22 2:00,6438
2024/12/22 2:15,7100.4
2024/12/22 2:30,7111.2
2024/12/22 2:45,7171.2
2024/12/22 3:00,6674.4
2024/12/22 3:15,7228.8
2024/12/22 3:30,7252.8
2024/12/22 3:45,6693.6
2024/12/22 4:00,7262.4
2024/12/22 4:15,7272
2024/12/22 4:30,6853.2
2024/12/22 4:45,7203.6
2024/12/22 5:00,7214.4
2024/12/22 5:15,7166.4
2024/12/22 5:30,6538.8
2024/12/22 5:45,6601.2
2024/12/22 6:00,6492
2024/12/22 6:15,6572.4
2024/12/22 6:30,6553.2
2024/12/22 6:45,7114.8
2024/12/22 7:00,6952.8
2024/12/22 7:15,7112.4
2024/12/22 7:30,6901.2
2024/12/22 7:45,7129.2
2024/12/22 8:00,7143.6
2024/12/22 8:15,7119.6
2024/12/22 8:30,7104
2024/12/22 8:45,7020
2024/12/22 9:00,7167.6
2024/12/22 9:15,7140
2024/12/22 9:30,7171.2
2024/12/22 9:45,7048.8
2024/12/22 10:00,7222.8
2024/12/22 10:15,7207.2
2024/12/22 10:30,6642
2024/12/22 10:45,6922.8
2024/12/22 11:00,6940.8
2024/12/22 11:15,6580.8
2024/12/22 11:30,7178.4
2024/12/22 11:45,7020
2024/12/22 12:00,7208.4
2024/12/22 12:15,6549.6
2024/12/22 12:30,7232.4
2024/12/22 12:45,7194
2024/12/22 13:00,6495.6
2024/12/22 13:15,6392.4
2024/12/22 13:30,6403.2
2024/12/22 13:45,6398.4
2024/12/22 14:00,6505.2
2024/12/22 14:15,7110
2024/12/22 14:30,7177.2
2024/12/22 14:45,7225.2
2024/12/22 15:00,7281.6
2024/12/22 15:15,7282.8
2024/12/22 15:30,7245.6
2024/12/22 15:45,7222.8
2024/12/22 16:00,7028.4
2024/12/22 16:15,7209.6
2024/12/22 16:30,7268.4
2024/12/22 16:45,7069.2
2024/12/22 17:00,7035.6
2024/12/22 17:15,7084.8
2024/12/22 17:30,7191.6
2024/12/22 17:45,6532.8
2024/12/22 18:00,6667.2
2024/12/22 18:15,6981.6
2024/12/22 18:30,7207.2
2024/12/22 18:45,6560.4
2024/12/22 19:00,6974.4
2024/12/22 19:15,6982.8
2024/12/22 19:30,6981.6
2024/12/22 19:45,6980.4
2024/12/22 20:00,6998.4
2024/12/22 20:15,7000.8
2024/12/22 20:30,6991.2
2024/12/22 20:45,7021.2
2024/12/22 21:00,7005.6
2024/12/22 21:15,6513.6
2024/12/22 21:30,6546
2024/12/22 21:45,6547.2
2024/12/22 22:00,6534
2024/12/22 22:15,6530.4
2024/12/22 22:30,6523.2
2024/12/22 22:45,6530.4
2024/12/22 23:00,6462
2024/12/22 23:15,6432
2024/12/22 23:30,6482.4
2024/12/22 23:45,6489.6
2024/12/23 0:00,6504
2024/12/23 0:15,6542.4
2024/12/23 0:30,6547.2
2024/12/23 0:45,6494.4
2024/12/23 1:00,6511.2
2024/12/23 1:15,6469.2
2024/12/23 1:30,6507.6
2024/12/23 1:45,6481.2
2024/12/23 2:00,6457.2
2024/12/23 2:15,6510
2024/12/23 2:30,6522
2024/12/23 2:45,6444
2024/12/23 3:00,6453.6
2024/12/23 3:15,6506.4
2024/12/23 3:30,6507.6
2024/12/23 3:45,6444
2024/12/23 4:00,6448.8
2024/12/23 4:15,6459.6
2024/12/23 4:30,6501.6
2024/12/23 4:45,6510
2024/12/23 5:00,6482.4
2024/12/23 5:15,6500.4
2024/12/23 5:30,6451.2
2024/12/23 5:45,6392.4
2024/12/23 6:00,6451.2
2024/12/23 6:15,6416.4
2024/12/23 6:30,6439.2
2024/12/23 6:45,6357.6
2024/12/23 7:00,6434.4
2024/12/23 7:15,6411.6
2024/12/23 7:30,6414
2024/12/23 7:45,6399.6
2024/12/23 8:00,6410.4
2024/12/23 8:15,6410.4
2024/12/23 8:30,6398.4
2024/12/23 8:45,6474
2024/12/23 9:00,6459.6
2024/12/23 9:15,6475.2
2024/12/23 9:30,6495.6
2024/12/23 9:45,6522
2024/12/23 10:00,6504
2024/12/23 10:15,6516
2024/12/23 10:30,6495.6
2024/12/23 10:45,6406.8
2024/12/23 11:00,7068
2024/12/23 11:15,6381.6
2024/12/23 11:30,6870
2024/12/23 11:45,6878.4
2024/12/23 12:00,6880.8
2024/12/23 12:15,6909.6
2024/12/23 12:30,6435.6
2024/12/23 12:45,6453.6
2024/12/23 13:00,6889.2
2024/12/23 13:15,6372
2024/12/23 13:30,6867.6
2024/12/23 13:45,6411.6
2024/12/23 14:00,6894
2024/12/23 14:15,7099.2
2024/12/23 14:30,7041.6
2024/12/23 14:45,6508.8
2024/12/23 15:00,6390
2024/12/23 15:15,7144.8
2024/12/23 15:30,7024.8
2024/12/23 15:45,7129.2
2024/12/23 16:00,7158
2024/12/23 16:15,7154.4
2024/12/23 16:30,7117.2
2024/12/23 16:45,7060.8
2024/12/23 17:00,7252.8
2024/12/23 17:15,6848.4
2024/12/23 17:30,6812.4
2024/12/23 17:45,6750
2024/12/23 18:00,6912
2024/12/23 18:15,7174.8
2024/12/23 18:30,7035.6
2024/12/23 18:45,7155.6
2024/12/23 19:00,7002
2024/12/23 19:15,7028.4
2024/12/23 19:30,6986.4
2024/12/23 19:45,6512.4
2024/12/23 20:00,6896.4
2024/12/23 20:15,6826.8
2024/12/23 20:30,6656.4
2024/12/23 20:45,7045.2
2024/12/23 21:00,7062
2024/12/23 21:15,7048.8
2024/12/23 21:30,7010.4
2024/12/23 21:45,7022.4
2024/12/23 22:00,7046.4
2024/12/23 22:15,6894
2024/12/23 22:30,7045.2
2024/12/23 22:45,7076.2
2024/12/23 23:00,7046
2024/12/23 23:15,7005
2024/12/23 23:30,6962.8
2024/12/23 23:45,7045.4
2024/12/24 0:00,7069.2
2024/12/24 0:15,6945.6
2024/12/24 0:30,7020
2024/12/24 0:45,7036.8
2024/12/24 1:00,6966
2024/12/24 1:15,7027.2
2024/12/24 1:30,6982.8
2024/12/24 1:45,7018.8
2024/12/24 2:00,6811.2
2024/12/24 2:15,7028.4
2024/12/24 2:30,6973.2
2024/12/24 2:45,6915.6
2024/12/24 3:00,6920.4
2024/12/24 3:15,7018.8
2024/12/24 3:30,6969.6
2024/12/24 3:45,6975.6
2024/12/24 4:00,7014
2024/12/24 4:15,7072.8
2024/12/24 4:30,6900
2024/12/24 4:45,6982.8
2024/12/24 5:00,7069.2
2024/12/24 5:15,6933.6
2024/12/24 5:30,6970.8
2024/12/24 5:45,6932.4
2024/12/24 6:00,6879.6
2024/12/24 6:15,6883.2
2024/12/24 6:30,6903.6
2024/12/24 6:45,6888
2024/12/24 7:00,6984
2024/12/24 7:15,6850.8
2024/12/24 7:30,6936
2024/12/24 7:45,6949.2
2024/12/24 8:00,6993.6
2024/12/24 8:15,6999.6
2024/12/24 8:30,6942
2024/12/24 8:45,6952.8
2024/12/24 9:00,6946.8
2024/12/24 9:15,6915.6
2024/12/24 9:30,6838.8
2024/12/24 9:45,6874.8
2024/12/24 10:00,6460.8
2024/12/24 10:15,7059.6
2024/12/24 10:30,6522
2024/12/24 10:45,6597.6
2024/12/24 11:00,7029.6
2024/12/24 11:15,6913.2
2024/12/24 11:30,7137.6
2024/12/24 11:45,7076.4
2024/12/24 12:00,6997.2
2024/12/24 12:15,6765.6
2024/12/24 12:30,6958.8
2024/12/24 12:45,6964.8
2024/12/24 13:00,6481.2
2024/12/24 13:15,7017.6
2024/12/24 13:30,7058.4
2024/12/24 13:45,6802.8
2024/12/24 14:00,6649.2
2024/12/24 14:15,6674.4
2024/12/24 14:30,6570
2024/12/24 14:45,6751.2
2024/12/24 15:00,6633.6
2024/12/24 15:15,7016.4
2024/12/24 15:30,6541.2
2024/12/24 15:45,6753.6
2024/12/24 16:00,6894
2024/12/24 16:15,6662.4
2024/12/24 16:30,6496.8
2024/12/24 16:45,6564
2024/12/24 17:00,6493.2
2024/12/24 17:15,6456
2024/12/24 17:30,6422.4
2024/12/24 17:45,6412.8
2024/12/24 18:00,6662.4
2024/12/24 18:15,6501.6
2024/12/24 18:30,6504
2024/12/24 18:45,6470.4
2024/12/24 19:00,6540
2024/12/24 19:15,6583.2
2024/12/24 19:30,6490.8
2024/12/24 19:45,6897.6
2024/12/24 20:00,6946.8
2024/12/24 20:15,6901.2
2024/12/24 20:30,6770.4
2024/12/24 20:45,6670.8
2024/12/24 21:00,6867.6
2024/12/24 21:15,7086
2024/12/24 21:30,6756
2024/12/24 21:45,7018.8
2024/12/24 22:00,6680.4
2024/12/24 22:15,6626.4
2024/12/24 22:30,6546
2024/12/24 22:45,6578.4
2024/12/24 23:00,7087.2
2024/12/24 23:15,7048.8
2024/12/24 23:30,7064.4
2024/12/24 23:45,6960
2024/12/25 0:00,6982.8
2024/12/25 0:15,7062
2024/12/25 0:30,6932.4
2024/12/25 0:45,6996
2024/12/25 1:00,6945.6
2024/12/25 1:15,6932.4
2024/12/25 1:30,6969.6
2024/12/25 1:45,7042.8
2024/12/25 2:00,7026
2024/12/25 2:15,7080
2024/12/25 2:30,7027.2
2024/12/25 2:45,6938.4
2024/12/25 3:00,6886.8
2024/12/25 3:15,6966
2024/12/25 3:30,6972
2024/12/25 3:45,6963.6
2024/12/25 4:00,6930
2024/12/25 4:15,6886.8
2024/12/25 4:30,6790.8
2024/12/25 4:45,6877.2
2024/12/25 5:00,6826.8
2024/12/25 5:15,6889.2
2024/12/25 5:30,6757.2
2024/12/25 5:45,6835.2
2024/12/25 6:00,6848.4
2024/12/25 6:15,6867.6
2024/12/25 6:30,6837.6
2024/12/25 6:45,6811.2
2024/12/25 7:00,6778.8
2024/12/25 7:15,6740.4
2024/12/25 7:30,6872.4
2024/12/25 7:45,6664.8
2024/12/25 8:00,6753.6
2024/12/25 8:15,6690
2024/12/25 8:30,6898.8
2024/12/25 8:45,6924
2024/12/25 9:00,6802.8
2024/12/25 9:15,6897.6
2024/12/25 9:30,6931.2
2024/12/25 9:45,6860.4
2024/12/25 10:00,6828
2024/12/25 10:15,6974.4
2024/12/25 10:30,6847.2
2024/12/25 10:45,7033.2
2024/12/25 11:00,7010.4
2024/12/25 11:15,7112.4
2024/12/25 11:30,7004.4
2024/12/25 11:45,6656.4
2024/12/25 12:00,6643.2
2024/12/25 12:15,6912
2024/12/25 12:30,7020
2024/12/25 12:45,7077.6
2024/12/25 13:00,6927.6
2024/12/25 13:15,6868.8
2024/12/25 13:30,6847.2
2024/12/25 13:45,6759.6
2024/12/25 14:00,7039.2
2024/12/25 14:15,7050
2024/12/25 14:30,6451.2
2024/12/25 14:45,7122
2024/12/25 15:00,7052.4
2024/12/25 15:15,7117.2
2024/12/25 15:30,6957.6
2024/12/25 15:45,7069.2
2024/12/25 16:00,7141.2
2024/12/25 16:15,6850.8
2024/12/25 16:30,6894
2024/12/25 16:45,6966
2024/12/25 17:00,6937.2
2024/12/25 17:15,6465.6
2024/12/25 17:30,7092
2024/12/25 17:45,6942
2024/12/25 18:00,6939.6
2024/12/25 18:15,6938.4
2024/12/25 18:30,6976.8
2024/12/25 18:45,6930
2024/12/25 19:00,7015.2
2024/12/25 19:15,6804
2024/12/25 19:30,6740.4
2024/12/25 19:45,6832.8
2024/12/25 20:00,7154.4
2024/12/25 20:15,6958.8
2024/12/25 20:30,7016.4
2024/12/25 20:45,6948
2024/12/25 21:00,6931.2
2024/12/25 21:15,7119.6
2024/12/25 21:30,6970.8
2024/12/25 21:45,6862.8
2024/12/25 22:00,6986.4
2024/12/25 22:15,7014
2024/12/25 22:30,6938.4
2024/12/25 22:45,7009.2
2024/12/25 23:00,6590.4
2024/12/25 23:15,6874.8
2024/12/25 23:30,6921.6
2024/12/25 23:45,6938.4
2024/12/26 0:00,6960
2024/12/26 0:15,7032
2024/12/26 0:30,6906
2024/12/26 0:45,6903.6
2024/12/26 1:00,6938.4
2024/12/26 1:15,6888
2024/12/26 1:30,6801.6
2024/12/26 1:45,6944.4
2024/12/26 2:00,6828
2024/12/26 2:15,6900
2024/12/26 2:30,6912
2024/12/26 2:45,6745.2
2024/12/26 3:00,6925.2
2024/12/26 3:15,6963.6
2024/12/26 3:30,6866.4
2024/12/26 3:45,6852
2024/12/26 4:00,6852
2024/12/26 4:15,6867.6
2024/12/26 4:30,6979.2
2024/12/26 4:45,6921.6
2024/12/26 5:00,6884.4
2024/12/26 5:15,6961.2
2024/12/26 5:30,6886.8
2024/12/26 5:45,6894
2024/12/26 6:00,6938.4
2024/12/26 6:15,7004.4
2024/12/26 6:30,6915.6
2024/12/26 6:45,6949.2
2024/12/26 7:00,6768
2024/12/26 7:15,6932.4
2024/12/26 7:30,6916.8
2024/12/26 7:45,6877.2
2024/12/26 8:00,6954
2024/12/26 8:15,6870
2024/12/26 8:30,6896.4
2024/12/26 8:45,6836.4
2024/12/26 9:00,6948
2024/12/26 9:15,6943.2
2024/12/26 9:30,7053.6
2024/12/26 9:45,7120.8
2024/12/26 10:00,7056
2024/12/26 10:15,6603.6
2024/12/26 10:30,6961.2
2024/12/26 10:45,6938.4
2024/12/26 11:00,7165.2
2024/12/26 11:15,7190.4
2024/12/26 11:30,7216.8
2024/12/26 11:45,7191.6
2024/12/26 12:00,7188
2024/12/26 12:15,6972
2024/12/26 12:30,7213.2
2024/12/26 12:45,7177.2
2024/12/26 13:00,7232.4
2024/12/26 13:15,7215.6
2024/12/26 13:30,7248
2024/12/26 13:45,7256.4
2024/12/26 14:00,7113.6
2024/12/26 14:15,7224
2024/12/26 14:30,7215.6
2024/12/26 14:45,7226.4
2024/12/26 15:00,7288.8
2024/12/26 15:15,7188
2024/12/26 15:30,7034.4
2024/12/26 15:45,7224
2024/12/26 16:00,7222.8
2024/12/26 16:15,7252.8
2024/12/26 16:30,7167.6
2024/12/26 16:45,7208.4
2024/12/26 17:00,7210.8
2024/12/26 17:15,7261.2
2024/12/26 17:30,7233.6
2024/12/26 17:45,7221.6
2024/12/26 18:00,7202.4
2024/12/26 18:15,7242
2024/12/26 18:30,7198.8
2024/12/26 18:45,7074
2024/12/26 19:00,7230
2024/12/26 19:15,7192.8
2024/12/26 19:30,7281.6
2024/12/26 19:45,7203.6
2024/12/26 20:00,7212
2024/12/26 20:15,7141.2
2024/12/26 20:30,6630
2024/12/26 20:45,6576
2024/12/26 21:00,6410.4
2024/12/26 21:15,6399.6
2024/12/26 21:30,6416.4
2024/12/26 21:45,6415.2
2024/12/26 22:00,6411.6
2024/12/26 22:15,6388.8
2024/12/26 22:30,6390
2024/12/26 22:45,6338.4
2024/12/26 23:00,6388.8
2024/12/26 23:15,6332.4
2024/12/26 23:30,6416.4
2024/12/26 23:45,6362.4
2024/12/27 0:00,6372
2024/12/27 0:15,6373.2
2024/12/27 0:30,6368.4
2024/12/27 0:45,6380.4
2024/12/27 1:00,6406.8
2024/12/27 1:15,6358.8
2024/12/27 1:30,6342
2024/12/27 1:45,6310.8
2024/12/27 2:00,6300
2024/12/27 2:15,6298.8
2024/12/27 2:30,6272.4
2024/12/27 2:45,6282
2024/12/27 3:00,6256.8
2024/12/27 3:15,6328.8
2024/12/27 3:30,6345.6
2024/12/27 3:45,6297.6
2024/12/27 4:00,6284.4
2024/12/27 4:15,6265.2
2024/12/27 4:30,6248.4
2024/12/27 4:45,6276
2024/12/27 5:00,6256.8
2024/12/27 5:15,6216
2024/12/27 5:30,6186
2024/12/27 5:45,6160.8
2024/12/27 6:00,6183.6
2024/12/27 6:15,6186
2024/12/27 6:30,6207.6
2024/12/27 6:45,6180
2024/12/27 7:00,6198
2024/12/27 7:15,6214.8
2024/12/27 7:30,6146.4
2024/12/27 7:45,6174
2024/12/27 8:00,6187.2
2024/12/27 8:15,6222
2024/12/27 8:30,6280.8
2024/12/27 8:45,6277.2
2024/12/27 9:00,6326.4
2024/12/27 9:15,6345.6
2024/12/27 9:30,6310.8
2024/12/27 9:45,6348
2024/12/27 10:00,6362.4
2024/12/27 10:15,7046.4
2024/12/27 10:30,7065.6
2024/12/27 10:45,7046.4
2024/12/27 11:00,7106.4
2024/12/27 11:15,7120.8
2024/12/27 11:30,7108.8
2024/12/27 11:45,7135.2
2024/12/27 12:00,7153.2
2024/12/27 12:15,6439.2
2024/12/27 12:30,7142.4
2024/12/27 12:45,7140
2024/12/27 13:00,7192.8
2024/12/27 13:15,7147.2
2024/12/27 13:30,7143.6
2024/12/27 13:45,7158
2024/12/27 14:00,7155.6
2024/12/27 14:15,7180.8
2024/12/27 14:30,7173.6
2024/12/27 14:45,6766.8
2024/12/27 15:00,7156.8
2024/12/27 15:15,7184.4
2024/12/27 15:30,7137.6
2024/12/27 15:45,7072.8
2024/12/27 16:00,7111.2
2024/12/27 16:15,7162.8
2024/12/27 16:30,6883.2
2024/12/27 16:45,6735.6
2024/12/27 17:00,6975.6
2024/12/27 17:15,6510
2024/12/27 17:30,6478.8
2024/12/27 17:45,6481.2
2024/12/27 18:00,6918
2024/12/27 18:15,6452.4
2024/12/27 18:30,6415.2
2024/12/27 18:45,7166.4
2024/12/27 19:00,7093.2
2024/12/27 19:15,7158
2024/12/27 19:30,7174.8
2024/12/27 19:45,7186.8
2024/12/27 20:00,6444
2024/12/27 20:15,6991.2
2024/12/27 20:30,6572.4
2024/12/27 20:45,7131.6
2024/12/27 21:00,7122
2024/12/27 21:15,7120.8
2024/12/27 21:30,7114.8
2024/12/27 21:45,7117.2
2024/12/27 22:00,6556.8
2024/12/27 22:15,6688.8
2024/12/27 22:30,7167.6
2024/12/27 22:45,7165.2
2024/12/27 23:00,7200
2024/12/27 23:15,6512.4
2024/12/27 23:30,7150.8
2024/12/27 23:45,7150.8
2024/12/28 0:00,7132.8
2024/12/28 0:15,7070.4
2024/12/28 0:30,7098
2024/12/28 0:45,7117.2
2024/12/28 1:00,7084.8
2024/12/28 1:15,7087.2
2024/12/28 1:30,7102.8
2024/12/28 1:45,7098
2024/12/28 2:00,7134
2024/12/28 2:15,7078.8
2024/12/28 2:30,7040.4
2024/12/28 2:45,7098
2024/12/28 3:00,7101.6
2024/12/28 3:15,7112.4
2024/12/28 3:30,7053.6
2024/12/28 3:45,7054.8
2024/12/28 4:00,7087.2
2024/12/28 4:15,7101.6
2024/12/28 4:30,7063.2
2024/12/28 4:45,7101.6
2024/12/28 5:00,7078.8
2024/12/28 5:15,7053.6
2024/12/28 5:30,6999.6
2024/12/28 5:45,7051.2
2024/12/28 6:00,6985.2
2024/12/28 6:15,7024.8
2024/12/28 6:30,7011.6
2024/12/28 6:45,7028.4
2024/12/28 7:00,7024.8
2024/12/28 7:15,7016.4
2024/12/28 7:30,7038
2024/12/28 7:45,7083.6
2024/12/28 8:00,7063.2
2024/12/28 8:15,7041.6
2024/12/28 8:30,7028.4
2024/12/28 8:45,7021.2
2024/12/28 9:00,7080
2024/12/28 9:15,7072.8
2024/12/28 9:30,6884.4
2024/12/28 9:45,6430.8
2024/12/28 10:00,6907.2
2024/12/28 10:15,6676.8
2024/12/28 10:30,7096.8
2024/12/28 10:45,6439.2
2024/12/28 11:00,6642
2024/12/28 11:15,7081.2
2024/12/28 11:30,7141.2
2024/12/28 11:45,6387.6
2024/12/28 12:00,6862.8
2024/12/28 12:15,6958.8
2024/12/28 12:30,6760.8
2024/12/28 12:45,6536.4
2024/12/28 13:00,6588
2024/12/28 13:15,6812.4
2024/12/28 13:30,7094.4
2024/12/28 13:45,6976.8
2024/12/28 14:00,7143.6
2024/12/28 14:15,7102.8
2024/12/28 14:30,6499.2
2024/12/28 14:45,6650.4
2024/12/28 15:00,7111.2
2024/12/28 15:15,7018.8
2024/12/28 15:30,7042.8
2024/12/28 15:45,7156.8
2024/12/28 16:00,7173.6
2024/12/28 16:15,7186.8
2024/12/28 16:30,7167.6
2024/12/28 16:45,7158
2024/12/28 17:00,7076.4
2024/12/28 17:15,7171.2
2024/12/28 17:30,6921.6
2024/12/28 17:45,6920.4
2024/12/28 18:00,6877.2
2024/12/28 18:15,6940.8
2024/12/28 18:30,6459.6
2024/12/28 18:45,6441.6
2024/12/28 19:00,6582
2024/12/28 19:15,6818.4
2024/12/28 19:30,6865.2
2024/12/28 19:45,6795.6
2024/12/28 20:00,6446.4
2024/12/28 20:15,6420
2024/12/28 20:30,6482.4
2024/12/28 20:45,7052.4
2024/12/28 21:00,6772.8
2024/12/28 21:15,7058.4
2024/12/28 21:30,6897.6
2024/12/28 21:45,7035.6
2024/12/28 22:00,7082.4
2024/12/28 22:15,6540
2024/12/28 22:30,6961.2
2024/12/28 22:45,7102.8
2024/12/28 23:00,7153.2
2024/12/28 23:15,6630
2024/12/28 23:30,6919.2
2024/12/28 23:45,7086
2024/12/29 0:00,7065.6
2024/12/29 0:15,7155.6
2024/12/29 0:30,7159.2
2024/12/29 0:45,7010.4
2024/12/29 1:00,7089.6
2024/12/29 1:15,7111.2
2024/12/29 1:30,6798
2024/12/29 1:45,6879.6
2024/12/29 2:00,6897.6
2024/12/29 2:15,7106.4
2024/12/29 2:30,6900
2024/12/29 2:45,6756
2024/12/29 3:00,6873.6
2024/12/29 3:15,7082.4
2024/12/29 3:30,7134
2024/12/29 3:45,6889.2
2024/12/29 4:00,7094.4
2024/12/29 4:15,7122
2024/12/29 4:30,6981.6
2024/12/29 4:45,7124.4
2024/12/29 5:00,7040.4
2024/12/29 5:15,7123.2
2024/12/29 5:30,7028.4
2024/12/29 5:45,6930
2024/12/29 6:00,7026
2024/12/29 6:15,7048.8
2024/12/29 6:30,7006.8
2024/12/29 6:45,7046.4
2024/12/29 7:00,6810
2024/12/29 7:15,7018.8
2024/12/29 7:30,7062
2024/12/29 7:45,6846
2024/12/29 8:00,7027.2
2024/12/29 8:15,7105.2
2024/12/29 8:30,6868.8
2024/12/29 8:45,6918
2024/12/29 9:00,7102.8
2024/12/29 9:15,7100.4
2024/12/29 9:30,7090.8
2024/12/29 9:45,6854.4
2024/12/29 10:00,7150.8
2024/12/29 10:15,6939.6
2024/12/29 10:30,6978
2024/12/29 10:45,6974.4
2024/12/29 11:00,6946.8
2024/12/29 11:15,7048.8
2024/12/29 11:30,7164
2024/12/29 11:45,7152
2024/12/29 12:00,6962.4
2024/12/29 12:15,7162.8
2024/12/29 12:30,7155.6
2024/12/29 12:45,6884.4
2024/12/29 13:00,6999.6
2024/12/29 13:15,7124.4
2024/12/29 13:30,6910.8
2024/12/29 13:45,7119.6
2024/12/29 14:00,7172.4
2024/12/29 14:15,7117.2
2024/12/29 14:30,7168.8
2024/12/29 14:45,7114.8
2024/12/29 15:00,6992.4
2024/12/29 15:15,7280.4
2024/12/29 15:30,7195.2
2024/12/29 15:45,7226.4
2024/12/29 16:00,6870
2024/12/29 16:15,7150.8
2024/12/29 16:30,7004.4
2024/12/29 16:45,7210.8
2024/12/29 17:00,7138.8
2024/12/29 17:15,7236
2024/12/29 17:30,7048.8
2024/12/29 17:45,7106.4
2024/12/29 18:00,7298.4
2024/12/29 18:15,7195.2
2024/12/29 18:30,7254
2024/12/29 18:45,7266
2024/12/29 19:00,7123.2
2024/12/29 19:15,7225.2
2024/12/29 19:30,7222.8
2024/12/29 19:45,7213.2
2024/12/29 20:00,7236
2024/12/29 20:15,7045.2
2024/12/29 20:30,6999.6
2024/12/29 20:45,7186.8
2024/12/29 21:00,7152
2024/12/29 21:15,7159.2
2024/12/29 21:30,7104
2024/12/29 21:45,7014
2024/12/29 22:00,7218
2024/12/29 22:15,6968.4
2024/12/29 22:30,7208.4
2024/12/29 22:45,7179.6
2024/12/29 23:00,7250.4
2024/12/29 23:15,6967.2
2024/12/29 23:30,7203.6
2024/12/29 23:45,7110
2024/12/30 0:00,7178.4
2024/12/30 0:15,7095.6
2024/12/30 0:30,7023.6
2024/12/30 0:45,7156.8
2024/12/30 1:00,7138.8
2024/12/30 1:15,7022.4
2024/12/30 1:30,7188
2024/12/30 1:45,7110
2024/12/30 2:00,7147.2
2024/12/30 2:15,7138.8
2024/12/30 2:30,7147.2
2024/12/30 2:45,7141.2
2024/12/30 3:00,7086
2024/12/30 3:15,7154.4
2024/12/30 3:30,7148.4
2024/12/30 3:45,7112.4
2024/12/30 4:00,7137.6
2024/12/30 4:15,7112.4
2024/12/30 4:30,7146
2024/12/30 4:45,7194
2024/12/30 5:00,7114.8
2024/12/30 5:15,7184.4
2024/12/30 5:30,7178.4
2024/12/30 5:45,7074
2024/12/30 6:00,7095.6
2024/12/30 6:15,7084.8
2024/12/30 6:30,7167.6
2024/12/30 6:45,7110
2024/12/30 7:00,7056
2024/12/30 7:15,7093.2
2024/12/30 7:30,7026
2024/12/30 7:45,7114.8
2024/12/30 8:00,7011.6
2024/12/30 8:15,7076.4
2024/12/30 8:30,7066.8
2024/12/30 8:45,7074
2024/12/30 9:00,7161.6
2024/12/30 9:15,7099.2
2024/12/30 9:30,7053.6
2024/12/30 9:45,7081.2
2024/12/30 10:00,7042.8
2024/12/30 10:15,7027.2
2024/12/30 10:30,7104
2024/12/30 10:45,7065.6
2024/12/30 11:00,7068
2024/12/30 11:15,7120.8
2024/12/30 11:30,7076.4
2024/12/30 11:45,7099.2
2024/12/30 12:00,7078.8
2024/12/30 12:15,7012.8
2024/12/30 12:30,7120.8
2024/12/30 12:45,7124.4
2024/12/30 13:00,7146
2024/12/30 13:15,7141.2
2024/12/30 13:30,7177.2
2024/12/30 13:45,7106.4
2024/12/30 14:00,7143.6
2024/12/30 14:15,7153.2
2024/12/30 14:30,7143.6
2024/12/30 14:45,7117.2
2024/12/30 15:00,7118.4
2024/12/30 15:15,7132.8
2024/12/30 15:30,7137.6
2024/12/30 15:45,7160.4
2024/12/30 16:00,7179.6
2024/12/30 16:15,7134
2024/12/30 16:30,7137.6
2024/12/30 16:45,7166.4
2024/12/30 17:00,7107.6
2024/12/30 17:15,7081.2
2024/12/30 17:30,7034.4
2024/12/30 17:45,6966
2024/12/30 18:00,7086
2024/12/30 18:15,7095.6
2024/12/30 18:30,7072.8
2024/12/30 18:45,7086
2024/12/30 19:00,7072.8
2024/12/30 19:15,7088.4
2024/12/30 19:30,7003.2
2024/12/30 19:45,7078.8
2024/12/30 20:00,7042.8
2024/12/30 20:15,7076.4
2024/12/30 20:30,7090.8
2024/12/30 20:45,7101.6
2024/12/30 21:00,7140
2024/12/30 21:15,7076.4
2024/12/30 21:30,7138.8
2024/12/30 21:45,7120.8
2024/12/30 22:00,7057.2
2024/12/30 22:15,7072.8
2024/12/30 22:30,7080
2024/12/30 22:45,7096.8
2024/12/30 23:00,7098
2024/12/30 23:15,7063.2
2024/12/30 23:30,7051.2
2024/12/30 23:45,7050
2024/12/31 0:00,7052.4
2024/12/31 0:15,7021.2
2024/12/31 0:30,7062
2024/12/31 0:45,7036.8
2024/12/31 1:00,7059.6
2024/12/31 1:15,7071.6
2024/12/31 1:30,7110
2024/12/31 1:45,7041.6
2024/12/31 2:00,7062
2024/12/31 2:15,7039.2
2024/12/31 2:30,7084.8
2024/12/31 2:45,7033.2
2024/12/31 3:00,7040.4
2024/12/31 3:15,7029.6
2024/12/31 3:30,7095.6
2024/12/31 3:45,7112.4
2024/12/31 4:00,7050
2024/12/31 4:15,7046.4
2024/12/31 4:30,7022.4
2024/12/31 4:45,7033.2
2024/12/31 5:00,7027.2
2024/12/31 5:15,7047.6
2024/12/31 5:30,6972
2024/12/31 5:45,6969.6
2024/12/31 6:00,6979.2
2024/12/31 6:15,6985.2
2024/12/31 6:30,6998.4
2024/12/31 6:45,7003.2
2024/12/31 7:00,6966
2024/12/31 7:15,6982.8
2024/12/31 7:30,6987.6
2024/12/31 7:45,7034.4
2024/12/31 8:00,6978
2024/12/31 8:15,7018.8
2024/12/31 8:30,6993.6
2024/12/31 8:45,7053.6
2024/12/31 9:00,7068
2024/12/31 9:15,7082.4
2024/12/31 9:30,7098
2024/12/31 9:45,7089.6
2024/12/31 10:00,7083.6
2024/12/31 10:15,7126.8
2024/12/31 10:30,7120.8
2024/12/31 10:45,7142.4
2024/12/31 11:00,7197.6
2024/12/31 11:15,7144.8
2024/12/31 11:30,7075.2
2024/12/31 11:45,7141.2
2024/12/31 12:00,7118.4
2024/12/31 12:15,7114.8
2024/12/31 12:30,7089.6
2024/12/31 12:45,7194
2024/12/31 13:00,7060.8
2024/12/31 13:15,7274.4
2024/12/31 13:30,7117.2
2024/12/31 13:45,7170
2024/12/31 14:00,7111.2
2024/12/31 14:15,6872.4
2024/12/31 14:30,6951.6
2024/12/31 14:45,7219.2
2024/12/31 15:00,7188
2024/12/31 15:15,7221.6
2024/12/31 15:30,7204.8
2024/12/31 15:45,7162.8
2024/12/31 16:00,7149.6
2024/12/31 16:15,7095.6
2024/12/31 16:30,7202.4
2024/12/31 16:45,7146
2024/12/31 17:00,7144.8
2024/12/31 17:15,7266
2024/12/31 17:30,7126.8
2024/12/31 17:45,7242
2024/12/31 18:00,7118.4
2024/12/31 18:15,7136.4
2024/12/31 18:30,7126.8
2024/12/31 18:45,7177.2
2024/12/31 19:00,7154.4
2024/12/31 19:15,7155.6
2024/12/31 19:30,7143.6
2024/12/31 19:45,7176
2024/12/31 20:00,7177.2
2024/12/31 20:15,7242
2024/12/31 20:30,7117.2
2024/12/31 20:45,7176
2024/12/31 21:00,7123.2
2024/12/31 21:15,7147.2
2024/12/31 21:30,7504.8
2024/12/31 21:45,7239.6
2024/12/31 22:00,7371.6
2024/12/31 22:15,7315.2
2024/12/31 22:30,7236
2024/12/31 22:45,7136.4
2024/12/31 23:00,7220.4
2024/12/31 23:15,7196.4
2024/12/31 23:30,7233.6
2024/12/31 23:45,7180.8
2025/1/1 0:00,7098
2025/1/1 0:15,7078.8
2025/1/1 0:30,7102.8
2025/1/1 0:45,7189.2
2025/1/1 1:00,6992.4
2025/1/1 1:15,7150.8
2025/1/1 1:30,7135.2
2025/1/1 1:45,7188
2025/1/1 2:00,7154.4
2025/1/1 2:15,7088.4
2025/1/1 2:30,7149.6
2025/1/1 2:45,7144.8
2025/1/1 3:00,7090.8
2025/1/1 3:15,7142.4
2025/1/1 3:30,7228.8
2025/1/1 3:45,7176
2025/1/1 4:00,7207.2
2025/1/1 4:15,7134
2025/1/1 4:30,7132.8
2025/1/1 4:45,7152
2025/1/1 5:00,7110
2025/1/1 5:15,7230
2025/1/1 5:30,7064.4
2025/1/1 5:45,7107.6
2025/1/1 6:00,7104
2025/1/1 6:15,7124.4
2025/1/1 6:30,7029.6
2025/1/1 6:45,7125.6
2025/1/1 7:00,7051.2
2025/1/1 7:15,7083.6
2025/1/1 7:30,7053.6
2025/1/1 7:45,7148.4
2025/1/1 8:00,7080
2025/1/1 8:15,7094.4
2025/1/1 8:30,7051.2
2025/1/1 8:45,7107.6
2025/1/1 9:00,7158
2025/1/1 9:15,7161.6
2025/1/1 9:30,7718.4
2025/1/1 9:45,7474.8
2025/1/1 10:00,7352.4
2025/1/1 10:15,7366.8
2025/1/1 10:30,7191.6
2025/1/1 10:45,7158
2025/1/1 11:00,7249.2
2025/1/1 11:15,7215.6
2025/1/1 11:30,7311.6
2025/1/1 11:45,7284
2025/1/1 12:00,7215.6
2025/1/1 12:15,7237.2
2025/1/1 12:30,7279.2
2025/1/1 12:45,7231.2
2025/1/1 13:00,7270.8
2025/1/1 13:15,7276.8
2025/1/1 13:30,7207.2
2025/1/1 13:45,7280.4
2025/1/1 14:00,7377.6
2025/1/1 14:15,7264.8
2025/1/1 14:30,7275.6
2025/1/1 14:45,7294.8
2025/1/1 15:00,7342.8
2025/1/1 15:15,7250.4
2025/1/1 15:30,7274.4
2025/1/1 15:45,7348.8
2025/1/1 16:00,7269.6
2025/1/1 16:15,7280.4
2025/1/1 16:30,7314
2025/1/1 16:45,7242
2025/1/1 17:00,7320
2025/1/1 17:15,7252.8
2025/1/1 17:30,7111.2
2025/1/1 17:45,7273.2
2025/1/1 18:00,7144.8
2025/1/1 18:15,7290
2025/1/1 18:30,7182
2025/1/1 18:45,7274.4
2025/1/1 19:00,7192.8
2025/1/1 19:15,7198.8
2025/1/1 19:30,7226.4
2025/1/1 19:45,7203.6
2025/1/1 20:00,7195.2
2025/1/1 20:15,7210.8
2025/1/1 20:30,7144.8
2025/1/1 20:45,7201.2
2025/1/1 21:00,7102.8
2025/1/1 21:15,7147.2
2025/1/1 21:30,7159.2
2025/1/1 21:45,7123.2
2025/1/1 22:00,7173.6
2025/1/1 22:15,7117.2
2025/1/1 22:30,7147.2
2025/1/1 22:45,7149.6
2025/1/1 23:00,7135.2
2025/1/1 23:15,7080
2025/1/1 23:30,7030.8
2025/1/1 23:45,7071.6
2025/1/2 0:00,7122
2025/1/2 0:15,7165.2
2025/1/2 0:30,7080
2025/1/2 0:45,7120.8
2025/1/2 1:00,7126.8
2025/1/2 1:15,7030.8
2025/1/2 1:30,7147.2
2025/1/2 1:45,7042.8
2025/1/2 2:00,7110
2025/1/2 2:15,7098
2025/1/2 2:30,7074
2025/1/2 2:45,7069.2
2025/1/2 3:00,7098
2025/1/2 3:15,7053.6
2025/1/2 3:30,7095.6
2025/1/2 3:45,7089.6
2025/1/2 4:00,7101.6
2025/1/2 4:15,7072.8
2025/1/2 4:30,7038
2025/1/2 4:45,7028.4
2025/1/2 5:00,7028.4
2025/1/2 5:15,7034.4
2025/1/2 5:30,7084.8
2025/1/2 5:45,7024.8
2025/1/2 6:00,7063.2
2025/1/2 6:15,7029.6
2025/1/2 6:30,7041.6
2025/1/2 6:45,7057.2
2025/1/2 7:00,7018.8
2025/1/2 7:15,7051.2
2025/1/2 7:30,7045.2
2025/1/2 7:45,7016.4
2025/1/2 8:00,7010.4
2025/1/2 8:15,7062
2025/1/2 8:30,7058.4
2025/1/2 8:45,7047.6
2025/1/2 9:00,7059.6
2025/1/2 9:15,7028.4
2025/1/2 9:30,7063.2
2025/1/2 9:45,7101.6
2025/1/2 10:00,7066.8
2025/1/2 10:15,7141.2
2025/1/2 10:30,7094.4
2025/1/2 10:45,7078.8
2025/1/2 11:00,7166.4
2025/1/2 11:15,7197.6
2025/1/2 11:30,7178.4
2025/1/2 11:45,7130.4
2025/1/2 12:00,7203.6
2025/1/2 12:15,7146
2025/1/2 12:30,7168.8
2025/1/2 12:45,7166.4
2025/1/2 13:00,7038
2025/1/2 13:15,7192.8
2025/1/2 13:30,7198.8
2025/1/2 13:45,7221.6
2025/1/2 14:00,7196.4
2025/1/2 14:15,7195.2
2025/1/2 14:30,7270.8
2025/1/2 14:45,7220.4
2025/1/2 15:00,7167.6
2025/1/2 15:15,7183.2
2025/1/2 15:30,7077.6
2025/1/2 15:45,7150.8
2025/1/2 16:00,7108.8
2025/1/2 16:15,7153.2
2025/1/2 16:30,7138.8
2025/1/2 16:45,7096.8
2025/1/2 17:00,7173.6
2025/1/2 17:15,7202.4
2025/1/2 17:30,7140
2025/1/2 17:45,7159.2
2025/1/2 18:00,7077.6
2025/1/2 18:15,7114.8
2025/1/2 18:30,7172.4
2025/1/2 18:45,7092
2025/1/2 19:00,7128
2025/1/2 19:15,7107.6
2025/1/2 19:30,7153.2
2025/1/2 19:45,7167.6
2025/1/2 20:00,7089.6
2025/1/2 20:15,7107.6
2025/1/2 20:30,7159.2
2025/1/2 20:45,7159.2
2025/1/2 21:00,7167.6
2025/1/2 21:15,7114.8
2025/1/2 21:30,7047.6
2025/1/2 21:45,7089.6
2025/1/2 22:00,7111.2
2025/1/2 22:15,7146
2025/1/2 22:30,7021.2
2025/1/2 22:45,7075.2
2025/1/2 23:00,7058.4
2025/1/2 23:15,7087.2
2025/1/2 23:30,7104
2025/1/2 23:45,7112.4
2025/1/3 0:00,6993.6
2025/1/3 0:15,7034.4
2025/1/3 0:30,7044
2025/1/3 0:45,7098
2025/1/3 1:00,7076.4
2025/1/3 1:15,7042.8
2025/1/3 1:30,7052.4
2025/1/3 1:45,7071.6
2025/1/3 2:00,7066.8
2025/1/3 2:15,6996
2025/1/3 2:30,7064.4
2025/1/3 2:45,7039.2
2025/1/3 3:00,7094.4
2025/1/3 3:15,7016.4
2025/1/3 3:30,6988.8
2025/1/3 3:45,6939.6
2025/1/3 4:00,6993.6
2025/1/3 4:15,7011.6
2025/1/3 4:30,7042.8
2025/1/3 4:45,6996
2025/1/3 5:00,6990
2025/1/3 5:15,6975.6
2025/1/3 5:30,7023.6
2025/1/3 5:45,6895.2
2025/1/3 6:00,6932.4
2025/1/3 6:15,6930
2025/1/3 6:30,6916.8
2025/1/3 6:45,6901.2
2025/1/3 7:00,6972
2025/1/3 7:15,6904.8
2025/1/3 7:30,6930
2025/1/3 7:45,6866.4
2025/1/3 8:00,6938.4
2025/1/3 8:15,6954
2025/1/3 8:30,7008
2025/1/3 8:45,6992.4
2025/1/3 9:00,7029.6
2025/1/3 9:15,7009.2
2025/1/3 9:30,7047.6
2025/1/3 9:45,7077.6
2025/1/3 10:00,7081.2
2025/1/3 10:15,6483.6
2025/1/3 10:30,7036.8
2025/1/3 10:45,7098
2025/1/3 11:00,7120.8
2025/1/3 11:15,7076.4
2025/1/3 11:30,7114.8
2025/1/3 11:45,7087.2
2025/1/3 12:00,7176
2025/1/3 12:15,7171.2
2025/1/3 12:30,7208.4
2025/1/3 12:45,7250.4
2025/1/3 13:00,7194
2025/1/3 13:15,7146
2025/1/3 13:30,7251.6
2025/1/3 13:45,7236
2025/1/3 14:00,7315.2
2025/1/3 14:15,7234.8
2025/1/3 14:30,7269.6
2025/1/3 14:45,7240.8
2025/1/3 15:00,7266
2025/1/3 15:15,7310.4
2025/1/3 15:30,7213.2
2025/1/3 15:45,7225.2
2025/1/3 16:00,7254
2025/1/3 16:15,7280.4
2025/1/3 16:30,7144.8
2025/1/3 16:45,6679.2
2025/1/3 17:00,7190.4
2025/1/3 17:15,7116
2025/1/3 17:30,7197.6
2025/1/3 17:45,7172.4
2025/1/3 18:00,7059.6
2025/1/3 18:15,7006.8
2025/1/3 18:30,6985.2
2025/1/3 18:45,6939.6
2025/1/3 19:00,6993.6
2025/1/3 19:15,6938.4
2025/1/3 19:30,6946.8
2025/1/3 19:45,7009.2
2025/1/3 20:00,6482.4
2025/1/3 20:15,7167.6
2025/1/3 20:30,7174.8
2025/1/3 20:45,7112.4
2025/1/3 21:00,7012.8
2025/1/3 21:15,7042.8
2025/1/3 21:30,7051.2
2025/1/3 21:45,7112.4
2025/1/3 22:00,7070.4
2025/1/3 22:15,7086
2025/1/3 22:30,7045.2
2025/1/3 22:45,6979.2
2025/1/3 23:00,6960
2025/1/3 23:15,6896.4
2025/1/3 23:30,6620.4
2025/1/3 23:45,6956.4
2025/1/4 0:00,6907.2
2025/1/4 0:15,6975.6
2025/1/4 0:30,6976.8
2025/1/4 0:45,7042.8
2025/1/4 1:00,6932.4
2025/1/4 1:15,6930
2025/1/4 1:30,6968.4
2025/1/4 1:45,6975.6
2025/1/4 2:00,6922.8
2025/1/4 2:15,6972
2025/1/4 2:30,6919.2
2025/1/4 2:45,6940.8
2025/1/4 3:00,6951.6
2025/1/4 3:15,6968.4
2025/1/4 3:30,6991.2
2025/1/4 3:45,7009.2
2025/1/4 4:00,7002
2025/1/4 4:15,6978
2025/1/4 4:30,6969.6
2025/1/4 4:45,7015.2
2025/1/4 5:00,6948
2025/1/4 5:15,7012.8
2025/1/4 5:30,6950.4
2025/1/4 5:45,6952.8
2025/1/4 6:00,6969.6
2025/1/4 6:15,6915.6
2025/1/4 6:30,6943.2
2025/1/4 6:45,6949.2
2025/1/4 7:00,6973.2
2025/1/4 7:15,6930
2025/1/4 7:30,6961.2
2025/1/4 7:45,6946.8
2025/1/4 8:00,6944.4
2025/1/4 8:15,6940.8
2025/1/4 8:30,6988.8
2025/1/4 8:45,6950.4
2025/1/4 9:00,6992.4
2025/1/4 9:15,7022.4
2025/1/4 9:30,7008
2025/1/4 9:45,7054.8
2025/1/4 10:00,7131.6
2025/1/4 10:15,7101.6
2025/1/4 10:30,7052.4
2025/1/4 10:45,7063.2
2025/1/4 11:00,7042.8
2025/1/4 11:15,7119.6
2025/1/4 11:30,7186.8
2025/1/4 11:45,7236
2025/1/4 12:00,7212
2025/1/4 12:15,7165.2
2025/1/4 12:30,6525.6
2025/1/4 12:45,7148.4
2025/1/4 13:00,7113.6
2025/1/4 13:15,7148.4
2025/1/4 13:30,7170
2025/1/4 13:45,7191.6
2025/1/4 14:00,7156.8
2025/1/4 14:15,6930
2025/1/4 14:30,7212
2025/1/4 14:45,6778.8
2025/1/4 15:00,7178.4
2025/1/4 15:15,6720
2025/1/4 15:30,7063.2
2025/1/4 15:45,7166.4
2025/1/4 16:00,7032
2025/1/4 16:15,6546
2025/1/4 16:30,6772.8
2025/1/4 16:45,6722.4
2025/1/4 17:00,7147.2
2025/1/4 17:15,7143.6
2025/1/4 17:30,7072.8
2025/1/4 17:45,7074
2025/1/4 18:00,6460.8
2025/1/4 18:15,6772.8
2025/1/4 18:30,6868.8
2025/1/4 18:45,6802.8
2025/1/4 19:00,6762
2025/1/4 19:15,6740.4
2025/1/4 19:30,6888
2025/1/4 19:45,6790.8
2025/1/4 20:00,6834
2025/1/4 20:15,6871.2
2025/1/4 20:30,6894
2025/1/4 20:45,6820.8
2025/1/4 21:00,7185.6
2025/1/4 21:15,6860.4
2025/1/4 21:30,6830.4
2025/1/4 21:45,6672
2025/1/4 22:00,6699.6
2025/1/4 22:15,6812.4
2025/1/4 22:30,6505.2
2025/1/4 22:45,6810
2025/1/4 23:00,6852
2025/1/4 23:15,6931.2
2025/1/4 23:30,6901.2
2025/1/4 23:45,6855.6
2025/1/5 0:00,6885.6
2025/1/5 0:15,6982.8
2025/1/5 0:30,6918
2025/1/5 0:45,6957.6
2025/1/5 1:00,6836.4
2025/1/5 1:15,6931.2
2025/1/5 1:30,6824.4
2025/1/5 1:45,6930
2025/1/5 2:00,6949.2
2025/1/5 2:15,6805.2
2025/1/5 2:30,6883.2
2025/1/5 2:45,6823.2
2025/1/5 3:00,6909.6
2025/1/5 3:15,6885.6
2025/1/5 3:30,6861.6
2025/1/5 3:45,6927.6
2025/1/5 4:00,6860.4
2025/1/5 4:15,6799.2
2025/1/5 4:30,6865.2
2025/1/5 4:45,6834
2025/1/5 5:00,6891.6
2025/1/5 5:15,6804
2025/1/5 5:30,6843.6
2025/1/5 5:45,6770.4
2025/1/5 6:00,6822
2025/1/5 6:15,6762
2025/1/5 6:30,6790.8
2025/1/5 6:45,6824.4
2025/1/5 7:00,6820.8
2025/1/5 7:15,6817.2
2025/1/5 7:30,6775.2
2025/1/5 7:45,6877.2
2025/1/5 8:00,6919.2
2025/1/5 8:15,6907.2
2025/1/5 8:30,6808.8
2025/1/5 8:45,6783.6
2025/1/5 9:00,6813.6
2025/1/5 9:15,6807.6
2025/1/5 9:30,6747.6
2025/1/5 9:45,6800.4
2025/1/5 10:00,6908.4
2025/1/5 10:15,6829.2
2025/1/5 10:30,6934.8
2025/1/5 10:45,6920.4
2025/1/5 11:00,6918
2025/1/5 11:15,6918
2025/1/5 11:30,6945.6
2025/1/5 11:45,6948
2025/1/5 12:00,7047.6
2025/1/5 12:15,6922.8
2025/1/5 12:30,7010.4
2025/1/5 12:45,6890.4
2025/1/5 13:00,6973.2
2025/1/5 13:15,6933.6
2025/1/5 13:30,6988.8
2025/1/5 13:45,6996
2025/1/5 14:00,6984
2025/1/5 14:15,7010.4
2025/1/5 14:30,6870
2025/1/5 14:45,7293.6
2025/1/5 15:00,7183.2
2025/1/5 15:15,7202.4
2025/1/5 15:30,7252.8
2025/1/5 15:45,7191.6
2025/1/5 16:00,7278
2025/1/5 16:15,7261.2
2025/1/5 16:30,7279.2
2025/1/5 16:45,7302
2025/1/5 17:00,7237.2
2025/1/5 17:15,7254
2025/1/5 17:30,7183.2
2025/1/5 17:45,7159.2
2025/1/5 18:00,7226.4
2025/1/5 18:15,7144.8
2025/1/5 18:30,7251.6
2025/1/5 18:45,7198.8
2025/1/5 19:00,7236
2025/1/5 19:15,7270.8
2025/1/5 19:30,7140
2025/1/5 19:45,7180.8
2025/1/5 20:00,7209.6
2025/1/5 20:15,6950.4
2025/1/5 20:30,6909.6
2025/1/5 20:45,6858
2025/1/5 21:00,6688.8
2025/1/5 21:15,6607.2
2025/1/5 21:30,7261.2
2025/1/5 21:45,7250.4
2025/1/5 22:00,7208.4
2025/1/5 22:15,7177.2
2025/1/5 22:30,7273.2
2025/1/5 22:45,7203.6
2025/1/5 23:00,7190.4
2025/1/5 23:15,7231.2
2025/1/5 23:30,7140
2025/1/5 23:45,7153.2
2025/1/6 0:00,7082.4
2025/1/6 0:15,7152
2025/1/6 0:30,7134
2025/1/6 0:45,7114.8
2025/1/6 1:00,7113.6
2025/1/6 1:15,7089.6
2025/1/6 1:30,7134
2025/1/6 1:45,7125.6
2025/1/6 2:00,7135.2
2025/1/6 2:15,7178.4
2025/1/6 2:30,7137.6
2025/1/6 2:45,7152
2025/1/6 3:00,7062
2025/1/6 3:15,7080
2025/1/6 3:30,7010.4
2025/1/6 3:45,7069.2
2025/1/6 4:00,7018.8
2025/1/6 4:15,7064.4
2025/1/6 4:30,7042.8
2025/1/6 4:45,7040.4
2025/1/6 5:00,7062
2025/1/6 5:15,6992.4
2025/1/6 5:30,7068
2025/1/6 5:45,6986.4
2025/1/6 6:00,7029.6
2025/1/6 6:15,7000.8
2025/1/6 6:30,7008
2025/1/6 6:45,6973.2
2025/1/6 7:00,6998.4
2025/1/6 7:15,7022.4
2025/1/6 7:30,6921.6
2025/1/6 7:45,6985.2
2025/1/6 8:00,6973.2
2025/1/6 8:15,7015.2
2025/1/6 8:30,7006.8
2025/1/6 8:45,6994.8
2025/1/6 9:00,7023.6
2025/1/6 9:15,7026
2025/1/6 9:30,7054.8
2025/1/6 9:45,6994.8
2025/1/6 10:00,7046.4
2025/1/6 10:15,7074
2025/1/6 10:30,7149.6
2025/1/6 10:45,7084.8
2025/1/6 11:00,7161.6
2025/1/6 11:15,7120.8
2025/1/6 11:30,7107.6
2025/1/6 11:45,7083.6
2025/1/6 12:00,7114.8
2025/1/6 12:15,7111.2
2025/1/6 12:30,7046.4
2025/1/6 12:45,7065.6
2025/1/6 13:00,7029.6
2025/1/6 13:15,7160.4
2025/1/6 13:30,6614.4
2025/1/6 13:45,6678
2025/1/6 14:00,6687.6
2025/1/6 14:15,6724.8
2025/1/6 14:30,6698.4
2025/1/6 14:45,6679.2
2025/1/6 15:00,6675.6
2025/1/6 15:15,6784.8
2025/1/6 15:30,6829.2
2025/1/6 15:45,6692.4
2025/1/6 16:00,6729.6
2025/1/6 16:15,6687.6
2025/1/6 16:30,6718.8
2025/1/6 16:45,6672
2025/1/6 17:00,6690
2025/1/6 17:15,6664.8
2025/1/6 17:30,6805.2
2025/1/6 17:45,6646.8
2025/1/6 18:00,6693.6
2025/1/6 18:15,6734.4
2025/1/6 18:30,6649.2
2025/1/6 18:45,6661.2
2025/1/6 19:00,6769.2
2025/1/6 19:15,6642
2025/1/6 19:30,6658.8
2025/1/6 19:45,6562.8
2025/1/6 20:00,6558
2025/1/6 20:15,6652.8
2025/1/6 20:30,6669.6
2025/1/6 20:45,6639.6
2025/1/6 21:00,6600
2025/1/6 21:15,6645.6
2025/1/6 21:30,6693.6
2025/1/6 21:45,6651.6
2025/1/6 22:00,6601.2
2025/1/6 22:15,6646.8
2025/1/6 22:30,6642
2025/1/6 22:45,6646.8
2025/1/6 23:00,6592.8
2025/1/6 23:15,6657.6
2025/1/6 23:30,6615.6
2025/1/6 23:45,6694.8
2025/1/7 0:00,6687.6
2025/1/7 0:15,6632.4
2025/1/7 0:30,6592.8
2025/1/7 0:45,6559.2
2025/1/7 1:00,6601.2
2025/1/7 1:15,6678
2025/1/7 1:30,6537.6
2025/1/7 1:45,6636
2025/1/7 2:00,6594
2025/1/7 2:15,6601.2
2025/1/7 2:30,6673.2
2025/1/7 2:45,6580.8
2025/1/7 3:00,6631.2
2025/1/7 3:15,6537.6
2025/1/7 3:30,6631.2
2025/1/7 3:45,6668.4
2025/1/7 4:00,6691.2
2025/1/7 4:15,6628.8
2025/1/7 4:30,6613.2
2025/1/7 4:45,6582
2025/1/7 5:00,6577.2
2025/1/7 5:15,6582
2025/1/7 5:30,6544.8
2025/1/7 5:45,6460.8
2025/1/7 6:00,6560.4
2025/1/7 6:15,6609.6
2025/1/7 6:30,6649.2
2025/1/7 6:45,6508.8
2025/1/7 7:00,6568.8
2025/1/7 7:15,6520.8
2025/1/7 7:30,6565.2
2025/1/7 7:45,6589.2
2025/1/7 8:00,6615.6
2025/1/7 8:15,6603.6
2025/1/7 8:30,6597.6
2025/1/7 8:45,6601.2
2025/1/7 9:00,6650.4
2025/1/7 9:15,6589.2
2025/1/7 9:30,6776.4
2025/1/7 9:45,6726
2025/1/7 10:00,6638.4
2025/1/7 10:15,6651.6
2025/1/7 10:30,6632.4
2025/1/7 10:45,6609.6
2025/1/7 11:00,6628.8
2025/1/7 11:15,6656.4
2025/1/7 11:30,6745.2
2025/1/7 11:45,6585.6
2025/1/7 12:00,6561.6
2025/1/7 12:15,6762
2025/1/7 12:30,6788.4
2025/1/7 12:45,6886.8
2025/1/7 13:00,6750
2025/1/7 13:15,6872.4
2025/1/7 13:30,6769.2
2025/1/7 13:45,6808.8
2025/1/7 14:00,6884.4
2025/1/7 14:15,6578.4
2025/1/7 14:30,6546
2025/1/7 14:45,6723.6
2025/1/7 15:00,6661.2
2025/1/7 15:15,6859.2
2025/1/7 15:30,6674.4
2025/1/7 15:45,6678
2025/1/7 16:00,6709.2
2025/1/7 16:15,6685.2
2025/1/7 16:30,6866.4
2025/1/7 16:45,6741.6
2025/1/7 17:00,6691.2
2025/1/7 17:15,6852
2025/1/7 17:30,6840
2025/1/7 17:45,6734.4
2025/1/7 18:00,6806.4
2025/1/7 18:15,6880.8
2025/1/7 18:30,6834
2025/1/7 18:45,6567.6
2025/1/7 19:00,6862.8
2025/1/7 19:15,6852
2025/1/7 19:30,6757.2
2025/1/7 19:45,6770.4
2025/1/7 20:00,6828
2025/1/7 20:15,6788.4
2025/1/7 20:30,6822
2025/1/7 20:45,6886.8
2025/1/7 21:00,6846
2025/1/7 21:15,6776.4
2025/1/7 21:30,6813.6
2025/1/7 21:45,6829.2
2025/1/7 22:00,6700.8
2025/1/7 22:15,6734.4
2025/1/7 22:30,6886.8
2025/1/7 22:45,6796.8
2025/1/7 23:00,6768
2025/1/7 23:15,6884.4
2025/1/7 23:30,6727.2
2025/1/7 23:45,6763.2
2025/1/8 0:00,6794.4
2025/1/8 0:15,6782.4
2025/1/8 0:30,6830.4
2025/1/8 0:45,6812.4
2025/1/8 1:00,6753.6
2025/1/8 1:15,6774
2025/1/8 1:30,6826.8
2025/1/8 1:45,6891.6
2025/1/8 2:00,6756
2025/1/8 2:15,6908.4
2025/1/8 2:30,6796.8
2025/1/8 2:45,6770.4
2025/1/8 3:00,6710.4
2025/1/8 3:15,6775.2
2025/1/8 3:30,6704.4
2025/1/8 3:45,6800.4
2025/1/8 4:00,6776.4
2025/1/8 4:15,6756
2025/1/8 4:30,6769.2
2025/1/8 4:45,6840
2025/1/8 5:00,6780
2025/1/8 5:15,6768
2025/1/8 5:30,6663.6
2025/1/8 5:45,6698.4
2025/1/8 6:00,6627.6
2025/1/8 6:15,6727.2
2025/1/8 6:30,6612
2025/1/8 6:45,6674.4
2025/1/8 7:00,6772.8
2025/1/8 7:15,6706.8
2025/1/8 7:30,6693.6
2025/1/8 7:45,6739.2
2025/1/8 8:00,6601.2
2025/1/8 8:15,6638.4
2025/1/8 8:30,6640.8
2025/1/8 8:45,6721.2
2025/1/8 9:00,6757.2
2025/1/8 9:15,6770.4
2025/1/8 9:30,6889.2
2025/1/8 9:45,6849.6
2025/1/8 10:00,6812.4
2025/1/8 10:15,6816
2025/1/8 10:30,6830.4
2025/1/8 10:45,6765.6
2025/1/8 11:00,6795.6
2025/1/8 11:15,6817.2
2025/1/8 11:30,6878.4
2025/1/8 11:45,7006.8
2025/1/8 12:00,6742.8
2025/1/8 12:15,6836.4
2025/1/8 12:30,6835.2
2025/1/8 12:45,6848.4
2025/1/8 13:00,6859.2
2025/1/8 13:15,6852
2025/1/8 13:30,6847.2
2025/1/8 13:45,6810
2025/1/8 14:00,6867.6
2025/1/8 14:15,6939.6
2025/1/8 14:30,6807.6
2025/1/8 14:45,6894
2025/1/8 15:00,6903.6
2025/1/8 15:15,6894
2025/1/8 15:30,6931.2
2025/1/8 15:45,6954
2025/1/8 16:00,6996
2025/1/8 16:15,7012.8
2025/1/8 16:30,7000.8
2025/1/8 16:45,7006.8
2025/1/8 17:00,6918
2025/1/8 17:15,6854.4
2025/1/8 17:30,6908.4
2025/1/8 17:45,6944.4
2025/1/8 18:00,6894
2025/1/8 18:15,6902.4
2025/1/8 18:30,6783.6
2025/1/8 18:45,6901.2
2025/1/8 19:00,6823.2
2025/1/8 19:15,6796.8
2025/1/8 19:30,6768
2025/1/8 19:45,6886.8
2025/1/8 20:00,6870
2025/1/8 20:15,6871.2
2025/1/8 20:30,6901.2
2025/1/8 20:45,6879.6
2025/1/8 21:00,6865.2
2025/1/8 21:15,6862.8
2025/1/8 21:30,6848.4
2025/1/8 21:45,6870
2025/1/8 22:00,6836.4
2025/1/8 22:15,6937.2
2025/1/8 22:30,6795.6
2025/1/8 22:45,6836.4
2025/1/8 23:00,6870
2025/1/8 23:15,6753.6
2025/1/8 23:30,6854.4
2025/1/8 23:45,6775.2
2025/1/9 0:00,6621.6
2025/1/9 0:15,6648
2025/1/9 0:30,6609.6
2025/1/9 0:45,6597.6
2025/1/9 1:00,6625.2
2025/1/9 1:15,6732
2025/1/9 1:30,6741.6
2025/1/9 1:45,6728.4
2025/1/9 2:00,6660
2025/1/9 2:15,6640.8
2025/1/9 2:30,6706.8
2025/1/9 2:45,6750
2025/1/9 3:00,6718.8
2025/1/9 3:15,6752.4
2025/1/9 3:30,6859.2
2025/1/9 3:45,6769.2
2025/1/9 4:00,6729.6
2025/1/9 4:15,6687.6
2025/1/9 4:30,6658.8
2025/1/9 4:45,6739.2
2025/1/9 5:00,6658.8
2025/1/9 5:15,6658.8
2025/1/9 5:30,6649.2
2025/1/9 5:45,6656.4
2025/1/9 6:00,6500.4
2025/1/9 6:15,6613.2
2025/1/9 6:30,6619.2
2025/1/9 6:45,6699.6
2025/1/9 7:00,6688.8
2025/1/9 7:15,6654
2025/1/9 7:30,6582
2025/1/9 7:45,6685.2
2025/1/9 8:00,6668.4
2025/1/9 8:15,6700.8
2025/1/9 8:30,6678
2025/1/9 8:45,6680.4
2025/1/9 9:00,6740.4
2025/1/9 9:15,6681.6
2025/1/9 9:30,6726
2025/1/9 9:45,6736.8
2025/1/9 10:00,6790.8
2025/1/9 10:15,6807.6
2025/1/9 10:30,6855.6
2025/1/9 10:45,6753.6
2025/1/9 11:00,6799.2
2025/1/9 11:15,6705.6
2025/1/9 11:30,6784.8
2025/1/9 11:45,6949.2
2025/1/9 12:00,6760.8
2025/1/9 12:15,6794.4
2025/1/9 12:30,6697.2
2025/1/9 12:45,6867.6
2025/1/9 13:00,6916.8
2025/1/9 13:15,6891.6
2025/1/9 13:30,6747.6
2025/1/9 13:45,6766.8
2025/1/9 14:00,6610.8
2025/1/9 14:15,6750
2025/1/9 14:30,6952.8
2025/1/9 14:45,6952.8
2025/1/9 15:00,6944.4
2025/1/9 15:15,6860.4
2025/1/9 15:30,6944.4
2025/1/9 15:45,6963.6
2025/1/9 16:00,6932.4
2025/1/9 16:15,6751.2
2025/1/9 16:30,6826.8
2025/1/9 16:45,6817.2
2025/1/9 17:00,6792
2025/1/9 17:15,6817.2
2025/1/9 17:30,6828
2025/1/9 17:45,6879.6
2025/1/9 18:00,6735.6
2025/1/9 18:15,6894
2025/1/9 18:30,6874.8
2025/1/9 18:45,6837.6
2025/1/9 19:00,6864
2025/1/9 19:15,6789.6
2025/1/9 19:30,6788.4
2025/1/9 19:45,6834
2025/1/9 20:00,6930
2025/1/9 20:15,6798
2025/1/9 20:30,6870
2025/1/9 20:45,6901.2
2025/1/9 21:00,6950.4
2025/1/9 21:15,6828
2025/1/9 21:30,6900
2025/1/9 21:45,6891.6
2025/1/9 22:00,6832.8
2025/1/9 22:15,6837.6
2025/1/9 22:30,6895.2
2025/1/9 22:45,6804
2025/1/9 23:00,6777.6
2025/1/9 23:15,6883.2
2025/1/9 23:30,6674.4
2025/1/9 23:45,6559.2
2025/1/10 0:00,6610.8
2025/1/10 0:15,6622.8
2025/1/10 0:30,6526.8
2025/1/10 0:45,6670.8
2025/1/10 1:00,6650.4
2025/1/10 1:15,6608.4
2025/1/10 1:30,6616.8
2025/1/10 1:45,6670.8
2025/1/10 2:00,6678
2025/1/10 2:15,6694.8
2025/1/10 2:30,6700.8
2025/1/10 2:45,6646.8
2025/1/10 3:00,6596.4
2025/1/10 3:15,6655.2
2025/1/10 3:30,6590.4
2025/1/10 3:45,6636
2025/1/10 4:00,6626.4
2025/1/10 4:15,6627.6
2025/1/10 4:30,6511.2
2025/1/10 4:45,6597.6
2025/1/10 5:00,6529.2
2025/1/10 5:15,6574.8
2025/1/10 5:30,6535.2
2025/1/10 5:45,6531.6
2025/1/10 6:00,6532.8
2025/1/10 6:15,6501.6
2025/1/10 6:30,6572.4
2025/1/10 6:45,6651.6
2025/1/10 7:00,6463.2
2025/1/10 7:15,6469.2
2025/1/10 7:30,6618
2025/1/10 7:45,6741.6
2025/1/10 8:00,6828
2025/1/10 8:15,6759.6
2025/1/10 8:30,6776.4
2025/1/10 8:45,6795.6
2025/1/10 9:00,6754.8
2025/1/10 9:15,6746.4
2025/1/10 9:30,6950.4
2025/1/10 9:45,7040.4
2025/1/10 10:00,6925.2
2025/1/10 10:15,6913.2
2025/1/10 10:30,6954
2025/1/10 10:45,6973.2
2025/1/10 11:00,6861.6
2025/1/10 11:15,6902.4
2025/1/10 11:30,6984
2025/1/10 11:45,6948
2025/1/10 12:00,6966
2025/1/10 12:15,6957.6
2025/1/10 12:30,6697.2
2025/1/10 12:45,6970.8
2025/1/10 13:00,6955.2
2025/1/10 13:15,6918
2025/1/10 13:30,6928.8
2025/1/10 13:45,6938.4
2025/1/10 14:00,6954
2025/1/10 14:15,7017.6
2025/1/10 14:30,7034.4
2025/1/10 14:45,6946.8
2025/1/10 15:00,6986.4
2025/1/10 15:15,6972
2025/1/10 15:30,7146
2025/1/10 15:45,7064.4
2025/1/10 16:00,7059.6
2025/1/10 16:15,6973.2
2025/1/10 16:30,6662.4
2025/1/10 16:45,6904.8
2025/1/10 17:00,6962.4
2025/1/10 17:15,6996
2025/1/10 17:30,6915.6
2025/1/10 17:45,6860.4
2025/1/10 18:00,6836.4
2025/1/10 18:15,6993.6
2025/1/10 18:30,7039.2
2025/1/10 18:45,6992.4
2025/1/10 19:00,7010.4
2025/1/10 19:15,6699.6
2025/1/10 19:30,6736.8
2025/1/10 19:45,7093.2
2025/1/10 20:00,7248
2025/1/10 20:15,7274.4
2025/1/10 20:30,6786
2025/1/10 20:45,6794.4
2025/1/10 21:00,7119.6
2025/1/10 21:15,6831.6
2025/1/10 21:30,7129.2
2025/1/10 21:45,7082.4
2025/1/10 22:00,6819.6
2025/1/10 22:15,6730.8
2025/1/10 22:30,7076.4
2025/1/10 22:45,7129.2
2025/1/10 23:00,7155.6
2025/1/10 23:15,7027.2
2025/1/10 23:30,7009.2
2025/1/10 23:45,6987.6
2025/1/11 0:00,6968.4
2025/1/11 0:15,6913.2
2025/1/11 0:30,6931.2
2025/1/11 0:45,6847.2
2025/1/11 1:00,6892.8
2025/1/11 1:15,6939.6
2025/1/11 1:30,6939.6
2025/1/11 1:45,6986.4
2025/1/11 2:00,6967.2
2025/1/11 2:15,6902.4
2025/1/11 2:30,6937.2
2025/1/11 2:45,6873
2025/1/11 3:00,6868.8
2025/1/11 3:15,6925.2
2025/1/11 3:30,6874.8
2025/1/11 3:45,6962.4
2025/1/11 4:00,6866.4
2025/1/11 4:15,7000.8
2025/1/11 4:30,6910.8
2025/1/11 4:45,6950.4
2025/1/11 5:00,7014
2025/1/11 5:15,6943.2
2025/1/11 5:30,6912
2025/1/11 5:45,6992.4
2025/1/11 6:00,6939.6
2025/1/11 6:15,6926.4
2025/1/11 6:30,6902.4
2025/1/11 6:45,6999.6
2025/1/11 7:00,7015.2
2025/1/11 7:15,6916.8
2025/1/11 7:30,6979.2
2025/1/11 7:45,6589.2
2025/1/11 8:00,6907.2
2025/1/11 8:15,6870
2025/1/11 8:30,6980.4
2025/1/11 8:45,6963.6
2025/1/11 9:00,6776.4
2025/1/11 9:15,6957.6
2025/1/11 9:30,6686.4
2025/1/11 9:45,6870
2025/1/11 10:00,6627.6
2025/1/11 10:15,7034.4
2025/1/11 10:30,6703.2
2025/1/11 10:45,6820.8
2025/1/11 11:00,7032
2025/1/11 11:15,7087.2
2025/1/11 11:30,6903.6
2025/1/11 11:45,7069.2
2025/1/11 12:00,7035.6
2025/1/11 12:15,7050
2025/1/11 12:30,7083.6
2025/1/11 12:45,6907.2
2025/1/11 13:00,7030.8
2025/1/11 13:15,7000.8
2025/1/11 13:30,7077.6
2025/1/11 13:45,6993.6
2025/1/11 14:00,6943.2
2025/1/11 14:15,7058.4
2025/1/11 14:30,7048.8
2025/1/11 14:45,7134
2025/1/11 15:00,7142.4
2025/1/11 15:15,7078.8
2025/1/11 15:30,7051.2
2025/1/11 15:45,7034.4
2025/1/11 16:00,7066.8
2025/1/11 16:15,7168.8
2025/1/11 16:30,7143.6
2025/1/11 16:45,7081.2
2025/1/11 17:00,7004.4
2025/1/11 17:15,6891.6
2025/1/11 17:30,7090.8
2025/1/11 17:45,7046.4
2025/1/11 18:00,6698.4
2025/1/11 18:15,6624
2025/1/11 18:30,7041.6
2025/1/11 18:45,6937.2
2025/1/11 19:00,6999.6
2025/1/11 19:15,6926.4
2025/1/11 19:30,7059.6
2025/1/11 19:45,7066.8
2025/1/11 20:00,6942
2025/1/11 20:15,6913.2
2025/1/11 20:30,7048.8
2025/1/11 20:45,6956.4
2025/1/11 21:00,6955.2
2025/1/11 21:15,7036.8
2025/1/11 21:30,6996
2025/1/11 21:45,6883.2
2025/1/11 22:00,7102.8
2025/1/11 22:15,6992.4
2025/1/11 22:30,6892.8
2025/1/11 22:45,6925.2
2025/1/11 23:00,6981.6
2025/1/11 23:15,6847.2
2025/1/11 23:30,6776.4
2025/1/11 23:45,6742.8
2025/1/12 0:00,6860.4
2025/1/12 0:15,6489.6
2025/1/12 0:30,6643.2
2025/1/12 0:45,6601.2
2025/1/12 1:00,6606
2025/1/12 1:15,6591.6
2025/1/12 1:30,6715.2
2025/1/12 1:45,6670.8
2025/1/12 2:00,6574.8
2025/1/12 2:15,6699.6
2025/1/12 2:30,6542.4
2025/1/12 2:45,6639.6
2025/1/12 3:00,6726
2025/1/12 3:15,6692.4
2025/1/12 3:30,6685.2
2025/1/12 3:45,6687.6
2025/1/12 4:00,6712.8
2025/1/12 4:15,6644.4
2025/1/12 4:30,6662.4
2025/1/12 4:45,6763.2
2025/1/12 5:00,6733.2
2025/1/12 5:15,6634.8
2025/1/12 5:30,6690
2025/1/12 5:45,6586.8
2025/1/12 6:00,6562.8
2025/1/12 6:15,6620.4
2025/1/12 6:30,6661.2
2025/1/12 6:45,6616.8
2025/1/12 7:00,6650.4
2025/1/12 7:15,6712.8
2025/1/12 7:30,6712.8
2025/1/12 7:45,6717.6
2025/1/12 8:00,6684
2025/1/12 8:15,6606
2025/1/12 8:30,6600
2025/1/12 8:45,6645.6
2025/1/12 9:00,6674.4
2025/1/12 9:15,6831.6
2025/1/12 9:30,6729.6
2025/1/12 9:45,6715.2
2025/1/12 10:00,6688.8
2025/1/12 10:15,6592.8
2025/1/12 10:30,6757.2
2025/1/12 10:45,6710.4
2025/1/12 11:00,6768
2025/1/12 11:15,6751.2
2025/1/12 11:30,6812.4
2025/1/12 11:45,6838.8
2025/1/12 12:00,6848.4
2025/1/12 12:15,6734.4
2025/1/12 12:30,6816
2025/1/12 12:45,6766.8
2025/1/12 13:00,6690
2025/1/12 13:15,6764.4
2025/1/12 13:30,6822
2025/1/12 13:45,6805.2
2025/1/12 14:00,6808.8
2025/1/12 14:15,6757.2
2025/1/12 14:30,6832.8
2025/1/12 14:45,6838.8
2025/1/12 15:00,6846
2025/1/12 15:15,6721.2
2025/1/12 15:30,6828
2025/1/12 15:45,6760.8
2025/1/12 16:00,6759.6
2025/1/12 16:15,6766.8
2025/1/12 16:30,6728.4
2025/1/12 16:45,6759.6
2025/1/12 17:00,6769.2
2025/1/12 17:15,6645.6
2025/1/12 17:30,6739.2
2025/1/12 17:45,6769.2
2025/1/12 18:00,6687.6
2025/1/12 18:15,6702
2025/1/12 18:30,6699.6
2025/1/12 18:45,6784.8
2025/1/12 19:00,6722.4
2025/1/12 19:15,6800.4
2025/1/12 19:30,6870
2025/1/12 19:45,6817.2
2025/1/12 20:00,6741.6
2025/1/12 20:15,6816
2025/1/12 20:30,6718.8
2025/1/12 20:45,6819.6
2025/1/12 21:00,6781.2
2025/1/12 21:15,6794.4
2025/1/12 21:30,6715.2
2025/1/12 21:45,6684
2025/1/12 22:00,6662.4
2025/1/12 22:15,6652.8
2025/1/12 22:30,6596.4
2025/1/12 22:45,6693.6
2025/1/12 23:00,6714
2025/1/12 23:15,6746.4
2025/1/12 23:30,6612
2025/1/12 23:45,6703.2
2025/1/13 0:00,6625.2
2025/1/13 0:15,6699.6
2025/1/13 0:30,6628.8
2025/1/13 0:45,6619.2
2025/1/13 1:00,6588
2025/1/13 1:15,6645.6
2025/1/13 1:30,6642
2025/1/13 1:45,6548.4
2025/1/13 2:00,6584.4
2025/1/13 2:15,6723.6
2025/1/13 2:30,6699.6
2025/1/13 2:45,6600
2025/1/13 3:00,6630
2025/1/13 3:15,6619.2
2025/1/13 3:30,6600
2025/1/13 3:45,6639.6
2025/1/13 4:00,6819.6
2025/1/13 4:15,6741.6
2025/1/13 4:30,6675.6
2025/1/13 4:45,6729.6
2025/1/13 5:00,6636
2025/1/13 5:15,6663.6
2025/1/13 5:30,6620.4
2025/1/13 5:45,6630
2025/1/13 6:00,6603.6
2025/1/13 6:15,6680.4
2025/1/13 6:30,6672
2025/1/13 6:45,6620.4
2025/1/13 7:00,6723.6
2025/1/13 7:15,6675.6
2025/1/13 7:30,6687.6
2025/1/13 7:45,6555.6
2025/1/13 8:00,6625.2
2025/1/13 8:15,6709.2
2025/1/13 8:30,6651.6
2025/1/13 8:45,6727.2
2025/1/13 9:00,6674.4
2025/1/13 9:15,6668.4
2025/1/13 9:30,6666
2025/1/13 9:45,6754.8
2025/1/13 10:00,6676.8
2025/1/13 10:15,6682.8
2025/1/13 10:30,6685.2
2025/1/13 10:45,6696
2025/1/13 11:00,6757.2
2025/1/13 11:15,6775.2
2025/1/13 11:30,6708
2025/1/13 11:45,6636
2025/1/13 12:00,6660
2025/1/13 12:15,6740.4
2025/1/13 12:30,6717.6
2025/1/13 12:45,6634.8
2025/1/13 13:00,6586.8
2025/1/13 13:15,6588
2025/1/13 13:30,6613.2
2025/1/13 13:45,6601.2
2025/1/13 14:00,6814.8
2025/1/13 14:15,6810
2025/1/13 14:30,6814.8
2025/1/13 14:45,6811.2
2025/1/13 15:00,6846
2025/1/13 15:15,6744
2025/1/13 15:30,6838.8
2025/1/13 15:45,6894
2025/1/13 16:00,6788.4
2025/1/13 16:15,6883.2
2025/1/13 16:30,6676.8
2025/1/13 16:45,6729.6
2025/1/13 17:00,6730.8
2025/1/13 17:15,6714
2025/1/13 17:30,6685.2
2025/1/13 17:45,6817.2
2025/1/13 18:00,6818.4
2025/1/13 18:15,6732
2025/1/13 18:30,6697.2
2025/1/13 18:45,6741.6
2025/1/13 19:00,6806.4
2025/1/13 19:15,6649.2
2025/1/13 19:30,6681.6
2025/1/13 19:45,6651.6
2025/1/13 20:00,6735.6
2025/1/13 20:15,6628.8
2025/1/13 20:30,6812.4
2025/1/13 20:45,6722.4
2025/1/13 21:00,6699.6
2025/1/13 21:15,6732
2025/1/13 21:30,6777.6
2025/1/13 21:45,6786
2025/1/13 22:00,6754.8
2025/1/13 22:15,6776.4
2025/1/13 22:30,6711.6
2025/1/13 22:45,6733.2
2025/1/13 23:00,6637.2
2025/1/13 23:15,6699.6
2025/1/13 23:30,6728.4
2025/1/13 23:45,6720
2025/1/14 0:00,6720
2025/1/14 0:15,6732
2025/1/14 0:30,6703.2
2025/1/14 0:45,6667.2
2025/1/14 1:00,6692.4
2025/1/14 1:15,6765.6
2025/1/14 1:30,6765.6
2025/1/14 1:45,6596.4
2025/1/14 2:00,6640.8
2025/1/14 2:15,6736.8
2025/1/14 2:30,6670.8
2025/1/14 2:45,6736.8
2025/1/14 3:00,6696
2025/1/14 3:15,6663.6
2025/1/14 3:30,6662.4
2025/1/14 3:45,6741.6
2025/1/14 4:00,6742.8
2025/1/14 4:15,6735.6
2025/1/14 4:30,6644.4
2025/1/14 4:45,6626.4
2025/1/14 5:00,6673.2
2025/1/14 5:15,6676.8
2025/1/14 5:30,6656.4
2025/1/14 5:45,6630
2025/1/14 6:00,6594
2025/1/14 6:15,6585.6
2025/1/14 6:30,6573.6
2025/1/14 6:45,6594
2025/1/14 7:00,6656.4
2025/1/14 7:15,6646.8
2025/1/14 7:30,6672
2025/1/14 7:45,6643.2
2025/1/14 8:00,6610.8
2025/1/14 8:15,6678
2025/1/14 8:30,6637.2
2025/1/14 8:45,6667.2
2025/1/14 9:00,6722.4
2025/1/14 9:15,6680.4
2025/1/14 9:30,6688.8
2025/1/14 9:45,6696
2025/1/14 10:00,6690
2025/1/14 10:15,6603.6
2025/1/14 10:30,6625.2
2025/1/14 10:45,6728.4
2025/1/14 11:00,6602.4
2025/1/14 11:15,6717.6
2025/1/14 11:30,6690
2025/1/14 11:45,6660
2025/1/14 12:00,6758.4
2025/1/14 12:15,6704.4
2025/1/14 12:30,6657.6
2025/1/14 12:45,6722.4
2025/1/14 13:00,6714
2025/1/14 13:15,6566.4
2025/1/14 13:30,6634.8
2025/1/14 13:45,6625.2
2025/1/14 14:00,6700.8
2025/1/14 14:15,6670.8
2025/1/14 14:30,6728.4
2025/1/14 14:45,6702
2025/1/14 15:00,6696
2025/1/14 15:15,6714
2025/1/14 15:30,6664.8
2025/1/14 15:45,6612
2025/1/14 16:00,6722.4
2025/1/14 16:15,6634.8
2025/1/14 16:30,6690
2025/1/14 16:45,6654
2025/1/14 17:00,6636
2025/1/14 17:15,6699.6
2025/1/14 17:30,6750
2025/1/14 17:45,6668.4
2025/1/14 18:00,6600
2025/1/14 18:15,6643.2
2025/1/14 18:30,6766.8
2025/1/14 18:45,6620.4
2025/1/14 19:00,6651.6
2025/1/14 19:15,6627.6
2025/1/14 19:30,6645.6
2025/1/14 19:45,6654
2025/1/14 20:00,6740.4
2025/1/14 20:15,6664.8
2025/1/14 20:30,6638.4
2025/1/14 20:45,6850.8
2025/1/14 21:00,6702
2025/1/14 21:15,6751.2
2025/1/14 21:30,6801.6
2025/1/14 21:45,6850.8
2025/1/14 22:00,6852
2025/1/14 22:15,6858
2025/1/14 22:30,6800.4
2025/1/14 22:45,6854.4
2025/1/14 23:00,6814.8
2025/1/14 23:15,6813.6
2025/1/14 23:30,6810
2025/1/14 23:45,6747.6
2025/1/15 0:00,6768
2025/1/15 0:15,6768
2025/1/15 0:30,6825.6
2025/1/15 0:45,6798
2025/1/15 1:00,6824.4
2025/1/15 1:15,6750
2025/1/15 1:30,6836.4
2025/1/15 1:45,6805.2
2025/1/15 2:00,6793.2
2025/1/15 2:15,6768
2025/1/15 2:30,6722.4
2025/1/15 2:45,6736.8
2025/1/15 3:00,6728.4
2025/1/15 3:15,6904.8
2025/1/15 3:30,6830.4
2025/1/15 3:45,6753.6
2025/1/15 4:00,6763.2
2025/1/15 4:15,6822
2025/1/15 4:30,6898.8
2025/1/15 4:45,6790.8
2025/1/15 5:00,6770.4
2025/1/15 5:15,6704.4
2025/1/15 5:30,6649.2
2025/1/15 5:45,6759.6
2025/1/15 6:00,6754.8
2025/1/15 6:15,6714
2025/1/15 6:30,6765.6
2025/1/15 6:45,6722.4
2025/1/15 7:00,6662.4
2025/1/15 7:15,6750
2025/1/15 7:30,6762
2025/1/15 7:45,6698.4
2025/1/15 8:00,6741.6
2025/1/15 8:15,6756
2025/1/15 8:30,6871.2
2025/1/15 8:45,6769.2
2025/1/15 9:00,6808.8
2025/1/15 9:15,6790.8
2025/1/15 9:30,6864
2025/1/15 9:45,6792
2025/1/15 10:00,6854.4
2025/1/15 10:15,6747.6
2025/1/15 10:30,6754.8
2025/1/15 10:45,6752.4
2025/1/15 11:00,6763.2
2025/1/15 11:15,6710.4
2025/1/15 11:30,6811.2
2025/1/15 11:45,6710.4
2025/1/15 12:00,6817.2
2025/1/15 12:15,6801.6
2025/1/15 12:30,6566.4
2025/1/15 12:45,6628.8
2025/1/15 13:00,6777.6
2025/1/15 13:15,6796.8
2025/1/15 13:30,6741.6
2025/1/15 13:45,6818.4
2025/1/15 14:00,6837.6
2025/1/15 14:15,6708
2025/1/15 14:30,6733.2
2025/1/15 14:45,6823.2
2025/1/15 15:00,6859.2
2025/1/15 15:15,6674.4
2025/1/15 15:30,6733.2
2025/1/15 15:45,6753.6
2025/1/15 16:00,6810
2025/1/15 16:15,6744
2025/1/15 16:30,6811.2
2025/1/15 16:45,6859.2
2025/1/15 17:00,6709.2
2025/1/15 17:15,6860.4
2025/1/15 17:30,6721.2
2025/1/15 17:45,6760.8
2025/1/15 18:00,6789.6
2025/1/15 18:15,6756
2025/1/15 18:30,6860.4
2025/1/15 18:45,6759.6
2025/1/15 19:00,6799.2
2025/1/15 19:15,6808.8
2025/1/15 19:30,6670.8
2025/1/15 19:45,6740.4
2025/1/15 20:00,6884.4
2025/1/15 20:15,6624
2025/1/15 20:30,6616.8
2025/1/15 20:45,6685.2
2025/1/15 21:00,6676.8
2025/1/15 21:15,6620.4
2025/1/15 21:30,6566.4
2025/1/15 21:45,6882
2025/1/15 22:00,6822
2025/1/15 22:15,6849.6
2025/1/15 22:30,6819.6
2025/1/15 22:45,6716.4
2025/1/15 23:00,6752.4
2025/1/15 23:15,6789.6
2025/1/15 23:30,6681.6
2025/1/15 23:45,6747.6
2025/1/16 0:00,6823.2
2025/1/16 0:15,6847.2
2025/1/16 0:30,6724.8
2025/1/16 0:45,6756
2025/1/16 1:00,6795.6
2025/1/16 1:15,6876
2025/1/16 1:30,6912
2025/1/16 1:45,6787.2
2025/1/16 2:00,6686.4
2025/1/16 2:15,6732
2025/1/16 2:30,6771.6
2025/1/16 2:45,6727.2
2025/1/16 3:00,6780
2025/1/16 3:15,6802.8
2025/1/16 3:30,6872.4
2025/1/16 3:45,6824.4
2025/1/16 4:00,6751.2
2025/1/16 4:15,6865.2
2025/1/16 4:30,6789.6
2025/1/16 4:45,6813.6
2025/1/16 5:00,6661.2
2025/1/16 5:15,6559.2
2025/1/16 5:30,6579.6
2025/1/16 5:45,6589.2
2025/1/16 6:00,6589.2
2025/1/16 6:15,6624
2025/1/16 6:30,6540
2025/1/16 6:45,6486
2025/1/16 7:00,6548.4
2025/1/16 7:15,6553.2
2025/1/16 7:30,6565.2
2025/1/16 7:45,6660
2025/1/16 8:00,6547.2
2025/1/16 8:15,6574.8
2025/1/16 8:30,6572.4
2025/1/16 8:45,6764.4
2025/1/16 9:00,6792
2025/1/16 9:15,6718.8
2025/1/16 9:30,6866.4
2025/1/16 9:45,6762
2025/1/16 10:00,6823.2
2025/1/16 10:15,6862.8
2025/1/16 10:30,6872.4
2025/1/16 10:45,6811.2
2025/1/16 11:00,6734.4
2025/1/16 11:15,6716.4
2025/1/16 11:30,6842.4
2025/1/16 11:45,6817.2
2025/1/16 12:00,6865.2
2025/1/16 12:15,6778.8
2025/1/16 12:30,6771.6
2025/1/16 12:45,6811.2
2025/1/16 13:00,6669.6
2025/1/16 13:15,6873.6
2025/1/16 13:30,6690
2025/1/16 13:45,6910.8
2025/1/16 14:00,6940.8
2025/1/16 14:15,6756
2025/1/16 14:30,6879.6
2025/1/16 14:45,6840
2025/1/16 15:00,6854.4
2025/1/16 15:15,6866.4
2025/1/16 15:30,6992.4
2025/1/16 15:45,6895.2
2025/1/16 16:00,6771.6
2025/1/16 16:15,6894
2025/1/16 16:30,6886.8
2025/1/16 16:45,6810
2025/1/16 17:00,6819.6
2025/1/16 17:15,6850.8
2025/1/16 17:30,6835.2
2025/1/16 17:45,6626.4
2025/1/16 18:00,6727.2
2025/1/16 18:15,6740.4
2025/1/16 18:30,6760.8
2025/1/16 18:45,6745.2
2025/1/16 19:00,6772.8
2025/1/16 19:15,6826.8
2025/1/16 19:30,6735.6
2025/1/16 19:45,6705.6
2025/1/16 20:00,6692.4
2025/1/16 20:15,6734.4
2025/1/16 20:30,6782.4
2025/1/16 20:45,6907.2
2025/1/16 21:00,6738
2025/1/16 21:15,6760.8
2025/1/16 21:30,6844.8
2025/1/16 21:45,6794.4
2025/1/16 22:00,6778.8
2025/1/16 22:15,6776.4
2025/1/16 22:30,6782.4
2025/1/16 22:45,6787.2
2025/1/16 23:00,6822
2025/1/16 23:15,6822
2025/1/16 23:30,6710.4
2025/1/16 23:45,6753.6
2025/1/17 0:00,6745.2
2025/1/17 0:15,6756
2025/1/17 0:30,6744
2025/1/17 0:45,6759.6
2025/1/17 1:00,6766.8
2025/1/17 1:15,6738
2025/1/17 1:30,6775.2
2025/1/17 1:45,6751.2
2025/1/17 2:00,6766.8
2025/1/17 2:15,6748.8
2025/1/17 2:30,6776.4
2025/1/17 2:45,6757.2
2025/1/17 3:00,6801.6
2025/1/17 3:15,6726
2025/1/17 3:30,6724.8
2025/1/17 3:45,6769.2
2025/1/17 4:00,6759.6
2025/1/17 4:15,6794.4
2025/1/17 4:30,6824.4
2025/1/17 4:45,6816
2025/1/17 5:00,6745.2
2025/1/17 5:15,6717.6
2025/1/17 5:30,6792
2025/1/17 5:45,6710.4
2025/1/17 6:00,6654
2025/1/17 6:15,6692.4
2025/1/17 6:30,6745.2
2025/1/17 6:45,6694.8
2025/1/17 7:00,6704.4
2025/1/17 7:15,6750
2025/1/17 7:30,6698.4
2025/1/17 7:45,6716.4
2025/1/17 8:00,6750
2025/1/17 8:15,6692.4
2025/1/17 8:30,6765.6
2025/1/17 8:45,6699.6
2025/1/17 9:00,6738
2025/1/17 9:15,6778.8
2025/1/17 9:30,6753.6
2025/1/17 9:45,6771.6
2025/1/17 10:00,6786
2025/1/17 10:15,6793.2
2025/1/17 10:30,6782.4
2025/1/17 10:45,6810
2025/1/17 11:00,6846
2025/1/17 11:15,6946.8
2025/1/17 11:30,6828
2025/1/17 11:45,6870
2025/1/17 12:00,6836.4
2025/1/17 12:15,6733.2
2025/1/17 12:30,6834
2025/1/17 12:45,6819.6
2025/1/17 13:00,6778.8
2025/1/17 13:15,6679.2
2025/1/17 13:30,6940.8
2025/1/17 13:45,6919.2
2025/1/17 14:00,6950.4
2025/1/17 14:15,6883.2
2025/1/17 14:30,6624
2025/1/17 14:45,6900
2025/1/17 15:00,6897.6
2025/1/17 15:15,6787.2
2025/1/17 15:30,6885.6
2025/1/17 15:45,6804
2025/1/17 16:00,6884.4
2025/1/17 16:15,6884.4
2025/1/17 16:30,6896.4
2025/1/17 16:45,6951.6
2025/1/17 17:00,6783.6
2025/1/17 17:15,6836.4
2025/1/17 17:30,6764.4
2025/1/17 17:45,6882
2025/1/17 18:00,6877.2
2025/1/17 18:15,6800.4
2025/1/17 18:30,6829.2
2025/1/17 18:45,6825.6
2025/1/17 19:00,6817.2
2025/1/17 19:15,6770.4
2025/1/17 19:30,6771.6
2025/1/17 19:45,6807.6
2025/1/17 20:00,6852
2025/1/17 20:15,6865.2
2025/1/17 20:30,6865.2
2025/1/17 20:45,6784.8
2025/1/17 21:00,6913.2
2025/1/17 21:15,6927.6
2025/1/17 21:30,6936
2025/1/17 21:45,6908.4
2025/1/17 22:00,6934.8
2025/1/17 22:15,6892.8
2025/1/17 22:30,6942
2025/1/17 22:45,6808.8
2025/1/17 23:00,6916.8
2025/1/17 23:15,6828
2025/1/17 23:30,6873.6
2025/1/17 23:45,6852
2025/1/18 0:00,6879.6
2025/1/18 0:15,6861.6
2025/1/18 0:30,6742.8
2025/1/18 0:45,6865.2
2025/1/18 1:00,6874.8
2025/1/18 1:15,6828
2025/1/18 1:30,6688.8
2025/1/18 1:45,6812.4
2025/1/18 2:00,6834
2025/1/18 2:15,6841.2
2025/1/18 2:30,6790.8
2025/1/18 2:45,6796.8
2025/1/18 3:00,6592.8
2025/1/18 3:15,6790.8
2025/1/18 3:30,6784.8
2025/1/18 3:45,6766.8
2025/1/18 4:00,6823.2
2025/1/18 4:15,6766.8
2025/1/18 4:30,6723.6
2025/1/18 4:45,6832.8
2025/1/18 5:00,6830.4
2025/1/18 5:15,6740.4
2025/1/18 5:30,6598.8
2025/1/18 5:45,6688.8
2025/1/18 6:00,6740.4
2025/1/18 6:15,6788.4
2025/1/18 6:30,6750
2025/1/18 6:45,6766.8
2025/1/18 7:00,6705.6
2025/1/18 7:15,6682.8
2025/1/18 7:30,6663.6
2025/1/18 7:45,6778.8
2025/1/18 8:00,6674.4
2025/1/18 8:15,6728.4
2025/1/18 8:30,6753.6
2025/1/18 8:45,6764.4
2025/1/18 9:00,6762
2025/1/18 9:15,6772.8
2025/1/18 9:30,6824.4
2025/1/18 9:45,6750
2025/1/18 10:00,6774
2025/1/18 10:15,6808.8
2025/1/18 10:30,6648
2025/1/18 10:45,6604.8
2025/1/18 11:00,6830.4
2025/1/18 11:15,6721.2
2025/1/18 11:30,6747.6
2025/1/18 11:45,6664.8
2025/1/18 12:00,6664.8
2025/1/18 12:15,6633.6
2025/1/18 12:30,6724.8
2025/1/18 12:45,6788.4
2025/1/18 13:00,6666
2025/1/18 13:15,6794.4
2025/1/18 13:30,6794.4
2025/1/18 13:45,6752.4
2025/1/18 14:00,6830.4
2025/1/18 14:15,6792
2025/1/18 14:30,6772.8
2025/1/18 14:45,6741.6
2025/1/18 15:00,6727.2
2025/1/18 15:15,6824.4
2025/1/18 15:30,6751.2
2025/1/18 15:45,6860.4
2025/1/18 16:00,6814.8
2025/1/18 16:15,6879.6
2025/1/18 16:30,6856.8
2025/1/18 16:45,6776.4
2025/1/18 17:00,6715.2
2025/1/18 17:15,6788.4
2025/1/18 17:30,6745.2
2025/1/18 17:45,6698.4
2025/1/18 18:00,6750
2025/1/18 18:15,6782.4
2025/1/18 18:30,6676.8
2025/1/18 18:45,6723.6
2025/1/18 19:00,6762
2025/1/18 19:15,6824.4
2025/1/18 19:30,6776.4
2025/1/18 19:45,6682.8
2025/1/18 20:00,6739.2
2025/1/18 20:15,6774
2025/1/18 20:30,6669.6
2025/1/18 20:45,6766.8
2025/1/18 21:00,6735.6
2025/1/18 21:15,6760.8
2025/1/18 21:30,6763.2
2025/1/18 21:45,6746.4
2025/1/18 22:00,6813.6
2025/1/18 22:15,6712.8
2025/1/18 22:30,6822
2025/1/18 22:45,6772.8
2025/1/18 23:00,6732
2025/1/18 23:15,6759.6
2025/1/18 23:30,6733.2
2025/1/18 23:45,6758.4
2025/1/19 0:00,6746.4
2025/1/19 0:15,6792
2025/1/19 0:30,6781.2
2025/1/19 0:45,6829.2
2025/1/19 1:00,6736.8
2025/1/19 1:15,6786
2025/1/19 1:30,6753.6
2025/1/19 1:45,6764.4
2025/1/19 2:00,6824.4
2025/1/19 2:15,6736.8
2025/1/19 2:30,6766.8
2025/1/19 2:45,6722.4
2025/1/19 3:00,6811.2
2025/1/19 3:15,6753.6
2025/1/19 3:30,6835.2
2025/1/19 3:45,6852
2025/1/19 4:00,6868.8
2025/1/19 4:15,6758.4
2025/1/19 4:30,6794.4
2025/1/19 4:45,6757.2
2025/1/19 5:00,6763.2
2025/1/19 5:15,6733.2
2025/1/19 5:30,6746.4
2025/1/19 5:45,6685.2
2025/1/19 6:00,6712.8
2025/1/19 6:15,6709.2
2025/1/19 6:30,6721.2
2025/1/19 6:45,6745.2
2025/1/19 7:00,6694.8
2025/1/19 7:15,6637.2
2025/1/19 7:30,6692.4
2025/1/19 7:45,6646.8
2025/1/19 8:00,6711.6
2025/1/19 8:15,6700.8
2025/1/19 8:30,6722.4
2025/1/19 8:45,6670.8
2025/1/19 9:00,6720
2025/1/19 9:15,6776.4
2025/1/19 9:30,6766.8
2025/1/19 9:45,6787.2
2025/1/19 10:00,6753.6
2025/1/19 10:15,6610.8
2025/1/19 10:30,6567.6
2025/1/19 10:45,6794.4
2025/1/19 11:00,6768
2025/1/19 11:15,6684
2025/1/19 11:30,6662.4
2025/1/19 11:45,6627.6
2025/1/19 12:00,6729.6
2025/1/19 12:15,6711.6
2025/1/19 12:30,6664.8
2025/1/19 12:45,6741.6
2025/1/19 13:00,6727.2
2025/1/19 13:15,6704.4
2025/1/19 13:30,6817.2
2025/1/19 13:45,6718.8
2025/1/19 14:00,6758.4
2025/1/19 14:15,6774
2025/1/19 14:30,6798
2025/1/19 14:45,6805.2
2025/1/19 15:00,6784.8
2025/1/19 15:15,6792
2025/1/19 15:30,6806.4
2025/1/19 15:45,6732
2025/1/19 16:00,6735.6
2025/1/19 16:15,6704.4
2025/1/19 16:30,6729.6
2025/1/19 16:45,6672
2025/1/19 17:00,6738
2025/1/19 17:15,6715.2
2025/1/19 17:30,6766.8
2025/1/19 17:45,6748.8
2025/1/19 18:00,6794.4
2025/1/19 18:15,6733.2
2025/1/19 18:30,6690
2025/1/19 18:45,6763.2
2025/1/19 19:00,6705.6
2025/1/19 19:15,6684
2025/1/19 19:30,6805.2
2025/1/19 19:45,6627.6
2025/1/19 20:00,6673.2
2025/1/19 20:15,6756
2025/1/19 20:30,6752.4
2025/1/19 20:45,6656.4
2025/1/19 21:00,6493.2
2025/1/19 21:15,6582
2025/1/19 21:30,6459.6
2025/1/19 21:45,6432
2025/1/19 22:00,6499.2
2025/1/19 22:15,6474
2025/1/19 22:30,6439.2
2025/1/19 22:45,6540
2025/1/19 23:00,6579.6
2025/1/19 23:15,6466.8
2025/1/19 23:30,6507.6
2025/1/19 23:45,6517.2
2025/1/20 0:00,6511.2
2025/1/20 0:15,6512.4
2025/1/20 0:30,6472.8
2025/1/20 0:45,6564
2025/1/20 1:00,6498
2025/1/20 1:15,6536.4
2025/1/20 1:30,6471.6
2025/1/20 1:45,6481.2
2025/1/20 2:00,6433.2
2025/1/20 2:15,6435.6
2025/1/20 2:30,6403.2
2025/1/20 2:45,6447.6
2025/1/20 3:00,6464.4
2025/1/20 3:15,6478.8
2025/1/20 3:30,6589.2
2025/1/20 3:45,6540
2025/1/20 4:00,6507.6
2025/1/20 4:15,6506.4
2025/1/20 4:30,6590.4
2025/1/20 4:45,6585.6
2025/1/20 5:00,6498
2025/1/20 5:15,6480
2025/1/20 5:30,6418.8
2025/1/20 5:45,6516
2025/1/20 6:00,6466.8
2025/1/20 6:15,6422.4
2025/1/20 6:30,6512.4
2025/1/20 6:45,6448.8
2025/1/20 7:00,6451.2
2025/1/20 7:15,6478.8
2025/1/20 7:30,6511.2
2025/1/20 7:45,6457.2
2025/1/20 8:00,6492
2025/1/20 8:15,6435.6
2025/1/20 8:30,6457.2
2025/1/20 8:45,6469.2
2025/1/20 9:00,6483.6
2025/1/20 9:15,6524.4
2025/1/20 9:30,6507.6
2025/1/20 9:45,6532.8
2025/1/20 10:00,6544.8
2025/1/20 10:15,6525.6
2025/1/20 10:30,6494.4
2025/1/20 10:45,6522
2025/1/20 11:00,6560.4
2025/1/20 11:15,6582
2025/1/20 11:30,6424.8
2025/1/20 11:45,6504
2025/1/20 12:00,6518.4
2025/1/20 12:15,6511.2
2025/1/20 12:30,6519.6
2025/1/20 12:45,6470.4
2025/1/20 13:00,6453.6
2025/1/20 13:15,6550.8
2025/1/20 13:30,6475.2
2025/1/20 13:45,6604.8
2025/1/20 14:00,6628.8
2025/1/20 14:15,6699.6
2025/1/20 14:30,6787.2
2025/1/20 14:45,6802.8
2025/1/20 15:00,6667.2
2025/1/20 15:15,6740.4
2025/1/20 15:30,6728.4
2025/1/20 15:45,6746.4
2025/1/20 16:00,6752.4
2025/1/20 16:15,6742.8
2025/1/20 16:30,6676.8
2025/1/20 16:45,6674.4
2025/1/20 17:00,6657.6
2025/1/20 17:15,6728.4
2025/1/20 17:30,6654
2025/1/20 17:45,6726
2025/1/20 18:00,6729.6
2025/1/20 18:15,6705.6
2025/1/20 18:30,6714
2025/1/20 18:45,6674.4
2025/1/20 19:00,6750
2025/1/20 19:15,6732
2025/1/20 19:30,6732
2025/1/20 19:45,6758.4
2025/1/20 20:00,6734.4
2025/1/20 20:15,6694.8
2025/1/20 20:30,6675.6
2025/1/20 20:45,6690
2025/1/20 21:00,6730.8
2025/1/20 21:15,6732
2025/1/20 21:30,6807.6
2025/1/20 21:45,6786
2025/1/20 22:00,6768
2025/1/20 22:15,6758.4
2025/1/20 22:30,6766.8
2025/1/20 22:45,6740.4
2025/1/20 23:00,6723.6
2025/1/20 23:15,6662.4
2025/1/20 23:30,6649.2
2025/1/20 23:45,6669.6
2025/1/21 0:00,6735.6
2025/1/21 0:15,6739.2
2025/1/21 0:30,6694.8
2025/1/21 0:45,6651.6
2025/1/21 1:00,6702
2025/1/21 1:15,6685.2
2025/1/21 1:30,6694.8
2025/1/21 1:45,6588
2025/1/21 2:00,6660
2025/1/21 2:15,6615.6
2025/1/21 2:30,6598.8
2025/1/21 2:45,6681.6
2025/1/21 3:00,6710.4
2025/1/21 3:15,6676.8
2025/1/21 3:30,6720
2025/1/21 3:45,6648
2025/1/21 4:00,6630
2025/1/21 4:15,6694.8
2025/1/21 4:30,6630
2025/1/21 4:45,6679.2
2025/1/21 5:00,6588
2025/1/21 5:15,6666
2025/1/21 5:30,6603.6
2025/1/21 5:45,6589.2
2025/1/21 6:00,6574.8
2025/1/21 6:15,6536.4
2025/1/21 6:30,6507.6
2025/1/21 6:45,6538.8
2025/1/21 7:00,6577.2
2025/1/21 7:15,6516
2025/1/21 7:30,6572.4
2025/1/21 7:45,6684
2025/1/21 8:00,6694.8
2025/1/21 8:15,6726
2025/1/21 8:30,6807.6
2025/1/21 8:45,6792
2025/1/21 9:00,6748.8
2025/1/21 9:15,6824.4
2025/1/21 9:30,6817.2
2025/1/21 9:45,6744
2025/1/21 10:00,6789.6
2025/1/21 10:15,6776.4
2025/1/21 10:30,6796.8
2025/1/21 10:45,6793.2
2025/1/21 11:00,6816
2025/1/21 11:15,6830.4
2025/1/21 11:30,6717.6
2025/1/21 11:45,6747.6
2025/1/21 12:00,6672
2025/1/21 12:15,6788.4
2025/1/21 12:30,6902.4
2025/1/21 12:45,6838.8
2025/1/21 13:00,6873.6
2025/1/21 13:15,6870
2025/1/21 13:30,6846
2025/1/21 13:45,6796.8
2025/1/21 14:00,6890.4
2025/1/21 14:15,6848.4
2025/1/21 14:30,6909.6
2025/1/21 14:45,6860.4
2025/1/21 15:00,6896.4
2025/1/21 15:15,6822
2025/1/21 15:30,6877.2
2025/1/21 15:45,6952.8
2025/1/21 16:00,6886.8
2025/1/21 16:15,6943.2
2025/1/21 16:30,6835.2
2025/1/21 16:45,6823.2
2025/1/21 17:00,6775.2
2025/1/21 17:15,6866.4
2025/1/21 17:30,6858
2025/1/21 17:45,6837.6
2025/1/21 18:00,6812.4
2025/1/21 18:15,6775.2
2025/1/21 18:30,6850.8
2025/1/21 18:45,6858
2025/1/21 19:00,6720
2025/1/21 19:15,6818.4
2025/1/21 19:30,6832.8
2025/1/21 19:45,6802.8
2025/1/21 20:00,6712.8
2025/1/21 20:15,6757.2
2025/1/21 20:30,6751.2
2025/1/21 20:45,6842.4
2025/1/21 21:00,6925.2
2025/1/21 21:15,6852
2025/1/21 21:30,6858
2025/1/21 21:45,6890.4
2025/1/21 22:00,6843.6
2025/1/21 22:15,6820.8
2025/1/21 22:30,6888
2025/1/21 22:45,6879.6
2025/1/21 23:00,6784.8
2025/1/21 23:15,6854.4
2025/1/21 23:30,6811.2
2025/1/21 23:45,6793.2
2025/1/22 0:00,6751.2
2025/1/22 0:15,6837.6
2025/1/22 0:30,6832.8
2025/1/22 0:45,6853.2
2025/1/22 1:00,6772.8
2025/1/22 1:15,6738
2025/1/22 1:30,6736.8
2025/1/22 1:45,6772.8
2025/1/22 2:00,6837.6
2025/1/22 2:15,6789.6
2025/1/22 2:30,6748.8
2025/1/22 2:45,6796.8
2025/1/22 3:00,6764.4
2025/1/22 3:15,6882
2025/1/22 3:30,6870
2025/1/22 3:45,6777.6
2025/1/22 4:00,6784.8
2025/1/22 4:15,6765.6
2025/1/22 4:30,6777.6
2025/1/22 4:45,6787.2
2025/1/22 5:00,6772.8
2025/1/22 5:15,6696
2025/1/22 5:30,6795.6
2025/1/22 5:45,6796.8
2025/1/22 6:00,6741.6
2025/1/22 6:15,6756
2025/1/22 6:30,6770.4
2025/1/22 6:45,6764.4
2025/1/22 7:00,6710.4
2025/1/22 7:15,6673.2
2025/1/22 7:30,6662.4
2025/1/22 7:45,6700.8
2025/1/22 8:00,6680.4
2025/1/22 8:15,6714
2025/1/22 8:30,6704.4
2025/1/22 8:45,6691.2
2025/1/22 9:00,6756
2025/1/22 9:15,6753.6
2025/1/22 9:30,6820.8
2025/1/22 9:45,6840
2025/1/22 10:00,6822
2025/1/22 10:15,6837.6
2025/1/22 10:30,6853.2
2025/1/22 10:45,6823.2
2025/1/22 11:00,6873.6
2025/1/22 11:15,6541.2
2025/1/22 11:30,6462
2025/1/22 11:45,6369.6
2025/1/22 12:00,6349.2
2025/1/22 12:15,6446.4
2025/1/22 12:30,6373.2
2025/1/22 12:45,6394.8
2025/1/22 13:00,6504
2025/1/22 13:15,6520.8
2025/1/22 13:30,6625.2
2025/1/22 13:45,6674.4
2025/1/22 14:00,6637.2
2025/1/22 14:15,6669.6
2025/1/22 14:30,6632.4
2025/1/22 14:45,6663.6
2025/1/22 15:00,6628.8
2025/1/22 15:15,6692.4
2025/1/22 15:30,6688.8
2025/1/22 15:45,6704.4
2025/1/22 16:00,6669.6
2025/1/22 16:15,6700.8
2025/1/22 16:30,6697.2
2025/1/22 16:45,6604.8
2025/1/22 17:00,6720
2025/1/22 17:15,6732
2025/1/22 17:30,6642
2025/1/22 17:45,6622.8
2025/1/22 18:00,6631.2
2025/1/22 18:15,6579.6
2025/1/22 18:30,6516
2025/1/22 18:45,6612
2025/1/22 19:00,6649.2
2025/1/22 19:15,6632.4
2025/1/22 19:30,6652.8
2025/1/22 19:45,6715.2
2025/1/22 20:00,6730.8
2025/1/22 20:15,6644.4
2025/1/22 20:30,6705.6
2025/1/22 20:45,6769.2
2025/1/22 21:00,6687.6
2025/1/22 21:15,6842.4
2025/1/22 21:30,6664.8
2025/1/22 21:45,6824.4
2025/1/22 22:00,6798
2025/1/22 22:15,6828
2025/1/22 22:30,6835.2
2025/1/22 22:45,6772.8
2025/1/22 23:00,6793.2
2025/1/22 23:15,6726
2025/1/22 23:30,6704.4
2025/1/22 23:45,6716.4
2025/1/23 0:00,6722.4
2025/1/23 0:15,6727.2
2025/1/23 0:30,6645.6
2025/1/23 0:45,6730.8
2025/1/23 1:00,6738
2025/1/23 1:15,6747.6
2025/1/23 1:30,6738
2025/1/23 1:45,6702
2025/1/23 2:00,6657.6
2025/1/23 2:15,6733.2
2025/1/23 2:30,6686.4
2025/1/23 2:45,6709.2
2025/1/23 3:00,6712.8
2025/1/23 3:15,6736.8
2025/1/23 3:30,6726
2025/1/23 3:45,6822
2025/1/23 4:00,6724.8
2025/1/23 4:15,6721.2
2025/1/23 4:30,6712.8
2025/1/23 4:45,6656.4
2025/1/23 5:00,6760.8
2025/1/23 5:15,6681.6
2025/1/23 5:30,6709.2
2025/1/23 5:45,6637.2
2025/1/23 6:00,6716.4
2025/1/23 6:15,6687.6
2025/1/23 6:30,6658.8
2025/1/23 6:45,6598.8
2025/1/23 7:00,6651.6
2025/1/23 7:15,6606
2025/1/23 7:30,6576
2025/1/23 7:45,6686.4
2025/1/23 8:00,6613.2
2025/1/23 8:15,6645.6
2025/1/23 8:30,6657.6
2025/1/23 8:45,6632.4
2025/1/23 9:00,6738
2025/1/23 9:15,6723.6
2025/1/23 9:30,6699.6
2025/1/23 9:45,6666
2025/1/23 10:00,6753.6
2025/1/23 10:15,6703.2
2025/1/23 10:30,6703.2
2025/1/23 10:45,6792
2025/1/23 11:00,6777.6
2025/1/23 11:15,6781.2
2025/1/23 11:30,6884.4
2025/1/23 11:45,6880.8
2025/1/23 12:00,6751.2
2025/1/23 12:15,6728.4
2025/1/23 12:30,6862.8
2025/1/23 12:45,6816
2025/1/23 13:00,6723.6
2025/1/23 13:15,6828
2025/1/23 13:30,6805.2
2025/1/23 13:45,6783.6
2025/1/23 14:00,6808.8
2025/1/23 14:15,6501.6
2025/1/23 14:30,6546
2025/1/23 14:45,6622.8
2025/1/23 15:00,6513.6
2025/1/23 15:15,6568.8
2025/1/23 15:30,6487.2
2025/1/23 15:45,6460.8
2025/1/23 16:00,6628.8
2025/1/23 16:15,6580.8
2025/1/23 16:30,6954
2025/1/23 16:45,6967.2
2025/1/23 17:00,6913.2
2025/1/23 17:15,6872.4
2025/1/23 17:30,6597.6
2025/1/23 17:45,6609.6
2025/1/23 18:00,6631.2
2025/1/23 18:15,6625.2
2025/1/23 18:30,6550.8
2025/1/23 18:45,6592.8
2025/1/23 19:00,6570
2025/1/23 19:15,6578.4
2025/1/23 19:30,6522
2025/1/23 19:45,6562.8
2025/1/23 20:00,6606
2025/1/23 20:15,6662.4
2025/1/23 20:30,6528
2025/1/23 20:45,6625.2
2025/1/23 21:00,6613.2
2025/1/23 21:15,6600
2025/1/23 21:30,6583.2
2025/1/23 21:45,6699.6
2025/1/23 22:00,6618
2025/1/23 22:15,6648
2025/1/23 22:30,6564
2025/1/23 22:45,6649.2
2025/1/23 23:00,6657.6
2025/1/23 23:15,6622.8
2025/1/23 23:30,6607.2
2025/1/23 23:45,6526.8
2025/1/24 0:00,6846
2025/1/24 0:15,6442.8
2025/1/24 0:30,6834
2025/1/24 0:45,6891.6
2025/1/24 1:00,6852
2025/1/24 1:15,6828
2025/1/24 1:30,6831.6
2025/1/24 1:45,6913.2
2025/1/24 2:00,6879.6
2025/1/24 2:15,6841.2
2025/1/24 2:30,6831.6
2025/1/24 2:45,6836.4
2025/1/24 3:00,6909.6
2025/1/24 3:15,6896.4
2025/1/24 3:30,6885.6
2025/1/24 3:45,6883.2
2025/1/24 4:00,6912
2025/1/24 4:15,6819.6
2025/1/24 4:30,6772.8
2025/1/24 4:45,6852
2025/1/24 5:00,6931.2
2025/1/24 5:15,6852
2025/1/24 5:30,6813.6
2025/1/24 5:45,6834
2025/1/24 6:00,6870
2025/1/24 6:15,6836.4
2025/1/24 6:30,6819.6
2025/1/24 6:45,6819.6
2025/1/24 7:00,6840
2025/1/24 7:15,6840
2025/1/24 7:30,6772.8
2025/1/24 7:45,6866.4
2025/1/24 8:00,6792
2025/1/24 8:15,6854.4
2025/1/24 8:30,6824.4
2025/1/24 8:45,6830.4
2025/1/24 9:00,6835.2
2025/1/24 9:15,6620.4
2025/1/24 9:30,6675.6
2025/1/24 9:45,6674.4
2025/1/24 10:00,6634.8
2025/1/24 10:15,6650.4
2025/1/24 10:30,6512.4
2025/1/24 10:45,6688.8
2025/1/24 11:00,6674.4
2025/1/24 11:15,6559.2
2025/1/24 11:30,6613.2
2025/1/24 11:45,6554.4
2025/1/24 12:00,6633.6
2025/1/24 12:15,6616.8
2025/1/24 12:30,6622.8
2025/1/24 12:45,6645.6
2025/1/24 13:00,6632.4
2025/1/24 13:15,6622.8
2025/1/24 13:30,6708
2025/1/24 13:45,6651.6
2025/1/24 14:00,6640.8
2025/1/24 14:15,6666
2025/1/24 14:30,6690
2025/1/24 14:45,6636
2025/1/24 15:00,6651.6
2025/1/24 15:15,6662.4
2025/1/24 15:30,6650.4
2025/1/24 15:45,6714
2025/1/24 16:00,6691.2
2025/1/24 16:15,6622.8
2025/1/24 16:30,6838.8
2025/1/24 16:45,6876
2025/1/24 17:00,6476.4
2025/1/24 17:15,6415.2
2025/1/24 17:30,6448.8
2025/1/24 17:45,6507.6
2025/1/24 18:00,6472.8
2025/1/24 18:15,6580.8
2025/1/24 18:30,6577.2
2025/1/24 18:45,6570
2025/1/24 19:00,6601.2
2025/1/24 19:15,6679.2
2025/1/24 19:30,6633.6
2025/1/24 19:45,6602.4
2025/1/24 20:00,6612
2025/1/24 20:15,6505.2
2025/1/24 20:30,6500.4
2025/1/24 20:45,6543.6
2025/1/24 21:00,6639.6
2025/1/24 21:15,6788.4
2025/1/24 21:30,6738
2025/1/24 21:45,6715.2
2025/1/24 22:00,6823.2
2025/1/24 22:15,6674.4
2025/1/24 22:30,6777.6
2025/1/24 22:45,6681.6
2025/1/24 23:00,6720
2025/1/24 23:15,6693.6
2025/1/24 23:30,6655.2
2025/1/24 23:45,6688.8
2025/1/25 0:00,6703.2
2025/1/25 0:15,6730.8
2025/1/25 0:30,6763.2
2025/1/25 0:45,6744
2025/1/25 1:00,6690
2025/1/25 1:15,6692.4
2025/1/25 1:30,6679.2
2025/1/25 1:45,6658.8
2025/1/25 2:00,6675.6
2025/1/25 2:15,6690
2025/1/25 2:30,6661.2
2025/1/25 2:45,6717.6
2025/1/25 3:00,6757.2
2025/1/25 3:15,6608.4
2025/1/25 3:30,6658.8
2025/1/25 3:45,6655.2
2025/1/25 4:00,6685.2
2025/1/25 4:15,6668.4
2025/1/25 4:30,6682.8
2025/1/25 4:45,6615.6
2025/1/25 5:00,6668.4
2025/1/25 5:15,6571.2
2025/1/25 5:30,6633.6
2025/1/25 5:45,6606
2025/1/25 6:00,6490.8
2025/1/25 6:15,6609.6
2025/1/25 6:30,6602.4
2025/1/25 6:45,6573.6
2025/1/25 7:00,6536.4
2025/1/25 7:15,6573.6
2025/1/25 7:30,6444
2025/1/25 7:45,6601.2
2025/1/25 8:00,6610.8
2025/1/25 8:15,6580.8
2025/1/25 8:30,6578.4
2025/1/25 8:45,6576
2025/1/25 9:00,6584.4
2025/1/25 9:15,6676.8
2025/1/25 9:30,6600
2025/1/25 9:45,6578.4
2025/1/25 10:00,6638.4
2025/1/25 10:15,6619.2
2025/1/25 10:30,6618
2025/1/25 10:45,6672
2025/1/25 11:00,6682.8
2025/1/25 11:15,6764.4
2025/1/25 11:30,6609.6
2025/1/25 11:45,6637.2
2025/1/25 12:00,6609.6
2025/1/25 12:15,7045.2
2025/1/25 12:30,7022.4
2025/1/25 12:45,7021.2
2025/1/25 13:00,6638.4
2025/1/25 13:15,6748.8
2025/1/25 13:30,6777.6
2025/1/25 13:45,6745.2
2025/1/25 14:00,6806.4
2025/1/25 14:15,6847.2
2025/1/25 14:30,6856.8
2025/1/25 14:45,6944.4
2025/1/25 15:00,6745.2
2025/1/25 15:15,7044
2025/1/25 15:30,7074
2025/1/25 15:45,6711.6
2025/1/25 16:00,6758.4
2025/1/25 16:15,6842.4
2025/1/25 16:30,6752.4
2025/1/25 16:45,6762
2025/1/25 17:00,6830.4
2025/1/25 17:15,6774
2025/1/25 17:30,6820.8
2025/1/25 17:45,6745.2
2025/1/25 18:00,6772.8
2025/1/25 18:15,6724.8
2025/1/25 18:30,6705.6
2025/1/25 18:45,6744
2025/1/25 19:00,6697.2
2025/1/25 19:15,6696
2025/1/25 19:30,6711.6
2025/1/25 19:45,6775.2
2025/1/25 20:00,6822
2025/1/25 20:15,6746.4
2025/1/25 20:30,6769.2
2025/1/25 20:45,6778.8
2025/1/25 21:00,6777.6
2025/1/25 21:15,6789.6
2025/1/25 21:30,6787.2
2025/1/25 21:45,6649.2
2025/1/25 22:00,6694.8
2025/1/25 22:15,7051.2
2025/1/25 22:30,7063.2
2025/1/25 22:45,7003.2
2025/1/25 23:00,7048.8
2025/1/25 23:15,7080
2025/1/25 23:30,6855.6
2025/1/25 23:45,6736.8
2025/1/26 0:00,6804
2025/1/26 0:15,6709.2
2025/1/26 0:30,7075.2
2025/1/26 0:45,7076.4
2025/1/26 1:00,7020
2025/1/26 1:15,7086
2025/1/26 1:30,7035.6
2025/1/26 1:45,7009.2
2025/1/26 2:00,6980.4
2025/1/26 2:15,7011.6
2025/1/26 2:30,7014
2025/1/26 2:45,7003.2
2025/1/26 3:00,7022.4
2025/1/26 3:15,6931.2
2025/1/26 3:30,7026
2025/1/26 3:45,7046.4
2025/1/26 4:00,7014
2025/1/26 4:15,6973.2
2025/1/26 4:30,6973.2
2025/1/26 4:45,6998.4
2025/1/26 5:00,7004.4
2025/1/26 5:15,7008
2025/1/26 5:30,7022.4
2025/1/26 5:45,6975.6
2025/1/26 6:00,6974.4
2025/1/26 6:15,6939.6
2025/1/26 6:30,6958.8
2025/1/26 6:45,6938.4
2025/1/26 7:00,6920.4
2025/1/26 7:15,6890.4
2025/1/26 7:30,6915.6
2025/1/26 7:45,6931.2
2025/1/26 8:00,6885.6
2025/1/26 8:15,6894
2025/1/26 8:30,6950.4
2025/1/26 8:45,6984
2025/1/26 9:00,6994.8
2025/1/26 9:15,7041.6
2025/1/26 9:30,6948
2025/1/26 9:45,6728.4
2025/1/26 10:00,6724.8
2025/1/26 10:15,7071.6
2025/1/26 10:30,7158
2025/1/26 10:45,6966
2025/1/26 11:00,6938.4
2025/1/26 11:15,6897.6
2025/1/26 11:30,6684
2025/1/26 11:45,7012.8
2025/1/26 12:00,7086
2025/1/26 12:15,6961.2
2025/1/26 12:30,6981.6
2025/1/26 12:45,6943.2
2025/1/26 13:00,7058.4
2025/1/26 13:15,7035.6
2025/1/26 13:30,7098
2025/1/26 13:45,7051.2
2025/1/26 14:00,6751.2
2025/1/26 14:15,7078.8
2025/1/26 14:30,7128
2025/1/26 14:45,7138.8
2025/1/26 15:00,6760.8
2025/1/26 15:15,6835.2
2025/1/26 15:30,6766.8
2025/1/26 15:45,6805.2
2025/1/26 16:00,6818.4
2025/1/26 16:15,6787.2
2025/1/26 16:30,7083.6
2025/1/26 16:45,7112.4
2025/1/26 17:00,7072.8
2025/1/26 17:15,7144.8
2025/1/26 17:30,6885.6
2025/1/26 17:45,6900
2025/1/26 18:00,6945.6
2025/1/26 18:15,6883.2
2025/1/26 18:30,6942
2025/1/26 18:45,6835.2
2025/1/26 19:00,6876
2025/1/26 19:15,6874.8
2025/1/26 19:30,6937.2
2025/1/26 19:45,6949.2
2025/1/26 20:00,6966
2025/1/26 20:15,6688.8
2025/1/26 20:30,6901.2
2025/1/26 20:45,6945.6
2025/1/26 21:00,6600
2025/1/26 21:15,6537.6
2025/1/26 21:30,6777.6
2025/1/26 21:45,6775.2
2025/1/26 22:00,6852
2025/1/26 22:15,6986.4
2025/1/26 22:30,7040.4
2025/1/26 22:45,6978
2025/1/26 23:00,6679.2
2025/1/26 23:15,7059.6
2025/1/26 23:30,7042.8
2025/1/26 23:45,7016.4
2025/1/27 0:00,6925.2
2025/1/27 0:15,6948
2025/1/27 0:30,6954
2025/1/27 0:45,6890.4
2025/1/27 1:00,6894
2025/1/27 1:15,6898.8
2025/1/27 1:30,6922.8
2025/1/27 1:45,6934.8
2025/1/27 2:00,6916.8
2025/1/27 2:15,6897.6
2025/1/27 2:30,6883.2
2025/1/27 2:45,6888
2025/1/27 3:00,6871.2
2025/1/27 3:15,6962.4
2025/1/27 3:30,6936
2025/1/27 3:45,6886.8
2025/1/27 4:00,6859.2
2025/1/27 4:15,6934.8
2025/1/27 4:30,6928.8
2025/1/27 4:45,6946.8
2025/1/27 5:00,6876
2025/1/27 5:15,6878.4
2025/1/27 5:30,6793.2
2025/1/27 5:45,6850.8
2025/1/27 6:00,6873.6
2025/1/27 6:15,6864
2025/1/27 6:30,6841.2
2025/1/27 6:45,6889.2
2025/1/27 7:00,6758.4
2025/1/27 7:15,6859.2
2025/1/27 7:30,6891.6
2025/1/27 7:45,6842.4
2025/1/27 8:00,6831.6
2025/1/27 8:15,6853.2
2025/1/27 8:30,6852
2025/1/27 8:45,6916.8
2025/1/27 9:00,6867.6
2025/1/27 9:15,6690
2025/1/27 9:30,6736.8
2025/1/27 9:45,6798
2025/1/27 10:00,6746.4
2025/1/27 10:15,6537.6
2025/1/27 10:30,6561.6
2025/1/27 10:45,6567.6
2025/1/27 11:00,6538.8
2025/1/27 11:15,6434.4
2025/1/27 11:30,6472.8
2025/1/27 11:45,6745.2
2025/1/27 12:00,6849.6
2025/1/27 12:15,6673.2
2025/1/27 12:30,6850.8
2025/1/27 12:45,6738
2025/1/27 13:00,6700.8
2025/1/27 13:15,6844.8
2025/1/27 13:30,6858
2025/1/27 13:45,6812.4
2025/1/27 14:00,6808.8
2025/1/27 14:15,6843.6
2025/1/27 14:30,6853.2
2025/1/27 14:45,6898.8
2025/1/27 15:00,6873.6
2025/1/27 15:15,6890.4
2025/1/27 15:30,6846
2025/1/27 15:45,6862.8
2025/1/27 16:00,6849.6
2025/1/27 16:15,6841.2
2025/1/27 16:30,6891.6
2025/1/27 16:45,6852
2025/1/27 17:00,6585.6
2025/1/27 17:15,6520.8
2025/1/27 17:30,6517.2
2025/1/27 17:45,6465.6
2025/1/27 18:00,6570
2025/1/27 18:15,6507.6
2025/1/27 18:30,6570
2025/1/27 18:45,6754.8
2025/1/27 19:00,6766.8
2025/1/27 19:15,6714
2025/1/27 19:30,6674.4
2025/1/27 19:45,6765.6
2025/1/27 20:00,6783.6
2025/1/27 20:15,6625.2
2025/1/27 20:30,6618
2025/1/27 20:45,6355.2
2025/1/27 21:00,6512.4
2025/1/27 21:15,6514.8
2025/1/27 21:30,6547.2
2025/1/27 21:45,6566.4
2025/1/27 22:00,6624
2025/1/27 22:15,6628.8
2025/1/27 22:30,6738
2025/1/27 22:45,6668.4
2025/1/27 23:00,6621.6
2025/1/27 23:15,6625.2
2025/1/27 23:30,6688.8
2025/1/27 23:45,6624
2025/1/28 0:00,6654
2025/1/28 0:15,6669.6
2025/1/28 0:30,6703.2
2025/1/28 0:45,6670.8
2025/1/28 1:00,6646.8
2025/1/28 1:15,6651.6
2025/1/28 1:30,6606
2025/1/28 1:45,6560.4
2025/1/28 2:00,6577.2
2025/1/28 2:15,6644.4
2025/1/28 2:30,6636
2025/1/28 2:45,6615.6
2025/1/28 3:00,6597.6
2025/1/28 3:15,6582
2025/1/28 3:30,6589.2
2025/1/28 3:45,6583.2
2025/1/28 4:00,6579.6
2025/1/28 4:15,6624
2025/1/28 4:30,6686.4
2025/1/28 4:45,6619.2
2025/1/28 5:00,6666
2025/1/28 5:15,6636
2025/1/28 5:30,6590.4
2025/1/28 5:45,6601.2
2025/1/28 6:00,6541.2
2025/1/28 6:15,6626.4
2025/1/28 6:30,6673.2
2025/1/28 6:45,6620.4
2025/1/28 7:00,6590.4
2025/1/28 7:15,6682.8
2025/1/28 7:30,6704.4
2025/1/28 7:45,6612
2025/1/28 8:00,6668.4
2025/1/28 8:15,6586.8
2025/1/28 8:30,6765.6
2025/1/28 8:45,6802.8
2025/1/28 9:00,6745.2
2025/1/28 9:15,6856.8
2025/1/28 9:30,6823.2
2025/1/28 9:45,6829.2
2025/1/28 10:00,6776.4
2025/1/28 10:15,6669.6
2025/1/28 10:30,6579.6
2025/1/28 10:45,6781.2
2025/1/28 11:00,6832.8
2025/1/28 11:15,6776.4
2025/1/28 11:30,6730.8
2025/1/28 11:45,6796.8
2025/1/28 12:00,6727.2
2025/1/28 12:15,6736.8
2025/1/28 12:30,6764.4
2025/1/28 12:45,6801.6
2025/1/28 13:00,6764.4
2025/1/28 13:15,6822
2025/1/28 13:30,6776.4
2025/1/28 13:45,6902.4
2025/1/28 14:00,6876
2025/1/28 14:15,6885.6
2025/1/28 14:30,6934.8
2025/1/28 14:45,6769.2
2025/1/28 15:00,6591.6
2025/1/28 15:15,6693.6
2025/1/28 15:30,6831.6
2025/1/28 15:45,6771.6
2025/1/28 16:00,6918
2025/1/28 16:15,6909.6
2025/1/28 16:30,6909.6
2025/1/28 16:45,7005.6
2025/1/28 17:00,6950.4
2025/1/28 17:15,6984
2025/1/28 17:30,6958.8
2025/1/28 17:45,6931.2
2025/1/28 18:00,6819.6
2025/1/28 18:15,6969.6
2025/1/28 18:30,6890.4
2025/1/28 18:45,6943.2
2025/1/28 19:00,6870
2025/1/28 19:15,6918
2025/1/28 19:30,6896.4
2025/1/28 19:45,6891.6
2025/1/28 20:00,6829.2
2025/1/28 20:15,6824.4
2025/1/28 20:30,6822
2025/1/28 20:45,6793.2
2025/1/28 21:00,6946.8
2025/1/28 21:15,6820.8
2025/1/28 21:30,6858
2025/1/28 21:45,6853.2
2025/1/28 22:00,6870
2025/1/28 22:15,6934.8
2025/1/28 22:30,6816
2025/1/28 22:45,6824.4
2025/1/28 23:00,6748.8
2025/1/28 23:15,6774
2025/1/28 23:30,6846
2025/1/28 23:45,6789.6
2025/1/29 0:00,6716.4
2025/1/29 0:15,6759.6
2025/1/29 0:30,6853.2
2025/1/29 0:45,6788.4
2025/1/29 1:00,6858
2025/1/29 1:15,6829.2
2025/1/29 1:30,6841.2
2025/1/29 1:45,6814.8
2025/1/29 2:00,6747.6
2025/1/29 2:15,6816
2025/1/29 2:30,6777.6
2025/1/29 2:45,6792
2025/1/29 3:00,6832.8
2025/1/29 3:15,6766.8
2025/1/29 3:30,6758.4
2025/1/29 3:45,6848.4
2025/1/29 4:00,6802.8
2025/1/29 4:15,6828
2025/1/29 4:30,6768
2025/1/29 4:45,6716.4
2025/1/29 5:00,6798
2025/1/29 5:15,6806.4
2025/1/29 5:30,6730.8
2025/1/29 5:45,6747.6
2025/1/29 6:00,6729.6
2025/1/29 6:15,6748.8
2025/1/29 6:30,6747.6
2025/1/29 6:45,6729.6
2025/1/29 7:00,6763.2
2025/1/29 7:15,6746.4
2025/1/29 7:30,6688.8
2025/1/29 7:45,6759.6
2025/1/29 8:00,6709.2
2025/1/29 8:15,6739.2
2025/1/29 8:30,6710.4
2025/1/29 8:45,6675.6
2025/1/29 9:00,6732
2025/1/29 9:15,6783.6
2025/1/29 9:30,6729.6
2025/1/29 9:45,6864
2025/1/29 10:00,6781.2
2025/1/29 10:15,6789.6
2025/1/29 10:30,6769.2
2025/1/29 10:45,6747.6
2025/1/29 11:00,6903.6
2025/1/29 11:15,6856.8
2025/1/29 11:30,6831.6
2025/1/29 11:45,6819.6
2025/1/29 12:00,6920.4
2025/1/29 12:15,6832.8
2025/1/29 12:30,6840
2025/1/29 12:45,6798
2025/1/29 13:00,6808.8
2025/1/29 13:15,6810
2025/1/29 13:30,6700.8
2025/1/29 13:45,6778.8
2025/1/29 14:00,6933.6
2025/1/29 14:15,6954
2025/1/29 14:30,6952.8
2025/1/29 14:45,6896.4
2025/1/29 15:00,6973.2
2025/1/29 15:15,6972
2025/1/29 15:30,6927.6
2025/1/29 15:45,6903.6
2025/1/29 16:00,6771.6
2025/1/29 16:15,6939.6
2025/1/29 16:30,6924
2025/1/29 16:45,6789.6
2025/1/29 17:00,6810
2025/1/29 17:15,6840
2025/1/29 17:30,6950.4
2025/1/29 17:45,7015.2
2025/1/29 18:00,6697.2
2025/1/29 18:15,7074
2025/1/29 18:30,6908.4
2025/1/29 18:45,6890.4
2025/1/29 19:00,6908.4
2025/1/29 19:15,6891.6
2025/1/29 19:30,6962.4
2025/1/29 19:45,6912
2025/1/29 20:00,6787.2
2025/1/29 20:15,6873.6
2025/1/29 20:30,6891.6
2025/1/29 20:45,6922.8
2025/1/29 21:00,6927.6
2025/1/29 21:15,6807.6
2025/1/29 21:30,6880.8
2025/1/29 21:45,6848.4
2025/1/29 22:00,6798
2025/1/29 22:15,6806.4
2025/1/29 22:30,6880.8
2025/1/29 22:45,6789.6
2025/1/29 23:00,6830.4
2025/1/29 23:15,6630
2025/1/29 23:30,6822
2025/1/29 23:45,6843.6
2025/1/30 0:00,6759.6
2025/1/30 0:15,6805.2
2025/1/30 0:30,6820.8
2025/1/30 0:45,6801.6
2025/1/30 1:00,6756
2025/1/30 1:15,6774
2025/1/30 1:30,6864
2025/1/30 1:45,6692.4
2025/1/30 2:00,6718.8
2025/1/30 2:15,6590.4
2025/1/30 2:30,6736.8
2025/1/30 2:45,6709.2
2025/1/30 3:00,6769.2
2025/1/30 3:15,6848.4
2025/1/30 3:30,6796.8
2025/1/30 3:45,6715.2
2025/1/30 4:00,6717.6
2025/1/30 4:15,6735.6
2025/1/30 4:30,6834
2025/1/30 4:45,6759.6
2025/1/30 5:00,6816
2025/1/30 5:15,6757.2
2025/1/30 5:30,6704.4
2025/1/30 5:45,6756
2025/1/30 6:00,6840
2025/1/30 6:15,6444
2025/1/30 6:30,6447.6
2025/1/30 6:45,6370.8
2025/1/30 7:00,6380.4
2025/1/30 7:15,6330
2025/1/30 7:30,6368.4
2025/1/30 7:45,6261.6
2025/1/30 8:00,6376.8
2025/1/30 8:15,6379.2
2025/1/30 8:30,6326.4
2025/1/30 8:45,6424.8
2025/1/30 9:00,6464.4
2025/1/30 9:15,6480
2025/1/30 9:30,6508.8
2025/1/30 9:45,6783.6
2025/1/30 10:00,6612
2025/1/30 10:15,6739.2
2025/1/30 10:30,6637.2
2025/1/30 10:45,6745.2
2025/1/30 11:00,6639.6
2025/1/30 11:15,6690
2025/1/30 11:30,6578.4
2025/1/30 11:45,6793.2
2025/1/30 12:00,6781.2
2025/1/30 12:15,6736.8
2025/1/30 12:30,6752.4
2025/1/30 12:45,6648
2025/1/30 13:00,6687.6
2025/1/30 13:15,6672
2025/1/30 13:30,6721.2
2025/1/30 13:45,6736.8
2025/1/30 14:00,6711.6
2025/1/30 14:15,6706.8
2025/1/30 14:30,6853.2
2025/1/30 14:45,6706.8
2025/1/30 15:00,6748.8
2025/1/30 15:15,6711.6
2025/1/30 15:30,6630
2025/1/30 15:45,6657.6
2025/1/30 16:00,6716.4
2025/1/30 16:15,6720
2025/1/30 16:30,6590.4
2025/1/30 16:45,6638.4
2025/1/30 17:00,6608.4
2025/1/30 17:15,6616.8
2025/1/30 17:30,6674.4
2025/1/30 17:45,6646.8
2025/1/30 18:00,6634.8
2025/1/30 18:15,6577.2
2025/1/30 18:30,6682.8
2025/1/30 18:45,6651.6
2025/1/30 19:00,6624
2025/1/30 19:15,6597.6
2025/1/30 19:30,6619.2
2025/1/30 19:45,6604.8
2025/1/30 20:00,6526.8
2025/1/30 20:15,6600
2025/1/30 20:30,6595.2
2025/1/30 20:45,6579.6
2025/1/30 21:00,6523.2
2025/1/30 21:15,6596.4
2025/1/30 21:30,6642
2025/1/30 21:45,6674.4
2025/1/30 22:00,6612
2025/1/30 22:15,6582
2025/1/30 22:30,6644.4
2025/1/30 22:45,6610.8
2025/1/30 23:00,6598.8
2025/1/30 23:15,6646.8
2025/1/30 23:30,6547.2
2025/1/30 23:45,6458.4
2025/1/31 0:00,6556.8
2025/1/31 0:15,6562.8
2025/1/31 0:30,6601.2
2025/1/31 0:45,6596.4
2025/1/31 1:00,6625.2
2025/1/31 1:15,6555.6
2025/1/31 1:30,6572.4
2025/1/31 1:45,6570
2025/1/31 2:00,6603.6
2025/1/31 2:15,6567.6
2025/1/31 2:30,6550.8
2025/1/31 2:45,6565.2
2025/1/31 3:00,6588
2025/1/31 3:15,6639.6
2025/1/31 3:30,6603.6
2025/1/31 3:45,6531.6
2025/1/31 4:00,6523.2
2025/1/31 4:15,6596.4
2025/1/31 4:30,6540
2025/1/31 4:45,6606
2025/1/31 5:00,6537.6
2025/1/31 5:15,6584.4
2025/1/31 5:30,6514.8
2025/1/31 5:45,6517.2
2025/1/31 6:00,6483.6
2025/1/31 6:15,6465.6
2025/1/31 6:30,6487.2
2025/1/31 6:45,6548.4
2025/1/31 7:00,6464.4
2025/1/31 7:15,6464.4
2025/1/31 7:30,6360
2025/1/31 7:45,6541.2
2025/1/31 8:00,6556.8
2025/1/31 8:15,6530.4
2025/1/31 8:30,6541.2
2025/1/31 8:45,6528
2025/1/31 9:00,6438
2025/1/31 9:15,6526.8
2025/1/31 9:30,6436.8
2025/1/31 9:45,6537.6
2025/1/31 10:00,6578.4
2025/1/31 10:15,6607.2
2025/1/31 10:30,6722.4
2025/1/31 10:45,6693.6
2025/1/31 11:00,6730.8
2025/1/31 11:15,6663.6
2025/1/31 11:30,6558
2025/1/31 11:45,6584.4
2025/1/31 12:00,6616.8
2025/1/31 12:15,6622.8
2025/1/31 12:30,6579.6
2025/1/31 12:45,6691.2
2025/1/31 13:00,6693.6
2025/1/31 13:15,6646.8
2025/1/31 13:30,6627.6
2025/1/31 13:45,6614.4
2025/1/31 14:00,6710.4
2025/1/31 14:15,6643.2
2025/1/31 14:30,6722.4
2025/1/31 14:45,6709.2
2025/1/31 15:00,6616.8
2025/1/31 15:15,6546
2025/1/31 15:30,6696
2025/1/31 15:45,6609.6
2025/1/31 16:00,6627.6
2025/1/31 16:15,6591.6
2025/1/31 16:30,6668.4
2025/1/31 16:45,6682.8
2025/1/31 17:00,6582
2025/1/31 17:15,6686.4
2025/1/31 17:30,6726
2025/1/31 17:45,6625.2
2025/1/31 18:00,6624
2025/1/31 18:15,6612
2025/1/31 18:30,6608.4
2025/1/31 18:45,6589.2
2025/1/31 19:00,6580.8
2025/1/31 19:15,6686.4
2025/1/31 19:30,6619.2
2025/1/31 19:45,6564
2025/1/31 20:00,6680.4
2025/1/31 20:15,6590.4
2025/1/31 20:30,6952.8
2025/1/31 20:45,6624
2025/1/31 21:00,6972
2025/1/31 21:15,6986.4
2025/1/31 21:30,6951.6
2025/1/31 21:45,6991.2
2025/1/31 22:00,7042.8
2025/1/31 22:15,6570
2025/1/31 22:30,6559.2
2025/1/31 22:45,6652.8
2025/1/31 23:00,6610.8
2025/1/31 23:15,6640.8
2025/1/31 23:30,6586.8
2025/1/31 23:45,6582
2025/2/1 0:00,6598.8
2025/2/1 0:15,6582
2025/2/1 0:30,6541.2
2025/2/1 0:45,6640.8
2025/2/1 1:00,6552
2025/2/1 1:15,6622.8
2025/2/1 1:30,6577.2
2025/2/1 1:45,6537.6
2025/2/1 2:00,6649.2
2025/2/1 2:15,6578.4
2025/2/1 2:30,6591.6
2025/2/1 2:45,6554.4
2025/2/1 3:00,6602.4
2025/2/1 3:15,6637.2
2025/2/1 3:30,6584.4
2025/2/1 3:45,6590.4
2025/2/1 4:00,6538.8
2025/2/1 4:15,6609.6
2025/2/1 4:30,6553.2
2025/2/1 4:45,6554.4
2025/2/1 5:00,6540
2025/2/1 5:15,6582
2025/2/1 5:30,6478.8
2025/2/1 5:45,6453.6
2025/2/1 6:00,6477.6
2025/2/1 6:15,6543.6
2025/2/1 6:30,6501.6
2025/2/1 6:45,6570
2025/2/1 7:00,6525.6
2025/2/1 7:15,6487.2
2025/2/1 7:30,6558
2025/2/1 7:45,6512.4
2025/2/1 8:00,6520.8
2025/2/1 8:15,6386.4
2025/2/1 8:30,6548.4
2025/2/1 8:45,6614.4
2025/2/1 9:00,6621.6
2025/2/1 9:15,6580.8
2025/2/1 9:30,6606
2025/2/1 9:45,6555.6
2025/2/1 10:00,6934.8
2025/2/1 10:15,6949.2
2025/2/1 10:30,6975.6
2025/2/1 10:45,7012.8
2025/2/1 11:00,6675.6
2025/2/1 11:15,6764.4
2025/2/1 11:30,6774
2025/2/1 11:45,6738
2025/2/1 12:00,6714
2025/2/1 12:15,6668.4
2025/2/1 12:30,6727.2
2025/2/1 12:45,6681.6
2025/2/1 13:00,6670.8
2025/2/1 13:15,6682.8
2025/2/1 13:30,6710.4
2025/2/1 13:45,6676.8
2025/2/1 14:00,6864
2025/2/1 14:15,6752.4
2025/2/1 14:30,6650.4
2025/2/1 14:45,6786
2025/2/1 15:00,6867.6
2025/2/1 15:15,6703.2
2025/2/1 15:30,6805.2
2025/2/1 15:45,6770.4
2025/2/1 16:00,6750
2025/2/1 16:15,6759.6
2025/2/1 16:30,6696
2025/2/1 16:45,6694.8
2025/2/1 17:00,6843.6
2025/2/1 17:15,6810
2025/2/1 17:30,6777.6
2025/2/1 17:45,6669.6
2025/2/1 18:00,6668.4
2025/2/1 18:15,6633.6
2025/2/1 18:30,6627.6
2025/2/1 18:45,6604.8
2025/2/1 19:00,6777.6
2025/2/1 19:15,6639.6
2025/2/1 19:30,6778.8
2025/2/1 19:45,6718.8
2025/2/1 20:00,6764.4
2025/2/1 20:15,6822
2025/2/1 20:30,6734.4
2025/2/1 20:45,6798
2025/2/1 21:00,6805.2
2025/2/1 21:15,6777.6
2025/2/1 21:30,6715.2
2025/2/1 21:45,6738
2025/2/1 22:00,6798
2025/2/1 22:15,6702
2025/2/1 22:30,6716.4
2025/2/1 22:45,6727.2
2025/2/1 23:00,6772.8
2025/2/1 23:15,6674.4
2025/2/1 23:30,6697.2
2025/2/1 23:45,6694.8
2025/2/2 0:00,6648
2025/2/2 0:15,6663.6
2025/2/2 0:30,6678
2025/2/2 0:45,6646.8
2025/2/2 1:00,6603.6
2025/2/2 1:15,6673.2
2025/2/2 1:30,6726
2025/2/2 1:45,6667.2
2025/2/2 2:00,6642
2025/2/2 2:15,6654
2025/2/2 2:30,6657.6
2025/2/2 2:45,6621.6
2025/2/2 3:00,6606
2025/2/2 3:15,6670.8
2025/2/2 3:30,6661.2
2025/2/2 3:45,6650.4
2025/2/2 4:00,6644.4
2025/2/2 4:15,6651.6
2025/2/2 4:30,6656.4
2025/2/2 4:45,6631.2
2025/2/2 5:00,6609.6
2025/2/2 5:15,6631.2
2025/2/2 5:30,6603.6
2025/2/2 5:45,6697.2
2025/2/2 6:00,6644.4
2025/2/2 6:15,6687.6
2025/2/2 6:30,6700.8
2025/2/2 6:45,6625.2
2025/2/2 7:00,6722.4
2025/2/2 7:15,6642
2025/2/2 7:30,6752.4
2025/2/2 7:45,6630
2025/2/2 8:00,6596.4
2025/2/2 8:15,6618
2025/2/2 8:30,6608.4
2025/2/2 8:45,6656.4
2025/2/2 9:00,6560.4
2025/2/2 9:15,6639.6
2025/2/2 9:30,6687.6
2025/2/2 9:45,6667.2
2025/2/2 10:00,6718.8
2025/2/2 10:15,6655.2
2025/2/2 10:30,6754.8
2025/2/2 10:45,6747.6
2025/2/2 11:00,6726
2025/2/2 11:15,6729.6
2025/2/2 11:30,6793.2
2025/2/2 11:45,6632.4
2025/2/2 12:00,6726
2025/2/2 12:15,6657.6
2025/2/2 12:30,6568.8
2025/2/2 12:45,6602.4
2025/2/2 13:00,6639.6
2025/2/2 13:15,6699.6
2025/2/2 13:30,6607.2
2025/2/2 13:45,6518.4
2025/2/2 14:00,6746.4
2025/2/2 14:15,6592.8
2025/2/2 14:30,6822
2025/2/2 14:45,6573.6
2025/2/2 15:00,6655.2
2025/2/2 15:15,6651.6
2025/2/2 15:30,6690
2025/2/2 15:45,6913.2
2025/2/2 16:00,6630
2025/2/2 16:15,6817.2
2025/2/2 16:30,6718.8
2025/2/2 16:45,6834
2025/2/2 17:00,6776.4
2025/2/2 17:15,6867.6
2025/2/2 17:30,7027.2
2025/2/2 17:45,7062
2025/2/2 18:00,7063.2
2025/2/2 18:15,7040.4
2025/2/2 18:30,6649.2
2025/2/2 18:45,6618
2025/2/2 19:00,7000.8
2025/2/2 19:15,7016.4
2025/2/2 19:30,6944.4
2025/2/2 19:45,7018.8
2025/2/2 20:00,7012.8
2025/2/2 20:15,6933.6
2025/2/2 20:30,6999.6
2025/2/2 20:45,7002
2025/2/2 21:00,6928.8
2025/2/2 21:15,7059.6
2025/2/2 21:30,7064.4
2025/2/2 21:45,7094.4
2025/2/2 22:00,7088.4
2025/2/2 22:15,7034.4
2025/2/2 22:30,7009.2
2025/2/2 22:45,7008
2025/2/2 23:00,7052.4
2025/2/2 23:15,7022.4
2025/2/2 23:30,6980.4
2025/2/2 23:45,6980.4
2025/2/3 0:00,6966
2025/2/3 0:15,6980.4
2025/2/3 0:30,6980.4
2025/2/3 0:45,7000.8
2025/2/3 1:00,6916.8
2025/2/3 1:15,6916.8
2025/2/3 1:30,7008
2025/2/3 1:45,6915.6
2025/2/3 2:00,6942
2025/2/3 2:15,6852
2025/2/3 2:30,6810
2025/2/3 2:45,6896.4
2025/2/3 3:00,6841.2
2025/2/3 3:15,6800.4
2025/2/3 3:30,6954
2025/2/3 3:45,6902.4
2025/2/3 4:00,6798
2025/2/3 4:15,6892.8
2025/2/3 4:30,6855.6
2025/2/3 4:45,6909.6
2025/2/3 5:00,6879.6
2025/2/3 5:15,6876
2025/2/3 5:30,6878.4
2025/2/3 5:45,6835.2
2025/2/3 6:00,6860.4
2025/2/3 6:15,6837.6
2025/2/3 6:30,6781.2
2025/2/3 6:45,6885.6
2025/2/3 7:00,6871.2
2025/2/3 7:15,6897.6
2025/2/3 7:30,6942
2025/2/3 7:45,6918
2025/2/3 8:00,6831.6
2025/2/3 8:15,6879.6
2025/2/3 8:30,6927.6
2025/2/3 8:45,6847.2
2025/2/3 9:00,6949.2
2025/2/3 9:15,6967.2
2025/2/3 9:30,6939.6
2025/2/3 9:45,7046.4
2025/2/3 10:00,6998.4
2025/2/3 10:15,7045.2
2025/2/3 10:30,7016.4
2025/2/3 10:45,6996
2025/2/3 11:00,7053.6
2025/2/3 11:15,7017.6
2025/2/3 11:30,7065.6
2025/2/3 11:45,7021.2
2025/2/3 12:00,6967.2
2025/2/3 12:15,7036.8
2025/2/3 12:30,6997.2
2025/2/3 12:45,7034.4
2025/2/3 13:00,7118.4
2025/2/3 13:15,6987.6
2025/2/3 13:30,6987.6
2025/2/3 13:45,6961.2
2025/2/3 14:00,7071.6
2025/2/3 14:15,7048.8
2025/2/3 14:30,7144.8
2025/2/3 14:45,7154.4
2025/2/3 15:00,7170
2025/2/3 15:15,7129.2
2025/2/3 15:30,7104
2025/2/3 15:45,7143.6
2025/2/3 16:00,7120.8
2025/2/3 16:15,7084.8
2025/2/3 16:30,7098
2025/2/3 16:45,7010.4
2025/2/3 17:00,7072.8
2025/2/3 17:15,6949.2
2025/2/3 17:30,7125.6
2025/2/3 17:45,7122
2025/2/3 18:00,7050
2025/2/3 18:15,6854.4
2025/2/3 18:30,7072.8
2025/2/3 18:45,6968.4
2025/2/3 19:00,6973.2
2025/2/3 19:15,6920.4
2025/2/3 19:30,7059.6
2025/2/3 19:45,6728.4
2025/2/3 20:00,6717.6
2025/2/3 20:15,6706.8
2025/2/3 20:30,6658.8
2025/2/3 20:45,6699.6
2025/2/3 21:00,6720
2025/2/3 21:15,6674.4
2025/2/3 21:30,6663.6
2025/2/3 21:45,6639.6
2025/2/3 22:00,6615.6
2025/2/3 22:15,6722.4
2025/2/3 22:30,6643.2
2025/2/3 22:45,6502.8
2025/2/3 23:00,6692.4
2025/2/3 23:15,6596.4
2025/2/3 23:30,6738
2025/2/3 23:45,6627.6
2025/2/4 0:00,6496.8
2025/2/4 0:15,6578.4
2025/2/4 0:30,6632.4
2025/2/4 0:45,6626.4
2025/2/4 1:00,6658.8
2025/2/4 1:15,6490.8
2025/2/4 1:30,6573.6
2025/2/4 1:45,6606
2025/2/4 2:00,6588
2025/2/4 2:15,6612
2025/2/4 2:30,6496.8
2025/2/4 2:45,6591.6
2025/2/4 3:00,6643.2
2025/2/4 3:15,6616.8
2025/2/4 3:30,6626.4
2025/2/4 3:45,6579.6
2025/2/4 4:00,6642
2025/2/4 4:15,6621.6
2025/2/4 4:30,6608.4
2025/2/4 4:45,6507.6
2025/2/4 5:00,6519.6
2025/2/4 5:15,6517.2
2025/2/4 5:30,6526.8
2025/2/4 5:45,6465.6
2025/2/4 6:00,6453.6
2025/2/4 6:15,6541.2
2025/2/4 6:30,6585.6
2025/2/4 6:45,6554.4
2025/2/4 7:00,6592.8
2025/2/4 7:15,6597.6
2025/2/4 7:30,6607.2
2025/2/4 7:45,6621.6
2025/2/4 8:00,6627.6
2025/2/4 8:15,6594
2025/2/4 8:30,6572.4
2025/2/4 8:45,6576
2025/2/4 9:00,6603.6
2025/2/4 9:15,6661.2
2025/2/4 9:30,6739.2
2025/2/4 9:45,6470.4
2025/2/4 10:00,6484.8
2025/2/4 10:15,6661.2
2025/2/4 10:30,6745.2
2025/2/4 10:45,6673.2
2025/2/4 11:00,6774
2025/2/4 11:15,6723.6
2025/2/4 11:30,6691.2
2025/2/4 11:45,6735.6
2025/2/4 12:00,6711.6
2025/2/4 12:15,6704.4
2025/2/4 12:30,6681.6
2025/2/4 12:45,6619.2
2025/2/4 13:00,6681.6
2025/2/4 13:15,6666
2025/2/4 13:30,6642
2025/2/4 13:45,6570
2025/2/4 14:00,6576
2025/2/4 14:15,6608.4
2025/2/4 14:30,6645.6
2025/2/4 14:45,6644.4
2025/2/4 15:00,6714
2025/2/4 15:15,6711.6
2025/2/4 15:30,6710.4
2025/2/4 15:45,6747.6
2025/2/4 16:00,6759.6
2025/2/4 16:15,6762
2025/2/4 16:30,6724.8
2025/2/4 16:45,6758.4
2025/2/4 17:00,6807.6
2025/2/4 17:15,6813.6
2025/2/4 17:30,6752.4
2025/2/4 17:45,6883.2
2025/2/4 18:00,6748.8
2025/2/4 18:15,6703.2
2025/2/4 18:30,6692.4
2025/2/4 18:45,6691.2
2025/2/4 19:00,6668.4
2025/2/4 19:15,6655.2
2025/2/4 19:30,6753.6
2025/2/4 19:45,6792
2025/2/4 20:00,6769.2
2025/2/4 20:15,6739.2
2025/2/4 20:30,6736.8
2025/2/4 20:45,6649.2
2025/2/4 21:00,6645.6
2025/2/4 21:15,6693.6
2025/2/4 21:30,6693.6
2025/2/4 21:45,6650.4
2025/2/4 22:00,6841.2
2025/2/4 22:15,6823.2
2025/2/4 22:30,6630
2025/2/4 22:45,6694.8
2025/2/4 23:00,6586.8
2025/2/4 23:15,6578.4
2025/2/4 23:30,6626.4
2025/2/4 23:45,6782.4
2025/2/5 0:00,6756
2025/2/5 0:15,6745.2
2025/2/5 0:30,6792
2025/2/5 0:45,6741.6
2025/2/5 1:00,6765.6
2025/2/5 1:15,6750
2025/2/5 1:30,6717.6
2025/2/5 1:45,6724.8
2025/2/5 2:00,6633.6
2025/2/5 2:15,6655.2
2025/2/5 2:30,6506.4
2025/2/5 2:45,6634.8
2025/2/5 3:00,6702
2025/2/5 3:15,6556.8
2025/2/5 3:30,6538.8
2025/2/5 3:45,6681.6
2025/2/5 4:00,6591.6
2025/2/5 4:15,6632.4
2025/2/5 4:30,6613.2
2025/2/5 4:45,6676.8
2025/2/5 5:00,6589.2
2025/2/5 5:15,6619.2
2025/2/5 5:30,6589.2
2025/2/5 5:45,6531.6
2025/2/5 6:00,6439.2
2025/2/5 6:15,6512.4
2025/2/5 6:30,6578.4
2025/2/5 6:45,6537.6
2025/2/5 7:00,6531.6
2025/2/5 7:15,6868.8
2025/2/5 7:30,6864
2025/2/5 7:45,6937.2
2025/2/5 8:00,6956.4
2025/2/5 8:15,6943.2
2025/2/5 8:30,6897.6
2025/2/5 8:45,6943.2
2025/2/5 9:00,7021.2
2025/2/5 9:15,6924
2025/2/5 9:30,7076.4
2025/2/5 9:45,7009.2
2025/2/5 10:00,7087.2
2025/2/5 10:15,7114.8
2025/2/5 10:30,7126.8
2025/2/5 10:45,7148.4
2025/2/5 11:00,7120.8
2025/2/5 11:15,7105.2
2025/2/5 11:30,7170
2025/2/5 11:45,7232.4
2025/2/5 12:00,7118.4
2025/2/5 12:15,7116
2025/2/5 12:30,7006.8
2025/2/5 12:45,7166.4
2025/2/5 13:00,7130.4
2025/2/5 13:15,7153.2
2025/2/5 13:30,7095.6
2025/2/5 13:45,7230
2025/2/5 14:00,7161.6
2025/2/5 14:15,7184.4
2025/2/5 14:30,7171.2
2025/2/5 14:45,7167.6
2025/2/5 15:00,7096.8
2025/2/5 15:15,7062
2025/2/5 15:30,6994.8
2025/2/5 15:45,7231.2
2025/2/5 16:00,7060.8
2025/2/5 16:15,7137.6
2025/2/5 16:30,7046.4
2025/2/5 16:45,7137.6
2025/2/5 17:00,7146
2025/2/5 17:15,7195.2
2025/2/5 17:30,6764.4
2025/2/5 17:45,6764.4
2025/2/5 18:00,6836.4
2025/2/5 18:15,6830.4
2025/2/5 18:30,6856.8
2025/2/5 18:45,6915.6
2025/2/5 19:00,6824.4
2025/2/5 19:15,6838.8
2025/2/5 19:30,7060.8
2025/2/5 19:45,6933.6
2025/2/5 20:00,6843.6
2025/2/5 20:15,6688.8
2025/2/5 20:30,7142.4
2025/2/5 20:45,6732
2025/2/5 21:00,6867.6
2025/2/5 21:15,6880.8
2025/2/5 21:30,6850.8
2025/2/5 21:45,6835.2
2025/2/5 22:00,6832.8
2025/2/5 22:15,6843.6
2025/2/5 22:30,6842.4
2025/2/5 22:45,6895.2
2025/2/5 23:00,6907.2
2025/2/5 23:15,6876
2025/2/5 23:30,6973.2
2025/2/5 23:45,6921.6
2025/2/6 0:00,6855.6
2025/2/6 0:15,6825.6
2025/2/6 0:30,6734.4
2025/2/6 0:45,6702
2025/2/6 1:00,6750
2025/2/6 1:15,6837.6
2025/2/6 1:30,6778.8
2025/2/6 1:45,6817.2
2025/2/6 2:00,6828
2025/2/6 2:15,6777.6
2025/2/6 2:30,6664.8
2025/2/6 2:45,6775.2
2025/2/6 3:00,6808.8
2025/2/6 3:15,6758.4
2025/2/6 3:30,6735.6
2025/2/6 3:45,6770.4
2025/2/6 4:00,6780
2025/2/6 4:15,6685.2
2025/2/6 4:30,6726
2025/2/6 4:45,6792
2025/2/6 5:00,6771.6
2025/2/6 5:15,6710.4
2025/2/6 5:30,6592.8
2025/2/6 5:45,6738
2025/2/6 6:00,6896.4
2025/2/6 6:15,6900
2025/2/6 6:30,6874.8
2025/2/6 6:45,6853.2
2025/2/6 7:00,6894
2025/2/6 7:15,6808.8
2025/2/6 7:30,6894
2025/2/6 7:45,6681.6
2025/2/6 8:00,6639.6
2025/2/6 8:15,6660
2025/2/6 8:30,6541.2
2025/2/6 8:45,6752.4
2025/2/6 9:00,6734.4
2025/2/6 9:15,6705.6
2025/2/6 9:30,6717.6
2025/2/6 9:45,6708
2025/2/6 10:00,6844.8
2025/2/6 10:15,6656.4
2025/2/6 10:30,7070.4
2025/2/6 10:45,7112.4
2025/2/6 11:00,6792
2025/2/6 11:15,6732
2025/2/6 11:30,6798
2025/2/6 11:45,6919.2
2025/2/6 12:00,6800.4
2025/2/6 12:15,7068
2025/2/6 12:30,7158
2025/2/6 12:45,7005.6
2025/2/6 13:00,7098
2025/2/6 13:15,7094.4
2025/2/6 13:30,7024.8
2025/2/6 13:45,7165.2
2025/2/6 14:00,7149.6
2025/2/6 14:15,7040.4
2025/2/6 14:30,7132.8
2025/2/6 14:45,6751.2
2025/2/6 15:00,7092
2025/2/6 15:15,6900
2025/2/6 15:30,7002
2025/2/6 15:45,7154.4
2025/2/6 16:00,7012.8
2025/2/6 16:15,6854.4
2025/2/6 16:30,6896.4
2025/2/6 16:45,7028.4
2025/2/6 17:00,6776.4
2025/2/6 17:15,7029.6
2025/2/6 17:30,7020
2025/2/6 17:45,7089.6
2025/2/6 18:00,7105.2
2025/2/6 18:15,7096.8
2025/2/6 18:30,7084.8
2025/2/6 18:45,7034.4
2025/2/6 19:00,7102.8
2025/2/6 19:15,6954
2025/2/6 19:30,7090.8
2025/2/6 19:45,6834
2025/2/6 20:00,6678
2025/2/6 20:15,6825.6
2025/2/6 20:30,6814.8
2025/2/6 20:45,6992.4
2025/2/6 21:00,6933.6
2025/2/6 21:15,7028.4
2025/2/6 21:30,6974.4
2025/2/6 21:45,6975.6
2025/2/6 22:00,7024.8
2025/2/6 22:15,7032
2025/2/6 22:30,7053.6
2025/2/6 22:45,6763.2
2025/2/6 23:00,6777.6
2025/2/6 23:15,6806.4
2025/2/6 23:30,6894
2025/2/6 23:45,6903.6
2025/2/7 0:00,6883.2
2025/2/7 0:15,6918
2025/2/7 0:30,6919.2
2025/2/7 0:45,6945.6
2025/2/7 1:00,6904.8
2025/2/7 1:15,6844.8
2025/2/7 1:30,6831.6
2025/2/7 1:45,6872.4
2025/2/7 2:00,6841.2
2025/2/7 2:15,6804
2025/2/7 2:30,6762
2025/2/7 2:45,6763.2
2025/2/7 3:00,6951.6
2025/2/7 3:15,6831.6
2025/2/7 3:30,6984
2025/2/7 3:45,6999.6
2025/2/7 4:00,6955.2
2025/2/7 4:15,6921.6
2025/2/7 4:30,6930
2025/2/7 4:45,6958.8
2025/2/7 5:00,6912
2025/2/7 5:15,6828
2025/2/7 5:30,6894
2025/2/7 5:45,6896.4
2025/2/7 6:00,6680.4
2025/2/7 6:15,6871.2
2025/2/7 6:30,6879.6
2025/2/7 6:45,6855.6
2025/2/7 7:00,6897.6
2025/2/7 7:15,6865.2
2025/2/7 7:30,6921.6
2025/2/7 7:45,6849.6
2025/2/7 8:00,6799.2
2025/2/7 8:15,6865.2
2025/2/7 8:30,6781.2
2025/2/7 8:45,6903.6
2025/2/7 9:00,6880.8
2025/2/7 9:15,6980.4
2025/2/7 9:30,6999.6
2025/2/7 9:45,6996
2025/2/7 10:00,6939.6
2025/2/7 10:15,6918
2025/2/7 10:30,6885.6
2025/2/7 10:45,6812.4
2025/2/7 11:00,6746.4
2025/2/7 11:15,6896.4
2025/2/7 11:30,6859.2
2025/2/7 11:45,6910.8
2025/2/7 12:00,6836.4
2025/2/7 12:15,6978
2025/2/7 12:30,6898.8
2025/2/7 12:45,6978
2025/2/7 13:00,7027.2
2025/2/7 13:15,6945.6
2025/2/7 13:30,6932.4
2025/2/7 13:45,7029.6
2025/2/7 14:00,6958.8
2025/2/7 14:15,6943.2
2025/2/7 14:30,6980.4
2025/2/7 14:45,6774
2025/2/7 15:00,6681.6
2025/2/7 15:15,6832.8
2025/2/7 15:30,6962.4
2025/2/7 15:45,6741.6
2025/2/7 16:00,6963.6
2025/2/7 16:15,6897.6
2025/2/7 16:30,6970.8
2025/2/7 16:45,7099.2
2025/2/7 17:00,6670.8
2025/2/7 17:15,6888
2025/2/7 17:30,6855.6
2025/2/7 17:45,6934.8
2025/2/7 18:00,6912
2025/2/7 18:15,6794.4
2025/2/7 18:30,6786
2025/2/7 18:45,6837.6
2025/2/7 19:00,6805.2
2025/2/7 19:15,6888
2025/2/7 19:30,6939.6
2025/2/7 19:45,6750
2025/2/7 20:00,6926.4
2025/2/7 20:15,6769.2
2025/2/7 20:30,6789.6
2025/2/7 20:45,6753.6
2025/2/7 21:00,6738
2025/2/7 21:15,6813.6
2025/2/7 21:30,6752.4
2025/2/7 21:45,6722.4
2025/2/7 22:00,6650.4
2025/2/7 22:15,6830.4
2025/2/7 22:30,6835.2
2025/2/7 22:45,6834
2025/2/7 23:00,6820.8
2025/2/7 23:15,6798
2025/2/7 23:30,6721.2
2025/2/7 23:45,6868.8
2025/2/8 0:00,6890.4
2025/2/8 0:15,6801.6
2025/2/8 0:30,6798
2025/2/8 0:45,6790.8
2025/2/8 1:00,6848.4
2025/2/8 1:15,6801.6
2025/2/8 1:30,6831.6
2025/2/8 1:45,6817.2
2025/2/8 2:00,6838.8
2025/2/8 2:15,6640.8
2025/2/8 2:30,6729.6
2025/2/8 2:45,6933.6
2025/2/8 3:00,6948
2025/2/8 3:15,6950.4
2025/2/8 3:30,7003.2
2025/2/8 3:45,6974.4
2025/2/8 4:00,6993.6
2025/2/8 4:15,6871.2
2025/2/8 4:30,6946.8
2025/2/8 4:45,6925.2
2025/2/8 5:00,6848.4
2025/2/8 5:15,6975.6
2025/2/8 5:30,7009.2
2025/2/8 5:45,6969.6
2025/2/8 6:00,6919.2
2025/2/8 6:15,6950.4
2025/2/8 6:30,6906
2025/2/8 6:45,6946.8
2025/2/8 7:00,6913.2
2025/2/8 7:15,6960
2025/2/8 7:30,6993.6
2025/2/8 7:45,6910.8
2025/2/8 8:00,7039.2
2025/2/8 8:15,7032
2025/2/8 8:30,6937.2
2025/2/8 8:45,6992.4
2025/2/8 9:00,6954
2025/2/8 9:15,7002
2025/2/8 9:30,7012.8
2025/2/8 9:45,7052.4
2025/2/8 10:00,6973.2
2025/2/8 10:15,6936
2025/2/8 10:30,6865.2
2025/2/8 10:45,7035.6
2025/2/8 11:00,7005.6
2025/2/8 11:15,6873.6
2025/2/8 11:30,6957.6
2025/2/8 11:45,6918
2025/2/8 12:00,6852
2025/2/8 12:15,6967.2
2025/2/8 12:30,6912
2025/2/8 12:45,6996
2025/2/8 13:00,6936
2025/2/8 13:15,6950.4
2025/2/8 13:30,7132.8
2025/2/8 13:45,6978
2025/2/8 14:00,6781.2
2025/2/8 14:15,7058.4
2025/2/8 14:30,6771.6
2025/2/8 14:45,7022.4
2025/2/8 15:00,7016.4
2025/2/8 15:15,7045.2
2025/2/8 15:30,7062
2025/2/8 15:45,6769.2
2025/2/8 16:00,6728.4
2025/2/8 16:15,6813.6
2025/2/8 16:30,6879.6
2025/2/8 16:45,6788.4
2025/2/8 17:00,6825.6
2025/2/8 17:15,6829.2
2025/2/8 17:30,6685.2
2025/2/8 17:45,6744
2025/2/8 18:00,6938.4
2025/2/8 18:15,6930
2025/2/8 18:30,6868.8
2025/2/8 18:45,6780
2025/2/8 19:00,6937.2
2025/2/8 19:15,6646.8
2025/2/8 19:30,6664.8
2025/2/8 19:45,6693.6
2025/2/8 20:00,6619.2
2025/2/8 20:15,6614.4
2025/2/8 20:30,6674.4
2025/2/8 20:45,6736.8
2025/2/8 21:00,6795.6
2025/2/8 21:15,6759.6
2025/2/8 21:30,6673.2
2025/2/8 21:45,6870
2025/2/8 22:00,7069.2
2025/2/8 22:15,6871.2
2025/2/8 22:30,7014
2025/2/8 22:45,7059.6
2025/2/8 23:00,7099.2
2025/2/8 23:15,7029.6
2025/2/8 23:30,6948
2025/2/8 23:45,6979.2
2025/2/9 0:00,6999.6
2025/2/9 0:15,6994.8
2025/2/9 0:30,6852
2025/2/9 0:45,6925.2
2025/2/9 1:00,6858
2025/2/9 1:15,6993.6
2025/2/9 1:30,6903.6
2025/2/9 1:45,6943.2
2025/2/9 2:00,6973.2
2025/2/9 2:15,6968.4
2025/2/9 2:30,6933.6
2025/2/9 2:45,6931.2
2025/2/9 3:00,6981.6
2025/2/9 3:15,6933.6
2025/2/9 3:30,6919.2
2025/2/9 3:45,7012.8
2025/2/9 4:00,6987.6
2025/2/9 4:15,6949.2
2025/2/9 4:30,6992.4
2025/2/9 4:45,6873.6
2025/2/9 5:00,6903.6
2025/2/9 5:15,6948
2025/2/9 5:30,6928.8
2025/2/9 5:45,6958.8
2025/2/9 6:00,6840
2025/2/9 6:15,6954
2025/2/9 6:30,6991.2
2025/2/9 6:45,6792
2025/2/9 7:00,6854.4
2025/2/9 7:15,6886.8
2025/2/9 7:30,6878.4
2025/2/9 7:45,6816
2025/2/9 8:00,6922.8
2025/2/9 8:15,6871.2
2025/2/9 8:30,6880.8
2025/2/9 8:45,6840
2025/2/9 9:00,6792
2025/2/9 9:15,7000.8
2025/2/9 9:30,7008
2025/2/9 9:45,6972
2025/2/9 10:00,6956.4
2025/2/9 10:15,6904.8
2025/2/9 10:30,6994.8
2025/2/9 10:45,6855.6
2025/2/9 11:00,6924
2025/2/9 11:15,6891.6
2025/2/9 11:30,6961.2
2025/2/9 11:45,7016.4
2025/2/9 12:00,6859.2
2025/2/9 12:15,6979.2
2025/2/9 12:30,6988.8
2025/2/9 12:45,7020
2025/2/9 13:00,6919.2
2025/2/9 13:15,6994.8
2025/2/9 13:30,6963.6
2025/2/9 13:45,7021.2
2025/2/9 14:00,6985.2
2025/2/9 14:15,7002
2025/2/9 14:30,7105.2
2025/2/9 14:45,6608.4
2025/2/9 15:00,7062
2025/2/9 15:15,7035.6
2025/2/9 15:30,7014
2025/2/9 15:45,7062
2025/2/9 16:00,7143.6
2025/2/9 16:15,7041.6
2025/2/9 16:30,6961.2
2025/2/9 16:45,7017.6
2025/2/9 17:00,7017.6
2025/2/9 17:15,7009.2
2025/2/9 17:30,7014
2025/2/9 17:45,6696
2025/2/9 18:00,7111.2
2025/2/9 18:15,7015.2
2025/2/9 18:30,7068
2025/2/9 18:45,7010.4
2025/2/9 19:00,7086
2025/2/9 19:15,7060.8
2025/2/9 19:30,6990
2025/2/9 19:45,7040.4
2025/2/9 20:00,6956.4
2025/2/9 20:15,7039.2
2025/2/9 20:30,6930
2025/2/9 20:45,7003.2
2025/2/9 21:00,7042.8
2025/2/9 21:15,6967.2
2025/2/9 21:30,7082.4
2025/2/9 21:45,7070.4
2025/2/9 22:00,7018.8
2025/2/9 22:15,7036.8
2025/2/9 22:30,7008
2025/2/9 22:45,7022.4
2025/2/9 23:00,6999.6
2025/2/9 23:15,6936
2025/2/9 23:30,6981.6
2025/2/9 23:45,7134
2025/2/10 0:00,7124.4
2025/2/10 0:15,6927.6
2025/2/10 0:30,7041.6
2025/2/10 0:45,7009.2
2025/2/10 1:00,7047.6
2025/2/10 1:15,7068
2025/2/10 1:30,7047.6
2025/2/10 1:45,7048.8
2025/2/10 2:00,7039.2
2025/2/10 2:15,7015.2
2025/2/10 2:30,7057.2
2025/2/10 2:45,7047.6
2025/2/10 3:00,6976.8
2025/2/10 3:15,7059.6
2025/2/10 3:30,7014
2025/2/10 3:45,7134
2025/2/10 4:00,7120.8
2025/2/10 4:15,7074
2025/2/10 4:30,7077.6
2025/2/10 4:45,7066.8
2025/2/10 5:00,6920.4
2025/2/10 5:15,7100.4
2025/2/10 5:30,7028.4
2025/2/10 5:45,7071.6
2025/2/10 6:00,6973.2
2025/2/10 6:15,6979.2
2025/2/10 6:30,7059.6
2025/2/10 6:45,7032
2025/2/10 7:00,6913.2
2025/2/10 7:15,6984
2025/2/10 7:30,6934.8
2025/2/10 7:45,6812.4
2025/2/10 8:00,6994.8
2025/2/10 8:15,7093.2
2025/2/10 8:30,6775.2
2025/2/10 8:45,7000.8
2025/2/10 9:00,7065.6
2025/2/10 9:15,6967.2
2025/2/10 9:30,7039.2
2025/2/10 9:45,6998.4
2025/2/10 10:00,7020
2025/2/10 10:15,7020
2025/2/10 10:30,6900
2025/2/10 10:45,7063.2
2025/2/10 11:00,7023.6
2025/2/10 11:15,6944.4
2025/2/10 11:30,6988.8
2025/2/10 11:45,7058.4
2025/2/10 12:00,6991.2
2025/2/10 12:15,6948
2025/2/10 12:30,7014
2025/2/10 12:45,7029.6
2025/2/10 13:00,7012.8
2025/2/10 13:15,6842.4
2025/2/10 13:30,6950.4
2025/2/10 13:45,6934.8
2025/2/10 14:00,6999.6
2025/2/10 14:15,6985.2
2025/2/10 14:30,6990
2025/2/10 14:45,7040.4
2025/2/10 15:00,7000.8
2025/2/10 15:15,7044
2025/2/10 15:30,6920.4
2025/2/10 15:45,7100.4
2025/2/10 16:00,7158
2025/2/10 16:15,7032
2025/2/10 16:30,7053.6
2025/2/10 16:45,7050
2025/2/10 17:00,6970.8
2025/2/10 17:15,7027.2
2025/2/10 17:30,6920.4
2025/2/10 17:45,6804
2025/2/10 18:00,6986.4
2025/2/10 18:15,6807.6
2025/2/10 18:30,6769.2
2025/2/10 18:45,6934.8
2025/2/10 19:00,6811.2
2025/2/10 19:15,6884.4
2025/2/10 19:30,6874.8
2025/2/10 19:45,6931.2
2025/2/10 20:00,6926.4
2025/2/10 20:15,6531.6
2025/2/10 20:30,6745.2
2025/2/10 20:45,6859.2
2025/2/10 21:00,6782.4
2025/2/10 21:15,6847.2
2025/2/10 21:30,6879.6
2025/2/10 21:45,7078.8
2025/2/10 22:00,6974.4
2025/2/10 22:15,7022.4
2025/2/10 22:30,6882
2025/2/10 22:45,6802.8
2025/2/10 23:00,6925.2
2025/2/10 23:15,6964.8
2025/2/10 23:30,6634.8
2025/2/10 23:45,6925.2
2025/2/11 0:00,6861.6
2025/2/11 0:15,6798
2025/2/11 0:30,6914.4
2025/2/11 0:45,6933.6
2025/2/11 1:00,6931.2
2025/2/11 1:15,6784.8
2025/2/11 1:30,6741.6
2025/2/11 1:45,6746.4
2025/2/11 2:00,6831.6
2025/2/11 2:15,6918
2025/2/11 2:30,6787.2
2025/2/11 2:45,6910.8
2025/2/11 3:00,6823.2
2025/2/11 3:15,6928.8
2025/2/11 3:30,6980.4
2025/2/11 3:45,6976.8
2025/2/11 4:00,6939.6
2025/2/11 4:15,6952.8
2025/2/11 4:30,6877.2
2025/2/11 4:45,6826.8
2025/2/11 5:00,6972
2025/2/11 5:15,6867.6
2025/2/11 5:30,6901.2
2025/2/11 5:45,6932.4
2025/2/11 6:00,6882
2025/2/11 6:15,6866.4
2025/2/11 6:30,6894
2025/2/11 6:45,6885.6
2025/2/11 7:00,6894
2025/2/11 7:15,6804
2025/2/11 7:30,6888
2025/2/11 7:45,6878.4
2025/2/11 8:00,6918
2025/2/11 8:15,6914.4
2025/2/11 8:30,6927.6
2025/2/11 8:45,6865.2
2025/2/11 9:00,6973.2
2025/2/11 9:15,6984
2025/2/11 9:30,6934.8
2025/2/11 9:45,6914.4
2025/2/11 10:00,6903.6
2025/2/11 10:15,7006.8
2025/2/11 10:30,7044
2025/2/11 10:45,6901.2
2025/2/11 11:00,6944.4
2025/2/11 11:15,6810
2025/2/11 11:30,6903.6
2025/2/11 11:45,6876
2025/2/11 12:00,6942
2025/2/11 12:15,6925.2
2025/2/11 12:30,6915.6
2025/2/11 12:45,6814.8
2025/2/11 13:00,7063.2
2025/2/11 13:15,6945.6
2025/2/11 13:30,7000.8
2025/2/11 13:45,7016.4
2025/2/11 14:00,7029.6
2025/2/11 14:15,6993.6
2025/2/11 14:30,7015.2
2025/2/11 14:45,6963.6
2025/2/11 15:00,6930
2025/2/11 15:15,6868.8
2025/2/11 15:30,7057.2
2025/2/11 15:45,6946.8
2025/2/11 16:00,7017.6
2025/2/11 16:15,7029.6
2025/2/11 16:30,6753.6
2025/2/11 16:45,6854.4
2025/2/11 17:00,6628.8
2025/2/11 17:15,6758.4
2025/2/11 17:30,6786
2025/2/11 17:45,7008
2025/2/11 18:00,6853.2
2025/2/11 18:15,6847.2
2025/2/11 18:30,7009.2
2025/2/11 18:45,6914.4
2025/2/11 19:00,6906
2025/2/11 19:15,6528
2025/2/11 19:30,6475.2
2025/2/11 19:45,6570
2025/2/11 20:00,6541.2
2025/2/11 20:15,6598.8
2025/2/11 20:30,6700.8
2025/2/11 20:45,6597.6
2025/2/11 21:00,6601.2
2025/2/11 21:15,6627.6
2025/2/11 21:30,6591.6
2025/2/11 21:45,6608.4
2025/2/11 22:00,6597.6
2025/2/11 22:15,6780
2025/2/11 22:30,6756
2025/2/11 22:45,6816
2025/2/11 23:00,6757.2
2025/2/11 23:15,6818.4
2025/2/11 23:30,6788.4
2025/2/11 23:45,6692.4
2025/2/12 0:00,6786
2025/2/12 0:15,6769.2
2025/2/12 0:30,6608.4
2025/2/12 0:45,6819.6
2025/2/12 1:00,6865.2
2025/2/12 1:15,6813.6
2025/2/12 1:30,6864
2025/2/12 1:45,6812.4
2025/2/12 2:00,6834
2025/2/12 2:15,6824.4
2025/2/12 2:30,6859.2
2025/2/12 2:45,6866.4
2025/2/12 3:00,6771.6
2025/2/12 3:15,6888
2025/2/12 3:30,6914.4
2025/2/12 3:45,6892.8
2025/2/12 4:00,6904.8
2025/2/12 4:15,6892.8
2025/2/12 4:30,6889.2
2025/2/12 4:45,6888
2025/2/12 5:00,6859.2
2025/2/12 5:15,6904.8
2025/2/12 5:30,6787.2
2025/2/12 5:45,6879.6
2025/2/12 6:00,6744
2025/2/12 6:15,6800.4
2025/2/12 6:30,6806.4
2025/2/12 6:45,6847.2
2025/2/12 7:00,6835.2
2025/2/12 7:15,6826.8
2025/2/12 7:30,6829.2
2025/2/12 7:45,6799.2
2025/2/12 8:00,6771.6
2025/2/12 8:15,6708
2025/2/12 8:30,6914.4
2025/2/12 8:45,6896.4
2025/2/12 9:00,6867.6
2025/2/12 9:15,6843.6
2025/2/12 9:30,6931.2
2025/2/12 9:45,6914.4
2025/2/12 10:00,6694.8
2025/2/12 10:15,6672
2025/2/12 10:30,6676.8
2025/2/12 10:45,6601.2
2025/2/12 11:00,6661.2
2025/2/12 11:15,6744
2025/2/12 11:30,6676.8
2025/2/12 11:45,6684
2025/2/12 12:00,6721.2
2025/2/12 12:15,6717.6
2025/2/12 12:30,6732
2025/2/12 12:45,6802.8
2025/2/12 13:00,6632.4
2025/2/12 13:15,6711.6
2025/2/12 13:30,6682.8
2025/2/12 13:45,6838.8
2025/2/12 14:00,6754.8
2025/2/12 14:15,6787.2
2025/2/12 14:30,6750
2025/2/12 14:45,6715.2
2025/2/12 15:00,6624
2025/2/12 15:15,6825.6
2025/2/12 15:30,6865.2
2025/2/12 15:45,6789.6
2025/2/12 16:00,6831.6
2025/2/12 16:15,7059.6
2025/2/12 16:30,7132.8
2025/2/12 16:45,6981.6
2025/2/12 17:00,7101.6
2025/2/12 17:15,7096.8
2025/2/12 17:30,7063.2
2025/2/12 17:45,6967.2
2025/2/12 18:00,6952.8
2025/2/12 18:15,7113.6
2025/2/12 18:30,7114.8
2025/2/12 18:45,7089.6
2025/2/12 19:00,6723.6
2025/2/12 19:15,6961.2
2025/2/12 19:30,7004.4
2025/2/12 19:45,6987.6
2025/2/12 20:00,7012.8
2025/2/12 20:15,6957.6
2025/2/12 20:30,6879.6
2025/2/12 20:45,7033.2
2025/2/12 21:00,6988.8
2025/2/12 21:15,7006.8
2025/2/12 21:30,7004.4
2025/2/12 21:45,7008
2025/2/12 22:00,6968.4
2025/2/12 22:15,6932.4
2025/2/12 22:30,6772.8
2025/2/12 22:45,6622.8
2025/2/12 23:00,6800.4
2025/2/12 23:15,6825.6
2025/2/12 23:30,6987.6
2025/2/12 23:45,7060.8
2025/2/13 0:00,6980.4
2025/2/13 0:15,7062
2025/2/13 0:30,7052.4
2025/2/13 0:45,7048.8
2025/2/13 1:00,6978
2025/2/13 1:15,7150.8
2025/2/13 1:30,6950.4
2025/2/13 1:45,7093.2
2025/2/13 2:00,7054.8
2025/2/13 2:15,7077.6
2025/2/13 2:30,7058.4
2025/2/13 2:45,7020
2025/2/13 3:00,7081.2
2025/2/13 3:15,6942
2025/2/13 3:30,7158
2025/2/13 3:45,7182
2025/2/13 4:00,7098
2025/2/13 4:15,7038
2025/2/13 4:30,7094.4
2025/2/13 4:45,7018.8
2025/2/13 5:00,7016.4
2025/2/13 5:15,6975.6
2025/2/13 5:30,6825.6
2025/2/13 5:45,6978
2025/2/13 6:00,6861.6
2025/2/13 6:15,6804
2025/2/13 6:30,6924
2025/2/13 6:45,6804
2025/2/13 7:00,6783.6
2025/2/13 7:15,6715.2
2025/2/13 7:30,6853.2
2025/2/13 7:45,6786
2025/2/13 8:00,6817.2
2025/2/13 8:15,6854.4
2025/2/13 8:30,6819.6
2025/2/13 8:45,6846
2025/2/13 9:00,6892.8
2025/2/13 9:15,6876
2025/2/13 9:30,6919.2
2025/2/13 9:45,6972
2025/2/13 10:00,6866.4
2025/2/13 10:15,6802.8
2025/2/13 10:30,6808.8
2025/2/13 10:45,6909.6
2025/2/13 11:00,6997.2
2025/2/13 11:15,6964.8
2025/2/13 11:30,6876
2025/2/13 11:45,6873.6
2025/2/13 12:00,6812.4
2025/2/13 12:15,6872.4
2025/2/13 12:30,6774
2025/2/13 12:45,6952.8
2025/2/13 13:00,6913.2
2025/2/13 13:15,6904.8
2025/2/13 13:30,6949.2
2025/2/13 13:45,6674.4
2025/2/13 14:00,6764.4
2025/2/13 14:15,6711.6
2025/2/13 14:30,6739.2
2025/2/13 14:45,6968.4
2025/2/13 15:00,6670.8
2025/2/13 15:15,6936
2025/2/13 15:30,7050
2025/2/13 15:45,7059.6
2025/2/13 16:00,6763.2
2025/2/13 16:15,7015.2
2025/2/13 16:30,6909.6
2025/2/13 16:45,7041.6
2025/2/13 17:00,6979.2
2025/2/13 17:15,6958.8
2025/2/13 17:30,7038
2025/2/13 17:45,6980.4
2025/2/13 18:00,6889.2
2025/2/13 18:15,6775.2
2025/2/13 18:30,6958.8
2025/2/13 18:45,7004.4
2025/2/13 19:00,6987.6
2025/2/13 19:15,6835.2
2025/2/13 19:30,6790.8
2025/2/13 19:45,7137.6
2025/2/13 20:00,7188
2025/2/13 20:15,7208.4
2025/2/13 20:30,7077.6
2025/2/13 20:45,7198.8
2025/2/13 21:00,7080
2025/2/13 21:15,7060.8
2025/2/13 21:30,7176
2025/2/13 21:45,7132.8
2025/2/13 22:00,7125.6
2025/2/13 22:15,7172.4
2025/2/13 22:30,6788.4
2025/2/13 22:45,6928.8
2025/2/13 23:00,6811.2
2025/2/13 23:15,6999.6
2025/2/13 23:30,7104
2025/2/13 23:45,7110
2025/2/14 0:00,6973.2
2025/2/14 0:15,7078.8
2025/2/14 0:30,6932.4
2025/2/14 0:45,7112.4
2025/2/14 1:00,7015.2
2025/2/14 1:15,7040.4
2025/2/14 1:30,6993.6
2025/2/14 1:45,6946.8
2025/2/14 2:00,6921.6
2025/2/14 2:15,6877.2
2025/2/14 2:30,7032
2025/2/14 2:45,6868.8
2025/2/14 3:00,6830.4
2025/2/14 3:15,6834
2025/2/14 3:30,6862.8
2025/2/14 3:45,6942
2025/2/14 4:00,6861.6
2025/2/14 4:15,6860.4
2025/2/14 4:30,6919.2
2025/2/14 4:45,6895.2
2025/2/14 5:00,6838.8
2025/2/14 5:15,6812.4
2025/2/14 5:30,6841.2
2025/2/14 5:45,6855.6
2025/2/14 6:00,6860.4
2025/2/14 6:15,6819.6
2025/2/14 6:30,6757.2
2025/2/14 6:45,6883.2
2025/2/14 7:00,6858
2025/2/14 7:15,6782.4
2025/2/14 7:30,6810
2025/2/14 7:45,6877.2
2025/2/14 8:00,6910.8
2025/2/14 8:15,6800.4
2025/2/14 8:30,6590.4
2025/2/14 8:45,6699.6
2025/2/14 9:00,6700.8
2025/2/14 9:15,6836.4
2025/2/14 9:30,6732
2025/2/14 9:45,6922.8
2025/2/14 10:00,7083.6
2025/2/14 10:15,6898.8
2025/2/14 10:30,6865.2
2025/2/14 10:45,6886.8
2025/2/14 11:00,6706.8
2025/2/14 11:15,6942
2025/2/14 11:30,6870
2025/2/14 11:45,6852
2025/2/14 12:00,6904.8
2025/2/14 12:15,6856.8
2025/2/14 12:30,6925.2
2025/2/14 12:45,7009.2
2025/2/14 13:00,6985.2
2025/2/14 13:15,7071.6
2025/2/14 13:30,7071.6
2025/2/14 13:45,7237.2
2025/2/14 14:00,6898.8
2025/2/14 14:15,7274.4
2025/2/14 14:30,7236
2025/2/14 14:45,7152
2025/2/14 15:00,7052.4
2025/2/14 15:15,7023.6
2025/2/14 15:30,7214.4
2025/2/14 15:45,7051.2
2025/2/14 16:00,7101.6
2025/2/14 16:15,7135.2
2025/2/14 16:30,7222.8
2025/2/14 16:45,7246.8
2025/2/14 17:00,7027.2
2025/2/14 17:15,7483.2
2025/2/14 17:30,7582.8
2025/2/14 17:45,7411.2
2025/2/14 18:00,7321.2
2025/2/14 18:15,7408.8
2025/2/14 18:30,7317.6
2025/2/14 18:45,7404
2025/2/14 19:00,7418.4
2025/2/14 19:15,7440
2025/2/14 19:30,7366.8
2025/2/14 19:45,7399.2
2025/2/14 20:00,7309.2
2025/2/14 20:15,7516.8
2025/2/14 20:30,7239.6
2025/2/14 20:45,7112.4
2025/2/14 21:00,7008
2025/2/14 21:15,7182
2025/2/14 21:30,7128
2025/2/14 21:45,7113.6
2025/2/14 22:00,7306.8
2025/2/14 22:15,7261.2
2025/2/14 22:30,7129.2
2025/2/14 22:45,7168.8
2025/2/14 23:00,7052.4
2025/2/14 23:15,7244.4
2025/2/14 23:30,7156.8
2025/2/14 23:45,7092
2025/2/15 0:00,7094.4
2025/2/15 0:15,6987.6
2025/2/15 0:30,6973.2
2025/2/15 0:45,7096.8
2025/2/15 1:00,7239.6
2025/2/15 1:15,7167.6
2025/2/15 1:30,7258.8
2025/2/15 1:45,7174.8
2025/2/15 2:00,7118.4
2025/2/15 2:15,7048.8
2025/2/15 2:30,7221.6
2025/2/15 2:45,7138.8
2025/2/15 3:00,7125.6
2025/2/15 3:15,7178.4
2025/2/15 3:30,7221.6
2025/2/15 3:45,7173.6
2025/2/15 4:00,7060.8
2025/2/15 4:15,7170
2025/2/15 4:30,7203.6
2025/2/15 4:45,7112.4
2025/2/15 5:00,7189.2
2025/2/15 5:15,7038
2025/2/15 5:30,7161.6
2025/2/15 5:45,7128
2025/2/15 6:00,7056
2025/2/15 6:15,7084.8
2025/2/15 6:30,7064.4
2025/2/15 6:45,7069.2
2025/2/15 7:00,6865.2
2025/2/15 7:15,6868.8
2025/2/15 7:30,6874.8
2025/2/15 7:45,6871.2
2025/2/15 8:00,6871.2
2025/2/15 8:15,6712.8
2025/2/15 8:30,6888
2025/2/15 8:45,6912
2025/2/15 9:00,6882
2025/2/15 9:15,6882
2025/2/15 9:30,6902.4
2025/2/15 9:45,7150.8
2025/2/15 10:00,7179.6
2025/2/15 10:15,7342.8
2025/2/15 10:30,7359.6
2025/2/15 10:45,7296
2025/2/15 11:00,7368
2025/2/15 11:15,7460.4
2025/2/15 11:30,7461.6
2025/2/15 11:45,7345.2
2025/2/15 12:00,7393.2
2025/2/15 12:15,7176
2025/2/15 12:30,7334.4
2025/2/15 12:45,7395.6
2025/2/15 13:00,7317.6
2025/2/15 13:15,7424.4
2025/2/15 13:30,7425.6
2025/2/15 13:45,7389.6
2025/2/15 14:00,7287.6
2025/2/15 14:15,7274.4
2025/2/15 14:30,7172.4
2025/2/15 14:45,7278
2025/2/15 15:00,7435.2
2025/2/15 15:15,7474.8
2025/2/15 15:30,7459.2
2025/2/15 15:45,7326
2025/2/15 16:00,7434
2025/2/15 16:15,7450.8
2025/2/15 16:30,7440
2025/2/15 16:45,7420.8
2025/2/15 17:00,7150.8
2025/2/15 17:15,7363.2
2025/2/15 17:30,7424.4
2025/2/15 17:45,7336.8
2025/2/15 18:00,7362
2025/2/15 18:15,7364.4
2025/2/15 18:30,7099.2
2025/2/15 18:45,7612.8
2025/2/15 19:00,7592.4
2025/2/15 19:15,7526.4
2025/2/15 19:30,7546.8
2025/2/15 19:45,7612.8
2025/2/15 20:00,7502.4
2025/2/15 20:15,7418.4
2025/2/15 20:30,7682.4
2025/2/15 20:45,7639.2
2025/2/15 21:00,7584
2025/2/15 21:15,7497.6
2025/2/15 21:30,7722
2025/2/15 21:45,7568.4
2025/2/15 22:00,7616.4
2025/2/15 22:15,7513.2
2025/2/15 22:30,7474.8
2025/2/15 22:45,7315.2
2025/2/15 23:00,7497.6
2025/2/15 23:15,7615.2
2025/2/15 23:30,7525.2
2025/2/15 23:45,7509.6
2025/2/16 0:00,7390.8
2025/2/16 0:15,7573.2
2025/2/16 0:30,7444.8
2025/2/16 0:45,7466.4
2025/2/16 1:00,7503.6
2025/2/16 1:15,7628.4
2025/2/16 1:30,7515.6
2025/2/16 1:45,7558.8
2025/2/16 2:00,7508.4
2025/2/16 2:15,7494
2025/2/16 2:30,7419.6
2025/2/16 2:45,7460.4
2025/2/16 3:00,7356
2025/2/16 3:15,7579.2
2025/2/16 3:30,7563.6
2025/2/16 3:45,7483.2
2025/2/16 4:00,7635.6
2025/2/16 4:15,7567.2
2025/2/16 4:30,7472.4
2025/2/16 4:45,7632
2025/2/16 5:00,7530
2025/2/16 5:15,7561.2
2025/2/16 5:30,7473.6
2025/2/16 5:45,7520.4
2025/2/16 6:00,7459.2
2025/2/16 6:15,7530
2025/2/16 6:30,7506
2025/2/16 6:45,7584
2025/2/16 7:00,7416
2025/2/16 7:15,7438.8
2025/2/16 7:30,7468.8
2025/2/16 7:45,7438.8
2025/2/16 8:00,7444.8
2025/2/16 8:15,7437.6
2025/2/16 8:30,7563.6
2025/2/16 8:45,7328.4
2025/2/16 9:00,7300.8
2025/2/16 9:15,7431.6
2025/2/16 9:30,7444.8
2025/2/16 9:45,7398
2025/2/16 10:00,7328.4
2025/2/16 10:15,7333.2
2025/2/16 10:30,7126.8
2025/2/16 10:45,7240.8
2025/2/16 11:00,7359.6
2025/2/16 11:15,7380
2025/2/16 11:30,7437.6
2025/2/16 11:45,7436.4
2025/2/16 12:00,7680
2025/2/16 12:15,7434
2025/2/16 12:30,7602
2025/2/16 12:45,7555.2
2025/2/16 13:00,7414.8
2025/2/16 13:15,7525.2
2025/2/16 13:30,7364.4
2025/2/16 13:45,7472.4
2025/2/16 14:00,7489.2
2025/2/16 14:15,7635.6
2025/2/16 14:30,7635.6
2025/2/16 14:45,7616.4
2025/2/16 15:00,7594.8
2025/2/16 15:15,7539.6
2025/2/16 15:30,7521.6
2025/2/16 15:45,7729.2
2025/2/16 16:00,7406.4
2025/2/16 16:15,7561.2
2025/2/16 16:30,7528.8
2025/2/16 16:45,7544.4
2025/2/16 17:00,7453.2
2025/2/16 17:15,7281.6
2025/2/16 17:30,7410
2025/2/16 17:45,7315.2
2025/2/16 18:00,7506
2025/2/16 18:15,7456.8
2025/2/16 18:30,7606.8
2025/2/16 18:45,7512
2025/2/16 19:00,7575.6
2025/2/16 19:15,7656
2025/2/16 19:30,7522.8
2025/2/16 19:45,7527.6
2025/2/16 20:00,7490.4
2025/2/16 20:15,7563.6
2025/2/16 20:30,7539.6
2025/2/16 20:45,7578
2025/2/16 21:00,7618.8
2025/2/16 21:15,7606.8
2025/2/16 21:30,7616.4
2025/2/16 21:45,7645.2
2025/2/16 22:00,7394.4
2025/2/16 22:15,7441.2
2025/2/16 22:30,7525.2
2025/2/16 22:45,7483.2
2025/2/16 23:00,7437.6
2025/2/16 23:15,7515.6
2025/2/16 23:30,7408.8
2025/2/16 23:45,7543.2
2025/2/17 0:00,7503.6
2025/2/17 0:15,7371.6
2025/2/17 0:30,7362
2025/2/17 0:45,7486.8
2025/2/17 1:00,7520.4
2025/2/17 1:15,7490.4
2025/2/17 1:30,7470
2025/2/17 1:45,7345.2
2025/2/17 2:00,7552.8
2025/2/17 2:15,7494
2025/2/17 2:30,7438.8
2025/2/17 2:45,7398
2025/2/17 3:00,7525.2
2025/2/17 3:15,7489.2
2025/2/17 3:30,7468.8
2025/2/17 3:45,7484.4
2025/2/17 4:00,7496.4
2025/2/17 4:15,7534.8
2025/2/17 4:30,7476
2025/2/17 4:45,7478.4
2025/2/17 5:00,7456.8
2025/2/17 5:15,7375.2
2025/2/17 5:30,7326
2025/2/17 5:45,7482
2025/2/17 6:00,7440
2025/2/17 6:15,7390.8
2025/2/17 6:30,7392
2025/2/17 6:45,7400.4
2025/2/17 7:00,7351.2
2025/2/17 7:15,7376.4
2025/2/17 7:30,7438.8
2025/2/17 7:45,7386
2025/2/17 8:00,7380
2025/2/17 8:15,7454.4
2025/2/17 8:30,7359.6
2025/2/17 8:45,7336.8
2025/2/17 9:00,7353.6
2025/2/17 9:15,7480.8
2025/2/17 9:30,7358.4
2025/2/17 9:45,7482
2025/2/17 10:00,7430.4
2025/2/17 10:15,7453.2
2025/2/17 10:30,7444.8
2025/2/17 10:45,7471.2
2025/2/17 11:00,7473.6
2025/2/17 11:15,7416
2025/2/17 11:30,7497.6
2025/2/17 11:45,7504.8
2025/2/17 12:00,7424.4
2025/2/17 12:15,7488
2025/2/17 12:30,7438.8
2025/2/17 12:45,7540.8
2025/2/17 13:00,7538.4
2025/2/17 13:15,7364.4
2025/2/17 13:30,7446
2025/2/17 13:45,7456.8
2025/2/17 14:00,7495.2
2025/2/17 14:15,7501.2
2025/2/17 14:30,7474.8
2025/2/17 14:45,7413.6
2025/2/17 15:00,7383.6
2025/2/17 15:15,7363.2
2025/2/17 15:30,7299.6
2025/2/17 15:45,7227.6
2025/2/17 16:00,7165.2
2025/2/17 16:15,7192.8
2025/2/17 16:30,7224
2025/2/17 16:45,7248
2025/2/17 17:00,7249.2
2025/2/17 17:15,7204.8
2025/2/17 17:30,7227.6
2025/2/17 17:45,7216.8
2025/2/17 18:00,7310.4
2025/2/17 18:15,7299.6
2025/2/17 18:30,7270.8
2025/2/17 18:45,7155.6
2025/2/17 19:00,7179.6
2025/2/17 19:15,7232.4
2025/2/17 19:30,7282.8
2025/2/17 19:45,7164
2025/2/17 20:00,7272
2025/2/17 20:15,7240.8
2025/2/17 20:30,7222.8
2025/2/17 20:45,7383.6
2025/2/17 21:00,7388.4
2025/2/17 21:15,7293.6
2025/2/17 21:30,7322.4
2025/2/17 21:45,7297.2
2025/2/17 22:00,7356
2025/2/17 22:15,7336.8
2025/2/17 22:30,7308
2025/2/17 22:45,7329.6
2025/2/17 23:00,7286.4
2025/2/17 23:15,7347.6
2025/2/17 23:30,7209.6
2025/2/17 23:45,7218
2025/2/18 0:00,7249.2
2025/2/18 0:15,7198.8
2025/2/18 0:30,7159.2
2025/2/18 0:45,7243.2
2025/2/18 1:00,7323.6
2025/2/18 1:15,7248
2025/2/18 1:30,7267.2
2025/2/18 1:45,7202.4
2025/2/18 2:00,7177.2
2025/2/18 2:15,7180.8
2025/2/18 2:30,7182
2025/2/18 2:45,7128
2025/2/18 3:00,7219.2
2025/2/18 3:15,7429.2
2025/2/18 3:30,7225.2
2025/2/18 3:45,7314
2025/2/18 4:00,7233.6
2025/2/18 4:15,7322.4
2025/2/18 4:30,7264.8
2025/2/18 4:45,7209.6
2025/2/18 5:00,7293.6
2025/2/18 5:15,7221.6
2025/2/18 5:30,7293.6
2025/2/18 5:45,7182
2025/2/18 6:00,7245.6
2025/2/18 6:15,7083.6
2025/2/18 6:30,6985.2
2025/2/18 6:45,7206
2025/2/18 7:00,7162.8
2025/2/18 7:15,7239.6
2025/2/18 7:30,7107.6
2025/2/18 7:45,7344
2025/2/18 8:00,7122
2025/2/18 8:15,7042.8
2025/2/18 8:30,7096.8
2025/2/18 8:45,6850.8
2025/2/18 9:00,6800.4
2025/2/18 9:15,6820.8
2025/2/18 9:30,6715.2
2025/2/18 9:45,6709.2
2025/2/18 10:00,6698.4
2025/2/18 10:15,6847.2
2025/2/18 10:30,6648
2025/2/18 10:45,6716.4
2025/2/18 11:00,6765.6
2025/2/18 11:15,6715.2
2025/2/18 11:30,6736.8
2025/2/18 11:45,6804
2025/2/18 12:00,6782.4
2025/2/18 12:15,6729.6
2025/2/18 12:30,6748.8
2025/2/18 12:45,6836.4
2025/2/18 13:00,6776.4
2025/2/18 13:15,6811.2
2025/2/18 13:30,6832.8
2025/2/18 13:45,6657.6
2025/2/18 14:00,6838.8
2025/2/18 14:15,6723.6
2025/2/18 14:30,6711.6
2025/2/18 14:45,6748.8
2025/2/18 15:00,6757.2
2025/2/18 15:15,6702
2025/2/18 15:30,6872.4
2025/2/18 15:45,6745.2
2025/2/18 16:00,6703.2
2025/2/18 16:15,6733.2
2025/2/18 16:30,6757.2
2025/2/18 16:45,6889.2
2025/2/18 17:00,6759.6
2025/2/18 17:15,6794.4
2025/2/18 17:30,6694.8
2025/2/18 17:45,6790.8
2025/2/18 18:00,6717.6
2025/2/18 18:15,6680.4
2025/2/18 18:30,6757.2
2025/2/18 18:45,6932.4
2025/2/18 19:00,6775.2
2025/2/18 19:15,6787.2
2025/2/18 19:30,6720
2025/2/18 19:45,6632.4
2025/2/18 20:00,6580.8
2025/2/18 20:15,6698.4
2025/2/18 20:30,6774
2025/2/18 20:45,6763.2
2025/2/18 21:00,6759.6
2025/2/18 21:15,6799.2
2025/2/18 21:30,6781.2
2025/2/18 21:45,6697.2
2025/2/18 22:00,6709.2
2025/2/18 22:15,6793.2
2025/2/18 22:30,6722.4
2025/2/18 22:45,6730.8
2025/2/18 23:00,6714
2025/2/18 23:15,6663.6
2025/2/18 23:30,6657.6
2025/2/18 23:45,6560.4
2025/2/19 0:00,6718.8
2025/2/19 0:15,6716.4
2025/2/19 0:30,6636
2025/2/19 0:45,6668.4
2025/2/19 1:00,6661.2
2025/2/19 1:15,6654
2025/2/19 1:30,6655.2
2025/2/19 1:45,6668.4
2025/2/19 2:00,6638.4
2025/2/19 2:15,6652.8
2025/2/19 2:30,6606
2025/2/19 2:45,6604.8
2025/2/19 3:00,6645.6
2025/2/19 3:15,6554.4
2025/2/19 3:30,6704.4
2025/2/19 3:45,6718.8
2025/2/19 4:00,6633.6
2025/2/19 4:15,6646.8
2025/2/19 4:30,6637.2
2025/2/19 4:45,6601.2
2025/2/19 5:00,6657.6
2025/2/19 5:15,6668.4
2025/2/19 5:30,6656.4
2025/2/19 5:45,6603.6
2025/2/19 6:00,6674.4
2025/2/19 6:15,6675.6
2025/2/19 6:30,6594
2025/2/19 6:45,6570
2025/2/19 7:00,6692.4
2025/2/19 7:15,6715.2
2025/2/19 7:30,6637.2
2025/2/19 7:45,6651.6
2025/2/19 8:00,6718.8
2025/2/19 8:15,6495.6
2025/2/19 8:30,6532.8
2025/2/19 8:45,6478.8
2025/2/19 9:00,6560.4
2025/2/19 9:15,6513.6
2025/2/19 9:30,6594
2025/2/19 9:45,6530.4
2025/2/19 10:00,6441.6
2025/2/19 10:15,6433.2
2025/2/19 10:30,6429.6
2025/2/19 10:45,6780
2025/2/19 11:00,6862.8
2025/2/19 11:15,6898.8
2025/2/19 11:30,6745.2
2025/2/19 11:45,6880.8
2025/2/19 12:00,6788.4
2025/2/19 12:15,6841.2
2025/2/19 12:30,6874.8
2025/2/19 12:45,6897.6
2025/2/19 13:00,6928.8
2025/2/19 13:15,6891.6
2025/2/19 13:30,6849.6
2025/2/19 13:45,6925.2
2025/2/19 14:00,6838.8
2025/2/19 14:15,6750
2025/2/19 14:30,6927.6
2025/2/19 14:45,6747.6
2025/2/19 15:00,6860.4
2025/2/19 15:15,6711.6
2025/2/19 15:30,6710.4
2025/2/19 15:45,6735.6
2025/2/19 16:00,6650.4
2025/2/19 16:15,6644.4
2025/2/19 16:30,6640.8
2025/2/19 16:45,6738
2025/2/19 17:00,6750
2025/2/19 17:15,6740.4
2025/2/19 17:30,6705.6
2025/2/19 17:45,6799.2
2025/2/19 18:00,6786
2025/2/19 18:15,6830.4
2025/2/19 18:30,6807.6
2025/2/19 18:45,6669.6
2025/2/19 19:00,6669.6
2025/2/19 19:15,6772.8
2025/2/19 19:30,6792
2025/2/19 19:45,6786
2025/2/19 20:00,6782.4
2025/2/19 20:15,6772.8
2025/2/19 20:30,6772.8
2025/2/19 20:45,6823.2
2025/2/19 21:00,6762
2025/2/19 21:15,6676.8
2025/2/19 21:30,6741.6
2025/2/19 21:45,6694.8
2025/2/19 22:00,6692.4
2025/2/19 22:15,6633.6
2025/2/19 22:30,6756
2025/2/19 22:45,6664.8
2025/2/19 23:00,6711.6
2025/2/19 23:15,6732
2025/2/19 23:30,6732
2025/2/19 23:45,6807.6
2025/2/20 0:00,6804
2025/2/20 0:15,6819.6
2025/2/20 0:30,6820.8
2025/2/20 0:45,6958.8
2025/2/20 1:00,6889.2
2025/2/20 1:15,7060.8
2025/2/20 1:30,6974.4
2025/2/20 1:45,6884.4
2025/2/20 2:00,7034.4
2025/2/20 2:15,6976.8
2025/2/20 2:30,7050
2025/2/20 2:45,6972
2025/2/20 3:00,6973.2
2025/2/20 3:15,7047.6
2025/2/20 3:30,7026
2025/2/20 3:45,7008
2025/2/20 4:00,7096.8
2025/2/20 4:15,7029.6
2025/2/20 4:30,7000.8
2025/2/20 4:45,6949.2
2025/2/20 5:00,6940.8
2025/2/20 5:15,6951.6
2025/2/20 5:30,7018.8
2025/2/20 5:45,6985.2
2025/2/20 6:00,6954
2025/2/20 6:15,6966
2025/2/20 6:30,6889.2
2025/2/20 6:45,7021.2
2025/2/20 7:00,7011.6
2025/2/20 7:15,6734.4
2025/2/20 7:30,6951.6
2025/2/20 7:45,6994.8
2025/2/20 8:00,7050
2025/2/20 8:15,7039.2
2025/2/20 8:30,6913.2
2025/2/20 8:45,6938.4
2025/2/20 9:00,6976.8
2025/2/20 9:15,6908.4
2025/2/20 9:30,6883.2
2025/2/20 9:45,7002
2025/2/20 10:00,6950.4
2025/2/20 10:15,6967.2
2025/2/20 10:30,7047.6
2025/2/20 10:45,7033.2
2025/2/20 11:00,7124.4
2025/2/20 11:15,7177.2
2025/2/20 11:30,7041.6
2025/2/20 11:45,7032
2025/2/20 12:00,7056
2025/2/20 12:15,7052.4
2025/2/20 12:30,7117.2
2025/2/20 12:45,7092
2025/2/20 13:00,7134
2025/2/20 13:15,6963.6
2025/2/20 13:30,7050
2025/2/20 13:45,6783.6
2025/2/20 14:00,6889.2
2025/2/20 14:15,6922.8
2025/2/20 14:30,6958.8
2025/2/20 14:45,7006.8
2025/2/20 15:00,6991.2
2025/2/20 15:15,6970.8
2025/2/20 15:30,6876
2025/2/20 15:45,6957.6
2025/2/20 16:00,6996
2025/2/20 16:15,6957.6
2025/2/20 16:30,6974.4
2025/2/20 16:45,6922.8
2025/2/20 17:00,7004.4
2025/2/20 17:15,6946.8
2025/2/20 17:30,7003.2
2025/2/20 17:45,6939.6
2025/2/20 18:00,6721.2
2025/2/20 18:15,6666
2025/2/20 18:30,6793.2
2025/2/20 18:45,6928.8
2025/2/20 19:00,6823.2
2025/2/20 19:15,6794.4
2025/2/20 19:30,6751.2
2025/2/20 19:45,6777.6
2025/2/20 20:00,6674.4
2025/2/20 20:15,6794.4
2025/2/20 20:30,6769.2
2025/2/20 20:45,6634.8
2025/2/20 21:00,6752.4
2025/2/20 21:15,6808.8
2025/2/20 21:30,6602.4
2025/2/20 21:45,6939.6
2025/2/20 22:00,6792
2025/2/20 22:15,6748.8
2025/2/20 22:30,6928.8
2025/2/20 22:45,7000.8
2025/2/20 23:00,7011.6
2025/2/20 23:15,6950.4
2025/2/20 23:30,6894
2025/2/20 23:45,6932.4
2025/2/21 0:00,6958.8
2025/2/21 0:15,6927.6
2025/2/21 0:30,6924
2025/2/21 0:45,6896.4
2025/2/21 1:00,6742.8
2025/2/21 1:15,6793.2
2025/2/21 1:30,6876
2025/2/21 1:45,6877.2
2025/2/21 2:00,6853.2
2025/2/21 2:15,6854.4
2025/2/21 2:30,6751.2
2025/2/21 2:45,6780
2025/2/21 3:00,6802.8
2025/2/21 3:15,6770.4
2025/2/21 3:30,6825.6
2025/2/21 3:45,6813.6
2025/2/21 4:00,6872.4
2025/2/21 4:15,6832.8
2025/2/21 4:30,6638.4
2025/2/21 4:45,6788.4
2025/2/21 5:00,6777.6
2025/2/21 5:15,6610.8
2025/2/21 5:30,6668.4
2025/2/21 5:45,6658.8
2025/2/21 6:00,6756
2025/2/21 6:15,6804
2025/2/21 6:30,6763.2
2025/2/21 6:45,6669.6
2025/2/21 7:00,6732
2025/2/21 7:15,6703.2
2025/2/21 7:30,6638.4
2025/2/21 7:45,6644.4
2025/2/21 8:00,6711.6
2025/2/21 8:15,6771.6
2025/2/21 8:30,6636
2025/2/21 8:45,6558
2025/2/21 9:00,6825.6
2025/2/21 9:15,6688.8
2025/2/21 9:30,6729.6
2025/2/21 9:45,6858
2025/2/21 10:00,6816
2025/2/21 10:15,6898.8
2025/2/21 10:30,6896.4
2025/2/21 10:45,6798
2025/2/21 11:00,6548.4
2025/2/21 11:15,6781.2
2025/2/21 11:30,6684
2025/2/21 11:45,6624
2025/2/21 12:00,6667.2
2025/2/21 12:15,6694.8
2025/2/21 12:30,6661.2
2025/2/21 12:45,6609.6
2025/2/21 13:00,6661.2
2025/2/21 13:15,6764.4
2025/2/21 13:30,6733.2
2025/2/21 13:45,6750
2025/2/21 14:00,6812.4
2025/2/21 14:15,6660
2025/2/21 14:30,6652.8
2025/2/21 14:45,6570
2025/2/21 15:00,6609.6
2025/2/21 15:15,6696
2025/2/21 15:30,6723.6
2025/2/21 15:45,6674.4
2025/2/21 16:00,6721.2
2025/2/21 16:15,6636
2025/2/21 16:30,6645.6
2025/2/21 16:45,6741.6
2025/2/21 17:00,6644.4
2025/2/21 17:15,6826.8
2025/2/21 17:30,6706.8
2025/2/21 17:45,6668.4
2025/2/21 18:00,6627.6
2025/2/21 18:15,6636
2025/2/21 18:30,6585.6
2025/2/21 18:45,6678
2025/2/21 19:00,6513.6
2025/2/21 19:15,6554.4
2025/2/21 19:30,6607.2
2025/2/21 19:45,6627.6
2025/2/21 20:00,6518.4
2025/2/21 20:15,6657.6
2025/2/21 20:30,6608.4
2025/2/21 20:45,6619.2
2025/2/21 21:00,6670.8
2025/2/21 21:15,6582
2025/2/21 21:30,6625.2
2025/2/21 21:45,6570
2025/2/21 22:00,6592.8
2025/2/21 22:15,6579.6
2025/2/21 22:30,6564
2025/2/21 22:45,6560.4
2025/2/21 23:00,6688.8
2025/2/21 23:15,6471.6
2025/2/21 23:30,6560.4
2025/2/21 23:45,6542.4
2025/2/22 0:00,6512.4
2025/2/22 0:15,6428.4
2025/2/22 0:30,6462
2025/2/22 0:45,6483.6
2025/2/22 1:00,6464.4
2025/2/22 1:15,6367.2
2025/2/22 1:30,6396
2025/2/22 1:45,6465.6
2025/2/22 2:00,6380.4
2025/2/22 2:15,6444
2025/2/22 2:30,6441.6
2025/2/22 2:45,6375.6
2025/2/22 3:00,6391.2
2025/2/22 3:15,6531.6
2025/2/22 3:30,6486
2025/2/22 3:45,6459.6
2025/2/22 4:00,6378
2025/2/22 4:15,6435.6
2025/2/22 4:30,6494.4
2025/2/22 4:45,6411.6
2025/2/22 5:00,6348
2025/2/22 5:15,6429.6
2025/2/22 5:30,6444
2025/2/22 5:45,6494.4
2025/2/22 6:00,6481.2
2025/2/22 6:15,6480
2025/2/22 6:30,6468
2025/2/22 6:45,6428.4
2025/2/22 7:00,6430.8
2025/2/22 7:15,6524.4
2025/2/22 7:30,6482.4
2025/2/22 7:45,6416.4
2025/2/22 8:00,6451.2
2025/2/22 8:15,6456
2025/2/22 8:30,6504
2025/2/22 8:45,6426
2025/2/22 9:00,6450
2025/2/22 9:15,6602.4
2025/2/22 9:30,6457.2
2025/2/22 9:45,6494.4
2025/2/22 10:00,6480
2025/2/22 10:15,6631.2
2025/2/22 10:30,6454.8
2025/2/22 10:45,6547.2
2025/2/22 11:00,6670.8
2025/2/22 11:15,6480
2025/2/22 11:30,6496.8
2025/2/22 11:45,6680.4
2025/2/22 12:00,6702
2025/2/22 12:15,6655.2
2025/2/22 12:30,6555.6
2025/2/22 12:45,6650.4
2025/2/22 13:00,6639.6
2025/2/22 13:15,6678
2025/2/22 13:30,6693.6
2025/2/22 13:45,6636
2025/2/22 14:00,6490.8
2025/2/22 14:15,6709.2
2025/2/22 14:30,6781.2
2025/2/22 14:45,6780
2025/2/22 15:00,6739.2
2025/2/22 15:15,6792
2025/2/22 15:30,6738
2025/2/22 15:45,6529.2
2025/2/22 16:00,6556.8
2025/2/22 16:15,6466.8
2025/2/22 16:30,6645.6
2025/2/22 16:45,6706.8
2025/2/22 17:00,6724.8
2025/2/22 17:15,6669.6
2025/2/22 17:30,6752.4
2025/2/22 17:45,6633.6
2025/2/22 18:00,6450
2025/2/22 18:15,6346.8
2025/2/22 18:30,6435.6
2025/2/22 18:45,6382.8
2025/2/22 19:00,6344.4
2025/2/22 19:15,6354
2025/2/22 19:30,6428.4
2025/2/22 19:45,6561.6
2025/2/22 20:00,6589.2
2025/2/22 20:15,6621.6
2025/2/22 20:30,6578.4
2025/2/22 20:45,6632.4
2025/2/22 21:00,6615.6
2025/2/22 21:15,6643.2
2025/2/22 21:30,6676.8
2025/2/22 21:45,6690
2025/2/22 22:00,6640.8
2025/2/22 22:15,6666
2025/2/22 22:30,6684
2025/2/22 22:45,6668.4
2025/2/22 23:00,6674.4
2025/2/22 23:15,6696
2025/2/22 23:30,6610.8
2025/2/22 23:45,6714
2025/2/23 0:00,6801.6
2025/2/23 0:15,6720
2025/2/23 0:30,6686.4
2025/2/23 0:45,6565.2
2025/2/23 1:00,6726
2025/2/23 1:15,6650.4
2025/2/23 1:30,6727.2
2025/2/23 1:45,6696
2025/2/23 2:00,6756
2025/2/23 2:15,6813.6
2025/2/23 2:30,6661.2
2025/2/23 2:45,6690
2025/2/23 3:00,6738
2025/2/23 3:15,6739.2
2025/2/23 3:30,6673.2
2025/2/23 3:45,6687.6
2025/2/23 4:00,6799.2
2025/2/23 4:15,6679.2
2025/2/23 4:30,6765.6
2025/2/23 4:45,6696
2025/2/23 5:00,6573.6
2025/2/23 5:15,6601.2
2025/2/23 5:30,6687.6
2025/2/23 5:45,6662.4
2025/2/23 6:00,6654
2025/2/23 6:15,6608.4
2025/2/23 6:30,6616.8
2025/2/23 6:45,6595.2
2025/2/23 7:00,6691.2
2025/2/23 7:15,6590.4
2025/2/23 7:30,6568.8
2025/2/23 7:45,6656.4
2025/2/23 8:00,6711.6
2025/2/23 8:15,6622.8
2025/2/23 8:30,6639.6
2025/2/23 8:45,6705.6
2025/2/23 9:00,6777.6
2025/2/23 9:15,6591.6
2025/2/23 9:30,6705.6
2025/2/23 9:45,6750
2025/2/23 10:00,6820.8
2025/2/23 10:15,6794.4
2025/2/23 10:30,6730.8
2025/2/23 10:45,6772.8
2025/2/23 11:00,6820.8
2025/2/23 11:15,6680.4
2025/2/23 11:30,6702
2025/2/23 11:45,6757.2
2025/2/23 12:00,6626.4
2025/2/23 12:15,6642
2025/2/23 12:30,6758.4
2025/2/23 12:45,6662.4
2025/2/23 13:00,6753.6
2025/2/23 13:15,6727.2
2025/2/23 13:30,6662.4
2025/2/23 13:45,6726
2025/2/23 14:00,6816
2025/2/23 14:15,6855.6
2025/2/23 14:30,6775.2
2025/2/23 14:45,6500.4
2025/2/23 15:00,6769.2
2025/2/23 15:15,6691.2
2025/2/23 15:30,6648
2025/2/23 15:45,6657.6
2025/2/23 16:00,6796.8
2025/2/23 16:15,6808.8
2025/2/23 16:30,6829.2
2025/2/23 16:45,6733.2
2025/2/23 17:00,6816
2025/2/23 17:15,6856.8
2025/2/23 17:30,6721.2
2025/2/23 17:45,6798
2025/2/23 18:00,6817.2
2025/2/23 18:15,6782.4
2025/2/23 18:30,6734.4
2025/2/23 18:45,6740.4
2025/2/23 19:00,6769.2
2025/2/23 19:15,6685.2
2025/2/23 19:30,6661.2
2025/2/23 19:45,6732
2025/2/23 20:00,6771.6
2025/2/23 20:15,6723.6
2025/2/23 20:30,6820.8
2025/2/23 20:45,6838.8
2025/2/23 21:00,6710.4
2025/2/23 21:15,6724.8
2025/2/23 21:30,6730.8
2025/2/23 21:45,6720
2025/2/23 22:00,6756
2025/2/23 22:15,6632.4
2025/2/23 22:30,6804
2025/2/23 22:45,6679.2
2025/2/23 23:00,6753.6
2025/2/23 23:15,6762
2025/2/23 23:30,6676.8
2025/2/23 23:45,6630
2025/2/24 0:00,6640.8
2025/2/24 0:15,6654
2025/2/24 0:30,6680.4
2025/2/24 0:45,6553.2
2025/2/24 1:00,6643.2
2025/2/24 1:15,6681.6
2025/2/24 1:30,6657.6
2025/2/24 1:45,6740.4
2025/2/24 2:00,6775.2
2025/2/24 2:15,6626.4
2025/2/24 2:30,6634.8
2025/2/24 2:45,6657.6
2025/2/24 3:00,6680.4
2025/2/24 3:15,6597.6
2025/2/24 3:30,6666
2025/2/24 3:45,6691.2
2025/2/24 4:00,6598.8
2025/2/24 4:15,6552
2025/2/24 4:30,6679.2
2025/2/24 4:45,6652.8
2025/2/24 5:00,6585.6
2025/2/24 5:15,6650.4
2025/2/24 5:30,6428.4
2025/2/24 5:45,6463.2
2025/2/24 6:00,6423.6
2025/2/24 6:15,6397.2
2025/2/24 6:30,6408
2025/2/24 6:45,6416.4
2025/2/24 7:00,6451.2
2025/2/24 7:15,6364.8
2025/2/24 7:30,6414
2025/2/24 7:45,6482.4
2025/2/24 8:00,6387.6
2025/2/24 8:15,6411.6
2025/2/24 8:30,6392.4
2025/2/24 8:45,6444
2025/2/24 9:00,6478.8
2025/2/24 9:15,6386.4
2025/2/24 9:30,6495.6
2025/2/24 9:45,6492
2025/2/24 10:00,6570
2025/2/24 10:15,6594
2025/2/24 10:30,6613.2
2025/2/24 10:45,6656.4
2025/2/24 11:00,6757.2
2025/2/24 11:15,6687.6
2025/2/24 11:30,6753.6
2025/2/24 11:45,6660
2025/2/24 12:00,6673.2
2025/2/24 12:15,6609.6
2025/2/24 12:30,6600
2025/2/24 12:45,6600
2025/2/24 13:00,6702
2025/2/24 13:15,6692.4
2025/2/24 13:30,6752.4
2025/2/24 13:45,6728.4
2025/2/24 14:00,6686.4
2025/2/24 14:15,6732
2025/2/24 14:30,6730.8
2025/2/24 14:45,6712.8
2025/2/24 15:00,6765.6
2025/2/24 15:15,6735.6
2025/2/24 15:30,6780
2025/2/24 15:45,6741.6
2025/2/24 16:00,6832.8
2025/2/24 16:15,6742.8
2025/2/24 16:30,6733.2
2025/2/24 16:45,6651.6
2025/2/24 17:00,6700.8
2025/2/24 17:15,6697.2
2025/2/24 17:30,6756
2025/2/24 17:45,6715.2
2025/2/24 18:00,6774
2025/2/24 18:15,6716.4
2025/2/24 18:30,6753.6
2025/2/24 18:45,6631.2
2025/2/24 19:00,6600
2025/2/24 19:15,6685.2
2025/2/24 19:30,6574.8
2025/2/24 19:45,6661.2
2025/2/24 20:00,6556.8
2025/2/24 20:15,6656.4
2025/2/24 20:30,6541.2
2025/2/24 20:45,6554.4
2025/2/24 21:00,6633.6
2025/2/24 21:15,6732
2025/2/24 21:30,6666
2025/2/24 21:45,6691.2
2025/2/24 22:00,6741.6
2025/2/24 22:15,6709.2
2025/2/24 22:30,6762
2025/2/24 22:45,6602.4
2025/2/24 23:00,6658.8
2025/2/24 23:15,6736.8
2025/2/24 23:30,6636
2025/2/24 23:45,6597.6
2025/2/25 0:00,6616.8
2025/2/25 0:15,6606
2025/2/25 0:30,6649.2
2025/2/25 0:45,6573.6
2025/2/25 1:00,6626.4
2025/2/25 1:15,6604.8
2025/2/25 1:30,6687.6
2025/2/25 1:45,6686.4
2025/2/25 2:00,6705.6
2025/2/25 2:15,6609.6
2025/2/25 2:30,6674.4
2025/2/25 2:45,6564
2025/2/25 3:00,6570
2025/2/25 3:15,6619.2
2025/2/25 3:30,6532.8
2025/2/25 3:45,6628.8
2025/2/25 4:00,6570
2025/2/25 4:15,6640.8
2025/2/25 4:30,6728.4
2025/2/25 4:45,6708
2025/2/25 5:00,6526.8
2025/2/25 5:15,6547.2
2025/2/25 5:30,6571.2
2025/2/25 5:45,6566.4
2025/2/25 6:00,6636
2025/2/25 6:15,6510
2025/2/25 6:30,6577.2
2025/2/25 6:45,6513.6
2025/2/25 7:00,6627.6
2025/2/25 7:15,6584.4
2025/2/25 7:30,6468
2025/2/25 7:45,6603.6
2025/2/25 8:00,6560.4
2025/2/25 8:15,6651.6
2025/2/25 8:30,6590.4
2025/2/25 8:45,6750
2025/2/25 9:00,6774
2025/2/25 9:15,6680.4
2025/2/25 9:30,6740.4
2025/2/25 9:45,6831.6
2025/2/25 10:00,6759.6
2025/2/25 10:15,6718.8
2025/2/25 10:30,6694.8
2025/2/25 10:45,6709.2
2025/2/25 11:00,6842.4
2025/2/25 11:15,6802.8
2025/2/25 11:30,6804
2025/2/25 11:45,6792
2025/2/25 12:00,6945.6
2025/2/25 12:15,6915.6
2025/2/25 12:30,6811.2
2025/2/25 12:45,6798
2025/2/25 13:00,6841.2
2025/2/25 13:15,6757.2
2025/2/25 13:30,6823.2
2025/2/25 13:45,6753.6
2025/2/25 14:00,6951.6
2025/2/25 14:15,6996
2025/2/25 14:30,6930
2025/2/25 14:45,6915.6
2025/2/25 15:00,6934.8
2025/2/25 15:15,6898.8
2025/2/25 15:30,6883.2
2025/2/25 15:45,6957.6
2025/2/25 16:00,6910.8
2025/2/25 16:15,6933.6
2025/2/25 16:30,6820.8
2025/2/25 16:45,6848.4
2025/2/25 17:00,6891.6
2025/2/25 17:15,6919.2
2025/2/25 17:30,6830.4
2025/2/25 17:45,6865.2
2025/2/25 18:00,6885.6
2025/2/25 18:15,6985.2
2025/2/25 18:30,6962.4
2025/2/25 18:45,6786
2025/2/25 19:00,6912
2025/2/25 19:15,6805.2
2025/2/25 19:30,6943.2
2025/2/25 19:45,6859.2
2025/2/25 20:00,6955.2
2025/2/25 20:15,6976.8
2025/2/25 20:30,6925.2
2025/2/25 20:45,6873.6
2025/2/25 21:00,7005.6
2025/2/25 21:15,7015.2
2025/2/25 21:30,6824.4
2025/2/25 21:45,6938.4
2025/2/25 22:00,6938.4
2025/2/25 22:15,6841.2
2025/2/25 22:30,7048.8
2025/2/25 22:45,7072.8
2025/2/25 23:00,6895.2
2025/2/25 23:15,7051.2
2025/2/25 23:30,6751.2
2025/2/25 23:45,6884.4
2025/2/26 0:00,6849.6
2025/2/26 0:15,6843.6
2025/2/26 0:30,6919.2
2025/2/26 0:45,6889.2
2025/2/26 1:00,6842.4
2025/2/26 1:15,6870
2025/2/26 1:30,6912
2025/2/26 1:45,6956.4
2025/2/26 2:00,6864
2025/2/26 2:15,6930
2025/2/26 2:30,6961.2
2025/2/26 2:45,6878.4
2025/2/26 3:00,6963.6
2025/2/26 3:15,6939.6
2025/2/26 3:30,6860.4
2025/2/26 3:45,6978
2025/2/26 4:00,6750
2025/2/26 4:15,6837.6
2025/2/26 4:30,6854.4
2025/2/26 4:45,6794.4
2025/2/26 5:00,6746.4
2025/2/26 5:15,6889.2
2025/2/26 5:30,6772.8
2025/2/26 5:45,6764.4
2025/2/26 6:00,6819.6
2025/2/26 6:15,6788.4
2025/2/26 6:30,6841.2
2025/2/26 6:45,6709.2
2025/2/26 7:00,6759.6
2025/2/26 7:15,6748.8
2025/2/26 7:30,6758.4
2025/2/26 7:45,6824.4
2025/2/26 8:00,6864
2025/2/26 8:15,6843.6
2025/2/26 8:30,6715.2
2025/2/26 8:45,6812.4
2025/2/26 9:00,6781.2
2025/2/26 9:15,6859.2
2025/2/26 9:30,6943.2
2025/2/26 9:45,6940.8
2025/2/26 10:00,6890.4
2025/2/26 10:15,6931.2
2025/2/26 10:30,7044
2025/2/26 10:45,7110
2025/2/26 11:00,7066.8
2025/2/26 11:15,7017.6
2025/2/26 11:30,7018.8
2025/2/26 11:45,6999.6
2025/2/26 12:00,7051.2
2025/2/26 12:15,7114.8
2025/2/26 12:30,7041.6
2025/2/26 12:45,7068
2025/2/26 13:00,7149.6
2025/2/26 13:15,7100.4
2025/2/26 13:30,7051.2
2025/2/26 13:45,7024.8
2025/2/26 14:00,7052.4
2025/2/26 14:15,6820.8
2025/2/26 14:30,7018.8
2025/2/26 14:45,7034.4
2025/2/26 15:00,7158
2025/2/26 15:15,7176
2025/2/26 15:30,7192.8
2025/2/26 15:45,7222.8
2025/2/26 16:00,7216.8
2025/2/26 16:15,7324.8
2025/2/26 16:30,7288.8
2025/2/26 16:45,7239.6
2025/2/26 17:00,7272
2025/2/26 17:15,7294.8
2025/2/26 17:30,7261.2
2025/2/26 17:45,7318.8
2025/2/26 18:00,7219.2
2025/2/26 18:15,7266
2025/2/26 18:30,7269.6
2025/2/26 18:45,7255.2
2025/2/26 19:00,7231.2
2025/2/26 19:15,7138.8
2025/2/26 19:30,7204.8
2025/2/26 19:45,7215.6
2025/2/26 20:00,7150.8
2025/2/26 20:15,7279.2
2025/2/26 20:30,7185.6
2025/2/26 20:45,7210.8
2025/2/26 21:00,7204.8
2025/2/26 21:15,7248
2025/2/26 21:30,7281.6
2025/2/26 21:45,7210.8
2025/2/26 22:00,7274.4
2025/2/26 22:15,7207.2
2025/2/26 22:30,7186.8
2025/2/26 22:45,7167.6
2025/2/26 23:00,7143.6
2025/2/26 23:15,7099.2
2025/2/26 23:30,7128
2025/2/26 23:45,7053.6
2025/2/27 0:00,7105.2
2025/2/27 0:15,7074
2025/2/27 0:30,7081.2
2025/2/27 0:45,7092
2025/2/27 1:00,7074
2025/2/27 1:15,7046.4
2025/2/27 1:30,6987.6
2025/2/27 1:45,7003.2
2025/2/27 2:00,7005.6
2025/2/27 2:15,6927.6
2025/2/27 2:30,7053.6
2025/2/27 2:45,6997.2
2025/2/27 3:00,7030.8
2025/2/27 3:15,6957.6
2025/2/27 3:30,6921.6
2025/2/27 3:45,6951.6
2025/2/27 4:00,6950.4
2025/2/27 4:15,6930
2025/2/27 4:30,6877.2
2025/2/27 4:45,6926.4
2025/2/27 5:00,6890.4
2025/2/27 5:15,6919.2
2025/2/27 5:30,6927.6
2025/2/27 5:45,6765.6
2025/2/27 6:00,6925.2
2025/2/27 6:15,6900
2025/2/27 6:30,6829.2
2025/2/27 6:45,6871.2
2025/2/27 7:00,6801.6
2025/2/27 7:15,6800.4
2025/2/27 7:30,6864
2025/2/27 7:45,6828
2025/2/27 8:00,6903.6
2025/2/27 8:15,6850.8
2025/2/27 8:30,6897.6
2025/2/27 8:45,6836.4
2025/2/27 9:00,6931.2
2025/2/27 9:15,6846
2025/2/27 9:30,6993.6
2025/2/27 9:45,7034.4
2025/2/27 10:00,7026
2025/2/27 10:15,6993.6
2025/2/27 10:30,7045.2
2025/2/27 10:45,6956.4
2025/2/27 11:00,7034.4
2025/2/27 11:15,7053.6
2025/2/27 11:30,6991.2
2025/2/27 11:45,7168.8
2025/2/27 12:00,7125.6
2025/2/27 12:15,7171.2
2025/2/27 12:30,7116
2025/2/27 12:45,7053.6
2025/2/27 13:00,7164
2025/2/27 13:15,7083.6
2025/2/27 13:30,7129.2
2025/2/27 13:45,7032
2025/2/27 14:00,7104
2025/2/27 14:15,7124.4
2025/2/27 14:30,7191.6
2025/2/27 14:45,7198.8
2025/2/27 15:00,7204.8
2025/2/27 15:15,7155.6
2025/2/27 15:30,7273.2
2025/2/27 15:45,7171.2
2025/2/27 16:00,7098
2025/2/27 16:15,7080
2025/2/27 16:30,7206
2025/2/27 16:45,7027.2
2025/2/27 17:00,7040.4
2025/2/27 17:15,7040.4
2025/2/27 17:30,7032
2025/2/27 17:45,7086
2025/2/27 18:00,7099.2
2025/2/27 18:15,7123.2
2025/2/27 18:30,6951.6
2025/2/27 18:45,6918
2025/2/27 19:00,6967.2
2025/2/27 19:15,6879.6
2025/2/27 19:30,6940.8
2025/2/27 19:45,6928.8
2025/2/27 20:00,7006.8
2025/2/27 20:15,6925.2
2025/2/27 20:30,6878.4
2025/2/27 20:45,6904.8
2025/2/27 21:00,6927.6
2025/2/27 21:15,6963.6
2025/2/27 21:30,6916.8
2025/2/27 21:45,7060.8
2025/2/27 22:00,6973.2
2025/2/27 22:15,7052.4
2025/2/27 22:30,7070.4
2025/2/27 22:45,7088.4
2025/2/27 23:00,7099.2
2025/2/27 23:15,6984
2025/2/27 23:30,7046.4
2025/2/27 23:45,6846
2025/2/28 0:00,7062
2025/2/28 0:15,7144.8
2025/2/28 0:30,7094.4
2025/2/28 0:45,7029.6
2025/2/28 1:00,7046.4
2025/2/28 1:15,7064.4
2025/2/28 1:30,6946.8
2025/2/28 1:45,6871.2
2025/2/28 2:00,6986.4
2025/2/28 2:15,6924
2025/2/28 2:30,6901.2
2025/2/28 2:45,6957.6
2025/2/28 3:00,6984
2025/2/28 3:15,6992.4
2025/2/28 3:30,6962.4
2025/2/28 3:45,6999.6
2025/2/28 4:00,6975.6
2025/2/28 4:15,6984
2025/2/28 4:30,6930
2025/2/28 4:45,6925.2
2025/2/28 5:00,6907.2
2025/2/28 5:15,6909.6
2025/2/28 5:30,6850.8
2025/2/28 5:45,6740.4
2025/2/28 6:00,6810
2025/2/28 6:15,6876
2025/2/28 6:30,6792
2025/2/28 6:45,6770.4
2025/2/28 7:00,6741.6
2025/2/28 7:15,6780
2025/2/28 7:30,6795.6
2025/2/28 7:45,6868.8
2025/2/28 8:00,6810
2025/2/28 8:15,6819.6
2025/2/28 8:30,6824.4
2025/2/28 8:45,6789.6
2025/2/28 9:00,6808.8
2025/2/28 9:15,6794.4
2025/2/28 9:30,6884.4
2025/2/28 9:45,6956.4
2025/2/28 10:00,6994.8
2025/2/28 10:15,7111.2
2025/2/28 10:30,7174.8
2025/2/28 10:45,7044
2025/2/28 11:00,7066.8
2025/2/28 11:15,6930
2025/2/28 11:30,7090.8
2025/2/28 11:45,7042.8
2025/2/28 12:00,7080
2025/2/28 12:15,7023.6
2025/2/28 12:30,6979.2
2025/2/28 12:45,7002
2025/2/28 13:00,6918
2025/2/28 13:15,7047.6
2025/2/28 13:30,7086
2025/2/28 13:45,7084.8
2025/2/28 14:00,7111.2
2025/2/28 14:15,7095.6
2025/2/28 14:30,6958.8
2025/2/28 14:45,7036.8
2025/2/28 15:00,7016.4
2025/2/28 15:15,7080
2025/2/28 15:30,7027.2
2025/2/28 15:45,7131.6
2025/2/28 16:00,6780
2025/2/28 16:15,6896.4
2025/2/28 16:30,6866.4
2025/2/28 16:45,6808.8
2025/2/28 17:00,6874.8
2025/2/28 17:15,6948
2025/2/28 17:30,6878.4
2025/2/28 17:45,6907.2
2025/2/28 18:00,6830.4
2025/2/28 18:15,6853.2
2025/2/28 18:30,6800.4
2025/2/28 18:45,6792
2025/2/28 19:00,6772.8
2025/2/28 19:15,6877.2
2025/2/28 19:30,6830.4
2025/2/28 19:45,6936
2025/2/28 20:00,6787.2
2025/2/28 20:15,6841.2
2025/2/28 20:30,6906
2025/2/28 20:45,6811.2
2025/2/28 21:00,6964.8
2025/2/28 21:15,6961.2
2025/2/28 21:30,6871.2
2025/2/28 21:45,6942
2025/2/28 22:00,6836.4
2025/2/28 22:15,6805.2
2025/2/28 22:30,6801.6
2025/2/28 22:45,6787.2
2025/2/28 23:00,6836.4
2025/2/28 23:15,6766.8
2025/2/28 23:30,6726
2025/2/28 23:45,6807.6
2025/3/1 0:00,6764.4
2025/3/1 0:15,6812.4
2025/3/1 0:30,6769.2
2025/3/1 0:45,6667.2
2025/3/1 1:00,6746.4
2025/3/1 1:15,6789.6
2025/3/1 1:30,6696
2025/3/1 1:45,6714
2025/3/1 2:00,6712.8
2025/3/1 2:15,6798
2025/3/1 2:30,6756
2025/3/1 2:45,6769.2
2025/3/1 3:00,6834
2025/3/1 3:15,6820.8
2025/3/1 3:30,6746.4
2025/3/1 3:45,6757.2
2025/3/1 4:00,6765.6
2025/3/1 4:15,6757.2
2025/3/1 4:30,6711.6
2025/3/1 4:45,6799.2
2025/3/1 5:00,6733.2
2025/3/1 5:15,6697.2
2025/3/1 5:30,6723.6
2025/3/1 5:45,6672
2025/3/1 6:00,6692.4
2025/3/1 6:15,6733.2
2025/3/1 6:30,6720
2025/3/1 6:45,6724.8
2025/3/1 7:00,6644.4
2025/3/1 7:15,6636
2025/3/1 7:30,6616.8
2025/3/1 7:45,6638.4
2025/3/1 8:00,6702
2025/3/1 8:15,6757.2
2025/3/1 8:30,6794.4
2025/3/1 8:45,6805.2
2025/3/1 9:00,6814.8
2025/3/1 9:15,6751.2
2025/3/1 9:30,6781.2
2025/3/1 9:45,6746.4
2025/3/1 10:00,6769.2
2025/3/1 10:15,6814.8
2025/3/1 10:30,6793.2
2025/3/1 10:45,6814.8
2025/3/1 11:00,6938.4
2025/3/1 11:15,6914.4
2025/3/1 11:30,6974.4
2025/3/1 11:45,6930
2025/3/1 12:00,6920.4
2025/3/1 12:15,6933.6
2025/3/1 12:30,6854.4
2025/3/1 12:45,6918
2025/3/1 13:00,6948
2025/3/1 13:15,6879.6
2025/3/1 13:30,6958.8
2025/3/1 13:45,6874.8
2025/3/1 14:00,6832.8
2025/3/1 14:15,6895.2
2025/3/1 14:30,6921.6
2025/3/1 14:45,6838.8
2025/3/1 15:00,6658.8
2025/3/1 15:15,6687.6
2025/3/1 15:30,6862.8
2025/3/1 15:45,6862.8
2025/3/1 16:00,6825.6
2025/3/1 16:15,6975.6
2025/3/1 16:30,6836.4
2025/3/1 16:45,6909.6
2025/3/1 17:00,6930
2025/3/1 17:15,6904.8
2025/3/1 17:30,6849.6
2025/3/1 17:45,6760.8
2025/3/1 18:00,6962.4
2025/3/1 18:15,6950.4
2025/3/1 18:30,6895.2
2025/3/1 18:45,6932.4
2025/3/1 19:00,6918
2025/3/1 19:15,6937.2
2025/3/1 19:30,6889.2
2025/3/1 19:45,6954
2025/3/1 20:00,7011.6
2025/3/1 20:15,6991.2
2025/3/1 20:30,6799.2
2025/3/1 20:45,6844.8
2025/3/1 21:00,6780
2025/3/1 21:15,6756
2025/3/1 21:30,6721.2
2025/3/1 21:45,6781.2
2025/3/1 22:00,6678
2025/3/1 22:15,6849.6
2025/3/1 22:30,6794.4
2025/3/1 22:45,6765.6
2025/3/1 23:00,6726
2025/3/1 23:15,6700.8
2025/3/1 23:30,6667.2
2025/3/1 23:45,6884.4
2025/3/2 0:00,6921.6
2025/3/2 0:15,6859.2
2025/3/2 0:30,6848.4
2025/3/2 0:45,6829.2
2025/3/2 1:00,6787.2
2025/3/2 1:15,6692.4
2025/3/2 1:30,6841.2
2025/3/2 1:45,6601.2
2025/3/2 2:00,6646.8
2025/3/2 2:15,6753.6
2025/3/2 2:30,6846
2025/3/2 2:45,6895.2
2025/3/2 3:00,6901.2
2025/3/2 3:15,6931.2
2025/3/2 3:30,6876
2025/3/2 3:45,6928.8
2025/3/2 4:00,6902.4
2025/3/2 4:15,6940.8
2025/3/2 4:30,6789.6
2025/3/2 4:45,6856.8
2025/3/2 5:00,6883.2
2025/3/2 5:15,6828
2025/3/2 5:30,6663.6
2025/3/2 5:45,6682.8
2025/3/2 6:00,6643.2
2025/3/2 6:15,6660
2025/3/2 6:30,6670.8
2025/3/2 6:45,6717.6
2025/3/2 7:00,6649.2
2025/3/2 7:15,6640.8
2025/3/2 7:30,6643.2
2025/3/2 7:45,6660
2025/3/2 8:00,6711.6
2025/3/2 8:15,6724.8
2025/3/2 8:30,6670.8
2025/3/2 8:45,6704.4
2025/3/2 9:00,6661.2
2025/3/2 9:15,6672
2025/3/2 9:30,6710.4
2025/3/2 9:45,6736.8
2025/3/2 10:00,6816
2025/3/2 10:15,6610.8
2025/3/2 10:30,6722.4
2025/3/2 10:45,6751.2
2025/3/2 11:00,6794.4
2025/3/2 11:15,6888
2025/3/2 11:30,6844.8
2025/3/2 11:45,6849.6
2025/3/2 12:00,6848.4
2025/3/2 12:15,6877.2
2025/3/2 12:30,6819.6
2025/3/2 12:45,6873.6
2025/3/2 13:00,6898.8
2025/3/2 13:15,6838.8
2025/3/2 13:30,6826.8
2025/3/2 13:45,6831.6
2025/3/2 14:00,6848.4
2025/3/2 14:15,6837.6
2025/3/2 14:30,6882
2025/3/2 14:45,6897.6
2025/3/2 15:00,6734.4
2025/3/2 15:15,6824.4
2025/3/2 15:30,6742.8
2025/3/2 15:45,6722.4
2025/3/2 16:00,6782.4
2025/3/2 16:15,6721.2
2025/3/2 16:30,6704.4
2025/3/2 16:45,6814.8
2025/3/2 17:00,6729.6
2025/3/2 17:15,6637.2
2025/3/2 17:30,6885.6
2025/3/2 17:45,6834
2025/3/2 18:00,6812.4
2025/3/2 18:15,6879.6
2025/3/2 18:30,6909.6
2025/3/2 18:45,6872.4
2025/3/2 19:00,6900
2025/3/2 19:15,6891.6
2025/3/2 19:30,6862.8
2025/3/2 19:45,6789.6
2025/3/2 20:00,6517.2
2025/3/2 20:15,6700.8
2025/3/2 20:30,6684
2025/3/2 20:45,6746.4
2025/3/2 21:00,6691.2
2025/3/2 21:15,6709.2
2025/3/2 21:30,6740.4
2025/3/2 21:45,6822
2025/3/2 22:00,6907.2
2025/3/2 22:15,6778.8
2025/3/2 22:30,6822
2025/3/2 22:45,6829.2
2025/3/2 23:00,6842.4
2025/3/2 23:15,6824.4
2025/3/2 23:30,6793.2
2025/3/2 23:45,6889.2
2025/3/3 0:00,6832.8
2025/3/3 0:15,6831.6
2025/3/3 0:30,6834
2025/3/3 0:45,6777.6
2025/3/3 1:00,6837.6
2025/3/3 1:15,6776.4
2025/3/3 1:30,6822
2025/3/3 1:45,6829.2
2025/3/3 2:00,6769.2
2025/3/3 2:15,6808.8
2025/3/3 2:30,6800.4
2025/3/3 2:45,6848.4
2025/3/3 3:00,6790.8
2025/3/3 3:15,6877.2
2025/3/3 3:30,6872.4
2025/3/3 3:45,6842.4
2025/3/3 4:00,6802.8
2025/3/3 4:15,6644.4
2025/3/3 4:30,6769.2
2025/3/3 4:45,6740.4
2025/3/3 5:00,6765.6
2025/3/3 5:15,6742.8
2025/3/3 5:30,6786
2025/3/3 5:45,6775.2
2025/3/3 6:00,6764.4
2025/3/3 6:15,6670.8
2025/3/3 6:30,6667.2
2025/3/3 6:45,6729.6
2025/3/3 7:00,6729.6
2025/3/3 7:15,6649.2
2025/3/3 7:30,6745.2
2025/3/3 7:45,6772.8
2025/3/3 8:00,6711.6
2025/3/3 8:15,6620.4
2025/3/3 8:30,6703.2
2025/3/3 8:45,6786
2025/3/3 9:00,6850.8
2025/3/3 9:15,6828
2025/3/3 9:30,6794.4
2025/3/3 9:45,6748.8
2025/3/3 10:00,6876
2025/3/3 10:15,6820.8
2025/3/3 10:30,6819.6
2025/3/3 10:45,6908.4
2025/3/3 11:00,6866.4
2025/3/3 11:15,6752.4
2025/3/3 11:30,6784.8
2025/3/3 11:45,6892.8
2025/3/3 12:00,6865.2
2025/3/3 12:15,6747.6
2025/3/3 12:30,6848.4
2025/3/3 12:45,6831.6
2025/3/3 13:00,6850.8
2025/3/3 13:15,6741.6
2025/3/3 13:30,6847.2
2025/3/3 13:45,6799.2
2025/3/3 14:00,6716.4
2025/3/3 14:15,6774
2025/3/3 14:30,6633.6
2025/3/3 14:45,6722.4
2025/3/3 15:00,6741.6
2025/3/3 15:15,6686.4
2025/3/3 15:30,6784.8
2025/3/3 15:45,6788.4
2025/3/3 16:00,6799.2
2025/3/3 16:15,6838.8
2025/3/3 16:30,6811.2
2025/3/3 16:45,6806.4
2025/3/3 17:00,6818.4
2025/3/3 17:15,6802.8
2025/3/3 17:30,6838.8
2025/3/3 17:45,6757.2
2025/3/3 18:00,6835.2
2025/3/3 18:15,6771.6
2025/3/3 18:30,6684
2025/3/3 18:45,6723.6
2025/3/3 19:00,6807.6
2025/3/3 19:15,6702
2025/3/3 19:30,6709.2
2025/3/3 19:45,6670.8
2025/3/3 20:00,6763.2
2025/3/3 20:15,6730.8
2025/3/3 20:30,6721.2
2025/3/3 20:45,6741.6
2025/3/3 21:00,6555.6
2025/3/3 21:15,6524.4
2025/3/3 21:30,6564
2025/3/3 21:45,6531.6
2025/3/3 22:00,6508.8
2025/3/3 22:15,6450
2025/3/3 22:30,6410.4
2025/3/3 22:45,6580.8
2025/3/3 23:00,6565.2
2025/3/3 23:15,6633.6
2025/3/3 23:30,6560.4
2025/3/3 23:45,6706.8
2025/3/4 0:00,6547.2
2025/3/4 0:15,6710.4
2025/3/4 0:30,6777.6
2025/3/4 0:45,6712.8
2025/3/4 1:00,6758.4
2025/3/4 1:15,6679.2
2025/3/4 1:30,6744
2025/3/4 1:45,6703.2
2025/3/4 2:00,6735.6
2025/3/4 2:15,6734.4
2025/3/4 2:30,6660
2025/3/4 2:45,6646.8
2025/3/4 3:00,6686.4
2025/3/4 3:15,6764.4
2025/3/4 3:30,6678
2025/3/4 3:45,6744
2025/3/4 4:00,6681.6
2025/3/4 4:15,6759.6
2025/3/4 4:30,6745.2
2025/3/4 4:45,6771.6
2025/3/4 5:00,6698.4
2025/3/4 5:15,6726
2025/3/4 5:30,6540
2025/3/4 5:45,6648
2025/3/4 6:00,6595.2
2025/3/4 6:15,6799.2
2025/3/4 6:30,6705.6
2025/3/4 6:45,6741.6
2025/3/4 7:00,6729.6
2025/3/4 7:15,6769.2
2025/3/4 7:30,6754.8
2025/3/4 7:45,6822
2025/3/4 8:00,6822
2025/3/4 8:15,6790.8
2025/3/4 8:30,6790.8
2025/3/4 8:45,6870
2025/3/4 9:00,6883.2
2025/3/4 9:15,6861.6
2025/3/4 9:30,6631.2
2025/3/4 9:45,6627.6
2025/3/4 10:00,6775.2
2025/3/4 10:15,6866.4
2025/3/4 10:30,6868.8
2025/3/4 10:45,6726
2025/3/4 11:00,6822
2025/3/4 11:15,6969.6
2025/3/4 11:30,6852
2025/3/4 11:45,7034.4
2025/3/4 12:00,6931.2
2025/3/4 12:15,6861.6
2025/3/4 12:30,6975.6
2025/3/4 12:45,6967.2
2025/3/4 13:00,6997.2
2025/3/4 13:15,6939.6
2025/3/4 13:30,6969.6
2025/3/4 13:45,6966
2025/3/4 14:00,6964.8
2025/3/4 14:15,7017.6
2025/3/4 14:30,6898.8
2025/3/4 14:45,7039.2
2025/3/4 15:00,7066.8
2025/3/4 15:15,7086
2025/3/4 15:30,7058.4
2025/3/4 15:45,6813.6
2025/3/4 16:00,6828
2025/3/4 16:15,7113.6
2025/3/4 16:30,7160.4
2025/3/4 16:45,7182
2025/3/4 17:00,7027.2
2025/3/4 17:15,6964.8
2025/3/4 17:30,7056
2025/3/4 17:45,6986.4
2025/3/4 18:00,6930
2025/3/4 18:15,6765.6
2025/3/4 18:30,6818.4
2025/3/4 18:45,6710.4
2025/3/4 19:00,6878.4
2025/3/4 19:15,6831.6
2025/3/4 19:30,6795.6
2025/3/4 19:45,6922.8
2025/3/4 20:00,6949.2
2025/3/4 20:15,6927.6
2025/3/4 20:30,6996
2025/3/4 20:45,7034.4
2025/3/4 21:00,7038
2025/3/4 21:15,7030.8
2025/3/4 21:30,7017.6
2025/3/4 21:45,6843.6
2025/3/4 22:00,6930
2025/3/4 22:15,6867.6
2025/3/4 22:30,6871.2
2025/3/4 22:45,6964.8
2025/3/4 23:00,6776.4
2025/3/4 23:15,6963.6
2025/3/4 23:30,6946.8
2025/3/4 23:45,6933.6
2025/3/5 0:00,6934.8
2025/3/5 0:15,6912
2025/3/5 0:30,6784.8
2025/3/5 0:45,6864
2025/3/5 1:00,6956.4
2025/3/5 1:15,6836.4
2025/3/5 1:30,6927.6
2025/3/5 1:45,6920.4
2025/3/5 2:00,6915.6
2025/3/5 2:15,6774
2025/3/5 2:30,6850.8
2025/3/5 2:45,6776.4
2025/3/5 3:00,6843.6
2025/3/5 3:15,6870
2025/3/5 3:30,6876
2025/3/5 3:45,6835.2
2025/3/5 4:00,6814.8
2025/3/5 4:15,6734.4
2025/3/5 4:30,6806.4
2025/3/5 4:45,6663.6
2025/3/5 5:00,6766.8
2025/3/5 5:15,6752.4
2025/3/5 5:30,6765.6
2025/3/5 5:45,6680.4
2025/3/5 6:00,6786
2025/3/5 6:15,6642
2025/3/5 6:30,6661.2
2025/3/5 6:45,6702
2025/3/5 7:00,6721.2
2025/3/5 7:15,6612
2025/3/5 7:30,6784.8
2025/3/5 7:45,6799.2
2025/3/5 8:00,6698.4
2025/3/5 8:15,6727.2
2025/3/5 8:30,6765.6
2025/3/5 8:45,6915.6
2025/3/5 9:00,6794.4
2025/3/5 9:15,6878.4
2025/3/5 9:30,6906
2025/3/5 9:45,6808.8
2025/3/5 10:00,6802.8
2025/3/5 10:15,6896.4
2025/3/5 10:30,6964.8
2025/3/5 10:45,6903.6
2025/3/5 11:00,6901.2
2025/3/5 11:15,6880.8
2025/3/5 11:30,6859.2
2025/3/5 11:45,6861.6
2025/3/5 12:00,6798
2025/3/5 12:15,6724.8
2025/3/5 12:30,7009.2
2025/3/5 12:45,7002
2025/3/5 13:00,6963.6
2025/3/5 13:15,6945.6
2025/3/5 13:30,6883.2
2025/3/5 13:45,6888
2025/3/5 14:00,6856.8
2025/3/5 14:15,6876
2025/3/5 14:30,6968.4
2025/3/5 14:45,6967.2
2025/3/5 15:00,6903.6
2025/3/5 15:15,6900
2025/3/5 15:30,6960
2025/3/5 15:45,6934.8
2025/3/5 16:00,6853.2
2025/3/5 16:15,6812.4
2025/3/5 16:30,6873.6
2025/3/5 16:45,6931.2
2025/3/5 17:00,6877.2
2025/3/5 17:15,6999.6
2025/3/5 17:30,6907.2
2025/3/5 17:45,6937.2
2025/3/5 18:00,6882
2025/3/5 18:15,6871.2
2025/3/5 18:30,6841.2
2025/3/5 18:45,6918
2025/3/5 19:00,6895.2
2025/3/5 19:15,6920.4
2025/3/5 19:30,6906
2025/3/5 19:45,6934.8
2025/3/5 20:00,6850.8
2025/3/5 20:15,6934.8
2025/3/5 20:30,6938.4
2025/3/5 20:45,6877.2
2025/3/5 21:00,6686.4
2025/3/5 21:15,6679.2
2025/3/5 21:30,6688.8
2025/3/5 21:45,6650.4
2025/3/5 22:00,6703.2
2025/3/5 22:15,6644.4
2025/3/5 22:30,6594
2025/3/5 22:45,6571.2
2025/3/5 23:00,6849.6
2025/3/5 23:15,6801.6
2025/3/5 23:30,6876
2025/3/5 23:45,6774
2025/3/6 0:00,6751.2
2025/3/6 0:15,6794.4
2025/3/6 0:30,6762
2025/3/6 0:45,6794.4
2025/3/6 1:00,6856.8
2025/3/6 1:15,6715.2
2025/3/6 1:30,6789.6
2025/3/6 1:45,6782.4
2025/3/6 2:00,6757.2
2025/3/6 2:15,6738
2025/3/6 2:30,6764.4
2025/3/6 2:45,6733.2
2025/3/6 3:00,6673.2
2025/3/6 3:15,6799.2
2025/3/6 3:30,6748.8
2025/3/6 3:45,6775.2
2025/3/6 4:00,6747.6
2025/3/6 4:15,6736.8
2025/3/6 4:30,6757.2
2025/3/6 4:45,6771.6
2025/3/6 5:00,6720
2025/3/6 5:15,6704.4
2025/3/6 5:30,6687.6
2025/3/6 5:45,6661.2
2025/3/6 6:00,6663.6
2025/3/6 6:15,6670.8
2025/3/6 6:30,6680.4
2025/3/6 6:45,6663.6
2025/3/6 7:00,6620.4
2025/3/6 7:15,6634.8
2025/3/6 7:30,6676.8
2025/3/6 7:45,6687.6
2025/3/6 8:00,6687.6
2025/3/6 8:15,6690
2025/3/6 8:30,6717.6
2025/3/6 8:45,6745.2
2025/3/6 9:00,6732
2025/3/6 9:15,6632.4
2025/3/6 9:30,6686.4
2025/3/6 9:45,6783.6
2025/3/6 10:00,6721.2
2025/3/6 10:15,6766.8
2025/3/6 10:30,6860.4
2025/3/6 10:45,6832.8
2025/3/6 11:00,6814.8
2025/3/6 11:15,6930
2025/3/6 11:30,6918
2025/3/6 11:45,6876
2025/3/6 12:00,6867.6
2025/3/6 12:15,6890.4
2025/3/6 12:30,6915.6
2025/3/6 12:45,6940.8
2025/3/6 13:00,6892.8
2025/3/6 13:15,6924
2025/3/6 13:30,6946.8
2025/3/6 13:45,6944.4
2025/3/6 14:00,6901.2
2025/3/6 14:15,6942
2025/3/6 14:30,6985.2
2025/3/6 14:45,6990
2025/3/6 15:00,6913.2
2025/3/6 15:15,6853.2
2025/3/6 15:30,6871.2
2025/3/6 15:45,6882
2025/3/6 16:00,6957.6
2025/3/6 16:15,6992.4
2025/3/6 16:30,6913.2
2025/3/6 16:45,6871.2
2025/3/6 17:00,6928.8
2025/3/6 17:15,6922.8
2025/3/6 17:30,6945.6
2025/3/6 17:45,6850.8
2025/3/6 18:00,6777.6
2025/3/6 18:15,6807.6
2025/3/6 18:30,6805.2
2025/3/6 18:45,6782.4
2025/3/6 19:00,6862.8
2025/3/6 19:15,6802.8
2025/3/6 19:30,6885.6
2025/3/6 19:45,6892.8
2025/3/6 20:00,6826.8
2025/3/6 20:15,6876
2025/3/6 20:30,6861.6
2025/3/6 20:45,6759.6
2025/3/6 21:00,6878.4
2025/3/6 21:15,6824.4
2025/3/6 21:30,6918
2025/3/6 21:45,6882
2025/3/6 22:00,6886.8
2025/3/6 22:15,6843.6
2025/3/6 22:30,6848.4
2025/3/6 22:45,6792
2025/3/6 23:00,6765.6
2025/3/6 23:15,6770.4
2025/3/6 23:30,6758.4
2025/3/6 23:45,6742.8
2025/3/7 0:00,6847.2
2025/3/7 0:15,6735.6
2025/3/7 0:30,6837.6
2025/3/7 0:45,6782.4
2025/3/7 1:00,6853.2
2025/3/7 1:15,6805.2
2025/3/7 1:30,6789.6
2025/3/7 1:45,6772.8
2025/3/7 2:00,6853.2
2025/3/7 2:15,6770.4
2025/3/7 2:30,6757.2
2025/3/7 2:45,6842.4
2025/3/7 3:00,6768
2025/3/7 3:15,6854.4
2025/3/7 3:30,6836.4
2025/3/7 3:45,6854.4
2025/3/7 4:00,6835.2
2025/3/7 4:15,6837.6
2025/3/7 4:30,6771.6
2025/3/7 4:45,6766.8
2025/3/7 5:00,6706.8
2025/3/7 5:15,6710.4
2025/3/7 5:30,6650.4
2025/3/7 5:45,6628.8
2025/3/7 6:00,6680.4
2025/3/7 6:15,6638.4
2025/3/7 6:30,6685.2
2025/3/7 6:45,6672
2025/3/7 7:00,6633.6
2025/3/7 7:15,6628.8
2025/3/7 7:30,6434.4
2025/3/7 7:45,6457.2
2025/3/7 8:00,6517.2
2025/3/7 8:15,6655.2
2025/3/7 8:30,6615.6
2025/3/7 8:45,6687.6
2025/3/7 9:00,6715.2
2025/3/7 9:15,6682.8
2025/3/7 9:30,6801.6
2025/3/7 9:45,6925.2
2025/3/7 10:00,6916.8
2025/3/7 10:15,6980.4
2025/3/7 10:30,7008
2025/3/7 10:45,6846
2025/3/7 11:00,7036.8
2025/3/7 11:15,7086
2025/3/7 11:30,7108.8
2025/3/7 11:45,7036.8
2025/3/7 12:00,6837.6
2025/3/7 12:15,6831.6
2025/3/7 12:30,6948
2025/3/7 12:45,6909.6
2025/3/7 13:00,7066.8
2025/3/7 13:15,7042.8
2025/3/7 13:30,7141.2
2025/3/7 13:45,6996
2025/3/7 14:00,7064.4
2025/3/7 14:15,7125.6
2025/3/7 14:30,7134
2025/3/7 14:45,7159.2
2025/3/7 15:00,7184.4
2025/3/7 15:15,7095.6
2025/3/7 15:30,7039.2
2025/3/7 15:45,7230
2025/3/7 16:00,7234.8
2025/3/7 16:15,7028.4
2025/3/7 16:30,7118.4
2025/3/7 16:45,7092
2025/3/7 17:00,7046.4
2025/3/7 17:15,7209.6
2025/3/7 17:30,7118.4
2025/3/7 17:45,7053.6
2025/3/7 18:00,7204.8
2025/3/7 18:15,7132.8
2025/3/7 18:30,7009.2
2025/3/7 18:45,7100.4
2025/3/7 19:00,6992.4
2025/3/7 19:15,6940.8
2025/3/7 19:30,7054.8
2025/3/7 19:45,7052.4
2025/3/7 20:00,6961.2
2025/3/7 20:15,7148.4
2025/3/7 20:30,7101.6
2025/3/7 20:45,7086
2025/3/7 21:00,7070.4
2025/3/7 21:15,7009.2
2025/3/7 21:30,7093.2
2025/3/7 21:45,6943.2
2025/3/7 22:00,6942
2025/3/7 22:15,7014
2025/3/7 22:30,6957.6
2025/3/7 22:45,7027.2
2025/3/7 23:00,7023.6
2025/3/7 23:15,7071.6
2025/3/7 23:30,7089.6
2025/3/7 23:45,7138.8
2025/3/8 0:00,7074
2025/3/8 0:15,7052.4
2025/3/8 0:30,7039.2
2025/3/8 0:45,6999.6
2025/3/8 1:00,7022.4
2025/3/8 1:15,7062
2025/3/8 1:30,6963.6
2025/3/8 1:45,6946.8
2025/3/8 2:00,7027.2
2025/3/8 2:15,6952.8
2025/3/8 2:30,7035.6
2025/3/8 2:45,6952.8
2025/3/8 3:00,7024.8
2025/3/8 3:15,7045.2
2025/3/8 3:30,7088.4
2025/3/8 3:45,7096.8
2025/3/8 4:00,7057.2
2025/3/8 4:15,7027.2
2025/3/8 4:30,7034.4
2025/3/8 4:45,7048.8
2025/3/8 5:00,6968.4
2025/3/8 5:15,7035.6
2025/3/8 5:30,7004.4
2025/3/8 5:45,7004.4
2025/3/8 6:00,6958.8
2025/3/8 6:15,7005.6
2025/3/8 6:30,7006.8
2025/3/8 6:45,6998.4
2025/3/8 7:00,6951.6
2025/3/8 7:15,6874.8
2025/3/8 7:30,6993.6
2025/3/8 7:45,7006.8
2025/3/8 8:00,7092
2025/3/8 8:15,7118.4
2025/3/8 8:30,7111.2
2025/3/8 8:45,7162.8
2025/3/8 9:00,7110
2025/3/8 9:15,7147.2
2025/3/8 9:30,7153.2
2025/3/8 9:45,7186.8
2025/3/8 10:00,7243.2
2025/3/8 10:15,7051.2
2025/3/8 10:30,7324.8
2025/3/8 10:45,7184.4
2025/3/8 11:00,7228.8
2025/3/8 11:15,7311.6
2025/3/8 11:30,7154.4
2025/3/8 11:45,7334.4
2025/3/8 12:00,7338
2025/3/8 12:15,7225.2
2025/3/8 12:30,7233.6
2025/3/8 12:45,7308
2025/3/8 13:00,7185.6
2025/3/8 13:15,7348.8
2025/3/8 13:30,7288.8
2025/3/8 13:45,7332
2025/3/8 14:00,7370.4
2025/3/8 14:15,7359.6
2025/3/8 14:30,7344
2025/3/8 14:45,7306.8
2025/3/8 15:00,7315.2
2025/3/8 15:15,7363.2
2025/3/8 15:30,7267.2
2025/3/8 15:45,7510.8
2025/3/8 16:00,7612.8
2025/3/8 16:15,7622.4
2025/3/8 16:30,7358.4
2025/3/8 16:45,7492.8
2025/3/8 17:00,7374
2025/3/8 17:15,7322.4
2025/3/8 17:30,7256.4
2025/3/8 17:45,7330.8
2025/3/8 18:00,7334.4
2025/3/8 18:15,7166.4
2025/3/8 18:30,7231.2
2025/3/8 18:45,7423.2
2025/3/8 19:00,7443.6
2025/3/8 19:15,7382.4
2025/3/8 19:30,7278
2025/3/8 19:45,7358.4
2025/3/8 20:00,7371.6
2025/3/8 20:15,7372.8
2025/3/8 20:30,7428
2025/3/8 20:45,7398
2025/3/8 21:00,7286.4
2025/3/8 21:15,7359.6
2025/3/8 21:30,7302
2025/3/8 21:45,7359.6
2025/3/8 22:00,7153.2
2025/3/8 22:15,7236
2025/3/8 22:30,7298.4
2025/3/8 22:45,7293.6
2025/3/8 23:00,7186.8
2025/3/8 23:15,7226.4
2025/3/8 23:30,7231.2
2025/3/8 23:45,7212
2025/3/9 0:00,7274.4
2025/3/9 0:15,7236
2025/3/9 0:30,7206
2025/3/9 0:45,7329.6
2025/3/9 1:00,7311.6
2025/3/9 1:15,7270.8
2025/3/9 1:30,7333.2
2025/3/9 1:45,7236
2025/3/9 2:00,7209.6
2025/3/9 2:15,7284
2025/3/9 2:30,7195.2
2025/3/9 2:45,7119.6
2025/3/9 3:00,7105.2
2025/3/9 3:15,7124.4
2025/3/9 3:30,7173.6
2025/3/9 3:45,7232.4
2025/3/9 4:00,7153.2
2025/3/9 4:15,7188
2025/3/9 4:30,7149.6
2025/3/9 4:45,7102.8
2025/3/9 5:00,7161.6
2025/3/9 5:15,7130.4
2025/3/9 5:30,7010.4
2025/3/9 5:45,7086
2025/3/9 6:00,7069.2
2025/3/9 6:15,7084.8
2025/3/9 6:30,7146
2025/3/9 6:45,7035.6
2025/3/9 7:00,7005.6
2025/3/9 7:15,7083.6
2025/3/9 7:30,7050
2025/3/9 7:45,7107.6
2025/3/9 8:00,7054.8
2025/3/9 8:15,7029.6
2025/3/9 8:30,7191.6
2025/3/9 8:45,7174.8
2025/3/9 9:00,7183.2
2025/3/9 9:15,7278
2025/3/9 9:30,7300.8
2025/3/9 9:45,7474.8
2025/3/9 10:00,7402.8
2025/3/9 10:15,7368
2025/3/9 10:30,7302
2025/3/9 10:45,7230
2025/3/9 11:00,7292.4
2025/3/9 11:15,7424.4
2025/3/9 11:30,7393.2
2025/3/9 11:45,7381.2
2025/3/9 12:00,7416
2025/3/9 12:15,7382.4
2025/3/9 12:30,7440
2025/3/9 12:45,7431.6
2025/3/9 13:00,7348.8
2025/3/9 13:15,7408.8
2025/3/9 13:30,7428
2025/3/9 13:45,7375.2
2025/3/9 14:00,7460.4
2025/3/9 14:15,7500
2025/3/9 14:30,7424.4
2025/3/9 14:45,7537.2
2025/3/9 15:00,7519.2
2025/3/9 15:15,7447.2
2025/3/9 15:30,7549.2
2025/3/9 15:45,7508.4
2025/3/9 16:00,7594.8
2025/3/9 16:15,7764
2025/3/9 16:30,7579.2
2025/3/9 16:45,7017.6
2025/3/9 17:00,6962.4
2025/3/9 17:15,6955.2
2025/3/9 17:30,7058.4
2025/3/9 17:45,7130.4
2025/3/9 18:00,7251.6
2025/3/9 18:15,7212
2025/3/9 18:30,7264.8
2025/3/9 18:45,7209.6
2025/3/9 19:00,7316.4
2025/3/9 19:15,7387.2
2025/3/9 19:30,7226.4
2025/3/9 19:45,7248
2025/3/9 20:00,7216.8
2025/3/9 20:15,7219.2
2025/3/9 20:30,7222.8
2025/3/9 20:45,7231.2
2025/3/9 21:00,7287.6
2025/3/9 21:15,7288.8
2025/3/9 21:30,7298.4
2025/3/9 21:45,7257.6
2025/3/9 22:00,7215.6
2025/3/9 22:15,7249.2
2025/3/9 22:30,7255.2
2025/3/9 22:45,7207.2
2025/3/9 23:00,7158
2025/3/9 23:15,7195.2
2025/3/9 23:30,7107.6
2025/3/9 23:45,7063.2
2025/3/10 0:00,7078.8
2025/3/10 0:15,7038
2025/3/10 0:30,7108.8
2025/3/10 0:45,7107.6
2025/3/10 1:00,7117.2
2025/3/10 1:15,7100.4
2025/3/10 1:30,7124.4
2025/3/10 1:45,7119.6
2025/3/10 2:00,7046.4
2025/3/10 2:15,7051.2
2025/3/10 2:30,7056
2025/3/10 2:45,7108.8
2025/3/10 3:00,7113.6
2025/3/10 3:15,7142.4
2025/3/10 3:30,7068
2025/3/10 3:45,7045.2
2025/3/10 4:00,7078.8
2025/3/10 4:15,7014
2025/3/10 4:30,7044
2025/3/10 4:45,7041.6
2025/3/10 5:00,6993.6
2025/3/10 5:15,7024.8
2025/3/10 5:30,6913.2
2025/3/10 5:45,6907.2
2025/3/10 6:00,6895.2
2025/3/10 6:15,6907.2
2025/3/10 6:30,6927.6
2025/3/10 6:45,6866.4
2025/3/10 7:00,6859.2
2025/3/10 7:15,6900
2025/3/10 7:30,6864
2025/3/10 7:45,6888
2025/3/10 8:00,6939.6
2025/3/10 8:15,7020
2025/3/10 8:30,6962.4
2025/3/10 8:45,6969.6
2025/3/10 9:00,6936
2025/3/10 9:15,7046.4
2025/3/10 9:30,7000.8
2025/3/10 9:45,6990
2025/3/10 10:00,7104
2025/3/10 10:15,7129.2
2025/3/10 10:30,7083.6
2025/3/10 10:45,7215.6
2025/3/10 11:00,7243.2
2025/3/10 11:15,7279.2
2025/3/10 11:30,7272
2025/3/10 11:45,7261.2
2025/3/10 12:00,7302
2025/3/10 12:15,7360.8
2025/3/10 12:30,7368
2025/3/10 12:45,7305.6
2025/3/10 13:00,7198.8
2025/3/10 13:15,7174.8
2025/3/10 13:30,7255.2
2025/3/10 13:45,7195.2
2025/3/10 14:00,7360.8
2025/3/10 14:15,7364.4
2025/3/10 14:30,7341.6
2025/3/10 14:45,7339.2
2025/3/10 15:00,7318.8
2025/3/10 15:15,7290
2025/3/10 15:30,7328.4
2025/3/10 15:45,7249.2
2025/3/10 16:00,7257.6
2025/3/10 16:15,7312.8
2025/3/10 16:30,7275.6
2025/3/10 16:45,7266
2025/3/10 17:00,7267.2
2025/3/10 17:15,7315.2
2025/3/10 17:30,7242
2025/3/10 17:45,7256.4
2025/3/10 18:00,7252.8
2025/3/10 18:15,7231.2
2025/3/10 18:30,7280.4
2025/3/10 18:45,7310.4
2025/3/10 19:00,7263.6
2025/3/10 19:15,7286.4
2025/3/10 19:30,7297.2
2025/3/10 19:45,7272
2025/3/10 20:00,7279.2
2025/3/10 20:15,7340.4
2025/3/10 20:30,7322.4
2025/3/10 20:45,7320
2025/3/10 21:00,7153.2
2025/3/10 21:15,7136.4
2025/3/10 21:30,7308
2025/3/10 21:45,7149.6
2025/3/10 22:00,7189.2
2025/3/10 22:15,7230
2025/3/10 22:30,7261.2
2025/3/10 22:45,7215.6
2025/3/10 23:00,7210.8
2025/3/10 23:15,7098
2025/3/10 23:30,7174.8
2025/3/10 23:45,7170
2025/3/11 0:00,7094.4
2025/3/11 0:15,7155.6
2025/3/11 0:30,7047.6
2025/3/11 0:45,6962.4
2025/3/11 1:00,7140
2025/3/11 1:15,7122
2025/3/11 1:30,7153.2
2025/3/11 1:45,7051.2
2025/3/11 2:00,6948
2025/3/11 2:15,6892.8
2025/3/11 2:30,7012.8
2025/3/11 2:45,7113.6
2025/3/11 3:00,7269.6
2025/3/11 3:15,7326
2025/3/11 3:30,7285.2
2025/3/11 3:45,7072.8
2025/3/11 4:00,7082.4
2025/3/11 4:15,7089.6
2025/3/11 4:30,7122
2025/3/11 4:45,7044
2025/3/11 5:00,6992.4
2025/3/11 5:15,7027.2
2025/3/11 5:30,6980.4
2025/3/11 5:45,6894
2025/3/11 6:00,7002
2025/3/11 6:15,7014
2025/3/11 6:30,6999.6
2025/3/11 6:45,6982.8
2025/3/11 7:00,6927.6
2025/3/11 7:15,7002
2025/3/11 7:30,7044
2025/3/11 7:45,7034.4
2025/3/11 8:00,7028.4
2025/3/11 8:15,7029.6
2025/3/11 8:30,7014
2025/3/11 8:45,7089.6
2025/3/11 9:00,7050
2025/3/11 9:15,7176
2025/3/11 9:30,7099.2
2025/3/11 9:45,7206
2025/3/11 10:00,7226.4
2025/3/11 10:15,7255.2
2025/3/11 10:30,7346.4
2025/3/11 10:45,7352.4
2025/3/11 11:00,7455.6
2025/3/11 11:15,7438.8
2025/3/11 11:30,7472.4
2025/3/11 11:45,7474.8
2025/3/11 12:00,7441.2
2025/3/11 12:15,7472.4
2025/3/11 12:30,7372.8
2025/3/11 12:45,7447.2
2025/3/11 13:00,7346.4
2025/3/11 13:15,7482
2025/3/11 13:30,7362
2025/3/11 13:45,7452
2025/3/11 14:00,7509.6
2025/3/11 14:15,7454.4
2025/3/11 14:30,7497.6
2025/3/11 14:45,7491.6
2025/3/11 15:00,7431.6
2025/3/11 15:15,7483.2
2025/3/11 15:30,7484.4
2025/3/11 15:45,7491.6
2025/3/11 16:00,7501.2
2025/3/11 16:15,7387.2
2025/3/11 16:30,7458
2025/3/11 16:45,7406.4
2025/3/11 17:00,7362
2025/3/11 17:15,7412.4
2025/3/11 17:30,7399.2
2025/3/11 17:45,7380
2025/3/11 18:00,7320
2025/3/11 18:15,7251.6
2025/3/11 18:30,7293.6
2025/3/11 18:45,7368
2025/3/11 19:00,7372.8
2025/3/11 19:15,7258.8
2025/3/11 19:30,7296
2025/3/11 19:45,7266
2025/3/11 20:00,7234.8
2025/3/11 20:15,7218
2025/3/11 20:30,7395.6
2025/3/11 20:45,7497.6
2025/3/11 21:00,7440
2025/3/11 21:15,7332
2025/3/11 21:30,7615.2
2025/3/11 21:45,7658.4
2025/3/11 22:00,7472.4
2025/3/11 22:15,7354.8
2025/3/11 22:30,7389.6
2025/3/11 22:45,7418.4
2025/3/11 23:00,7390.8
2025/3/11 23:15,7335.6
2025/3/11 23:30,7298.4
2025/3/11 23:45,7255.2
2025/3/12 0:00,7320
2025/3/12 0:15,7285.2
2025/3/12 0:30,7261.2
2025/3/12 0:45,7341.6
2025/3/12 1:00,7273.2
2025/3/12 1:15,7212
2025/3/12 1:30,7204.8
2025/3/12 1:45,7141.2
2025/3/12 2:00,7147.2
2025/3/12 2:15,7129.2
2025/3/12 2:30,7098
2025/3/12 2:45,7082.4
2025/3/12 3:00,7080
2025/3/12 3:15,7044
2025/3/12 3:30,7149.6
2025/3/12 3:45,7076.4
2025/3/12 4:00,7075.2
2025/3/12 4:15,7052.4
2025/3/12 4:30,7030.8
2025/3/12 4:45,7003.2
2025/3/12 5:00,7039.2
2025/3/12 5:15,7068
2025/3/12 5:30,7027.2
2025/3/12 5:45,7047.6
2025/3/12 6:00,7066.8
2025/3/12 6:15,7051.2
2025/3/12 6:30,7059.6
2025/3/12 6:45,7009.2
2025/3/12 7:00,6982.8
2025/3/12 7:15,7033.2
2025/3/12 7:30,7046.4
2025/3/12 7:45,7042.8
2025/3/12 8:00,7102.8
2025/3/12 8:15,7105.2
2025/3/12 8:30,7416
2025/3/12 8:45,7231.2
2025/3/12 9:00,7141.2
2025/3/12 9:15,7202.4
2025/3/12 9:30,7162.8
2025/3/12 9:45,7275.6
2025/3/12 10:00,7380
2025/3/12 10:15,7330.8
2025/3/12 10:30,7357.2
2025/3/12 10:45,7365.6
2025/3/12 11:00,7432.8
2025/3/12 11:15,7492.8
2025/3/12 11:30,7468.8
2025/3/12 11:45,7388.4
2025/3/12 12:00,7358.4
2025/3/12 12:15,7420.8
2025/3/12 12:30,7374
2025/3/12 12:45,7406.4
2025/3/12 13:00,7389.6
2025/3/12 13:15,7327.2
2025/3/12 13:30,7341.6
2025/3/12 13:45,7428
2025/3/12 14:00,7392
2025/3/12 14:15,7521.6
2025/3/12 14:30,7437.6
2025/3/12 14:45,7527.6
2025/3/12 15:00,7501.2
2025/3/12 15:15,7474.8
2025/3/12 15:30,7528.8
2025/3/12 15:45,7508.4
2025/3/12 16:00,7572
2025/3/12 16:15,7615.2
2025/3/12 16:30,7579.2
2025/3/12 16:45,7528.8
2025/3/12 17:00,7539.6
2025/3/12 17:15,7465.2
2025/3/12 17:30,7519.2
2025/3/12 17:45,7476
2025/3/12 18:00,7484.4
2025/3/12 18:15,7419.6
2025/3/12 18:30,7335.6
2025/3/12 18:45,7327.2
2025/3/12 19:00,7392
2025/3/12 19:15,7352.4
2025/3/12 19:30,7320
2025/3/12 19:45,7334.4
2025/3/12 20:00,7281.6
2025/3/12 20:15,7345.2
2025/3/12 20:30,7287.6
2025/3/12 20:45,7297.2
2025/3/12 21:00,7456.8
2025/3/12 21:15,7335.6
2025/3/12 21:30,7329.6
2025/3/12 21:45,7282.8
2025/3/12 22:00,7237.2
2025/3/12 22:15,7201.2
2025/3/12 22:30,7428
2025/3/12 22:45,7426.8
2025/3/12 23:00,7363.2
2025/3/12 23:15,7375.2
2025/3/12 23:30,7184.4
2025/3/12 23:45,7029.6
2025/3/13 0:00,7284
2025/3/13 0:15,7275.6
2025/3/13 0:30,7149.6
2025/3/13 0:45,7112.4
2025/3/13 1:00,7278
2025/3/13 1:15,7154.4
2025/3/13 1:30,7323.6
2025/3/13 1:45,7327.2
2025/3/13 2:00,7330.8
2025/3/13 2:15,7210.8
2025/3/13 2:30,7276.8
2025/3/13 2:45,7273.2
2025/3/13 3:00,7299.6
2025/3/13 3:15,7213.2
2025/3/13 3:30,7274.4
2025/3/13 3:45,7171.2
2025/3/13 4:00,7144.8
2025/3/13 4:15,7204.8
2025/3/13 4:30,7194
2025/3/13 4:45,7165.2
2025/3/13 5:00,7142.4
2025/3/13 5:15,7092
2025/3/13 5:30,7167.6
2025/3/13 5:45,7161.6
2025/3/13 6:00,7168.8
2025/3/13 6:15,7148.4
2025/3/13 6:30,7203.6
2025/3/13 6:45,7124.4
2025/3/13 7:00,7203.6
2025/3/13 7:15,7220.4
2025/3/13 7:30,7230
2025/3/13 7:45,7321.2
2025/3/13 8:00,7344
2025/3/13 8:15,7384.8
2025/3/13 8:30,7402.8
2025/3/13 8:45,7359.6
2025/3/13 9:00,7309.2
2025/3/13 9:15,7300.8
2025/3/13 9:30,7588.8
2025/3/13 9:45,7546.8
2025/3/13 10:00,7518
2025/3/13 10:15,7635.6
2025/3/13 10:30,7522.8
2025/3/13 10:45,7602
2025/3/13 11:00,7530
2025/3/13 11:15,7531.2
2025/3/13 11:30,7610.4
2025/3/13 11:45,7584
2025/3/13 12:00,7502.4
2025/3/13 12:15,7537.2
2025/3/13 12:30,7552.8
2025/3/13 12:45,7614
2025/3/13 13:00,7614
2025/3/13 13:15,7470
2025/3/13 13:30,7497.6
2025/3/13 13:45,7692
2025/3/13 14:00,7638
2025/3/13 14:15,7675.2
2025/3/13 14:30,7819.2
2025/3/13 14:45,7770
2025/3/13 15:00,7773.6
2025/3/13 15:15,7872
2025/3/13 15:30,7771.2
2025/3/13 15:45,7714.8
2025/3/13 16:00,7783.2
2025/3/13 16:15,7754.4
2025/3/13 16:30,7735.2
2025/3/13 16:45,7766.4
2025/3/13 17:00,7849.2
2025/3/13 17:15,7683.6
2025/3/13 17:30,7546.8
2025/3/13 17:45,7676.4
2025/3/13 18:00,7684.8
2025/3/13 18:15,7764
2025/3/13 18:30,7675.2
2025/3/13 18:45,7720.8
2025/3/13 19:00,7730.4
2025/3/13 19:15,7750.8
2025/3/13 19:30,7723.2
2025/3/13 19:45,7671.6
2025/3/13 20:00,7669.2
2025/3/13 20:15,7758
2025/3/13 20:30,7686
2025/3/13 20:45,7710
2025/3/13 21:00,7741.2
2025/3/13 21:15,7736.4
2025/3/13 21:30,7656
2025/3/13 21:45,7724.4
2025/3/13 22:00,7663.2
2025/3/13 22:15,7720.8
2025/3/13 22:30,7492.8
2025/3/13 22:45,7490.4
2025/3/13 23:00,7598.4
2025/3/13 23:15,7576.8
2025/3/13 23:30,7600.8
2025/3/13 23:45,7609.2
2025/3/14 0:00,7720.8
2025/3/14 0:15,7735.2
2025/3/14 0:30,7724.4
2025/3/14 0:45,7671.6
2025/3/14 1:00,7621.2
2025/3/14 1:15,7645.2
2025/3/14 1:30,7540.8
2025/3/14 1:45,7534.8
2025/3/14 2:00,7539.6
2025/3/14 2:15,7592.4
2025/3/14 2:30,7599.6
2025/3/14 2:45,7582.8
2025/3/14 3:00,7502.4
2025/3/14 3:15,7563.6
2025/3/14 3:30,7590
2025/3/14 3:45,7635.6
2025/3/14 4:00,7597.2
2025/3/14 4:15,7548
2025/3/14 4:30,7513.2
2025/3/14 4:45,7512
2025/3/14 5:00,7540.8
2025/3/14 5:15,7540.8
2025/3/14 5:30,7513.2
2025/3/14 5:45,7465.2
2025/3/14 6:00,7418.4
2025/3/14 6:15,7395.6
2025/3/14 6:30,7418.4
2025/3/14 6:45,7479.6
2025/3/14 7:00,7362
2025/3/14 7:15,7357.2
2025/3/14 7:30,7280.4
2025/3/14 7:45,7219.2
2025/3/14 8:00,7222.8
2025/3/14 8:15,7214.4
2025/3/14 8:30,7245.6
2025/3/14 8:45,7252.8
2025/3/14 9:00,7276.8
2025/3/14 9:15,7251.6
2025/3/14 9:30,7026
2025/3/14 9:45,6897.6
2025/3/14 10:00,6920.4
2025/3/14 10:15,7107.6
2025/3/14 10:30,7112.4
2025/3/14 10:45,7228.8
2025/3/14 11:00,7287.6
2025/3/14 11:15,7047.6
2025/3/14 11:30,7123.2
2025/3/14 11:45,7206
2025/3/14 12:00,7105.2
2025/3/14 12:15,7057.2
2025/3/14 12:30,7015.2
2025/3/14 12:45,6973.2
2025/3/14 13:00,7094.4
2025/3/14 13:15,7220.4
2025/3/14 13:30,7039.2
2025/3/14 13:45,7130.4
2025/3/14 14:00,7087.2
2025/3/14 14:15,7117.2
2025/3/14 14:30,7162.8
2025/3/14 14:45,7186.8
2025/3/14 15:00,7071.6
2025/3/14 15:15,7016.4
2025/3/14 15:30,7130.4
2025/3/14 15:45,7086
2025/3/14 16:00,7113.6
2025/3/14 16:15,7120.8
2025/3/14 16:30,7090.8
2025/3/14 16:45,6960
2025/3/14 17:00,6991.2
2025/3/14 17:15,7011.6
2025/3/14 17:30,6922.8
2025/3/14 17:45,6996
2025/3/14 18:00,7094.4
2025/3/14 18:15,6885.6
2025/3/14 18:30,6854.4
2025/3/14 18:45,6832.8
2025/3/14 19:00,6753.6
2025/3/14 19:15,6654
2025/3/14 19:30,6741.6
2025/3/14 19:45,6853.2
2025/3/14 20:00,6915.6
2025/3/14 20:15,6902.4
2025/3/14 20:30,6963.6
2025/3/14 20:45,7020
2025/3/14 21:00,7167.6
2025/3/14 21:15,6982.8
2025/3/14 21:30,6988.8
2025/3/14 21:45,6894
2025/3/14 22:00,6854.4
2025/3/14 22:15,6922.8
2025/3/14 22:30,6892.8
2025/3/14 22:45,6937.2
2025/3/14 23:00,6856.8
2025/3/14 23:15,6884.4
2025/3/14 23:30,6838.8
2025/3/14 23:45,6763.2
2025/3/15 0:00,6853.2
2025/3/15 0:15,6814.8
2025/3/15 0:30,6874.8
2025/3/15 0:45,6757.2
2025/3/15 1:00,6814.8
2025/3/15 1:15,6771.6
2025/3/15 1:30,6877.2
2025/3/15 1:45,6853.2
2025/3/15 2:00,6901.2
2025/3/15 2:15,6780
2025/3/15 2:30,6816
2025/3/15 2:45,6744
2025/3/15 3:00,6822
2025/3/15 3:15,6877.2
2025/3/15 3:30,6866.4
2025/3/15 3:45,6794.4
2025/3/15 4:00,6862.8
2025/3/15 4:15,6859.2
2025/3/15 4:30,6878.4
2025/3/15 4:45,6771.6
2025/3/15 5:00,6847.2
2025/3/15 5:15,6762
2025/3/15 5:30,6838.8
2025/3/15 5:45,6789.6
2025/3/15 6:00,6823.2
2025/3/15 6:15,6741.6
2025/3/15 6:30,6588
2025/3/15 6:45,6436.8
2025/3/15 7:00,6416.4
2025/3/15 7:15,6438
2025/3/15 7:30,6420
2025/3/15 7:45,6483.6
2025/3/15 8:00,6531.6
2025/3/15 8:15,6438
2025/3/15 8:30,6578.4
2025/3/15 8:45,6460.8
2025/3/15 9:00,6524.4
2025/3/15 9:15,6495.6
2025/3/15 9:30,6528
2025/3/15 9:45,6757.2
2025/3/15 10:00,6744
2025/3/15 10:15,6825.6
2025/3/15 10:30,6880.8
2025/3/15 10:45,6915.6
2025/3/15 11:00,6861.6
2025/3/15 11:15,6966
2025/3/15 11:30,6897.6
2025/3/15 11:45,6921.6
2025/3/15 12:00,6854.4
2025/3/15 12:15,6991.2
2025/3/15 12:30,6895.2
2025/3/15 12:45,6933.6
2025/3/15 13:00,6870
2025/3/15 13:15,6933.6
2025/3/15 13:30,6762
2025/3/15 13:45,6699.6
2025/3/15 14:00,6934.8
2025/3/15 14:15,7006.8
2025/3/15 14:30,7005.6
2025/3/15 14:45,7088.4
2025/3/15 15:00,7082.4
2025/3/15 15:15,6974.4
2025/3/15 15:30,7047.6
2025/3/15 15:45,6984
2025/3/15 16:00,6933.6
2025/3/15 16:15,7086
2025/3/15 16:30,6967.2
2025/3/15 16:45,6921.6
2025/3/15 17:00,6981.6
2025/3/15 17:15,6955.2
2025/3/15 17:30,6901.2
2025/3/15 17:45,6978
2025/3/15 18:00,7047.6
2025/3/15 18:15,7002
2025/3/15 18:30,7048.8
2025/3/15 18:45,6974.4
2025/3/15 19:00,6958.8
2025/3/15 19:15,6946.8
2025/3/15 19:30,6973.2
2025/3/15 19:45,6891.6
2025/3/15 20:00,6928.8
2025/3/15 20:15,6933.6
2025/3/15 20:30,6853.2
2025/3/15 20:45,6949.2
2025/3/15 21:00,6858
2025/3/15 21:15,6908.4
2025/3/15 21:30,6956.4
2025/3/15 21:45,6890.4
2025/3/15 22:00,7047.6
2025/3/15 22:15,7014
2025/3/15 22:30,6922.8
2025/3/15 22:45,6992.4
2025/3/15 23:00,6942
2025/3/15 23:15,6963.6
2025/3/15 23:30,6948
2025/3/15 23:45,6914.4
2025/3/16 0:00,6921.6
2025/3/16 0:15,6832.8
2025/3/16 0:30,6871.2
2025/3/16 0:45,6830.4
2025/3/16 1:00,6824.4
2025/3/16 1:15,6834
2025/3/16 1:30,6880.8
2025/3/16 1:45,6825.6
2025/3/16 2:00,6840
2025/3/16 2:15,6958.8
2025/3/16 2:30,6898.8
2025/3/16 2:45,6949.2
2025/3/16 3:00,6946.8
2025/3/16 3:15,6906
2025/3/16 3:30,6879.6
2025/3/16 3:45,6974.4
2025/3/16 4:00,6939.6
2025/3/16 4:15,7017.6
2025/3/16 4:30,6886.8
2025/3/16 4:45,6882
2025/3/16 5:00,6859.2
2025/3/16 5:15,6834
2025/3/16 5:30,6800.4
2025/3/16 5:45,6772.8
2025/3/16 6:00,6816
2025/3/16 6:15,6778.8
2025/3/16 6:30,6844.8
2025/3/16 6:45,6762
2025/3/16 7:00,6770.4
2025/3/16 7:15,6753.6
2025/3/16 7:30,6792
2025/3/16 7:45,6828
2025/3/16 8:00,6825.6
2025/3/16 8:15,6819.6
2025/3/16 8:30,6782.4
2025/3/16 8:45,6894
2025/3/16 9:00,6837.6
2025/3/16 9:15,6854.4
2025/3/16 9:30,6886.8
2025/3/16 9:45,6837.6
2025/3/16 10:00,6849.6
2025/3/16 10:15,6978
2025/3/16 10:30,7023.6
2025/3/16 10:45,6981.6
2025/3/16 11:00,7033.2
2025/3/16 11:15,7005.6
2025/3/16 11:30,6871.2
2025/3/16 11:45,6835.2
2025/3/16 12:00,6837.6
2025/3/16 12:15,6794.4
2025/3/16 12:30,6828
2025/3/16 12:45,6799.2
2025/3/16 13:00,6759.6
2025/3/16 13:15,6783.6
2025/3/16 13:30,7096.8
2025/3/16 13:45,6883.2
2025/3/16 14:00,6932.4
2025/3/16 14:15,7033.2
2025/3/16 14:30,7039.2
2025/3/16 14:45,7026
2025/3/16 15:00,7008
2025/3/16 15:15,6962.4
2025/3/16 15:30,7021.2
2025/3/16 15:45,6990
2025/3/16 16:00,6951.6
2025/3/16 16:15,7000.8
2025/3/16 16:30,6950.4
2025/3/16 16:45,7040.4
2025/3/16 17:00,6952.8
2025/3/16 17:15,7022.4
2025/3/16 17:30,6895.2
2025/3/16 17:45,6976.8
2025/3/16 18:00,7000.8
2025/3/16 18:15,7068
2025/3/16 18:30,7058.4
2025/3/16 18:45,7054.8
2025/3/16 19:00,7017.6
2025/3/16 19:15,7051.2
2025/3/16 19:30,7092
2025/3/16 19:45,7022.4
2025/3/16 20:00,6991.2
2025/3/16 20:15,7012.8
2025/3/16 20:30,6958.8
2025/3/16 20:45,6990
2025/3/16 21:00,6993.6
2025/3/16 21:15,7002
2025/3/16 21:30,7052.4
2025/3/16 21:45,7070.4
2025/3/16 22:00,7054.8
2025/3/16 22:15,7060.8
2025/3/16 22:30,6879.6
2025/3/16 22:45,6987.6
2025/3/16 23:00,6987.6
2025/3/16 23:15,7046.4
2025/3/16 23:30,6861.6
2025/3/16 23:45,6912
2025/3/17 0:00,6882
2025/3/17 0:15,6916.8
2025/3/17 0:30,6913.2
2025/3/17 0:45,6957.6
2025/3/17 1:00,6987.6
2025/3/17 1:15,6986.4
2025/3/17 1:30,6984
2025/3/17 1:45,6952.8
2025/3/17 2:00,6918
2025/3/17 2:15,6925.2
2025/3/17 2:30,6906
2025/3/17 2:45,6969.6
2025/3/17 3:00,6999.6
2025/3/17 3:15,6960
2025/3/17 3:30,6984
2025/3/17 3:45,6936
2025/3/17 4:00,6879.6
2025/3/17 4:15,6921.6
2025/3/17 4:30,6924
2025/3/17 4:45,6832.8
2025/3/17 5:00,6828
2025/3/17 5:15,6777.6
2025/3/17 5:30,6698.4
2025/3/17 5:45,6708
2025/3/17 6:00,6692.4
2025/3/17 6:15,6700.8
2025/3/17 6:30,6730.8
2025/3/17 6:45,6753.6
2025/3/17 7:00,6722.4
2025/3/17 7:15,6770.4
2025/3/17 7:30,6796.8
2025/3/17 7:45,6829.2
2025/3/17 8:00,6814.8
2025/3/17 8:15,6858
2025/3/17 8:30,6894
2025/3/17 8:45,6838.8
2025/3/17 9:00,6817.2
2025/3/17 9:15,6775.2
2025/3/17 9:30,6823.2
2025/3/17 9:45,6914.4
2025/3/17 10:00,6915.6
2025/3/17 10:15,6842.4
2025/3/17 10:30,6874.8
2025/3/17 10:45,6913.2
2025/3/17 11:00,6921.6
2025/3/17 11:15,6949.2
2025/3/17 11:30,6909.6
2025/3/17 11:45,6842.4
2025/3/17 12:00,6817.2
2025/3/17 12:15,6876
2025/3/17 12:30,6884.4
2025/3/17 12:45,6915.6
2025/3/17 13:00,6862.8
2025/3/17 13:15,6847.2
2025/3/17 13:30,6915.6
2025/3/17 13:45,6834
2025/3/17 14:00,6970.8
2025/3/17 14:15,6955.2
2025/3/17 14:30,6900
2025/3/17 14:45,6837.6
2025/3/17 15:00,6945.6
2025/3/17 15:15,6802.8
2025/3/17 15:30,6846
2025/3/17 15:45,6890.4
2025/3/17 16:00,6840
2025/3/17 16:15,6868.8
2025/3/17 16:30,6862.8
2025/3/17 16:45,6888
2025/3/17 17:00,6805.2
2025/3/17 17:15,6852
2025/3/17 17:30,6810
2025/3/17 17:45,6836.4
2025/3/17 18:00,6655.2
2025/3/17 18:15,6872.4
2025/3/17 18:30,6840
2025/3/17 18:45,6897.6
2025/3/17 19:00,6896.4
2025/3/17 19:15,6876
2025/3/17 19:30,6858
2025/3/17 19:45,6860.4
2025/3/17 20:00,6930
2025/3/17 20:15,6850.8
2025/3/17 20:30,6772.8
2025/3/17 20:45,6867.6
2025/3/17 21:00,6862.8
2025/3/17 21:15,6804
2025/3/17 21:30,6820.8
2025/3/17 21:45,6777.6
2025/3/17 22:00,6792
2025/3/17 22:15,6784.8
2025/3/17 22:30,6856.8
2025/3/17 22:45,6877.2
2025/3/17 23:00,6858
2025/3/17 23:15,6880.8
2025/3/17 23:30,6862.8
2025/3/17 23:45,6846
2025/3/18 0:00,6837.6
2025/3/18 0:15,6916.8
2025/3/18 0:30,6854.4
2025/3/18 0:45,6981.6
2025/3/18 1:00,6878.4
2025/3/18 1:15,6865.2
2025/3/18 1:30,6900
2025/3/18 1:45,6849.6
2025/3/18 2:00,6874.8
2025/3/18 2:15,6828
2025/3/18 2:30,6852
2025/3/18 2:45,6871.2
2025/3/18 3:00,6843.6
2025/3/18 3:15,6914.4
2025/3/18 3:30,6930
2025/3/18 3:45,6908.4
2025/3/18 4:00,6928.8
2025/3/18 4:15,6919.2
2025/3/18 4:30,6910.8
2025/3/18 4:45,6859.2
2025/3/18 5:00,6940.8
2025/3/18 5:15,6817.2
2025/3/18 5:30,6865.2
2025/3/18 5:45,6816
2025/3/18 6:00,6858
2025/3/18 6:15,6864
2025/3/18 6:30,6790.8
2025/3/18 6:45,6804
2025/3/18 7:00,6795.6
2025/3/18 7:15,6780
2025/3/18 7:30,6842.4
2025/3/18 7:45,6806.4
2025/3/18 8:00,6867.6
2025/3/18 8:15,6888
2025/3/18 8:30,6859.2
2025/3/18 8:45,6980.4
2025/3/18 9:00,6898.8
2025/3/18 9:15,6918
2025/3/18 9:30,6994.8
2025/3/18 9:45,7002
2025/3/18 10:00,6901.2
2025/3/18 10:15,6978
2025/3/18 10:30,6992.4
2025/3/18 10:45,6948
2025/3/18 11:00,6925.2
2025/3/18 11:15,6969.6
2025/3/18 11:30,6981.6
2025/3/18 11:45,7089.6
2025/3/18 12:00,6974.4
2025/3/18 12:15,6963.6
2025/3/18 12:30,6860.4
2025/3/18 12:45,6932.4
2025/3/18 13:00,7048.8
2025/3/18 13:15,6910.8
2025/3/18 13:30,6946.8
2025/3/18 13:45,7086
2025/3/18 14:00,7168.8
2025/3/18 14:15,7095.6
2025/3/18 14:30,7072.8
2025/3/18 14:45,7107.6
2025/3/18 15:00,7020
2025/3/18 15:15,7074
2025/3/18 15:30,7052.4
2025/3/18 15:45,6960
2025/3/18 16:00,7004.4
2025/3/18 16:15,7060.8
2025/3/18 16:30,7020
2025/3/18 16:45,7080
2025/3/18 17:00,7006.8
2025/3/18 17:15,6914.4
2025/3/18 17:30,6946.8
2025/3/18 17:45,7021.2
2025/3/18 18:00,7000.8
2025/3/18 18:15,6783.6
2025/3/18 18:30,6776.4
2025/3/18 18:45,6861.6
2025/3/18 19:00,6868.8
2025/3/18 19:15,6975.6
2025/3/18 19:30,6955.2
2025/3/18 19:45,6972
2025/3/18 20:00,6969.6
2025/3/18 20:15,6949.2
2025/3/18 20:30,6859.2
2025/3/18 20:45,6904.8
2025/3/18 21:00,6956.4
2025/3/18 21:15,7000.8
2025/3/18 21:30,7039.2
2025/3/18 21:45,7051.2
2025/3/18 22:00,7064.4
2025/3/18 22:15,7093.2
2025/3/18 22:30,7033.2
2025/3/18 22:45,6998.4
2025/3/18 23:00,7041.6
2025/3/18 23:15,7021.2
2025/3/18 23:30,7002
2025/3/18 23:45,6891.6
2025/3/19 0:00,7026
2025/3/19 0:15,6986.4
2025/3/19 0:30,6985.2
2025/3/19 0:45,6903.6
2025/3/19 1:00,6921.6
2025/3/19 1:15,6888
2025/3/19 1:30,6846
2025/3/19 1:45,6789.6
2025/3/19 2:00,6896.4
2025/3/19 2:15,6832.8
2025/3/19 2:30,6860.4
2025/3/19 2:45,6874.8
2025/3/19 3:00,6812.4
2025/3/19 3:15,6836.4
2025/3/19 3:30,6810
2025/3/19 3:45,6823.2
2025/3/19 4:00,6820.8
2025/3/19 4:15,6768
2025/3/19 4:30,6802.8
2025/3/19 4:45,6818.4
2025/3/19 5:00,6861.6
2025/3/19 5:15,6854.4
2025/3/19 5:30,6801.6
2025/3/19 5:45,6783.6
2025/3/19 6:00,6769.2
2025/3/19 6:15,6825.6
2025/3/19 6:30,6841.2
2025/3/19 6:45,6831.6
2025/3/19 7:00,6800.4
2025/3/19 7:15,6882
2025/3/19 7:30,6862.8
2025/3/19 7:45,6908.4
2025/3/19 8:00,6908.4
2025/3/19 8:15,7011.6
2025/3/19 8:30,7006.8
2025/3/19 8:45,7015.2
2025/3/19 9:00,7010.4
2025/3/19 9:15,6966
2025/3/19 9:30,7022.4
2025/3/19 9:45,7110
2025/3/19 10:00,7056
2025/3/19 10:15,6865.2
2025/3/19 10:30,6759.6
2025/3/19 10:45,6931.2
2025/3/19 11:00,7046.4
2025/3/19 11:15,6967.2
2025/3/19 11:30,6994.8
2025/3/19 11:45,6796.8
2025/3/19 12:00,7034.4
2025/3/19 12:15,6986.4
2025/3/19 12:30,6928.8
2025/3/19 12:45,6861.6
2025/3/19 13:00,6919.2
2025/3/19 13:15,7048.8
2025/3/19 13:30,6952.8
2025/3/19 13:45,6961.2
2025/3/19 14:00,7039.2
2025/3/19 14:15,6861.6
2025/3/19 14:30,7016.4
2025/3/19 14:45,6922.8
2025/3/19 15:00,6996
2025/3/19 15:15,6956.4
2025/3/19 15:30,6810
2025/3/19 15:45,6964.8
2025/3/19 16:00,6901.2
2025/3/19 16:15,6855.6
2025/3/19 16:30,7003.2
2025/3/19 16:45,6966
2025/3/19 17:00,6967.2
2025/3/19 17:15,7084.8
2025/3/19 17:30,7116
2025/3/19 17:45,6796.8
2025/3/19 18:00,6885.6
2025/3/19 18:15,6901.2
2025/3/19 18:30,7081.2
2025/3/19 18:45,6999.6
2025/3/19 19:00,6985.2
2025/3/19 19:15,6762
2025/3/19 19:30,6918
2025/3/19 19:45,6948
2025/3/19 20:00,6945.6
2025/3/19 20:15,6776.4
2025/3/19 20:30,6945.6
2025/3/19 20:45,6948
2025/3/19 21:00,6835.2
2025/3/19 21:15,6763.2
2025/3/19 21:30,6822
2025/3/19 21:45,6812.4
2025/3/19 22:00,6854.4
2025/3/19 22:15,6849.6
2025/3/19 22:30,6822
2025/3/19 22:45,6830.4
2025/3/19 23:00,6778.8
2025/3/19 23:15,6756
2025/3/19 23:30,6836.4
2025/3/19 23:45,6688.8
2025/3/20 0:00,6757.2
2025/3/20 0:15,6853.2
2025/3/20 0:30,6706.8
2025/3/20 0:45,6776.4
2025/3/20 1:00,6950.4
2025/3/20 1:15,6943.2
2025/3/20 1:30,6856.8
2025/3/20 1:45,6982.8
2025/3/20 2:00,6932.4
2025/3/20 2:15,6946.8
2025/3/20 2:30,6912
2025/3/20 2:45,6901.2
2025/3/20 3:00,6979.2
2025/3/20 3:15,6969.6
2025/3/20 3:30,6836.4
2025/3/20 3:45,6943.2
2025/3/20 4:00,6964.8
2025/3/20 4:15,6955.2
2025/3/20 4:30,6903.6
2025/3/20 4:45,6907.2
2025/3/20 5:00,6938.4
2025/3/20 5:15,6909.6
2025/3/20 5:30,6843.6
2025/3/20 5:45,6705.6
2025/3/20 6:00,6832.8
2025/3/20 6:15,6884.4
2025/3/20 6:30,6907.2
2025/3/20 6:45,6824.4
2025/3/20 7:00,6772.8
2025/3/20 7:15,6735.6
2025/3/20 7:30,6745.2
2025/3/20 7:45,6879.6
2025/3/20 8:00,6968.4
2025/3/20 8:15,6909.6
2025/3/20 8:30,6878.4
2025/3/20 8:45,6889.2
2025/3/20 9:00,6985.2
2025/3/20 9:15,6955.2
2025/3/20 9:30,6994.8
2025/3/20 9:45,7030.8
2025/3/20 10:00,6936
2025/3/20 10:15,6981.6
2025/3/20 10:30,7162.8
2025/3/20 10:45,7090.8
2025/3/20 11:00,7026
2025/3/20 11:15,7344
2025/3/20 11:30,7279.2
2025/3/20 11:45,7255.2
2025/3/20 12:00,7096.8
2025/3/20 12:15,7276.8
2025/3/20 12:30,7256.4
2025/3/20 12:45,7227.6
2025/3/20 13:00,7108.8
2025/3/20 13:15,7231.2
2025/3/20 13:30,7182
2025/3/20 13:45,7190.4
2025/3/20 14:00,7180.8
2025/3/20 14:15,7219.2
2025/3/20 14:30,7234.8
2025/3/20 14:45,7161.6
2025/3/20 15:00,7260
2025/3/20 15:15,7294.8
2025/3/20 15:30,7256.4
2025/3/20 15:45,7250.4
2025/3/20 16:00,7077.6
2025/3/20 16:15,7255.2
2025/3/20 16:30,7251.6
2025/3/20 16:45,7044
2025/3/20 17:00,7060.8
2025/3/20 17:15,7190.4
2025/3/20 17:30,7246.8
2025/3/20 17:45,7203.6
2025/3/20 18:00,7304.4
2025/3/20 18:15,7196.4
2025/3/20 18:30,7153.2
2025/3/20 18:45,7212
2025/3/20 19:00,7148.4
2025/3/20 19:15,7134
2025/3/20 19:30,6979.2
2025/3/20 19:45,7009.2
2025/3/20 20:00,7207.2
2025/3/20 20:15,7125.6
2025/3/20 20:30,6908.4
2025/3/20 20:45,7257.6
2025/3/20 21:00,7178.4
2025/3/20 21:15,7154.4
2025/3/20 21:30,6968.4
2025/3/20 21:45,7120.8
2025/3/20 22:00,7195.2
2025/3/20 22:15,6886.8
2025/3/20 22:30,7138.8
2025/3/20 22:45,7029.6
2025/3/20 23:00,7021.2
2025/3/20 23:15,6914.4
2025/3/20 23:30,6980.4
2025/3/20 23:45,6996
2025/3/21 0:00,6960
2025/3/21 0:15,6980.4
2025/3/21 0:30,7028.4
2025/3/21 0:45,6997.2
2025/3/21 1:00,7080
2025/3/21 1:15,7009.2
2025/3/21 1:30,7046.4
2025/3/21 1:45,7063.2
2025/3/21 2:00,6890.4
2025/3/21 2:15,6883.2
2025/3/21 2:30,6921.6
2025/3/21 2:45,6837.6
2025/3/21 3:00,6854.4
2025/3/21 3:15,6949.2
2025/3/21 3:30,7000.8
2025/3/21 3:45,6945.6
2025/3/21 4:00,6932.4
2025/3/21 4:15,6968.4
2025/3/21 4:30,6908.4
2025/3/21 4:45,6938.4
2025/3/21 5:00,6892.8
2025/3/21 5:15,6714
2025/3/21 5:30,6832.8
2025/3/21 5:45,6841.2
2025/3/21 6:00,6817.2
2025/3/21 6:15,6856.8
2025/3/21 6:30,6865.2
2025/3/21 6:45,6751.2
2025/3/21 7:00,6794.4
2025/3/21 7:15,6835.2
2025/3/21 7:30,6835.2
2025/3/21 7:45,6609.6
2025/3/21 8:00,6577.2
2025/3/21 8:15,6612
2025/3/21 8:30,6530.4
2025/3/21 8:45,6679.2
2025/3/21 9:00,6770.4
2025/3/21 9:15,6891.6
2025/3/21 9:30,6945.6
2025/3/21 9:45,6927.6
2025/3/21 10:00,6934.8
2025/3/21 10:15,6954
2025/3/21 10:30,7122
2025/3/21 10:45,7112.4
2025/3/21 11:00,7077.6
2025/3/21 11:15,7024.8
2025/3/21 11:30,7026
2025/3/21 11:45,7017.6
2025/3/21 12:00,7087.2
2025/3/21 12:15,7010.4
2025/3/21 12:30,7051.2
2025/3/21 12:45,7108.8
2025/3/21 13:00,6986.4
2025/3/21 13:15,7045.2
2025/3/21 13:30,7083.6
2025/3/21 13:45,6987.6
2025/3/21 14:00,6836.4
2025/3/21 14:15,6949.2
2025/3/21 14:30,7112.4
2025/3/21 14:45,7164
2025/3/21 15:00,7136.4
2025/3/21 15:15,7146
2025/3/21 15:30,7117.2
2025/3/21 15:45,7076.4
2025/3/21 16:00,7122
2025/3/21 16:15,6987.6
2025/3/21 16:30,6957.6
2025/3/21 16:45,6945.6
2025/3/21 17:00,7003.2
2025/3/21 17:15,6957.6
2025/3/21 17:30,6950.4
2025/3/21 17:45,6900
2025/3/21 18:00,6960
2025/3/21 18:15,6939.6
2025/3/21 18:30,6964.8
2025/3/21 18:45,6970.8
2025/3/21 19:00,6990
2025/3/21 19:15,6999.6
2025/3/21 19:30,6973.2
2025/3/21 19:45,6910.8
2025/3/21 20:00,7002
2025/3/21 20:15,6909.6
2025/3/21 20:30,6946.8
2025/3/21 20:45,6958.8
2025/3/21 21:00,6956.4
2025/3/21 21:15,7003.2
2025/3/21 21:30,6913.2
2025/3/21 21:45,6967.2
2025/3/21 22:00,6901.2
2025/3/21 22:15,6962.4
2025/3/21 22:30,6873.6
2025/3/21 22:45,6994.8
2025/3/21 23:00,6853.2
2025/3/21 23:15,6943.2
2025/3/21 23:30,6896.4
2025/3/21 23:45,6698.4
2025/3/22 0:00,6910.8
2025/3/22 0:15,6957.6
2025/3/22 0:30,6888
2025/3/22 0:45,6891.6
2025/3/22 1:00,6822
2025/3/22 1:15,6882
2025/3/22 1:30,6800.4
2025/3/22 1:45,6891.6
2025/3/22 2:00,6944.4
2025/3/22 2:15,6854.4
2025/3/22 2:30,6735.6
2025/3/22 2:45,6903.6
2025/3/22 3:00,6933.6
2025/3/22 3:15,7009.2
2025/3/22 3:30,6906
2025/3/22 3:45,6883.2
2025/3/22 4:00,6912
2025/3/22 4:15,6856.8
2025/3/22 4:30,6951.6
2025/3/22 4:45,6849.6
2025/3/22 5:00,6925.2
2025/3/22 5:15,6772.8
2025/3/22 5:30,7023.6
2025/3/22 5:45,6822
2025/3/22 6:00,6808.8
2025/3/22 6:15,6877.2
2025/3/22 6:30,6944.4
2025/3/22 6:45,6992.4
2025/3/22 7:00,6776.4
2025/3/22 7:15,6883.2
2025/3/22 7:30,6889.2
2025/3/22 7:45,6920.4
2025/3/22 8:00,6870
2025/3/22 8:15,6950.4
2025/3/22 8:30,7047.6
2025/3/22 8:45,7065.6
2025/3/22 9:00,6976.8
2025/3/22 9:15,7024.8
2025/3/22 9:30,6991.2
2025/3/22 9:45,7017.6
2025/3/22 10:00,6890.4
2025/3/22 10:15,7024.8
2025/3/22 10:30,7219.2
2025/3/22 10:45,7053.6
2025/3/22 11:00,7149.6
2025/3/22 11:15,7119.6
2025/3/22 11:30,7197.6
2025/3/22 11:45,7150.8
2025/3/22 12:00,7147.2
2025/3/22 12:15,7162.8
2025/3/22 12:30,7051.2
2025/3/22 12:45,7134
2025/3/22 13:00,7179.6
2025/3/22 13:15,7134
2025/3/22 13:30,7089.6
2025/3/22 13:45,7149.6
2025/3/22 14:00,7045.2
2025/3/22 14:15,7160.4
2025/3/22 14:30,7165.2
2025/3/22 14:45,7191.6
2025/3/22 15:00,7174.8
2025/3/22 15:15,7035.6
2025/3/22 15:30,7140
2025/3/22 15:45,7141.2
2025/3/22 16:00,7196.4
2025/3/22 16:15,7066.8
2025/3/22 16:30,7143.6
2025/3/22 16:45,7177.2
2025/3/22 17:00,7166.4
2025/3/22 17:15,7126.8
2025/3/22 17:30,7164
2025/3/22 17:45,7150.8
2025/3/22 18:00,7146
2025/3/22 18:15,7074
2025/3/22 18:30,7099.2
2025/3/22 18:45,7083.6
2025/3/22 19:00,6957.6
2025/3/22 19:15,7089.6
2025/3/22 19:30,7081.2
2025/3/22 19:45,7317.6
2025/3/22 20:00,7159.2
2025/3/22 20:15,7195.2
2025/3/22 20:30,7093.2
2025/3/22 20:45,7099.2
2025/3/22 21:00,6988.8
2025/3/22 21:15,7042.8
2025/3/22 21:30,7072.8
2025/3/22 21:45,6999.6
2025/3/22 22:00,7032
2025/3/22 22:15,7147.2
2025/3/22 22:30,7114.8
2025/3/22 22:45,7023.6
2025/3/22 23:00,7053.6
2025/3/22 23:15,7040.4
2025/3/22 23:30,7080
2025/3/22 23:45,6950.4
2025/3/23 0:00,6948
2025/3/23 0:15,7035.6
2025/3/23 0:30,7052.4
2025/3/23 0:45,7063.2
2025/3/23 1:00,7059.6
2025/3/23 1:15,7012.8
2025/3/23 1:30,7038
2025/3/23 1:45,7047.6
2025/3/23 2:00,7006.8
2025/3/23 2:15,6990
2025/3/23 2:30,6996
2025/3/23 2:45,6904.8
2025/3/23 3:00,6991.2
2025/3/23 3:15,7017.6
2025/3/23 3:30,6948
2025/3/23 3:45,6992.4
2025/3/23 4:00,6964.8
2025/3/23 4:15,6964.8
2025/3/23 4:30,6832.8
2025/3/23 4:45,6795.6
2025/3/23 5:00,6792
2025/3/23 5:15,6817.2
2025/3/23 5:30,6756
2025/3/23 5:45,6741.6
2025/3/23 6:00,6780
2025/3/23 6:15,6754.8
2025/3/23 6:30,6745.2
2025/3/23 6:45,6768
2025/3/23 7:00,6753.6
2025/3/23 7:15,6640.8
2025/3/23 7:30,6759.6
2025/3/23 7:45,6747.6
2025/3/23 8:00,6709.2
2025/3/23 8:15,6634.8
2025/3/23 8:30,6748.8
2025/3/23 8:45,6787.2
2025/3/23 9:00,6808.8
2025/3/23 9:15,6716.4
2025/3/23 9:30,6688.8
2025/3/23 9:45,6723.6
2025/3/23 10:00,6706.8
2025/3/23 10:15,6670.8
2025/3/23 10:30,6720
2025/3/23 10:45,6704.4
2025/3/23 11:00,6687.6
2025/3/23 11:15,6717.6
2025/3/23 11:30,6799.2
2025/3/23 11:45,6870
2025/3/23 12:00,6771.6
2025/3/23 12:15,6926.4
2025/3/23 12:30,6856.8
2025/3/23 12:45,7101.6
2025/3/23 13:00,7082.4
2025/3/23 13:15,7102.8
2025/3/23 13:30,6982.8
2025/3/23 13:45,7092
2025/3/23 14:00,7017.6
2025/3/23 14:15,7030.8
2025/3/23 14:30,6865.2
2025/3/23 14:45,7006.8
2025/3/23 15:00,7128
2025/3/23 15:15,7131.6
2025/3/23 15:30,6921.6
2025/3/23 15:45,6939.6
2025/3/23 16:00,6830.4
2025/3/23 16:15,6834
2025/3/23 16:30,7045.2
2025/3/23 16:45,6939.6
2025/3/23 17:00,7088.4
2025/3/23 17:15,7066.8
2025/3/23 17:30,6849.6
2025/3/23 17:45,6888
2025/3/23 18:00,6940.8
2025/3/23 18:15,7011.6
2025/3/23 18:30,7054.8
2025/3/23 18:45,7076.4
2025/3/23 19:00,7046.4
2025/3/23 19:15,6936
2025/3/23 19:30,6990
2025/3/23 19:45,6985.2
2025/3/23 20:00,7083.6
2025/3/23 20:15,6988.8
2025/3/23 20:30,7086
2025/3/23 20:45,7066.8
2025/3/23 21:00,6993.6
2025/3/23 21:15,7077.6
2025/3/23 21:30,7029.6
2025/3/23 21:45,7015.2
2025/3/23 22:00,6951.6
2025/3/23 22:15,7032
2025/3/23 22:30,7048.8
2025/3/23 22:45,7044
2025/3/23 23:00,6840
2025/3/23 23:15,6751.2
2025/3/23 23:30,6697.2
2025/3/23 23:45,6692.4
2025/3/24 0:00,6775.2
2025/3/24 0:15,6813.6
2025/3/24 0:30,6853.2
2025/3/24 0:45,6802.8
2025/3/24 1:00,6873.6
2025/3/24 1:15,6787.2
2025/3/24 1:30,6870
2025/3/24 1:45,6838.8
2025/3/24 2:00,6842.4
2025/3/24 2:15,6824.4
2025/3/24 2:30,6883.2
2025/3/24 2:45,6871.2
2025/3/24 3:00,6825.6
2025/3/24 3:15,6859.2
2025/3/24 3:30,6878.4
2025/3/24 3:45,6854.4
2025/3/24 4:00,6790.8
2025/3/24 4:15,6877.2
2025/3/24 4:30,6795.6
2025/3/24 4:45,6834
2025/3/24 5:00,6856.8
2025/3/24 5:15,6870
2025/3/24 5:30,6699.6
2025/3/24 5:45,6776.4
2025/3/24 6:00,6765.6
2025/3/24 6:15,6836.4
2025/3/24 6:30,6730.8
2025/3/24 6:45,6808.8
2025/3/24 7:00,6770.4
2025/3/24 7:15,6718.8
2025/3/24 7:30,6784.8
2025/3/24 7:45,6740.4
2025/3/24 8:00,6828
2025/3/24 8:15,6831.6
2025/3/24 8:30,6876
2025/3/24 8:45,6787.2
2025/3/24 9:00,6925.2
2025/3/24 9:15,6830.4
2025/3/24 9:30,6818.4
2025/3/24 9:45,6762
2025/3/24 10:00,6898.8
2025/3/24 10:15,6894
2025/3/24 10:30,6950.4
2025/3/24 10:45,6937.2
2025/3/24 11:00,6889.2
2025/3/24 11:15,6955.2
2025/3/24 11:30,6936
2025/3/24 11:45,6920.4
2025/3/24 12:00,6841.2
2025/3/24 12:15,6864
2025/3/24 12:30,6930
2025/3/24 12:45,6927.6
2025/3/24 13:00,6967.2
2025/3/24 13:15,6808.8
2025/3/24 13:30,6928.8
2025/3/24 13:45,6967.2
2025/3/24 14:00,6968.4
2025/3/24 14:15,6891.6
2025/3/24 14:30,6866.4
2025/3/24 14:45,6931.2
2025/3/24 15:00,6976.8
2025/3/24 15:15,6816
2025/3/24 15:30,6880.8
2025/3/24 15:45,6914.4
2025/3/24 16:00,6898.8
2025/3/24 16:15,6925.2
2025/3/24 16:30,6930
2025/3/24 16:45,6957.6
2025/3/24 17:00,6942
2025/3/24 17:15,6940.8
2025/3/24 17:30,6934.8
2025/3/24 17:45,6853.2
2025/3/24 18:00,6954
2025/3/24 18:15,6939.6
2025/3/24 18:30,6910.8
2025/3/24 18:45,6846
2025/3/24 19:00,6952.8
2025/3/24 19:15,6986.4
2025/3/24 19:30,6991.2
2025/3/24 19:45,7050
2025/3/24 20:00,6984
2025/3/24 20:15,6974.4
2025/3/24 20:30,6928.8
2025/3/24 20:45,6961.2
2025/3/24 21:00,6843.6
2025/3/24 21:15,6883.2
2025/3/24 21:30,6912
2025/3/24 21:45,6864
2025/3/24 22:00,6841.2
2025/3/24 22:15,6895.2
2025/3/24 22:30,6949.2
2025/3/24 22:45,6960
2025/3/24 23:00,6930
2025/3/24 23:15,6874.8
2025/3/24 23:30,6840
2025/3/24 23:45,6793.2
2025/3/25 0:00,6801.6
2025/3/25 0:15,6856.8
2025/3/25 0:30,6854.4
2025/3/25 0:45,6970.8
2025/3/25 1:00,6937.2
2025/3/25 1:15,6910.8
2025/3/25 1:30,6915.6
2025/3/25 1:45,6981.6
2025/3/25 2:00,6938.4
2025/3/25 2:15,6907.2
2025/3/25 2:30,6840
2025/3/25 2:45,6892.8
2025/3/25 3:00,6867.6
2025/3/25 3:15,6922.8
2025/3/25 3:30,6741.6
2025/3/25 3:45,6832.8
2025/3/25 4:00,6906
2025/3/25 4:15,6931.2
2025/3/25 4:30,6936
2025/3/25 4:45,6920.4
2025/3/25 5:00,6937.2
2025/3/25 5:15,6892.8
2025/3/25 5:30,6898.8
2025/3/25 5:45,6897.6
2025/3/25 6:00,6928.8
2025/3/25 6:15,6946.8
2025/3/25 6:30,6937.2
2025/3/25 6:45,6902.4
2025/3/25 7:00,6985.2
2025/3/25 7:15,6949.2
2025/3/25 7:30,6979.2
2025/3/25 7:45,6957.6
2025/3/25 8:00,6894
2025/3/25 8:15,6982.8
2025/3/25 8:30,7020
2025/3/25 8:45,6993.6
2025/3/25 9:00,7045.2
2025/3/25 9:15,7038
2025/3/25 9:30,7116
2025/3/25 9:45,7029.6
2025/3/25 10:00,7215.6
2025/3/25 10:15,6907.2
2025/3/25 10:30,7002
2025/3/25 10:45,7011.6
2025/3/25 11:00,7039.2
2025/3/25 11:15,7147.2
2025/3/25 11:30,7154.4
2025/3/25 11:45,7137.6
2025/3/25 12:00,7048.8
2025/3/25 12:15,7028.4
2025/3/25 12:30,6992.4
2025/3/25 12:45,7066.8
2025/3/25 13:00,7023.6
2025/3/25 13:15,7057.2
2025/3/25 13:30,7064.4
2025/3/25 13:45,7148.4
2025/3/25 14:00,7185.6
2025/3/25 14:15,7184.4
2025/3/25 14:30,7228.8
2025/3/25 14:45,7240.8
2025/3/25 15:00,7183.2
2025/3/25 15:15,7330.8
2025/3/25 15:30,7417.2
2025/3/25 15:45,7310.4
2025/3/25 16:00,7302
2025/3/25 16:15,7323.6
2025/3/25 16:30,7256.4
2025/3/25 16:45,7245.6
2025/3/25 17:00,7351.2
2025/3/25 17:15,7432.8
2025/3/25 17:30,7336.8
2025/3/25 17:45,7287.6
2025/3/25 18:00,7390.8
2025/3/25 18:15,7392
2025/3/25 18:30,7364.4
2025/3/25 18:45,7417.2
2025/3/25 19:00,7191.6
2025/3/25 19:15,7212
2025/3/25 19:30,7342.8
2025/3/25 19:45,7322.4
2025/3/25 20:00,7428
2025/3/25 20:15,7345.2
2025/3/25 20:30,7336.8
2025/3/25 20:45,7279.2
2025/3/25 21:00,7225.2
2025/3/25 21:15,7233.6
2025/3/25 21:30,7261.2
2025/3/25 21:45,7244.4
2025/3/25 22:00,7239.6
2025/3/25 22:15,7264.8
2025/3/25 22:30,7251.6
2025/3/25 22:45,7237.2
2025/3/25 23:00,7195.2
2025/3/25 23:15,7192.8
2025/3/25 23:30,7172.4
2025/3/25 23:45,7147.2
2025/3/26 0:00,7141.2
2025/3/26 0:15,7144.8
2025/3/26 0:30,7124.4
2025/3/26 0:45,7201.2
2025/3/26 1:00,7111.2
2025/3/26 1:15,7081.2
2025/3/26 1:30,7108.8
2025/3/26 1:45,7114.8
2025/3/26 2:00,7140
2025/3/26 2:15,7110
2025/3/26 2:30,7034.4
2025/3/26 2:45,7063.2
2025/3/26 3:00,7039.2
2025/3/26 3:15,7078.8
2025/3/26 3:30,7172.4
2025/3/26 3:45,7136.4
2025/3/26 4:00,7311.6
2025/3/26 4:15,7100.4
2025/3/26 4:30,7041.6
2025/3/26 4:45,7070.4
2025/3/26 5:00,6957.6
2025/3/26 5:15,6996
2025/3/26 5:30,6990
2025/3/26 5:45,6897.6
2025/3/26 6:00,6964.8
2025/3/26 6:15,6920.4
2025/3/26 6:30,6973.2
2025/3/26 6:45,6981.6
2025/3/26 7:00,6976.8
2025/3/26 7:15,6984
2025/3/26 7:30,6910.8
2025/3/26 7:45,6970.8
2025/3/26 8:00,6957.6
2025/3/26 8:15,6985.2
2025/3/26 8:30,7010.4
2025/3/26 8:45,7146
2025/3/26 9:00,7263.6
2025/3/26 9:15,7255.2
2025/3/26 9:30,7208.4
2025/3/26 9:45,7262.4
2025/3/26 10:00,7413.6
2025/3/26 10:15,7323.6
2025/3/26 10:30,7293.6
2025/3/26 10:45,7408.8
2025/3/26 11:00,7443.6
2025/3/26 11:15,7564.8
2025/3/26 11:30,7460.4
2025/3/26 11:45,7460.4
2025/3/26 12:00,7530
2025/3/26 12:15,7519.2
2025/3/26 12:30,7494
2025/3/26 12:45,7501.2
2025/3/26 13:00,7363.2
2025/3/26 13:15,7479.6
2025/3/26 13:30,7575.6
2025/3/26 13:45,7388.4
2025/3/26 14:00,7474.8
2025/3/26 14:15,7490.4
2025/3/26 14:30,7512
2025/3/26 14:45,7562.4
2025/3/26 15:00,7507.2
2025/3/26 15:15,7464
2025/3/26 15:30,7537.2
2025/3/26 15:45,7479.6
2025/3/26 16:00,7566
2025/3/26 16:15,7520.4
2025/3/26 16:30,7316.4
2025/3/26 16:45,7454.4
2025/3/26 17:00,7440
2025/3/26 17:15,7554
2025/3/26 17:30,7567.2
2025/3/26 17:45,7491.6
2025/3/26 18:00,7682.4
2025/3/26 18:15,7557.6
2025/3/26 18:30,7387.2
2025/3/26 18:45,7408.8
2025/3/26 19:00,7489.2
2025/3/26 19:15,7311.6
2025/3/26 19:30,7333.2
2025/3/26 19:45,7245.6
2025/3/26 20:00,7314
2025/3/26 20:15,7408.8
2025/3/26 20:30,7366.8
2025/3/26 20:45,7531.2
2025/3/26 21:00,7369.2
2025/3/26 21:15,7492.8
2025/3/26 21:30,7465.2
2025/3/26 21:45,7413.6
2025/3/26 22:00,7477.2
2025/3/26 22:15,7484.4
2025/3/26 22:30,7462.8
2025/3/26 22:45,7410
2025/3/26 23:00,7378.8
2025/3/26 23:15,7383.6
2025/3/26 23:30,7380
2025/3/26 23:45,7371.6
2025/3/27 0:00,7360.8
2025/3/27 0:15,7440
2025/3/27 0:30,7375.2
2025/3/27 0:45,7430.4
2025/3/27 1:00,7388.4
2025/3/27 1:15,7413.6
2025/3/27 1:30,7378.8
2025/3/27 1:45,7284
2025/3/27 2:00,7360.8
2025/3/27 2:15,7189.2
2025/3/27 2:30,7328.4
2025/3/27 2:45,7232.4
2025/3/27 3:00,7243.2
2025/3/27 3:15,7293.6
2025/3/27 3:30,7339.2
2025/3/27 3:45,7381.2
2025/3/27 4:00,7341.6
2025/3/27 4:15,7344
2025/3/27 4:30,7292.4
2025/3/27 4:45,7286.4
2025/3/27 5:00,7254
2025/3/27 5:15,7309.2
2025/3/27 5:30,7320
2025/3/27 5:45,7360.8
2025/3/27 6:00,7330.8
2025/3/27 6:15,7504.8
2025/3/27 6:30,7365.6
2025/3/27 6:45,7302
2025/3/27 7:00,7302
2025/3/27 7:15,7333.2
2025/3/27 7:30,7260
2025/3/27 7:45,7250.4
2025/3/27 8:00,7335.6
2025/3/27 8:15,7306.8
2025/3/27 8:30,7324.8
2025/3/27 8:45,7309.2
2025/3/27 9:00,7359.6
2025/3/27 9:15,7370.4
2025/3/27 9:30,7420.8
2025/3/27 9:45,7408.8
2025/3/27 10:00,7446
2025/3/27 10:15,7542
2025/3/27 10:30,7533.6
2025/3/27 10:45,7288.8
2025/3/27 11:00,7375.2
2025/3/27 11:15,7471.2
2025/3/27 11:30,7483.2
2025/3/27 11:45,7401.6
2025/3/27 12:00,7436.4
2025/3/27 12:15,7492.8
2025/3/27 12:30,7573.2
2025/3/27 12:45,7566
2025/3/27 13:00,7558.8
2025/3/27 13:15,7483.2
2025/3/27 13:30,7426.8
2025/3/27 13:45,7387.2
2025/3/27 14:00,7465.2
2025/3/27 14:15,7431.6
2025/3/27 14:30,7498.8
2025/3/27 14:45,7671.6
2025/3/27 15:00,7629.6
2025/3/27 15:15,7557.6
2025/3/27 15:30,7599.6
2025/3/27 15:45,7566
2025/3/27 16:00,7623.6
2025/3/27 16:15,7533.6
2025/3/27 16:30,7561.2
2025/3/27 16:45,7658.4
2025/3/27 17:00,7609.2
2025/3/27 17:15,7668
2025/3/27 17:30,7682.4
2025/3/27 17:45,7670.4
2025/3/27 18:00,7719.6
2025/3/27 18:15,7506
2025/3/27 18:30,7476
2025/3/27 18:45,7514.4
2025/3/27 19:00,7603.2
2025/3/27 19:15,7669.2
2025/3/27 19:30,7543.2
2025/3/27 19:45,7640.4
2025/3/27 20:00,7647.6
2025/3/27 20:15,7677.6
2025/3/27 20:30,7665.6
2025/3/27 20:45,7594.8
2025/3/27 21:00,7532.4
2025/3/27 21:15,7477.2
2025/3/27 21:30,7483.2
2025/3/27 21:45,7401.6
2025/3/27 22:00,7484.4
2025/3/27 22:15,7477.2
2025/3/27 22:30,7521.6
2025/3/27 22:45,7502.4
2025/3/27 23:00,7590
2025/3/27 23:15,7516.8
2025/3/27 23:30,7556.4
2025/3/27 23:45,7488
2025/3/28 0:00,7460.4
2025/3/28 0:15,7483.2
2025/3/28 0:30,7512
2025/3/28 0:45,7531.2
2025/3/28 1:00,7468.8
2025/3/28 1:15,7352.4
2025/3/28 1:30,7484.4
2025/3/28 1:45,7416
2025/3/28 2:00,7388.4
2025/3/28 2:15,7422
2025/3/28 2:30,7515.6
2025/3/28 2:45,7346.4
2025/3/28 3:00,7432.8
2025/3/28 3:15,7455.6
2025/3/28 3:30,7465.2
2025/3/28 3:45,7436.4
2025/3/28 4:00,7465.2
2025/3/28 4:15,7440
2025/3/28 4:30,7444.8
2025/3/28 4:45,7448.4
2025/3/28 5:00,7399.2
2025/3/28 5:15,7377.6
2025/3/28 5:30,7380
2025/3/28 5:45,7344
2025/3/28 6:00,7335.6
2025/3/28 6:15,7366.8
2025/3/28 6:30,7286.4
2025/3/28 6:45,7358.4
2025/3/28 7:00,7371.6
2025/3/28 7:15,7366.8
2025/3/28 7:30,7377.6
2025/3/28 7:45,7327.2
2025/3/28 8:00,7360.8
2025/3/28 8:15,7304.4
2025/3/28 8:30,7312.8
2025/3/28 8:45,7288.8
2025/3/28 9:00,7329.6
2025/3/28 9:15,7404
2025/3/28 9:30,7470
2025/3/28 9:45,7438.8
2025/3/28 10:00,7478.4
2025/3/28 10:15,7548
2025/3/28 10:30,7543.2
2025/3/28 10:45,7496.4
2025/3/28 11:00,7542
2025/3/28 11:15,7465.2
2025/3/28 11:30,7430.4
2025/3/28 11:45,7531.2
2025/3/28 12:00,7556.4
2025/3/28 12:15,7495.2
2025/3/28 12:30,7467.6
2025/3/28 12:45,7519.2
2025/3/28 13:00,7443.6
2025/3/28 13:15,7580.4
2025/3/28 13:30,7562.4
2025/3/28 13:45,7600.8
2025/3/28 14:00,7534.8
2025/3/28 14:15,7569.6
2025/3/28 14:30,7629.6
2025/3/28 14:45,7624.8
2025/3/28 15:00,7609.2
2025/3/28 15:15,7575.6
2025/3/28 15:30,7635.6
2025/3/28 15:45,7588.8
2025/3/28 16:00,7611.6
2025/3/28 16:15,7599.6
2025/3/28 16:30,7579.2
2025/3/28 16:45,7549.2
2025/3/28 17:00,7622.4
2025/3/28 17:15,7566
2025/3/28 17:30,7606.8
2025/3/28 17:45,7504.8
2025/3/28 18:00,7611.6
2025/3/28 18:15,7560
2025/3/28 18:30,7590
2025/3/28 18:45,7530
2025/3/28 19:00,7647.6
2025/3/28 19:15,7522.8
2025/3/28 19:30,7455.6
2025/3/28 19:45,7684.8
2025/3/28 20:00,7710
2025/3/28 20:15,7656
2025/3/28 20:30,7640.4
2025/3/28 20:45,7694.4
2025/3/28 21:00,7648.8
2025/3/28 21:15,7742.4
2025/3/28 21:30,7575.6
2025/3/28 21:45,7669.2
2025/3/28 22:00,7614
2025/3/28 22:15,7629.6
2025/3/28 22:30,7640.4
2025/3/28 22:45,7629.6
2025/3/28 23:00,7531.2
2025/3/28 23:15,7281.6
2025/3/28 23:30,7191.6
2025/3/28 23:45,7065.6
2025/3/29 0:00,7016.4
2025/3/29 0:15,7011.6
2025/3/29 0:30,6980.4
2025/3/29 0:45,7000.8
2025/3/29 1:00,7419.6
2025/3/29 1:15,7502.4
2025/3/29 1:30,7500
2025/3/29 1:45,7520.4
2025/3/29 2:00,7474.8
2025/3/29 2:15,7455.6
2025/3/29 2:30,7440
2025/3/29 2:45,7467.6
2025/3/29 3:00,7504.8
2025/3/29 3:15,7532.4
2025/3/29 3:30,7501.2
2025/3/29 3:45,7482
2025/3/29 4:00,7435.2
2025/3/29 4:15,7486.8
2025/3/29 4:30,7447.2
2025/3/29 4:45,7394.4
2025/3/29 5:00,7380
2025/3/29 5:15,7380
2025/3/29 5:30,7303.2
2025/3/29 5:45,7335.6
2025/3/29 6:00,7363.2
2025/3/29 6:15,7332
2025/3/29 6:30,7418.4
2025/3/29 6:45,7357.2
2025/3/29 7:00,7388.4
2025/3/29 7:15,7372.8
2025/3/29 7:30,7340.4
2025/3/29 7:45,7350
2025/3/29 8:00,7324.8
2025/3/29 8:15,7420.8
2025/3/29 8:30,7432.8
2025/3/29 8:45,7418.4
2025/3/29 9:00,7476
2025/3/29 9:15,7437.6
2025/3/29 9:30,7495.2
2025/3/29 9:45,7621.2
2025/3/29 10:00,7741.2
2025/3/29 10:15,7716
2025/3/29 10:30,7680
2025/3/29 10:45,7621.2
2025/3/29 11:00,7591.2
2025/3/29 11:15,7791.6
2025/3/29 11:30,7646.4
2025/3/29 11:45,7738.8
2025/3/29 12:00,7671.6
2025/3/29 12:15,7677.6
2025/3/29 12:30,7700.4
2025/3/29 12:45,7719.6
2025/3/29 13:00,7678.8
2025/3/29 13:15,7645.2
2025/3/29 13:30,7660.8
2025/3/29 13:45,7656
2025/3/29 14:00,7689.6
2025/3/29 14:15,7612.8
2025/3/29 14:30,7484.4
2025/3/29 14:45,7630.8
2025/3/29 15:00,7718.4
2025/3/29 15:15,7678.8
2025/3/29 15:30,7732.8
2025/3/29 15:45,7714.8
2025/3/29 16:00,7549.2
2025/3/29 16:15,7839.6
2025/3/29 16:30,7724.4
2025/3/29 16:45,7728
2025/3/29 17:00,7786.8
2025/3/29 17:15,7723.2
2025/3/29 17:30,7496.4
2025/3/29 17:45,7431.6
2025/3/29 18:00,7686
2025/3/29 18:15,7646.4
2025/3/29 18:30,7704
2025/3/29 18:45,7701.6
2025/3/29 19:00,7674
2025/3/29 19:15,7612.8
2025/3/29 19:30,7594.8
2025/3/29 19:45,7573.2
2025/3/29 20:00,7590
2025/3/29 20:15,7616.4
2025/3/29 20:30,7573.2
2025/3/29 20:45,7504.8
2025/3/29 21:00,7454.4
2025/3/29 21:15,7386
2025/3/29 21:30,7515.6
2025/3/29 21:45,7456.8
2025/3/29 22:00,7430.4
2025/3/29 22:15,7430.4
2025/3/29 22:30,7437.6
2025/3/29 22:45,7411.2
2025/3/29 23:00,7446
2025/3/29 23:15,7428
2025/3/29 23:30,7406.4
2025/3/29 23:45,7387.2
2025/3/30 0:00,7388.4
2025/3/30 0:15,7282.8
2025/3/30 0:30,7368
2025/3/30 0:45,7390.8
2025/3/30 1:00,7333.2
2025/3/30 1:15,7345.2
2025/3/30 1:30,7335.6
2025/3/30 1:45,7352.4
2025/3/30 2:00,7310.4
2025/3/30 2:15,7332
2025/3/30 2:30,7351.2
2025/3/30 2:45,7383.6
2025/3/30 3:00,7351.2
2025/3/30 3:15,7525.2
2025/3/30 3:30,7401.6
2025/3/30 3:45,7356
2025/3/30 4:00,7237.2
2025/3/30 4:15,7364.4
2025/3/30 4:30,7384.8
2025/3/30 4:45,7359.6
2025/3/30 5:00,7371.6
2025/3/30 5:15,7310.4
2025/3/30 5:30,7377.6
2025/3/30 5:45,7304.4
2025/3/30 6:00,7178.4
2025/3/30 6:15,7206
2025/3/30 6:30,7194
2025/3/30 6:45,7285.2
2025/3/30 7:00,7292.4
2025/3/30 7:15,7339.2
2025/3/30 7:30,6910.8
2025/3/30 7:45,6789.6
2025/3/30 8:00,6702
2025/3/30 8:15,6810
2025/3/30 8:30,6698.4
2025/3/30 8:45,6817.2
2025/3/30 9:00,6682.8
2025/3/30 9:15,6684
2025/3/30 9:30,6632.4
2025/3/30 9:45,6577.2
2025/3/30 10:00,6576
2025/3/30 10:15,6820.8
2025/3/30 10:30,6931.2
2025/3/30 10:45,6794.4
2025/3/30 11:00,6788.4
2025/3/30 11:15,6843.6
2025/3/30 11:30,6784.8
2025/3/30 11:45,6793.2
2025/3/30 12:00,6804
2025/3/30 12:15,6793.2
2025/3/30 12:30,6793.2
2025/3/30 12:45,6766.8
2025/3/30 13:00,6670.8
2025/3/30 13:15,6655.2
2025/3/30 13:30,6668.4
2025/3/30 13:45,6794.4
2025/3/30 14:00,6723.6
2025/3/30 14:15,6830.4
2025/3/30 14:30,6812.4
2025/3/30 14:45,6835.2
2025/3/30 15:00,6817.2
2025/3/30 15:15,6804
2025/3/30 15:30,6784.8
2025/3/30 15:45,6896.4
2025/3/30 16:00,6876
2025/3/30 16:15,6872.4
2025/3/30 16:30,6921.6
2025/3/30 16:45,6882
2025/3/30 17:00,6847.2
2025/3/30 17:15,6864
2025/3/30 17:30,6867.6
2025/3/30 17:45,6824.4
2025/3/30 18:00,6934.8
2025/3/30 18:15,6902.4
2025/3/30 18:30,6882
2025/3/30 18:45,6879.6
2025/3/30 19:00,6846
2025/3/30 19:15,6657.6
2025/3/30 19:30,6744
2025/3/30 19:45,6889.2
2025/3/30 20:00,6922.8
2025/3/30 20:15,6920.4
2025/3/30 20:30,6946.8
2025/3/30 20:45,6894
2025/3/30 21:00,6700.8
2025/3/30 21:15,6615.6
2025/3/30 21:30,6657.6
2025/3/30 21:45,6628.8
2025/3/30 22:00,6706.8
2025/3/30 22:15,6868.8
2025/3/30 22:30,6853.2
2025/3/30 22:45,6840
2025/3/30 23:00,6856.8
2025/3/30 23:15,6843.6
2025/3/30 23:30,6841.2
2025/3/30 23:45,6660
2025/3/31 0:00,6763.2
2025/3/31 0:15,6825.6
2025/3/31 0:30,6536.4
2025/3/31 0:45,6673.2
2025/3/31 1:00,6637.2
2025/3/31 1:15,6787.2
2025/3/31 1:30,6768
2025/3/31 1:45,6792
2025/3/31 2:00,6663.6
2025/3/31 2:15,6782.4
2025/3/31 2:30,6669.6
2025/3/31 2:45,6644.4
2025/3/31 3:00,6741.6
2025/3/31 3:15,6739.2
2025/3/31 3:30,6649.2
2025/3/31 3:45,6775.2
2025/3/31 4:00,6770.4
2025/3/31 4:15,6774
2025/3/31 4:30,6804
2025/3/31 4:45,6721.2
2025/3/31 5:00,6649.2
2025/3/31 5:15,6661.2
2025/3/31 5:30,6674.4
2025/3/31 5:45,6642
2025/3/31 6:00,6684
2025/3/31 6:15,6682.8
2025/3/31 6:30,6679.2
2025/3/31 6:45,6604.8
2025/3/31 7:00,6692.4
2025/3/31 7:15,6723.6
2025/3/31 7:30,6716.4
2025/3/31 7:45,6675.6
2025/3/31 8:00,6710.4
2025/3/31 8:15,6632.4
2025/3/31 8:30,6705.6
2025/3/31 8:45,6783.6
2025/3/31 9:00,6772.8
2025/3/31 9:15,6807.6
2025/3/31 9:30,6891.6
2025/3/31 9:45,6782.4
2025/3/31 10:00,6918
2025/3/31 10:15,6920.4
2025/3/31 10:30,6901.2
2025/3/31 10:45,6993.6
2025/3/31 11:00,6950.4
2025/3/31 11:15,6871.2
2025/3/31 11:30,6733.2
2025/3/31 11:45,6856.8
2025/3/31 12:00,6732
2025/3/31 12:15,7083.6
2025/3/31 12:30,6985.2
2025/3/31 12:45,7006.8
2025/3/31 13:00,7028.4
2025/3/31 13:15,7003.2
2025/3/31 13:30,6816
2025/3/31 13:45,7018.8
2025/3/31 14:00,7081.2
2025/3/31 14:15,7270.8
2025/3/31 14:30,7176
2025/3/31 14:45,7134
2025/3/31 15:00,7000.8
2025/3/31 15:15,7104
2025/3/31 15:30,7123.2
2025/3/31 15:45,7207.2
2025/3/31 16:00,7197.6
2025/3/31 16:15,7192.8
2025/3/31 16:30,7132.8
2025/3/31 16:45,7266
2025/3/31 17:00,7263.6
2025/3/31 17:15,7221.6
2025/3/31 17:30,7183.2
2025/3/31 17:45,7112.4
2025/3/31 18:00,7123.2
2025/3/31 18:15,7080
2025/3/31 18:30,7110
2025/3/31 18:45,7189.2
2025/3/31 19:00,7099.2
2025/3/31 19:15,7218
2025/3/31 19:30,7134
2025/3/31 19:45,7203.6
2025/3/31 20:00,7150.8
2025/3/31 20:15,7200
2025/3/31 20:30,7185.6
2025/3/31 20:45,7240.8
2025/3/31 21:00,7166.4
2025/3/31 21:15,7246.8
2025/3/31 21:30,7189.2
2025/3/31 21:45,7034.4
2025/3/31 22:00,7029.6
2025/3/31 22:15,7034.4
2025/3/31 22:30,7005.6
2025/3/31 22:45,7075.2
2025/3/31 23:00,7089.6
2025/3/31 23:15,7075.2
2025/3/31 23:30,7056
2025/3/31 23:45,7014
2025/4/1 0:00,6992.4
2025/4/1 0:15,7023.6
2025/4/1 0:30,6968.4
2025/4/1 0:45,7042.8
2025/4/1 1:00,7048.8
2025/4/1 1:15,7058.4
2025/4/1 1:30,7077.6
2025/4/1 1:45,7094.4
2025/4/1 2:00,7101.6
2025/4/1 2:15,7123.2
2025/4/1 2:30,7080
2025/4/1 2:45,7093.2
2025/4/1 3:00,7156.8
2025/4/1 3:15,7138.8
2025/4/1 3:30,7076.4
2025/4/1 3:45,7106.4
2025/4/1 4:00,6944.4
2025/4/1 4:15,7034.4
2025/4/1 4:30,6963.6
2025/4/1 4:45,6994.8
2025/4/1 5:00,6967.2
2025/4/1 5:15,6945.6
2025/4/1 5:30,6962.4
2025/4/1 5:45,6901.2
2025/4/1 6:00,6834
2025/4/1 6:15,6884.4
2025/4/1 6:30,6912
2025/4/1 6:45,6884.4
2025/4/1 7:00,6897.6
2025/4/1 7:15,6880.8
2025/4/1 7:30,6934.8
2025/4/1 7:45,6958.8
2025/4/1 8:00,6969.6
2025/4/1 8:15,6890.4
2025/4/1 8:30,6943.2
2025/4/1 8:45,7006.8
2025/4/1 9:00,7028.4
2025/4/1 9:15,6994.8
2025/4/1 9:30,7042.8
2025/4/1 9:45,7082.4
2025/4/1 10:00,7148.4
2025/4/1 10:15,7077.6
2025/4/1 10:30,7159.2
2025/4/1 10:45,7058.4
2025/4/1 11:00,7178.4
2025/4/1 11:15,7020
2025/4/1 11:30,7174.8
2025/4/1 11:45,7164
2025/4/1 12:00,7140
2025/4/1 12:15,7044
2025/4/1 12:30,7148.4
2025/4/1 12:45,7203.6
2025/4/1 13:00,7261.2
2025/4/1 13:15,7197.6
2025/4/1 13:30,7256.4
2025/4/1 13:45,7165.2
2025/4/1 14:00,7117.2
2025/4/1 14:15,7194
2025/4/1 14:30,7191.6
2025/4/1 14:45,7418.4
2025/4/1 15:00,7396.8
2025/4/1 15:15,7369.2
2025/4/1 15:30,7228.8
2025/4/1 15:45,7098
2025/4/1 16:00,7112.4
2025/4/1 16:15,7136.4
2025/4/1 16:30,7192.8
2025/4/1 16:45,7150.8
2025/4/1 17:00,7270.8
2025/4/1 17:15,7290
2025/4/1 17:30,7328.4
2025/4/1 17:45,7356
2025/4/1 18:00,7359.6
2025/4/1 18:15,7365.6
2025/4/1 18:30,7309.2
2025/4/1 18:45,7257.6
2025/4/1 19:00,7287.6
2025/4/1 19:15,7208.4
2025/4/1 19:30,7250.4
2025/4/1 19:45,7051.2
2025/4/1 20:00,7045.2
2025/4/1 20:15,7020
2025/4/1 20:30,7077.6
2025/4/1 20:45,7268.4
2025/4/1 21:00,7234.8
2025/4/1 21:15,7285.2
2025/4/1 21:30,7184.4
2025/4/1 21:45,7185.6
2025/4/1 22:00,7086
2025/4/1 22:15,7274.4
2025/4/1 22:30,7200
2025/4/1 22:45,7138.8
2025/4/1 23:00,7162.8
2025/4/1 23:15,7186.8
2025/4/1 23:30,7174.8
2025/4/1 23:45,7060.8
2025/4/2 0:00,7248
2025/4/2 0:15,7273.2
2025/4/2 0:30,7246.8
2025/4/2 0:45,7255.2
2025/4/2 1:00,7250.4
2025/4/2 1:15,7225.2
2025/4/2 1:30,7120.8
2025/4/2 1:45,7105.2
2025/4/2 2:00,7232.4
2025/4/2 2:15,7189.2
2025/4/2 2:30,7132.8
2025/4/2 2:45,7185.6
2025/4/2 3:00,7117.2
2025/4/2 3:15,7056
2025/4/2 3:30,7153.2
2025/4/2 3:45,7186.8
2025/4/2 4:00,7224
2025/4/2 4:15,7119.6
2025/4/2 4:30,7126.8
2025/4/2 4:45,7125.6
2025/4/2 5:00,7120.8
2025/4/2 5:15,7012.8
2025/4/2 5:30,7068
2025/4/2 5:45,7086
2025/4/2 6:00,7039.2
2025/4/2 6:15,7057.2
2025/4/2 6:30,7099.2
2025/4/2 6:45,6991.2
2025/4/2 7:00,7051.2
2025/4/2 7:15,7105.2
2025/4/2 7:30,7137.6
2025/4/2 7:45,7098
2025/4/2 8:00,7101.6
2025/4/2 8:15,6976.8
2025/4/2 8:30,7069.2
2025/4/2 8:45,7060.8
2025/4/2 9:00,7108.8
2025/4/2 9:15,7198.8
2025/4/2 9:30,7148.4
2025/4/2 9:45,7167.6
2025/4/2 10:00,7228.8
2025/4/2 10:15,7275.6
2025/4/2 10:30,7256.4
2025/4/2 10:45,7318.8
2025/4/2 11:00,7320
2025/4/2 11:15,7266
2025/4/2 11:30,7282.8
2025/4/2 11:45,7336.8
2025/4/2 12:00,7374
2025/4/2 12:15,7296
2025/4/2 12:30,7328.4
2025/4/2 12:45,7207.2
2025/4/2 13:00,7396.8
2025/4/2 13:15,7346.4
2025/4/2 13:30,7408.8
2025/4/2 13:45,7389.6
2025/4/2 14:00,7491.6
2025/4/2 14:15,7344
2025/4/2 14:30,7464
2025/4/2 14:45,7580.4
2025/4/2 15:00,7540.8
2025/4/2 15:15,7492.8
2025/4/2 15:30,7497.6
2025/4/2 15:45,7471.2
2025/4/2 16:00,7555.2
2025/4/2 16:15,7442.4
2025/4/2 16:30,7471.2
2025/4/2 16:45,7411.2
2025/4/2 17:00,7442.4
2025/4/2 17:15,7617.6
2025/4/2 17:30,7635.6
2025/4/2 17:45,7630.8
2025/4/2 18:00,7566
2025/4/2 18:15,7461.6
2025/4/2 18:30,7359.6
2025/4/2 18:45,7383.6
2025/4/2 19:00,7448.4
2025/4/2 19:15,7471.2
2025/4/2 19:30,7448.4
2025/4/2 19:45,7396.8
2025/4/2 20:00,7278
2025/4/2 20:15,7388.4
2025/4/2 20:30,7336.8
2025/4/2 20:45,7408.8
2025/4/2 21:00,7336.8
2025/4/2 21:15,7372.8
2025/4/2 21:30,7304.4
2025/4/2 21:45,7431.6
2025/4/2 22:00,7384.8
2025/4/2 22:15,7393.2
2025/4/2 22:30,7352.4
2025/4/2 22:45,7338
2025/4/2 23:00,7274.4
2025/4/2 23:15,7284
2025/4/2 23:30,7278
2025/4/2 23:45,7318.8
2025/4/3 0:00,7266
2025/4/3 0:15,7280.4
2025/4/3 0:30,7147.2
2025/4/3 0:45,7202.4
2025/4/3 1:00,7206
2025/4/3 1:15,7234.8
2025/4/3 1:30,7216.8
2025/4/3 1:45,7249.2
2025/4/3 2:00,7208.4
2025/4/3 2:15,7156.8
2025/4/3 2:30,7104
2025/4/3 2:45,7072.8
2025/4/3 3:00,7088.4
2025/4/3 3:15,7215.6
2025/4/3 3:30,7264.8
2025/4/3 3:45,7206
2025/4/3 4:00,7260
2025/4/3 4:15,7258.8
2025/4/3 4:30,7234.8
2025/4/3 4:45,7272
2025/4/3 5:00,7257.6
2025/4/3 5:15,7106.4
2025/4/3 5:30,7182
2025/4/3 5:45,7171.2
2025/4/3 6:00,7185.6
2025/4/3 6:15,7212
2025/4/3 6:30,7081.2
2025/4/3 6:45,7052.4
2025/4/3 7:00,7114.8
2025/4/3 7:15,7104
2025/4/3 7:30,7155.6
2025/4/3 7:45,7111.2
2025/4/3 8:00,7225.2
2025/4/3 8:15,7101.6
2025/4/3 8:30,7268.4
2025/4/3 8:45,7430.4
2025/4/3 9:00,7430.4
2025/4/3 9:15,7419.6
2025/4/3 9:30,7446
2025/4/3 9:45,7429.2
2025/4/3 10:00,7608
2025/4/3 10:15,7624.8
2025/4/3 10:30,7590
2025/4/3 10:45,7662
2025/4/3 11:00,7660.8
2025/4/3 11:15,7608
2025/4/3 11:30,7534.8
2025/4/3 11:45,7308
2025/4/3 12:00,7585.2
2025/4/3 12:15,7354.8
2025/4/3 12:30,7498.8
2025/4/3 12:45,7581.6
2025/4/3 13:00,7671.6
2025/4/3 13:15,7639.2
2025/4/3 13:30,7671.6
2025/4/3 13:45,7675.2
2025/4/3 14:00,7694.4
2025/4/3 14:15,7358.4
2025/4/3 14:30,7632
2025/4/3 14:45,7394.4
2025/4/3 15:00,7647.6
2025/4/3 15:15,7669.2
2025/4/3 15:30,7632
2025/4/3 15:45,7557.6
2025/4/3 16:00,7699.2
2025/4/3 16:15,7591.2
2025/4/3 16:30,7648.8
2025/4/3 16:45,7603.2
2025/4/3 17:00,7744.8
2025/4/3 17:15,7392
2025/4/3 17:30,7594.8
2025/4/3 17:45,7612.8
2025/4/3 18:00,7610.4
2025/4/3 18:15,7624.8
2025/4/3 18:30,7624.8
2025/4/3 18:45,7306.8
2025/4/3 19:00,7524
2025/4/3 19:15,7651.2
2025/4/3 19:30,7620
2025/4/3 19:45,7503.6
2025/4/3 20:00,7548
2025/4/3 20:15,7468.8
2025/4/3 20:30,7562.4
2025/4/3 20:45,7546.8
2025/4/3 21:00,7510.8
2025/4/3 21:15,7512
2025/4/3 21:30,7503.6
2025/4/3 21:45,7422
2025/4/3 22:00,7420.8
2025/4/3 22:15,7467.6
2025/4/3 22:30,7412.4
2025/4/3 22:45,7389.6
2025/4/3 23:00,7503.6
2025/4/3 23:15,7504.8
2025/4/3 23:30,7502.4
2025/4/3 23:45,7495.2
2025/4/4 0:00,7488
2025/4/4 0:15,7454.4
2025/4/4 0:30,7386
2025/4/4 0:45,7393.2
2025/4/4 1:00,7417.2
2025/4/4 1:15,7412.4
2025/4/4 1:30,7459.2
2025/4/4 1:45,7400.4
2025/4/4 2:00,7509.6
2025/4/4 2:15,7491.6
2025/4/4 2:30,7494
2025/4/4 2:45,7509.6
2025/4/4 3:00,7467.6
2025/4/4 3:15,7473.6
2025/4/4 3:30,7536
2025/4/4 3:45,7467.6
2025/4/4 4:00,7443.6
2025/4/4 4:15,7488
2025/4/4 4:30,7484.4
2025/4/4 4:45,7447.2
2025/4/4 5:00,7450.8
2025/4/4 5:15,7424.4
2025/4/4 5:30,7434
2025/4/4 5:45,7394.4
2025/4/4 6:00,7312.8
2025/4/4 6:15,7429.2
2025/4/4 6:30,7376.4
2025/4/4 6:45,7368
2025/4/4 7:00,7380
2025/4/4 7:15,7372.8
2025/4/4 7:30,7384.8
2025/4/4 7:45,7418.4
2025/4/4 8:00,7395.6
2025/4/4 8:15,7406.4
2025/4/4 8:30,7426.8
2025/4/4 8:45,7404
2025/4/4 9:00,7467.6
2025/4/4 9:15,7482
2025/4/4 9:30,7544.4
2025/4/4 9:45,7450.8
2025/4/4 10:00,7608
2025/4/4 10:15,7564.8
2025/4/4 10:30,7620
2025/4/4 10:45,7652.4
2025/4/4 11:00,7724.4
2025/4/4 11:15,7678.8
2025/4/4 11:30,7740
2025/4/4 11:45,7597.2
2025/4/4 12:00,7652.4
2025/4/4 12:15,7590
2025/4/4 12:30,7408.8
2025/4/4 12:45,7402.8
2025/4/4 13:00,7490.4
2025/4/4 13:15,7510.8
2025/4/4 13:30,7518
2025/4/4 13:45,7539.6
2025/4/4 14:00,7539.6
2025/4/4 14:15,7650
2025/4/4 14:30,7670.4
2025/4/4 14:45,7582.8
2025/4/4 15:00,7686
2025/4/4 15:15,7677.6
2025/4/4 15:30,7610.4
2025/4/4 15:45,7664.4
2025/4/4 16:00,7742.4
2025/4/4 16:15,7617.6
2025/4/4 16:30,7653.6
2025/4/4 16:45,7500
2025/4/4 17:00,7574.4
2025/4/4 17:15,7684.8
2025/4/4 17:30,7700.4
2025/4/4 17:45,7604.4
2025/4/4 18:00,7656
2025/4/4 18:15,7713.6
2025/4/4 18:30,7528.8
2025/4/4 18:45,7533.6
2025/4/4 19:00,7689.6
2025/4/4 19:15,7606.8
2025/4/4 19:30,7706.4
2025/4/4 19:45,7664.4
2025/4/4 20:00,7684.8
2025/4/4 20:15,7623.6
2025/4/4 20:30,7683.6
2025/4/4 20:45,7713.6
2025/4/4 21:00,7759.2
2025/4/4 21:15,7635.6
2025/4/4 21:30,7737.6
2025/4/4 21:45,7719.6
2025/4/4 22:00,7632
2025/4/4 22:15,7689.6
2025/4/4 22:30,7666.8
2025/4/4 22:45,7646.4
2025/4/4 23:00,7630.8
2025/4/4 23:15,7624.8
2025/4/4 23:30,7546.8
2025/4/4 23:45,7638
2025/4/5 0:00,7606.8
2025/4/5 0:15,7542
2025/4/5 0:30,7461.6
2025/4/5 0:45,7590
2025/4/5 1:00,7566
2025/4/5 1:15,7609.2
2025/4/5 1:30,7588.8
2025/4/5 1:45,7546.8
2025/4/5 2:00,7596
2025/4/5 2:15,7558.8
2025/4/5 2:30,7573.2
2025/4/5 2:45,7555.2
2025/4/5 3:00,7632
2025/4/5 3:15,7567.2
2025/4/5 3:30,7624.8
2025/4/5 3:45,7588.8
2025/4/5 4:00,7606.8
2025/4/5 4:15,7435.2
2025/4/5 4:30,7537.2
2025/4/5 4:45,7492.8
2025/4/5 5:00,7496.4
2025/4/5 5:15,7474.8
2025/4/5 5:30,7443.6
2025/4/5 5:45,7482
2025/4/5 6:00,7437.6
2025/4/5 6:15,7479.6
2025/4/5 6:30,7428
2025/4/5 6:45,7404
2025/4/5 7:00,7494
2025/4/5 7:15,7327.2
2025/4/5 7:30,7531.2
2025/4/5 7:45,7539.6
2025/4/5 8:00,7434
2025/4/5 8:15,7506
2025/4/5 8:30,7540.8
2025/4/5 8:45,7506
2025/4/5 9:00,7592.4
2025/4/5 9:15,7600.8
2025/4/5 9:30,7602
2025/4/5 9:45,7684.8
2025/4/5 10:00,7704
2025/4/5 10:15,7692
2025/4/5 10:30,7612.8
2025/4/5 10:45,7716
2025/4/5 11:00,7618.8
2025/4/5 11:15,7554
2025/4/5 11:30,7611.6
2025/4/5 11:45,7570.8
2025/4/5 12:00,7765.2
2025/4/5 12:15,7730.4
2025/4/5 12:30,7689.6
2025/4/5 12:45,7717.2
2025/4/5 13:00,7689.6
2025/4/5 13:15,7712.4
2025/4/5 13:30,7734
2025/4/5 13:45,7712.4
2025/4/5 14:00,7810.8
2025/4/5 14:15,7609.2
2025/4/5 14:30,7686
2025/4/5 14:45,7692
2025/4/5 15:00,7755.6
2025/4/5 15:15,7845.6
2025/4/5 15:30,7701.6
2025/4/5 15:45,7886.4
2025/4/5 16:00,7731.6
2025/4/5 16:15,7636.8
2025/4/5 16:30,7628.4
2025/4/5 16:45,7790.4
2025/4/5 17:00,7720.8
2025/4/5 17:15,7606.8
2025/4/5 17:30,7540.8
2025/4/5 17:45,7479.6
2025/4/5 18:00,7610.4
2025/4/5 18:15,7765.2
2025/4/5 18:30,7609.2
2025/4/5 18:45,7693.2
2025/4/5 19:00,7717.2
2025/4/5 19:15,7718.4
2025/4/5 19:30,7917.6
2025/4/5 19:45,7947.6
2025/4/5 20:00,7833.6
2025/4/5 20:15,7852.8
2025/4/5 20:30,7810.8
2025/4/5 20:45,7590
2025/4/5 21:00,7755.6
2025/4/5 21:15,7676.4
2025/4/5 21:30,7719.6
2025/4/5 21:45,7692
2025/4/5 22:00,7756.8
2025/4/5 22:15,7597.2
2025/4/5 22:30,7711.2
2025/4/5 22:45,7652.4
2025/4/5 23:00,7624.8
2025/4/5 23:15,7638
2025/4/5 23:30,7596
2025/4/5 23:45,7641.6
2025/4/6 0:00,7624.8
2025/4/6 0:15,7608
2025/4/6 0:30,7683.6
2025/4/6 0:45,7629.6
2025/4/6 1:00,7695.6
2025/4/6 1:15,7670.4
2025/4/6 1:30,7640.4
2025/4/6 1:45,7644
2025/4/6 2:00,7640.4
2025/4/6 2:15,7563.6
2025/4/6 2:30,7621.2
2025/4/6 2:45,7581.6
2025/4/6 3:00,7603.2
2025/4/6 3:15,7687.2
2025/4/6 3:30,7690.8
2025/4/6 3:45,7573.2
2025/4/6 4:00,7598.4
2025/4/6 4:15,7696.8
2025/4/6 4:30,7657.2
2025/4/6 4:45,7593.6
2025/4/6 5:00,7606.8
2025/4/6 5:15,7555.2
2025/4/6 5:30,7581.6
2025/4/6 5:45,7614
2025/4/6 6:00,7532.4
2025/4/6 6:15,7554
2025/4/6 6:30,7488
2025/4/6 6:45,7579.2
2025/4/6 7:00,7552.8
2025/4/6 7:15,7458
2025/4/6 7:30,7524
2025/4/6 7:45,7432.8
2025/4/6 8:00,7549.2
2025/4/6 8:15,7508.4
2025/4/6 8:30,7579.2
2025/4/6 8:45,7536
2025/4/6 9:00,7495.2
2025/4/6 9:15,7603.2
2025/4/6 9:30,7575.6
2025/4/6 9:45,7656
2025/4/6 10:00,7620
2025/4/6 10:15,7592.4
2025/4/6 10:30,7592.4
2025/4/6 10:45,7593.6
2025/4/6 11:00,7584
2025/4/6 11:15,7459.2
2025/4/6 11:30,7582.8
2025/4/6 11:45,7569.6
2025/4/6 12:00,7546.8
2025/4/6 12:15,7533.6
2025/4/6 12:30,7572
2025/4/6 12:45,7568.4
2025/4/6 13:00,7587.6
2025/4/6 13:15,7603.2
2025/4/6 13:30,7570.8
2025/4/6 13:45,7554
2025/4/6 14:00,7650
2025/4/6 14:15,7657.2
2025/4/6 14:30,7662
2025/4/6 14:45,7605.6
2025/4/6 15:00,7578
2025/4/6 15:15,7570.8
2025/4/6 15:30,7590
2025/4/6 15:45,7694.4
2025/4/6 16:00,7665.6
2025/4/6 16:15,7624.8
2025/4/6 16:30,7641.6
2025/4/6 16:45,7638
2025/4/6 17:00,7714.8
2025/4/6 17:15,7636.8
2025/4/6 17:30,7600.8
2025/4/6 17:45,7582.8
2025/4/6 18:00,7623.6
2025/4/6 18:15,7647.6
2025/4/6 18:30,7597.2
2025/4/6 18:45,7598.4
2025/4/6 19:00,7558.8
2025/4/6 19:15,7578
2025/4/6 19:30,7605.6
2025/4/6 19:45,7602
2025/4/6 20:00,7558.8
2025/4/6 20:15,7610.4
2025/4/6 20:30,7506
2025/4/6 20:45,7464
2025/4/6 21:00,7596
2025/4/6 21:15,7611.6
2025/4/6 21:30,7641.6
2025/4/6 21:45,7604.4
2025/4/6 22:00,7567.2
2025/4/6 22:15,7556.4
2025/4/6 22:30,7594.8
2025/4/6 22:45,7563.6
2025/4/6 23:00,7555.2
2025/4/6 23:15,7683.6
2025/4/6 23:30,7596
2025/4/6 23:45,7575.6
2025/4/7 0:00,7576.8
2025/4/7 0:15,7627.2
2025/4/7 0:30,7550.4
2025/4/7 0:45,7617.6
2025/4/7 1:00,7534.8
2025/4/7 1:15,7530
2025/4/7 1:30,7533.6
2025/4/7 1:45,7508.4
2025/4/7 2:00,7504.8
2025/4/7 2:15,7542
2025/4/7 2:30,7555.2
2025/4/7 2:45,7524
2025/4/7 3:00,7585.2
2025/4/7 3:15,7555.2
2025/4/7 3:30,7584
2025/4/7 3:45,7501.2
2025/4/7 4:00,7492.8
2025/4/7 4:15,7458
2025/4/7 4:30,7514.4
2025/4/7 4:45,7454.4
2025/4/7 5:00,7502.4
2025/4/7 5:15,7502.4
2025/4/7 5:30,7443.6
2025/4/7 5:45,7704
2025/4/7 6:00,7434
2025/4/7 6:15,7395.6
2025/4/7 6:30,7389.6
2025/4/7 6:45,7366.8
2025/4/7 7:00,7479.6
2025/4/7 7:15,7540.8
2025/4/7 7:30,7408.8
2025/4/7 7:45,7460.4
2025/4/7 8:00,7396.8
2025/4/7 8:15,7290
2025/4/7 8:30,7422
2025/4/7 8:45,7404
2025/4/7 9:00,7419.6
2025/4/7 9:15,7466.4
2025/4/7 9:30,7486.8
2025/4/7 9:45,7483.2
2025/4/7 10:00,7460.4
2025/4/7 10:15,7497.6
2025/4/7 10:30,7477.2
2025/4/7 10:45,7584
2025/4/7 11:00,7540.8
2025/4/7 11:15,7508.4
2025/4/7 11:30,7522.8
2025/4/7 11:45,7507.2
2025/4/7 12:00,7520.4
2025/4/7 12:15,7507.2
2025/4/7 12:30,7492.8
2025/4/7 12:45,7305.6
2025/4/7 13:00,7374
2025/4/7 13:15,7320
2025/4/7 13:30,7521.6
2025/4/7 13:45,7495.2
2025/4/7 14:00,7626
2025/4/7 14:15,7513.2
2025/4/7 14:30,7630.8
2025/4/7 14:45,7610.4
2025/4/7 15:00,7639.2
2025/4/7 15:15,7687.2
2025/4/7 15:30,7632
2025/4/7 15:45,7657.2
2025/4/7 16:00,7638
2025/4/7 16:15,7591.2
2025/4/7 16:30,7546.8
2025/4/7 16:45,7500
2025/4/7 17:00,7526.4
2025/4/7 17:15,7494
2025/4/7 17:30,7526.4
2025/4/7 17:45,7503.6
2025/4/7 18:00,7510.8
2025/4/7 18:15,7562.4
2025/4/7 18:30,7581.6
2025/4/7 18:45,7581.6
2025/4/7 19:00,7366.8
2025/4/7 19:15,7538.4
2025/4/7 19:30,7429.2
2025/4/7 19:45,7450.8
2025/4/7 20:00,7298.4
2025/4/7 20:15,7299.6
2025/4/7 20:30,7356
2025/4/7 20:45,7383.6
2025/4/7 21:00,7348.8
2025/4/7 21:15,7418.4
2025/4/7 21:30,7537.2
2025/4/7 21:45,7557.6
2025/4/7 22:00,7495.2
2025/4/7 22:15,7424.4
2025/4/7 22:30,7314
2025/4/7 22:45,7522.8
2025/4/7 23:00,7500
2025/4/7 23:15,7453.2
2025/4/7 23:30,7461.6
2025/4/7 23:45,7513.2
2025/4/8 0:00,7486.8
2025/4/8 0:15,7508.4
2025/4/8 0:30,7432.8
2025/4/8 0:45,7599.6
2025/4/8 1:00,7532.4
2025/4/8 1:15,7392
2025/4/8 1:30,7486.8
2025/4/8 1:45,7444.8
2025/4/8 2:00,7528.8
2025/4/8 2:15,7478.4
2025/4/8 2:30,7447.2
2025/4/8 2:45,7479.6
2025/4/8 3:00,7528.8
2025/4/8 3:15,7581.6
2025/4/8 3:30,7534.8
2025/4/8 3:45,7540.8
2025/4/8 4:00,7588.8
2025/4/8 4:15,7532.4
2025/4/8 4:30,7556.4
2025/4/8 4:45,7512
2025/4/8 5:00,7561.2
2025/4/8 5:15,7551.6
2025/4/8 5:30,7470
2025/4/8 5:45,7441.2
2025/4/8 6:00,7495.2
2025/4/8 6:15,7483.2
2025/4/8 6:30,7510.8
2025/4/8 6:45,7527.6
2025/4/8 7:00,7497.6
2025/4/8 7:15,7468.8
2025/4/8 7:30,7558.8
2025/4/8 7:45,7554
2025/4/8 8:00,7501.2
2025/4/8 8:15,7545.6
2025/4/8 8:30,7521.6
2025/4/8 8:45,7308
2025/4/8 9:00,7612.8
2025/4/8 9:15,7653.6
2025/4/8 9:30,7640.4
2025/4/8 9:45,7545.6
2025/4/8 10:00,7629.6
2025/4/8 10:15,7674
2025/4/8 10:30,7681.2
2025/4/8 10:45,7753.2
2025/4/8 11:00,7801.2
2025/4/8 11:15,7773.6
2025/4/8 11:30,7759.2
2025/4/8 11:45,7718.4
2025/4/8 12:00,7491.6
2025/4/8 12:15,7540.8
2025/4/8 12:30,7662
2025/4/8 12:45,7731.6
2025/4/8 13:00,7681.2
2025/4/8 13:15,7585.2
2025/4/8 13:30,7692
2025/4/8 13:45,7734
2025/4/8 14:00,7692
2025/4/8 14:15,7586.4
2025/4/8 14:30,7538.4
2025/4/8 14:45,7760.4
2025/4/8 15:00,7548
2025/4/8 15:15,7606.8
2025/4/8 15:30,7621.2
2025/4/8 15:45,7592.4
2025/4/8 16:00,7534.8
2025/4/8 16:15,7669.2
2025/4/8 16:30,7627.2
2025/4/8 16:45,7630.8
2025/4/8 17:00,7498.8
2025/4/8 17:15,7666.8
2025/4/8 17:30,7664.4
2025/4/8 17:45,7669.2
2025/4/8 18:00,7755.6
2025/4/8 18:15,7698
2025/4/8 18:30,7737.6
2025/4/8 18:45,7509.6
2025/4/8 19:00,7591.2
2025/4/8 19:15,7725.6
2025/4/8 19:30,7777.2
2025/4/8 19:45,7741.2
2025/4/8 20:00,7722
2025/4/8 20:15,7770
2025/4/8 20:30,7634.4
2025/4/8 20:45,7725.6
2025/4/8 21:00,7441.2
2025/4/8 21:15,7622.4
2025/4/8 21:30,7702.8
2025/4/8 21:45,7713.6
2025/4/8 22:00,7654.8
2025/4/8 22:15,7708.8
2025/4/8 22:30,7688.4
2025/4/8 22:45,7582.8
2025/4/8 23:00,7569.6
2025/4/8 23:15,7460.4
2025/4/8 23:30,7672.8
2025/4/8 23:45,7644
2025/4/9 0:00,7623.6
2025/4/9 0:15,7567.2
2025/4/9 0:30,7603.2
2025/4/9 0:45,7678.8
2025/4/9 1:00,7707.6
2025/4/9 1:15,7558.8
2025/4/9 1:30,7569.6
2025/4/9 1:45,7640.4
2025/4/9 2:00,7664.4
2025/4/9 2:15,7669.2
2025/4/9 2:30,7659.6
2025/4/9 2:45,7683.6
2025/4/9 3:00,7658.4
2025/4/9 3:15,7648.8
2025/4/9 3:30,7689.6
2025/4/9 3:45,7560
2025/4/9 4:00,7657.2
2025/4/9 4:15,7521.6
2025/4/9 4:30,7467.6
2025/4/9 4:45,7476
2025/4/9 5:00,7464
2025/4/9 5:15,7466.4
2025/4/9 5:30,7453.2
2025/4/9 5:45,7333.2
2025/4/9 6:00,7453.2
2025/4/9 6:15,7734
2025/4/9 6:30,7779.6
2025/4/9 6:45,7387.2
2025/4/9 7:00,7380
2025/4/9 7:15,7484.4
2025/4/9 7:30,7416
2025/4/9 7:45,7543.2
2025/4/9 8:00,7471.2
2025/4/9 8:15,7450.8
2025/4/9 8:30,7443.6
2025/4/9 8:45,7458
2025/4/9 9:00,7527.6
2025/4/9 9:15,7484.4
2025/4/9 9:30,7531.2
2025/4/9 9:45,7512
2025/4/9 10:00,7592.4
2025/4/9 10:15,7623.6
2025/4/9 10:30,7603.2
2025/4/9 10:45,7534.8
2025/4/9 11:00,7312.8
2025/4/9 11:15,7718.4
2025/4/9 11:30,7467.6
2025/4/9 11:45,7375.2
2025/4/9 12:00,7402.8
2025/4/9 12:15,7611.6
2025/4/9 12:30,7605.6
2025/4/9 12:45,7572
2025/4/9 13:00,7522.8
2025/4/9 13:15,7542
2025/4/9 13:30,7508.4
2025/4/9 13:45,7389.6
2025/4/9 14:00,7464
2025/4/9 14:15,7556.4
2025/4/9 14:30,7552.8
2025/4/9 14:45,7537.2
2025/4/9 15:00,7564.8
2025/4/9 15:15,7467.6
2025/4/9 15:30,7468.8
2025/4/9 15:45,7636.8
2025/4/9 16:00,7617.6
2025/4/9 16:15,7638
2025/4/9 16:30,7599.6
2025/4/9 16:45,7554
2025/4/9 17:00,7465.2
2025/4/9 17:15,7483.2
2025/4/9 17:30,7406.4
2025/4/9 17:45,7483.2
2025/4/9 18:00,7453.2
2025/4/9 18:15,7545.6
2025/4/9 18:30,7456.8
2025/4/9 18:45,7509.6
2025/4/9 19:00,7576.8
2025/4/9 19:15,7586.4
2025/4/9 19:30,7435.2
2025/4/9 19:45,7438.8
2025/4/9 20:00,7413.6
2025/4/9 20:15,7456.8
2025/4/9 20:30,7590
2025/4/9 20:45,7516.8
2025/4/9 21:00,7431.6
2025/4/9 21:15,7585.2
2025/4/9 21:30,7608
2025/4/9 21:45,7526.4
2025/4/9 22:00,7384.8
2025/4/9 22:15,7358.4
2025/4/9 22:30,7414.8
2025/4/9 22:45,7419.6
2025/4/9 23:00,7296
2025/4/9 23:15,7386
2025/4/9 23:30,7322.4
2025/4/9 23:45,7336.8
2025/4/10 0:00,7267.2
2025/4/10 0:15,7274.4
2025/4/10 0:30,7269.6
2025/4/10 0:45,7284
2025/4/10 1:00,7249.2
2025/4/10 1:15,7242
2025/4/10 1:30,7249.2
2025/4/10 1:45,7256.4
2025/4/10 2:00,7264.8
2025/4/10 2:15,7281.6
2025/4/10 2:30,7194
2025/4/10 2:45,7173.6
2025/4/10 3:00,7249.2
2025/4/10 3:15,7303.2
2025/4/10 3:30,7203.6
2025/4/10 3:45,7279.2
2025/4/10 4:00,7293.6
2025/4/10 4:15,7296
2025/4/10 4:30,7228.8
2025/4/10 4:45,7198.8
2025/4/10 5:00,7165.2
2025/4/10 5:15,7042.8
2025/4/10 5:30,7108.8
2025/4/10 5:45,7099.2
2025/4/10 6:00,7143.6
2025/4/10 6:15,7177.2
2025/4/10 6:30,7064.4
2025/4/10 6:45,7141.2
2025/4/10 7:00,7099.2
2025/4/10 7:15,7144.8
2025/4/10 7:30,7105.2
2025/4/10 7:45,7188
2025/4/10 8:00,7126.8
2025/4/10 8:15,7144.8
2025/4/10 8:30,7117.2
2025/4/10 8:45,7096.8
2025/4/10 9:00,7156.8
2025/4/10 9:15,7136.4
2025/4/10 9:30,7160.4
2025/4/10 9:45,7230
2025/4/10 10:00,7276.8
2025/4/10 10:15,7346.4
2025/4/10 10:30,7252.8
2025/4/10 10:45,7138.8
2025/4/10 11:00,7119.6
2025/4/10 11:15,7118.4
2025/4/10 11:30,7354.8
2025/4/10 11:45,7312.8
2025/4/10 12:00,7396.8
2025/4/10 12:15,7400.4
2025/4/10 12:30,7393.2
2025/4/10 12:45,7330.8
2025/4/10 13:00,7279.2
2025/4/10 13:15,7256.4
2025/4/10 13:30,7262.4
2025/4/10 13:45,7358.4
2025/4/10 14:00,7234.8
2025/4/10 14:15,7282.8
2025/4/10 14:30,7336.8
2025/4/10 14:45,7447.2
2025/4/10 15:00,7426.8
2025/4/10 15:15,7522.8
2025/4/10 15:30,7432.8
2025/4/10 15:45,7436.4
2025/4/10 16:00,7336.8
2025/4/10 16:15,7448.4
2025/4/10 16:30,7431.6
2025/4/10 16:45,7459.2
2025/4/10 17:00,7521.6
2025/4/10 17:15,7438.8
2025/4/10 17:30,7464
2025/4/10 17:45,7356
2025/4/10 18:00,7417.2
2025/4/10 18:15,7408.8
2025/4/10 18:30,7399.2
2025/4/10 18:45,7495.2
2025/4/10 19:00,7300.8
2025/4/10 19:15,7238.4
2025/4/10 19:30,7309.2
2025/4/10 19:45,7305.6
2025/4/10 20:00,7383.6
2025/4/10 20:15,7401.6
2025/4/10 20:30,7454.4
2025/4/10 20:45,7413.6
2025/4/10 21:00,7404
2025/4/10 21:15,7372.8
2025/4/10 21:30,7342.8
2025/4/10 21:45,7309.2
2025/4/10 22:00,7287.6
2025/4/10 22:15,7329.6
2025/4/10 22:30,7302
2025/4/10 22:45,7315.2
2025/4/10 23:00,7291.2
2025/4/10 23:15,7230
2025/4/10 23:30,7140
2025/4/10 23:45,7234.8
2025/4/11 0:00,7242
2025/4/11 0:15,7306.8
2025/4/11 0:30,7213.2
2025/4/11 0:45,7366.8
2025/4/11 1:00,7423.2
2025/4/11 1:15,7286.4
2025/4/11 1:30,7400.4
2025/4/11 1:45,7405.2
2025/4/11 2:00,7312.8
2025/4/11 2:15,7286.4
2025/4/11 2:30,7310.4
2025/4/11 2:45,7336.8
2025/4/11 3:00,7230
2025/4/11 3:15,7304.4
2025/4/11 3:30,7220.4
2025/4/11 3:45,7280.4
2025/4/11 4:00,7303.2
2025/4/11 4:15,7294.8
2025/4/11 4:30,7293.6
2025/4/11 4:45,7293.6
2025/4/11 5:00,7256.4
2025/4/11 5:15,7225.2
2025/4/11 5:30,7155.6
2025/4/11 5:45,7107.6
2025/4/11 6:00,7134
2025/4/11 6:15,7196.4
2025/4/11 6:30,7202.4
2025/4/11 6:45,7215.6
2025/4/11 7:00,7200
2025/4/11 7:15,7224
2025/4/11 7:30,7200
2025/4/11 7:45,7125.6
2025/4/11 8:00,7185.6
2025/4/11 8:15,7191.6
2025/4/11 8:30,7190.4
2025/4/11 8:45,7213.2
2025/4/11 9:00,7262.4
2025/4/11 9:15,7246.8
2025/4/11 9:30,7293.6
2025/4/11 9:45,7221.6
2025/4/11 10:00,7203.6
2025/4/11 10:15,7273.2
2025/4/11 10:30,7240.8
2025/4/11 10:45,7220.4
2025/4/11 11:00,7406.4
2025/4/11 11:15,7380
2025/4/11 11:30,7450.8
2025/4/11 11:45,7528.8
2025/4/11 12:00,7431.6
2025/4/11 12:15,7363.2
2025/4/11 12:30,7472.4
2025/4/11 12:45,7498.8
2025/4/11 13:00,7410
2025/4/11 13:15,7384.8
2025/4/11 13:30,7396.8
2025/4/11 13:45,7418.4
2025/4/11 14:00,7298.4
2025/4/11 14:15,7201.2
2025/4/11 14:30,7386
2025/4/11 14:45,7440
2025/4/11 15:00,7322.4
2025/4/11 15:15,7400.4
2025/4/11 15:30,7297.2
2025/4/11 15:45,7297.2
2025/4/11 16:00,7333.2
2025/4/11 16:15,7364.4
2025/4/11 16:30,7327.2
2025/4/11 16:45,7400.4
2025/4/11 17:00,7470
2025/4/11 17:15,7485.6
2025/4/11 17:30,7257.6
2025/4/11 17:45,7225.2
2025/4/11 18:00,7288.8
2025/4/11 18:15,7323.6
2025/4/11 18:30,7279.2
2025/4/11 18:45,7192.8
2025/4/11 19:00,7256.4
2025/4/11 19:15,7220.4
2025/4/11 19:30,7249.2
2025/4/11 19:45,7134
2025/4/11 20:00,7176
2025/4/11 20:15,7250.4
2025/4/11 20:30,7188
2025/4/11 20:45,7081.2
2025/4/11 21:00,7134
2025/4/11 21:15,7489.2
2025/4/11 21:30,7206
2025/4/11 21:45,7134
2025/4/11 22:00,7228.8
2025/4/11 22:15,7182
2025/4/11 22:30,7254
2025/4/11 22:45,7266
2025/4/11 23:00,7131.6
2025/4/11 23:15,7264.8
2025/4/11 23:30,7046.4
2025/4/11 23:45,7222.8
2025/4/12 0:00,7254
2025/4/12 0:15,7023.6
2025/4/12 0:30,7153.2
2025/4/12 0:45,7060.8
2025/4/12 1:00,7248
2025/4/12 1:15,7033.2
2025/4/12 1:30,7263.6
2025/4/12 1:45,7030.8
2025/4/12 2:00,7075.2
2025/4/12 2:15,7147.2
2025/4/12 2:30,7125.6
2025/4/12 2:45,7188
2025/4/12 3:00,7119.6
2025/4/12 3:15,7317.6
2025/4/12 3:30,7249.2
2025/4/12 3:45,7213.2
2025/4/12 4:00,7200
2025/4/12 4:15,7168.8
2025/4/12 4:30,7228.8
2025/4/12 4:45,7065.6
2025/4/12 5:00,7123.2
2025/4/12 5:15,7032
2025/4/12 5:30,7134
2025/4/12 5:45,6969.6
2025/4/12 6:00,7003.2
2025/4/12 6:15,7045.2
2025/4/12 6:30,6866.4
2025/4/12 6:45,6903.6
2025/4/12 7:00,6831.6
2025/4/12 7:15,6829.2
2025/4/12 7:30,6718.8
2025/4/12 7:45,6840
2025/4/12 8:00,6811.2
2025/4/12 8:15,6769.2
2025/4/12 8:30,6847.2
2025/4/12 8:45,6835.2
2025/4/12 9:00,6772.8
2025/4/12 9:15,6946.8
2025/4/12 9:30,6883.2
2025/4/12 9:45,6763.2
2025/4/12 10:00,6886.8
2025/4/12 10:15,6991.2
2025/4/12 10:30,7005.6
2025/4/12 10:45,6835.2
2025/4/12 11:00,7389.6
2025/4/12 11:15,7327.2
2025/4/12 11:30,7232.4
2025/4/12 11:45,7118.4
2025/4/12 12:00,7122
2025/4/12 12:15,7178.4
2025/4/12 12:30,7200
2025/4/12 12:45,7280.4
2025/4/12 13:00,7255.2
2025/4/12 13:15,7206
2025/4/12 13:30,7269.6
2025/4/12 13:45,7212
2025/4/12 14:00,7190.4
2025/4/12 14:15,7334.4
2025/4/12 14:30,7369.2
2025/4/12 14:45,7248
2025/4/12 15:00,7226.4
2025/4/12 15:15,7294.8
2025/4/12 15:30,7302
2025/4/12 15:45,7304.4
2025/4/12 16:00,7366.8
2025/4/12 16:15,7375.2
2025/4/12 16:30,7311.6
2025/4/12 16:45,7104
2025/4/12 17:00,7155.6
2025/4/12 17:15,7152
2025/4/12 17:30,7338
2025/4/12 17:45,7196.4
2025/4/12 18:00,7267.2
2025/4/12 18:15,7258.8
2025/4/12 18:30,7354.8
2025/4/12 18:45,7183.2
2025/4/12 19:00,7296
2025/4/12 19:15,7236
2025/4/12 19:30,7189.2
2025/4/12 19:45,7130.4
2025/4/12 20:00,7288.8
2025/4/12 20:15,7294.8
2025/4/12 20:30,7094.4
2025/4/12 20:45,7208.4
2025/4/12 21:00,7176
2025/4/12 21:15,7124.4
2025/4/12 21:30,7018.8
2025/4/12 21:45,7148.4
2025/4/12 22:00,7203.6
2025/4/12 22:15,6988.8
2025/4/12 22:30,6961.2
2025/4/12 22:45,6996
2025/4/12 23:00,6937.2
2025/4/12 23:15,6942
2025/4/12 23:30,6901.2
2025/4/12 23:45,6937.2
2025/4/13 0:00,7066.8
2025/4/13 0:15,6926.4
2025/4/13 0:30,6972
2025/4/13 0:45,7044
2025/4/13 1:00,7039.2
2025/4/13 1:15,7011.6
2025/4/13 1:30,7130.4
2025/4/13 1:45,7160.4
2025/4/13 2:00,7058.4
2025/4/13 2:15,6975.6
2025/4/13 2:30,7099.2
2025/4/13 2:45,7143.6
2025/4/13 3:00,7148.4
2025/4/13 3:15,7165.2
2025/4/13 3:30,7204.8
2025/4/13 3:45,7225.2
2025/4/13 4:00,7240.8
2025/4/13 4:15,7221.6
2025/4/13 4:30,7178.4
2025/4/13 4:45,7244.4
2025/4/13 5:00,7220.4
2025/4/13 5:15,7202.4
2025/4/13 5:30,7185.6
2025/4/13 5:45,7123.2
2025/4/13 6:00,7178.4
2025/4/13 6:15,7178.4
2025/4/13 6:30,7172.4
2025/4/13 6:45,7137.6
2025/4/13 7:00,7197.6
2025/4/13 7:15,7198.8
2025/4/13 7:30,7221.6
2025/4/13 7:45,7359.6
2025/4/13 8:00,7393.2
2025/4/13 8:15,7446
2025/4/13 8:30,7390.8
2025/4/13 8:45,7281.6
2025/4/13 9:00,7382.4
2025/4/13 9:15,7509.6
2025/4/13 9:30,7512
2025/4/13 9:45,7410
2025/4/13 10:00,7508.4
2025/4/13 10:15,7581.6
2025/4/13 10:30,7578
2025/4/13 10:45,7514.4
2025/4/13 11:00,7510.8
2025/4/13 11:15,7503.6
2025/4/13 11:30,7454.4
2025/4/13 11:45,7174.8
2025/4/13 12:00,7414.8
2025/4/13 12:15,7394.4
2025/4/13 12:30,7442.4
2025/4/13 12:45,7410
2025/4/13 13:00,7345.2
2025/4/13 13:15,7340.4
2025/4/13 13:30,7364.4
2025/4/13 13:45,7405.2
2025/4/13 14:00,7416
2025/4/13 14:15,7384.8
2025/4/13 14:30,7382.4
2025/4/13 14:45,7341.6
2025/4/13 15:00,7436.4
2025/4/13 15:15,7446
2025/4/13 15:30,7470
2025/4/13 15:45,7212
2025/4/13 16:00,7350
2025/4/13 16:15,7450.8
2025/4/13 16:30,7395.6
2025/4/13 16:45,7138.8
2025/4/13 17:00,7040.4
2025/4/13 17:15,7162.8
2025/4/13 17:30,7092
2025/4/13 17:45,7185.6
2025/4/13 18:00,7233.6
2025/4/13 18:15,7398
2025/4/13 18:30,7383.6
2025/4/13 18:45,7196.4
2025/4/13 19:00,7142.4
2025/4/13 19:15,7119.6
2025/4/13 19:30,7098
2025/4/13 19:45,7120.8
2025/4/13 20:00,7252.8
2025/4/13 20:15,7365.6
2025/4/13 20:30,7485.6
2025/4/13 20:45,7264.8
2025/4/13 21:00,7261.2
2025/4/13 21:15,7076.4
2025/4/13 21:30,7275.6
2025/4/13 21:45,7314
2025/4/13 22:00,7376.4
2025/4/13 22:15,7287.6
2025/4/13 22:30,7279.2
2025/4/13 22:45,7287.6
2025/4/13 23:00,7230
2025/4/13 23:15,7372.8
2025/4/13 23:30,7496.4
2025/4/13 23:45,7368
2025/4/14 0:00,7326
2025/4/14 0:15,7378.8
2025/4/14 0:30,7204.8
2025/4/14 0:45,7502.4
2025/4/14 1:00,7485.6
2025/4/14 1:15,7490.4
2025/4/14 1:30,7304.4
2025/4/14 1:45,7422
2025/4/14 2:00,7389.6
2025/4/14 2:15,7362
2025/4/14 2:30,7464
2025/4/14 2:45,7590
2025/4/14 3:00,7472.4
2025/4/14 3:15,7489.2
2025/4/14 3:30,7450.8
2025/4/14 3:45,7472.4
2025/4/14 4:00,7557.6
2025/4/14 4:15,7598.4
2025/4/14 4:30,7437.6
2025/4/14 4:45,7363.2
2025/4/14 5:00,7353.6
2025/4/14 5:15,7220.4
2025/4/14 5:30,7428
2025/4/14 5:45,7446
2025/4/14 6:00,7282.8
2025/4/14 6:15,7216.8
2025/4/14 6:30,7248
2025/4/14 6:45,7129.2
2025/4/14 7:00,7299.6
2025/4/14 7:15,7298.4
2025/4/14 7:30,7429.2
2025/4/14 7:45,7449.6
2025/4/14 8:00,7323.6
2025/4/14 8:15,7272
2025/4/14 8:30,7317.6
2025/4/14 8:45,7341.6
2025/4/14 9:00,7346.4
2025/4/14 9:15,7401.6
2025/4/14 9:30,7351.2
2025/4/14 9:45,7308
2025/4/14 10:00,7492.8
2025/4/14 10:15,7443.6
2025/4/14 10:30,7440
2025/4/14 10:45,7536
2025/4/14 11:00,7648.8
2025/4/14 11:15,7324.8
2025/4/14 11:30,7284
2025/4/14 11:45,7419.6
2025/4/14 12:00,7443.6
2025/4/14 12:15,7314
2025/4/14 12:30,7434
2025/4/14 12:45,7374
2025/4/14 13:00,7405.2
2025/4/14 13:15,7371.6
2025/4/14 13:30,7330.8
2025/4/14 13:45,7354.8
2025/4/14 14:00,7428
2025/4/14 14:15,7466.4
2025/4/14 14:30,7348.8
2025/4/14 14:45,7387.2
2025/4/14 15:00,7476
2025/4/14 15:15,7526.4
2025/4/14 15:30,7542
2025/4/14 15:45,7458
2025/4/14 16:00,7474.8
2025/4/14 16:15,7472.4
2025/4/14 16:30,7404
2025/4/14 16:45,7497.6
2025/4/14 17:00,7483.2
2025/4/14 17:15,7518
2025/4/14 17:30,7336.8
2025/4/14 17:45,7671.6
2025/4/14 18:00,7550.4
2025/4/14 18:15,7608
2025/4/14 18:30,7490.4
2025/4/14 18:45,7611.6
2025/4/14 19:00,7408.8
2025/4/14 19:15,7527.6
2025/4/14 19:30,7388.4
2025/4/14 19:45,7338
2025/4/14 20:00,7557.6
2025/4/14 20:15,7468.8
2025/4/14 20:30,7498.8
2025/4/14 20:45,7563.6
2025/4/14 21:00,7479.6
2025/4/14 21:15,7537.2
2025/4/14 21:30,7412.4
2025/4/14 21:45,7380
2025/4/14 22:00,7428
2025/4/14 22:15,7438.8
2025/4/14 22:30,7580.4
2025/4/14 22:45,7520.4
2025/4/14 23:00,7237.2
2025/4/14 23:15,7401.6
2025/4/14 23:30,7411.2
2025/4/14 23:45,7224
2025/4/15 0:00,7255.2
2025/4/15 0:15,7266
2025/4/15 0:30,7263.6
2025/4/15 0:45,7411.2
2025/4/15 1:00,7188
2025/4/15 1:15,7288.8
2025/4/15 1:30,7284
2025/4/15 1:45,7258.8
2025/4/15 2:00,7224
2025/4/15 2:15,7207.2
2025/4/15 2:30,7272
2025/4/15 2:45,7248
2025/4/15 3:00,7177.2
2025/4/15 3:15,7185.6
2025/4/15 3:30,7274.4
2025/4/15 3:45,7308
2025/4/15 4:00,7118.4
2025/4/15 4:15,7156.8
2025/4/15 4:30,7114.8
2025/4/15 4:45,7118.4
2025/4/15 5:00,7100.4
2025/4/15 5:15,7080
2025/4/15 5:30,7146
2025/4/15 5:45,7147.2
2025/4/15 6:00,7023.6
2025/4/15 6:15,7057.2
2025/4/15 6:30,7098
2025/4/15 6:45,7092
2025/4/15 7:00,7053.6
2025/4/15 7:15,7008
2025/4/15 7:30,7081.2
2025/4/15 7:45,7035.6
2025/4/15 8:00,7018.8
2025/4/15 8:15,7232.4
2025/4/15 8:30,7233.6
2025/4/15 8:45,7263.6
2025/4/15 9:00,7215.6
2025/4/15 9:15,7300.8
2025/4/15 9:30,7399.2
2025/4/15 9:45,7480.8
2025/4/15 10:00,7376.4
2025/4/15 10:15,7372.8
2025/4/15 10:30,7382.4
2025/4/15 10:45,7290
2025/4/15 11:00,7356
2025/4/15 11:15,7309.2
2025/4/15 11:30,7317.6
2025/4/15 11:45,7450.8
2025/4/15 12:00,7484.4
2025/4/15 12:15,7502.4
2025/4/15 12:30,7458
2025/4/15 12:45,7284
2025/4/15 13:00,7312.8
2025/4/15 13:15,7414.8
2025/4/15 13:30,7436.4
2025/4/15 13:45,7472.4
2025/4/15 14:00,7287.6
2025/4/15 14:15,7194
2025/4/15 14:30,7381.2
2025/4/15 14:45,7274.4
2025/4/15 15:00,7468.8
2025/4/15 15:15,7410
2025/4/15 15:30,7492.8
2025/4/15 15:45,7558.8
2025/4/15 16:00,7605.6
2025/4/15 16:15,7690.8
2025/4/15 16:30,7388.4
2025/4/15 16:45,7446
2025/4/15 17:00,7449.6
2025/4/15 17:15,7420.8
2025/4/15 17:30,7480.8
2025/4/15 17:45,7383.6
2025/4/15 18:00,7568.4
2025/4/15 18:15,7513.2
2025/4/15 18:30,7461.6
2025/4/15 18:45,7586.4
2025/4/15 19:00,7615.2
2025/4/15 19:15,7582.8
2025/4/15 19:30,7658.4
2025/4/15 19:45,7531.2
2025/4/15 20:00,7455.6
2025/4/15 20:15,7450.8
2025/4/15 20:30,7453.2
2025/4/15 20:45,7448.4
2025/4/15 21:00,7478.4
2025/4/15 21:15,7642.8
2025/4/15 21:30,7536
2025/4/15 21:45,7498.8
2025/4/15 22:00,7419.6
2025/4/15 22:15,7540.8
2025/4/15 22:30,7539.6
2025/4/15 22:45,7550.4
2025/4/15 23:00,7543.2
2025/4/15 23:15,7376.4
2025/4/15 23:30,7443.6
2025/4/15 23:45,7480.8
2025/4/16 0:00,7501.2
2025/4/16 0:15,7447.2
2025/4/16 0:30,7396.8
2025/4/16 0:45,7399.2
2025/4/16 1:00,7446
2025/4/16 1:15,7442.4
2025/4/16 1:30,7298.4
2025/4/16 1:45,7333.2
2025/4/16 2:00,7503.6
2025/4/16 2:15,7429.2
2025/4/16 2:30,7324.8
2025/4/16 2:45,7375.2
2025/4/16 3:00,7303.2
2025/4/16 3:15,7290
2025/4/16 3:30,7357.2
2025/4/16 3:45,7275.6
2025/4/16 4:00,7264.8
2025/4/16 4:15,7318.8
2025/4/16 4:30,7359.6
2025/4/16 4:45,7429.2
2025/4/16 5:00,7358.4
2025/4/16 5:15,7252.8
2025/4/16 5:30,7359.6
2025/4/16 5:45,7382.4
2025/4/16 6:00,7338
2025/4/16 6:15,7228.8
2025/4/16 6:30,7147.2
2025/4/16 6:45,7292.4
2025/4/16 7:00,7214.4
2025/4/16 7:15,7191.6
2025/4/16 7:30,7231.2
2025/4/16 7:45,7402.8
2025/4/16 8:00,7437.6
2025/4/16 8:15,7368
2025/4/16 8:30,7296
2025/4/16 8:45,7423.2
2025/4/16 9:00,7416
2025/4/16 9:15,7532.4
2025/4/16 9:30,7479.6
2025/4/16 9:45,7362
2025/4/16 10:00,7393.2
2025/4/16 10:15,7563.6
2025/4/16 10:30,7569.6
2025/4/16 10:45,7567.2
2025/4/16 11:00,7413.6
2025/4/16 11:15,7563.6
2025/4/16 11:30,7576.8
2025/4/16 11:45,7562.4
2025/4/16 12:00,7515.6
2025/4/16 12:15,7360.8
2025/4/16 12:30,7555.2
2025/4/16 12:45,7573.2
2025/4/16 13:00,7658.4
2025/4/16 13:15,7638
2025/4/16 13:30,7588.8
2025/4/16 13:45,7566
2025/4/16 14:00,7572
2025/4/16 14:15,7606.8
2025/4/16 14:30,7665.6
2025/4/16 14:45,7656
2025/4/16 15:00,5749.2
2025/4/16 15:15,7654.8
2025/4/16 15:30,7479.6
2025/4/16 15:45,7254
2025/4/16 16:00,7369.2
2025/4/16 16:15,7413.6
2025/4/16 16:30,7256.4
2025/4/16 16:45,7306.8
2025/4/16 17:00,7269.6
2025/4/16 17:15,7479.6
2025/4/16 17:30,7416
2025/4/16 17:45,7266
2025/4/16 18:00,7491.6
2025/4/16 18:15,7419.6
2025/4/16 18:30,7210.8
2025/4/16 18:45,7273.2
2025/4/16 19:00,7281.6
2025/4/16 19:15,7299.6
2025/4/16 19:30,7394.4
2025/4/16 19:45,7297.2
2025/4/16 20:00,7448.4
2025/4/16 20:15,7548
2025/4/16 20:30,7424.4
2025/4/16 20:45,7404
2025/4/16 21:00,7399.2
2025/4/16 21:15,7444.8
2025/4/16 21:30,7389.6
2025/4/16 21:45,7294.8
2025/4/16 22:00,7346.4
2025/4/16 22:15,7291.2
2025/4/16 22:30,7413.6
2025/4/16 22:45,7455.6
2025/4/16 23:00,7345.2
2025/4/16 23:15,7384.8
2025/4/16 23:30,7245.6
2025/4/16 23:45,7178.4
2025/4/17 0:00,7231.2
2025/4/17 0:15,7243.2
2025/4/17 0:30,7288.8
2025/4/17 0:45,7336.8
2025/4/17 1:00,7216.8
2025/4/17 1:15,7357.2
2025/4/17 1:30,7194
2025/4/17 1:45,7323.6
2025/4/17 2:00,7293.6
2025/4/17 2:15,7359.6
2025/4/17 2:30,7440
2025/4/17 2:45,7296
2025/4/17 3:00,7318.8
2025/4/17 3:15,7396.8
2025/4/17 3:30,7369.2
2025/4/17 3:45,7411.2
2025/4/17 4:00,7381.2
2025/4/17 4:15,7254
2025/4/17 4:30,7308
2025/4/17 4:45,7196.4
2025/4/17 5:00,7281.6
2025/4/17 5:15,7161.6
2025/4/17 5:30,7108.8
2025/4/17 5:45,7099.2
2025/4/17 6:00,7128
2025/4/17 6:15,7248
2025/4/17 6:30,7173.6
2025/4/17 6:45,6984
2025/4/17 7:00,7094.4
2025/4/17 7:15,7116
2025/4/17 7:30,7106.4
2025/4/17 7:45,7254
2025/4/17 8:00,7194
2025/4/17 8:15,7281.6
2025/4/17 8:30,7304.4
2025/4/17 8:45,7312.8
2025/4/17 9:00,7388.4
2025/4/17 9:15,7392
2025/4/17 9:30,7422
2025/4/17 9:45,7362
2025/4/17 10:00,7377.6
2025/4/17 10:15,7209.6
2025/4/17 10:30,7287.6
2025/4/17 10:45,7308
2025/4/17 11:00,7329.6
2025/4/17 11:15,7404
2025/4/17 11:30,7350
2025/4/17 11:45,7257.6
2025/4/17 12:00,7221.6
2025/4/17 12:15,7227.6
2025/4/17 12:30,7182
2025/4/17 12:45,7238.4
2025/4/17 13:00,7060.8
2025/4/17 13:15,7038
2025/4/17 13:30,7040.4
2025/4/17 13:45,7125.6
2025/4/17 14:00,7162.8
2025/4/17 14:15,7317.6
2025/4/17 14:30,7356
2025/4/17 14:45,7254
2025/4/17 15:00,7244.4
2025/4/17 15:15,7464
2025/4/17 15:30,7446
2025/4/17 15:45,7447.2
2025/4/17 16:00,7359.6
2025/4/17 16:15,7430.4
2025/4/17 16:30,7287.6
2025/4/17 16:45,7531.2
2025/4/17 17:00,7504.8
2025/4/17 17:15,7412.4
2025/4/17 17:30,7345.2
2025/4/17 17:45,7465.2
2025/4/17 18:00,7402.8
2025/4/17 18:15,7381.2
2025/4/17 18:30,7432.8
2025/4/17 18:45,7467.6
2025/4/17 19:00,7400.4
2025/4/17 19:15,7408.8
2025/4/17 19:30,7370.4
2025/4/17 19:45,7411.2
2025/4/17 20:00,7254
2025/4/17 20:15,7183.2
2025/4/17 20:30,7424.4
2025/4/17 20:45,7461.6
2025/4/17 21:00,7393.2
2025/4/17 21:15,7440
2025/4/17 21:30,7404
2025/4/17 21:45,7518
2025/4/17 22:00,7400.4
2025/4/17 22:15,7432.8
2025/4/17 22:30,7369.2
2025/4/17 22:45,7345.2
2025/4/17 23:00,7414.8
2025/4/17 23:15,7400.4
2025/4/17 23:30,7336.8
2025/4/17 23:45,7323.6
2025/4/18 0:00,7312.8
2025/4/18 0:15,7312.8
2025/4/18 0:30,7344
2025/4/18 0:45,7370.4
2025/4/18 1:00,7306.8
2025/4/18 1:15,7350
2025/4/18 1:30,7406.4
2025/4/18 1:45,7377.6
2025/4/18 2:00,7298.4
2025/4/18 2:15,7371.6
2025/4/18 2:30,7416
2025/4/18 2:45,7425.6
2025/4/18 3:00,7268.4
2025/4/18 3:15,7342.8
2025/4/18 3:30,7401.6
2025/4/18 3:45,7435.2
2025/4/18 4:00,7371.6
2025/4/18 4:15,7333.2
2025/4/18 4:30,7323.6
2025/4/18 4:45,7377.6
2025/4/18 5:00,7404
2025/4/18 5:15,7356
2025/4/18 5:30,7212
2025/4/18 5:45,7303.2
2025/4/18 6:00,7342.8
2025/4/18 6:15,7327.2
2025/4/18 6:30,7328.4
2025/4/18 6:45,7322.4
2025/4/18 7:00,7372.8
2025/4/18 7:15,7468.8
2025/4/18 7:30,7407.6
2025/4/18 7:45,7447.2
2025/4/18 8:00,7297.2
2025/4/18 8:15,7384.8
2025/4/18 8:30,7340.4
2025/4/18 8:45,7454.4
2025/4/18 9:00,7375.2
2025/4/18 9:15,7419.6
2025/4/18 9:30,7401.6
2025/4/18 9:45,7335.6
2025/4/18 10:00,7417.2
2025/4/18 10:15,7401.6
2025/4/18 10:30,7250.4
2025/4/18 10:45,7332
2025/4/18 11:00,7414.8
2025/4/18 11:15,7494
2025/4/18 11:30,7347.6
2025/4/18 11:45,7242
2025/4/18 12:00,7364.4
2025/4/18 12:15,7332
2025/4/18 12:30,7405.2
2025/4/18 12:45,7366.8
2025/4/18 13:00,7183.2
2025/4/18 13:15,7336.8
2025/4/18 13:30,7371.6
2025/4/18 13:45,7464
2025/4/18 14:00,7443.6
2025/4/18 14:15,7412.4
2025/4/18 14:30,7269.6
2025/4/18 14:45,7386
2025/4/18 15:00,7357.2
2025/4/18 15:15,7400.4
2025/4/18 15:30,7418.4
2025/4/18 15:45,7330.8
2025/4/18 16:00,7315.2
2025/4/18 16:15,7308
2025/4/18 16:30,7346.4
2025/4/18 16:45,7336.8
2025/4/18 17:00,7351.2
2025/4/18 17:15,7305.6
2025/4/18 17:30,7184.4
2025/4/18 17:45,7270.8
2025/4/18 18:00,7338
2025/4/18 18:15,7286.4
2025/4/18 18:30,7132.8
2025/4/18 18:45,7150.8
2025/4/18 19:00,7178.4
2025/4/18 19:15,7257.6
2025/4/18 19:30,7263.6
2025/4/18 19:45,7098
2025/4/18 20:00,7075.2
2025/4/18 20:15,7194
2025/4/18 20:30,7294.8
2025/4/18 20:45,7125.6
2025/4/18 21:00,7158
2025/4/18 21:15,7224
2025/4/18 21:30,7224
2025/4/18 21:45,7352.4
2025/4/18 22:00,7256.4
2025/4/18 22:15,7112.4
2025/4/18 22:30,7186.8
2025/4/18 22:45,7294.8
2025/4/18 23:00,7298.4
2025/4/18 23:15,7298.4
2025/4/18 23:30,7162.8
2025/4/18 23:45,7105.2
2025/4/19 0:00,7224
2025/4/19 0:15,7212
2025/4/19 0:30,7210.8
2025/4/19 0:45,7219.2
2025/4/19 1:00,7209.6
2025/4/19 1:15,7214.4
2025/4/19 1:30,7204.8
2025/4/19 1:45,7189.2
2025/4/19 2:00,7190.4
2025/4/19 2:15,7213.2
2025/4/19 2:30,7162.8
2025/4/19 2:45,7179.6
2025/4/19 3:00,7166.4
2025/4/19 3:15,7147.2
2025/4/19 3:30,7166.4
2025/4/19 3:45,7172.4
2025/4/19 4:00,7114.8
2025/4/19 4:15,7178.4
2025/4/19 4:30,7132.8
2025/4/19 4:45,7107.6
2025/4/19 5:00,7122
2025/4/19 5:15,7117.2
2025/4/19 5:30,7057.2
2025/4/19 5:45,7058.4
2025/4/19 6:00,7089.6
2025/4/19 6:15,7086
2025/4/19 6:30,7064.4
2025/4/19 6:45,7105.2
2025/4/19 7:00,7159.2
2025/4/19 7:15,7167.6
2025/4/19 7:30,7128
2025/4/19 7:45,7135.2
2025/4/19 8:00,7153.2
2025/4/19 8:15,7206
2025/4/19 8:30,7262.4
2025/4/19 8:45,7234.8
2025/4/19 9:00,7269.6
2025/4/19 9:15,7294.8
2025/4/19 9:30,7286.4
2025/4/19 9:45,7387.2
2025/4/19 10:00,7418.4
2025/4/19 10:15,7394.4
2025/4/19 10:30,7411.2
2025/4/19 10:45,7372.8
2025/4/19 11:00,7377.6
2025/4/19 11:15,7365.6
2025/4/19 11:30,7360.8
2025/4/19 11:45,7369.2
2025/4/19 12:00,7332
2025/4/19 12:15,7344
2025/4/19 12:30,7357.2
2025/4/19 12:45,7392
2025/4/19 13:00,7399.2
2025/4/19 13:15,7381.2
2025/4/19 13:30,7407.6
2025/4/19 13:45,7437.6
2025/4/19 14:00,7486.8
2025/4/19 14:15,7501.2
2025/4/19 14:30,7518
2025/4/19 14:45,7582.8
2025/4/19 15:00,7532.4
2025/4/19 15:15,7533.6
2025/4/19 15:30,7550.4
2025/4/19 15:45,7560
2025/4/19 16:00,7518
2025/4/19 16:15,7536
2025/4/19 16:30,7554
2025/4/19 16:45,7526.4
2025/4/19 17:00,7544.4
2025/4/19 17:15,7550.4
2025/4/19 17:30,7544.4
2025/4/19 17:45,7527.6
2025/4/19 18:00,7510.8
2025/4/19 18:15,7478.4
2025/4/19 18:30,7488
2025/4/19 18:45,7468.8
2025/4/19 19:00,7455.6
2025/4/19 19:15,7464
2025/4/19 19:30,7425.6
2025/4/19 19:45,7478.4
2025/4/19 20:00,7467.6
2025/4/19 20:15,7484.4
2025/4/19 20:30,7441.2
2025/4/19 20:45,7322.4
2025/4/19 21:00,7182
2025/4/19 21:15,7437.6
2025/4/19 21:30,7389.6
2025/4/19 21:45,7380
2025/4/19 22:00,7382.4
2025/4/19 22:15,7476
2025/4/19 22:30,7502.4
2025/4/19 22:45,7282.8
2025/4/19 23:00,7470
2025/4/19 23:15,7468.8
2025/4/19 23:30,7288.8
2025/4/19 23:45,7423.2
2025/4/20 0:00,7398
2025/4/20 0:15,7228.8
2025/4/20 0:30,7132.8
2025/4/20 0:45,7089.6
2025/4/20 1:00,7352.4
2025/4/20 1:15,7456.8
2025/4/20 1:30,7266
2025/4/20 1:45,7345.2
2025/4/20 2:00,7348.8
2025/4/20 2:15,7202.4
2025/4/20 2:30,7298.4
2025/4/20 2:45,7192.8
2025/4/20 3:00,7340.4
2025/4/20 3:15,7417.2
2025/4/20 3:30,7352.4
2025/4/20 3:45,7198.8
2025/4/20 4:00,7368
2025/4/20 4:15,7365.6
2025/4/20 4:30,7303.2
2025/4/20 4:45,7254
2025/4/20 5:00,7266
2025/4/20 5:15,7338
2025/4/20 5:30,7346.4
2025/4/20 5:45,7281.6
2025/4/20 6:00,7233.6
2025/4/20 6:15,7256.4
2025/4/20 6:30,7237.2
2025/4/20 6:45,7312.8
2025/4/20 7:00,7300.8
2025/4/20 7:15,7299.6
2025/4/20 7:30,7190.4
2025/4/20 7:45,7039.2
2025/4/20 8:00,7201.2
2025/4/20 8:15,7123.2
2025/4/20 8:30,7267.2
2025/4/20 8:45,7311.6
2025/4/20 9:00,7260
2025/4/20 9:15,7261.2
2025/4/20 9:30,7195.2
2025/4/20 9:45,7228.8
2025/4/20 10:00,7297.2
2025/4/20 10:15,7222.8
2025/4/20 10:30,7172.4
2025/4/20 10:45,7208.4
2025/4/20 11:00,7168.8
2025/4/20 11:15,7213.2
2025/4/20 11:30,7369.2
2025/4/20 11:45,7370.4
2025/4/20 12:00,7104
2025/4/20 12:15,7257.6
2025/4/20 12:30,7224
2025/4/20 12:45,7233.6
2025/4/20 13:00,7213.2
2025/4/20 13:15,7238.4
2025/4/20 13:30,7340.4
2025/4/20 13:45,7339.2
2025/4/20 14:00,7303.2
2025/4/20 14:15,7118.4
2025/4/20 14:30,7358.4
2025/4/20 14:45,7347.6
2025/4/20 15:00,7272
2025/4/20 15:15,7426.8
2025/4/20 15:30,7352.4
2025/4/20 15:45,7347.6
2025/4/20 16:00,7335.6
2025/4/20 16:15,7363.2
2025/4/20 16:30,7332
2025/4/20 16:45,7312.8
2025/4/20 17:00,7334.4
2025/4/20 17:15,7218
2025/4/20 17:30,7249.2
2025/4/20 17:45,7195.2
2025/4/20 18:00,7248
2025/4/20 18:15,7227.6
2025/4/20 18:30,7096.8
2025/4/20 18:45,7196.4
2025/4/20 19:00,7101.6
2025/4/20 19:15,7138.8
2025/4/20 19:30,7122
2025/4/20 19:45,7130.4
2025/4/20 20:00,7140
2025/4/20 20:15,7089.6
2025/4/20 20:30,7090.8
2025/4/20 20:45,7107.6
2025/4/20 21:00,7249.2
2025/4/20 21:15,7238.4
2025/4/20 21:30,7093.2
2025/4/20 21:45,7243.2
2025/4/20 22:00,7177.2
2025/4/20 22:15,7102.8
2025/4/20 22:30,7041.6
2025/4/20 22:45,7170
2025/4/20 23:00,7160.4
2025/4/20 23:15,7158
2025/4/20 23:30,7050
2025/4/20 23:45,6967.2
2025/4/21 0:00,7071.6
2025/4/21 0:15,7086
2025/4/21 0:30,7102.8
2025/4/21 0:45,7074
2025/4/21 1:00,7022.4
2025/4/21 1:15,7066.8
2025/4/21 1:30,7072.8
2025/4/21 1:45,7094.4
2025/4/21 2:00,6963.6
2025/4/21 2:15,7148.4
2025/4/21 2:30,7044
2025/4/21 2:45,7046.4
2025/4/21 3:00,7167.6
2025/4/21 3:15,7156.8
2025/4/21 3:30,7095.6
2025/4/21 3:45,7122
2025/4/21 4:00,7090.8
2025/4/21 4:15,7028.4
2025/4/21 4:30,7059.6
2025/4/21 4:45,6984
2025/4/21 5:00,7010.4
2025/4/21 5:15,6984
2025/4/21 5:30,6987.6
2025/4/21 5:45,6951.6
2025/4/21 6:00,6928.8
2025/4/21 6:15,7015.2
2025/4/21 6:30,7023.6
2025/4/21 6:45,6915.6
2025/4/21 7:00,6880.8
2025/4/21 7:15,6980.4
2025/4/21 7:30,7048.8
2025/4/21 7:45,6936
2025/4/21 8:00,7063.2
2025/4/21 8:15,7041.6
2025/4/21 8:30,7021.2
2025/4/21 8:45,7029.6
2025/4/21 9:00,7080
2025/4/21 9:15,7116
2025/4/21 9:30,7154.4
2025/4/21 9:45,7147.2
2025/4/21 10:00,7093.2
2025/4/21 10:15,7137.6
2025/4/21 10:30,7155.6
2025/4/21 10:45,7297.2
2025/4/21 11:00,7332
2025/4/21 11:15,7350
2025/4/21 11:30,7321.2
2025/4/21 11:45,7310.4
2025/4/21 12:00,7258.8
2025/4/21 12:15,7206
2025/4/21 12:30,7311.6
2025/4/21 12:45,7358.4
2025/4/21 13:00,7340.4
2025/4/21 13:15,7315.2
2025/4/21 13:30,7311.6
2025/4/21 13:45,7370.4
2025/4/21 14:00,7354.8
2025/4/21 14:15,7386
2025/4/21 14:30,7322.4
2025/4/21 14:45,7336.8
2025/4/21 15:00,7351.2
2025/4/21 15:15,7269.6
2025/4/21 15:30,7266
2025/4/21 15:45,7278
2025/4/21 16:00,7272
2025/4/21 16:15,7264.8
2025/4/21 16:30,7239.6
2025/4/21 16:45,7180.8
2025/4/21 17:00,7214.4
2025/4/21 17:15,7220.4
2025/4/21 17:30,7238.4
2025/4/21 17:45,7318.8
2025/4/21 18:00,7282.8
2025/4/21 18:15,7374
2025/4/21 18:30,7357.2
2025/4/21 18:45,7309.2
2025/4/21 19:00,7327.2
2025/4/21 19:15,7408.8
2025/4/21 19:30,7323.6
2025/4/21 19:45,7376.4
2025/4/21 20:00,7382.4
2025/4/21 20:15,7306.8
2025/4/21 20:30,7334.4
2025/4/21 20:45,7353.6
2025/4/21 21:00,7353.6
2025/4/21 21:15,7395.6
2025/4/21 21:30,7425.6
2025/4/21 21:45,7382.4
2025/4/21 22:00,7371.6
2025/4/21 22:15,7334.4
2025/4/21 22:30,7411.2
2025/4/21 22:45,7321.2
2025/4/21 23:00,7294.8
2025/4/21 23:15,7338
2025/4/21 23:30,7288.8
2025/4/21 23:45,7296
2025/4/22 0:00,7245.6
2025/4/22 0:15,7068
2025/4/22 0:30,7227.6
2025/4/22 0:45,7081.2
2025/4/22 1:00,7111.2
2025/4/22 1:15,7296
2025/4/22 1:30,7272
2025/4/22 1:45,7264.8
2025/4/22 2:00,7092
2025/4/22 2:15,7167.6
2025/4/22 2:30,7252.8
2025/4/22 2:45,7177.2
2025/4/22 3:00,7273.2
2025/4/22 3:15,7320
2025/4/22 3:30,7326
2025/4/22 3:45,7251.6
2025/4/22 4:00,7191.6
2025/4/22 4:15,7173.6
2025/4/22 4:30,7196.4
2025/4/22 4:45,7191.6
2025/4/22 5:00,7154.4
2025/4/22 5:15,7086
2025/4/22 5:30,7083.6
2025/4/22 5:45,7119.6
2025/4/22 6:00,7117.2
2025/4/22 6:15,7167.6
2025/4/22 6:30,7164
2025/4/22 6:45,7135.2
2025/4/22 7:00,7104
2025/4/22 7:15,7084.8
2025/4/22 7:30,7141.2
2025/4/22 7:45,7138.8
2025/4/22 8:00,7119.6
2025/4/22 8:15,7137.6
2025/4/22 8:30,7162.8
2025/4/22 8:45,7173.6
2025/4/22 9:00,7154.4
2025/4/22 9:15,7220.4
2025/4/22 9:30,7172.4
2025/4/22 9:45,7212
2025/4/22 10:00,7248
2025/4/22 10:15,7291.2
2025/4/22 10:30,7278
2025/4/22 10:45,7350
2025/4/22 11:00,7308
2025/4/22 11:15,7345.2
2025/4/22 11:30,7279.2
2025/4/22 11:45,7239.6
2025/4/22 12:00,7255.2
2025/4/22 12:15,7272
2025/4/22 12:30,7268.4
2025/4/22 12:45,7374
2025/4/22 13:00,7286.4
2025/4/22 13:15,7287.6
2025/4/22 13:30,7303.2
2025/4/22 13:45,7405.2
2025/4/22 14:00,7396.8
2025/4/22 14:15,7414.8
2025/4/22 14:30,7383.6
2025/4/22 14:45,7300.8
2025/4/22 15:00,7382.4
2025/4/22 15:15,7400.4
2025/4/22 15:30,7360.8
2025/4/22 15:45,7436.4
2025/4/22 16:00,7413.6
2025/4/22 16:15,7251.6
2025/4/22 16:30,7412.4
2025/4/22 16:45,7372.8
2025/4/22 17:00,7348.8
2025/4/22 17:15,7398
2025/4/22 17:30,7398
2025/4/22 17:45,7396.8
2025/4/22 18:00,7398
2025/4/22 18:15,7384.8
2025/4/22 18:30,7162.8
2025/4/22 18:45,7150.8
2025/4/22 19:00,7362
2025/4/22 19:15,7376.4
2025/4/22 19:30,6981.6
2025/4/22 19:45,6916.8
2025/4/22 20:00,6949.2
2025/4/22 20:15,7056
2025/4/22 20:30,7008
2025/4/22 20:45,7294.8
2025/4/22 21:00,7284
2025/4/22 21:15,7296
2025/4/22 21:30,7242
2025/4/22 21:45,7262.4
2025/4/22 22:00,7220.4
2025/4/22 22:15,7204.8
2025/4/22 22:30,7239.6
2025/4/22 22:45,7203.6
2025/4/22 23:00,7090.8
2025/4/22 23:15,7060.8
2025/4/22 23:30,7064.4
2025/4/22 23:45,7022.4
2025/4/23 0:00,7212
2025/4/23 0:15,7041.6
2025/4/23 0:30,7290
2025/4/23 0:45,7314
2025/4/23 1:00,7057.2
2025/4/23 1:15,7270.8
2025/4/23 1:30,7273.2
2025/4/23 1:45,7251.6
2025/4/23 2:00,7326
2025/4/23 2:15,7249.2
2025/4/23 2:30,7300.8
2025/4/23 2:45,7281.6
2025/4/23 3:00,7278
2025/4/23 3:15,7303.2
2025/4/23 3:30,7268.4
2025/4/23 3:45,7388.4
2025/4/23 4:00,7348.8
2025/4/23 4:15,7308
2025/4/23 4:30,7340.4
2025/4/23 4:45,7342.8
2025/4/23 5:00,7298.4
2025/4/23 5:15,7170
2025/4/23 5:30,7234.8
2025/4/23 5:45,7072.8
2025/4/23 6:00,7140
2025/4/23 6:15,7196.4
2025/4/23 6:30,7192.8
2025/4/23 6:45,7134
2025/4/23 7:00,7144.8
2025/4/23 7:15,7189.2
2025/4/23 7:30,7146
2025/4/23 7:45,7138.8
2025/4/23 8:00,7146
2025/4/23 8:15,7198.8
2025/4/23 8:30,7257.6
2025/4/23 8:45,7206
2025/4/23 9:00,7196.4
2025/4/23 9:15,7263.6
2025/4/23 9:30,7230
2025/4/23 9:45,7213.2
2025/4/23 10:00,7328.4
2025/4/23 10:15,7417.2
2025/4/23 10:30,7308
2025/4/23 10:45,7362
2025/4/23 11:00,7389.6
2025/4/23 11:15,7338
2025/4/23 11:30,7264.8
2025/4/23 11:45,7317.6
2025/4/23 12:00,7218
2025/4/23 12:15,7252.8
2025/4/23 12:30,7370.4
2025/4/23 12:45,7323.6
2025/4/23 13:00,7365.6
2025/4/23 13:15,7300.8
2025/4/23 13:30,7305.6
2025/4/23 13:45,7296
2025/4/23 14:00,7102.8
2025/4/23 14:15,7346.4
2025/4/23 14:30,7341.6
2025/4/23 14:45,7306.8
2025/4/23 15:00,7080
2025/4/23 15:15,7272
2025/4/23 15:30,7291.2
2025/4/23 15:45,7380
2025/4/23 16:00,7395.6
2025/4/23 16:15,7405.2
2025/4/23 16:30,7203.6
2025/4/23 16:45,7381.2
2025/4/23 17:00,7431.6
2025/4/23 17:15,7378.8
2025/4/23 17:30,7413.6
2025/4/23 17:45,7213.2
2025/4/23 18:00,7369.2
2025/4/23 18:15,7404
2025/4/23 18:30,7282.8
2025/4/23 18:45,7261.2
2025/4/23 19:00,7359.6
2025/4/23 19:15,7372.8
2025/4/23 19:30,7377.6
2025/4/23 19:45,7316.4
2025/4/23 20:00,7388.4
2025/4/23 20:15,7274.4
2025/4/23 20:30,7386
2025/4/23 20:45,7347.6
2025/4/23 21:00,7278
2025/4/23 21:15,7375.2
2025/4/23 21:30,7506
2025/4/23 21:45,7202.4
2025/4/23 22:00,7234.8
2025/4/23 22:15,7452
2025/4/23 22:30,7477.2
2025/4/23 22:45,7513.2
2025/4/23 23:00,7239.6
2025/4/23 23:15,7182
2025/4/23 23:30,7092
2025/4/23 23:45,7353.6
2025/4/24 0:00,7320
2025/4/24 0:15,7284.6
2025/4/24 0:30,7218
2025/4/24 0:45,7206
2025/4/24 1:00,7285.2
2025/4/24 1:15,7262.4
2025/4/24 1:30,7140
2025/4/24 1:45,7237.2
2025/4/24 2:00,7272
2025/4/24 2:15,7288.8
2025/4/24 2:30,7214.4
2025/4/24 2:45,7267.2
2025/4/24 3:00,7231.2
2025/4/24 3:15,7278
2025/4/24 3:30,7242
2025/4/24 3:45,7186.8
2025/4/24 4:00,7273.2
2025/4/24 4:15,7303.2
2025/4/24 4:30,7213.2
2025/4/24 4:45,7180.8
2025/4/24 5:00,7126.8
2025/4/24 5:15,7108.8
2025/4/24 5:30,6882
2025/4/24 5:45,7083.6
2025/4/24 6:00,7069.2
2025/4/24 6:15,7065.6
2025/4/24 6:30,7100.4
2025/4/24 6:45,7084.8
2025/4/24 7:00,7134
2025/4/24 7:15,7102.8
2025/4/24 7:30,7166.4
2025/4/24 7:45,7093.2
2025/4/24 8:00,7111.2
2025/4/24 8:15,7088.4
2025/4/24 8:30,7057.2
2025/4/24 8:45,7143.6
2025/4/24 9:00,7233.6
2025/4/24 9:15,7227.6
2025/4/24 9:30,7401.6
2025/4/24 9:45,7232.4
2025/4/24 10:00,7274.4
2025/4/24 10:15,7280.4
2025/4/24 10:30,7437.6
2025/4/24 10:45,7435.2
2025/4/24 11:00,7380
2025/4/24 11:15,7366.8
2025/4/24 11:30,7441.2
2025/4/24 11:45,7390.8
2025/4/24 12:00,7496.4
2025/4/24 12:15,7513.2
2025/4/24 12:30,7486.8
2025/4/24 12:45,7582.8
2025/4/24 13:00,7478.4
2025/4/24 13:15,7587.6
2025/4/24 13:30,7555.2
2025/4/24 13:45,7539.6
2025/4/24 14:00,7510.8
2025/4/24 14:15,7533.6
2025/4/24 14:30,7402.8
2025/4/24 14:45,7532.4
2025/4/24 15:00,7491.6
2025/4/24 15:15,7515.6
2025/4/24 15:30,7359.6
2025/4/24 15:45,7440
2025/4/24 16:00,7467.6
2025/4/24 16:15,7425.6
2025/4/24 16:30,7372.8
2025/4/24 16:45,7430.4
2025/4/24 17:00,7639.2
2025/4/24 17:15,7522.8
2025/4/24 17:30,7485.6
2025/4/24 17:45,7467.6
2025/4/24 18:00,7538.4
2025/4/24 18:15,7338
2025/4/24 18:30,7496.4
2025/4/24 18:45,7591.2
2025/4/24 19:00,7556.4
2025/4/24 19:15,7483.2
2025/4/24 19:30,7567.2
2025/4/24 19:45,7461.6
2025/4/24 20:00,7479.6
2025/4/24 20:15,7351.2
2025/4/24 20:30,7434
2025/4/24 20:45,7431.6
2025/4/24 21:00,7264.8
2025/4/24 21:15,7449.6
2025/4/24 21:30,7544.4
2025/4/24 21:45,7593.6
2025/4/24 22:00,7518
2025/4/24 22:15,7374
2025/4/24 22:30,7537.2
2025/4/24 22:45,7387.2
2025/4/24 23:00,7501.2
2025/4/24 23:15,7404
2025/4/24 23:30,7413.6
2025/4/24 23:45,7394.4
2025/4/25 0:00,7321.2
2025/4/25 0:15,7365.6
2025/4/25 0:30,7341.6
2025/4/25 0:45,7483.2
2025/4/25 1:00,7506
2025/4/25 1:15,7563.6
2025/4/25 1:30,7494
2025/4/25 1:45,7509.6
2025/4/25 2:00,7410
2025/4/25 2:15,7447.2
2025/4/25 2:30,7455.6
2025/4/25 2:45,7430.4
2025/4/25 3:00,7496.4
2025/4/25 3:15,7263.6
2025/4/25 3:30,7522.8
2025/4/25 3:45,7461.6
2025/4/25 4:00,7438.8
2025/4/25 4:15,7476
2025/4/25 4:30,7477.2
2025/4/25 4:45,7495.2
2025/4/25 5:00,7287.6
2025/4/25 5:15,7434
2025/4/25 5:30,7442.4
2025/4/25 5:45,7400.4
2025/4/25 6:00,7340.4
2025/4/25 6:15,7298.4
2025/4/25 6:30,7276.8
2025/4/25 6:45,7293.6
2025/4/25 7:00,7347.6
2025/4/25 7:15,7278
2025/4/25 7:30,7218
2025/4/25 7:45,7120.8
2025/4/25 8:00,7380
2025/4/25 8:15,7309.2
2025/4/25 8:30,7333.2
2025/4/25 8:45,7422
2025/4/25 9:00,7440
2025/4/25 9:15,7437.6
2025/4/25 9:30,7378.8
2025/4/25 9:45,7551.6
2025/4/25 10:00,7305.6
2025/4/25 10:15,7326
2025/4/25 10:30,7261.2
2025/4/25 10:45,7328.4
2025/4/25 11:00,7341.6
2025/4/25 11:15,7190.4
2025/4/25 11:30,7227.6
2025/4/25 11:45,7195.2
2025/4/25 12:00,7428
2025/4/25 12:15,7262.4
2025/4/25 12:30,7214.4
2025/4/25 12:45,7237.2
2025/4/25 13:00,7246.8
2025/4/25 13:15,7282.8
2025/4/25 13:30,7166.4
2025/4/25 13:45,7173.6
2025/4/25 14:00,7202.4
2025/4/25 14:15,7246.8
2025/4/25 14:30,7396.8
2025/4/25 14:45,7429.2
2025/4/25 15:00,7149.6
2025/4/25 15:15,7306.8
2025/4/25 15:30,7372.8
2025/4/25 15:45,7381.2
2025/4/25 16:00,7292.4
2025/4/25 16:15,7246.8
2025/4/25 16:30,7282.8
2025/4/25 16:45,7399.2
2025/4/25 17:00,7294.8
2025/4/25 17:15,7413.6
2025/4/25 17:30,7474.8
2025/4/25 17:45,7533.6
2025/4/25 18:00,7471.2
2025/4/25 18:15,7488
2025/4/25 18:30,7449.6
2025/4/25 18:45,7459.2
2025/4/25 19:00,7461.6
2025/4/25 19:15,7494
2025/4/25 19:30,7456.8
2025/4/25 19:45,7525.2
2025/4/25 20:00,7527.6
2025/4/25 20:15,7357.2
2025/4/25 20:30,7376.4
2025/4/25 20:45,7418.4
2025/4/25 21:00,7408.8
2025/4/25 21:15,7562.4
2025/4/25 21:30,7592.4
2025/4/25 21:45,7593.6
2025/4/25 22:00,7495.2
2025/4/25 22:15,7554
2025/4/25 22:30,7556.4
2025/4/25 22:45,7468.8
2025/4/25 23:00,7472.4
2025/4/25 23:15,7384.8
2025/4/25 23:30,7387.2
2025/4/25 23:45,7424.4
2025/4/26 0:00,7411.2
2025/4/26 0:15,7412.4
2025/4/26 0:30,7363.2
2025/4/26 0:45,7395.6
2025/4/26 1:00,7329.6
2025/4/26 1:15,7364.4
2025/4/26 1:30,7417.2
2025/4/26 1:45,7354.8
2025/4/26 2:00,7381.2
2025/4/26 2:15,7388.4
2025/4/26 2:30,7357.2
2025/4/26 2:45,7384.8
2025/4/26 3:00,7233.6
2025/4/26 3:15,7365.6
2025/4/26 3:30,7297.2
2025/4/26 3:45,7336.8
2025/4/26 4:00,7312.8
2025/4/26 4:15,7284
2025/4/26 4:30,7282.8
2025/4/26 4:45,7298.4
2025/4/26 5:00,7252.8
2025/4/26 5:15,7210.8
2025/4/26 5:30,7201.2
2025/4/26 5:45,7192.8
2025/4/26 6:00,7208.4
2025/4/26 6:15,7279.2
2025/4/26 6:30,7201.2
2025/4/26 6:45,7102.8
2025/4/26 7:00,7203.6
2025/4/26 7:15,7239.6
2025/4/26 7:30,7257.6
2025/4/26 7:45,7244.4
2025/4/26 8:00,7215.6
2025/4/26 8:15,7214.4
2025/4/26 8:30,7194
2025/4/26 8:45,7260
2025/4/26 9:00,7226.4
2025/4/26 9:15,7375.2
2025/4/26 9:30,7348.8
2025/4/26 9:45,7431.6
2025/4/26 10:00,7520.4
2025/4/26 10:15,7495.2
2025/4/26 10:30,7338
2025/4/26 10:45,7500
2025/4/26 11:00,7531.2
2025/4/26 11:15,7575.6
2025/4/26 11:30,7540.8
2025/4/26 11:45,7314
2025/4/26 12:00,7528.8
2025/4/26 12:15,7489.2
2025/4/26 12:30,7348.8
2025/4/26 12:45,7561.2
2025/4/26 13:00,7513.2
2025/4/26 13:15,7603.2
2025/4/26 13:30,7514.4
2025/4/26 13:45,7539.6
2025/4/26 14:00,7423.2
2025/4/26 14:15,7549.2
2025/4/26 14:30,7522.8
2025/4/26 14:45,7628.4
2025/4/26 15:00,7656
2025/4/26 15:15,7698
2025/4/26 15:30,7627.2
2025/4/26 15:45,7515.6
2025/4/26 16:00,7627.2
2025/4/26 16:15,7728
2025/4/26 16:30,7580.4
2025/4/26 16:45,7740
2025/4/26 17:00,7620
2025/4/26 17:15,7698
2025/4/26 17:30,7623.6
2025/4/26 17:45,7539.6
2025/4/26 18:00,7444.8
2025/4/26 18:15,7634.4
2025/4/26 18:30,7404
2025/4/26 18:45,7579.2
2025/4/26 19:00,7551.6
2025/4/26 19:15,7554
2025/4/26 19:30,7460.4
2025/4/26 19:45,7526.4
2025/4/26 20:00,7492.8
2025/4/26 20:15,7464
2025/4/26 20:30,7465.2
2025/4/26 20:45,7429.2
2025/4/26 21:00,7585.2
2025/4/26 21:15,7518
2025/4/26 21:30,7496.4
2025/4/26 21:45,7393.2
2025/4/26 22:00,7454.4
2025/4/26 22:15,7454.4
2025/4/26 22:30,7429.2
2025/4/26 22:45,7406.4
2025/4/26 23:00,7363.2
2025/4/26 23:15,7269.6
2025/4/26 23:30,7396.8
2025/4/26 23:45,7360.8
2025/4/27 0:00,7298.4
2025/4/27 0:15,7308
2025/4/27 0:30,7342.8
2025/4/27 0:45,7329.6
2025/4/27 1:00,7353.6
2025/4/27 1:15,7306.8
2025/4/27 1:30,7311.6
2025/4/27 1:45,7302
2025/4/27 2:00,7276.8
2025/4/27 2:15,7224
2025/4/27 2:30,7078.8
2025/4/27 2:45,7298.4
2025/4/27 3:00,7210.8
2025/4/27 3:15,7256.4
2025/4/27 3:30,7249.2
2025/4/27 3:45,7286.4
2025/4/27 4:00,7263.6
2025/4/27 4:15,7148.4
2025/4/27 4:30,7275.6
2025/4/27 4:45,7179.6
2025/4/27 5:00,7216.8
2025/4/27 5:15,7164
2025/4/27 5:30,7188
2025/4/27 5:45,7182
2025/4/27 6:00,7105.2
2025/4/27 6:15,7244.4
2025/4/27 6:30,7099.2
2025/4/27 6:45,7160.4
2025/4/27 7:00,7136.4
2025/4/27 7:15,7095.6
2025/4/27 7:30,7172.4
2025/4/27 7:45,7179.6
2025/4/27 8:00,7053.6
2025/4/27 8:15,7198.8
2025/4/27 8:30,7183.2
2025/4/27 8:45,7269.6
2025/4/27 9:00,7200
2025/4/27 9:15,7288.8
2025/4/27 9:30,7158
2025/4/27 9:45,7236
2025/4/27 10:00,7286.4
2025/4/27 10:15,7280.4
2025/4/27 10:30,7219.2
2025/4/27 10:45,7284
2025/4/27 11:00,7285.2
2025/4/27 11:15,7267.2
2025/4/27 11:30,7215.6
2025/4/27 11:45,7204.8
2025/4/27 12:00,7321.2
2025/4/27 12:15,7153.2
2025/4/27 12:30,7309.2
2025/4/27 12:45,7100.4
2025/4/27 13:00,7254
2025/4/27 13:15,7237.2
2025/4/27 13:30,7273.2
2025/4/27 13:45,7080
2025/4/27 14:00,7182
2025/4/27 14:15,7194
2025/4/27 14:30,7213.2
2025/4/27 14:45,7171.2
2025/4/27 15:00,7220.4
2025/4/27 15:15,7147.2
2025/4/27 15:30,7216.8
2025/4/27 15:45,7068
2025/4/27 16:00,7176
2025/4/27 16:15,7240.8
2025/4/27 16:30,7308
2025/4/27 16:45,7300.8
2025/4/27 17:00,7237.2
2025/4/27 17:15,7158
2025/4/27 17:30,7221.6
2025/4/27 17:45,7260
2025/4/27 18:00,7180.8
2025/4/27 18:15,7135.2
2025/4/27 18:30,7171.2
2025/4/27 18:45,7118.4
2025/4/27 19:00,7128
2025/4/27 19:15,7150.8
2025/4/27 19:30,7135.2
2025/4/27 19:45,7101.6
2025/4/27 20:00,7141.2
2025/4/27 20:15,7172.4
2025/4/27 20:30,7190.4
2025/4/27 20:45,7284
2025/4/27 21:00,7335.6
2025/4/27 21:15,7150.8
2025/4/27 21:30,7303.2
2025/4/27 21:45,7208.4
2025/4/27 22:00,7212
2025/4/27 22:15,7261.2
2025/4/27 22:30,7284
2025/4/27 22:45,7173.6
2025/4/27 23:00,7161.6
2025/4/27 23:15,7231.2
2025/4/27 23:30,7233.6
2025/4/27 23:45,7093.2
2025/4/28 0:00,7184.4
2025/4/28 0:15,7234.8
2025/4/28 0:30,7192.8
2025/4/28 0:45,7180.8
2025/4/28 1:00,7210.8
2025/4/28 1:15,7195.2
2025/4/28 1:30,7152
2025/4/28 1:45,7160.4
2025/4/28 2:00,7141.2
2025/4/28 2:15,7130.4
2025/4/28 2:30,7183.2
2025/4/28 2:45,7005.6
2025/4/28 3:00,7060.8
2025/4/28 3:15,7106.4
2025/4/28 3:30,7082.4
2025/4/28 3:45,7038
2025/4/28 4:00,7131.6
2025/4/28 4:15,7083.6
2025/4/28 4:30,7131.6
2025/4/28 4:45,7122
2025/4/28 5:00,7184.4
2025/4/28 5:15,7185.6
2025/4/28 5:30,6934.8
2025/4/28 5:45,7200
2025/4/28 6:00,7112.4
2025/4/28 6:15,7179.6
2025/4/28 6:30,6957.6
2025/4/28 6:45,7171.2
2025/4/28 7:00,7128
2025/4/28 7:15,7168.8
2025/4/28 7:30,7154.4
2025/4/28 7:45,7182
2025/4/28 8:00,7166.4
2025/4/28 8:15,7183.2
2025/4/28 8:30,7186.8
2025/4/28 8:45,7220.4
2025/4/28 9:00,7269.6
2025/4/28 9:15,7246.8
2025/4/28 9:30,7302
2025/4/28 9:45,7274.4
2025/4/28 10:00,7242
2025/4/28 10:15,7251.6
2025/4/28 10:30,7303.2
2025/4/28 10:45,7262.4
2025/4/28 11:00,7316.4
2025/4/28 11:15,7320
2025/4/28 11:30,7278
2025/4/28 11:45,7351.2
2025/4/28 12:00,7310.4
2025/4/28 12:15,7347.6
2025/4/28 12:30,7312.8
2025/4/28 12:45,7315.2
2025/4/28 13:00,7408.8
2025/4/28 13:15,7418.4
2025/4/28 13:30,7414.8
2025/4/28 13:45,7374
2025/4/28 14:00,7444.8
2025/4/28 14:15,7434
2025/4/28 14:30,7479.6
2025/4/28 14:45,7428
2025/4/28 15:00,7422
2025/4/28 15:15,7502.4
2025/4/28 15:30,7446
2025/4/28 15:45,7477.2
2025/4/28 16:00,7503.6
2025/4/28 16:15,7406.4
2025/4/28 16:30,7435.2
2025/4/28 16:45,7458
2025/4/28 17:00,7431.6
2025/4/28 17:15,7404
2025/4/28 17:30,7408.8
2025/4/28 17:45,7458
2025/4/28 18:00,7504.8
2025/4/28 18:15,7460.4
2025/4/28 18:30,7431.6
2025/4/28 18:45,7387.2
2025/4/28 19:00,7411.2
2025/4/28 19:15,7452
2025/4/28 19:30,7404
2025/4/28 19:45,7370.4
2025/4/28 20:00,7382.4
2025/4/28 20:15,7413.6
2025/4/28 20:30,7406.4
2025/4/28 20:45,7321.2
2025/4/28 21:00,7334.4
2025/4/28 21:15,7341.6
2025/4/28 21:30,7345.2
2025/4/28 21:45,7410
2025/4/28 22:00,7363.2
2025/4/28 22:15,7406.4
2025/4/28 22:30,7347.6
2025/4/28 22:45,7346.4
2025/4/28 23:00,7378.8
2025/4/28 23:15,7378.8
2025/4/28 23:30,7273.2
2025/4/28 23:45,7256.4
2025/4/29 0:00,7245.6
2025/4/29 0:15,7299.6
2025/4/29 0:30,7332
2025/4/29 0:45,7328.4
2025/4/29 1:00,7323.6
2025/4/29 1:15,7357.2
2025/4/29 1:30,7365.6
2025/4/29 1:45,7345.2
2025/4/29 2:00,7329.6
2025/4/29 2:15,7314
2025/4/29 2:30,7306.8
2025/4/29 2:45,7292.4
2025/4/29 3:00,7219.2
2025/4/29 3:15,7327.2
2025/4/29 3:30,7336.8
2025/4/29 3:45,7338
2025/4/29 4:00,7316.4
2025/4/29 4:15,7280.4
2025/4/29 4:30,7304.4
2025/4/29 4:45,7305.6
2025/4/29 5:00,7302
2025/4/29 5:15,7220.4
2025/4/29 5:30,7230
2025/4/29 5:45,7249.2
2025/4/29 6:00,7281.6
2025/4/29 6:15,7255.2
2025/4/29 6:30,7246.8
2025/4/29 6:45,7310.4
2025/4/29 7:00,7250.4
2025/4/29 7:15,7268.4
2025/4/29 7:30,7296
2025/4/29 7:45,7342.8
2025/4/29 8:00,7309.2
2025/4/29 8:15,7260
2025/4/29 8:30,7257.6
2025/4/29 8:45,7356
2025/4/29 9:00,7375.2
2025/4/29 9:15,7436.4
2025/4/29 9:30,7424.4
2025/4/29 9:45,7363.2
2025/4/29 10:00,7435.2
2025/4/29 10:15,7470
2025/4/29 10:30,7512
2025/4/29 10:45,7328.4
2025/4/29 11:00,7272
2025/4/29 11:15,7286.4
2025/4/29 11:30,7236
2025/4/29 11:45,7242
2025/4/29 12:00,7258.8
2025/4/29 12:15,7316.4
2025/4/29 12:30,7446
2025/4/29 12:45,7468.8
2025/4/29 13:00,7428
2025/4/29 13:15,7498.8
2025/4/29 13:30,7429.2
2025/4/29 13:45,7455.6
2025/4/29 14:00,7346.4
2025/4/29 14:15,7471.2
2025/4/29 14:30,7453.2
2025/4/29 14:45,7554
2025/4/29 15:00,7441.2
2025/4/29 15:15,7432.8
2025/4/29 15:30,7512
2025/4/29 15:45,7687.2
2025/4/29 16:00,7588.8
2025/4/29 16:15,7581.6
2025/4/29 16:30,7598.4
2025/4/29 16:45,7545.6
2025/4/29 17:00,7639.2
2025/4/29 17:15,7586.4
2025/4/29 17:30,7518
2025/4/29 17:45,7585.2
2025/4/29 18:00,7531.2
2025/4/29 18:15,7600.8
2025/4/29 18:30,7440
2025/4/29 18:45,7465.2
2025/4/29 19:00,7474.8
2025/4/29 19:15,7550.4
2025/4/29 19:30,7470
2025/4/29 19:45,7435.2
2025/4/29 20:00,7543.2
2025/4/29 20:15,7600.8
2025/4/29 20:30,7566
2025/4/29 20:45,7602
2025/4/29 21:00,7718.4
2025/4/29 21:15,7598.4
2025/4/29 21:30,7608
2025/4/29 21:45,7590
2025/4/29 22:00,7570.8
2025/4/29 22:15,7515.6
2025/4/29 22:30,7561.2
2025/4/29 22:45,7436.4
2025/4/29 23:00,7485.6
2025/4/29 23:15,7472.4
2025/4/29 23:30,7372.8
2025/4/29 23:45,7324.8
2025/4/30 0:00,7353.6
2025/4/30 0:15,7375.2
2025/4/30 0:30,7364.4
2025/4/30 0:45,7420.8
2025/4/30 1:00,7394.4
2025/4/30 1:15,7396.8
2025/4/30 1:30,7200
2025/4/30 1:45,7218
2025/4/30 2:00,7263.6
2025/4/30 2:15,7456.8
2025/4/30 2:30,7130.4
2025/4/30 2:45,7363.2
2025/4/30 3:00,7321.2
2025/4/30 3:15,7282.8
2025/4/30 3:30,7290
2025/4/30 3:45,7197.6
2025/4/30 4:00,7105.2
2025/4/30 4:15,7286.4
2025/4/30 4:30,7200
2025/4/30 4:45,7206
2025/4/30 5:00,7188
2025/4/30 5:15,7189.2
2025/4/30 5:30,7275.6
2025/4/30 5:45,7105.2
2025/4/30 6:00,7119.6
2025/4/30 6:15,7108.8
2025/4/30 6:30,7196.4
2025/4/30 6:45,7125.6
2025/4/30 7:00,6985.2
2025/4/30 7:15,6993.6
2025/4/30 7:30,7147.2
2025/4/30 7:45,7179.6
2025/4/30 8:00,7254
2025/4/30 8:15,7192.8
2025/4/30 8:30,7238.4
2025/4/30 8:45,7249.2
2025/4/30 9:00,7287.6
2025/4/30 9:15,7226.4
2025/4/30 9:30,7422
2025/4/30 9:45,7332
2025/4/30 10:00,7544.4
2025/4/30 10:15,7569.6
2025/4/30 10:30,7546.8
2025/4/30 10:45,7629.6
2025/4/30 11:00,7497.6
2025/4/30 11:15,7518
2025/4/30 11:30,7515.6
2025/4/30 11:45,7513.2
2025/4/30 12:00,7592.4
2025/4/30 12:15,7564.8
2025/4/30 12:30,7592.4
2025/4/30 12:45,7622.4
2025/4/30 13:00,7476
2025/4/30 13:15,7504.8
2025/4/30 13:30,7586.4
2025/4/30 13:45,7480.8
2025/4/30 14:00,7514.4
2025/4/30 14:15,7634.4
2025/4/30 14:30,7578
2025/4/30 14:45,7515.6
2025/4/30 15:00,7588.8
2025/4/30 15:15,7632
2025/4/30 15:30,7656
2025/4/30 15:45,7534.8
2025/4/30 16:00,7717.2
2025/4/30 16:15,7599.6
2025/4/30 16:30,7647.6
2025/4/30 16:45,7681.2
2025/4/30 17:00,7600.8
2025/4/30 17:15,7531.2
2025/4/30 17:30,7606.8
2025/4/30 17:45,7470
2025/4/30 18:00,7638
2025/4/30 18:15,7585.2
2025/4/30 18:30,7650
2025/4/30 18:45,7560
2025/4/30 19:00,7514.4
2025/4/30 19:15,7610.4
2025/4/30 19:30,7555.2
2025/4/30 19:45,7549.2
2025/4/30 20:00,7568.4
2025/4/30 20:15,7585.2
2025/4/30 20:30,7572
2025/4/30 20:45,7536
2025/4/30 21:00,7530
2025/4/30 21:15,7635.6
2025/4/30 21:30,7599.6
2025/4/30 21:45,7598.4
2025/4/30 22:00,7666.8
2025/4/30 22:15,7628.4
2025/4/30 22:30,7489.2
2025/4/30 22:45,7431.6
2025/4/30 23:00,7570.8
2025/4/30 23:15,7556.4
2025/4/30 23:30,7450.8
2025/4/30 23:45,7447.2
2025/5/1 0:00,7491.6
2025/5/1 0:15,7393.2
2025/5/1 0:30,7370.4
2025/5/1 0:45,7426.8
2025/5/1 1:00,7430.4
2025/5/1 1:15,7404
2025/5/1 1:30,7432.8
2025/5/1 1:45,7435.2
2025/5/1 2:00,7441.2
2025/5/1 2:15,7304.4
2025/5/1 2:30,7350
2025/5/1 2:45,7298.4
2025/5/1 3:00,7357.2
2025/5/1 3:15,7497.6
2025/5/1 3:30,7426.8
2025/5/1 3:45,7336.8
2025/5/1 4:00,7326
2025/5/1 4:15,7369.2
2025/5/1 4:30,7372.8
2025/5/1 4:45,7304.4
2025/5/1 5:00,7292.4
2025/5/1 5:15,7378.8
2025/5/1 5:30,7275.6
2025/5/1 5:45,7213.2
2025/5/1 6:00,7227.6
2025/5/1 6:15,7317.6
2025/5/1 6:30,7274.4
2025/5/1 6:45,7260
2025/5/1 7:00,7242
2025/5/1 7:15,7185.6
2025/5/1 7:30,7238.4
2025/5/1 7:45,7210.8
2025/5/1 8:00,7309.2
2025/5/1 8:15,7308
2025/5/1 8:30,7214.4
2025/5/1 8:45,7476
2025/5/1 9:00,7498.8
2025/5/1 9:15,7316.4
2025/5/1 9:30,7504.8
2025/5/1 9:45,7474.8
2025/5/1 10:00,7518
2025/5/1 10:15,7620
2025/5/1 10:30,7621.2
2025/5/1 10:45,7606.8
2025/5/1 11:00,7680
2025/5/1 11:15,7430.4
2025/5/1 11:30,7490.4
2025/5/1 11:45,7516.8
2025/5/1 12:00,7575.6
2025/5/1 12:15,7563.6
2025/5/1 12:30,7537.2
2025/5/1 12:45,7488
2025/5/1 13:00,7591.2
2025/5/1 13:15,7519.2
2025/5/1 13:30,7555.2
2025/5/1 13:45,7634.4
2025/5/1 14:00,7592.4
2025/5/1 14:15,7644
2025/5/1 14:30,7567.2
2025/5/1 14:45,7330.8
2025/5/1 15:00,7670.4
2025/5/1 15:15,7604.4
2025/5/1 15:30,7645.2
2025/5/1 15:45,7540.8
2025/5/1 16:00,7632
2025/5/1 16:15,7609.2
2025/5/1 16:30,7522.8
2025/5/1 16:45,7606.8
2025/5/1 17:00,7590
2025/5/1 17:15,7410
2025/5/1 17:30,7681.2
2025/5/1 17:45,7682.4
2025/5/1 18:00,7489.2
2025/5/1 18:15,7356
2025/5/1 18:30,7441.2
2025/5/1 18:45,7484.4
2025/5/1 19:00,7348.8
2025/5/1 19:15,7388.4
2025/5/1 19:30,7393.2
2025/5/1 19:45,7442.4
2025/5/1 20:00,7503.6
2025/5/1 20:15,7576.8
2025/5/1 20:30,7587.6
2025/5/1 20:45,7510.8
2025/5/1 21:00,7443.6
2025/5/1 21:15,7526.4
2025/5/1 21:30,7502.4
2025/5/1 21:45,7476
2025/5/1 22:00,7502.4
2025/5/1 22:15,7544.4
2025/5/1 22:30,7477.2
2025/5/1 22:45,7528.8
2025/5/1 23:00,7556.4
2025/5/1 23:15,7588.8
2025/5/1 23:30,7522.8
2025/5/1 23:45,7606.8
2025/5/2 0:00,7597.2
2025/5/2 0:15,7556.4
2025/5/2 0:30,7551.6
2025/5/2 0:45,7720.8
2025/5/2 1:00,7665.6
2025/5/2 1:15,7508.4
2025/5/2 1:30,7585.2
2025/5/2 1:45,7609.2
2025/5/2 2:00,8022
2025/5/2 2:15,7660.8
2025/5/2 2:30,7753.2
2025/5/2 2:45,7605.6
2025/5/2 3:00,7434
2025/5/2 3:15,7628.4
2025/5/2 3:30,7580.4
2025/5/2 3:45,7621.2
2025/5/2 4:00,7632
2025/5/2 4:15,7650
2025/5/2 4:30,7568.4
2025/5/2 4:45,7585.2
2025/5/2 5:00,7555.2
2025/5/2 5:15,7411.2
2025/5/2 5:30,7557.6
2025/5/2 5:45,7570.8
2025/5/2 6:00,7572
2025/5/2 6:15,7563.6
2025/5/2 6:30,7567.2
2025/5/2 6:45,7548
2025/5/2 7:00,7483.2
2025/5/2 7:15,7351.2
2025/5/2 7:30,7538.4
2025/5/2 7:45,7556.4
2025/5/2 8:00,7579.2
2025/5/2 8:15,7352.4
2025/5/2 8:30,7594.8
2025/5/2 8:45,7633.2
2025/5/2 9:00,7539.6
2025/5/2 9:15,7600.8
2025/5/2 9:30,7416
2025/5/2 9:45,7624.8
2025/5/2 10:00,7641.6
2025/5/2 10:15,7615.2
2025/5/2 10:30,7600.8
2025/5/2 10:45,7644
2025/5/2 11:00,7537.2
2025/5/2 11:15,7567.2
2025/5/2 11:30,7490.4
2025/5/2 11:45,7633.2
2025/5/2 12:00,7448.4
2025/5/2 12:15,7496.4
2025/5/2 12:30,7472.4
2025/5/2 12:45,7484.4
2025/5/2 13:00,7566
2025/5/2 13:15,7530
2025/5/2 13:30,7574.4
2025/5/2 13:45,7580.4
2025/5/2 14:00,7585.2
2025/5/2 14:15,7639.2
2025/5/2 14:30,7714.8
2025/5/2 14:45,7681.2
2025/5/2 15:00,7724.4
2025/5/2 15:15,7724.4
2025/5/2 15:30,7683.6
2025/5/2 15:45,7532.4
2025/5/2 16:00,7674
2025/5/2 16:15,7604.4
2025/5/2 16:30,7509.6
2025/5/2 16:45,7560
2025/5/2 17:00,7587.6
2025/5/2 17:15,7622.4
2025/5/2 17:30,7789.2
2025/5/2 17:45,7616.4
2025/5/2 18:00,7714.8
2025/5/2 18:15,7666.8
2025/5/2 18:30,7534.8
2025/5/2 18:45,7474.8
2025/5/2 19:00,7527.6
2025/5/2 19:15,7598.4
2025/5/2 19:30,7604.4
2025/5/2 19:45,7405.2
2025/5/2 20:00,7458
2025/5/2 20:15,7414.8
2025/5/2 20:30,7570.8
2025/5/2 20:45,7516.8
2025/5/2 21:00,7467.6
2025/5/2 21:15,7464
2025/5/2 21:30,7453.2
2025/5/2 21:45,7413.6
2025/5/2 22:00,7515.6
2025/5/2 22:15,7510.8
2025/5/2 22:30,7484.4
2025/5/2 22:45,7474.8
2025/5/2 23:00,7383.6
2025/5/2 23:15,7336.8
2025/5/2 23:30,7300.8
2025/5/2 23:45,7304.4
2025/5/3 0:00,7284
2025/5/3 0:15,7322.4
2025/5/3 0:30,7473.6
2025/5/3 0:45,7322.4
2025/5/3 1:00,7249.2
2025/5/3 1:15,7358.4
2025/5/3 1:30,7346.4
2025/5/3 1:45,7318.8
2025/5/3 2:00,7336.8
2025/5/3 2:15,7240.8
2025/5/3 2:30,7238.4
2025/5/3 2:45,7304.4
2025/5/3 3:00,7231.2
2025/5/3 3:15,7262.4
2025/5/3 3:30,7303.2
2025/5/3 3:45,7272
2025/5/3 4:00,7232.4
2025/5/3 4:15,7234.8
2025/5/3 4:30,7233.6
2025/5/3 4:45,7101.6
2025/5/3 5:00,7280.4
2025/5/3 5:15,7243.2
2025/5/3 5:30,7174.8
2025/5/3 5:45,7206
2025/5/3 6:00,7160.4
2025/5/3 6:15,7184.4
2025/5/3 6:30,7238.4
2025/5/3 6:45,7201.2
2025/5/3 7:00,7270.8
2025/5/3 7:15,7252.8
2025/5/3 7:30,7201.2
2025/5/3 7:45,7054.8
2025/5/3 8:00,7220.4
2025/5/3 8:15,7246.8
2025/5/3 8:30,7263.6
2025/5/3 8:45,7267.2
2025/5/3 9:00,7204.8
2025/5/3 9:15,7345.2
2025/5/3 9:30,7384.8
2025/5/3 9:45,7352.4
2025/5/3 10:00,7144.8
2025/5/3 10:15,7453.2
2025/5/3 10:30,7534.8
2025/5/3 10:45,7533.6
2025/5/3 11:00,7472.4
2025/5/3 11:15,7543.2
2025/5/3 11:30,7579.2
2025/5/3 11:45,7570.8
2025/5/3 12:00,7716
2025/5/3 12:15,7729.2
2025/5/3 12:30,7642.8
2025/5/3 12:45,7560
2025/5/3 13:00,7765.2
2025/5/3 13:15,7654.8
2025/5/3 13:30,7617.6
2025/5/3 13:45,7551.6
2025/5/3 14:00,7473.6
2025/5/3 14:15,7681.2
2025/5/3 14:30,7515.6
2025/5/3 14:45,7464
2025/5/3 15:00,7556.4
2025/5/3 15:15,7484.4
2025/5/3 15:30,7518
2025/5/3 15:45,7526.4
2025/5/3 16:00,7526.4
2025/5/3 16:15,7609.2
2025/5/3 16:30,7549.2
2025/5/3 16:45,7580.4
2025/5/3 17:00,7476
2025/5/3 17:15,7828.8
2025/5/3 17:30,7365.6
2025/5/3 17:45,7603.2
2025/5/3 18:00,7614
2025/5/3 18:15,7526.4
2025/5/3 18:30,7450.8
2025/5/3 18:45,7502.4
2025/5/3 19:00,7377.6
2025/5/3 19:15,7437.6
2025/5/3 19:30,7428
2025/5/3 19:45,7422
2025/5/3 20:00,7465.2
2025/5/3 20:15,7466.4
2025/5/3 20:30,7552.8
2025/5/3 20:45,7471.2
2025/5/3 21:00,7381.2
2025/5/3 21:15,7474.8
2025/5/3 21:30,7413.6
2025/5/3 21:45,7526.4
2025/5/3 22:00,7495.2
2025/5/3 22:15,7453.2
2025/5/3 22:30,7512
2025/5/3 22:45,7362
2025/5/3 23:00,7464
2025/5/3 23:15,7407.6
2025/5/3 23:30,7278
2025/5/3 23:45,7405.2
2025/5/4 0:00,7404
2025/5/4 0:15,7357.2
2025/5/4 0:30,7336.8
2025/5/4 0:45,7359.6
2025/5/4 1:00,7304.4
2025/5/4 1:15,7380
2025/5/4 1:30,7340.4
2025/5/4 1:45,7386
2025/5/4 2:00,7314
2025/5/4 2:15,7386
2025/5/4 2:30,7273.2
2025/5/4 2:45,7500
2025/5/4 3:00,7274.4
2025/5/4 3:15,7441.2
2025/5/4 3:30,7466.4
2025/5/4 3:45,7448.4
2025/5/4 4:00,7388.4
2025/5/4 4:15,7444.8
2025/5/4 4:30,7323.6
2025/5/4 4:45,7346.4
2025/5/4 5:00,7370.4
2025/5/4 5:15,7431.6
2025/5/4 5:30,7377.6
2025/5/4 5:45,7420.8
2025/5/4 6:00,7358.4
2025/5/4 6:15,7384.8
2025/5/4 6:30,7428
2025/5/4 6:45,7442.4
2025/5/4 7:00,7440
2025/5/4 7:15,7420.8
2025/5/4 7:30,7482
2025/5/4 7:45,7474.8
2025/5/4 8:00,7360.8
2025/5/4 8:15,7419.6
2025/5/4 8:30,7476
2025/5/4 8:45,7406.4
2025/5/4 9:00,7479.6
2025/5/4 9:15,7442.4
2025/5/4 9:30,7395.6
2025/5/4 9:45,7374
2025/5/4 10:00,7389.6
2025/5/4 10:15,7442.4
2025/5/4 10:30,7470
2025/5/4 10:45,7425.6
2025/5/4 11:00,7408.8
2025/5/4 11:15,7501.2
2025/5/4 11:30,7426.8
2025/5/4 11:45,7387.2
2025/5/4 12:00,7474.8
2025/5/4 12:15,7504.8
2025/5/4 12:30,7526.4
2025/5/4 12:45,7348.8
2025/5/4 13:00,7422
2025/5/4 13:15,7329.6
2025/5/4 13:30,7353.6
2025/5/4 13:45,7447.2
2025/5/4 14:00,7524
2025/5/4 14:15,7470
2025/5/4 14:30,7508.4
2025/5/4 14:45,7539.6
2025/5/4 15:00,7618.8
2025/5/4 15:15,7459.2
2025/5/4 15:30,7489.2
2025/5/4 15:45,7455.6
2025/5/4 16:00,7599.6
2025/5/4 16:15,7616.4
2025/5/4 16:30,7436.4
2025/5/4 16:45,7508.4
2025/5/4 17:00,7546.8
2025/5/4 17:15,7477.2
2025/5/4 17:30,7447.2
2025/5/4 17:45,7454.4
2025/5/4 18:00,7345.2
2025/5/4 18:15,7410
2025/5/4 18:30,7263.6
2025/5/4 18:45,7328.4
2025/5/4 19:00,7333.2
2025/5/4 19:15,7370.4
2025/5/4 19:30,7381.2
2025/5/4 19:45,7386
2025/5/4 20:00,7261.2
2025/5/4 20:15,7280.4
2025/5/4 20:30,7288.8
2025/5/4 20:45,7167.6
2025/5/4 21:00,7407.6
2025/5/4 21:15,7274.4
2025/5/4 21:30,7170
2025/5/4 21:45,7315.2
2025/5/4 22:00,7260
2025/5/4 22:15,7327.2
2025/5/4 22:30,7382.4
2025/5/4 22:45,7398
2025/5/4 23:00,7387.2
2025/5/4 23:15,7129.2
2025/5/4 23:30,7422
2025/5/4 23:45,7324.8
2025/5/5 0:00,7299.6
2025/5/5 0:15,7221.6
2025/5/5 0:30,7252.8
2025/5/5 0:45,7281.6
2025/5/5 1:00,7264.8
2025/5/5 1:15,7257.6
2025/5/5 1:30,7246.8
2025/5/5 1:45,7240.8
2025/5/5 2:00,7291.2
2025/5/5 2:15,7286.4
2025/5/5 2:30,7246.8
2025/5/5 2:45,7262.4
2025/5/5 3:00,7152
2025/5/5 3:15,7208.4
2025/5/5 3:30,7221.6
2025/5/5 3:45,7252.8
2025/5/5 4:00,7203.6
2025/5/5 4:15,7263.6
2025/5/5 4:30,7201.2
2025/5/5 4:45,7237.2
2025/5/5 5:00,7206
2025/5/5 5:15,7154.4
2025/5/5 5:30,7318.8
2025/5/5 5:45,7123.2
2025/5/5 6:00,7147.2
2025/5/5 6:15,7177.2
2025/5/5 6:30,7053.6
2025/5/5 6:45,7189.2
2025/5/5 7:00,7218
2025/5/5 7:15,7210.8
2025/5/5 7:30,7148.4
2025/5/5 7:45,7275.6
2025/5/5 8:00,7227.6
2025/5/5 8:15,7177.2
2025/5/5 8:30,7186.8
2025/5/5 8:45,7260
2025/5/5 9:00,7246.8
2025/5/5 9:15,7303.2
2025/5/5 9:30,7279.2
2025/5/5 9:45,7188
2025/5/5 10:00,7209.6
2025/5/5 10:15,7227.6
2025/5/5 10:30,7152
2025/5/5 10:45,7214.4
2025/5/5 11:00,7185.6
2025/5/5 11:15,7246.8
2025/5/5 11:30,7244.4
2025/5/5 11:45,7315.2
2025/5/5 12:00,7320
2025/5/5 12:15,7368
2025/5/5 12:30,7336.8
2025/5/5 12:45,7339.2
2025/5/5 13:00,7327.2
2025/5/5 13:15,7447.2
2025/5/5 13:30,7392
2025/5/5 13:45,7158
2025/5/5 14:00,7448.4
2025/5/5 14:15,7356
2025/5/5 14:30,7441.2
2025/5/5 14:45,7395.6
2025/5/5 15:00,7437.6
2025/5/5 15:15,7471.2
2025/5/5 15:30,7420.8
2025/5/5 15:45,7401.6
2025/5/5 16:00,7443.6
2025/5/5 16:15,7420.8
2025/5/5 16:30,7423.2
2025/5/5 16:45,7322.4
2025/5/5 17:00,7453.2
2025/5/5 17:15,7336.8
2025/5/5 17:30,7370.4
2025/5/5 17:45,7341.6
2025/5/5 18:00,7333.2
2025/5/5 18:15,7314
2025/5/5 18:30,7375.2
2025/5/5 18:45,7368
2025/5/5 19:00,7429.2
2025/5/5 19:15,7378.8
2025/5/5 19:30,7392
2025/5/5 19:45,7400.4
2025/5/5 20:00,7357.2
2025/5/5 20:15,7346.4
2025/5/5 20:30,7424.4
2025/5/5 20:45,7368
2025/5/5 21:00,7353.6
2025/5/5 21:15,7392
2025/5/5 21:30,7388.4
2025/5/5 21:45,7396.8
2025/5/5 22:00,7399.2
2025/5/5 22:15,7471.2
2025/5/5 22:30,7436.4
2025/5/5 22:45,7375.2
2025/5/5 23:00,7436.4
2025/5/5 23:15,7344
2025/5/5 23:30,7392
2025/5/5 23:45,7255.2
2025/5/6 0:00,7383.6
2025/5/6 0:15,7401.6
2025/5/6 0:30,7434
2025/5/6 0:45,7452
2025/5/6 1:00,7440
2025/5/6 1:15,7402.8
2025/5/6 1:30,7437.6
2025/5/6 1:45,7375.2
2025/5/6 2:00,7348.8
2025/5/6 2:15,7378.8
2025/5/6 2:30,7347.6
2025/5/6 2:45,7340.4
2025/5/6 3:00,7380
2025/5/6 3:15,7401.6
2025/5/6 3:30,7320
2025/5/6 3:45,7384.8
2025/5/6 4:00,7413.6
2025/5/6 4:15,7366.8
2025/5/6 4:30,7348.8
2025/5/6 4:45,7356
2025/5/6 5:00,7268.4
2025/5/6 5:15,7272
2025/5/6 5:30,7273.2
2025/5/6 5:45,7252.8
2025/5/6 6:00,7294.8
2025/5/6 6:15,7304.4
2025/5/6 6:30,7302
2025/5/6 6:45,7290
2025/5/6 7:00,7270.8
2025/5/6 7:15,7327.2
2025/5/6 7:30,7352.4
2025/5/6 7:45,7341.6
2025/5/6 8:00,7375.2
2025/5/6 8:15,7402.8
2025/5/6 8:30,7328.4
2025/5/6 8:45,7406.4
2025/5/6 9:00,7479.6
2025/5/6 9:15,7507.2
2025/5/6 9:30,7552.8
2025/5/6 9:45,7491.6
2025/5/6 10:00,7788
2025/5/6 10:15,7594.8
2025/5/6 10:30,7606.8
2025/5/6 10:45,7579.2
2025/5/6 11:00,7612.8
2025/5/6 11:15,7468.8
2025/5/6 11:30,7462.8
2025/5/6 11:45,7335.6
2025/5/6 12:00,7414.8
2025/5/6 12:15,7438.8
2025/5/6 12:30,7461.6
2025/5/6 12:45,7365.6
2025/5/6 13:00,7377.6
2025/5/6 13:15,7509.6
2025/5/6 13:30,7531.2
2025/5/6 13:45,7629.6
2025/5/6 14:00,7494
2025/5/6 14:15,7437.6
2025/5/6 14:30,7404
2025/5/6 14:45,7544.4
2025/5/6 15:00,7599.6
2025/5/6 15:15,7669.2
2025/5/6 15:30,7596
2025/5/6 15:45,7645.2
2025/5/6 16:00,7568.4
2025/5/6 16:15,7686
2025/5/6 16:30,7604.4
2025/5/6 16:45,7676.4
2025/5/6 17:00,7666.8
2025/5/6 17:15,7662
2025/5/6 17:30,7710
2025/5/6 17:45,7496.4
2025/5/6 18:00,7460.4
2025/5/6 18:15,7443.6
2025/5/6 18:30,7646.4
2025/5/6 18:45,7448.4
2025/5/6 19:00,7674
2025/5/6 19:15,7678.8
2025/5/6 19:30,7699.2
2025/5/6 19:45,7546.8
2025/5/6 20:00,7642.8
2025/5/6 20:15,7582.8
2025/5/6 20:30,7503.6
2025/5/6 20:45,7614
2025/5/6 21:00,7416
2025/5/6 21:15,7490.4
2025/5/6 21:30,7506
2025/5/6 21:45,7386
2025/5/6 22:00,7610.4
2025/5/6 22:15,7614
2025/5/6 22:30,7660.8
2025/5/6 22:45,7627.2
2025/5/6 23:00,7658.4
2025/5/6 23:15,7502.4
2025/5/6 23:30,7492.8
2025/5/6 23:45,7549.2
2025/5/7 0:00,7599.6
2025/5/7 0:15,7618.8
2025/5/7 0:30,7564.8
2025/5/7 0:45,7626
2025/5/7 1:00,7580.4
2025/5/7 1:15,7527.6
2025/5/7 1:30,7584
2025/5/7 1:45,7574.4
2025/5/7 2:00,7572
2025/5/7 2:15,7507.2
2025/5/7 2:30,7371.6
2025/5/7 2:45,7375.2
2025/5/7 3:00,7471.2
2025/5/7 3:15,7597.2
2025/5/7 3:30,7546.8
2025/5/7 3:45,7520.4
2025/5/7 4:00,7516.8
2025/5/7 4:15,7567.2
2025/5/7 4:30,7594.8
2025/5/7 4:45,7602
2025/5/7 5:00,7532.4
2025/5/7 5:15,7437.6
2025/5/7 5:30,7519.2
2025/5/7 5:45,7522.8
2025/5/7 6:00,7478.4
2025/5/7 6:15,7393.2
2025/5/7 6:30,7372.8
2025/5/7 6:45,7579.2
2025/5/7 7:00,7492.8
2025/5/7 7:15,7441.2
2025/5/7 7:30,7524
2025/5/7 7:45,7594.8
2025/5/7 8:00,7245.6
2025/5/7 8:15,7411.2
2025/5/7 8:30,7574.4
2025/5/7 8:45,7567.2
2025/5/7 9:00,7506
2025/5/7 9:15,7711.2
2025/5/7 9:30,7669.2
2025/5/7 9:45,7430.4
2025/5/7 10:00,7576.8
2025/5/7 10:15,7360.8
2025/5/7 10:30,7609.2
2025/5/7 10:45,7496.4
2025/5/7 11:00,7604.4
2025/5/7 11:15,7683.6
2025/5/7 11:30,7568.4
2025/5/7 11:45,7622.4
2025/5/7 12:00,7770
2025/5/7 12:15,7846.8
2025/5/7 12:30,8001.6
2025/5/7 12:45,8017.2
2025/5/7 13:00,8014.8
2025/5/7 13:15,7816.8
2025/5/7 13:30,7806
2025/5/7 13:45,7927.2
2025/5/7 14:00,7863.6
2025/5/7 14:15,7891.2
2025/5/7 14:30,7654.8
2025/5/7 14:45,7590
2025/5/7 15:00,7819.2
2025/5/7 15:15,7728
2025/5/7 15:30,7600.8
2025/5/7 15:45,7642.8
2025/5/7 16:00,7755.6
2025/5/7 16:15,7828.8
2025/5/7 16:30,7780.8
2025/5/7 16:45,8262
2025/5/7 17:00,7879.2
2025/5/7 17:15,7814.4
2025/5/7 17:30,7509.6
2025/5/7 17:45,8278.8
2025/5/7 18:00,7611.6
2025/5/7 18:15,7773.6
2025/5/7 18:30,8298
2025/5/7 18:45,7994.4
2025/5/7 19:00,7716
2025/5/7 19:15,7425.6
2025/5/7 19:30,7892.4
2025/5/7 19:45,7635.6
2025/5/7 20:00,7168.8
2025/5/7 20:15,7083.6
2025/5/7 20:30,7108.8
2025/5/7 20:45,7171.2
2025/5/7 21:00,7222.8
2025/5/7 21:15,7261.2
2025/5/7 21:30,7386
2025/5/7 21:45,7353.6
2025/5/7 22:00,7509.6
2025/5/7 22:15,7742.4
2025/5/7 22:30,7676.4
2025/5/7 22:45,7708.8
2025/5/7 23:00,7652.4
2025/5/7 23:15,7683.6
2025/5/7 23:30,7671.6
2025/5/7 23:45,7634.4
2025/5/8 0:00,7648.8
2025/5/8 0:15,7622.4
2025/5/8 0:30,7604.4
2025/5/8 0:45,7657.2
2025/5/8 1:00,7551.6
2025/5/8 1:15,7624.8
2025/5/8 1:30,7659.6
2025/5/8 1:45,7658.4
2025/5/8 2:00,7582.8
2025/5/8 2:15,7635.6
2025/5/8 2:30,7642.8
2025/5/8 2:45,7574.4
2025/5/8 3:00,7543.2
2025/5/8 3:15,7599.6
2025/5/8 3:30,7578
2025/5/8 3:45,7560
2025/5/8 4:00,7555.2
2025/5/8 4:15,7638
2025/5/8 4:30,7573.2
2025/5/8 4:45,7483.2
2025/5/8 5:00,7490.4
2025/5/8 5:15,7508.4
2025/5/8 5:30,7560
2025/5/8 5:45,7540.8
2025/5/8 6:00,7504.8
2025/5/8 6:15,7455.6
2025/5/8 6:30,7461.6
2025/5/8 6:45,7447.2
2025/5/8 7:00,7458
2025/5/8 7:15,7473.6
2025/5/8 7:30,7476
2025/5/8 7:45,7521.6
2025/5/8 8:00,7518
2025/5/8 8:15,7522.8
2025/5/8 8:30,7416
2025/5/8 8:45,7515.6
2025/5/8 9:00,7555.2
2025/5/8 9:15,7574.4
2025/5/8 9:30,7519.2
2025/5/8 9:45,7491.6
2025/5/8 10:00,7645.2
2025/5/8 10:15,7635.6
2025/5/8 10:30,7749.6
2025/5/8 10:45,7454.4
2025/5/8 11:00,7882.8
2025/5/8 11:15,7922.4
2025/5/8 11:30,7905.6
2025/5/8 11:45,7856.4
2025/5/8 12:00,7885.2
2025/5/8 12:15,7845.6
2025/5/8 12:30,7905.6
2025/5/8 12:45,7914
2025/5/8 13:00,7959.6
2025/5/8 13:15,8005.2
2025/5/8 13:30,8026.8
2025/5/8 13:45,7924.8
2025/5/8 14:00,7928.4
2025/5/8 14:15,7898.4
2025/5/8 14:30,7866
2025/5/8 14:45,7574.4
2025/5/8 15:00,7764
2025/5/8 15:15,7808.4
2025/5/8 15:30,7729.2
2025/5/8 15:45,7818
2025/5/8 16:00,7770
2025/5/8 16:15,7718.4
2025/5/8 16:30,7813.2
2025/5/8 16:45,8148
2025/5/8 17:00,8049.6
2025/5/8 17:15,8212.8
2025/5/8 17:30,7732.8
2025/5/8 17:45,7765.2
2025/5/8 18:00,7731.6
2025/5/8 18:15,7694.4
2025/5/8 18:30,7682.4
2025/5/8 18:45,7760.4
2025/5/8 19:00,7677.6
2025/5/8 19:15,7707.6
2025/5/8 19:30,7705.2
2025/5/8 19:45,7617.6
2025/5/8 20:00,7719.6
2025/5/8 20:15,7674
2025/5/8 20:30,7735.2
2025/5/8 20:45,7778.4
2025/5/8 21:00,7708.8
2025/5/8 21:15,7851.6
2025/5/8 21:30,7800
2025/5/8 21:45,7812
2025/5/8 22:00,7782
2025/5/8 22:15,7842
2025/5/8 22:30,7881.6
2025/5/8 22:45,7820.4
2025/5/8 23:00,7822.8
2025/5/8 23:15,7753.2
2025/5/8 23:30,7786.8
2025/5/8 23:45,7768.8
2025/5/9 0:00,7898.4
2025/5/9 0:15,7903.2
2025/5/9 0:30,7868.4
2025/5/9 0:45,7928.4
2025/5/9 1:00,7875.6
2025/5/9 1:15,7880.4
2025/5/9 1:30,7848
2025/5/9 1:45,7802.4
2025/5/9 2:00,7837.2
2025/5/9 2:15,7810.8
2025/5/9 2:30,7642.8
2025/5/9 2:45,7766.4
2025/5/9 3:00,7820.4
2025/5/9 3:15,7820.4
2025/5/9 3:30,7869.6
2025/5/9 3:45,7854
2025/5/9 4:00,7593.6
2025/5/9 4:15,7803.6
2025/5/9 4:30,7834.8
2025/5/9 4:45,7825.2
2025/5/9 5:00,7766.4
2025/5/9 5:15,7804.8
2025/5/9 5:30,7752
2025/5/9 5:45,7705.2
2025/5/9 6:00,7675.2
2025/5/9 6:15,7634.4
2025/5/9 6:30,7735.2
2025/5/9 6:45,7710
2025/5/9 7:00,7730.4
2025/5/9 7:15,7736.4
2025/5/9 7:30,7702.8
2025/5/9 7:45,7758
2025/5/9 8:00,7821.6
2025/5/9 8:15,7816.8
2025/5/9 8:30,7833.6
2025/5/9 8:45,7868.4
2025/5/9 9:00,7822.8
2025/5/9 9:15,7892.4
2025/5/9 9:30,7923.6
2025/5/9 9:45,7806
2025/5/9 10:00,7590
2025/5/9 10:15,7831.2
2025/5/9 10:30,7676.4
2025/5/9 10:45,7801.2
2025/5/9 11:00,7749.6
2025/5/9 11:15,7742.4
2025/5/9 11:30,7621.2
2025/5/9 11:45,7795.2
2025/5/9 12:00,7712.4
2025/5/9 12:15,7760.4
2025/5/9 12:30,7738.8
2025/5/9 12:45,7618.8
2025/5/9 13:00,7713.6
2025/5/9 13:15,7662
2025/5/9 13:30,7662
2025/5/9 13:45,7719.6
2025/5/9 14:00,7563.6
2025/5/9 14:15,7732.8
2025/5/9 14:30,7761.6
2025/5/9 14:45,7662
2025/5/9 15:00,7774.8
2025/5/9 15:15,7684.8
2025/5/9 15:30,7810.8
2025/5/9 15:45,7833.6
2025/5/9 16:00,7807.2
2025/5/9 16:15,7786.8
2025/5/9 16:30,7621.2
2025/5/9 16:45,7467.6
2025/5/9 17:00,7873.2
2025/5/9 17:15,7773.6
2025/5/9 17:30,7832.4
2025/5/9 17:45,7525.2
2025/5/9 18:00,7747.2
2025/5/9 18:15,7695.6
2025/5/9 18:30,7652.4
2025/5/9 18:45,7666.8
2025/5/9 19:00,7688.4
2025/5/9 19:15,7710
2025/5/9 19:30,7746
2025/5/9 19:45,7731.6
2025/5/9 20:00,7784.4
2025/5/9 20:15,7815.6
2025/5/9 20:30,7858.8
2025/5/9 20:45,7830
2025/5/9 21:00,7759.2
2025/5/9 21:15,7752
2025/5/9 21:30,7760.4
2025/5/9 21:45,7732.8
2025/5/9 22:00,7772.4
2025/5/9 22:15,7708.8
2025/5/9 22:30,7570.8
2025/5/9 22:45,7616.4
2025/5/9 23:00,7634.4
2025/5/9 23:15,7686
2025/5/9 23:30,7666.8
2025/5/9 23:45,7544.4
2025/5/10 0:00,7671.6
2025/5/10 0:15,7645.2
2025/5/10 0:30,7593.6
2025/5/10 0:45,7605.6
2025/5/10 1:00,7608
2025/5/10 1:15,7611.6
2025/5/10 1:30,7557.6
2025/5/10 1:45,7534.8
2025/5/10 2:00,7489.2
2025/5/10 2:15,7504.8
2025/5/10 2:30,7605.6
2025/5/10 2:45,7582.8
2025/5/10 3:00,7568.4
2025/5/10 3:15,7554
2025/5/10 3:30,7464
2025/5/10 3:45,7404
2025/5/10 4:00,7492.8
2025/5/10 4:15,7438.8
2025/5/10 4:30,7345.2
2025/5/10 4:45,7368
2025/5/10 5:00,7365.6
2025/5/10 5:15,7284
2025/5/10 5:30,7243.2
2025/5/10 5:45,7261.2
2025/5/10 6:00,7507.2
2025/5/10 6:15,7293.6
2025/5/10 6:30,7192.8
2025/5/10 6:45,7190.4
2025/5/10 7:00,7268.4
2025/5/10 7:15,7280.4
2025/5/10 7:30,7232.4
2025/5/10 7:45,7106.4
2025/5/10 8:00,7084.8
2025/5/10 8:15,7088.4
2025/5/10 8:30,7122
2025/5/10 8:45,7033.2
2025/5/10 9:00,7080
2025/5/10 9:15,7118.4
2025/5/10 9:30,7171.2
2025/5/10 9:45,7251.6
2025/5/10 10:00,7305.6
2025/5/10 10:15,7203.6
2025/5/10 10:30,7310.4
2025/5/10 10:45,7418.4
2025/5/10 11:00,7286.4
2025/5/10 11:15,7347.6
2025/5/10 11:30,7281.6
2025/5/10 11:45,7327.2
2025/5/10 12:00,7353.6
2025/5/10 12:15,7316.4
2025/5/10 12:30,7411.2
2025/5/10 12:45,7363.2
2025/5/10 13:00,7362
2025/5/10 13:15,7519.2
2025/5/10 13:30,7447.2
2025/5/10 13:45,7514.4
2025/5/10 14:00,7452
2025/5/10 14:15,7464
2025/5/10 14:30,7504.8
2025/5/10 14:45,7401.6
2025/5/10 15:00,7357.2
2025/5/10 15:15,7492.8
2025/5/10 15:30,7405.2
2025/5/10 15:45,7508.4
2025/5/10 16:00,7480.8
2025/5/10 16:15,7528.8
2025/5/10 16:30,7634.4
2025/5/10 16:45,7370.4
2025/5/10 17:00,7664.4
2025/5/10 17:15,7524
2025/5/10 17:30,7579.2
2025/5/10 17:45,7687.2
2025/5/10 18:00,7382.4
2025/5/10 18:15,7600.8
2025/5/10 18:30,7533.6
2025/5/10 18:45,7456.8
2025/5/10 19:00,7551.6
2025/5/10 19:15,7569.6
2025/5/10 19:30,7610.4
2025/5/10 19:45,7683.6
2025/5/10 20:00,7638
2025/5/10 20:15,7586.4
2025/5/10 20:30,7604.4
2025/5/10 20:45,7639.2
2025/5/10 21:00,7590
2025/5/10 21:15,7584
2025/5/10 21:30,7642.8
2025/5/10 21:45,7394.4
2025/5/10 22:00,7484.4
2025/5/10 22:15,7435.2
2025/5/10 22:30,7501.2
2025/5/10 22:45,7480.8
2025/5/10 23:00,7479.6
2025/5/10 23:15,7401.6
2025/5/10 23:30,7338
2025/5/10 23:45,7339.2
2025/5/11 0:00,7474.8
2025/5/11 0:15,7423.2
2025/5/11 0:30,7450.8
2025/5/11 0:45,7438.8
2025/5/11 1:00,7428
2025/5/11 1:15,7395.6
2025/5/11 1:30,7347.6
2025/5/11 1:45,7332
2025/5/11 2:00,7304.4
2025/5/11 2:15,7406.4
2025/5/11 2:30,7354.8
2025/5/11 2:45,7351.2
2025/5/11 3:00,7378.8
2025/5/11 3:15,7376.4
2025/5/11 3:30,7405.2
2025/5/11 3:45,7401.6
2025/5/11 4:00,7366.8
2025/5/11 4:15,7315.2
2025/5/11 4:30,7394.4
2025/5/11 4:45,7378.8
2025/5/11 5:00,7352.4
2025/5/11 5:15,7333.2
2025/5/11 5:30,7336.8
2025/5/11 5:45,7350
2025/5/11 6:00,7317.6
2025/5/11 6:15,7327.2
2025/5/11 6:30,7320
2025/5/11 6:45,7356
2025/5/11 7:00,7422
2025/5/11 7:15,7401.6
2025/5/11 7:30,7388.4
2025/5/11 7:45,7362
2025/5/11 8:00,7455.6
2025/5/11 8:15,7488
2025/5/11 8:30,7346.4
2025/5/11 8:45,7351.2
2025/5/11 9:00,7245.6
2025/5/11 9:15,7329.6
2025/5/11 9:30,7456.8
2025/5/11 9:45,7501.2
2025/5/11 10:00,7579.2
2025/5/11 10:15,7528.8
2025/5/11 10:30,7444.8
2025/5/11 10:45,7555.2
2025/5/11 11:00,7562.4
2025/5/11 11:15,7587.6
2025/5/11 11:30,7582.8
2025/5/11 11:45,7549.2
2025/5/11 12:00,7419.6
2025/5/11 12:15,7488
2025/5/11 12:30,7468.8
2025/5/11 12:45,7456.8
2025/5/11 13:00,7563.6
2025/5/11 13:15,7446
2025/5/11 13:30,7491.6
2025/5/11 13:45,7564.8
2025/5/11 14:00,7494
2025/5/11 14:15,7522.8
2025/5/11 14:30,7531.2
2025/5/11 14:45,7572
2025/5/11 15:00,7544.4
2025/5/11 15:15,7472.4
2025/5/11 15:30,7483.2
2025/5/11 15:45,7435.2
2025/5/11 16:00,7447.2
2025/5/11 16:15,7368
2025/5/11 16:30,7255.2
2025/5/11 16:45,7300.8
2025/5/11 17:00,7198.8
2025/5/11 17:15,7423.2
2025/5/11 17:30,7460.4
2025/5/11 17:45,7441.2
2025/5/11 18:00,7424.4
2025/5/11 18:15,7396.8
2025/5/11 18:30,7334.4
2025/5/11 18:45,7365.6
2025/5/11 19:00,7454.4
2025/5/11 19:15,7506
2025/5/11 19:30,7426.8
2025/5/11 19:45,7392
2025/5/11 20:00,7454.4
2025/5/11 20:15,7506
2025/5/11 20:30,7474.8
2025/5/11 20:45,7294.8
2025/5/11 21:00,7465.2
2025/5/11 21:15,7554
2025/5/11 21:30,7491.6
2025/5/11 21:45,7599.6
2025/5/11 22:00,7557.6
2025/5/11 22:15,7434
2025/5/11 22:30,7428
2025/5/11 22:45,7410
2025/5/11 23:00,7334.4
2025/5/11 23:15,7252.8
2025/5/11 23:30,7311.6
2025/5/11 23:45,7334.4
2025/5/12 0:00,7311.6
2025/5/12 0:15,7358.4
2025/5/12 0:30,7196.4
2025/5/12 0:45,7034.4
2025/5/12 1:00,7140
2025/5/12 1:15,7179.6
2025/5/12 1:30,7218
2025/5/12 1:45,7047.6
2025/5/12 2:00,7074
2025/5/12 2:15,7080
2025/5/12 2:30,7080
2025/5/12 2:45,7088.4
2025/5/12 3:00,7071.6
2025/5/12 3:15,7254
2025/5/12 3:30,7166.4
2025/5/12 3:45,7194
2025/5/12 4:00,7082.4
2025/5/12 4:15,7066.8
2025/5/12 4:30,7077.6
2025/5/12 4:45,7039.2
2025/5/12 5:00,7052.4
2025/5/12 5:15,6999.6
2025/5/12 5:30,7015.2
2025/5/12 5:45,7005.6
2025/5/12 6:00,7018.8
2025/5/12 6:15,7056
2025/5/12 6:30,7041.6
2025/5/12 6:45,6998.4
2025/5/12 7:00,6979.2
2025/5/12 7:15,7030.8
2025/5/12 7:30,7059.6
2025/5/12 7:45,7057.2
2025/5/12 8:00,7125.6
2025/5/12 8:15,7032
2025/5/12 8:30,7057.2
2025/5/12 8:45,6976.8
2025/5/12 9:00,7008
2025/5/12 9:15,7022.4
2025/5/12 9:30,7066.8
2025/5/12 9:45,7065.6
2025/5/12 10:00,7146
2025/5/12 10:15,7174.8
2025/5/12 10:30,7154.4
2025/5/12 10:45,7182
2025/5/12 11:00,7196.4
2025/5/12 11:15,7224
2025/5/12 11:30,7210.8
2025/5/12 11:45,7212
2025/5/12 12:00,7168.8
2025/5/12 12:15,7212
2025/5/12 12:30,7158
2025/5/12 12:45,7167.6
2025/5/12 13:00,7065.6
2025/5/12 13:15,7166.4
2025/5/12 13:30,7176
2025/5/12 13:45,7248
2025/5/12 14:00,7273.2
2025/5/12 14:15,7338
2025/5/12 14:30,7303.2
2025/5/12 14:45,7228.8
2025/5/12 15:00,7297.2
2025/5/12 15:15,7148.4
2025/5/12 15:30,7214.4
2025/5/12 15:45,7326
2025/5/12 16:00,7261.2
2025/5/12 16:15,7310.4
2025/5/12 16:30,7296
2025/5/12 16:45,7389.6
2025/5/12 17:00,7353.6
2025/5/12 17:15,7389.6
2025/5/12 17:30,7321.2
2025/5/12 17:45,7353.6
2025/5/12 18:00,7382.4
2025/5/12 18:15,7311.6
2025/5/12 18:30,7330.8
2025/5/12 18:45,7287.6
2025/5/12 19:00,7299.6
2025/5/12 19:15,7348.8
2025/5/12 19:30,7344
2025/5/12 19:45,7342.8
2025/5/12 20:00,7286.4
2025/5/12 20:15,7274.4
2025/5/12 20:30,7328.4
2025/5/12 20:45,7221.6
2025/5/12 21:00,7339.2
2025/5/12 21:15,7316.4
2025/5/12 21:30,7362
2025/5/12 21:45,7366.8
2025/5/12 22:00,7299.6
2025/5/12 22:15,7383.6
2025/5/12 22:30,7230
2025/5/12 22:45,7227.6
2025/5/12 23:00,7192.8
2025/5/12 23:15,7160.4
2025/5/12 23:30,7191.6
2025/5/12 23:45,7216.8
2025/5/13 0:00,7182
2025/5/13 0:15,7075.2
2025/5/13 0:30,7218
2025/5/13 0:45,7227.6
2025/5/13 1:00,7227.6
2025/5/13 1:15,7216.8
2025/5/13 1:30,7248
2025/5/13 1:45,7182
2025/5/13 2:00,7213.2
2025/5/13 2:15,7159.2
2025/5/13 2:30,7047.6
2025/5/13 2:45,7132.8
2025/5/13 3:00,7170
2025/5/13 3:15,7227.6
2025/5/13 3:30,7216.8
2025/5/13 3:45,7186.8
2025/5/13 4:00,7162.8
2025/5/13 4:15,7084.8
2025/5/13 4:30,7100.4
2025/5/13 4:45,7143.6
2025/5/13 5:00,7106.4
2025/5/13 5:15,7036.8
2025/5/13 5:30,7005.6
2025/5/13 5:45,6990
2025/5/13 6:00,7047.6
2025/5/13 6:15,7041.6
2025/5/13 6:30,7012.8
2025/5/13 6:45,6938.4
2025/5/13 7:00,7016.4
2025/5/13 7:15,7053.6
2025/5/13 7:30,7014
2025/5/13 7:45,7123.2
2025/5/13 8:00,7017.6
2025/5/13 8:15,6984
2025/5/13 8:30,7064.4
2025/5/13 8:45,6975.6
2025/5/13 9:00,7041.6
2025/5/13 9:15,7072.8
2025/5/13 9:30,7010.4
2025/5/13 9:45,7088.4
2025/5/13 10:00,7142.4
2025/5/13 10:15,7428
2025/5/13 10:30,7365.6
2025/5/13 10:45,7570.8
2025/5/13 11:00,7590
2025/5/13 11:15,7921.2
2025/5/13 11:30,7782
2025/5/13 11:45,7713.6
2025/5/13 12:00,7628.4
2025/5/13 12:15,7706.4
2025/5/13 12:30,7744.8
2025/5/13 12:45,7731.6
2025/5/13 13:00,7747.2
2025/5/13 13:15,7606.8
2025/5/13 13:30,7722
2025/5/13 13:45,7658.4
2025/5/13 14:00,7560
2025/5/13 14:15,7663.2
2025/5/13 14:30,7723.2
2025/5/13 14:45,7548
2025/5/13 15:00,7500
2025/5/13 15:15,7642.8
2025/5/13 15:30,7670.4
2025/5/13 15:45,7645.2
2025/5/13 16:00,7653.6
2025/5/13 16:15,7627.2
2025/5/13 16:30,7639.2
2025/5/13 16:45,7680
2025/5/13 17:00,7204.8
2025/5/13 17:15,7519.2
2025/5/13 17:30,7718.4
2025/5/13 17:45,7508.4
2025/5/13 18:00,7608
2025/5/13 18:15,7546.8
2025/5/13 18:30,7594.8
2025/5/13 18:45,7408.8
2025/5/13 19:00,7494
2025/5/13 19:15,7375.2
2025/5/13 19:30,7496.4
2025/5/13 19:45,7537.2
2025/5/13 20:00,7497.6
2025/5/13 20:15,7552.8
2025/5/13 20:30,7524
2025/5/13 20:45,7545.6
2025/5/13 21:00,7590
2025/5/13 21:15,7509.6
2025/5/13 21:30,7688.4
2025/5/13 21:45,7423.2
2025/5/13 22:00,7620
2025/5/13 22:15,7652.4
2025/5/13 22:30,7648.8
2025/5/13 22:45,7576.8
2025/5/13 23:00,7628.4
2025/5/13 23:15,7544.4
2025/5/13 23:30,7514.4
2025/5/13 23:45,7605.6
2025/5/14 0:00,7454.4
2025/5/14 0:15,7608
2025/5/14 0:30,7540.8
2025/5/14 0:45,7578
2025/5/14 1:00,7534.8
2025/5/14 1:15,7458
2025/5/14 1:30,7555.2
2025/5/14 1:45,7507.2
2025/5/14 2:00,7414.8
2025/5/14 2:15,7298.4
2025/5/14 2:30,7340.4
2025/5/14 2:45,7394.4
2025/5/14 3:00,7515.6
2025/5/14 3:15,7452
2025/5/14 3:30,7521.6
2025/5/14 3:45,7543.2
2025/5/14 4:00,7501.2
2025/5/14 4:15,7424.4
2025/5/14 4:30,7352.4
2025/5/14 4:45,7335.6
2025/5/14 5:00,7335.6
2025/5/14 5:15,7321.2
2025/5/14 5:30,7310.4
2025/5/14 5:45,7281.6
2025/5/14 6:00,7250.4
2025/5/14 6:15,7285.2
2025/5/14 6:30,7263.6
2025/5/14 6:45,7264.8
2025/5/14 7:00,7292.4
2025/5/14 7:15,7244.4
2025/5/14 7:30,7276.8
2025/5/14 7:45,7309.2
2025/5/14 8:00,7320
2025/5/14 8:15,7288.8
2025/5/14 8:30,7347.6
2025/5/14 8:45,7332
2025/5/14 9:00,7390.8
2025/5/14 9:15,7426.8
2025/5/14 9:30,7400.4
2025/5/14 9:45,7440
2025/5/14 10:00,7540.8
2025/5/14 10:15,7578
2025/5/14 10:30,7512
2025/5/14 10:45,7384.8
2025/5/14 11:00,7616.4
2025/5/14 11:15,7447.2
2025/5/14 11:30,7491.6
2025/5/14 11:45,7407.6
2025/5/14 12:00,7408.8
2025/5/14 12:15,7429.2
2025/5/14 12:30,7467.6
2025/5/14 12:45,7510.8
2025/5/14 13:00,7423.2
2025/5/14 13:15,7399.2
2025/5/14 13:30,7546.8
2025/5/14 13:45,7335.6
2025/5/14 14:00,7467.6
2025/5/14 14:15,7330.8
2025/5/14 14:30,7464
2025/5/14 14:45,7638
2025/5/14 15:00,7593.6
2025/5/14 15:15,7680
2025/5/14 15:30,7710
2025/5/14 15:45,7756.8
2025/5/14 16:00,7644
2025/5/14 16:15,7677.6
2025/5/14 16:30,7632
2025/5/14 16:45,7659.6
2025/5/14 17:00,7672.8
2025/5/14 17:15,7670.4
2025/5/14 17:30,7614
2025/5/14 17:45,7635.6
2025/5/14 18:00,7676.4
2025/5/14 18:15,7588.8
2025/5/14 18:30,7596
2025/5/14 18:45,7394.4
2025/5/14 19:00,7452
2025/5/14 19:15,7486.8
2025/5/14 19:30,7465.2
2025/5/14 19:45,7417.2
2025/5/14 20:00,7464
2025/5/14 20:15,7476
2025/5/14 20:30,7413.6
2025/5/14 20:45,7537.2
2025/5/14 21:00,7400.4
2025/5/14 21:15,7606.8
2025/5/14 21:30,7458
2025/5/14 21:45,7428
2025/5/14 22:00,7507.2
2025/5/14 22:15,7347.6
2025/5/14 22:30,7507.2
2025/5/14 22:45,7382.4
2025/5/14 23:00,7461.6
2025/5/14 23:15,7592.4
2025/5/14 23:30,7424.4
2025/5/14 23:45,7580.4
2025/5/15 0:00,7524
2025/5/15 0:15,7563.6
2025/5/15 0:30,7600.8
2025/5/15 0:45,7501.2
2025/5/15 1:00,7562.4
2025/5/15 1:15,7480.8
2025/5/15 1:30,7479.6
2025/5/15 1:45,7515.6
2025/5/15 2:00,7338
2025/5/15 2:15,7507.2
2025/5/15 2:30,7507.2
2025/5/15 2:45,7339.2
2025/5/15 3:00,7490.4
2025/5/15 3:15,7329.6
2025/5/15 3:30,7442.4
2025/5/15 3:45,7485.6
2025/5/15 4:00,7491.6
2025/5/15 4:15,7454.4
2025/5/15 4:30,7446
2025/5/15 4:45,7484.4
2025/5/15 5:00,7443.6
2025/5/15 5:15,7431.6
2025/5/15 5:30,7392
2025/5/15 5:45,7357.2
2025/5/15 6:00,7369.2
2025/5/15 6:15,7432.8
2025/5/15 6:30,7285.2
2025/5/15 6:45,7146
2025/5/15 7:00,6991.2
2025/5/15 7:15,6976.8
2025/5/15 7:30,6946.8
2025/5/15 7:45,7009.2
2025/5/15 8:00,6993.6
2025/5/15 8:15,6952.8
2025/5/15 8:30,6992.4
2025/5/15 8:45,7357.2
2025/5/15 9:00,7408.8
2025/5/15 9:15,7346.4
2025/5/15 9:30,7352.4
2025/5/15 9:45,7346.4
2025/5/15 10:00,7244.4
2025/5/15 10:15,7330.8
2025/5/15 10:30,7356
2025/5/15 10:45,7471.2
2025/5/15 11:00,7419.6
2025/5/15 11:15,7480.8
2025/5/15 11:30,7623.6
2025/5/15 11:45,7575.6
2025/5/15 12:00,7484.4
2025/5/15 12:15,7567.2
2025/5/15 12:30,7521.6
2025/5/15 12:45,7438.8
2025/5/15 13:00,7546.8
2025/5/15 13:15,7603.2
2025/5/15 13:30,7546.8
2025/5/15 13:45,7682.4
2025/5/15 14:00,7699.2
2025/5/15 14:15,7723.2
2025/5/15 14:30,7808.4
2025/5/15 14:45,7555.2
2025/5/15 15:00,7438.8
2025/5/15 15:15,7471.2
2025/5/15 15:30,7695.6
2025/5/15 15:45,7585.2
2025/5/15 16:00,7642.8
2025/5/15 16:15,7657.2
2025/5/15 16:30,7568.4
2025/5/15 16:45,7602
2025/5/15 17:00,7592.4
2025/5/15 17:15,7692
2025/5/15 17:30,7677.6
2025/5/15 17:45,7551.6
2025/5/15 18:00,7694.4
2025/5/15 18:15,7651.2
2025/5/15 18:30,7596
2025/5/15 18:45,7698
2025/5/15 19:00,7372.8
2025/5/15 19:15,7464
2025/5/15 19:30,7801.2
2025/5/15 19:45,7755.6
2025/5/15 20:00,7813.2
2025/5/15 20:15,7706.4
2025/5/15 20:30,7783.2
2025/5/15 20:45,7664.4
2025/5/15 21:00,7671.6
2025/5/15 21:15,7711.2
2025/5/15 21:30,7660.8
2025/5/15 21:45,7764
2025/5/15 22:00,7710
2025/5/15 22:15,7555.2
2025/5/15 22:30,7617.6
2025/5/15 22:45,7591.2
2025/5/15 23:00,7580.4
2025/5/15 23:15,7590
2025/5/15 23:30,7609.2
2025/5/15 23:45,7620
2025/5/16 0:00,7614
2025/5/16 0:15,7616.4
2025/5/16 0:30,7633.2
2025/5/16 0:45,7575.6
2025/5/16 1:00,7614
2025/5/16 1:15,7662
2025/5/16 1:30,7618.8
2025/5/16 1:45,7616.4
2025/5/16 2:00,7611.6
2025/5/16 2:15,7624.8
2025/5/16 2:30,7548
2025/5/16 2:45,7548
2025/5/16 3:00,7648.8
2025/5/16 3:15,7626
2025/5/16 3:30,7640.4
2025/5/16 3:45,7573.2
2025/5/16 4:00,7513.2
2025/5/16 4:15,7659.6
2025/5/16 4:30,7594.8
2025/5/16 4:45,7569.6
2025/5/16 5:00,7602
2025/5/16 5:15,7536
2025/5/16 5:30,7401.6
2025/5/16 5:45,7570.8
2025/5/16 6:00,7554
2025/5/16 6:15,7540.8
2025/5/16 6:30,7555.2
2025/5/16 6:45,7588.8
2025/5/16 7:00,7538.4
2025/5/16 7:15,7539.6
2025/5/16 7:30,7508.4
2025/5/16 7:45,7551.6
2025/5/16 8:00,7587.6
2025/5/16 8:15,7550.4
2025/5/16 8:30,7489.2
2025/5/16 8:45,7621.2
2025/5/16 9:00,7561.2
2025/5/16 9:15,7545.6
2025/5/16 9:30,7584
2025/5/16 9:45,7666.8
2025/5/16 10:00,7665.6
2025/5/16 10:15,7423.2
2025/5/16 10:30,7573.2
2025/5/16 10:45,7372.8
2025/5/16 11:00,7501.2
2025/5/16 11:15,7572
2025/5/16 11:30,7509.6
2025/5/16 11:45,7624.8
2025/5/16 12:00,7460.4
2025/5/16 12:15,7615.2
2025/5/16 12:30,7681.2
2025/5/16 12:45,7447.2
2025/5/16 13:00,7539.6
2025/5/16 13:15,7690.8
2025/5/16 13:30,7682.4
2025/5/16 13:45,7700.4
2025/5/16 14:00,7543.2
2025/5/16 14:15,7430.4
2025/5/16 14:30,7484.4
2025/5/16 14:45,7695.6
2025/5/16 15:00,7681.2
2025/5/16 15:15,7576.8
2025/5/16 15:30,7677.6
2025/5/16 15:45,7681.2
2025/5/16 16:00,7669.2
2025/5/16 16:15,7714.8
2025/5/16 16:30,7455.6
2025/5/16 16:45,7422
2025/5/16 17:00,7494
2025/5/16 17:15,7668
2025/5/16 17:30,7585.2
2025/5/16 17:45,7579.2
2025/5/16 18:00,7574.4
2025/5/16 18:15,7480.8
2025/5/16 18:30,7537.2
2025/5/16 18:45,7551.6
2025/5/16 19:00,7520.4
2025/5/16 19:15,7566
2025/5/16 19:30,7336.8
2025/5/16 19:45,7604.4
2025/5/16 20:00,7654.8
2025/5/16 20:15,7478.4
2025/5/16 20:30,7592.4
2025/5/16 20:45,7570.8
2025/5/16 21:00,7476
2025/5/16 21:15,7568.4
2025/5/16 21:30,7588.8
2025/5/16 21:45,7446
2025/5/16 22:00,7563.6
2025/5/16 22:15,7429.2
2025/5/16 22:30,7414.8
2025/5/16 22:45,7478.4
2025/5/16 23:00,7470
2025/5/16 23:15,7465.2
2025/5/16 23:30,7290
2025/5/16 23:45,7504.8
2025/5/17 0:00,7442.4
2025/5/17 0:15,7273.2
2025/5/17 0:30,7422
2025/5/17 0:45,7282.8
2025/5/17 1:00,7454.4
2025/5/17 1:15,7509.6
2025/5/17 1:30,7226.4
2025/5/17 1:45,7346.4
2025/5/17 2:00,7336.8
2025/5/17 2:15,7188
2025/5/17 2:30,7382.4
2025/5/17 2:45,7388.4
2025/5/17 3:00,7149.6
2025/5/17 3:15,7374
2025/5/17 3:30,7345.2
2025/5/17 3:45,7242
2025/5/17 4:00,7376.4
2025/5/17 4:15,7368
2025/5/17 4:30,7158
2025/5/17 4:45,7314
2025/5/17 5:00,7287.6
2025/5/17 5:15,7084.8
2025/5/17 5:30,7257.6
2025/5/17 5:45,7248
2025/5/17 6:00,7058.4
2025/5/17 6:15,7225.2
2025/5/17 6:30,7228.8
2025/5/17 6:45,7273.2
2025/5/17 7:00,7314
2025/5/17 7:15,7298.4
2025/5/17 7:30,7334.4
2025/5/17 7:45,7309.2
2025/5/17 8:00,7340.4
2025/5/17 8:15,7350
2025/5/17 8:30,7332
2025/5/17 8:45,7351.2
2025/5/17 9:00,7404
2025/5/17 9:15,7497.6
2025/5/17 9:30,7605.6
2025/5/17 9:45,7838.4
2025/5/17 10:00,7771.2
2025/5/17 10:15,7792.8
2025/5/17 10:30,7723.2
2025/5/17 10:45,7600.8
2025/5/17 11:00,7674
2025/5/17 11:15,7720.8
2025/5/17 11:30,7530
2025/5/17 11:45,7616.4
2025/5/17 12:00,7618.8
2025/5/17 12:15,7615.2
2025/5/17 12:30,7638
2025/5/17 12:45,7636.8
2025/5/17 13:00,7648.8
2025/5/17 13:15,7645.2
2025/5/17 13:30,7608
2025/5/17 13:45,7387.2
2025/5/17 14:00,7634.4
2025/5/17 14:15,7683.6
2025/5/17 14:30,7722
2025/5/17 14:45,7768.8
2025/5/17 15:00,7644
2025/5/17 15:15,7450.8
2025/5/17 15:30,7647.6
2025/5/17 15:45,7602
2025/5/17 16:00,7458
2025/5/17 16:15,7686
2025/5/17 16:30,7629.6
2025/5/17 16:45,7461.6
2025/5/17 17:00,7314
2025/5/17 17:15,7558.8
2025/5/17 17:30,7471.2
2025/5/17 17:45,7604.4
2025/5/17 18:00,7358.4
2025/5/17 18:15,7545.6
2025/5/17 18:30,7543.2
2025/5/17 18:45,7510.8
2025/5/17 19:00,7425.6
2025/5/17 19:15,7533.6
2025/5/17 19:30,7569.6
2025/5/17 19:45,7453.2
2025/5/17 20:00,7396.8
2025/5/17 20:15,7525.2
2025/5/17 20:30,7346.4
2025/5/17 20:45,7516.8
2025/5/17 21:00,7518
2025/5/17 21:15,7555.2
2025/5/17 21:30,7369.2
2025/5/17 21:45,7218
2025/5/17 22:00,7412.4
2025/5/17 22:15,7455.6
2025/5/17 22:30,7396.8
2025/5/17 22:45,7441.2
2025/5/17 23:00,7348.8
2025/5/17 23:15,7376.4
2025/5/17 23:30,7311.6
2025/5/17 23:45,7371.6
2025/5/18 0:00,7360.8
2025/5/18 0:15,7334.4
2025/5/18 0:30,7296
2025/5/18 0:45,7386
2025/5/18 1:00,7286.4
2025/5/18 1:15,7293.6
2025/5/18 1:30,7410
2025/5/18 1:45,7282.8
2025/5/18 2:00,7465.2
2025/5/18 2:15,7437.6
2025/5/18 2:30,7387.2
2025/5/18 2:45,7401.6
2025/5/18 3:00,7461.6
2025/5/18 3:15,7414.8
2025/5/18 3:30,7491.6
2025/5/18 3:45,7446
2025/5/18 4:00,7443.6
2025/5/18 4:15,7467.6
2025/5/18 4:30,7378.8
2025/5/18 4:45,7328.4
2025/5/18 5:00,7440
2025/5/18 5:15,7332
2025/5/18 5:30,7314
2025/5/18 5:45,7581.6
2025/5/18 6:00,7561.2
2025/5/18 6:15,7585.2
2025/5/18 6:30,7612.8
2025/5/18 6:45,7574.4
2025/5/18 7:00,7650
2025/5/18 7:15,7605.6
2025/5/18 7:30,7602
2025/5/18 7:45,7598.4
2025/5/18 8:00,7568.4
2025/5/18 8:15,7633.2
2025/5/18 8:30,7640.4
2025/5/18 8:45,7636.8
2025/5/18 9:00,7663.2
2025/5/18 9:15,7556.4
2025/5/18 9:30,7556.4
2025/5/18 9:45,7570.8
2025/5/18 10:00,7588.8
2025/5/18 10:15,7590
2025/5/18 10:30,7495.2
2025/5/18 10:45,7644
2025/5/18 11:00,7513.2
2025/5/18 11:15,7368
2025/5/18 11:30,7303.2
2025/5/18 11:45,7316.4
2025/5/18 12:00,7377.6
2025/5/18 12:15,7399.2
2025/5/18 12:30,7365.6
2025/5/18 12:45,7386
2025/5/18 13:00,7408.8
2025/5/18 13:15,7255.2
2025/5/18 13:30,7352.4
2025/5/18 13:45,7398
2025/5/18 14:00,7404
2025/5/18 14:15,7356
2025/5/18 14:30,7288.8
2025/5/18 14:45,7407.6
2025/5/18 15:00,7585.2
2025/5/18 15:15,7581.6
2025/5/18 15:30,7568.4
2025/5/18 15:45,7532.4
2025/5/18 16:00,7610.4
2025/5/18 16:15,7586.4
2025/5/18 16:30,7527.6
2025/5/18 16:45,7572
2025/5/18 17:00,7572
2025/5/18 17:15,7564.8
2025/5/18 17:30,7562.4
2025/5/18 17:45,7612.8
2025/5/18 18:00,7564.8
2025/5/18 18:15,7504.8
2025/5/18 18:30,7537.2
2025/5/18 18:45,7478.4
2025/5/18 19:00,7425.6
2025/5/18 19:15,7371.6
2025/5/18 19:30,7416
2025/5/18 19:45,7329.6
2025/5/18 20:00,7335.6
2025/5/18 20:15,7378.8
2025/5/18 20:30,7302
2025/5/18 20:45,7423.2
2025/5/18 21:00,7498.8
2025/5/18 21:15,7466.4
2025/5/18 21:30,7447.2
2025/5/18 21:45,7542
2025/5/18 22:00,7694.4
2025/5/18 22:15,7646.4
2025/5/18 22:30,7507.2
2025/5/18 22:45,7662
2025/5/18 23:00,7543.2
2025/5/18 23:15,7486.8
2025/5/18 23:30,7544.4
2025/5/18 23:45,7566
2025/5/19 0:00,7588.8
2025/5/19 0:15,7538.4
2025/5/19 0:30,7359.6
2025/5/19 0:45,7417.2
2025/5/19 1:00,7514.4
2025/5/19 1:15,7502.4
2025/5/19 1:30,7426.8
2025/5/19 1:45,7575.6
2025/5/19 2:00,7534.8
2025/5/19 2:15,7513.2
2025/5/19 2:30,7528.8
2025/5/19 2:45,7533.6
2025/5/19 3:00,7464
2025/5/19 3:15,7492.8
2025/5/19 3:30,7482
2025/5/19 3:45,7458
2025/5/19 4:00,7455.6
2025/5/19 4:15,7504.8
2025/5/19 4:30,7574.4
2025/5/19 4:45,7531.2
2025/5/19 5:00,7503.6
2025/5/19 5:15,7434
2025/5/19 5:30,7441.2
2025/5/19 5:45,7395.6
2025/5/19 6:00,7436.4
2025/5/19 6:15,7309.2
2025/5/19 6:30,7317.6
2025/5/19 6:45,7248
2025/5/19 7:00,7338
2025/5/19 7:15,7333.2
2025/5/19 7:30,7426.8
2025/5/19 7:45,7281.6
2025/5/19 8:00,7443.6
2025/5/19 8:15,7399.2
2025/5/19 8:30,7478.4
2025/5/19 8:45,7482
2025/5/19 9:00,7366.8
2025/5/19 9:15,7492.8
2025/5/19 9:30,7468.8
2025/5/19 9:45,7388.4
2025/5/19 10:00,7472.4
2025/5/19 10:15,7490.4
2025/5/19 10:30,7468.8
2025/5/19 10:45,7579.2
2025/5/19 11:00,7418.4
2025/5/19 11:15,7495.2
2025/5/19 11:30,7474.8
2025/5/19 11:45,7401.6
2025/5/19 12:00,7408.8
2025/5/19 12:15,7420.8
2025/5/19 12:30,7330.8
2025/5/19 12:45,7359.6
2025/5/19 13:00,7353.6
2025/5/19 13:15,7467.6
2025/5/19 13:30,7479.6
2025/5/19 13:45,7414.8
2025/5/19 14:00,7366.8
2025/5/19 14:15,7442.4
2025/5/19 14:30,7477.2
2025/5/19 14:45,7434
2025/5/19 15:00,7466.4
2025/5/19 15:15,7446
2025/5/19 15:30,7539.6
2025/5/19 15:45,7426.8
2025/5/19 16:00,7395.6
2025/5/19 16:15,7460.4
2025/5/19 16:30,7554
2025/5/19 16:45,7435.2
2025/5/19 17:00,7446
2025/5/19 17:15,7531.2
2025/5/19 17:30,7440
2025/5/19 17:45,7495.2
2025/5/19 18:00,7416
2025/5/19 18:15,7387.2
2025/5/19 18:30,7411.2
2025/5/19 18:45,7387.2
2025/5/19 19:00,7393.2
2025/5/19 19:15,7462.8
2025/5/19 19:30,7419.6
2025/5/19 19:45,7494
2025/5/19 20:00,7406.4
2025/5/19 20:15,7442.4
2025/5/19 20:30,7506
2025/5/19 20:45,7387.2
2025/5/19 21:00,7424.4
2025/5/19 21:15,7495.2
2025/5/19 21:30,7440
2025/5/19 21:45,7476
2025/5/19 22:00,7347.6
2025/5/19 22:15,7436.4
2025/5/19 22:30,7340.4
2025/5/19 22:45,7423.2
2025/5/19 23:00,7292.4
2025/5/19 23:15,7412.4
2025/5/19 23:30,7400.4
2025/5/19 23:45,7378.8
2025/5/20 0:00,7412.4
2025/5/20 0:15,7378.8
2025/5/20 0:30,7332
2025/5/20 0:45,7440
2025/5/20 1:00,7414.8
2025/5/20 1:15,7326
2025/5/20 1:30,7388.4
2025/5/20 1:45,7357.2
2025/5/20 2:00,7398
2025/5/20 2:15,7410
2025/5/20 2:30,7300.8
2025/5/20 2:45,7420.8
2025/5/20 3:00,7369.2
2025/5/20 3:15,7419.6
2025/5/20 3:30,7400.4
2025/5/20 3:45,7510.8
2025/5/20 4:00,7428
2025/5/20 4:15,7447.2
2025/5/20 4:30,7423.2
2025/5/20 4:45,7398
2025/5/20 5:00,7398
2025/5/20 5:15,7360.8
2025/5/20 5:30,7333.2
2025/5/20 5:45,7228.8
2025/5/20 6:00,7344
2025/5/20 6:15,7322.4
2025/5/20 6:30,7411.2
2025/5/20 6:45,7383.6
2025/5/20 7:00,7352.4
2025/5/20 7:15,7302
2025/5/20 7:30,7353.6
2025/5/20 7:45,7347.6
2025/5/20 8:00,7363.2
2025/5/20 8:15,7338
2025/5/20 8:30,7330.8
2025/5/20 8:45,7329.6
2025/5/20 9:00,7425.6
2025/5/20 9:15,7461.6
2025/5/20 9:30,7389.6
2025/5/20 9:45,7405.2
2025/5/20 10:00,7414.8
2025/5/20 10:15,7400.4
2025/5/20 10:30,7324.8
2025/5/20 10:45,7477.2
2025/5/20 11:00,7389.6
2025/5/20 11:15,7449.6
2025/5/20 11:30,7327.2
2025/5/20 11:45,7376.4
2025/5/20 12:00,7318.8
2025/5/20 12:15,7318.8
2025/5/20 12:30,7356
2025/5/20 12:45,7279.2
2025/5/20 13:00,7322.4
2025/5/20 13:15,7296
2025/5/20 13:30,7339.2
2025/5/20 13:45,7404
2025/5/20 14:00,7444.8
2025/5/20 14:15,7417.2
2025/5/20 14:30,7436.4
2025/5/20 14:45,7407.6
2025/5/20 15:00,7401.6
2025/5/20 15:15,7396.8
2025/5/20 15:30,7466.4
2025/5/20 15:45,7393.2
2025/5/20 16:00,7360.8
2025/5/20 16:15,7360.8
2025/5/20 16:30,7376.4
2025/5/20 16:45,7348.8
2025/5/20 17:00,7376.4
2025/5/20 17:15,7360.8
2025/5/20 17:30,7390.8
2025/5/20 17:45,7326
2025/5/20 18:00,7320
2025/5/20 18:15,7351.2
2025/5/20 18:30,7338
2025/5/20 18:45,7413.6
2025/5/20 19:00,7422
2025/5/20 19:15,7348.8
2025/5/20 19:30,7288.8
2025/5/20 19:45,7332
2025/5/20 20:00,7393.2
2025/5/20 20:15,7399.2
2025/5/20 20:30,7341.6
2025/5/20 20:45,7266
2025/5/20 21:00,7258.8
2025/5/20 21:15,7416
2025/5/20 21:30,7342.8
2025/5/20 21:45,7327.2
2025/5/20 22:00,7230
2025/5/20 22:15,7339.2
2025/5/20 22:30,7345.2
2025/5/20 22:45,7386
2025/5/20 23:00,7364.4
2025/5/20 23:15,7387.2
2025/5/20 23:30,7345.2
2025/5/20 23:45,7304.4
2025/5/21 0:00,7318.8
2025/5/21 0:15,7374
2025/5/21 0:30,7394.4
2025/5/21 0:45,7366.8
2025/5/21 1:00,7376.4
2025/5/21 1:15,7372.8
2025/5/21 1:30,7314
2025/5/21 1:45,7305.6
2025/5/21 2:00,7348.8
2025/5/21 2:15,7228.8
2025/5/21 2:30,7318.8
2025/5/21 2:45,7384.8
2025/5/21 3:00,7395.6
2025/5/21 3:15,7352.4
2025/5/21 3:30,7388.4
2025/5/21 3:45,7425.6
2025/5/21 4:00,7372.8
2025/5/21 4:15,7436.4
2025/5/21 4:30,7382.4
2025/5/21 4:45,7383.6
2025/5/21 5:00,7339.2
2025/5/21 5:15,7358.4
2025/5/21 5:30,7209.6
2025/5/21 5:45,7288.8
2025/5/21 6:00,7339.2
2025/5/21 6:15,7328.4
2025/5/21 6:30,7167.6
2025/5/21 6:45,7339.2
2025/5/21 7:00,7326
2025/5/21 7:15,7356
2025/5/21 7:30,7324.8
2025/5/21 7:45,7302
2025/5/21 8:00,7353.6
2025/5/21 8:15,7362
2025/5/21 8:30,7386
2025/5/21 8:45,7404
2025/5/21 9:00,7436.4
2025/5/21 9:15,7406.4
2025/5/21 9:30,7428
2025/5/21 9:45,7416
2025/5/21 10:00,7344
2025/5/21 10:15,7472.4
2025/5/21 10:30,7500
2025/5/21 10:45,7368
2025/5/21 11:00,7485.6
2025/5/21 11:15,7393.2
2025/5/21 11:30,7491.6
2025/5/21 11:45,7508.4
2025/5/21 12:00,7556.4
2025/5/21 12:15,7546.8
2025/5/21 12:30,7455.6
2025/5/21 12:45,7435.2
2025/5/21 13:00,7476
2025/5/21 13:15,7526.4
2025/5/21 13:30,7494
2025/5/21 13:45,7410
2025/5/21 14:00,7381.2
2025/5/21 14:15,7574.4
2025/5/21 14:30,7528.8
2025/5/21 14:45,7602
2025/5/21 15:00,7521.6
2025/5/21 15:15,7256.4
2025/5/21 15:30,7461.6
2025/5/21 15:45,7670.4
2025/5/21 16:00,7750.8
2025/5/21 16:15,7617.6
2025/5/21 16:30,7600.8
2025/5/21 16:45,7616.4
2025/5/21 17:00,7653.6
2025/5/21 17:15,7678.8
2025/5/21 17:30,7662
2025/5/21 17:45,7618.8
2025/5/21 18:00,7636.8
2025/5/21 18:15,7604.4
2025/5/21 18:30,7657.2
2025/5/21 18:45,7642.8
2025/5/21 19:00,7664.4
2025/5/21 19:15,7611.6
2025/5/21 19:30,7612.8
2025/5/21 19:45,7736.4
2025/5/21 20:00,7653.6
2025/5/21 20:15,7689.6
2025/5/21 20:30,7581.6
2025/5/21 20:45,7534.8
2025/5/21 21:00,7747.2
2025/5/21 21:15,7738.8
2025/5/21 21:30,7819.2
2025/5/21 21:45,7740
2025/5/21 22:00,7653.6
2025/5/21 22:15,7699.2
2025/5/21 22:30,7622.4
2025/5/21 22:45,7564.8
2025/5/21 23:00,7419.6
2025/5/21 23:15,7579.2
2025/5/21 23:30,7537.2
2025/5/21 23:45,7483.2
2025/5/22 0:00,7519.2
2025/5/22 0:15,7534.8
2025/5/22 0:30,7458
2025/5/22 0:45,7495.2
2025/5/22 1:00,7518
2025/5/22 1:15,7428
2025/5/22 1:30,7468.8
2025/5/22 1:45,7328.4
2025/5/22 2:00,7418.4
2025/5/22 2:15,7406.4
2025/5/22 2:30,7413.6
2025/5/22 2:45,7321.2
2025/5/22 3:00,7365.6
2025/5/22 3:15,7368
2025/5/22 3:30,7418.4
2025/5/22 3:45,7318.8
2025/5/22 4:00,7317.6
2025/5/22 4:15,7334.4
2025/5/22 4:30,7336.8
2025/5/22 4:45,7165.2
2025/5/22 5:00,7184.4
2025/5/22 5:15,7267.2
2025/5/22 5:30,7258.8
2025/5/22 5:45,7222.8
2025/5/22 6:00,7225.2
2025/5/22 6:15,7214.4
2025/5/22 6:30,7257.6
2025/5/22 6:45,7266
2025/5/22 7:00,7123.2
2025/5/22 7:15,7089.6
2025/5/22 7:30,7200
2025/5/22 7:45,7297.2
2025/5/22 8:00,7197.6
2025/5/22 8:15,7269.6
2025/5/22 8:30,7315.2
2025/5/22 8:45,7275.6
2025/5/22 9:00,7366.8
2025/5/22 9:15,7291.2
2025/5/22 9:30,7494
2025/5/22 9:45,7486.8
2025/5/22 10:00,7562.4
2025/5/22 10:15,7636.8
2025/5/22 10:30,7513.2
2025/5/22 10:45,7540.8
2025/5/22 11:00,7622.4
2025/5/22 11:15,7609.2
2025/5/22 11:30,7551.6
2025/5/22 11:45,7585.2
2025/5/22 12:00,7543.2
2025/5/22 12:15,7476
2025/5/22 12:30,7570.8
2025/5/22 12:45,7621.2
2025/5/22 13:00,7604.4
2025/5/22 13:15,7586.4
2025/5/22 13:30,7609.2
2025/5/22 13:45,7699.2
2025/5/22 14:00,7704
2025/5/22 14:15,7587.6
2025/5/22 14:30,7699.2
2025/5/22 14:45,7648.8
2025/5/22 15:00,7696.8
2025/5/22 15:15,7732.8
2025/5/22 15:30,7590
2025/5/22 15:45,7622.4
2025/5/22 16:00,7702.8
2025/5/22 16:15,7678.8
2025/5/22 16:30,7574.4
2025/5/22 16:45,7723.2
2025/5/22 17:00,7587.6
2025/5/22 17:15,7652.4
2025/5/22 17:30,7752
2025/5/22 17:45,7454.4
2025/5/22 18:00,7712.4
2025/5/22 18:15,7596
2025/5/22 18:30,7659.6
2025/5/22 18:45,7696.8
2025/5/22 19:00,7723.2
2025/5/22 19:15,7729.2
2025/5/22 19:30,7602
2025/5/22 19:45,7674
2025/5/22 20:00,7681.2
2025/5/22 20:15,7705.2
2025/5/22 20:30,7647.6
2025/5/22 20:45,7766.4
2025/5/22 21:00,7692
2025/5/22 21:15,7618.8
2025/5/22 21:30,7713.6
2025/5/22 21:45,7676.4
2025/5/22 22:00,7728
2025/5/22 22:15,7681.2
2025/5/22 22:30,7656
2025/5/22 22:45,7639.2
2025/5/22 23:00,7636.8
2025/5/22 23:15,7629.6
2025/5/22 23:30,7603.2
2025/5/22 23:45,7539.6
2025/5/23 0:00,7620
2025/5/23 0:15,7544.4
2025/5/23 0:30,7668
2025/5/23 0:45,7677.6
2025/5/23 1:00,7662
2025/5/23 1:15,7651.2
2025/5/23 1:30,7665.6
2025/5/23 1:45,7580.4
2025/5/23 2:00,7456.8
2025/5/23 2:15,7455.6
2025/5/23 2:30,7528.8
2025/5/23 2:45,7520.4
2025/5/23 3:00,7491.6
2025/5/23 3:15,7458
2025/5/23 3:30,7448.4
2025/5/23 3:45,7496.4
2025/5/23 4:00,7485.6
2025/5/23 4:15,7498.8
2025/5/23 4:30,7593.6
2025/5/23 4:45,7555.2
2025/5/23 5:00,7585.2
2025/5/23 5:15,7546.8
2025/5/23 5:30,7488
2025/5/23 5:45,7531.2
2025/5/23 6:00,7477.2
2025/5/23 6:15,7564.8
2025/5/23 6:30,7435.2
2025/5/23 6:45,7422
2025/5/23 7:00,7508.4
2025/5/23 7:15,7497.6
2025/5/23 7:30,7488
2025/5/23 7:45,7498.8
2025/5/23 8:00,7564.8
2025/5/23 8:15,7568.4
2025/5/23 8:30,7574.4
2025/5/23 8:45,7239.6
2025/5/23 9:00,7742.4
2025/5/23 9:15,7790.4
2025/5/23 9:30,7501.2
2025/5/23 9:45,7627.2
2025/5/23 10:00,7657.2
2025/5/23 10:15,7597.2
2025/5/23 10:30,7603.2
2025/5/23 10:45,7704
2025/5/23 11:00,7722
2025/5/23 11:15,7621.2
2025/5/23 11:30,7615.2
2025/5/23 11:45,7614
2025/5/23 12:00,7495.2
2025/5/23 12:15,7622.4
2025/5/23 12:30,7537.2
2025/5/23 12:45,7533.6
2025/5/23 13:00,7572
2025/5/23 13:15,7485.6
2025/5/23 13:30,7603.2
2025/5/23 13:45,7682.4
2025/5/23 14:00,7717.2
2025/5/23 14:15,7602
2025/5/23 14:30,7729.2
2025/5/23 14:45,7851.6
2025/5/23 15:00,7851.6
2025/5/23 15:15,7724.4
2025/5/23 15:30,7762.8
2025/5/23 15:45,7702.8
2025/5/23 16:00,7689.6
2025/5/23 16:15,7597.2
2025/5/23 16:30,7714.8
2025/5/23 16:45,7611.6
2025/5/23 17:00,7689.6
2025/5/23 17:15,7719.6
2025/5/23 17:30,7602
2025/5/23 17:45,7609.2
2025/5/23 18:00,7712.4
2025/5/23 18:15,7726.8
2025/5/23 18:30,7663.2
2025/5/23 18:45,7467.6
2025/5/23 19:00,7460.4
2025/5/23 19:15,7675.2
2025/5/23 19:30,7573.2
2025/5/23 19:45,7680
2025/5/23 20:00,7748.4
2025/5/23 20:15,7671.6
2025/5/23 20:30,7784.4
2025/5/23 20:45,7657.2
2025/5/23 21:00,7578
2025/5/23 21:15,7723.2
2025/5/23 21:30,7767.6
2025/5/23 21:45,7719.6
2025/5/23 22:00,7711.2
2025/5/23 22:15,7669.2
2025/5/23 22:30,7599.6
2025/5/23 22:45,7592.4
2025/5/23 23:00,7550.4
2025/5/23 23:15,7462.8
2025/5/23 23:30,7441.2
2025/5/23 23:45,7588.8
2025/5/24 0:00,7341.6
2025/5/24 0:15,7405.2
2025/5/24 0:30,7474.8
2025/5/24 0:45,7406.4
2025/5/24 1:00,7494
2025/5/24 1:15,7514.4
2025/5/24 1:30,7520.4
2025/5/24 1:45,7471.2
2025/5/24 2:00,7372.8
2025/5/24 2:15,7402.8
2025/5/24 2:30,7430.4
2025/5/24 2:45,7360.8
2025/5/24 3:00,7342.8
2025/5/24 3:15,7377.6
2025/5/24 3:30,7318.8
2025/5/24 3:45,7339.2
2025/5/24 4:00,7441.2
2025/5/24 4:15,7476
2025/5/24 4:30,7351.2
2025/5/24 4:45,7447.2
2025/5/24 5:00,7236
2025/5/24 5:15,7316.4
2025/5/24 5:30,7381.2
2025/5/24 5:45,7395.6
2025/5/24 6:00,7281.6
2025/5/24 6:15,7230
2025/5/24 6:30,7264.8
2025/5/24 6:45,7170
2025/5/24 7:00,7308
2025/5/24 7:15,7216.8
2025/5/24 7:30,7376.4
2025/5/24 7:45,7371.6
2025/5/24 8:00,7396.8
2025/5/24 8:15,7243.2
2025/5/24 8:30,7381.2
2025/5/24 8:45,7374
2025/5/24 9:00,7430.4
2025/5/24 9:15,7443.6
2025/5/24 9:30,7514.4
2025/5/24 9:45,7736.4
2025/5/24 10:00,7662
2025/5/24 10:15,7591.2
2025/5/24 10:30,7748.4
2025/5/24 10:45,7758
2025/5/24 11:00,7766.4
2025/5/24 11:15,7653.6
2025/5/24 11:30,7743.6
2025/5/24 11:45,7591.2
2025/5/24 12:00,7646.4
2025/5/24 12:15,7675.2
2025/5/24 12:30,7731.6
2025/5/24 12:45,7755.6
2025/5/24 13:00,7658.4
2025/5/24 13:15,7726.8
2025/5/24 13:30,7766.4
2025/5/24 13:45,7858.8
2025/5/24 14:00,7902
2025/5/24 14:15,7851.6
2025/5/24 14:30,7846.8
2025/5/24 14:45,7938
2025/5/24 15:00,7909.2
2025/5/24 15:15,7807.2
2025/5/24 15:30,7928.4
2025/5/24 15:45,7808.4
2025/5/24 16:00,7996.8
2025/5/24 16:15,7879.2
2025/5/24 16:30,7932
2025/5/24 16:45,7814.4
2025/5/24 17:00,7732.8
2025/5/24 17:15,7782
2025/5/24 17:30,7802.4
2025/5/24 17:45,7899.6
2025/5/24 18:00,7832.4
2025/5/24 18:15,7899.6
2025/5/24 18:30,7795.2
2025/5/24 18:45,7933.2
2025/5/24 19:00,7909.2
2025/5/24 19:15,7842
2025/5/24 19:30,7814.4
2025/5/24 19:45,7653.6
2025/5/24 20:00,7802.4
2025/5/24 20:15,7870.8
2025/5/24 20:30,7975.2
2025/5/24 20:45,7873.2
2025/5/24 21:00,7904.4
2025/5/24 21:15,7933.2
2025/5/24 21:30,7904.4
2025/5/24 21:45,7963.2
2025/5/24 22:00,7918.8
2025/5/24 22:15,7852.8
2025/5/24 22:30,7963.2
2025/5/24 22:45,7906.8
2025/5/24 23:00,7910.4
2025/5/24 23:15,7882.8
2025/5/24 23:30,7866
2025/5/24 23:45,7868.4
2025/5/25 0:00,7766.4
2025/5/25 0:15,7786.8
2025/5/25 0:30,7724.4
2025/5/25 0:45,7738.8
2025/5/25 1:00,7674
2025/5/25 1:15,7777.2
2025/5/25 1:30,7717.2
2025/5/25 1:45,7784.4
2025/5/25 2:00,7790.4
2025/5/25 2:15,7834.8
2025/5/25 2:30,7832.4
2025/5/25 2:45,7602
2025/5/25 3:00,7717.2
2025/5/25 3:15,7780.8
2025/5/25 3:30,7804.8
2025/5/25 3:45,7720.8
2025/5/25 4:00,7808.4
2025/5/25 4:15,7743.6
2025/5/25 4:30,7696.8
2025/5/25 4:45,7671.6
2025/5/25 5:00,7746
2025/5/25 5:15,7813.2
2025/5/25 5:30,7833.6
2025/5/25 5:45,7767.6
2025/5/25 6:00,7716
2025/5/25 6:15,7789.2
2025/5/25 6:30,7759.2
2025/5/25 6:45,7779.6
2025/5/25 7:00,7722
2025/5/25 7:15,7610.4
2025/5/25 7:30,7730.4
2025/5/25 7:45,7720.8
2025/5/25 8:00,7777.2
2025/5/25 8:15,7770
2025/5/25 8:30,7704
2025/5/25 8:45,7536
2025/5/25 9:00,7617.6
2025/5/25 9:15,7545.6
2025/5/25 9:30,7539.6
2025/5/25 9:45,7608
2025/5/25 10:00,7626
2025/5/25 10:15,7578
2025/5/25 10:30,7575.6
2025/5/25 10:45,7632
2025/5/25 11:00,7610.4
2025/5/25 11:15,7575.6
2025/5/25 11:30,7710
2025/5/25 11:45,7668
2025/5/25 12:00,7788
2025/5/25 12:15,7756.8
2025/5/25 12:30,7800
2025/5/25 12:45,7725.6
2025/5/25 13:00,7561.2
2025/5/25 13:15,7687.2
2025/5/25 13:30,7760.4
2025/5/25 13:45,7683.6
2025/5/25 14:00,7605.6
2025/5/25 14:15,7642.8
2025/5/25 14:30,7738.8
2025/5/25 14:45,7794
2025/5/25 15:00,7669.2
2025/5/25 15:15,7629.6
2025/5/25 15:30,7740
2025/5/25 15:45,7714.8
2025/5/25 16:00,7573.2
2025/5/25 16:15,7701.6
2025/5/25 16:30,7414.8
2025/5/25 16:45,7528.8
2025/5/25 17:00,7628.4
2025/5/25 17:15,7651.2
2025/5/25 17:30,7662
2025/5/25 17:45,7573.2
2025/5/25 18:00,7494
2025/5/25 18:15,7648.8
2025/5/25 18:30,7654.8
2025/5/25 18:45,7665.6
2025/5/25 19:00,7598.4
2025/5/25 19:15,7671.6
2025/5/25 19:30,7654.8
2025/5/25 19:45,7620
2025/5/25 20:00,7705.2
2025/5/25 20:15,7701.6
2025/5/25 20:30,7753.2
2025/5/25 20:45,7736.4
2025/5/25 21:00,7638
2025/5/25 21:15,7736.4
2025/5/25 21:30,7724.4
2025/5/25 21:45,7550.4
2025/5/25 22:00,7627.2
2025/5/25 22:15,7534.8
2025/5/25 22:30,7470
2025/5/25 22:45,7470
2025/5/25 23:00,7570.8
2025/5/25 23:15,7552.8
2025/5/25 23:30,7538.4
2025/5/25 23:45,7468.8
2025/5/26 0:00,7495.2
2025/5/26 0:15,7538.4
2025/5/26 0:30,7537.2
2025/5/26 0:45,7494
2025/5/26 1:00,7539.6
2025/5/26 1:15,7503.6
2025/5/26 1:30,7530
2025/5/26 1:45,7542
2025/5/26 2:00,7532.4
2025/5/26 2:15,7554
2025/5/26 2:30,7442.4
2025/5/26 2:45,7437.6
2025/5/26 3:00,7594.8
2025/5/26 3:15,7554
2025/5/26 3:30,7456.8
2025/5/26 3:45,7500
2025/5/26 4:00,7575.6
2025/5/26 4:15,7465.2
2025/5/26 4:30,7555.2
2025/5/26 4:45,7393.2
2025/5/26 5:00,7500
2025/5/26 5:15,7501.2
2025/5/26 5:30,7462.8
2025/5/26 5:45,7458
2025/5/26 6:00,7498.8
2025/5/26 6:15,7530
2025/5/26 6:30,7501.2
2025/5/26 6:45,7506
2025/5/26 7:00,7437.6
2025/5/26 7:15,7485.6
2025/5/26 7:30,7467.6
2025/5/26 7:45,7488
2025/5/26 8:00,7357.2
2025/5/26 8:15,7479.6
2025/5/26 8:30,7420.8
2025/5/26 8:45,7428
2025/5/26 9:00,7536
2025/5/26 9:15,7513.2
2025/5/26 9:30,7536
2025/5/26 9:45,7525.2
2025/5/26 10:00,7542
2025/5/26 10:15,7522.8
2025/5/26 10:30,7464
2025/5/26 10:45,7561.2
2025/5/26 11:00,7554
2025/5/26 11:15,7494
2025/5/26 11:30,7557.6
2025/5/26 11:45,7502.4
2025/5/26 12:00,7592.4
2025/5/26 12:15,7624.8
2025/5/26 12:30,7494
2025/5/26 12:45,7573.2
2025/5/26 13:00,7508.4
2025/5/26 13:15,7503.6
2025/5/26 13:30,7514.4
2025/5/26 13:45,7486.8
2025/5/26 14:00,7602
2025/5/26 14:15,7658.4
2025/5/26 14:30,7689.6
2025/5/26 14:45,7634.4
2025/5/26 15:00,7678.8
2025/5/26 15:15,7699.2
2025/5/26 15:30,7628.4
2025/5/26 15:45,7561.2
2025/5/26 16:00,7615.2
2025/5/26 16:15,7579.2
2025/5/26 16:30,7636.8
2025/5/26 16:45,7629.6
2025/5/26 17:00,7666.8
2025/5/26 17:15,7676.4
2025/5/26 17:30,7466.4
2025/5/26 17:45,7642.8
2025/5/26 18:00,7486.8
2025/5/26 18:15,7408.8
2025/5/26 18:30,7582.8
2025/5/26 18:45,7570.8
2025/5/26 19:00,7546.8
2025/5/26 19:15,7510.8
2025/5/26 19:30,7513.2
2025/5/26 19:45,7501.2
2025/5/26 20:00,7500
2025/5/26 20:15,7412.4
2025/5/26 20:30,7465.2
2025/5/26 20:45,7400.4
2025/5/26 21:00,7522.8
2025/5/26 21:15,7432.8
2025/5/26 21:30,7456.8
2025/5/26 21:45,7404
2025/5/26 22:00,7322.4
2025/5/26 22:15,7525.2
2025/5/26 22:30,7394.4
2025/5/26 22:45,7376.4
2025/5/26 23:00,7430.4
2025/5/26 23:15,7372.8
2025/5/26 23:30,7461.6
2025/5/26 23:45,7416
2025/5/27 0:00,7329.6
2025/5/27 0:15,7455.6
2025/5/27 0:30,7488
2025/5/27 0:45,7348.8
2025/5/27 1:00,7353.6
2025/5/27 1:15,7442.4
2025/5/27 1:30,7467.6
2025/5/27 1:45,7438.8
2025/5/27 2:00,7383.6
2025/5/27 2:15,7378.8
2025/5/27 2:30,7443.6
2025/5/27 2:45,7369.2
2025/5/27 3:00,7383.6
2025/5/27 3:15,7423.2
2025/5/27 3:30,7410
2025/5/27 3:45,7485.6
2025/5/27 4:00,7383.6
2025/5/27 4:15,7423.2
2025/5/27 4:30,7410
2025/5/27 4:45,7474.8
2025/5/27 5:00,7447.2
2025/5/27 5:15,7441.2
2025/5/27 5:30,7440
2025/5/27 5:45,7399.2
2025/5/27 6:00,7342.8
2025/5/27 6:15,7411.2
2025/5/27 6:30,7398
2025/5/27 6:45,7384.8
2025/5/27 7:00,7242
2025/5/27 7:15,7386
2025/5/27 7:30,7384.8
2025/5/27 7:45,7359.6
2025/5/27 8:00,7383.6
2025/5/27 8:15,7372.8
2025/5/27 8:30,7302
2025/5/27 8:45,7234.8
2025/5/27 9:00,7359.6
2025/5/27 9:15,7460.4
2025/5/27 9:30,7366.8
2025/5/27 9:45,7483.2
2025/5/27 10:00,7300.8
2025/5/27 10:15,7424.4
2025/5/27 10:30,7563.6
2025/5/27 10:45,7549.2
2025/5/27 11:00,7443.6
2025/5/27 11:15,7394.4
2025/5/27 11:30,7311.6
2025/5/27 11:45,7417.2
2025/5/27 12:00,7384.8
2025/5/27 12:15,7446
2025/5/27 12:30,7412.4
2025/5/27 12:45,7281.6
2025/5/27 13:00,7359.6
2025/5/27 13:15,7443.6
2025/5/27 13:30,7454.4
2025/5/27 13:45,7534.8
2025/5/27 14:00,7554
2025/5/27 14:15,7610.4
2025/5/27 14:30,7630.8
2025/5/27 14:45,7530
2025/5/27 15:00,7543.2
2025/5/27 15:15,7519.2
2025/5/27 15:30,7369.2
2025/5/27 15:45,7381.2
2025/5/27 16:00,7474.8
2025/5/27 16:15,7490.4
2025/5/27 16:30,7597.2
2025/5/27 16:45,7602
2025/5/27 17:00,7489.2
2025/5/27 17:15,7448.4
2025/5/27 17:30,7476
2025/5/27 17:45,7345.2
2025/5/27 18:00,7538.4
2025/5/27 18:15,7509.6
2025/5/27 18:30,7617.6
2025/5/27 18:45,7610.4
2025/5/27 19:00,7626
2025/5/27 19:15,7417.2
2025/5/27 19:30,7650
2025/5/27 19:45,7536
2025/5/27 20:00,7602
2025/5/27 20:15,7656
2025/5/27 20:30,7626
2025/5/27 20:45,7704
2025/5/27 21:00,7645.2
2025/5/27 21:15,7671.6
2025/5/27 21:30,7632
2025/5/27 21:45,7642.8
2025/5/27 22:00,7681.2
2025/5/27 22:15,7616.4
2025/5/27 22:30,7572
2025/5/27 22:45,7590
2025/5/27 23:00,7496.4
2025/5/27 23:15,7508.4
2025/5/27 23:30,7532.4
2025/5/27 23:45,7497.6
2025/5/28 0:00,7563.6
2025/5/28 0:15,7527.6
2025/5/28 0:30,7491.6
2025/5/28 0:45,7597.2
2025/5/28 1:00,7593.6
2025/5/28 1:15,7640.4
2025/5/28 1:30,7621.2
2025/5/28 1:45,7512
2025/5/28 2:00,7281.6
2025/5/28 2:15,7392
2025/5/28 2:30,7366.8
2025/5/28 2:45,7280.4
2025/5/28 3:00,7537.2
2025/5/28 3:15,7374
2025/5/28 3:30,7489.2
2025/5/28 3:45,7424.4
2025/5/28 4:00,7402.8
2025/5/28 4:15,7348.8
2025/5/28 4:30,7370.4
2025/5/28 4:45,7392
2025/5/28 5:00,7370.4
2025/5/28 5:15,7394.4
2025/5/28 5:30,7328.4
2025/5/28 5:45,7492.8
2025/5/28 6:00,7591.2
2025/5/28 6:15,7485.6
2025/5/28 6:30,7455.6
2025/5/28 6:45,7480.8
2025/5/28 7:00,7448.4
2025/5/28 7:15,7465.2
2025/5/28 7:30,7442.4
2025/5/28 7:45,7458
2025/5/28 8:00,7520.4
2025/5/28 8:15,7533.6
2025/5/28 8:30,7429.2
2025/5/28 8:45,7443.6
2025/5/28 9:00,7526.4
2025/5/28 9:15,7611.6
2025/5/28 9:30,7674
2025/5/28 9:45,7470
2025/5/28 10:00,7420.8
2025/5/28 10:15,7490.4
2025/5/28 10:30,7550.4
2025/5/28 10:45,7566
2025/5/28 11:00,7519.2
2025/5/28 11:15,7558.8
2025/5/28 11:30,7596
2025/5/28 11:45,7567.2
2025/5/28 12:00,7584
2025/5/28 12:15,7642.8
2025/5/28 12:30,7706.4
2025/5/28 12:45,7690.8
2025/5/28 13:00,7671.6
2025/5/28 13:15,7741.2
2025/5/28 13:30,7654.8
2025/5/28 13:45,7681.2
2025/5/28 14:00,7677.6
2025/5/28 14:15,7629.6
2025/5/28 14:30,7684.8
2025/5/28 14:45,7742.4
2025/5/28 15:00,7678.8
2025/5/28 15:15,7656
2025/5/28 15:30,7702.8
2025/5/28 15:45,7537.2
2025/5/28 16:00,7460.4
2025/5/28 16:15,7460.4
2025/5/28 16:30,7833.6
2025/5/28 16:45,7687.2
2025/5/28 17:00,7610.4
2025/5/28 17:15,7662
2025/5/28 17:30,7656
2025/5/28 17:45,7712.4
2025/5/28 18:00,7666.8
2025/5/28 18:15,7729.2
2025/5/28 18:30,7598.4
2025/5/28 18:45,7636.8
2025/5/28 19:00,7711.2
2025/5/28 19:15,7801.2
2025/5/28 19:30,7737.6
2025/5/28 19:45,7693.2
2025/5/28 20:00,7815.6
2025/5/28 20:15,7798.8
2025/5/28 20:30,7681.2
2025/5/28 20:45,7780.8
2025/5/28 21:00,7820.4
2025/5/28 21:15,7660.8
2025/5/28 21:30,7764
2025/5/28 21:45,7696.8
2025/5/28 22:00,7712.4
2025/5/28 22:15,7731.6
2025/5/28 22:30,7737.6
2025/5/28 22:45,7676.4
2025/5/28 23:00,7658.4
2025/5/28 23:15,7749.6
2025/5/28 23:30,7699.2
2025/5/28 23:45,7660.8
2025/5/29 0:00,7754.4
2025/5/29 0:15,7698
2025/5/29 0:30,7717.2
2025/5/29 0:45,7713.6
2025/5/29 1:00,7629.6
2025/5/29 1:15,7650
2025/5/29 1:30,7629.6
2025/5/29 1:45,7618.8
2025/5/29 2:00,7578
2025/5/29 2:15,7554
2025/5/29 2:30,7579.2
2025/5/29 2:45,7564.8
2025/5/29 3:00,7532.4
2025/5/29 3:15,7623.6
2025/5/29 3:30,7584
2025/5/29 3:45,7562.4
2025/5/29 4:00,7569.6
2025/5/29 4:15,7500
2025/5/29 4:30,7497.6
2025/5/29 4:45,7383.6
2025/5/29 5:00,7533.6
2025/5/29 5:15,7495.2
2025/5/29 5:30,7506
2025/5/29 5:45,7503.6
2025/5/29 6:00,7435.2
2025/5/29 6:15,7567.2
2025/5/29 6:30,7485.6
2025/5/29 6:45,7556.4
2025/5/29 7:00,7492.8
2025/5/29 7:15,7416
2025/5/29 7:30,7351.2
2025/5/29 7:45,7518
2025/5/29 8:00,7494
2025/5/29 8:15,7507.2
2025/5/29 8:30,7537.2
2025/5/29 8:45,7603.2
2025/5/29 9:00,7612.8
2025/5/29 9:15,7696.8
2025/5/29 9:30,7732.8
2025/5/29 9:45,7792.8
2025/5/29 10:00,7572
2025/5/29 10:15,7644
2025/5/29 10:30,7634.4
2025/5/29 10:45,7698
2025/5/29 11:00,7687.2
2025/5/29 11:15,7773.6
2025/5/29 11:30,7701.6
2025/5/29 11:45,7647.6
2025/5/29 12:00,7758
2025/5/29 12:15,7680
2025/5/29 12:30,7768.8
2025/5/29 12:45,7581.6
2025/5/29 13:00,7665.6
2025/5/29 13:15,7737.6
2025/5/29 13:30,7633.2
2025/5/29 13:45,7695.6
2025/5/29 14:00,7634.4
2025/5/29 14:15,7610.4
2025/5/29 14:30,7663.2
2025/5/29 14:45,7660.8
2025/5/29 15:00,7690.8
2025/5/29 15:15,7786.8
2025/5/29 15:30,7780.8
2025/5/29 15:45,7718.4
2025/5/29 16:00,7616.4
2025/5/29 16:15,7605.6
2025/5/29 16:30,7738.8
2025/5/29 16:45,7653.6
2025/5/29 17:00,7766.4
2025/5/29 17:15,7730.4
2025/5/29 17:30,7716
2025/5/29 17:45,7765.2
2025/5/29 18:00,7624.8
2025/5/29 18:15,7650
2025/5/29 18:30,7688.4
2025/5/29 18:45,7702.8
2025/5/29 19:00,7749.6
2025/5/29 19:15,7808.4
2025/5/29 19:30,7716
2025/5/29 19:45,7738.8
2025/5/29 20:00,7659.6
2025/5/29 20:15,7543.2
2025/5/29 20:30,7599.6
2025/5/29 20:45,7724.4
2025/5/29 21:00,7731.6
2025/5/29 21:15,7664.4
2025/5/29 21:30,7678.8
2025/5/29 21:45,7596
2025/5/29 22:00,7774.8
2025/5/29 22:15,7735.2
2025/5/29 22:30,7700.4
2025/5/29 22:45,7693.2
2025/5/29 23:00,7708.8
2025/5/29 23:15,7694.4
2025/5/29 23:30,7530
2025/5/29 23:45,7606.8
2025/5/30 0:00,7654.8
2025/5/30 0:15,7562.4
2025/5/30 0:30,7671.6
2025/5/30 0:45,7557.6
2025/5/30 1:00,7614
2025/5/30 1:15,7626
2025/5/30 1:30,7617.6
2025/5/30 1:45,7473.6
2025/5/30 2:00,7573.2
2025/5/30 2:15,7674
2025/5/30 2:30,7540.8
2025/5/30 2:45,7574.4
2025/5/30 3:00,7460.4
2025/5/30 3:15,7608
2025/5/30 3:30,7567.2
2025/5/30 3:45,7533.6
2025/5/30 4:00,7566
2025/5/30 4:15,7590
2025/5/30 4:30,7498.8
2025/5/30 4:45,7609.2
2025/5/30 5:00,7568.4
2025/5/30 5:15,7495.2
2025/5/30 5:30,7395.6
2025/5/30 5:45,7419.6
2025/5/30 6:00,7507.2
2025/5/30 6:15,7347.6
2025/5/30 6:30,7233.6
2025/5/30 6:45,7404
2025/5/30 7:00,7311.6
2025/5/30 7:15,7396.8
2025/5/30 7:30,7377.6
2025/5/30 7:45,7404
2025/5/30 8:00,7369.2
2025/5/30 8:15,7412.4
2025/5/30 8:30,7380
2025/5/30 8:45,7394.4
2025/5/30 9:00,7416
2025/5/30 9:15,7432.8
2025/5/30 9:30,7494
2025/5/30 9:45,7612.8
2025/5/30 10:00,7614
2025/5/30 10:15,7578
2025/5/30 10:30,7647.6
2025/5/30 10:45,7690.8
2025/5/30 11:00,7663.2
2025/5/30 11:15,7746
2025/5/30 11:30,7642.8
2025/5/30 11:45,7584
2025/5/30 12:00,7624.8
2025/5/30 12:15,7635.6
2025/5/30 12:30,7692
2025/5/30 12:45,7672.8
2025/5/30 13:00,7672.8
2025/5/30 13:15,7566
2025/5/30 13:30,7596
2025/5/30 13:45,7656
2025/5/30 14:00,7585.2
2025/5/30 14:15,7693.2
2025/5/30 14:30,7526.4
2025/5/30 14:45,7620
2025/5/30 15:00,7651.2
2025/5/30 15:15,7632
2025/5/30 15:30,7764
2025/5/30 15:45,7657.2
2025/5/30 16:00,7708.8
2025/5/30 16:15,7650
2025/5/30 16:30,7668
2025/5/30 16:45,7636.8
2025/5/30 17:00,7760.4
2025/5/30 17:15,7777.2
2025/5/30 17:30,7710
2025/5/30 17:45,7785.6
2025/5/30 18:00,7716
2025/5/30 18:15,7725.6
2025/5/30 18:30,7737.6
2025/5/30 18:45,7772.4
2025/5/30 19:00,7706.4
2025/5/30 19:15,7777.2
2025/5/30 19:30,7612.8
2025/5/30 19:45,7686
2025/5/30 20:00,7510.8
2025/5/30 20:15,7549.2
2025/5/30 20:30,7597.2
2025/5/30 20:45,7579.2
2025/5/30 21:00,7564.8
2025/5/30 21:15,7576.8
2025/5/30 21:30,7671.6
2025/5/30 21:45,7599.6
2025/5/30 22:00,7642.8
2025/5/30 22:15,7665.6
2025/5/30 22:30,7627.2
2025/5/30 22:45,7618.8
2025/5/30 23:00,7645.2
2025/5/30 23:15,7383.6
2025/5/30 23:30,7569.6
2025/5/30 23:45,7612.8
2025/5/31 0:00,7641.6
2025/5/31 0:15,7581.6
2025/5/31 0:30,7647.6
2025/5/31 0:45,7590
2025/5/31 1:00,7603.2
2025/5/31 1:15,7549.2
2025/5/31 1:30,7644
2025/5/31 1:45,7688.4
2025/5/31 2:00,7719.6
2025/5/31 2:15,7658.4
2025/5/31 2:30,7538.4
2025/5/31 2:45,7696.8
2025/5/31 3:00,7708.8
2025/5/31 3:15,7695.6
2025/5/31 3:30,7737.6
2025/5/31 3:45,7521.6
2025/5/31 4:00,7642.8
2025/5/31 4:15,7735.2
2025/5/31 4:30,7756.8
2025/5/31 4:45,7795.2
2025/5/31 5:00,7758
2025/5/31 5:15,7665.6
2025/5/31 5:30,7657.2
2025/5/31 5:45,7586.4
2025/5/31 6:00,7502.4
2025/5/31 6:15,7447.2
2025/5/31 6:30,7436.4
2025/5/31 6:45,7384.8
2025/5/31 7:00,7334.4
2025/5/31 7:15,7401.6
2025/5/31 7:30,7369.2
2025/5/31 7:45,7322.4
2025/5/31 8:00,7372.8
2025/5/31 8:15,7538.4
2025/5/31 8:30,7666.8
2025/5/31 8:45,7730.4
2025/5/31 9:00,7761.6
2025/5/31 9:15,7704
2025/5/31 9:30,7792.8
2025/5/31 9:45,7788
2025/5/31 10:00,7876.8
2025/5/31 10:15,7741.2
2025/5/31 10:30,7671.6
2025/5/31 10:45,7716
2025/5/31 11:00,7831.2
2025/5/31 11:15,7768.8
2025/5/31 11:30,7852.8
2025/5/31 11:45,7810.8
2025/5/31 12:00,7896
2025/5/31 12:15,7885.2
2025/5/31 12:30,7909.2
2025/5/31 12:45,7888.8
2025/5/31 13:00,7897.2
2025/5/31 13:15,7935.6
2025/5/31 13:30,7788
2025/5/31 13:45,7767.6
2025/5/31 14:00,7910.4
2025/5/31 14:15,7910.4
2025/5/31 14:30,7924.8
2025/5/31 14:45,7845.6
2025/5/31 15:00,7832.4
2025/5/31 15:15,7904.4
2025/5/31 15:30,7984.8
2025/5/31 15:45,7884
2025/5/31 16:00,7912.8
2025/5/31 16:15,7981.2
2025/5/31 16:30,8122.8
2025/5/31 16:45,8052
2025/5/31 17:00,8000.4
2025/5/31 17:15,7892.4
2025/5/31 17:30,7887.6
2025/5/31 17:45,7894.8
2025/5/31 18:00,7837.2
2025/5/31 18:15,8088
2025/5/31 18:30,8031.6
2025/5/31 18:45,8020.8
2025/5/31 19:00,8037.6
2025/5/31 19:15,8062.8
2025/5/31 19:30,7998
2025/5/31 19:45,7972.8
2025/5/31 20:00,7951.2
2025/5/31 20:15,7952.4
2025/5/31 20:30,7933.2
2025/5/31 20:45,7866
2025/5/31 21:00,7880.4
2025/5/31 21:15,7876.8
2025/5/31 21:30,7916.4
2025/5/31 21:45,7958.4
2025/5/31 22:00,7784.4
2025/5/31 22:15,7764
2025/5/31 22:30,7573.2
2025/5/31 22:45,7708.8
2025/5/31 23:00,7668
2025/5/31 23:15,7642.8
2025/5/31 23:30,7756.8
2025/5/31 23:45,7638
2025/6/1 0:00,7597.2
2025/6/1 0:15,7434
2025/6/1 0:30,7615.2
2025/6/1 0:45,7689.6
2025/6/1 1:00,7467.6
2025/6/1 1:15,7849.2
2025/6/1 1:30,7693.2
2025/6/1 1:45,7820.4
2025/6/1 2:00,7785.6
2025/6/1 2:15,7725.6
2025/6/1 2:30,7773.6
2025/6/1 2:45,7695.6
2025/6/1 3:00,7804.8
2025/6/1 3:15,7777.2
2025/6/1 3:30,7844.4
2025/6/1 3:45,7800
2025/6/1 4:00,7760.4
2025/6/1 4:15,7774.8
2025/6/1 4:30,7836
2025/6/1 4:45,7818
2025/6/1 5:00,7662
2025/6/1 5:15,7843.2
2025/6/1 5:30,7743.6
2025/6/1 5:45,7707.6
2025/6/1 6:00,7792.8
2025/6/1 6:15,7774.8
2025/6/1 6:30,7790.4
2025/6/1 6:45,7758
2025/6/1 7:00,7603.2
2025/6/1 7:15,7797.6
2025/6/1 7:30,7716
2025/6/1 7:45,7686
2025/6/1 8:00,7808.4
2025/6/1 8:15,7819.2
2025/6/1 8:30,7899.6
2025/6/1 8:45,7584
2025/6/1 9:00,7759.2
2025/6/1 9:15,7802.4
2025/6/1 9:30,7561.2
2025/6/1 9:45,7866
2025/6/1 10:00,7634.4
2025/6/1 10:15,7854
2025/6/1 10:30,7671.6
2025/6/1 10:45,7760.4
2025/6/1 11:00,7867.2
2025/6/1 11:15,7719.6
2025/6/1 11:30,7671.6
2025/6/1 11:45,7623.6
2025/6/1 12:00,7750.8
2025/6/1 12:15,7681.2
2025/6/1 12:30,7605.6
2025/6/1 12:45,7605.6
2025/6/1 13:00,7832.4
2025/6/1 13:15,7801.2
2025/6/1 13:30,7954.8
2025/6/1 13:45,8032.8
2025/6/1 14:00,7902
2025/6/1 14:15,8056.8
2025/6/1 14:30,8155.2
2025/6/1 14:45,8113.2
2025/6/1 15:00,8078.4
2025/6/1 15:15,8062.8
2025/6/1 15:30,8074.8
2025/6/1 15:45,8020.8
2025/6/1 16:00,7989.6
2025/6/1 16:15,7864.8
2025/6/1 16:30,7842
2025/6/1 16:45,7834.8
2025/6/1 17:00,7840.8
2025/6/1 17:15,7672.8
2025/6/1 17:30,7698
2025/6/1 17:45,7606.8
2025/6/1 18:00,7695.6
2025/6/1 18:15,7598.4
2025/6/1 18:30,7694.4
2025/6/1 18:45,7632
2025/6/1 19:00,7593.6
2025/6/1 19:15,7531.2
2025/6/1 19:30,7576.8
2025/6/1 19:45,7564.8
2025/6/1 20:00,7569.6
2025/6/1 20:15,7581.6
2025/6/1 20:30,7562.4
2025/6/1 20:45,7495.2
2025/6/1 21:00,7579.2
2025/6/1 21:15,7560
2025/6/1 21:30,7632
2025/6/1 21:45,7714.8
2025/6/1 22:00,7807.2
2025/6/1 22:15,7771.2
2025/6/1 22:30,7818
2025/6/1 22:45,7790.4
2025/6/1 23:00,7791.6
2025/6/1 23:15,7744.8
2025/6/1 23:30,7761.6
2025/6/1 23:45,7707.6
2025/6/2 0:00,7640.4
2025/6/2 0:15,7795.2
2025/6/2 0:30,7711.2
2025/6/2 0:45,7687.2
2025/6/2 1:00,7729.2
2025/6/2 1:15,7548
2025/6/2 1:30,7726.8
2025/6/2 1:45,7712.4
2025/6/2 2:00,7515.6
2025/6/2 2:15,7665.6
2025/6/2 2:30,7699.2
2025/6/2 2:45,7663.2
2025/6/2 3:00,7600.8
2025/6/2 3:15,7735.2
2025/6/2 3:30,7680
2025/6/2 3:45,7804.8
2025/6/2 4:00,7508.4
2025/6/2 4:15,7878
2025/6/2 4:30,7690.8
2025/6/2 4:45,7675.2
2025/6/2 5:00,7656
2025/6/2 5:15,7527.6
2025/6/2 5:30,7608
2025/6/2 5:45,7574.4
2025/6/2 6:00,7542
2025/6/2 6:15,7462.8
2025/6/2 6:30,7486.8
2025/6/2 6:45,7578
2025/6/2 7:00,7594.8
2025/6/2 7:15,7573.2
2025/6/2 7:30,7640.4
2025/6/2 7:45,7516.8
2025/6/2 8:00,7537.2
2025/6/2 8:15,7656
2025/6/2 8:30,7682.4
2025/6/2 8:45,7666.8
2025/6/2 9:00,7581.6
2025/6/2 9:15,7634.4
2025/6/2 9:30,7488
2025/6/2 9:45,7453.2
2025/6/2 10:00,7480.8
2025/6/2 10:15,7698
2025/6/2 10:30,7699.2
2025/6/2 10:45,7756.8
2025/6/2 11:00,7760.4
2025/6/2 11:15,7772.4
2025/6/2 11:30,7650
2025/6/2 11:45,7772.4
2025/6/2 12:00,7695.6
2025/6/2 12:15,7748.4
2025/6/2 12:30,7710
2025/6/2 12:45,7704
2025/6/2 13:00,7648.8
2025/6/2 13:15,7486.8
2025/6/2 13:30,7580.4
2025/6/2 13:45,7504.8
2025/6/2 14:00,7614
2025/6/2 14:15,7612.8
2025/6/2 14:30,7554
2025/6/2 14:45,7522.8
2025/6/2 15:00,7546.8
2025/6/2 15:15,7680
2025/6/2 15:30,7656
2025/6/2 15:45,7550.4
2025/6/2 16:00,7719.6
2025/6/2 16:15,7530
2025/6/2 16:30,7472.4
2025/6/2 16:45,7470
2025/6/2 17:00,7452
2025/6/2 17:15,7579.2
2025/6/2 17:30,7462.8
2025/6/2 17:45,7618.8
2025/6/2 18:00,7389.6
2025/6/2 18:15,7482
2025/6/2 18:30,7392
2025/6/2 18:45,7452
2025/6/2 19:00,7424.4
2025/6/2 19:15,7378.8
2025/6/2 19:30,7344
2025/6/2 19:45,7425.6
2025/6/2 20:00,7380
2025/6/2 20:15,7456.8
2025/6/2 20:30,7695.6
2025/6/2 20:45,7617.6
2025/6/2 21:00,7597.2
2025/6/2 21:15,7428
2025/6/2 21:30,7494
2025/6/2 21:45,7537.2
2025/6/2 22:00,7530
2025/6/2 22:15,7539.6
2025/6/2 22:30,7506
2025/6/2 22:45,7390.8
2025/6/2 23:00,7467.6
2025/6/2 23:15,7387.2
2025/6/2 23:30,7347.6
2025/6/2 23:45,7360.8
2025/6/3 0:00,7378.8
2025/6/3 0:15,7330.8
2025/6/3 0:30,7369.2
2025/6/3 0:45,7311.6
2025/6/3 1:00,7333.2
2025/6/3 1:15,7245.6
2025/6/3 1:30,7365.6
2025/6/3 1:45,7294.8
2025/6/3 2:00,7252.8
2025/6/3 2:15,7317.6
2025/6/3 2:30,7258.8
2025/6/3 2:45,7282.8
2025/6/3 3:00,7308
2025/6/3 3:15,7350
2025/6/3 3:30,7345.2
2025/6/3 3:45,7287.6
2025/6/3 4:00,7281.6
2025/6/3 4:15,7293.6
2025/6/3 4:30,7351.2
2025/6/3 4:45,7226.4
2025/6/3 5:00,7269.6
2025/6/3 5:15,7267.2
2025/6/3 5:30,7270.8
2025/6/3 5:45,7239.6
2025/6/3 6:00,7216.8
2025/6/3 6:15,7150.8
2025/6/3 6:30,7177.2
2025/6/3 6:45,7134
2025/6/3 7:00,7132.8
2025/6/3 7:15,7188
2025/6/3 7:30,7159.2
2025/6/3 7:45,7104
2025/6/3 8:00,7208.4
2025/6/3 8:15,7210.8
2025/6/3 8:30,7149.6
2025/6/3 8:45,7243.2
2025/6/3 9:00,7261.2
2025/6/3 9:15,7292.4
2025/6/3 9:30,7432.8
2025/6/3 9:45,7399.2
2025/6/3 10:00,7518
2025/6/3 10:15,7519.2
2025/6/3 10:30,7615.2
2025/6/3 10:45,7533.6
2025/6/3 11:00,7645.2
2025/6/3 11:15,7711.2
2025/6/3 11:30,7566
2025/6/3 11:45,7496.4
2025/6/3 12:00,7467.6
2025/6/3 12:15,7605.6
2025/6/3 12:30,7668
2025/6/3 12:45,7615.2
2025/6/3 13:00,7701.6
2025/6/3 13:15,7747.2
2025/6/3 13:30,7671.6
2025/6/3 13:45,7669.2
2025/6/3 14:00,7552.8
2025/6/3 14:15,7651.2
2025/6/3 14:30,7542
2025/6/3 14:45,7632
2025/6/3 15:00,7468.8
2025/6/3 15:15,7502.4
2025/6/3 15:30,7690.8
2025/6/3 15:45,7740
2025/6/3 16:00,7735.2
2025/6/3 16:15,7766.4
2025/6/3 16:30,7852.8
2025/6/3 16:45,7708.8
2025/6/3 17:00,7664.4
2025/6/3 17:15,7747.2
2025/6/3 17:30,7762.8
2025/6/3 17:45,7717.2
2025/6/3 18:00,7664.4
2025/6/3 18:15,7569.6
2025/6/3 18:30,7591.2
2025/6/3 18:45,7711.2
2025/6/3 19:00,7702.8
2025/6/3 19:15,7575.6
2025/6/3 19:30,7672.8
2025/6/3 19:45,7602
2025/6/3 20:00,7645.2
2025/6/3 20:15,7700.4
2025/6/3 20:30,7656
2025/6/3 20:45,7722
2025/6/3 21:00,7905.6
2025/6/3 21:15,7723.2
2025/6/3 21:30,7826.4
2025/6/3 21:45,7574.4
2025/6/3 22:00,7837.2
2025/6/3 22:15,7855.2
2025/6/3 22:30,7946.4
2025/6/3 22:45,7819.2
2025/6/3 23:00,7767.6
2025/6/3 23:15,7864.8
2025/6/3 23:30,7906.8
2025/6/3 23:45,7804.8
2025/6/4 0:00,7813.2
2025/6/4 0:15,7840.8
2025/6/4 0:30,7690.8
2025/6/4 0:45,7796.4
2025/6/4 1:00,7854
2025/6/4 1:15,7794
2025/6/4 1:30,7579.2
2025/6/4 1:45,7699.2
2025/6/4 2:00,7419.6
2025/6/4 2:15,7690.8
2025/6/4 2:30,7580.4
2025/6/4 2:45,7676.4
2025/6/4 3:00,7698
2025/6/4 3:15,7687.2
2025/6/4 3:30,7651.2
2025/6/4 3:45,7690.8
2025/6/4 4:00,7677.6
2025/6/4 4:15,7629.6
2025/6/4 4:30,7640.4
2025/6/4 4:45,7664.4
2025/6/4 5:00,7640.4
2025/6/4 5:15,7653.6
2025/6/4 5:30,7612.8
2025/6/4 5:45,7558.8
2025/6/4 6:00,7485.6
2025/6/4 6:15,7580.4
2025/6/4 6:30,7538.4
2025/6/4 6:45,7584
2025/6/4 7:00,7602
2025/6/4 7:15,7598.4
2025/6/4 7:30,7599.6
2025/6/4 7:45,7518
2025/6/4 8:00,7630.8
2025/6/4 8:15,7632
2025/6/4 8:30,7622.4
2025/6/4 8:45,7720.8
2025/6/4 9:00,7710
2025/6/4 9:15,7728
2025/6/4 9:30,7779.6
2025/6/4 9:45,7885.2
2025/6/4 10:00,7641.6
2025/6/4 10:15,7686
2025/6/4 10:30,7612.8
2025/6/4 10:45,7472.4
2025/6/4 11:00,7540.8
2025/6/4 11:15,7838.4
2025/6/4 11:30,7666.8
2025/6/4 11:45,7734
2025/6/4 12:00,7675.2
2025/6/4 12:15,7590
2025/6/4 12:30,7885.2
2025/6/4 12:45,7683.6
2025/6/4 13:00,7671.6
2025/6/4 13:15,7654.8
2025/6/4 13:30,7866
2025/6/4 13:45,7921.2
2025/6/4 14:00,7648.8
2025/6/4 14:15,7716
2025/6/4 14:30,7628.4
2025/6/4 14:45,7813.2
2025/6/4 15:00,7874.4
2025/6/4 15:15,8161.2
2025/6/4 15:30,8091.6
2025/6/4 15:45,7986
2025/6/4 16:00,8024.4
2025/6/4 16:15,8060.4
2025/6/4 16:30,8070
2025/6/4 16:45,8106
2025/6/4 17:00,8007.6
2025/6/4 17:15,8074.8
2025/6/4 17:30,8068.8
2025/6/4 17:45,7864.8
2025/6/4 18:00,8010
2025/6/4 18:15,7970.4
2025/6/4 18:30,7758
2025/6/4 18:45,7633.2
2025/6/4 19:00,7969.2
2025/6/4 19:15,7998
2025/6/4 19:30,8004
2025/6/4 19:45,7941.6
2025/6/4 20:00,8044.8
2025/6/4 20:15,7849.2
2025/6/4 20:30,7989.6
2025/6/4 20:45,7910.4
2025/6/4 21:00,7834.8
2025/6/4 21:15,7878
2025/6/4 21:30,7671.6
2025/6/4 21:45,7899.6
2025/6/4 22:00,7858.8
2025/6/4 22:15,7935.6
2025/6/4 22:30,7951.2
2025/6/4 22:45,7783.2
2025/6/4 23:00,7838.4
2025/6/4 23:15,7848
2025/6/4 23:30,7760.4
2025/6/4 23:45,7795.2
2025/6/5 0:00,7879.2
2025/6/5 0:15,7812
2025/6/5 0:30,7816.8
2025/6/5 0:45,7812
2025/6/5 1:00,7648.8
2025/6/5 1:15,7790.4
2025/6/5 1:30,7759.2
2025/6/5 1:45,7836
2025/6/5 2:00,7767.6
2025/6/5 2:15,7743.6
2025/6/5 2:30,7650
2025/6/5 2:45,7466.4
2025/6/5 3:00,7747.2
2025/6/5 3:15,7822.8
2025/6/5 3:30,7764
2025/6/5 3:45,7849.2
2025/6/5 4:00,7785.6
2025/6/5 4:15,7819.2
2025/6/5 4:30,7768.8
2025/6/5 4:45,7676.4
2025/6/5 5:00,7669.2
2025/6/5 5:15,7692
2025/6/5 5:30,7468.8
2025/6/5 5:45,7621.2
2025/6/5 6:00,7628.4
2025/6/5 6:15,7677.6
2025/6/5 6:30,7732.8
2025/6/5 6:45,7630.8
2025/6/5 7:00,7506
2025/6/5 7:15,7608
2025/6/5 7:30,7606.8
2025/6/5 7:45,7615.2
2025/6/5 8:00,7563.6
2025/6/5 8:15,7424.4
2025/6/5 8:30,7666.8
2025/6/5 8:45,7678.8
2025/6/5 9:00,7737.6
2025/6/5 9:15,7610.4
2025/6/5 9:30,7784.4
2025/6/5 9:45,7732.8
2025/6/5 10:00,7759.2
2025/6/5 10:15,7903.2
2025/6/5 10:30,8006.4
2025/6/5 10:45,7963.2
2025/6/5 11:00,7784.4
2025/6/5 11:15,7936.8
2025/6/5 11:30,7833.6
2025/6/5 11:45,7712.4
2025/6/5 12:00,7632
2025/6/5 12:15,7797.6
2025/6/5 12:30,7882.8
2025/6/5 12:45,7701.6
2025/6/5 13:00,7813.2
2025/6/5 13:15,7852.8
2025/6/5 13:30,7874.4
2025/6/5 13:45,7888.8
2025/6/5 14:00,7873.2
2025/6/5 14:15,7906.8
2025/6/5 14:30,7970.4
2025/6/5 14:45,7994.4
2025/6/5 15:00,7996.8
2025/6/5 15:15,7947.6
2025/6/5 15:30,7995.6
2025/6/5 15:45,7958.4
2025/6/5 16:00,8006.4
2025/6/5 16:15,7873.2
2025/6/5 16:30,7968
2025/6/5 16:45,8025.6
2025/6/5 17:00,7989.6
2025/6/5 17:15,7975.2
2025/6/5 17:30,7966.8
2025/6/5 17:45,7928.4
2025/6/5 18:00,8049.6
2025/6/5 18:15,8014.8
2025/6/5 18:30,7892.4
2025/6/5 18:45,8004
2025/6/5 19:00,7933.2
2025/6/5 19:15,7939.2
2025/6/5 19:30,7830
2025/6/5 19:45,7843.2
2025/6/5 20:00,7696.8
2025/6/5 20:15,7950
2025/6/5 20:30,7956
2025/6/5 20:45,7868.4
2025/6/5 21:00,8006.4
2025/6/5 21:15,7837.2
2025/6/5 21:30,7972.8
2025/6/5 21:45,7935.6
2025/6/5 22:00,7822.8
2025/6/5 22:15,7875.6
2025/6/5 22:30,7911.6
2025/6/5 22:45,7923.6
2025/6/5 23:00,7820.4
2025/6/5 23:15,7850.4
2025/6/5 23:30,7720.8
2025/6/5 23:45,7666.8
2025/6/6 0:00,7822.8
2025/6/6 0:15,7860
2025/6/6 0:30,7848
2025/6/6 0:45,7803.6
2025/6/6 1:00,7798.8
2025/6/6 1:15,7818
2025/6/6 1:30,7881.6
2025/6/6 1:45,7747.2
2025/6/6 2:00,7725.6
2025/6/6 2:15,7846.8
2025/6/6 2:30,7836
2025/6/6 2:45,7770
2025/6/6 3:00,7918.8
2025/6/6 3:15,7840.8
2025/6/6 3:30,7672.8
2025/6/6 3:45,7816.8
2025/6/6 4:00,7876.8
2025/6/6 4:15,7824
2025/6/6 4:30,7768.8
2025/6/6 4:45,7732.8
2025/6/6 5:00,7796.4
2025/6/6 5:15,7755.6
2025/6/6 5:30,7710
2025/6/6 5:45,7682.4
2025/6/6 6:00,7653.6
2025/6/6 6:15,7652.4
2025/6/6 6:30,7642.8
2025/6/6 6:45,7677.6
2025/6/6 7:00,7669.2
2025/6/6 7:15,7491.6
2025/6/6 7:30,7612.8
2025/6/6 7:45,7611.6
2025/6/6 8:00,7604.4
2025/6/6 8:15,7668
2025/6/6 8:30,7614
2025/6/6 8:45,7653.6
2025/6/6 9:00,7707.6
2025/6/6 9:15,7732.8
2025/6/6 9:30,7766.4
2025/6/6 9:45,7666.8
2025/6/6 10:00,7851.6
2025/6/6 10:15,7825.2
2025/6/6 10:30,7684.8
2025/6/6 10:45,7776
2025/6/6 11:00,7766.4
2025/6/6 11:15,7938
2025/6/6 11:30,7876.8
2025/6/6 11:45,7948.8
2025/6/6 12:00,7887.6
2025/6/6 12:15,7977.6
2025/6/6 12:30,7956
2025/6/6 12:45,7902
2025/6/6 13:00,8037.6
2025/6/6 13:15,7959.6
2025/6/6 13:30,8025.6
2025/6/6 13:45,7936.8
2025/6/6 14:00,8004
2025/6/6 14:15,7593.6
2025/6/6 14:30,7900.8
2025/6/6 14:45,7790.4
2025/6/6 15:00,8022
2025/6/6 15:15,8092.8
2025/6/6 15:30,8109.6
2025/6/6 15:45,7992
2025/6/6 16:00,7924.8
2025/6/6 16:15,7846.8
2025/6/6 16:30,8017.2
2025/6/6 16:45,8076
2025/6/6 17:00,8004
2025/6/6 17:15,8023.2
2025/6/6 17:30,7958.4
2025/6/6 17:45,7917.6
2025/6/6 18:00,7974
2025/6/6 18:15,8037.6
2025/6/6 18:30,7999.2
2025/6/6 18:45,7912.8
2025/6/6 19:00,7749.6
2025/6/6 19:15,7857.6
2025/6/6 19:30,7886.4
2025/6/6 19:45,7854
2025/6/6 20:00,7956
2025/6/6 20:15,7916.4
2025/6/6 20:30,7888.8
2025/6/6 20:45,7994.4
2025/6/6 21:00,7798.8
2025/6/6 21:15,7830
2025/6/6 21:30,7806
2025/6/6 21:45,7840.8
2025/6/6 22:00,7893.6
2025/6/6 22:15,7814.4
2025/6/6 22:30,7791.6
2025/6/6 22:45,7816.8
2025/6/6 23:00,7768.8
2025/6/6 23:15,7699.2
2025/6/6 23:30,7665.6
2025/6/6 23:45,7513.2
2025/6/7 0:00,7640.4
2025/6/7 0:15,7659.6
2025/6/7 0:30,7645.2
2025/6/7 0:45,7678.8
2025/6/7 1:00,7688.4
2025/6/7 1:15,7773.6
2025/6/7 1:30,7814.4
2025/6/7 1:45,7833.6
2025/6/7 2:00,7773.6
2025/6/7 2:15,7816.8
2025/6/7 2:30,7797.6
2025/6/7 2:45,7818
2025/6/7 3:00,7827.6
2025/6/7 3:15,7813.2
2025/6/7 3:30,7879.2
2025/6/7 3:45,7741.2
2025/6/7 4:00,7836
2025/6/7 4:15,7803.6
2025/6/7 4:30,7868.4
2025/6/7 4:45,7772.4
2025/6/7 5:00,7864.8
2025/6/7 5:15,7651.2
2025/6/7 5:30,7809.6
2025/6/7 5:45,7795.2
2025/6/7 6:00,7702.8
2025/6/7 6:15,7788
2025/6/7 6:30,7754.4
2025/6/7 6:45,7777.2
2025/6/7 7:00,7674
2025/6/7 7:15,7791.6
2025/6/7 7:30,7809.6
2025/6/7 7:45,7825.2
2025/6/7 8:00,7694.4
2025/6/7 8:15,7772.4
2025/6/7 8:30,7681.2
2025/6/7 8:45,7832.4
2025/6/7 9:00,7861.2
2025/6/7 9:15,7708.8
2025/6/7 9:30,7910.4
2025/6/7 9:45,7612.8
2025/6/7 10:00,7665.6
2025/6/7 10:15,8055.6
2025/6/7 10:30,7598.4
2025/6/7 10:45,7627.2
2025/6/7 11:00,8066.4
2025/6/7 11:15,8068.8
2025/6/7 11:30,8016
2025/6/7 11:45,8086.8
2025/6/7 12:00,8116.8
2025/6/7 12:15,8082
2025/6/7 12:30,7994.4
2025/6/7 12:45,7800
2025/6/7 13:00,7857.6
2025/6/7 13:15,7900.8
2025/6/7 13:30,7882.8
2025/6/7 13:45,7903.2
2025/6/7 14:00,7912.8
2025/6/7 14:15,7917.6
2025/6/7 14:30,7860
2025/6/7 14:45,7749.6
2025/6/7 15:00,7694.4
2025/6/7 15:15,7836
2025/6/7 15:30,7755.6
2025/6/7 15:45,7752
2025/6/7 16:00,7875.6
2025/6/7 16:15,7615.2
2025/6/7 16:30,7869.6
2025/6/7 16:45,7863.6
2025/6/7 17:00,7934.4
2025/6/7 17:15,7902
2025/6/7 17:30,7964.4
2025/6/7 17:45,7898.4
2025/6/7 18:00,7778.4
2025/6/7 18:15,7893.6
2025/6/7 18:30,7831.2
2025/6/7 18:45,7894.8
2025/6/7 19:00,7971.6
2025/6/7 19:15,7714.8
2025/6/7 19:30,7791.6
2025/6/7 19:45,7796.4
2025/6/7 20:00,7728
2025/6/7 20:15,7717.2
2025/6/7 20:30,7725.6
2025/6/7 20:45,7687.2
2025/6/7 21:00,7681.2
2025/6/7 21:15,7726.8
2025/6/7 21:30,7491.6
2025/6/7 21:45,7680
2025/6/7 22:00,7676.4
2025/6/7 22:15,7730.4
2025/6/7 22:30,7802.4
2025/6/7 22:45,7837.2
2025/6/7 23:00,7840.8
2025/6/7 23:15,7814.4
2025/6/7 23:30,7754.4
2025/6/7 23:45,7864.8
2025/6/8 0:00,7858.8
2025/6/8 0:15,7887.6
2025/6/8 0:30,7849.2
2025/6/8 0:45,7822.8
2025/6/8 1:00,7814.4
2025/6/8 1:15,7843.2
2025/6/8 1:30,7834.8
2025/6/8 1:45,7813.2
2025/6/8 2:00,7789.2
2025/6/8 2:15,7708.8
2025/6/8 2:30,7772.4
2025/6/8 2:45,7614
2025/6/8 3:00,7784.4
2025/6/8 3:15,7844.4
2025/6/8 3:30,7876.8
2025/6/8 3:45,7842
2025/6/8 4:00,7696.8
2025/6/8 4:15,7873.2
2025/6/8 4:30,7839.6
2025/6/8 4:45,7796.4
2025/6/8 5:00,7724.4
2025/6/8 5:15,7857.6
2025/6/8 5:30,7766.4
2025/6/8 5:45,7706.4
2025/6/8 6:00,7647.6
2025/6/8 6:15,7530
2025/6/8 6:30,7600.8
2025/6/8 6:45,7665.6
2025/6/8 7:00,7638
2025/6/8 7:15,7616.4
2025/6/8 7:30,7646.4
2025/6/8 7:45,7633.2
2025/6/8 8:00,7681.2
2025/6/8 8:15,7644
2025/6/8 8:30,7671.6
2025/6/8 8:45,7654.8
2025/6/8 9:00,7744.8
2025/6/8 9:15,7710
2025/6/8 9:30,7741.2
2025/6/8 9:45,7467.6
2025/6/8 10:00,7608
2025/6/8 10:15,7728
2025/6/8 10:30,7750.8
2025/6/8 10:45,7748.4
2025/6/8 11:00,7771.2
2025/6/8 11:15,7802.4
2025/6/8 11:30,7747.2
2025/6/8 11:45,7796.4
2025/6/8 12:00,7678.8
2025/6/8 12:15,7742.4
2025/6/8 12:30,7718.4
2025/6/8 12:45,7748.4
2025/6/8 13:00,7744.8
2025/6/8 13:15,7630.8
2025/6/8 13:30,7779.6
2025/6/8 13:45,7737.6
2025/6/8 14:00,7849.2
2025/6/8 14:15,7809.6
2025/6/8 14:30,7784.4
2025/6/8 14:45,7814.4
2025/6/8 15:00,7744.8
2025/6/8 15:15,7776
2025/6/8 15:30,7818
2025/6/8 15:45,7760.4
2025/6/8 16:00,7766.4
2025/6/8 16:15,7731.6
2025/6/8 16:30,7694.4
2025/6/8 16:45,7507.2
2025/6/8 17:00,7629.6
2025/6/8 17:15,7650
2025/6/8 17:30,7574.4
2025/6/8 17:45,7579.2
2025/6/8 18:00,7552.8
2025/6/8 18:15,7629.6
2025/6/8 18:30,7596
2025/6/8 18:45,7630.8
2025/6/8 19:00,7599.6
2025/6/8 19:15,7532.4
2025/6/8 19:30,7597.2
2025/6/8 19:45,7584
2025/6/8 20:00,7581.6
2025/6/8 20:15,7484.4
2025/6/8 20:30,7597.2
2025/6/8 20:45,7652.4
2025/6/8 21:00,7551.6
2025/6/8 21:15,7642.8
2025/6/8 21:30,7550.4
2025/6/8 21:45,7618.8
2025/6/8 22:00,7617.6
2025/6/8 22:15,7369.2
2025/6/8 22:30,7572
2025/6/8 22:45,7599.6
2025/6/8 23:00,7598.4
2025/6/8 23:15,7590
2025/6/8 23:30,7510.8
2025/6/8 23:45,7582.8
2025/6/9 0:00,7496.4
2025/6/9 0:15,7561.2
2025/6/9 0:30,7536
2025/6/9 0:45,7515.6
2025/6/9 1:00,7461.6
2025/6/9 1:15,7528.8
2025/6/9 1:30,7566
2025/6/9 1:45,7564.8
2025/6/9 2:00,7598.4
2025/6/9 2:15,7556.4
2025/6/9 2:30,7477.2
2025/6/9 2:45,7452
2025/6/9 3:00,7540.8
2025/6/9 3:15,7494
2025/6/9 3:30,7418.4
2025/6/9 3:45,7562.4
2025/6/9 4:00,7490.4
2025/6/9 4:15,7543.2
2025/6/9 4:30,7464
2025/6/9 4:45,7526.4
2025/6/9 5:00,7552.8
2025/6/9 5:15,7533.6
2025/6/9 5:30,7502.4
2025/6/9 5:45,7494
2025/6/9 6:00,7441.2
2025/6/9 6:15,7497.6
2025/6/9 6:30,7485.6
2025/6/9 6:45,7485.6
2025/6/9 7:00,7509.6
2025/6/9 7:15,7465.2
2025/6/9 7:30,7538.4
2025/6/9 7:45,7569.6
2025/6/9 8:00,7539.6
2025/6/9 8:15,7563.6
2025/6/9 8:30,7586.4
2025/6/9 8:45,7520.4
2025/6/9 9:00,7502.4
2025/6/9 9:15,7582.8
2025/6/9 9:30,7616.4
2025/6/9 9:45,7638
2025/6/9 10:00,7644
2025/6/9 10:15,7600.8
2025/6/9 10:30,7622.4
2025/6/9 10:45,7611.6
2025/6/9 11:00,7579.2
2025/6/9 11:15,7646.4
2025/6/9 11:30,7645.2
2025/6/9 11:45,7622.4
2025/6/9 12:00,7603.2
2025/6/9 12:15,7562.4
2025/6/9 12:30,7605.6
2025/6/9 12:45,7608
2025/6/9 13:00,7624.8
2025/6/9 13:15,7638
2025/6/9 13:30,7618.8
2025/6/9 13:45,7681.2
2025/6/9 14:00,7693.2
2025/6/9 14:15,7692
2025/6/9 14:30,7693.2
2025/6/9 14:45,7719.6
2025/6/9 15:00,7641.6
2025/6/9 15:15,7672.8
2025/6/9 15:30,7650
2025/6/9 15:45,7539.6
2025/6/9 16:00,7592.4
2025/6/9 16:15,7590
2025/6/9 16:30,7507.2
2025/6/9 16:45,7477.2
2025/6/9 17:00,7616.4
2025/6/9 17:15,7699.2
2025/6/9 17:30,7736.4
2025/6/9 17:45,7687.2
2025/6/9 18:00,7713.6
2025/6/9 18:15,7668
2025/6/9 18:30,7618.8
2025/6/9 18:45,7608
2025/6/9 19:00,7736.4
2025/6/9 19:15,7740
2025/6/9 19:30,7700.4
2025/6/9 19:45,7696.8
2025/6/9 20:00,7532.4
2025/6/9 20:15,7719.6
2025/6/9 20:30,7584
2025/6/9 20:45,7723.2
2025/6/9 21:00,7648.8
2025/6/9 21:15,7695.6
2025/6/9 21:30,7587.6
2025/6/9 21:45,7633.2
2025/6/9 22:00,7657.2
2025/6/9 22:15,7574.4
2025/6/9 22:30,7736.4
2025/6/9 22:45,7700.4
2025/6/9 23:00,7695.6
2025/6/9 23:15,7623.6
2025/6/9 23:30,7611.6
2025/6/9 23:45,7609.2
2025/6/10 0:00,7669.2
2025/6/10 0:15,7623.6
2025/6/10 0:30,7578
2025/6/10 0:45,7536
2025/6/10 1:00,7616.4
2025/6/10 1:15,7515.6
2025/6/10 1:30,7516.8
2025/6/10 1:45,7524
2025/6/10 2:00,7572
2025/6/10 2:15,7470
2025/6/10 2:30,7515.6
2025/6/10 2:45,7647.6
2025/6/10 3:00,7629.6
2025/6/10 3:15,7674
2025/6/10 3:30,7616.4
2025/6/10 3:45,7666.8
2025/6/10 4:00,7621.2
2025/6/10 4:15,7528.8
2025/6/10 4:30,7639.2
2025/6/10 4:45,7657.2
2025/6/10 5:00,7585.2
2025/6/10 5:15,7624.8
2025/6/10 5:30,7503.6
2025/6/10 5:45,7538.4
2025/6/10 6:00,7351.2
2025/6/10 6:15,7504.8
2025/6/10 6:30,7551.6
2025/6/10 6:45,7585.2
2025/6/10 7:00,7483.2
2025/6/10 7:15,7441.2
2025/6/10 7:30,7393.2
2025/6/10 7:45,7495.2
2025/6/10 8:00,7449.6
2025/6/10 8:15,7520.4
2025/6/10 8:30,7503.6
2025/6/10 8:45,7548
2025/6/10 9:00,7621.2
2025/6/10 9:15,7636.8
2025/6/10 9:30,7593.6
2025/6/10 9:45,7795.2
2025/6/10 10:00,7605.6
2025/6/10 10:15,7724.4
2025/6/10 10:30,7693.2
2025/6/10 10:45,7628.4
2025/6/10 11:00,7712.4
2025/6/10 11:15,7744.8
2025/6/10 11:30,7832.4
2025/6/10 11:45,7760.4
2025/6/10 12:00,7777.2
2025/6/10 12:15,7782
2025/6/10 12:30,7743.6
2025/6/10 12:45,7689.6
2025/6/10 13:00,7660.8
2025/6/10 13:15,7660.8
2025/6/10 13:30,7719.6
2025/6/10 13:45,7730.4
2025/6/10 14:00,7656
2025/6/10 14:15,7777.2
2025/6/10 14:30,7628.4
2025/6/10 14:45,7626
2025/6/10 15:00,7587.6
2025/6/10 15:15,7798.8
2025/6/10 15:30,7701.6
2025/6/10 15:45,7717.2
2025/6/10 16:00,7759.2
2025/6/10 16:15,7795.2
2025/6/10 16:30,7771.2
2025/6/10 16:45,7814.4
2025/6/10 17:00,7828.8
2025/6/10 17:15,7800
2025/6/10 17:30,7798.8
2025/6/10 17:45,7662
2025/6/10 18:00,7770
2025/6/10 18:15,7594.8
2025/6/10 18:30,7759.2
2025/6/10 18:45,7622.4
2025/6/10 19:00,7556.4
2025/6/10 19:15,7717.2
2025/6/10 19:30,7770
2025/6/10 19:45,7652.4
2025/6/10 20:00,7672.8
2025/6/10 20:15,7786.8
2025/6/10 20:30,7900.8
2025/6/10 20:45,7860
2025/6/10 21:00,7734
2025/6/10 21:15,7777.2
2025/6/10 21:30,7866
2025/6/10 21:45,7788
2025/6/10 22:00,7814.4
2025/6/10 22:15,7838.4
2025/6/10 22:30,7668
2025/6/10 22:45,7880.4
2025/6/10 23:00,7897.2
2025/6/10 23:15,7854
2025/6/10 23:30,7845.6
2025/6/10 23:45,7671.6
2025/6/11 0:00,7698
2025/6/11 0:15,7669.2
2025/6/11 0:30,7747.2
2025/6/11 0:45,7674
2025/6/11 1:00,7719.6
2025/6/11 1:15,7687.2
2025/6/11 1:30,7776
2025/6/11 1:45,7736.4
2025/6/11 2:00,7618.8
2025/6/11 2:15,7600.8
2025/6/11 2:30,7704
2025/6/11 2:45,7708.8
2025/6/11 3:00,7636.8
2025/6/11 3:15,7609.2
2025/6/11 3:30,7592.4
2025/6/11 3:45,7788
2025/6/11 4:00,7728
2025/6/11 4:15,7753.2
2025/6/11 4:30,7670.4
2025/6/11 4:45,7654.8
2025/6/11 5:00,7594.8
2025/6/11 5:15,7574.4
2025/6/11 5:30,7538.4
2025/6/11 5:45,7632
2025/6/11 6:00,7591.2
2025/6/11 6:15,7615.2
2025/6/11 6:30,7598.4
2025/6/11 6:45,7545.6
2025/6/11 7:00,7542
2025/6/11 7:15,7443.6
2025/6/11 7:30,7653.6
2025/6/11 7:45,7597.2
2025/6/11 8:00,7615.2
2025/6/11 8:15,7604.4
2025/6/11 8:30,7600.8
2025/6/11 8:45,7658.4
2025/6/11 9:00,7476
2025/6/11 9:15,7435.2
2025/6/11 9:30,7281.6
2025/6/11 9:45,7174.8
2025/6/11 10:00,7729.2
2025/6/11 10:15,7539.6
2025/6/11 10:30,7388.4
2025/6/11 10:45,7634.4
2025/6/11 11:00,7609.2
2025/6/11 11:15,7620
2025/6/11 11:30,7792.8
2025/6/11 11:45,7676.4
2025/6/11 12:00,7689.6
2025/6/11 12:15,7911.6
2025/6/11 12:30,7839.6
2025/6/11 12:45,7868.4
2025/6/11 13:00,7939.2
2025/6/11 13:15,7872
2025/6/11 13:30,7882.8
2025/6/11 13:45,7941.6
2025/6/11 14:00,7882.8
2025/6/11 14:15,7728
2025/6/11 14:30,7744.8
2025/6/11 14:45,7698
2025/6/11 15:00,7606.8
2025/6/11 15:15,7854
2025/6/11 15:30,7717.2
2025/6/11 15:45,7600.8
2025/6/11 16:00,7736.4
2025/6/11 16:15,7710
2025/6/11 16:30,7741.2
2025/6/11 16:45,8050.8
2025/6/11 17:00,8058
2025/6/11 17:15,7970.4
2025/6/11 17:30,7972.8
2025/6/11 17:45,7909.2
2025/6/11 18:00,7842
2025/6/11 18:15,7966.8
2025/6/11 18:30,7768.8
2025/6/11 18:45,7735.2
2025/6/11 19:00,7760.4
2025/6/11 19:15,7743.6
2025/6/11 19:30,7651.2
2025/6/11 19:45,7773.6
2025/6/11 20:00,7812
2025/6/11 20:15,7714.8
2025/6/11 20:30,7656
2025/6/11 20:45,7688.4
2025/6/11 21:00,7754.4
2025/6/11 21:15,7693.2
2025/6/11 21:30,7669.2
2025/6/11 21:45,7744.8
2025/6/11 22:00,7564.8
2025/6/11 22:15,7552.8
2025/6/11 22:30,7603.2
2025/6/11 22:45,7608
2025/6/11 23:00,7750.8
2025/6/11 23:15,7634.4
2025/6/11 23:30,7665.6
2025/6/11 23:45,7581.6
2025/6/12 0:00,7669.2
2025/6/12 0:15,7588.8
2025/6/12 0:30,7647.6
2025/6/12 0:45,7638
2025/6/12 1:00,7647.6
2025/6/12 1:15,7681.2
2025/6/12 1:30,7593.6
2025/6/12 1:45,7528.8
2025/6/12 2:00,7689.6
2025/6/12 2:15,7610.4
2025/6/12 2:30,7678.8
2025/6/12 2:45,7606.8
2025/6/12 3:00,7657.2
2025/6/12 3:15,7528.8
2025/6/12 3:30,7609.2
2025/6/12 3:45,7590
2025/6/12 4:00,7579.2
2025/6/12 4:15,7610.4
2025/6/12 4:30,7665.6
2025/6/12 4:45,7578
2025/6/12 5:00,7590
2025/6/12 5:15,7664.4
2025/6/12 5:30,7652.4
2025/6/12 5:45,7640.4
2025/6/12 6:00,7645.2
2025/6/12 6:15,7518
2025/6/12 6:30,7651.2
2025/6/12 6:45,7584
2025/6/12 7:00,7540.8
2025/6/12 7:15,7633.2
2025/6/12 7:30,7606.8
2025/6/12 7:45,7578
2025/6/12 8:00,7639.2
2025/6/12 8:15,7537.2
2025/6/12 8:30,7642.8
2025/6/12 8:45,7747.2
2025/6/12 9:00,7650
2025/6/12 9:15,7550.4
2025/6/12 9:30,7506
2025/6/12 9:45,7552.8
2025/6/12 10:00,7478.4
2025/6/12 10:15,7485.6
2025/6/12 10:30,7521.6
2025/6/12 10:45,7482
2025/6/12 11:00,7651.2
2025/6/12 11:15,7663.2
2025/6/12 11:30,7738.8
2025/6/12 11:45,7918.8
2025/6/12 12:00,7886.4
2025/6/12 12:15,8042.4
2025/6/12 12:30,8061.6
2025/6/12 12:45,7935.6
2025/6/12 13:00,7897.2
2025/6/12 13:15,7972.8
2025/6/12 13:30,7971.6
2025/6/12 13:45,8043.6
2025/6/12 14:00,7864.8
2025/6/12 14:15,7989.6
2025/6/12 14:30,7783.2
2025/6/12 14:45,7698
2025/6/12 15:00,7788
2025/6/12 15:15,7696.8
2025/6/12 15:30,7760.4
2025/6/12 15:45,7930.8
2025/6/12 16:00,7893.6
2025/6/12 16:15,7993.2
2025/6/12 16:30,8090.4
2025/6/12 16:45,7906.8
2025/6/12 17:00,8065.2
2025/6/12 17:15,7927.2
2025/6/12 17:30,8052
2025/6/12 17:45,8024.4
2025/6/12 18:00,7999.2
2025/6/12 18:15,7902
2025/6/12 18:30,8041.2
2025/6/12 18:45,8000.4
2025/6/12 19:00,7986
2025/6/12 19:15,7990.8
2025/6/12 19:30,7898.4
2025/6/12 19:45,7962
2025/6/12 20:00,7962
2025/6/12 20:15,8020.8
2025/6/12 20:30,7980
2025/6/12 20:45,7854
2025/6/12 21:00,7986
2025/6/12 21:15,7951.2
2025/6/12 21:30,7870.8
2025/6/12 21:45,7926
2025/6/12 22:00,7933.2
2025/6/12 22:15,7711.2
2025/6/12 22:30,7707.6
2025/6/12 22:45,7740
2025/6/12 23:00,7650
2025/6/12 23:15,7671.6
2025/6/12 23:30,7681.2
2025/6/12 23:45,7627.2
2025/6/13 0:00,7724.4
2025/6/13 0:15,7644
2025/6/13 0:30,7682.4
2025/6/13 0:45,7510.8
2025/6/13 1:00,7597.2
2025/6/13 1:15,7736.4
2025/6/13 1:30,7714.8
2025/6/13 1:45,7772.4
2025/6/13 2:00,7749.6
2025/6/13 2:15,7804.8
2025/6/13 2:30,7677.6
2025/6/13 2:45,7764
2025/6/13 3:00,7784.4
2025/6/13 3:15,7809.6
2025/6/13 3:30,7806
2025/6/13 3:45,7652.4
2025/6/13 4:00,7675.2
2025/6/13 4:15,7725.6
2025/6/13 4:30,7728
2025/6/13 4:45,7702.8
2025/6/13 5:00,7664.4
2025/6/13 5:15,7765.2
2025/6/13 5:30,7702.8
2025/6/13 5:45,7716
2025/6/13 6:00,7764
2025/6/13 6:15,7656
2025/6/13 6:30,7702.8
2025/6/13 6:45,7612.8
2025/6/13 7:00,7572
2025/6/13 7:15,7677.6
2025/6/13 7:30,7720.8
2025/6/13 7:45,7701.6
2025/6/13 8:00,7732.8
2025/6/13 8:15,7657.2
2025/6/13 8:30,7851.6
2025/6/13 8:45,7910.4
2025/6/13 9:00,7760.4
2025/6/13 9:15,7755.6
2025/6/13 9:30,7513.2
2025/6/13 9:45,7654.8
2025/6/13 10:00,7842
2025/6/13 10:15,7880.4
2025/6/13 10:30,7904.4
2025/6/13 10:45,7752
2025/6/13 11:00,7734
2025/6/13 11:15,7773.6
2025/6/13 11:30,7953.6
2025/6/13 11:45,8163.6
2025/6/13 12:00,8257.2
2025/6/13 12:15,8239.2
2025/6/13 12:30,8082
2025/6/13 12:45,8182.8
2025/6/13 13:00,8199.6
2025/6/13 13:15,8042.4
2025/6/13 13:30,8200.8
2025/6/13 13:45,8145.6
2025/6/13 14:00,7758
2025/6/13 14:15,7714.8
2025/6/13 14:30,7686
2025/6/13 14:45,7628.4
2025/6/13 15:00,7753.2
2025/6/13 15:15,7868.4
2025/6/13 15:30,8089.2
2025/6/13 15:45,8036.4
2025/6/13 16:00,7993.2
2025/6/13 16:15,7982.4
2025/6/13 16:30,8078.4
2025/6/13 16:45,8128.8
2025/6/13 17:00,8194.8
2025/6/13 17:15,8017.2
2025/6/13 17:30,8089.2
2025/6/13 17:45,7951.2
2025/6/13 18:00,8018.4
2025/6/13 18:15,8036.4
2025/6/13 18:30,7768.8
2025/6/13 18:45,7790.4
2025/6/13 19:00,7726.8
2025/6/13 19:15,7674
2025/6/13 19:30,7497.6
2025/6/13 19:45,7694.4
2025/6/13 20:00,7788
2025/6/13 20:15,7736.4
2025/6/13 20:30,7730.4
2025/6/13 20:45,7848
2025/6/13 21:00,7899.6
2025/6/13 21:15,7821.6
2025/6/13 21:30,7760.4
2025/6/13 21:45,7671.6
2025/6/13 22:00,7770
2025/6/13 22:15,7766.4
2025/6/13 22:30,7719.6
2025/6/13 22:45,7741.2
2025/6/13 23:00,7737.6
2025/6/13 23:15,7741.2
2025/6/13 23:30,7707.6
2025/6/13 23:45,7777.2
2025/6/14 0:00,7756.8
2025/6/14 0:15,7717.2
2025/6/14 0:30,7699.2
2025/6/14 0:45,7735.2
2025/6/14 1:00,7597.2
2025/6/14 1:15,7594.8
2025/6/14 1:30,7545.6
2025/6/14 1:45,7549.2
2025/6/14 2:00,7638
2025/6/14 2:15,7546.8
2025/6/14 2:30,7593.6
2025/6/14 2:45,7600.8
2025/6/14 3:00,7645.2
2025/6/14 3:15,7606.8
2025/6/14 3:30,7616.4
2025/6/14 3:45,7617.6
2025/6/14 4:00,7638
2025/6/14 4:15,7545.6
2025/6/14 4:30,7623.6
2025/6/14 4:45,7557.6
2025/6/14 5:00,7461.6
2025/6/14 5:15,7552.8
2025/6/14 5:30,7564.8
2025/6/14 5:45,7528.8
2025/6/14 6:00,7536
2025/6/14 6:15,7558.8
2025/6/14 6:30,7434
2025/6/14 6:45,7552.8
2025/6/14 7:00,7557.6
2025/6/14 7:15,7462.8
2025/6/14 7:30,7419.6
2025/6/14 7:45,7520.4
2025/6/14 8:00,7429.2
2025/6/14 8:15,7557.6
2025/6/14 8:30,7531.2
2025/6/14 8:45,7567.2
2025/6/14 9:00,7618.8
2025/6/14 9:15,7623.6
2025/6/14 9:30,7629.6
2025/6/14 9:45,7696.8
2025/6/14 10:00,7788
2025/6/14 10:15,7720.8
2025/6/14 10:30,7770
2025/6/14 10:45,7792.8
2025/6/14 11:00,7680
2025/6/14 11:15,7663.2
2025/6/14 11:30,7532.4
2025/6/14 11:45,7756.8
2025/6/14 12:00,7767.6
2025/6/14 12:15,7743.6
2025/6/14 12:30,7774.8
2025/6/14 12:45,7696.8
2025/6/14 13:00,7770
2025/6/14 13:15,7771.2
2025/6/14 13:30,7800
2025/6/14 13:45,7875.6
2025/6/14 14:00,7809.6
2025/6/14 14:15,7788
2025/6/14 14:30,7804.8
2025/6/14 14:45,7712.4
2025/6/14 15:00,7730.4
2025/6/14 15:15,7975.2
2025/6/14 15:30,7903.2
2025/6/14 15:45,8028
2025/6/14 16:00,7952.4
2025/6/14 16:15,7863.6
2025/6/14 16:30,7921.2
2025/6/14 16:45,7813.2
2025/6/14 17:00,7764
2025/6/14 17:15,7928.4
2025/6/14 17:30,7917.6
2025/6/14 17:45,7954.8
2025/6/14 18:00,7909.2
2025/6/14 18:15,7843.2
2025/6/14 18:30,7867.2
2025/6/14 18:45,7744.8
2025/6/14 19:00,7740
2025/6/14 19:15,7713.6
2025/6/14 19:30,7725.6
2025/6/14 19:45,7898.4
2025/6/14 20:00,7946.4
2025/6/14 20:15,7933.2
2025/6/14 20:30,7878
2025/6/14 20:45,7916.4
2025/6/14 21:00,7884
2025/6/14 21:15,7903.2
2025/6/14 21:30,7924.8
2025/6/14 21:45,7845.6
2025/6/14 22:00,7921.2
2025/6/14 22:15,7864.8
2025/6/14 22:30,7929.6
2025/6/14 22:45,7921.2
2025/6/14 23:00,7869.6
2025/6/14 23:15,7906.8
2025/6/14 23:30,7941.6
2025/6/14 23:45,7779.6
2025/6/15 0:00,7905.6
2025/6/15 0:15,7948.8
2025/6/15 0:30,7887.6
2025/6/15 0:45,7902
2025/6/15 1:00,7887.6
2025/6/15 1:15,7928.4
2025/6/15 1:30,7984.8
2025/6/15 1:45,7972.8
2025/6/15 2:00,7834.8
2025/6/15 2:15,7855.2
2025/6/15 2:30,7938
2025/6/15 2:45,7890
2025/6/15 3:00,7856.4
2025/6/15 3:15,7952.4
2025/6/15 3:30,7888.8
2025/6/15 3:45,7982.4
2025/6/15 4:00,7848
2025/6/15 4:15,7752
2025/6/15 4:30,7880.4
2025/6/15 4:45,7963.2
2025/6/15 5:00,7924.8
2025/6/15 5:15,7894.8
2025/6/15 5:30,7933.2
2025/6/15 5:45,7899.6
2025/6/15 6:00,7887.6
2025/6/15 6:15,7938
2025/6/15 6:30,7884
2025/6/15 6:45,7914
2025/6/15 7:00,7794
2025/6/15 7:15,7802.4
2025/6/15 7:30,7881.6
2025/6/15 7:45,7765.2
2025/6/15 8:00,7846.8
2025/6/15 8:15,7818
2025/6/15 8:30,7723.2
2025/6/15 8:45,7780.8
2025/6/15 9:00,7806
2025/6/15 9:15,7740
2025/6/15 9:30,7800
2025/6/15 9:45,7864.8
2025/6/15 10:00,7874.4
2025/6/15 10:15,7758
2025/6/15 10:30,7891.2
2025/6/15 10:45,7886.4
2025/6/15 11:00,7857.6
2025/6/15 11:15,7941.6
2025/6/15 11:30,7940.4
2025/6/15 11:45,7892.4
2025/6/15 12:00,7938
2025/6/15 12:15,8017.2
2025/6/15 12:30,7816.8
2025/6/15 12:45,7818
2025/6/15 13:00,7908
2025/6/15 13:15,7905.6
2025/6/15 13:30,7855.2
2025/6/15 13:45,7974
2025/6/15 14:00,7926
2025/6/15 14:15,8036.4
2025/6/15 14:30,7929.6
2025/6/15 14:45,8002.8
2025/6/15 15:00,8074.8
2025/6/15 15:15,7984.8
2025/6/15 15:30,8012.4
2025/6/15 15:45,8042.4
2025/6/15 16:00,7933.2
2025/6/15 16:15,8043.6
2025/6/15 16:30,7963.2
2025/6/15 16:45,7842
2025/6/15 17:00,7909.2
2025/6/15 17:15,7940.4
2025/6/15 17:30,7891.2
2025/6/15 17:45,7902
2025/6/15 18:00,7959.6
2025/6/15 18:15,7915.2
2025/6/15 18:30,7906.8
2025/6/15 18:45,7976.4
2025/6/15 19:00,7929.6
2025/6/15 19:15,7888.8
2025/6/15 19:30,7947.6
2025/6/15 19:45,7898.4
2025/6/15 20:00,7899.6
2025/6/15 20:15,7845.6
2025/6/15 20:30,7836
2025/6/15 20:45,7810.8
2025/6/15 21:00,7834.8
2025/6/15 21:15,7866
2025/6/15 21:30,7881.6
2025/6/15 21:45,8006.4
2025/6/15 22:00,7917.6
2025/6/15 22:15,7976.4
2025/6/15 22:30,8011.2
2025/6/15 22:45,7917.6
2025/6/15 23:00,7906.8
2025/6/15 23:15,7998
2025/6/15 23:30,7942.8
2025/6/15 23:45,7900.8
2025/6/16 0:00,7899.6
2025/6/16 0:15,7825.2
2025/6/16 0:30,7846.8
2025/6/16 0:45,7778.4
2025/6/16 1:00,7826.4
2025/6/16 1:15,7774.8
2025/6/16 1:30,7864.8
2025/6/16 1:45,7819.2
2025/6/16 2:00,7776
2025/6/16 2:15,7803.6
2025/6/16 2:30,7809.6
2025/6/16 2:45,7724.4
2025/6/16 3:00,7831.2
2025/6/16 3:15,7873.2
2025/6/16 3:30,7700.4
2025/6/16 3:45,7826.4
2025/6/16 4:00,7903.2
2025/6/16 4:15,7845.6
2025/6/16 4:30,7862.4
2025/6/16 4:45,7812
2025/6/16 5:00,7834.8
2025/6/16 5:15,7832.4
2025/6/16 5:30,7842
2025/6/16 5:45,7768.8
2025/6/16 6:00,7760.4
2025/6/16 6:15,7786.8
2025/6/16 6:30,7690.8
2025/6/16 6:45,7750.8
2025/6/16 7:00,7717.2
2025/6/16 7:15,7735.2
2025/6/16 7:30,7740
2025/6/16 7:45,7663.2
2025/6/16 8:00,7770
2025/6/16 8:15,7693.2
2025/6/16 8:30,7753.2
2025/6/16 8:45,7702.8
2025/6/16 9:00,7794
2025/6/16 9:15,7634.4
2025/6/16 9:30,7728
2025/6/16 9:45,7798.8
2025/6/16 10:00,7759.2
2025/6/16 10:15,7795.2
2025/6/16 10:30,7696.8
2025/6/16 10:45,7729.2
2025/6/16 11:00,7711.2
2025/6/16 11:15,7641.6
2025/6/16 11:30,7686
2025/6/16 11:45,7641.6
2025/6/16 12:00,7569.6
2025/6/16 12:15,7772.4
2025/6/16 12:30,7810.8
2025/6/16 12:45,7783.2
2025/6/16 13:00,7717.2
2025/6/16 13:15,7765.2
2025/6/16 13:30,7638
2025/6/16 13:45,7813.2
2025/6/16 14:00,7777.2
2025/6/16 14:15,7759.2
2025/6/16 14:30,7730.4
2025/6/16 14:45,7788
2025/6/16 15:00,7690.8
2025/6/16 15:15,7773.6
2025/6/16 15:30,7833.6
2025/6/16 15:45,7880.4
2025/6/16 16:00,7770
2025/6/16 16:15,7755.6
2025/6/16 16:30,7752
2025/6/16 16:45,7720.8
2025/6/16 17:00,7806
2025/6/16 17:15,7832.4
2025/6/16 17:30,7695.6
2025/6/16 17:45,7705.2
2025/6/16 18:00,7776
2025/6/16 18:15,7754.4
2025/6/16 18:30,7826.4
2025/6/16 18:45,7735.2
2025/6/16 19:00,7682.4
2025/6/16 19:15,7706.4
2025/6/16 19:30,7693.2
2025/6/16 19:45,7759.2
2025/6/16 20:00,7723.2
2025/6/16 20:15,7672.8
2025/6/16 20:30,7722
2025/6/16 20:45,7724.4
2025/6/16 21:00,7702.8
2025/6/16 21:15,7714.8
2025/6/16 21:30,7640.4
2025/6/16 21:45,7633.2
2025/6/16 22:00,7810.8
2025/6/16 22:15,7790.4
2025/6/16 22:30,7772.4
2025/6/16 22:45,7728
2025/6/16 23:00,7699.2
2025/6/16 23:15,7801.2
2025/6/16 23:30,7748.4
2025/6/16 23:45,7670.4
2025/6/17 0:00,7850.4
2025/6/17 0:15,7807.2
2025/6/17 0:30,7918.8
2025/6/17 0:45,7879.2
2025/6/17 1:00,7838.4
2025/6/17 1:15,7850.4
2025/6/17 1:30,7741.2
2025/6/17 1:45,7776
2025/6/17 2:00,7786.8
2025/6/17 2:15,7802.4
2025/6/17 2:30,7813.2
2025/6/17 2:45,7761.6
2025/6/17 3:00,7780.8
2025/6/17 3:15,7749.6
2025/6/17 3:30,7786.8
2025/6/17 3:45,7804.8
2025/6/17 4:00,7803.6
2025/6/17 4:15,7796.4
2025/6/17 4:30,7778.4
2025/6/17 4:45,7722
2025/6/17 5:00,7699.2
2025/6/17 5:15,7593.6
2025/6/17 5:30,7542
2025/6/17 5:45,7532.4
2025/6/17 6:00,7513.2
2025/6/17 6:15,7575.6
2025/6/17 6:30,7477.2
2025/6/17 6:45,7551.6
2025/6/17 7:00,7526.4
2025/6/17 7:15,7531.2
2025/6/17 7:30,7557.6
2025/6/17 7:45,7580.4
2025/6/17 8:00,7586.4
2025/6/17 8:15,7580.4
2025/6/17 8:30,7563.6
2025/6/17 8:45,7606.8
2025/6/17 9:00,7622.4
2025/6/17 9:15,7701.6
2025/6/17 9:30,7740
2025/6/17 9:45,7659.6
2025/6/17 10:00,7792.8
2025/6/17 10:15,7862.4
2025/6/17 10:30,7843.2
2025/6/17 10:45,7888.8
2025/6/17 11:00,7924.8
2025/6/17 11:15,7892.4
2025/6/17 11:30,7815.6
2025/6/17 11:45,7918.8
2025/6/17 12:00,7928.4
2025/6/17 12:15,7848
2025/6/17 12:30,7737.6
2025/6/17 12:45,7801.2
2025/6/17 13:00,7840.8
2025/6/17 13:15,7887.6
2025/6/17 13:30,8102.4
2025/6/17 13:45,7948.8
2025/6/17 14:00,7926
2025/6/17 14:15,8002.8
2025/6/17 14:30,7959.6
2025/6/17 14:45,7960.8
2025/6/17 15:00,7952.4
2025/6/17 15:15,7832.4
2025/6/17 15:30,7740
2025/6/17 15:45,7798.8
2025/6/17 16:00,7885.2
2025/6/17 16:15,7848
2025/6/17 16:30,7863.6
2025/6/17 16:45,7970.4
2025/6/17 17:00,7874.4
2025/6/17 17:15,7975.2
2025/6/17 17:30,7999.2
2025/6/17 17:45,8070
2025/6/17 18:00,7894.8
2025/6/17 18:15,7974
2025/6/17 18:30,7921.2
2025/6/17 18:45,7868.4
2025/6/17 19:00,7820.4
2025/6/17 19:15,7819.2
2025/6/17 19:30,7958.4
2025/6/17 19:45,7747.2
2025/6/17 20:00,7843.2
2025/6/17 20:15,7814.4
2025/6/17 20:30,7953.6
2025/6/17 20:45,7866
2025/6/17 21:00,7861.2
2025/6/17 21:15,8018.4
2025/6/17 21:30,7982.4
2025/6/17 21:45,7893.6
2025/6/17 22:00,7830
2025/6/17 22:15,7821.6
2025/6/17 22:30,7914
2025/6/17 22:45,7830
2025/6/17 23:00,7876.8
2025/6/17 23:15,7803.6
2025/6/17 23:30,7864.8
2025/6/17 23:45,7854
2025/6/18 0:00,7857.6
2025/6/18 0:15,7616.4
2025/6/18 0:30,7732.8
2025/6/18 0:45,7686
2025/6/18 1:00,7576.8
2025/6/18 1:15,7592.4
2025/6/18 1:30,7525.2
2025/6/18 1:45,7491.6
2025/6/18 2:00,7450.8
2025/6/18 2:15,7507.2
2025/6/18 2:30,7473.6
2025/6/18 2:45,7542
2025/6/18 3:00,7484.4
2025/6/18 3:15,7537.2
2025/6/18 3:30,7563.6
2025/6/18 3:45,7568.4
2025/6/18 4:00,7506
2025/6/18 4:15,7503.6
2025/6/18 4:30,7513.2
2025/6/18 4:45,7569.6
2025/6/18 5:00,7578
2025/6/18 5:15,7555.2
2025/6/18 5:30,7483.2
2025/6/18 5:45,7480.8
2025/6/18 6:00,7472.4
2025/6/18 6:15,7473.6
2025/6/18 6:30,7441.2
2025/6/18 6:45,7480.8
2025/6/18 7:00,7507.2
2025/6/18 7:15,7496.4
2025/6/18 7:30,7453.2
2025/6/18 7:45,7544.4
2025/6/18 8:00,7536
2025/6/18 8:15,7556.4
2025/6/18 8:30,7527.6
2025/6/18 8:45,7440
2025/6/18 9:00,7543.2
2025/6/18 9:15,7598.4
2025/6/18 9:30,7600.8
2025/6/18 9:45,7538.4
2025/6/18 10:00,7749.6
2025/6/18 10:15,7833.6
2025/6/18 10:30,7874.4
2025/6/18 10:45,7935.6
2025/6/18 11:00,7984.8
2025/6/18 11:15,7812
2025/6/18 11:30,7911.6
2025/6/18 11:45,7939.2
2025/6/18 12:00,8014.8
2025/6/18 12:15,7924.8
2025/6/18 12:30,7982.4
2025/6/18 12:45,8066.4
2025/6/18 13:00,7947.6
2025/6/18 13:15,7952.4
2025/6/18 13:30,7914
2025/6/18 13:45,7812
2025/6/18 14:00,7911.6
2025/6/18 14:15,7975.2
2025/6/18 14:30,7873.2
2025/6/18 14:45,7936.8
2025/6/18 15:00,7950
2025/6/18 15:15,7987.2
2025/6/18 15:30,7960.8
2025/6/18 15:45,7896
2025/6/18 16:00,7803.6
2025/6/18 16:15,7755.6
2025/6/18 16:30,7801.2
2025/6/18 16:45,7812
2025/6/18 17:00,7942.8
2025/6/18 17:15,7760.4
2025/6/18 17:30,7963.2
2025/6/18 17:45,8025.6
2025/6/18 18:00,8044.8
2025/6/18 18:15,7969.2
2025/6/18 18:30,7952.4
2025/6/18 18:45,8006.4
2025/6/18 19:00,7990.8
2025/6/18 19:15,7936.8
2025/6/18 19:30,7886.4
2025/6/18 19:45,7900.8
2025/6/18 20:00,7932
2025/6/18 20:15,7834.8
2025/6/18 20:30,8004
2025/6/18 20:45,8013.6
2025/6/18 21:00,7923.6
2025/6/18 21:15,8001.6
2025/6/18 21:30,7832.4
2025/6/18 21:45,7950
2025/6/18 22:00,7994.4
2025/6/18 22:15,7906.8
2025/6/18 22:30,7956
2025/6/18 22:45,7957.2
2025/6/18 23:00,7863.6
2025/6/18 23:15,7848
2025/6/18 23:30,7892.4
2025/6/18 23:45,7864.8
2025/6/19 0:00,7842
2025/6/19 0:15,7879.2
2025/6/19 0:30,7846.8
2025/6/19 0:45,7840.8
2025/6/19 1:00,7842
2025/6/19 1:15,7914
2025/6/19 1:30,7892.4
2025/6/19 1:45,7804.8
2025/6/19 2:00,7700.4
2025/6/19 2:15,7795.2
2025/6/19 2:30,7834.8
2025/6/19 2:45,7821.6
2025/6/19 3:00,7830
2025/6/19 3:15,7816.8
2025/6/19 3:30,7866
2025/6/19 3:45,7792.8
2025/6/19 4:00,7782
2025/6/19 4:15,7842
2025/6/19 4:30,7826.4
2025/6/19 4:45,7738.8
2025/6/19 5:00,7662
2025/6/19 5:15,7645.2
2025/6/19 5:30,7671.6
2025/6/19 5:45,7651.2
2025/6/19 6:00,7623.6
2025/6/19 6:15,7593.6
2025/6/19 6:30,7599.6
2025/6/19 6:45,7621.2
2025/6/19 7:00,7599.6
2025/6/19 7:15,7634.4
2025/6/19 7:30,7592.4
2025/6/19 7:45,7650
2025/6/19 8:00,7677.6
2025/6/19 8:15,7648.8
2025/6/19 8:30,7694.4
2025/6/19 8:45,7723.2
2025/6/19 9:00,7748.4
2025/6/19 9:15,7893.6
2025/6/19 9:30,8061.6
2025/6/19 9:45,8086.8
2025/6/19 10:00,8072.4
2025/6/19 10:15,7928.4
2025/6/19 10:30,7978.8
2025/6/19 10:45,7858.8
2025/6/19 11:00,7942.8
2025/6/19 11:15,7975.2
2025/6/19 11:30,7952.4
2025/6/19 11:45,7957.2
2025/6/19 12:00,8047.2
2025/6/19 12:15,7977.6
2025/6/19 12:30,8139.6
2025/6/19 12:45,8007.6
2025/6/19 13:00,8072.4
2025/6/19 13:15,8130
2025/6/19 13:30,8054.4
2025/6/19 13:45,8014.8
2025/6/19 14:00,8007.6
2025/6/19 14:15,7981.2
2025/6/19 14:30,8143.2
2025/6/19 14:45,8086.8
2025/6/19 15:00,8080.8
2025/6/19 15:15,8265.6
2025/6/19 15:30,8254.8
2025/6/19 15:45,8172
2025/6/19 16:00,8203.2
2025/6/19 16:15,8125.2
2025/6/19 16:30,8176.8
2025/6/19 16:45,8083.2
2025/6/19 17:00,8191.2
2025/6/19 17:15,8121.6
2025/6/19 17:30,8096.4
2025/6/19 17:45,8076
2025/6/19 18:00,8010
2025/6/19 18:15,8115.6
2025/6/19 18:30,8065.2
2025/6/19 18:45,8054.4
2025/6/19 19:00,8026.8
2025/6/19 19:15,8017.2
2025/6/19 19:30,7989.6
2025/6/19 19:45,8007.6
2025/6/19 20:00,7880.4
2025/6/19 20:15,7908
2025/6/19 20:30,7964.4
2025/6/19 20:45,7942.8
2025/6/19 21:00,7995.6
2025/6/19 21:15,7950
2025/6/19 21:30,7948.8
2025/6/19 21:45,7951.2
2025/6/19 22:00,8011.2
2025/6/19 22:15,7876.8
2025/6/19 22:30,8016
2025/6/19 22:45,8053.2
2025/6/19 23:00,8088
2025/6/19 23:15,8001.6
2025/6/19 23:30,8008.8
2025/6/19 23:45,7779.6
2025/6/20 0:00,7918.8
2025/6/20 0:15,7899.6
2025/6/20 0:30,7868.4
2025/6/20 0:45,7896
2025/6/20 1:00,7887.6
2025/6/20 1:15,7824
2025/6/20 1:30,7866
2025/6/20 1:45,7922.4
2025/6/20 2:00,7765.2
2025/6/20 2:15,7676.4
2025/6/20 2:30,7749.6
2025/6/20 2:45,7617.6
2025/6/20 3:00,7561.2
2025/6/20 3:15,7650
2025/6/20 3:30,7546.8
2025/6/20 3:45,7522.8
2025/6/20 4:00,7522.8
2025/6/20 4:15,7507.2
2025/6/20 4:30,7526.4
2025/6/20 4:45,7566
2025/6/20 5:00,7586.4
2025/6/20 5:15,7509.6
2025/6/20 5:30,7542
2025/6/20 5:45,7507.2
2025/6/20 6:00,7515.6
2025/6/20 6:15,7551.6
2025/6/20 6:30,7500
2025/6/20 6:45,7513.2
2025/6/20 7:00,7482
2025/6/20 7:15,7480.8
2025/6/20 7:30,7564.8
2025/6/20 7:45,7548
2025/6/20 8:00,7578
2025/6/20 8:15,7651.2
2025/6/20 8:30,7605.6
2025/6/20 8:45,7662
2025/6/20 9:00,7612.8
2025/6/20 9:15,7762.8
2025/6/20 9:30,7801.2
2025/6/20 9:45,8008.8
2025/6/20 10:00,8076
2025/6/20 10:15,8180.4
2025/6/20 10:30,8190
2025/6/20 10:45,8173.2
2025/6/20 11:00,8176.8
2025/6/20 11:15,8100
2025/6/20 11:30,8160
2025/6/20 11:45,8196
2025/6/20 12:00,8146.8
2025/6/20 12:15,8175.6
2025/6/20 12:30,8233.2
2025/6/20 12:45,8106
2025/6/20 13:00,8209.2
2025/6/20 13:15,8210.4
2025/6/20 13:30,8209.2
2025/6/20 13:45,8325.6
2025/6/20 14:00,8326.8
2025/6/20 14:15,8359.2
2025/6/20 14:30,8155.2
2025/6/20 14:45,8169.6
2025/6/20 15:00,8200.8
2025/6/20 15:15,8270.4
2025/6/20 15:30,8229.6
2025/6/20 15:45,8271.6
2025/6/20 16:00,8096.4
2025/6/20 16:15,8026.8
2025/6/20 16:30,8076
2025/6/20 16:45,8050.8
2025/6/20 17:00,7999.2
2025/6/20 17:15,8157.6
2025/6/20 17:30,8112
2025/6/20 17:45,8103.6
2025/6/20 18:00,8028
2025/6/20 18:15,7950
2025/6/20 18:30,7972.8
2025/6/20 18:45,7832.4
2025/6/20 19:00,7905.6
2025/6/20 19:15,7920
2025/6/20 19:30,7950
2025/6/20 19:45,7947.6
2025/6/20 20:00,7976.4
2025/6/20 20:15,7939.2
2025/6/20 20:30,7906.8
2025/6/20 20:45,7965.6
2025/6/20 21:00,8005.2
2025/6/20 21:15,7940.4
2025/6/20 21:30,7951.2
2025/6/20 21:45,8134.8
2025/6/20 22:00,8218.8
2025/6/20 22:15,8244
2025/6/20 22:30,8235.6
2025/6/20 22:45,8182.8
2025/6/20 23:00,8199.6
2025/6/20 23:15,8124
2025/6/20 23:30,8090.4
2025/6/20 23:45,8113.2
2025/6/21 0:00,8174.4
2025/6/21 0:15,8176.8
2025/6/21 0:30,8226
2025/6/21 0:45,8092.8
2025/6/21 1:00,8154
2025/6/21 1:15,8214
2025/6/21 1:30,8215.2
2025/6/21 1:45,8113.2
2025/6/21 2:00,8062.8
2025/6/21 2:15,7992
2025/6/21 2:30,8073.6
2025/6/21 2:45,8058
2025/6/21 3:00,8055.6
2025/6/21 3:15,8095.2
2025/6/21 3:30,8049.6
2025/6/21 3:45,7969.2
2025/6/21 4:00,8052
2025/6/21 4:15,8034
2025/6/21 4:30,7940.4
2025/6/21 4:45,7994.4
2025/6/21 5:00,7959.6
2025/6/21 5:15,7981.2
2025/6/21 5:30,7954.8
2025/6/21 5:45,7935.6
2025/6/21 6:00,7898.4
2025/6/21 6:15,7912.8
2025/6/21 6:30,7977.6
2025/6/21 6:45,7921.2
2025/6/21 7:00,7920
2025/6/21 7:15,7790.4
2025/6/21 7:30,7905.6
2025/6/21 7:45,7969.2
2025/6/21 8:00,7932
2025/6/21 8:15,7968
2025/6/21 8:30,7915.2
2025/6/21 8:45,7904.4
2025/6/21 9:00,7934.4
2025/6/21 9:15,7958.4
2025/6/21 9:30,8004
2025/6/21 9:45,8030.4
2025/6/21 10:00,8056.8
2025/6/21 10:15,8257.2
2025/6/21 10:30,8142
2025/6/21 10:45,8209.2
2025/6/21 11:00,8264.4
2025/6/21 11:15,8245.2
2025/6/21 11:30,8132.4
2025/6/21 11:45,8034
2025/6/21 12:00,8067.6
2025/6/21 12:15,7983.6
2025/6/21 12:30,8042.4
2025/6/21 12:45,8018.4
2025/6/21 13:00,8025.6
2025/6/21 13:15,8030.4
2025/6/21 13:30,8046
2025/6/21 13:45,8068.8
2025/6/21 14:00,8013.6
2025/6/21 14:15,7986
2025/6/21 14:30,7924.8
2025/6/21 14:45,8035.2
2025/6/21 15:00,7981.2
2025/6/21 15:15,8022
2025/6/21 15:30,8018.4
2025/6/21 15:45,8060.4
2025/6/21 16:00,8002.8
2025/6/21 16:15,7994.4
2025/6/21 16:30,8070
2025/6/21 16:45,8236.8
2025/6/21 17:00,8208
2025/6/21 17:15,8012.4
2025/6/21 17:30,8067.6
2025/6/21 17:45,7950
2025/6/21 18:00,8043.6
2025/6/21 18:15,7938
2025/6/21 18:30,8037.6
2025/6/21 18:45,8096.4
2025/6/21 19:00,8079.6
2025/6/21 19:15,8022
2025/6/21 19:30,8025.6
2025/6/21 19:45,8023.2
2025/6/21 20:00,8053.2
2025/6/21 20:15,8002.8
2025/6/21 20:30,7994.4
2025/6/21 20:45,8070
2025/6/21 21:00,8163.6
2025/6/21 21:15,8271.6
2025/6/21 21:30,8138.4
2025/6/21 21:45,8288.4
2025/6/21 22:00,8241.6
2025/6/21 22:15,8251.2
2025/6/21 22:30,8259.6
2025/6/21 22:45,8311.2
2025/6/21 23:00,8202
2025/6/21 23:15,8226
2025/6/21 23:30,8138.4
2025/6/21 23:45,8202
2025/6/22 0:00,8205.6
2025/6/22 0:15,8120.4
2025/6/22 0:30,8100
2025/6/22 0:45,8198.4
2025/6/22 1:00,8128.8
2025/6/22 1:15,8203.2
2025/6/22 1:30,8118
2025/6/22 1:45,8126.4
2025/6/22 2:00,7928.4
2025/6/22 2:15,7976.4
2025/6/22 2:30,7986
2025/6/22 2:45,8041.2
2025/6/22 3:00,8019.6
2025/6/22 3:15,8020.8
2025/6/22 3:30,8053.2
2025/6/22 3:45,8008.8
2025/6/22 4:00,7998
2025/6/22 4:15,7986
2025/6/22 4:30,7972.8
2025/6/22 4:45,7990.8
2025/6/22 5:00,7947.6
2025/6/22 5:15,7960.8
2025/6/22 5:30,7946.4
2025/6/22 5:45,7891.2
2025/6/22 6:00,7942.8
2025/6/22 6:15,7896
2025/6/22 6:30,7891.2
2025/6/22 6:45,7850.4
2025/6/22 7:00,7888.8
2025/6/22 7:15,7912.8
2025/6/22 7:30,7873.2
2025/6/22 7:45,7898.4
2025/6/22 8:00,7903.2
2025/6/22 8:15,7960.8
2025/6/22 8:30,7911.6
2025/6/22 8:45,7946.4
2025/6/22 9:00,7942.8
2025/6/22 9:15,7994.4
2025/6/22 9:30,7914
2025/6/22 9:45,7926
2025/6/22 10:00,8228.4
2025/6/22 10:15,8218.8
2025/6/22 10:30,8151.6
2025/6/22 10:45,8170.8
2025/6/22 11:00,8156.4
2025/6/22 11:15,8181.6
2025/6/22 11:30,7996.8
2025/6/22 11:45,7894.8
2025/6/22 12:00,7869.6
2025/6/22 12:15,7899.6
2025/6/22 12:30,7989.6
2025/6/22 12:45,8067.6
2025/6/22 13:00,8011.2
2025/6/22 13:15,8019.6
2025/6/22 13:30,8008.8
2025/6/22 13:45,7963.2
2025/6/22 14:00,7976.4
2025/6/22 14:15,8050.8
2025/6/22 14:30,8101.2
2025/6/22 14:45,8092.8
2025/6/22 15:00,8112
2025/6/22 15:15,8125.2
2025/6/22 15:30,8163.6
2025/6/22 15:45,8022
2025/6/22 16:00,8077.2
2025/6/22 16:15,8007.6
2025/6/22 16:30,8137.2
2025/6/22 16:45,7945.2
2025/6/22 17:00,8029.2
2025/6/22 17:15,8158.8
2025/6/22 17:30,8148
2025/6/22 17:45,8205.6
2025/6/22 18:00,8169.6
2025/6/22 18:15,8162.4
2025/6/22 18:30,8096.4
2025/6/22 18:45,8218.8
2025/6/22 19:00,8235.6
2025/6/22 19:15,8185.2
2025/6/22 19:30,8218.8
2025/6/22 19:45,8224.8
2025/6/22 20:00,8174.4
2025/6/22 20:15,8163.6
2025/6/22 20:30,8094
2025/6/22 20:45,8254.8
2025/6/22 21:00,8257.2
2025/6/22 21:15,8140.8
2025/6/22 21:30,8210.4
2025/6/22 21:45,8178
2025/6/22 22:00,8205.6
2025/6/22 22:15,8122.8
2025/6/22 22:30,8173.2
2025/6/22 22:45,8158.8
2025/6/22 23:00,8212.8
2025/6/22 23:15,8121.6
2025/6/22 23:30,8152.8
2025/6/22 23:45,8065.2
2025/6/23 0:00,8032.8
2025/6/23 0:15,8112
2025/6/23 0:30,8052
2025/6/23 0:45,7938
2025/6/23 1:00,7933.2
2025/6/23 1:15,8062.8
2025/6/23 1:30,8022
2025/6/23 1:45,7977.6
2025/6/23 2:00,7987.2
2025/6/23 2:15,7963.2
2025/6/23 2:30,7881.6
2025/6/23 2:45,7821.6
2025/6/23 3:00,7968
2025/6/23 3:15,7970.4
2025/6/23 3:30,7974
2025/6/23 3:45,7990.8
2025/6/23 4:00,7958.4
2025/6/23 4:15,7926
2025/6/23 4:30,7867.2
2025/6/23 4:45,7942.8
2025/6/23 5:00,7934.4
2025/6/23 5:15,7905.6
2025/6/23 5:30,7887.6
2025/6/23 5:45,7932
2025/6/23 6:00,7854
2025/6/23 6:15,7886.4
2025/6/23 6:30,7934.4
2025/6/23 6:45,7982.4
2025/6/23 7:00,8011.2
2025/6/23 7:15,8008.8
2025/6/23 7:30,8012.4
2025/6/23 7:45,7964.4
2025/6/23 8:00,7972.8
2025/6/23 8:15,7892.4
2025/6/23 8:30,7947.6
2025/6/23 8:45,7958.4
2025/6/23 9:00,7856.4
2025/6/23 9:15,8036.4
2025/6/23 9:30,8019.6
2025/6/23 9:45,8074.8
2025/6/23 10:00,8072.4
2025/6/23 10:15,8047.2
2025/6/23 10:30,8100
2025/6/23 10:45,8049.6
2025/6/23 11:00,8024.4
2025/6/23 11:15,8092.8
2025/6/23 11:30,8170.8
2025/6/23 11:45,8097.6
2025/6/23 12:00,8064
2025/6/23 12:15,8012.4
2025/6/23 12:30,8018.4
2025/6/23 12:45,7810.8
2025/6/23 13:00,7898.4
2025/6/23 13:15,7926
2025/6/23 13:30,7970.4
2025/6/23 13:45,7984.8
2025/6/23 14:00,8008.8
2025/6/23 14:15,8002.8
2025/6/23 14:30,7998
2025/6/23 14:45,7941.6
2025/6/23 15:00,7915.2
2025/6/23 15:15,7888.8
2025/6/23 15:30,7864.8
2025/6/23 15:45,7878
2025/6/23 16:00,7861.2
2025/6/23 16:15,7942.8
2025/6/23 16:30,7804.8
2025/6/23 16:45,7899.6
2025/6/23 17:00,7904.4
2025/6/23 17:15,7947.6
2025/6/23 17:30,7941.6
2025/6/23 17:45,7971.6
2025/6/23 18:00,7844.4
2025/6/23 18:15,7846.8
2025/6/23 18:30,7758
2025/6/23 18:45,7888.8
2025/6/23 19:00,7849.2
2025/6/23 19:15,7818
2025/6/23 19:30,7717.2
2025/6/23 19:45,7770
2025/6/23 20:00,7810.8
2025/6/23 20:15,7828.8
2025/6/23 20:30,7861.2
2025/6/23 20:45,7867.2
2025/6/23 21:00,7891.2
2025/6/23 21:15,7820.4
2025/6/23 21:30,7761.6
2025/6/23 21:45,7854
2025/6/23 22:00,7794
2025/6/23 22:15,7762.8
2025/6/23 22:30,7713.6
2025/6/23 22:45,7790.4
2025/6/23 23:00,7683.6
2025/6/23 23:15,7717.2
2025/6/23 23:30,7837.2
2025/6/23 23:45,7762.8
2025/6/24 0:00,7762.8
2025/6/24 0:15,7706.4
2025/6/24 0:30,7582.8
2025/6/24 0:45,7698
2025/6/24 1:00,7747.2
2025/6/24 1:15,7834.8
2025/6/24 1:30,7728
2025/6/24 1:45,7737.6
2025/6/24 2:00,7755.6
2025/6/24 2:15,7882.8
2025/6/24 2:30,7831.2
2025/6/24 2:45,7770
2025/6/24 3:00,7752
2025/6/24 3:15,7754.4
2025/6/24 3:30,7753.2
2025/6/24 3:45,7768.8
2025/6/24 4:00,7693.2
2025/6/24 4:15,7717.2
2025/6/24 4:30,7830
2025/6/24 4:45,7800
2025/6/24 5:00,7710
2025/6/24 5:15,7702.8
2025/6/24 5:30,7766.4
2025/6/24 5:45,7824
2025/6/24 6:00,7909.2
2025/6/24 6:15,7801.2
2025/6/24 6:30,7777.2
2025/6/24 6:45,7813.2
2025/6/24 7:00,7816.8
2025/6/24 7:15,7810.8
2025/6/24 7:30,7712.4
2025/6/24 7:45,7706.4
2025/6/24 8:00,7705.2
2025/6/24 8:15,7780.8
2025/6/24 8:30,7784.4
2025/6/24 8:45,7831.2
2025/6/24 9:00,7789.2
2025/6/24 9:15,7753.2
2025/6/24 9:30,7684.8
2025/6/24 9:45,7773.6
2025/6/24 10:00,7850.4
2025/6/24 10:15,7874.4
2025/6/24 10:30,7976.4
2025/6/24 10:45,7885.2
2025/6/24 11:00,7855.2
2025/6/24 11:15,7983.6
2025/6/24 11:30,7995.6
2025/6/24 11:45,8053.2
2025/6/24 12:00,7910.4
2025/6/24 12:15,8119.2
2025/6/24 12:30,8162.4
2025/6/24 12:45,8086.8
2025/6/24 13:00,8072.4
2025/6/24 13:15,7993.2
2025/6/24 13:30,8035.2
2025/6/24 13:45,8085.6
2025/6/24 14:00,8073.6
2025/6/24 14:15,7946.4
2025/6/24 14:30,7927.2
2025/6/24 14:45,7839.6
2025/6/24 15:00,7843.2
2025/6/24 15:15,7731.6
2025/6/24 15:30,7730.4
2025/6/24 15:45,7754.4
2025/6/24 16:00,7776
2025/6/24 16:15,8002.8
2025/6/24 16:30,7796.4
2025/6/24 16:45,7821.6
2025/6/24 17:00,7935.6
2025/6/24 17:15,7822.8
2025/6/24 17:30,7896
2025/6/24 17:45,8064
2025/6/24 18:00,7968
2025/6/24 18:15,8089.2
2025/6/24 18:30,7792.8
2025/6/24 18:45,7933.2
2025/6/24 19:00,7828.8
2025/6/24 19:15,7888.8
2025/6/24 19:30,7852.8
2025/6/24 19:45,7934.4
2025/6/24 20:00,7939.2
2025/6/24 20:15,7902
2025/6/24 20:30,8102.4
2025/6/24 20:45,8121.6
2025/6/24 21:00,8023.2
2025/6/24 21:15,8138.4
2025/6/24 21:30,8212.8
2025/6/24 21:45,8236.8
2025/6/24 22:00,8218.8
2025/6/24 22:15,8152.8
2025/6/24 22:30,7965.6
2025/6/24 22:45,8067.6
2025/6/24 23:00,8067.6
2025/6/24 23:15,8113.2
2025/6/24 23:30,8041.2
2025/6/24 23:45,8084.4
2025/6/25 0:00,8166
2025/6/25 0:15,8152.8
2025/6/25 0:30,8118
2025/6/25 0:45,8176.8
2025/6/25 1:00,8046
2025/6/25 1:15,8134.8
2025/6/25 1:30,8104.8
2025/6/25 1:45,8036.4
2025/6/25 2:00,7929.6
2025/6/25 2:15,7916.4
2025/6/25 2:30,7994.4
2025/6/25 2:45,8046
2025/6/25 3:00,8061.6
2025/6/25 3:15,8080.8
2025/6/25 3:30,7992
2025/6/25 3:45,8053.2
2025/6/25 4:00,7948.8
2025/6/25 4:15,8079.6
2025/6/25 4:30,8028
2025/6/25 4:45,7882.8
2025/6/25 5:00,7917.6
2025/6/25 5:15,7910.4
2025/6/25 5:30,7819.2
2025/6/25 5:45,7917.6
2025/6/25 6:00,7922.4
2025/6/25 6:15,7904.4
2025/6/25 6:30,7866
2025/6/25 6:45,7945.2
2025/6/25 7:00,7856.4
2025/6/25 7:15,7814.4
2025/6/25 7:30,7906.8
2025/6/25 7:45,7795.2
2025/6/25 8:00,7926
2025/6/25 8:15,7951.2
2025/6/25 8:30,7923.6
2025/6/25 8:45,7934.4
2025/6/25 9:00,8100
2025/6/25 9:15,8047.2
2025/6/25 9:30,8082
2025/6/25 9:45,8092.8
2025/6/25 10:00,8161.2
2025/6/25 10:15,8024.4
2025/6/25 10:30,7764
2025/6/25 10:45,7981.2
2025/6/25 11:00,8132.4
2025/6/25 11:15,7950
2025/6/25 11:30,7980
2025/6/25 11:45,7981.2
2025/6/25 12:00,8056.8
2025/6/25 12:15,8018.4
2025/6/25 12:30,8038.8
2025/6/25 12:45,8097.6
2025/6/25 13:00,8041.2
2025/6/25 13:15,7960.8
2025/6/25 13:30,7946.4
2025/6/25 13:45,8036.4
2025/6/25 14:00,8029.2
2025/6/25 14:15,7893.6
2025/6/25 14:30,8017.2
2025/6/25 14:45,8044.8
2025/6/25 15:00,8024.4
2025/6/25 15:15,8006.4
2025/6/25 15:30,7990.8
2025/6/25 15:45,7952.4
2025/6/25 16:00,7970.4
2025/6/25 16:15,7863.6
2025/6/25 16:30,7963.2
2025/6/25 16:45,7918.8
2025/6/25 17:00,7892.4
2025/6/25 17:15,7857.6
2025/6/25 17:30,7876.8
2025/6/25 17:45,7790.4
2025/6/25 18:00,7831.2
2025/6/25 18:15,7731.6
2025/6/25 18:30,7876.8
2025/6/25 18:45,7875.6
2025/6/25 19:00,7866
2025/6/25 19:15,7905.6
2025/6/25 19:30,7791.6
2025/6/25 19:45,7879.2
2025/6/25 20:00,7975.2
2025/6/25 20:15,7801.2
2025/6/25 20:30,7988.4
2025/6/25 20:45,7872
2025/6/25 21:00,7983.6
2025/6/25 21:15,7891.2
2025/6/25 21:30,7950
2025/6/25 21:45,7992
2025/6/25 22:00,7882.8
2025/6/25 22:15,7897.2
2025/6/25 22:30,7890
2025/6/25 22:45,7881.6
2025/6/25 23:00,7947.6
2025/6/25 23:15,7920
2025/6/25 23:30,7910.4
2025/6/25 23:45,7861.2
2025/6/26 0:00,7861.2
2025/6/26 0:15,7908
2025/6/26 0:30,7912.8
2025/6/26 0:45,7830
2025/6/26 1:00,7954.8
2025/6/26 1:15,7952.4
2025/6/26 1:30,7975.2
2025/6/26 1:45,7862.4
2025/6/26 2:00,7774.8
2025/6/26 2:15,7774.8
2025/6/26 2:30,7798.8
2025/6/26 2:45,7786.8
2025/6/26 3:00,7837.2
2025/6/26 3:15,7880.4
2025/6/26 3:30,7836
2025/6/26 3:45,7838.4
2025/6/26 4:00,7863.6
2025/6/26 4:15,7819.2
2025/6/26 4:30,7860
2025/6/26 4:45,7771.2
2025/6/26 5:00,7846.8
2025/6/26 5:15,7810.8
2025/6/26 5:30,7771.2
2025/6/26 5:45,7774.8
2025/6/26 6:00,7674
2025/6/26 6:15,7776
2025/6/26 6:30,7765.2
2025/6/26 6:45,7718.4
2025/6/26 7:00,7730.4
2025/6/26 7:15,7796.4
2025/6/26 7:30,7746
2025/6/26 7:45,7747.2
2025/6/26 8:00,7678.8
2025/6/26 8:15,7750.8
2025/6/26 8:30,7778.4
2025/6/26 8:45,7790.4
2025/6/26 9:00,7856.4
2025/6/26 9:15,7812
2025/6/26 9:30,7951.2
2025/6/26 9:45,8038.8
2025/6/26 10:00,7960.8
2025/6/26 10:15,7998
2025/6/26 10:30,7941.6
2025/6/26 10:45,7848
2025/6/26 11:00,7807.2
2025/6/26 11:15,7779.6
2025/6/26 11:30,7701.6
2025/6/26 11:45,7773.6
2025/6/26 12:00,8041.2
2025/6/26 12:15,8047.2
2025/6/26 12:30,8080.8
2025/6/26 12:45,8060.4
2025/6/26 13:00,8020.8
2025/6/26 13:15,8044.8
2025/6/26 13:30,8037.6
2025/6/26 13:45,8072.4
2025/6/26 14:00,8018.4
2025/6/26 14:15,8066.4
2025/6/26 14:30,8071.2
2025/6/26 14:45,8060.4
2025/6/26 15:00,8139.6
2025/6/26 15:15,8008.8
2025/6/26 15:30,8020.8
2025/6/26 15:45,8092.8
2025/6/26 16:00,8102.4
2025/6/26 16:15,7989.6
2025/6/26 16:30,8125.2
2025/6/26 16:45,8154
2025/6/26 17:00,8172
2025/6/26 17:15,8132.4
2025/6/26 17:30,8036.4
2025/6/26 17:45,8030.4
2025/6/26 18:00,8012.4
2025/6/26 18:15,8065.2
2025/6/26 18:30,8061.6
2025/6/26 18:45,8034
2025/6/26 19:00,8041.2
2025/6/26 19:15,8083.2
2025/6/26 19:30,8088
2025/6/26 19:45,8029.2
2025/6/26 20:00,8061.6
2025/6/26 20:15,8122.8
2025/6/26 20:30,8042.4
2025/6/26 20:45,7922.4
2025/6/26 21:00,7970.4
2025/6/26 21:15,8016
2025/6/26 21:30,8025.6
2025/6/26 21:45,8061.6
2025/6/26 22:00,8002.8
2025/6/26 22:15,8040
2025/6/26 22:30,8139.6
2025/6/26 22:45,8151.6
2025/6/26 23:00,8245.2
2025/6/26 23:15,8186.4
2025/6/26 23:30,8163.6
2025/6/26 23:45,8216.4
2025/6/27 0:00,8229.6
2025/6/27 0:15,8156.4
2025/6/27 0:30,8217.6
2025/6/27 0:45,8121.6
2025/6/27 1:00,8222.4
2025/6/27 1:15,8097.6
2025/6/27 1:30,8061.6
2025/6/27 1:45,8023.2
2025/6/27 2:00,8136
2025/6/27 2:15,8166
2025/6/27 2:30,8134.8
2025/6/27 2:45,8026.8
2025/6/27 3:00,8109.6
2025/6/27 3:15,8161.2
2025/6/27 3:30,8116.8
2025/6/27 3:45,7993.2
2025/6/27 4:00,7996.8
2025/6/27 4:15,8023.2
2025/6/27 4:30,7914
2025/6/27 4:45,7946.4
2025/6/27 5:00,7975.2
2025/6/27 5:15,7936.8
2025/6/27 5:30,8032.8
2025/6/27 5:45,7906.8
2025/6/27 6:00,8007.6
2025/6/27 6:15,7945.2
2025/6/27 6:30,7953.6
2025/6/27 6:45,7884
2025/6/27 7:00,7924.8
2025/6/27 7:15,7884
2025/6/27 7:30,7899.6
2025/6/27 7:45,7872
2025/6/27 8:00,7896
2025/6/27 8:15,7864.8
2025/6/27 8:30,7960.8
2025/6/27 8:45,7959.6
2025/6/27 9:00,8016
2025/6/27 9:15,7927.2
2025/6/27 9:30,7890
2025/6/27 9:45,7978.8
2025/6/27 10:00,8032.8
2025/6/27 10:15,8074.8
2025/6/27 10:30,8012.4
2025/6/27 10:45,8062.8
2025/6/27 11:00,8122.8
2025/6/27 11:15,8119.2
2025/6/27 11:30,7951.2
2025/6/27 11:45,8116.8
2025/6/27 12:00,8068.8
2025/6/27 12:15,8061.6
2025/6/27 12:30,8065.2
2025/6/27 12:45,8118
2025/6/27 13:00,8106
2025/6/27 13:15,8047.2
2025/6/27 13:30,8132.4
2025/6/27 13:45,8052
2025/6/27 14:00,8094
2025/6/27 14:15,8005.2
2025/6/27 14:30,8076
2025/6/27 14:45,8038.8
2025/6/27 15:00,8053.2
2025/6/27 15:15,8017.2
2025/6/27 15:30,8072.4
2025/6/27 15:45,8000.4
2025/6/27 16:00,7995.6
2025/6/27 16:15,7994.4
2025/6/27 16:30,7976.4
2025/6/27 16:45,8104.8
2025/6/27 17:00,8073.6
2025/6/27 17:15,8037.6
2025/6/27 17:30,8083.2
2025/6/27 17:45,7975.2
2025/6/27 18:00,7998
2025/6/27 18:15,8146.8
2025/6/27 18:30,8106
2025/6/27 18:45,8053.2
2025/6/27 19:00,8046
2025/6/27 19:15,8184
2025/6/27 19:30,8166
2025/6/27 19:45,8142
2025/6/27 20:00,8134.8
2025/6/27 20:15,8066.4
2025/6/27 20:30,8050.8
2025/6/27 20:45,8152.8
2025/6/27 21:00,8102.4
2025/6/27 21:15,7971.6
2025/6/27 21:30,8052
2025/6/27 21:45,7939.2
2025/6/27 22:00,7972.8
2025/6/27 22:15,8016
2025/6/27 22:30,8020.8
2025/6/27 22:45,8109.6
2025/6/27 23:00,8046
2025/6/27 23:15,8085.6
2025/6/27 23:30,8020.8
2025/6/27 23:45,8035.2
2025/6/28 0:00,7852.8
2025/6/28 0:15,7826.4
2025/6/28 0:30,7828.8
2025/6/28 0:45,7987.2
2025/6/28 1:00,7868.4
2025/6/28 1:15,7900.8
2025/6/28 1:30,7917.6
2025/6/28 1:45,7983.6
2025/6/28 2:00,7827.6
2025/6/28 2:15,7816.8
2025/6/28 2:30,7749.6
2025/6/28 2:45,7758
2025/6/28 3:00,7744.8
2025/6/28 3:15,7780.8
2025/6/28 3:30,7810.8
2025/6/28 3:45,7789.2
2025/6/28 4:00,7747.2
2025/6/28 4:15,7694.4
2025/6/28 4:30,7717.2
2025/6/28 4:45,7753.2
2025/6/28 5:00,7598.4
2025/6/28 5:15,7782
2025/6/28 5:30,7716
2025/6/28 5:45,7710
2025/6/28 6:00,7773.6
2025/6/28 6:15,7710
2025/6/28 6:30,7681.2
2025/6/28 6:45,7732.8
2025/6/28 7:00,7740
2025/6/28 7:15,7600.8
2025/6/28 7:30,7648.8
2025/6/28 7:45,7717.2
2025/6/28 8:00,7708.8
2025/6/28 8:15,7671.6
2025/6/28 8:30,7707.6
2025/6/28 8:45,7866
2025/6/28 9:00,7898.4
2025/6/28 9:15,7849.2
2025/6/28 9:30,7888.8
2025/6/28 9:45,8068.8
2025/6/28 10:00,8163.6
2025/6/28 10:15,8109.6
2025/6/28 10:30,8011.2
2025/6/28 10:45,8032.8
2025/6/28 11:00,7992
2025/6/28 11:15,8035.2
2025/6/28 11:30,8124
2025/6/28 11:45,7866
2025/6/28 12:00,7884
2025/6/28 12:15,8053.2
2025/6/28 12:30,8001.6
2025/6/28 12:45,8100
2025/6/28 13:00,8079.6
2025/6/28 13:15,8026.8
2025/6/28 13:30,8067.6
2025/6/28 13:45,8060.4
2025/6/28 14:00,8040
2025/6/28 14:15,8010
2025/6/28 14:30,8019.6
2025/6/28 14:45,8024.4
2025/6/28 15:00,8040
2025/6/28 15:15,8010
2025/6/28 15:30,8023.2
2025/6/28 15:45,8020.8
2025/6/28 16:00,8058
2025/6/28 16:15,7898.4
2025/6/28 16:30,8049.6
2025/6/28 16:45,7963.2
2025/6/28 17:00,8055.6
2025/6/28 17:15,7897.2
2025/6/28 17:30,7959.6
2025/6/28 17:45,7869.6
2025/6/28 18:00,7764
2025/6/28 18:15,7821.6
2025/6/28 18:30,7764
2025/6/28 18:45,7882.8
2025/6/28 19:00,7746
2025/6/28 19:15,7902
2025/6/28 19:30,7869.6
2025/6/28 19:45,7910.4
2025/6/28 20:00,7910.4
2025/6/28 20:15,7729.2
2025/6/28 20:30,7756.8
2025/6/28 20:45,7780.8
2025/6/28 21:00,7837.2
2025/6/28 21:15,7906.8
2025/6/28 21:30,7834.8
2025/6/28 21:45,7900.8
2025/6/28 22:00,7927.2
2025/6/28 22:15,7911.6
2025/6/28 22:30,7934.4
2025/6/28 22:45,7880.4
2025/6/28 23:00,7879.2
2025/6/28 23:15,7720.8
2025/6/28 23:30,7870.8
2025/6/28 23:45,7824
2025/6/29 0:00,7836
2025/6/29 0:15,7850.4
2025/6/29 0:30,7837.2
2025/6/29 0:45,7830
2025/6/29 1:00,7831.2
2025/6/29 1:15,7803.6
2025/6/29 1:30,7878
2025/6/29 1:45,7864.8
2025/6/29 2:00,7831.2
2025/6/29 2:15,7839.6
2025/6/29 2:30,7723.2
2025/6/29 2:45,7794
2025/6/29 3:00,7813.2
2025/6/29 3:15,7874.4
2025/6/29 3:30,7840.8
2025/6/29 3:45,7797.6
2025/6/29 4:00,7790.4
2025/6/29 4:15,7665.6
2025/6/29 4:30,7651.2
2025/6/29 4:45,7576.8
2025/6/29 5:00,7520.4
2025/6/29 5:15,7548
2025/6/29 5:30,7575.6
2025/6/29 5:45,7546.8
2025/6/29 6:00,7551.6
2025/6/29 6:15,7498.8
2025/6/29 6:30,7569.6
2025/6/29 6:45,7540.8
2025/6/29 7:00,7500
2025/6/29 7:15,7476
2025/6/29 7:30,7450.8
2025/6/29 7:45,7429.2
2025/6/29 8:00,7440
2025/6/29 8:15,7472.4
2025/6/29 8:30,7462.8
2025/6/29 8:45,7461.6
2025/6/29 9:00,7483.2
2025/6/29 9:15,7566
2025/6/29 9:30,7513.2
2025/6/29 9:45,7536
2025/6/29 10:00,7512
2025/6/29 10:15,7492.8
2025/6/29 10:30,7549.2
2025/6/29 10:45,7506
2025/6/29 11:00,7548
2025/6/29 11:15,7536
2025/6/29 11:30,7591.2
2025/6/29 11:45,7716
2025/6/29 12:00,7753.2
2025/6/29 12:15,7725.6
2025/6/29 12:30,7784.4
2025/6/29 12:45,7820.4
2025/6/29 13:00,7838.4
2025/6/29 13:15,7850.4
2025/6/29 13:30,7904.4
2025/6/29 13:45,7899.6
2025/6/29 14:00,7918.8
2025/6/29 14:15,7971.6
2025/6/29 14:30,7934.4
2025/6/29 14:45,7962
2025/6/29 15:00,7897.2
2025/6/29 15:15,7791.6
2025/6/29 15:30,7822.8
2025/6/29 15:45,7820.4
2025/6/29 16:00,7864.8
2025/6/29 16:15,7850.4
2025/6/29 16:30,7891.2
2025/6/29 16:45,7755.6
2025/6/29 17:00,7848
2025/6/29 17:15,7892.4
2025/6/29 17:30,7737.6
2025/6/29 17:45,7792.8
2025/6/29 18:00,7744.8
2025/6/29 18:15,7849.2
2025/6/29 18:30,7834.8
2025/6/29 18:45,7824
2025/6/29 19:00,7778.4
2025/6/29 19:15,7812
2025/6/29 19:30,7773.6
2025/6/29 19:45,7784.4
2025/6/29 20:00,7808.4
2025/6/29 20:15,7786.8
2025/6/29 20:30,7785.6
2025/6/29 20:45,7782
2025/6/29 21:00,7843.2
2025/6/29 21:15,7825.2
2025/6/29 21:30,7960.8
2025/6/29 21:45,7948.8
2025/6/29 22:00,7882.8
2025/6/29 22:15,8036.4
2025/6/29 22:30,7929.6
2025/6/29 22:45,8005.2
2025/6/29 23:00,8011.2
2025/6/29 23:15,7988.4
2025/6/29 23:30,7934.4
2025/6/29 23:45,7990.8
2025/6/30 0:00,8010
2025/6/30 0:15,8070
2025/6/30 0:30,8049.6
2025/6/30 0:45,7969.2
2025/6/30 1:00,7999.2
2025/6/30 1:15,7938
2025/6/30 1:30,7892.4
2025/6/30 1:45,7957.2
2025/6/30 2:00,7890
2025/6/30 2:15,7952.4
2025/6/30 2:30,7843.2
2025/6/30 2:45,7932
2025/6/30 3:00,7951.2
2025/6/30 3:15,7988.4
2025/6/30 3:30,7914
2025/6/30 3:45,7990.8
2025/6/30 4:00,7887.6
2025/6/30 4:15,7951.2
2025/6/30 4:30,7934.4
2025/6/30 4:45,7866
2025/6/30 5:00,7968
2025/6/30 5:15,7910.4
2025/6/30 5:30,7752
2025/6/30 5:45,7851.6
2025/6/30 6:00,7771.2
2025/6/30 6:15,7875.6
2025/6/30 6:30,7896
2025/6/30 6:45,7911.6
2025/6/30 7:00,7873.2
2025/6/30 7:15,7888.8
2025/6/30 7:30,7864.8
2025/6/30 7:45,7918.8
2025/6/30 8:00,7838.4
2025/6/30 8:15,7759.2
2025/6/30 8:30,7803.6
2025/6/30 8:45,7744.8
2025/6/30 9:00,7764
2025/6/30 9:15,7861.2
2025/6/30 9:30,7916.4
2025/6/30 9:45,7819.2
2025/6/30 10:00,7893.6
2025/6/30 10:15,7870.8
2025/6/30 10:30,8022
2025/6/30 10:45,7993.2
2025/6/30 11:00,7963.2
2025/6/30 11:15,7903.2
2025/6/30 11:30,7819.2
2025/6/30 11:45,7820.4
2025/6/30 12:00,7863.6
2025/6/30 12:15,7902
2025/6/30 12:30,7842
2025/6/30 12:45,7926
2025/6/30 13:00,7960.8
2025/6/30 13:15,7982.4
2025/6/30 13:30,7980
2025/6/30 13:45,7947.6
2025/6/30 14:00,7834.8
2025/6/30 14:15,7934.4
2025/6/30 14:30,7930.8
2025/6/30 14:45,7988.4
2025/6/30 15:00,7924.8
2025/6/30 15:15,7772.4
2025/6/30 15:30,7887.6
2025/6/30 15:45,7944
2025/6/30 16:00,7948.8
2025/6/30 16:15,7807.2
2025/6/30 16:30,7862.4
2025/6/30 16:45,7764
2025/6/30 17:00,7891.2
2025/6/30 17:15,7828.8
2025/6/30 17:30,7898.4
2025/6/30 17:45,7840.8
2025/6/30 18:00,7767.6
2025/6/30 18:15,7796.4
2025/6/30 18:30,7814.4
2025/6/30 18:45,7850.4
2025/6/30 19:00,7868.4
2025/6/30 19:15,7912.8
2025/6/30 19:30,7701.6
2025/6/30 19:45,7825.2
2025/6/30 20:00,7843.2
2025/6/30 20:15,7837.2
2025/6/30 20:30,7771.2
2025/6/30 20:45,7788
2025/6/30 21:00,7748.4
2025/6/30 21:15,7801.2
2025/6/30 21:30,7942.8
2025/6/30 21:45,7718.4
2025/6/30 22:00,7844.4
2025/6/30 22:15,7885.2
2025/6/30 22:30,7864.8
2025/6/30 22:45,7866
2025/6/30 23:00,7880.4
2025/6/30 23:15,7954.8
2025/6/30 23:30,7899.6
2025/6/30 23:45,7844.4
