,time,value
9216,2025-07-01 00:00:00,9658.42
9217,2025-07-01 00:05:00,9606.42
9218,2025-07-01 00:10:00,9530.4
9219,2025-07-01 00:15:00,9542.44
9220,2025-07-01 00:20:00,9534.41
9221,2025-07-01 00:25:00,9486.5
9222,2025-07-01 00:30:00,9486.42
9223,2025-07-01 00:35:00,9462.46
9224,2025-07-01 00:40:00,9414.4
9225,2025-07-01 00:45:00,9494.4
9226,2025-07-01 00:50:00,9438.45
9227,2025-07-01 00:55:00,9466.43
9228,2025-07-01 01:00:00,9450.42
9229,2025-07-01 01:05:00,9482.45
9230,2025-07-01 01:10:00,9438.39
9231,2025-07-01 01:15:00,9434.43
9232,2025-07-01 01:20:00,9454.46
9233,2025-07-01 01:25:00,9386.42
9234,2025-07-01 01:30:00,9470.42
9235,2025-07-01 01:35:00,9450.43
9236,2025-07-01 01:40:00,9406.41
9237,2025-07-01 01:45:00,9370.41
9238,2025-07-01 01:50:00,9350.4
9239,2025-07-01 01:55:00,9426.39
9240,2025-07-01 02:00:00,9430.46
9241,2025-07-01 02:05:00,9334.44
9242,2025-07-01 02:10:00,9306.41
9243,2025-07-01 02:15:00,9386.46
9244,2025-07-01 02:20:00,9362.42
9245,2025-07-01 02:25:00,9406.41
9246,2025-07-01 02:30:00,9298.43
9247,2025-07-01 02:35:00,9314.41
9248,2025-07-01 02:40:00,9306.42
9249,2025-07-01 02:45:00,9278.43
9250,2025-07-01 02:50:00,9310.42
9251,2025-07-01 02:55:00,9314.45
9252,2025-07-01 03:00:00,9338.39
9253,2025-07-01 03:05:00,9278.42
9254,2025-07-01 03:10:00,9282.4
9255,2025-07-01 03:15:00,9334.41
9256,2025-07-01 03:20:00,9342.39
9257,2025-07-01 03:25:00,9358.43
9258,2025-07-01 03:30:00,9326.42
9259,2025-07-01 03:35:00,9310.4
9260,2025-07-01 03:40:00,9230.41
9261,2025-07-01 03:45:00,9350.46
9262,2025-07-01 03:50:00,9338.44
9263,2025-07-01 03:55:00,9286.43
9264,2025-07-01 04:00:00,9270.42
9265,2025-07-01 04:05:00,9274.42
9266,2025-07-01 04:10:00,9250.42
9267,2025-07-01 04:15:00,9266.43
9268,2025-07-01 04:20:00,9218.46
9269,2025-07-01 04:25:00,9222.42
9270,2025-07-01 04:30:00,9186.43
9271,2025-07-01 04:35:00,9226.42
9272,2025-07-01 04:40:00,9230.42
9273,2025-07-01 04:45:00,9234.42
9274,2025-07-01 04:50:00,9110.41
9275,2025-07-01 04:55:00,9174.45
9276,2025-07-01 05:00:00,9246.44
9277,2025-07-01 05:05:00,9222.4
9278,2025-07-01 05:10:00,9230.41
9279,2025-07-01 05:15:00,9266.42
9280,2025-07-01 05:20:00,9230.45
9281,2025-07-01 05:25:00,9226.42
9282,2025-07-01 05:30:00,9226.4
9283,2025-07-01 05:35:00,9174.41
9284,2025-07-01 05:40:00,9150.4
9285,2025-07-01 05:45:00,9218.42
9286,2025-07-01 05:50:00,9230.39
9287,2025-07-01 05:55:00,9134.41
9288,2025-07-01 06:00:00,9258.44
9289,2025-07-01 06:05:00,9358.4
9290,2025-07-01 06:10:00,9334.49
9291,2025-07-01 06:15:00,9182.42
9292,2025-07-01 06:20:00,9118.47
9293,2025-07-01 06:25:00,9198.43
9294,2025-07-01 06:30:00,9142.4
9295,2025-07-01 06:35:00,9190.42
9296,2025-07-01 06:40:00,9234.42
9297,2025-07-01 06:45:00,9162.42
9298,2025-07-01 06:50:00,9182.42
9299,2025-07-01 06:55:00,9126.39
9300,2025-07-01 07:00:00,9174.41
9301,2025-07-01 07:05:00,9110.41
9302,2025-07-01 07:10:00,9190.4
9303,2025-07-01 07:15:00,9122.41
9304,2025-07-01 07:20:00,9310.44
9305,2025-07-01 07:25:00,9354.4
9306,2025-07-01 07:30:00,9366.43
9307,2025-07-01 07:35:00,9346.43
9308,2025-07-01 07:40:00,9410.45
9309,2025-07-01 07:45:00,9218.42
9310,2025-07-01 07:50:00,9162.41
9311,2025-07-01 07:55:00,9146.38
9312,2025-07-01 08:00:00,9142.41
9313,2025-07-01 08:05:00,9186.41
9314,2025-07-01 08:10:00,9222.44
9315,2025-07-01 08:15:00,9170.39
9316,2025-07-01 08:20:00,9286.42
9317,2025-07-01 08:25:00,9174.4
9318,2025-07-01 08:30:00,9250.43
9319,2025-07-01 08:35:00,9338.41
9320,2025-07-01 08:40:00,9422.37
9321,2025-07-01 08:45:00,9406.4
9322,2025-07-01 08:50:00,9418.4
9323,2025-07-01 08:55:00,9414.44
9324,2025-07-01 09:00:00,9298.41
9325,2025-07-01 09:05:00,9494.4
9326,2025-07-01 09:10:00,9438.41
9327,2025-07-01 09:15:00,9506.38
9328,2025-07-01 09:20:00,9314.43
9329,2025-07-01 09:25:00,9470.42
9330,2025-07-01 09:30:00,9470.41
9331,2025-07-01 09:35:00,9342.43
9332,2025-07-01 09:40:00,9386.41
9333,2025-07-01 09:45:00,9366.41
9334,2025-07-01 09:50:00,9486.39
9335,2025-07-01 09:55:00,9462.41
9336,2025-07-01 10:00:00,9394.39
9337,2025-07-01 10:05:00,9438.39
9338,2025-07-01 10:10:00,9474.4
9339,2025-07-01 10:15:00,9386.43
9340,2025-07-01 10:20:00,9418.39
9341,2025-07-01 10:25:00,9462.41
9342,2025-07-01 10:30:00,9434.4
9343,2025-07-01 10:35:00,9434.41
9344,2025-07-01 10:40:00,9458.39
9345,2025-07-01 10:45:00,9358.4
9346,2025-07-01 10:50:00,9430.43
9347,2025-07-01 10:55:00,9390.4
9348,2025-07-01 11:00:00,9370.39
9349,2025-07-01 11:05:00,9566.42
9350,2025-07-01 11:10:00,9446.39
9351,2025-07-01 11:15:00,9434.42
9352,2025-07-01 11:20:00,9618.39
9353,2025-07-01 11:25:00,9446.44
9354,2025-07-01 11:30:00,9390.42
9355,2025-07-01 11:35:00,9414.38
9356,2025-07-01 11:40:00,9566.44
9357,2025-07-01 11:45:00,9602.41
9358,2025-07-01 11:50:00,9486.38
9359,2025-07-01 11:55:00,9386.44
9360,2025-07-01 12:00:00,9314.38
9361,2025-07-01 12:05:00,9430.44
9362,2025-07-01 12:10:00,9406.36
9363,2025-07-01 12:15:00,9434.39
9364,2025-07-01 12:20:00,9450.4
9365,2025-07-01 12:25:00,9522.44
9366,2025-07-01 12:30:00,9466.43
9367,2025-07-01 12:35:00,9418.4
9368,2025-07-01 12:40:00,9438.43
9369,2025-07-01 12:45:00,9458.39
9370,2025-07-01 12:50:00,9442.41
9371,2025-07-01 12:55:00,9410.39
9372,2025-07-01 13:00:00,9410.41
9373,2025-07-01 13:05:00,9362.41
9374,2025-07-01 13:10:00,9390.44
9375,2025-07-01 13:15:00,9442.38
9376,2025-07-01 13:20:00,9454.41
9377,2025-07-01 13:25:00,9430.4
9378,2025-07-01 13:30:00,9422.41
9379,2025-07-01 13:35:00,9446.38
9380,2025-07-01 13:40:00,9434.44
9381,2025-07-01 13:45:00,9542.4
9382,2025-07-01 13:50:00,9490.39
9383,2025-07-01 13:55:00,9430.43
9384,2025-07-01 14:00:00,9430.43
9385,2025-07-01 14:05:00,9538.41
9386,2025-07-01 14:10:00,9534.41
9387,2025-07-01 14:15:00,9610.42
9388,2025-07-01 14:20:00,9534.4
9389,2025-07-01 14:25:00,9558.43
9390,2025-07-01 14:30:00,9482.4
9391,2025-07-01 14:35:00,9658.41
9392,2025-07-01 14:40:00,9658.43
9393,2025-07-01 14:45:00,9638.39
9394,2025-07-01 14:50:00,9622.41
9395,2025-07-01 14:55:00,9622.38
9396,2025-07-01 15:00:00,9550.44
9397,2025-07-01 15:05:00,9594.42
9398,2025-07-01 15:10:00,9746.4
9399,2025-07-01 15:15:00,9638.4
9400,2025-07-01 15:20:00,9502.4
9401,2025-07-01 15:25:00,9482.41
9402,2025-07-01 15:30:00,9574.4
9403,2025-07-01 15:35:00,9490.42
9404,2025-07-01 15:40:00,9602.41
9405,2025-07-01 15:45:00,9666.41
9406,2025-07-01 15:50:00,9634.46
9407,2025-07-01 15:55:00,9674.38
9408,2025-07-01 16:00:00,9494.41
9409,2025-07-01 16:05:00,9546.4
9410,2025-07-01 16:10:00,9386.38
9411,2025-07-01 16:15:00,9642.45
9412,2025-07-01 16:20:00,9518.4
9413,2025-07-01 16:25:00,9502.4
9414,2025-07-01 16:30:00,9586.41
9415,2025-07-01 16:35:00,9538.41
9416,2025-07-01 16:40:00,9534.42
9417,2025-07-01 16:45:00,9574.39
9418,2025-07-01 16:50:00,9566.43
9419,2025-07-01 16:55:00,9554.4
9420,2025-07-01 17:00:00,9758.4
9421,2025-07-01 17:05:00,9698.43
9422,2025-07-01 17:10:00,9602.39
9423,2025-07-01 17:15:00,9594.39
9424,2025-07-01 17:20:00,9546.45
9425,2025-07-01 17:25:00,9398.42
9426,2025-07-01 17:30:00,9494.38
9427,2025-07-01 17:35:00,9554.42
9428,2025-07-01 17:40:00,9482.41
9429,2025-07-01 17:45:00,9478.4
9430,2025-07-01 17:50:00,9686.41
9431,2025-07-01 17:55:00,9458.41
9432,2025-07-01 18:00:00,9466.39
9433,2025-07-01 18:05:00,9446.41
9434,2025-07-01 18:10:00,9426.4
9435,2025-07-01 18:15:00,9366.36
9436,2025-07-01 18:20:00,9394.39
9437,2025-07-01 18:25:00,9458.4
9438,2025-07-01 18:30:00,9442.4
9439,2025-07-01 18:35:00,9510.4
9440,2025-07-01 18:40:00,9466.38
9441,2025-07-01 18:45:00,9402.39
9442,2025-07-01 18:50:00,9510.4
9443,2025-07-01 18:55:00,9350.38
9444,2025-07-01 19:00:00,9550.42
9445,2025-07-01 19:05:00,9582.39
9446,2025-07-01 19:10:00,9454.42
9447,2025-07-01 19:15:00,9558.44
9448,2025-07-01 19:20:00,9410.37
9449,2025-07-01 19:25:00,9374.4
9450,2025-07-01 19:30:00,9386.4
9451,2025-07-01 19:35:00,9594.39
9452,2025-07-01 19:40:00,9442.41
9453,2025-07-01 19:45:00,9578.38
9454,2025-07-01 19:50:00,9434.39
9455,2025-07-01 19:55:00,9482.39
9456,2025-07-01 20:00:00,9398.4
9457,2025-07-01 20:05:00,9650.41
9458,2025-07-01 20:10:00,9530.37
9459,2025-07-01 20:15:00,9406.43
9460,2025-07-01 20:20:00,9594.38
9461,2025-07-01 20:25:00,9478.42
9462,2025-07-01 20:30:00,9466.38
9463,2025-07-01 20:35:00,9418.41
9464,2025-07-01 20:40:00,9538.42
9465,2025-07-01 20:45:00,9594.39
9466,2025-07-01 20:50:00,9446.42
9467,2025-07-01 20:55:00,9374.46
9468,2025-07-01 21:00:00,9406.41
9469,2025-07-01 21:05:00,9390.39
9470,2025-07-01 21:10:00,9550.39
9471,2025-07-01 21:15:00,9574.41
9472,2025-07-01 21:20:00,9598.38
9473,2025-07-01 21:25:00,9398.4
9474,2025-07-01 21:30:00,9438.37
9475,2025-07-01 21:35:00,9426.38
9476,2025-07-01 21:40:00,9406.4
9477,2025-07-01 21:45:00,9558.37
9478,2025-07-01 21:50:00,9478.38
9479,2025-07-01 21:55:00,9550.39
9480,2025-07-01 22:00:00,9378.36
9481,2025-07-01 22:05:00,9310.39
9482,2025-07-01 22:10:00,9446.41
9483,2025-07-01 22:15:00,9538.41
9484,2025-07-01 22:20:00,9510.38
9485,2025-07-01 22:25:00,9282.37
9486,2025-07-01 22:30:00,9394.43
9487,2025-07-01 22:35:00,9426.37
9488,2025-07-01 22:40:00,9418.42
9489,2025-07-01 22:45:00,9438.37
9490,2025-07-01 22:50:00,9330.37
9491,2025-07-01 22:55:00,9370.4
9492,2025-07-01 23:00:00,9302.38
9493,2025-07-01 23:05:00,9402.4
9494,2025-07-01 23:10:00,9330.39
9495,2025-07-01 23:15:00,9450.4
9496,2025-07-01 23:20:00,9334.41
9497,2025-07-01 23:25:00,9442.41
9498,2025-07-01 23:30:00,9414.43
9499,2025-07-01 23:35:00,9422.41
9500,2025-07-01 23:40:00,9358.38
9501,2025-07-01 23:45:00,9334.39
9502,2025-07-01 23:50:00,9374.39
9503,2025-07-01 23:55:00,9430.39
9504,2025-07-02 00:00:00,9422.42
9505,2025-07-02 00:05:00,9410.39
9506,2025-07-02 00:10:00,9374.38
9507,2025-07-02 00:15:00,9418.39
9508,2025-07-02 00:20:00,9426.38
9509,2025-07-02 00:25:00,9338.4
9510,2025-07-02 00:30:00,9374.43
9511,2025-07-02 00:35:00,9418.4
9512,2025-07-02 00:40:00,9422.38
9513,2025-07-02 00:45:00,9446.38
9514,2025-07-02 00:50:00,9422.43
9515,2025-07-02 00:55:00,9414.36
9516,2025-07-02 01:00:00,9378.37
9517,2025-07-02 01:05:00,9414.38
9518,2025-07-02 01:10:00,9390.39
9519,2025-07-02 01:15:00,9330.38
9520,2025-07-02 01:20:00,9362.41
9521,2025-07-02 01:25:00,9350.38
9522,2025-07-02 01:30:00,9406.38
9523,2025-07-02 01:35:00,9358.38
9524,2025-07-02 01:40:00,9378.39
9525,2025-07-02 01:45:00,9362.39
9526,2025-07-02 01:50:00,9370.38
9527,2025-07-02 01:55:00,9350.41
9528,2025-07-02 02:00:00,9390.42
9529,2025-07-02 02:05:00,9322.44
9530,2025-07-02 02:10:00,9358.39
9531,2025-07-02 02:15:00,9318.38
9532,2025-07-02 02:20:00,9398.38
9533,2025-07-02 02:25:00,9378.38
9534,2025-07-02 02:30:00,9326.39
9535,2025-07-02 02:35:00,9334.38
9536,2025-07-02 02:40:00,9310.37
9537,2025-07-02 02:45:00,9342.38
9538,2025-07-02 02:50:00,9350.42
9539,2025-07-02 02:55:00,9250.37
9540,2025-07-02 03:00:00,9294.38
9541,2025-07-02 03:05:00,9330.38
9542,2025-07-02 03:10:00,9338.37
9543,2025-07-02 03:15:00,9314.38
9544,2025-07-02 03:20:00,9290.38
9545,2025-07-02 03:25:00,9358.43
9546,2025-07-02 03:30:00,9342.41
9547,2025-07-02 03:35:00,9278.4
9548,2025-07-02 03:40:00,9234.36
9549,2025-07-02 03:45:00,9278.38
9550,2025-07-02 03:50:00,9266.41
9551,2025-07-02 03:55:00,9270.39
9552,2025-07-02 04:00:00,9234.38
9553,2025-07-02 04:05:00,9266.39
9554,2025-07-02 04:10:00,9330.4
9555,2025-07-02 04:15:00,9258.36
9556,2025-07-02 04:20:00,9246.39
9557,2025-07-02 04:25:00,9250.41
9558,2025-07-02 04:30:00,9194.38
9559,2025-07-02 04:35:00,9290.44
9560,2025-07-02 04:40:00,9250.4
9561,2025-07-02 04:45:00,9210.36
9562,2025-07-02 04:50:00,9270.39
9563,2025-07-02 04:55:00,9162.41
9564,2025-07-02 05:00:00,9178.4
9565,2025-07-02 05:05:00,9326.38
9566,2025-07-02 05:10:00,9314.38
9567,2025-07-02 05:15:00,9250.38
9568,2025-07-02 05:20:00,9334.39
9569,2025-07-02 05:25:00,9222.39
9570,2025-07-02 05:30:00,9194.38
9571,2025-07-02 05:35:00,9386.4
9572,2025-07-02 05:40:00,9362.38
9573,2025-07-02 05:45:00,9422.4
9574,2025-07-02 05:50:00,9206.4
9575,2025-07-02 05:55:00,9442.4
9576,2025-07-02 06:00:00,9590.42
9577,2025-07-02 06:05:00,9414.37
9578,2025-07-02 06:10:00,9330.39
9579,2025-07-02 06:15:00,9234.46
9580,2025-07-02 06:20:00,9358.4
9581,2025-07-02 06:25:00,9406.43
9582,2025-07-02 06:30:00,9426.41
9583,2025-07-02 06:35:00,9258.38
9584,2025-07-02 06:40:00,9238.38
9585,2025-07-02 06:45:00,9390.4
9586,2025-07-02 06:50:00,9354.38
9587,2025-07-02 06:55:00,9366.4
9588,2025-07-02 07:00:00,9402.38
9589,2025-07-02 07:05:00,9178.38
9590,2025-07-02 07:10:00,9310.4
9591,2025-07-02 07:15:00,9350.38
9592,2025-07-02 07:20:00,9546.37
9593,2025-07-02 07:25:00,9354.39
9594,2025-07-02 07:30:00,9318.4
9595,2025-07-02 07:35:00,9230.38
9596,2025-07-02 07:40:00,9318.42
9597,2025-07-02 07:45:00,9510.4
9598,2025-07-02 07:50:00,9486.39
9599,2025-07-02 07:55:00,9414.4
9600,2025-07-02 08:00:00,9414.41
9601,2025-07-02 08:05:00,9274.38
9602,2025-07-02 08:10:00,9262.43
9603,2025-07-02 08:15:00,9222.38
9604,2025-07-02 08:20:00,9374.38
9605,2025-07-02 08:25:00,9478.38
9606,2025-07-02 08:30:00,9350.36
9607,2025-07-02 08:35:00,9510.39
9608,2025-07-02 08:40:00,9562.44
9609,2025-07-02 08:45:00,9346.39
9610,2025-07-02 08:50:00,9342.42
9611,2025-07-02 08:55:00,9218.38
9612,2025-07-02 09:00:00,9378.42
9613,2025-07-02 09:05:00,9322.41
9614,2025-07-02 09:10:00,9258.36
9615,2025-07-02 09:15:00,9330.35
9616,2025-07-02 09:20:00,9210.38
9617,2025-07-02 09:25:00,9266.38
9618,2025-07-02 09:30:00,9278.38
9619,2025-07-02 09:35:00,9286.35
9620,2025-07-02 09:40:00,9254.38
9621,2025-07-02 09:45:00,9458.38
9622,2025-07-02 09:50:00,9282.41
9623,2025-07-02 09:55:00,9266.4
9624,2025-07-02 10:00:00,9302.4
9625,2025-07-02 10:05:00,9266.4
9626,2025-07-02 10:10:00,9282.39
9627,2025-07-02 10:15:00,9282.43
9628,2025-07-02 10:20:00,9162.38
9629,2025-07-02 10:25:00,9166.39
9630,2025-07-02 10:30:00,9142.37
9631,2025-07-02 10:35:00,9326.38
9632,2025-07-02 10:40:00,9278.38
9633,2025-07-02 10:45:00,9482.38
9634,2025-07-02 10:50:00,9510.42
9635,2025-07-02 10:55:00,9454.37
9636,2025-07-02 11:00:00,9370.41
9637,2025-07-02 11:05:00,9370.4
9638,2025-07-02 11:10:00,9330.4
9639,2025-07-02 11:15:00,9422.37
9640,2025-07-02 11:20:00,9426.43
9641,2025-07-02 11:25:00,9290.38
9642,2025-07-02 11:30:00,9230.4
9643,2025-07-02 11:35:00,9302.4
9644,2025-07-02 11:40:00,9290.37
9645,2025-07-02 11:45:00,9246.38
9646,2025-07-02 11:50:00,9282.38
9647,2025-07-02 11:55:00,9206.37
9648,2025-07-02 12:00:00,9266.4
9649,2025-07-02 12:05:00,9294.37
9650,2025-07-02 12:10:00,9234.37
9651,2025-07-02 12:15:00,9358.37
9652,2025-07-02 12:20:00,9322.38
9653,2025-07-02 12:25:00,9382.41
9654,2025-07-02 12:30:00,9402.39
9655,2025-07-02 12:35:00,9326.4
9656,2025-07-02 12:40:00,9310.4
9657,2025-07-02 12:45:00,9290.36
9658,2025-07-02 12:50:00,9318.37
9659,2025-07-02 12:55:00,9354.39
9660,2025-07-02 13:00:00,9366.39
9661,2025-07-02 13:05:00,9354.38
9662,2025-07-02 13:10:00,9402.41
9663,2025-07-02 13:15:00,9346.41
9664,2025-07-02 13:20:00,9370.38
9665,2025-07-02 13:25:00,9386.38
9666,2025-07-02 13:30:00,9310.4
9667,2025-07-02 13:35:00,9358.39
9668,2025-07-02 13:40:00,9378.4
9669,2025-07-02 13:45:00,9390.41
9670,2025-07-02 13:50:00,9514.38
9671,2025-07-02 13:55:00,9370.42
9672,2025-07-02 14:00:00,9410.38
9673,2025-07-02 14:05:00,9262.38
9674,2025-07-02 14:10:00,9362.38
9675,2025-07-02 14:15:00,9366.38
9676,2025-07-02 14:20:00,9382.36
9677,2025-07-02 14:25:00,9634.39
9678,2025-07-02 14:30:00,9594.38
9679,2025-07-02 14:35:00,9442.36
9680,2025-07-02 14:40:00,9570.4
9681,2025-07-02 14:45:00,9670.4
9682,2025-07-02 14:50:00,9510.34
9683,2025-07-02 14:55:00,9546.4
9684,2025-07-02 15:00:00,9434.36
9685,2025-07-02 15:05:00,9454.39
9686,2025-07-02 15:10:00,9454.39
9687,2025-07-02 15:15:00,9454.39
9688,2025-07-02 15:20:00,9636.0
9689,2025-07-02 15:25:00,9662.4
9690,2025-07-02 15:30:00,9590.39
9691,2025-07-02 15:35:00,9514.39
9692,2025-07-02 15:40:00,9470.41
9693,2025-07-02 15:45:00,9514.4
9694,2025-07-02 15:50:00,9618.38
9695,2025-07-02 15:55:00,9658.39
9696,2025-07-02 16:00:00,9582.34
9697,2025-07-02 16:05:00,9582.36
9698,2025-07-02 16:10:00,9414.36
9699,2025-07-02 16:15:00,9426.34
9700,2025-07-02 16:20:00,9658.37
9701,2025-07-02 16:25:00,9558.4
9702,2025-07-02 16:30:00,9402.38
9703,2025-07-02 16:35:00,9466.42
9704,2025-07-02 16:40:00,9378.42
9705,2025-07-02 16:45:00,9426.37
9706,2025-07-02 16:50:00,9394.36
9707,2025-07-02 16:55:00,9398.39
9708,2025-07-02 17:00:00,9462.36
9709,2025-07-02 17:05:00,9430.36
9710,2025-07-02 17:10:00,9422.39
9711,2025-07-02 17:15:00,9410.39
9712,2025-07-02 17:20:00,9418.39
9713,2025-07-02 17:25:00,9370.36
9714,2025-07-02 17:30:00,9518.41
9715,2025-07-02 17:35:00,9442.37
9716,2025-07-02 17:40:00,9574.41
9717,2025-07-02 17:45:00,9638.37
9718,2025-07-02 17:50:00,9446.37
9719,2025-07-02 17:55:00,9438.4
9720,2025-07-02 18:00:00,9374.38
9721,2025-07-02 18:05:00,9410.42
9722,2025-07-02 18:10:00,9410.36
9723,2025-07-02 18:15:00,9342.42
9724,2025-07-02 18:20:00,9406.39
9725,2025-07-02 18:25:00,9318.42
9726,2025-07-02 18:30:00,9386.38
9727,2025-07-02 18:35:00,9346.38
9728,2025-07-02 18:40:00,9574.38
9729,2025-07-02 18:45:00,9594.39
9730,2025-07-02 18:50:00,9506.36
9731,2025-07-02 18:55:00,9486.4
9732,2025-07-02 19:00:00,9402.4
9733,2025-07-02 19:05:00,9394.35
9734,2025-07-02 19:10:00,9606.36
9735,2025-07-02 19:15:00,9614.36
9736,2025-07-02 19:20:00,9470.37
9737,2025-07-02 19:25:00,9422.4
9738,2025-07-02 19:30:00,9390.41
9739,2025-07-02 19:35:00,9346.38
9740,2025-07-02 19:40:00,9502.36
9741,2025-07-02 19:45:00,9554.37
9742,2025-07-02 19:50:00,9566.42
9743,2025-07-02 19:55:00,9570.37
9744,2025-07-02 20:00:00,9422.37
9745,2025-07-02 20:05:00,9334.42
9746,2025-07-02 20:10:00,9454.36
9747,2025-07-02 20:15:00,9378.39
9748,2025-07-02 20:20:00,9530.37
9749,2025-07-02 20:25:00,9562.37
9750,2025-07-02 20:30:00,9386.37
9751,2025-07-02 20:35:00,9438.38
9752,2025-07-02 20:40:00,9446.4
9753,2025-07-02 20:45:00,9590.38
9754,2025-07-02 20:50:00,9550.39
9755,2025-07-02 20:55:00,9422.37
9756,2025-07-02 21:00:00,9346.36
9757,2025-07-02 21:05:00,9350.42
9758,2025-07-02 21:10:00,9410.37
9759,2025-07-02 21:15:00,9570.4
9760,2025-07-02 21:20:00,9514.4
9761,2025-07-02 21:25:00,9586.38
9762,2025-07-02 21:30:00,9542.39
9763,2025-07-02 21:35:00,9630.39
9764,2025-07-02 21:40:00,9614.39
9765,2025-07-02 21:45:00,9398.39
9766,2025-07-02 21:50:00,9438.38
9767,2025-07-02 21:55:00,9462.39
9768,2025-07-02 22:00:00,9410.42
9769,2025-07-02 22:05:00,9406.39
9770,2025-07-02 22:10:00,9462.42
9771,2025-07-02 22:15:00,9506.37
9772,2025-07-02 22:20:00,9526.39
9773,2025-07-02 22:25:00,9550.38
9774,2025-07-02 22:30:00,9398.36
9775,2025-07-02 22:35:00,9350.36
9776,2025-07-02 22:40:00,9318.36
9777,2025-07-02 22:45:00,9430.36
9778,2025-07-02 22:50:00,9474.36
9779,2025-07-02 22:55:00,9210.39
9780,2025-07-02 23:00:00,9370.41
9781,2025-07-02 23:05:00,9230.35
9782,2025-07-02 23:10:00,9286.39
9783,2025-07-02 23:15:00,9210.39
9784,2025-07-02 23:20:00,9298.39
9785,2025-07-02 23:25:00,9246.39
9786,2025-07-02 23:30:00,9278.43
9787,2025-07-02 23:35:00,9262.39
9788,2025-07-02 23:40:00,9214.39
9789,2025-07-02 23:45:00,9302.39
9790,2025-07-02 23:50:00,9290.37
9791,2025-07-02 23:55:00,9282.36
9792,2025-07-03 00:00:00,9266.37
9793,2025-07-03 00:05:00,9214.38
9794,2025-07-03 00:10:00,9178.4
9795,2025-07-03 00:15:00,9294.38
9796,2025-07-03 00:20:00,9246.39
9797,2025-07-03 00:25:00,9322.38
9798,2025-07-03 00:30:00,9270.37
9799,2025-07-03 00:35:00,9262.39
9800,2025-07-03 00:40:00,9230.39
9801,2025-07-03 00:45:00,9222.4
9802,2025-07-03 00:50:00,9230.38
9803,2025-07-03 00:55:00,9270.36
9804,2025-07-03 01:00:00,9278.36
9805,2025-07-03 01:05:00,9242.37
9806,2025-07-03 01:10:00,9282.37
9807,2025-07-03 01:15:00,9218.41
9808,2025-07-03 01:20:00,9222.38
9809,2025-07-03 01:25:00,9218.39
9810,2025-07-03 01:30:00,9258.38
9811,2025-07-03 01:35:00,9254.4
9812,2025-07-03 01:40:00,9278.38
9813,2025-07-03 01:45:00,9238.4
9814,2025-07-03 01:50:00,9162.37
9815,2025-07-03 01:55:00,9294.4
9816,2025-07-03 02:00:00,9278.4
9817,2025-07-03 02:05:00,9218.38
9818,2025-07-03 02:10:00,9290.4
9819,2025-07-03 02:15:00,9298.41
9820,2025-07-03 02:20:00,9222.4
9821,2025-07-03 02:25:00,9182.38
9822,2025-07-03 02:30:00,9246.39
9823,2025-07-03 02:35:00,9278.39
9824,2025-07-03 02:40:00,9266.38
9825,2025-07-03 02:45:00,9234.38
9826,2025-07-03 02:50:00,9178.37
9827,2025-07-03 02:55:00,9270.41
9828,2025-07-03 03:00:00,9206.4
9829,2025-07-03 03:05:00,9218.39
9830,2025-07-03 03:10:00,9290.39
9831,2025-07-03 03:15:00,9234.38
9832,2025-07-03 03:20:00,9222.37
9833,2025-07-03 03:25:00,9202.36
9834,2025-07-03 03:30:00,9190.36
9835,2025-07-03 03:35:00,9238.38
9836,2025-07-03 03:40:00,9278.4
9837,2025-07-03 03:45:00,9242.41
9838,2025-07-03 03:50:00,9250.37
9839,2025-07-03 03:55:00,9150.38
9840,2025-07-03 04:00:00,9202.37
9841,2025-07-03 04:05:00,9166.4
9842,2025-07-03 04:10:00,9126.4
9843,2025-07-03 04:15:00,9162.38
9844,2025-07-03 04:20:00,9214.36
9845,2025-07-03 04:25:00,9202.38
9846,2025-07-03 04:30:00,9150.37
9847,2025-07-03 04:35:00,9130.39
9848,2025-07-03 04:40:00,9162.4
9849,2025-07-03 04:45:00,9082.4
9850,2025-07-03 04:50:00,9178.38
9851,2025-07-03 04:55:00,9166.37
9852,2025-07-03 05:00:00,9154.36
9853,2025-07-03 05:05:00,9154.38
9854,2025-07-03 05:10:00,9142.4
9855,2025-07-03 05:15:00,9162.4
9856,2025-07-03 05:20:00,9118.38
9857,2025-07-03 05:25:00,9178.38
9858,2025-07-03 05:30:00,9186.38
9859,2025-07-03 05:35:00,9194.35
9860,2025-07-03 05:40:00,9174.37
9861,2025-07-03 05:45:00,9118.38
9862,2025-07-03 05:50:00,9106.41
9863,2025-07-03 05:55:00,9126.39
9864,2025-07-03 06:00:00,9110.34
9865,2025-07-03 06:05:00,9126.37
9866,2025-07-03 06:10:00,9158.37
9867,2025-07-03 06:15:00,9066.38
9868,2025-07-03 06:20:00,9166.35
9869,2025-07-03 06:25:00,9162.36
9870,2025-07-03 06:30:00,9218.36
9871,2025-07-03 06:35:00,9134.35
9872,2025-07-03 06:40:00,9138.41
9873,2025-07-03 06:45:00,9170.36
9874,2025-07-03 06:50:00,9242.39
9875,2025-07-03 06:55:00,9318.38
9876,2025-07-03 07:00:00,9346.36
9877,2025-07-03 07:05:00,9198.42
9878,2025-07-03 07:10:00,9206.38
9879,2025-07-03 07:15:00,9278.41
9880,2025-07-03 07:20:00,9354.38
9881,2025-07-03 07:25:00,9254.36
9882,2025-07-03 07:30:00,9278.36
9883,2025-07-03 07:35:00,9210.35
9884,2025-07-03 07:40:00,9178.37
9885,2025-07-03 07:45:00,9050.38
9886,2025-07-03 07:50:00,9190.37
9887,2025-07-03 07:55:00,9102.41
9888,2025-07-03 08:00:00,9174.37
9889,2025-07-03 08:05:00,9134.36
9890,2025-07-03 08:10:00,9246.36
9891,2025-07-03 08:15:00,9010.37
9892,2025-07-03 08:20:00,9102.39
9893,2025-07-03 08:25:00,9002.36
9894,2025-07-03 08:30:00,9090.36
9895,2025-07-03 08:35:00,8938.39
9896,2025-07-03 08:40:00,9198.37
9897,2025-07-03 08:45:00,9022.38
9898,2025-07-03 08:50:00,9098.36
9899,2025-07-03 08:55:00,8926.380000000001
9900,2025-07-03 09:00:00,8846.36
9901,2025-07-03 09:05:00,8910.39
9902,2025-07-03 09:10:00,9106.38
9903,2025-07-03 09:15:00,9014.41
9904,2025-07-03 09:20:00,8998.36
9905,2025-07-03 09:25:00,9066.38
9906,2025-07-03 09:30:00,8986.380000000001
9907,2025-07-03 09:35:00,8934.4
9908,2025-07-03 09:40:00,9126.39
9909,2025-07-03 09:45:00,9022.41
9910,2025-07-03 09:50:00,9166.39
9911,2025-07-03 09:55:00,9322.38
9912,2025-07-03 10:00:00,9038.38
9913,2025-07-03 10:05:00,9046.35
9914,2025-07-03 10:10:00,9218.36
9915,2025-07-03 10:15:00,9182.37
9916,2025-07-03 10:20:00,9038.38
9917,2025-07-03 10:25:00,9362.42
9918,2025-07-03 10:30:00,9106.33
9919,2025-07-03 10:35:00,9146.38
9920,2025-07-03 10:40:00,9374.37
9921,2025-07-03 10:45:00,9278.36
9922,2025-07-03 10:50:00,9326.38
9923,2025-07-03 10:55:00,9290.36
9924,2025-07-03 11:00:00,9098.39
9925,2025-07-03 11:05:00,9046.37
9926,2025-07-03 11:10:00,9106.36
9927,2025-07-03 11:15:00,9110.36
9928,2025-07-03 11:20:00,9194.37
9929,2025-07-03 11:25:00,9222.39
9930,2025-07-03 11:30:00,9226.4
9931,2025-07-03 11:35:00,9238.39
9932,2025-07-03 11:40:00,9194.36
9933,2025-07-03 11:45:00,9162.4
9934,2025-07-03 11:50:00,9302.37
9935,2025-07-03 11:55:00,9282.4
9936,2025-07-03 12:00:00,9234.37
9937,2025-07-03 12:05:00,9178.39
9938,2025-07-03 12:10:00,9146.38
9939,2025-07-03 12:15:00,9190.39
9940,2025-07-03 12:20:00,9162.36
9941,2025-07-03 12:25:00,9138.35
9942,2025-07-03 12:30:00,9106.39
9943,2025-07-03 12:35:00,9110.4
9944,2025-07-03 12:40:00,9190.4
9945,2025-07-03 12:45:00,9154.37
9946,2025-07-03 12:50:00,9174.36
9947,2025-07-03 12:55:00,9146.37
9948,2025-07-03 13:00:00,9138.38
9949,2025-07-03 13:05:00,9142.37
9950,2025-07-03 13:10:00,9274.4
9951,2025-07-03 13:15:00,9206.39
9952,2025-07-03 13:20:00,9226.39
9953,2025-07-03 13:25:00,9222.36
9954,2025-07-03 13:30:00,9222.38
9955,2025-07-03 13:35:00,9246.43
9956,2025-07-03 13:40:00,9242.4
9957,2025-07-03 13:45:00,9246.37
9958,2025-07-03 13:50:00,9226.34
9959,2025-07-03 13:55:00,9230.37
9960,2025-07-03 14:00:00,9330.4
9961,2025-07-03 14:05:00,9378.38
9962,2025-07-03 14:10:00,9266.36
9963,2025-07-03 14:15:00,9406.36
9964,2025-07-03 14:20:00,9362.37
9965,2025-07-03 14:25:00,9270.35
9966,2025-07-03 14:30:00,9258.38
9967,2025-07-03 14:35:00,9338.39
9968,2025-07-03 14:40:00,9350.36
9969,2025-07-03 14:45:00,9338.36
9970,2025-07-03 14:50:00,9350.39
9971,2025-07-03 14:55:00,9310.38
9972,2025-07-03 15:00:00,9350.39
9973,2025-07-03 15:05:00,9286.38
9974,2025-07-03 15:10:00,9342.36
9975,2025-07-03 15:15:00,9342.38
9976,2025-07-03 15:20:00,9342.38
9977,2025-07-03 15:25:00,9342.38
9978,2025-07-03 15:30:00,9470.35
9979,2025-07-03 15:35:00,9454.38
9980,2025-07-03 15:40:00,9390.37
9981,2025-07-03 15:45:00,9438.39
9982,2025-07-03 15:50:00,9578.36
9983,2025-07-03 15:55:00,9506.36
9984,2025-07-03 16:00:00,9526.37
9985,2025-07-03 16:05:00,9462.38
9986,2025-07-03 16:10:00,9514.39
9987,2025-07-03 16:15:00,9382.39
9988,2025-07-03 16:20:00,9554.38
9989,2025-07-03 16:25:00,9606.34
9990,2025-07-03 16:30:00,9482.38
9991,2025-07-03 16:35:00,9494.39
9992,2025-07-03 16:40:00,9542.36
9993,2025-07-03 16:45:00,9482.39
9994,2025-07-03 16:50:00,9394.36
9995,2025-07-03 16:55:00,9430.36
9996,2025-07-03 17:00:00,9438.36
9997,2025-07-03 17:05:00,9658.38
9998,2025-07-03 17:10:00,9586.35
9999,2025-07-03 17:15:00,9630.39
10000,2025-07-03 17:20:00,9706.35
10001,2025-07-03 17:25:00,9534.37
10002,2025-07-03 17:30:00,9498.37
10003,2025-07-03 17:35:00,9386.41
10004,2025-07-03 17:40:00,9486.38
10005,2025-07-03 17:45:00,9502.38
10006,2025-07-03 17:50:00,9474.36
10007,2025-07-03 17:55:00,9382.38
10008,2025-07-03 18:00:00,9462.36
10009,2025-07-03 18:05:00,9382.38
10010,2025-07-03 18:10:00,9354.36
10011,2025-07-03 18:15:00,9342.37
10012,2025-07-03 18:20:00,9426.39
10013,2025-07-03 18:25:00,9370.37
10014,2025-07-03 18:30:00,9450.34
10015,2025-07-03 18:35:00,9370.36
10016,2025-07-03 18:40:00,9522.4
10017,2025-07-03 18:45:00,9486.38
10018,2025-07-03 18:50:00,9406.38
10019,2025-07-03 18:55:00,9498.38
10020,2025-07-03 19:00:00,9406.34
10021,2025-07-03 19:05:00,9598.34
10022,2025-07-03 19:10:00,9562.35
10023,2025-07-03 19:15:00,9478.33
10024,2025-07-03 19:20:00,9494.33
10025,2025-07-03 19:25:00,9630.38
10026,2025-07-03 19:30:00,9466.38
10027,2025-07-03 19:35:00,9606.37
10028,2025-07-03 19:40:00,9582.37
10029,2025-07-03 19:45:00,9582.37
10030,2025-07-03 19:50:00,9554.4
10031,2025-07-03 19:55:00,9358.33
10032,2025-07-03 20:00:00,9366.37
10033,2025-07-03 20:05:00,9434.36
10034,2025-07-03 20:10:00,9506.36
10035,2025-07-03 20:15:00,9502.35
10036,2025-07-03 20:20:00,9438.36
10037,2025-07-03 20:25:00,9438.36
10038,2025-07-03 20:30:00,9302.4
10039,2025-07-03 20:35:00,9330.37
10040,2025-07-03 20:40:00,9546.34
10041,2025-07-03 20:45:00,9518.36
10042,2025-07-03 20:50:00,9526.37
10043,2025-07-03 20:55:00,9386.38
10044,2025-07-03 21:00:00,9358.37
10045,2025-07-03 21:05:00,9354.36
10046,2025-07-03 21:10:00,9442.37
10047,2025-07-03 21:15:00,9386.35
10048,2025-07-03 21:20:00,9390.36
10049,2025-07-03 21:25:00,9410.41
10050,2025-07-03 21:30:00,9454.36
10051,2025-07-03 21:35:00,9374.37
10052,2025-07-03 21:40:00,9410.39
10053,2025-07-03 21:45:00,9394.38
10054,2025-07-03 21:50:00,9358.4
10055,2025-07-03 21:55:00,9314.36
10056,2025-07-03 22:00:00,9338.33
10057,2025-07-03 22:05:00,9350.38
10058,2025-07-03 22:10:00,9346.36
10059,2025-07-03 22:15:00,9290.36
10060,2025-07-03 22:20:00,9266.35
10061,2025-07-03 22:25:00,9282.37
10062,2025-07-03 22:30:00,9294.36
10063,2025-07-03 22:35:00,9314.37
10064,2025-07-03 22:40:00,9358.41
10065,2025-07-03 22:45:00,9446.35
10066,2025-07-03 22:50:00,9438.35
10067,2025-07-03 22:55:00,9454.42
10068,2025-07-03 23:00:00,9394.39
10069,2025-07-03 23:05:00,9326.36
10070,2025-07-03 23:10:00,9406.39
10071,2025-07-03 23:15:00,9426.33
10072,2025-07-03 23:20:00,9402.39
10073,2025-07-03 23:25:00,9378.35
10074,2025-07-03 23:30:00,9414.4
10075,2025-07-03 23:35:00,9378.35
10076,2025-07-03 23:40:00,9454.33
10077,2025-07-03 23:45:00,9390.39
10078,2025-07-03 23:50:00,9426.39
10079,2025-07-03 23:55:00,9318.33
10080,2025-07-04 00:00:00,9382.36
10081,2025-07-04 00:05:00,9430.38
10082,2025-07-04 00:10:00,9390.36
10083,2025-07-04 00:15:00,9410.34
10084,2025-07-04 00:20:00,9422.4
10085,2025-07-04 00:25:00,9366.38
10086,2025-07-04 00:30:00,9362.38
10087,2025-07-04 00:35:00,9446.38
10088,2025-07-04 00:40:00,9306.39
10089,2025-07-04 00:45:00,9330.38
10090,2025-07-04 00:50:00,9398.4
10091,2025-07-04 00:55:00,9334.37
10092,2025-07-04 01:00:00,9434.38
10093,2025-07-04 01:05:00,9398.36
10094,2025-07-04 01:10:00,9398.4
10095,2025-07-04 01:15:00,9350.36
10096,2025-07-04 01:20:00,9398.36
10097,2025-07-04 01:25:00,9350.34
10098,2025-07-04 01:30:00,9382.41
10099,2025-07-04 01:35:00,9354.36
10100,2025-07-04 01:40:00,9338.35
10101,2025-07-04 01:45:00,9386.36
10102,2025-07-04 01:50:00,9374.4
10103,2025-07-04 01:55:00,9382.38
10104,2025-07-04 02:00:00,9370.39
10105,2025-07-04 02:05:00,9414.38
10106,2025-07-04 02:10:00,9382.42
10107,2025-07-04 02:15:00,9374.36
10108,2025-07-04 02:20:00,9374.38
10109,2025-07-04 02:25:00,9350.36
10110,2025-07-04 02:30:00,9418.34
10111,2025-07-04 02:35:00,9418.37
10112,2025-07-04 02:40:00,9370.43
10113,2025-07-04 02:45:00,9358.36
10114,2025-07-04 02:50:00,9402.36
10115,2025-07-04 02:55:00,9394.38
10116,2025-07-04 03:00:00,9354.38
10117,2025-07-04 03:05:00,9402.37
10118,2025-07-04 03:10:00,9310.38
10119,2025-07-04 03:15:00,9390.38
10120,2025-07-04 03:20:00,9310.35
10121,2025-07-04 03:25:00,9358.37
10122,2025-07-04 03:30:00,9250.36
10123,2025-07-04 03:35:00,9318.38
10124,2025-07-04 03:40:00,9338.37
10125,2025-07-04 03:45:00,9366.36
10126,2025-07-04 03:50:00,9326.37
10127,2025-07-04 03:55:00,9406.35
10128,2025-07-04 04:00:00,9342.37
10129,2025-07-04 04:05:00,9338.37
10130,2025-07-04 04:10:00,9362.35
10131,2025-07-04 04:15:00,9338.41
10132,2025-07-04 04:20:00,9342.37
10133,2025-07-04 04:25:00,9206.36
10134,2025-07-04 04:30:00,9358.38
10135,2025-07-04 04:35:00,9342.38
10136,2025-07-04 04:40:00,9382.36
10137,2025-07-04 04:45:00,9378.44
10138,2025-07-04 04:50:00,9346.39
10139,2025-07-04 04:55:00,9214.39
10140,2025-07-04 05:00:00,9222.38
10141,2025-07-04 05:05:00,9266.38
10142,2025-07-04 05:10:00,9286.36
10143,2025-07-04 05:15:00,9350.37
10144,2025-07-04 05:20:00,9350.37
10145,2025-07-04 05:25:00,9362.42
10146,2025-07-04 05:30:00,9270.38
10147,2025-07-04 05:35:00,9182.38
10148,2025-07-04 05:40:00,9318.38
10149,2025-07-04 05:45:00,9466.4
10150,2025-07-04 05:50:00,9358.38
10151,2025-07-04 05:55:00,9330.36
10152,2025-07-04 06:00:00,9314.36
10153,2025-07-04 06:05:00,9570.35
10154,2025-07-04 06:10:00,9402.36
10155,2025-07-04 06:15:00,9262.41
10156,2025-07-04 06:20:00,9286.37
10157,2025-07-04 06:25:00,9270.36
10158,2025-07-04 06:30:00,9430.37
10159,2025-07-04 06:35:00,9646.39
10160,2025-07-04 06:40:00,9558.39
10161,2025-07-04 06:45:00,9602.39
10162,2025-07-04 06:50:00,9326.37
10163,2025-07-04 06:55:00,9362.38
10164,2025-07-04 07:00:00,9330.37
10165,2025-07-04 07:05:00,9326.45
10166,2025-07-04 07:10:00,9486.36
10167,2025-07-04 07:15:00,9398.37
10168,2025-07-04 07:20:00,9446.34
10169,2025-07-04 07:25:00,9478.37
10170,2025-07-04 07:30:00,9370.37
10171,2025-07-04 07:35:00,9258.4
10172,2025-07-04 07:40:00,9298.37
10173,2025-07-04 07:45:00,9458.38
10174,2025-07-04 07:50:00,9562.37
10175,2025-07-04 07:55:00,9338.37
10176,2025-07-04 08:00:00,9422.43
10177,2025-07-04 08:05:00,9442.38
10178,2025-07-04 08:10:00,9418.38
10179,2025-07-04 08:15:00,9278.39
10180,2025-07-04 08:20:00,9574.38
10181,2025-07-04 08:25:00,9458.37
10182,2025-07-04 08:30:00,9426.37
10183,2025-07-04 08:35:00,9406.37
10184,2025-07-04 08:40:00,9350.37
10185,2025-07-04 08:45:00,9298.38
10186,2025-07-04 08:50:00,9446.39
10187,2025-07-04 08:55:00,9390.37
10188,2025-07-04 09:00:00,9454.39
10189,2025-07-04 09:05:00,9258.37
10190,2025-07-04 09:10:00,9322.39
10191,2025-07-04 09:15:00,9274.39
10192,2025-07-04 09:20:00,9338.35
10193,2025-07-04 09:25:00,9306.37
10194,2025-07-04 09:30:00,9322.38
10195,2025-07-04 09:35:00,9494.37
10196,2025-07-04 09:40:00,9522.35
10197,2025-07-04 09:45:00,9562.4
10198,2025-07-04 09:50:00,9466.38
10199,2025-07-04 09:55:00,9426.36
10200,2025-07-04 10:00:00,9402.38
10201,2025-07-04 10:05:00,9422.38
10202,2025-07-04 10:10:00,9450.4
10203,2025-07-04 10:15:00,9454.38
10204,2025-07-04 10:20:00,9374.37
10205,2025-07-04 10:25:00,9458.37
10206,2025-07-04 10:30:00,9278.39
10207,2025-07-04 10:35:00,9370.35
10208,2025-07-04 10:40:00,9458.38
10209,2025-07-04 10:45:00,9330.36
10210,2025-07-04 10:50:00,9478.38
10211,2025-07-04 10:55:00,9498.37
10212,2025-07-04 11:00:00,9462.38
10213,2025-07-04 11:05:00,9354.38
10214,2025-07-04 11:10:00,9458.39
10215,2025-07-04 11:15:00,9426.4
10216,2025-07-04 11:20:00,9438.4
10217,2025-07-04 11:25:00,9382.38
10218,2025-07-04 11:30:00,9286.4
10219,2025-07-04 11:35:00,9274.37
10220,2025-07-04 11:40:00,9334.4
10221,2025-07-04 11:45:00,9306.38
10222,2025-07-04 11:50:00,9286.4
10223,2025-07-04 11:55:00,9310.41
10224,2025-07-04 12:00:00,9330.37
10225,2025-07-04 12:05:00,9258.4
10226,2025-07-04 12:10:00,9306.39
10227,2025-07-04 12:15:00,9238.4
10228,2025-07-04 12:20:00,9318.38
10229,2025-07-04 12:25:00,9394.37
10230,2025-07-04 12:30:00,9418.38
10231,2025-07-04 12:35:00,9334.38
10232,2025-07-04 12:40:00,9334.37
10233,2025-07-04 12:45:00,9378.39
10234,2025-07-04 12:50:00,9306.36
10235,2025-07-04 12:55:00,9354.38
10236,2025-07-04 13:00:00,9366.4
10237,2025-07-04 13:05:00,9314.38
10238,2025-07-04 13:10:00,9406.37
10239,2025-07-04 13:15:00,9374.38
10240,2025-07-04 13:20:00,9310.38
10241,2025-07-04 13:25:00,9350.39
10242,2025-07-04 13:30:00,9366.4
10243,2025-07-04 13:35:00,9330.37
10244,2025-07-04 13:40:00,9294.37
10245,2025-07-04 13:45:00,9378.36
10246,2025-07-04 13:50:00,9402.38
10247,2025-07-04 13:55:00,9386.37
10248,2025-07-04 14:00:00,9378.39
10249,2025-07-04 14:05:00,9326.37
10250,2025-07-04 14:10:00,9430.41
10251,2025-07-04 14:15:00,9466.38
10252,2025-07-04 14:20:00,9438.37
10253,2025-07-04 14:25:00,9642.37
10254,2025-07-04 14:30:00,9410.38
10255,2025-07-04 14:35:00,9454.41
10256,2025-07-04 14:40:00,9530.4
10257,2025-07-04 14:45:00,9474.35
10258,2025-07-04 14:50:00,9522.37
10259,2025-07-04 14:55:00,9550.39
10260,2025-07-04 15:00:00,9590.35
10261,2025-07-04 15:05:00,9578.41
10262,2025-07-04 15:10:00,9706.35
10263,2025-07-04 15:15:00,9566.37
10264,2025-07-04 15:20:00,9462.37
10265,2025-07-04 15:25:00,9606.37
10266,2025-07-04 15:30:00,9582.37
10267,2025-07-04 15:35:00,9518.39
10268,2025-07-04 15:40:00,9542.4
10269,2025-07-04 15:45:00,9482.36
10270,2025-07-04 15:50:00,9446.4
10271,2025-07-04 15:55:00,9342.37
10272,2025-07-04 16:00:00,9546.36
10273,2025-07-04 16:05:00,9438.37
10274,2025-07-04 16:10:00,9434.37
10275,2025-07-04 16:15:00,9454.38
10276,2025-07-04 16:20:00,9398.37
10277,2025-07-04 16:25:00,9730.36
10278,2025-07-04 16:30:00,9738.39
10279,2025-07-04 16:35:00,9894.37
10280,2025-07-04 16:40:00,9622.37
10281,2025-07-04 16:45:00,9582.37
10282,2025-07-04 16:50:00,9506.37
10283,2025-07-04 16:55:00,9418.37
10284,2025-07-04 17:00:00,9486.36
10285,2025-07-04 17:05:00,9638.39
10286,2025-07-04 17:10:00,9654.37
10287,2025-07-04 17:15:00,9674.4
10288,2025-07-04 17:20:00,9566.35
10289,2025-07-04 17:25:00,9566.35
10290,2025-07-04 17:30:00,9498.41
10291,2025-07-04 17:35:00,9574.36
10292,2025-07-04 17:40:00,9702.35
10293,2025-07-04 17:45:00,9622.36
10294,2025-07-04 17:50:00,9542.36
10295,2025-07-04 17:55:00,9418.39
10296,2025-07-04 18:00:00,9546.38
10297,2025-07-04 18:05:00,9506.38
10298,2025-07-04 18:10:00,9438.37
10299,2025-07-04 18:15:00,9486.38
10300,2025-07-04 18:20:00,9430.37
10301,2025-07-04 18:25:00,9506.34
10302,2025-07-04 18:30:00,9642.37
10303,2025-07-04 18:35:00,9450.37
10304,2025-07-04 18:40:00,9386.37
10305,2025-07-04 18:45:00,9454.39
10306,2025-07-04 18:50:00,9598.4
10307,2025-07-04 18:55:00,9630.38
10308,2025-07-04 19:00:00,9662.39
10309,2025-07-04 19:05:00,9582.37
10310,2025-07-04 19:10:00,9534.38
10311,2025-07-04 19:15:00,9474.36
10312,2025-07-04 19:20:00,9594.37
10313,2025-07-04 19:25:00,9598.39
10314,2025-07-04 19:30:00,9538.35
10315,2025-07-04 19:35:00,9586.37
10316,2025-07-04 19:40:00,9658.4
10317,2025-07-04 19:45:00,9490.37
10318,2025-07-04 19:50:00,9486.39
10319,2025-07-04 19:55:00,9650.4
10320,2025-07-04 20:00:00,9638.39
10321,2025-07-04 20:05:00,9534.37
10322,2025-07-04 20:10:00,9474.39
10323,2025-07-04 20:15:00,9426.4
10324,2025-07-04 20:20:00,9398.4
10325,2025-07-04 20:25:00,9562.4
10326,2025-07-04 20:30:00,9502.39
10327,2025-07-04 20:35:00,9458.37
10328,2025-07-04 20:40:00,9486.39
10329,2025-07-04 20:45:00,9566.37
10330,2025-07-04 20:50:00,9566.38
10331,2025-07-04 20:55:00,9486.37
10332,2025-07-04 21:00:00,9482.37
10333,2025-07-04 21:05:00,9462.38
10334,2025-07-04 21:10:00,9530.36
10335,2025-07-04 21:15:00,9662.36
10336,2025-07-04 21:20:00,9450.36
10337,2025-07-04 21:25:00,9366.36
10338,2025-07-04 21:30:00,9422.4
10339,2025-07-04 21:35:00,9438.4
10340,2025-07-04 21:40:00,9438.37
10341,2025-07-04 21:45:00,9398.39
10342,2025-07-04 21:50:00,9478.37
10343,2025-07-04 21:55:00,9490.4
10344,2025-07-04 22:00:00,9482.38
10345,2025-07-04 22:05:00,9426.39
10346,2025-07-04 22:10:00,9466.39
10347,2025-07-04 22:15:00,9438.36
10348,2025-07-04 22:20:00,9390.36
10349,2025-07-04 22:25:00,9390.41
10350,2025-07-04 22:30:00,9506.37
10351,2025-07-04 22:35:00,9554.38
10352,2025-07-04 22:40:00,9446.41
10353,2025-07-04 22:45:00,9522.37
10354,2025-07-04 22:50:00,9462.37
10355,2025-07-04 22:55:00,9522.37
10356,2025-07-04 23:00:00,9498.37
10357,2025-07-04 23:05:00,9530.34
10358,2025-07-04 23:10:00,9430.38
10359,2025-07-04 23:15:00,9446.38
10360,2025-07-04 23:20:00,9478.36
10361,2025-07-04 23:25:00,9450.38
10362,2025-07-04 23:30:00,9350.35
10363,2025-07-04 23:35:00,9462.39
10364,2025-07-04 23:40:00,9442.4
10365,2025-07-04 23:45:00,9538.39
10366,2025-07-04 23:50:00,9506.38
10367,2025-07-04 23:55:00,9466.35
10368,2025-07-05 00:00:00,9470.38
10369,2025-07-05 00:05:00,9490.35
10370,2025-07-05 00:10:00,9378.34
10371,2025-07-05 00:15:00,9358.4
10372,2025-07-05 00:20:00,9374.42
10373,2025-07-05 00:25:00,9318.37
10374,2025-07-05 00:30:00,9314.36
10375,2025-07-05 00:35:00,9462.38
10376,2025-07-05 00:40:00,9410.36
10377,2025-07-05 00:45:00,9430.4
10378,2025-07-05 00:50:00,9426.37
10379,2025-07-05 00:55:00,9438.38
10380,2025-07-05 01:00:00,9382.38
10381,2025-07-05 01:05:00,9406.39
10382,2025-07-05 01:10:00,9442.4
10383,2025-07-05 01:15:00,9434.4
10384,2025-07-05 01:20:00,9474.38
10385,2025-07-05 01:25:00,9442.37
10386,2025-07-05 01:30:00,9430.36
10387,2025-07-05 01:35:00,9406.39
10388,2025-07-05 01:40:00,9434.41
10389,2025-07-05 01:45:00,9478.4
10390,2025-07-05 01:50:00,9446.37
10391,2025-07-05 01:55:00,9454.34
10392,2025-07-05 02:00:00,9482.37
10393,2025-07-05 02:05:00,9454.36
10394,2025-07-05 02:10:00,9394.37
10395,2025-07-05 02:15:00,9394.4
10396,2025-07-05 02:20:00,9366.37
10397,2025-07-05 02:25:00,9298.37
10398,2025-07-05 02:30:00,9374.38
10399,2025-07-05 02:35:00,9342.37
10400,2025-07-05 02:40:00,9362.4
10401,2025-07-05 02:45:00,9378.37
10402,2025-07-05 02:50:00,9374.36
10403,2025-07-05 02:55:00,9378.37
10404,2025-07-05 03:00:00,9390.41
10405,2025-07-05 03:05:00,9474.37
10406,2025-07-05 03:10:00,9394.39
10407,2025-07-05 03:15:00,9394.39
10408,2025-07-05 03:20:00,9370.4
10409,2025-07-05 03:25:00,9382.4
10410,2025-07-05 03:30:00,9386.4
10411,2025-07-05 03:35:00,9374.36
10412,2025-07-05 03:40:00,9378.37
10413,2025-07-05 03:45:00,9330.4
10414,2025-07-05 03:50:00,9386.39
10415,2025-07-05 03:55:00,9418.36
10416,2025-07-05 04:00:00,9326.37
10417,2025-07-05 04:05:00,9346.4
10418,2025-07-05 04:10:00,9446.4
10419,2025-07-05 04:15:00,9394.43
10420,2025-07-05 04:20:00,9410.36
10421,2025-07-05 04:25:00,9410.38
10422,2025-07-05 04:30:00,9422.37
10423,2025-07-05 04:35:00,9370.39
10424,2025-07-05 04:40:00,9350.36
10425,2025-07-05 04:45:00,9338.37
10426,2025-07-05 04:50:00,9414.36
10427,2025-07-05 04:55:00,9410.38
10428,2025-07-05 05:00:00,9326.37
10429,2025-07-05 05:05:00,9502.36
10430,2025-07-05 05:10:00,9354.4
10431,2025-07-05 05:15:00,9566.38
10432,2025-07-05 05:20:00,9454.4
10433,2025-07-05 05:25:00,9438.36
10434,2025-07-05 05:30:00,9310.36
10435,2025-07-05 05:35:00,9462.38
10436,2025-07-05 05:40:00,9402.37
10437,2025-07-05 05:45:00,9442.38
10438,2025-07-05 05:50:00,9390.36
10439,2025-07-05 05:55:00,9306.38
10440,2025-07-05 06:00:00,9422.37
10441,2025-07-05 06:05:00,9426.36
10442,2025-07-05 06:10:00,9382.38
10443,2025-07-05 06:15:00,9434.39
10444,2025-07-05 06:20:00,9454.41
10445,2025-07-05 06:25:00,9426.37
10446,2025-07-05 06:30:00,9402.4
10447,2025-07-05 06:35:00,9310.39
10448,2025-07-05 06:40:00,9274.4
10449,2025-07-05 06:45:00,9354.38
10450,2025-07-05 06:50:00,9282.38
10451,2025-07-05 06:55:00,9438.38
10452,2025-07-05 07:00:00,9474.37
10453,2025-07-05 07:05:00,9490.37
10454,2025-07-05 07:10:00,9270.39
10455,2025-07-05 07:15:00,9418.36
10456,2025-07-05 07:20:00,9438.36
10457,2025-07-05 07:25:00,9478.37
10458,2025-07-05 07:30:00,9326.37
10459,2025-07-05 07:35:00,9362.37
10460,2025-07-05 07:40:00,9546.37
10461,2025-07-05 07:45:00,9554.39
10462,2025-07-05 07:50:00,9322.38
10463,2025-07-05 07:55:00,9606.39
10464,2025-07-05 08:00:00,9494.37
10465,2025-07-05 08:05:00,9314.38
10466,2025-07-05 08:10:00,9518.36
10467,2025-07-05 08:15:00,9394.36
10468,2025-07-05 08:20:00,9638.37
10469,2025-07-05 08:25:00,9482.34
10470,2025-07-05 08:30:00,9518.38
10471,2025-07-05 08:35:00,9294.37
10472,2025-07-05 08:40:00,9362.37
10473,2025-07-05 08:45:00,9366.36
10474,2025-07-05 08:50:00,9486.37
10475,2025-07-05 08:55:00,9482.36
10476,2025-07-05 09:00:00,9338.35
10477,2025-07-05 09:05:00,9434.41
10478,2025-07-05 09:10:00,9390.36
10479,2025-07-05 09:15:00,9370.38
10480,2025-07-05 09:20:00,9474.37
10481,2025-07-05 09:25:00,9390.38
10482,2025-07-05 09:30:00,9286.36
10483,2025-07-05 09:35:00,9522.38
10484,2025-07-05 09:40:00,9338.37
10485,2025-07-05 09:45:00,9350.39
10486,2025-07-05 09:50:00,9298.37
10487,2025-07-05 09:55:00,9418.35
10488,2025-07-05 10:00:00,9490.39
10489,2025-07-05 10:05:00,9454.36
10490,2025-07-05 10:10:00,9350.39
10491,2025-07-05 10:15:00,9330.39
10492,2025-07-05 10:20:00,9350.39
10493,2025-07-05 10:25:00,9510.36
10494,2025-07-05 10:30:00,9462.38
10495,2025-07-05 10:35:00,9430.37
10496,2025-07-05 10:40:00,9454.38
10497,2025-07-05 10:45:00,9390.38
10498,2025-07-05 10:50:00,9578.38
10499,2025-07-05 10:55:00,9498.39
10500,2025-07-05 11:00:00,9534.39
10501,2025-07-05 11:05:00,9446.38
10502,2025-07-05 11:10:00,9318.38
10503,2025-07-05 11:15:00,9378.4
10504,2025-07-05 11:20:00,9302.39
10505,2025-07-05 11:25:00,9294.37
10506,2025-07-05 11:30:00,9298.37
10507,2025-07-05 11:35:00,9290.37
10508,2025-07-05 11:40:00,9254.38
10509,2025-07-05 11:45:00,9310.37
10510,2025-07-05 11:50:00,9386.37
10511,2025-07-05 11:55:00,9230.39
10512,2025-07-05 12:00:00,9334.37
10513,2025-07-05 12:05:00,9306.39
10514,2025-07-05 12:10:00,9414.37
10515,2025-07-05 12:15:00,9330.37
10516,2025-07-05 12:20:00,9242.38
10517,2025-07-05 12:25:00,9378.41
10518,2025-07-05 12:30:00,9358.39
10519,2025-07-05 12:35:00,9390.37
10520,2025-07-05 12:40:00,9314.39
10521,2025-07-05 12:45:00,9346.37
10522,2025-07-05 12:50:00,9374.39
10523,2025-07-05 12:55:00,9298.37
10524,2025-07-05 13:00:00,9286.38
10525,2025-07-05 13:05:00,9294.39
10526,2025-07-05 13:10:00,9350.38
10527,2025-07-05 13:15:00,9418.39
10528,2025-07-05 13:20:00,9382.37
10529,2025-07-05 13:25:00,9294.37
10530,2025-07-05 13:30:00,9342.35
10531,2025-07-05 13:35:00,9370.39
10532,2025-07-05 13:40:00,9294.38
10533,2025-07-05 13:45:00,9298.35
10534,2025-07-05 13:50:00,9366.37
10535,2025-07-05 13:55:00,9338.38
10536,2025-07-05 14:00:00,9362.42
10537,2025-07-05 14:05:00,9406.39
10538,2025-07-05 14:10:00,9426.38
10539,2025-07-05 14:15:00,9382.39
10540,2025-07-05 14:20:00,9446.38
10541,2025-07-05 14:25:00,9402.37
10542,2025-07-05 14:30:00,9458.4
10543,2025-07-05 14:35:00,9434.37
10544,2025-07-05 14:40:00,9538.42
10545,2025-07-05 14:45:00,9574.37
10546,2025-07-05 14:50:00,9394.39
10547,2025-07-05 14:55:00,9550.4
10548,2025-07-05 15:00:00,9562.42
10549,2025-07-05 15:05:00,9650.38
10550,2025-07-05 15:10:00,9382.39
10551,2025-07-05 15:15:00,9494.36
10552,2025-07-05 15:20:00,9510.38
10553,2025-07-05 15:25:00,9430.42
10554,2025-07-05 15:30:00,9410.39
10555,2025-07-05 15:35:00,9426.42
10556,2025-07-05 15:40:00,9586.41
10557,2025-07-05 15:45:00,9638.39
10558,2025-07-05 15:50:00,9742.37
10559,2025-07-05 15:55:00,9510.4
10560,2025-07-05 16:00:00,9570.41
10561,2025-07-05 16:05:00,9722.41
10562,2025-07-05 16:10:00,9670.34
10563,2025-07-05 16:15:00,9662.39
10564,2025-07-05 16:20:00,9530.38
10565,2025-07-05 16:25:00,9454.37
10566,2025-07-05 16:30:00,9510.37
10567,2025-07-05 16:35:00,9578.38
10568,2025-07-05 16:40:00,9626.41
10569,2025-07-05 16:45:00,9574.4
10570,2025-07-05 16:50:00,9730.39
10571,2025-07-05 16:55:00,9486.41
10572,2025-07-05 17:00:00,9606.4
10573,2025-07-05 17:05:00,9590.38
10574,2025-07-05 17:10:00,9578.39
10575,2025-07-05 17:15:00,9602.39
10576,2025-07-05 17:20:00,9714.37
10577,2025-07-05 17:25:00,9710.4
10578,2025-07-05 17:30:00,9566.4
10579,2025-07-05 17:35:00,9402.38
10580,2025-07-05 17:40:00,9522.41
10581,2025-07-05 17:45:00,9570.41
10582,2025-07-05 17:50:00,9562.42
10583,2025-07-05 17:55:00,9642.37
10584,2025-07-05 18:00:00,9670.37
10585,2025-07-05 18:05:00,9522.4
10586,2025-07-05 18:10:00,9770.4
10587,2025-07-05 18:15:00,9622.36
10588,2025-07-05 18:20:00,9658.4
10589,2025-07-05 18:25:00,9638.38
10590,2025-07-05 18:30:00,9362.4
10591,2025-07-05 18:35:00,9474.41
10592,2025-07-05 18:40:00,9506.34
10593,2025-07-05 18:45:00,9534.43
10594,2025-07-05 18:50:00,9430.38
10595,2025-07-05 18:55:00,9582.39
10596,2025-07-05 19:00:00,9502.4
10597,2025-07-05 19:05:00,9534.36
10598,2025-07-05 19:10:00,9602.39
10599,2025-07-05 19:15:00,9398.37
10600,2025-07-05 19:20:00,9418.4
10601,2025-07-05 19:25:00,9494.36
10602,2025-07-05 19:30:00,9406.37
10603,2025-07-05 19:35:00,9374.38
10604,2025-07-05 19:40:00,9462.4
10605,2025-07-05 19:45:00,9374.37
10606,2025-07-05 19:50:00,9406.37
10607,2025-07-05 19:55:00,9414.36
10608,2025-07-05 20:00:00,9678.38
10609,2025-07-05 20:05:00,9466.42
10610,2025-07-05 20:10:00,9522.37
10611,2025-07-05 20:15:00,9386.39
10612,2025-07-05 20:20:00,9510.36
10613,2025-07-05 20:25:00,9474.39
10614,2025-07-05 20:30:00,9614.38
10615,2025-07-05 20:35:00,9514.36
10616,2025-07-05 20:40:00,9498.4
10617,2025-07-05 20:45:00,9490.39
10618,2025-07-05 20:50:00,9418.38
10619,2025-07-05 20:55:00,9446.42
10620,2025-07-05 21:00:00,9662.39
10621,2025-07-05 21:05:00,9550.39
10622,2025-07-05 21:10:00,9538.39
10623,2025-07-05 21:15:00,9434.39
10624,2025-07-05 21:20:00,9474.38
10625,2025-07-05 21:25:00,9466.4
10626,2025-07-05 21:30:00,9430.4
10627,2025-07-05 21:35:00,9382.36
10628,2025-07-05 21:40:00,9402.4
10629,2025-07-05 21:45:00,9394.38
10630,2025-07-05 21:50:00,9374.39
10631,2025-07-05 21:55:00,9386.38
10632,2025-07-05 22:00:00,9386.37
10633,2025-07-05 22:05:00,9458.37
10634,2025-07-05 22:10:00,9402.38
10635,2025-07-05 22:15:00,9414.4
10636,2025-07-05 22:20:00,9394.39
10637,2025-07-05 22:25:00,9430.44
10638,2025-07-05 22:30:00,9358.38
10639,2025-07-05 22:35:00,9462.38
10640,2025-07-05 22:40:00,9402.39
10641,2025-07-05 22:45:00,9450.36
10642,2025-07-05 22:50:00,9362.38
10643,2025-07-05 22:55:00,9418.39
10644,2025-07-05 23:00:00,9374.34
10645,2025-07-05 23:05:00,9342.35
10646,2025-07-05 23:10:00,9358.41
10647,2025-07-05 23:15:00,9418.37
10648,2025-07-05 23:20:00,9366.4
10649,2025-07-05 23:25:00,9394.38
10650,2025-07-05 23:30:00,9450.39
10651,2025-07-05 23:35:00,9402.38
10652,2025-07-05 23:40:00,9358.38
10653,2025-07-05 23:45:00,9434.36
10654,2025-07-05 23:50:00,9390.36
10655,2025-07-05 23:55:00,9290.38
10656,2025-07-06 00:00:00,9398.37
10657,2025-07-06 00:05:00,9446.35
10658,2025-07-06 00:10:00,9402.4
10659,2025-07-06 00:15:00,9370.4
10660,2025-07-06 00:20:00,9386.38
10661,2025-07-06 00:25:00,9282.36
10662,2025-07-06 00:30:00,9350.36
10663,2025-07-06 00:35:00,9406.37
10664,2025-07-06 00:40:00,9362.43
10665,2025-07-06 00:45:00,9390.37
10666,2025-07-06 00:50:00,9306.42
10667,2025-07-06 00:55:00,9386.36
10668,2025-07-06 01:00:00,9382.38
10669,2025-07-06 01:05:00,9418.4
10670,2025-07-06 01:10:00,9298.41
10671,2025-07-06 01:15:00,9314.39
10672,2025-07-06 01:20:00,9358.4
10673,2025-07-06 01:25:00,9290.39
10674,2025-07-06 01:30:00,9298.38
10675,2025-07-06 01:35:00,9278.36
10676,2025-07-06 01:40:00,9326.39
10677,2025-07-06 01:45:00,9378.36
10678,2025-07-06 01:50:00,9370.37
10679,2025-07-06 01:55:00,9322.4
10680,2025-07-06 02:00:00,9310.36
10681,2025-07-06 02:05:00,9254.38
10682,2025-07-06 02:10:00,9298.36
10683,2025-07-06 02:15:00,9250.38
10684,2025-07-06 02:20:00,9390.38
10685,2025-07-06 02:25:00,9178.36
10686,2025-07-06 02:30:00,9274.36
10687,2025-07-06 02:35:00,9290.39
10688,2025-07-06 02:40:00,9402.37
10689,2025-07-06 02:45:00,9338.39
10690,2025-07-06 02:50:00,9322.38
10691,2025-07-06 02:55:00,9310.4
10692,2025-07-06 03:00:00,9390.41
10693,2025-07-06 03:05:00,9326.4
10694,2025-07-06 03:10:00,9374.39
10695,2025-07-06 03:15:00,9326.36
10696,2025-07-06 03:20:00,9370.37
10697,2025-07-06 03:25:00,9398.36
10698,2025-07-06 03:30:00,9358.37
10699,2025-07-06 03:35:00,9342.39
10700,2025-07-06 03:40:00,9226.37
10701,2025-07-06 03:45:00,9346.39
10702,2025-07-06 03:50:00,9342.36
10703,2025-07-06 03:55:00,9338.37
10704,2025-07-06 04:00:00,9326.36
10705,2025-07-06 04:05:00,9354.37
10706,2025-07-06 04:10:00,9422.37
10707,2025-07-06 04:15:00,9366.4
10708,2025-07-06 04:20:00,9330.38
10709,2025-07-06 04:25:00,9298.36
10710,2025-07-06 04:30:00,9242.41
10711,2025-07-06 04:35:00,9314.4
10712,2025-07-06 04:40:00,9302.41
10713,2025-07-06 04:45:00,9334.4
10714,2025-07-06 04:50:00,9314.39
10715,2025-07-06 04:55:00,9354.4
10716,2025-07-06 05:00:00,9290.37
10717,2025-07-06 05:05:00,9338.42
10718,2025-07-06 05:10:00,9238.37
10719,2025-07-06 05:15:00,9362.38
10720,2025-07-06 05:20:00,9318.36
10721,2025-07-06 05:25:00,9302.36
10722,2025-07-06 05:30:00,9346.38
10723,2025-07-06 05:35:00,9206.38
10724,2025-07-06 05:40:00,9222.39
10725,2025-07-06 05:45:00,9306.41
10726,2025-07-06 05:50:00,9358.4
10727,2025-07-06 05:55:00,9306.38
10728,2025-07-06 06:00:00,9286.42
10729,2025-07-06 06:05:00,9282.38
10730,2025-07-06 06:10:00,9262.37
10731,2025-07-06 06:15:00,9270.37
10732,2025-07-06 06:20:00,9186.39
10733,2025-07-06 06:25:00,9510.39
10734,2025-07-06 06:30:00,9446.4
10735,2025-07-06 06:35:00,9430.39
10736,2025-07-06 06:40:00,9398.38
10737,2025-07-06 06:45:00,9402.36
10738,2025-07-06 06:50:00,9474.39
10739,2025-07-06 06:55:00,9514.41
10740,2025-07-06 07:00:00,9346.38
10741,2025-07-06 07:05:00,9298.37
10742,2025-07-06 07:10:00,9346.38
10743,2025-07-06 07:15:00,9550.38
10744,2025-07-06 07:20:00,9426.4
10745,2025-07-06 07:25:00,9490.42
10746,2025-07-06 07:30:00,9450.39
10747,2025-07-06 07:35:00,9314.4
10748,2025-07-06 07:40:00,9270.4
10749,2025-07-06 07:45:00,9282.4
10750,2025-07-06 07:50:00,9370.38
10751,2025-07-06 07:55:00,9462.4
10752,2025-07-06 08:00:00,9542.37
10753,2025-07-06 08:05:00,9618.4
10754,2025-07-06 08:10:00,9482.36
10755,2025-07-06 08:15:00,9450.38
10756,2025-07-06 08:20:00,9382.39
10757,2025-07-06 08:25:00,9406.38
10758,2025-07-06 08:30:00,9390.4
10759,2025-07-06 08:35:00,9450.4
10760,2025-07-06 08:40:00,9498.35
10761,2025-07-06 08:45:00,9510.37
10762,2025-07-06 08:50:00,9514.4
10763,2025-07-06 08:55:00,9438.4
10764,2025-07-06 09:00:00,9418.38
10765,2025-07-06 09:05:00,9322.38
10766,2025-07-06 09:10:00,9506.39
10767,2025-07-06 09:15:00,9502.41
10768,2025-07-06 09:20:00,9586.39
10769,2025-07-06 09:25:00,9574.34
10770,2025-07-06 09:30:00,9366.37
10771,2025-07-06 09:35:00,9418.42
10772,2025-07-06 09:40:00,9358.39
10773,2025-07-06 09:45:00,9366.39
10774,2025-07-06 09:50:00,9386.41
10775,2025-07-06 09:55:00,9510.39
10776,2025-07-06 10:00:00,9622.43
10777,2025-07-06 10:05:00,9650.36
10778,2025-07-06 10:10:00,9474.4
10779,2025-07-06 10:15:00,9394.38
10780,2025-07-06 10:20:00,9286.41
10781,2025-07-06 10:25:00,9258.41
10782,2025-07-06 10:30:00,9630.41
10783,2025-07-06 10:35:00,9298.37
10784,2025-07-06 10:40:00,9382.37
10785,2025-07-06 10:45:00,9306.39
10786,2025-07-06 10:50:00,9354.37
10787,2025-07-06 10:55:00,9314.4
10788,2025-07-06 11:00:00,9366.36
10789,2025-07-06 11:05:00,9346.38
10790,2025-07-06 11:10:00,9250.39
10791,2025-07-06 11:15:00,9214.38
10792,2025-07-06 11:20:00,9274.41
10793,2025-07-06 11:25:00,9370.37
10794,2025-07-06 11:30:00,9270.39
10795,2025-07-06 11:35:00,9322.39
10796,2025-07-06 11:40:00,9214.42
10797,2025-07-06 11:45:00,9298.38
10798,2025-07-06 11:50:00,9202.39
10799,2025-07-06 11:55:00,9126.4
10800,2025-07-06 12:00:00,9222.39
10801,2025-07-06 12:05:00,9278.41
10802,2025-07-06 12:10:00,9318.37
10803,2025-07-06 12:15:00,9286.38
10804,2025-07-06 12:20:00,9182.37
10805,2025-07-06 12:25:00,9186.39
10806,2025-07-06 12:30:00,9266.36
10807,2025-07-06 12:35:00,9302.37
10808,2025-07-06 12:40:00,9278.36
10809,2025-07-06 12:45:00,9198.35
10810,2025-07-06 12:50:00,9218.39
10811,2025-07-06 12:55:00,9254.37
10812,2025-07-06 13:00:00,9266.42
10813,2025-07-06 13:05:00,9282.36
10814,2025-07-06 13:10:00,9274.38
10815,2025-07-06 13:15:00,9234.38
10816,2025-07-06 13:20:00,9334.39
10817,2025-07-06 13:25:00,9326.38
10818,2025-07-06 13:30:00,9246.4
10819,2025-07-06 13:35:00,9278.38
10820,2025-07-06 13:40:00,9250.38
10821,2025-07-06 13:45:00,9298.39
10822,2025-07-06 13:50:00,9270.38
10823,2025-07-06 13:55:00,9270.36
10824,2025-07-06 14:00:00,9330.37
10825,2025-07-06 14:05:00,9338.41
10826,2025-07-06 14:10:00,9270.4
10827,2025-07-06 14:15:00,9222.37
10828,2025-07-06 14:20:00,9274.39
10829,2025-07-06 14:25:00,9310.41
10830,2025-07-06 14:30:00,9174.39
10831,2025-07-06 14:35:00,9274.38
10832,2025-07-06 14:40:00,9290.39
10833,2025-07-06 14:45:00,9510.41
10834,2025-07-06 14:50:00,9446.41
10835,2025-07-06 14:55:00,9322.42
10836,2025-07-06 15:00:00,9342.37
10837,2025-07-06 15:05:00,9478.4
10838,2025-07-06 15:10:00,9458.39
10839,2025-07-06 15:15:00,9566.38
10840,2025-07-06 15:20:00,9450.37
10841,2025-07-06 15:25:00,9518.39
10842,2025-07-06 15:30:00,9362.38
10843,2025-07-06 15:35:00,9306.38
10844,2025-07-06 15:40:00,9346.39
10845,2025-07-06 15:45:00,9662.37
10846,2025-07-06 15:50:00,9562.4
10847,2025-07-06 15:55:00,9334.42
10848,2025-07-06 16:00:00,9410.37
10849,2025-07-06 16:05:00,9414.37
10850,2025-07-06 16:10:00,9350.37
10851,2025-07-06 16:15:00,9394.39
10852,2025-07-06 16:20:00,9342.39
10853,2025-07-06 16:25:00,9510.38
10854,2025-07-06 16:30:00,9630.38
10855,2025-07-06 16:35:00,9466.41
10856,2025-07-06 16:40:00,9646.39
10857,2025-07-06 16:45:00,9302.43
10858,2025-07-06 16:50:00,9298.38
10859,2025-07-06 16:55:00,9394.36
10860,2025-07-06 17:00:00,9474.36
10861,2025-07-06 17:05:00,9498.39
10862,2025-07-06 17:10:00,9538.38
10863,2025-07-06 17:15:00,9462.42
10864,2025-07-06 17:20:00,9350.38
10865,2025-07-06 17:25:00,9338.35
10866,2025-07-06 17:30:00,9342.4
10867,2025-07-06 17:35:00,9446.39
10868,2025-07-06 17:40:00,9462.41
10869,2025-07-06 17:45:00,9174.39
10870,2025-07-06 17:50:00,9346.41
10871,2025-07-06 17:55:00,9302.41
10872,2025-07-06 18:00:00,9266.37
10873,2025-07-06 18:05:00,9242.36
10874,2025-07-06 18:10:00,9246.38
10875,2025-07-06 18:15:00,9250.38
10876,2025-07-06 18:20:00,9246.39
10877,2025-07-06 18:25:00,9310.36
10878,2025-07-06 18:30:00,9278.4
10879,2025-07-06 18:35:00,9250.39
10880,2025-07-06 18:40:00,9458.35
10881,2025-07-06 18:45:00,9382.38
10882,2025-07-06 18:50:00,9354.39
10883,2025-07-06 18:55:00,9322.38
10884,2025-07-06 19:00:00,9246.38
10885,2025-07-06 19:05:00,9430.37
10886,2025-07-06 19:10:00,9362.37
10887,2025-07-06 19:15:00,9338.36
10888,2025-07-06 19:20:00,9270.45
10889,2025-07-06 19:25:00,9274.37
10890,2025-07-06 19:30:00,9254.39
10891,2025-07-06 19:35:00,9386.35
10892,2025-07-06 19:40:00,9454.42
10893,2025-07-06 19:45:00,9350.39
10894,2025-07-06 19:50:00,9326.41
10895,2025-07-06 19:55:00,9162.39
10896,2025-07-06 20:00:00,9150.37
10897,2025-07-06 20:05:00,9242.42
10898,2025-07-06 20:10:00,9262.39
10899,2025-07-06 20:15:00,9410.36
10900,2025-07-06 20:20:00,9410.39
10901,2025-07-06 20:25:00,9434.43
10902,2025-07-06 20:30:00,9398.4
10903,2025-07-06 20:35:00,9302.38
10904,2025-07-06 20:40:00,9338.41
10905,2025-07-06 20:45:00,9250.43
10906,2025-07-06 20:50:00,9414.39
10907,2025-07-06 20:55:00,9430.39
10908,2025-07-06 21:00:00,9462.39
10909,2025-07-06 21:05:00,9418.39
10910,2025-07-06 21:10:00,9262.39
10911,2025-07-06 21:15:00,9362.41
10912,2025-07-06 21:20:00,9434.38
10913,2025-07-06 21:25:00,9482.41
10914,2025-07-06 21:30:00,9246.4
10915,2025-07-06 21:35:00,9202.39
10916,2025-07-06 21:40:00,9274.37
10917,2025-07-06 21:45:00,9282.38
10918,2025-07-06 21:50:00,9254.4
10919,2025-07-06 21:55:00,9350.37
10920,2025-07-06 22:00:00,9322.39
10921,2025-07-06 22:05:00,9254.35
10922,2025-07-06 22:10:00,9290.37
10923,2025-07-06 22:15:00,9254.39
10924,2025-07-06 22:20:00,9326.37
10925,2025-07-06 22:25:00,9210.37
10926,2025-07-06 22:30:00,9254.37
10927,2025-07-06 22:35:00,9234.36
10928,2025-07-06 22:40:00,9342.39
10929,2025-07-06 22:45:00,9270.39
10930,2025-07-06 22:50:00,9274.39
10931,2025-07-06 22:55:00,9302.38
10932,2025-07-06 23:00:00,9222.38
10933,2025-07-06 23:05:00,9186.39
10934,2025-07-06 23:10:00,9230.43
10935,2025-07-06 23:15:00,9278.39
10936,2025-07-06 23:20:00,9322.36
10937,2025-07-06 23:25:00,9306.38
10938,2025-07-06 23:30:00,9242.4
10939,2025-07-06 23:35:00,9314.37
10940,2025-07-06 23:40:00,9258.36
10941,2025-07-06 23:45:00,9230.39
10942,2025-07-06 23:50:00,9182.4
10943,2025-07-06 23:55:00,9210.43
10944,2025-07-07 00:00:00,9190.38
10945,2025-07-07 00:05:00,9226.39
10946,2025-07-07 00:10:00,9222.39
10947,2025-07-07 00:15:00,9278.39
10948,2025-07-07 00:20:00,9230.36
10949,2025-07-07 00:25:00,9182.42
10950,2025-07-07 00:30:00,9214.36
10951,2025-07-07 00:35:00,9234.39
10952,2025-07-07 00:40:00,9146.39
10953,2025-07-07 00:45:00,9226.39
10954,2025-07-07 00:50:00,9234.37
10955,2025-07-07 00:55:00,9206.37
10956,2025-07-07 01:00:00,9286.39
10957,2025-07-07 01:05:00,9218.41
10958,2025-07-07 01:10:00,9262.39
10959,2025-07-07 01:15:00,9242.39
10960,2025-07-07 01:20:00,9270.36
10961,2025-07-07 01:25:00,9274.37
10962,2025-07-07 01:30:00,9262.4
10963,2025-07-07 01:35:00,9310.37
10964,2025-07-07 01:40:00,9246.37
10965,2025-07-07 01:45:00,9190.39
10966,2025-07-07 01:50:00,9226.41
10967,2025-07-07 01:55:00,9194.43
10968,2025-07-07 02:00:00,9166.39
10969,2025-07-07 02:05:00,9134.37
10970,2025-07-07 02:10:00,9162.36
10971,2025-07-07 02:15:00,9194.39
10972,2025-07-07 02:20:00,9234.39
10973,2025-07-07 02:25:00,9078.39
10974,2025-07-07 02:30:00,9130.34
10975,2025-07-07 02:35:00,9150.37
10976,2025-07-07 02:40:00,9234.39
10977,2025-07-07 02:45:00,9270.39
10978,2025-07-07 02:50:00,9246.38
10979,2025-07-07 02:55:00,9270.38
10980,2025-07-07 03:00:00,9170.39
10981,2025-07-07 03:05:00,9230.39
10982,2025-07-07 03:10:00,9314.4
10983,2025-07-07 03:15:00,9266.41
10984,2025-07-07 03:20:00,9322.39
10985,2025-07-07 03:25:00,9282.4
10986,2025-07-07 03:30:00,9194.38
10987,2025-07-07 03:35:00,9238.39
10988,2025-07-07 03:40:00,9214.39
10989,2025-07-07 03:45:00,9154.4
10990,2025-07-07 03:50:00,9214.41
10991,2025-07-07 03:55:00,9178.41
10992,2025-07-07 04:00:00,9186.37
10993,2025-07-07 04:05:00,9202.39
10994,2025-07-07 04:10:00,9218.37
10995,2025-07-07 04:15:00,9242.37
10996,2025-07-07 04:20:00,9166.42
10997,2025-07-07 04:25:00,9262.39
10998,2025-07-07 04:30:00,9226.39
10999,2025-07-07 04:35:00,9206.4
11000,2025-07-07 04:40:00,9222.4
11001,2025-07-07 04:45:00,9154.39
11002,2025-07-07 04:50:00,9218.38
11003,2025-07-07 04:55:00,9166.4
11004,2025-07-07 05:00:00,9258.38
11005,2025-07-07 05:05:00,9174.4
11006,2025-07-07 05:10:00,9222.37
11007,2025-07-07 05:15:00,9198.38
11008,2025-07-07 05:20:00,9186.37
11009,2025-07-07 05:25:00,9302.38
11010,2025-07-07 05:30:00,9190.36
11011,2025-07-07 05:35:00,9294.36
11012,2025-07-07 05:40:00,9270.38
11013,2025-07-07 05:45:00,9142.38
11014,2025-07-07 05:50:00,9294.38
11015,2025-07-07 05:55:00,9214.39
11016,2025-07-07 06:00:00,9250.39
11017,2025-07-07 06:05:00,9146.4
11018,2025-07-07 06:10:00,9506.44
11019,2025-07-07 06:15:00,9318.42
11020,2025-07-07 06:20:00,9198.42
11021,2025-07-07 06:25:00,9250.4
11022,2025-07-07 06:30:00,9334.48
11023,2025-07-07 06:35:00,9218.42
11024,2025-07-07 06:40:00,9306.5
11025,2025-07-07 06:45:00,9370.41
11026,2025-07-07 06:50:00,9406.46
11027,2025-07-07 06:55:00,9414.43
11028,2025-07-07 07:00:00,9366.43
11029,2025-07-07 07:05:00,9354.4
11030,2025-07-07 07:10:00,9330.4
11031,2025-07-07 07:15:00,9378.42
11032,2025-07-07 07:20:00,9458.43
11033,2025-07-07 07:25:00,9442.4
11034,2025-07-07 07:30:00,9246.4
11035,2025-07-07 07:35:00,9210.42
11036,2025-07-07 07:40:00,9226.4
11037,2025-07-07 07:45:00,9294.39
11038,2025-07-07 07:50:00,9362.37
11039,2025-07-07 07:55:00,9386.39
11040,2025-07-07 08:00:00,9290.39
11041,2025-07-07 08:05:00,9250.39
11042,2025-07-07 08:10:00,9186.38
11043,2025-07-07 08:15:00,9370.4
11044,2025-07-07 08:20:00,9346.44
11045,2025-07-07 08:25:00,9266.41
11046,2025-07-07 08:30:00,9238.4
11047,2025-07-07 08:35:00,9182.4
11048,2025-07-07 08:40:00,9138.39
11049,2025-07-07 08:45:00,9226.39
11050,2025-07-07 08:50:00,9394.38
11051,2025-07-07 08:55:00,9406.39
11052,2025-07-07 09:00:00,9262.39
11053,2025-07-07 09:05:00,9202.36
11054,2025-07-07 09:10:00,9138.33
11055,2025-07-07 09:15:00,9274.38
11056,2025-07-07 09:20:00,9266.39
11057,2025-07-07 09:25:00,9382.38
11058,2025-07-07 09:30:00,9318.39
11059,2025-07-07 09:35:00,9406.43
11060,2025-07-07 09:40:00,9262.37
11061,2025-07-07 09:45:00,9306.43
11062,2025-07-07 09:50:00,9354.4
11063,2025-07-07 09:55:00,9334.42
11064,2025-07-07 10:00:00,9346.37
11065,2025-07-07 10:05:00,9462.4
11066,2025-07-07 10:10:00,9298.39
11067,2025-07-07 10:15:00,9382.41
11068,2025-07-07 10:20:00,9446.36
11069,2025-07-07 10:25:00,9366.39
11070,2025-07-07 10:30:00,9362.38
11071,2025-07-07 10:35:00,9262.36
11072,2025-07-07 10:40:00,9162.36
11073,2025-07-07 10:45:00,9238.38
11074,2025-07-07 10:50:00,9294.36
11075,2025-07-07 10:55:00,9310.39
11076,2025-07-07 11:00:00,9318.37
11077,2025-07-07 11:05:00,9342.42
11078,2025-07-07 11:10:00,9238.36
11079,2025-07-07 11:15:00,9262.4
11080,2025-07-07 11:20:00,9362.39
11081,2025-07-07 11:25:00,9350.39
11082,2025-07-07 11:30:00,9314.4
11083,2025-07-07 11:35:00,9278.4
11084,2025-07-07 11:40:00,9214.39
11085,2025-07-07 11:45:00,9278.4
11086,2025-07-07 11:50:00,9178.36
11087,2025-07-07 11:55:00,9230.37
11088,2025-07-07 12:00:00,9214.38
11089,2025-07-07 12:05:00,9290.37
11090,2025-07-07 12:10:00,9294.36
11091,2025-07-07 12:15:00,9258.38
11092,2025-07-07 12:20:00,9270.35
11093,2025-07-07 12:25:00,9298.35
11094,2025-07-07 12:30:00,9282.4
11095,2025-07-07 12:35:00,9258.36
11096,2025-07-07 12:40:00,9250.42
11097,2025-07-07 12:45:00,9294.38
11098,2025-07-07 12:50:00,9262.37
11099,2025-07-07 12:55:00,9190.35
11100,2025-07-07 13:00:00,9282.38
11101,2025-07-07 13:05:00,9246.35
11102,2025-07-07 13:10:00,9242.37
11103,2025-07-07 13:15:00,9310.41
11104,2025-07-07 13:20:00,9258.39
11105,2025-07-07 13:25:00,9246.36
11106,2025-07-07 13:30:00,9182.4
11107,2025-07-07 13:35:00,9306.38
11108,2025-07-07 13:40:00,9290.39
11109,2025-07-07 13:45:00,9206.39
11110,2025-07-07 13:50:00,9262.41
11111,2025-07-07 13:55:00,9218.37
11112,2025-07-07 14:00:00,9222.34
11113,2025-07-07 14:05:00,9274.35
11114,2025-07-07 14:10:00,9266.36
11115,2025-07-07 14:15:00,9326.39
11116,2025-07-07 14:20:00,9278.37
11117,2025-07-07 14:25:00,9378.36
11118,2025-07-07 14:30:00,9382.38
11119,2025-07-07 14:35:00,9538.37
11120,2025-07-07 14:40:00,9410.39
11121,2025-07-07 14:45:00,9278.39
11122,2025-07-07 14:50:00,9386.38
11123,2025-07-07 14:55:00,9458.4
11124,2025-07-07 15:00:00,9354.38
11125,2025-07-07 15:05:00,9522.37
11126,2025-07-07 15:10:00,9242.36
11127,2025-07-07 15:15:00,9266.36
11128,2025-07-07 15:20:00,9462.41
11129,2025-07-07 15:25:00,9482.36
11130,2025-07-07 15:30:00,9450.36
11131,2025-07-07 15:35:00,9490.39
11132,2025-07-07 15:40:00,9394.38
11133,2025-07-07 15:45:00,9302.39
11134,2025-07-07 15:50:00,9530.39
11135,2025-07-07 15:55:00,9398.35
11136,2025-07-07 16:00:00,9410.37
11137,2025-07-07 16:05:00,9614.39
11138,2025-07-07 16:10:00,9278.38
11139,2025-07-07 16:15:00,9402.41
11140,2025-07-07 16:20:00,9494.39
11141,2025-07-07 16:25:00,9522.41
11142,2025-07-07 16:30:00,9454.38
11143,2025-07-07 16:35:00,9618.36
11144,2025-07-07 16:40:00,9414.39
11145,2025-07-07 16:45:00,9562.35
11146,2025-07-07 16:50:00,9658.4
11147,2025-07-07 16:55:00,9642.41
11148,2025-07-07 17:00:00,9518.38
11149,2025-07-07 17:05:00,9614.4
11150,2025-07-07 17:10:00,9446.41
11151,2025-07-07 17:15:00,9438.38
11152,2025-07-07 17:20:00,9486.36
11153,2025-07-07 17:25:00,9578.38
11154,2025-07-07 17:30:00,9426.36
11155,2025-07-07 17:35:00,9498.39
11156,2025-07-07 17:40:00,9338.36
11157,2025-07-07 17:45:00,9446.41
11158,2025-07-07 17:50:00,9438.42
11159,2025-07-07 17:55:00,9706.37
11160,2025-07-07 18:00:00,9742.35
11161,2025-07-07 18:05:00,9434.4
11162,2025-07-07 18:10:00,9518.39
11163,2025-07-07 18:15:00,9350.38
11164,2025-07-07 18:20:00,9386.39
11165,2025-07-07 18:25:00,9398.39
11166,2025-07-07 18:30:00,9374.36
11167,2025-07-07 18:35:00,9474.41
11168,2025-07-07 18:40:00,9582.38
11169,2025-07-07 18:45:00,9542.37
11170,2025-07-07 18:50:00,9378.38
11171,2025-07-07 18:55:00,9410.4
11172,2025-07-07 19:00:00,9650.37
11173,2025-07-07 19:05:00,9642.36
11174,2025-07-07 19:10:00,9638.4
11175,2025-07-07 19:15:00,9590.4
11176,2025-07-07 19:20:00,9422.36
11177,2025-07-07 19:25:00,9358.34
11178,2025-07-07 19:30:00,9294.38
11179,2025-07-07 19:35:00,9562.42
11180,2025-07-07 19:40:00,9618.4
11181,2025-07-07 19:45:00,9382.4
11182,2025-07-07 19:50:00,9398.38
11183,2025-07-07 19:55:00,9330.37
11184,2025-07-07 20:00:00,9466.37
11185,2025-07-07 20:05:00,9430.39
11186,2025-07-07 20:10:00,9406.42
11187,2025-07-07 20:15:00,9482.41
11188,2025-07-07 20:20:00,9466.36
11189,2025-07-07 20:25:00,9530.36
11190,2025-07-07 20:30:00,9362.4
11191,2025-07-07 20:35:00,9426.37
11192,2025-07-07 20:40:00,9506.36
11193,2025-07-07 20:45:00,9534.37
11194,2025-07-07 20:50:00,9362.41
11195,2025-07-07 20:55:00,9350.37
11196,2025-07-07 21:00:00,9382.39
11197,2025-07-07 21:05:00,9366.41
11198,2025-07-07 21:10:00,9294.37
11199,2025-07-07 21:15:00,9310.37
11200,2025-07-07 21:20:00,9246.39
11201,2025-07-07 21:25:00,9294.39
11202,2025-07-07 21:30:00,9298.37
11203,2025-07-07 21:35:00,9322.38
11204,2025-07-07 21:40:00,9338.4
11205,2025-07-07 21:45:00,9310.39
11206,2025-07-07 21:50:00,9338.37
11207,2025-07-07 21:55:00,9326.36
11208,2025-07-07 22:00:00,9354.35
11209,2025-07-07 22:05:00,9354.36
11210,2025-07-07 22:10:00,9314.34
11211,2025-07-07 22:15:00,9394.37
11212,2025-07-07 22:20:00,9394.39
11213,2025-07-07 22:25:00,9402.36
11214,2025-07-07 22:30:00,9394.39
11215,2025-07-07 22:35:00,9354.41
11216,2025-07-07 22:40:00,9342.42
11217,2025-07-07 22:45:00,9334.37
11218,2025-07-07 22:50:00,9354.37
11219,2025-07-07 22:55:00,9366.35
11220,2025-07-07 23:00:00,9362.35
11221,2025-07-07 23:05:00,9374.37
11222,2025-07-07 23:10:00,9354.36
11223,2025-07-07 23:15:00,9350.39
11224,2025-07-07 23:20:00,9426.37
11225,2025-07-07 23:25:00,9330.39
11226,2025-07-07 23:30:00,9382.38
11227,2025-07-07 23:35:00,9342.37
11228,2025-07-07 23:40:00,9466.4
11229,2025-07-07 23:45:00,9350.39
11230,2025-07-07 23:50:00,9386.39
11231,2025-07-07 23:55:00,9410.41
11232,2025-07-08 00:00:00,9358.41
11233,2025-07-08 00:05:00,9350.42
11234,2025-07-08 00:10:00,9390.39
11235,2025-07-08 00:15:00,9362.36
11236,2025-07-08 00:20:00,9322.42
11237,2025-07-08 00:25:00,9414.42
11238,2025-07-08 00:30:00,9442.39
11239,2025-07-08 00:35:00,9334.38
11240,2025-07-08 00:40:00,9402.4
11241,2025-07-08 00:45:00,9390.37
11242,2025-07-08 00:50:00,9394.36
11243,2025-07-08 00:55:00,9346.41
11244,2025-07-08 01:00:00,9346.38
11245,2025-07-08 01:05:00,9370.38
11246,2025-07-08 01:10:00,9350.38
11247,2025-07-08 01:15:00,9326.41
11248,2025-07-08 01:20:00,9314.39
11249,2025-07-08 01:25:00,9258.39
11250,2025-07-08 01:30:00,9278.38
11251,2025-07-08 01:35:00,9354.38
11252,2025-07-08 01:40:00,9378.39
11253,2025-07-08 01:45:00,9354.38
11254,2025-07-08 01:50:00,9426.37
11255,2025-07-08 01:55:00,9322.37
11256,2025-07-08 02:00:00,9306.41
11257,2025-07-08 02:05:00,9362.42
11258,2025-07-08 02:10:00,9386.39
11259,2025-07-08 02:15:00,9318.39
11260,2025-07-08 02:20:00,9314.39
11261,2025-07-08 02:25:00,9366.41
11262,2025-07-08 02:30:00,9350.37
11263,2025-07-08 02:35:00,9330.39
11264,2025-07-08 02:40:00,9314.39
11265,2025-07-08 02:45:00,9314.36
11266,2025-07-08 02:50:00,9318.37
11267,2025-07-08 02:55:00,9362.37
11268,2025-07-08 03:00:00,9230.38
11269,2025-07-08 03:05:00,9262.36
11270,2025-07-08 03:10:00,9338.38
11271,2025-07-08 03:15:00,9306.36
11272,2025-07-08 03:20:00,9310.39
11273,2025-07-08 03:25:00,9298.37
11274,2025-07-08 03:30:00,9242.37
11275,2025-07-08 03:35:00,9322.39
11276,2025-07-08 03:40:00,9298.37
11277,2025-07-08 03:45:00,9274.38
11278,2025-07-08 03:50:00,9254.36
11279,2025-07-08 03:55:00,9226.38
11280,2025-07-08 04:00:00,9334.39
11281,2025-07-08 04:05:00,9278.39
11282,2025-07-08 04:10:00,9274.37
11283,2025-07-08 04:15:00,9286.39
11284,2025-07-08 04:20:00,9310.39
11285,2025-07-08 04:25:00,9254.41
11286,2025-07-08 04:30:00,9246.38
11287,2025-07-08 04:35:00,9338.37
11288,2025-07-08 04:40:00,9238.38
11289,2025-07-08 04:45:00,9266.38
11290,2025-07-08 04:50:00,9258.37
11291,2025-07-08 04:55:00,9270.39
11292,2025-07-08 05:00:00,9290.38
11293,2025-07-08 05:05:00,9270.37
11294,2025-07-08 05:10:00,9342.37
11295,2025-07-08 05:15:00,9370.34
11296,2025-07-08 05:20:00,9202.41
11297,2025-07-08 05:25:00,9306.38
11298,2025-07-08 05:30:00,9294.39
11299,2025-07-08 05:35:00,9310.37
11300,2025-07-08 05:40:00,9326.41
11301,2025-07-08 05:45:00,9374.37
11302,2025-07-08 05:50:00,9366.37
11303,2025-07-08 05:55:00,9414.37
11304,2025-07-08 06:00:00,9394.38
11305,2025-07-08 06:05:00,9602.37
11306,2025-07-08 06:10:00,9310.36
11307,2025-07-08 06:15:00,9378.37
11308,2025-07-08 06:20:00,9410.38
11309,2025-07-08 06:25:00,9306.42
11310,2025-07-08 06:30:00,9382.38
11311,2025-07-08 06:35:00,9330.38
11312,2025-07-08 06:40:00,9386.38
11313,2025-07-08 06:45:00,9402.37
11314,2025-07-08 06:50:00,9814.36
11315,2025-07-08 06:55:00,9710.37
11316,2025-07-08 07:00:00,9522.36
11317,2025-07-08 07:05:00,9518.39
11318,2025-07-08 07:10:00,9330.38
11319,2025-07-08 07:15:00,9450.37
11320,2025-07-08 07:20:00,9346.36
11321,2025-07-08 07:25:00,9458.38
11322,2025-07-08 07:30:00,9566.39
11323,2025-07-08 07:35:00,9334.38
11324,2025-07-08 07:40:00,9354.37
11325,2025-07-08 07:45:00,9450.37
11326,2025-07-08 07:50:00,9386.39
11327,2025-07-08 07:55:00,9410.37
11328,2025-07-08 08:00:00,9378.37
11329,2025-07-08 08:05:00,9374.38
11330,2025-07-08 08:10:00,9574.38
11331,2025-07-08 08:15:00,9486.4
11332,2025-07-08 08:20:00,9550.37
11333,2025-07-08 08:25:00,9442.41
11334,2025-07-08 08:30:00,9354.39
11335,2025-07-08 08:35:00,9274.41
11336,2025-07-08 08:40:00,9342.4
11337,2025-07-08 08:45:00,9226.4
11338,2025-07-08 08:50:00,9286.41
11339,2025-07-08 08:55:00,9314.41
11340,2025-07-08 09:00:00,9438.39
11341,2025-07-08 09:05:00,9374.41
11342,2025-07-08 09:10:00,9346.39
11343,2025-07-08 09:15:00,9250.41
11344,2025-07-08 09:20:00,9274.37
11345,2025-07-08 09:25:00,9478.39
11346,2025-07-08 09:30:00,9358.39
11347,2025-07-08 09:35:00,9434.42
11348,2025-07-08 09:40:00,9282.37
11349,2025-07-08 09:45:00,9214.38
11350,2025-07-08 09:50:00,9214.39
11351,2025-07-08 09:55:00,9230.39
11352,2025-07-08 10:00:00,9374.35
11353,2025-07-08 10:05:00,9390.39
11354,2025-07-08 10:10:00,9450.37
11355,2025-07-08 10:15:00,9378.39
11356,2025-07-08 10:20:00,9278.37
11357,2025-07-08 10:25:00,9250.35
11358,2025-07-08 10:30:00,9378.35
11359,2025-07-08 10:35:00,9362.37
11360,2025-07-08 10:40:00,9414.39
11361,2025-07-08 10:45:00,9438.37
11362,2025-07-08 10:50:00,9346.4
11363,2025-07-08 10:55:00,9366.37
11364,2025-07-08 11:00:00,9306.38
11365,2025-07-08 11:05:00,9494.37
11366,2025-07-08 11:10:00,9410.39
11367,2025-07-08 11:15:00,9334.44
11368,2025-07-08 11:20:00,9330.4
11369,2025-07-08 11:25:00,9242.37
11370,2025-07-08 11:30:00,9314.36
11371,2025-07-08 11:35:00,9306.4
11372,2025-07-08 11:40:00,9302.37
11373,2025-07-08 11:45:00,9274.35
11374,2025-07-08 11:50:00,9182.37
11375,2025-07-08 11:55:00,9162.39
11376,2025-07-08 12:00:00,9218.37
11377,2025-07-08 12:05:00,9202.37
11378,2025-07-08 12:10:00,9218.37
11379,2025-07-08 12:15:00,9218.39
11380,2025-07-08 12:20:00,9234.37
11381,2025-07-08 12:25:00,9218.4
11382,2025-07-08 12:30:00,9198.39
11383,2025-07-08 12:35:00,9258.39
11384,2025-07-08 12:40:00,9202.38
11385,2025-07-08 12:45:00,9166.37
11386,2025-07-08 12:50:00,9198.38
11387,2025-07-08 12:55:00,9162.37
11388,2025-07-08 13:00:00,9210.39
11389,2025-07-08 13:05:00,9218.39
11390,2025-07-08 13:10:00,9282.37
11391,2025-07-08 13:15:00,9410.4
11392,2025-07-08 13:20:00,9318.38
11393,2025-07-08 13:25:00,9446.39
11394,2025-07-08 13:30:00,9602.41
11395,2025-07-08 13:35:00,9346.36
11396,2025-07-08 13:40:00,9326.41
11397,2025-07-08 13:45:00,9538.39
11398,2025-07-08 13:50:00,9442.39
11399,2025-07-08 13:55:00,9626.41
11400,2025-07-08 14:00:00,9550.39
11401,2025-07-08 14:05:00,9458.36
11402,2025-07-08 14:10:00,9374.4
11403,2025-07-08 14:15:00,9570.4
11404,2025-07-08 14:20:00,9634.41
11405,2025-07-08 14:25:00,9538.41
11406,2025-07-08 14:30:00,9470.37
11407,2025-07-08 14:35:00,9462.43
11408,2025-07-08 14:40:00,9658.39
11409,2025-07-08 14:45:00,9742.36
11410,2025-07-08 14:50:00,9618.38
11411,2025-07-08 14:55:00,9662.41
11412,2025-07-08 15:00:00,9474.38
11413,2025-07-08 15:05:00,9422.35
11414,2025-07-08 15:10:00,9586.39
11415,2025-07-08 15:15:00,9486.39
11416,2025-07-08 15:20:00,9494.39
11417,2025-07-08 15:25:00,9714.38
11418,2025-07-08 15:30:00,9510.37
11419,2025-07-08 15:35:00,9510.37
11420,2025-07-08 15:40:00,9434.4
11421,2025-07-08 15:45:00,9478.36
11422,2025-07-08 15:50:00,9614.39
11423,2025-07-08 15:55:00,9654.38
11424,2025-07-08 16:00:00,9546.38
11425,2025-07-08 16:05:00,9602.39
11426,2025-07-08 16:10:00,9426.38
11427,2025-07-08 16:15:00,9374.38
11428,2025-07-08 16:20:00,9594.36
11429,2025-07-08 16:25:00,9554.37
11430,2025-07-08 16:30:00,9602.4
11431,2025-07-08 16:35:00,9618.38
11432,2025-07-08 16:40:00,9518.38
11433,2025-07-08 16:45:00,9538.39
11434,2025-07-08 16:50:00,9650.39
11435,2025-07-08 16:55:00,9686.37
11436,2025-07-08 17:00:00,9650.39
11437,2025-07-08 17:05:00,9526.37
11438,2025-07-08 17:10:00,9542.39
11439,2025-07-08 17:15:00,9586.39
11440,2025-07-08 17:20:00,9602.36
11441,2025-07-08 17:25:00,9722.4
11442,2025-07-08 17:30:00,9802.38
11443,2025-07-08 17:35:00,9678.37
11444,2025-07-08 17:40:00,9494.37
11445,2025-07-08 17:45:00,9482.37
11446,2025-07-08 17:50:00,9494.39
11447,2025-07-08 17:55:00,9478.39
11448,2025-07-08 18:00:00,9470.36
11449,2025-07-08 18:05:00,9490.36
11450,2025-07-08 18:10:00,9438.38
11451,2025-07-08 18:15:00,9386.37
11452,2025-07-08 18:20:00,9510.44
11453,2025-07-08 18:25:00,9478.38
11454,2025-07-08 18:30:00,9418.39
11455,2025-07-08 18:35:00,9442.41
11456,2025-07-08 18:40:00,9550.36
11457,2025-07-08 18:45:00,9498.39
11458,2025-07-08 18:50:00,9446.39
11459,2025-07-08 18:55:00,9422.36
11460,2025-07-08 19:00:00,9426.4
11461,2025-07-08 19:05:00,9438.39
11462,2025-07-08 19:10:00,9486.38
11463,2025-07-08 19:15:00,9406.38
11464,2025-07-08 19:20:00,9358.38
11465,2025-07-08 19:25:00,9486.36
11466,2025-07-08 19:30:00,9454.36
11467,2025-07-08 19:35:00,9450.38
11468,2025-07-08 19:40:00,9438.39
11469,2025-07-08 19:45:00,9402.38
11470,2025-07-08 19:50:00,9442.39
11471,2025-07-08 19:55:00,9434.42
11472,2025-07-08 20:00:00,9398.36
11473,2025-07-08 20:05:00,9394.39
11474,2025-07-08 20:10:00,9506.37
11475,2025-07-08 20:15:00,9478.39
11476,2025-07-08 20:20:00,9466.36
11477,2025-07-08 20:25:00,9466.4
11478,2025-07-08 20:30:00,9454.38
11479,2025-07-08 20:35:00,9550.36
11480,2025-07-08 20:40:00,9530.38
11481,2025-07-08 20:45:00,9462.37
11482,2025-07-08 20:50:00,9406.38
11483,2025-07-08 20:55:00,9422.36
11484,2025-07-08 21:00:00,9462.39
11485,2025-07-08 21:05:00,9494.41
11486,2025-07-08 21:10:00,9526.36
11487,2025-07-08 21:15:00,9458.36
11488,2025-07-08 21:20:00,9482.39
11489,2025-07-08 21:25:00,9502.37
11490,2025-07-08 21:30:00,9414.36
11491,2025-07-08 21:35:00,9410.36
11492,2025-07-08 21:40:00,9538.39
11493,2025-07-08 21:45:00,9550.41
11494,2025-07-08 21:50:00,9510.35
11495,2025-07-08 21:55:00,9538.39
11496,2025-07-08 22:00:00,9426.36
11497,2025-07-08 22:05:00,9434.35
11498,2025-07-08 22:10:00,9250.37
11499,2025-07-08 22:15:00,9254.43
11500,2025-07-08 22:20:00,9254.38
11501,2025-07-08 22:25:00,9290.41
11502,2025-07-08 22:30:00,9342.41
11503,2025-07-08 22:35:00,9306.39
11504,2025-07-08 22:40:00,9338.37
11505,2025-07-08 22:45:00,9230.38
11506,2025-07-08 22:50:00,9258.41
11507,2025-07-08 22:55:00,9198.38
11508,2025-07-08 23:00:00,9298.38
11509,2025-07-08 23:05:00,9218.38
11510,2025-07-08 23:10:00,9338.33
11511,2025-07-08 23:15:00,9234.39
11512,2025-07-08 23:20:00,9310.38
11513,2025-07-08 23:25:00,9290.36
11514,2025-07-08 23:30:00,9274.38
11515,2025-07-08 23:35:00,9238.38
11516,2025-07-08 23:40:00,9258.38
11517,2025-07-08 23:45:00,9162.39
11518,2025-07-08 23:50:00,9226.37
11519,2025-07-08 23:55:00,9154.4
11520,2025-07-09 00:00:00,9174.41
11521,2025-07-09 00:05:00,9286.39
11522,2025-07-09 00:10:00,9230.43
11523,2025-07-09 00:15:00,9206.36
11524,2025-07-09 00:20:00,9262.4
11525,2025-07-09 00:25:00,9250.35
11526,2025-07-09 00:30:00,9218.38
11527,2025-07-09 00:35:00,9234.38
11528,2025-07-09 00:40:00,9266.36
11529,2025-07-09 00:45:00,9250.41
11530,2025-07-09 00:50:00,9198.36
11531,2025-07-09 00:55:00,9246.4
11532,2025-07-09 01:00:00,9274.36
11533,2025-07-09 01:05:00,9270.37
11534,2025-07-09 01:10:00,9306.36
11535,2025-07-09 01:15:00,9238.38
11536,2025-07-09 01:20:00,9202.37
11537,2025-07-09 01:25:00,9322.37
11538,2025-07-09 01:30:00,9330.36
11539,2025-07-09 01:35:00,9290.34
11540,2025-07-09 01:40:00,9374.35
11541,2025-07-09 01:45:00,9350.42
11542,2025-07-09 01:50:00,9314.34
11543,2025-07-09 01:55:00,9338.35
11544,2025-07-09 02:00:00,9322.36
11545,2025-07-09 02:05:00,9294.38
11546,2025-07-09 02:10:00,9326.38
11547,2025-07-09 02:15:00,9358.36
11548,2025-07-09 02:20:00,9354.41
11549,2025-07-09 02:25:00,9298.4
11550,2025-07-09 02:30:00,9226.39
11551,2025-07-09 02:35:00,9254.36
11552,2025-07-09 02:40:00,9298.36
11553,2025-07-09 02:45:00,9310.38
11554,2025-07-09 02:50:00,9202.36
11555,2025-07-09 02:55:00,9206.38
11556,2025-07-09 03:00:00,9274.37
11557,2025-07-09 03:05:00,9270.4
11558,2025-07-09 03:10:00,9198.36
11559,2025-07-09 03:15:00,9286.38
11560,2025-07-09 03:20:00,9298.41
11561,2025-07-09 03:25:00,9270.36
11562,2025-07-09 03:30:00,9282.38
11563,2025-07-09 03:35:00,9270.36
11564,2025-07-09 03:40:00,9214.35
11565,2025-07-09 03:45:00,9258.36
11566,2025-07-09 03:50:00,9274.37
11567,2025-07-09 03:55:00,9286.38
11568,2025-07-09 04:00:00,9198.36
11569,2025-07-09 04:05:00,9254.4
11570,2025-07-09 04:10:00,9226.37
11571,2025-07-09 04:15:00,9278.35
11572,2025-07-09 04:20:00,9250.36
11573,2025-07-09 04:25:00,9218.37
11574,2025-07-09 04:30:00,9214.37
11575,2025-07-09 04:35:00,9178.41
11576,2025-07-09 04:40:00,9214.38
11577,2025-07-09 04:45:00,9214.36
11578,2025-07-09 04:50:00,9194.37
11579,2025-07-09 04:55:00,9262.38
11580,2025-07-09 05:00:00,9246.38
11581,2025-07-09 05:05:00,9218.39
11582,2025-07-09 05:10:00,9178.36
11583,2025-07-09 05:15:00,9194.42
11584,2025-07-09 05:20:00,9154.36
11585,2025-07-09 05:25:00,9198.41
11586,2025-07-09 05:30:00,9166.38
11587,2025-07-09 05:35:00,9326.38
11588,2025-07-09 05:40:00,9122.42
11589,2025-07-09 05:45:00,9198.41
11590,2025-07-09 05:50:00,9110.37
11591,2025-07-09 05:55:00,9202.38
11592,2025-07-09 06:00:00,9150.38
11593,2025-07-09 06:05:00,9170.38
11594,2025-07-09 06:10:00,9262.39
11595,2025-07-09 06:15:00,9218.37
11596,2025-07-09 06:20:00,9210.4
11597,2025-07-09 06:25:00,9290.39
11598,2025-07-09 06:30:00,9182.37
11599,2025-07-09 06:35:00,9214.38
11600,2025-07-09 06:40:00,9226.39
11601,2025-07-09 06:45:00,9118.42
11602,2025-07-09 06:50:00,9146.37
11603,2025-07-09 06:55:00,9250.41
11604,2025-07-09 07:00:00,9282.41
11605,2025-07-09 07:05:00,9282.44
11606,2025-07-09 07:10:00,9342.38
11607,2025-07-09 07:15:00,9234.38
11608,2025-07-09 07:20:00,9226.41
11609,2025-07-09 07:25:00,9190.44
11610,2025-07-09 07:30:00,9294.39
11611,2025-07-09 07:35:00,9270.36
11612,2025-07-09 07:40:00,9206.39
11613,2025-07-09 07:45:00,9186.37
11614,2025-07-09 07:50:00,9238.38
11615,2025-07-09 07:55:00,9310.36
11616,2025-07-09 08:00:00,9262.38
11617,2025-07-09 08:05:00,9250.45
11618,2025-07-09 08:10:00,9174.4
11619,2025-07-09 08:15:00,9294.41
11620,2025-07-09 08:20:00,9278.38
11621,2025-07-09 08:25:00,9318.43
11622,2025-07-09 08:30:00,9342.38
11623,2025-07-09 08:35:00,9142.4
11624,2025-07-09 08:40:00,9238.37
11625,2025-07-09 08:45:00,9266.41
11626,2025-07-09 08:50:00,9238.37
11627,2025-07-09 08:55:00,9242.34
11628,2025-07-09 09:00:00,9146.38
11629,2025-07-09 09:05:00,9326.38
11630,2025-07-09 09:10:00,9270.36
11631,2025-07-09 09:15:00,9170.42
11632,2025-07-09 09:20:00,9330.39
11633,2025-07-09 09:25:00,9278.38
11634,2025-07-09 09:30:00,9194.39
11635,2025-07-09 09:35:00,9226.38
11636,2025-07-09 09:40:00,9122.41
11637,2025-07-09 09:45:00,9190.4
11638,2025-07-09 09:50:00,9210.36
11639,2025-07-09 09:55:00,9210.42
11640,2025-07-09 10:00:00,9346.38
11641,2025-07-09 10:05:00,9218.41
11642,2025-07-09 10:10:00,9290.37
11643,2025-07-09 10:15:00,9250.37
11644,2025-07-09 10:20:00,9282.38
11645,2025-07-09 10:25:00,9202.38
11646,2025-07-09 10:30:00,9206.38
11647,2025-07-09 10:35:00,9218.35
11648,2025-07-09 10:40:00,9310.4
11649,2025-07-09 10:45:00,9250.36
11650,2025-07-09 10:50:00,9282.4
11651,2025-07-09 10:55:00,9206.35
11652,2025-07-09 11:00:00,9278.38
11653,2025-07-09 11:05:00,9350.36
11654,2025-07-09 11:10:00,9394.37
11655,2025-07-09 11:15:00,9382.42
11656,2025-07-09 11:20:00,9406.38
11657,2025-07-09 11:25:00,9374.45
11658,2025-07-09 11:30:00,9386.35
11659,2025-07-09 11:35:00,9430.38
11660,2025-07-09 11:40:00,9398.39
11661,2025-07-09 11:45:00,9494.39
11662,2025-07-09 11:50:00,9350.36
11663,2025-07-09 11:55:00,9362.37
11664,2025-07-09 12:00:00,9414.42
11665,2025-07-09 12:05:00,9390.38
11666,2025-07-09 12:10:00,9454.38
11667,2025-07-09 12:15:00,9406.36
11668,2025-07-09 12:20:00,9338.39
11669,2025-07-09 12:25:00,9418.37
11670,2025-07-09 12:30:00,9442.42
11671,2025-07-09 12:35:00,9434.4
11672,2025-07-09 12:40:00,9426.36
11673,2025-07-09 12:45:00,9466.36
11674,2025-07-09 12:50:00,9482.38
11675,2025-07-09 12:55:00,9438.39
11676,2025-07-09 13:00:00,9486.4
11677,2025-07-09 13:05:00,9522.38
11678,2025-07-09 13:10:00,9522.37
11679,2025-07-09 13:15:00,9626.42
11680,2025-07-09 13:20:00,9638.39
11681,2025-07-09 13:25:00,9434.36
11682,2025-07-09 13:30:00,9430.36
11683,2025-07-09 13:35:00,9546.38
11684,2025-07-09 13:40:00,9502.37
11685,2025-07-09 13:45:00,9390.41
11686,2025-07-09 13:50:00,9462.38
11687,2025-07-09 13:55:00,9446.36
11688,2025-07-09 14:00:00,9454.42
11689,2025-07-09 14:05:00,9438.4
11690,2025-07-09 14:10:00,9458.39
11691,2025-07-09 14:15:00,9522.39
11692,2025-07-09 14:20:00,9538.38
11693,2025-07-09 14:25:00,9486.41
11694,2025-07-09 14:30:00,9506.41
11695,2025-07-09 14:35:00,9558.38
11696,2025-07-09 14:40:00,9434.39
11697,2025-07-09 14:45:00,9546.41
11698,2025-07-09 14:50:00,9462.41
11699,2025-07-09 14:55:00,9526.38
11700,2025-07-09 15:00:00,9474.36
11701,2025-07-09 15:05:00,9510.4
11702,2025-07-09 15:10:00,9446.38
11703,2025-07-09 15:15:00,9386.39
11704,2025-07-09 15:20:00,9382.37
11705,2025-07-09 15:25:00,9534.39
11706,2025-07-09 15:30:00,9554.36
11707,2025-07-09 15:35:00,9530.4
11708,2025-07-09 15:40:00,9478.36
11709,2025-07-09 15:45:00,9426.35
11710,2025-07-09 15:50:00,9482.41
11711,2025-07-09 15:55:00,9506.38
11712,2025-07-09 16:00:00,9438.39
11713,2025-07-09 16:05:00,9470.37
11714,2025-07-09 16:10:00,9450.4
11715,2025-07-09 16:15:00,9342.36
11716,2025-07-09 16:20:00,9514.42
11717,2025-07-09 16:25:00,9666.42
11718,2025-07-09 16:30:00,9494.37
11719,2025-07-09 16:35:00,9362.41
11720,2025-07-09 16:40:00,9474.4
11721,2025-07-09 16:45:00,9426.39
11722,2025-07-09 16:50:00,9474.41
11723,2025-07-09 16:55:00,9478.39
11724,2025-07-09 17:00:00,9610.36
11725,2025-07-09 17:05:00,9570.38
11726,2025-07-09 17:10:00,9510.38
11727,2025-07-09 17:15:00,9490.39
11728,2025-07-09 17:20:00,9470.41
11729,2025-07-09 17:25:00,9554.38
11730,2025-07-09 17:30:00,9474.4
11731,2025-07-09 17:35:00,9630.38
11732,2025-07-09 17:40:00,9690.38
11733,2025-07-09 17:45:00,9562.39
11734,2025-07-09 17:50:00,9474.44
11735,2025-07-09 17:55:00,9470.36
11736,2025-07-09 18:00:00,9498.39
11737,2025-07-09 18:05:00,9566.41
11738,2025-07-09 18:10:00,9506.36
11739,2025-07-09 18:15:00,9542.39
11740,2025-07-09 18:20:00,9522.38
11741,2025-07-09 18:25:00,9622.36
11742,2025-07-09 18:30:00,9490.41
11743,2025-07-09 18:35:00,9710.4
11744,2025-07-09 18:40:00,9618.38
11745,2025-07-09 18:45:00,9462.41
11746,2025-07-09 18:50:00,9466.38
11747,2025-07-09 18:55:00,9474.38
11748,2025-07-09 19:00:00,9642.39
11749,2025-07-09 19:05:00,9610.39
11750,2025-07-09 19:10:00,9502.4
11751,2025-07-09 19:15:00,9486.38
11752,2025-07-09 19:20:00,9442.4
11753,2025-07-09 19:25:00,9518.38
11754,2025-07-09 19:30:00,9414.38
11755,2025-07-09 19:35:00,9614.37
11756,2025-07-09 19:40:00,9594.36
11757,2025-07-09 19:45:00,9482.36
11758,2025-07-09 19:50:00,9558.37
11759,2025-07-09 19:55:00,9478.38
11760,2025-07-09 20:00:00,9454.39
11761,2025-07-09 20:05:00,9446.4
11762,2025-07-09 20:10:00,9466.43
11763,2025-07-09 20:15:00,9622.41
11764,2025-07-09 20:20:00,9722.37
11765,2025-07-09 20:25:00,9582.36
11766,2025-07-09 20:30:00,9654.37
11767,2025-07-09 20:35:00,9442.36
11768,2025-07-09 20:40:00,9478.35
11769,2025-07-09 20:45:00,9498.37
11770,2025-07-09 20:50:00,9502.4
11771,2025-07-09 20:55:00,9538.37
11772,2025-07-09 21:00:00,9434.36
11773,2025-07-09 21:05:00,9554.37
11774,2025-07-09 21:10:00,9546.42
11775,2025-07-09 21:15:00,9450.39
11776,2025-07-09 21:20:00,9422.39
11777,2025-07-09 21:25:00,9494.36
11778,2025-07-09 21:30:00,9422.37
11779,2025-07-09 21:35:00,9438.36
11780,2025-07-09 21:40:00,9510.4
11781,2025-07-09 21:45:00,9502.38
11782,2025-07-09 21:50:00,9498.4
11783,2025-07-09 21:55:00,9506.38
11784,2025-07-09 22:00:00,9522.36
11785,2025-07-09 22:05:00,9446.39
11786,2025-07-09 22:10:00,9526.42
11787,2025-07-09 22:15:00,9522.42
11788,2025-07-09 22:20:00,9506.38
11789,2025-07-09 22:25:00,9514.37
11790,2025-07-09 22:30:00,9578.35
11791,2025-07-09 22:35:00,9466.38
11792,2025-07-09 22:40:00,9550.38
11793,2025-07-09 22:45:00,9510.41
11794,2025-07-09 22:50:00,9550.4
11795,2025-07-09 22:55:00,9494.36
11796,2025-07-09 23:00:00,9482.4
11797,2025-07-09 23:05:00,9454.41
11798,2025-07-09 23:10:00,9450.38
11799,2025-07-09 23:15:00,9466.38
11800,2025-07-09 23:20:00,9478.37
11801,2025-07-09 23:25:00,9502.41
11802,2025-07-09 23:30:00,9478.42
11803,2025-07-09 23:35:00,9454.39
11804,2025-07-09 23:40:00,9502.39
11805,2025-07-09 23:45:00,9402.39
11806,2025-07-09 23:50:00,9490.38
11807,2025-07-09 23:55:00,9454.38
11808,2025-07-10 00:00:00,9534.4
11809,2025-07-10 00:05:00,9530.37
11810,2025-07-10 00:10:00,9502.39
11811,2025-07-10 00:15:00,9530.44
11812,2025-07-10 00:20:00,9518.38
11813,2025-07-10 00:25:00,9466.39
11814,2025-07-10 00:30:00,9506.37
11815,2025-07-10 00:35:00,9554.36
11816,2025-07-10 00:40:00,9494.36
11817,2025-07-10 00:45:00,9538.39
11818,2025-07-10 00:50:00,9582.4
11819,2025-07-10 00:55:00,9502.39
11820,2025-07-10 01:00:00,9606.36
11821,2025-07-10 01:05:00,9582.34
11822,2025-07-10 01:10:00,9526.36
11823,2025-07-10 01:15:00,9594.39
11824,2025-07-10 01:20:00,9526.38
11825,2025-07-10 01:25:00,9562.39
11826,2025-07-10 01:30:00,9502.39
11827,2025-07-10 01:35:00,9478.41
11828,2025-07-10 01:40:00,9542.42
11829,2025-07-10 01:45:00,9546.41
11830,2025-07-10 01:50:00,9534.42
11831,2025-07-10 01:55:00,9494.39
11832,2025-07-10 02:00:00,9454.39
11833,2025-07-10 02:05:00,9486.36
11834,2025-07-10 02:10:00,9498.39
11835,2025-07-10 02:15:00,9450.38
11836,2025-07-10 02:20:00,9446.4
11837,2025-07-10 02:25:00,9450.41
11838,2025-07-10 02:30:00,9430.33
11839,2025-07-10 02:35:00,9470.37
11840,2025-07-10 02:40:00,9442.36
11841,2025-07-10 02:45:00,9518.36
11842,2025-07-10 02:50:00,9410.38
11843,2025-07-10 02:55:00,9382.36
11844,2025-07-10 03:00:00,9410.38
11845,2025-07-10 03:05:00,9394.38
11846,2025-07-10 03:10:00,9486.39
11847,2025-07-10 03:15:00,9490.39
11848,2025-07-10 03:20:00,9426.4
11849,2025-07-10 03:25:00,9482.38
11850,2025-07-10 03:30:00,9458.38
11851,2025-07-10 03:35:00,9514.41
11852,2025-07-10 03:40:00,9478.38
11853,2025-07-10 03:45:00,9506.39
11854,2025-07-10 03:50:00,9462.38
11855,2025-07-10 03:55:00,9430.38
11856,2025-07-10 04:00:00,9526.38
11857,2025-07-10 04:05:00,9470.38
11858,2025-07-10 04:10:00,9502.36
11859,2025-07-10 04:15:00,9514.38
11860,2025-07-10 04:20:00,9554.39
11861,2025-07-10 04:25:00,9550.39
11862,2025-07-10 04:30:00,9466.38
11863,2025-07-10 04:35:00,9498.36
11864,2025-07-10 04:40:00,9534.4
11865,2025-07-10 04:45:00,9474.4
11866,2025-07-10 04:50:00,9482.38
11867,2025-07-10 04:55:00,9482.38
11868,2025-07-10 05:00:00,9494.35
11869,2025-07-10 05:05:00,9494.38
11870,2025-07-10 05:10:00,9502.39
11871,2025-07-10 05:15:00,9582.36
11872,2025-07-10 05:20:00,9414.38
11873,2025-07-10 05:25:00,9418.4
11874,2025-07-10 05:30:00,9590.37
11875,2025-07-10 05:35:00,9510.37
11876,2025-07-10 05:40:00,9570.4
11877,2025-07-10 05:45:00,9530.41
11878,2025-07-10 05:50:00,9666.39
11879,2025-07-10 05:55:00,9502.38
11880,2025-07-10 06:00:00,9538.39
11881,2025-07-10 06:05:00,9418.34
11882,2025-07-10 06:10:00,9574.37
11883,2025-07-10 06:15:00,9738.38
11884,2025-07-10 06:20:00,9638.38
11885,2025-07-10 06:25:00,9782.39
11886,2025-07-10 06:30:00,9542.38
11887,2025-07-10 06:35:00,9650.36
11888,2025-07-10 06:40:00,9658.38
11889,2025-07-10 06:45:00,9586.38
11890,2025-07-10 06:50:00,9662.39
11891,2025-07-10 06:55:00,9730.41
11892,2025-07-10 07:00:00,9546.37
11893,2025-07-10 07:05:00,9786.37
11894,2025-07-10 07:10:00,9598.38
11895,2025-07-10 07:15:00,9606.38
11896,2025-07-10 07:20:00,9726.38
11897,2025-07-10 07:25:00,9610.39
11898,2025-07-10 07:30:00,9686.41
11899,2025-07-10 07:35:00,9590.37
11900,2025-07-10 07:40:00,9658.41
11901,2025-07-10 07:45:00,9834.38
11902,2025-07-10 07:50:00,9654.36
11903,2025-07-10 07:55:00,9686.37
11904,2025-07-10 08:00:00,9474.37
11905,2025-07-10 08:05:00,9526.38
11906,2025-07-10 08:10:00,9650.36
11907,2025-07-10 08:15:00,9634.36
11908,2025-07-10 08:20:00,9534.4
11909,2025-07-10 08:25:00,9482.42
11910,2025-07-10 08:30:00,9514.38
11911,2025-07-10 08:35:00,9434.36
11912,2025-07-10 08:40:00,9458.39
11913,2025-07-10 08:45:00,9566.41
11914,2025-07-10 08:50:00,9582.41
11915,2025-07-10 08:55:00,9498.39
11916,2025-07-10 09:00:00,9454.38
11917,2025-07-10 09:05:00,9550.44
11918,2025-07-10 09:10:00,9474.36
11919,2025-07-10 09:15:00,9790.38
11920,2025-07-10 09:20:00,9714.38
11921,2025-07-10 09:25:00,9706.39
11922,2025-07-10 09:30:00,9546.41
11923,2025-07-10 09:35:00,9594.37
11924,2025-07-10 09:40:00,9482.38
11925,2025-07-10 09:45:00,9762.39
11926,2025-07-10 09:50:00,9550.38
11927,2025-07-10 09:55:00,9694.37
11928,2025-07-10 10:00:00,9778.37
11929,2025-07-10 10:05:00,9674.44
11930,2025-07-10 10:10:00,9630.38
11931,2025-07-10 10:15:00,9734.4
11932,2025-07-10 10:20:00,9678.4
11933,2025-07-10 10:25:00,9738.39
11934,2025-07-10 10:30:00,9770.35
11935,2025-07-10 10:35:00,9614.41
11936,2025-07-10 10:40:00,9466.41
11937,2025-07-10 10:45:00,9658.37
11938,2025-07-10 10:50:00,9814.38
11939,2025-07-10 10:55:00,9678.39
11940,2025-07-10 11:00:00,9714.38
11941,2025-07-10 11:05:00,9610.38
11942,2025-07-10 11:10:00,9478.37
11943,2025-07-10 11:15:00,9598.39
11944,2025-07-10 11:20:00,9590.38
11945,2025-07-10 11:25:00,9454.42
11946,2025-07-10 11:30:00,9526.38
11947,2025-07-10 11:35:00,9494.38
11948,2025-07-10 11:40:00,9414.38
11949,2025-07-10 11:45:00,9518.37
11950,2025-07-10 11:50:00,9586.38
11951,2025-07-10 11:55:00,9426.38
11952,2025-07-10 12:00:00,9450.41
11953,2025-07-10 12:05:00,9426.36
11954,2025-07-10 12:10:00,9478.47
11955,2025-07-10 12:15:00,9526.38
11956,2025-07-10 12:20:00,9526.36
11957,2025-07-10 12:25:00,9450.39
11958,2025-07-10 12:30:00,9510.38
11959,2025-07-10 12:35:00,9462.37
11960,2025-07-10 12:40:00,9554.4
11961,2025-07-10 12:45:00,9498.37
11962,2025-07-10 12:50:00,9430.41
11963,2025-07-10 12:55:00,9494.47
11964,2025-07-10 13:00:00,9382.36
11965,2025-07-10 13:05:00,9462.41
11966,2025-07-10 13:10:00,9538.38
11967,2025-07-10 13:15:00,9538.39
11968,2025-07-10 13:20:00,9554.4
11969,2025-07-10 13:25:00,9538.36
11970,2025-07-10 13:30:00,9530.37
11971,2025-07-10 13:35:00,9618.38
11972,2025-07-10 13:40:00,9526.4
11973,2025-07-10 13:45:00,9406.38
11974,2025-07-10 13:50:00,9546.37
11975,2025-07-10 13:55:00,9554.41
11976,2025-07-10 14:00:00,9738.38
11977,2025-07-10 14:05:00,9534.35
11978,2025-07-10 14:10:00,9534.36
11979,2025-07-10 14:15:00,9554.38
11980,2025-07-10 14:20:00,9798.39
11981,2025-07-10 14:25:00,9686.4
11982,2025-07-10 14:30:00,9686.38
11983,2025-07-10 14:35:00,9762.37
11984,2025-07-10 14:40:00,9758.4
11985,2025-07-10 14:45:00,9454.4
11986,2025-07-10 14:50:00,9634.4
11987,2025-07-10 14:55:00,9682.39
11988,2025-07-10 15:00:00,9594.4
11989,2025-07-10 15:05:00,9654.39
11990,2025-07-10 15:10:00,9442.36
11991,2025-07-10 15:15:00,9578.35
11992,2025-07-10 15:20:00,9694.39
11993,2025-07-10 15:25:00,9634.39
11994,2025-07-10 15:30:00,9566.37
11995,2025-07-10 15:35:00,9598.41
11996,2025-07-10 15:40:00,9622.38
11997,2025-07-10 15:45:00,9702.41
11998,2025-07-10 15:50:00,9806.39
11999,2025-07-10 15:55:00,9630.4
12000,2025-07-10 16:00:00,9574.37
12001,2025-07-10 16:05:00,9786.39
12002,2025-07-10 16:10:00,9658.39
12003,2025-07-10 16:15:00,9610.43
12004,2025-07-10 16:20:00,9558.38
12005,2025-07-10 16:25:00,9630.39
12006,2025-07-10 16:30:00,9570.38
12007,2025-07-10 16:35:00,9478.37
12008,2025-07-10 16:40:00,9130.41
12009,2025-07-10 16:45:00,9434.42
12010,2025-07-10 16:50:00,9330.37
12011,2025-07-10 16:55:00,9542.39
12012,2025-07-10 17:00:00,9802.42
12013,2025-07-10 17:05:00,9518.39
12014,2025-07-10 17:10:00,9614.39
12015,2025-07-10 17:15:00,9522.37
12016,2025-07-10 17:20:00,9546.41
12017,2025-07-10 17:25:00,9550.37
12018,2025-07-10 17:30:00,9654.4
12019,2025-07-10 17:35:00,9586.38
12020,2025-07-10 17:40:00,9726.38
12021,2025-07-10 17:45:00,9434.41
12022,2025-07-10 17:50:00,9674.38
12023,2025-07-10 17:55:00,9758.36
12024,2025-07-10 18:00:00,9786.35
12025,2025-07-10 18:05:00,9598.37
12026,2025-07-10 18:10:00,9530.39
12027,2025-07-10 18:15:00,9538.35
12028,2025-07-10 18:20:00,9590.39
12029,2025-07-10 18:25:00,9606.39
12030,2025-07-10 18:30:00,9686.39
12031,2025-07-10 18:35:00,9530.4
12032,2025-07-10 18:40:00,9586.43
12033,2025-07-10 18:45:00,9570.38
12034,2025-07-10 18:50:00,9654.37
12035,2025-07-10 18:55:00,9706.37
12036,2025-07-10 19:00:00,9722.37
12037,2025-07-10 19:05:00,9718.36
12038,2025-07-10 19:10:00,9674.38
12039,2025-07-10 19:15:00,9754.37
12040,2025-07-10 19:20:00,9634.39
12041,2025-07-10 19:25:00,9594.35
12042,2025-07-10 19:30:00,9638.4
12043,2025-07-10 19:35:00,9822.37
12044,2025-07-10 19:40:00,9642.4
12045,2025-07-10 19:45:00,9738.36
12046,2025-07-10 19:50:00,9798.37
12047,2025-07-10 19:55:00,9678.41
12048,2025-07-10 20:00:00,9702.38
12049,2025-07-10 20:05:00,9806.37
12050,2025-07-10 20:10:00,9650.41
12051,2025-07-10 20:15:00,9610.39
12052,2025-07-10 20:20:00,9578.38
12053,2025-07-10 20:25:00,9654.39
12054,2025-07-10 20:30:00,9742.36
12055,2025-07-10 20:35:00,9634.36
12056,2025-07-10 20:40:00,9550.38
12057,2025-07-10 20:45:00,9774.41
12058,2025-07-10 20:50:00,9718.38
12059,2025-07-10 20:55:00,9618.39
12060,2025-07-10 21:00:00,9614.38
12061,2025-07-10 21:05:00,9522.39
12062,2025-07-10 21:10:00,9610.35
12063,2025-07-10 21:15:00,9546.39
12064,2025-07-10 21:20:00,9550.36
12065,2025-07-10 21:25:00,9586.37
12066,2025-07-10 21:30:00,9574.41
12067,2025-07-10 21:35:00,9374.34
12068,2025-07-10 21:40:00,9358.39
12069,2025-07-10 21:45:00,9406.36
12070,2025-07-10 21:50:00,9386.37
12071,2025-07-10 21:55:00,9414.34
12072,2025-07-10 22:00:00,9402.36
12073,2025-07-10 22:05:00,9430.4
12074,2025-07-10 22:10:00,9394.37
12075,2025-07-10 22:15:00,9394.38
12076,2025-07-10 22:20:00,9430.38
12077,2025-07-10 22:25:00,9442.37
12078,2025-07-10 22:30:00,9326.38
12079,2025-07-10 22:35:00,9418.36
12080,2025-07-10 22:40:00,9486.41
12081,2025-07-10 22:45:00,9390.38
12082,2025-07-10 22:50:00,9438.39
12083,2025-07-10 22:55:00,9474.36
12084,2025-07-10 23:00:00,9402.39
12085,2025-07-10 23:05:00,9374.35
12086,2025-07-10 23:10:00,9330.38
12087,2025-07-10 23:15:00,9402.39
12088,2025-07-10 23:20:00,9294.38
12089,2025-07-10 23:25:00,9334.38
12090,2025-07-10 23:30:00,9302.36
12091,2025-07-10 23:35:00,9294.39
12092,2025-07-10 23:40:00,9226.4
12093,2025-07-10 23:45:00,9262.41
12094,2025-07-10 23:50:00,9194.38
12095,2025-07-10 23:55:00,9294.37
12096,2025-07-11 00:00:00,9278.37
12097,2025-07-11 00:05:00,9298.39
12098,2025-07-11 00:10:00,9346.39
12099,2025-07-11 00:15:00,9278.38
12100,2025-07-11 00:20:00,9290.36
12101,2025-07-11 00:25:00,9254.43
12102,2025-07-11 00:30:00,9306.4
12103,2025-07-11 00:35:00,9342.39
12104,2025-07-11 00:40:00,9310.37
12105,2025-07-11 00:45:00,9334.39
12106,2025-07-11 00:50:00,9358.35
12107,2025-07-11 00:55:00,9390.42
12108,2025-07-11 01:00:00,9338.41
12109,2025-07-11 01:05:00,9226.41
12110,2025-07-11 01:10:00,9258.38
12111,2025-07-11 01:15:00,9270.39
12112,2025-07-11 01:20:00,9258.36
12113,2025-07-11 01:25:00,9314.38
12114,2025-07-11 01:30:00,9274.35
12115,2025-07-11 01:35:00,9314.37
12116,2025-07-11 01:40:00,9350.42
12117,2025-07-11 01:45:00,9350.36
12118,2025-07-11 01:50:00,9330.32
12119,2025-07-11 01:55:00,9334.41
12120,2025-07-11 02:00:00,9310.37
12121,2025-07-11 02:05:00,9274.38
12122,2025-07-11 02:10:00,9246.38
12123,2025-07-11 02:15:00,9306.39
12124,2025-07-11 02:20:00,9266.38
12125,2025-07-11 02:25:00,9302.36
12126,2025-07-11 02:30:00,9170.34
12127,2025-07-11 02:35:00,9182.38
12128,2025-07-11 02:40:00,9182.39
12129,2025-07-11 02:45:00,9242.39
12130,2025-07-11 02:50:00,9194.36
12131,2025-07-11 02:55:00,9182.4
12132,2025-07-11 03:00:00,9190.37
12133,2025-07-11 03:05:00,9206.44
12134,2025-07-11 03:10:00,9242.43
12135,2025-07-11 03:15:00,9214.39
12136,2025-07-11 03:20:00,9186.41
12137,2025-07-11 03:25:00,9286.38
12138,2025-07-11 03:30:00,9166.4
12139,2025-07-11 03:35:00,9142.39
12140,2025-07-11 03:40:00,9154.38
12141,2025-07-11 03:45:00,9146.39
12142,2025-07-11 03:50:00,9202.38
12143,2025-07-11 03:55:00,9254.39
12144,2025-07-11 04:00:00,9210.39
12145,2025-07-11 04:05:00,9274.37
12146,2025-07-11 04:10:00,9186.36
12147,2025-07-11 04:15:00,9210.39
12148,2025-07-11 04:20:00,9266.4
12149,2025-07-11 04:25:00,9270.39
12150,2025-07-11 04:30:00,9206.4
12151,2025-07-11 04:35:00,9190.36
12152,2025-07-11 04:40:00,9266.4
12153,2025-07-11 04:45:00,9158.37
12154,2025-07-11 04:50:00,9198.37
12155,2025-07-11 04:55:00,9314.37
12156,2025-07-11 05:00:00,9214.35
12157,2025-07-11 05:05:00,9182.37
12158,2025-07-11 05:10:00,9146.37
12159,2025-07-11 05:15:00,9230.4
12160,2025-07-11 05:20:00,9246.38
12161,2025-07-11 05:25:00,9066.38
12162,2025-07-11 05:30:00,9054.38
12163,2025-07-11 05:35:00,9006.4
12164,2025-07-11 05:40:00,9090.38
12165,2025-07-11 05:45:00,8978.380000000001
12166,2025-07-11 05:50:00,8998.380000000001
12167,2025-07-11 05:55:00,8958.39
12168,2025-07-11 06:00:00,8942.39
12169,2025-07-11 06:05:00,8962.39
12170,2025-07-11 06:10:00,8986.41
12171,2025-07-11 06:15:00,8918.369999999999
12172,2025-07-11 06:20:00,8986.369999999999
12173,2025-07-11 06:25:00,8966.36
12174,2025-07-11 06:30:00,8942.43
12175,2025-07-11 06:35:00,8938.380000000001
12176,2025-07-11 06:40:00,8970.41
12177,2025-07-11 06:45:00,8938.41
12178,2025-07-11 06:50:00,8906.36
12179,2025-07-11 06:55:00,8934.39
12180,2025-07-11 07:00:00,8902.39
12181,2025-07-11 07:05:00,8954.39
12182,2025-07-11 07:10:00,8934.380000000001
12183,2025-07-11 07:15:00,8938.380000000001
12184,2025-07-11 07:20:00,8958.369999999999
12185,2025-07-11 07:25:00,8914.4
12186,2025-07-11 07:30:00,8966.4
12187,2025-07-11 07:35:00,9006.39
12188,2025-07-11 07:40:00,8922.39
12189,2025-07-11 07:45:00,8974.39
12190,2025-07-11 07:50:00,8902.39
12191,2025-07-11 07:55:00,9158.39
12192,2025-07-11 08:00:00,8974.42
12193,2025-07-11 08:05:00,9034.37
12194,2025-07-11 08:10:00,9066.36
12195,2025-07-11 08:15:00,9026.43
12196,2025-07-11 08:20:00,9118.38
12197,2025-07-11 08:25:00,9066.39
12198,2025-07-11 08:30:00,9334.39
12199,2025-07-11 08:35:00,9234.4
12200,2025-07-11 08:40:00,9038.4
12201,2025-07-11 08:45:00,9098.37
12202,2025-07-11 08:50:00,9246.37
12203,2025-07-11 08:55:00,9094.35
12204,2025-07-11 09:00:00,9230.36
12205,2025-07-11 09:05:00,9134.41
12206,2025-07-11 09:10:00,9190.38
12207,2025-07-11 09:15:00,9118.38
12208,2025-07-11 09:20:00,9086.36
12209,2025-07-11 09:25:00,9306.39
12210,2025-07-11 09:30:00,9206.4
12211,2025-07-11 09:35:00,9226.37
12212,2025-07-11 09:40:00,9210.4
12213,2025-07-11 09:45:00,9074.38
12214,2025-07-11 09:50:00,9050.36
12215,2025-07-11 09:55:00,9302.37
12216,2025-07-11 10:00:00,9210.39
12217,2025-07-11 10:05:00,9186.39
12218,2025-07-11 10:10:00,9026.38
12219,2025-07-11 10:15:00,9098.39
12220,2025-07-11 10:20:00,9214.39
12221,2025-07-11 10:25:00,9334.39
12222,2025-07-11 10:30:00,9402.4
12223,2025-07-11 10:35:00,9362.38
12224,2025-07-11 10:40:00,9230.4
12225,2025-07-11 10:45:00,9178.37
12226,2025-07-11 10:50:00,9270.38
12227,2025-07-11 10:55:00,9310.37
12228,2025-07-11 11:00:00,9326.37
12229,2025-07-11 11:05:00,9342.36
12230,2025-07-11 11:10:00,9198.37
12231,2025-07-11 11:15:00,9110.36
12232,2025-07-11 11:20:00,9186.4
12233,2025-07-11 11:25:00,9078.38
12234,2025-07-11 11:30:00,9070.37
12235,2025-07-11 11:35:00,9146.36
12236,2025-07-11 11:40:00,9106.35
12237,2025-07-11 11:45:00,9058.4
12238,2025-07-11 11:50:00,9126.35
12239,2025-07-11 11:55:00,9190.38
12240,2025-07-11 12:00:00,9146.42
12241,2025-07-11 12:05:00,9114.37
12242,2025-07-11 12:10:00,9134.4
12243,2025-07-11 12:15:00,9102.37
12244,2025-07-11 12:20:00,9134.37
12245,2025-07-11 12:25:00,9122.38
12246,2025-07-11 12:30:00,9110.42
12247,2025-07-11 12:35:00,9126.37
12248,2025-07-11 12:40:00,9130.39
12249,2025-07-11 12:45:00,9174.37
12250,2025-07-11 12:50:00,9166.37
12251,2025-07-11 12:55:00,9170.38
12252,2025-07-11 13:00:00,9182.4
12253,2025-07-11 13:05:00,9166.37
12254,2025-07-11 13:10:00,9126.37
12255,2025-07-11 13:15:00,9130.36
12256,2025-07-11 13:20:00,9166.37
12257,2025-07-11 13:25:00,9138.35
12258,2025-07-11 13:30:00,9166.35
12259,2025-07-11 13:35:00,9218.39
12260,2025-07-11 13:40:00,9194.38
12261,2025-07-11 13:45:00,9238.41
12262,2025-07-11 13:50:00,9194.38
12263,2025-07-11 13:55:00,9158.41
12264,2025-07-11 14:00:00,9262.38
12265,2025-07-11 14:05:00,9170.39
12266,2025-07-11 14:10:00,9234.43
12267,2025-07-11 14:15:00,9214.36
12268,2025-07-11 14:20:00,9246.38
12269,2025-07-11 14:25:00,9230.39
12270,2025-07-11 14:30:00,9298.38
12271,2025-07-11 14:35:00,9330.39
12272,2025-07-11 14:40:00,9214.4
12273,2025-07-11 14:45:00,9426.37
12274,2025-07-11 14:50:00,9394.4
12275,2025-07-11 14:55:00,9282.4
12276,2025-07-11 15:00:00,9334.37
12277,2025-07-11 15:05:00,9278.39
12278,2025-07-11 15:10:00,9602.38
12279,2025-07-11 15:15:00,9538.4
12280,2025-07-11 15:20:00,9442.37
12281,2025-07-11 15:25:00,9246.36
12282,2025-07-11 15:30:00,9298.39
12283,2025-07-11 15:35:00,9266.37
12284,2025-07-11 15:40:00,9470.36
12285,2025-07-11 15:45:00,9410.42
12286,2025-07-11 15:50:00,9362.36
12287,2025-07-11 15:55:00,9182.38
12288,2025-07-11 16:00:00,9238.38
12289,2025-07-11 16:05:00,9106.38
12290,2025-07-11 16:10:00,9250.41
12291,2025-07-11 16:15:00,9506.36
12292,2025-07-11 16:20:00,9074.39
12293,2025-07-11 16:25:00,9194.37
12294,2025-07-11 16:30:00,9078.38
12295,2025-07-11 16:35:00,9018.38
12296,2025-07-11 16:40:00,9366.39
12297,2025-07-11 16:45:00,9398.39
12298,2025-07-11 16:50:00,9422.41
12299,2025-07-11 16:55:00,9154.41
12300,2025-07-11 17:00:00,9174.38
12301,2025-07-11 17:05:00,9270.39
12302,2025-07-11 17:10:00,9462.39
12303,2025-07-11 17:15:00,9262.4
12304,2025-07-11 17:20:00,9294.4
12305,2025-07-11 17:25:00,9234.36
12306,2025-07-11 17:30:00,9194.38
12307,2025-07-11 17:35:00,9282.41
12308,2025-07-11 17:40:00,9358.38
12309,2025-07-11 17:45:00,9290.42
12310,2025-07-11 17:50:00,9062.38
12311,2025-07-11 17:55:00,9086.38
12312,2025-07-11 18:00:00,9186.38
12313,2025-07-11 18:05:00,9102.37
12314,2025-07-11 18:10:00,9102.42
12315,2025-07-11 18:15:00,9138.4
12316,2025-07-11 18:20:00,9142.34
12317,2025-07-11 18:25:00,9034.38
12318,2025-07-11 18:30:00,9142.4
12319,2025-07-11 18:35:00,9266.39
12320,2025-07-11 18:40:00,8934.369999999999
12321,2025-07-11 18:45:00,9098.36
12322,2025-07-11 18:50:00,9190.38
12323,2025-07-11 18:55:00,9354.4
12324,2025-07-11 19:00:00,9286.41
12325,2025-07-11 19:05:00,9130.39
12326,2025-07-11 19:10:00,9258.37
12327,2025-07-11 19:15:00,9294.39
12328,2025-07-11 19:20:00,9194.39
12329,2025-07-11 19:25:00,9354.4
12330,2025-07-11 19:30:00,9366.38
12331,2025-07-11 19:35:00,9302.36
12332,2025-07-11 19:40:00,9362.41
12333,2025-07-11 19:45:00,9218.38
12334,2025-07-11 19:50:00,9350.38
12335,2025-07-11 19:55:00,9222.36
12336,2025-07-11 20:00:00,9198.38
12337,2025-07-11 20:05:00,9338.43
12338,2025-07-11 20:10:00,9086.39
12339,2025-07-11 20:15:00,9074.35
12340,2025-07-11 20:20:00,9146.38
12341,2025-07-11 20:25:00,8942.380000000001
12342,2025-07-11 20:30:00,8958.380000000001
12343,2025-07-11 20:35:00,9026.37
12344,2025-07-11 20:40:00,9086.39
12345,2025-07-11 20:45:00,9118.37
12346,2025-07-11 20:50:00,9154.39
12347,2025-07-11 20:55:00,9166.4
12348,2025-07-11 21:00:00,9134.35
12349,2025-07-11 21:05:00,9126.35
12350,2025-07-11 21:10:00,9130.4
12351,2025-07-11 21:15:00,9090.38
12352,2025-07-11 21:20:00,9082.4
12353,2025-07-11 21:25:00,9098.39
12354,2025-07-11 21:30:00,9110.36
12355,2025-07-11 21:35:00,9070.34
12356,2025-07-11 21:40:00,9154.39
12357,2025-07-11 21:45:00,9150.35
12358,2025-07-11 21:50:00,9162.4
12359,2025-07-11 21:55:00,9130.34
12360,2025-07-11 22:00:00,9190.39
12361,2025-07-11 22:05:00,9142.37
12362,2025-07-11 22:10:00,9066.4
12363,2025-07-11 22:15:00,9162.37
12364,2025-07-11 22:20:00,9194.4
12365,2025-07-11 22:25:00,9174.38
12366,2025-07-11 22:30:00,9186.38
12367,2025-07-11 22:35:00,9126.38
12368,2025-07-11 22:40:00,9186.4
12369,2025-07-11 22:45:00,9142.37
12370,2025-07-11 22:50:00,9170.4
12371,2025-07-11 22:55:00,9142.38
12372,2025-07-11 23:00:00,9162.43
12373,2025-07-11 23:05:00,9090.4
12374,2025-07-11 23:10:00,9082.38
12375,2025-07-11 23:15:00,9134.38
12376,2025-07-11 23:20:00,9170.41
12377,2025-07-11 23:25:00,9154.39
12378,2025-07-11 23:30:00,9118.4
12379,2025-07-11 23:35:00,9202.39
12380,2025-07-11 23:40:00,9134.43
12381,2025-07-11 23:45:00,9158.38
12382,2025-07-11 23:50:00,9094.38
12383,2025-07-11 23:55:00,9106.36
12384,2025-07-12 00:00:00,9110.38
12385,2025-07-12 00:05:00,9098.36
12386,2025-07-12 00:10:00,9138.38
12387,2025-07-12 00:15:00,9138.41
12388,2025-07-12 00:20:00,9146.39
12389,2025-07-12 00:25:00,9146.43
12390,2025-07-12 00:30:00,9194.38
12391,2025-07-12 00:35:00,9194.38
12392,2025-07-12 00:40:00,9214.39
12393,2025-07-12 00:45:00,9170.39
12394,2025-07-12 00:50:00,9118.35
12395,2025-07-12 00:55:00,9102.4
12396,2025-07-12 01:00:00,9054.38
12397,2025-07-12 01:05:00,9078.41
12398,2025-07-12 01:10:00,9094.36
12399,2025-07-12 01:15:00,9070.39
12400,2025-07-12 01:20:00,9086.38
12401,2025-07-12 01:25:00,9154.41
12402,2025-07-12 01:30:00,9122.39
12403,2025-07-12 01:35:00,9130.39
12404,2025-07-12 01:40:00,9042.4
12405,2025-07-12 01:45:00,9170.39
12406,2025-07-12 01:50:00,9082.37
12407,2025-07-12 01:55:00,9038.38
12408,2025-07-12 02:00:00,9106.38
12409,2025-07-12 02:05:00,9038.41
12410,2025-07-12 02:10:00,9130.36
12411,2025-07-12 02:15:00,9018.39
12412,2025-07-12 02:20:00,8934.39
12413,2025-07-12 02:25:00,9014.37
12414,2025-07-12 02:30:00,9054.43
12415,2025-07-12 02:35:00,9070.35
12416,2025-07-12 02:40:00,9078.37
12417,2025-07-12 02:45:00,9026.35
12418,2025-07-12 02:50:00,8970.34
12419,2025-07-12 02:55:00,9022.4
12420,2025-07-12 03:00:00,9042.39
12421,2025-07-12 03:05:00,9022.36
12422,2025-07-12 03:10:00,8978.42
12423,2025-07-12 03:15:00,9054.4
12424,2025-07-12 03:20:00,9046.4
12425,2025-07-12 03:25:00,9062.4
12426,2025-07-12 03:30:00,9058.37
12427,2025-07-12 03:35:00,9054.38
12428,2025-07-12 03:40:00,9062.38
12429,2025-07-12 03:45:00,9066.4
12430,2025-07-12 03:50:00,8998.4
12431,2025-07-12 03:55:00,9010.37
12432,2025-07-12 04:00:00,9066.39
12433,2025-07-12 04:05:00,9014.39
12434,2025-07-12 04:10:00,9014.38
12435,2025-07-12 04:15:00,9026.41
12436,2025-07-12 04:20:00,8950.42
12437,2025-07-12 04:25:00,8938.380000000001
12438,2025-07-12 04:30:00,8982.369999999999
12439,2025-07-12 04:35:00,9054.41
12440,2025-07-12 04:40:00,9018.38
12441,2025-07-12 04:45:00,9086.4
12442,2025-07-12 04:50:00,9022.37
12443,2025-07-12 04:55:00,9002.41
12444,2025-07-12 05:00:00,9006.42
12445,2025-07-12 05:05:00,9010.42
12446,2025-07-12 05:10:00,9046.4
12447,2025-07-12 05:15:00,8974.39
12448,2025-07-12 05:20:00,9018.39
12449,2025-07-12 05:25:00,8926.380000000001
12450,2025-07-12 05:30:00,9002.369999999999
12451,2025-07-12 05:35:00,8966.39
12452,2025-07-12 05:40:00,9010.38
12453,2025-07-12 05:45:00,9002.369999999999
12454,2025-07-12 05:50:00,8926.4
12455,2025-07-12 05:55:00,8974.380000000001
12456,2025-07-12 06:00:00,9074.41
12457,2025-07-12 06:05:00,9034.4
12458,2025-07-12 06:10:00,9174.4
12459,2025-07-12 06:15:00,9062.4
12460,2025-07-12 06:20:00,9038.37
12461,2025-07-12 06:25:00,9134.37
12462,2025-07-12 06:30:00,9202.38
12463,2025-07-12 06:35:00,9042.4
12464,2025-07-12 06:40:00,9230.35
12465,2025-07-12 06:45:00,9162.36
12466,2025-07-12 06:50:00,9234.38
12467,2025-07-12 06:55:00,9278.37
12468,2025-07-12 07:00:00,9326.39
12469,2025-07-12 07:05:00,9298.41
12470,2025-07-12 07:10:00,9118.36
12471,2025-07-12 07:15:00,9146.41
12472,2025-07-12 07:20:00,9290.38
12473,2025-07-12 07:25:00,9398.36
12474,2025-07-12 07:30:00,9330.38
12475,2025-07-12 07:35:00,9322.36
12476,2025-07-12 07:40:00,9098.36
12477,2025-07-12 07:45:00,9190.37
12478,2025-07-12 07:50:00,9342.4
12479,2025-07-12 07:55:00,9250.39
12480,2025-07-12 08:00:00,9006.380000000001
12481,2025-07-12 08:05:00,9038.37
12482,2025-07-12 08:10:00,9170.37
12483,2025-07-12 08:15:00,9178.43
12484,2025-07-12 08:20:00,9158.37
12485,2025-07-12 08:25:00,9174.38
12486,2025-07-12 08:30:00,9170.38
12487,2025-07-12 08:35:00,9058.43
12488,2025-07-12 08:40:00,9186.39
12489,2025-07-12 08:45:00,9062.4
12490,2025-07-12 08:50:00,9398.37
12491,2025-07-12 08:55:00,9134.39
12492,2025-07-12 09:00:00,9142.37
12493,2025-07-12 09:05:00,9278.41
12494,2025-07-12 09:10:00,9090.41
12495,2025-07-12 09:15:00,9070.42
12496,2025-07-12 09:20:00,9158.37
12497,2025-07-12 09:25:00,9342.39
12498,2025-07-12 09:30:00,9358.38
12499,2025-07-12 09:35:00,9290.39
12500,2025-07-12 09:40:00,9174.38
12501,2025-07-12 09:45:00,9266.38
12502,2025-07-12 09:50:00,9346.42
12503,2025-07-12 09:55:00,9070.4
12504,2025-07-12 10:00:00,9298.37
12505,2025-07-12 10:05:00,9214.39
12506,2025-07-12 10:10:00,9202.4
12507,2025-07-12 10:15:00,9102.39
12508,2025-07-12 10:20:00,9250.38
12509,2025-07-12 10:25:00,9202.42
12510,2025-07-12 10:30:00,9218.39
12511,2025-07-12 10:35:00,9270.41
12512,2025-07-12 10:40:00,9146.38
12513,2025-07-12 10:45:00,9086.38
12514,2025-07-12 10:50:00,9310.37
12515,2025-07-12 10:55:00,9222.4
12516,2025-07-12 11:00:00,9358.37
12517,2025-07-12 11:05:00,9194.38
12518,2025-07-12 11:10:00,9094.36
12519,2025-07-12 11:15:00,9150.38
12520,2025-07-12 11:20:00,9210.4
12521,2025-07-12 11:25:00,9186.39
12522,2025-07-12 11:30:00,9102.43
12523,2025-07-12 11:35:00,9038.35
12524,2025-07-12 11:40:00,9094.43
12525,2025-07-12 11:45:00,9054.38
12526,2025-07-12 11:50:00,9070.39
12527,2025-07-12 11:55:00,9026.38
12528,2025-07-12 12:00:00,9010.38
12529,2025-07-12 12:05:00,8942.380000000001
12530,2025-07-12 12:10:00,9050.38
12531,2025-07-12 12:15:00,9082.36
12532,2025-07-12 12:20:00,9066.4
12533,2025-07-12 12:25:00,9018.38
12534,2025-07-12 12:30:00,8982.34
12535,2025-07-12 12:35:00,9034.36
12536,2025-07-12 12:40:00,8982.380000000001
12537,2025-07-12 12:45:00,9018.38
12538,2025-07-12 12:50:00,8974.380000000001
12539,2025-07-12 12:55:00,9066.39
12540,2025-07-12 13:00:00,8998.45
12541,2025-07-12 13:05:00,9042.4
12542,2025-07-12 13:10:00,8994.41
12543,2025-07-12 13:15:00,9030.38
12544,2025-07-12 13:20:00,9026.4
12545,2025-07-12 13:25:00,8970.35
12546,2025-07-12 13:30:00,9062.37
12547,2025-07-12 13:35:00,9026.4
12548,2025-07-12 13:40:00,8938.35
12549,2025-07-12 13:45:00,8926.41
12550,2025-07-12 13:50:00,9026.39
12551,2025-07-12 13:55:00,8914.43
12552,2025-07-12 14:00:00,8922.380000000001
12553,2025-07-12 14:05:00,8930.369999999999
12554,2025-07-12 14:10:00,8942.42
12555,2025-07-12 14:15:00,9026.38
12556,2025-07-12 14:20:00,9018.35
12557,2025-07-12 14:25:00,8994.39
12558,2025-07-12 14:30:00,8918.380000000001
12559,2025-07-12 14:35:00,8994.4
12560,2025-07-12 14:40:00,8966.380000000001
12561,2025-07-12 14:45:00,9078.39
12562,2025-07-12 14:50:00,8994.4
12563,2025-07-12 14:55:00,9046.37
12564,2025-07-12 15:00:00,9038.37
12565,2025-07-12 15:05:00,9074.38
12566,2025-07-12 15:10:00,8994.39
12567,2025-07-12 15:15:00,9034.38
12568,2025-07-12 15:20:00,9086.34
12569,2025-07-12 15:25:00,9042.38
12570,2025-07-12 15:30:00,9130.41
12571,2025-07-12 15:35:00,9222.4
12572,2025-07-12 15:40:00,9078.4
12573,2025-07-12 15:45:00,9146.37
12574,2025-07-12 15:50:00,9174.35
12575,2025-07-12 15:55:00,9210.4
12576,2025-07-12 16:00:00,9174.38
12577,2025-07-12 16:05:00,9138.37
12578,2025-07-12 16:10:00,9210.39
12579,2025-07-12 16:15:00,9174.41
12580,2025-07-12 16:20:00,9122.37
12581,2025-07-12 16:25:00,9150.39
12582,2025-07-12 16:30:00,9058.4
12583,2025-07-12 16:35:00,9142.41
12584,2025-07-12 16:40:00,9154.38
12585,2025-07-12 16:45:00,9102.36
12586,2025-07-12 16:50:00,9074.36
12587,2025-07-12 16:55:00,9170.38
12588,2025-07-12 17:00:00,9074.39
12589,2025-07-12 17:05:00,9262.38
12590,2025-07-12 17:10:00,9202.39
12591,2025-07-12 17:15:00,9146.4
12592,2025-07-12 17:20:00,9122.37
12593,2025-07-12 17:25:00,9182.38
12594,2025-07-12 17:30:00,8942.4
12595,2025-07-12 17:35:00,9210.34
12596,2025-07-12 17:40:00,9002.369999999999
12597,2025-07-12 17:45:00,8974.4
12598,2025-07-12 17:50:00,8938.39
12599,2025-07-12 17:55:00,8926.39
12600,2025-07-12 18:00:00,8946.35
12601,2025-07-12 18:05:00,8986.4
12602,2025-07-12 18:10:00,8962.41
12603,2025-07-12 18:15:00,8922.380000000001
12604,2025-07-12 18:20:00,8934.369999999999
12605,2025-07-12 18:25:00,8938.4
12606,2025-07-12 18:30:00,9002.369999999999
12607,2025-07-12 18:35:00,8934.380000000001
12608,2025-07-12 18:40:00,8994.380000000001
12609,2025-07-12 18:45:00,8958.39
12610,2025-07-12 18:50:00,8998.39
12611,2025-07-12 18:55:00,8994.36
12612,2025-07-12 19:00:00,8998.39
12613,2025-07-12 19:05:00,8946.369999999999
12614,2025-07-12 19:10:00,8942.41
12615,2025-07-12 19:15:00,8910.380000000001
12616,2025-07-12 19:20:00,8930.41
12617,2025-07-12 19:25:00,8974.4
12618,2025-07-12 19:30:00,8898.380000000001
12619,2025-07-12 19:35:00,8950.4
12620,2025-07-12 19:40:00,8946.39
12621,2025-07-12 19:45:00,9034.41
12622,2025-07-12 19:50:00,8974.4
12623,2025-07-12 19:55:00,8946.369999999999
12624,2025-07-12 20:00:00,8950.369999999999
12625,2025-07-12 20:05:00,8978.36
12626,2025-07-12 20:10:00,8946.380000000001
12627,2025-07-12 20:15:00,8922.36
12628,2025-07-12 20:20:00,8922.380000000001
12629,2025-07-12 20:25:00,8894.34
12630,2025-07-12 20:30:00,8914.4
12631,2025-07-12 20:35:00,8894.380000000001
12632,2025-07-12 20:40:00,8830.380000000001
12633,2025-07-12 20:45:00,8814.39
12634,2025-07-12 20:50:00,8822.380000000001
12635,2025-07-12 20:55:00,8834.369999999999
12636,2025-07-12 21:00:00,9014.4
12637,2025-07-12 21:05:00,8950.380000000001
12638,2025-07-12 21:10:00,9014.38
12639,2025-07-12 21:15:00,8906.380000000001
12640,2025-07-12 21:20:00,8970.39
12641,2025-07-12 21:25:00,8930.41
12642,2025-07-12 21:30:00,8970.46
12643,2025-07-12 21:35:00,8970.4
12644,2025-07-12 21:40:00,9018.37
12645,2025-07-12 21:45:00,9002.4
12646,2025-07-12 21:50:00,9014.34
12647,2025-07-12 21:55:00,8990.380000000001
12648,2025-07-12 22:00:00,8950.39
12649,2025-07-12 22:05:00,8950.39
12650,2025-07-12 22:10:00,8970.39
12651,2025-07-12 22:15:00,8950.380000000001
12652,2025-07-12 22:20:00,8922.4
12653,2025-07-12 22:25:00,8974.380000000001
12654,2025-07-12 22:30:00,9010.37
12655,2025-07-12 22:35:00,9042.4
12656,2025-07-12 22:40:00,9086.39
12657,2025-07-12 22:45:00,9170.4
12658,2025-07-12 22:50:00,9042.36
12659,2025-07-12 22:55:00,9034.39
12660,2025-07-12 23:00:00,9026.35
12661,2025-07-12 23:05:00,9114.39
12662,2025-07-12 23:10:00,9090.35
12663,2025-07-12 23:15:00,9086.36
12664,2025-07-12 23:20:00,9014.38
12665,2025-07-12 23:25:00,9034.39
12666,2025-07-12 23:30:00,8994.369999999999
12667,2025-07-12 23:35:00,9010.41
12668,2025-07-12 23:40:00,9078.4
12669,2025-07-12 23:45:00,8990.35
12670,2025-07-12 23:50:00,8998.4
12671,2025-07-12 23:55:00,9022.37
12672,2025-07-13 00:00:00,9054.37
12673,2025-07-13 00:05:00,9070.39
12674,2025-07-13 00:10:00,9130.36
12675,2025-07-13 00:15:00,9086.41
12676,2025-07-13 00:20:00,9094.37
12677,2025-07-13 00:25:00,9082.37
12678,2025-07-13 00:30:00,9126.35
12679,2025-07-13 00:35:00,9150.36
12680,2025-07-13 00:40:00,9086.37
12681,2025-07-13 00:45:00,8998.41
12682,2025-07-13 00:50:00,9114.38
12683,2025-07-13 00:55:00,9086.42
12684,2025-07-13 01:00:00,9086.38
12685,2025-07-13 01:05:00,9034.37
12686,2025-07-13 01:10:00,9002.39
12687,2025-07-13 01:15:00,9074.42
12688,2025-07-13 01:20:00,9070.35
12689,2025-07-13 01:25:00,9014.38
12690,2025-07-13 01:30:00,9010.39
12691,2025-07-13 01:35:00,9114.36
12692,2025-07-13 01:40:00,9038.38
12693,2025-07-13 01:45:00,9074.38
12694,2025-07-13 01:50:00,8962.4
12695,2025-07-13 01:55:00,8970.36
12696,2025-07-13 02:00:00,8966.369999999999
12697,2025-07-13 02:05:00,8962.369999999999
12698,2025-07-13 02:10:00,8922.380000000001
12699,2025-07-13 02:15:00,8970.380000000001
12700,2025-07-13 02:20:00,8910.369999999999
12701,2025-07-13 02:25:00,8990.41
12702,2025-07-13 02:30:00,8998.4
12703,2025-07-13 02:35:00,8886.41
12704,2025-07-13 02:40:00,8978.369999999999
12705,2025-07-13 02:45:00,8966.41
12706,2025-07-13 02:50:00,8934.35
12707,2025-07-13 02:55:00,8790.39
12708,2025-07-13 03:00:00,8838.36
12709,2025-07-13 03:05:00,8882.42
12710,2025-07-13 03:10:00,8882.4
12711,2025-07-13 03:15:00,8914.369999999999
12712,2025-07-13 03:20:00,8822.4
12713,2025-07-13 03:25:00,8898.41
12714,2025-07-13 03:30:00,8874.380000000001
12715,2025-07-13 03:35:00,8918.4
12716,2025-07-13 03:40:00,8906.36
12717,2025-07-13 03:45:00,8950.42
12718,2025-07-13 03:50:00,8874.39
12719,2025-07-13 03:55:00,8870.4
12720,2025-07-13 04:00:00,8970.4
12721,2025-07-13 04:05:00,8894.369999999999
12722,2025-07-13 04:10:00,8866.369999999999
12723,2025-07-13 04:15:00,8906.4
12724,2025-07-13 04:20:00,8894.369999999999
12725,2025-07-13 04:25:00,8826.380000000001
12726,2025-07-13 04:30:00,8894.4
12727,2025-07-13 04:35:00,8846.369999999999
12728,2025-07-13 04:40:00,8942.39
12729,2025-07-13 04:45:00,8918.34
12730,2025-07-13 04:50:00,8926.4
12731,2025-07-13 04:55:00,8854.41
12732,2025-07-13 05:00:00,8830.41
12733,2025-07-13 05:05:00,8818.36
12734,2025-07-13 05:10:00,8854.39
12735,2025-07-13 05:15:00,8770.41
12736,2025-07-13 05:20:00,8822.380000000001
12737,2025-07-13 05:25:00,8858.41
12738,2025-07-13 05:30:00,8730.4
12739,2025-07-13 05:35:00,8826.4
12740,2025-07-13 05:40:00,8718.42
12741,2025-07-13 05:45:00,8730.380000000001
12742,2025-07-13 05:50:00,8698.369999999999
12743,2025-07-13 05:55:00,8866.380000000001
12744,2025-07-13 06:00:00,8734.380000000001
12745,2025-07-13 06:05:00,8718.39
12746,2025-07-13 06:10:00,8858.4
12747,2025-07-13 06:15:00,8854.4
12748,2025-07-13 06:20:00,8850.380000000001
12749,2025-07-13 06:25:00,8858.4
12750,2025-07-13 06:30:00,8746.36
12751,2025-07-13 06:35:00,8778.369999999999
12752,2025-07-13 06:40:00,8754.39
12753,2025-07-13 06:45:00,8798.34
12754,2025-07-13 06:50:00,8898.380000000001
12755,2025-07-13 06:55:00,8910.380000000001
12756,2025-07-13 07:00:00,8710.380000000001
12757,2025-07-13 07:05:00,8698.369999999999
12758,2025-07-13 07:10:00,8806.39
12759,2025-07-13 07:15:00,8870.369999999999
12760,2025-07-13 07:20:00,8950.35
12761,2025-07-13 07:25:00,8846.41
12762,2025-07-13 07:30:00,8762.380000000001
12763,2025-07-13 07:35:00,8918.36
12764,2025-07-13 07:40:00,8806.4
12765,2025-07-13 07:45:00,8754.369999999999
12766,2025-07-13 07:50:00,8858.369999999999
12767,2025-07-13 07:55:00,8758.42
12768,2025-07-13 08:00:00,8918.380000000001
12769,2025-07-13 08:05:00,8866.369999999999
12770,2025-07-13 08:10:00,8950.380000000001
12771,2025-07-13 08:15:00,8942.41
12772,2025-07-13 08:20:00,8882.39
12773,2025-07-13 08:25:00,8950.36
12774,2025-07-13 08:30:00,8958.41
12775,2025-07-13 08:35:00,9018.39
12776,2025-07-13 08:40:00,9058.35
12777,2025-07-13 08:45:00,8962.36
12778,2025-07-13 08:50:00,8834.380000000001
12779,2025-07-13 08:55:00,8874.369999999999
12780,2025-07-13 09:00:00,9050.39
12781,2025-07-13 09:05:00,8838.39
12782,2025-07-13 09:10:00,8854.369999999999
12783,2025-07-13 09:15:00,9002.4
12784,2025-07-13 09:20:00,9062.39
12785,2025-07-13 09:25:00,9182.37
12786,2025-07-13 09:30:00,8834.39
12787,2025-07-13 09:35:00,8942.41
12788,2025-07-13 09:40:00,8826.41
12789,2025-07-13 09:45:00,9034.42
12790,2025-07-13 09:50:00,9018.38
12791,2025-07-13 09:55:00,9090.35
12792,2025-07-13 10:00:00,8798.39
12793,2025-07-13 10:05:00,8750.369999999999
12794,2025-07-13 10:10:00,8818.36
12795,2025-07-13 10:15:00,8978.41
12796,2025-07-13 10:20:00,8822.42
12797,2025-07-13 10:25:00,8798.380000000001
12798,2025-07-13 10:30:00,9010.39
12799,2025-07-13 10:35:00,8918.42
12800,2025-07-13 10:40:00,8954.41
12801,2025-07-13 10:45:00,8950.39
12802,2025-07-13 10:50:00,8794.39
12803,2025-07-13 10:55:00,9002.39
12804,2025-07-13 11:00:00,8862.42
12805,2025-07-13 11:05:00,8894.369999999999
12806,2025-07-13 11:10:00,8874.380000000001
12807,2025-07-13 11:15:00,8814.36
12808,2025-07-13 11:20:00,8810.369999999999
12809,2025-07-13 11:25:00,8818.380000000001
12810,2025-07-13 11:30:00,8758.4
12811,2025-07-13 11:35:00,8766.43
12812,2025-07-13 11:40:00,8858.39
12813,2025-07-13 11:45:00,8890.380000000001
12814,2025-07-13 11:50:00,8890.380000000001
12815,2025-07-13 11:55:00,8806.380000000001
12816,2025-07-13 12:00:00,8822.36
12817,2025-07-13 12:05:00,8902.380000000001
12818,2025-07-13 12:10:00,8846.380000000001
12819,2025-07-13 12:15:00,8898.36
12820,2025-07-13 12:20:00,8938.4
12821,2025-07-13 12:25:00,8914.380000000001
12822,2025-07-13 12:30:00,8890.380000000001
12823,2025-07-13 12:35:00,8934.34
12824,2025-07-13 12:40:00,8894.369999999999
12825,2025-07-13 12:45:00,8978.4
12826,2025-07-13 12:50:00,8906.4
12827,2025-07-13 12:55:00,8910.42
12828,2025-07-13 13:00:00,8966.4
12829,2025-07-13 13:05:00,8962.369999999999
12830,2025-07-13 13:10:00,8898.380000000001
12831,2025-07-13 13:15:00,9062.37
12832,2025-07-13 13:20:00,9082.37
12833,2025-07-13 13:25:00,8950.39
12834,2025-07-13 13:30:00,8994.4
12835,2025-07-13 13:35:00,9038.39
12836,2025-07-13 13:40:00,9150.37
12837,2025-07-13 13:45:00,9322.38
12838,2025-07-13 13:50:00,9190.36
12839,2025-07-13 13:55:00,9274.36
12840,2025-07-13 14:00:00,9046.37
12841,2025-07-13 14:05:00,9086.39
12842,2025-07-13 14:10:00,9170.37
12843,2025-07-13 14:15:00,9126.35
12844,2025-07-13 14:20:00,9250.44
12845,2025-07-13 14:25:00,9322.37
12846,2025-07-13 14:30:00,9062.38
12847,2025-07-13 14:35:00,9038.39
12848,2025-07-13 14:40:00,9146.38
12849,2025-07-13 14:45:00,9054.37
12850,2025-07-13 14:50:00,9142.39
12851,2025-07-13 14:55:00,9070.36
12852,2025-07-13 15:00:00,9166.42
12853,2025-07-13 15:05:00,9062.43
12854,2025-07-13 15:10:00,9002.369999999999
12855,2025-07-13 15:15:00,9054.42
12856,2025-07-13 15:20:00,9218.36
12857,2025-07-13 15:25:00,9150.35
12858,2025-07-13 15:30:00,9250.41
12859,2025-07-13 15:35:00,9162.37
12860,2025-07-13 15:40:00,9114.4
12861,2025-07-13 15:45:00,9174.38
12862,2025-07-13 15:50:00,9198.38
12863,2025-07-13 15:55:00,9286.39
12864,2025-07-13 16:00:00,8930.369999999999
12865,2025-07-13 16:05:00,9042.37
12866,2025-07-13 16:10:00,9298.35
12867,2025-07-13 16:15:00,9142.37
12868,2025-07-13 16:20:00,9054.38
12869,2025-07-13 16:25:00,9170.35
12870,2025-07-13 16:30:00,9234.41
12871,2025-07-13 16:35:00,9166.38
12872,2025-07-13 16:40:00,9290.41
12873,2025-07-13 16:45:00,9042.41
12874,2025-07-13 16:50:00,9010.35
12875,2025-07-13 16:55:00,9138.41
12876,2025-07-13 17:00:00,9082.4
12877,2025-07-13 17:05:00,9238.4
12878,2025-07-13 17:10:00,9130.38
12879,2025-07-13 17:15:00,9282.37
12880,2025-07-13 17:20:00,9042.39
12881,2025-07-13 17:25:00,8918.41
12882,2025-07-13 17:30:00,8946.369999999999
12883,2025-07-13 17:35:00,8930.380000000001
12884,2025-07-13 17:40:00,8950.380000000001
12885,2025-07-13 17:45:00,8886.369999999999
12886,2025-07-13 17:50:00,8914.369999999999
12887,2025-07-13 17:55:00,8918.41
12888,2025-07-13 18:00:00,8846.4
12889,2025-07-13 18:05:00,9002.380000000001
12890,2025-07-13 18:10:00,8970.380000000001
12891,2025-07-13 18:15:00,8974.41
12892,2025-07-13 18:20:00,9078.37
12893,2025-07-13 18:25:00,9302.38
12894,2025-07-13 18:30:00,9210.43
12895,2025-07-13 18:35:00,9118.36
12896,2025-07-13 18:40:00,9294.39
12897,2025-07-13 18:45:00,9050.38
12898,2025-07-13 18:50:00,9046.38
12899,2025-07-13 18:55:00,9110.35
12900,2025-07-13 19:00:00,9198.39
12901,2025-07-13 19:05:00,9102.36
12902,2025-07-13 19:10:00,9026.37
12903,2025-07-13 19:15:00,9070.4
12904,2025-07-13 19:20:00,9054.41
12905,2025-07-13 19:25:00,9266.37
12906,2025-07-13 19:30:00,9046.39
12907,2025-07-13 19:35:00,9006.41
12908,2025-07-13 19:40:00,8958.380000000001
12909,2025-07-13 19:45:00,8962.380000000001
12910,2025-07-13 19:50:00,9006.36
12911,2025-07-13 19:55:00,9062.37
12912,2025-07-13 20:00:00,9098.37
12913,2025-07-13 20:05:00,9070.37
12914,2025-07-13 20:10:00,9066.42
12915,2025-07-13 20:15:00,9002.4
12916,2025-07-13 20:20:00,9042.39
12917,2025-07-13 20:25:00,9078.37
12918,2025-07-13 20:30:00,9022.4
12919,2025-07-13 20:35:00,8894.35
12920,2025-07-13 20:40:00,8890.4
12921,2025-07-13 20:45:00,8982.36
12922,2025-07-13 20:50:00,9154.37
12923,2025-07-13 20:55:00,9014.4
12924,2025-07-13 21:00:00,8994.369999999999
12925,2025-07-13 21:05:00,8878.4
12926,2025-07-13 21:10:00,8898.369999999999
12927,2025-07-13 21:15:00,9002.4
12928,2025-07-13 21:20:00,9030.39
12929,2025-07-13 21:25:00,9026.43
12930,2025-07-13 21:30:00,8894.39
12931,2025-07-13 21:35:00,8862.39
12932,2025-07-13 21:40:00,8878.369999999999
12933,2025-07-13 21:45:00,8890.380000000001
12934,2025-07-13 21:50:00,8910.369999999999
12935,2025-07-13 21:55:00,8878.369999999999
12936,2025-07-13 22:00:00,8922.369999999999
12937,2025-07-13 22:05:00,8902.369999999999
12938,2025-07-13 22:10:00,8858.39
12939,2025-07-13 22:15:00,8906.35
12940,2025-07-13 22:20:00,8890.39
12941,2025-07-13 22:25:00,8950.34
12942,2025-07-13 22:30:00,8898.39
12943,2025-07-13 22:35:00,8922.4
12944,2025-07-13 22:40:00,8914.36
12945,2025-07-13 22:45:00,9022.39
12946,2025-07-13 22:50:00,8982.369999999999
12947,2025-07-13 22:55:00,9018.39
12948,2025-07-13 23:00:00,8974.39
12949,2025-07-13 23:05:00,8898.369999999999
12950,2025-07-13 23:10:00,8962.35
12951,2025-07-13 23:15:00,8986.42
12952,2025-07-13 23:20:00,8954.4
12953,2025-07-13 23:25:00,8950.380000000001
12954,2025-07-13 23:30:00,8910.369999999999
12955,2025-07-13 23:35:00,8894.369999999999
12956,2025-07-13 23:40:00,8886.39
12957,2025-07-13 23:45:00,8870.39
12958,2025-07-13 23:50:00,8934.380000000001
12959,2025-07-13 23:55:00,8986.369999999999
12960,2025-07-14 00:00:00,8918.39
12961,2025-07-14 00:05:00,8914.369999999999
12962,2025-07-14 00:10:00,8930.369999999999
12963,2025-07-14 00:15:00,8990.39
12964,2025-07-14 00:20:00,8946.369999999999
12965,2025-07-14 00:25:00,8974.41
12966,2025-07-14 00:30:00,8962.369999999999
12967,2025-07-14 00:35:00,9006.39
12968,2025-07-14 00:40:00,8930.39
12969,2025-07-14 00:45:00,8906.369999999999
12970,2025-07-14 00:50:00,8942.34
12971,2025-07-14 00:55:00,8938.39
12972,2025-07-14 01:00:00,9010.37
12973,2025-07-14 01:05:00,9118.36
12974,2025-07-14 01:10:00,9022.41
12975,2025-07-14 01:15:00,9026.43
12976,2025-07-14 01:20:00,9070.36
12977,2025-07-14 01:25:00,9038.38
12978,2025-07-14 01:30:00,9014.36
12979,2025-07-14 01:35:00,9058.4
12980,2025-07-14 01:40:00,9022.39
12981,2025-07-14 01:45:00,9014.43
12982,2025-07-14 01:50:00,8966.35
12983,2025-07-14 01:55:00,9098.41
12984,2025-07-14 02:00:00,9030.4
12985,2025-07-14 02:05:00,9030.41
12986,2025-07-14 02:10:00,8994.4
12987,2025-07-14 02:15:00,9046.38
12988,2025-07-14 02:20:00,9050.41
12989,2025-07-14 02:25:00,9054.39
12990,2025-07-14 02:30:00,9074.42
12991,2025-07-14 02:35:00,8970.35
12992,2025-07-14 02:40:00,8974.380000000001
12993,2025-07-14 02:45:00,8978.35
12994,2025-07-14 02:50:00,8998.369999999999
12995,2025-07-14 02:55:00,8942.41
12996,2025-07-14 03:00:00,8966.34
12997,2025-07-14 03:05:00,9054.4
12998,2025-07-14 03:10:00,9010.37
12999,2025-07-14 03:15:00,8978.33
13000,2025-07-14 03:20:00,9022.34
13001,2025-07-14 03:25:00,8966.36
13002,2025-07-14 03:30:00,8930.380000000001
13003,2025-07-14 03:35:00,8986.36
13004,2025-07-14 03:40:00,8958.34
13005,2025-07-14 03:45:00,9070.35
13006,2025-07-14 03:50:00,8930.380000000001
13007,2025-07-14 03:55:00,9006.380000000001
13008,2025-07-14 04:00:00,8946.36
13009,2025-07-14 04:05:00,8958.369999999999
13010,2025-07-14 04:10:00,8970.380000000001
13011,2025-07-14 04:15:00,8922.369999999999
13012,2025-07-14 04:20:00,8898.4
13013,2025-07-14 04:25:00,8906.380000000001
13014,2025-07-14 04:30:00,8954.380000000001
13015,2025-07-14 04:35:00,8962.46
13016,2025-07-14 04:40:00,8958.43
13017,2025-07-14 04:45:00,8994.39
13018,2025-07-14 04:50:00,8990.34
13019,2025-07-14 04:55:00,8910.39
13020,2025-07-14 05:00:00,8914.369999999999
13021,2025-07-14 05:05:00,8954.380000000001
13022,2025-07-14 05:10:00,8806.4
13023,2025-07-14 05:15:00,8742.380000000001
13024,2025-07-14 05:20:00,8790.369999999999
13025,2025-07-14 05:25:00,8806.4
13026,2025-07-14 05:30:00,8766.39
13027,2025-07-14 05:35:00,8826.380000000001
13028,2025-07-14 05:40:00,8794.39
13029,2025-07-14 05:45:00,8794.34
13030,2025-07-14 05:50:00,8886.39
13031,2025-07-14 05:55:00,8802.369999999999
13032,2025-07-14 06:00:00,8846.36
13033,2025-07-14 06:05:00,8778.380000000001
13034,2025-07-14 06:10:00,8798.36
13035,2025-07-14 06:15:00,8870.42
13036,2025-07-14 06:20:00,9030.37
13037,2025-07-14 06:25:00,9030.39
13038,2025-07-14 06:30:00,8934.369999999999
13039,2025-07-14 06:35:00,8934.369999999999
13040,2025-07-14 06:40:00,8978.39
13041,2025-07-14 06:45:00,8934.35
13042,2025-07-14 06:50:00,9006.369999999999
13043,2025-07-14 06:55:00,9062.37
13044,2025-07-14 07:00:00,8906.369999999999
13045,2025-07-14 07:05:00,9162.36
13046,2025-07-14 07:10:00,9130.41
13047,2025-07-14 07:15:00,9182.37
13048,2025-07-14 07:20:00,9046.39
13049,2025-07-14 07:25:00,8942.36
13050,2025-07-14 07:30:00,8970.380000000001
13051,2025-07-14 07:35:00,9074.39
13052,2025-07-14 07:40:00,9142.37
13053,2025-07-14 07:45:00,9058.36
13054,2025-07-14 07:50:00,9086.39
13055,2025-07-14 07:55:00,9098.4
13056,2025-07-14 08:00:00,9106.42
13057,2025-07-14 08:05:00,8990.380000000001
13058,2025-07-14 08:10:00,9014.42
13059,2025-07-14 08:15:00,9098.41
13060,2025-07-14 08:20:00,9158.37
13061,2025-07-14 08:25:00,9110.38
13062,2025-07-14 08:30:00,9026.35
13063,2025-07-14 08:35:00,9306.38
13064,2025-07-14 08:40:00,9102.37
13065,2025-07-14 08:45:00,9102.37
13066,2025-07-14 08:50:00,8978.35
13067,2025-07-14 08:55:00,8962.380000000001
13068,2025-07-14 09:00:00,8990.380000000001
13069,2025-07-14 09:05:00,8982.39
13070,2025-07-14 09:10:00,9230.56
13071,2025-07-14 09:15:00,9190.37
13072,2025-07-14 09:20:00,8990.39
13073,2025-07-14 09:25:00,9134.37
13074,2025-07-14 09:30:00,8974.39
13075,2025-07-14 09:35:00,9034.39
13076,2025-07-14 09:40:00,8966.380000000001
13077,2025-07-14 09:45:00,9198.39
13078,2025-07-14 09:50:00,9142.41
13079,2025-07-14 09:55:00,9110.41
13080,2025-07-14 10:00:00,9270.36
13081,2025-07-14 10:05:00,9086.4
13082,2025-07-14 10:10:00,8982.39
13083,2025-07-14 10:15:00,9050.36
13084,2025-07-14 10:20:00,9174.38
13085,2025-07-14 10:25:00,9166.45
13086,2025-07-14 10:30:00,9094.38
13087,2025-07-14 10:35:00,9222.38
13088,2025-07-14 10:40:00,9054.37
13089,2025-07-14 10:45:00,9314.36
13090,2025-07-14 10:50:00,9198.4
13091,2025-07-14 10:55:00,9294.37
13092,2025-07-14 11:00:00,9278.38
13093,2025-07-14 11:05:00,9154.38
13094,2025-07-14 11:10:00,9190.37
13095,2025-07-14 11:15:00,9102.4
13096,2025-07-14 11:20:00,9102.39
13097,2025-07-14 11:25:00,9054.38
13098,2025-07-14 11:30:00,9086.37
13099,2025-07-14 11:35:00,9066.4
13100,2025-07-14 11:40:00,9082.39
13101,2025-07-14 11:45:00,9090.39
13102,2025-07-14 11:50:00,9094.37
13103,2025-07-14 11:55:00,9082.4
13104,2025-07-14 12:00:00,9098.39
13105,2025-07-14 12:05:00,9118.43
13106,2025-07-14 12:10:00,9074.38
13107,2025-07-14 12:15:00,9006.369999999999
13108,2025-07-14 12:20:00,9042.36
13109,2025-07-14 12:25:00,9138.37
13110,2025-07-14 12:30:00,9066.37
13111,2025-07-14 12:35:00,9038.38
13112,2025-07-14 12:40:00,9110.4
13113,2025-07-14 12:45:00,9066.37
13114,2025-07-14 12:50:00,9090.38
13115,2025-07-14 12:55:00,9110.35
13116,2025-07-14 13:00:00,9402.39
13117,2025-07-14 13:05:00,9342.37
13118,2025-07-14 13:10:00,9222.38
13119,2025-07-14 13:15:00,9170.41
13120,2025-07-14 13:20:00,9230.38
13121,2025-07-14 13:25:00,9174.39
13122,2025-07-14 13:30:00,9254.39
13123,2025-07-14 13:35:00,9058.37
13124,2025-07-14 13:40:00,9134.42
13125,2025-07-14 13:45:00,9022.41
13126,2025-07-14 13:50:00,9234.36
13127,2025-07-14 13:55:00,9166.41
13128,2025-07-14 14:00:00,9238.38
13129,2025-07-14 14:05:00,9102.37
13130,2025-07-14 14:10:00,9194.41
13131,2025-07-14 14:15:00,9094.36
13132,2025-07-14 14:20:00,9382.44
13133,2025-07-14 14:25:00,9246.37
13134,2025-07-14 14:30:00,9190.37
13135,2025-07-14 14:35:00,9386.38
13136,2025-07-14 14:40:00,9442.37
13137,2025-07-14 14:45:00,9342.37
13138,2025-07-14 14:50:00,9342.37
13139,2025-07-14 14:55:00,9122.37
13140,2025-07-14 15:00:00,9190.37
13141,2025-07-14 15:05:00,9422.38
13142,2025-07-14 15:10:00,9382.38
13143,2025-07-14 15:15:00,9290.4
13144,2025-07-14 15:20:00,9262.4
13145,2025-07-14 15:25:00,9182.43
13146,2025-07-14 15:30:00,9266.37
13147,2025-07-14 15:35:00,9230.38
13148,2025-07-14 15:40:00,9258.39
13149,2025-07-14 15:45:00,9226.38
13150,2025-07-14 15:50:00,9198.39
13151,2025-07-14 15:55:00,9298.37
13152,2025-07-14 16:00:00,9366.42
13153,2025-07-14 16:05:00,9418.4
13154,2025-07-14 16:10:00,9202.37
13155,2025-07-14 16:15:00,9350.35
13156,2025-07-14 16:20:00,9210.36
13157,2025-07-14 16:25:00,9142.37
13158,2025-07-14 16:30:00,9450.4
13159,2025-07-14 16:35:00,9466.4
13160,2025-07-14 16:40:00,9206.37
13161,2025-07-14 16:45:00,9106.38
13162,2025-07-14 16:50:00,9298.38
13163,2025-07-14 16:55:00,9518.38
13164,2025-07-14 17:00:00,9410.37
13165,2025-07-14 17:05:00,9398.37
13166,2025-07-14 17:10:00,9422.36
13167,2025-07-14 17:15:00,9206.42
13168,2025-07-14 17:20:00,9186.37
13169,2025-07-14 17:25:00,9478.38
13170,2025-07-14 17:30:00,9350.39
13171,2025-07-14 17:35:00,9366.37
13172,2025-07-14 17:40:00,9218.38
13173,2025-07-14 17:45:00,9134.38
13174,2025-07-14 17:50:00,9186.41
13175,2025-07-14 17:55:00,9090.34
13176,2025-07-14 18:00:00,9106.37
13177,2025-07-14 18:05:00,9142.39
13178,2025-07-14 18:10:00,9078.36
13179,2025-07-14 18:15:00,9094.39
13180,2025-07-14 18:20:00,9126.37
13181,2025-07-14 18:25:00,9278.41
13182,2025-07-14 18:30:00,9234.38
13183,2025-07-14 18:35:00,9206.37
13184,2025-07-14 18:40:00,9278.39
13185,2025-07-14 18:45:00,9078.4
13186,2025-07-14 18:50:00,9066.4
13187,2025-07-14 18:55:00,9118.39
13188,2025-07-14 19:00:00,9054.41
13189,2025-07-14 19:05:00,9286.37
13190,2025-07-14 19:10:00,9302.35
13191,2025-07-14 19:15:00,9202.37
13192,2025-07-14 19:20:00,9206.37
13193,2025-07-14 19:25:00,9094.35
13194,2025-07-14 19:30:00,9062.39
13195,2025-07-14 19:35:00,9338.38
13196,2025-07-14 19:40:00,9322.41
13197,2025-07-14 19:45:00,9282.38
13198,2025-07-14 19:50:00,9174.39
13199,2025-07-14 19:55:00,9254.34
13200,2025-07-14 20:00:00,9114.4
13201,2025-07-14 20:05:00,9230.42
13202,2025-07-14 20:10:00,9358.4
13203,2025-07-14 20:15:00,9154.4
13204,2025-07-14 20:20:00,9322.38
13205,2025-07-14 20:25:00,9130.38
13206,2025-07-14 20:30:00,9234.43
13207,2025-07-14 20:35:00,9354.4
13208,2025-07-14 20:40:00,9226.38
13209,2025-07-14 20:45:00,9366.36
13210,2025-07-14 20:50:00,9202.41
13211,2025-07-14 20:55:00,9098.39
13212,2025-07-14 21:00:00,9050.35
13213,2025-07-14 21:05:00,9002.36
13214,2025-07-14 21:10:00,8934.39
13215,2025-07-14 21:15:00,8994.39
13216,2025-07-14 21:20:00,9174.37
13217,2025-07-14 21:25:00,9130.41
13218,2025-07-14 21:30:00,9126.37
13219,2025-07-14 21:35:00,9142.39
13220,2025-07-14 21:40:00,9186.38
13221,2025-07-14 21:45:00,9194.36
13222,2025-07-14 21:50:00,9142.38
13223,2025-07-14 21:55:00,9122.38
13224,2025-07-14 22:00:00,9022.42
13225,2025-07-14 22:05:00,9070.37
13226,2025-07-14 22:10:00,9118.4
13227,2025-07-14 22:15:00,9102.41
13228,2025-07-14 22:20:00,9214.43
13229,2025-07-14 22:25:00,9042.34
13230,2025-07-14 22:30:00,9082.37
13231,2025-07-14 22:35:00,9022.37
13232,2025-07-14 22:40:00,9002.36
13233,2025-07-14 22:45:00,9082.39
13234,2025-07-14 22:50:00,9022.37
13235,2025-07-14 22:55:00,9166.37
13236,2025-07-14 23:00:00,9126.37
13237,2025-07-14 23:05:00,9078.35
13238,2025-07-14 23:10:00,9134.38
13239,2025-07-14 23:15:00,9086.37
13240,2025-07-14 23:20:00,9022.38
13241,2025-07-14 23:25:00,9018.37
13242,2025-07-14 23:30:00,9106.4
13243,2025-07-14 23:35:00,9098.35
13244,2025-07-14 23:40:00,9078.38
13245,2025-07-14 23:45:00,9082.38
13246,2025-07-14 23:50:00,9226.35
13247,2025-07-14 23:55:00,9122.35
13248,2025-07-15 00:00:00,9118.38
13249,2025-07-15 00:05:00,9030.38
13250,2025-07-15 00:10:00,8998.380000000001
13251,2025-07-15 00:15:00,9118.38
13252,2025-07-15 00:20:00,9130.37
13253,2025-07-15 00:25:00,9142.4
13254,2025-07-15 00:30:00,9182.37
13255,2025-07-15 00:35:00,9094.38
13256,2025-07-15 00:40:00,9170.39
13257,2025-07-15 00:45:00,9062.4
13258,2025-07-15 00:50:00,8990.380000000001
13259,2025-07-15 00:55:00,9026.41
13260,2025-07-15 01:00:00,9054.38
13261,2025-07-15 01:05:00,9146.37
13262,2025-07-15 01:10:00,9014.38
13263,2025-07-15 01:15:00,9042.35
13264,2025-07-15 01:20:00,8982.36
13265,2025-07-15 01:25:00,9130.36
13266,2025-07-15 01:30:00,8990.369999999999
13267,2025-07-15 01:35:00,9090.37
13268,2025-07-15 01:40:00,9074.37
13269,2025-07-15 01:45:00,9158.38
13270,2025-07-15 01:50:00,9086.36
13271,2025-07-15 01:55:00,9122.38
13272,2025-07-15 02:00:00,9006.39
13273,2025-07-15 02:05:00,9066.39
13274,2025-07-15 02:10:00,8994.35
13275,2025-07-15 02:15:00,8978.369999999999
13276,2025-07-15 02:20:00,9010.36
13277,2025-07-15 02:25:00,9054.38
13278,2025-07-15 02:30:00,9086.39
13279,2025-07-15 02:35:00,9054.41
13280,2025-07-15 02:40:00,9010.4
13281,2025-07-15 02:45:00,9126.37
13282,2025-07-15 02:50:00,9174.38
13283,2025-07-15 02:55:00,9170.34
13284,2025-07-15 03:00:00,9154.37
13285,2025-07-15 03:05:00,9222.39
13286,2025-07-15 03:10:00,9174.4
13287,2025-07-15 03:15:00,9190.35
13288,2025-07-15 03:20:00,9090.36
13289,2025-07-15 03:25:00,9094.37
13290,2025-07-15 03:30:00,9066.37
13291,2025-07-15 03:35:00,9106.39
13292,2025-07-15 03:40:00,9102.36
13293,2025-07-15 03:45:00,9038.37
13294,2025-07-15 03:50:00,9150.35
13295,2025-07-15 03:55:00,9146.36
13296,2025-07-15 04:00:00,9134.37
13297,2025-07-15 04:05:00,8998.4
13298,2025-07-15 04:10:00,9014.38
13299,2025-07-15 04:15:00,9030.35
13300,2025-07-15 04:20:00,9150.39
13301,2025-07-15 04:25:00,9094.38
13302,2025-07-15 04:30:00,9214.38
13303,2025-07-15 04:35:00,9186.4
13304,2025-07-15 04:40:00,9134.39
13305,2025-07-15 04:45:00,9070.39
13306,2025-07-15 04:50:00,8978.380000000001
13307,2025-07-15 04:55:00,9022.37
13308,2025-07-15 05:00:00,9110.36
13309,2025-07-15 05:05:00,9070.4
13310,2025-07-15 05:10:00,9126.35
13311,2025-07-15 05:15:00,9070.36
13312,2025-07-15 05:20:00,8990.34
13313,2025-07-15 05:25:00,8958.369999999999
13314,2025-07-15 05:30:00,9158.39
13315,2025-07-15 05:35:00,8962.369999999999
13316,2025-07-15 05:40:00,9022.38
13317,2025-07-15 05:45:00,9006.36
13318,2025-07-15 05:50:00,9082.38
13319,2025-07-15 05:55:00,9098.38
13320,2025-07-15 06:00:00,9050.4
13321,2025-07-15 06:05:00,9078.35
13322,2025-07-15 06:10:00,9214.37
13323,2025-07-15 06:15:00,9126.38
13324,2025-07-15 06:20:00,9102.4
13325,2025-07-15 06:25:00,9090.41
13326,2025-07-15 06:30:00,9146.39
13327,2025-07-15 06:35:00,9254.4
13328,2025-07-15 06:40:00,9126.37
13329,2025-07-15 06:45:00,9366.37
13330,2025-07-15 06:50:00,9118.4
13331,2025-07-15 06:55:00,8954.380000000001
13332,2025-07-15 07:00:00,8990.39
13333,2025-07-15 07:05:00,9342.37
13334,2025-07-15 07:10:00,9178.41
13335,2025-07-15 07:15:00,9170.42
13336,2025-07-15 07:20:00,9114.38
13337,2025-07-15 07:25:00,9286.35
13338,2025-07-15 07:30:00,9198.38
13339,2025-07-15 07:35:00,9126.4
13340,2025-07-15 07:40:00,8974.39
13341,2025-07-15 07:45:00,9362.37
13342,2025-07-15 07:50:00,9218.38
13343,2025-07-15 07:55:00,9094.37
13344,2025-07-15 08:00:00,9146.37
13345,2025-07-15 08:05:00,9138.38
13346,2025-07-15 08:10:00,9014.45
13347,2025-07-15 08:15:00,9142.4
13348,2025-07-15 08:20:00,9094.43
13349,2025-07-15 08:25:00,9094.36
13350,2025-07-15 08:30:00,9278.38
13351,2025-07-15 08:35:00,9246.37
13352,2025-07-15 08:40:00,9106.38
13353,2025-07-15 08:45:00,9130.4
13354,2025-07-15 08:50:00,8998.36
13355,2025-07-15 08:55:00,9210.37
13356,2025-07-15 09:00:00,9406.36
13357,2025-07-15 09:05:00,9282.38
13358,2025-07-15 09:10:00,9298.39
13359,2025-07-15 09:15:00,9002.369999999999
13360,2025-07-15 09:20:00,8966.39
13361,2025-07-15 09:25:00,9094.39
13362,2025-07-15 09:30:00,9186.39
13363,2025-07-15 09:35:00,9282.38
13364,2025-07-15 09:40:00,9170.38
13365,2025-07-15 09:45:00,8910.4
13366,2025-07-15 09:50:00,9126.39
13367,2025-07-15 09:55:00,9250.35
13368,2025-07-15 10:00:00,9130.38
13369,2025-07-15 10:05:00,9206.37
13370,2025-07-15 10:10:00,9022.37
13371,2025-07-15 10:15:00,9006.39
13372,2025-07-15 10:20:00,9178.38
13373,2025-07-15 10:25:00,9238.35
13374,2025-07-15 10:30:00,9270.36
13375,2025-07-15 10:35:00,9010.4
13376,2025-07-15 10:40:00,8994.380000000001
13377,2025-07-15 10:45:00,9082.37
13378,2025-07-15 10:50:00,9334.38
13379,2025-07-15 10:55:00,9186.37
13380,2025-07-15 11:00:00,9342.36
13381,2025-07-15 11:05:00,9042.39
13382,2025-07-15 11:10:00,9138.4
13383,2025-07-15 11:15:00,9358.39
13384,2025-07-15 11:20:00,9214.36
13385,2025-07-15 11:25:00,9146.37
13386,2025-07-15 11:30:00,9054.43
13387,2025-07-15 11:35:00,8970.42
13388,2025-07-15 11:40:00,8870.4
13389,2025-07-15 11:45:00,8930.380000000001
13390,2025-07-15 11:50:00,8970.35
13391,2025-07-15 11:55:00,9006.369999999999
13392,2025-07-15 12:00:00,9010.43
13393,2025-07-15 12:05:00,8998.369999999999
13394,2025-07-15 12:10:00,9046.38
13395,2025-07-15 12:15:00,9078.35
13396,2025-07-15 12:20:00,9026.37
13397,2025-07-15 12:25:00,9050.42
13398,2025-07-15 12:30:00,9030.39
13399,2025-07-15 12:35:00,8962.4
13400,2025-07-15 12:40:00,9046.39
13401,2025-07-15 12:45:00,8978.369999999999
13402,2025-07-15 12:50:00,8994.380000000001
13403,2025-07-15 12:55:00,9014.34
13404,2025-07-15 13:00:00,8946.369999999999
13405,2025-07-15 13:05:00,8942.380000000001
13406,2025-07-15 13:10:00,8938.369999999999
13407,2025-07-15 13:15:00,9054.41
13408,2025-07-15 13:20:00,8986.39
13409,2025-07-15 13:25:00,8986.36
13410,2025-07-15 13:30:00,8970.34
13411,2025-07-15 13:35:00,9006.35
13412,2025-07-15 13:40:00,9030.36
13413,2025-07-15 13:45:00,9010.37
13414,2025-07-15 13:50:00,9074.38
13415,2025-07-15 13:55:00,8990.39
13416,2025-07-15 14:00:00,9026.37
13417,2025-07-15 14:05:00,9026.37
13418,2025-07-15 14:10:00,9078.38
13419,2025-07-15 14:15:00,9078.35
13420,2025-07-15 14:20:00,9106.38
13421,2025-07-15 14:25:00,9166.35
13422,2025-07-15 14:30:00,9166.35
13423,2025-07-15 14:35:00,9066.37
13424,2025-07-15 14:40:00,9230.35
13425,2025-07-15 14:45:00,9090.37
13426,2025-07-15 14:50:00,9270.38
13427,2025-07-15 14:55:00,8994.380000000001
13428,2025-07-15 15:00:00,9066.37
13429,2025-07-15 15:05:00,9226.39
13430,2025-07-15 15:10:00,9238.36
13431,2025-07-15 15:15:00,9094.39
13432,2025-07-15 15:20:00,9338.37
13433,2025-07-15 15:25:00,9206.38
13434,2025-07-15 15:30:00,9290.37
13435,2025-07-15 15:35:00,9302.38
13436,2025-07-15 15:40:00,9362.37
13437,2025-07-15 15:45:00,9182.35
13438,2025-07-15 15:50:00,9254.4
13439,2025-07-15 15:55:00,9150.37
13440,2025-07-15 16:00:00,9166.37
13441,2025-07-15 16:05:00,9158.36
13442,2025-07-15 16:10:00,9262.37
13443,2025-07-15 16:15:00,9302.37
13444,2025-07-15 16:20:00,9118.36
13445,2025-07-15 16:25:00,9326.35
13446,2025-07-15 16:30:00,9370.38
13447,2025-07-15 16:35:00,9338.38
13448,2025-07-15 16:40:00,9166.43
13449,2025-07-15 16:45:00,9190.37
13450,2025-07-15 16:50:00,9106.38
13451,2025-07-15 16:55:00,9286.36
13452,2025-07-15 17:00:00,9354.36
13453,2025-07-15 17:05:00,9178.38
13454,2025-07-15 17:10:00,9190.38
13455,2025-07-15 17:15:00,9146.38
13456,2025-07-15 17:20:00,9174.38
13457,2025-07-15 17:25:00,9110.39
13458,2025-07-15 17:30:00,9010.38
13459,2025-07-15 17:35:00,9138.35
13460,2025-07-15 17:40:00,9106.37
13461,2025-07-15 17:45:00,9086.37
13462,2025-07-15 17:50:00,9070.38
13463,2025-07-15 17:55:00,9030.41
13464,2025-07-15 18:00:00,9062.37
13465,2025-07-15 18:05:00,8998.35
13466,2025-07-15 18:10:00,9166.36
13467,2025-07-15 18:15:00,9014.37
13468,2025-07-15 18:20:00,8974.369999999999
13469,2025-07-15 18:25:00,9062.34
13470,2025-07-15 18:30:00,8998.35
13471,2025-07-15 18:35:00,9042.41
13472,2025-07-15 18:40:00,9010.37
13473,2025-07-15 18:45:00,9266.35
13474,2025-07-15 18:50:00,9102.36
13475,2025-07-15 18:55:00,9106.39
13476,2025-07-15 19:00:00,9202.34
13477,2025-07-15 19:05:00,9174.37
13478,2025-07-15 19:10:00,9054.36
13479,2025-07-15 19:15:00,9206.37
13480,2025-07-15 19:20:00,9274.38
13481,2025-07-15 19:25:00,9398.38
13482,2025-07-15 19:30:00,9402.38
13483,2025-07-15 19:35:00,9162.37
13484,2025-07-15 19:40:00,9470.4
13485,2025-07-15 19:45:00,9286.39
13486,2025-07-15 19:50:00,9446.34
13487,2025-07-15 19:55:00,9218.38
13488,2025-07-15 20:00:00,9210.39
13489,2025-07-15 20:05:00,9050.4
13490,2025-07-15 20:10:00,9106.37
13491,2025-07-15 20:15:00,9326.35
13492,2025-07-15 20:20:00,9238.41
13493,2025-07-15 20:25:00,9226.37
13494,2025-07-15 20:30:00,9226.35
13495,2025-07-15 20:35:00,9422.37
13496,2025-07-15 20:40:00,9182.4
13497,2025-07-15 20:45:00,9150.37
13498,2025-07-15 20:50:00,9302.39
13499,2025-07-15 20:55:00,9314.4
13500,2025-07-15 21:00:00,9382.37
13501,2025-07-15 21:05:00,8966.369999999999
13502,2025-07-15 21:10:00,9030.39
13503,2025-07-15 21:15:00,8966.34
13504,2025-07-15 21:20:00,8990.369999999999
13505,2025-07-15 21:25:00,8974.369999999999
13506,2025-07-15 21:30:00,9122.39
13507,2025-07-15 21:35:00,9046.38
13508,2025-07-15 21:40:00,9050.4
13509,2025-07-15 21:45:00,8978.380000000001
13510,2025-07-15 21:50:00,8958.369999999999
13511,2025-07-15 21:55:00,8994.39
13512,2025-07-15 22:00:00,9070.37
13513,2025-07-15 22:05:00,9098.39
13514,2025-07-15 22:10:00,9090.4
13515,2025-07-15 22:15:00,9042.37
13516,2025-07-15 22:20:00,9106.37
13517,2025-07-15 22:25:00,9074.38
13518,2025-07-15 22:30:00,9094.37
13519,2025-07-15 22:35:00,9058.39
13520,2025-07-15 22:40:00,8994.369999999999
13521,2025-07-15 22:45:00,9042.39
13522,2025-07-15 22:50:00,8994.36
13523,2025-07-15 22:55:00,9034.38
13524,2025-07-15 23:00:00,9026.4
13525,2025-07-15 23:05:00,8966.380000000001
13526,2025-07-15 23:10:00,9082.44
13527,2025-07-15 23:15:00,9066.39
13528,2025-07-15 23:20:00,9074.37
13529,2025-07-15 23:25:00,9078.38
13530,2025-07-15 23:30:00,9142.37
13531,2025-07-15 23:35:00,9102.42
13532,2025-07-15 23:40:00,9074.35
13533,2025-07-15 23:45:00,9094.38
13534,2025-07-15 23:50:00,9102.43
13535,2025-07-15 23:55:00,9098.41
13536,2025-07-16 00:00:00,9030.37
13537,2025-07-16 00:05:00,9034.37
13538,2025-07-16 00:10:00,9070.39
13539,2025-07-16 00:15:00,9022.41
13540,2025-07-16 00:20:00,9006.380000000001
13541,2025-07-16 00:25:00,9098.37
13542,2025-07-16 00:30:00,9026.4
13543,2025-07-16 00:35:00,9074.37
13544,2025-07-16 00:40:00,9062.37
13545,2025-07-16 00:45:00,9058.38
13546,2025-07-16 00:50:00,9102.38
13547,2025-07-16 00:55:00,9070.39
13548,2025-07-16 01:00:00,9058.38
13549,2025-07-16 01:05:00,9066.38
13550,2025-07-16 01:10:00,9114.39
13551,2025-07-16 01:15:00,9122.39
13552,2025-07-16 01:20:00,9030.38
13553,2025-07-16 01:25:00,9010.38
13554,2025-07-16 01:30:00,9094.39
13555,2025-07-16 01:35:00,9066.36
13556,2025-07-16 01:40:00,9034.39
13557,2025-07-16 01:45:00,9054.4
13558,2025-07-16 01:50:00,9058.36
13559,2025-07-16 01:55:00,9014.37
13560,2025-07-16 02:00:00,9062.4
13561,2025-07-16 02:05:00,9098.36
13562,2025-07-16 02:10:00,9086.37
13563,2025-07-16 02:15:00,9058.37
13564,2025-07-16 02:20:00,8994.39
13565,2025-07-16 02:25:00,9094.41
13566,2025-07-16 02:30:00,8978.380000000001
13567,2025-07-16 02:35:00,8966.380000000001
13568,2025-07-16 02:40:00,9114.39
13569,2025-07-16 02:45:00,9054.38
13570,2025-07-16 02:50:00,9062.38
13571,2025-07-16 02:55:00,9030.4
13572,2025-07-16 03:00:00,9110.39
13573,2025-07-16 03:05:00,9082.37
13574,2025-07-16 03:10:00,9010.39
13575,2025-07-16 03:15:00,8998.36
13576,2025-07-16 03:20:00,8966.369999999999
13577,2025-07-16 03:25:00,9042.36
13578,2025-07-16 03:30:00,8994.39
13579,2025-07-16 03:35:00,8994.39
13580,2025-07-16 03:40:00,9054.39
13581,2025-07-16 03:45:00,9094.37
13582,2025-07-16 03:50:00,9114.37
13583,2025-07-16 03:55:00,9114.39
13584,2025-07-16 04:00:00,9042.38
13585,2025-07-16 04:05:00,9134.37
13586,2025-07-16 04:10:00,9054.36
13587,2025-07-16 04:15:00,9046.37
13588,2025-07-16 04:20:00,9122.37
13589,2025-07-16 04:25:00,9074.37
13590,2025-07-16 04:30:00,9070.37
13591,2025-07-16 04:35:00,9034.37
13592,2025-07-16 04:40:00,9090.39
13593,2025-07-16 04:45:00,9126.35
13594,2025-07-16 04:50:00,9150.36
13595,2025-07-16 04:55:00,8998.34
13596,2025-07-16 05:00:00,9130.41
13597,2025-07-16 05:05:00,9106.37
13598,2025-07-16 05:10:00,9130.4
13599,2025-07-16 05:15:00,9118.37
13600,2025-07-16 05:20:00,9070.34
13601,2025-07-16 05:25:00,8942.42
13602,2025-07-16 05:30:00,9074.39
13603,2025-07-16 05:35:00,9102.42
13604,2025-07-16 05:40:00,9262.35
13605,2025-07-16 05:45:00,9090.37
13606,2025-07-16 05:50:00,9202.4
13607,2025-07-16 05:55:00,9150.37
13608,2025-07-16 06:00:00,9178.37
13609,2025-07-16 06:05:00,9190.38
13610,2025-07-16 06:10:00,9250.41
13611,2025-07-16 06:15:00,9214.38
13612,2025-07-16 06:20:00,9162.38
13613,2025-07-16 06:25:00,9106.39
13614,2025-07-16 06:30:00,9034.38
13615,2025-07-16 06:35:00,9322.39
13616,2025-07-16 06:40:00,9370.38
13617,2025-07-16 06:45:00,9378.35
13618,2025-07-16 06:50:00,9250.39
13619,2025-07-16 06:55:00,9138.37
13620,2025-07-16 07:00:00,9314.35
13621,2025-07-16 07:05:00,9386.37
13622,2025-07-16 07:10:00,9362.4
13623,2025-07-16 07:15:00,9274.38
13624,2025-07-16 07:20:00,9182.37
13625,2025-07-16 07:25:00,9006.39
13626,2025-07-16 07:30:00,9206.35
13627,2025-07-16 07:35:00,9290.37
13628,2025-07-16 07:40:00,9422.39
13629,2025-07-16 07:45:00,9426.38
13630,2025-07-16 07:50:00,9118.36
13631,2025-07-16 07:55:00,9366.4
13632,2025-07-16 08:00:00,9378.38
13633,2025-07-16 08:05:00,9298.44
13634,2025-07-16 08:10:00,9294.37
13635,2025-07-16 08:15:00,9054.4
13636,2025-07-16 08:20:00,9126.37
13637,2025-07-16 08:25:00,9194.38
13638,2025-07-16 08:30:00,9354.4
13639,2025-07-16 08:35:00,9254.38
13640,2025-07-16 08:40:00,9430.37
13641,2025-07-16 08:45:00,9158.4
13642,2025-07-16 08:50:00,9150.37
13643,2025-07-16 08:55:00,9230.35
13644,2025-07-16 09:00:00,9342.38
13645,2025-07-16 09:05:00,9338.39
13646,2025-07-16 09:10:00,9178.39
13647,2025-07-16 09:15:00,9282.39
13648,2025-07-16 09:20:00,9114.37
13649,2025-07-16 09:25:00,9286.4
13650,2025-07-16 09:30:00,9442.42
13651,2025-07-16 09:35:00,9366.36
13652,2025-07-16 09:40:00,9350.38
13653,2025-07-16 09:45:00,9162.39
13654,2025-07-16 09:50:00,9278.33
13655,2025-07-16 09:55:00,9290.37
13656,2025-07-16 10:00:00,9282.35
13657,2025-07-16 10:05:00,9374.41
13658,2025-07-16 10:10:00,9270.39
13659,2025-07-16 10:15:00,9422.38
13660,2025-07-16 10:20:00,9190.36
13661,2025-07-16 10:25:00,9126.36
13662,2025-07-16 10:30:00,9266.39
13663,2025-07-16 10:35:00,9282.43
13664,2025-07-16 10:40:00,9482.37
13665,2025-07-16 10:45:00,9486.38
13666,2025-07-16 10:50:00,9598.34
13667,2025-07-16 10:55:00,9602.37
13668,2025-07-16 11:00:00,9370.41
13669,2025-07-16 11:05:00,9362.37
13670,2025-07-16 11:10:00,9534.39
13671,2025-07-16 11:15:00,9558.35
13672,2025-07-16 11:20:00,9458.35
13673,2025-07-16 11:25:00,9418.36
13674,2025-07-16 11:30:00,9346.38
13675,2025-07-16 11:35:00,9270.39
13676,2025-07-16 11:40:00,9402.39
13677,2025-07-16 11:45:00,9438.39
13678,2025-07-16 11:50:00,9378.37
13679,2025-07-16 11:55:00,9478.4
13680,2025-07-16 12:00:00,9430.4
13681,2025-07-16 12:05:00,9466.37
13682,2025-07-16 12:10:00,9390.38
13683,2025-07-16 12:15:00,9390.38
13684,2025-07-16 12:20:00,9326.38
13685,2025-07-16 12:25:00,9350.38
13686,2025-07-16 12:30:00,9378.37
13687,2025-07-16 12:35:00,9394.34
13688,2025-07-16 12:40:00,9350.39
13689,2025-07-16 12:45:00,9414.37
13690,2025-07-16 12:50:00,9402.37
13691,2025-07-16 12:55:00,9490.36
13692,2025-07-16 13:00:00,9430.39
13693,2025-07-16 13:05:00,9470.37
13694,2025-07-16 13:10:00,9442.43
13695,2025-07-16 13:15:00,9442.39
13696,2025-07-16 13:20:00,9494.39
13697,2025-07-16 13:25:00,9434.38
13698,2025-07-16 13:30:00,9322.39
13699,2025-07-16 13:35:00,9454.4
13700,2025-07-16 13:40:00,9458.42
13701,2025-07-16 13:45:00,9486.41
13702,2025-07-16 13:50:00,9582.34
13703,2025-07-16 13:55:00,9446.4
13704,2025-07-16 14:00:00,9586.42
13705,2025-07-16 14:05:00,9598.37
13706,2025-07-16 14:10:00,9534.37
13707,2025-07-16 14:15:00,9618.39
13708,2025-07-16 14:20:00,9850.44
13709,2025-07-16 14:25:00,9682.38
13710,2025-07-16 14:30:00,9546.39
13711,2025-07-16 14:35:00,9662.39
13712,2025-07-16 14:40:00,9590.36
13713,2025-07-16 14:45:00,9686.37
13714,2025-07-16 14:50:00,9738.39
13715,2025-07-16 14:55:00,9894.4
13716,2025-07-16 15:00:00,9782.42
13717,2025-07-16 15:05:00,9650.39
13718,2025-07-16 15:10:00,9754.41
13719,2025-07-16 15:15:00,9698.37
13720,2025-07-16 15:20:00,9498.37
13721,2025-07-16 15:25:00,9526.4
13722,2025-07-16 15:30:00,9854.4
13723,2025-07-16 15:35:00,9742.39
13724,2025-07-16 15:40:00,9750.39
13725,2025-07-16 15:45:00,9622.35
13726,2025-07-16 15:50:00,9550.38
13727,2025-07-16 15:55:00,9666.38
13728,2025-07-16 16:00:00,9658.38
13729,2025-07-16 16:05:00,10022.38
13730,2025-07-16 16:10:00,9846.35
13731,2025-07-16 16:15:00,9578.39
13732,2025-07-16 16:20:00,9582.4
13733,2025-07-16 16:25:00,9606.37
13734,2025-07-16 16:30:00,9878.4
13735,2025-07-16 16:35:00,9826.39
13736,2025-07-16 16:40:00,9874.37
13737,2025-07-16 16:45:00,9882.39
13738,2025-07-16 16:50:00,9606.38
13739,2025-07-16 16:55:00,9730.4
13740,2025-07-16 17:00:00,9862.38
13741,2025-07-16 17:05:00,9950.35
13742,2025-07-16 17:10:00,9802.4
13743,2025-07-16 17:15:00,9606.43
13744,2025-07-16 17:20:00,9630.42
13745,2025-07-16 17:25:00,9726.41
13746,2025-07-16 17:30:00,9702.37
13747,2025-07-16 17:35:00,9738.4
13748,2025-07-16 17:40:00,9754.4
13749,2025-07-16 17:45:00,9554.42
13750,2025-07-16 17:50:00,9534.39
13751,2025-07-16 17:55:00,9474.4
13752,2025-07-16 18:00:00,9534.38
13753,2025-07-16 18:05:00,9518.38
13754,2025-07-16 18:10:00,9614.37
13755,2025-07-16 18:15:00,9502.4
13756,2025-07-16 18:20:00,9606.38
13757,2025-07-16 18:25:00,9726.37
13758,2025-07-16 18:30:00,9502.41
13759,2025-07-16 18:35:00,9574.39
13760,2025-07-16 18:40:00,9606.42
13761,2025-07-16 18:45:00,9538.38
13762,2025-07-16 18:50:00,9598.36
13763,2025-07-16 18:55:00,9514.39
13764,2025-07-16 19:00:00,9818.35
13765,2025-07-16 19:05:00,9906.37
13766,2025-07-16 19:10:00,9470.39
13767,2025-07-16 19:15:00,9662.4
13768,2025-07-16 19:20:00,9618.34
13769,2025-07-16 19:25:00,9598.4
13770,2025-07-16 19:30:00,9694.39
13771,2025-07-16 19:35:00,9530.37
13772,2025-07-16 19:40:00,9518.43
13773,2025-07-16 19:45:00,9742.37
13774,2025-07-16 19:50:00,9806.37
13775,2025-07-16 19:55:00,9630.38
13776,2025-07-16 20:00:00,9654.39
13777,2025-07-16 20:05:00,9566.38
13778,2025-07-16 20:10:00,9650.42
13779,2025-07-16 20:15:00,9886.38
13780,2025-07-16 20:20:00,9734.41
13781,2025-07-16 20:25:00,9510.37
13782,2025-07-16 20:30:00,9686.38
13783,2025-07-16 20:35:00,9514.38
13784,2025-07-16 20:40:00,9402.35
13785,2025-07-16 20:45:00,9602.38
13786,2025-07-16 20:50:00,9522.36
13787,2025-07-16 20:55:00,9590.4
13788,2025-07-16 21:00:00,9354.38
13789,2025-07-16 21:05:00,9582.35
13790,2025-07-16 21:10:00,9398.39
13791,2025-07-16 21:15:00,9666.4
13792,2025-07-16 21:20:00,9622.4
13793,2025-07-16 21:25:00,9374.39
13794,2025-07-16 21:30:00,9478.4
13795,2025-07-16 21:35:00,9438.41
13796,2025-07-16 21:40:00,9386.37
13797,2025-07-16 21:45:00,9426.39
13798,2025-07-16 21:50:00,9370.39
13799,2025-07-16 21:55:00,9522.35
13800,2025-07-16 22:00:00,9594.37
13801,2025-07-16 22:05:00,9622.42
13802,2025-07-16 22:10:00,9482.39
13803,2025-07-16 22:15:00,9402.39
13804,2025-07-16 22:20:00,9390.38
13805,2025-07-16 22:25:00,9550.43
13806,2025-07-16 22:30:00,9438.43
13807,2025-07-16 22:35:00,9514.37
13808,2025-07-16 22:40:00,9522.36
13809,2025-07-16 22:45:00,9566.39
13810,2025-07-16 22:50:00,9514.4
13811,2025-07-16 22:55:00,9510.36
13812,2025-07-16 23:00:00,9434.37
13813,2025-07-16 23:05:00,9450.38
13814,2025-07-16 23:10:00,9482.34
13815,2025-07-16 23:15:00,9582.39
13816,2025-07-16 23:20:00,9578.37
13817,2025-07-16 23:25:00,9498.38
13818,2025-07-16 23:30:00,9454.39
13819,2025-07-16 23:35:00,9458.39
13820,2025-07-16 23:40:00,9534.38
13821,2025-07-16 23:45:00,9434.36
13822,2025-07-16 23:50:00,9526.38
13823,2025-07-16 23:55:00,9530.35
13824,2025-07-17 00:00:00,9570.39
13825,2025-07-17 00:05:00,9622.39
13826,2025-07-17 00:10:00,9542.39
13827,2025-07-17 00:15:00,9634.38
13828,2025-07-17 00:20:00,9494.39
13829,2025-07-17 00:25:00,9494.37
13830,2025-07-17 00:30:00,9466.38
13831,2025-07-17 00:35:00,9586.4
13832,2025-07-17 00:40:00,9498.38
13833,2025-07-17 00:45:00,9538.4
13834,2025-07-17 00:50:00,9466.38
13835,2025-07-17 00:55:00,9450.41
13836,2025-07-17 01:00:00,9506.42
13837,2025-07-17 01:05:00,9382.39
13838,2025-07-17 01:10:00,9434.41
13839,2025-07-17 01:15:00,9566.4
13840,2025-07-17 01:20:00,9494.36
13841,2025-07-17 01:25:00,9666.38
13842,2025-07-17 01:30:00,9462.34
13843,2025-07-17 01:35:00,9386.37
13844,2025-07-17 01:40:00,9410.37
13845,2025-07-17 01:45:00,9414.38
13846,2025-07-17 01:50:00,9442.36
13847,2025-07-17 01:55:00,9402.41
13848,2025-07-17 02:00:00,9406.37
13849,2025-07-17 02:05:00,9574.39
13850,2025-07-17 02:10:00,9462.37
13851,2025-07-17 02:15:00,9482.37
13852,2025-07-17 02:20:00,9510.36
13853,2025-07-17 02:25:00,9550.4
13854,2025-07-17 02:30:00,9658.37
13855,2025-07-17 02:35:00,9502.39
13856,2025-07-17 02:40:00,9450.39
13857,2025-07-17 02:45:00,9578.39
13858,2025-07-17 02:50:00,9410.37
13859,2025-07-17 02:55:00,9514.35
13860,2025-07-17 03:00:00,9578.39
13861,2025-07-17 03:05:00,9578.39
13862,2025-07-17 03:10:00,9446.39
13863,2025-07-17 03:15:00,9486.37
13864,2025-07-17 03:20:00,9518.37
13865,2025-07-17 03:25:00,9454.37
13866,2025-07-17 03:30:00,9462.4
13867,2025-07-17 03:35:00,9470.43
13868,2025-07-17 03:40:00,9506.41
13869,2025-07-17 03:45:00,9506.38
13870,2025-07-17 03:50:00,9494.35
13871,2025-07-17 03:55:00,9498.41
13872,2025-07-17 04:00:00,9406.38
13873,2025-07-17 04:05:00,9334.38
13874,2025-07-17 04:10:00,9610.4
13875,2025-07-17 04:15:00,9570.37
13876,2025-07-17 04:20:00,9506.39
13877,2025-07-17 04:25:00,9374.4
13878,2025-07-17 04:30:00,9450.37
13879,2025-07-17 04:35:00,9450.4
13880,2025-07-17 04:40:00,9506.37
13881,2025-07-17 04:45:00,9514.38
13882,2025-07-17 04:50:00,9530.4
13883,2025-07-17 04:55:00,9554.38
13884,2025-07-17 05:00:00,9482.37
13885,2025-07-17 05:05:00,9566.39
13886,2025-07-17 05:10:00,9454.39
13887,2025-07-17 05:15:00,9446.39
13888,2025-07-17 05:20:00,9570.4
13889,2025-07-17 05:25:00,9530.38
13890,2025-07-17 05:30:00,9458.38
13891,2025-07-17 05:35:00,9330.39
13892,2025-07-17 05:40:00,9462.38
13893,2025-07-17 05:45:00,9586.39
13894,2025-07-17 05:50:00,9462.38
13895,2025-07-17 05:55:00,9574.39
13896,2025-07-17 06:00:00,9570.37
13897,2025-07-17 06:05:00,9486.42
13898,2025-07-17 06:10:00,9498.37
13899,2025-07-17 06:15:00,9454.4
13900,2025-07-17 06:20:00,9394.4
13901,2025-07-17 06:25:00,9482.37
13902,2025-07-17 06:30:00,9590.4
13903,2025-07-17 06:35:00,9562.4
13904,2025-07-17 06:40:00,9554.38
13905,2025-07-17 06:45:00,9598.42
13906,2025-07-17 06:50:00,9494.39
13907,2025-07-17 06:55:00,9574.38
13908,2025-07-17 07:00:00,9486.4
13909,2025-07-17 07:05:00,9694.39
13910,2025-07-17 07:10:00,9694.37
13911,2025-07-17 07:15:00,9518.37
13912,2025-07-17 07:20:00,9450.35
13913,2025-07-17 07:25:00,9674.36
13914,2025-07-17 07:30:00,9538.38
13915,2025-07-17 07:35:00,9502.39
13916,2025-07-17 07:40:00,9514.39
13917,2025-07-17 07:45:00,9482.39
13918,2025-07-17 07:50:00,9650.36
13919,2025-07-17 07:55:00,9694.4
13920,2025-07-17 08:00:00,9506.4
13921,2025-07-17 08:05:00,9614.36
13922,2025-07-17 08:10:00,9626.37
13923,2025-07-17 08:15:00,9578.37
13924,2025-07-17 08:20:00,9574.41
13925,2025-07-17 08:25:00,9518.39
13926,2025-07-17 08:30:00,9554.36
13927,2025-07-17 08:35:00,9402.38
13928,2025-07-17 08:40:00,9466.39
13929,2025-07-17 08:45:00,9542.39
13930,2025-07-17 08:50:00,9542.39
13931,2025-07-17 08:55:00,9770.39
13932,2025-07-17 09:00:00,9570.37
13933,2025-07-17 09:05:00,9578.36
13934,2025-07-17 09:10:00,9486.36
13935,2025-07-17 09:15:00,9590.37
13936,2025-07-17 09:20:00,9626.41
13937,2025-07-17 09:25:00,9554.38
13938,2025-07-17 09:30:00,9654.38
13939,2025-07-17 09:35:00,9450.34
13940,2025-07-17 09:40:00,9538.4
13941,2025-07-17 09:45:00,9618.39
13942,2025-07-17 09:50:00,9746.37
13943,2025-07-17 09:55:00,9682.36
13944,2025-07-17 10:00:00,9542.38
13945,2025-07-17 10:05:00,9450.41
13946,2025-07-17 10:10:00,9514.38
13947,2025-07-17 10:15:00,9702.35
13948,2025-07-17 10:20:00,9558.38
13949,2025-07-17 10:25:00,9478.45
13950,2025-07-17 10:30:00,9462.34
13951,2025-07-17 10:35:00,9450.39
13952,2025-07-17 10:40:00,9478.37
13953,2025-07-17 10:45:00,9550.36
13954,2025-07-17 10:50:00,9570.37
13955,2025-07-17 10:55:00,9582.38
13956,2025-07-17 11:00:00,9458.38
13957,2025-07-17 11:05:00,9418.36
13958,2025-07-17 11:10:00,9486.41
13959,2025-07-17 11:15:00,9650.34
13960,2025-07-17 11:20:00,9594.37
13961,2025-07-17 11:25:00,9514.39
13962,2025-07-17 11:30:00,9374.39
13963,2025-07-17 11:35:00,9438.39
13964,2025-07-17 11:40:00,9474.36
13965,2025-07-17 11:45:00,9376.0
13966,2025-07-17 11:50:00,9374.4
13967,2025-07-17 11:55:00,9478.38
13968,2025-07-17 12:00:00,9430.42
13969,2025-07-17 12:05:00,9466.41
13970,2025-07-17 12:10:00,9486.36
13971,2025-07-17 12:15:00,9370.42
13972,2025-07-17 12:20:00,9518.4
13973,2025-07-17 12:25:00,9426.39
13974,2025-07-17 12:30:00,9454.37
13975,2025-07-17 12:35:00,9486.37
13976,2025-07-17 12:40:00,9438.39
13977,2025-07-17 12:45:00,9502.39
13978,2025-07-17 12:50:00,9462.36
13979,2025-07-17 12:55:00,9470.36
13980,2025-07-17 13:00:00,9430.4
13981,2025-07-17 13:05:00,9434.4
13982,2025-07-17 13:10:00,9414.37
13983,2025-07-17 13:15:00,9470.39
13984,2025-07-17 13:20:00,9446.4
13985,2025-07-17 13:25:00,9374.4
13986,2025-07-17 13:30:00,9534.37
13987,2025-07-17 13:35:00,9486.39
13988,2025-07-17 13:40:00,9450.39
13989,2025-07-17 13:45:00,9614.38
13990,2025-07-17 13:50:00,9490.37
13991,2025-07-17 13:55:00,9574.34
13992,2025-07-17 14:00:00,9466.39
13993,2025-07-17 14:05:00,9434.4
13994,2025-07-17 14:10:00,9494.35
13995,2025-07-17 14:15:00,9386.39
13996,2025-07-17 14:20:00,9534.41
13997,2025-07-17 14:25:00,9562.38
13998,2025-07-17 14:30:00,9378.36
13999,2025-07-17 14:35:00,9474.39
14000,2025-07-17 14:40:00,9510.37
14001,2025-07-17 14:45:00,9410.37
14002,2025-07-17 14:50:00,9398.39
14003,2025-07-17 14:55:00,9450.36
14004,2025-07-17 15:00:00,9562.37
14005,2025-07-17 15:05:00,9582.42
14006,2025-07-17 15:10:00,9314.4
14007,2025-07-17 15:15:00,9282.37
14008,2025-07-17 15:20:00,9214.39
14009,2025-07-17 15:25:00,9394.34
14010,2025-07-17 15:30:00,9506.4
14011,2025-07-17 15:35:00,9606.4
14012,2025-07-17 15:40:00,9490.39
14013,2025-07-17 15:45:00,9650.39
14014,2025-07-17 15:50:00,9634.37
14015,2025-07-17 15:55:00,9482.34
14016,2025-07-17 16:00:00,9442.38
14017,2025-07-17 16:05:00,9518.38
14018,2025-07-17 16:10:00,9430.36
14019,2025-07-17 16:15:00,9426.37
14020,2025-07-17 16:20:00,9462.39
14021,2025-07-17 16:25:00,9638.36
14022,2025-07-17 16:30:00,9638.37
14023,2025-07-17 16:35:00,9710.42
14024,2025-07-17 16:40:00,9406.38
14025,2025-07-17 16:45:00,9482.42
14026,2025-07-17 16:50:00,9526.35
14027,2025-07-17 16:55:00,9430.39
14028,2025-07-17 17:00:00,9622.37
14029,2025-07-17 17:05:00,9634.36
14030,2025-07-17 17:10:00,9674.37
14031,2025-07-17 17:15:00,9486.35
14032,2025-07-17 17:20:00,9474.34
14033,2025-07-17 17:25:00,9498.4
14034,2025-07-17 17:30:00,9494.38
14035,2025-07-17 17:35:00,9478.4
14036,2025-07-17 17:40:00,9454.38
14037,2025-07-17 17:45:00,9550.37
14038,2025-07-17 17:50:00,9626.36
14039,2025-07-17 17:55:00,9534.34
14040,2025-07-17 18:00:00,9546.39
14041,2025-07-17 18:05:00,9346.39
14042,2025-07-17 18:10:00,9466.38
14043,2025-07-17 18:15:00,9398.34
14044,2025-07-17 18:20:00,9610.34
14045,2025-07-17 18:25:00,9418.38
14046,2025-07-17 18:30:00,9578.4
14047,2025-07-17 18:35:00,9602.35
14048,2025-07-17 18:40:00,9534.39
14049,2025-07-17 18:45:00,9446.4
14050,2025-07-17 18:50:00,9442.39
14051,2025-07-17 18:55:00,9666.37
14052,2025-07-17 19:00:00,9622.39
14053,2025-07-17 19:05:00,9598.39
14054,2025-07-17 19:10:00,9534.38
14055,2025-07-17 19:15:00,9514.36
14056,2025-07-17 19:20:00,9610.38
14057,2025-07-17 19:25:00,9746.35
14058,2025-07-17 19:30:00,9494.37
14059,2025-07-17 19:35:00,9386.37
14060,2025-07-17 19:40:00,9498.35
14061,2025-07-17 19:45:00,9630.38
14062,2025-07-17 19:50:00,9710.39
14063,2025-07-17 19:55:00,9586.37
14064,2025-07-17 20:00:00,9646.33
14065,2025-07-17 20:05:00,9406.35
14066,2025-07-17 20:10:00,9422.37
14067,2025-07-17 20:15:00,9470.37
14068,2025-07-17 20:20:00,9582.37
14069,2025-07-17 20:25:00,9674.39
14070,2025-07-17 20:30:00,9666.39
14071,2025-07-17 20:35:00,9642.38
14072,2025-07-17 20:40:00,9574.37
14073,2025-07-17 20:45:00,9514.37
14074,2025-07-17 20:50:00,9414.36
14075,2025-07-17 20:55:00,9510.39
14076,2025-07-17 21:00:00,9426.36
14077,2025-07-17 21:05:00,9662.34
14078,2025-07-17 21:10:00,9602.36
14079,2025-07-17 21:15:00,9602.39
14080,2025-07-17 21:20:00,9374.36
14081,2025-07-17 21:25:00,9426.41
14082,2025-07-17 21:30:00,9514.39
14083,2025-07-17 21:35:00,9650.38
14084,2025-07-17 21:40:00,9622.39
14085,2025-07-17 21:45:00,9578.37
14086,2025-07-17 21:50:00,9602.38
14087,2025-07-17 21:55:00,9374.36
14088,2025-07-17 22:00:00,9326.36
14089,2025-07-17 22:05:00,9486.4
14090,2025-07-17 22:10:00,9550.41
14091,2025-07-17 22:15:00,9510.35
14092,2025-07-17 22:20:00,9442.38
14093,2025-07-17 22:25:00,9314.42
14094,2025-07-17 22:30:00,9358.37
14095,2025-07-17 22:35:00,9322.38
14096,2025-07-17 22:40:00,9334.35
14097,2025-07-17 22:45:00,9498.38
14098,2025-07-17 22:50:00,9514.38
14099,2025-07-17 22:55:00,9626.37
14100,2025-07-17 23:00:00,9486.38
14101,2025-07-17 23:05:00,9590.39
14102,2025-07-17 23:10:00,9330.39
14103,2025-07-17 23:15:00,9378.36
14104,2025-07-17 23:20:00,9486.36
14105,2025-07-17 23:25:00,9558.4
14106,2025-07-17 23:30:00,9570.38
14107,2025-07-17 23:35:00,9594.41
14108,2025-07-17 23:40:00,9566.39
14109,2025-07-17 23:45:00,9458.36
14110,2025-07-17 23:50:00,9346.42
14111,2025-07-17 23:55:00,9498.34
14112,2025-07-18 00:00:00,9426.38
14113,2025-07-18 00:05:00,9574.39
14114,2025-07-18 00:10:00,9594.38
14115,2025-07-18 00:15:00,9482.38
14116,2025-07-18 00:20:00,9534.39
14117,2025-07-18 00:25:00,9386.4
14118,2025-07-18 00:30:00,9354.4
14119,2025-07-18 00:35:00,9486.35
14120,2025-07-18 00:40:00,9582.36
14121,2025-07-18 00:45:00,9566.4
14122,2025-07-18 00:50:00,9446.38
14123,2025-07-18 00:55:00,9586.37
14124,2025-07-18 01:00:00,9470.36
14125,2025-07-18 01:05:00,9394.36
14126,2025-07-18 01:10:00,9554.4
14127,2025-07-18 01:15:00,9546.39
14128,2025-07-18 01:20:00,9582.4
14129,2025-07-18 01:25:00,9490.4
14130,2025-07-18 01:30:00,9418.4
14131,2025-07-18 01:35:00,9506.42
14132,2025-07-18 01:40:00,9394.37
14133,2025-07-18 01:45:00,9434.39
14134,2025-07-18 01:50:00,9410.37
14135,2025-07-18 01:55:00,9462.37
14136,2025-07-18 02:00:00,9406.42
14137,2025-07-18 02:05:00,9410.39
14138,2025-07-18 02:10:00,9390.41
14139,2025-07-18 02:15:00,9374.34
14140,2025-07-18 02:20:00,9418.37
14141,2025-07-18 02:25:00,9398.36
14142,2025-07-18 02:30:00,9354.36
14143,2025-07-18 02:35:00,9326.43
14144,2025-07-18 02:40:00,9382.4
14145,2025-07-18 02:45:00,9250.38
14146,2025-07-18 02:50:00,9350.41
14147,2025-07-18 02:55:00,9290.39
14148,2025-07-18 03:00:00,9418.4
14149,2025-07-18 03:05:00,9398.36
14150,2025-07-18 03:10:00,9362.42
14151,2025-07-18 03:15:00,9402.36
14152,2025-07-18 03:20:00,9390.42
14153,2025-07-18 03:25:00,9426.36
14154,2025-07-18 03:30:00,9314.37
14155,2025-07-18 03:35:00,9426.38
14156,2025-07-18 03:40:00,9486.38
14157,2025-07-18 03:45:00,9462.4
14158,2025-07-18 03:50:00,9294.39
14159,2025-07-18 03:55:00,9506.37
14160,2025-07-18 04:00:00,9518.36
14161,2025-07-18 04:05:00,9418.4
14162,2025-07-18 04:10:00,9410.39
14163,2025-07-18 04:15:00,9378.36
14164,2025-07-18 04:20:00,9270.36
14165,2025-07-18 04:25:00,9462.36
14166,2025-07-18 04:30:00,9374.36
14167,2025-07-18 04:35:00,9370.34
14168,2025-07-18 04:40:00,9402.45
14169,2025-07-18 04:45:00,9494.4
14170,2025-07-18 04:50:00,9434.4
14171,2025-07-18 04:55:00,9362.38
14172,2025-07-18 05:00:00,9326.38
14173,2025-07-18 05:05:00,9358.39
14174,2025-07-18 05:10:00,9474.4
14175,2025-07-18 05:15:00,9534.36
14176,2025-07-18 05:20:00,9458.38
14177,2025-07-18 05:25:00,9282.35
14178,2025-07-18 05:30:00,9302.37
14179,2025-07-18 05:35:00,9266.39
14180,2025-07-18 05:40:00,9278.36
14181,2025-07-18 05:45:00,9306.36
14182,2025-07-18 05:50:00,9306.39
14183,2025-07-18 05:55:00,9310.38
14184,2025-07-18 06:00:00,9434.39
14185,2025-07-18 06:05:00,9286.4
14186,2025-07-18 06:10:00,9458.35
14187,2025-07-18 06:15:00,9402.39
14188,2025-07-18 06:20:00,9458.38
14189,2025-07-18 06:25:00,9302.36
14190,2025-07-18 06:30:00,9294.38
14191,2025-07-18 06:35:00,9414.39
14192,2025-07-18 06:40:00,9318.34
14193,2025-07-18 06:45:00,9346.33
14194,2025-07-18 06:50:00,9590.37
14195,2025-07-18 06:55:00,9278.36
14196,2025-07-18 07:00:00,9402.41
14197,2025-07-18 07:05:00,9614.37
14198,2025-07-18 07:10:00,9594.35
14199,2025-07-18 07:15:00,9514.36
14200,2025-07-18 07:20:00,9442.39
14201,2025-07-18 07:25:00,9258.36
14202,2025-07-18 07:30:00,9286.36
14203,2025-07-18 07:35:00,9566.4
14204,2025-07-18 07:40:00,9618.36
14205,2025-07-18 07:45:00,9518.34
14206,2025-07-18 07:50:00,9362.38
14207,2025-07-18 07:55:00,9378.37
14208,2025-07-18 08:00:00,9626.37
14209,2025-07-18 08:05:00,9602.37
14210,2025-07-18 08:10:00,9458.37
14211,2025-07-18 08:15:00,9386.36
14212,2025-07-18 08:20:00,9278.36
14213,2025-07-18 08:25:00,9350.43
14214,2025-07-18 08:30:00,9470.38
14215,2025-07-18 08:35:00,9474.39
14216,2025-07-18 08:40:00,9530.39
14217,2025-07-18 08:45:00,9366.38
14218,2025-07-18 08:50:00,9382.36
14219,2025-07-18 08:55:00,9434.36
14220,2025-07-18 09:00:00,9330.34
14221,2025-07-18 09:05:00,9450.36
14222,2025-07-18 09:10:00,9422.41
14223,2025-07-18 09:15:00,9446.36
14224,2025-07-18 09:20:00,9438.36
14225,2025-07-18 09:25:00,9370.4
14226,2025-07-18 09:30:00,9550.37
14227,2025-07-18 09:35:00,9590.36
14228,2025-07-18 09:40:00,9334.37
14229,2025-07-18 09:45:00,9326.39
14230,2025-07-18 09:50:00,9334.37
14231,2025-07-18 09:55:00,9418.4
14232,2025-07-18 10:00:00,9538.35
14233,2025-07-18 10:05:00,9630.4
14234,2025-07-18 10:10:00,9460.0
14235,2025-07-18 10:15:00,9332.0
14236,2025-07-18 10:20:00,9352.0
14237,2025-07-18 10:25:00,9284.0
14238,2025-07-18 10:30:00,9468.0
14239,2025-07-18 10:35:00,9444.0
14240,2025-07-18 10:40:00,9476.0
14241,2025-07-18 10:45:00,9348.0
14242,2025-07-18 10:50:00,9208.0
14243,2025-07-18 10:55:00,9384.0
14244,2025-07-18 11:00:00,9400.0
14245,2025-07-18 11:05:00,9380.0
14246,2025-07-18 11:10:00,9332.0
14247,2025-07-18 11:15:00,9444.0
14248,2025-07-18 11:20:00,9356.0
14249,2025-07-18 11:25:00,9364.0
14250,2025-07-18 11:30:00,9364.0
14251,2025-07-18 11:35:00,9364.0
14252,2025-07-18 11:40:00,9364.0
14253,2025-07-18 11:45:00,9364.0
14254,2025-07-18 11:50:00,9364.0
14255,2025-07-18 11:55:00,9364.0
14256,2025-07-18 12:00:00,9364.0
14257,2025-07-18 12:05:00,9364.0
14258,2025-07-18 12:10:00,9364.0
14259,2025-07-18 12:15:00,9364.0
14260,2025-07-18 12:20:00,9364.0
14261,2025-07-18 12:25:00,9364.0
14262,2025-07-18 12:30:00,9364.0
14263,2025-07-18 12:35:00,9364.0
14264,2025-07-18 12:40:00,9364.0
14265,2025-07-18 12:45:00,9364.0
14266,2025-07-18 12:50:00,9364.0
14267,2025-07-18 12:55:00,9364.0
14268,2025-07-18 13:00:00,9364.0
14269,2025-07-18 13:05:00,9364.0
14270,2025-07-18 13:10:00,9364.0
14271,2025-07-18 13:15:00,9364.0
14272,2025-07-18 13:20:00,9364.0
14273,2025-07-18 13:25:00,9364.0
14274,2025-07-18 13:30:00,9364.0
14275,2025-07-18 13:35:00,9364.0
14276,2025-07-18 13:40:00,9364.0
14277,2025-07-18 13:45:00,9364.0
14278,2025-07-18 13:50:00,9364.0
14279,2025-07-18 13:55:00,9364.0
14280,2025-07-18 14:00:00,9364.0
14281,2025-07-18 14:05:00,9364.0
14282,2025-07-18 14:10:00,9364.0
14283,2025-07-18 14:15:00,9364.0
14284,2025-07-18 14:20:00,9364.0
14285,2025-07-18 14:25:00,9364.0
14286,2025-07-18 14:30:00,9364.0
14287,2025-07-18 14:35:00,9364.0
14288,2025-07-18 14:40:00,9364.0
14289,2025-07-18 14:45:00,9364.0
14290,2025-07-18 14:50:00,9364.0
14291,2025-07-18 14:55:00,9364.0
14292,2025-07-18 15:00:00,9364.0
14293,2025-07-18 15:05:00,9364.0
14294,2025-07-18 15:10:00,9364.0
14295,2025-07-18 15:15:00,9364.0
14296,2025-07-18 15:20:00,9364.0
14297,2025-07-18 15:25:00,9364.0
14298,2025-07-18 15:30:00,9364.0
14299,2025-07-18 15:35:00,9364.0
14300,2025-07-18 15:40:00,9364.0
14301,2025-07-18 15:45:00,9364.0
14302,2025-07-18 15:50:00,9364.0
14303,2025-07-18 15:55:00,9364.0
14304,2025-07-18 16:00:00,9364.0
14305,2025-07-18 16:05:00,2000.0
14306,2025-07-18 16:10:00,2000.0
14307,2025-07-18 16:15:00,2000.0
14308,2025-07-18 16:20:00,2000.0
14309,2025-07-18 16:25:00,2000.0
14310,2025-07-18 16:30:00,2000.0
14311,2025-07-18 16:35:00,2000.0
14312,2025-07-18 16:40:00,2000.0
14313,2025-07-18 16:45:00,2000.0
14314,2025-07-18 16:50:00,2000.0
14315,2025-07-18 16:55:00,2000.0
14316,2025-07-18 17:00:00,2000.0
14317,2025-07-18 17:05:00,2000.0
14318,2025-07-18 17:10:00,2000.0
14319,2025-07-18 17:15:00,2000.0
14320,2025-07-18 17:20:00,2000.0
14321,2025-07-18 17:25:00,2000.0
14322,2025-07-18 17:30:00,9572.0
14323,2025-07-18 17:35:00,9508.0
14324,2025-07-18 17:40:00,2000.0
14325,2025-07-18 17:45:00,9288.0
14326,2025-07-18 17:50:00,9576.0
14327,2025-07-18 17:55:00,9600.0
14328,2025-07-18 18:00:00,9408.0
14329,2025-07-18 18:05:00,9372.0
14330,2025-07-18 18:10:00,9324.0
14331,2025-07-18 18:15:00,9308.0
14332,2025-07-18 18:20:00,9344.0
14333,2025-07-18 18:25:00,9424.0
14334,2025-07-18 18:30:00,9308.0
14335,2025-07-18 18:35:00,9344.0
14336,2025-07-18 18:40:00,9336.0
14337,2025-07-18 18:45:00,9420.0
14338,2025-07-18 18:50:00,9560.0
14339,2025-07-18 18:55:00,9580.0
14340,2025-07-18 19:00:00,9452.0
14341,2025-07-18 19:05:00,9560.0
14342,2025-07-18 19:10:00,9568.0
14343,2025-07-18 19:15:00,9476.0
14344,2025-07-18 19:20:00,9420.0
14345,2025-07-18 19:25:00,9404.0
14346,2025-07-18 19:30:00,9556.0
14347,2025-07-18 19:35:00,9652.0
14348,2025-07-18 19:40:00,9560.0
14349,2025-07-18 19:45:00,9396.0
14350,2025-07-18 19:50:00,9468.0
14351,2025-07-18 19:55:00,9276.0
14352,2025-07-18 20:00:00,9380.0
14353,2025-07-18 20:05:00,9536.0
14354,2025-07-18 20:10:00,9632.0
14355,2025-07-18 20:15:00,9456.0
14356,2025-07-18 20:20:00,9436.0
14357,2025-07-18 20:25:00,9336.0
14358,2025-07-18 20:30:00,9456.0
14359,2025-07-18 20:35:00,9576.0
14360,2025-07-18 20:40:00,9624.0
14361,2025-07-18 20:45:00,9664.0
14362,2025-07-18 20:50:00,9392.0
14363,2025-07-18 20:55:00,9324.0
14364,2025-07-18 21:00:00,9428.0
14365,2025-07-18 21:05:00,9416.0
14366,2025-07-18 21:10:00,9348.0
14367,2025-07-18 21:15:00,9332.0
14368,2025-07-18 21:20:00,9204.0
14369,2025-07-18 21:25:00,9348.0
14370,2025-07-18 21:30:00,9428.0
14371,2025-07-18 21:35:00,9372.0
14372,2025-07-18 21:40:00,9220.0
14373,2025-07-18 21:45:00,9300.0
14374,2025-07-18 21:50:00,9236.0
14375,2025-07-18 21:55:00,9300.0
14376,2025-07-18 22:00:00,9412.0
14377,2025-07-18 22:05:00,9328.0
14378,2025-07-18 22:10:00,9320.0
14379,2025-07-18 22:15:00,9192.0
14380,2025-07-18 22:20:00,9132.0
14381,2025-07-18 22:25:00,9328.0
14382,2025-07-18 22:30:00,9260.0
14383,2025-07-18 22:35:00,9380.0
14384,2025-07-18 22:40:00,9284.0
14385,2025-07-18 22:45:00,9376.0
14386,2025-07-18 22:50:00,9416.0
14387,2025-07-18 22:55:00,9280.0
14388,2025-07-18 23:00:00,9436.0
14389,2025-07-18 23:05:00,9388.0
14390,2025-07-18 23:10:00,9352.0
14391,2025-07-18 23:15:00,9464.0
14392,2025-07-18 23:20:00,9332.0
14393,2025-07-18 23:25:00,9264.0
14394,2025-07-18 23:30:00,9452.0
14395,2025-07-18 23:35:00,9396.0
14396,2025-07-18 23:40:00,9476.0
14397,2025-07-18 23:45:00,9376.0
14398,2025-07-18 23:50:00,9412.0
14399,2025-07-18 23:55:00,9380.0
14400,2025-07-19 00:00:00,9340.0
14401,2025-07-19 00:05:00,9336.0
14402,2025-07-19 00:10:00,9388.0
14403,2025-07-19 00:15:00,9476.0
14404,2025-07-19 00:20:00,9536.0
14405,2025-07-19 00:25:00,9556.0
14406,2025-07-19 00:30:00,9536.0
14407,2025-07-19 00:35:00,9316.0
14408,2025-07-19 00:40:00,9408.0
14409,2025-07-19 00:45:00,9464.0
14410,2025-07-19 00:50:00,9476.0
14411,2025-07-19 00:55:00,9364.0
14412,2025-07-19 01:00:00,9292.0
14413,2025-07-19 01:05:00,9272.0
14414,2025-07-19 01:10:00,9268.0
14415,2025-07-19 01:15:00,9292.0
14416,2025-07-19 01:20:00,9488.0
14417,2025-07-19 01:25:00,9576.0
14418,2025-07-19 01:30:00,9368.0
14419,2025-07-19 01:35:00,9364.0
14420,2025-07-19 01:40:00,9436.0
14421,2025-07-19 01:45:00,9456.0
14422,2025-07-19 01:50:00,9472.0
14423,2025-07-19 01:55:00,9436.0
14424,2025-07-19 02:00:00,9340.0
14425,2025-07-19 02:05:00,9264.0
14426,2025-07-19 02:10:00,9344.0
14427,2025-07-19 02:15:00,9396.0
14428,2025-07-19 02:20:00,9500.0
14429,2025-07-19 02:25:00,9340.0
14430,2025-07-19 02:30:00,9444.0
14431,2025-07-19 02:35:00,9320.0
14432,2025-07-19 02:40:00,9340.0
14433,2025-07-19 02:45:00,9420.0
14434,2025-07-19 02:50:00,9444.0
14435,2025-07-19 02:55:00,9336.0
14436,2025-07-19 03:00:00,9308.0
14437,2025-07-19 03:05:00,9372.0
14438,2025-07-19 03:10:00,9332.0
14439,2025-07-19 03:15:00,9260.0
14440,2025-07-19 03:20:00,9352.0
14441,2025-07-19 03:25:00,9396.0
14442,2025-07-19 03:30:00,9464.0
14443,2025-07-19 03:35:00,9284.0
14444,2025-07-19 03:40:00,9332.0
14445,2025-07-19 03:45:00,9280.0
14446,2025-07-19 03:50:00,9336.0
14447,2025-07-19 03:55:00,9432.0
14448,2025-07-19 04:00:00,9308.0
14449,2025-07-19 04:05:00,9248.0
14450,2025-07-19 04:10:00,9256.0
14451,2025-07-19 04:15:00,9396.0
14452,2025-07-19 04:20:00,9420.0
14453,2025-07-19 04:25:00,9368.0
14454,2025-07-19 04:30:00,9436.0
14455,2025-07-19 04:35:00,9416.0
14456,2025-07-19 04:40:00,9248.0
14457,2025-07-19 04:45:00,9380.0
14458,2025-07-19 04:50:00,9308.0
14459,2025-07-19 04:55:00,9400.0
14460,2025-07-19 05:00:00,9328.0
14461,2025-07-19 05:05:00,9360.0
14462,2025-07-19 05:10:00,9324.0
14463,2025-07-19 05:15:00,9204.0
14464,2025-07-19 05:20:00,9228.0
14465,2025-07-19 05:25:00,9340.0
14466,2025-07-19 05:30:00,9344.0
14467,2025-07-19 05:35:00,9432.0
14468,2025-07-19 05:40:00,9432.0
14469,2025-07-19 05:45:00,9412.0
14470,2025-07-19 05:50:00,9388.0
14471,2025-07-19 05:55:00,9284.0
14472,2025-07-19 06:00:00,9232.0
14473,2025-07-19 06:05:00,9344.0
14474,2025-07-19 06:10:00,9308.0
14475,2025-07-19 06:15:00,9560.0
14476,2025-07-19 06:20:00,9248.0
14477,2025-07-19 06:25:00,9456.0
14478,2025-07-19 06:30:00,9392.0
14479,2025-07-19 06:35:00,9264.0
14480,2025-07-19 06:40:00,9448.0
14481,2025-07-19 06:45:00,9536.0
14482,2025-07-19 06:50:00,9348.0
14483,2025-07-19 06:55:00,9460.0
14484,2025-07-19 07:00:00,9352.0
14485,2025-07-19 07:05:00,9372.0
14486,2025-07-19 07:10:00,9400.0
14487,2025-07-19 07:15:00,9496.0
14488,2025-07-19 07:20:00,9484.0
14489,2025-07-19 07:25:00,9396.0
14490,2025-07-19 07:30:00,9472.0
14491,2025-07-19 07:35:00,9572.0
14492,2025-07-19 07:40:00,9448.0
14493,2025-07-19 07:45:00,9312.0
14494,2025-07-19 07:50:00,9504.0
14495,2025-07-19 07:55:00,9396.0
14496,2025-07-19 08:00:00,9372.0
14497,2025-07-19 08:05:00,9268.0
14498,2025-07-19 08:10:00,9208.0
14499,2025-07-19 08:15:00,9516.0
14500,2025-07-19 08:20:00,9432.0
14501,2025-07-19 08:25:00,9348.0
14502,2025-07-19 08:30:00,9324.0
14503,2025-07-19 08:35:00,9364.0
14504,2025-07-19 08:40:00,9348.0
14505,2025-07-19 08:45:00,9464.0
14506,2025-07-19 08:50:00,9532.0
14507,2025-07-19 08:55:00,9472.0
14508,2025-07-19 09:00:00,9500.0
14509,2025-07-19 09:05:00,9464.0
14510,2025-07-19 09:10:00,9328.0
14511,2025-07-19 09:15:00,9272.0
14512,2025-07-19 09:20:00,9480.0
14513,2025-07-19 09:25:00,9480.0
14514,2025-07-19 09:30:00,9400.0
14515,2025-07-19 09:35:00,9424.0
14516,2025-07-19 09:40:00,9396.0
14517,2025-07-19 09:45:00,9396.0
14518,2025-07-19 09:50:00,9340.0
14519,2025-07-19 09:55:00,9324.0
14520,2025-07-19 10:00:00,9464.0
14521,2025-07-19 10:05:00,9488.0
14522,2025-07-19 10:10:00,9572.0
14523,2025-07-19 10:15:00,9244.0
14524,2025-07-19 10:20:00,9328.0
14525,2025-07-19 10:25:00,9320.0
14526,2025-07-19 10:30:00,9300.0
14527,2025-07-19 10:35:00,9344.0
14528,2025-07-19 10:40:00,9196.0
14529,2025-07-19 10:45:00,9236.0
14530,2025-07-19 10:50:00,9380.0
14531,2025-07-19 10:55:00,9480.0
14532,2025-07-19 11:00:00,9440.0
14533,2025-07-19 11:05:00,9324.0
14534,2025-07-19 11:10:00,9148.0
14535,2025-07-19 11:15:00,9180.0
14536,2025-07-19 11:20:00,9300.0
14537,2025-07-19 11:25:00,9228.0
14538,2025-07-19 11:30:00,9476.0
14539,2025-07-19 11:35:00,9292.0
14540,2025-07-19 11:40:00,9212.0
14541,2025-07-19 11:45:00,9188.0
14542,2025-07-19 11:50:00,9128.0
14543,2025-07-19 11:55:00,9148.0
14544,2025-07-19 12:00:00,9168.0
14545,2025-07-19 12:05:00,9180.0
14546,2025-07-19 12:10:00,9116.0
14547,2025-07-19 12:15:00,9080.0
14548,2025-07-19 12:20:00,9140.0
14549,2025-07-19 12:25:00,9144.0
14550,2025-07-19 12:30:00,9172.0
14551,2025-07-19 12:35:00,9148.0
14552,2025-07-19 12:40:00,9152.0
14553,2025-07-19 12:45:00,9180.0
14554,2025-07-19 12:50:00,9168.0
14555,2025-07-19 12:55:00,9176.0
14556,2025-07-19 13:00:00,9180.0
14557,2025-07-19 13:05:00,9120.0
14558,2025-07-19 13:10:00,9156.0
14559,2025-07-19 13:15:00,9212.0
14560,2025-07-19 13:20:00,9172.0
14561,2025-07-19 13:25:00,9284.0
14562,2025-07-19 13:30:00,9284.0
14563,2025-07-19 13:35:00,9356.0
14564,2025-07-19 13:40:00,9236.0
14565,2025-07-19 13:45:00,9340.0
14566,2025-07-19 13:50:00,9552.0
14567,2025-07-19 13:55:00,9492.0
14568,2025-07-19 14:00:00,9292.0
14569,2025-07-19 14:05:00,9248.0
14570,2025-07-19 14:10:00,9236.0
14571,2025-07-19 14:15:00,9328.0
14572,2025-07-19 14:20:00,9164.0
14573,2025-07-19 14:25:00,9236.0
14574,2025-07-19 14:30:00,9360.0
14575,2025-07-19 14:35:00,9344.0
14576,2025-07-19 14:40:00,9232.0
14577,2025-07-19 14:45:00,9232.0
14578,2025-07-19 14:50:00,9288.0
14579,2025-07-19 14:55:00,9400.0
14580,2025-07-19 15:00:00,9064.0
14581,2025-07-19 15:05:00,9016.0
14582,2025-07-19 15:10:00,9268.0
14583,2025-07-19 15:15:00,9084.0
14584,2025-07-19 15:20:00,9376.0
14585,2025-07-19 15:25:00,9452.0
14586,2025-07-19 15:30:00,9252.0
14587,2025-07-19 15:35:00,9124.0
14588,2025-07-19 15:40:00,9228.0
14589,2025-07-19 15:45:00,9412.0
14590,2025-07-19 15:50:00,9392.0
14591,2025-07-19 15:55:00,9140.0
14592,2025-07-19 16:00:00,9308.0
14593,2025-07-19 16:05:00,9136.0
14594,2025-07-19 16:10:00,9160.0
14595,2025-07-19 16:15:00,9332.0
14596,2025-07-19 16:20:00,9292.0
14597,2025-07-19 16:25:00,9216.0
14598,2025-07-19 16:30:00,9336.0
14599,2025-07-19 16:35:00,9140.0
14600,2025-07-19 16:40:00,9252.0
14601,2025-07-19 16:45:00,9180.0
14602,2025-07-19 16:50:00,9304.0
14603,2025-07-19 16:55:00,9216.0
14604,2025-07-19 17:00:00,9032.0
14605,2025-07-19 17:05:00,9096.0
14606,2025-07-19 17:10:00,9308.0
14607,2025-07-19 17:15:00,9232.0
14608,2025-07-19 17:20:00,9268.0
14609,2025-07-19 17:25:00,9332.0
14610,2025-07-19 17:30:00,9104.0
14611,2025-07-19 17:35:00,9008.0
14612,2025-07-19 17:40:00,9188.0
14613,2025-07-19 17:45:00,9120.0
14614,2025-07-19 17:50:00,9184.0
14615,2025-07-19 17:55:00,9228.0
14616,2025-07-19 18:00:00,9048.0
14617,2025-07-19 18:05:00,8968.0
14618,2025-07-19 18:10:00,8980.0
14619,2025-07-19 18:15:00,9080.0
14620,2025-07-19 18:20:00,9032.0
14621,2025-07-19 18:25:00,9048.0
14622,2025-07-19 18:30:00,9132.0
14623,2025-07-19 18:35:00,9364.0
14624,2025-07-19 18:40:00,9172.0
14625,2025-07-19 18:45:00,9424.0
14626,2025-07-19 18:50:00,9360.0
14627,2025-07-19 18:55:00,9472.0
14628,2025-07-19 19:00:00,9452.0
14629,2025-07-19 19:05:00,9764.0
14630,2025-07-19 19:10:00,9520.0
14631,2025-07-19 19:15:00,9640.0
14632,2025-07-19 19:20:00,9368.0
14633,2025-07-19 19:25:00,9316.0
14634,2025-07-19 19:30:00,9504.0
14635,2025-07-19 19:35:00,9472.0
14636,2025-07-19 19:40:00,9444.0
14637,2025-07-19 19:45:00,9328.0
14638,2025-07-19 19:50:00,9276.0
14639,2025-07-19 19:55:00,9168.0
14640,2025-07-19 20:00:00,9464.0
14641,2025-07-19 20:05:00,9500.0
14642,2025-07-19 20:10:00,9584.0
14643,2025-07-19 20:15:00,9512.0
14644,2025-07-19 20:20:00,9372.0
14645,2025-07-19 20:25:00,9560.0
14646,2025-07-19 20:30:00,9444.0
14647,2025-07-19 20:35:00,9476.0
14648,2025-07-19 20:40:00,9540.0
14649,2025-07-19 20:45:00,9388.0
14650,2025-07-19 20:50:00,9588.0
14651,2025-07-19 20:55:00,9492.0
14652,2025-07-19 21:00:00,9548.0
14653,2025-07-19 21:05:00,9552.0
14654,2025-07-19 21:10:00,9432.0
14655,2025-07-19 21:15:00,9436.0
14656,2025-07-19 21:20:00,9504.0
14657,2025-07-19 21:25:00,9428.0
14658,2025-07-19 21:30:00,9356.0
14659,2025-07-19 21:35:00,9280.0
14660,2025-07-19 21:40:00,9364.0
14661,2025-07-19 21:45:00,9380.0
14662,2025-07-19 21:50:00,9476.0
14663,2025-07-19 21:55:00,9340.0
14664,2025-07-19 22:00:00,9448.0
14665,2025-07-19 22:05:00,9268.0
14666,2025-07-19 22:10:00,9320.0
14667,2025-07-19 22:15:00,9292.0
14668,2025-07-19 22:20:00,9456.0
14669,2025-07-19 22:25:00,9400.0
14670,2025-07-19 22:30:00,9408.0
14671,2025-07-19 22:35:00,9376.0
14672,2025-07-19 22:40:00,9308.0
14673,2025-07-19 22:45:00,9308.0
14674,2025-07-19 22:50:00,9336.0
14675,2025-07-19 22:55:00,9412.0
14676,2025-07-19 23:00:00,9428.0
14677,2025-07-19 23:05:00,9404.0
14678,2025-07-19 23:10:00,9432.0
14679,2025-07-19 23:15:00,9392.0
14680,2025-07-19 23:20:00,9328.0
14681,2025-07-19 23:25:00,9332.0
14682,2025-07-19 23:30:00,9456.0
14683,2025-07-19 23:35:00,9464.0
14684,2025-07-19 23:40:00,9476.0
14685,2025-07-19 23:45:00,9312.0
14686,2025-07-19 23:50:00,9380.0
14687,2025-07-19 23:55:00,9456.0
14688,2025-07-20 00:00:00,9372.0
14689,2025-07-20 00:05:00,9324.0
14690,2025-07-20 00:10:00,9452.0
14691,2025-07-20 00:15:00,9444.0
14692,2025-07-20 00:20:00,9408.0
14693,2025-07-20 00:25:00,9364.0
14694,2025-07-20 00:30:00,9396.0
14695,2025-07-20 00:35:00,9320.0
14696,2025-07-20 00:40:00,9272.0
14697,2025-07-20 00:45:00,9260.0
14698,2025-07-20 00:50:00,9420.0
14699,2025-07-20 00:55:00,9384.0
14700,2025-07-20 01:00:00,9348.0
14701,2025-07-20 01:05:00,9436.0
14702,2025-07-20 01:10:00,9516.0
14703,2025-07-20 01:15:00,9488.0
14704,2025-07-20 01:20:00,9476.0
14705,2025-07-20 01:25:00,9376.0
14706,2025-07-20 01:30:00,9328.0
14707,2025-07-20 01:35:00,9412.0
14708,2025-07-20 01:40:00,9464.0
14709,2025-07-20 01:45:00,9468.0
14710,2025-07-20 01:50:00,9512.0
14711,2025-07-20 01:55:00,9432.0
14712,2025-07-20 02:00:00,9344.0
14713,2025-07-20 02:05:00,9348.0
14714,2025-07-20 02:10:00,9388.0
14715,2025-07-20 02:15:00,9512.0
14716,2025-07-20 02:20:00,9548.0
14717,2025-07-20 02:25:00,9428.0
14718,2025-07-20 02:30:00,9392.0
14719,2025-07-20 02:35:00,9424.0
14720,2025-07-20 02:40:00,9292.0
14721,2025-07-20 02:45:00,9484.0
14722,2025-07-20 02:50:00,9452.0
14723,2025-07-20 02:55:00,9392.0
14724,2025-07-20 03:00:00,9412.0
14725,2025-07-20 03:05:00,9480.0
14726,2025-07-20 03:10:00,9304.0
14727,2025-07-20 03:15:00,9324.0
14728,2025-07-20 03:20:00,9448.0
14729,2025-07-20 03:25:00,9424.0
14730,2025-07-20 03:30:00,9404.0
14731,2025-07-20 03:35:00,9388.0
14732,2025-07-20 03:40:00,9476.0
14733,2025-07-20 03:45:00,9408.0
14734,2025-07-20 03:50:00,9292.0
14735,2025-07-20 03:55:00,9288.0
14736,2025-07-20 04:00:00,9300.0
14737,2025-07-20 04:05:00,9428.0
14738,2025-07-20 04:10:00,9400.0
14739,2025-07-20 04:15:00,9368.0
14740,2025-07-20 04:20:00,9396.0
14741,2025-07-20 04:25:00,9200.0
14742,2025-07-20 04:30:00,9328.0
14743,2025-07-20 04:35:00,9352.0
14744,2025-07-20 04:40:00,9376.0
14745,2025-07-20 04:45:00,9352.0
14746,2025-07-20 04:50:00,9528.0
14747,2025-07-20 04:55:00,9444.0
14748,2025-07-20 05:00:00,9348.0
14749,2025-07-20 05:05:00,9360.0
14750,2025-07-20 05:10:00,9316.0
14751,2025-07-20 05:15:00,9388.0
14752,2025-07-20 05:20:00,9336.0
14753,2025-07-20 05:25:00,9320.0
14754,2025-07-20 05:30:00,9324.0
14755,2025-07-20 05:35:00,9324.0
14756,2025-07-20 05:40:00,9308.0
14757,2025-07-20 05:45:00,9332.0
14758,2025-07-20 05:50:00,9432.0
14759,2025-07-20 05:55:00,9244.0
14760,2025-07-20 06:00:00,9340.0
14761,2025-07-20 06:05:00,9448.0
14762,2025-07-20 06:10:00,9500.0
14763,2025-07-20 06:15:00,9392.0
14764,2025-07-20 06:20:00,9296.0
14765,2025-07-20 06:25:00,9516.0
14766,2025-07-20 06:30:00,9320.0
14767,2025-07-20 06:35:00,9380.0
14768,2025-07-20 06:40:00,9628.0
14769,2025-07-20 06:45:00,9516.0
14770,2025-07-20 06:50:00,9556.0
14771,2025-07-20 06:55:00,9500.0
14772,2025-07-20 07:00:00,9328.0
14773,2025-07-20 07:05:00,9424.0
14774,2025-07-20 07:10:00,9576.0
14775,2025-07-20 07:15:00,9580.0
14776,2025-07-20 07:20:00,9604.0
14777,2025-07-20 07:25:00,9344.0
14778,2025-07-20 07:30:00,9280.0
14779,2025-07-20 07:35:00,9268.0
14780,2025-07-20 07:40:00,9368.0
14781,2025-07-20 07:45:00,9456.0
14782,2025-07-20 07:50:00,9488.0
14783,2025-07-20 07:55:00,9536.0
14784,2025-07-20 08:00:00,9340.0
14785,2025-07-20 08:05:00,9504.0
14786,2025-07-20 08:10:00,9396.0
14787,2025-07-20 08:15:00,9684.0
14788,2025-07-20 08:20:00,9452.0
14789,2025-07-20 08:25:00,9336.0
14790,2025-07-20 08:30:00,9284.0
14791,2025-07-20 08:35:00,9332.0
14792,2025-07-20 08:40:00,9324.0
14793,2025-07-20 08:45:00,9344.0
14794,2025-07-20 08:50:00,9340.0
14795,2025-07-20 08:55:00,9368.0
14796,2025-07-20 09:00:00,9256.0
14797,2025-07-20 09:05:00,9220.0
14798,2025-07-20 09:10:00,9400.0
14799,2025-07-20 09:15:00,9380.0
14800,2025-07-20 09:20:00,9308.0
14801,2025-07-20 09:25:00,9376.0
14802,2025-07-20 09:30:00,9364.0
14803,2025-07-20 09:35:00,9304.0
14804,2025-07-20 09:40:00,9144.0
14805,2025-07-20 09:45:00,9416.0
14806,2025-07-20 09:50:00,9432.0
14807,2025-07-20 09:55:00,9320.0
14808,2025-07-20 10:00:00,9432.0
14809,2025-07-20 10:05:00,9476.0
14810,2025-07-20 10:10:00,9544.0
14811,2025-07-20 10:15:00,9424.0
14812,2025-07-20 10:20:00,9416.0
14813,2025-07-20 10:25:00,9520.0
14814,2025-07-20 10:30:00,9596.0
14815,2025-07-20 10:35:00,9420.0
14816,2025-07-20 10:40:00,9416.0
14817,2025-07-20 10:45:00,9400.0
14818,2025-07-20 10:50:00,9352.0
14819,2025-07-20 10:55:00,9416.0
14820,2025-07-20 11:00:00,9512.0
14821,2025-07-20 11:05:00,9352.0
14822,2025-07-20 11:10:00,9224.0
14823,2025-07-20 11:15:00,9340.0
14824,2025-07-20 11:20:00,9428.0
14825,2025-07-20 11:25:00,9344.0
14826,2025-07-20 11:30:00,9268.0
14827,2025-07-20 11:35:00,9260.0
14828,2025-07-20 11:40:00,9144.0
14829,2025-07-20 11:45:00,9168.0
14830,2025-07-20 11:50:00,9244.0
14831,2025-07-20 11:55:00,9240.0
14832,2025-07-20 12:00:00,9256.0
14833,2025-07-20 12:05:00,9192.0
14834,2025-07-20 12:10:00,9244.0
14835,2025-07-20 12:15:00,9228.0
14836,2025-07-20 12:20:00,9280.0
14837,2025-07-20 12:25:00,9240.0
14838,2025-07-20 12:30:00,9228.0
14839,2025-07-20 12:35:00,9256.0
14840,2025-07-20 12:40:00,9220.0
14841,2025-07-20 12:45:00,9236.0
14842,2025-07-20 12:50:00,9220.0
14843,2025-07-20 12:55:00,9260.0
14844,2025-07-20 13:00:00,9208.0
14845,2025-07-20 13:05:00,9288.0
14846,2025-07-20 13:10:00,9404.0
14847,2025-07-20 13:15:00,9264.0
14848,2025-07-20 13:20:00,9324.0
14849,2025-07-20 13:25:00,9188.0
14850,2025-07-20 13:30:00,9524.0
14851,2025-07-20 13:35:00,9360.0
14852,2025-07-20 13:40:00,9312.0
14853,2025-07-20 13:45:00,9480.0
14854,2025-07-20 13:50:00,9552.0
14855,2025-07-20 13:55:00,9484.0
14856,2025-07-20 14:00:00,9520.0
14857,2025-07-20 14:05:00,9388.0
14858,2025-07-20 14:10:00,9436.0
14859,2025-07-20 14:15:00,9352.0
14860,2025-07-20 14:20:00,9412.0
14861,2025-07-20 14:25:00,9432.0
14862,2025-07-20 14:30:00,9304.0
14863,2025-07-20 14:35:00,9364.0
14864,2025-07-20 14:40:00,9136.0
14865,2025-07-20 14:45:00,9320.0
14866,2025-07-20 14:50:00,9528.0
14867,2025-07-20 14:55:00,9396.0
14868,2025-07-20 15:00:00,9428.0
14869,2025-07-20 15:05:00,9612.0
14870,2025-07-20 15:10:00,9376.0
14871,2025-07-20 15:15:00,9324.0
14872,2025-07-20 15:20:00,9524.0
14873,2025-07-20 15:25:00,9208.0
14874,2025-07-20 15:30:00,9356.0
14875,2025-07-20 15:35:00,9428.0
14876,2025-07-20 15:40:00,9352.0
14877,2025-07-20 15:45:00,9416.0
14878,2025-07-20 15:50:00,9368.0
14879,2025-07-20 15:55:00,9396.0
14880,2025-07-20 16:00:00,9332.0
14881,2025-07-20 16:05:00,9276.0
14882,2025-07-20 16:10:00,9396.0
14883,2025-07-20 16:15:00,9444.0
14884,2025-07-20 16:20:00,9644.0
14885,2025-07-20 16:25:00,9380.0
14886,2025-07-20 16:30:00,9636.0
14887,2025-07-20 16:35:00,9524.0
14888,2025-07-20 16:40:00,9580.0
14889,2025-07-20 16:45:00,9256.0
14890,2025-07-20 16:50:00,9424.0
14891,2025-07-20 16:55:00,9224.0
14892,2025-07-20 17:00:00,9328.0
14893,2025-07-20 17:05:00,9532.0
14894,2025-07-20 17:10:00,9524.0
14895,2025-07-20 17:15:00,9372.0
14896,2025-07-20 17:20:00,9364.0
14897,2025-07-20 17:25:00,9240.0
14898,2025-07-20 17:30:00,9396.0
14899,2025-07-20 17:35:00,9460.0
14900,2025-07-20 17:40:00,9404.0
14901,2025-07-20 17:45:00,9252.0
14902,2025-07-20 17:50:00,9260.0
14903,2025-07-20 17:55:00,9260.0
14904,2025-07-20 18:00:00,9256.0
14905,2025-07-20 18:05:00,9228.0
14906,2025-07-20 18:10:00,9236.0
14907,2025-07-20 18:15:00,9284.0
14908,2025-07-20 18:20:00,9376.0
14909,2025-07-20 18:25:00,9504.0
14910,2025-07-20 18:30:00,9268.0
14911,2025-07-20 18:35:00,9212.0
14912,2025-07-20 18:40:00,9384.0
14913,2025-07-20 18:45:00,9572.0
14914,2025-07-20 18:50:00,9524.0
14915,2025-07-20 18:55:00,9488.0
14916,2025-07-20 19:00:00,9504.0
14917,2025-07-20 19:05:00,9448.0
14918,2025-07-20 19:10:00,9640.0
14919,2025-07-20 19:15:00,9388.0
14920,2025-07-20 19:20:00,9412.0
14921,2025-07-20 19:25:00,9408.0
14922,2025-07-20 19:30:00,9424.0
14923,2025-07-20 19:35:00,9372.0
14924,2025-07-20 19:40:00,9544.0
14925,2025-07-20 19:45:00,9300.0
14926,2025-07-20 19:50:00,9196.0
14927,2025-07-20 19:55:00,9396.0
14928,2025-07-20 20:00:00,9532.0
14929,2025-07-20 20:05:00,9496.0
14930,2025-07-20 20:10:00,9496.0
14931,2025-07-20 20:15:00,9268.0
14932,2025-07-20 20:20:00,9268.0
14933,2025-07-20 20:25:00,9468.0
14934,2025-07-20 20:30:00,9508.0
14935,2025-07-20 20:35:00,9456.0
14936,2025-07-20 20:40:00,9584.0
14937,2025-07-20 20:45:00,9320.0
14938,2025-07-20 20:50:00,9376.0
14939,2025-07-20 20:55:00,9496.0
14940,2025-07-20 21:00:00,9232.0
14941,2025-07-20 21:05:00,9288.0
14942,2025-07-20 21:10:00,9320.0
14943,2025-07-20 21:15:00,9456.0
14944,2025-07-20 21:20:00,9452.0
14945,2025-07-20 21:25:00,9396.0
14946,2025-07-20 21:30:00,9296.0
14947,2025-07-20 21:35:00,9208.0
14948,2025-07-20 21:40:00,9232.0
14949,2025-07-20 21:45:00,9164.0
14950,2025-07-20 21:50:00,9268.0
14951,2025-07-20 21:55:00,9328.0
14952,2025-07-20 22:00:00,9164.0
14953,2025-07-20 22:05:00,9172.0
14954,2025-07-20 22:10:00,9264.0
14955,2025-07-20 22:15:00,9036.0
14956,2025-07-20 22:20:00,9212.0
14957,2025-07-20 22:25:00,9300.0
14958,2025-07-20 22:30:00,9208.0
14959,2025-07-20 22:35:00,9376.0
14960,2025-07-20 22:40:00,9356.0
14961,2025-07-20 22:45:00,9188.0
14962,2025-07-20 22:50:00,9216.0
14963,2025-07-20 22:55:00,9216.0
14964,2025-07-20 23:00:00,9276.0
14965,2025-07-20 23:05:00,9288.0
14966,2025-07-20 23:10:00,9304.0
14967,2025-07-20 23:15:00,9232.0
14968,2025-07-20 23:20:00,9364.0
14969,2025-07-20 23:25:00,9192.0
14970,2025-07-20 23:30:00,9108.0
14971,2025-07-20 23:35:00,9232.0
14972,2025-07-20 23:40:00,9224.0
14973,2025-07-20 23:45:00,9372.0
14974,2025-07-20 23:50:00,9336.0
14975,2025-07-20 23:55:00,9348.0
14976,2025-07-21 00:00:00,9252.0
14977,2025-07-21 00:05:00,9144.0
14978,2025-07-21 00:10:00,9244.0
14979,2025-07-21 00:15:00,9328.0
14980,2025-07-21 00:20:00,9356.0
14981,2025-07-21 00:25:00,9396.0
14982,2025-07-21 00:30:00,9244.0
14983,2025-07-21 00:35:00,9288.0
14984,2025-07-21 00:40:00,9244.0
14985,2025-07-21 00:45:00,9200.0
14986,2025-07-21 00:50:00,9308.0
14987,2025-07-21 00:55:00,9380.0
14988,2025-07-21 01:00:00,9328.0
14989,2025-07-21 01:05:00,9152.0
14990,2025-07-21 01:10:00,9160.0
14991,2025-07-21 01:15:00,9200.0
14992,2025-07-21 01:20:00,9180.0
14993,2025-07-21 01:25:00,9172.0
14994,2025-07-21 01:30:00,9152.0
14995,2025-07-21 01:35:00,9356.0
14996,2025-07-21 01:40:00,9256.0
14997,2025-07-21 01:45:00,9252.0
14998,2025-07-21 01:50:00,9376.0
14999,2025-07-21 01:55:00,9304.0
15000,2025-07-21 02:00:00,9188.0
15001,2025-07-21 02:05:00,9296.0
15002,2025-07-21 02:10:00,9200.0
15003,2025-07-21 02:15:00,9256.0
15004,2025-07-21 02:20:00,9216.0
15005,2025-07-21 02:25:00,9372.0
15006,2025-07-21 02:30:00,9268.0
15007,2025-07-21 02:35:00,9384.0
15008,2025-07-21 02:40:00,9292.0
15009,2025-07-21 02:45:00,9212.0
15010,2025-07-21 02:50:00,9196.0
15011,2025-07-21 02:55:00,9264.0
15012,2025-07-21 03:00:00,9216.0
15013,2025-07-21 03:05:00,9264.0
15014,2025-07-21 03:10:00,9200.0
15015,2025-07-21 03:15:00,9228.0
15016,2025-07-21 03:20:00,9196.0
15017,2025-07-21 03:25:00,9180.0
15018,2025-07-21 03:30:00,9252.0
15019,2025-07-21 03:35:00,9292.0
15020,2025-07-21 03:40:00,9268.0
15021,2025-07-21 03:45:00,9272.0
15022,2025-07-21 03:50:00,9244.0
15023,2025-07-21 03:55:00,9196.0
15024,2025-07-21 04:00:00,9172.0
15025,2025-07-21 04:05:00,9228.0
15026,2025-07-21 04:10:00,9180.0
15027,2025-07-21 04:15:00,9320.0
15028,2025-07-21 04:20:00,9224.0
15029,2025-07-21 04:25:00,9184.0
15030,2025-07-21 04:30:00,9188.0
15031,2025-07-21 04:35:00,9204.0
15032,2025-07-21 04:40:00,9136.0
15033,2025-07-21 04:45:00,9192.0
15034,2025-07-21 04:50:00,9140.0
15035,2025-07-21 04:55:00,9116.0
15036,2025-07-21 05:00:00,9144.0
15037,2025-07-21 05:05:00,9176.0
15038,2025-07-21 05:10:00,9144.0
15039,2025-07-21 05:15:00,9160.0
15040,2025-07-21 05:20:00,9080.0
15041,2025-07-21 05:25:00,9176.0
15042,2025-07-21 05:30:00,9264.0
15043,2025-07-21 05:35:00,9336.0
15044,2025-07-21 05:40:00,9216.0
15045,2025-07-21 05:45:00,9180.0
15046,2025-07-21 05:50:00,9296.0
15047,2025-07-21 05:55:00,9236.0
15048,2025-07-21 06:00:00,9244.0
15049,2025-07-21 06:05:00,9268.0
15050,2025-07-21 06:10:00,9376.0
15051,2025-07-21 06:15:00,9256.0
15052,2025-07-21 06:20:00,9312.0
15053,2025-07-21 06:25:00,9384.0
15054,2025-07-21 06:30:00,9216.0
15055,2025-07-21 06:35:00,9160.0
15056,2025-07-21 06:40:00,9132.0
15057,2025-07-21 06:45:00,9408.0
15058,2025-07-21 06:50:00,9476.0
15059,2025-07-21 06:55:00,9356.0
15060,2025-07-21 07:00:00,9400.0
15061,2025-07-21 07:05:00,9224.0
15062,2025-07-21 07:10:00,9148.0
15063,2025-07-21 07:15:00,9472.0
15064,2025-07-21 07:20:00,9396.0
15065,2025-07-21 07:25:00,9252.0
15066,2025-07-21 07:30:00,9172.0
15067,2025-07-21 07:35:00,9148.0
15068,2025-07-21 07:40:00,9176.0
15069,2025-07-21 07:45:00,9288.0
15070,2025-07-21 07:50:00,9484.0
15071,2025-07-21 07:55:00,9420.0
15072,2025-07-21 08:00:00,9428.0
15073,2025-07-21 08:05:00,9124.0
15074,2025-07-21 08:10:00,9292.0
15075,2025-07-21 08:15:00,9360.0
15076,2025-07-21 08:20:00,9200.0
15077,2025-07-21 08:25:00,9140.0
15078,2025-07-21 08:30:00,9212.0
15079,2025-07-21 08:35:00,9044.0
15080,2025-07-21 08:40:00,9212.0
15081,2025-07-21 08:45:00,9240.0
15082,2025-07-21 08:50:00,9184.0
15083,2025-07-21 08:55:00,9188.0
15084,2025-07-21 09:00:00,9188.0
15085,2025-07-21 09:05:00,9152.0
15086,2025-07-21 09:10:00,9184.0
15087,2025-07-21 09:15:00,9216.0
15088,2025-07-21 09:20:00,9084.0
15089,2025-07-21 09:25:00,9196.0
15090,2025-07-21 09:30:00,9272.0
15091,2025-07-21 09:35:00,9140.0
15092,2025-07-21 09:40:00,9196.0
15093,2025-07-21 09:45:00,9160.0
15094,2025-07-21 09:50:00,9176.0
15095,2025-07-21 09:55:00,9148.0
15096,2025-07-21 10:00:00,9172.0
15097,2025-07-21 10:05:00,9284.0
15098,2025-07-21 10:10:00,9084.0
15099,2025-07-21 10:15:00,9268.0
15100,2025-07-21 10:20:00,9200.0
15101,2025-07-21 10:25:00,9324.0
15102,2025-07-21 10:30:00,9280.0
15103,2025-07-21 10:35:00,9248.0
15104,2025-07-21 10:40:00,9136.0
15105,2025-07-21 10:45:00,9388.0
15106,2025-07-21 10:50:00,9440.0
15107,2025-07-21 10:55:00,9168.0
15108,2025-07-21 11:00:00,9112.0
15109,2025-07-21 11:05:00,9132.0
15110,2025-07-21 11:10:00,9304.0
15111,2025-07-21 11:15:00,9292.0
15112,2025-07-21 11:20:00,9204.0
15113,2025-07-21 11:25:00,9172.0
15114,2025-07-21 11:30:00,9112.0
15115,2025-07-21 11:35:00,9144.0
15116,2025-07-21 11:40:00,9116.0
15117,2025-07-21 11:45:00,9104.0
15118,2025-07-21 11:50:00,9208.0
15119,2025-07-21 11:55:00,9240.0
15120,2025-07-21 12:00:00,9156.0
15121,2025-07-21 12:05:00,9056.0
15122,2025-07-21 12:10:00,9140.0
15123,2025-07-21 12:15:00,9180.0
15124,2025-07-21 12:20:00,9196.0
15125,2025-07-21 12:25:00,9264.0
15126,2025-07-21 12:30:00,9248.0
15127,2025-07-21 12:35:00,9156.0
15128,2025-07-21 12:40:00,9204.0
15129,2025-07-21 12:45:00,9156.0
15130,2025-07-21 12:50:00,9168.0
15131,2025-07-21 12:55:00,9128.0
15132,2025-07-21 13:00:00,9152.0
15133,2025-07-21 13:05:00,9196.0
15134,2025-07-21 13:10:00,9136.0
15135,2025-07-21 13:15:00,9200.0
15136,2025-07-21 13:20:00,9024.0
15137,2025-07-21 13:25:00,9108.0
15138,2025-07-21 13:30:00,9088.0
15139,2025-07-21 13:35:00,9176.0
15140,2025-07-21 13:40:00,9244.0
15141,2025-07-21 13:45:00,9236.0
15142,2025-07-21 13:50:00,9428.0
15143,2025-07-21 13:55:00,9248.0
15144,2025-07-21 14:00:00,9324.0
15145,2025-07-21 14:05:00,9080.0
15146,2025-07-21 14:10:00,9020.0
15147,2025-07-21 14:15:00,9212.0
15148,2025-07-21 14:20:00,9164.0
15149,2025-07-21 14:25:00,9196.0
15150,2025-07-21 14:30:00,9364.0
15151,2025-07-21 14:35:00,9288.0
15152,2025-07-21 14:40:00,9372.0
15153,2025-07-21 14:45:00,9504.0
15154,2025-07-21 14:50:00,9416.0
15155,2025-07-21 14:55:00,9256.0
15156,2025-07-21 15:00:00,9604.0
15157,2025-07-21 15:05:00,9584.0
15158,2025-07-21 15:10:00,9480.0
15159,2025-07-21 15:15:00,9532.0
15160,2025-07-21 15:20:00,9336.0
15161,2025-07-21 15:25:00,9460.0
15162,2025-07-21 15:30:00,9440.0
15163,2025-07-21 15:35:00,9380.0
15164,2025-07-21 15:40:00,9372.0
15165,2025-07-21 15:45:00,9300.0
15166,2025-07-21 15:50:00,9316.0
15167,2025-07-21 15:55:00,9336.0
15168,2025-07-21 16:00:00,9464.0
15169,2025-07-21 16:05:00,9376.0
15170,2025-07-21 16:10:00,9280.0
15171,2025-07-21 16:15:00,9336.0
15172,2025-07-21 16:20:00,9468.0
15173,2025-07-21 16:25:00,9436.0
15174,2025-07-21 16:30:00,9324.0
15175,2025-07-21 16:35:00,9476.0
15176,2025-07-21 16:40:00,9288.0
15177,2025-07-21 16:45:00,9260.0
15178,2025-07-21 16:50:00,9468.0
15179,2025-07-21 16:55:00,9512.0
15180,2025-07-21 17:00:00,9436.0
15181,2025-07-21 17:05:00,9356.0
15182,2025-07-21 17:10:00,9332.0
15183,2025-07-21 17:15:00,9256.0
15184,2025-07-21 17:20:00,9368.0
15185,2025-07-21 17:25:00,9356.0
15186,2025-07-21 17:30:00,9244.0
15187,2025-07-21 17:35:00,9120.0
15188,2025-07-21 17:40:00,9192.0
15189,2025-07-21 17:45:00,9140.0
15190,2025-07-21 17:50:00,9016.0
15191,2025-07-21 17:55:00,9240.0
15192,2025-07-21 18:00:00,9312.0
15193,2025-07-21 18:05:00,9176.0
15194,2025-07-21 18:10:00,9388.0
15195,2025-07-21 18:15:00,9304.0
15196,2025-07-21 18:20:00,9340.0
15197,2025-07-21 18:25:00,9132.0
15198,2025-07-21 18:30:00,9084.0
15199,2025-07-21 18:35:00,9220.0
15200,2025-07-21 18:40:00,9208.0
15201,2025-07-21 18:45:00,9296.0
15202,2025-07-21 18:50:00,9336.0
15203,2025-07-21 18:55:00,9300.0
15204,2025-07-21 19:00:00,9188.0
15205,2025-07-21 19:05:00,9300.0
15206,2025-07-21 19:10:00,9316.0
15207,2025-07-21 19:15:00,9248.0
15208,2025-07-21 19:20:00,9164.0
15209,2025-07-21 19:25:00,9160.0
15210,2025-07-21 19:30:00,9260.0
15211,2025-07-21 19:35:00,9096.0
15212,2025-07-21 19:40:00,9092.0
15213,2025-07-21 19:45:00,9084.0
15214,2025-07-21 19:50:00,9204.0
15215,2025-07-21 19:55:00,9196.0
15216,2025-07-21 20:00:00,9064.0
15217,2025-07-21 20:05:00,9176.0
15218,2025-07-21 20:10:00,9180.0
15219,2025-07-21 20:15:00,9280.0
15220,2025-07-21 20:20:00,9212.0
15221,2025-07-21 20:25:00,9028.0
15222,2025-07-21 20:30:00,9232.0
15223,2025-07-21 20:35:00,9216.0
15224,2025-07-21 20:40:00,9040.0
15225,2025-07-21 20:45:00,9276.0
15226,2025-07-21 20:50:00,9084.0
15227,2025-07-21 20:55:00,9016.0
15228,2025-07-21 21:00:00,9032.0
15229,2025-07-21 21:05:00,9232.0
15230,2025-07-21 21:10:00,9356.0
15231,2025-07-21 21:15:00,9372.0
15232,2025-07-21 21:20:00,9408.0
15233,2025-07-21 21:25:00,9264.0
15234,2025-07-21 21:30:00,9272.0
15235,2025-07-21 21:35:00,9356.0
15236,2025-07-21 21:40:00,9268.0
15237,2025-07-21 21:45:00,9380.0
15238,2025-07-21 21:50:00,9384.0
15239,2025-07-21 21:55:00,9392.0
15240,2025-07-21 22:00:00,9364.0
15241,2025-07-21 22:05:00,9380.0
15242,2025-07-21 22:10:00,9328.0
15243,2025-07-21 22:15:00,9348.0
15244,2025-07-21 22:20:00,9340.0
15245,2025-07-21 22:25:00,9272.0
15246,2025-07-21 22:30:00,9420.0
15247,2025-07-21 22:35:00,9412.0
15248,2025-07-21 22:40:00,9340.0
15249,2025-07-21 22:45:00,9372.0
15250,2025-07-21 22:50:00,9272.0
15251,2025-07-21 22:55:00,9264.0
15252,2025-07-21 23:00:00,9256.0
15253,2025-07-21 23:05:00,9276.0
15254,2025-07-21 23:10:00,9332.0
15255,2025-07-21 23:15:00,9188.0
15256,2025-07-21 23:20:00,9336.0
15257,2025-07-21 23:25:00,9300.0
15258,2025-07-21 23:30:00,9280.0
15259,2025-07-21 23:35:00,9228.0
15260,2025-07-21 23:40:00,9216.0
15261,2025-07-21 23:45:00,9356.0
15262,2025-07-21 23:50:00,9420.0
15263,2025-07-21 23:55:00,9324.0
15264,2025-07-22 00:00:00,9304.0
15265,2025-07-22 00:05:00,9292.0
15266,2025-07-22 00:10:00,9204.0
15267,2025-07-22 00:15:00,9280.0
15268,2025-07-22 00:20:00,9204.0
15269,2025-07-22 00:25:00,9224.0
15270,2025-07-22 00:30:00,9360.0
15271,2025-07-22 00:35:00,9388.0
15272,2025-07-22 00:40:00,9388.0
15273,2025-07-22 00:45:00,9236.0
15274,2025-07-22 00:50:00,9292.0
15275,2025-07-22 00:55:00,9256.0
15276,2025-07-22 01:00:00,9212.0
15277,2025-07-22 01:05:00,9280.0
15278,2025-07-22 01:10:00,9224.0
15279,2025-07-22 01:15:00,9352.0
15280,2025-07-22 01:20:00,9320.0
15281,2025-07-22 01:25:00,9284.0
15282,2025-07-22 01:30:00,9332.0
15283,2025-07-22 01:35:00,9372.0
15284,2025-07-22 01:40:00,9284.0
15285,2025-07-22 01:45:00,9144.0
15286,2025-07-22 01:50:00,9252.0
15287,2025-07-22 01:55:00,9208.0
15288,2025-07-22 02:00:00,9340.0
15289,2025-07-22 02:05:00,9336.0
15290,2025-07-22 02:10:00,9204.0
15291,2025-07-22 02:15:00,9316.0
15292,2025-07-22 02:20:00,9240.0
15293,2025-07-22 02:25:00,9292.0
15294,2025-07-22 02:30:00,9184.0
15295,2025-07-22 02:35:00,9164.0
15296,2025-07-22 02:40:00,9152.0
15297,2025-07-22 02:45:00,9192.0
15298,2025-07-22 02:50:00,9172.0
15299,2025-07-22 02:55:00,9164.0
15300,2025-07-22 03:00:00,9156.0
15301,2025-07-22 03:05:00,9136.0
15302,2025-07-22 03:10:00,9180.0
15303,2025-07-22 03:15:00,9176.0
15304,2025-07-22 03:20:00,9312.0
15305,2025-07-22 03:25:00,9192.0
15306,2025-07-22 03:30:00,9176.0
15307,2025-07-22 03:35:00,9232.0
15308,2025-07-22 03:40:00,9192.0
15309,2025-07-22 03:45:00,9284.0
15310,2025-07-22 03:50:00,9216.0
15311,2025-07-22 03:55:00,9320.0
15312,2025-07-22 04:00:00,9264.0
15313,2025-07-22 04:05:00,9300.0
15314,2025-07-22 04:10:00,9140.0
15315,2025-07-22 04:15:00,9220.0
15316,2025-07-22 04:20:00,9212.0
15317,2025-07-22 04:25:00,9092.0
15318,2025-07-22 04:30:00,9192.0
15319,2025-07-22 04:35:00,9340.0
15320,2025-07-22 04:40:00,9300.0
15321,2025-07-22 04:45:00,9144.0
15322,2025-07-22 04:50:00,9232.0
15323,2025-07-22 04:55:00,9160.0
15324,2025-07-22 05:00:00,9088.0
15325,2025-07-22 05:05:00,9056.0
15326,2025-07-22 05:10:00,9280.0
15327,2025-07-22 05:15:00,9192.0
15328,2025-07-22 05:20:00,9316.0
15329,2025-07-22 05:25:00,9208.0
15330,2025-07-22 05:30:00,9312.0
15331,2025-07-22 05:35:00,9116.0
15332,2025-07-22 05:40:00,9132.0
15333,2025-07-22 05:45:00,9256.0
15334,2025-07-22 05:50:00,9316.0
15335,2025-07-22 05:55:00,9192.0
15336,2025-07-22 06:00:00,9144.0
15337,2025-07-22 06:05:00,9128.0
15338,2025-07-22 06:10:00,9132.0
15339,2025-07-22 06:15:00,9148.0
15340,2025-07-22 06:20:00,9232.0
15341,2025-07-22 06:25:00,9264.0
15342,2025-07-22 06:30:00,9268.0
15343,2025-07-22 06:35:00,9272.0
15344,2025-07-22 06:40:00,9252.0
15345,2025-07-22 06:45:00,9176.0
15346,2025-07-22 06:50:00,9120.0
15347,2025-07-22 06:55:00,9260.0
15348,2025-07-22 07:00:00,9216.0
15349,2025-07-22 07:05:00,9260.0
15350,2025-07-22 07:10:00,9148.0
15351,2025-07-22 07:15:00,9300.0
15352,2025-07-22 07:20:00,9216.0
15353,2025-07-22 07:25:00,9168.0
15354,2025-07-22 07:30:00,9248.0
15355,2025-07-22 07:35:00,9144.0
15356,2025-07-22 07:40:00,9120.0
15357,2025-07-22 07:45:00,9144.0
15358,2025-07-22 07:50:00,9168.0
15359,2025-07-22 07:55:00,9272.0
15360,2025-07-22 08:00:00,9300.0
15361,2025-07-22 08:05:00,9508.0
15362,2025-07-22 08:10:00,9180.0
15363,2025-07-22 08:15:00,9108.0
15364,2025-07-22 08:20:00,9304.0
15365,2025-07-22 08:25:00,9372.0
15366,2025-07-22 08:30:00,9480.0
15367,2025-07-22 08:35:00,9112.0
15368,2025-07-22 08:40:00,9340.0
15369,2025-07-22 08:45:00,9272.0
15370,2025-07-22 08:50:00,9344.0
15371,2025-07-22 08:55:00,9400.0
15372,2025-07-22 09:00:00,9172.0
15373,2025-07-22 09:05:00,9152.0
15374,2025-07-22 09:10:00,9260.0
15375,2025-07-22 09:15:00,9448.0
15376,2025-07-22 09:20:00,9340.0
15377,2025-07-22 09:25:00,9352.0
15378,2025-07-22 09:30:00,9272.0
15379,2025-07-22 09:35:00,9284.0
15380,2025-07-22 09:40:00,9204.0
15381,2025-07-22 09:45:00,9256.0
15382,2025-07-22 09:50:00,9316.0
15383,2025-07-22 09:55:00,2000.0
15384,2025-07-22 10:00:00,9224.0
15385,2025-07-22 10:05:00,9276.0
15386,2025-07-22 10:10:00,9172.0
15387,2025-07-22 10:15:00,9272.0
15388,2025-07-22 10:20:00,9252.0
15389,2025-07-22 10:25:00,9372.0
15390,2025-07-22 10:30:00,9436.0
15391,2025-07-22 10:35:00,9256.0
15392,2025-07-22 10:40:00,9288.0
15393,2025-07-22 10:45:00,9292.0
15394,2025-07-22 10:50:00,9340.0
15395,2025-07-22 10:55:00,9212.0
15396,2025-07-22 11:00:00,9332.0
15397,2025-07-22 11:05:00,9352.0
15398,2025-07-22 11:10:00,9320.0
15399,2025-07-22 11:15:00,9276.0
15400,2025-07-22 11:20:00,9284.0
15401,2025-07-22 11:25:00,9296.0
15402,2025-07-22 11:30:00,9296.0
15403,2025-07-22 11:35:00,9200.0
15404,2025-07-22 11:40:00,9220.0
15405,2025-07-22 11:45:00,9232.0
15406,2025-07-22 11:50:00,9220.0
15407,2025-07-22 11:55:00,9188.0
15408,2025-07-22 12:00:00,9160.0
15409,2025-07-22 12:05:00,9212.0
15410,2025-07-22 12:10:00,9192.0
15411,2025-07-22 12:15:00,9256.0
15412,2025-07-22 12:20:00,9192.0
15413,2025-07-22 12:25:00,9192.0
15414,2025-07-22 12:30:00,9116.0
15415,2025-07-22 12:35:00,9252.0
15416,2025-07-22 12:40:00,9252.0
15417,2025-07-22 12:45:00,9240.0
15418,2025-07-22 12:50:00,9180.0
15419,2025-07-22 12:55:00,9192.0
15420,2025-07-22 13:00:00,9144.0
15421,2025-07-22 13:05:00,9208.0
15422,2025-07-22 13:10:00,9368.0
15423,2025-07-22 13:15:00,9256.0
15424,2025-07-22 13:20:00,9296.0
15425,2025-07-22 13:25:00,9188.0
15426,2025-07-22 13:30:00,9304.0
15427,2025-07-22 13:35:00,9464.0
15428,2025-07-22 13:40:00,9356.0
15429,2025-07-22 13:45:00,9436.0
15430,2025-07-22 13:50:00,9312.0
15431,2025-07-22 13:55:00,9396.0
15432,2025-07-22 14:00:00,9540.0
15433,2025-07-22 14:05:00,9292.0
15434,2025-07-22 14:10:00,9380.0
15435,2025-07-22 14:15:00,9480.0
15436,2025-07-22 14:20:00,9408.0
15437,2025-07-22 14:25:00,9404.0
15438,2025-07-22 14:30:00,9392.0
15439,2025-07-22 14:35:00,9416.0
15440,2025-07-22 14:40:00,9448.0
15441,2025-07-22 14:45:00,9356.0
15442,2025-07-22 14:50:00,9580.0
15443,2025-07-22 14:55:00,9372.0
15444,2025-07-22 15:00:00,9476.0
15445,2025-07-22 15:05:00,9384.0
15446,2025-07-22 15:10:00,9248.0
15447,2025-07-22 15:15:00,9300.0
15448,2025-07-22 15:20:00,9496.0
15449,2025-07-22 15:25:00,9484.0
15450,2025-07-22 15:30:00,9572.0
15451,2025-07-22 15:35:00,9340.0
15452,2025-07-22 15:40:00,9296.0
15453,2025-07-22 15:45:00,9404.0
15454,2025-07-22 15:50:00,9516.0
15455,2025-07-22 15:55:00,9504.0
15456,2025-07-22 16:00:00,9428.0
15457,2025-07-22 16:05:00,9388.0
15458,2025-07-22 16:10:00,9416.0
15459,2025-07-22 16:15:00,9440.0
15460,2025-07-22 16:20:00,9340.0
15461,2025-07-22 16:25:00,9512.0
15462,2025-07-22 16:30:00,9488.0
15463,2025-07-22 16:35:00,9560.0
15464,2025-07-22 16:40:00,9312.0
15465,2025-07-22 16:45:00,9292.0
15466,2025-07-22 16:50:00,9240.0
15467,2025-07-22 16:55:00,9380.0
15468,2025-07-22 17:00:00,9568.0
15469,2025-07-22 17:05:00,9656.0
15470,2025-07-22 17:10:00,9548.0
15471,2025-07-22 17:15:00,9516.0
15472,2025-07-22 17:20:00,9420.0
15473,2025-07-22 17:25:00,9264.0
15474,2025-07-22 17:30:00,9292.0
15475,2025-07-22 17:35:00,9604.0
15476,2025-07-22 17:40:00,9488.0
15477,2025-07-22 17:45:00,9516.0
15478,2025-07-22 17:50:00,9332.0
15479,2025-07-22 17:55:00,9304.0
15480,2025-07-22 18:00:00,9352.0
15481,2025-07-22 18:05:00,9256.0
15482,2025-07-22 18:10:00,9348.0
15483,2025-07-22 18:15:00,9280.0
15484,2025-07-22 18:20:00,9564.0
15485,2025-07-22 18:25:00,9260.0
15486,2025-07-22 18:30:00,9272.0
15487,2025-07-22 18:35:00,9220.0
15488,2025-07-22 18:40:00,9448.0
15489,2025-07-22 18:45:00,9444.0
15490,2025-07-22 18:50:00,9380.0
15491,2025-07-22 18:55:00,9256.0
15492,2025-07-22 19:00:00,9216.0
15493,2025-07-22 19:05:00,9368.0
15494,2025-07-22 19:10:00,9440.0
15495,2025-07-22 19:15:00,9416.0
15496,2025-07-22 19:20:00,9428.0
15497,2025-07-22 19:25:00,9560.0
15498,2025-07-22 19:30:00,9252.0
15499,2025-07-22 19:35:00,9476.0
15500,2025-07-22 19:40:00,9464.0
15501,2025-07-22 19:45:00,9448.0
15502,2025-07-22 19:50:00,9612.0
15503,2025-07-22 19:55:00,9320.0
15504,2025-07-22 20:00:00,9268.0
15505,2025-07-22 20:05:00,9300.0
15506,2025-07-22 20:10:00,9332.0
15507,2025-07-22 20:15:00,9368.0
15508,2025-07-22 20:20:00,9300.0
15509,2025-07-22 20:25:00,9380.0
15510,2025-07-22 20:30:00,9428.0
15511,2025-07-22 20:35:00,9480.0
15512,2025-07-22 20:40:00,9428.0
15513,2025-07-22 20:45:00,9348.0
15514,2025-07-22 20:50:00,9164.0
15515,2025-07-22 20:55:00,9200.0
15516,2025-07-22 21:00:00,9232.0
15517,2025-07-22 21:05:00,9260.0
15518,2025-07-22 21:10:00,9252.0
15519,2025-07-22 21:15:00,9244.0
15520,2025-07-22 21:20:00,9336.0
15521,2025-07-22 21:25:00,9108.0
15522,2025-07-22 21:30:00,9212.0
15523,2025-07-22 21:35:00,9184.0
15524,2025-07-22 21:40:00,9132.0
15525,2025-07-22 21:45:00,9224.0
15526,2025-07-22 21:50:00,9304.0
15527,2025-07-22 21:55:00,9412.0
15528,2025-07-22 22:00:00,9196.0
15529,2025-07-22 22:05:00,9244.0
15530,2025-07-22 22:10:00,9408.0
15531,2025-07-22 22:15:00,9448.0
15532,2025-07-22 22:20:00,9332.0
15533,2025-07-22 22:25:00,9284.0
15534,2025-07-22 22:30:00,9352.0
15535,2025-07-22 22:35:00,9276.0
15536,2025-07-22 22:40:00,9236.0
15537,2025-07-22 22:45:00,9284.0
15538,2025-07-22 22:50:00,9236.0
15539,2025-07-22 22:55:00,9268.0
15540,2025-07-22 23:00:00,9336.0
15541,2025-07-22 23:05:00,9236.0
15542,2025-07-22 23:10:00,9400.0
15543,2025-07-22 23:15:00,9188.0
15544,2025-07-22 23:20:00,9236.0
15545,2025-07-22 23:25:00,9364.0
15546,2025-07-22 23:30:00,9320.0
15547,2025-07-22 23:35:00,9336.0
15548,2025-07-22 23:40:00,9256.0
15549,2025-07-22 23:45:00,9324.0
15550,2025-07-22 23:50:00,9172.0
15551,2025-07-22 23:55:00,9148.0
15552,2025-07-23 00:00:00,9312.0
15553,2025-07-23 00:05:00,9240.0
15554,2025-07-23 00:10:00,9204.0
15555,2025-07-23 00:15:00,9276.0
15556,2025-07-23 00:20:00,9196.0
15557,2025-07-23 00:25:00,9160.0
15558,2025-07-23 00:30:00,9212.0
15559,2025-07-23 00:35:00,9240.0
15560,2025-07-23 00:40:00,9312.0
15561,2025-07-23 00:45:00,9328.0
15562,2025-07-23 00:50:00,9120.0
15563,2025-07-23 00:55:00,9136.0
15564,2025-07-23 01:00:00,9216.0
15565,2025-07-23 01:05:00,9184.0
15566,2025-07-23 01:10:00,9316.0
15567,2025-07-23 01:15:00,9328.0
15568,2025-07-23 01:20:00,9236.0
15569,2025-07-23 01:25:00,9220.0
15570,2025-07-23 01:30:00,9352.0
15571,2025-07-23 01:35:00,9228.0
15572,2025-07-23 01:40:00,9196.0
15573,2025-07-23 01:45:00,9148.0
15574,2025-07-23 01:50:00,9228.0
15575,2025-07-23 01:55:00,9208.0
15576,2025-07-23 02:00:00,9112.0
15577,2025-07-23 02:05:00,9136.0
15578,2025-07-23 02:10:00,9100.0
15579,2025-07-23 02:15:00,9180.0
15580,2025-07-23 02:20:00,9256.0
15581,2025-07-23 02:25:00,9196.0
15582,2025-07-23 02:30:00,9204.0
15583,2025-07-23 02:35:00,9268.0
15584,2025-07-23 02:40:00,9332.0
15585,2025-07-23 02:45:00,9352.0
15586,2025-07-23 02:50:00,9344.0
15587,2025-07-23 02:55:00,9176.0
15588,2025-07-23 03:00:00,9176.0
15589,2025-07-23 03:05:00,9236.0
15590,2025-07-23 03:10:00,9164.0
15591,2025-07-23 03:15:00,9216.0
15592,2025-07-23 03:20:00,9160.0
15593,2025-07-23 03:25:00,9136.0
15594,2025-07-23 03:30:00,9356.0
15595,2025-07-23 03:35:00,9364.0
15596,2025-07-23 03:40:00,9312.0
15597,2025-07-23 03:45:00,9320.0
15598,2025-07-23 03:50:00,9192.0
15599,2025-07-23 03:55:00,9220.0
15600,2025-07-23 04:00:00,9128.0
15601,2025-07-23 04:05:00,9384.0
15602,2025-07-23 04:10:00,9344.0
15603,2025-07-23 04:15:00,9200.0
15604,2025-07-23 04:20:00,9220.0
15605,2025-07-23 04:25:00,9132.0
15606,2025-07-23 04:30:00,9188.0
15607,2025-07-23 04:35:00,9112.0
15608,2025-07-23 04:40:00,9320.0
15609,2025-07-23 04:45:00,9280.0
15610,2025-07-23 04:50:00,9304.0
15611,2025-07-23 04:55:00,9216.0
15612,2025-07-23 05:00:00,9068.0
15613,2025-07-23 05:05:00,9116.0
15614,2025-07-23 05:10:00,9120.0
15615,2025-07-23 05:15:00,9256.0
15616,2025-07-23 05:20:00,9284.0
15617,2025-07-23 05:25:00,9340.0
15618,2025-07-23 05:30:00,9268.0
15619,2025-07-23 05:35:00,9192.0
15620,2025-07-23 05:40:00,9400.0
15621,2025-07-23 05:45:00,9456.0
15622,2025-07-23 05:50:00,9348.0
15623,2025-07-23 05:55:00,9360.0
15624,2025-07-23 06:00:00,9232.0
15625,2025-07-23 06:05:00,9176.0
15626,2025-07-23 06:10:00,9420.0
15627,2025-07-23 06:15:00,9464.0
15628,2025-07-23 06:20:00,9400.0
15629,2025-07-23 06:25:00,9340.0
15630,2025-07-23 06:30:00,9168.0
15631,2025-07-23 06:35:00,9460.0
15632,2025-07-23 06:40:00,9488.0
15633,2025-07-23 06:45:00,9152.0
15634,2025-07-23 06:50:00,9200.0
15635,2025-07-23 06:55:00,9380.0
15636,2025-07-23 07:00:00,9152.0
15637,2025-07-23 07:05:00,9272.0
15638,2025-07-23 07:10:00,9272.0
15639,2025-07-23 07:15:00,9236.0
15640,2025-07-23 07:20:00,9192.0
15641,2025-07-23 07:25:00,9224.0
15642,2025-07-23 07:30:00,9280.0
15643,2025-07-23 07:35:00,9324.0
15644,2025-07-23 07:40:00,9404.0
15645,2025-07-23 07:45:00,9408.0
15646,2025-07-23 07:50:00,9296.0
15647,2025-07-23 07:55:00,9308.0
15648,2025-07-23 08:00:00,9356.0
15649,2025-07-23 08:05:00,9444.0
15650,2025-07-23 08:10:00,9296.0
15651,2025-07-23 08:15:00,9268.0
15652,2025-07-23 08:20:00,9300.0
15653,2025-07-23 08:25:00,9212.0
15654,2025-07-23 08:30:00,9424.0
15655,2025-07-23 08:35:00,9260.0
15656,2025-07-23 08:40:00,9272.0
15657,2025-07-23 08:45:00,9340.0
15658,2025-07-23 08:50:00,9220.0
15659,2025-07-23 08:55:00,9228.0
15660,2025-07-23 09:00:00,9360.0
15661,2025-07-23 09:05:00,9236.0
15662,2025-07-23 09:10:00,9384.0
15663,2025-07-23 09:15:00,9420.0
15664,2025-07-23 09:20:00,9320.0
15665,2025-07-23 09:25:00,9456.0
15666,2025-07-23 09:30:00,9240.0
15667,2025-07-23 09:35:00,9260.0
15668,2025-07-23 09:40:00,9348.0
15669,2025-07-23 09:45:00,9388.0
15670,2025-07-23 09:50:00,9440.0
15671,2025-07-23 09:55:00,9296.0
15672,2025-07-23 10:00:00,9288.0
15673,2025-07-23 10:05:00,9468.0
15674,2025-07-23 10:10:00,9296.0
15675,2025-07-23 10:15:00,9388.0
15676,2025-07-23 10:20:00,9328.0
15677,2025-07-23 10:25:00,9532.0
15678,2025-07-23 10:30:00,9164.0
15679,2025-07-23 10:35:00,9296.0
15680,2025-07-23 10:40:00,9464.0
15681,2025-07-23 10:45:00,9396.0
15682,2025-07-23 10:50:00,9380.0
15683,2025-07-23 10:55:00,9332.0
15684,2025-07-23 11:00:00,9456.0
15685,2025-07-23 11:05:00,9280.0
15686,2025-07-23 11:10:00,9220.0
15687,2025-07-23 11:15:00,9432.0
15688,2025-07-23 11:20:00,9528.0
15689,2025-07-23 11:25:00,9284.0
15690,2025-07-23 11:30:00,9092.0
15691,2025-07-23 11:35:00,9176.0
15692,2025-07-23 11:40:00,9212.0
15693,2025-07-23 11:45:00,9136.0
15694,2025-07-23 11:50:00,9156.0
15695,2025-07-23 11:55:00,9152.0
15696,2025-07-23 12:00:00,9164.0
15697,2025-07-23 12:05:00,9168.0
15698,2025-07-23 12:10:00,9192.0
15699,2025-07-23 12:15:00,9236.0
15700,2025-07-23 12:20:00,9220.0
15701,2025-07-23 12:25:00,9260.0
15702,2025-07-23 12:30:00,9136.0
15703,2025-07-23 12:35:00,9144.0
15704,2025-07-23 12:40:00,9180.0
15705,2025-07-23 12:45:00,9156.0
15706,2025-07-23 12:50:00,9160.0
15707,2025-07-23 12:55:00,9176.0
15708,2025-07-23 13:00:00,9320.0
15709,2025-07-23 13:05:00,9508.0
15710,2025-07-23 13:10:00,9304.0
15711,2025-07-23 13:15:00,9344.0
15712,2025-07-23 13:20:00,9532.0
15713,2025-07-23 13:25:00,9496.0
15714,2025-07-23 13:30:00,9408.0
15715,2025-07-23 13:35:00,9388.0
15716,2025-07-23 13:40:00,9088.0
15717,2025-07-23 13:45:00,9252.0
15718,2025-07-23 13:50:00,9264.0
15719,2025-07-23 13:55:00,9304.0
15720,2025-07-23 14:00:00,9236.0
15721,2025-07-23 14:05:00,9392.0
15722,2025-07-23 14:10:00,9116.0
15723,2025-07-23 14:15:00,9464.0
15724,2025-07-23 14:20:00,9300.0
15725,2025-07-23 14:25:00,9380.0
15726,2025-07-23 14:30:00,9580.0
15727,2025-07-23 14:35:00,9296.0
15728,2025-07-23 14:40:00,9392.0
15729,2025-07-23 14:45:00,9496.0
15730,2025-07-23 14:50:00,9404.0
15731,2025-07-23 14:55:00,9568.0
15732,2025-07-23 15:00:00,9524.0
15733,2025-07-23 15:05:00,9228.0
15734,2025-07-23 15:10:00,9432.0
15735,2025-07-23 15:15:00,9536.0
15736,2025-07-23 15:20:00,9476.0
15737,2025-07-23 15:25:00,9464.0
15738,2025-07-23 15:30:00,9288.0
15739,2025-07-23 15:35:00,9384.0
15740,2025-07-23 15:40:00,9396.0
15741,2025-07-23 15:45:00,9444.0
15742,2025-07-23 15:50:00,9348.0
15743,2025-07-23 15:55:00,9224.0
15744,2025-07-23 16:00:00,9364.0
15745,2025-07-23 16:05:00,9388.0
15746,2025-07-23 16:10:00,9420.0
15747,2025-07-23 16:15:00,9464.0
15748,2025-07-23 16:20:00,9332.0
15749,2025-07-23 16:25:00,9296.0
15750,2025-07-23 16:30:00,9224.0
15751,2025-07-23 16:35:00,9264.0
15752,2025-07-23 16:40:00,9280.0
15753,2025-07-23 16:45:00,9200.0
15754,2025-07-23 16:50:00,9192.0
15755,2025-07-23 16:55:00,9272.0
15756,2025-07-23 17:00:00,9040.0
15757,2025-07-23 17:05:00,9104.0
15758,2025-07-23 17:10:00,9180.0
15759,2025-07-23 17:15:00,9144.0
15760,2025-07-23 17:20:00,9144.0
15761,2025-07-23 17:25:00,9104.0
15762,2025-07-23 17:30:00,9108.0
15763,2025-07-23 17:35:00,9096.0
15764,2025-07-23 17:40:00,9236.0
15765,2025-07-23 17:45:00,9288.0
15766,2025-07-23 17:50:00,9320.0
15767,2025-07-23 17:55:00,9140.0
15768,2025-07-23 18:00:00,9168.0
15769,2025-07-23 18:05:00,9232.0
15770,2025-07-23 18:10:00,9160.0
15771,2025-07-23 18:15:00,9132.0
15772,2025-07-23 18:20:00,9144.0
15773,2025-07-23 18:25:00,9220.0
15774,2025-07-23 18:30:00,9244.0
15775,2025-07-23 18:35:00,9268.0
15776,2025-07-23 18:40:00,9280.0
15777,2025-07-23 18:45:00,9220.0
15778,2025-07-23 18:50:00,9240.0
15779,2025-07-23 18:55:00,9172.0
15780,2025-07-23 19:00:00,9264.0
15781,2025-07-23 19:05:00,9236.0
15782,2025-07-23 19:10:00,9276.0
15783,2025-07-23 19:15:00,9284.0
15784,2025-07-23 19:20:00,9244.0
15785,2025-07-23 19:25:00,9148.0
15786,2025-07-23 19:30:00,9164.0
15787,2025-07-23 19:35:00,9200.0
15788,2025-07-23 19:40:00,9180.0
15789,2025-07-23 19:45:00,9316.0
15790,2025-07-23 19:50:00,9244.0
15791,2025-07-23 19:55:00,9148.0
15792,2025-07-23 20:00:00,9256.0
15793,2025-07-23 20:05:00,9224.0
15794,2025-07-23 20:10:00,9220.0
15795,2025-07-23 20:15:00,9304.0
15796,2025-07-23 20:20:00,9212.0
15797,2025-07-23 20:25:00,9284.0
15798,2025-07-23 20:30:00,9280.0
15799,2025-07-23 20:35:00,9160.0
15800,2025-07-23 20:40:00,9140.0
15801,2025-07-23 20:45:00,9216.0
15802,2025-07-23 20:50:00,9164.0
15803,2025-07-23 20:55:00,9244.0
15804,2025-07-23 21:00:00,9300.0
15805,2025-07-23 21:05:00,9316.0
15806,2025-07-23 21:10:00,9120.0
15807,2025-07-23 21:15:00,9140.0
15808,2025-07-23 21:20:00,9144.0
15809,2025-07-23 21:25:00,9112.0
15810,2025-07-23 21:30:00,9140.0
15811,2025-07-23 21:35:00,9192.0
15812,2025-07-23 21:40:00,9160.0
15813,2025-07-23 21:45:00,9224.0
15814,2025-07-23 21:50:00,9180.0
15815,2025-07-23 21:55:00,9112.0
15816,2025-07-23 22:00:00,9176.0
15817,2025-07-23 22:05:00,9276.0
15818,2025-07-23 22:10:00,9140.0
15819,2025-07-23 22:15:00,9148.0
15820,2025-07-23 22:20:00,9236.0
15821,2025-07-23 22:25:00,9180.0
15822,2025-07-23 22:30:00,9200.0
15823,2025-07-23 22:35:00,9184.0
15824,2025-07-23 22:40:00,9200.0
15825,2025-07-23 22:45:00,9188.0
15826,2025-07-23 22:50:00,9176.0
15827,2025-07-23 22:55:00,9160.0
15828,2025-07-23 23:00:00,9216.0
15829,2025-07-23 23:05:00,9180.0
15830,2025-07-23 23:10:00,9188.0
15831,2025-07-23 23:15:00,9168.0
15832,2025-07-23 23:20:00,9108.0
15833,2025-07-23 23:25:00,9160.0
15834,2025-07-23 23:30:00,9144.0
15835,2025-07-23 23:35:00,9192.0
15836,2025-07-23 23:40:00,9148.0
15837,2025-07-23 23:45:00,9128.0
15838,2025-07-23 23:50:00,9156.0
15839,2025-07-23 23:55:00,9112.0
15840,2025-07-24 00:00:00,9056.0
15841,2025-07-24 00:05:00,8956.0
15842,2025-07-24 00:10:00,9224.0
15843,2025-07-24 00:15:00,9140.0
15844,2025-07-24 00:20:00,9152.0
15845,2025-07-24 00:25:00,9144.0
15846,2025-07-24 00:30:00,9208.0
15847,2025-07-24 00:35:00,9132.0
15848,2025-07-24 00:40:00,9116.0
15849,2025-07-24 00:45:00,9112.0
15850,2025-07-24 00:50:00,9060.0
15851,2025-07-24 00:55:00,9088.0
15852,2025-07-24 01:00:00,9168.0
15853,2025-07-24 01:05:00,9124.0
15854,2025-07-24 01:10:00,9148.0
15855,2025-07-24 01:15:00,9056.0
15856,2025-07-24 01:20:00,9116.0
15857,2025-07-24 01:25:00,9112.0
15858,2025-07-24 01:30:00,9092.0
15859,2025-07-24 01:35:00,9036.0
15860,2025-07-24 01:40:00,9032.0
15861,2025-07-24 01:45:00,9116.0
15862,2025-07-24 01:50:00,9068.0
15863,2025-07-24 01:55:00,9072.0
15864,2025-07-24 02:00:00,9020.0
15865,2025-07-24 02:05:00,9016.0
15866,2025-07-24 02:10:00,9096.0
15867,2025-07-24 02:15:00,9112.0
15868,2025-07-24 02:20:00,9100.0
15869,2025-07-24 02:25:00,9124.0
15870,2025-07-24 02:30:00,9076.0
15871,2025-07-24 02:35:00,9092.0
15872,2025-07-24 02:40:00,9116.0
15873,2025-07-24 02:45:00,9024.0
15874,2025-07-24 02:50:00,9000.0
15875,2025-07-24 02:55:00,9132.0
15876,2025-07-24 03:00:00,9072.0
15877,2025-07-24 03:05:00,9048.0
15878,2025-07-24 03:10:00,9032.0
15879,2025-07-24 03:15:00,9048.0
15880,2025-07-24 03:20:00,8956.0
15881,2025-07-24 03:25:00,8996.0
15882,2025-07-24 03:30:00,9036.0
15883,2025-07-24 03:35:00,9048.0
15884,2025-07-24 03:40:00,9048.0
15885,2025-07-24 03:45:00,9064.0
15886,2025-07-24 03:50:00,9084.0
15887,2025-07-24 03:55:00,9056.0
15888,2025-07-24 04:00:00,9132.0
15889,2025-07-24 04:05:00,9044.0
15890,2025-07-24 04:10:00,9032.0
15891,2025-07-24 04:15:00,8996.0
15892,2025-07-24 04:20:00,9008.0
15893,2025-07-24 04:25:00,9008.0
15894,2025-07-24 04:30:00,9076.0
15895,2025-07-24 04:35:00,9024.0
15896,2025-07-24 04:40:00,8988.0
15897,2025-07-24 04:45:00,9016.0
15898,2025-07-24 04:50:00,9012.0
15899,2025-07-24 04:55:00,9080.0
15900,2025-07-24 05:00:00,8900.0
15901,2025-07-24 05:05:00,9020.0
15902,2025-07-24 05:10:00,8936.0
15903,2025-07-24 05:15:00,9024.0
15904,2025-07-24 05:20:00,9000.0
15905,2025-07-24 05:25:00,9052.0
15906,2025-07-24 05:30:00,8996.0
15907,2025-07-24 05:35:00,8976.0
15908,2025-07-24 05:40:00,9168.0
15909,2025-07-24 05:45:00,9232.0
15910,2025-07-24 05:50:00,9192.0
15911,2025-07-24 05:55:00,9188.0
15912,2025-07-24 06:00:00,9220.0
15913,2025-07-24 06:05:00,9068.0
15914,2025-07-24 06:10:00,9220.0
15915,2025-07-24 06:15:00,9184.0
15916,2025-07-24 06:20:00,9196.0
15917,2025-07-24 06:25:00,9312.0
15918,2025-07-24 06:30:00,9124.0
15919,2025-07-24 06:35:00,9216.0
15920,2025-07-24 06:40:00,9312.0
15921,2025-07-24 06:45:00,9224.0
15922,2025-07-24 06:50:00,9152.0
15923,2025-07-24 06:55:00,9160.0
15924,2025-07-24 07:00:00,9044.0
15925,2025-07-24 07:05:00,8964.0
15926,2025-07-24 07:10:00,9132.0
15927,2025-07-24 07:15:00,9148.0
15928,2025-07-24 07:20:00,9304.0
15929,2025-07-24 07:25:00,9228.0
15930,2025-07-24 07:30:00,9160.0
15931,2025-07-24 07:35:00,9080.0
15932,2025-07-24 07:40:00,9124.0
15933,2025-07-24 07:45:00,9280.0
15934,2025-07-24 07:50:00,9316.0
15935,2025-07-24 07:55:00,9312.0
15936,2025-07-24 08:00:00,9156.0
15937,2025-07-24 08:05:00,9140.0
15938,2025-07-24 08:10:00,9064.0
15939,2025-07-24 08:15:00,9112.0
15940,2025-07-24 08:20:00,8980.0
15941,2025-07-24 08:25:00,9144.0
15942,2025-07-24 08:30:00,9148.0
15943,2025-07-24 08:35:00,9208.0
15944,2025-07-24 08:40:00,9280.0
15945,2025-07-24 08:45:00,9196.0
15946,2025-07-24 08:50:00,9108.0
15947,2025-07-24 08:55:00,9072.0
15948,2025-07-24 09:00:00,9128.0
15949,2025-07-24 09:05:00,9424.0
15950,2025-07-24 09:10:00,9364.0
15951,2025-07-24 09:15:00,9316.0
15952,2025-07-24 09:20:00,9512.0
15953,2025-07-24 09:25:00,9504.0
15954,2025-07-24 09:30:00,9560.0
15955,2025-07-24 09:35:00,9380.0
15956,2025-07-24 09:40:00,9360.0
15957,2025-07-24 09:45:00,9432.0
15958,2025-07-24 09:50:00,9604.0
15959,2025-07-24 09:55:00,9584.0
15960,2025-07-24 10:00:00,9464.0
15961,2025-07-24 10:05:00,9388.0
15962,2025-07-24 10:10:00,9372.0
15963,2025-07-24 10:15:00,9316.0
15964,2025-07-24 10:20:00,9500.0
15965,2025-07-24 10:25:00,9424.0
15966,2025-07-24 10:30:00,9368.0
15967,2025-07-24 10:35:00,9316.0
15968,2025-07-24 10:40:00,9444.0
15969,2025-07-24 10:45:00,9528.0
15970,2025-07-24 10:50:00,9532.0
15971,2025-07-24 10:55:00,9500.0
15972,2025-07-24 11:00:00,9280.0
15973,2025-07-24 11:05:00,9264.0
15974,2025-07-24 11:10:00,9324.0
15975,2025-07-24 11:15:00,9420.0
15976,2025-07-24 11:20:00,9340.0
15977,2025-07-24 11:25:00,9296.0
15978,2025-07-24 11:30:00,9340.0
15979,2025-07-24 11:35:00,9316.0
15980,2025-07-24 11:40:00,9364.0
15981,2025-07-24 11:45:00,9356.0
15982,2025-07-24 11:50:00,9404.0
15983,2025-07-24 11:55:00,9360.0
15984,2025-07-24 12:00:00,9352.0
15985,2025-07-24 12:05:00,9432.0
15986,2025-07-24 12:10:00,9320.0
15987,2025-07-24 12:15:00,9372.0
15988,2025-07-24 12:20:00,9396.0
15989,2025-07-24 12:25:00,9392.0
15990,2025-07-24 12:30:00,9392.0
15991,2025-07-24 12:35:00,9332.0
15992,2025-07-24 12:40:00,9368.0
15993,2025-07-24 12:45:00,9388.0
15994,2025-07-24 12:50:00,9360.0
15995,2025-07-24 12:55:00,9436.0
15996,2025-07-24 13:00:00,9360.0
15997,2025-07-24 13:05:00,9376.0
15998,2025-07-24 13:10:00,9368.0
15999,2025-07-24 13:15:00,9460.0
16000,2025-07-24 13:20:00,9392.0
16001,2025-07-24 13:25:00,9392.0
16002,2025-07-24 13:30:00,9380.0
16003,2025-07-24 13:35:00,9392.0
16004,2025-07-24 13:40:00,9596.0
16005,2025-07-24 13:45:00,9528.0
16006,2025-07-24 13:50:00,9648.0
16007,2025-07-24 13:55:00,9500.0
16008,2025-07-24 14:00:00,9416.0
16009,2025-07-24 14:05:00,9400.0
16010,2025-07-24 14:10:00,9508.0
16011,2025-07-24 14:15:00,9428.0
16012,2025-07-24 14:20:00,9424.0
16013,2025-07-24 14:25:00,9684.0
16014,2025-07-24 14:30:00,9704.0
16015,2025-07-24 14:35:00,9588.0
16016,2025-07-24 14:40:00,9564.0
16017,2025-07-24 14:45:00,9512.0
16018,2025-07-24 14:50:00,9532.0
16019,2025-07-24 14:55:00,9596.0
16020,2025-07-24 15:00:00,9504.0
16021,2025-07-24 15:05:00,9496.0
16022,2025-07-24 15:10:00,9436.0
16023,2025-07-24 15:15:00,9544.0
16024,2025-07-24 15:20:00,9664.0
16025,2025-07-24 15:25:00,9608.0
16026,2025-07-24 15:30:00,9544.0
16027,2025-07-24 15:35:00,9496.0
16028,2025-07-24 15:40:00,9512.0
16029,2025-07-24 15:45:00,9552.0
16030,2025-07-24 15:50:00,9584.0
16031,2025-07-24 15:55:00,9508.0
16032,2025-07-24 16:00:00,9732.0
16033,2025-07-24 16:05:00,9568.0
16034,2025-07-24 16:10:00,9696.0
16035,2025-07-24 16:15:00,9664.0
16036,2025-07-24 16:20:00,9868.0
16037,2025-07-24 16:25:00,9716.0
16038,2025-07-24 16:30:00,9608.0
16039,2025-07-24 16:35:00,9672.0
16040,2025-07-24 16:40:00,9580.0
16041,2025-07-24 16:45:00,9656.0
16042,2025-07-24 16:50:00,9816.0
16043,2025-07-24 16:55:00,9712.0
16044,2025-07-24 17:00:00,9424.0
16045,2025-07-24 17:05:00,9504.0
16046,2025-07-24 17:10:00,9676.0
16047,2025-07-24 17:15:00,9540.0
16048,2025-07-24 17:20:00,9472.0
16049,2025-07-24 17:25:00,9500.0
16050,2025-07-24 17:30:00,9428.0
16051,2025-07-24 17:35:00,9540.0
16052,2025-07-24 17:40:00,9516.0
16053,2025-07-24 17:45:00,9560.0
16054,2025-07-24 17:50:00,9688.0
16055,2025-07-24 17:55:00,9728.0
16056,2025-07-24 18:00:00,9556.0
16057,2025-07-24 18:05:00,9568.0
16058,2025-07-24 18:10:00,9520.0
16059,2025-07-24 18:15:00,9560.0
16060,2025-07-24 18:20:00,9488.0
16061,2025-07-24 18:25:00,9556.0
16062,2025-07-24 18:30:00,9384.0
16063,2025-07-24 18:35:00,9488.0
16064,2025-07-24 18:40:00,9532.0
16065,2025-07-24 18:45:00,9628.0
16066,2025-07-24 18:50:00,9632.0
16067,2025-07-24 18:55:00,9556.0
16068,2025-07-24 19:00:00,9576.0
16069,2025-07-24 19:05:00,9544.0
16070,2025-07-24 19:10:00,9648.0
16071,2025-07-24 19:15:00,9696.0
16072,2025-07-24 19:20:00,9604.0
16073,2025-07-24 19:25:00,9544.0
16074,2025-07-24 19:30:00,9532.0
16075,2025-07-24 19:35:00,9656.0
16076,2025-07-24 19:40:00,9800.0
16077,2025-07-24 19:45:00,9564.0
16078,2025-07-24 19:50:00,9664.0
16079,2025-07-24 19:55:00,9484.0
16080,2025-07-24 20:00:00,9608.0
16081,2025-07-24 20:05:00,9716.0
16082,2025-07-24 20:10:00,9772.0
16083,2025-07-24 20:15:00,9684.0
16084,2025-07-24 20:20:00,9740.0
16085,2025-07-24 20:25:00,9544.0
16086,2025-07-24 20:30:00,9736.0
16087,2025-07-24 20:35:00,9576.0
16088,2025-07-24 20:40:00,9464.0
16089,2025-07-24 20:45:00,9700.0
16090,2025-07-24 20:50:00,9568.0
16091,2025-07-24 20:55:00,9576.0
16092,2025-07-24 21:00:00,9520.0
16093,2025-07-24 21:05:00,9496.0
16094,2025-07-24 21:10:00,9532.0
16095,2025-07-24 21:15:00,9684.0
16096,2025-07-24 21:20:00,9468.0
16097,2025-07-24 21:25:00,9456.0
16098,2025-07-24 21:30:00,9512.0
16099,2025-07-24 21:35:00,9516.0
16100,2025-07-24 21:40:00,9536.0
16101,2025-07-24 21:45:00,9528.0
16102,2025-07-24 21:50:00,9456.0
16103,2025-07-24 21:55:00,9484.0
16104,2025-07-24 22:00:00,9496.0
16105,2025-07-24 22:05:00,9436.0
16106,2025-07-24 22:10:00,9312.0
16107,2025-07-24 22:15:00,9312.0
16108,2025-07-24 22:20:00,9428.0
16109,2025-07-24 22:25:00,9476.0
16110,2025-07-24 22:30:00,9452.0
16111,2025-07-24 22:35:00,9372.0
16112,2025-07-24 22:40:00,9396.0
16113,2025-07-24 22:45:00,9388.0
16114,2025-07-24 22:50:00,9376.0
16115,2025-07-24 22:55:00,9324.0
16116,2025-07-24 23:00:00,9412.0
16117,2025-07-24 23:05:00,9460.0
16118,2025-07-24 23:10:00,9516.0
16119,2025-07-24 23:15:00,9504.0
16120,2025-07-24 23:20:00,9448.0
16121,2025-07-24 23:25:00,9472.0
16122,2025-07-24 23:30:00,9444.0
16123,2025-07-24 23:35:00,9376.0
16124,2025-07-24 23:40:00,9404.0
16125,2025-07-24 23:45:00,9308.0
16126,2025-07-24 23:50:00,9408.0
16127,2025-07-24 23:55:00,9404.0
16128,2025-07-25 00:00:00,9440.0
16129,2025-07-25 00:05:00,9480.0
16130,2025-07-25 00:10:00,9512.0
16131,2025-07-25 00:15:00,9448.0
16132,2025-07-25 00:20:00,9500.0
16133,2025-07-25 00:25:00,9408.0
16134,2025-07-25 00:30:00,9404.0
16135,2025-07-25 00:35:00,9404.0
16136,2025-07-25 00:40:00,9340.0
16137,2025-07-25 00:45:00,9420.0
16138,2025-07-25 00:50:00,9444.0
16139,2025-07-25 00:55:00,9416.0
16140,2025-07-25 01:00:00,9412.0
16141,2025-07-25 01:05:00,9404.0
16142,2025-07-25 01:10:00,9416.0
16143,2025-07-25 01:15:00,9400.0
16144,2025-07-25 01:20:00,9412.0
16145,2025-07-25 01:25:00,9308.0
16146,2025-07-25 01:30:00,9356.0
16147,2025-07-25 01:35:00,9352.0
16148,2025-07-25 01:40:00,9396.0
16149,2025-07-25 01:45:00,9452.0
16150,2025-07-25 01:50:00,9420.0
16151,2025-07-25 01:55:00,9484.0
16152,2025-07-25 02:00:00,9440.0
16153,2025-07-25 02:05:00,9404.0
16154,2025-07-25 02:10:00,9516.0
16155,2025-07-25 02:15:00,9520.0
16156,2025-07-25 02:20:00,9464.0
16157,2025-07-25 02:25:00,9476.0
16158,2025-07-25 02:30:00,9480.0
16159,2025-07-25 02:35:00,9468.0
16160,2025-07-25 02:40:00,9444.0
16161,2025-07-25 02:45:00,9424.0
16162,2025-07-25 02:50:00,9412.0
16163,2025-07-25 02:55:00,9432.0
16164,2025-07-25 03:00:00,9440.0
16165,2025-07-25 03:05:00,9476.0
16166,2025-07-25 03:10:00,9404.0
16167,2025-07-25 03:15:00,9336.0
16168,2025-07-25 03:20:00,9408.0
16169,2025-07-25 03:25:00,9356.0
16170,2025-07-25 03:30:00,9396.0
16171,2025-07-25 03:35:00,9384.0
16172,2025-07-25 03:40:00,9368.0
16173,2025-07-25 03:45:00,9372.0
16174,2025-07-25 03:50:00,9328.0
16175,2025-07-25 03:55:00,9368.0
16176,2025-07-25 04:00:00,9392.0
16177,2025-07-25 04:05:00,9424.0
16178,2025-07-25 04:10:00,9500.0
16179,2025-07-25 04:15:00,9436.0
16180,2025-07-25 04:20:00,9376.0
16181,2025-07-25 04:25:00,9388.0
16182,2025-07-25 04:30:00,9436.0
16183,2025-07-25 04:35:00,9396.0
16184,2025-07-25 04:40:00,9380.0
16185,2025-07-25 04:45:00,9312.0
16186,2025-07-25 04:50:00,9372.0
16187,2025-07-25 04:55:00,9392.0
16188,2025-07-25 05:00:00,9388.0
16189,2025-07-25 05:05:00,9364.0
16190,2025-07-25 05:10:00,9404.0
16191,2025-07-25 05:15:00,9424.0
16192,2025-07-25 05:20:00,9340.0
16193,2025-07-25 05:25:00,9352.0
16194,2025-07-25 05:30:00,9564.0
16195,2025-07-25 05:35:00,9368.0
16196,2025-07-25 05:40:00,9396.0
16197,2025-07-25 05:45:00,9608.0
16198,2025-07-25 05:50:00,9756.0
16199,2025-07-25 05:55:00,9516.0
16200,2025-07-25 06:00:00,9496.0
16201,2025-07-25 06:05:00,9528.0
16202,2025-07-25 06:10:00,9652.0
16203,2025-07-25 06:15:00,9576.0
16204,2025-07-25 06:20:00,9584.0
16205,2025-07-25 06:25:00,9644.0
16206,2025-07-25 06:30:00,9724.0
16207,2025-07-25 06:35:00,9664.0
16208,2025-07-25 06:40:00,9452.0
16209,2025-07-25 06:45:00,9516.0
16210,2025-07-25 06:50:00,9484.0
16211,2025-07-25 06:55:00,9356.0
16212,2025-07-25 07:00:00,9512.0
16213,2025-07-25 07:05:00,9648.0
16214,2025-07-25 07:10:00,9680.0
16215,2025-07-25 07:15:00,9568.0
16216,2025-07-25 07:20:00,9596.0
16217,2025-07-25 07:25:00,9652.0
16218,2025-07-25 07:30:00,9652.0
16219,2025-07-25 07:35:00,9488.0
16220,2025-07-25 07:40:00,9564.0
16221,2025-07-25 07:45:00,9532.0
16222,2025-07-25 07:50:00,9552.0
16223,2025-07-25 07:55:00,9576.0
16224,2025-07-25 08:00:00,9688.0
16225,2025-07-25 08:05:00,9668.0
16226,2025-07-25 08:10:00,9612.0
16227,2025-07-25 08:15:00,9592.0
16228,2025-07-25 08:20:00,9540.0
16229,2025-07-25 08:25:00,9696.0
16230,2025-07-25 08:30:00,9628.0
16231,2025-07-25 08:35:00,9588.0
16232,2025-07-25 08:40:00,9472.0
16233,2025-07-25 08:45:00,9504.0
16234,2025-07-25 08:50:00,9580.0
16235,2025-07-25 08:55:00,9412.0
16236,2025-07-25 09:00:00,9496.0
16237,2025-07-25 09:05:00,9548.0
16238,2025-07-25 09:10:00,9532.0
16239,2025-07-25 09:15:00,9488.0
16240,2025-07-25 09:20:00,9380.0
16241,2025-07-25 09:25:00,9388.0
16242,2025-07-25 09:30:00,9560.0
16243,2025-07-25 09:35:00,9456.0
16244,2025-07-25 09:40:00,9456.0
16245,2025-07-25 09:45:00,9440.0
16246,2025-07-25 09:50:00,9560.0
16247,2025-07-25 09:55:00,9564.0
16248,2025-07-25 10:00:00,9600.0
16249,2025-07-25 10:05:00,9536.0
16250,2025-07-25 10:10:00,9364.0
16251,2025-07-25 10:15:00,9416.0
16252,2025-07-25 10:20:00,9396.0
16253,2025-07-25 10:25:00,9364.0
16254,2025-07-25 10:30:00,9440.0
16255,2025-07-25 10:35:00,9436.0
16256,2025-07-25 10:40:00,9376.0
16257,2025-07-25 10:45:00,9388.0
16258,2025-07-25 10:50:00,9372.0
16259,2025-07-25 10:55:00,9360.0
16260,2025-07-25 11:00:00,9512.0
16261,2025-07-25 11:05:00,9448.0
16262,2025-07-25 11:10:00,9436.0
16263,2025-07-25 11:15:00,9452.0
16264,2025-07-25 11:20:00,9444.0
16265,2025-07-25 11:25:00,9436.0
16266,2025-07-25 11:30:00,9488.0
16267,2025-07-25 11:35:00,9468.0
16268,2025-07-25 11:40:00,9428.0
16269,2025-07-25 11:45:00,9428.0
16270,2025-07-25 11:50:00,9480.0
16271,2025-07-25 11:55:00,9484.0
16272,2025-07-25 12:00:00,9412.0
16273,2025-07-25 12:05:00,9380.0
16274,2025-07-25 12:10:00,9456.0
16275,2025-07-25 12:15:00,9492.0
16276,2025-07-25 12:20:00,9424.0
16277,2025-07-25 12:25:00,9472.0
16278,2025-07-25 12:30:00,9452.0
16279,2025-07-25 12:35:00,9500.0
16280,2025-07-25 12:40:00,9460.0
16281,2025-07-25 12:45:00,9512.0
16282,2025-07-25 12:50:00,9524.0
16283,2025-07-25 12:55:00,9512.0
16284,2025-07-25 13:00:00,9540.0
16285,2025-07-25 13:05:00,9768.0
16286,2025-07-25 13:10:00,9544.0
16287,2025-07-25 13:15:00,9472.0
16288,2025-07-25 13:20:00,9584.0
16289,2025-07-25 13:25:00,9508.0
16290,2025-07-25 13:30:00,9504.0
16291,2025-07-25 13:35:00,9656.0
16292,2025-07-25 13:40:00,9672.0
16293,2025-07-25 13:45:00,9688.0
16294,2025-07-25 13:50:00,9664.0
16295,2025-07-25 13:55:00,9596.0
16296,2025-07-25 14:00:00,9632.0
16297,2025-07-25 14:05:00,9696.0
16298,2025-07-25 14:10:00,9636.0
16299,2025-07-25 14:15:00,9648.0
16300,2025-07-25 14:20:00,9552.0
16301,2025-07-25 14:25:00,9848.0
16302,2025-07-25 14:30:00,9772.0
16303,2025-07-25 14:35:00,9780.0
16304,2025-07-25 14:40:00,9840.0
16305,2025-07-25 14:45:00,9568.0
16306,2025-07-25 14:50:00,9616.0
16307,2025-07-25 14:55:00,9616.0
16308,2025-07-25 15:00:00,9552.0
16309,2025-07-25 15:05:00,9728.0
16310,2025-07-25 15:10:00,9668.0
16311,2025-07-25 15:15:00,9656.0
16312,2025-07-25 15:20:00,9712.0
16313,2025-07-25 15:25:00,9724.0
16314,2025-07-25 15:30:00,9620.0
16315,2025-07-25 15:35:00,9608.0
16316,2025-07-25 15:40:00,9764.0
16317,2025-07-25 15:45:00,9692.0
16318,2025-07-25 15:50:00,9600.0
16319,2025-07-25 15:55:00,9784.0
16320,2025-07-25 16:00:00,9792.0
16321,2025-07-25 16:05:00,9736.0
16322,2025-07-25 16:10:00,9820.0
16323,2025-07-25 16:15:00,9680.0
16324,2025-07-25 16:20:00,9596.0
16325,2025-07-25 16:25:00,9748.0
16326,2025-07-25 16:30:00,9716.0
16327,2025-07-25 16:35:00,9616.0
16328,2025-07-25 16:40:00,9768.0
16329,2025-07-25 16:45:00,9776.0
16330,2025-07-25 16:50:00,9656.0
16331,2025-07-25 16:55:00,9796.0
16332,2025-07-25 17:00:00,9744.0
16333,2025-07-25 17:05:00,9792.0
16334,2025-07-25 17:10:00,9720.0
16335,2025-07-25 17:15:00,9656.0
16336,2025-07-25 17:20:00,9756.0
16337,2025-07-25 17:25:00,9780.0
16338,2025-07-25 17:30:00,9604.0
16339,2025-07-25 17:35:00,9536.0
16340,2025-07-25 17:40:00,9744.0
16341,2025-07-25 17:45:00,9776.0
16342,2025-07-25 17:50:00,9612.0
16343,2025-07-25 17:55:00,9504.0
16344,2025-07-25 18:00:00,9536.0
16345,2025-07-25 18:05:00,9520.0
16346,2025-07-25 18:10:00,9540.0
16347,2025-07-25 18:15:00,9468.0
16348,2025-07-25 18:20:00,9744.0
16349,2025-07-25 18:25:00,9468.0
16350,2025-07-25 18:30:00,9684.0
16351,2025-07-25 18:35:00,9540.0
16352,2025-07-25 18:40:00,9536.0
16353,2025-07-25 18:45:00,9620.0
16354,2025-07-25 18:50:00,9676.0
16355,2025-07-25 18:55:00,9408.0
16356,2025-07-25 19:00:00,9488.0
16357,2025-07-25 19:05:00,9520.0
16358,2025-07-25 19:10:00,9556.0
16359,2025-07-25 19:15:00,9508.0
16360,2025-07-25 19:20:00,9532.0
16361,2025-07-25 19:25:00,9420.0
16362,2025-07-25 19:30:00,9336.0
16363,2025-07-25 19:35:00,9524.0
16364,2025-07-25 19:40:00,9436.0
16365,2025-07-25 19:45:00,9520.0
16366,2025-07-25 19:50:00,9360.0
16367,2025-07-25 19:55:00,9508.0
16368,2025-07-25 20:00:00,9416.0
16369,2025-07-25 20:05:00,9440.0
16370,2025-07-25 20:10:00,9540.0
16371,2025-07-25 20:15:00,9460.0
16372,2025-07-25 20:20:00,9400.0
16373,2025-07-25 20:25:00,9464.0
16374,2025-07-25 20:30:00,9552.0
16375,2025-07-25 20:35:00,9536.0
16376,2025-07-25 20:40:00,9752.0
16377,2025-07-25 20:45:00,9772.0
16378,2025-07-25 20:50:00,9692.0
16379,2025-07-25 20:55:00,9612.0
16380,2025-07-25 21:00:00,9536.0
16381,2025-07-25 21:05:00,9492.0
16382,2025-07-25 21:10:00,9528.0
16383,2025-07-25 21:15:00,9508.0
16384,2025-07-25 21:20:00,9600.0
16385,2025-07-25 21:25:00,9560.0
16386,2025-07-25 21:30:00,9540.0
16387,2025-07-25 21:35:00,9572.0
16388,2025-07-25 21:40:00,9512.0
16389,2025-07-25 21:45:00,9516.0
16390,2025-07-25 21:50:00,9464.0
16391,2025-07-25 21:55:00,9476.0
16392,2025-07-25 22:00:00,9536.0
16393,2025-07-25 22:05:00,9508.0
16394,2025-07-25 22:10:00,9504.0
16395,2025-07-25 22:15:00,9420.0
16396,2025-07-25 22:20:00,9420.0
16397,2025-07-25 22:25:00,9496.0
16398,2025-07-25 22:30:00,9508.0
16399,2025-07-25 22:35:00,9488.0
16400,2025-07-25 22:40:00,9452.0
16401,2025-07-25 22:45:00,9484.0
16402,2025-07-25 22:50:00,9484.0
16403,2025-07-25 22:55:00,9484.0
16404,2025-07-25 23:00:00,9408.0
16405,2025-07-25 23:05:00,9352.0
16406,2025-07-25 23:10:00,9340.0
16407,2025-07-25 23:15:00,9456.0
16408,2025-07-25 23:20:00,9404.0
16409,2025-07-25 23:25:00,9356.0
16410,2025-07-25 23:30:00,9380.0
16411,2025-07-25 23:35:00,9352.0
16412,2025-07-25 23:40:00,9408.0
16413,2025-07-25 23:45:00,9352.0
16414,2025-07-25 23:50:00,9412.0
16415,2025-07-25 23:55:00,9432.0
16416,2025-07-26 00:00:00,9432.0
16417,2025-07-26 00:05:00,9312.0
16418,2025-07-26 00:10:00,9236.0
16419,2025-07-26 00:15:00,9496.0
16420,2025-07-26 00:20:00,9424.0
16421,2025-07-26 00:25:00,9412.0
16422,2025-07-26 00:30:00,9412.0
16423,2025-07-26 00:35:00,9428.0
16424,2025-07-26 00:40:00,9464.0
16425,2025-07-26 00:45:00,9460.0
16426,2025-07-26 00:50:00,9468.0
16427,2025-07-26 00:55:00,9432.0
16428,2025-07-26 01:00:00,9368.0
16429,2025-07-26 01:05:00,9460.0
16430,2025-07-26 01:10:00,9448.0
16431,2025-07-26 01:15:00,9452.0
16432,2025-07-26 01:20:00,9380.0
16433,2025-07-26 01:25:00,9476.0
16434,2025-07-26 01:30:00,9456.0
16435,2025-07-26 01:35:00,9460.0
16436,2025-07-26 01:40:00,9380.0
16437,2025-07-26 01:45:00,9368.0
16438,2025-07-26 01:50:00,9388.0
16439,2025-07-26 01:55:00,9432.0
16440,2025-07-26 02:00:00,9444.0
16441,2025-07-26 02:05:00,9392.0
16442,2025-07-26 02:10:00,9432.0
16443,2025-07-26 02:15:00,9460.0
16444,2025-07-26 02:20:00,9396.0
16445,2025-07-26 02:25:00,9368.0
16446,2025-07-26 02:30:00,9372.0
16447,2025-07-26 02:35:00,9392.0
16448,2025-07-26 02:40:00,9348.0
16449,2025-07-26 02:45:00,9368.0
16450,2025-07-26 02:50:00,9380.0
16451,2025-07-26 02:55:00,9380.0
16452,2025-07-26 03:00:00,9372.0
16453,2025-07-26 03:05:00,9416.0
16454,2025-07-26 03:10:00,9392.0
16455,2025-07-26 03:15:00,9388.0
16456,2025-07-26 03:20:00,9324.0
16457,2025-07-26 03:25:00,9400.0
16458,2025-07-26 03:30:00,9356.0
16459,2025-07-26 03:35:00,9328.0
16460,2025-07-26 03:40:00,9308.0
16461,2025-07-26 03:45:00,9332.0
16462,2025-07-26 03:50:00,9368.0
16463,2025-07-26 03:55:00,9364.0
16464,2025-07-26 04:00:00,9400.0
16465,2025-07-26 04:05:00,9360.0
16466,2025-07-26 04:10:00,9304.0
16467,2025-07-26 04:15:00,9352.0
16468,2025-07-26 04:20:00,9336.0
16469,2025-07-26 04:25:00,9356.0
16470,2025-07-26 04:30:00,9372.0
16471,2025-07-26 04:35:00,9332.0
16472,2025-07-26 04:40:00,9328.0
16473,2025-07-26 04:45:00,9248.0
16474,2025-07-26 04:50:00,9368.0
16475,2025-07-26 04:55:00,9316.0
16476,2025-07-26 05:00:00,9364.0
16477,2025-07-26 05:05:00,9356.0
16478,2025-07-26 05:10:00,9344.0
16479,2025-07-26 05:15:00,9408.0
16480,2025-07-26 05:20:00,9460.0
16481,2025-07-26 05:25:00,9364.0
16482,2025-07-26 05:30:00,9348.0
16483,2025-07-26 05:35:00,9516.0
16484,2025-07-26 05:40:00,9436.0
16485,2025-07-26 05:45:00,9456.0
16486,2025-07-26 05:50:00,9288.0
16487,2025-07-26 05:55:00,9464.0
16488,2025-07-26 06:00:00,9552.0
16489,2025-07-26 06:05:00,9432.0
16490,2025-07-26 06:10:00,9352.0
16491,2025-07-26 06:15:00,9328.0
16492,2025-07-26 06:20:00,9552.0
16493,2025-07-26 06:25:00,9328.0
16494,2025-07-26 06:30:00,9448.0
16495,2025-07-26 06:35:00,9544.0
16496,2025-07-26 06:40:00,9460.0
16497,2025-07-26 06:45:00,9404.0
16498,2025-07-26 06:50:00,9544.0
16499,2025-07-26 06:55:00,9340.0
16500,2025-07-26 07:00:00,9492.0
16501,2025-07-26 07:05:00,9588.0
16502,2025-07-26 07:10:00,9464.0
16503,2025-07-26 07:15:00,9468.0
16504,2025-07-26 07:20:00,9564.0
16505,2025-07-26 07:25:00,9376.0
16506,2025-07-26 07:30:00,9492.0
16507,2025-07-26 07:35:00,9440.0
16508,2025-07-26 07:40:00,9480.0
16509,2025-07-26 07:45:00,9512.0
16510,2025-07-26 07:50:00,9604.0
16511,2025-07-26 07:55:00,9420.0
16512,2025-07-26 08:00:00,9328.0
16513,2025-07-26 08:05:00,9348.0
16514,2025-07-26 08:10:00,9416.0
16515,2025-07-26 08:15:00,9660.0
16516,2025-07-26 08:20:00,9488.0
16517,2025-07-26 08:25:00,9348.0
16518,2025-07-26 08:30:00,9540.0
16519,2025-07-26 08:35:00,9488.0
16520,2025-07-26 08:40:00,9320.0
16521,2025-07-26 08:45:00,9396.0
16522,2025-07-26 08:50:00,9468.0
16523,2025-07-26 08:55:00,9512.0
16524,2025-07-26 09:00:00,9584.0
16525,2025-07-26 09:05:00,9352.0
16526,2025-07-26 09:10:00,9560.0
16527,2025-07-26 09:15:00,9500.0
16528,2025-07-26 09:20:00,9524.0
16529,2025-07-26 09:25:00,9376.0
16530,2025-07-26 09:30:00,9664.0
16531,2025-07-26 09:35:00,9320.0
16532,2025-07-26 09:40:00,9412.0
16533,2025-07-26 09:45:00,9380.0
16534,2025-07-26 09:50:00,9388.0
16535,2025-07-26 09:55:00,9384.0
16536,2025-07-26 10:00:00,9492.0
16537,2025-07-26 10:05:00,9396.0
16538,2025-07-26 10:10:00,9408.0
16539,2025-07-26 10:15:00,9408.0
16540,2025-07-26 10:20:00,9504.0
16541,2025-07-26 10:25:00,9452.0
16542,2025-07-26 10:30:00,9596.0
16543,2025-07-26 10:35:00,9456.0
16544,2025-07-26 10:40:00,9472.0
16545,2025-07-26 10:45:00,9472.0
16546,2025-07-26 10:50:00,9448.0
16547,2025-07-26 10:55:00,9480.0
16548,2025-07-26 11:00:00,9544.0
16549,2025-07-26 11:05:00,9572.0
16550,2025-07-26 11:10:00,9368.0
16551,2025-07-26 11:15:00,9456.0
16552,2025-07-26 11:20:00,9520.0
16553,2025-07-26 11:25:00,9436.0
16554,2025-07-26 11:30:00,9308.0
16555,2025-07-26 11:35:00,9352.0
16556,2025-07-26 11:40:00,9320.0
16557,2025-07-26 11:45:00,9332.0
16558,2025-07-26 11:50:00,9396.0
16559,2025-07-26 11:55:00,9504.0
16560,2025-07-26 12:00:00,9448.0
16561,2025-07-26 12:05:00,9444.0
16562,2025-07-26 12:10:00,9496.0
16563,2025-07-26 12:15:00,9480.0
16564,2025-07-26 12:20:00,9540.0
16565,2025-07-26 12:25:00,9460.0
16566,2025-07-26 12:30:00,9516.0
16567,2025-07-26 12:35:00,9384.0
16568,2025-07-26 12:40:00,9480.0
16569,2025-07-26 12:45:00,9556.0
16570,2025-07-26 12:50:00,9636.0
16571,2025-07-26 12:55:00,9544.0
16572,2025-07-26 13:00:00,9380.0
16573,2025-07-26 13:05:00,9572.0
16574,2025-07-26 13:10:00,9596.0
16575,2025-07-26 13:15:00,9712.0
16576,2025-07-26 13:20:00,9512.0
16577,2025-07-26 13:25:00,9552.0
16578,2025-07-26 13:30:00,9716.0
16579,2025-07-26 13:35:00,9544.0
16580,2025-07-26 13:40:00,9748.0
16581,2025-07-26 13:45:00,9452.0
16582,2025-07-26 13:50:00,9544.0
16583,2025-07-26 13:55:00,9656.0
16584,2025-07-26 14:00:00,9584.0
16585,2025-07-26 14:05:00,9520.0
16586,2025-07-26 14:10:00,9676.0
16587,2025-07-26 14:15:00,9644.0
16588,2025-07-26 14:20:00,9468.0
16589,2025-07-26 14:25:00,9668.0
16590,2025-07-26 14:30:00,9444.0
16591,2025-07-26 14:35:00,9492.0
16592,2025-07-26 14:40:00,9584.0
16593,2025-07-26 14:45:00,9620.0
16594,2025-07-26 14:50:00,9496.0
16595,2025-07-26 14:55:00,9632.0
16596,2025-07-26 15:00:00,9532.0
16597,2025-07-26 15:05:00,9668.0
16598,2025-07-26 15:10:00,9536.0
16599,2025-07-26 15:15:00,9612.0
16600,2025-07-26 15:20:00,9512.0
16601,2025-07-26 15:25:00,9544.0
16602,2025-07-26 15:30:00,9424.0
16603,2025-07-26 15:35:00,9604.0
16604,2025-07-26 15:40:00,9752.0
16605,2025-07-26 15:45:00,9472.0
16606,2025-07-26 15:50:00,9656.0
16607,2025-07-26 15:55:00,9484.0
16608,2025-07-26 16:00:00,9664.0
16609,2025-07-26 16:05:00,9792.0
16610,2025-07-26 16:10:00,9572.0
16611,2025-07-26 16:15:00,9644.0
16612,2025-07-26 16:20:00,9540.0
16613,2025-07-26 16:25:00,9404.0
16614,2025-07-26 16:30:00,9572.0
16615,2025-07-26 16:35:00,9652.0
16616,2025-07-26 16:40:00,9592.0
16617,2025-07-26 16:45:00,9444.0
16618,2025-07-26 16:50:00,9424.0
16619,2025-07-26 16:55:00,9652.0
16620,2025-07-26 17:00:00,9492.0
16621,2025-07-26 17:05:00,9576.0
16622,2025-07-26 17:10:00,9616.0
16623,2025-07-26 17:15:00,9424.0
16624,2025-07-26 17:20:00,9496.0
16625,2025-07-26 17:25:00,9408.0
16626,2025-07-26 17:30:00,9476.0
16627,2025-07-26 17:35:00,9372.0
16628,2025-07-26 17:40:00,9292.0
16629,2025-07-26 17:45:00,9516.0
16630,2025-07-26 17:50:00,9404.0
16631,2025-07-26 17:55:00,9328.0
16632,2025-07-26 18:00:00,9400.0
16633,2025-07-26 18:05:00,9356.0
16634,2025-07-26 18:10:00,9272.0
16635,2025-07-26 18:15:00,9352.0
16636,2025-07-26 18:20:00,9264.0
16637,2025-07-26 18:25:00,9304.0
16638,2025-07-26 18:30:00,9268.0
16639,2025-07-26 18:35:00,9372.0
16640,2025-07-26 18:40:00,9336.0
16641,2025-07-26 18:45:00,9392.0
16642,2025-07-26 18:50:00,9432.0
16643,2025-07-26 18:55:00,9416.0
16644,2025-07-26 19:00:00,9308.0
16645,2025-07-26 19:05:00,9452.0
16646,2025-07-26 19:10:00,9416.0
16647,2025-07-26 19:15:00,9448.0
16648,2025-07-26 19:20:00,9520.0
16649,2025-07-26 19:25:00,9496.0
16650,2025-07-26 19:30:00,9420.0
16651,2025-07-26 19:35:00,9608.0
16652,2025-07-26 19:40:00,9316.0
16653,2025-07-26 19:45:00,9392.0
16654,2025-07-26 19:50:00,9412.0
16655,2025-07-26 19:55:00,9384.0
16656,2025-07-26 20:00:00,9360.0
16657,2025-07-26 20:05:00,9356.0
16658,2025-07-26 20:10:00,9460.0
16659,2025-07-26 20:15:00,9372.0
16660,2025-07-26 20:20:00,9344.0
16661,2025-07-26 20:25:00,9456.0
16662,2025-07-26 20:30:00,9412.0
16663,2025-07-26 20:35:00,9464.0
16664,2025-07-26 20:40:00,9324.0
16665,2025-07-26 20:45:00,9312.0
16666,2025-07-26 20:50:00,9308.0
16667,2025-07-26 20:55:00,9356.0
16668,2025-07-26 21:00:00,9328.0
16669,2025-07-26 21:05:00,9296.0
16670,2025-07-26 21:10:00,9204.0
16671,2025-07-26 21:15:00,9236.0
16672,2025-07-26 21:20:00,9224.0
16673,2025-07-26 21:25:00,9196.0
16674,2025-07-26 21:30:00,9140.0
16675,2025-07-26 21:35:00,9160.0
16676,2025-07-26 21:40:00,9228.0
16677,2025-07-26 21:45:00,9156.0
16678,2025-07-26 21:50:00,9128.0
16679,2025-07-26 21:55:00,9168.0
16680,2025-07-26 22:00:00,9260.0
16681,2025-07-26 22:05:00,9272.0
16682,2025-07-26 22:10:00,9236.0
16683,2025-07-26 22:15:00,9216.0
16684,2025-07-26 22:20:00,9252.0
16685,2025-07-26 22:25:00,9268.0
16686,2025-07-26 22:30:00,9264.0
16687,2025-07-26 22:35:00,9208.0
16688,2025-07-26 22:40:00,9292.0
16689,2025-07-26 22:45:00,9312.0
16690,2025-07-26 22:50:00,9248.0
16691,2025-07-26 22:55:00,9236.0
16692,2025-07-26 23:00:00,9276.0
16693,2025-07-26 23:05:00,9188.0
16694,2025-07-26 23:10:00,9228.0
16695,2025-07-26 23:15:00,9252.0
16696,2025-07-26 23:20:00,9256.0
16697,2025-07-26 23:25:00,9204.0
16698,2025-07-26 23:30:00,9276.0
16699,2025-07-26 23:35:00,9196.0
16700,2025-07-26 23:40:00,9264.0
16701,2025-07-26 23:45:00,9244.0
16702,2025-07-26 23:50:00,9228.0
16703,2025-07-26 23:55:00,9244.0
16704,2025-07-27 00:00:00,9212.0
16705,2025-07-27 00:05:00,9164.0
16706,2025-07-27 00:10:00,9152.0
16707,2025-07-27 00:15:00,9220.0
16708,2025-07-27 00:20:00,9164.0
16709,2025-07-27 00:25:00,9176.0
16710,2025-07-27 00:30:00,9200.0
16711,2025-07-27 00:35:00,9248.0
16712,2025-07-27 00:40:00,9256.0
16713,2025-07-27 00:45:00,9216.0
16714,2025-07-27 00:50:00,9224.0
16715,2025-07-27 00:55:00,9236.0
16716,2025-07-27 01:00:00,9212.0
16717,2025-07-27 01:05:00,9200.0
16718,2025-07-27 01:10:00,9224.0
16719,2025-07-27 01:15:00,9256.0
16720,2025-07-27 01:20:00,9236.0
16721,2025-07-27 01:25:00,9276.0
16722,2025-07-27 01:30:00,9296.0
16723,2025-07-27 01:35:00,9292.0
16724,2025-07-27 01:40:00,9256.0
16725,2025-07-27 01:45:00,9348.0
16726,2025-07-27 01:50:00,9364.0
16727,2025-07-27 01:55:00,9380.0
16728,2025-07-27 02:00:00,9332.0
16729,2025-07-27 02:05:00,9364.0
16730,2025-07-27 02:10:00,9284.0
16731,2025-07-27 02:15:00,9312.0
16732,2025-07-27 02:20:00,9288.0
16733,2025-07-27 02:25:00,9296.0
16734,2025-07-27 02:30:00,9204.0
16735,2025-07-27 02:35:00,9236.0
16736,2025-07-27 02:40:00,9276.0
16737,2025-07-27 02:45:00,9248.0
16738,2025-07-27 02:50:00,9228.0
16739,2025-07-27 02:55:00,9320.0
16740,2025-07-27 03:00:00,9204.0
16741,2025-07-27 03:05:00,9232.0
16742,2025-07-27 03:10:00,9212.0
16743,2025-07-27 03:15:00,9276.0
16744,2025-07-27 03:20:00,9220.0
16745,2025-07-27 03:25:00,9208.0
16746,2025-07-27 03:30:00,9168.0
16747,2025-07-27 03:35:00,9164.0
16748,2025-07-27 03:40:00,9156.0
16749,2025-07-27 03:45:00,9164.0
16750,2025-07-27 03:50:00,9172.0
16751,2025-07-27 03:55:00,9136.0
16752,2025-07-27 04:00:00,9148.0
16753,2025-07-27 04:05:00,9224.0
16754,2025-07-27 04:10:00,9200.0
16755,2025-07-27 04:15:00,9276.0
16756,2025-07-27 04:20:00,9204.0
16757,2025-07-27 04:25:00,9236.0
16758,2025-07-27 04:30:00,9252.0
16759,2025-07-27 04:35:00,9276.0
16760,2025-07-27 04:40:00,9236.0
16761,2025-07-27 04:45:00,9224.0
16762,2025-07-27 04:50:00,9236.0
16763,2025-07-27 04:55:00,9212.0
16764,2025-07-27 05:00:00,9300.0
16765,2025-07-27 05:05:00,9292.0
16766,2025-07-27 05:10:00,9248.0
16767,2025-07-27 05:15:00,9248.0
16768,2025-07-27 05:20:00,9236.0
16769,2025-07-27 05:25:00,9208.0
16770,2025-07-27 05:30:00,9272.0
16771,2025-07-27 05:35:00,9224.0
16772,2025-07-27 05:40:00,9228.0
16773,2025-07-27 05:45:00,9312.0
16774,2025-07-27 05:50:00,9284.0
16775,2025-07-27 05:55:00,9456.0
16776,2025-07-27 06:00:00,9240.0
16777,2025-07-27 06:05:00,9268.0
16778,2025-07-27 06:10:00,9352.0
16779,2025-07-27 06:15:00,9440.0
16780,2025-07-27 06:20:00,9316.0
16781,2025-07-27 06:25:00,9268.0
16782,2025-07-27 06:30:00,9444.0
16783,2025-07-27 06:35:00,9264.0
16784,2025-07-27 06:40:00,9300.0
16785,2025-07-27 06:45:00,9372.0
16786,2025-07-27 06:50:00,9416.0
16787,2025-07-27 06:55:00,9380.0
16788,2025-07-27 07:00:00,9276.0
16789,2025-07-27 07:05:00,9320.0
16790,2025-07-27 07:10:00,9232.0
16791,2025-07-27 07:15:00,9340.0
16792,2025-07-27 07:20:00,9312.0
16793,2025-07-27 07:25:00,9464.0
16794,2025-07-27 07:30:00,9372.0
16795,2025-07-27 07:35:00,9176.0
16796,2025-07-27 07:40:00,9240.0
16797,2025-07-27 07:45:00,9384.0
16798,2025-07-27 07:50:00,9236.0
16799,2025-07-27 07:55:00,9328.0
16800,2025-07-27 08:00:00,9388.0
16801,2025-07-27 08:05:00,9192.0
16802,2025-07-27 08:10:00,9464.0
16803,2025-07-27 08:15:00,9288.0
16804,2025-07-27 08:20:00,9164.0
16805,2025-07-27 08:25:00,9260.0
16806,2025-07-27 08:30:00,9340.0
16807,2025-07-27 08:35:00,9240.0
16808,2025-07-27 08:40:00,9268.0
16809,2025-07-27 08:45:00,9440.0
16810,2025-07-27 08:50:00,9276.0
16811,2025-07-27 08:55:00,9332.0
16812,2025-07-27 09:00:00,9232.0
16813,2025-07-27 09:05:00,9236.0
16814,2025-07-27 09:10:00,9212.0
16815,2025-07-27 09:15:00,9352.0
16816,2025-07-27 09:20:00,9224.0
16817,2025-07-27 09:25:00,9300.0
16818,2025-07-27 09:30:00,9344.0
16819,2025-07-27 09:35:00,9416.0
16820,2025-07-27 09:40:00,9236.0
16821,2025-07-27 09:45:00,9176.0
16822,2025-07-27 09:50:00,9212.0
16823,2025-07-27 09:55:00,9332.0
16824,2025-07-27 10:00:00,9212.0
16825,2025-07-27 10:05:00,9164.0
16826,2025-07-27 10:10:00,9364.0
16827,2025-07-27 10:15:00,9408.0
16828,2025-07-27 10:20:00,9376.0
16829,2025-07-27 10:25:00,9180.0
16830,2025-07-27 10:30:00,9272.0
16831,2025-07-27 10:35:00,9260.0
16832,2025-07-27 10:40:00,9388.0
16833,2025-07-27 10:45:00,9380.0
16834,2025-07-27 10:50:00,9324.0
16835,2025-07-27 10:55:00,9248.0
16836,2025-07-27 11:00:00,9280.0
16837,2025-07-27 11:05:00,9248.0
16838,2025-07-27 11:10:00,9268.0
16839,2025-07-27 11:15:00,9276.0
16840,2025-07-27 11:20:00,9292.0
16841,2025-07-27 11:25:00,9280.0
16842,2025-07-27 11:30:00,9268.0
16843,2025-07-27 11:35:00,9184.0
16844,2025-07-27 11:40:00,9236.0
16845,2025-07-27 11:45:00,9216.0
16846,2025-07-27 11:50:00,9244.0
16847,2025-07-27 11:55:00,9220.0
16848,2025-07-27 12:00:00,9340.0
16849,2025-07-27 12:05:00,9348.0
16850,2025-07-27 12:10:00,9308.0
16851,2025-07-27 12:15:00,9396.0
16852,2025-07-27 12:20:00,9384.0
16853,2025-07-27 12:25:00,9368.0
16854,2025-07-27 12:30:00,9404.0
16855,2025-07-27 12:35:00,9388.0
16856,2025-07-27 12:40:00,9288.0
16857,2025-07-27 12:45:00,9304.0
16858,2025-07-27 12:50:00,9384.0
16859,2025-07-27 12:55:00,9352.0
16860,2025-07-27 13:00:00,9376.0
16861,2025-07-27 13:05:00,9352.0
16862,2025-07-27 13:10:00,9564.0
16863,2025-07-27 13:15:00,9428.0
16864,2025-07-27 13:20:00,9428.0
16865,2025-07-27 13:25:00,9488.0
16866,2025-07-27 13:30:00,9448.0
16867,2025-07-27 13:35:00,9504.0
16868,2025-07-27 13:40:00,9428.0
16869,2025-07-27 13:45:00,9400.0
16870,2025-07-27 13:50:00,9352.0
16871,2025-07-27 13:55:00,9340.0
16872,2025-07-27 14:00:00,9392.0
16873,2025-07-27 14:05:00,9312.0
16874,2025-07-27 14:10:00,9640.0
16875,2025-07-27 14:15:00,9400.0
16876,2025-07-27 14:20:00,9436.0
16877,2025-07-27 14:25:00,9432.0
16878,2025-07-27 14:30:00,9444.0
16879,2025-07-27 14:35:00,9304.0
16880,2025-07-27 14:40:00,9320.0
16881,2025-07-27 14:45:00,9416.0
16882,2025-07-27 14:50:00,9276.0
16883,2025-07-27 14:55:00,9388.0
16884,2025-07-27 15:00:00,9412.0
16885,2025-07-27 15:05:00,9412.0
16886,2025-07-27 15:10:00,9368.0
16887,2025-07-27 15:15:00,9364.0
16888,2025-07-27 15:20:00,9552.0
16889,2025-07-27 15:25:00,9444.0
16890,2025-07-27 15:30:00,9336.0
16891,2025-07-27 15:35:00,9624.0
16892,2025-07-27 15:40:00,9500.0
16893,2025-07-27 15:45:00,9416.0
16894,2025-07-27 15:50:00,9284.0
16895,2025-07-27 15:55:00,9612.0
16896,2025-07-27 16:00:00,9488.0
16897,2025-07-27 16:05:00,9464.0
16898,2025-07-27 16:10:00,9440.0
16899,2025-07-27 16:15:00,9648.0
16900,2025-07-27 16:20:00,9384.0
16901,2025-07-27 16:25:00,9624.0
16902,2025-07-27 16:30:00,9432.0
16903,2025-07-27 16:35:00,9460.0
16904,2025-07-27 16:40:00,9492.0
16905,2025-07-27 16:45:00,9500.0
16906,2025-07-27 16:50:00,9632.0
16907,2025-07-27 16:55:00,9540.0
16908,2025-07-27 17:00:00,9520.0
16909,2025-07-27 17:05:00,9444.0
16910,2025-07-27 17:10:00,9452.0
16911,2025-07-27 17:15:00,9332.0
16912,2025-07-27 17:20:00,9396.0
16913,2025-07-27 17:25:00,9420.0
16914,2025-07-27 17:30:00,9348.0
16915,2025-07-27 17:35:00,9444.0
16916,2025-07-27 17:40:00,9324.0
16917,2025-07-27 17:45:00,9468.0
16918,2025-07-27 17:50:00,9336.0
16919,2025-07-27 17:55:00,9372.0
16920,2025-07-27 18:00:00,9412.0
16921,2025-07-27 18:05:00,9376.0
16922,2025-07-27 18:10:00,9296.0
16923,2025-07-27 18:15:00,9276.0
16924,2025-07-27 18:20:00,9308.0
16925,2025-07-27 18:25:00,9328.0
16926,2025-07-27 18:30:00,9288.0
16927,2025-07-27 18:35:00,9272.0
16928,2025-07-27 18:40:00,9248.0
16929,2025-07-27 18:45:00,9208.0
16930,2025-07-27 18:50:00,9252.0
16931,2025-07-27 18:55:00,9416.0
16932,2025-07-27 19:00:00,9288.0
16933,2025-07-27 19:05:00,9288.0
16934,2025-07-27 19:10:00,9244.0
16935,2025-07-27 19:15:00,9452.0
16936,2025-07-27 19:20:00,9396.0
16937,2025-07-27 19:25:00,9324.0
16938,2025-07-27 19:30:00,9544.0
16939,2025-07-27 19:35:00,9388.0
16940,2025-07-27 19:40:00,9400.0
16941,2025-07-27 19:45:00,9476.0
16942,2025-07-27 19:50:00,9248.0
16943,2025-07-27 19:55:00,9284.0
16944,2025-07-27 20:00:00,9300.0
16945,2025-07-27 20:05:00,9412.0
16946,2025-07-27 20:10:00,9272.0
16947,2025-07-27 20:15:00,9260.0
16948,2025-07-27 20:20:00,9264.0
16949,2025-07-27 20:25:00,9312.0
16950,2025-07-27 20:30:00,9392.0
16951,2025-07-27 20:35:00,9348.0
16952,2025-07-27 20:40:00,9296.0
16953,2025-07-27 20:45:00,9432.0
16954,2025-07-27 20:50:00,9176.0
16955,2025-07-27 20:55:00,9240.0
16956,2025-07-27 21:00:00,9176.0
16957,2025-07-27 21:05:00,9320.0
16958,2025-07-27 21:10:00,9196.0
16959,2025-07-27 21:15:00,9168.0
16960,2025-07-27 21:20:00,9308.0
16961,2025-07-27 21:25:00,9408.0
16962,2025-07-27 21:30:00,9312.0
16963,2025-07-27 21:35:00,9232.0
16964,2025-07-27 21:40:00,9184.0
16965,2025-07-27 21:45:00,9236.0
16966,2025-07-27 21:50:00,9216.0
16967,2025-07-27 21:55:00,9348.0
16968,2025-07-27 22:00:00,9312.0
16969,2025-07-27 22:05:00,9256.0
16970,2025-07-27 22:10:00,9232.0
16971,2025-07-27 22:15:00,9256.0
16972,2025-07-27 22:20:00,9276.0
16973,2025-07-27 22:25:00,9336.0
16974,2025-07-27 22:30:00,9372.0
16975,2025-07-27 22:35:00,9248.0
16976,2025-07-27 22:40:00,9220.0
16977,2025-07-27 22:45:00,9248.0
16978,2025-07-27 22:50:00,9288.0
16979,2025-07-27 22:55:00,9308.0
16980,2025-07-27 23:00:00,9300.0
16981,2025-07-27 23:05:00,9248.0
16982,2025-07-27 23:10:00,9188.0
16983,2025-07-27 23:15:00,9320.0
16984,2025-07-27 23:20:00,9292.0
16985,2025-07-27 23:25:00,9164.0
16986,2025-07-27 23:30:00,9240.0
16987,2025-07-27 23:35:00,9348.0
16988,2025-07-27 23:40:00,9396.0
16989,2025-07-27 23:45:00,9432.0
16990,2025-07-27 23:50:00,9444.0
16991,2025-07-27 23:55:00,9412.0
16992,2025-07-28 00:00:00,9444.0
16993,2025-07-28 00:05:00,9372.0
16994,2025-07-28 00:10:00,9404.0
16995,2025-07-28 00:15:00,9340.0
16996,2025-07-28 00:20:00,9408.0
16997,2025-07-28 00:25:00,9468.0
16998,2025-07-28 00:30:00,9368.0
16999,2025-07-28 00:35:00,9368.0
17000,2025-07-28 00:40:00,9312.0
17001,2025-07-28 00:45:00,9420.0
17002,2025-07-28 00:50:00,9368.0
17003,2025-07-28 00:55:00,9396.0
17004,2025-07-28 01:00:00,9368.0
17005,2025-07-28 01:05:00,9340.0
17006,2025-07-28 01:10:00,9320.0
17007,2025-07-28 01:15:00,9288.0
17008,2025-07-28 01:20:00,9284.0
17009,2025-07-28 01:25:00,9260.0
17010,2025-07-28 01:30:00,9220.0
17011,2025-07-28 01:35:00,9220.0
17012,2025-07-28 01:40:00,9280.0
17013,2025-07-28 01:45:00,9252.0
17014,2025-07-28 01:50:00,9328.0
17015,2025-07-28 01:55:00,9284.0
17016,2025-07-28 02:00:00,9280.0
17017,2025-07-28 02:05:00,9196.0
17018,2025-07-28 02:10:00,9276.0
17019,2025-07-28 02:15:00,9216.0
17020,2025-07-28 02:20:00,9156.0
17021,2025-07-28 02:25:00,9160.0
17022,2025-07-28 02:30:00,9176.0
17023,2025-07-28 02:35:00,9244.0
17024,2025-07-28 02:40:00,9148.0
17025,2025-07-28 02:45:00,9300.0
17026,2025-07-28 02:50:00,9232.0
17027,2025-07-28 02:55:00,9256.0
17028,2025-07-28 03:00:00,9124.0
17029,2025-07-28 03:05:00,9196.0
17030,2025-07-28 03:10:00,9276.0
17031,2025-07-28 03:15:00,9308.0
17032,2025-07-28 03:20:00,9188.0
17033,2025-07-28 03:25:00,9168.0
17034,2025-07-28 03:30:00,9168.0
17035,2025-07-28 03:35:00,9288.0
17036,2025-07-28 03:40:00,9292.0
17037,2025-07-28 03:45:00,9116.0
17038,2025-07-28 03:50:00,9272.0
17039,2025-07-28 03:55:00,9228.0
17040,2025-07-28 04:00:00,9316.0
17041,2025-07-28 04:05:00,9216.0
17042,2025-07-28 04:10:00,9260.0
17043,2025-07-28 04:15:00,9176.0
17044,2025-07-28 04:20:00,9220.0
17045,2025-07-28 04:25:00,9192.0
17046,2025-07-28 04:30:00,9168.0
17047,2025-07-28 04:35:00,9192.0
17048,2025-07-28 04:40:00,9276.0
17049,2025-07-28 04:45:00,9300.0
17050,2025-07-28 04:50:00,9216.0
17051,2025-07-28 04:55:00,9216.0
17052,2025-07-28 05:00:00,9204.0
17053,2025-07-28 05:05:00,9184.0
17054,2025-07-28 05:10:00,9152.0
17055,2025-07-28 05:15:00,9196.0
17056,2025-07-28 05:20:00,9140.0
17057,2025-07-28 05:25:00,9200.0
17058,2025-07-28 05:30:00,9176.0
17059,2025-07-28 05:35:00,9140.0
17060,2025-07-28 05:40:00,9300.0
17061,2025-07-28 05:45:00,9224.0
17062,2025-07-28 05:50:00,9180.0
17063,2025-07-28 05:55:00,9208.0
17064,2025-07-28 06:00:00,9248.0
17065,2025-07-28 06:05:00,9108.0
17066,2025-07-28 06:10:00,9160.0
17067,2025-07-28 06:15:00,9092.0
17068,2025-07-28 06:20:00,9104.0
17069,2025-07-28 06:25:00,9188.0
17070,2025-07-28 06:30:00,9300.0
17071,2025-07-28 06:35:00,9192.0
17072,2025-07-28 06:40:00,9148.0
17073,2025-07-28 06:45:00,9232.0
17074,2025-07-28 06:50:00,9220.0
17075,2025-07-28 06:55:00,9288.0
17076,2025-07-28 07:00:00,9316.0
17077,2025-07-28 07:05:00,9256.0
17078,2025-07-28 07:10:00,9240.0
17079,2025-07-28 07:15:00,9180.0
17080,2025-07-28 07:20:00,9168.0
17081,2025-07-28 07:25:00,9212.0
17082,2025-07-28 07:30:00,9208.0
17083,2025-07-28 07:35:00,9132.0
17084,2025-07-28 07:40:00,9164.0
17085,2025-07-28 07:45:00,9180.0
17086,2025-07-28 07:50:00,9204.0
17087,2025-07-28 07:55:00,9200.0
17088,2025-07-28 08:00:00,9212.0
17089,2025-07-28 08:05:00,9136.0
17090,2025-07-28 08:10:00,9200.0
17091,2025-07-28 08:15:00,9308.0
17092,2025-07-28 08:20:00,9164.0
17093,2025-07-28 08:25:00,9192.0
17094,2025-07-28 08:30:00,9144.0
17095,2025-07-28 08:35:00,9228.0
17096,2025-07-28 08:40:00,9268.0
17097,2025-07-28 08:45:00,9232.0
17098,2025-07-28 08:50:00,9212.0
17099,2025-07-28 08:55:00,9264.0
17100,2025-07-28 09:00:00,9128.0
17101,2025-07-28 09:05:00,9240.0
17102,2025-07-28 09:10:00,9248.0
17103,2025-07-28 09:15:00,9340.0
17104,2025-07-28 09:20:00,9304.0
17105,2025-07-28 09:25:00,9300.0
17106,2025-07-28 09:30:00,9392.0
17107,2025-07-28 09:35:00,9324.0
17108,2025-07-28 09:40:00,9188.0
17109,2025-07-28 09:45:00,9268.0
17110,2025-07-28 09:50:00,9176.0
17111,2025-07-28 09:55:00,9324.0
17112,2025-07-28 10:00:00,9240.0
17113,2025-07-28 10:05:00,9316.0
17114,2025-07-28 10:10:00,9260.0
17115,2025-07-28 10:15:00,9380.0
17116,2025-07-28 10:20:00,9340.0
17117,2025-07-28 10:25:00,9208.0
17118,2025-07-28 10:30:00,9344.0
17119,2025-07-28 10:35:00,9220.0
17120,2025-07-28 10:40:00,9248.0
17121,2025-07-28 10:45:00,9412.0
17122,2025-07-28 10:50:00,9416.0
17123,2025-07-28 10:55:00,9412.0
17124,2025-07-28 11:00:00,9216.0
17125,2025-07-28 11:05:00,9240.0
17126,2025-07-28 11:10:00,9172.0
17127,2025-07-28 11:15:00,9308.0
17128,2025-07-28 11:20:00,9288.0
17129,2025-07-28 11:25:00,9280.0
17130,2025-07-28 11:30:00,9268.0
17131,2025-07-28 11:35:00,9320.0
17132,2025-07-28 11:40:00,9256.0
17133,2025-07-28 11:45:00,9324.0
17134,2025-07-28 11:50:00,9352.0
17135,2025-07-28 11:55:00,9332.0
17136,2025-07-28 12:00:00,9300.0
17137,2025-07-28 12:05:00,9220.0
17138,2025-07-28 12:10:00,9340.0
17139,2025-07-28 12:15:00,9348.0
17140,2025-07-28 12:20:00,9324.0
17141,2025-07-28 12:25:00,9248.0
17142,2025-07-28 12:30:00,9424.0
17143,2025-07-28 12:35:00,9448.0
17144,2025-07-28 12:40:00,9468.0
17145,2025-07-28 12:45:00,9404.0
17146,2025-07-28 12:50:00,9352.0
17147,2025-07-28 12:55:00,9356.0
17148,2025-07-28 13:00:00,9488.0
17149,2025-07-28 13:05:00,9316.0
17150,2025-07-28 13:10:00,9408.0
17151,2025-07-28 13:15:00,9456.0
17152,2025-07-28 13:20:00,9424.0
17153,2025-07-28 13:25:00,9500.0
17154,2025-07-28 13:30:00,9476.0
17155,2025-07-28 13:35:00,9376.0
17156,2025-07-28 13:40:00,9356.0
17157,2025-07-28 13:45:00,9444.0
17158,2025-07-28 13:50:00,9384.0
17159,2025-07-28 13:55:00,9460.0
17160,2025-07-28 14:00:00,9504.0
17161,2025-07-28 14:05:00,9468.0
17162,2025-07-28 14:10:00,9496.0
17163,2025-07-28 14:15:00,9408.0
17164,2025-07-28 14:20:00,9384.0
17165,2025-07-28 14:25:00,9408.0
17166,2025-07-28 14:30:00,9412.0
17167,2025-07-28 14:35:00,9340.0
17168,2025-07-28 14:40:00,9408.0
17169,2025-07-28 14:45:00,9340.0
17170,2025-07-28 14:50:00,9356.0
17171,2025-07-28 14:55:00,9552.0
17172,2025-07-28 15:00:00,9508.0
17173,2025-07-28 15:05:00,9392.0
17174,2025-07-28 15:10:00,9412.0
17175,2025-07-28 15:15:00,9432.0
17176,2025-07-28 15:20:00,9284.0
17177,2025-07-28 15:25:00,9432.0
17178,2025-07-28 15:30:00,9360.0
17179,2025-07-28 15:35:00,9572.0
17180,2025-07-28 15:40:00,9452.0
17181,2025-07-28 15:45:00,9372.0
17182,2025-07-28 15:50:00,9492.0
17183,2025-07-28 15:55:00,9432.0
17184,2025-07-28 16:00:00,9428.0
17185,2025-07-28 16:05:00,9404.0
17186,2025-07-28 16:10:00,9448.0
17187,2025-07-28 16:15:00,9536.0
17188,2025-07-28 16:20:00,9492.0
17189,2025-07-28 16:25:00,9520.0
17190,2025-07-28 16:30:00,9340.0
17191,2025-07-28 16:35:00,9352.0
17192,2025-07-28 16:40:00,9352.0
17193,2025-07-28 16:45:00,9348.0
17194,2025-07-28 16:50:00,9360.0
17195,2025-07-28 16:55:00,9400.0
17196,2025-07-28 17:00:00,9348.0
17197,2025-07-28 17:05:00,9476.0
17198,2025-07-28 17:10:00,9500.0
17199,2025-07-28 17:15:00,9420.0
17200,2025-07-28 17:20:00,9572.0
17201,2025-07-28 17:25:00,9516.0
17202,2025-07-28 17:30:00,9456.0
17203,2025-07-28 17:35:00,9608.0
17204,2025-07-28 17:40:00,9516.0
17205,2025-07-28 17:45:00,9448.0
17206,2025-07-28 17:50:00,9460.0
17207,2025-07-28 17:55:00,9460.0
17208,2025-07-28 18:00:00,9412.0
17209,2025-07-28 18:05:00,9424.0
17210,2025-07-28 18:10:00,9436.0
17211,2025-07-28 18:15:00,9436.0
17212,2025-07-28 18:20:00,9432.0
17213,2025-07-28 18:25:00,9496.0
17214,2025-07-28 18:30:00,9424.0
17215,2025-07-28 18:35:00,9440.0
17216,2025-07-28 18:40:00,9476.0
17217,2025-07-28 18:45:00,9536.0
17218,2025-07-28 18:50:00,9516.0
17219,2025-07-28 18:55:00,9504.0
17220,2025-07-28 19:00:00,9620.0
17221,2025-07-28 19:05:00,9540.0
17222,2025-07-28 19:10:00,9500.0
17223,2025-07-28 19:15:00,9476.0
17224,2025-07-28 19:20:00,9376.0
17225,2025-07-28 19:25:00,9476.0
17226,2025-07-28 19:30:00,9516.0
17227,2025-07-28 19:35:00,9488.0
17228,2025-07-28 19:40:00,9440.0
17229,2025-07-28 19:45:00,9476.0
17230,2025-07-28 19:50:00,9472.0
17231,2025-07-28 19:55:00,9484.0
17232,2025-07-28 20:00:00,9428.0
17233,2025-07-28 20:05:00,9320.0
17234,2025-07-28 20:10:00,9340.0
17235,2025-07-28 20:15:00,9348.0
17236,2025-07-28 20:20:00,9372.0
17237,2025-07-28 20:25:00,9348.0
17238,2025-07-28 20:30:00,9384.0
17239,2025-07-28 20:35:00,9356.0
17240,2025-07-28 20:40:00,9288.0
17241,2025-07-28 20:45:00,9352.0
17242,2025-07-28 20:50:00,9208.0
17243,2025-07-28 20:55:00,9296.0
17244,2025-07-28 21:00:00,9304.0
17245,2025-07-28 21:05:00,9292.0
17246,2025-07-28 21:10:00,9328.0
17247,2025-07-28 21:15:00,9300.0
17248,2025-07-28 21:20:00,9244.0
17249,2025-07-28 21:25:00,9248.0
17250,2025-07-28 21:30:00,9272.0
17251,2025-07-28 21:35:00,9232.0
17252,2025-07-28 21:40:00,9288.0
17253,2025-07-28 21:45:00,9312.0
17254,2025-07-28 21:50:00,9360.0
17255,2025-07-28 21:55:00,9324.0
17256,2025-07-28 22:00:00,9316.0
17257,2025-07-28 22:05:00,9340.0
17258,2025-07-28 22:10:00,9308.0
17259,2025-07-28 22:15:00,9296.0
17260,2025-07-28 22:20:00,9252.0
17261,2025-07-28 22:25:00,9248.0
17262,2025-07-28 22:30:00,9224.0
17263,2025-07-28 22:35:00,9284.0
17264,2025-07-28 22:40:00,9244.0
17265,2025-07-28 22:45:00,9332.0
17266,2025-07-28 22:50:00,9376.0
17267,2025-07-28 22:55:00,9360.0
17268,2025-07-28 23:00:00,9340.0
17269,2025-07-28 23:05:00,9336.0
17270,2025-07-28 23:10:00,9404.0
17271,2025-07-28 23:15:00,9364.0
17272,2025-07-28 23:20:00,9336.0
17273,2025-07-28 23:25:00,9364.0
17274,2025-07-28 23:30:00,9304.0
17275,2025-07-28 23:35:00,9364.0
17276,2025-07-28 23:40:00,9344.0
17277,2025-07-28 23:45:00,9300.0
17278,2025-07-28 23:50:00,9276.0
17279,2025-07-28 23:55:00,9320.0
17280,2025-07-29 00:00:00,9276.0
17281,2025-07-29 00:05:00,9324.0
17282,2025-07-29 00:10:00,9304.0
17283,2025-07-29 00:15:00,9236.0
17284,2025-07-29 00:20:00,9320.0
17285,2025-07-29 00:25:00,9304.0
17286,2025-07-29 00:30:00,9240.0
17287,2025-07-29 00:35:00,9272.0
17288,2025-07-29 00:40:00,9332.0
17289,2025-07-29 00:45:00,9352.0
17290,2025-07-29 00:50:00,9300.0
17291,2025-07-29 00:55:00,9348.0
17292,2025-07-29 01:00:00,9356.0
17293,2025-07-29 01:05:00,9348.0
17294,2025-07-29 01:10:00,9332.0
17295,2025-07-29 01:15:00,9360.0
17296,2025-07-29 01:20:00,9324.0
17297,2025-07-29 01:25:00,9340.0
17298,2025-07-29 01:30:00,9384.0
17299,2025-07-29 01:35:00,9272.0
17300,2025-07-29 01:40:00,9352.0
17301,2025-07-29 01:45:00,9344.0
17302,2025-07-29 01:50:00,9348.0
17303,2025-07-29 01:55:00,9244.0
17304,2025-07-29 02:00:00,9288.0
17305,2025-07-29 02:05:00,9316.0
17306,2025-07-29 02:10:00,9276.0
17307,2025-07-29 02:15:00,9296.0
17308,2025-07-29 02:20:00,9324.0
17309,2025-07-29 02:25:00,9308.0
17310,2025-07-29 02:30:00,9360.0
17311,2025-07-29 02:35:00,9268.0
17312,2025-07-29 02:40:00,9296.0
17313,2025-07-29 02:45:00,9260.0
17314,2025-07-29 02:50:00,9276.0
17315,2025-07-29 02:55:00,9244.0
17316,2025-07-29 03:00:00,9272.0
17317,2025-07-29 03:05:00,9332.0
17318,2025-07-29 03:10:00,9296.0
17319,2025-07-29 03:15:00,9296.0
17320,2025-07-29 03:20:00,9284.0
17321,2025-07-29 03:25:00,9288.0
17322,2025-07-29 03:30:00,9272.0
17323,2025-07-29 03:35:00,9320.0
17324,2025-07-29 03:40:00,9284.0
17325,2025-07-29 03:45:00,9304.0
17326,2025-07-29 03:50:00,9376.0
17327,2025-07-29 03:55:00,9312.0
17328,2025-07-29 04:00:00,9244.0
17329,2025-07-29 04:05:00,9204.0
17330,2025-07-29 04:10:00,9312.0
17331,2025-07-29 04:15:00,9224.0
17332,2025-07-29 04:20:00,9236.0
17333,2025-07-29 04:25:00,9260.0
17334,2025-07-29 04:30:00,9208.0
17335,2025-07-29 04:35:00,9212.0
17336,2025-07-29 04:40:00,9152.0
17337,2025-07-29 04:45:00,9184.0
17338,2025-07-29 04:50:00,9232.0
17339,2025-07-29 04:55:00,9296.0
17340,2025-07-29 05:00:00,9216.0
17341,2025-07-29 05:05:00,9252.0
17342,2025-07-29 05:10:00,9192.0
17343,2025-07-29 05:15:00,9124.0
17344,2025-07-29 05:20:00,9184.0
17345,2025-07-29 05:25:00,9200.0
17346,2025-07-29 05:30:00,9180.0
17347,2025-07-29 05:35:00,9164.0
17348,2025-07-29 05:40:00,9204.0
17349,2025-07-29 05:45:00,9160.0
17350,2025-07-29 05:50:00,9164.0
17351,2025-07-29 05:55:00,9140.0
17352,2025-07-29 06:00:00,9152.0
17353,2025-07-29 06:05:00,9188.0
17354,2025-07-29 06:10:00,9152.0
17355,2025-07-29 06:15:00,9216.0
17356,2025-07-29 06:20:00,9160.0
17357,2025-07-29 06:25:00,9172.0
17358,2025-07-29 06:30:00,9096.0
17359,2025-07-29 06:35:00,9108.0
17360,2025-07-29 06:40:00,9104.0
17361,2025-07-29 06:45:00,9116.0
17362,2025-07-29 06:50:00,9140.0
17363,2025-07-29 06:55:00,9072.0
17364,2025-07-29 07:00:00,9168.0
17365,2025-07-29 07:05:00,9148.0
17366,2025-07-29 07:10:00,9180.0
17367,2025-07-29 07:15:00,9176.0
17368,2025-07-29 07:20:00,9124.0
17369,2025-07-29 07:25:00,9132.0
17370,2025-07-29 07:30:00,9044.0
17371,2025-07-29 07:35:00,9156.0
17372,2025-07-29 07:40:00,9128.0
17373,2025-07-29 07:45:00,9132.0
17374,2025-07-29 07:50:00,9192.0
17375,2025-07-29 07:55:00,9152.0
17376,2025-07-29 08:00:00,9140.0
17377,2025-07-29 08:05:00,9148.0
17378,2025-07-29 08:10:00,9160.0
17379,2025-07-29 08:15:00,9136.0
17380,2025-07-29 08:20:00,9204.0
17381,2025-07-29 08:25:00,9176.0
17382,2025-07-29 08:30:00,9204.0
17383,2025-07-29 08:35:00,9132.0
17384,2025-07-29 08:40:00,9200.0
17385,2025-07-29 08:45:00,9108.0
17386,2025-07-29 08:50:00,9200.0
17387,2025-07-29 08:55:00,9180.0
17388,2025-07-29 09:00:00,9160.0
17389,2025-07-29 09:05:00,9204.0
17390,2025-07-29 09:10:00,9160.0
17391,2025-07-29 09:15:00,9180.0
17392,2025-07-29 09:20:00,9148.0
17393,2025-07-29 09:25:00,9188.0
17394,2025-07-29 09:30:00,9128.0
17395,2025-07-29 09:35:00,9124.0
17396,2025-07-29 09:40:00,9132.0
17397,2025-07-29 09:45:00,9156.0
17398,2025-07-29 09:50:00,9144.0
17399,2025-07-29 09:55:00,9228.0
17400,2025-07-29 10:00:00,9216.0
17401,2025-07-29 10:05:00,9204.0
17402,2025-07-29 10:10:00,9176.0
17403,2025-07-29 10:15:00,9216.0
17404,2025-07-29 10:20:00,9220.0
17405,2025-07-29 10:25:00,9220.0
17406,2025-07-29 10:30:00,9196.0
17407,2025-07-29 10:35:00,9208.0
17408,2025-07-29 10:40:00,9284.0
17409,2025-07-29 10:45:00,9292.0
17410,2025-07-29 10:50:00,9384.0
17411,2025-07-29 10:55:00,9376.0
17412,2025-07-29 11:00:00,9364.0
17413,2025-07-29 11:05:00,9364.0
17414,2025-07-29 11:10:00,9288.0
17415,2025-07-29 11:15:00,9356.0
17416,2025-07-29 11:20:00,9344.0
17417,2025-07-29 11:25:00,9380.0
17418,2025-07-29 11:30:00,9360.0
17419,2025-07-29 11:35:00,9388.0
17420,2025-07-29 11:40:00,9416.0
17421,2025-07-29 11:45:00,9368.0
17422,2025-07-29 11:50:00,9424.0
17423,2025-07-29 11:55:00,9424.0
17424,2025-07-29 12:00:00,9400.0
17425,2025-07-29 12:05:00,9360.0
17426,2025-07-29 12:10:00,9332.0
17427,2025-07-29 12:15:00,9300.0
17428,2025-07-29 12:20:00,9404.0
17429,2025-07-29 12:25:00,9444.0
17430,2025-07-29 12:30:00,9416.0
17431,2025-07-29 12:35:00,9420.0
17432,2025-07-29 12:40:00,9424.0
17433,2025-07-29 12:45:00,9404.0
17434,2025-07-29 12:50:00,9332.0
17435,2025-07-29 12:55:00,9456.0
17436,2025-07-29 13:00:00,9432.0
17437,2025-07-29 13:05:00,9428.0
17438,2025-07-29 13:10:00,9368.0
17439,2025-07-29 13:15:00,9460.0
17440,2025-07-29 13:20:00,9416.0
17441,2025-07-29 13:25:00,9392.0
17442,2025-07-29 13:30:00,9356.0
17443,2025-07-29 13:35:00,9424.0
17444,2025-07-29 13:40:00,9388.0
17445,2025-07-29 13:45:00,9340.0
17446,2025-07-29 13:50:00,9316.0
17447,2025-07-29 13:55:00,9408.0
17448,2025-07-29 14:00:00,9400.0
17449,2025-07-29 14:05:00,9416.0
17450,2025-07-29 14:10:00,9392.0
17451,2025-07-29 14:15:00,9440.0
17452,2025-07-29 14:20:00,9428.0
17453,2025-07-29 14:25:00,9484.0
17454,2025-07-29 14:30:00,9380.0
17455,2025-07-29 14:35:00,9408.0
17456,2025-07-29 14:40:00,9388.0
17457,2025-07-29 14:45:00,9380.0
17458,2025-07-29 14:50:00,9352.0
17459,2025-07-29 14:55:00,9368.0
17460,2025-07-29 15:00:00,9432.0
17461,2025-07-29 15:05:00,9384.0
17462,2025-07-29 15:10:00,9344.0
17463,2025-07-29 15:15:00,9416.0
17464,2025-07-29 15:20:00,9444.0
17465,2025-07-29 15:25:00,9428.0
17466,2025-07-29 15:30:00,9392.0
17467,2025-07-29 15:35:00,9460.0
17468,2025-07-29 15:40:00,9396.0
17469,2025-07-29 15:45:00,9320.0
17470,2025-07-29 15:50:00,9400.0
17471,2025-07-29 15:55:00,9396.0
17472,2025-07-29 16:00:00,9388.0
17473,2025-07-29 16:05:00,9468.0
17474,2025-07-29 16:10:00,9456.0
17475,2025-07-29 16:15:00,9452.0
17476,2025-07-29 16:20:00,9412.0
17477,2025-07-29 16:25:00,9344.0
17478,2025-07-29 16:30:00,9380.0
17479,2025-07-29 16:35:00,9436.0
17480,2025-07-29 16:40:00,9360.0
17481,2025-07-29 16:45:00,9412.0
17482,2025-07-29 16:50:00,9396.0
17483,2025-07-29 16:55:00,9396.0
17484,2025-07-29 17:00:00,9428.0
17485,2025-07-29 17:05:00,9456.0
17486,2025-07-29 17:10:00,9424.0
17487,2025-07-29 17:15:00,9488.0
17488,2025-07-29 17:20:00,9420.0
17489,2025-07-29 17:25:00,9384.0
17490,2025-07-29 17:30:00,9440.0
17491,2025-07-29 17:35:00,9388.0
17492,2025-07-29 17:40:00,9348.0
17493,2025-07-29 17:45:00,9372.0
17494,2025-07-29 17:50:00,9420.0
17495,2025-07-29 17:55:00,9476.0
17496,2025-07-29 18:00:00,9448.0
17497,2025-07-29 18:05:00,9448.0
17498,2025-07-29 18:10:00,9404.0
17499,2025-07-29 18:15:00,9416.0
17500,2025-07-29 18:20:00,9396.0
17501,2025-07-29 18:25:00,9436.0
17502,2025-07-29 18:30:00,9484.0
17503,2025-07-29 18:35:00,9400.0
17504,2025-07-29 18:40:00,9352.0
17505,2025-07-29 18:45:00,9408.0
17506,2025-07-29 18:50:00,9472.0
17507,2025-07-29 18:55:00,9560.0
17508,2025-07-29 19:00:00,9500.0
17509,2025-07-29 19:05:00,9460.0
17510,2025-07-29 19:10:00,9524.0
17511,2025-07-29 19:15:00,9504.0
17512,2025-07-29 19:20:00,9472.0
17513,2025-07-29 19:25:00,9440.0
17514,2025-07-29 19:30:00,9452.0
17515,2025-07-29 19:35:00,9396.0
17516,2025-07-29 19:40:00,9452.0
17517,2025-07-29 19:45:00,9416.0
17518,2025-07-29 19:50:00,9448.0
17519,2025-07-29 19:55:00,9436.0
17520,2025-07-29 20:00:00,9468.0
17521,2025-07-29 20:05:00,9448.0
17522,2025-07-29 20:10:00,9460.0
17523,2025-07-29 20:15:00,9528.0
17524,2025-07-29 20:20:00,9500.0
17525,2025-07-29 20:25:00,9452.0
17526,2025-07-29 20:30:00,9436.0
17527,2025-07-29 20:35:00,9448.0
17528,2025-07-29 20:40:00,9408.0
17529,2025-07-29 20:45:00,9484.0
17530,2025-07-29 20:50:00,9412.0
17531,2025-07-29 20:55:00,9512.0
17532,2025-07-29 21:00:00,9416.0
17533,2025-07-29 21:05:00,9416.0
17534,2025-07-29 21:10:00,9500.0
17535,2025-07-29 21:15:00,9436.0
17536,2025-07-29 21:20:00,9452.0
17537,2025-07-29 21:25:00,9480.0
17538,2025-07-29 21:30:00,9488.0
17539,2025-07-29 21:35:00,9480.0
17540,2025-07-29 21:40:00,9448.0
17541,2025-07-29 21:45:00,9412.0
17542,2025-07-29 21:50:00,9472.0
17543,2025-07-29 21:55:00,9492.0
17544,2025-07-29 22:00:00,9460.0
17545,2025-07-29 22:05:00,9460.0
17546,2025-07-29 22:10:00,9372.0
17547,2025-07-29 22:15:00,9440.0
17548,2025-07-29 22:20:00,9400.0
17549,2025-07-29 22:25:00,9376.0
17550,2025-07-29 22:30:00,9484.0
17551,2025-07-29 22:35:00,9436.0
17552,2025-07-29 22:40:00,9476.0
17553,2025-07-29 22:45:00,9448.0
17554,2025-07-29 22:50:00,9480.0
17555,2025-07-29 22:55:00,9468.0
17556,2025-07-29 23:00:00,9504.0
17557,2025-07-29 23:05:00,9520.0
17558,2025-07-29 23:10:00,9488.0
17559,2025-07-29 23:15:00,9476.0
17560,2025-07-29 23:20:00,9452.0
17561,2025-07-29 23:25:00,9412.0
17562,2025-07-29 23:30:00,9376.0
17563,2025-07-29 23:35:00,9452.0
17564,2025-07-29 23:40:00,9416.0
17565,2025-07-29 23:45:00,9496.0
17566,2025-07-29 23:50:00,9432.0
17567,2025-07-29 23:55:00,9484.0
17568,2025-07-30 00:00:00,9468.0
17569,2025-07-30 00:05:00,9448.0
17570,2025-07-30 00:10:00,9500.0
17571,2025-07-30 00:15:00,9392.0
17572,2025-07-30 00:20:00,9352.0
17573,2025-07-30 00:25:00,9476.0
17574,2025-07-30 00:30:00,9436.0
17575,2025-07-30 00:35:00,9524.0
17576,2025-07-30 00:40:00,9524.0
17577,2025-07-30 00:45:00,9436.0
17578,2025-07-30 00:50:00,9452.0
17579,2025-07-30 00:55:00,9444.0
17580,2025-07-30 01:00:00,9468.0
17581,2025-07-30 01:05:00,9452.0
17582,2025-07-30 01:10:00,9404.0
17583,2025-07-30 01:15:00,9424.0
17584,2025-07-30 01:20:00,9512.0
17585,2025-07-30 01:25:00,9500.0
17586,2025-07-30 01:30:00,9420.0
17587,2025-07-30 01:35:00,9464.0
17588,2025-07-30 01:40:00,9404.0
17589,2025-07-30 01:45:00,9456.0
17590,2025-07-30 01:50:00,9428.0
17591,2025-07-30 01:55:00,9420.0
17592,2025-07-30 02:00:00,9488.0
17593,2025-07-30 02:05:00,9428.0
17594,2025-07-30 02:10:00,9492.0
17595,2025-07-30 02:15:00,9448.0
17596,2025-07-30 02:20:00,9424.0
17597,2025-07-30 02:25:00,9372.0
17598,2025-07-30 02:30:00,9456.0
17599,2025-07-30 02:35:00,9452.0
17600,2025-07-30 02:40:00,9488.0
17601,2025-07-30 02:45:00,9436.0
17602,2025-07-30 02:50:00,9500.0
17603,2025-07-30 02:55:00,9388.0
17604,2025-07-30 03:00:00,9384.0
17605,2025-07-30 03:05:00,9468.0
17606,2025-07-30 03:10:00,9444.0
17607,2025-07-30 03:15:00,9380.0
17608,2025-07-30 03:20:00,9364.0
17609,2025-07-30 03:25:00,9488.0
17610,2025-07-30 03:30:00,9444.0
17611,2025-07-30 03:35:00,9404.0
17612,2025-07-30 03:40:00,9396.0
17613,2025-07-30 03:45:00,9408.0
17614,2025-07-30 03:50:00,9436.0
17615,2025-07-30 03:55:00,9340.0
17616,2025-07-30 04:00:00,9384.0
17617,2025-07-30 04:05:00,9400.0
17618,2025-07-30 04:10:00,9388.0
17619,2025-07-30 04:15:00,9408.0
17620,2025-07-30 04:20:00,9440.0
17621,2025-07-30 04:25:00,9412.0
17622,2025-07-30 04:30:00,9380.0
17623,2025-07-30 04:35:00,9368.0
17624,2025-07-30 04:40:00,9424.0
17625,2025-07-30 04:45:00,9380.0
17626,2025-07-30 04:50:00,9376.0
17627,2025-07-30 04:55:00,9384.0
17628,2025-07-30 05:00:00,9388.0
17629,2025-07-30 05:05:00,9420.0
17630,2025-07-30 05:10:00,9432.0
17631,2025-07-30 05:15:00,9388.0
17632,2025-07-30 05:20:00,9428.0
17633,2025-07-30 05:25:00,9396.0
17634,2025-07-30 05:30:00,9420.0
17635,2025-07-30 05:35:00,9444.0
17636,2025-07-30 05:40:00,9396.0
17637,2025-07-30 05:45:00,9412.0
17638,2025-07-30 05:50:00,9448.0
17639,2025-07-30 05:55:00,9420.0
17640,2025-07-30 06:00:00,9472.0
17641,2025-07-30 06:05:00,9392.0
17642,2025-07-30 06:10:00,9416.0
17643,2025-07-30 06:15:00,9456.0
17644,2025-07-30 06:20:00,9424.0
17645,2025-07-30 06:25:00,9380.0
17646,2025-07-30 06:30:00,9344.0
17647,2025-07-30 06:35:00,9408.0
17648,2025-07-30 06:40:00,9440.0
17649,2025-07-30 06:45:00,9452.0
17650,2025-07-30 06:50:00,9364.0
17651,2025-07-30 06:55:00,9408.0
17652,2025-07-30 07:00:00,9448.0
17653,2025-07-30 07:05:00,9444.0
17654,2025-07-30 07:10:00,9372.0
17655,2025-07-30 07:15:00,9388.0
17656,2025-07-30 07:20:00,9384.0
17657,2025-07-30 07:25:00,9392.0
17658,2025-07-30 07:30:00,9436.0
17659,2025-07-30 07:35:00,9384.0
17660,2025-07-30 07:40:00,9396.0
17661,2025-07-30 07:45:00,9464.0
17662,2025-07-30 07:50:00,9464.0
17663,2025-07-30 07:55:00,9344.0
17664,2025-07-30 08:00:00,9456.0
17665,2025-07-30 08:05:00,9436.0
17666,2025-07-30 08:10:00,9404.0
17667,2025-07-30 08:15:00,9400.0
17668,2025-07-30 08:20:00,9384.0
17669,2025-07-30 08:25:00,9368.0
17670,2025-07-30 08:30:00,9400.0
17671,2025-07-30 08:35:00,9440.0
17672,2025-07-30 08:40:00,9420.0
17673,2025-07-30 08:45:00,9448.0
17674,2025-07-30 08:50:00,9376.0
17675,2025-07-30 08:55:00,9372.0
17676,2025-07-30 09:00:00,9384.0
17677,2025-07-30 09:05:00,9348.0
17678,2025-07-30 09:10:00,9368.0
17679,2025-07-30 09:15:00,9352.0
17680,2025-07-30 09:20:00,9396.0
17681,2025-07-30 09:25:00,9396.0
17682,2025-07-30 09:30:00,9324.0
17683,2025-07-30 09:35:00,9336.0
17684,2025-07-30 09:40:00,9352.0
17685,2025-07-30 09:45:00,9360.0
17686,2025-07-30 09:50:00,9360.0
17687,2025-07-30 09:55:00,9388.0
17688,2025-07-30 10:00:00,9388.0
17689,2025-07-30 10:05:00,9364.0
17690,2025-07-30 10:10:00,9356.0
17691,2025-07-30 10:15:00,9340.0
17692,2025-07-30 10:20:00,9384.0
17693,2025-07-30 10:25:00,9416.0
17694,2025-07-30 10:30:00,9408.0
17695,2025-07-30 10:35:00,9416.0
17696,2025-07-30 10:40:00,9476.0
17697,2025-07-30 10:45:00,9388.0
17698,2025-07-30 10:50:00,9432.0
17699,2025-07-30 10:55:00,9432.0
17700,2025-07-30 11:00:00,9360.0
17701,2025-07-30 11:05:00,9396.0
17702,2025-07-30 11:10:00,9360.0
17703,2025-07-30 11:15:00,9376.0
17704,2025-07-30 11:20:00,9344.0
17705,2025-07-30 11:25:00,9380.0
17706,2025-07-30 11:30:00,9360.0
17707,2025-07-30 11:35:00,9388.0
17708,2025-07-30 11:40:00,9412.0
17709,2025-07-30 11:45:00,9436.0
17710,2025-07-30 11:50:00,9436.0
17711,2025-07-30 11:55:00,9508.0
17712,2025-07-30 12:00:00,9512.0
17713,2025-07-30 12:05:00,9448.0
17714,2025-07-30 12:10:00,9448.0
17715,2025-07-30 12:15:00,9452.0
17716,2025-07-30 12:20:00,9408.0
17717,2025-07-30 12:25:00,9408.0
17718,2025-07-30 12:30:00,9456.0
17719,2025-07-30 12:35:00,9452.0
17720,2025-07-30 12:40:00,9408.0
17721,2025-07-30 12:45:00,9408.0
17722,2025-07-30 12:50:00,9396.0
17723,2025-07-30 12:55:00,9464.0
17724,2025-07-30 13:00:00,9436.0
17725,2025-07-30 13:05:00,9452.0
17726,2025-07-30 13:10:00,9436.0
17727,2025-07-30 13:15:00,9388.0
17728,2025-07-30 13:20:00,9388.0
17729,2025-07-30 13:25:00,9376.0
17730,2025-07-30 13:30:00,9412.0
17731,2025-07-30 13:35:00,9304.0
17732,2025-07-30 13:40:00,9432.0
17733,2025-07-30 13:45:00,9436.0
17734,2025-07-30 13:50:00,9396.0
17735,2025-07-30 13:55:00,9384.0
17736,2025-07-30 14:00:00,9408.0
17737,2025-07-30 14:05:00,9344.0
17738,2025-07-30 14:10:00,9424.0
17739,2025-07-30 14:15:00,9436.0
17740,2025-07-30 14:20:00,9452.0
17741,2025-07-30 14:25:00,9388.0
17742,2025-07-30 14:30:00,9312.0
17743,2025-07-30 14:35:00,9304.0
17744,2025-07-30 14:40:00,9300.0
17745,2025-07-30 14:45:00,9444.0
17746,2025-07-30 14:50:00,9388.0
17747,2025-07-30 14:55:00,9392.0
17748,2025-07-30 15:00:00,9380.0
17749,2025-07-30 15:05:00,9448.0
17750,2025-07-30 15:10:00,9392.0
17751,2025-07-30 15:15:00,9400.0
17752,2025-07-30 15:20:00,9352.0
17753,2025-07-30 15:25:00,9384.0
17754,2025-07-30 15:30:00,9352.0
17755,2025-07-30 15:35:00,9372.0
17756,2025-07-30 15:40:00,9368.0
17757,2025-07-30 15:45:00,9344.0
17758,2025-07-30 15:50:00,9348.0
17759,2025-07-30 15:55:00,9392.0
17760,2025-07-30 16:00:00,9436.0
17761,2025-07-30 16:05:00,9404.0
17762,2025-07-30 16:10:00,9380.0
17763,2025-07-30 16:15:00,9476.0
17764,2025-07-30 16:20:00,9464.0
17765,2025-07-30 16:25:00,9408.0
17766,2025-07-30 16:30:00,9384.0
17767,2025-07-30 16:35:00,9428.0
17768,2025-07-30 16:40:00,9404.0
17769,2025-07-30 16:45:00,9412.0
17770,2025-07-30 16:50:00,9460.0
17771,2025-07-30 16:55:00,9444.0
17772,2025-07-30 17:00:00,9348.0
17773,2025-07-30 17:05:00,9420.0
17774,2025-07-30 17:10:00,9308.0
17775,2025-07-30 17:15:00,9344.0
17776,2025-07-30 17:20:00,9388.0
17777,2025-07-30 17:25:00,9352.0
17778,2025-07-30 17:30:00,9328.0
17779,2025-07-30 17:35:00,9352.0
17780,2025-07-30 17:40:00,9360.0
17781,2025-07-30 17:45:00,9364.0
17782,2025-07-30 17:50:00,9320.0
17783,2025-07-30 17:55:00,9292.0
17784,2025-07-30 18:00:00,9316.0
17785,2025-07-30 18:05:00,9316.0
17786,2025-07-30 18:10:00,9340.0
17787,2025-07-30 18:15:00,9456.0
17788,2025-07-30 18:20:00,9424.0
17789,2025-07-30 18:25:00,9424.0
17790,2025-07-30 18:30:00,9416.0
17791,2025-07-30 18:35:00,9376.0
17792,2025-07-30 18:40:00,9392.0
17793,2025-07-30 18:45:00,9384.0
17794,2025-07-30 18:50:00,9356.0
17795,2025-07-30 18:55:00,9360.0
17796,2025-07-30 19:00:00,9328.0
17797,2025-07-30 19:05:00,9352.0
17798,2025-07-30 19:10:00,9372.0
17799,2025-07-30 19:15:00,9352.0
17800,2025-07-30 19:20:00,9340.0
17801,2025-07-30 19:25:00,9336.0
17802,2025-07-30 19:30:00,9340.0
17803,2025-07-30 19:35:00,9376.0
17804,2025-07-30 19:40:00,9420.0
17805,2025-07-30 19:45:00,9424.0
17806,2025-07-30 19:50:00,9444.0
17807,2025-07-30 19:55:00,9472.0
17808,2025-07-30 20:00:00,9452.0
17809,2025-07-30 20:05:00,9456.0
17810,2025-07-30 20:10:00,9400.0
17811,2025-07-30 20:15:00,9388.0
17812,2025-07-30 20:20:00,9408.0
17813,2025-07-30 20:25:00,9412.0
17814,2025-07-30 20:30:00,9324.0
17815,2025-07-30 20:35:00,9376.0
17816,2025-07-30 20:40:00,9352.0
17817,2025-07-30 20:45:00,9328.0
17818,2025-07-30 20:50:00,9388.0
17819,2025-07-30 20:55:00,9348.0
17820,2025-07-30 21:00:00,9340.0
17821,2025-07-30 21:05:00,9380.0
17822,2025-07-30 21:10:00,9336.0
17823,2025-07-30 21:15:00,9372.0
17824,2025-07-30 21:20:00,9296.0
17825,2025-07-30 21:25:00,9312.0
17826,2025-07-30 21:30:00,9400.0
17827,2025-07-30 21:35:00,9384.0
17828,2025-07-30 21:40:00,9396.0
17829,2025-07-30 21:45:00,9432.0
17830,2025-07-30 21:50:00,9324.0
17831,2025-07-30 21:55:00,9424.0
17832,2025-07-30 22:00:00,9400.0
17833,2025-07-30 22:05:00,9352.0
17834,2025-07-30 22:10:00,9364.0
17835,2025-07-30 22:15:00,9324.0
17836,2025-07-30 22:20:00,9388.0
17837,2025-07-30 22:25:00,9388.0
17838,2025-07-30 22:30:00,9368.0
17839,2025-07-30 22:35:00,9280.0
17840,2025-07-30 22:40:00,9316.0
17841,2025-07-30 22:45:00,9344.0
17842,2025-07-30 22:50:00,9272.0
17843,2025-07-30 22:55:00,9240.0
17844,2025-07-30 23:00:00,9328.0
17845,2025-07-30 23:05:00,9348.0
17846,2025-07-30 23:10:00,9328.0
17847,2025-07-30 23:15:00,9424.0
17848,2025-07-30 23:20:00,9400.0
17849,2025-07-30 23:25:00,9376.0
17850,2025-07-30 23:30:00,9348.0
17851,2025-07-30 23:35:00,9356.0
17852,2025-07-30 23:40:00,9348.0
17853,2025-07-30 23:45:00,9356.0
17854,2025-07-30 23:50:00,9276.0
17855,2025-07-30 23:55:00,9316.0
17856,2025-07-31 00:00:00,9360.0
17857,2025-07-31 00:05:00,9380.0
17858,2025-07-31 00:10:00,9396.0
17859,2025-07-31 00:15:00,9364.0
17860,2025-07-31 00:20:00,9308.0
17861,2025-07-31 00:25:00,9284.0
17862,2025-07-31 00:30:00,9324.0
17863,2025-07-31 00:35:00,9288.0
17864,2025-07-31 00:40:00,9332.0
17865,2025-07-31 00:45:00,9376.0
17866,2025-07-31 00:50:00,9396.0
17867,2025-07-31 00:55:00,9336.0
17868,2025-07-31 01:00:00,9324.0
17869,2025-07-31 01:05:00,9360.0
17870,2025-07-31 01:10:00,9248.0
17871,2025-07-31 01:15:00,9264.0
17872,2025-07-31 01:20:00,9256.0
17873,2025-07-31 01:25:00,9276.0
17874,2025-07-31 01:30:00,9264.0
17875,2025-07-31 01:35:00,9232.0
17876,2025-07-31 01:40:00,9296.0
17877,2025-07-31 01:45:00,9280.0
17878,2025-07-31 01:50:00,9260.0
17879,2025-07-31 01:55:00,9336.0
17880,2025-07-31 02:00:00,9320.0
17881,2025-07-31 02:05:00,9268.0
17882,2025-07-31 02:10:00,9264.0
17883,2025-07-31 02:15:00,9300.0
17884,2025-07-31 02:20:00,9296.0
17885,2025-07-31 02:25:00,9284.0
17886,2025-07-31 02:30:00,9000.0
17887,2025-07-31 02:35:00,8944.0
17888,2025-07-31 02:40:00,9104.0
17889,2025-07-31 02:45:00,9100.0
17890,2025-07-31 02:50:00,9112.0
17891,2025-07-31 02:55:00,9112.0
17892,2025-07-31 03:00:00,9116.0
17893,2025-07-31 03:05:00,9084.0
17894,2025-07-31 03:10:00,9108.0
17895,2025-07-31 03:15:00,9024.0
17896,2025-07-31 03:20:00,9012.0
17897,2025-07-31 03:25:00,9016.0
17898,2025-07-31 03:30:00,9048.0
17899,2025-07-31 03:35:00,9016.0
17900,2025-07-31 03:40:00,8972.0
17901,2025-07-31 03:45:00,9008.0
17902,2025-07-31 03:50:00,8988.0
17903,2025-07-31 03:55:00,9000.0
17904,2025-07-31 04:00:00,8960.0
17905,2025-07-31 04:05:00,8924.0
17906,2025-07-31 04:10:00,8944.0
17907,2025-07-31 04:15:00,8936.0
17908,2025-07-31 04:20:00,8972.0
17909,2025-07-31 04:25:00,8956.0
17910,2025-07-31 04:30:00,9012.0
17911,2025-07-31 04:35:00,9008.0
17912,2025-07-31 04:40:00,9012.0
17913,2025-07-31 04:45:00,9000.0
17914,2025-07-31 04:50:00,8916.0
17915,2025-07-31 04:55:00,8976.0
17916,2025-07-31 05:00:00,8940.0
17917,2025-07-31 05:05:00,8924.0
17918,2025-07-31 05:10:00,8924.0
17919,2025-07-31 05:15:00,8944.0
17920,2025-07-31 05:20:00,8944.0
17921,2025-07-31 05:25:00,8932.0
17922,2025-07-31 05:30:00,8904.0
17923,2025-07-31 05:35:00,8892.0
17924,2025-07-31 05:40:00,8964.0
17925,2025-07-31 05:45:00,8912.0
17926,2025-07-31 05:50:00,8928.0
17927,2025-07-31 05:55:00,8900.0
17928,2025-07-31 06:00:00,8888.0
17929,2025-07-31 06:05:00,8940.0
17930,2025-07-31 06:10:00,8940.0
17931,2025-07-31 06:15:00,8928.0
17932,2025-07-31 06:20:00,8888.0
17933,2025-07-31 06:25:00,8912.0
17934,2025-07-31 06:30:00,8908.0
17935,2025-07-31 06:35:00,8916.0
17936,2025-07-31 06:40:00,8964.0
17937,2025-07-31 06:45:00,8956.0
17938,2025-07-31 06:50:00,8992.0
17939,2025-07-31 06:55:00,8944.0
17940,2025-07-31 07:00:00,8944.0
17941,2025-07-31 07:05:00,8940.0
17942,2025-07-31 07:10:00,8960.0
17943,2025-07-31 07:15:00,8932.0
17944,2025-07-31 07:20:00,8932.0
17945,2025-07-31 07:25:00,8944.0
17946,2025-07-31 07:30:00,8912.0
17947,2025-07-31 07:35:00,8932.0
17948,2025-07-31 07:40:00,8932.0
17949,2025-07-31 07:45:00,8956.0
17950,2025-07-31 07:50:00,8984.0
17951,2025-07-31 07:55:00,9008.0
17952,2025-07-31 08:00:00,8916.0
17953,2025-07-31 08:05:00,8984.0
17954,2025-07-31 08:10:00,9024.0
17955,2025-07-31 08:15:00,9004.0
17956,2025-07-31 08:20:00,9016.0
17957,2025-07-31 08:25:00,9064.0
17958,2025-07-31 08:30:00,9044.0
17959,2025-07-31 08:35:00,9024.0
17960,2025-07-31 08:40:00,9012.0
17961,2025-07-31 08:45:00,9040.0
17962,2025-07-31 08:50:00,9028.0
17963,2025-07-31 08:55:00,9016.0
17964,2025-07-31 09:00:00,9028.0
17965,2025-07-31 09:05:00,8996.0
17966,2025-07-31 09:10:00,9032.0
17967,2025-07-31 09:15:00,9044.0
17968,2025-07-31 09:20:00,9048.0
17969,2025-07-31 09:25:00,9052.0
17970,2025-07-31 09:30:00,9064.0
17971,2025-07-31 09:35:00,9032.0
17972,2025-07-31 09:40:00,9036.0
17973,2025-07-31 09:45:00,9032.0
17974,2025-07-31 09:50:00,9068.0
17975,2025-07-31 09:55:00,9004.0
17976,2025-07-31 10:00:00,9100.0
17977,2025-07-31 10:05:00,9168.0
17978,2025-07-31 10:10:00,9116.0
17979,2025-07-31 10:15:00,9148.0
17980,2025-07-31 10:20:00,9144.0
17981,2025-07-31 10:25:00,9144.0
17982,2025-07-31 10:30:00,9156.0
17983,2025-07-31 10:35:00,9112.0
17984,2025-07-31 10:40:00,9084.0
17985,2025-07-31 10:45:00,9072.0
17986,2025-07-31 10:50:00,9096.0
17987,2025-07-31 10:55:00,9084.0
17988,2025-07-31 11:00:00,9084.0
17989,2025-07-31 11:05:00,9132.0
17990,2025-07-31 11:10:00,9136.0
17991,2025-07-31 11:15:00,9152.0
17992,2025-07-31 11:20:00,9140.0
17993,2025-07-31 11:25:00,9140.0
17994,2025-07-31 11:30:00,9080.0
17995,2025-07-31 11:35:00,9084.0
17996,2025-07-31 11:40:00,9172.0
17997,2025-07-31 11:45:00,9144.0
17998,2025-07-31 11:50:00,9212.0
17999,2025-07-31 11:55:00,9240.0
18000,2025-07-31 12:00:00,9200.0
18001,2025-07-31 12:05:00,9212.0
18002,2025-07-31 12:10:00,9180.0
18003,2025-07-31 12:15:00,9204.0
18004,2025-07-31 12:20:00,9196.0
18005,2025-07-31 12:25:00,9164.0
18006,2025-07-31 12:30:00,9208.0
18007,2025-07-31 12:35:00,9232.0
18008,2025-07-31 12:40:00,9280.0
18009,2025-07-31 12:45:00,9256.0
18010,2025-07-31 12:50:00,9252.0
18011,2025-07-31 12:55:00,9156.0
18012,2025-07-31 13:00:00,9236.0
18013,2025-07-31 13:05:00,9260.0
18014,2025-07-31 13:10:00,9212.0
18015,2025-07-31 13:15:00,9244.0
18016,2025-07-31 13:20:00,9212.0
18017,2025-07-31 13:25:00,9220.0
18018,2025-07-31 13:30:00,9200.0
18019,2025-07-31 13:35:00,9248.0
18020,2025-07-31 13:40:00,9180.0
18021,2025-07-31 13:45:00,9136.0
18022,2025-07-31 13:50:00,9184.0
18023,2025-07-31 13:55:00,9084.0
18024,2025-07-31 14:00:00,9156.0
18025,2025-07-31 14:05:00,9184.0
18026,2025-07-31 14:10:00,9088.0
18027,2025-07-31 14:15:00,9232.0
18028,2025-07-31 14:20:00,9200.0
18029,2025-07-31 14:25:00,9204.0
18030,2025-07-31 14:30:00,9200.0
18031,2025-07-31 14:35:00,9188.0
18032,2025-07-31 14:40:00,9260.0
18033,2025-07-31 14:45:00,9224.0
18034,2025-07-31 14:50:00,9176.0
18035,2025-07-31 14:55:00,9216.0
18036,2025-07-31 15:00:00,9188.0
18037,2025-07-31 15:05:00,8916.0
18038,2025-07-31 15:10:00,8700.0
18039,2025-07-31 15:15:00,8232.0
18040,2025-07-31 15:20:00,8252.0
18041,2025-07-31 15:25:00,8228.0
18042,2025-07-31 15:30:00,8240.0
18043,2025-07-31 15:35:00,8256.0
18044,2025-07-31 15:40:00,8232.0
18045,2025-07-31 15:45:00,8244.0
18046,2025-07-31 15:50:00,8176.0
18047,2025-07-31 15:55:00,8276.0
18048,2025-07-31 16:00:00,8256.0
18049,2025-07-31 16:05:00,8244.0
18050,2025-07-31 16:10:00,8576.0
18051,2025-07-31 16:15:00,8604.0
18052,2025-07-31 16:20:00,9704.0
18053,2025-07-31 16:25:00,9884.0
18054,2025-07-31 16:30:00,10032.0
18055,2025-07-31 16:35:00,10116.0
18056,2025-07-31 16:40:00,10028.0
18057,2025-07-31 16:45:00,9988.0
18058,2025-07-31 16:50:00,10048.0
18059,2025-07-31 16:55:00,9976.0
18060,2025-07-31 17:00:00,9968.0
18061,2025-07-31 17:05:00,10008.0
18062,2025-07-31 17:10:00,9948.0
18063,2025-07-31 17:15:00,9796.0
18064,2025-07-31 17:20:00,9784.0
18065,2025-07-31 17:25:00,9732.0
18066,2025-07-31 17:30:00,9408.0
18067,2025-07-31 17:35:00,9408.0
18068,2025-07-31 17:40:00,9344.0
18069,2025-07-31 17:45:00,9356.0
18070,2025-07-31 17:50:00,9300.0
18071,2025-07-31 17:55:00,9276.0
18072,2025-07-31 18:00:00,9300.0
18073,2025-07-31 18:05:00,9224.0
18074,2025-07-31 18:10:00,9236.0
18075,2025-07-31 18:15:00,9204.0
18076,2025-07-31 18:20:00,9176.0
18077,2025-07-31 18:25:00,9252.0
18078,2025-07-31 18:30:00,9180.0
18079,2025-07-31 18:35:00,9248.0
18080,2025-07-31 18:40:00,9228.0
18081,2025-07-31 18:45:00,9176.0
18082,2025-07-31 18:50:00,9204.0
18083,2025-07-31 18:55:00,9232.0
18084,2025-07-31 19:00:00,9204.0
18085,2025-07-31 19:05:00,9164.0
18086,2025-07-31 19:10:00,9164.0
18087,2025-07-31 19:15:00,9160.0
18088,2025-07-31 19:20:00,9088.0
18089,2025-07-31 19:25:00,9128.0
18090,2025-07-31 19:30:00,9116.0
18091,2025-07-31 19:35:00,9128.0
18092,2025-07-31 19:40:00,9176.0
18093,2025-07-31 19:45:00,9116.0
18094,2025-07-31 19:50:00,9148.0
18095,2025-07-31 19:55:00,9108.0
18096,2025-07-31 20:00:00,9116.0
18097,2025-07-31 20:05:00,9088.0
18098,2025-07-31 20:10:00,9092.0
18099,2025-07-31 20:15:00,9180.0
18100,2025-07-31 20:20:00,9160.0
18101,2025-07-31 20:25:00,9184.0
18102,2025-07-31 20:30:00,9100.0
18103,2025-07-31 20:35:00,9148.0
18104,2025-07-31 20:40:00,9148.0
18105,2025-07-31 20:45:00,9144.0
18106,2025-07-31 20:50:00,9132.0
18107,2025-07-31 20:55:00,9188.0
18108,2025-07-31 21:00:00,9168.0
18109,2025-07-31 21:05:00,9196.0
18110,2025-07-31 21:10:00,9192.0
18111,2025-07-31 21:15:00,9172.0
18112,2025-07-31 21:20:00,9156.0
18113,2025-07-31 21:25:00,9132.0
18114,2025-07-31 21:30:00,9156.0
18115,2025-07-31 21:35:00,9216.0
18116,2025-07-31 21:40:00,9176.0
18117,2025-07-31 21:45:00,9128.0
18118,2025-07-31 21:50:00,9232.0
18119,2025-07-31 21:55:00,9220.0
18120,2025-07-31 22:00:00,9132.0
18121,2025-07-31 22:05:00,9188.0
18122,2025-07-31 22:10:00,9148.0
18123,2025-07-31 22:15:00,9124.0
18124,2025-07-31 22:20:00,9104.0
18125,2025-07-31 22:25:00,9096.0
18126,2025-07-31 22:30:00,9084.0
18127,2025-07-31 22:35:00,9160.0
18128,2025-07-31 22:40:00,9172.0
18129,2025-07-31 22:45:00,9160.0
18130,2025-07-31 22:50:00,9120.0
18131,2025-07-31 22:55:00,9088.0
18132,2025-07-31 23:00:00,9116.0
18133,2025-07-31 23:05:00,9136.0
18134,2025-07-31 23:10:00,9088.0
18135,2025-07-31 23:15:00,9084.0
18136,2025-07-31 23:20:00,9036.0
18137,2025-07-31 23:25:00,9076.0
18138,2025-07-31 23:30:00,9084.0
18139,2025-07-31 23:35:00,9052.0
18140,2025-07-31 23:40:00,9028.0
18141,2025-07-31 23:45:00,8996.0
18142,2025-07-31 23:50:00,9024.0
18143,2025-07-31 23:55:00,9096.0
