,power_opt,time
2025-05-01 00:00:00,-2916.522,2025-05-01 00:00:00
2025-05-01 00:05:00,-2916.522,2025-05-01 00:05:00
2025-05-01 00:10:00,-2916.522,2025-05-01 00:10:00
2025-05-01 00:15:00,-2916.522,2025-05-01 00:15:00
2025-05-01 00:20:00,-2916.522,2025-05-01 00:20:00
2025-05-01 00:25:00,-2916.522,2025-05-01 00:25:00
2025-05-01 00:30:00,-2916.522,2025-05-01 00:30:00
2025-05-01 00:35:00,-2916.522,2025-05-01 00:35:00
2025-05-01 00:40:00,-2916.522,2025-05-01 00:40:00
2025-05-01 00:45:00,-2916.522,2025-05-01 00:45:00
2025-05-01 00:50:00,-2916.522,2025-05-01 00:50:00
2025-05-01 00:55:00,-2916.522,2025-05-01 00:55:00
2025-05-01 01:00:00,-2916.522,2025-05-01 01:00:00
2025-05-01 01:05:00,-2916.522,2025-05-01 01:05:00
2025-05-01 01:10:00,-2916.522,2025-05-01 01:10:00
2025-05-01 01:15:00,-2916.522,2025-05-01 01:15:00
2025-05-01 01:20:00,-2916.522,2025-05-01 01:20:00
2025-05-01 01:25:00,-2916.522,2025-05-01 01:25:00
2025-05-01 01:30:00,-2916.522,2025-05-01 01:30:00
2025-05-01 01:35:00,-2916.522,2025-05-01 01:35:00
2025-05-01 01:40:00,-2916.522,2025-05-01 01:40:00
2025-05-01 01:45:00,-2916.522,2025-05-01 01:45:00
2025-05-01 01:50:00,-2916.522,2025-05-01 01:50:00
2025-05-01 01:55:00,-2916.522,2025-05-01 01:55:00
2025-05-01 02:00:00,-2916.522,2025-05-01 02:00:00
2025-05-01 02:05:00,-2916.522,2025-05-01 02:05:00
2025-05-01 02:10:00,-2916.522,2025-05-01 02:10:00
2025-05-01 02:15:00,-2916.522,2025-05-01 02:15:00
2025-05-01 02:20:00,-2916.522,2025-05-01 02:20:00
2025-05-01 02:25:00,-2916.522,2025-05-01 02:25:00
2025-05-01 02:30:00,-2916.522,2025-05-01 02:30:00
2025-05-01 02:35:00,-2916.522,2025-05-01 02:35:00
2025-05-01 02:40:00,-2916.522,2025-05-01 02:40:00
2025-05-01 02:45:00,-2916.522,2025-05-01 02:45:00
2025-05-01 02:50:00,-2916.522,2025-05-01 02:50:00
2025-05-01 02:55:00,-2916.522,2025-05-01 02:55:00
2025-05-01 03:00:00,-2916.522,2025-05-01 03:00:00
2025-05-01 03:05:00,-2916.522,2025-05-01 03:05:00
2025-05-01 03:10:00,-2916.522,2025-05-01 03:10:00
2025-05-01 03:15:00,-2916.522,2025-05-01 03:15:00
2025-05-01 03:20:00,-2916.522,2025-05-01 03:20:00
2025-05-01 03:25:00,-2916.522,2025-05-01 03:25:00
2025-05-01 03:30:00,-2916.522,2025-05-01 03:30:00
2025-05-01 03:35:00,-2916.522,2025-05-01 03:35:00
2025-05-01 03:40:00,-2916.522,2025-05-01 03:40:00
2025-05-01 03:45:00,-2916.522,2025-05-01 03:45:00
2025-05-01 03:50:00,-2916.522,2025-05-01 03:50:00
2025-05-01 03:55:00,-2916.522,2025-05-01 03:55:00
2025-05-01 04:00:00,-2916.522,2025-05-01 04:00:00
2025-05-01 04:05:00,-2916.522,2025-05-01 04:05:00
2025-05-01 04:10:00,-2916.522,2025-05-01 04:10:00
2025-05-01 04:15:00,-2916.522,2025-05-01 04:15:00
2025-05-01 04:20:00,-2916.522,2025-05-01 04:20:00
2025-05-01 04:25:00,-2916.522,2025-05-01 04:25:00
2025-05-01 04:30:00,-2916.522,2025-05-01 04:30:00
2025-05-01 04:35:00,-2916.522,2025-05-01 04:35:00
2025-05-01 04:40:00,-2916.522,2025-05-01 04:40:00
2025-05-01 04:45:00,-2916.522,2025-05-01 04:45:00
2025-05-01 04:50:00,-2916.522,2025-05-01 04:50:00
2025-05-01 04:55:00,-2916.522,2025-05-01 04:55:00
2025-05-01 05:00:00,-2916.522,2025-05-01 05:00:00
2025-05-01 05:05:00,-2916.522,2025-05-01 05:05:00
2025-05-01 05:10:00,-2916.522,2025-05-01 05:10:00
2025-05-01 05:15:00,-2916.522,2025-05-01 05:15:00
2025-05-01 05:20:00,-2916.522,2025-05-01 05:20:00
2025-05-01 05:25:00,-2916.522,2025-05-01 05:25:00
2025-05-01 05:30:00,-2916.522,2025-05-01 05:30:00
2025-05-01 05:35:00,-2916.522,2025-05-01 05:35:00
2025-05-01 05:40:00,-2916.522,2025-05-01 05:40:00
2025-05-01 05:45:00,-2916.522,2025-05-01 05:45:00
2025-05-01 05:50:00,-2916.522,2025-05-01 05:50:00
2025-05-01 05:55:00,-2916.522,2025-05-01 05:55:00
2025-05-01 06:00:00,0.0,2025-05-01 06:00:00
2025-05-01 06:05:00,0.0,2025-05-01 06:05:00
2025-05-01 06:10:00,0.0,2025-05-01 06:10:00
2025-05-01 06:15:00,0.0,2025-05-01 06:15:00
2025-05-01 06:20:00,0.0,2025-05-01 06:20:00
2025-05-01 06:25:00,0.0,2025-05-01 06:25:00
2025-05-01 06:30:00,0.0,2025-05-01 06:30:00
2025-05-01 06:35:00,0.0,2025-05-01 06:35:00
2025-05-01 06:40:00,0.0,2025-05-01 06:40:00
2025-05-01 06:45:00,0.0,2025-05-01 06:45:00
2025-05-01 06:50:00,0.0,2025-05-01 06:50:00
2025-05-01 06:55:00,0.0,2025-05-01 06:55:00
2025-05-01 07:00:00,0.0,2025-05-01 07:00:00
2025-05-01 07:05:00,0.0,2025-05-01 07:05:00
2025-05-01 07:10:00,0.0,2025-05-01 07:10:00
2025-05-01 07:15:00,0.0,2025-05-01 07:15:00
2025-05-01 07:20:00,0.0,2025-05-01 07:20:00
2025-05-01 07:25:00,0.0,2025-05-01 07:25:00
2025-05-01 07:30:00,0.0,2025-05-01 07:30:00
2025-05-01 07:35:00,0.0,2025-05-01 07:35:00
2025-05-01 07:40:00,0.0,2025-05-01 07:40:00
2025-05-01 07:45:00,0.0,2025-05-01 07:45:00
2025-05-01 07:50:00,0.0,2025-05-01 07:50:00
2025-05-01 07:55:00,0.0,2025-05-01 07:55:00
2025-05-01 08:00:00,8919.999,2025-05-01 08:00:00
2025-05-01 08:05:00,8919.999,2025-05-01 08:05:00
2025-05-01 08:10:00,8919.999,2025-05-01 08:10:00
2025-05-01 08:15:00,8919.999,2025-05-01 08:15:00
2025-05-01 08:20:00,8919.999,2025-05-01 08:20:00
2025-05-01 08:25:00,8919.999,2025-05-01 08:25:00
2025-05-01 08:30:00,8919.999,2025-05-01 08:30:00
2025-05-01 08:35:00,8919.999,2025-05-01 08:35:00
2025-05-01 08:40:00,8919.998,2025-05-01 08:40:00
2025-05-01 08:45:00,8919.998,2025-05-01 08:45:00
2025-05-01 08:50:00,8919.998,2025-05-01 08:50:00
2025-05-01 08:55:00,8919.998,2025-05-01 08:55:00
2025-05-01 09:00:00,8919.998,2025-05-01 09:00:00
2025-05-01 09:05:00,8919.998,2025-05-01 09:05:00
2025-05-01 09:10:00,8919.997,2025-05-01 09:10:00
2025-05-01 09:15:00,8919.996,2025-05-01 09:15:00
2025-05-01 09:20:00,8919.994,2025-05-01 09:20:00
2025-05-01 09:25:00,8919.992,2025-05-01 09:25:00
2025-05-01 09:30:00,8919.991,2025-05-01 09:30:00
2025-05-01 09:35:00,8919.874,2025-05-01 09:35:00
2025-05-01 09:40:00,5130.659,2025-05-01 09:40:00
2025-05-01 09:45:00,0.306,2025-05-01 09:45:00
2025-05-01 09:50:00,0.0,2025-05-01 09:50:00
2025-05-01 09:55:00,0.0,2025-05-01 09:55:00
2025-05-01 10:00:00,0.0,2025-05-01 10:00:00
2025-05-01 10:05:00,0.0,2025-05-01 10:05:00
2025-05-01 10:10:00,0.0,2025-05-01 10:10:00
2025-05-01 10:15:00,0.0,2025-05-01 10:15:00
2025-05-01 10:20:00,0.0,2025-05-01 10:20:00
2025-05-01 10:25:00,0.0,2025-05-01 10:25:00
2025-05-01 10:30:00,0.0,2025-05-01 10:30:00
2025-05-01 10:35:00,0.0,2025-05-01 10:35:00
2025-05-01 10:40:00,0.0,2025-05-01 10:40:00
2025-05-01 10:45:00,0.0,2025-05-01 10:45:00
2025-05-01 10:50:00,0.0,2025-05-01 10:50:00
2025-05-01 10:55:00,0.0,2025-05-01 10:55:00
2025-05-01 11:00:00,-2500.037,2025-05-01 11:00:00
2025-05-01 11:05:00,-2499.995,2025-05-01 11:05:00
2025-05-01 11:10:00,-2499.986,2025-05-01 11:10:00
2025-05-01 11:15:00,-2499.981,2025-05-01 11:15:00
2025-05-01 11:20:00,-2499.978,2025-05-01 11:20:00
2025-05-01 11:25:00,-2499.975,2025-05-01 11:25:00
2025-05-01 11:30:00,-2499.972,2025-05-01 11:30:00
2025-05-01 11:35:00,-2499.97,2025-05-01 11:35:00
2025-05-01 11:40:00,-2499.968,2025-05-01 11:40:00
2025-05-01 11:45:00,-2499.966,2025-05-01 11:45:00
2025-05-01 11:50:00,-2499.964,2025-05-01 11:50:00
2025-05-01 11:55:00,-2499.962,2025-05-01 11:55:00
2025-05-01 12:00:00,-2499.96,2025-05-01 12:00:00
2025-05-01 12:05:00,-2499.958,2025-05-01 12:05:00
2025-05-01 12:10:00,-2499.956,2025-05-01 12:10:00
2025-05-01 12:15:00,-2499.954,2025-05-01 12:15:00
2025-05-01 12:20:00,-2499.951,2025-05-01 12:20:00
2025-05-01 12:25:00,-2499.949,2025-05-01 12:25:00
2025-05-01 12:30:00,-2499.946,2025-05-01 12:30:00
2025-05-01 12:35:00,-2499.943,2025-05-01 12:35:00
2025-05-01 12:40:00,-2499.939,2025-05-01 12:40:00
2025-05-01 12:45:00,-2499.936,2025-05-01 12:45:00
2025-05-01 12:50:00,-2499.932,2025-05-01 12:50:00
2025-05-01 12:55:00,-2499.928,2025-05-01 12:55:00
2025-05-01 13:00:00,-2499.925,2025-05-01 13:00:00
2025-05-01 13:05:00,-2499.92,2025-05-01 13:05:00
2025-05-01 13:10:00,-2499.916,2025-05-01 13:10:00
2025-05-01 13:15:00,-2499.912,2025-05-01 13:15:00
2025-05-01 13:20:00,-2499.908,2025-05-01 13:20:00
2025-05-01 13:25:00,-2499.903,2025-05-01 13:25:00
2025-05-01 13:30:00,-2499.899,2025-05-01 13:30:00
2025-05-01 13:35:00,-2499.894,2025-05-01 13:35:00
2025-05-01 13:40:00,-2499.89,2025-05-01 13:40:00
2025-05-01 13:45:00,-2499.885,2025-05-01 13:45:00
2025-05-01 13:50:00,-2499.881,2025-05-01 13:50:00
2025-05-01 13:55:00,-2499.877,2025-05-01 13:55:00
2025-05-01 14:00:00,-2499.872,2025-05-01 14:00:00
2025-05-01 14:05:00,-2499.868,2025-05-01 14:05:00
2025-05-01 14:10:00,-2499.864,2025-05-01 14:10:00
2025-05-01 14:15:00,-2499.86,2025-05-01 14:15:00
2025-05-01 14:20:00,-2499.856,2025-05-01 14:20:00
2025-05-01 14:25:00,-2499.852,2025-05-01 14:25:00
2025-05-01 14:30:00,-2499.849,2025-05-01 14:30:00
2025-05-01 14:35:00,-2499.845,2025-05-01 14:35:00
2025-05-01 14:40:00,-2499.842,2025-05-01 14:40:00
2025-05-01 14:45:00,-2499.839,2025-05-01 14:45:00
2025-05-01 14:50:00,-2499.835,2025-05-01 14:50:00
2025-05-01 14:55:00,-2499.833,2025-05-01 14:55:00
2025-05-01 15:00:00,-2499.83,2025-05-01 15:00:00
2025-05-01 15:05:00,-2499.827,2025-05-01 15:05:00
2025-05-01 15:10:00,-2499.825,2025-05-01 15:10:00
2025-05-01 15:15:00,-2499.823,2025-05-01 15:15:00
2025-05-01 15:20:00,-2499.821,2025-05-01 15:20:00
2025-05-01 15:25:00,-2499.819,2025-05-01 15:25:00
2025-05-01 15:30:00,-2499.817,2025-05-01 15:30:00
2025-05-01 15:35:00,-2499.816,2025-05-01 15:35:00
2025-05-01 15:40:00,-2499.814,2025-05-01 15:40:00
2025-05-01 15:45:00,-2499.813,2025-05-01 15:45:00
2025-05-01 15:50:00,-2499.812,2025-05-01 15:50:00
2025-05-01 15:55:00,-2499.811,2025-05-01 15:55:00
2025-05-01 16:00:00,-2499.81,2025-05-01 16:00:00
2025-05-01 16:05:00,-2499.809,2025-05-01 16:05:00
2025-05-01 16:10:00,-2499.809,2025-05-01 16:10:00
2025-05-01 16:15:00,-2499.808,2025-05-01 16:15:00
2025-05-01 16:20:00,-2499.808,2025-05-01 16:20:00
2025-05-01 16:25:00,-2499.807,2025-05-01 16:25:00
2025-05-01 16:30:00,-2499.807,2025-05-01 16:30:00
2025-05-01 16:35:00,-2499.807,2025-05-01 16:35:00
2025-05-01 16:40:00,-2499.807,2025-05-01 16:40:00
2025-05-01 16:45:00,-2499.807,2025-05-01 16:45:00
2025-05-01 16:50:00,-2499.808,2025-05-01 16:50:00
2025-05-01 16:55:00,-2499.808,2025-05-01 16:55:00
2025-05-01 17:00:00,-2499.809,2025-05-01 17:00:00
2025-05-01 17:05:00,-2499.81,2025-05-01 17:05:00
2025-05-01 17:10:00,-2499.811,2025-05-01 17:10:00
2025-05-01 17:15:00,-2499.813,2025-05-01 17:15:00
2025-05-01 17:20:00,-2499.815,2025-05-01 17:20:00
2025-05-01 17:25:00,-2499.817,2025-05-01 17:25:00
2025-05-01 17:30:00,-2499.82,2025-05-01 17:30:00
2025-05-01 17:35:00,-2499.824,2025-05-01 17:35:00
2025-05-01 17:40:00,-2499.828,2025-05-01 17:40:00
2025-05-01 17:45:00,-2499.833,2025-05-01 17:45:00
2025-05-01 17:50:00,-2499.843,2025-05-01 17:50:00
2025-05-01 17:55:00,-2499.888,2025-05-01 17:55:00
2025-05-01 18:00:00,8919.999,2025-05-01 18:00:00
2025-05-01 18:05:00,8919.999,2025-05-01 18:05:00
2025-05-01 18:10:00,8919.999,2025-05-01 18:10:00
2025-05-01 18:15:00,8919.999,2025-05-01 18:15:00
2025-05-01 18:20:00,8919.999,2025-05-01 18:20:00
2025-05-01 18:25:00,8919.999,2025-05-01 18:25:00
2025-05-01 18:30:00,8919.999,2025-05-01 18:30:00
2025-05-01 18:35:00,8919.999,2025-05-01 18:35:00
2025-05-01 18:40:00,8919.998,2025-05-01 18:40:00
2025-05-01 18:45:00,8919.998,2025-05-01 18:45:00
2025-05-01 18:50:00,8919.998,2025-05-01 18:50:00
2025-05-01 18:55:00,8919.998,2025-05-01 18:55:00
2025-05-01 19:00:00,8919.998,2025-05-01 19:00:00
2025-05-01 19:05:00,8919.998,2025-05-01 19:05:00
2025-05-01 19:10:00,8919.997,2025-05-01 19:10:00
2025-05-01 19:15:00,8919.996,2025-05-01 19:15:00
2025-05-01 19:20:00,8919.994,2025-05-01 19:20:00
2025-05-01 19:25:00,8919.992,2025-05-01 19:25:00
2025-05-01 19:30:00,8919.991,2025-05-01 19:30:00
2025-05-01 19:35:00,8919.868,2025-05-01 19:35:00
2025-05-01 19:40:00,5130.668,2025-05-01 19:40:00
2025-05-01 19:45:00,0.302,2025-05-01 19:45:00
2025-05-01 19:50:00,0.0,2025-05-01 19:50:00
2025-05-01 19:55:00,0.0,2025-05-01 19:55:00
2025-05-01 20:00:00,0.0,2025-05-01 20:00:00
2025-05-01 20:05:00,0.0,2025-05-01 20:05:00
2025-05-01 20:10:00,0.0,2025-05-01 20:10:00
2025-05-01 20:15:00,0.0,2025-05-01 20:15:00
2025-05-01 20:20:00,0.0,2025-05-01 20:20:00
2025-05-01 20:25:00,0.0,2025-05-01 20:25:00
2025-05-01 20:30:00,0.0,2025-05-01 20:30:00
2025-05-01 20:35:00,0.0,2025-05-01 20:35:00
2025-05-01 20:40:00,0.0,2025-05-01 20:40:00
2025-05-01 20:45:00,0.0,2025-05-01 20:45:00
2025-05-01 20:50:00,0.0,2025-05-01 20:50:00
2025-05-01 20:55:00,0.0,2025-05-01 20:55:00
2025-05-01 21:00:00,0.0,2025-05-01 21:00:00
2025-05-01 21:05:00,0.0,2025-05-01 21:05:00
2025-05-01 21:10:00,0.0,2025-05-01 21:10:00
2025-05-01 21:15:00,0.0,2025-05-01 21:15:00
2025-05-01 21:20:00,0.0,2025-05-01 21:20:00
2025-05-01 21:25:00,0.0,2025-05-01 21:25:00
2025-05-01 21:30:00,0.0,2025-05-01 21:30:00
2025-05-01 21:35:00,0.0,2025-05-01 21:35:00
2025-05-01 21:40:00,0.0,2025-05-01 21:40:00
2025-05-01 21:45:00,0.0,2025-05-01 21:45:00
2025-05-01 21:50:00,0.0,2025-05-01 21:50:00
2025-05-01 21:55:00,0.0,2025-05-01 21:55:00
2025-05-01 22:00:00,-2187.556,2025-05-01 22:00:00
2025-05-01 22:05:00,-2187.53,2025-05-01 22:05:00
2025-05-01 22:10:00,-2187.518,2025-05-01 22:10:00
2025-05-01 22:15:00,-2187.511,2025-05-01 22:15:00
2025-05-01 22:20:00,-2187.505,2025-05-01 22:20:00
2025-05-01 22:25:00,-2187.501,2025-05-01 22:25:00
2025-05-01 22:30:00,-2187.497,2025-05-01 22:30:00
2025-05-01 22:35:00,-2187.493,2025-05-01 22:35:00
2025-05-01 22:40:00,-2187.489,2025-05-01 22:40:00
2025-05-01 22:45:00,-2187.485,2025-05-01 22:45:00
2025-05-01 22:50:00,-2187.481,2025-05-01 22:50:00
2025-05-01 22:55:00,-2187.477,2025-05-01 22:55:00
2025-05-01 23:00:00,-2187.473,2025-05-01 23:00:00
2025-05-01 23:05:00,-2187.469,2025-05-01 23:05:00
2025-05-01 23:10:00,-2187.465,2025-05-01 23:10:00
2025-05-01 23:15:00,-2187.461,2025-05-01 23:15:00
2025-05-01 23:20:00,-2187.457,2025-05-01 23:20:00
2025-05-01 23:25:00,-2187.453,2025-05-01 23:25:00
2025-05-01 23:30:00,-2187.449,2025-05-01 23:30:00
2025-05-01 23:35:00,-2187.444,2025-05-01 23:35:00
2025-05-01 23:40:00,-2187.44,2025-05-01 23:40:00
2025-05-01 23:45:00,-2187.436,2025-05-01 23:45:00
2025-05-01 23:50:00,-2187.431,2025-05-01 23:50:00
2025-05-01 23:55:00,-2187.427,2025-05-01 23:55:00
2025-05-02 00:00:00,-2187.422,2025-05-02 00:00:00
2025-05-02 00:05:00,-2187.418,2025-05-02 00:05:00
2025-05-02 00:10:00,-2187.414,2025-05-02 00:10:00
2025-05-02 00:15:00,-2187.409,2025-05-02 00:15:00
2025-05-02 00:20:00,-2187.405,2025-05-02 00:20:00
2025-05-02 00:25:00,-2187.401,2025-05-02 00:25:00
2025-05-02 00:30:00,-2187.397,2025-05-02 00:30:00
2025-05-02 00:35:00,-2187.392,2025-05-02 00:35:00
2025-05-02 00:40:00,-2187.388,2025-05-02 00:40:00
2025-05-02 00:45:00,-2187.384,2025-05-02 00:45:00
2025-05-02 00:50:00,-2187.38,2025-05-02 00:50:00
2025-05-02 00:55:00,-2187.376,2025-05-02 00:55:00
2025-05-02 01:00:00,-2187.373,2025-05-02 01:00:00
2025-05-02 01:05:00,-2187.369,2025-05-02 01:05:00
2025-05-02 01:10:00,-2187.366,2025-05-02 01:10:00
2025-05-02 01:15:00,-2187.362,2025-05-02 01:15:00
2025-05-02 01:20:00,-2187.359,2025-05-02 01:20:00
2025-05-02 01:25:00,-2187.356,2025-05-02 01:25:00
2025-05-02 01:30:00,-2187.353,2025-05-02 01:30:00
2025-05-02 01:35:00,-2187.35,2025-05-02 01:35:00
2025-05-02 01:40:00,-2187.347,2025-05-02 01:40:00
2025-05-02 01:45:00,-2187.345,2025-05-02 01:45:00
2025-05-02 01:50:00,-2187.343,2025-05-02 01:50:00
2025-05-02 01:55:00,-2187.341,2025-05-02 01:55:00
2025-05-02 02:00:00,-2187.339,2025-05-02 02:00:00
2025-05-02 02:05:00,-2187.337,2025-05-02 02:05:00
2025-05-02 02:10:00,-2187.335,2025-05-02 02:10:00
2025-05-02 02:15:00,-2187.334,2025-05-02 02:15:00
2025-05-02 02:20:00,-2187.333,2025-05-02 02:20:00
2025-05-02 02:25:00,-2187.332,2025-05-02 02:25:00
2025-05-02 02:30:00,-2187.331,2025-05-02 02:30:00
2025-05-02 02:35:00,-2187.331,2025-05-02 02:35:00
2025-05-02 02:40:00,-2187.331,2025-05-02 02:40:00
2025-05-02 02:45:00,-2187.33,2025-05-02 02:45:00
2025-05-02 02:50:00,-2187.331,2025-05-02 02:50:00
2025-05-02 02:55:00,-2187.331,2025-05-02 02:55:00
2025-05-02 03:00:00,-2187.331,2025-05-02 03:00:00
2025-05-02 03:05:00,-2187.332,2025-05-02 03:05:00
2025-05-02 03:10:00,-2187.333,2025-05-02 03:10:00
2025-05-02 03:15:00,-2187.334,2025-05-02 03:15:00
2025-05-02 03:20:00,-2187.335,2025-05-02 03:20:00
2025-05-02 03:25:00,-2187.337,2025-05-02 03:25:00
2025-05-02 03:30:00,-2187.338,2025-05-02 03:30:00
2025-05-02 03:35:00,-2187.34,2025-05-02 03:35:00
2025-05-02 03:40:00,-2187.342,2025-05-02 03:40:00
2025-05-02 03:45:00,-2187.344,2025-05-02 03:45:00
2025-05-02 03:50:00,-2187.346,2025-05-02 03:50:00
2025-05-02 03:55:00,-2187.348,2025-05-02 03:55:00
2025-05-02 04:00:00,-2187.35,2025-05-02 04:00:00
2025-05-02 04:05:00,-2187.352,2025-05-02 04:05:00
2025-05-02 04:10:00,-2187.355,2025-05-02 04:10:00
2025-05-02 04:15:00,-2187.357,2025-05-02 04:15:00
2025-05-02 04:20:00,-2187.36,2025-05-02 04:20:00
2025-05-02 04:25:00,-2187.362,2025-05-02 04:25:00
2025-05-02 04:30:00,-2187.365,2025-05-02 04:30:00
2025-05-02 04:35:00,-2187.367,2025-05-02 04:35:00
2025-05-02 04:40:00,-2187.37,2025-05-02 04:40:00
2025-05-02 04:45:00,-2187.372,2025-05-02 04:45:00
2025-05-02 04:50:00,-2187.374,2025-05-02 04:50:00
2025-05-02 04:55:00,-2187.376,2025-05-02 04:55:00
2025-05-02 05:00:00,-2187.378,2025-05-02 05:00:00
2025-05-02 05:05:00,-2187.38,2025-05-02 05:05:00
2025-05-02 05:10:00,-2187.382,2025-05-02 05:10:00
2025-05-02 05:15:00,-2187.383,2025-05-02 05:15:00
2025-05-02 05:20:00,-2187.384,2025-05-02 05:20:00
2025-05-02 05:25:00,-2187.385,2025-05-02 05:25:00
2025-05-02 05:30:00,-2187.386,2025-05-02 05:30:00
2025-05-02 05:35:00,-2187.387,2025-05-02 05:35:00
2025-05-02 05:40:00,-2187.388,2025-05-02 05:40:00
2025-05-02 05:45:00,-2187.39,2025-05-02 05:45:00
2025-05-02 05:50:00,-2187.395,2025-05-02 05:50:00
2025-05-02 05:55:00,-2187.414,2025-05-02 05:55:00
2025-05-02 06:00:00,0.0,2025-05-02 06:00:00
2025-05-02 06:05:00,0.0,2025-05-02 06:05:00
2025-05-02 06:10:00,0.0,2025-05-02 06:10:00
2025-05-02 06:15:00,0.0,2025-05-02 06:15:00
2025-05-02 06:20:00,0.0,2025-05-02 06:20:00
2025-05-02 06:25:00,0.0,2025-05-02 06:25:00
2025-05-02 06:30:00,0.0,2025-05-02 06:30:00
2025-05-02 06:35:00,0.0,2025-05-02 06:35:00
2025-05-02 06:40:00,0.0,2025-05-02 06:40:00
2025-05-02 06:45:00,0.0,2025-05-02 06:45:00
2025-05-02 06:50:00,0.0,2025-05-02 06:50:00
2025-05-02 06:55:00,0.0,2025-05-02 06:55:00
2025-05-02 07:00:00,0.0,2025-05-02 07:00:00
2025-05-02 07:05:00,0.0,2025-05-02 07:05:00
2025-05-02 07:10:00,0.0,2025-05-02 07:10:00
2025-05-02 07:15:00,0.0,2025-05-02 07:15:00
2025-05-02 07:20:00,0.0,2025-05-02 07:20:00
2025-05-02 07:25:00,0.0,2025-05-02 07:25:00
2025-05-02 07:30:00,0.0,2025-05-02 07:30:00
2025-05-02 07:35:00,0.0,2025-05-02 07:35:00
2025-05-02 07:40:00,0.0,2025-05-02 07:40:00
2025-05-02 07:45:00,0.0,2025-05-02 07:45:00
2025-05-02 07:50:00,0.0,2025-05-02 07:50:00
2025-05-02 07:55:00,0.0,2025-05-02 07:55:00
2025-05-02 08:00:00,8919.997,2025-05-02 08:00:00
2025-05-02 08:05:00,8919.997,2025-05-02 08:05:00
2025-05-02 08:10:00,8919.997,2025-05-02 08:10:00
2025-05-02 08:15:00,8919.996,2025-05-02 08:15:00
2025-05-02 08:20:00,8919.996,2025-05-02 08:20:00
2025-05-02 08:25:00,8919.996,2025-05-02 08:25:00
2025-05-02 08:30:00,8919.996,2025-05-02 08:30:00
2025-05-02 08:35:00,8919.995,2025-05-02 08:35:00
2025-05-02 08:40:00,8919.995,2025-05-02 08:40:00
2025-05-02 08:45:00,8919.994,2025-05-02 08:45:00
2025-05-02 08:50:00,8919.994,2025-05-02 08:50:00
2025-05-02 08:55:00,8919.993,2025-05-02 08:55:00
2025-05-02 09:00:00,8919.992,2025-05-02 09:00:00
2025-05-02 09:05:00,8919.991,2025-05-02 09:05:00
2025-05-02 09:10:00,8919.99,2025-05-02 09:10:00
2025-05-02 09:15:00,8919.988,2025-05-02 09:15:00
2025-05-02 09:20:00,8919.985,2025-05-02 09:20:00
2025-05-02 09:25:00,8919.98,2025-05-02 09:25:00
2025-05-02 09:30:00,8919.969,2025-05-02 09:30:00
2025-05-02 09:35:00,8919.937,2025-05-02 09:35:00
2025-05-02 09:40:00,5130.786,2025-05-02 09:40:00
2025-05-02 09:45:00,0.0,2025-05-02 09:45:00
2025-05-02 09:50:00,0.0,2025-05-02 09:50:00
2025-05-02 09:55:00,0.0,2025-05-02 09:55:00
2025-05-02 10:00:00,0.0,2025-05-02 10:00:00
2025-05-02 10:05:00,0.0,2025-05-02 10:05:00
2025-05-02 10:10:00,0.0,2025-05-02 10:10:00
2025-05-02 10:15:00,0.0,2025-05-02 10:15:00
2025-05-02 10:20:00,0.0,2025-05-02 10:20:00
2025-05-02 10:25:00,0.0,2025-05-02 10:25:00
2025-05-02 10:30:00,0.0,2025-05-02 10:30:00
2025-05-02 10:35:00,0.0,2025-05-02 10:35:00
2025-05-02 10:40:00,0.0,2025-05-02 10:40:00
2025-05-02 10:45:00,0.0,2025-05-02 10:45:00
2025-05-02 10:50:00,0.0,2025-05-02 10:50:00
2025-05-02 10:55:00,0.0,2025-05-02 10:55:00
2025-05-02 11:00:00,-2499.876,2025-05-02 11:00:00
2025-05-02 11:05:00,-2499.876,2025-05-02 11:05:00
2025-05-02 11:10:00,-2499.876,2025-05-02 11:10:00
2025-05-02 11:15:00,-2499.876,2025-05-02 11:15:00
2025-05-02 11:20:00,-2499.876,2025-05-02 11:20:00
2025-05-02 11:25:00,-2499.876,2025-05-02 11:25:00
2025-05-02 11:30:00,-2499.876,2025-05-02 11:30:00
2025-05-02 11:35:00,-2499.876,2025-05-02 11:35:00
2025-05-02 11:40:00,-2499.876,2025-05-02 11:40:00
2025-05-02 11:45:00,-2499.876,2025-05-02 11:45:00
2025-05-02 11:50:00,-2499.876,2025-05-02 11:50:00
2025-05-02 11:55:00,-2499.876,2025-05-02 11:55:00
2025-05-02 12:00:00,-2499.876,2025-05-02 12:00:00
2025-05-02 12:05:00,-2499.876,2025-05-02 12:05:00
2025-05-02 12:10:00,-2499.876,2025-05-02 12:10:00
2025-05-02 12:15:00,-2499.876,2025-05-02 12:15:00
2025-05-02 12:20:00,-2499.876,2025-05-02 12:20:00
2025-05-02 12:25:00,-2499.876,2025-05-02 12:25:00
2025-05-02 12:30:00,-2499.876,2025-05-02 12:30:00
2025-05-02 12:35:00,-2499.876,2025-05-02 12:35:00
2025-05-02 12:40:00,-2499.876,2025-05-02 12:40:00
2025-05-02 12:45:00,-2499.876,2025-05-02 12:45:00
2025-05-02 12:50:00,-2499.876,2025-05-02 12:50:00
2025-05-02 12:55:00,-2499.876,2025-05-02 12:55:00
2025-05-02 13:00:00,-2499.876,2025-05-02 13:00:00
2025-05-02 13:05:00,-2499.876,2025-05-02 13:05:00
2025-05-02 13:10:00,-2499.876,2025-05-02 13:10:00
2025-05-02 13:15:00,-2499.876,2025-05-02 13:15:00
2025-05-02 13:20:00,-2499.876,2025-05-02 13:20:00
2025-05-02 13:25:00,-2499.876,2025-05-02 13:25:00
2025-05-02 13:30:00,-2499.876,2025-05-02 13:30:00
2025-05-02 13:35:00,-2499.876,2025-05-02 13:35:00
2025-05-02 13:40:00,-2499.876,2025-05-02 13:40:00
2025-05-02 13:45:00,-2499.876,2025-05-02 13:45:00
2025-05-02 13:50:00,-2499.876,2025-05-02 13:50:00
2025-05-02 13:55:00,-2499.876,2025-05-02 13:55:00
2025-05-02 14:00:00,-2499.876,2025-05-02 14:00:00
2025-05-02 14:05:00,-2499.876,2025-05-02 14:05:00
2025-05-02 14:10:00,-2499.876,2025-05-02 14:10:00
2025-05-02 14:15:00,-2499.876,2025-05-02 14:15:00
2025-05-02 14:20:00,-2499.876,2025-05-02 14:20:00
2025-05-02 14:25:00,-2499.876,2025-05-02 14:25:00
2025-05-02 14:30:00,-2499.876,2025-05-02 14:30:00
2025-05-02 14:35:00,-2499.876,2025-05-02 14:35:00
2025-05-02 14:40:00,-2499.876,2025-05-02 14:40:00
2025-05-02 14:45:00,-2499.876,2025-05-02 14:45:00
2025-05-02 14:50:00,-2499.876,2025-05-02 14:50:00
2025-05-02 14:55:00,-2499.876,2025-05-02 14:55:00
2025-05-02 15:00:00,-2499.876,2025-05-02 15:00:00
2025-05-02 15:05:00,-2499.876,2025-05-02 15:05:00
2025-05-02 15:10:00,-2499.876,2025-05-02 15:10:00
2025-05-02 15:15:00,-2499.876,2025-05-02 15:15:00
2025-05-02 15:20:00,-2499.876,2025-05-02 15:20:00
2025-05-02 15:25:00,-2499.876,2025-05-02 15:25:00
2025-05-02 15:30:00,-2499.876,2025-05-02 15:30:00
2025-05-02 15:35:00,-2499.876,2025-05-02 15:35:00
2025-05-02 15:40:00,-2499.876,2025-05-02 15:40:00
2025-05-02 15:45:00,-2499.876,2025-05-02 15:45:00
2025-05-02 15:50:00,-2499.876,2025-05-02 15:50:00
2025-05-02 15:55:00,-2499.876,2025-05-02 15:55:00
2025-05-02 16:00:00,-2499.876,2025-05-02 16:00:00
2025-05-02 16:05:00,-2499.876,2025-05-02 16:05:00
2025-05-02 16:10:00,-2499.876,2025-05-02 16:10:00
2025-05-02 16:15:00,-2499.876,2025-05-02 16:15:00
2025-05-02 16:20:00,-2499.876,2025-05-02 16:20:00
2025-05-02 16:25:00,-2499.876,2025-05-02 16:25:00
2025-05-02 16:30:00,-2499.876,2025-05-02 16:30:00
2025-05-02 16:35:00,-2499.876,2025-05-02 16:35:00
2025-05-02 16:40:00,-2499.876,2025-05-02 16:40:00
2025-05-02 16:45:00,-2499.876,2025-05-02 16:45:00
2025-05-02 16:50:00,-2499.876,2025-05-02 16:50:00
2025-05-02 16:55:00,-2499.876,2025-05-02 16:55:00
2025-05-02 17:00:00,-2499.876,2025-05-02 17:00:00
2025-05-02 17:05:00,-2499.876,2025-05-02 17:05:00
2025-05-02 17:10:00,-2499.876,2025-05-02 17:10:00
2025-05-02 17:15:00,-2499.876,2025-05-02 17:15:00
2025-05-02 17:20:00,-2499.876,2025-05-02 17:20:00
2025-05-02 17:25:00,-2499.876,2025-05-02 17:25:00
2025-05-02 17:30:00,-2499.876,2025-05-02 17:30:00
2025-05-02 17:35:00,-2499.876,2025-05-02 17:35:00
2025-05-02 17:40:00,-2499.876,2025-05-02 17:40:00
2025-05-02 17:45:00,-2499.876,2025-05-02 17:45:00
2025-05-02 17:50:00,-2499.876,2025-05-02 17:50:00
2025-05-02 17:55:00,-2499.876,2025-05-02 17:55:00
2025-05-02 18:00:00,8919.997,2025-05-02 18:00:00
2025-05-02 18:05:00,8919.997,2025-05-02 18:05:00
2025-05-02 18:10:00,8919.997,2025-05-02 18:10:00
2025-05-02 18:15:00,8919.996,2025-05-02 18:15:00
2025-05-02 18:20:00,8919.996,2025-05-02 18:20:00
2025-05-02 18:25:00,8919.996,2025-05-02 18:25:00
2025-05-02 18:30:00,8919.996,2025-05-02 18:30:00
2025-05-02 18:35:00,8919.995,2025-05-02 18:35:00
2025-05-02 18:40:00,8919.995,2025-05-02 18:40:00
2025-05-02 18:45:00,8919.994,2025-05-02 18:45:00
2025-05-02 18:50:00,8919.994,2025-05-02 18:50:00
2025-05-02 18:55:00,8919.993,2025-05-02 18:55:00
2025-05-02 19:00:00,8919.992,2025-05-02 19:00:00
2025-05-02 19:05:00,8919.991,2025-05-02 19:05:00
2025-05-02 19:10:00,8919.99,2025-05-02 19:10:00
2025-05-02 19:15:00,8919.988,2025-05-02 19:15:00
2025-05-02 19:20:00,8919.985,2025-05-02 19:20:00
2025-05-02 19:25:00,8919.98,2025-05-02 19:25:00
2025-05-02 19:30:00,8919.969,2025-05-02 19:30:00
2025-05-02 19:35:00,8919.937,2025-05-02 19:35:00
2025-05-02 19:40:00,5130.786,2025-05-02 19:40:00
2025-05-02 19:45:00,0.0,2025-05-02 19:45:00
2025-05-02 19:50:00,0.0,2025-05-02 19:50:00
2025-05-02 19:55:00,0.0,2025-05-02 19:55:00
2025-05-02 20:00:00,0.0,2025-05-02 20:00:00
2025-05-02 20:05:00,0.0,2025-05-02 20:05:00
2025-05-02 20:10:00,0.0,2025-05-02 20:10:00
2025-05-02 20:15:00,0.0,2025-05-02 20:15:00
2025-05-02 20:20:00,0.0,2025-05-02 20:20:00
2025-05-02 20:25:00,0.0,2025-05-02 20:25:00
2025-05-02 20:30:00,0.0,2025-05-02 20:30:00
2025-05-02 20:35:00,0.0,2025-05-02 20:35:00
2025-05-02 20:40:00,0.0,2025-05-02 20:40:00
2025-05-02 20:45:00,0.0,2025-05-02 20:45:00
2025-05-02 20:50:00,0.0,2025-05-02 20:50:00
2025-05-02 20:55:00,0.0,2025-05-02 20:55:00
2025-05-02 21:00:00,0.0,2025-05-02 21:00:00
2025-05-02 21:05:00,0.0,2025-05-02 21:05:00
2025-05-02 21:10:00,0.0,2025-05-02 21:10:00
2025-05-02 21:15:00,0.0,2025-05-02 21:15:00
2025-05-02 21:20:00,0.0,2025-05-02 21:20:00
2025-05-02 21:25:00,0.0,2025-05-02 21:25:00
2025-05-02 21:30:00,0.0,2025-05-02 21:30:00
2025-05-02 21:35:00,0.0,2025-05-02 21:35:00
2025-05-02 21:40:00,0.0,2025-05-02 21:40:00
2025-05-02 21:45:00,0.0,2025-05-02 21:45:00
2025-05-02 21:50:00,0.0,2025-05-02 21:50:00
2025-05-02 21:55:00,0.0,2025-05-02 21:55:00
2025-05-02 22:00:00,-2187.498,2025-05-02 22:00:00
2025-05-02 22:05:00,-2187.633,2025-05-02 22:05:00
2025-05-02 22:10:00,-2187.681,2025-05-02 22:10:00
2025-05-02 22:15:00,-2187.702,2025-05-02 22:15:00
2025-05-02 22:20:00,-2187.712,2025-05-02 22:20:00
2025-05-02 22:25:00,-2187.716,2025-05-02 22:25:00
2025-05-02 22:30:00,-2187.717,2025-05-02 22:30:00
2025-05-02 22:35:00,-2187.714,2025-05-02 22:35:00
2025-05-02 22:40:00,-2187.71,2025-05-02 22:40:00
2025-05-02 22:45:00,-2187.704,2025-05-02 22:45:00
2025-05-02 22:50:00,-2187.697,2025-05-02 22:50:00
2025-05-02 22:55:00,-2187.688,2025-05-02 22:55:00
2025-05-02 23:00:00,-2187.679,2025-05-02 23:00:00
2025-05-02 23:05:00,-2187.668,2025-05-02 23:05:00
2025-05-02 23:10:00,-2187.657,2025-05-02 23:10:00
2025-05-02 23:15:00,-2187.644,2025-05-02 23:15:00
2025-05-02 23:20:00,-2187.631,2025-05-02 23:20:00
2025-05-02 23:25:00,-2187.617,2025-05-02 23:25:00
2025-05-02 23:30:00,-2187.602,2025-05-02 23:30:00
2025-05-02 23:35:00,-2187.587,2025-05-02 23:35:00
2025-05-02 23:40:00,-2187.572,2025-05-02 23:40:00
2025-05-02 23:45:00,-2187.556,2025-05-02 23:45:00
2025-05-02 23:50:00,-2187.539,2025-05-02 23:50:00
2025-05-02 23:55:00,-2187.523,2025-05-02 23:55:00
2025-05-03 00:00:00,-2187.506,2025-05-03 00:00:00
2025-05-03 00:05:00,-2187.489,2025-05-03 00:05:00
2025-05-03 00:10:00,-2187.472,2025-05-03 00:10:00
2025-05-03 00:15:00,-2187.455,2025-05-03 00:15:00
2025-05-03 00:20:00,-2187.438,2025-05-03 00:20:00
2025-05-03 00:25:00,-2187.421,2025-05-03 00:25:00
2025-05-03 00:30:00,-2187.405,2025-05-03 00:30:00
2025-05-03 00:35:00,-2187.388,2025-05-03 00:35:00
2025-05-03 00:40:00,-2187.372,2025-05-03 00:40:00
2025-05-03 00:45:00,-2187.356,2025-05-03 00:45:00
2025-05-03 00:50:00,-2187.341,2025-05-03 00:50:00
2025-05-03 00:55:00,-2187.326,2025-05-03 00:55:00
2025-05-03 01:00:00,-2187.311,2025-05-03 01:00:00
2025-05-03 01:05:00,-2187.297,2025-05-03 01:05:00
2025-05-03 01:10:00,-2187.283,2025-05-03 01:10:00
2025-05-03 01:15:00,-2187.27,2025-05-03 01:15:00
2025-05-03 01:20:00,-2187.258,2025-05-03 01:20:00
2025-05-03 01:25:00,-2187.246,2025-05-03 01:25:00
2025-05-03 01:30:00,-2187.235,2025-05-03 01:30:00
2025-05-03 01:35:00,-2187.225,2025-05-03 01:35:00
2025-05-03 01:40:00,-2187.215,2025-05-03 01:40:00
2025-05-03 01:45:00,-2187.206,2025-05-03 01:45:00
2025-05-03 01:50:00,-2187.198,2025-05-03 01:50:00
2025-05-03 01:55:00,-2187.19,2025-05-03 01:55:00
2025-05-03 02:00:00,-2187.184,2025-05-03 02:00:00
2025-05-03 02:05:00,-2187.178,2025-05-03 02:05:00
2025-05-03 02:10:00,-2187.173,2025-05-03 02:10:00
2025-05-03 02:15:00,-2187.168,2025-05-03 02:15:00
2025-05-03 02:20:00,-2187.165,2025-05-03 02:20:00
2025-05-03 02:25:00,-2187.162,2025-05-03 02:25:00
2025-05-03 02:30:00,-2187.161,2025-05-03 02:30:00
2025-05-03 02:35:00,-2187.16,2025-05-03 02:35:00
2025-05-03 02:40:00,-2187.16,2025-05-03 02:40:00
2025-05-03 02:45:00,-2187.16,2025-05-03 02:45:00
2025-05-03 02:50:00,-2187.162,2025-05-03 02:50:00
2025-05-03 02:55:00,-2187.164,2025-05-03 02:55:00
2025-05-03 03:00:00,-2187.167,2025-05-03 03:00:00
2025-05-03 03:05:00,-2187.171,2025-05-03 03:05:00
2025-05-03 03:10:00,-2187.175,2025-05-03 03:10:00
2025-05-03 03:15:00,-2187.18,2025-05-03 03:15:00
2025-05-03 03:20:00,-2187.186,2025-05-03 03:20:00
2025-05-03 03:25:00,-2187.193,2025-05-03 03:25:00
2025-05-03 03:30:00,-2187.2,2025-05-03 03:30:00
2025-05-03 03:35:00,-2187.208,2025-05-03 03:35:00
2025-05-03 03:40:00,-2187.217,2025-05-03 03:40:00
2025-05-03 03:45:00,-2187.226,2025-05-03 03:45:00
2025-05-03 03:50:00,-2187.236,2025-05-03 03:50:00
2025-05-03 03:55:00,-2187.246,2025-05-03 03:55:00
2025-05-03 04:00:00,-2187.257,2025-05-03 04:00:00
2025-05-03 04:05:00,-2187.268,2025-05-03 04:05:00
2025-05-03 04:10:00,-2187.28,2025-05-03 04:10:00
2025-05-03 04:15:00,-2187.292,2025-05-03 04:15:00
2025-05-03 04:20:00,-2187.305,2025-05-03 04:20:00
2025-05-03 04:25:00,-2187.318,2025-05-03 04:25:00
2025-05-03 04:30:00,-2187.331,2025-05-03 04:30:00
2025-05-03 04:35:00,-2187.345,2025-05-03 04:35:00
2025-05-03 04:40:00,-2187.359,2025-05-03 04:40:00
2025-05-03 04:45:00,-2187.374,2025-05-03 04:45:00
2025-05-03 04:50:00,-2187.389,2025-05-03 04:50:00
2025-05-03 04:55:00,-2187.404,2025-05-03 04:55:00
2025-05-03 05:00:00,-2187.419,2025-05-03 05:00:00
2025-05-03 05:05:00,-2187.435,2025-05-03 05:05:00
2025-05-03 05:10:00,-2187.451,2025-05-03 05:10:00
2025-05-03 05:15:00,-2187.467,2025-05-03 05:15:00
2025-05-03 05:20:00,-2187.484,2025-05-03 05:20:00
2025-05-03 05:25:00,-2187.5,2025-05-03 05:25:00
2025-05-03 05:30:00,-2187.517,2025-05-03 05:30:00
2025-05-03 05:35:00,-2187.532,2025-05-03 05:35:00
2025-05-03 05:40:00,-2187.546,2025-05-03 05:40:00
2025-05-03 05:45:00,-2187.554,2025-05-03 05:45:00
2025-05-03 05:50:00,-2187.544,2025-05-03 05:50:00
2025-05-03 05:55:00,-2187.441,2025-05-03 05:55:00
2025-05-03 06:00:00,0.0,2025-05-03 06:00:00
2025-05-03 06:05:00,0.0,2025-05-03 06:05:00
2025-05-03 06:10:00,0.0,2025-05-03 06:10:00
2025-05-03 06:15:00,0.0,2025-05-03 06:15:00
2025-05-03 06:20:00,0.0,2025-05-03 06:20:00
2025-05-03 06:25:00,0.0,2025-05-03 06:25:00
2025-05-03 06:30:00,0.0,2025-05-03 06:30:00
2025-05-03 06:35:00,0.0,2025-05-03 06:35:00
2025-05-03 06:40:00,0.0,2025-05-03 06:40:00
2025-05-03 06:45:00,0.0,2025-05-03 06:45:00
2025-05-03 06:50:00,0.0,2025-05-03 06:50:00
2025-05-03 06:55:00,0.0,2025-05-03 06:55:00
2025-05-03 07:00:00,0.0,2025-05-03 07:00:00
2025-05-03 07:05:00,0.0,2025-05-03 07:05:00
2025-05-03 07:10:00,0.0,2025-05-03 07:10:00
2025-05-03 07:15:00,0.0,2025-05-03 07:15:00
2025-05-03 07:20:00,0.0,2025-05-03 07:20:00
2025-05-03 07:25:00,0.0,2025-05-03 07:25:00
2025-05-03 07:30:00,0.0,2025-05-03 07:30:00
2025-05-03 07:35:00,0.0,2025-05-03 07:35:00
2025-05-03 07:40:00,0.0,2025-05-03 07:40:00
2025-05-03 07:45:00,0.0,2025-05-03 07:45:00
2025-05-03 07:50:00,0.0,2025-05-03 07:50:00
2025-05-03 07:55:00,0.0,2025-05-03 07:55:00
2025-05-03 08:00:00,8919.999,2025-05-03 08:00:00
2025-05-03 08:05:00,8919.999,2025-05-03 08:05:00
2025-05-03 08:10:00,8919.999,2025-05-03 08:10:00
2025-05-03 08:15:00,8919.999,2025-05-03 08:15:00
2025-05-03 08:20:00,8919.999,2025-05-03 08:20:00
2025-05-03 08:25:00,8919.999,2025-05-03 08:25:00
2025-05-03 08:30:00,8919.999,2025-05-03 08:30:00
2025-05-03 08:35:00,8919.999,2025-05-03 08:35:00
2025-05-03 08:40:00,8919.999,2025-05-03 08:40:00
2025-05-03 08:45:00,8919.999,2025-05-03 08:45:00
2025-05-03 08:50:00,8919.998,2025-05-03 08:50:00
2025-05-03 08:55:00,8919.998,2025-05-03 08:55:00
2025-05-03 09:00:00,8919.998,2025-05-03 09:00:00
2025-05-03 09:05:00,8919.998,2025-05-03 09:05:00
2025-05-03 09:10:00,8919.997,2025-05-03 09:10:00
2025-05-03 09:15:00,8919.997,2025-05-03 09:15:00
2025-05-03 09:20:00,8919.996,2025-05-03 09:20:00
2025-05-03 09:25:00,8919.995,2025-05-03 09:25:00
2025-05-03 09:30:00,8919.992,2025-05-03 09:30:00
2025-05-03 09:35:00,8919.982,2025-05-03 09:35:00
2025-05-03 09:40:00,5130.821,2025-05-03 09:40:00
2025-05-03 09:45:00,0.0,2025-05-03 09:45:00
2025-05-03 09:50:00,0.0,2025-05-03 09:50:00
2025-05-03 09:55:00,0.0,2025-05-03 09:55:00
2025-05-03 10:00:00,0.0,2025-05-03 10:00:00
2025-05-03 10:05:00,0.0,2025-05-03 10:05:00
2025-05-03 10:10:00,0.0,2025-05-03 10:10:00
2025-05-03 10:15:00,0.0,2025-05-03 10:15:00
2025-05-03 10:20:00,0.0,2025-05-03 10:20:00
2025-05-03 10:25:00,0.0,2025-05-03 10:25:00
2025-05-03 10:30:00,0.0,2025-05-03 10:30:00
2025-05-03 10:35:00,0.0,2025-05-03 10:35:00
2025-05-03 10:40:00,0.0,2025-05-03 10:40:00
2025-05-03 10:45:00,0.0,2025-05-03 10:45:00
2025-05-03 10:50:00,0.0,2025-05-03 10:50:00
2025-05-03 10:55:00,0.0,2025-05-03 10:55:00
2025-05-03 11:00:00,-2499.876,2025-05-03 11:00:00
2025-05-03 11:05:00,-2499.876,2025-05-03 11:05:00
2025-05-03 11:10:00,-2499.876,2025-05-03 11:10:00
2025-05-03 11:15:00,-2499.876,2025-05-03 11:15:00
2025-05-03 11:20:00,-2499.876,2025-05-03 11:20:00
2025-05-03 11:25:00,-2499.876,2025-05-03 11:25:00
2025-05-03 11:30:00,-2499.876,2025-05-03 11:30:00
2025-05-03 11:35:00,-2499.876,2025-05-03 11:35:00
2025-05-03 11:40:00,-2499.876,2025-05-03 11:40:00
2025-05-03 11:45:00,-2499.876,2025-05-03 11:45:00
2025-05-03 11:50:00,-2499.876,2025-05-03 11:50:00
2025-05-03 11:55:00,-2499.876,2025-05-03 11:55:00
2025-05-03 12:00:00,-2499.876,2025-05-03 12:00:00
2025-05-03 12:05:00,-2499.876,2025-05-03 12:05:00
2025-05-03 12:10:00,-2499.876,2025-05-03 12:10:00
2025-05-03 12:15:00,-2499.876,2025-05-03 12:15:00
2025-05-03 12:20:00,-2499.876,2025-05-03 12:20:00
2025-05-03 12:25:00,-2499.876,2025-05-03 12:25:00
2025-05-03 12:30:00,-2499.876,2025-05-03 12:30:00
2025-05-03 12:35:00,-2499.876,2025-05-03 12:35:00
2025-05-03 12:40:00,-2499.876,2025-05-03 12:40:00
2025-05-03 12:45:00,-2499.876,2025-05-03 12:45:00
2025-05-03 12:50:00,-2499.876,2025-05-03 12:50:00
2025-05-03 12:55:00,-2499.876,2025-05-03 12:55:00
2025-05-03 13:00:00,-2499.876,2025-05-03 13:00:00
2025-05-03 13:05:00,-2499.876,2025-05-03 13:05:00
2025-05-03 13:10:00,-2499.876,2025-05-03 13:10:00
2025-05-03 13:15:00,-2499.876,2025-05-03 13:15:00
2025-05-03 13:20:00,-2499.876,2025-05-03 13:20:00
2025-05-03 13:25:00,-2499.876,2025-05-03 13:25:00
2025-05-03 13:30:00,-2499.876,2025-05-03 13:30:00
2025-05-03 13:35:00,-2499.876,2025-05-03 13:35:00
2025-05-03 13:40:00,-2499.876,2025-05-03 13:40:00
2025-05-03 13:45:00,-2499.876,2025-05-03 13:45:00
2025-05-03 13:50:00,-2499.876,2025-05-03 13:50:00
2025-05-03 13:55:00,-2499.876,2025-05-03 13:55:00
2025-05-03 14:00:00,-2499.876,2025-05-03 14:00:00
2025-05-03 14:05:00,-2499.876,2025-05-03 14:05:00
2025-05-03 14:10:00,-2499.876,2025-05-03 14:10:00
2025-05-03 14:15:00,-2499.876,2025-05-03 14:15:00
2025-05-03 14:20:00,-2499.876,2025-05-03 14:20:00
2025-05-03 14:25:00,-2499.876,2025-05-03 14:25:00
2025-05-03 14:30:00,-2499.876,2025-05-03 14:30:00
2025-05-03 14:35:00,-2499.876,2025-05-03 14:35:00
2025-05-03 14:40:00,-2499.876,2025-05-03 14:40:00
2025-05-03 14:45:00,-2499.876,2025-05-03 14:45:00
2025-05-03 14:50:00,-2499.876,2025-05-03 14:50:00
2025-05-03 14:55:00,-2499.876,2025-05-03 14:55:00
2025-05-03 15:00:00,-2499.876,2025-05-03 15:00:00
2025-05-03 15:05:00,-2499.876,2025-05-03 15:05:00
2025-05-03 15:10:00,-2499.876,2025-05-03 15:10:00
2025-05-03 15:15:00,-2499.876,2025-05-03 15:15:00
2025-05-03 15:20:00,-2499.876,2025-05-03 15:20:00
2025-05-03 15:25:00,-2499.876,2025-05-03 15:25:00
2025-05-03 15:30:00,-2499.876,2025-05-03 15:30:00
2025-05-03 15:35:00,-2499.876,2025-05-03 15:35:00
2025-05-03 15:40:00,-2499.876,2025-05-03 15:40:00
2025-05-03 15:45:00,-2499.876,2025-05-03 15:45:00
2025-05-03 15:50:00,-2499.876,2025-05-03 15:50:00
2025-05-03 15:55:00,-2499.876,2025-05-03 15:55:00
2025-05-03 16:00:00,-2499.876,2025-05-03 16:00:00
2025-05-03 16:05:00,-2499.876,2025-05-03 16:05:00
2025-05-03 16:10:00,-2499.876,2025-05-03 16:10:00
2025-05-03 16:15:00,-2499.876,2025-05-03 16:15:00
2025-05-03 16:20:00,-2499.876,2025-05-03 16:20:00
2025-05-03 16:25:00,-2499.876,2025-05-03 16:25:00
2025-05-03 16:30:00,-2499.876,2025-05-03 16:30:00
2025-05-03 16:35:00,-2499.876,2025-05-03 16:35:00
2025-05-03 16:40:00,-2499.876,2025-05-03 16:40:00
2025-05-03 16:45:00,-2499.876,2025-05-03 16:45:00
2025-05-03 16:50:00,-2499.876,2025-05-03 16:50:00
2025-05-03 16:55:00,-2499.876,2025-05-03 16:55:00
2025-05-03 17:00:00,-2499.876,2025-05-03 17:00:00
2025-05-03 17:05:00,-2499.876,2025-05-03 17:05:00
2025-05-03 17:10:00,-2499.876,2025-05-03 17:10:00
2025-05-03 17:15:00,-2499.876,2025-05-03 17:15:00
2025-05-03 17:20:00,-2499.876,2025-05-03 17:20:00
2025-05-03 17:25:00,-2499.876,2025-05-03 17:25:00
2025-05-03 17:30:00,-2499.876,2025-05-03 17:30:00
2025-05-03 17:35:00,-2499.876,2025-05-03 17:35:00
2025-05-03 17:40:00,-2499.876,2025-05-03 17:40:00
2025-05-03 17:45:00,-2499.876,2025-05-03 17:45:00
2025-05-03 17:50:00,-2499.876,2025-05-03 17:50:00
2025-05-03 17:55:00,-2499.876,2025-05-03 17:55:00
2025-05-03 18:00:00,8919.999,2025-05-03 18:00:00
2025-05-03 18:05:00,8919.999,2025-05-03 18:05:00
2025-05-03 18:10:00,8919.999,2025-05-03 18:10:00
2025-05-03 18:15:00,8919.999,2025-05-03 18:15:00
2025-05-03 18:20:00,8919.999,2025-05-03 18:20:00
2025-05-03 18:25:00,8919.999,2025-05-03 18:25:00
2025-05-03 18:30:00,8919.999,2025-05-03 18:30:00
2025-05-03 18:35:00,8919.999,2025-05-03 18:35:00
2025-05-03 18:40:00,8919.999,2025-05-03 18:40:00
2025-05-03 18:45:00,8919.999,2025-05-03 18:45:00
2025-05-03 18:50:00,8919.998,2025-05-03 18:50:00
2025-05-03 18:55:00,8919.998,2025-05-03 18:55:00
2025-05-03 19:00:00,8919.998,2025-05-03 19:00:00
2025-05-03 19:05:00,8919.998,2025-05-03 19:05:00
2025-05-03 19:10:00,8919.997,2025-05-03 19:10:00
2025-05-03 19:15:00,8919.997,2025-05-03 19:15:00
2025-05-03 19:20:00,8919.996,2025-05-03 19:20:00
2025-05-03 19:25:00,8919.995,2025-05-03 19:25:00
2025-05-03 19:30:00,8919.992,2025-05-03 19:30:00
2025-05-03 19:35:00,8919.981,2025-05-03 19:35:00
2025-05-03 19:40:00,5130.823,2025-05-03 19:40:00
2025-05-03 19:45:00,0.0,2025-05-03 19:45:00
2025-05-03 19:50:00,0.0,2025-05-03 19:50:00
2025-05-03 19:55:00,0.0,2025-05-03 19:55:00
2025-05-03 20:00:00,0.0,2025-05-03 20:00:00
2025-05-03 20:05:00,0.0,2025-05-03 20:05:00
2025-05-03 20:10:00,0.0,2025-05-03 20:10:00
2025-05-03 20:15:00,0.0,2025-05-03 20:15:00
2025-05-03 20:20:00,0.0,2025-05-03 20:20:00
2025-05-03 20:25:00,0.0,2025-05-03 20:25:00
2025-05-03 20:30:00,0.0,2025-05-03 20:30:00
2025-05-03 20:35:00,0.0,2025-05-03 20:35:00
2025-05-03 20:40:00,0.0,2025-05-03 20:40:00
2025-05-03 20:45:00,0.0,2025-05-03 20:45:00
2025-05-03 20:50:00,0.0,2025-05-03 20:50:00
2025-05-03 20:55:00,0.0,2025-05-03 20:55:00
2025-05-03 21:00:00,0.0,2025-05-03 21:00:00
2025-05-03 21:05:00,0.0,2025-05-03 21:05:00
2025-05-03 21:10:00,0.0,2025-05-03 21:10:00
2025-05-03 21:15:00,0.0,2025-05-03 21:15:00
2025-05-03 21:20:00,0.0,2025-05-03 21:20:00
2025-05-03 21:25:00,0.0,2025-05-03 21:25:00
2025-05-03 21:30:00,0.0,2025-05-03 21:30:00
2025-05-03 21:35:00,0.0,2025-05-03 21:35:00
2025-05-03 21:40:00,0.0,2025-05-03 21:40:00
2025-05-03 21:45:00,0.0,2025-05-03 21:45:00
2025-05-03 21:50:00,0.0,2025-05-03 21:50:00
2025-05-03 21:55:00,0.0,2025-05-03 21:55:00
2025-05-03 22:00:00,-2186.747,2025-05-03 22:00:00
2025-05-03 22:05:00,-2187.081,2025-05-03 22:05:00
2025-05-03 22:10:00,-2187.219,2025-05-03 22:10:00
2025-05-03 22:15:00,-2187.298,2025-05-03 22:15:00
2025-05-03 22:20:00,-2187.351,2025-05-03 22:20:00
2025-05-03 22:25:00,-2187.389,2025-05-03 22:25:00
2025-05-03 22:30:00,-2187.419,2025-05-03 22:30:00
2025-05-03 22:35:00,-2187.442,2025-05-03 22:35:00
2025-05-03 22:40:00,-2187.462,2025-05-03 22:40:00
2025-05-03 22:45:00,-2187.477,2025-05-03 22:45:00
2025-05-03 22:50:00,-2187.49,2025-05-03 22:50:00
2025-05-03 22:55:00,-2187.501,2025-05-03 22:55:00
2025-05-03 23:00:00,-2187.51,2025-05-03 23:00:00
2025-05-03 23:05:00,-2187.517,2025-05-03 23:05:00
2025-05-03 23:10:00,-2187.523,2025-05-03 23:10:00
2025-05-03 23:15:00,-2187.528,2025-05-03 23:15:00
2025-05-03 23:20:00,-2187.531,2025-05-03 23:20:00
2025-05-03 23:25:00,-2187.533,2025-05-03 23:25:00
2025-05-03 23:30:00,-2187.535,2025-05-03 23:30:00
2025-05-03 23:35:00,-2187.535,2025-05-03 23:35:00
2025-05-03 23:40:00,-2187.535,2025-05-03 23:40:00
2025-05-03 23:45:00,-2187.534,2025-05-03 23:45:00
2025-05-03 23:50:00,-2187.532,2025-05-03 23:50:00
2025-05-03 23:55:00,-2187.53,2025-05-03 23:55:00
2025-05-04 00:00:00,-2187.528,2025-05-04 00:00:00
2025-05-04 00:05:00,-2187.524,2025-05-04 00:05:00
2025-05-04 00:10:00,-2187.521,2025-05-04 00:10:00
2025-05-04 00:15:00,-2187.517,2025-05-04 00:15:00
2025-05-04 00:20:00,-2187.513,2025-05-04 00:20:00
2025-05-04 00:25:00,-2187.508,2025-05-04 00:25:00
2025-05-04 00:30:00,-2187.503,2025-05-04 00:30:00
2025-05-04 00:35:00,-2187.498,2025-05-04 00:35:00
2025-05-04 00:40:00,-2187.493,2025-05-04 00:40:00
2025-05-04 00:45:00,-2187.488,2025-05-04 00:45:00
2025-05-04 00:50:00,-2187.483,2025-05-04 00:50:00
2025-05-04 00:55:00,-2187.477,2025-05-04 00:55:00
2025-05-04 01:00:00,-2187.472,2025-05-04 01:00:00
2025-05-04 01:05:00,-2187.467,2025-05-04 01:05:00
2025-05-04 01:10:00,-2187.461,2025-05-04 01:10:00
2025-05-04 01:15:00,-2187.456,2025-05-04 01:15:00
2025-05-04 01:20:00,-2187.451,2025-05-04 01:20:00
2025-05-04 01:25:00,-2187.446,2025-05-04 01:25:00
2025-05-04 01:30:00,-2187.441,2025-05-04 01:30:00
2025-05-04 01:35:00,-2187.436,2025-05-04 01:35:00
2025-05-04 01:40:00,-2187.432,2025-05-04 01:40:00
2025-05-04 01:45:00,-2187.427,2025-05-04 01:45:00
2025-05-04 01:50:00,-2187.423,2025-05-04 01:50:00
2025-05-04 01:55:00,-2187.419,2025-05-04 01:55:00
2025-05-04 02:00:00,-2187.415,2025-05-04 02:00:00
2025-05-04 02:05:00,-2187.411,2025-05-04 02:05:00
2025-05-04 02:10:00,-2187.408,2025-05-04 02:10:00
2025-05-04 02:15:00,-2187.405,2025-05-04 02:15:00
2025-05-04 02:20:00,-2187.402,2025-05-04 02:20:00
2025-05-04 02:25:00,-2187.399,2025-05-04 02:25:00
2025-05-04 02:30:00,-2187.397,2025-05-04 02:30:00
2025-05-04 02:35:00,-2187.394,2025-05-04 02:35:00
2025-05-04 02:40:00,-2187.392,2025-05-04 02:40:00
2025-05-04 02:45:00,-2187.39,2025-05-04 02:45:00
2025-05-04 02:50:00,-2187.389,2025-05-04 02:50:00
2025-05-04 02:55:00,-2187.387,2025-05-04 02:55:00
2025-05-04 03:00:00,-2187.386,2025-05-04 03:00:00
2025-05-04 03:05:00,-2187.384,2025-05-04 03:05:00
2025-05-04 03:10:00,-2187.383,2025-05-04 03:10:00
2025-05-04 03:15:00,-2187.382,2025-05-04 03:15:00
2025-05-04 03:20:00,-2187.381,2025-05-04 03:20:00
2025-05-04 03:25:00,-2187.38,2025-05-04 03:25:00
2025-05-04 03:30:00,-2187.379,2025-05-04 03:30:00
2025-05-04 03:35:00,-2187.379,2025-05-04 03:35:00
2025-05-04 03:40:00,-2187.378,2025-05-04 03:40:00
2025-05-04 03:45:00,-2187.377,2025-05-04 03:45:00
2025-05-04 03:50:00,-2187.376,2025-05-04 03:50:00
2025-05-04 03:55:00,-2187.375,2025-05-04 03:55:00
2025-05-04 04:00:00,-2187.374,2025-05-04 04:00:00
2025-05-04 04:05:00,-2187.372,2025-05-04 04:05:00
2025-05-04 04:10:00,-2187.371,2025-05-04 04:10:00
2025-05-04 04:15:00,-2187.369,2025-05-04 04:15:00
2025-05-04 04:20:00,-2187.367,2025-05-04 04:20:00
2025-05-04 04:25:00,-2187.365,2025-05-04 04:25:00
2025-05-04 04:30:00,-2187.362,2025-05-04 04:30:00
2025-05-04 04:35:00,-2187.358,2025-05-04 04:35:00
2025-05-04 04:40:00,-2187.355,2025-05-04 04:40:00
2025-05-04 04:45:00,-2187.35,2025-05-04 04:45:00
2025-05-04 04:50:00,-2187.345,2025-05-04 04:50:00
2025-05-04 04:55:00,-2187.339,2025-05-04 04:55:00
2025-05-04 05:00:00,-2187.332,2025-05-04 05:00:00
2025-05-04 05:05:00,-2187.323,2025-05-04 05:05:00
2025-05-04 05:10:00,-2187.313,2025-05-04 05:10:00
2025-05-04 05:15:00,-2187.302,2025-05-04 05:15:00
2025-05-04 05:20:00,-2187.287,2025-05-04 05:20:00
2025-05-04 05:25:00,-2187.27,2025-05-04 05:25:00
2025-05-04 05:30:00,-2187.248,2025-05-04 05:30:00
2025-05-04 05:35:00,-2187.219,2025-05-04 05:35:00
2025-05-04 05:40:00,-2187.178,2025-05-04 05:40:00
2025-05-04 05:45:00,-2187.116,2025-05-04 05:45:00
2025-05-04 05:50:00,-2187.004,2025-05-04 05:50:00
2025-05-04 05:55:00,-2186.694,2025-05-04 05:55:00
2025-05-04 06:00:00,0.0,2025-05-04 06:00:00
2025-05-04 06:05:00,0.0,2025-05-04 06:05:00
2025-05-04 06:10:00,0.0,2025-05-04 06:10:00
2025-05-04 06:15:00,0.0,2025-05-04 06:15:00
2025-05-04 06:20:00,0.0,2025-05-04 06:20:00
2025-05-04 06:25:00,0.0,2025-05-04 06:25:00
2025-05-04 06:30:00,0.0,2025-05-04 06:30:00
2025-05-04 06:35:00,0.0,2025-05-04 06:35:00
2025-05-04 06:40:00,0.0,2025-05-04 06:40:00
2025-05-04 06:45:00,0.0,2025-05-04 06:45:00
2025-05-04 06:50:00,0.0,2025-05-04 06:50:00
2025-05-04 06:55:00,0.0,2025-05-04 06:55:00
2025-05-04 07:00:00,0.0,2025-05-04 07:00:00
2025-05-04 07:05:00,0.0,2025-05-04 07:05:00
2025-05-04 07:10:00,0.0,2025-05-04 07:10:00
2025-05-04 07:15:00,0.0,2025-05-04 07:15:00
2025-05-04 07:20:00,0.0,2025-05-04 07:20:00
2025-05-04 07:25:00,0.0,2025-05-04 07:25:00
2025-05-04 07:30:00,0.0,2025-05-04 07:30:00
2025-05-04 07:35:00,0.0,2025-05-04 07:35:00
2025-05-04 07:40:00,0.0,2025-05-04 07:40:00
2025-05-04 07:45:00,0.0,2025-05-04 07:45:00
2025-05-04 07:50:00,0.0,2025-05-04 07:50:00
2025-05-04 07:55:00,0.0,2025-05-04 07:55:00
2025-05-04 08:00:00,8919.997,2025-05-04 08:00:00
2025-05-04 08:05:00,8919.997,2025-05-04 08:05:00
2025-05-04 08:10:00,8919.997,2025-05-04 08:10:00
2025-05-04 08:15:00,8919.997,2025-05-04 08:15:00
2025-05-04 08:20:00,8919.997,2025-05-04 08:20:00
2025-05-04 08:25:00,8919.996,2025-05-04 08:25:00
2025-05-04 08:30:00,8919.996,2025-05-04 08:30:00
2025-05-04 08:35:00,8919.996,2025-05-04 08:35:00
2025-05-04 08:40:00,8919.996,2025-05-04 08:40:00
2025-05-04 08:45:00,8919.995,2025-05-04 08:45:00
2025-05-04 08:50:00,8919.995,2025-05-04 08:50:00
2025-05-04 08:55:00,8919.994,2025-05-04 08:55:00
2025-05-04 09:00:00,8919.993,2025-05-04 09:00:00
2025-05-04 09:05:00,8919.993,2025-05-04 09:05:00
2025-05-04 09:10:00,8919.991,2025-05-04 09:10:00
2025-05-04 09:15:00,8919.99,2025-05-04 09:15:00
2025-05-04 09:20:00,8919.986,2025-05-04 09:20:00
2025-05-04 09:25:00,8919.979,2025-05-04 09:25:00
2025-05-04 09:30:00,8919.972,2025-05-04 09:30:00
2025-05-04 09:35:00,8919.871,2025-05-04 09:35:00
2025-05-04 09:40:00,5130.821,2025-05-04 09:40:00
2025-05-04 09:45:00,0.118,2025-05-04 09:45:00
2025-05-04 09:50:00,0.0,2025-05-04 09:50:00
2025-05-04 09:55:00,0.0,2025-05-04 09:55:00
2025-05-04 10:00:00,0.0,2025-05-04 10:00:00
2025-05-04 10:05:00,0.0,2025-05-04 10:05:00
2025-05-04 10:10:00,0.0,2025-05-04 10:10:00
2025-05-04 10:15:00,0.0,2025-05-04 10:15:00
2025-05-04 10:20:00,0.0,2025-05-04 10:20:00
2025-05-04 10:25:00,0.0,2025-05-04 10:25:00
2025-05-04 10:30:00,0.0,2025-05-04 10:30:00
2025-05-04 10:35:00,0.0,2025-05-04 10:35:00
2025-05-04 10:40:00,0.0,2025-05-04 10:40:00
2025-05-04 10:45:00,0.0,2025-05-04 10:45:00
2025-05-04 10:50:00,0.0,2025-05-04 10:50:00
2025-05-04 10:55:00,0.0,2025-05-04 10:55:00
2025-05-04 11:00:00,-2499.876,2025-05-04 11:00:00
2025-05-04 11:05:00,-2499.876,2025-05-04 11:05:00
2025-05-04 11:10:00,-2499.876,2025-05-04 11:10:00
2025-05-04 11:15:00,-2499.876,2025-05-04 11:15:00
2025-05-04 11:20:00,-2499.876,2025-05-04 11:20:00
2025-05-04 11:25:00,-2499.876,2025-05-04 11:25:00
2025-05-04 11:30:00,-2499.876,2025-05-04 11:30:00
2025-05-04 11:35:00,-2499.876,2025-05-04 11:35:00
2025-05-04 11:40:00,-2499.876,2025-05-04 11:40:00
2025-05-04 11:45:00,-2499.876,2025-05-04 11:45:00
2025-05-04 11:50:00,-2499.876,2025-05-04 11:50:00
2025-05-04 11:55:00,-2499.876,2025-05-04 11:55:00
2025-05-04 12:00:00,-2499.876,2025-05-04 12:00:00
2025-05-04 12:05:00,-2499.876,2025-05-04 12:05:00
2025-05-04 12:10:00,-2499.876,2025-05-04 12:10:00
2025-05-04 12:15:00,-2499.876,2025-05-04 12:15:00
2025-05-04 12:20:00,-2499.876,2025-05-04 12:20:00
2025-05-04 12:25:00,-2499.876,2025-05-04 12:25:00
2025-05-04 12:30:00,-2499.876,2025-05-04 12:30:00
2025-05-04 12:35:00,-2499.876,2025-05-04 12:35:00
2025-05-04 12:40:00,-2499.876,2025-05-04 12:40:00
2025-05-04 12:45:00,-2499.876,2025-05-04 12:45:00
2025-05-04 12:50:00,-2499.876,2025-05-04 12:50:00
2025-05-04 12:55:00,-2499.876,2025-05-04 12:55:00
2025-05-04 13:00:00,-2499.876,2025-05-04 13:00:00
2025-05-04 13:05:00,-2499.876,2025-05-04 13:05:00
2025-05-04 13:10:00,-2499.876,2025-05-04 13:10:00
2025-05-04 13:15:00,-2499.876,2025-05-04 13:15:00
2025-05-04 13:20:00,-2499.876,2025-05-04 13:20:00
2025-05-04 13:25:00,-2499.876,2025-05-04 13:25:00
2025-05-04 13:30:00,-2499.876,2025-05-04 13:30:00
2025-05-04 13:35:00,-2499.876,2025-05-04 13:35:00
2025-05-04 13:40:00,-2499.876,2025-05-04 13:40:00
2025-05-04 13:45:00,-2499.876,2025-05-04 13:45:00
2025-05-04 13:50:00,-2499.876,2025-05-04 13:50:00
2025-05-04 13:55:00,-2499.876,2025-05-04 13:55:00
2025-05-04 14:00:00,-2499.876,2025-05-04 14:00:00
2025-05-04 14:05:00,-2499.876,2025-05-04 14:05:00
2025-05-04 14:10:00,-2499.876,2025-05-04 14:10:00
2025-05-04 14:15:00,-2499.876,2025-05-04 14:15:00
2025-05-04 14:20:00,-2499.876,2025-05-04 14:20:00
2025-05-04 14:25:00,-2499.876,2025-05-04 14:25:00
2025-05-04 14:30:00,-2499.876,2025-05-04 14:30:00
2025-05-04 14:35:00,-2499.876,2025-05-04 14:35:00
2025-05-04 14:40:00,-2499.876,2025-05-04 14:40:00
2025-05-04 14:45:00,-2499.876,2025-05-04 14:45:00
2025-05-04 14:50:00,-2499.876,2025-05-04 14:50:00
2025-05-04 14:55:00,-2499.876,2025-05-04 14:55:00
2025-05-04 15:00:00,-2499.876,2025-05-04 15:00:00
2025-05-04 15:05:00,-2499.876,2025-05-04 15:05:00
2025-05-04 15:10:00,-2499.876,2025-05-04 15:10:00
2025-05-04 15:15:00,-2499.876,2025-05-04 15:15:00
2025-05-04 15:20:00,-2499.876,2025-05-04 15:20:00
2025-05-04 15:25:00,-2499.876,2025-05-04 15:25:00
2025-05-04 15:30:00,-2499.876,2025-05-04 15:30:00
2025-05-04 15:35:00,-2499.876,2025-05-04 15:35:00
2025-05-04 15:40:00,-2499.876,2025-05-04 15:40:00
2025-05-04 15:45:00,-2499.876,2025-05-04 15:45:00
2025-05-04 15:50:00,-2499.876,2025-05-04 15:50:00
2025-05-04 15:55:00,-2499.876,2025-05-04 15:55:00
2025-05-04 16:00:00,-2499.876,2025-05-04 16:00:00
2025-05-04 16:05:00,-2499.876,2025-05-04 16:05:00
2025-05-04 16:10:00,-2499.876,2025-05-04 16:10:00
2025-05-04 16:15:00,-2499.876,2025-05-04 16:15:00
2025-05-04 16:20:00,-2499.876,2025-05-04 16:20:00
2025-05-04 16:25:00,-2499.876,2025-05-04 16:25:00
2025-05-04 16:30:00,-2499.876,2025-05-04 16:30:00
2025-05-04 16:35:00,-2499.876,2025-05-04 16:35:00
2025-05-04 16:40:00,-2499.876,2025-05-04 16:40:00
2025-05-04 16:45:00,-2499.876,2025-05-04 16:45:00
2025-05-04 16:50:00,-2499.876,2025-05-04 16:50:00
2025-05-04 16:55:00,-2499.876,2025-05-04 16:55:00
2025-05-04 17:00:00,-2499.876,2025-05-04 17:00:00
2025-05-04 17:05:00,-2499.876,2025-05-04 17:05:00
2025-05-04 17:10:00,-2499.876,2025-05-04 17:10:00
2025-05-04 17:15:00,-2499.876,2025-05-04 17:15:00
2025-05-04 17:20:00,-2499.876,2025-05-04 17:20:00
2025-05-04 17:25:00,-2499.876,2025-05-04 17:25:00
2025-05-04 17:30:00,-2499.876,2025-05-04 17:30:00
2025-05-04 17:35:00,-2499.876,2025-05-04 17:35:00
2025-05-04 17:40:00,-2499.876,2025-05-04 17:40:00
2025-05-04 17:45:00,-2499.876,2025-05-04 17:45:00
2025-05-04 17:50:00,-2499.876,2025-05-04 17:50:00
2025-05-04 17:55:00,-2499.876,2025-05-04 17:55:00
2025-05-04 18:00:00,8919.997,2025-05-04 18:00:00
2025-05-04 18:05:00,8919.997,2025-05-04 18:05:00
2025-05-04 18:10:00,8919.997,2025-05-04 18:10:00
2025-05-04 18:15:00,8919.997,2025-05-04 18:15:00
2025-05-04 18:20:00,8919.997,2025-05-04 18:20:00
2025-05-04 18:25:00,8919.996,2025-05-04 18:25:00
2025-05-04 18:30:00,8919.996,2025-05-04 18:30:00
2025-05-04 18:35:00,8919.996,2025-05-04 18:35:00
2025-05-04 18:40:00,8919.996,2025-05-04 18:40:00
2025-05-04 18:45:00,8919.995,2025-05-04 18:45:00
2025-05-04 18:50:00,8919.995,2025-05-04 18:50:00
2025-05-04 18:55:00,8919.994,2025-05-04 18:55:00
2025-05-04 19:00:00,8919.993,2025-05-04 19:00:00
2025-05-04 19:05:00,8919.993,2025-05-04 19:05:00
2025-05-04 19:10:00,8919.991,2025-05-04 19:10:00
2025-05-04 19:15:00,8919.989,2025-05-04 19:15:00
2025-05-04 19:20:00,8919.986,2025-05-04 19:20:00
2025-05-04 19:25:00,8919.979,2025-05-04 19:25:00
2025-05-04 19:30:00,8919.973,2025-05-04 19:30:00
2025-05-04 19:35:00,8919.853,2025-05-04 19:35:00
2025-05-04 19:40:00,5130.834,2025-05-04 19:40:00
2025-05-04 19:45:00,0.121,2025-05-04 19:45:00
2025-05-04 19:50:00,0.0,2025-05-04 19:50:00
2025-05-04 19:55:00,0.0,2025-05-04 19:55:00
2025-05-04 20:00:00,0.0,2025-05-04 20:00:00
2025-05-04 20:05:00,0.0,2025-05-04 20:05:00
2025-05-04 20:10:00,0.0,2025-05-04 20:10:00
2025-05-04 20:15:00,0.0,2025-05-04 20:15:00
2025-05-04 20:20:00,0.0,2025-05-04 20:20:00
2025-05-04 20:25:00,0.0,2025-05-04 20:25:00
2025-05-04 20:30:00,0.0,2025-05-04 20:30:00
2025-05-04 20:35:00,0.0,2025-05-04 20:35:00
2025-05-04 20:40:00,0.0,2025-05-04 20:40:00
2025-05-04 20:45:00,0.0,2025-05-04 20:45:00
2025-05-04 20:50:00,0.0,2025-05-04 20:50:00
2025-05-04 20:55:00,0.0,2025-05-04 20:55:00
2025-05-04 21:00:00,0.0,2025-05-04 21:00:00
2025-05-04 21:05:00,0.0,2025-05-04 21:05:00
2025-05-04 21:10:00,0.0,2025-05-04 21:10:00
2025-05-04 21:15:00,0.0,2025-05-04 21:15:00
2025-05-04 21:20:00,0.0,2025-05-04 21:20:00
2025-05-04 21:25:00,0.0,2025-05-04 21:25:00
2025-05-04 21:30:00,0.0,2025-05-04 21:30:00
2025-05-04 21:35:00,0.0,2025-05-04 21:35:00
2025-05-04 21:40:00,0.0,2025-05-04 21:40:00
2025-05-04 21:45:00,0.0,2025-05-04 21:45:00
2025-05-04 21:50:00,0.0,2025-05-04 21:50:00
2025-05-04 21:55:00,0.0,2025-05-04 21:55:00
2025-05-04 22:00:00,-2187.026,2025-05-04 22:00:00
2025-05-04 22:05:00,-2187.284,2025-05-04 22:05:00
2025-05-04 22:10:00,-2187.386,2025-05-04 22:10:00
2025-05-04 22:15:00,-2187.44,2025-05-04 22:15:00
2025-05-04 22:20:00,-2187.474,2025-05-04 22:20:00
2025-05-04 22:25:00,-2187.497,2025-05-04 22:25:00
2025-05-04 22:30:00,-2187.514,2025-05-04 22:30:00
2025-05-04 22:35:00,-2187.527,2025-05-04 22:35:00
2025-05-04 22:40:00,-2187.536,2025-05-04 22:40:00
2025-05-04 22:45:00,-2187.543,2025-05-04 22:45:00
2025-05-04 22:50:00,-2187.549,2025-05-04 22:50:00
2025-05-04 22:55:00,-2187.552,2025-05-04 22:55:00
2025-05-04 23:00:00,-2187.554,2025-05-04 23:00:00
2025-05-04 23:05:00,-2187.554,2025-05-04 23:05:00
2025-05-04 23:10:00,-2187.553,2025-05-04 23:10:00
2025-05-04 23:15:00,-2187.551,2025-05-04 23:15:00
2025-05-04 23:20:00,-2187.548,2025-05-04 23:20:00
2025-05-04 23:25:00,-2187.544,2025-05-04 23:25:00
2025-05-04 23:30:00,-2187.539,2025-05-04 23:30:00
2025-05-04 23:35:00,-2187.533,2025-05-04 23:35:00
2025-05-04 23:40:00,-2187.527,2025-05-04 23:40:00
2025-05-04 23:45:00,-2187.52,2025-05-04 23:45:00
2025-05-04 23:50:00,-2187.512,2025-05-04 23:50:00
2025-05-04 23:55:00,-2187.503,2025-05-04 23:55:00
2025-05-05 00:00:00,-2187.494,2025-05-05 00:00:00
2025-05-05 00:05:00,-2187.485,2025-05-05 00:05:00
2025-05-05 00:10:00,-2187.476,2025-05-05 00:10:00
2025-05-05 00:15:00,-2187.466,2025-05-05 00:15:00
2025-05-05 00:20:00,-2187.455,2025-05-05 00:20:00
2025-05-05 00:25:00,-2187.445,2025-05-05 00:25:00
2025-05-05 00:30:00,-2187.435,2025-05-05 00:30:00
2025-05-05 00:35:00,-2187.424,2025-05-05 00:35:00
2025-05-05 00:40:00,-2187.414,2025-05-05 00:40:00
2025-05-05 00:45:00,-2187.403,2025-05-05 00:45:00
2025-05-05 00:50:00,-2187.393,2025-05-05 00:50:00
2025-05-05 00:55:00,-2187.383,2025-05-05 00:55:00
2025-05-05 01:00:00,-2187.373,2025-05-05 01:00:00
2025-05-05 01:05:00,-2187.363,2025-05-05 01:05:00
2025-05-05 01:10:00,-2187.353,2025-05-05 01:10:00
2025-05-05 01:15:00,-2187.344,2025-05-05 01:15:00
2025-05-05 01:20:00,-2187.335,2025-05-05 01:20:00
2025-05-05 01:25:00,-2187.327,2025-05-05 01:25:00
2025-05-05 01:30:00,-2187.318,2025-05-05 01:30:00
2025-05-05 01:35:00,-2187.311,2025-05-05 01:35:00
2025-05-05 01:40:00,-2187.304,2025-05-05 01:40:00
2025-05-05 01:45:00,-2187.297,2025-05-05 01:45:00
2025-05-05 01:50:00,-2187.291,2025-05-05 01:50:00
2025-05-05 01:55:00,-2187.285,2025-05-05 01:55:00
2025-05-05 02:00:00,-2187.28,2025-05-05 02:00:00
2025-05-05 02:05:00,-2187.275,2025-05-05 02:05:00
2025-05-05 02:10:00,-2187.271,2025-05-05 02:10:00
2025-05-05 02:15:00,-2187.267,2025-05-05 02:15:00
2025-05-05 02:20:00,-2187.264,2025-05-05 02:20:00
2025-05-05 02:25:00,-2187.262,2025-05-05 02:25:00
2025-05-05 02:30:00,-2187.26,2025-05-05 02:30:00
2025-05-05 02:35:00,-2187.259,2025-05-05 02:35:00
2025-05-05 02:40:00,-2187.258,2025-05-05 02:40:00
2025-05-05 02:45:00,-2187.258,2025-05-05 02:45:00
2025-05-05 02:50:00,-2187.258,2025-05-05 02:50:00
2025-05-05 02:55:00,-2187.259,2025-05-05 02:55:00
2025-05-05 03:00:00,-2187.261,2025-05-05 03:00:00
2025-05-05 03:05:00,-2187.263,2025-05-05 03:05:00
2025-05-05 03:10:00,-2187.266,2025-05-05 03:10:00
2025-05-05 03:15:00,-2187.269,2025-05-05 03:15:00
2025-05-05 03:20:00,-2187.272,2025-05-05 03:20:00
2025-05-05 03:25:00,-2187.276,2025-05-05 03:25:00
2025-05-05 03:30:00,-2187.281,2025-05-05 03:30:00
2025-05-05 03:35:00,-2187.286,2025-05-05 03:35:00
2025-05-05 03:40:00,-2187.292,2025-05-05 03:40:00
2025-05-05 03:45:00,-2187.297,2025-05-05 03:45:00
2025-05-05 03:50:00,-2187.304,2025-05-05 03:50:00
2025-05-05 03:55:00,-2187.311,2025-05-05 03:55:00
2025-05-05 04:00:00,-2187.318,2025-05-05 04:00:00
2025-05-05 04:05:00,-2187.325,2025-05-05 04:05:00
2025-05-05 04:10:00,-2187.334,2025-05-05 04:10:00
2025-05-05 04:15:00,-2187.342,2025-05-05 04:15:00
2025-05-05 04:20:00,-2187.351,2025-05-05 04:20:00
2025-05-05 04:25:00,-2187.36,2025-05-05 04:25:00
2025-05-05 04:30:00,-2187.37,2025-05-05 04:30:00
2025-05-05 04:35:00,-2187.38,2025-05-05 04:35:00
2025-05-05 04:40:00,-2187.39,2025-05-05 04:40:00
2025-05-05 04:45:00,-2187.401,2025-05-05 04:45:00
2025-05-05 04:50:00,-2187.412,2025-05-05 04:50:00
2025-05-05 04:55:00,-2187.424,2025-05-05 04:55:00
2025-05-05 05:00:00,-2187.436,2025-05-05 05:00:00
2025-05-05 05:05:00,-2187.449,2025-05-05 05:05:00
2025-05-05 05:10:00,-2187.462,2025-05-05 05:10:00
2025-05-05 05:15:00,-2187.475,2025-05-05 05:15:00
2025-05-05 05:20:00,-2187.488,2025-05-05 05:20:00
2025-05-05 05:25:00,-2187.501,2025-05-05 05:25:00
2025-05-05 05:30:00,-2187.514,2025-05-05 05:30:00
2025-05-05 05:35:00,-2187.525,2025-05-05 05:35:00
2025-05-05 05:40:00,-2187.531,2025-05-05 05:40:00
2025-05-05 05:45:00,-2187.526,2025-05-05 05:45:00
2025-05-05 05:50:00,-2187.485,2025-05-05 05:50:00
2025-05-05 05:55:00,-2187.279,2025-05-05 05:55:00
2025-05-05 06:00:00,0.0,2025-05-05 06:00:00
2025-05-05 06:05:00,0.0,2025-05-05 06:05:00
2025-05-05 06:10:00,0.0,2025-05-05 06:10:00
2025-05-05 06:15:00,0.0,2025-05-05 06:15:00
2025-05-05 06:20:00,0.0,2025-05-05 06:20:00
2025-05-05 06:25:00,0.0,2025-05-05 06:25:00
2025-05-05 06:30:00,0.0,2025-05-05 06:30:00
2025-05-05 06:35:00,0.0,2025-05-05 06:35:00
2025-05-05 06:40:00,0.0,2025-05-05 06:40:00
2025-05-05 06:45:00,0.0,2025-05-05 06:45:00
2025-05-05 06:50:00,0.0,2025-05-05 06:50:00
2025-05-05 06:55:00,0.0,2025-05-05 06:55:00
2025-05-05 07:00:00,0.0,2025-05-05 07:00:00
2025-05-05 07:05:00,0.0,2025-05-05 07:05:00
2025-05-05 07:10:00,0.0,2025-05-05 07:10:00
2025-05-05 07:15:00,0.0,2025-05-05 07:15:00
2025-05-05 07:20:00,0.0,2025-05-05 07:20:00
2025-05-05 07:25:00,0.0,2025-05-05 07:25:00
2025-05-05 07:30:00,0.0,2025-05-05 07:30:00
2025-05-05 07:35:00,0.0,2025-05-05 07:35:00
2025-05-05 07:40:00,0.0,2025-05-05 07:40:00
2025-05-05 07:45:00,0.0,2025-05-05 07:45:00
2025-05-05 07:50:00,0.0,2025-05-05 07:50:00
2025-05-05 07:55:00,0.0,2025-05-05 07:55:00
2025-05-05 08:00:00,8919.999,2025-05-05 08:00:00
2025-05-05 08:05:00,8919.999,2025-05-05 08:05:00
2025-05-05 08:10:00,8919.999,2025-05-05 08:10:00
2025-05-05 08:15:00,8919.999,2025-05-05 08:15:00
2025-05-05 08:20:00,8919.999,2025-05-05 08:20:00
2025-05-05 08:25:00,8919.999,2025-05-05 08:25:00
2025-05-05 08:30:00,8919.999,2025-05-05 08:30:00
2025-05-05 08:35:00,8919.998,2025-05-05 08:35:00
2025-05-05 08:40:00,8919.998,2025-05-05 08:40:00
2025-05-05 08:45:00,8919.998,2025-05-05 08:45:00
2025-05-05 08:50:00,8919.998,2025-05-05 08:50:00
2025-05-05 08:55:00,8919.998,2025-05-05 08:55:00
2025-05-05 09:00:00,8919.997,2025-05-05 09:00:00
2025-05-05 09:05:00,8919.997,2025-05-05 09:05:00
2025-05-05 09:10:00,8919.997,2025-05-05 09:10:00
2025-05-05 09:15:00,8919.996,2025-05-05 09:15:00
2025-05-05 09:20:00,8919.995,2025-05-05 09:20:00
2025-05-05 09:25:00,8919.993,2025-05-05 09:25:00
2025-05-05 09:30:00,8919.99,2025-05-05 09:30:00
2025-05-05 09:35:00,8919.978,2025-05-05 09:35:00
2025-05-05 09:40:00,5130.84,2025-05-05 09:40:00
2025-05-05 09:45:00,0.0,2025-05-05 09:45:00
2025-05-05 09:50:00,0.0,2025-05-05 09:50:00
2025-05-05 09:55:00,0.0,2025-05-05 09:55:00
2025-05-05 10:00:00,0.0,2025-05-05 10:00:00
2025-05-05 10:05:00,0.0,2025-05-05 10:05:00
2025-05-05 10:10:00,0.0,2025-05-05 10:10:00
2025-05-05 10:15:00,0.0,2025-05-05 10:15:00
2025-05-05 10:20:00,0.0,2025-05-05 10:20:00
2025-05-05 10:25:00,0.0,2025-05-05 10:25:00
2025-05-05 10:30:00,0.0,2025-05-05 10:30:00
2025-05-05 10:35:00,0.0,2025-05-05 10:35:00
2025-05-05 10:40:00,0.0,2025-05-05 10:40:00
2025-05-05 10:45:00,0.0,2025-05-05 10:45:00
2025-05-05 10:50:00,0.0,2025-05-05 10:50:00
2025-05-05 10:55:00,0.0,2025-05-05 10:55:00
2025-05-05 11:00:00,-2499.876,2025-05-05 11:00:00
2025-05-05 11:05:00,-2499.876,2025-05-05 11:05:00
2025-05-05 11:10:00,-2499.876,2025-05-05 11:10:00
2025-05-05 11:15:00,-2499.876,2025-05-05 11:15:00
2025-05-05 11:20:00,-2499.876,2025-05-05 11:20:00
2025-05-05 11:25:00,-2499.876,2025-05-05 11:25:00
2025-05-05 11:30:00,-2499.876,2025-05-05 11:30:00
2025-05-05 11:35:00,-2499.876,2025-05-05 11:35:00
2025-05-05 11:40:00,-2499.876,2025-05-05 11:40:00
2025-05-05 11:45:00,-2499.876,2025-05-05 11:45:00
2025-05-05 11:50:00,-2499.876,2025-05-05 11:50:00
2025-05-05 11:55:00,-2499.876,2025-05-05 11:55:00
2025-05-05 12:00:00,-2499.876,2025-05-05 12:00:00
2025-05-05 12:05:00,-2499.876,2025-05-05 12:05:00
2025-05-05 12:10:00,-2499.876,2025-05-05 12:10:00
2025-05-05 12:15:00,-2499.876,2025-05-05 12:15:00
2025-05-05 12:20:00,-2499.876,2025-05-05 12:20:00
2025-05-05 12:25:00,-2499.876,2025-05-05 12:25:00
2025-05-05 12:30:00,-2499.876,2025-05-05 12:30:00
2025-05-05 12:35:00,-2499.876,2025-05-05 12:35:00
2025-05-05 12:40:00,-2499.876,2025-05-05 12:40:00
2025-05-05 12:45:00,-2499.876,2025-05-05 12:45:00
2025-05-05 12:50:00,-2499.876,2025-05-05 12:50:00
2025-05-05 12:55:00,-2499.876,2025-05-05 12:55:00
2025-05-05 13:00:00,-2499.876,2025-05-05 13:00:00
2025-05-05 13:05:00,-2499.876,2025-05-05 13:05:00
2025-05-05 13:10:00,-2499.876,2025-05-05 13:10:00
2025-05-05 13:15:00,-2499.876,2025-05-05 13:15:00
2025-05-05 13:20:00,-2499.876,2025-05-05 13:20:00
2025-05-05 13:25:00,-2499.876,2025-05-05 13:25:00
2025-05-05 13:30:00,-2499.876,2025-05-05 13:30:00
2025-05-05 13:35:00,-2499.876,2025-05-05 13:35:00
2025-05-05 13:40:00,-2499.876,2025-05-05 13:40:00
2025-05-05 13:45:00,-2499.876,2025-05-05 13:45:00
2025-05-05 13:50:00,-2499.876,2025-05-05 13:50:00
2025-05-05 13:55:00,-2499.876,2025-05-05 13:55:00
2025-05-05 14:00:00,-2499.876,2025-05-05 14:00:00
2025-05-05 14:05:00,-2499.876,2025-05-05 14:05:00
2025-05-05 14:10:00,-2499.876,2025-05-05 14:10:00
2025-05-05 14:15:00,-2499.876,2025-05-05 14:15:00
2025-05-05 14:20:00,-2499.876,2025-05-05 14:20:00
2025-05-05 14:25:00,-2499.876,2025-05-05 14:25:00
2025-05-05 14:30:00,-2499.876,2025-05-05 14:30:00
2025-05-05 14:35:00,-2499.876,2025-05-05 14:35:00
2025-05-05 14:40:00,-2499.876,2025-05-05 14:40:00
2025-05-05 14:45:00,-2499.876,2025-05-05 14:45:00
2025-05-05 14:50:00,-2499.876,2025-05-05 14:50:00
2025-05-05 14:55:00,-2499.876,2025-05-05 14:55:00
2025-05-05 15:00:00,-2499.876,2025-05-05 15:00:00
2025-05-05 15:05:00,-2499.876,2025-05-05 15:05:00
2025-05-05 15:10:00,-2499.876,2025-05-05 15:10:00
2025-05-05 15:15:00,-2499.876,2025-05-05 15:15:00
2025-05-05 15:20:00,-2499.876,2025-05-05 15:20:00
2025-05-05 15:25:00,-2499.876,2025-05-05 15:25:00
2025-05-05 15:30:00,-2499.876,2025-05-05 15:30:00
2025-05-05 15:35:00,-2499.876,2025-05-05 15:35:00
2025-05-05 15:40:00,-2499.876,2025-05-05 15:40:00
2025-05-05 15:45:00,-2499.876,2025-05-05 15:45:00
2025-05-05 15:50:00,-2499.876,2025-05-05 15:50:00
2025-05-05 15:55:00,-2499.876,2025-05-05 15:55:00
2025-05-05 16:00:00,-2499.876,2025-05-05 16:00:00
2025-05-05 16:05:00,-2499.876,2025-05-05 16:05:00
2025-05-05 16:10:00,-2499.876,2025-05-05 16:10:00
2025-05-05 16:15:00,-2499.876,2025-05-05 16:15:00
2025-05-05 16:20:00,-2499.876,2025-05-05 16:20:00
2025-05-05 16:25:00,-2499.876,2025-05-05 16:25:00
2025-05-05 16:30:00,-2499.876,2025-05-05 16:30:00
2025-05-05 16:35:00,-2499.876,2025-05-05 16:35:00
2025-05-05 16:40:00,-2499.876,2025-05-05 16:40:00
2025-05-05 16:45:00,-2499.876,2025-05-05 16:45:00
2025-05-05 16:50:00,-2499.876,2025-05-05 16:50:00
2025-05-05 16:55:00,-2499.876,2025-05-05 16:55:00
2025-05-05 17:00:00,-2499.876,2025-05-05 17:00:00
2025-05-05 17:05:00,-2499.876,2025-05-05 17:05:00
2025-05-05 17:10:00,-2499.876,2025-05-05 17:10:00
2025-05-05 17:15:00,-2499.876,2025-05-05 17:15:00
2025-05-05 17:20:00,-2499.876,2025-05-05 17:20:00
2025-05-05 17:25:00,-2499.876,2025-05-05 17:25:00
2025-05-05 17:30:00,-2499.876,2025-05-05 17:30:00
2025-05-05 17:35:00,-2499.876,2025-05-05 17:35:00
2025-05-05 17:40:00,-2499.876,2025-05-05 17:40:00
2025-05-05 17:45:00,-2499.876,2025-05-05 17:45:00
2025-05-05 17:50:00,-2499.876,2025-05-05 17:50:00
2025-05-05 17:55:00,-2499.876,2025-05-05 17:55:00
2025-05-05 18:00:00,8919.999,2025-05-05 18:00:00
2025-05-05 18:05:00,8919.999,2025-05-05 18:05:00
2025-05-05 18:10:00,8919.999,2025-05-05 18:10:00
2025-05-05 18:15:00,8919.999,2025-05-05 18:15:00
2025-05-05 18:20:00,8919.999,2025-05-05 18:20:00
2025-05-05 18:25:00,8919.999,2025-05-05 18:25:00
2025-05-05 18:30:00,8919.999,2025-05-05 18:30:00
2025-05-05 18:35:00,8919.998,2025-05-05 18:35:00
2025-05-05 18:40:00,8919.998,2025-05-05 18:40:00
2025-05-05 18:45:00,8919.998,2025-05-05 18:45:00
2025-05-05 18:50:00,8919.998,2025-05-05 18:50:00
2025-05-05 18:55:00,8919.998,2025-05-05 18:55:00
2025-05-05 19:00:00,8919.997,2025-05-05 19:00:00
2025-05-05 19:05:00,8919.997,2025-05-05 19:05:00
2025-05-05 19:10:00,8919.997,2025-05-05 19:10:00
2025-05-05 19:15:00,8919.996,2025-05-05 19:15:00
2025-05-05 19:20:00,8919.995,2025-05-05 19:20:00
2025-05-05 19:25:00,8919.993,2025-05-05 19:25:00
2025-05-05 19:30:00,8919.99,2025-05-05 19:30:00
2025-05-05 19:35:00,8919.978,2025-05-05 19:35:00
2025-05-05 19:40:00,5130.84,2025-05-05 19:40:00
2025-05-05 19:45:00,0.0,2025-05-05 19:45:00
2025-05-05 19:50:00,0.0,2025-05-05 19:50:00
2025-05-05 19:55:00,0.0,2025-05-05 19:55:00
2025-05-05 20:00:00,0.0,2025-05-05 20:00:00
2025-05-05 20:05:00,0.0,2025-05-05 20:05:00
2025-05-05 20:10:00,0.0,2025-05-05 20:10:00
2025-05-05 20:15:00,0.0,2025-05-05 20:15:00
2025-05-05 20:20:00,0.0,2025-05-05 20:20:00
2025-05-05 20:25:00,0.0,2025-05-05 20:25:00
2025-05-05 20:30:00,0.0,2025-05-05 20:30:00
2025-05-05 20:35:00,0.0,2025-05-05 20:35:00
2025-05-05 20:40:00,0.0,2025-05-05 20:40:00
2025-05-05 20:45:00,0.0,2025-05-05 20:45:00
2025-05-05 20:50:00,0.0,2025-05-05 20:50:00
2025-05-05 20:55:00,0.0,2025-05-05 20:55:00
2025-05-05 21:00:00,0.0,2025-05-05 21:00:00
2025-05-05 21:05:00,0.0,2025-05-05 21:05:00
2025-05-05 21:10:00,0.0,2025-05-05 21:10:00
2025-05-05 21:15:00,0.0,2025-05-05 21:15:00
2025-05-05 21:20:00,0.0,2025-05-05 21:20:00
2025-05-05 21:25:00,0.0,2025-05-05 21:25:00
2025-05-05 21:30:00,0.0,2025-05-05 21:30:00
2025-05-05 21:35:00,0.0,2025-05-05 21:35:00
2025-05-05 21:40:00,0.0,2025-05-05 21:40:00
2025-05-05 21:45:00,0.0,2025-05-05 21:45:00
2025-05-05 21:50:00,0.0,2025-05-05 21:50:00
2025-05-05 21:55:00,0.0,2025-05-05 21:55:00
2025-05-05 22:00:00,-2499.876,2025-05-05 22:00:00
2025-05-05 22:05:00,-2499.876,2025-05-05 22:05:00
2025-05-05 22:10:00,-2499.876,2025-05-05 22:10:00
2025-05-05 22:15:00,-2499.876,2025-05-05 22:15:00
2025-05-05 22:20:00,-2499.876,2025-05-05 22:20:00
2025-05-05 22:25:00,-2499.876,2025-05-05 22:25:00
2025-05-05 22:30:00,-2499.876,2025-05-05 22:30:00
2025-05-05 22:35:00,-2499.876,2025-05-05 22:35:00
2025-05-05 22:40:00,-2499.876,2025-05-05 22:40:00
2025-05-05 22:45:00,-2499.876,2025-05-05 22:45:00
2025-05-05 22:50:00,-2499.876,2025-05-05 22:50:00
2025-05-05 22:55:00,-2499.876,2025-05-05 22:55:00
2025-05-05 23:00:00,-2499.876,2025-05-05 23:00:00
2025-05-05 23:05:00,-2499.876,2025-05-05 23:05:00
2025-05-05 23:10:00,-2499.876,2025-05-05 23:10:00
2025-05-05 23:15:00,-2499.876,2025-05-05 23:15:00
2025-05-05 23:20:00,-2499.876,2025-05-05 23:20:00
2025-05-05 23:25:00,-2499.876,2025-05-05 23:25:00
2025-05-05 23:30:00,-2499.876,2025-05-05 23:30:00
2025-05-05 23:35:00,-2499.876,2025-05-05 23:35:00
2025-05-05 23:40:00,-2499.876,2025-05-05 23:40:00
2025-05-05 23:45:00,-2499.876,2025-05-05 23:45:00
2025-05-05 23:50:00,-2499.876,2025-05-05 23:50:00
2025-05-05 23:55:00,-2499.876,2025-05-05 23:55:00
2025-05-06 00:00:00,-2083.442,2025-05-06 00:00:00
2025-05-06 00:05:00,-2083.447,2025-05-06 00:05:00
2025-05-06 00:10:00,-2083.451,2025-05-06 00:10:00
2025-05-06 00:15:00,-2083.455,2025-05-06 00:15:00
2025-05-06 00:20:00,-2083.458,2025-05-06 00:20:00
2025-05-06 00:25:00,-2083.46,2025-05-06 00:25:00
2025-05-06 00:30:00,-2083.461,2025-05-06 00:30:00
2025-05-06 00:35:00,-2083.462,2025-05-06 00:35:00
2025-05-06 00:40:00,-2083.463,2025-05-06 00:40:00
2025-05-06 00:45:00,-2083.463,2025-05-06 00:45:00
2025-05-06 00:50:00,-2083.462,2025-05-06 00:50:00
2025-05-06 00:55:00,-2083.462,2025-05-06 00:55:00
2025-05-06 01:00:00,-2083.46,2025-05-06 01:00:00
2025-05-06 01:05:00,-2083.459,2025-05-06 01:05:00
2025-05-06 01:10:00,-2083.457,2025-05-06 01:10:00
2025-05-06 01:15:00,-2083.454,2025-05-06 01:15:00
2025-05-06 01:20:00,-2083.452,2025-05-06 01:20:00
2025-05-06 01:25:00,-2083.449,2025-05-06 01:25:00
2025-05-06 01:30:00,-2083.445,2025-05-06 01:30:00
2025-05-06 01:35:00,-2083.442,2025-05-06 01:35:00
2025-05-06 01:40:00,-2083.438,2025-05-06 01:40:00
2025-05-06 01:45:00,-2083.434,2025-05-06 01:45:00
2025-05-06 01:50:00,-2083.43,2025-05-06 01:50:00
2025-05-06 01:55:00,-2083.425,2025-05-06 01:55:00
2025-05-06 02:00:00,-2083.42,2025-05-06 02:00:00
2025-05-06 02:05:00,-2083.415,2025-05-06 02:05:00
2025-05-06 02:10:00,-2083.41,2025-05-06 02:10:00
2025-05-06 02:15:00,-2083.405,2025-05-06 02:15:00
2025-05-06 02:20:00,-2083.399,2025-05-06 02:20:00
2025-05-06 02:25:00,-2083.393,2025-05-06 02:25:00
2025-05-06 02:30:00,-2083.387,2025-05-06 02:30:00
2025-05-06 02:35:00,-2083.38,2025-05-06 02:35:00
2025-05-06 02:40:00,-2083.373,2025-05-06 02:40:00
2025-05-06 02:45:00,-2083.366,2025-05-06 02:45:00
2025-05-06 02:50:00,-2083.359,2025-05-06 02:50:00
2025-05-06 02:55:00,-2083.352,2025-05-06 02:55:00
2025-05-06 03:00:00,-2083.344,2025-05-06 03:00:00
2025-05-06 03:05:00,-2083.336,2025-05-06 03:05:00
2025-05-06 03:10:00,-2083.327,2025-05-06 03:10:00
2025-05-06 03:15:00,-2083.318,2025-05-06 03:15:00
2025-05-06 03:20:00,-2083.309,2025-05-06 03:20:00
2025-05-06 03:25:00,-2083.299,2025-05-06 03:25:00
2025-05-06 03:30:00,-2083.289,2025-05-06 03:30:00
2025-05-06 03:35:00,-2083.279,2025-05-06 03:35:00
2025-05-06 03:40:00,-2083.268,2025-05-06 03:40:00
2025-05-06 03:45:00,-2083.257,2025-05-06 03:45:00
2025-05-06 03:50:00,-2083.245,2025-05-06 03:50:00
2025-05-06 03:55:00,-2083.232,2025-05-06 03:55:00
2025-05-06 04:00:00,-2083.219,2025-05-06 04:00:00
2025-05-06 04:05:00,-2083.205,2025-05-06 04:05:00
2025-05-06 04:10:00,-2083.19,2025-05-06 04:10:00
2025-05-06 04:15:00,-2083.175,2025-05-06 04:15:00
2025-05-06 04:20:00,-2083.159,2025-05-06 04:20:00
2025-05-06 04:25:00,-2083.142,2025-05-06 04:25:00
2025-05-06 04:30:00,-2083.123,2025-05-06 04:30:00
2025-05-06 04:35:00,-2083.104,2025-05-06 04:35:00
2025-05-06 04:40:00,-2083.083,2025-05-06 04:40:00
2025-05-06 04:45:00,-2083.061,2025-05-06 04:45:00
2025-05-06 04:50:00,-2083.037,2025-05-06 04:50:00
2025-05-06 04:55:00,-2083.011,2025-05-06 04:55:00
2025-05-06 05:00:00,-2082.983,2025-05-06 05:00:00
2025-05-06 05:05:00,-2082.953,2025-05-06 05:05:00
2025-05-06 05:10:00,-2082.919,2025-05-06 05:10:00
2025-05-06 05:15:00,-2082.881,2025-05-06 05:15:00
2025-05-06 05:20:00,-2082.839,2025-05-06 05:20:00
2025-05-06 05:25:00,-2082.79,2025-05-06 05:25:00
2025-05-06 05:30:00,-2082.733,2025-05-06 05:30:00
2025-05-06 05:35:00,-2082.665,2025-05-06 05:35:00
2025-05-06 05:40:00,-2082.579,2025-05-06 05:40:00
2025-05-06 05:45:00,-2082.464,2025-05-06 05:45:00
2025-05-06 05:50:00,-2082.292,2025-05-06 05:50:00
2025-05-06 05:55:00,-2081.948,2025-05-06 05:55:00
2025-05-06 06:00:00,0.0,2025-05-06 06:00:00
2025-05-06 06:05:00,0.0,2025-05-06 06:05:00
2025-05-06 06:10:00,0.0,2025-05-06 06:10:00
2025-05-06 06:15:00,0.0,2025-05-06 06:15:00
2025-05-06 06:20:00,0.0,2025-05-06 06:20:00
2025-05-06 06:25:00,0.0,2025-05-06 06:25:00
2025-05-06 06:30:00,0.0,2025-05-06 06:30:00
2025-05-06 06:35:00,0.0,2025-05-06 06:35:00
2025-05-06 06:40:00,0.0,2025-05-06 06:40:00
2025-05-06 06:45:00,0.0,2025-05-06 06:45:00
2025-05-06 06:50:00,0.0,2025-05-06 06:50:00
2025-05-06 06:55:00,0.0,2025-05-06 06:55:00
2025-05-06 07:00:00,0.0,2025-05-06 07:00:00
2025-05-06 07:05:00,0.0,2025-05-06 07:05:00
2025-05-06 07:10:00,0.0,2025-05-06 07:10:00
2025-05-06 07:15:00,0.0,2025-05-06 07:15:00
2025-05-06 07:20:00,0.0,2025-05-06 07:20:00
2025-05-06 07:25:00,0.0,2025-05-06 07:25:00
2025-05-06 07:30:00,0.0,2025-05-06 07:30:00
2025-05-06 07:35:00,0.0,2025-05-06 07:35:00
2025-05-06 07:40:00,0.0,2025-05-06 07:40:00
2025-05-06 07:45:00,0.0,2025-05-06 07:45:00
2025-05-06 07:50:00,0.0,2025-05-06 07:50:00
2025-05-06 07:55:00,0.0,2025-05-06 07:55:00
2025-05-06 08:00:00,8920.0,2025-05-06 08:00:00
2025-05-06 08:05:00,8920.0,2025-05-06 08:05:00
2025-05-06 08:10:00,8920.0,2025-05-06 08:10:00
2025-05-06 08:15:00,8920.0,2025-05-06 08:15:00
2025-05-06 08:20:00,8919.999,2025-05-06 08:20:00
2025-05-06 08:25:00,8919.999,2025-05-06 08:25:00
2025-05-06 08:30:00,8919.999,2025-05-06 08:30:00
2025-05-06 08:35:00,8919.999,2025-05-06 08:35:00
2025-05-06 08:40:00,8919.999,2025-05-06 08:40:00
2025-05-06 08:45:00,8919.999,2025-05-06 08:45:00
2025-05-06 08:50:00,8919.999,2025-05-06 08:50:00
2025-05-06 08:55:00,8919.999,2025-05-06 08:55:00
2025-05-06 09:00:00,8919.999,2025-05-06 09:00:00
2025-05-06 09:05:00,8919.999,2025-05-06 09:05:00
2025-05-06 09:10:00,8919.999,2025-05-06 09:10:00
2025-05-06 09:15:00,8919.998,2025-05-06 09:15:00
2025-05-06 09:20:00,8919.998,2025-05-06 09:20:00
2025-05-06 09:25:00,8919.996,2025-05-06 09:25:00
2025-05-06 09:30:00,8919.995,2025-05-06 09:30:00
2025-05-06 09:35:00,8919.961,2025-05-06 09:35:00
2025-05-06 09:40:00,5130.85,2025-05-06 09:40:00
2025-05-06 09:45:00,0.0,2025-05-06 09:45:00
2025-05-06 09:50:00,0.0,2025-05-06 09:50:00
2025-05-06 09:55:00,0.0,2025-05-06 09:55:00
2025-05-06 10:00:00,0.0,2025-05-06 10:00:00
2025-05-06 10:05:00,0.0,2025-05-06 10:05:00
2025-05-06 10:10:00,0.0,2025-05-06 10:10:00
2025-05-06 10:15:00,0.0,2025-05-06 10:15:00
2025-05-06 10:20:00,0.0,2025-05-06 10:20:00
2025-05-06 10:25:00,0.0,2025-05-06 10:25:00
2025-05-06 10:30:00,0.0,2025-05-06 10:30:00
2025-05-06 10:35:00,0.0,2025-05-06 10:35:00
2025-05-06 10:40:00,0.0,2025-05-06 10:40:00
2025-05-06 10:45:00,0.0,2025-05-06 10:45:00
2025-05-06 10:50:00,0.0,2025-05-06 10:50:00
2025-05-06 10:55:00,0.0,2025-05-06 10:55:00
2025-05-06 11:00:00,-2499.876,2025-05-06 11:00:00
2025-05-06 11:05:00,-2499.876,2025-05-06 11:05:00
2025-05-06 11:10:00,-2499.876,2025-05-06 11:10:00
2025-05-06 11:15:00,-2499.876,2025-05-06 11:15:00
2025-05-06 11:20:00,-2499.876,2025-05-06 11:20:00
2025-05-06 11:25:00,-2499.876,2025-05-06 11:25:00
2025-05-06 11:30:00,-2499.876,2025-05-06 11:30:00
2025-05-06 11:35:00,-2499.876,2025-05-06 11:35:00
2025-05-06 11:40:00,-2499.876,2025-05-06 11:40:00
2025-05-06 11:45:00,-2499.876,2025-05-06 11:45:00
2025-05-06 11:50:00,-2499.876,2025-05-06 11:50:00
2025-05-06 11:55:00,-2499.876,2025-05-06 11:55:00
2025-05-06 12:00:00,-2499.876,2025-05-06 12:00:00
2025-05-06 12:05:00,-2499.876,2025-05-06 12:05:00
2025-05-06 12:10:00,-2499.876,2025-05-06 12:10:00
2025-05-06 12:15:00,-2499.876,2025-05-06 12:15:00
2025-05-06 12:20:00,-2499.876,2025-05-06 12:20:00
2025-05-06 12:25:00,-2499.876,2025-05-06 12:25:00
2025-05-06 12:30:00,-2499.876,2025-05-06 12:30:00
2025-05-06 12:35:00,-2499.876,2025-05-06 12:35:00
2025-05-06 12:40:00,-2499.876,2025-05-06 12:40:00
2025-05-06 12:45:00,-2499.876,2025-05-06 12:45:00
2025-05-06 12:50:00,-2499.876,2025-05-06 12:50:00
2025-05-06 12:55:00,-2499.876,2025-05-06 12:55:00
2025-05-06 13:00:00,-2499.876,2025-05-06 13:00:00
2025-05-06 13:05:00,-2499.876,2025-05-06 13:05:00
2025-05-06 13:10:00,-2499.876,2025-05-06 13:10:00
2025-05-06 13:15:00,-2499.876,2025-05-06 13:15:00
2025-05-06 13:20:00,-2499.876,2025-05-06 13:20:00
2025-05-06 13:25:00,-2499.876,2025-05-06 13:25:00
2025-05-06 13:30:00,-2499.876,2025-05-06 13:30:00
2025-05-06 13:35:00,-2499.876,2025-05-06 13:35:00
2025-05-06 13:40:00,-2499.876,2025-05-06 13:40:00
2025-05-06 13:45:00,-2499.876,2025-05-06 13:45:00
2025-05-06 13:50:00,-2499.876,2025-05-06 13:50:00
2025-05-06 13:55:00,-2499.876,2025-05-06 13:55:00
2025-05-06 14:00:00,-2499.876,2025-05-06 14:00:00
2025-05-06 14:05:00,-2499.876,2025-05-06 14:05:00
2025-05-06 14:10:00,-2499.876,2025-05-06 14:10:00
2025-05-06 14:15:00,-2499.876,2025-05-06 14:15:00
2025-05-06 14:20:00,-2499.876,2025-05-06 14:20:00
2025-05-06 14:25:00,-2499.876,2025-05-06 14:25:00
2025-05-06 14:30:00,-2499.876,2025-05-06 14:30:00
2025-05-06 14:35:00,-2499.876,2025-05-06 14:35:00
2025-05-06 14:40:00,-2499.876,2025-05-06 14:40:00
2025-05-06 14:45:00,-2499.876,2025-05-06 14:45:00
2025-05-06 14:50:00,-2499.876,2025-05-06 14:50:00
2025-05-06 14:55:00,-2499.876,2025-05-06 14:55:00
2025-05-06 15:00:00,-2499.876,2025-05-06 15:00:00
2025-05-06 15:05:00,-2499.876,2025-05-06 15:05:00
2025-05-06 15:10:00,-2499.876,2025-05-06 15:10:00
2025-05-06 15:15:00,-2499.876,2025-05-06 15:15:00
2025-05-06 15:20:00,-2499.876,2025-05-06 15:20:00
2025-05-06 15:25:00,-2499.876,2025-05-06 15:25:00
2025-05-06 15:30:00,-2499.876,2025-05-06 15:30:00
2025-05-06 15:35:00,-2499.876,2025-05-06 15:35:00
2025-05-06 15:40:00,-2499.876,2025-05-06 15:40:00
2025-05-06 15:45:00,-2499.876,2025-05-06 15:45:00
2025-05-06 15:50:00,-2499.876,2025-05-06 15:50:00
2025-05-06 15:55:00,-2499.876,2025-05-06 15:55:00
2025-05-06 16:00:00,-2499.876,2025-05-06 16:00:00
2025-05-06 16:05:00,-2499.876,2025-05-06 16:05:00
2025-05-06 16:10:00,-2499.876,2025-05-06 16:10:00
2025-05-06 16:15:00,-2499.876,2025-05-06 16:15:00
2025-05-06 16:20:00,-2499.876,2025-05-06 16:20:00
2025-05-06 16:25:00,-2499.876,2025-05-06 16:25:00
2025-05-06 16:30:00,-2499.876,2025-05-06 16:30:00
2025-05-06 16:35:00,-2499.876,2025-05-06 16:35:00
2025-05-06 16:40:00,-2499.876,2025-05-06 16:40:00
2025-05-06 16:45:00,-2499.876,2025-05-06 16:45:00
2025-05-06 16:50:00,-2499.876,2025-05-06 16:50:00
2025-05-06 16:55:00,-2499.876,2025-05-06 16:55:00
2025-05-06 17:00:00,-2499.876,2025-05-06 17:00:00
2025-05-06 17:05:00,-2499.876,2025-05-06 17:05:00
2025-05-06 17:10:00,-2499.876,2025-05-06 17:10:00
2025-05-06 17:15:00,-2499.876,2025-05-06 17:15:00
2025-05-06 17:20:00,-2499.876,2025-05-06 17:20:00
2025-05-06 17:25:00,-2499.876,2025-05-06 17:25:00
2025-05-06 17:30:00,-2499.876,2025-05-06 17:30:00
2025-05-06 17:35:00,-2499.876,2025-05-06 17:35:00
2025-05-06 17:40:00,-2499.876,2025-05-06 17:40:00
2025-05-06 17:45:00,-2499.876,2025-05-06 17:45:00
2025-05-06 17:50:00,-2499.876,2025-05-06 17:50:00
2025-05-06 17:55:00,-2499.876,2025-05-06 17:55:00
2025-05-06 18:00:00,8920.0,2025-05-06 18:00:00
2025-05-06 18:05:00,8920.0,2025-05-06 18:05:00
2025-05-06 18:10:00,8920.0,2025-05-06 18:10:00
2025-05-06 18:15:00,8919.999,2025-05-06 18:15:00
2025-05-06 18:20:00,8919.999,2025-05-06 18:20:00
2025-05-06 18:25:00,8919.999,2025-05-06 18:25:00
2025-05-06 18:30:00,8919.999,2025-05-06 18:30:00
2025-05-06 18:35:00,8919.999,2025-05-06 18:35:00
2025-05-06 18:40:00,8919.999,2025-05-06 18:40:00
2025-05-06 18:45:00,8919.999,2025-05-06 18:45:00
2025-05-06 18:50:00,8919.999,2025-05-06 18:50:00
2025-05-06 18:55:00,8919.999,2025-05-06 18:55:00
2025-05-06 19:00:00,8919.999,2025-05-06 19:00:00
2025-05-06 19:05:00,8919.999,2025-05-06 19:05:00
2025-05-06 19:10:00,8919.999,2025-05-06 19:10:00
2025-05-06 19:15:00,8919.998,2025-05-06 19:15:00
2025-05-06 19:20:00,8919.998,2025-05-06 19:20:00
2025-05-06 19:25:00,8919.996,2025-05-06 19:25:00
2025-05-06 19:30:00,8919.996,2025-05-06 19:30:00
2025-05-06 19:35:00,8919.96,2025-05-06 19:35:00
2025-05-06 19:40:00,5130.85,2025-05-06 19:40:00
2025-05-06 19:45:00,0.0,2025-05-06 19:45:00
2025-05-06 19:50:00,0.0,2025-05-06 19:50:00
2025-05-06 19:55:00,0.0,2025-05-06 19:55:00
2025-05-06 20:00:00,0.0,2025-05-06 20:00:00
2025-05-06 20:05:00,0.0,2025-05-06 20:05:00
2025-05-06 20:10:00,0.0,2025-05-06 20:10:00
2025-05-06 20:15:00,0.0,2025-05-06 20:15:00
2025-05-06 20:20:00,0.0,2025-05-06 20:20:00
2025-05-06 20:25:00,0.0,2025-05-06 20:25:00
2025-05-06 20:30:00,0.0,2025-05-06 20:30:00
2025-05-06 20:35:00,0.0,2025-05-06 20:35:00
2025-05-06 20:40:00,0.0,2025-05-06 20:40:00
2025-05-06 20:45:00,0.0,2025-05-06 20:45:00
2025-05-06 20:50:00,0.0,2025-05-06 20:50:00
2025-05-06 20:55:00,0.0,2025-05-06 20:55:00
2025-05-06 21:00:00,0.0,2025-05-06 21:00:00
2025-05-06 21:05:00,0.0,2025-05-06 21:05:00
2025-05-06 21:10:00,0.0,2025-05-06 21:10:00
2025-05-06 21:15:00,0.0,2025-05-06 21:15:00
2025-05-06 21:20:00,0.0,2025-05-06 21:20:00
2025-05-06 21:25:00,0.0,2025-05-06 21:25:00
2025-05-06 21:30:00,0.0,2025-05-06 21:30:00
2025-05-06 21:35:00,0.0,2025-05-06 21:35:00
2025-05-06 21:40:00,0.0,2025-05-06 21:40:00
2025-05-06 21:45:00,0.0,2025-05-06 21:45:00
2025-05-06 21:50:00,0.0,2025-05-06 21:50:00
2025-05-06 21:55:00,0.0,2025-05-06 21:55:00
2025-05-06 22:00:00,-2187.28,2025-05-06 22:00:00
2025-05-06 22:05:00,-2187.367,2025-05-06 22:05:00
2025-05-06 22:10:00,-2187.405,2025-05-06 22:10:00
2025-05-06 22:15:00,-2187.427,2025-05-06 22:15:00
2025-05-06 22:20:00,-2187.443,2025-05-06 22:20:00
2025-05-06 22:25:00,-2187.454,2025-05-06 22:25:00
2025-05-06 22:30:00,-2187.462,2025-05-06 22:30:00
2025-05-06 22:35:00,-2187.468,2025-05-06 22:35:00
2025-05-06 22:40:00,-2187.473,2025-05-06 22:40:00
2025-05-06 22:45:00,-2187.476,2025-05-06 22:45:00
2025-05-06 22:50:00,-2187.478,2025-05-06 22:50:00
2025-05-06 22:55:00,-2187.479,2025-05-06 22:55:00
2025-05-06 23:00:00,-2187.48,2025-05-06 23:00:00
2025-05-06 23:05:00,-2187.48,2025-05-06 23:05:00
2025-05-06 23:10:00,-2187.479,2025-05-06 23:10:00
2025-05-06 23:15:00,-2187.477,2025-05-06 23:15:00
2025-05-06 23:20:00,-2187.476,2025-05-06 23:20:00
2025-05-06 23:25:00,-2187.473,2025-05-06 23:25:00
2025-05-06 23:30:00,-2187.471,2025-05-06 23:30:00
2025-05-06 23:35:00,-2187.468,2025-05-06 23:35:00
2025-05-06 23:40:00,-2187.465,2025-05-06 23:40:00
2025-05-06 23:45:00,-2187.461,2025-05-06 23:45:00
2025-05-06 23:50:00,-2187.457,2025-05-06 23:50:00
2025-05-06 23:55:00,-2187.453,2025-05-06 23:55:00
2025-05-07 00:00:00,-2187.449,2025-05-07 00:00:00
2025-05-07 00:05:00,-2187.445,2025-05-07 00:05:00
2025-05-07 00:10:00,-2187.441,2025-05-07 00:10:00
2025-05-07 00:15:00,-2187.436,2025-05-07 00:15:00
2025-05-07 00:20:00,-2187.432,2025-05-07 00:20:00
2025-05-07 00:25:00,-2187.427,2025-05-07 00:25:00
2025-05-07 00:30:00,-2187.423,2025-05-07 00:30:00
2025-05-07 00:35:00,-2187.418,2025-05-07 00:35:00
2025-05-07 00:40:00,-2187.414,2025-05-07 00:40:00
2025-05-07 00:45:00,-2187.409,2025-05-07 00:45:00
2025-05-07 00:50:00,-2187.405,2025-05-07 00:50:00
2025-05-07 00:55:00,-2187.401,2025-05-07 00:55:00
2025-05-07 01:00:00,-2187.396,2025-05-07 01:00:00
2025-05-07 01:05:00,-2187.392,2025-05-07 01:05:00
2025-05-07 01:10:00,-2187.388,2025-05-07 01:10:00
2025-05-07 01:15:00,-2187.385,2025-05-07 01:15:00
2025-05-07 01:20:00,-2187.381,2025-05-07 01:20:00
2025-05-07 01:25:00,-2187.378,2025-05-07 01:25:00
2025-05-07 01:30:00,-2187.374,2025-05-07 01:30:00
2025-05-07 01:35:00,-2187.371,2025-05-07 01:35:00
2025-05-07 01:40:00,-2187.368,2025-05-07 01:40:00
2025-05-07 01:45:00,-2187.366,2025-05-07 01:45:00
2025-05-07 01:50:00,-2187.363,2025-05-07 01:50:00
2025-05-07 01:55:00,-2187.361,2025-05-07 01:55:00
2025-05-07 02:00:00,-2187.359,2025-05-07 02:00:00
2025-05-07 02:05:00,-2187.357,2025-05-07 02:05:00
2025-05-07 02:10:00,-2187.356,2025-05-07 02:10:00
2025-05-07 02:15:00,-2187.354,2025-05-07 02:15:00
2025-05-07 02:20:00,-2187.353,2025-05-07 02:20:00
2025-05-07 02:25:00,-2187.352,2025-05-07 02:25:00
2025-05-07 02:30:00,-2187.352,2025-05-07 02:30:00
2025-05-07 02:35:00,-2187.351,2025-05-07 02:35:00
2025-05-07 02:40:00,-2187.351,2025-05-07 02:40:00
2025-05-07 02:45:00,-2187.351,2025-05-07 02:45:00
2025-05-07 02:50:00,-2187.351,2025-05-07 02:50:00
2025-05-07 02:55:00,-2187.351,2025-05-07 02:55:00
2025-05-07 03:00:00,-2187.352,2025-05-07 03:00:00
2025-05-07 03:05:00,-2187.353,2025-05-07 03:05:00
2025-05-07 03:10:00,-2187.354,2025-05-07 03:10:00
2025-05-07 03:15:00,-2187.355,2025-05-07 03:15:00
2025-05-07 03:20:00,-2187.356,2025-05-07 03:20:00
2025-05-07 03:25:00,-2187.357,2025-05-07 03:25:00
2025-05-07 03:30:00,-2187.359,2025-05-07 03:30:00
2025-05-07 03:35:00,-2187.36,2025-05-07 03:35:00
2025-05-07 03:40:00,-2187.362,2025-05-07 03:40:00
2025-05-07 03:45:00,-2187.364,2025-05-07 03:45:00
2025-05-07 03:50:00,-2187.366,2025-05-07 03:50:00
2025-05-07 03:55:00,-2187.367,2025-05-07 03:55:00
2025-05-07 04:00:00,-2187.369,2025-05-07 04:00:00
2025-05-07 04:05:00,-2187.371,2025-05-07 04:05:00
2025-05-07 04:10:00,-2187.373,2025-05-07 04:10:00
2025-05-07 04:15:00,-2187.375,2025-05-07 04:15:00
2025-05-07 04:20:00,-2187.376,2025-05-07 04:20:00
2025-05-07 04:25:00,-2187.378,2025-05-07 04:25:00
2025-05-07 04:30:00,-2187.379,2025-05-07 04:30:00
2025-05-07 04:35:00,-2187.38,2025-05-07 04:35:00
2025-05-07 04:40:00,-2187.381,2025-05-07 04:40:00
2025-05-07 04:45:00,-2187.381,2025-05-07 04:45:00
2025-05-07 04:50:00,-2187.381,2025-05-07 04:50:00
2025-05-07 04:55:00,-2187.381,2025-05-07 04:55:00
2025-05-07 05:00:00,-2187.38,2025-05-07 05:00:00
2025-05-07 05:05:00,-2187.378,2025-05-07 05:05:00
2025-05-07 05:10:00,-2187.376,2025-05-07 05:10:00
2025-05-07 05:15:00,-2187.373,2025-05-07 05:15:00
2025-05-07 05:20:00,-2187.368,2025-05-07 05:20:00
2025-05-07 05:25:00,-2187.362,2025-05-07 05:25:00
2025-05-07 05:30:00,-2187.354,2025-05-07 05:30:00
2025-05-07 05:35:00,-2187.344,2025-05-07 05:35:00
2025-05-07 05:40:00,-2187.329,2025-05-07 05:40:00
2025-05-07 05:45:00,-2187.307,2025-05-07 05:45:00
2025-05-07 05:50:00,-2187.27,2025-05-07 05:50:00
2025-05-07 05:55:00,-2187.185,2025-05-07 05:55:00
2025-05-07 06:00:00,0.0,2025-05-07 06:00:00
2025-05-07 06:05:00,0.0,2025-05-07 06:05:00
2025-05-07 06:10:00,0.0,2025-05-07 06:10:00
2025-05-07 06:15:00,0.0,2025-05-07 06:15:00
2025-05-07 06:20:00,0.0,2025-05-07 06:20:00
2025-05-07 06:25:00,0.0,2025-05-07 06:25:00
2025-05-07 06:30:00,0.0,2025-05-07 06:30:00
2025-05-07 06:35:00,0.0,2025-05-07 06:35:00
2025-05-07 06:40:00,0.0,2025-05-07 06:40:00
2025-05-07 06:45:00,0.0,2025-05-07 06:45:00
2025-05-07 06:50:00,0.0,2025-05-07 06:50:00
2025-05-07 06:55:00,0.0,2025-05-07 06:55:00
2025-05-07 07:00:00,0.0,2025-05-07 07:00:00
2025-05-07 07:05:00,0.0,2025-05-07 07:05:00
2025-05-07 07:10:00,0.0,2025-05-07 07:10:00
2025-05-07 07:15:00,0.0,2025-05-07 07:15:00
2025-05-07 07:20:00,0.0,2025-05-07 07:20:00
2025-05-07 07:25:00,0.0,2025-05-07 07:25:00
2025-05-07 07:30:00,0.0,2025-05-07 07:30:00
2025-05-07 07:35:00,0.0,2025-05-07 07:35:00
2025-05-07 07:40:00,0.0,2025-05-07 07:40:00
2025-05-07 07:45:00,0.0,2025-05-07 07:45:00
2025-05-07 07:50:00,0.0,2025-05-07 07:50:00
2025-05-07 07:55:00,0.0,2025-05-07 07:55:00
2025-05-07 08:00:00,8920.0,2025-05-07 08:00:00
2025-05-07 08:05:00,8920.0,2025-05-07 08:05:00
2025-05-07 08:10:00,8920.0,2025-05-07 08:10:00
2025-05-07 08:15:00,8920.0,2025-05-07 08:15:00
2025-05-07 08:20:00,8920.0,2025-05-07 08:20:00
2025-05-07 08:25:00,8920.0,2025-05-07 08:25:00
2025-05-07 08:30:00,8920.0,2025-05-07 08:30:00
2025-05-07 08:35:00,8920.0,2025-05-07 08:35:00
2025-05-07 08:40:00,8920.0,2025-05-07 08:40:00
2025-05-07 08:45:00,8920.0,2025-05-07 08:45:00
2025-05-07 08:50:00,8920.0,2025-05-07 08:50:00
2025-05-07 08:55:00,8920.0,2025-05-07 08:55:00
2025-05-07 09:00:00,8920.0,2025-05-07 09:00:00
2025-05-07 09:05:00,8920.0,2025-05-07 09:05:00
2025-05-07 09:10:00,8920.0,2025-05-07 09:10:00
2025-05-07 09:15:00,8920.0,2025-05-07 09:15:00
2025-05-07 09:20:00,8920.0,2025-05-07 09:20:00
2025-05-07 09:25:00,8919.999,2025-05-07 09:25:00
2025-05-07 09:30:00,8919.999,2025-05-07 09:30:00
2025-05-07 09:35:00,8919.996,2025-05-07 09:35:00
2025-05-07 09:40:00,5130.876,2025-05-07 09:40:00
2025-05-07 09:45:00,0.0,2025-05-07 09:45:00
2025-05-07 09:50:00,0.0,2025-05-07 09:50:00
2025-05-07 09:55:00,0.0,2025-05-07 09:55:00
2025-05-07 10:00:00,0.0,2025-05-07 10:00:00
2025-05-07 10:05:00,0.0,2025-05-07 10:05:00
2025-05-07 10:10:00,0.0,2025-05-07 10:10:00
2025-05-07 10:15:00,0.0,2025-05-07 10:15:00
2025-05-07 10:20:00,0.0,2025-05-07 10:20:00
2025-05-07 10:25:00,0.0,2025-05-07 10:25:00
2025-05-07 10:30:00,0.0,2025-05-07 10:30:00
2025-05-07 10:35:00,0.0,2025-05-07 10:35:00
2025-05-07 10:40:00,0.0,2025-05-07 10:40:00
2025-05-07 10:45:00,0.0,2025-05-07 10:45:00
2025-05-07 10:50:00,0.0,2025-05-07 10:50:00
2025-05-07 10:55:00,0.0,2025-05-07 10:55:00
2025-05-07 11:00:00,-2499.876,2025-05-07 11:00:00
2025-05-07 11:05:00,-2499.876,2025-05-07 11:05:00
2025-05-07 11:10:00,-2499.876,2025-05-07 11:10:00
2025-05-07 11:15:00,-2499.876,2025-05-07 11:15:00
2025-05-07 11:20:00,-2499.876,2025-05-07 11:20:00
2025-05-07 11:25:00,-2499.876,2025-05-07 11:25:00
2025-05-07 11:30:00,-2499.876,2025-05-07 11:30:00
2025-05-07 11:35:00,-2499.876,2025-05-07 11:35:00
2025-05-07 11:40:00,-2499.876,2025-05-07 11:40:00
2025-05-07 11:45:00,-2499.876,2025-05-07 11:45:00
2025-05-07 11:50:00,-2499.876,2025-05-07 11:50:00
2025-05-07 11:55:00,-2499.876,2025-05-07 11:55:00
2025-05-07 12:00:00,-2499.876,2025-05-07 12:00:00
2025-05-07 12:05:00,-2499.876,2025-05-07 12:05:00
2025-05-07 12:10:00,-2499.876,2025-05-07 12:10:00
2025-05-07 12:15:00,-2499.876,2025-05-07 12:15:00
2025-05-07 12:20:00,-2499.876,2025-05-07 12:20:00
2025-05-07 12:25:00,-2499.876,2025-05-07 12:25:00
2025-05-07 12:30:00,-2499.876,2025-05-07 12:30:00
2025-05-07 12:35:00,-2499.876,2025-05-07 12:35:00
2025-05-07 12:40:00,-2499.876,2025-05-07 12:40:00
2025-05-07 12:45:00,-2499.876,2025-05-07 12:45:00
2025-05-07 12:50:00,-2499.876,2025-05-07 12:50:00
2025-05-07 12:55:00,-2499.876,2025-05-07 12:55:00
2025-05-07 13:00:00,-2499.876,2025-05-07 13:00:00
2025-05-07 13:05:00,-2499.876,2025-05-07 13:05:00
2025-05-07 13:10:00,-2499.876,2025-05-07 13:10:00
2025-05-07 13:15:00,-2499.876,2025-05-07 13:15:00
2025-05-07 13:20:00,-2499.876,2025-05-07 13:20:00
2025-05-07 13:25:00,-2499.876,2025-05-07 13:25:00
2025-05-07 13:30:00,-2499.876,2025-05-07 13:30:00
2025-05-07 13:35:00,-2499.876,2025-05-07 13:35:00
2025-05-07 13:40:00,-2499.876,2025-05-07 13:40:00
2025-05-07 13:45:00,-2499.876,2025-05-07 13:45:00
2025-05-07 13:50:00,-2499.876,2025-05-07 13:50:00
2025-05-07 13:55:00,-2499.876,2025-05-07 13:55:00
2025-05-07 14:00:00,-2499.876,2025-05-07 14:00:00
2025-05-07 14:05:00,-2499.876,2025-05-07 14:05:00
2025-05-07 14:10:00,-2499.876,2025-05-07 14:10:00
2025-05-07 14:15:00,-2499.876,2025-05-07 14:15:00
2025-05-07 14:20:00,-2499.876,2025-05-07 14:20:00
2025-05-07 14:25:00,-2499.876,2025-05-07 14:25:00
2025-05-07 14:30:00,-2499.876,2025-05-07 14:30:00
2025-05-07 14:35:00,-2499.876,2025-05-07 14:35:00
2025-05-07 14:40:00,-2499.876,2025-05-07 14:40:00
2025-05-07 14:45:00,-2499.876,2025-05-07 14:45:00
2025-05-07 14:50:00,-2499.876,2025-05-07 14:50:00
2025-05-07 14:55:00,-2499.876,2025-05-07 14:55:00
2025-05-07 15:00:00,-2499.876,2025-05-07 15:00:00
2025-05-07 15:05:00,-2499.876,2025-05-07 15:05:00
2025-05-07 15:10:00,-2499.876,2025-05-07 15:10:00
2025-05-07 15:15:00,-2499.876,2025-05-07 15:15:00
2025-05-07 15:20:00,-2499.876,2025-05-07 15:20:00
2025-05-07 15:25:00,-2499.876,2025-05-07 15:25:00
2025-05-07 15:30:00,-2499.876,2025-05-07 15:30:00
2025-05-07 15:35:00,-2499.876,2025-05-07 15:35:00
2025-05-07 15:40:00,-2499.876,2025-05-07 15:40:00
2025-05-07 15:45:00,-2499.876,2025-05-07 15:45:00
2025-05-07 15:50:00,-2499.876,2025-05-07 15:50:00
2025-05-07 15:55:00,-2499.876,2025-05-07 15:55:00
2025-05-07 16:00:00,-2499.876,2025-05-07 16:00:00
2025-05-07 16:05:00,-2499.876,2025-05-07 16:05:00
2025-05-07 16:10:00,-2499.876,2025-05-07 16:10:00
2025-05-07 16:15:00,-2499.876,2025-05-07 16:15:00
2025-05-07 16:20:00,-2499.876,2025-05-07 16:20:00
2025-05-07 16:25:00,-2499.876,2025-05-07 16:25:00
2025-05-07 16:30:00,-2499.876,2025-05-07 16:30:00
2025-05-07 16:35:00,-2499.876,2025-05-07 16:35:00
2025-05-07 16:40:00,-2499.876,2025-05-07 16:40:00
2025-05-07 16:45:00,-2499.876,2025-05-07 16:45:00
2025-05-07 16:50:00,-2499.876,2025-05-07 16:50:00
2025-05-07 16:55:00,-2499.876,2025-05-07 16:55:00
2025-05-07 17:00:00,-2499.876,2025-05-07 17:00:00
2025-05-07 17:05:00,-2499.876,2025-05-07 17:05:00
2025-05-07 17:10:00,-2499.876,2025-05-07 17:10:00
2025-05-07 17:15:00,-2499.876,2025-05-07 17:15:00
2025-05-07 17:20:00,-2499.876,2025-05-07 17:20:00
2025-05-07 17:25:00,-2499.876,2025-05-07 17:25:00
2025-05-07 17:30:00,-2499.876,2025-05-07 17:30:00
2025-05-07 17:35:00,-2499.876,2025-05-07 17:35:00
2025-05-07 17:40:00,-2499.876,2025-05-07 17:40:00
2025-05-07 17:45:00,-2499.876,2025-05-07 17:45:00
2025-05-07 17:50:00,-2499.876,2025-05-07 17:50:00
2025-05-07 17:55:00,-2499.876,2025-05-07 17:55:00
2025-05-07 18:00:00,8920.0,2025-05-07 18:00:00
2025-05-07 18:05:00,8920.0,2025-05-07 18:05:00
2025-05-07 18:10:00,8920.0,2025-05-07 18:10:00
2025-05-07 18:15:00,8920.0,2025-05-07 18:15:00
2025-05-07 18:20:00,8920.0,2025-05-07 18:20:00
2025-05-07 18:25:00,8920.0,2025-05-07 18:25:00
2025-05-07 18:30:00,8920.0,2025-05-07 18:30:00
2025-05-07 18:35:00,8920.0,2025-05-07 18:35:00
2025-05-07 18:40:00,8920.0,2025-05-07 18:40:00
2025-05-07 18:45:00,8920.0,2025-05-07 18:45:00
2025-05-07 18:50:00,8920.0,2025-05-07 18:50:00
2025-05-07 18:55:00,8920.0,2025-05-07 18:55:00
2025-05-07 19:00:00,8920.0,2025-05-07 19:00:00
2025-05-07 19:05:00,8920.0,2025-05-07 19:05:00
2025-05-07 19:10:00,8920.0,2025-05-07 19:10:00
2025-05-07 19:15:00,8920.0,2025-05-07 19:15:00
2025-05-07 19:20:00,8920.0,2025-05-07 19:20:00
2025-05-07 19:25:00,8919.999,2025-05-07 19:25:00
2025-05-07 19:30:00,8919.999,2025-05-07 19:30:00
2025-05-07 19:35:00,8919.996,2025-05-07 19:35:00
2025-05-07 19:40:00,5130.876,2025-05-07 19:40:00
2025-05-07 19:45:00,0.0,2025-05-07 19:45:00
2025-05-07 19:50:00,0.0,2025-05-07 19:50:00
2025-05-07 19:55:00,0.0,2025-05-07 19:55:00
2025-05-07 20:00:00,0.0,2025-05-07 20:00:00
2025-05-07 20:05:00,0.0,2025-05-07 20:05:00
2025-05-07 20:10:00,0.0,2025-05-07 20:10:00
2025-05-07 20:15:00,0.0,2025-05-07 20:15:00
2025-05-07 20:20:00,0.0,2025-05-07 20:20:00
2025-05-07 20:25:00,0.0,2025-05-07 20:25:00
2025-05-07 20:30:00,0.0,2025-05-07 20:30:00
2025-05-07 20:35:00,0.0,2025-05-07 20:35:00
2025-05-07 20:40:00,0.0,2025-05-07 20:40:00
2025-05-07 20:45:00,0.0,2025-05-07 20:45:00
2025-05-07 20:50:00,0.0,2025-05-07 20:50:00
2025-05-07 20:55:00,0.0,2025-05-07 20:55:00
2025-05-07 21:00:00,0.0,2025-05-07 21:00:00
2025-05-07 21:05:00,0.0,2025-05-07 21:05:00
2025-05-07 21:10:00,0.0,2025-05-07 21:10:00
2025-05-07 21:15:00,0.0,2025-05-07 21:15:00
2025-05-07 21:20:00,0.0,2025-05-07 21:20:00
2025-05-07 21:25:00,0.0,2025-05-07 21:25:00
2025-05-07 21:30:00,0.0,2025-05-07 21:30:00
2025-05-07 21:35:00,0.0,2025-05-07 21:35:00
2025-05-07 21:40:00,0.0,2025-05-07 21:40:00
2025-05-07 21:45:00,0.0,2025-05-07 21:45:00
2025-05-07 21:50:00,0.0,2025-05-07 21:50:00
2025-05-07 21:55:00,0.0,2025-05-07 21:55:00
2025-05-07 22:00:00,-2187.284,2025-05-07 22:00:00
2025-05-07 22:05:00,-2187.37,2025-05-07 22:05:00
2025-05-07 22:10:00,-2187.407,2025-05-07 22:10:00
2025-05-07 22:15:00,-2187.429,2025-05-07 22:15:00
2025-05-07 22:20:00,-2187.445,2025-05-07 22:20:00
2025-05-07 22:25:00,-2187.456,2025-05-07 22:25:00
2025-05-07 22:30:00,-2187.464,2025-05-07 22:30:00
2025-05-07 22:35:00,-2187.47,2025-05-07 22:35:00
2025-05-07 22:40:00,-2187.474,2025-05-07 22:40:00
2025-05-07 22:45:00,-2187.477,2025-05-07 22:45:00
2025-05-07 22:50:00,-2187.479,2025-05-07 22:50:00
2025-05-07 22:55:00,-2187.48,2025-05-07 22:55:00
2025-05-07 23:00:00,-2187.48,2025-05-07 23:00:00
2025-05-07 23:05:00,-2187.48,2025-05-07 23:05:00
2025-05-07 23:10:00,-2187.479,2025-05-07 23:10:00
2025-05-07 23:15:00,-2187.478,2025-05-07 23:15:00
2025-05-07 23:20:00,-2187.476,2025-05-07 23:20:00
2025-05-07 23:25:00,-2187.473,2025-05-07 23:25:00
2025-05-07 23:30:00,-2187.471,2025-05-07 23:30:00
2025-05-07 23:35:00,-2187.468,2025-05-07 23:35:00
2025-05-07 23:40:00,-2187.464,2025-05-07 23:40:00
2025-05-07 23:45:00,-2187.461,2025-05-07 23:45:00
2025-05-07 23:50:00,-2187.457,2025-05-07 23:50:00
2025-05-07 23:55:00,-2187.453,2025-05-07 23:55:00
2025-05-08 00:00:00,-2187.449,2025-05-08 00:00:00
2025-05-08 00:05:00,-2187.444,2025-05-08 00:05:00
2025-05-08 00:10:00,-2187.44,2025-05-08 00:10:00
2025-05-08 00:15:00,-2187.435,2025-05-08 00:15:00
2025-05-08 00:20:00,-2187.431,2025-05-08 00:20:00
2025-05-08 00:25:00,-2187.426,2025-05-08 00:25:00
2025-05-08 00:30:00,-2187.422,2025-05-08 00:30:00
2025-05-08 00:35:00,-2187.417,2025-05-08 00:35:00
2025-05-08 00:40:00,-2187.413,2025-05-08 00:40:00
2025-05-08 00:45:00,-2187.408,2025-05-08 00:45:00
2025-05-08 00:50:00,-2187.404,2025-05-08 00:50:00
2025-05-08 00:55:00,-2187.399,2025-05-08 00:55:00
2025-05-08 01:00:00,-2187.395,2025-05-08 01:00:00
2025-05-08 01:05:00,-2187.391,2025-05-08 01:05:00
2025-05-08 01:10:00,-2187.387,2025-05-08 01:10:00
2025-05-08 01:15:00,-2187.383,2025-05-08 01:15:00
2025-05-08 01:20:00,-2187.38,2025-05-08 01:20:00
2025-05-08 01:25:00,-2187.376,2025-05-08 01:25:00
2025-05-08 01:30:00,-2187.373,2025-05-08 01:30:00
2025-05-08 01:35:00,-2187.37,2025-05-08 01:35:00
2025-05-08 01:40:00,-2187.367,2025-05-08 01:40:00
2025-05-08 01:45:00,-2187.364,2025-05-08 01:45:00
2025-05-08 01:50:00,-2187.362,2025-05-08 01:50:00
2025-05-08 01:55:00,-2187.36,2025-05-08 01:55:00
2025-05-08 02:00:00,-2187.358,2025-05-08 02:00:00
2025-05-08 02:05:00,-2187.356,2025-05-08 02:05:00
2025-05-08 02:10:00,-2187.354,2025-05-08 02:10:00
2025-05-08 02:15:00,-2187.353,2025-05-08 02:15:00
2025-05-08 02:20:00,-2187.352,2025-05-08 02:20:00
2025-05-08 02:25:00,-2187.351,2025-05-08 02:25:00
2025-05-08 02:30:00,-2187.35,2025-05-08 02:30:00
2025-05-08 02:35:00,-2187.35,2025-05-08 02:35:00
2025-05-08 02:40:00,-2187.35,2025-05-08 02:40:00
2025-05-08 02:45:00,-2187.35,2025-05-08 02:45:00
2025-05-08 02:50:00,-2187.35,2025-05-08 02:50:00
2025-05-08 02:55:00,-2187.35,2025-05-08 02:55:00
2025-05-08 03:00:00,-2187.351,2025-05-08 03:00:00
2025-05-08 03:05:00,-2187.352,2025-05-08 03:05:00
2025-05-08 03:10:00,-2187.353,2025-05-08 03:10:00
2025-05-08 03:15:00,-2187.354,2025-05-08 03:15:00
2025-05-08 03:20:00,-2187.355,2025-05-08 03:20:00
2025-05-08 03:25:00,-2187.356,2025-05-08 03:25:00
2025-05-08 03:30:00,-2187.358,2025-05-08 03:30:00
2025-05-08 03:35:00,-2187.36,2025-05-08 03:35:00
2025-05-08 03:40:00,-2187.361,2025-05-08 03:40:00
2025-05-08 03:45:00,-2187.363,2025-05-08 03:45:00
2025-05-08 03:50:00,-2187.365,2025-05-08 03:50:00
2025-05-08 03:55:00,-2187.367,2025-05-08 03:55:00
2025-05-08 04:00:00,-2187.369,2025-05-08 04:00:00
2025-05-08 04:05:00,-2187.371,2025-05-08 04:05:00
2025-05-08 04:10:00,-2187.373,2025-05-08 04:10:00
2025-05-08 04:15:00,-2187.374,2025-05-08 04:15:00
2025-05-08 04:20:00,-2187.376,2025-05-08 04:20:00
2025-05-08 04:25:00,-2187.378,2025-05-08 04:25:00
2025-05-08 04:30:00,-2187.379,2025-05-08 04:30:00
2025-05-08 04:35:00,-2187.38,2025-05-08 04:35:00
2025-05-08 04:40:00,-2187.381,2025-05-08 04:40:00
2025-05-08 04:45:00,-2187.382,2025-05-08 04:45:00
2025-05-08 04:50:00,-2187.382,2025-05-08 04:50:00
2025-05-08 04:55:00,-2187.382,2025-05-08 04:55:00
2025-05-08 05:00:00,-2187.381,2025-05-08 05:00:00
2025-05-08 05:05:00,-2187.379,2025-05-08 05:05:00
2025-05-08 05:10:00,-2187.377,2025-05-08 05:10:00
2025-05-08 05:15:00,-2187.374,2025-05-08 05:15:00
2025-05-08 05:20:00,-2187.37,2025-05-08 05:20:00
2025-05-08 05:25:00,-2187.364,2025-05-08 05:25:00
2025-05-08 05:30:00,-2187.356,2025-05-08 05:30:00
2025-05-08 05:35:00,-2187.346,2025-05-08 05:35:00
2025-05-08 05:40:00,-2187.331,2025-05-08 05:40:00
2025-05-08 05:45:00,-2187.309,2025-05-08 05:45:00
2025-05-08 05:50:00,-2187.273,2025-05-08 05:50:00
2025-05-08 05:55:00,-2187.189,2025-05-08 05:55:00
2025-05-08 06:00:00,0.0,2025-05-08 06:00:00
2025-05-08 06:05:00,0.0,2025-05-08 06:05:00
2025-05-08 06:10:00,0.0,2025-05-08 06:10:00
2025-05-08 06:15:00,0.0,2025-05-08 06:15:00
2025-05-08 06:20:00,0.0,2025-05-08 06:20:00
2025-05-08 06:25:00,0.0,2025-05-08 06:25:00
2025-05-08 06:30:00,0.0,2025-05-08 06:30:00
2025-05-08 06:35:00,0.0,2025-05-08 06:35:00
2025-05-08 06:40:00,0.0,2025-05-08 06:40:00
2025-05-08 06:45:00,0.0,2025-05-08 06:45:00
2025-05-08 06:50:00,0.0,2025-05-08 06:50:00
2025-05-08 06:55:00,0.0,2025-05-08 06:55:00
2025-05-08 07:00:00,0.0,2025-05-08 07:00:00
2025-05-08 07:05:00,0.0,2025-05-08 07:05:00
2025-05-08 07:10:00,0.0,2025-05-08 07:10:00
2025-05-08 07:15:00,0.0,2025-05-08 07:15:00
2025-05-08 07:20:00,0.0,2025-05-08 07:20:00
2025-05-08 07:25:00,0.0,2025-05-08 07:25:00
2025-05-08 07:30:00,0.0,2025-05-08 07:30:00
2025-05-08 07:35:00,0.0,2025-05-08 07:35:00
2025-05-08 07:40:00,0.0,2025-05-08 07:40:00
2025-05-08 07:45:00,0.0,2025-05-08 07:45:00
2025-05-08 07:50:00,0.0,2025-05-08 07:50:00
2025-05-08 07:55:00,0.0,2025-05-08 07:55:00
2025-05-08 08:00:00,8920.0,2025-05-08 08:00:00
2025-05-08 08:05:00,8920.0,2025-05-08 08:05:00
2025-05-08 08:10:00,8920.0,2025-05-08 08:10:00
2025-05-08 08:15:00,8920.0,2025-05-08 08:15:00
2025-05-08 08:20:00,8920.0,2025-05-08 08:20:00
2025-05-08 08:25:00,8920.0,2025-05-08 08:25:00
2025-05-08 08:30:00,8920.0,2025-05-08 08:30:00
2025-05-08 08:35:00,8920.0,2025-05-08 08:35:00
2025-05-08 08:40:00,8920.0,2025-05-08 08:40:00
2025-05-08 08:45:00,8920.0,2025-05-08 08:45:00
2025-05-08 08:50:00,8920.0,2025-05-08 08:50:00
2025-05-08 08:55:00,8920.0,2025-05-08 08:55:00
2025-05-08 09:00:00,8920.0,2025-05-08 09:00:00
2025-05-08 09:05:00,8920.0,2025-05-08 09:05:00
2025-05-08 09:10:00,8920.0,2025-05-08 09:10:00
2025-05-08 09:15:00,8920.0,2025-05-08 09:15:00
2025-05-08 09:20:00,8919.999,2025-05-08 09:20:00
2025-05-08 09:25:00,8919.999,2025-05-08 09:25:00
2025-05-08 09:30:00,8919.999,2025-05-08 09:30:00
2025-05-08 09:35:00,8919.996,2025-05-08 09:35:00
2025-05-08 09:40:00,5130.875,2025-05-08 09:40:00
2025-05-08 09:45:00,0.0,2025-05-08 09:45:00
2025-05-08 09:50:00,0.0,2025-05-08 09:50:00
2025-05-08 09:55:00,0.0,2025-05-08 09:55:00
2025-05-08 10:00:00,0.0,2025-05-08 10:00:00
2025-05-08 10:05:00,0.0,2025-05-08 10:05:00
2025-05-08 10:10:00,0.0,2025-05-08 10:10:00
2025-05-08 10:15:00,0.0,2025-05-08 10:15:00
2025-05-08 10:20:00,0.0,2025-05-08 10:20:00
2025-05-08 10:25:00,0.0,2025-05-08 10:25:00
2025-05-08 10:30:00,0.0,2025-05-08 10:30:00
2025-05-08 10:35:00,0.0,2025-05-08 10:35:00
2025-05-08 10:40:00,0.0,2025-05-08 10:40:00
2025-05-08 10:45:00,0.0,2025-05-08 10:45:00
2025-05-08 10:50:00,0.0,2025-05-08 10:50:00
2025-05-08 10:55:00,0.0,2025-05-08 10:55:00
2025-05-08 11:00:00,-2499.876,2025-05-08 11:00:00
2025-05-08 11:05:00,-2499.876,2025-05-08 11:05:00
2025-05-08 11:10:00,-2499.876,2025-05-08 11:10:00
2025-05-08 11:15:00,-2499.876,2025-05-08 11:15:00
2025-05-08 11:20:00,-2499.876,2025-05-08 11:20:00
2025-05-08 11:25:00,-2499.876,2025-05-08 11:25:00
2025-05-08 11:30:00,-2499.876,2025-05-08 11:30:00
2025-05-08 11:35:00,-2499.876,2025-05-08 11:35:00
2025-05-08 11:40:00,-2499.876,2025-05-08 11:40:00
2025-05-08 11:45:00,-2499.876,2025-05-08 11:45:00
2025-05-08 11:50:00,-2499.876,2025-05-08 11:50:00
2025-05-08 11:55:00,-2499.876,2025-05-08 11:55:00
2025-05-08 12:00:00,-2499.876,2025-05-08 12:00:00
2025-05-08 12:05:00,-2499.876,2025-05-08 12:05:00
2025-05-08 12:10:00,-2499.876,2025-05-08 12:10:00
2025-05-08 12:15:00,-2499.876,2025-05-08 12:15:00
2025-05-08 12:20:00,-2499.876,2025-05-08 12:20:00
2025-05-08 12:25:00,-2499.876,2025-05-08 12:25:00
2025-05-08 12:30:00,-2499.876,2025-05-08 12:30:00
2025-05-08 12:35:00,-2499.876,2025-05-08 12:35:00
2025-05-08 12:40:00,-2499.876,2025-05-08 12:40:00
2025-05-08 12:45:00,-2499.876,2025-05-08 12:45:00
2025-05-08 12:50:00,-2499.876,2025-05-08 12:50:00
2025-05-08 12:55:00,-2499.876,2025-05-08 12:55:00
2025-05-08 13:00:00,-2499.876,2025-05-08 13:00:00
2025-05-08 13:05:00,-2499.876,2025-05-08 13:05:00
2025-05-08 13:10:00,-2499.876,2025-05-08 13:10:00
2025-05-08 13:15:00,-2499.876,2025-05-08 13:15:00
2025-05-08 13:20:00,-2499.876,2025-05-08 13:20:00
2025-05-08 13:25:00,-2499.876,2025-05-08 13:25:00
2025-05-08 13:30:00,-2499.876,2025-05-08 13:30:00
2025-05-08 13:35:00,-2499.876,2025-05-08 13:35:00
2025-05-08 13:40:00,-2499.876,2025-05-08 13:40:00
2025-05-08 13:45:00,-2499.876,2025-05-08 13:45:00
2025-05-08 13:50:00,-2499.876,2025-05-08 13:50:00
2025-05-08 13:55:00,-2499.876,2025-05-08 13:55:00
2025-05-08 14:00:00,-2499.876,2025-05-08 14:00:00
2025-05-08 14:05:00,-2499.876,2025-05-08 14:05:00
2025-05-08 14:10:00,-2499.876,2025-05-08 14:10:00
2025-05-08 14:15:00,-2499.876,2025-05-08 14:15:00
2025-05-08 14:20:00,-2499.876,2025-05-08 14:20:00
2025-05-08 14:25:00,-2499.876,2025-05-08 14:25:00
2025-05-08 14:30:00,-2499.876,2025-05-08 14:30:00
2025-05-08 14:35:00,-2499.876,2025-05-08 14:35:00
2025-05-08 14:40:00,-2499.876,2025-05-08 14:40:00
2025-05-08 14:45:00,-2499.876,2025-05-08 14:45:00
2025-05-08 14:50:00,-2499.876,2025-05-08 14:50:00
2025-05-08 14:55:00,-2499.876,2025-05-08 14:55:00
2025-05-08 15:00:00,-2499.876,2025-05-08 15:00:00
2025-05-08 15:05:00,-2499.876,2025-05-08 15:05:00
2025-05-08 15:10:00,-2499.876,2025-05-08 15:10:00
2025-05-08 15:15:00,-2499.876,2025-05-08 15:15:00
2025-05-08 15:20:00,-2499.876,2025-05-08 15:20:00
2025-05-08 15:25:00,-2499.876,2025-05-08 15:25:00
2025-05-08 15:30:00,-2499.876,2025-05-08 15:30:00
2025-05-08 15:35:00,-2499.876,2025-05-08 15:35:00
2025-05-08 15:40:00,-2499.876,2025-05-08 15:40:00
2025-05-08 15:45:00,-2499.876,2025-05-08 15:45:00
2025-05-08 15:50:00,-2499.876,2025-05-08 15:50:00
2025-05-08 15:55:00,-2499.876,2025-05-08 15:55:00
2025-05-08 16:00:00,-2499.876,2025-05-08 16:00:00
2025-05-08 16:05:00,-2499.876,2025-05-08 16:05:00
2025-05-08 16:10:00,-2499.876,2025-05-08 16:10:00
2025-05-08 16:15:00,-2499.876,2025-05-08 16:15:00
2025-05-08 16:20:00,-2499.876,2025-05-08 16:20:00
2025-05-08 16:25:00,-2499.876,2025-05-08 16:25:00
2025-05-08 16:30:00,-2499.876,2025-05-08 16:30:00
2025-05-08 16:35:00,-2499.876,2025-05-08 16:35:00
2025-05-08 16:40:00,-2499.876,2025-05-08 16:40:00
2025-05-08 16:45:00,-2499.876,2025-05-08 16:45:00
2025-05-08 16:50:00,-2499.876,2025-05-08 16:50:00
2025-05-08 16:55:00,-2499.876,2025-05-08 16:55:00
2025-05-08 17:00:00,-2499.876,2025-05-08 17:00:00
2025-05-08 17:05:00,-2499.876,2025-05-08 17:05:00
2025-05-08 17:10:00,-2499.876,2025-05-08 17:10:00
2025-05-08 17:15:00,-2499.876,2025-05-08 17:15:00
2025-05-08 17:20:00,-2499.876,2025-05-08 17:20:00
2025-05-08 17:25:00,-2499.876,2025-05-08 17:25:00
2025-05-08 17:30:00,-2499.876,2025-05-08 17:30:00
2025-05-08 17:35:00,-2499.876,2025-05-08 17:35:00
2025-05-08 17:40:00,-2499.876,2025-05-08 17:40:00
2025-05-08 17:45:00,-2499.876,2025-05-08 17:45:00
2025-05-08 17:50:00,-2499.876,2025-05-08 17:50:00
2025-05-08 17:55:00,-2499.876,2025-05-08 17:55:00
2025-05-08 18:00:00,8920.0,2025-05-08 18:00:00
2025-05-08 18:05:00,8920.0,2025-05-08 18:05:00
2025-05-08 18:10:00,8920.0,2025-05-08 18:10:00
2025-05-08 18:15:00,8920.0,2025-05-08 18:15:00
2025-05-08 18:20:00,8920.0,2025-05-08 18:20:00
2025-05-08 18:25:00,8920.0,2025-05-08 18:25:00
2025-05-08 18:30:00,8920.0,2025-05-08 18:30:00
2025-05-08 18:35:00,8920.0,2025-05-08 18:35:00
2025-05-08 18:40:00,8920.0,2025-05-08 18:40:00
2025-05-08 18:45:00,8920.0,2025-05-08 18:45:00
2025-05-08 18:50:00,8920.0,2025-05-08 18:50:00
2025-05-08 18:55:00,8920.0,2025-05-08 18:55:00
2025-05-08 19:00:00,8920.0,2025-05-08 19:00:00
2025-05-08 19:05:00,8920.0,2025-05-08 19:05:00
2025-05-08 19:10:00,8920.0,2025-05-08 19:10:00
2025-05-08 19:15:00,8920.0,2025-05-08 19:15:00
2025-05-08 19:20:00,8920.0,2025-05-08 19:20:00
2025-05-08 19:25:00,8919.999,2025-05-08 19:25:00
2025-05-08 19:30:00,8919.999,2025-05-08 19:30:00
2025-05-08 19:35:00,8919.996,2025-05-08 19:35:00
2025-05-08 19:40:00,5130.876,2025-05-08 19:40:00
2025-05-08 19:45:00,0.0,2025-05-08 19:45:00
2025-05-08 19:50:00,0.0,2025-05-08 19:50:00
2025-05-08 19:55:00,0.0,2025-05-08 19:55:00
2025-05-08 20:00:00,0.0,2025-05-08 20:00:00
2025-05-08 20:05:00,0.0,2025-05-08 20:05:00
2025-05-08 20:10:00,0.0,2025-05-08 20:10:00
2025-05-08 20:15:00,0.0,2025-05-08 20:15:00
2025-05-08 20:20:00,0.0,2025-05-08 20:20:00
2025-05-08 20:25:00,0.0,2025-05-08 20:25:00
2025-05-08 20:30:00,0.0,2025-05-08 20:30:00
2025-05-08 20:35:00,0.0,2025-05-08 20:35:00
2025-05-08 20:40:00,0.0,2025-05-08 20:40:00
2025-05-08 20:45:00,0.0,2025-05-08 20:45:00
2025-05-08 20:50:00,0.0,2025-05-08 20:50:00
2025-05-08 20:55:00,0.0,2025-05-08 20:55:00
2025-05-08 21:00:00,0.0,2025-05-08 21:00:00
2025-05-08 21:05:00,0.0,2025-05-08 21:05:00
2025-05-08 21:10:00,0.0,2025-05-08 21:10:00
2025-05-08 21:15:00,0.0,2025-05-08 21:15:00
2025-05-08 21:20:00,0.0,2025-05-08 21:20:00
2025-05-08 21:25:00,0.0,2025-05-08 21:25:00
2025-05-08 21:30:00,0.0,2025-05-08 21:30:00
2025-05-08 21:35:00,0.0,2025-05-08 21:35:00
2025-05-08 21:40:00,0.0,2025-05-08 21:40:00
2025-05-08 21:45:00,0.0,2025-05-08 21:45:00
2025-05-08 21:50:00,0.0,2025-05-08 21:50:00
2025-05-08 21:55:00,0.0,2025-05-08 21:55:00
2025-05-08 22:00:00,-2187.221,2025-05-08 22:00:00
2025-05-08 22:05:00,-2187.336,2025-05-08 22:05:00
2025-05-08 22:10:00,-2187.386,2025-05-08 22:10:00
2025-05-08 22:15:00,-2187.416,2025-05-08 22:15:00
2025-05-08 22:20:00,-2187.437,2025-05-08 22:20:00
2025-05-08 22:25:00,-2187.452,2025-05-08 22:25:00
2025-05-08 22:30:00,-2187.463,2025-05-08 22:30:00
2025-05-08 22:35:00,-2187.472,2025-05-08 22:35:00
2025-05-08 22:40:00,-2187.479,2025-05-08 22:40:00
2025-05-08 22:45:00,-2187.483,2025-05-08 22:45:00
2025-05-08 22:50:00,-2187.487,2025-05-08 22:50:00
2025-05-08 22:55:00,-2187.49,2025-05-08 22:55:00
2025-05-08 23:00:00,-2187.491,2025-05-08 23:00:00
2025-05-08 23:05:00,-2187.492,2025-05-08 23:05:00
2025-05-08 23:10:00,-2187.492,2025-05-08 23:10:00
2025-05-08 23:15:00,-2187.491,2025-05-08 23:15:00
2025-05-08 23:20:00,-2187.489,2025-05-08 23:20:00
2025-05-08 23:25:00,-2187.488,2025-05-08 23:25:00
2025-05-08 23:30:00,-2187.485,2025-05-08 23:30:00
2025-05-08 23:35:00,-2187.482,2025-05-08 23:35:00
2025-05-08 23:40:00,-2187.479,2025-05-08 23:40:00
2025-05-08 23:45:00,-2187.476,2025-05-08 23:45:00
2025-05-08 23:50:00,-2187.472,2025-05-08 23:50:00
2025-05-08 23:55:00,-2187.468,2025-05-08 23:55:00
2025-05-09 00:00:00,-2187.463,2025-05-09 00:00:00
2025-05-09 00:05:00,-2187.459,2025-05-09 00:05:00
2025-05-09 00:10:00,-2187.454,2025-05-09 00:10:00
2025-05-09 00:15:00,-2187.449,2025-05-09 00:15:00
2025-05-09 00:20:00,-2187.445,2025-05-09 00:20:00
2025-05-09 00:25:00,-2187.44,2025-05-09 00:25:00
2025-05-09 00:30:00,-2187.435,2025-05-09 00:30:00
2025-05-09 00:35:00,-2187.43,2025-05-09 00:35:00
2025-05-09 00:40:00,-2187.425,2025-05-09 00:40:00
2025-05-09 00:45:00,-2187.42,2025-05-09 00:45:00
2025-05-09 00:50:00,-2187.415,2025-05-09 00:50:00
2025-05-09 00:55:00,-2187.41,2025-05-09 00:55:00
2025-05-09 01:00:00,-2187.406,2025-05-09 01:00:00
2025-05-09 01:05:00,-2187.401,2025-05-09 01:05:00
2025-05-09 01:10:00,-2187.397,2025-05-09 01:10:00
2025-05-09 01:15:00,-2187.393,2025-05-09 01:15:00
2025-05-09 01:20:00,-2187.389,2025-05-09 01:20:00
2025-05-09 01:25:00,-2187.385,2025-05-09 01:25:00
2025-05-09 01:30:00,-2187.381,2025-05-09 01:30:00
2025-05-09 01:35:00,-2187.378,2025-05-09 01:35:00
2025-05-09 01:40:00,-2187.374,2025-05-09 01:40:00
2025-05-09 01:45:00,-2187.371,2025-05-09 01:45:00
2025-05-09 01:50:00,-2187.369,2025-05-09 01:50:00
2025-05-09 01:55:00,-2187.366,2025-05-09 01:55:00
2025-05-09 02:00:00,-2187.364,2025-05-09 02:00:00
2025-05-09 02:05:00,-2187.362,2025-05-09 02:05:00
2025-05-09 02:10:00,-2187.36,2025-05-09 02:10:00
2025-05-09 02:15:00,-2187.358,2025-05-09 02:15:00
2025-05-09 02:20:00,-2187.357,2025-05-09 02:20:00
2025-05-09 02:25:00,-2187.356,2025-05-09 02:25:00
2025-05-09 02:30:00,-2187.355,2025-05-09 02:30:00
2025-05-09 02:35:00,-2187.354,2025-05-09 02:35:00
2025-05-09 02:40:00,-2187.354,2025-05-09 02:40:00
2025-05-09 02:45:00,-2187.354,2025-05-09 02:45:00
2025-05-09 02:50:00,-2187.354,2025-05-09 02:50:00
2025-05-09 02:55:00,-2187.354,2025-05-09 02:55:00
2025-05-09 03:00:00,-2187.354,2025-05-09 03:00:00
2025-05-09 03:05:00,-2187.355,2025-05-09 03:05:00
2025-05-09 03:10:00,-2187.356,2025-05-09 03:10:00
2025-05-09 03:15:00,-2187.357,2025-05-09 03:15:00
2025-05-09 03:20:00,-2187.358,2025-05-09 03:20:00
2025-05-09 03:25:00,-2187.359,2025-05-09 03:25:00
2025-05-09 03:30:00,-2187.361,2025-05-09 03:30:00
2025-05-09 03:35:00,-2187.362,2025-05-09 03:35:00
2025-05-09 03:40:00,-2187.364,2025-05-09 03:40:00
2025-05-09 03:45:00,-2187.365,2025-05-09 03:45:00
2025-05-09 03:50:00,-2187.367,2025-05-09 03:50:00
2025-05-09 03:55:00,-2187.368,2025-05-09 03:55:00
2025-05-09 04:00:00,-2187.37,2025-05-09 04:00:00
2025-05-09 04:05:00,-2187.371,2025-05-09 04:05:00
2025-05-09 04:10:00,-2187.373,2025-05-09 04:10:00
2025-05-09 04:15:00,-2187.374,2025-05-09 04:15:00
2025-05-09 04:20:00,-2187.375,2025-05-09 04:20:00
2025-05-09 04:25:00,-2187.376,2025-05-09 04:25:00
2025-05-09 04:30:00,-2187.377,2025-05-09 04:30:00
2025-05-09 04:35:00,-2187.377,2025-05-09 04:35:00
2025-05-09 04:40:00,-2187.377,2025-05-09 04:40:00
2025-05-09 04:45:00,-2187.377,2025-05-09 04:45:00
2025-05-09 04:50:00,-2187.376,2025-05-09 04:50:00
2025-05-09 04:55:00,-2187.374,2025-05-09 04:55:00
2025-05-09 05:00:00,-2187.372,2025-05-09 05:00:00
2025-05-09 05:05:00,-2187.368,2025-05-09 05:05:00
2025-05-09 05:10:00,-2187.364,2025-05-09 05:10:00
2025-05-09 05:15:00,-2187.359,2025-05-09 05:15:00
2025-05-09 05:20:00,-2187.352,2025-05-09 05:20:00
2025-05-09 05:25:00,-2187.343,2025-05-09 05:25:00
2025-05-09 05:30:00,-2187.331,2025-05-09 05:30:00
2025-05-09 05:35:00,-2187.316,2025-05-09 05:35:00
2025-05-09 05:40:00,-2187.295,2025-05-09 05:40:00
2025-05-09 05:45:00,-2187.265,2025-05-09 05:45:00
2025-05-09 05:50:00,-2187.216,2025-05-09 05:50:00
2025-05-09 05:55:00,-2187.102,2025-05-09 05:55:00
2025-05-09 06:00:00,0.0,2025-05-09 06:00:00
2025-05-09 06:05:00,0.0,2025-05-09 06:05:00
2025-05-09 06:10:00,0.0,2025-05-09 06:10:00
2025-05-09 06:15:00,0.0,2025-05-09 06:15:00
2025-05-09 06:20:00,0.0,2025-05-09 06:20:00
2025-05-09 06:25:00,0.0,2025-05-09 06:25:00
2025-05-09 06:30:00,0.0,2025-05-09 06:30:00
2025-05-09 06:35:00,0.0,2025-05-09 06:35:00
2025-05-09 06:40:00,0.0,2025-05-09 06:40:00
2025-05-09 06:45:00,0.0,2025-05-09 06:45:00
2025-05-09 06:50:00,0.0,2025-05-09 06:50:00
2025-05-09 06:55:00,0.0,2025-05-09 06:55:00
2025-05-09 07:00:00,0.0,2025-05-09 07:00:00
2025-05-09 07:05:00,0.0,2025-05-09 07:05:00
2025-05-09 07:10:00,0.0,2025-05-09 07:10:00
2025-05-09 07:15:00,0.0,2025-05-09 07:15:00
2025-05-09 07:20:00,0.0,2025-05-09 07:20:00
2025-05-09 07:25:00,0.0,2025-05-09 07:25:00
2025-05-09 07:30:00,0.0,2025-05-09 07:30:00
2025-05-09 07:35:00,0.0,2025-05-09 07:35:00
2025-05-09 07:40:00,0.0,2025-05-09 07:40:00
2025-05-09 07:45:00,0.0,2025-05-09 07:45:00
2025-05-09 07:50:00,0.0,2025-05-09 07:50:00
2025-05-09 07:55:00,0.0,2025-05-09 07:55:00
2025-05-09 08:00:00,8920.0,2025-05-09 08:00:00
2025-05-09 08:05:00,8920.0,2025-05-09 08:05:00
2025-05-09 08:10:00,8920.0,2025-05-09 08:10:00
2025-05-09 08:15:00,8920.0,2025-05-09 08:15:00
2025-05-09 08:20:00,8920.0,2025-05-09 08:20:00
2025-05-09 08:25:00,8920.0,2025-05-09 08:25:00
2025-05-09 08:30:00,8920.0,2025-05-09 08:30:00
2025-05-09 08:35:00,8920.0,2025-05-09 08:35:00
2025-05-09 08:40:00,8920.0,2025-05-09 08:40:00
2025-05-09 08:45:00,8920.0,2025-05-09 08:45:00
2025-05-09 08:50:00,8920.0,2025-05-09 08:50:00
2025-05-09 08:55:00,8920.0,2025-05-09 08:55:00
2025-05-09 09:00:00,8920.0,2025-05-09 09:00:00
2025-05-09 09:05:00,8920.0,2025-05-09 09:05:00
2025-05-09 09:10:00,8920.0,2025-05-09 09:10:00
2025-05-09 09:15:00,8920.0,2025-05-09 09:15:00
2025-05-09 09:20:00,8919.999,2025-05-09 09:20:00
2025-05-09 09:25:00,8919.999,2025-05-09 09:25:00
2025-05-09 09:30:00,8919.999,2025-05-09 09:30:00
2025-05-09 09:35:00,8919.995,2025-05-09 09:35:00
2025-05-09 09:40:00,5130.875,2025-05-09 09:40:00
2025-05-09 09:45:00,0.0,2025-05-09 09:45:00
2025-05-09 09:50:00,0.0,2025-05-09 09:50:00
2025-05-09 09:55:00,0.0,2025-05-09 09:55:00
2025-05-09 10:00:00,0.0,2025-05-09 10:00:00
2025-05-09 10:05:00,0.0,2025-05-09 10:05:00
2025-05-09 10:10:00,0.0,2025-05-09 10:10:00
2025-05-09 10:15:00,0.0,2025-05-09 10:15:00
2025-05-09 10:20:00,0.0,2025-05-09 10:20:00
2025-05-09 10:25:00,0.0,2025-05-09 10:25:00
2025-05-09 10:30:00,0.0,2025-05-09 10:30:00
2025-05-09 10:35:00,0.0,2025-05-09 10:35:00
2025-05-09 10:40:00,0.0,2025-05-09 10:40:00
2025-05-09 10:45:00,0.0,2025-05-09 10:45:00
2025-05-09 10:50:00,0.0,2025-05-09 10:50:00
2025-05-09 10:55:00,0.0,2025-05-09 10:55:00
2025-05-09 11:00:00,-2499.876,2025-05-09 11:00:00
2025-05-09 11:05:00,-2499.876,2025-05-09 11:05:00
2025-05-09 11:10:00,-2499.876,2025-05-09 11:10:00
2025-05-09 11:15:00,-2499.876,2025-05-09 11:15:00
2025-05-09 11:20:00,-2499.876,2025-05-09 11:20:00
2025-05-09 11:25:00,-2499.876,2025-05-09 11:25:00
2025-05-09 11:30:00,-2499.876,2025-05-09 11:30:00
2025-05-09 11:35:00,-2499.876,2025-05-09 11:35:00
2025-05-09 11:40:00,-2499.876,2025-05-09 11:40:00
2025-05-09 11:45:00,-2499.876,2025-05-09 11:45:00
2025-05-09 11:50:00,-2499.876,2025-05-09 11:50:00
2025-05-09 11:55:00,-2499.876,2025-05-09 11:55:00
2025-05-09 12:00:00,-2499.876,2025-05-09 12:00:00
2025-05-09 12:05:00,-2499.876,2025-05-09 12:05:00
2025-05-09 12:10:00,-2499.876,2025-05-09 12:10:00
2025-05-09 12:15:00,-2499.876,2025-05-09 12:15:00
2025-05-09 12:20:00,-2499.876,2025-05-09 12:20:00
2025-05-09 12:25:00,-2499.876,2025-05-09 12:25:00
2025-05-09 12:30:00,-2499.876,2025-05-09 12:30:00
2025-05-09 12:35:00,-2499.876,2025-05-09 12:35:00
2025-05-09 12:40:00,-2499.876,2025-05-09 12:40:00
2025-05-09 12:45:00,-2499.876,2025-05-09 12:45:00
2025-05-09 12:50:00,-2499.876,2025-05-09 12:50:00
2025-05-09 12:55:00,-2499.876,2025-05-09 12:55:00
2025-05-09 13:00:00,-2499.876,2025-05-09 13:00:00
2025-05-09 13:05:00,-2499.876,2025-05-09 13:05:00
2025-05-09 13:10:00,-2499.876,2025-05-09 13:10:00
2025-05-09 13:15:00,-2499.876,2025-05-09 13:15:00
2025-05-09 13:20:00,-2499.876,2025-05-09 13:20:00
2025-05-09 13:25:00,-2499.876,2025-05-09 13:25:00
2025-05-09 13:30:00,-2499.876,2025-05-09 13:30:00
2025-05-09 13:35:00,-2499.876,2025-05-09 13:35:00
2025-05-09 13:40:00,-2499.876,2025-05-09 13:40:00
2025-05-09 13:45:00,-2499.876,2025-05-09 13:45:00
2025-05-09 13:50:00,-2499.876,2025-05-09 13:50:00
2025-05-09 13:55:00,-2499.876,2025-05-09 13:55:00
2025-05-09 14:00:00,-2499.876,2025-05-09 14:00:00
2025-05-09 14:05:00,-2499.876,2025-05-09 14:05:00
2025-05-09 14:10:00,-2499.876,2025-05-09 14:10:00
2025-05-09 14:15:00,-2499.876,2025-05-09 14:15:00
2025-05-09 14:20:00,-2499.876,2025-05-09 14:20:00
2025-05-09 14:25:00,-2499.876,2025-05-09 14:25:00
2025-05-09 14:30:00,-2499.876,2025-05-09 14:30:00
2025-05-09 14:35:00,-2499.876,2025-05-09 14:35:00
2025-05-09 14:40:00,-2499.876,2025-05-09 14:40:00
2025-05-09 14:45:00,-2499.876,2025-05-09 14:45:00
2025-05-09 14:50:00,-2499.876,2025-05-09 14:50:00
2025-05-09 14:55:00,-2499.876,2025-05-09 14:55:00
2025-05-09 15:00:00,-2499.876,2025-05-09 15:00:00
2025-05-09 15:05:00,-2499.876,2025-05-09 15:05:00
2025-05-09 15:10:00,-2499.876,2025-05-09 15:10:00
2025-05-09 15:15:00,-2499.876,2025-05-09 15:15:00
2025-05-09 15:20:00,-2499.876,2025-05-09 15:20:00
2025-05-09 15:25:00,-2499.876,2025-05-09 15:25:00
2025-05-09 15:30:00,-2499.876,2025-05-09 15:30:00
2025-05-09 15:35:00,-2499.876,2025-05-09 15:35:00
2025-05-09 15:40:00,-2499.876,2025-05-09 15:40:00
2025-05-09 15:45:00,-2499.876,2025-05-09 15:45:00
2025-05-09 15:50:00,-2499.876,2025-05-09 15:50:00
2025-05-09 15:55:00,-2499.876,2025-05-09 15:55:00
2025-05-09 16:00:00,-2499.876,2025-05-09 16:00:00
2025-05-09 16:05:00,-2499.876,2025-05-09 16:05:00
2025-05-09 16:10:00,-2499.876,2025-05-09 16:10:00
2025-05-09 16:15:00,-2499.876,2025-05-09 16:15:00
2025-05-09 16:20:00,-2499.876,2025-05-09 16:20:00
2025-05-09 16:25:00,-2499.876,2025-05-09 16:25:00
2025-05-09 16:30:00,-2499.876,2025-05-09 16:30:00
2025-05-09 16:35:00,-2499.876,2025-05-09 16:35:00
2025-05-09 16:40:00,-2499.876,2025-05-09 16:40:00
2025-05-09 16:45:00,-2499.876,2025-05-09 16:45:00
2025-05-09 16:50:00,-2499.876,2025-05-09 16:50:00
2025-05-09 16:55:00,-2499.876,2025-05-09 16:55:00
2025-05-09 17:00:00,-2499.876,2025-05-09 17:00:00
2025-05-09 17:05:00,-2499.876,2025-05-09 17:05:00
2025-05-09 17:10:00,-2499.876,2025-05-09 17:10:00
2025-05-09 17:15:00,-2499.876,2025-05-09 17:15:00
2025-05-09 17:20:00,-2499.876,2025-05-09 17:20:00
2025-05-09 17:25:00,-2499.876,2025-05-09 17:25:00
2025-05-09 17:30:00,-2499.876,2025-05-09 17:30:00
2025-05-09 17:35:00,-2499.876,2025-05-09 17:35:00
2025-05-09 17:40:00,-2499.876,2025-05-09 17:40:00
2025-05-09 17:45:00,-2499.876,2025-05-09 17:45:00
2025-05-09 17:50:00,-2499.876,2025-05-09 17:50:00
2025-05-09 17:55:00,-2499.876,2025-05-09 17:55:00
2025-05-09 18:00:00,8920.0,2025-05-09 18:00:00
2025-05-09 18:05:00,8920.0,2025-05-09 18:05:00
2025-05-09 18:10:00,8920.0,2025-05-09 18:10:00
2025-05-09 18:15:00,8920.0,2025-05-09 18:15:00
2025-05-09 18:20:00,8920.0,2025-05-09 18:20:00
2025-05-09 18:25:00,8920.0,2025-05-09 18:25:00
2025-05-09 18:30:00,8920.0,2025-05-09 18:30:00
2025-05-09 18:35:00,8920.0,2025-05-09 18:35:00
2025-05-09 18:40:00,8920.0,2025-05-09 18:40:00
2025-05-09 18:45:00,8920.0,2025-05-09 18:45:00
2025-05-09 18:50:00,8920.0,2025-05-09 18:50:00
2025-05-09 18:55:00,8920.0,2025-05-09 18:55:00
2025-05-09 19:00:00,8920.0,2025-05-09 19:00:00
2025-05-09 19:05:00,8920.0,2025-05-09 19:05:00
2025-05-09 19:10:00,8920.0,2025-05-09 19:10:00
2025-05-09 19:15:00,8920.0,2025-05-09 19:15:00
2025-05-09 19:20:00,8919.999,2025-05-09 19:20:00
2025-05-09 19:25:00,8919.999,2025-05-09 19:25:00
2025-05-09 19:30:00,8919.999,2025-05-09 19:30:00
2025-05-09 19:35:00,8919.995,2025-05-09 19:35:00
2025-05-09 19:40:00,5130.875,2025-05-09 19:40:00
2025-05-09 19:45:00,0.0,2025-05-09 19:45:00
2025-05-09 19:50:00,0.0,2025-05-09 19:50:00
2025-05-09 19:55:00,0.0,2025-05-09 19:55:00
2025-05-09 20:00:00,0.0,2025-05-09 20:00:00
2025-05-09 20:05:00,0.0,2025-05-09 20:05:00
2025-05-09 20:10:00,0.0,2025-05-09 20:10:00
2025-05-09 20:15:00,0.0,2025-05-09 20:15:00
2025-05-09 20:20:00,0.0,2025-05-09 20:20:00
2025-05-09 20:25:00,0.0,2025-05-09 20:25:00
2025-05-09 20:30:00,0.0,2025-05-09 20:30:00
2025-05-09 20:35:00,0.0,2025-05-09 20:35:00
2025-05-09 20:40:00,0.0,2025-05-09 20:40:00
2025-05-09 20:45:00,0.0,2025-05-09 20:45:00
2025-05-09 20:50:00,0.0,2025-05-09 20:50:00
2025-05-09 20:55:00,0.0,2025-05-09 20:55:00
2025-05-09 21:00:00,0.0,2025-05-09 21:00:00
2025-05-09 21:05:00,0.0,2025-05-09 21:05:00
2025-05-09 21:10:00,0.0,2025-05-09 21:10:00
2025-05-09 21:15:00,0.0,2025-05-09 21:15:00
2025-05-09 21:20:00,0.0,2025-05-09 21:20:00
2025-05-09 21:25:00,0.0,2025-05-09 21:25:00
2025-05-09 21:30:00,0.0,2025-05-09 21:30:00
2025-05-09 21:35:00,0.0,2025-05-09 21:35:00
2025-05-09 21:40:00,0.0,2025-05-09 21:40:00
2025-05-09 21:45:00,0.0,2025-05-09 21:45:00
2025-05-09 21:50:00,0.0,2025-05-09 21:50:00
2025-05-09 21:55:00,0.0,2025-05-09 21:55:00
2025-05-09 22:00:00,-1248.068,2025-05-09 22:00:00
2025-05-09 22:05:00,-1248.943,2025-05-09 22:05:00
2025-05-09 22:10:00,-1249.279,2025-05-09 22:10:00
2025-05-09 22:15:00,-1249.467,2025-05-09 22:15:00
2025-05-09 22:20:00,-1249.602,2025-05-09 22:20:00
2025-05-09 22:25:00,-1249.71,2025-05-09 22:25:00
2025-05-09 22:30:00,-1249.803,2025-05-09 22:30:00
2025-05-09 22:35:00,-1249.885,2025-05-09 22:35:00
2025-05-09 22:40:00,-1249.957,2025-05-09 22:40:00
2025-05-09 22:45:00,-1250.02,2025-05-09 22:45:00
2025-05-09 22:50:00,-1250.076,2025-05-09 22:50:00
2025-05-09 22:55:00,-1250.123,2025-05-09 22:55:00
2025-05-09 23:00:00,-1250.164,2025-05-09 23:00:00
2025-05-09 23:05:00,-1250.199,2025-05-09 23:05:00
2025-05-09 23:10:00,-1250.229,2025-05-09 23:10:00
2025-05-09 23:15:00,-1250.255,2025-05-09 23:15:00
2025-05-09 23:20:00,-1250.277,2025-05-09 23:20:00
2025-05-09 23:25:00,-1250.297,2025-05-09 23:25:00
2025-05-09 23:30:00,-1250.316,2025-05-09 23:30:00
2025-05-09 23:35:00,-1250.333,2025-05-09 23:35:00
2025-05-09 23:40:00,-1250.35,2025-05-09 23:40:00
2025-05-09 23:45:00,-1250.367,2025-05-09 23:45:00
2025-05-09 23:50:00,-1250.385,2025-05-09 23:50:00
2025-05-09 23:55:00,-1250.404,2025-05-09 23:55:00
2025-05-10 00:00:00,-2499.876,2025-05-10 00:00:00
2025-05-10 00:05:00,-2499.876,2025-05-10 00:05:00
2025-05-10 00:10:00,-2499.876,2025-05-10 00:10:00
2025-05-10 00:15:00,-2499.876,2025-05-10 00:15:00
2025-05-10 00:20:00,-2499.876,2025-05-10 00:20:00
2025-05-10 00:25:00,-2499.876,2025-05-10 00:25:00
2025-05-10 00:30:00,-2499.876,2025-05-10 00:30:00
2025-05-10 00:35:00,-2499.876,2025-05-10 00:35:00
2025-05-10 00:40:00,-2499.876,2025-05-10 00:40:00
2025-05-10 00:45:00,-2499.876,2025-05-10 00:45:00
2025-05-10 00:50:00,-2499.876,2025-05-10 00:50:00
2025-05-10 00:55:00,-2499.876,2025-05-10 00:55:00
2025-05-10 01:00:00,-2499.876,2025-05-10 01:00:00
2025-05-10 01:05:00,-2499.876,2025-05-10 01:05:00
2025-05-10 01:10:00,-2499.876,2025-05-10 01:10:00
2025-05-10 01:15:00,-2499.876,2025-05-10 01:15:00
2025-05-10 01:20:00,-2499.876,2025-05-10 01:20:00
2025-05-10 01:25:00,-2499.876,2025-05-10 01:25:00
2025-05-10 01:30:00,-2499.876,2025-05-10 01:30:00
2025-05-10 01:35:00,-2499.876,2025-05-10 01:35:00
2025-05-10 01:40:00,-2499.876,2025-05-10 01:40:00
2025-05-10 01:45:00,-2499.876,2025-05-10 01:45:00
2025-05-10 01:50:00,-2499.876,2025-05-10 01:50:00
2025-05-10 01:55:00,-2499.876,2025-05-10 01:55:00
2025-05-10 02:00:00,-2499.876,2025-05-10 02:00:00
2025-05-10 02:05:00,-2499.876,2025-05-10 02:05:00
2025-05-10 02:10:00,-2499.876,2025-05-10 02:10:00
2025-05-10 02:15:00,-2499.876,2025-05-10 02:15:00
2025-05-10 02:20:00,-2499.876,2025-05-10 02:20:00
2025-05-10 02:25:00,-2499.876,2025-05-10 02:25:00
2025-05-10 02:30:00,-2499.876,2025-05-10 02:30:00
2025-05-10 02:35:00,-2499.876,2025-05-10 02:35:00
2025-05-10 02:40:00,-2499.876,2025-05-10 02:40:00
2025-05-10 02:45:00,-2499.876,2025-05-10 02:45:00
2025-05-10 02:50:00,-2499.876,2025-05-10 02:50:00
2025-05-10 02:55:00,-2499.876,2025-05-10 02:55:00
2025-05-10 03:00:00,-2499.876,2025-05-10 03:00:00
2025-05-10 03:05:00,-2499.876,2025-05-10 03:05:00
2025-05-10 03:10:00,-2499.876,2025-05-10 03:10:00
2025-05-10 03:15:00,-2499.876,2025-05-10 03:15:00
2025-05-10 03:20:00,-2499.876,2025-05-10 03:20:00
2025-05-10 03:25:00,-2499.876,2025-05-10 03:25:00
2025-05-10 03:30:00,-2499.876,2025-05-10 03:30:00
2025-05-10 03:35:00,-2499.876,2025-05-10 03:35:00
2025-05-10 03:40:00,-2499.876,2025-05-10 03:40:00
2025-05-10 03:45:00,-2499.876,2025-05-10 03:45:00
2025-05-10 03:50:00,-2499.876,2025-05-10 03:50:00
2025-05-10 03:55:00,-2499.876,2025-05-10 03:55:00
2025-05-10 04:00:00,-2499.876,2025-05-10 04:00:00
2025-05-10 04:05:00,-2499.876,2025-05-10 04:05:00
2025-05-10 04:10:00,-2499.876,2025-05-10 04:10:00
2025-05-10 04:15:00,-2499.876,2025-05-10 04:15:00
2025-05-10 04:20:00,-2499.876,2025-05-10 04:20:00
2025-05-10 04:25:00,-2499.876,2025-05-10 04:25:00
2025-05-10 04:30:00,-2499.876,2025-05-10 04:30:00
2025-05-10 04:35:00,-2499.876,2025-05-10 04:35:00
2025-05-10 04:40:00,-2499.876,2025-05-10 04:40:00
2025-05-10 04:45:00,-2499.876,2025-05-10 04:45:00
2025-05-10 04:50:00,-2499.876,2025-05-10 04:50:00
2025-05-10 04:55:00,-2499.876,2025-05-10 04:55:00
2025-05-10 05:00:00,-2499.876,2025-05-10 05:00:00
2025-05-10 05:05:00,-2499.876,2025-05-10 05:05:00
2025-05-10 05:10:00,-2499.876,2025-05-10 05:10:00
2025-05-10 05:15:00,-2499.876,2025-05-10 05:15:00
2025-05-10 05:20:00,-2499.876,2025-05-10 05:20:00
2025-05-10 05:25:00,-2499.876,2025-05-10 05:25:00
2025-05-10 05:30:00,-2499.876,2025-05-10 05:30:00
2025-05-10 05:35:00,-2499.876,2025-05-10 05:35:00
2025-05-10 05:40:00,-2499.876,2025-05-10 05:40:00
2025-05-10 05:45:00,-2499.876,2025-05-10 05:45:00
2025-05-10 05:50:00,-2499.876,2025-05-10 05:50:00
2025-05-10 05:55:00,-2499.876,2025-05-10 05:55:00
2025-05-10 06:00:00,0.0,2025-05-10 06:00:00
2025-05-10 06:05:00,0.0,2025-05-10 06:05:00
2025-05-10 06:10:00,0.0,2025-05-10 06:10:00
2025-05-10 06:15:00,0.0,2025-05-10 06:15:00
2025-05-10 06:20:00,0.0,2025-05-10 06:20:00
2025-05-10 06:25:00,0.0,2025-05-10 06:25:00
2025-05-10 06:30:00,0.0,2025-05-10 06:30:00
2025-05-10 06:35:00,0.0,2025-05-10 06:35:00
2025-05-10 06:40:00,0.0,2025-05-10 06:40:00
2025-05-10 06:45:00,0.0,2025-05-10 06:45:00
2025-05-10 06:50:00,0.0,2025-05-10 06:50:00
2025-05-10 06:55:00,0.0,2025-05-10 06:55:00
2025-05-10 07:00:00,0.0,2025-05-10 07:00:00
2025-05-10 07:05:00,0.0,2025-05-10 07:05:00
2025-05-10 07:10:00,0.0,2025-05-10 07:10:00
2025-05-10 07:15:00,0.0,2025-05-10 07:15:00
2025-05-10 07:20:00,0.0,2025-05-10 07:20:00
2025-05-10 07:25:00,0.0,2025-05-10 07:25:00
2025-05-10 07:30:00,0.0,2025-05-10 07:30:00
2025-05-10 07:35:00,0.0,2025-05-10 07:35:00
2025-05-10 07:40:00,0.0,2025-05-10 07:40:00
2025-05-10 07:45:00,0.0,2025-05-10 07:45:00
2025-05-10 07:50:00,0.0,2025-05-10 07:50:00
2025-05-10 07:55:00,0.0,2025-05-10 07:55:00
2025-05-10 08:00:00,8919.998,2025-05-10 08:00:00
2025-05-10 08:05:00,8919.998,2025-05-10 08:05:00
2025-05-10 08:10:00,8919.998,2025-05-10 08:10:00
2025-05-10 08:15:00,8919.998,2025-05-10 08:15:00
2025-05-10 08:20:00,8919.998,2025-05-10 08:20:00
2025-05-10 08:25:00,8919.998,2025-05-10 08:25:00
2025-05-10 08:30:00,8919.998,2025-05-10 08:30:00
2025-05-10 08:35:00,8919.998,2025-05-10 08:35:00
2025-05-10 08:40:00,8919.997,2025-05-10 08:40:00
2025-05-10 08:45:00,8919.997,2025-05-10 08:45:00
2025-05-10 08:50:00,8919.997,2025-05-10 08:50:00
2025-05-10 08:55:00,8919.997,2025-05-10 08:55:00
2025-05-10 09:00:00,8919.996,2025-05-10 09:00:00
2025-05-10 09:05:00,8919.996,2025-05-10 09:05:00
2025-05-10 09:10:00,8919.995,2025-05-10 09:10:00
2025-05-10 09:15:00,8919.994,2025-05-10 09:15:00
2025-05-10 09:20:00,8919.992,2025-05-10 09:20:00
2025-05-10 09:25:00,8919.99,2025-05-10 09:25:00
2025-05-10 09:30:00,8919.984,2025-05-10 09:30:00
2025-05-10 09:35:00,8919.954,2025-05-10 09:35:00
2025-05-10 09:40:00,5130.783,2025-05-10 09:40:00
2025-05-10 09:45:00,0.1,2025-05-10 09:45:00
2025-05-10 09:50:00,0.0,2025-05-10 09:50:00
2025-05-10 09:55:00,0.0,2025-05-10 09:55:00
2025-05-10 10:00:00,0.0,2025-05-10 10:00:00
2025-05-10 10:05:00,0.0,2025-05-10 10:05:00
2025-05-10 10:10:00,0.0,2025-05-10 10:10:00
2025-05-10 10:15:00,0.0,2025-05-10 10:15:00
2025-05-10 10:20:00,0.0,2025-05-10 10:20:00
2025-05-10 10:25:00,0.0,2025-05-10 10:25:00
2025-05-10 10:30:00,0.0,2025-05-10 10:30:00
2025-05-10 10:35:00,0.0,2025-05-10 10:35:00
2025-05-10 10:40:00,0.0,2025-05-10 10:40:00
2025-05-10 10:45:00,0.0,2025-05-10 10:45:00
2025-05-10 10:50:00,0.0,2025-05-10 10:50:00
2025-05-10 10:55:00,0.0,2025-05-10 10:55:00
2025-05-10 11:00:00,-2499.876,2025-05-10 11:00:00
2025-05-10 11:05:00,-2499.876,2025-05-10 11:05:00
2025-05-10 11:10:00,-2499.876,2025-05-10 11:10:00
2025-05-10 11:15:00,-2499.876,2025-05-10 11:15:00
2025-05-10 11:20:00,-2499.876,2025-05-10 11:20:00
2025-05-10 11:25:00,-2499.876,2025-05-10 11:25:00
2025-05-10 11:30:00,-2499.876,2025-05-10 11:30:00
2025-05-10 11:35:00,-2499.876,2025-05-10 11:35:00
2025-05-10 11:40:00,-2499.876,2025-05-10 11:40:00
2025-05-10 11:45:00,-2499.876,2025-05-10 11:45:00
2025-05-10 11:50:00,-2499.876,2025-05-10 11:50:00
2025-05-10 11:55:00,-2499.876,2025-05-10 11:55:00
2025-05-10 12:00:00,-2499.876,2025-05-10 12:00:00
2025-05-10 12:05:00,-2499.876,2025-05-10 12:05:00
2025-05-10 12:10:00,-2499.876,2025-05-10 12:10:00
2025-05-10 12:15:00,-2499.876,2025-05-10 12:15:00
2025-05-10 12:20:00,-2499.876,2025-05-10 12:20:00
2025-05-10 12:25:00,-2499.876,2025-05-10 12:25:00
2025-05-10 12:30:00,-2499.876,2025-05-10 12:30:00
2025-05-10 12:35:00,-2499.876,2025-05-10 12:35:00
2025-05-10 12:40:00,-2499.876,2025-05-10 12:40:00
2025-05-10 12:45:00,-2499.876,2025-05-10 12:45:00
2025-05-10 12:50:00,-2499.876,2025-05-10 12:50:00
2025-05-10 12:55:00,-2499.876,2025-05-10 12:55:00
2025-05-10 13:00:00,-2499.876,2025-05-10 13:00:00
2025-05-10 13:05:00,-2499.876,2025-05-10 13:05:00
2025-05-10 13:10:00,-2499.876,2025-05-10 13:10:00
2025-05-10 13:15:00,-2499.876,2025-05-10 13:15:00
2025-05-10 13:20:00,-2499.876,2025-05-10 13:20:00
2025-05-10 13:25:00,-2499.876,2025-05-10 13:25:00
2025-05-10 13:30:00,-2499.876,2025-05-10 13:30:00
2025-05-10 13:35:00,-2499.876,2025-05-10 13:35:00
2025-05-10 13:40:00,-2499.876,2025-05-10 13:40:00
2025-05-10 13:45:00,-2499.876,2025-05-10 13:45:00
2025-05-10 13:50:00,-2499.876,2025-05-10 13:50:00
2025-05-10 13:55:00,-2499.876,2025-05-10 13:55:00
2025-05-10 14:00:00,-2499.876,2025-05-10 14:00:00
2025-05-10 14:05:00,-2499.876,2025-05-10 14:05:00
2025-05-10 14:10:00,-2499.876,2025-05-10 14:10:00
2025-05-10 14:15:00,-2499.876,2025-05-10 14:15:00
2025-05-10 14:20:00,-2499.876,2025-05-10 14:20:00
2025-05-10 14:25:00,-2499.876,2025-05-10 14:25:00
2025-05-10 14:30:00,-2499.876,2025-05-10 14:30:00
2025-05-10 14:35:00,-2499.876,2025-05-10 14:35:00
2025-05-10 14:40:00,-2499.876,2025-05-10 14:40:00
2025-05-10 14:45:00,-2499.876,2025-05-10 14:45:00
2025-05-10 14:50:00,-2499.876,2025-05-10 14:50:00
2025-05-10 14:55:00,-2499.876,2025-05-10 14:55:00
2025-05-10 15:00:00,-2499.876,2025-05-10 15:00:00
2025-05-10 15:05:00,-2499.876,2025-05-10 15:05:00
2025-05-10 15:10:00,-2499.876,2025-05-10 15:10:00
2025-05-10 15:15:00,-2499.876,2025-05-10 15:15:00
2025-05-10 15:20:00,-2499.876,2025-05-10 15:20:00
2025-05-10 15:25:00,-2499.876,2025-05-10 15:25:00
2025-05-10 15:30:00,-2499.876,2025-05-10 15:30:00
2025-05-10 15:35:00,-2499.876,2025-05-10 15:35:00
2025-05-10 15:40:00,-2499.876,2025-05-10 15:40:00
2025-05-10 15:45:00,-2499.876,2025-05-10 15:45:00
2025-05-10 15:50:00,-2499.876,2025-05-10 15:50:00
2025-05-10 15:55:00,-2499.876,2025-05-10 15:55:00
2025-05-10 16:00:00,-2499.876,2025-05-10 16:00:00
2025-05-10 16:05:00,-2499.876,2025-05-10 16:05:00
2025-05-10 16:10:00,-2499.876,2025-05-10 16:10:00
2025-05-10 16:15:00,-2499.876,2025-05-10 16:15:00
2025-05-10 16:20:00,-2499.876,2025-05-10 16:20:00
2025-05-10 16:25:00,-2499.876,2025-05-10 16:25:00
2025-05-10 16:30:00,-2499.876,2025-05-10 16:30:00
2025-05-10 16:35:00,-2499.876,2025-05-10 16:35:00
2025-05-10 16:40:00,-2499.876,2025-05-10 16:40:00
2025-05-10 16:45:00,-2499.876,2025-05-10 16:45:00
2025-05-10 16:50:00,-2499.876,2025-05-10 16:50:00
2025-05-10 16:55:00,-2499.876,2025-05-10 16:55:00
2025-05-10 17:00:00,-2499.876,2025-05-10 17:00:00
2025-05-10 17:05:00,-2499.876,2025-05-10 17:05:00
2025-05-10 17:10:00,-2499.876,2025-05-10 17:10:00
2025-05-10 17:15:00,-2499.876,2025-05-10 17:15:00
2025-05-10 17:20:00,-2499.876,2025-05-10 17:20:00
2025-05-10 17:25:00,-2499.876,2025-05-10 17:25:00
2025-05-10 17:30:00,-2499.876,2025-05-10 17:30:00
2025-05-10 17:35:00,-2499.876,2025-05-10 17:35:00
2025-05-10 17:40:00,-2499.876,2025-05-10 17:40:00
2025-05-10 17:45:00,-2499.876,2025-05-10 17:45:00
2025-05-10 17:50:00,-2499.876,2025-05-10 17:50:00
2025-05-10 17:55:00,-2499.876,2025-05-10 17:55:00
2025-05-10 18:00:00,8919.998,2025-05-10 18:00:00
2025-05-10 18:05:00,8919.998,2025-05-10 18:05:00
2025-05-10 18:10:00,8919.998,2025-05-10 18:10:00
2025-05-10 18:15:00,8919.998,2025-05-10 18:15:00
2025-05-10 18:20:00,8919.998,2025-05-10 18:20:00
2025-05-10 18:25:00,8919.998,2025-05-10 18:25:00
2025-05-10 18:30:00,8919.998,2025-05-10 18:30:00
2025-05-10 18:35:00,8919.998,2025-05-10 18:35:00
2025-05-10 18:40:00,8919.997,2025-05-10 18:40:00
2025-05-10 18:45:00,8919.997,2025-05-10 18:45:00
2025-05-10 18:50:00,8919.997,2025-05-10 18:50:00
2025-05-10 18:55:00,8919.997,2025-05-10 18:55:00
2025-05-10 19:00:00,8919.996,2025-05-10 19:00:00
2025-05-10 19:05:00,8919.996,2025-05-10 19:05:00
2025-05-10 19:10:00,8919.995,2025-05-10 19:10:00
2025-05-10 19:15:00,8919.994,2025-05-10 19:15:00
2025-05-10 19:20:00,8919.992,2025-05-10 19:20:00
2025-05-10 19:25:00,8919.99,2025-05-10 19:25:00
2025-05-10 19:30:00,8919.984,2025-05-10 19:30:00
2025-05-10 19:35:00,8919.956,2025-05-10 19:35:00
2025-05-10 19:40:00,5130.779,2025-05-10 19:40:00
2025-05-10 19:45:00,0.101,2025-05-10 19:45:00
2025-05-10 19:50:00,0.0,2025-05-10 19:50:00
2025-05-10 19:55:00,0.0,2025-05-10 19:55:00
2025-05-10 20:00:00,0.0,2025-05-10 20:00:00
2025-05-10 20:05:00,0.0,2025-05-10 20:05:00
2025-05-10 20:10:00,0.0,2025-05-10 20:10:00
2025-05-10 20:15:00,0.0,2025-05-10 20:15:00
2025-05-10 20:20:00,0.0,2025-05-10 20:20:00
2025-05-10 20:25:00,0.0,2025-05-10 20:25:00
2025-05-10 20:30:00,0.0,2025-05-10 20:30:00
2025-05-10 20:35:00,0.0,2025-05-10 20:35:00
2025-05-10 20:40:00,0.0,2025-05-10 20:40:00
2025-05-10 20:45:00,0.0,2025-05-10 20:45:00
2025-05-10 20:50:00,0.0,2025-05-10 20:50:00
2025-05-10 20:55:00,0.0,2025-05-10 20:55:00
2025-05-10 21:00:00,0.0,2025-05-10 21:00:00
2025-05-10 21:05:00,0.0,2025-05-10 21:05:00
2025-05-10 21:10:00,0.0,2025-05-10 21:10:00
2025-05-10 21:15:00,0.0,2025-05-10 21:15:00
2025-05-10 21:20:00,0.0,2025-05-10 21:20:00
2025-05-10 21:25:00,0.0,2025-05-10 21:25:00
2025-05-10 21:30:00,0.0,2025-05-10 21:30:00
2025-05-10 21:35:00,0.0,2025-05-10 21:35:00
2025-05-10 21:40:00,0.0,2025-05-10 21:40:00
2025-05-10 21:45:00,0.0,2025-05-10 21:45:00
2025-05-10 21:50:00,0.0,2025-05-10 21:50:00
2025-05-10 21:55:00,0.0,2025-05-10 21:55:00
2025-05-10 22:00:00,-2187.533,2025-05-10 22:00:00
2025-05-10 22:05:00,-2187.59,2025-05-10 22:05:00
2025-05-10 22:10:00,-2187.611,2025-05-10 22:10:00
2025-05-10 22:15:00,-2187.62,2025-05-10 22:15:00
2025-05-10 22:20:00,-2187.623,2025-05-10 22:20:00
2025-05-10 22:25:00,-2187.623,2025-05-10 22:25:00
2025-05-10 22:30:00,-2187.621,2025-05-10 22:30:00
2025-05-10 22:35:00,-2187.618,2025-05-10 22:35:00
2025-05-10 22:40:00,-2187.615,2025-05-10 22:40:00
2025-05-10 22:45:00,-2187.61,2025-05-10 22:45:00
2025-05-10 22:50:00,-2187.604,2025-05-10 22:50:00
2025-05-10 22:55:00,-2187.598,2025-05-10 22:55:00
2025-05-10 23:00:00,-2187.591,2025-05-10 23:00:00
2025-05-10 23:05:00,-2187.584,2025-05-10 23:05:00
2025-05-10 23:10:00,-2187.575,2025-05-10 23:10:00
2025-05-10 23:15:00,-2187.567,2025-05-10 23:15:00
2025-05-10 23:20:00,-2187.558,2025-05-10 23:20:00
2025-05-10 23:25:00,-2187.548,2025-05-10 23:25:00
2025-05-10 23:30:00,-2187.538,2025-05-10 23:30:00
2025-05-10 23:35:00,-2187.528,2025-05-10 23:35:00
2025-05-10 23:40:00,-2187.517,2025-05-10 23:40:00
2025-05-10 23:45:00,-2187.506,2025-05-10 23:45:00
2025-05-10 23:50:00,-2187.495,2025-05-10 23:50:00
2025-05-10 23:55:00,-2187.484,2025-05-10 23:55:00
2025-05-11 00:00:00,-2187.472,2025-05-11 00:00:00
2025-05-11 00:05:00,-2187.46,2025-05-11 00:05:00
2025-05-11 00:10:00,-2187.449,2025-05-11 00:10:00
2025-05-11 00:15:00,-2187.437,2025-05-11 00:15:00
2025-05-11 00:20:00,-2187.425,2025-05-11 00:20:00
2025-05-11 00:25:00,-2187.413,2025-05-11 00:25:00
2025-05-11 00:30:00,-2187.402,2025-05-11 00:30:00
2025-05-11 00:35:00,-2187.39,2025-05-11 00:35:00
2025-05-11 00:40:00,-2187.379,2025-05-11 00:40:00
2025-05-11 00:45:00,-2187.368,2025-05-11 00:45:00
2025-05-11 00:50:00,-2187.357,2025-05-11 00:50:00
2025-05-11 00:55:00,-2187.346,2025-05-11 00:55:00
2025-05-11 01:00:00,-2187.335,2025-05-11 01:00:00
2025-05-11 01:05:00,-2187.325,2025-05-11 01:05:00
2025-05-11 01:10:00,-2187.315,2025-05-11 01:10:00
2025-05-11 01:15:00,-2187.306,2025-05-11 01:15:00
2025-05-11 01:20:00,-2187.297,2025-05-11 01:20:00
2025-05-11 01:25:00,-2187.288,2025-05-11 01:25:00
2025-05-11 01:30:00,-2187.28,2025-05-11 01:30:00
2025-05-11 01:35:00,-2187.272,2025-05-11 01:35:00
2025-05-11 01:40:00,-2187.265,2025-05-11 01:40:00
2025-05-11 01:45:00,-2187.258,2025-05-11 01:45:00
2025-05-11 01:50:00,-2187.252,2025-05-11 01:50:00
2025-05-11 01:55:00,-2187.246,2025-05-11 01:55:00
2025-05-11 02:00:00,-2187.241,2025-05-11 02:00:00
2025-05-11 02:05:00,-2187.236,2025-05-11 02:05:00
2025-05-11 02:10:00,-2187.232,2025-05-11 02:10:00
2025-05-11 02:15:00,-2187.229,2025-05-11 02:15:00
2025-05-11 02:20:00,-2187.226,2025-05-11 02:20:00
2025-05-11 02:25:00,-2187.223,2025-05-11 02:25:00
2025-05-11 02:30:00,-2187.222,2025-05-11 02:30:00
2025-05-11 02:35:00,-2187.22,2025-05-11 02:35:00
2025-05-11 02:40:00,-2187.22,2025-05-11 02:40:00
2025-05-11 02:45:00,-2187.22,2025-05-11 02:45:00
2025-05-11 02:50:00,-2187.22,2025-05-11 02:50:00
2025-05-11 02:55:00,-2187.221,2025-05-11 02:55:00
2025-05-11 03:00:00,-2187.223,2025-05-11 03:00:00
2025-05-11 03:05:00,-2187.225,2025-05-11 03:05:00
2025-05-11 03:10:00,-2187.227,2025-05-11 03:10:00
2025-05-11 03:15:00,-2187.231,2025-05-11 03:15:00
2025-05-11 03:20:00,-2187.234,2025-05-11 03:20:00
2025-05-11 03:25:00,-2187.239,2025-05-11 03:25:00
2025-05-11 03:30:00,-2187.243,2025-05-11 03:30:00
2025-05-11 03:35:00,-2187.249,2025-05-11 03:35:00
2025-05-11 03:40:00,-2187.255,2025-05-11 03:40:00
2025-05-11 03:45:00,-2187.261,2025-05-11 03:45:00
2025-05-11 03:50:00,-2187.268,2025-05-11 03:50:00
2025-05-11 03:55:00,-2187.275,2025-05-11 03:55:00
2025-05-11 04:00:00,-2187.283,2025-05-11 04:00:00
2025-05-11 04:05:00,-2187.291,2025-05-11 04:05:00
2025-05-11 04:10:00,-2187.299,2025-05-11 04:10:00
2025-05-11 04:15:00,-2187.308,2025-05-11 04:15:00
2025-05-11 04:20:00,-2187.318,2025-05-11 04:20:00
2025-05-11 04:25:00,-2187.328,2025-05-11 04:25:00
2025-05-11 04:30:00,-2187.338,2025-05-11 04:30:00
2025-05-11 04:35:00,-2187.349,2025-05-11 04:35:00
2025-05-11 04:40:00,-2187.36,2025-05-11 04:40:00
2025-05-11 04:45:00,-2187.371,2025-05-11 04:45:00
2025-05-11 04:50:00,-2187.383,2025-05-11 04:50:00
2025-05-11 04:55:00,-2187.396,2025-05-11 04:55:00
2025-05-11 05:00:00,-2187.409,2025-05-11 05:00:00
2025-05-11 05:05:00,-2187.422,2025-05-11 05:05:00
2025-05-11 05:10:00,-2187.436,2025-05-11 05:10:00
2025-05-11 05:15:00,-2187.45,2025-05-11 05:15:00
2025-05-11 05:20:00,-2187.465,2025-05-11 05:20:00
2025-05-11 05:25:00,-2187.48,2025-05-11 05:25:00
2025-05-11 05:30:00,-2187.496,2025-05-11 05:30:00
2025-05-11 05:35:00,-2187.513,2025-05-11 05:35:00
2025-05-11 05:40:00,-2187.529,2025-05-11 05:40:00
2025-05-11 05:45:00,-2187.544,2025-05-11 05:45:00
2025-05-11 05:50:00,-2187.551,2025-05-11 05:50:00
2025-05-11 05:55:00,-2187.516,2025-05-11 05:55:00
2025-05-11 06:00:00,0.0,2025-05-11 06:00:00
2025-05-11 06:05:00,0.0,2025-05-11 06:05:00
2025-05-11 06:10:00,0.0,2025-05-11 06:10:00
2025-05-11 06:15:00,0.0,2025-05-11 06:15:00
2025-05-11 06:20:00,0.0,2025-05-11 06:20:00
2025-05-11 06:25:00,0.0,2025-05-11 06:25:00
2025-05-11 06:30:00,0.0,2025-05-11 06:30:00
2025-05-11 06:35:00,0.0,2025-05-11 06:35:00
2025-05-11 06:40:00,0.0,2025-05-11 06:40:00
2025-05-11 06:45:00,0.0,2025-05-11 06:45:00
2025-05-11 06:50:00,0.0,2025-05-11 06:50:00
2025-05-11 06:55:00,0.0,2025-05-11 06:55:00
2025-05-11 07:00:00,0.0,2025-05-11 07:00:00
2025-05-11 07:05:00,0.0,2025-05-11 07:05:00
2025-05-11 07:10:00,0.0,2025-05-11 07:10:00
2025-05-11 07:15:00,0.0,2025-05-11 07:15:00
2025-05-11 07:20:00,0.0,2025-05-11 07:20:00
2025-05-11 07:25:00,0.0,2025-05-11 07:25:00
2025-05-11 07:30:00,0.0,2025-05-11 07:30:00
2025-05-11 07:35:00,0.0,2025-05-11 07:35:00
2025-05-11 07:40:00,0.0,2025-05-11 07:40:00
2025-05-11 07:45:00,0.0,2025-05-11 07:45:00
2025-05-11 07:50:00,0.0,2025-05-11 07:50:00
2025-05-11 07:55:00,0.0,2025-05-11 07:55:00
2025-05-11 08:00:00,8919.999,2025-05-11 08:00:00
2025-05-11 08:05:00,8919.999,2025-05-11 08:05:00
2025-05-11 08:10:00,8919.999,2025-05-11 08:10:00
2025-05-11 08:15:00,8919.999,2025-05-11 08:15:00
2025-05-11 08:20:00,8919.999,2025-05-11 08:20:00
2025-05-11 08:25:00,8919.999,2025-05-11 08:25:00
2025-05-11 08:30:00,8919.998,2025-05-11 08:30:00
2025-05-11 08:35:00,8919.998,2025-05-11 08:35:00
2025-05-11 08:40:00,8919.998,2025-05-11 08:40:00
2025-05-11 08:45:00,8919.998,2025-05-11 08:45:00
2025-05-11 08:50:00,8919.998,2025-05-11 08:50:00
2025-05-11 08:55:00,8919.998,2025-05-11 08:55:00
2025-05-11 09:00:00,8919.997,2025-05-11 09:00:00
2025-05-11 09:05:00,8919.997,2025-05-11 09:05:00
2025-05-11 09:10:00,8919.996,2025-05-11 09:10:00
2025-05-11 09:15:00,8919.996,2025-05-11 09:15:00
2025-05-11 09:20:00,8919.995,2025-05-11 09:20:00
2025-05-11 09:25:00,8919.993,2025-05-11 09:25:00
2025-05-11 09:30:00,8919.989,2025-05-11 09:30:00
2025-05-11 09:35:00,8919.975,2025-05-11 09:35:00
2025-05-11 09:40:00,5130.847,2025-05-11 09:40:00
2025-05-11 09:45:00,0.0,2025-05-11 09:45:00
2025-05-11 09:50:00,0.0,2025-05-11 09:50:00
2025-05-11 09:55:00,0.0,2025-05-11 09:55:00
2025-05-11 10:00:00,0.0,2025-05-11 10:00:00
2025-05-11 10:05:00,0.0,2025-05-11 10:05:00
2025-05-11 10:10:00,0.0,2025-05-11 10:10:00
2025-05-11 10:15:00,0.0,2025-05-11 10:15:00
2025-05-11 10:20:00,0.0,2025-05-11 10:20:00
2025-05-11 10:25:00,0.0,2025-05-11 10:25:00
2025-05-11 10:30:00,0.0,2025-05-11 10:30:00
2025-05-11 10:35:00,0.0,2025-05-11 10:35:00
2025-05-11 10:40:00,0.0,2025-05-11 10:40:00
2025-05-11 10:45:00,0.0,2025-05-11 10:45:00
2025-05-11 10:50:00,0.0,2025-05-11 10:50:00
2025-05-11 10:55:00,0.0,2025-05-11 10:55:00
2025-05-11 11:00:00,-2499.876,2025-05-11 11:00:00
2025-05-11 11:05:00,-2499.876,2025-05-11 11:05:00
2025-05-11 11:10:00,-2499.876,2025-05-11 11:10:00
2025-05-11 11:15:00,-2499.876,2025-05-11 11:15:00
2025-05-11 11:20:00,-2499.876,2025-05-11 11:20:00
2025-05-11 11:25:00,-2499.876,2025-05-11 11:25:00
2025-05-11 11:30:00,-2499.876,2025-05-11 11:30:00
2025-05-11 11:35:00,-2499.876,2025-05-11 11:35:00
2025-05-11 11:40:00,-2499.876,2025-05-11 11:40:00
2025-05-11 11:45:00,-2499.876,2025-05-11 11:45:00
2025-05-11 11:50:00,-2499.876,2025-05-11 11:50:00
2025-05-11 11:55:00,-2499.876,2025-05-11 11:55:00
2025-05-11 12:00:00,-2499.876,2025-05-11 12:00:00
2025-05-11 12:05:00,-2499.876,2025-05-11 12:05:00
2025-05-11 12:10:00,-2499.876,2025-05-11 12:10:00
2025-05-11 12:15:00,-2499.876,2025-05-11 12:15:00
2025-05-11 12:20:00,-2499.876,2025-05-11 12:20:00
2025-05-11 12:25:00,-2499.876,2025-05-11 12:25:00
2025-05-11 12:30:00,-2499.876,2025-05-11 12:30:00
2025-05-11 12:35:00,-2499.876,2025-05-11 12:35:00
2025-05-11 12:40:00,-2499.876,2025-05-11 12:40:00
2025-05-11 12:45:00,-2499.876,2025-05-11 12:45:00
2025-05-11 12:50:00,-2499.876,2025-05-11 12:50:00
2025-05-11 12:55:00,-2499.876,2025-05-11 12:55:00
2025-05-11 13:00:00,-2499.876,2025-05-11 13:00:00
2025-05-11 13:05:00,-2499.876,2025-05-11 13:05:00
2025-05-11 13:10:00,-2499.876,2025-05-11 13:10:00
2025-05-11 13:15:00,-2499.876,2025-05-11 13:15:00
2025-05-11 13:20:00,-2499.876,2025-05-11 13:20:00
2025-05-11 13:25:00,-2499.876,2025-05-11 13:25:00
2025-05-11 13:30:00,-2499.876,2025-05-11 13:30:00
2025-05-11 13:35:00,-2499.876,2025-05-11 13:35:00
2025-05-11 13:40:00,-2499.876,2025-05-11 13:40:00
2025-05-11 13:45:00,-2499.876,2025-05-11 13:45:00
2025-05-11 13:50:00,-2499.876,2025-05-11 13:50:00
2025-05-11 13:55:00,-2499.876,2025-05-11 13:55:00
2025-05-11 14:00:00,-2499.876,2025-05-11 14:00:00
2025-05-11 14:05:00,-2499.876,2025-05-11 14:05:00
2025-05-11 14:10:00,-2499.876,2025-05-11 14:10:00
2025-05-11 14:15:00,-2499.876,2025-05-11 14:15:00
2025-05-11 14:20:00,-2499.876,2025-05-11 14:20:00
2025-05-11 14:25:00,-2499.876,2025-05-11 14:25:00
2025-05-11 14:30:00,-2499.876,2025-05-11 14:30:00
2025-05-11 14:35:00,-2499.876,2025-05-11 14:35:00
2025-05-11 14:40:00,-2499.876,2025-05-11 14:40:00
2025-05-11 14:45:00,-2499.876,2025-05-11 14:45:00
2025-05-11 14:50:00,-2499.876,2025-05-11 14:50:00
2025-05-11 14:55:00,-2499.876,2025-05-11 14:55:00
2025-05-11 15:00:00,-2499.876,2025-05-11 15:00:00
2025-05-11 15:05:00,-2499.876,2025-05-11 15:05:00
2025-05-11 15:10:00,-2499.876,2025-05-11 15:10:00
2025-05-11 15:15:00,-2499.876,2025-05-11 15:15:00
2025-05-11 15:20:00,-2499.876,2025-05-11 15:20:00
2025-05-11 15:25:00,-2499.876,2025-05-11 15:25:00
2025-05-11 15:30:00,-2499.876,2025-05-11 15:30:00
2025-05-11 15:35:00,-2499.876,2025-05-11 15:35:00
2025-05-11 15:40:00,-2499.876,2025-05-11 15:40:00
2025-05-11 15:45:00,-2499.876,2025-05-11 15:45:00
2025-05-11 15:50:00,-2499.876,2025-05-11 15:50:00
2025-05-11 15:55:00,-2499.876,2025-05-11 15:55:00
2025-05-11 16:00:00,-2499.876,2025-05-11 16:00:00
2025-05-11 16:05:00,-2499.876,2025-05-11 16:05:00
2025-05-11 16:10:00,-2499.876,2025-05-11 16:10:00
2025-05-11 16:15:00,-2499.876,2025-05-11 16:15:00
2025-05-11 16:20:00,-2499.876,2025-05-11 16:20:00
2025-05-11 16:25:00,-2499.876,2025-05-11 16:25:00
2025-05-11 16:30:00,-2499.876,2025-05-11 16:30:00
2025-05-11 16:35:00,-2499.876,2025-05-11 16:35:00
2025-05-11 16:40:00,-2499.876,2025-05-11 16:40:00
2025-05-11 16:45:00,-2499.876,2025-05-11 16:45:00
2025-05-11 16:50:00,-2499.876,2025-05-11 16:50:00
2025-05-11 16:55:00,-2499.876,2025-05-11 16:55:00
2025-05-11 17:00:00,-2499.876,2025-05-11 17:00:00
2025-05-11 17:05:00,-2499.876,2025-05-11 17:05:00
2025-05-11 17:10:00,-2499.876,2025-05-11 17:10:00
2025-05-11 17:15:00,-2499.876,2025-05-11 17:15:00
2025-05-11 17:20:00,-2499.876,2025-05-11 17:20:00
2025-05-11 17:25:00,-2499.876,2025-05-11 17:25:00
2025-05-11 17:30:00,-2499.876,2025-05-11 17:30:00
2025-05-11 17:35:00,-2499.876,2025-05-11 17:35:00
2025-05-11 17:40:00,-2499.876,2025-05-11 17:40:00
2025-05-11 17:45:00,-2499.876,2025-05-11 17:45:00
2025-05-11 17:50:00,-2499.876,2025-05-11 17:50:00
2025-05-11 17:55:00,-2499.876,2025-05-11 17:55:00
2025-05-11 18:00:00,8919.999,2025-05-11 18:00:00
2025-05-11 18:05:00,8919.999,2025-05-11 18:05:00
2025-05-11 18:10:00,8919.999,2025-05-11 18:10:00
2025-05-11 18:15:00,8919.999,2025-05-11 18:15:00
2025-05-11 18:20:00,8919.999,2025-05-11 18:20:00
2025-05-11 18:25:00,8919.999,2025-05-11 18:25:00
2025-05-11 18:30:00,8919.998,2025-05-11 18:30:00
2025-05-11 18:35:00,8919.998,2025-05-11 18:35:00
2025-05-11 18:40:00,8919.998,2025-05-11 18:40:00
2025-05-11 18:45:00,8919.998,2025-05-11 18:45:00
2025-05-11 18:50:00,8919.998,2025-05-11 18:50:00
2025-05-11 18:55:00,8919.998,2025-05-11 18:55:00
2025-05-11 19:00:00,8919.997,2025-05-11 19:00:00
2025-05-11 19:05:00,8919.997,2025-05-11 19:05:00
2025-05-11 19:10:00,8919.996,2025-05-11 19:10:00
2025-05-11 19:15:00,8919.996,2025-05-11 19:15:00
2025-05-11 19:20:00,8919.995,2025-05-11 19:20:00
2025-05-11 19:25:00,8919.993,2025-05-11 19:25:00
2025-05-11 19:30:00,8919.989,2025-05-11 19:30:00
2025-05-11 19:35:00,8919.976,2025-05-11 19:35:00
2025-05-11 19:40:00,5130.846,2025-05-11 19:40:00
2025-05-11 19:45:00,0.0,2025-05-11 19:45:00
2025-05-11 19:50:00,0.0,2025-05-11 19:50:00
2025-05-11 19:55:00,0.0,2025-05-11 19:55:00
2025-05-11 20:00:00,0.0,2025-05-11 20:00:00
2025-05-11 20:05:00,0.0,2025-05-11 20:05:00
2025-05-11 20:10:00,0.0,2025-05-11 20:10:00
2025-05-11 20:15:00,0.0,2025-05-11 20:15:00
2025-05-11 20:20:00,0.0,2025-05-11 20:20:00
2025-05-11 20:25:00,0.0,2025-05-11 20:25:00
2025-05-11 20:30:00,0.0,2025-05-11 20:30:00
2025-05-11 20:35:00,0.0,2025-05-11 20:35:00
2025-05-11 20:40:00,0.0,2025-05-11 20:40:00
2025-05-11 20:45:00,0.0,2025-05-11 20:45:00
2025-05-11 20:50:00,0.0,2025-05-11 20:50:00
2025-05-11 20:55:00,0.0,2025-05-11 20:55:00
2025-05-11 21:00:00,0.0,2025-05-11 21:00:00
2025-05-11 21:05:00,0.0,2025-05-11 21:05:00
2025-05-11 21:10:00,0.0,2025-05-11 21:10:00
2025-05-11 21:15:00,0.0,2025-05-11 21:15:00
2025-05-11 21:20:00,0.0,2025-05-11 21:20:00
2025-05-11 21:25:00,0.0,2025-05-11 21:25:00
2025-05-11 21:30:00,0.0,2025-05-11 21:30:00
2025-05-11 21:35:00,0.0,2025-05-11 21:35:00
2025-05-11 21:40:00,0.0,2025-05-11 21:40:00
2025-05-11 21:45:00,0.0,2025-05-11 21:45:00
2025-05-11 21:50:00,0.0,2025-05-11 21:50:00
2025-05-11 21:55:00,0.0,2025-05-11 21:55:00
2025-05-11 22:00:00,-2499.876,2025-05-11 22:00:00
2025-05-11 22:05:00,-2499.876,2025-05-11 22:05:00
2025-05-11 22:10:00,-2499.876,2025-05-11 22:10:00
2025-05-11 22:15:00,-2499.876,2025-05-11 22:15:00
2025-05-11 22:20:00,-2499.876,2025-05-11 22:20:00
2025-05-11 22:25:00,-2499.876,2025-05-11 22:25:00
2025-05-11 22:30:00,-2499.876,2025-05-11 22:30:00
2025-05-11 22:35:00,-2499.876,2025-05-11 22:35:00
2025-05-11 22:40:00,-2499.876,2025-05-11 22:40:00
2025-05-11 22:45:00,-2499.876,2025-05-11 22:45:00
2025-05-11 22:50:00,-2499.876,2025-05-11 22:50:00
2025-05-11 22:55:00,-2499.876,2025-05-11 22:55:00
2025-05-11 23:00:00,-2499.876,2025-05-11 23:00:00
2025-05-11 23:05:00,-2499.876,2025-05-11 23:05:00
2025-05-11 23:10:00,-2499.876,2025-05-11 23:10:00
2025-05-11 23:15:00,-2499.876,2025-05-11 23:15:00
2025-05-11 23:20:00,-2499.876,2025-05-11 23:20:00
2025-05-11 23:25:00,-2499.876,2025-05-11 23:25:00
2025-05-11 23:30:00,-2499.876,2025-05-11 23:30:00
2025-05-11 23:35:00,-2499.876,2025-05-11 23:35:00
2025-05-11 23:40:00,-2499.876,2025-05-11 23:40:00
2025-05-11 23:45:00,-2499.876,2025-05-11 23:45:00
2025-05-11 23:50:00,-2499.876,2025-05-11 23:50:00
2025-05-11 23:55:00,-2499.876,2025-05-11 23:55:00
2025-05-12 00:00:00,-2083.496,2025-05-12 00:00:00
2025-05-12 00:05:00,-2083.501,2025-05-12 00:05:00
2025-05-12 00:10:00,-2083.505,2025-05-12 00:10:00
2025-05-12 00:15:00,-2083.508,2025-05-12 00:15:00
2025-05-12 00:20:00,-2083.511,2025-05-12 00:20:00
2025-05-12 00:25:00,-2083.513,2025-05-12 00:25:00
2025-05-12 00:30:00,-2083.514,2025-05-12 00:30:00
2025-05-12 00:35:00,-2083.514,2025-05-12 00:35:00
2025-05-12 00:40:00,-2083.514,2025-05-12 00:40:00
2025-05-12 00:45:00,-2083.514,2025-05-12 00:45:00
2025-05-12 00:50:00,-2083.512,2025-05-12 00:50:00
2025-05-12 00:55:00,-2083.511,2025-05-12 00:55:00
2025-05-12 01:00:00,-2083.509,2025-05-12 01:00:00
2025-05-12 01:05:00,-2083.506,2025-05-12 01:05:00
2025-05-12 01:10:00,-2083.503,2025-05-12 01:10:00
2025-05-12 01:15:00,-2083.5,2025-05-12 01:15:00
2025-05-12 01:20:00,-2083.496,2025-05-12 01:20:00
2025-05-12 01:25:00,-2083.493,2025-05-12 01:25:00
2025-05-12 01:30:00,-2083.488,2025-05-12 01:30:00
2025-05-12 01:35:00,-2083.484,2025-05-12 01:35:00
2025-05-12 01:40:00,-2083.479,2025-05-12 01:40:00
2025-05-12 01:45:00,-2083.474,2025-05-12 01:45:00
2025-05-12 01:50:00,-2083.468,2025-05-12 01:50:00
2025-05-12 01:55:00,-2083.462,2025-05-12 01:55:00
2025-05-12 02:00:00,-2083.456,2025-05-12 02:00:00
2025-05-12 02:05:00,-2083.45,2025-05-12 02:05:00
2025-05-12 02:10:00,-2083.443,2025-05-12 02:10:00
2025-05-12 02:15:00,-2083.437,2025-05-12 02:15:00
2025-05-12 02:20:00,-2083.43,2025-05-12 02:20:00
2025-05-12 02:25:00,-2083.422,2025-05-12 02:25:00
2025-05-12 02:30:00,-2083.415,2025-05-12 02:30:00
2025-05-12 02:35:00,-2083.407,2025-05-12 02:35:00
2025-05-12 02:40:00,-2083.399,2025-05-12 02:40:00
2025-05-12 02:45:00,-2083.39,2025-05-12 02:45:00
2025-05-12 02:50:00,-2083.381,2025-05-12 02:50:00
2025-05-12 02:55:00,-2083.372,2025-05-12 02:55:00
2025-05-12 03:00:00,-2083.363,2025-05-12 03:00:00
2025-05-12 03:05:00,-2083.353,2025-05-12 03:05:00
2025-05-12 03:10:00,-2083.343,2025-05-12 03:10:00
2025-05-12 03:15:00,-2083.332,2025-05-12 03:15:00
2025-05-12 03:20:00,-2083.321,2025-05-12 03:20:00
2025-05-12 03:25:00,-2083.31,2025-05-12 03:25:00
2025-05-12 03:30:00,-2083.298,2025-05-12 03:30:00
2025-05-12 03:35:00,-2083.285,2025-05-12 03:35:00
2025-05-12 03:40:00,-2083.272,2025-05-12 03:40:00
2025-05-12 03:45:00,-2083.258,2025-05-12 03:45:00
2025-05-12 03:50:00,-2083.244,2025-05-12 03:50:00
2025-05-12 03:55:00,-2083.229,2025-05-12 03:55:00
2025-05-12 04:00:00,-2083.213,2025-05-12 04:00:00
2025-05-12 04:05:00,-2083.197,2025-05-12 04:05:00
2025-05-12 04:10:00,-2083.179,2025-05-12 04:10:00
2025-05-12 04:15:00,-2083.161,2025-05-12 04:15:00
2025-05-12 04:20:00,-2083.141,2025-05-12 04:20:00
2025-05-12 04:25:00,-2083.121,2025-05-12 04:25:00
2025-05-12 04:30:00,-2083.099,2025-05-12 04:30:00
2025-05-12 04:35:00,-2083.076,2025-05-12 04:35:00
2025-05-12 04:40:00,-2083.051,2025-05-12 04:40:00
2025-05-12 04:45:00,-2083.025,2025-05-12 04:45:00
2025-05-12 04:50:00,-2082.996,2025-05-12 04:50:00
2025-05-12 04:55:00,-2082.965,2025-05-12 04:55:00
2025-05-12 05:00:00,-2082.932,2025-05-12 05:00:00
2025-05-12 05:05:00,-2082.896,2025-05-12 05:05:00
2025-05-12 05:10:00,-2082.855,2025-05-12 05:10:00
2025-05-12 05:15:00,-2082.811,2025-05-12 05:15:00
2025-05-12 05:20:00,-2082.76,2025-05-12 05:20:00
2025-05-12 05:25:00,-2082.703,2025-05-12 05:25:00
2025-05-12 05:30:00,-2082.635,2025-05-12 05:30:00
2025-05-12 05:35:00,-2082.554,2025-05-12 05:35:00
2025-05-12 05:40:00,-2082.453,2025-05-12 05:40:00
2025-05-12 05:45:00,-2082.317,2025-05-12 05:45:00
2025-05-12 05:50:00,-2082.114,2025-05-12 05:50:00
2025-05-12 05:55:00,-2081.709,2025-05-12 05:55:00
2025-05-12 06:00:00,0.0,2025-05-12 06:00:00
2025-05-12 06:05:00,0.0,2025-05-12 06:05:00
2025-05-12 06:10:00,0.0,2025-05-12 06:10:00
2025-05-12 06:15:00,0.0,2025-05-12 06:15:00
2025-05-12 06:20:00,0.0,2025-05-12 06:20:00
2025-05-12 06:25:00,0.0,2025-05-12 06:25:00
2025-05-12 06:30:00,0.0,2025-05-12 06:30:00
2025-05-12 06:35:00,0.0,2025-05-12 06:35:00
2025-05-12 06:40:00,0.0,2025-05-12 06:40:00
2025-05-12 06:45:00,0.0,2025-05-12 06:45:00
2025-05-12 06:50:00,0.0,2025-05-12 06:50:00
2025-05-12 06:55:00,0.0,2025-05-12 06:55:00
2025-05-12 07:00:00,0.0,2025-05-12 07:00:00
2025-05-12 07:05:00,0.0,2025-05-12 07:05:00
2025-05-12 07:10:00,0.0,2025-05-12 07:10:00
2025-05-12 07:15:00,0.0,2025-05-12 07:15:00
2025-05-12 07:20:00,0.0,2025-05-12 07:20:00
2025-05-12 07:25:00,0.0,2025-05-12 07:25:00
2025-05-12 07:30:00,0.0,2025-05-12 07:30:00
2025-05-12 07:35:00,0.0,2025-05-12 07:35:00
2025-05-12 07:40:00,0.0,2025-05-12 07:40:00
2025-05-12 07:45:00,0.0,2025-05-12 07:45:00
2025-05-12 07:50:00,0.0,2025-05-12 07:50:00
2025-05-12 07:55:00,0.0,2025-05-12 07:55:00
2025-05-12 08:00:00,8919.999,2025-05-12 08:00:00
2025-05-12 08:05:00,8919.999,2025-05-12 08:05:00
2025-05-12 08:10:00,8919.999,2025-05-12 08:10:00
2025-05-12 08:15:00,8919.999,2025-05-12 08:15:00
2025-05-12 08:20:00,8919.999,2025-05-12 08:20:00
2025-05-12 08:25:00,8919.999,2025-05-12 08:25:00
2025-05-12 08:30:00,8919.999,2025-05-12 08:30:00
2025-05-12 08:35:00,8919.999,2025-05-12 08:35:00
2025-05-12 08:40:00,8919.999,2025-05-12 08:40:00
2025-05-12 08:45:00,8919.999,2025-05-12 08:45:00
2025-05-12 08:50:00,8919.999,2025-05-12 08:50:00
2025-05-12 08:55:00,8919.999,2025-05-12 08:55:00
2025-05-12 09:00:00,8919.999,2025-05-12 09:00:00
2025-05-12 09:05:00,8919.998,2025-05-12 09:05:00
2025-05-12 09:10:00,8919.998,2025-05-12 09:10:00
2025-05-12 09:15:00,8919.998,2025-05-12 09:15:00
2025-05-12 09:20:00,8919.997,2025-05-12 09:20:00
2025-05-12 09:25:00,8919.995,2025-05-12 09:25:00
2025-05-12 09:30:00,8919.994,2025-05-12 09:30:00
2025-05-12 09:35:00,8919.946,2025-05-12 09:35:00
2025-05-12 09:40:00,5130.843,2025-05-12 09:40:00
2025-05-12 09:45:00,0.0,2025-05-12 09:45:00
2025-05-12 09:50:00,0.0,2025-05-12 09:50:00
2025-05-12 09:55:00,0.0,2025-05-12 09:55:00
2025-05-12 10:00:00,0.0,2025-05-12 10:00:00
2025-05-12 10:05:00,0.0,2025-05-12 10:05:00
2025-05-12 10:10:00,0.0,2025-05-12 10:10:00
2025-05-12 10:15:00,0.0,2025-05-12 10:15:00
2025-05-12 10:20:00,0.0,2025-05-12 10:20:00
2025-05-12 10:25:00,0.0,2025-05-12 10:25:00
2025-05-12 10:30:00,0.0,2025-05-12 10:30:00
2025-05-12 10:35:00,0.0,2025-05-12 10:35:00
2025-05-12 10:40:00,0.0,2025-05-12 10:40:00
2025-05-12 10:45:00,0.0,2025-05-12 10:45:00
2025-05-12 10:50:00,0.0,2025-05-12 10:50:00
2025-05-12 10:55:00,0.0,2025-05-12 10:55:00
2025-05-12 11:00:00,-2499.876,2025-05-12 11:00:00
2025-05-12 11:05:00,-2499.876,2025-05-12 11:05:00
2025-05-12 11:10:00,-2499.876,2025-05-12 11:10:00
2025-05-12 11:15:00,-2499.876,2025-05-12 11:15:00
2025-05-12 11:20:00,-2499.876,2025-05-12 11:20:00
2025-05-12 11:25:00,-2499.876,2025-05-12 11:25:00
2025-05-12 11:30:00,-2499.876,2025-05-12 11:30:00
2025-05-12 11:35:00,-2499.876,2025-05-12 11:35:00
2025-05-12 11:40:00,-2499.876,2025-05-12 11:40:00
2025-05-12 11:45:00,-2499.876,2025-05-12 11:45:00
2025-05-12 11:50:00,-2499.876,2025-05-12 11:50:00
2025-05-12 11:55:00,-2499.876,2025-05-12 11:55:00
2025-05-12 12:00:00,-2499.876,2025-05-12 12:00:00
2025-05-12 12:05:00,-2499.876,2025-05-12 12:05:00
2025-05-12 12:10:00,-2499.876,2025-05-12 12:10:00
2025-05-12 12:15:00,-2499.876,2025-05-12 12:15:00
2025-05-12 12:20:00,-2499.876,2025-05-12 12:20:00
2025-05-12 12:25:00,-2499.876,2025-05-12 12:25:00
2025-05-12 12:30:00,-2499.876,2025-05-12 12:30:00
2025-05-12 12:35:00,-2499.876,2025-05-12 12:35:00
2025-05-12 12:40:00,-2499.876,2025-05-12 12:40:00
2025-05-12 12:45:00,-2499.876,2025-05-12 12:45:00
2025-05-12 12:50:00,-2499.876,2025-05-12 12:50:00
2025-05-12 12:55:00,-2499.876,2025-05-12 12:55:00
2025-05-12 13:00:00,-2499.876,2025-05-12 13:00:00
2025-05-12 13:05:00,-2499.876,2025-05-12 13:05:00
2025-05-12 13:10:00,-2499.876,2025-05-12 13:10:00
2025-05-12 13:15:00,-2499.876,2025-05-12 13:15:00
2025-05-12 13:20:00,-2499.876,2025-05-12 13:20:00
2025-05-12 13:25:00,-2499.876,2025-05-12 13:25:00
2025-05-12 13:30:00,-2499.876,2025-05-12 13:30:00
2025-05-12 13:35:00,-2499.876,2025-05-12 13:35:00
2025-05-12 13:40:00,-2499.876,2025-05-12 13:40:00
2025-05-12 13:45:00,-2499.876,2025-05-12 13:45:00
2025-05-12 13:50:00,-2499.876,2025-05-12 13:50:00
2025-05-12 13:55:00,-2499.876,2025-05-12 13:55:00
2025-05-12 14:00:00,-2499.876,2025-05-12 14:00:00
2025-05-12 14:05:00,-2499.876,2025-05-12 14:05:00
2025-05-12 14:10:00,-2499.876,2025-05-12 14:10:00
2025-05-12 14:15:00,-2499.876,2025-05-12 14:15:00
2025-05-12 14:20:00,-2499.876,2025-05-12 14:20:00
2025-05-12 14:25:00,-2499.876,2025-05-12 14:25:00
2025-05-12 14:30:00,-2499.876,2025-05-12 14:30:00
2025-05-12 14:35:00,-2499.876,2025-05-12 14:35:00
2025-05-12 14:40:00,-2499.876,2025-05-12 14:40:00
2025-05-12 14:45:00,-2499.876,2025-05-12 14:45:00
2025-05-12 14:50:00,-2499.876,2025-05-12 14:50:00
2025-05-12 14:55:00,-2499.876,2025-05-12 14:55:00
2025-05-12 15:00:00,-2499.876,2025-05-12 15:00:00
2025-05-12 15:05:00,-2499.876,2025-05-12 15:05:00
2025-05-12 15:10:00,-2499.876,2025-05-12 15:10:00
2025-05-12 15:15:00,-2499.876,2025-05-12 15:15:00
2025-05-12 15:20:00,-2499.876,2025-05-12 15:20:00
2025-05-12 15:25:00,-2499.876,2025-05-12 15:25:00
2025-05-12 15:30:00,-2499.876,2025-05-12 15:30:00
2025-05-12 15:35:00,-2499.876,2025-05-12 15:35:00
2025-05-12 15:40:00,-2499.876,2025-05-12 15:40:00
2025-05-12 15:45:00,-2499.876,2025-05-12 15:45:00
2025-05-12 15:50:00,-2499.876,2025-05-12 15:50:00
2025-05-12 15:55:00,-2499.876,2025-05-12 15:55:00
2025-05-12 16:00:00,-2499.876,2025-05-12 16:00:00
2025-05-12 16:05:00,-2499.876,2025-05-12 16:05:00
2025-05-12 16:10:00,-2499.876,2025-05-12 16:10:00
2025-05-12 16:15:00,-2499.876,2025-05-12 16:15:00
2025-05-12 16:20:00,-2499.876,2025-05-12 16:20:00
2025-05-12 16:25:00,-2499.876,2025-05-12 16:25:00
2025-05-12 16:30:00,-2499.876,2025-05-12 16:30:00
2025-05-12 16:35:00,-2499.876,2025-05-12 16:35:00
2025-05-12 16:40:00,-2499.876,2025-05-12 16:40:00
2025-05-12 16:45:00,-2499.876,2025-05-12 16:45:00
2025-05-12 16:50:00,-2499.876,2025-05-12 16:50:00
2025-05-12 16:55:00,-2499.876,2025-05-12 16:55:00
2025-05-12 17:00:00,-2499.876,2025-05-12 17:00:00
2025-05-12 17:05:00,-2499.876,2025-05-12 17:05:00
2025-05-12 17:10:00,-2499.876,2025-05-12 17:10:00
2025-05-12 17:15:00,-2499.876,2025-05-12 17:15:00
2025-05-12 17:20:00,-2499.876,2025-05-12 17:20:00
2025-05-12 17:25:00,-2499.876,2025-05-12 17:25:00
2025-05-12 17:30:00,-2499.876,2025-05-12 17:30:00
2025-05-12 17:35:00,-2499.876,2025-05-12 17:35:00
2025-05-12 17:40:00,-2499.876,2025-05-12 17:40:00
2025-05-12 17:45:00,-2499.876,2025-05-12 17:45:00
2025-05-12 17:50:00,-2499.876,2025-05-12 17:50:00
2025-05-12 17:55:00,-2499.876,2025-05-12 17:55:00
2025-05-12 18:00:00,8919.999,2025-05-12 18:00:00
2025-05-12 18:05:00,8919.999,2025-05-12 18:05:00
2025-05-12 18:10:00,8919.999,2025-05-12 18:10:00
2025-05-12 18:15:00,8919.999,2025-05-12 18:15:00
2025-05-12 18:20:00,8919.999,2025-05-12 18:20:00
2025-05-12 18:25:00,8919.999,2025-05-12 18:25:00
2025-05-12 18:30:00,8919.999,2025-05-12 18:30:00
2025-05-12 18:35:00,8919.999,2025-05-12 18:35:00
2025-05-12 18:40:00,8919.999,2025-05-12 18:40:00
2025-05-12 18:45:00,8919.999,2025-05-12 18:45:00
2025-05-12 18:50:00,8919.999,2025-05-12 18:50:00
2025-05-12 18:55:00,8919.999,2025-05-12 18:55:00
2025-05-12 19:00:00,8919.999,2025-05-12 19:00:00
2025-05-12 19:05:00,8919.998,2025-05-12 19:05:00
2025-05-12 19:10:00,8919.998,2025-05-12 19:10:00
2025-05-12 19:15:00,8919.998,2025-05-12 19:15:00
2025-05-12 19:20:00,8919.997,2025-05-12 19:20:00
2025-05-12 19:25:00,8919.995,2025-05-12 19:25:00
2025-05-12 19:30:00,8919.994,2025-05-12 19:30:00
2025-05-12 19:35:00,8919.944,2025-05-12 19:35:00
2025-05-12 19:40:00,5130.842,2025-05-12 19:40:00
2025-05-12 19:45:00,0.0,2025-05-12 19:45:00
2025-05-12 19:50:00,0.0,2025-05-12 19:50:00
2025-05-12 19:55:00,0.0,2025-05-12 19:55:00
2025-05-12 20:00:00,0.0,2025-05-12 20:00:00
2025-05-12 20:05:00,0.0,2025-05-12 20:05:00
2025-05-12 20:10:00,0.0,2025-05-12 20:10:00
2025-05-12 20:15:00,0.0,2025-05-12 20:15:00
2025-05-12 20:20:00,0.0,2025-05-12 20:20:00
2025-05-12 20:25:00,0.0,2025-05-12 20:25:00
2025-05-12 20:30:00,0.0,2025-05-12 20:30:00
2025-05-12 20:35:00,0.0,2025-05-12 20:35:00
2025-05-12 20:40:00,0.0,2025-05-12 20:40:00
2025-05-12 20:45:00,0.0,2025-05-12 20:45:00
2025-05-12 20:50:00,0.0,2025-05-12 20:50:00
2025-05-12 20:55:00,0.0,2025-05-12 20:55:00
2025-05-12 21:00:00,0.0,2025-05-12 21:00:00
2025-05-12 21:05:00,0.0,2025-05-12 21:05:00
2025-05-12 21:10:00,0.0,2025-05-12 21:10:00
2025-05-12 21:15:00,0.0,2025-05-12 21:15:00
2025-05-12 21:20:00,0.0,2025-05-12 21:20:00
2025-05-12 21:25:00,0.0,2025-05-12 21:25:00
2025-05-12 21:30:00,0.0,2025-05-12 21:30:00
2025-05-12 21:35:00,0.0,2025-05-12 21:35:00
2025-05-12 21:40:00,0.0,2025-05-12 21:40:00
2025-05-12 21:45:00,0.0,2025-05-12 21:45:00
2025-05-12 21:50:00,0.0,2025-05-12 21:50:00
2025-05-12 21:55:00,0.0,2025-05-12 21:55:00
2025-05-12 22:00:00,-2187.287,2025-05-12 22:00:00
2025-05-12 22:05:00,-2187.371,2025-05-12 22:05:00
2025-05-12 22:10:00,-2187.407,2025-05-12 22:10:00
2025-05-12 22:15:00,-2187.429,2025-05-12 22:15:00
2025-05-12 22:20:00,-2187.443,2025-05-12 22:20:00
2025-05-12 22:25:00,-2187.454,2025-05-12 22:25:00
2025-05-12 22:30:00,-2187.461,2025-05-12 22:30:00
2025-05-12 22:35:00,-2187.467,2025-05-12 22:35:00
2025-05-12 22:40:00,-2187.471,2025-05-12 22:40:00
2025-05-12 22:45:00,-2187.474,2025-05-12 22:45:00
2025-05-12 22:50:00,-2187.476,2025-05-12 22:50:00
2025-05-12 22:55:00,-2187.477,2025-05-12 22:55:00
2025-05-12 23:00:00,-2187.477,2025-05-12 23:00:00
2025-05-12 23:05:00,-2187.477,2025-05-12 23:05:00
2025-05-12 23:10:00,-2187.476,2025-05-12 23:10:00
2025-05-12 23:15:00,-2187.474,2025-05-12 23:15:00
2025-05-12 23:20:00,-2187.473,2025-05-12 23:20:00
2025-05-12 23:25:00,-2187.47,2025-05-12 23:25:00
2025-05-12 23:30:00,-2187.468,2025-05-12 23:30:00
2025-05-12 23:35:00,-2187.465,2025-05-12 23:35:00
2025-05-12 23:40:00,-2187.462,2025-05-12 23:40:00
2025-05-12 23:45:00,-2187.458,2025-05-12 23:45:00
2025-05-12 23:50:00,-2187.455,2025-05-12 23:50:00
2025-05-12 23:55:00,-2187.451,2025-05-12 23:55:00
2025-05-13 00:00:00,-2187.447,2025-05-13 00:00:00
2025-05-13 00:05:00,-2187.443,2025-05-13 00:05:00
2025-05-13 00:10:00,-2187.438,2025-05-13 00:10:00
2025-05-13 00:15:00,-2187.434,2025-05-13 00:15:00
2025-05-13 00:20:00,-2187.43,2025-05-13 00:20:00
2025-05-13 00:25:00,-2187.425,2025-05-13 00:25:00
2025-05-13 00:30:00,-2187.421,2025-05-13 00:30:00
2025-05-13 00:35:00,-2187.417,2025-05-13 00:35:00
2025-05-13 00:40:00,-2187.412,2025-05-13 00:40:00
2025-05-13 00:45:00,-2187.408,2025-05-13 00:45:00
2025-05-13 00:50:00,-2187.404,2025-05-13 00:50:00
2025-05-13 00:55:00,-2187.4,2025-05-13 00:55:00
2025-05-13 01:00:00,-2187.396,2025-05-13 01:00:00
2025-05-13 01:05:00,-2187.392,2025-05-13 01:05:00
2025-05-13 01:10:00,-2187.388,2025-05-13 01:10:00
2025-05-13 01:15:00,-2187.384,2025-05-13 01:15:00
2025-05-13 01:20:00,-2187.381,2025-05-13 01:20:00
2025-05-13 01:25:00,-2187.378,2025-05-13 01:25:00
2025-05-13 01:30:00,-2187.374,2025-05-13 01:30:00
2025-05-13 01:35:00,-2187.371,2025-05-13 01:35:00
2025-05-13 01:40:00,-2187.369,2025-05-13 01:40:00
2025-05-13 01:45:00,-2187.366,2025-05-13 01:45:00
2025-05-13 01:50:00,-2187.364,2025-05-13 01:50:00
2025-05-13 01:55:00,-2187.362,2025-05-13 01:55:00
2025-05-13 02:00:00,-2187.36,2025-05-13 02:00:00
2025-05-13 02:05:00,-2187.358,2025-05-13 02:05:00
2025-05-13 02:10:00,-2187.356,2025-05-13 02:10:00
2025-05-13 02:15:00,-2187.355,2025-05-13 02:15:00
2025-05-13 02:20:00,-2187.354,2025-05-13 02:20:00
2025-05-13 02:25:00,-2187.353,2025-05-13 02:25:00
2025-05-13 02:30:00,-2187.352,2025-05-13 02:30:00
2025-05-13 02:35:00,-2187.352,2025-05-13 02:35:00
2025-05-13 02:40:00,-2187.352,2025-05-13 02:40:00
2025-05-13 02:45:00,-2187.352,2025-05-13 02:45:00
2025-05-13 02:50:00,-2187.352,2025-05-13 02:50:00
2025-05-13 02:55:00,-2187.352,2025-05-13 02:55:00
2025-05-13 03:00:00,-2187.353,2025-05-13 03:00:00
2025-05-13 03:05:00,-2187.353,2025-05-13 03:05:00
2025-05-13 03:10:00,-2187.354,2025-05-13 03:10:00
2025-05-13 03:15:00,-2187.355,2025-05-13 03:15:00
2025-05-13 03:20:00,-2187.357,2025-05-13 03:20:00
2025-05-13 03:25:00,-2187.358,2025-05-13 03:25:00
2025-05-13 03:30:00,-2187.359,2025-05-13 03:30:00
2025-05-13 03:35:00,-2187.361,2025-05-13 03:35:00
2025-05-13 03:40:00,-2187.363,2025-05-13 03:40:00
2025-05-13 03:45:00,-2187.364,2025-05-13 03:45:00
2025-05-13 03:50:00,-2187.366,2025-05-13 03:50:00
2025-05-13 03:55:00,-2187.368,2025-05-13 03:55:00
2025-05-13 04:00:00,-2187.37,2025-05-13 04:00:00
2025-05-13 04:05:00,-2187.371,2025-05-13 04:05:00
2025-05-13 04:10:00,-2187.373,2025-05-13 04:10:00
2025-05-13 04:15:00,-2187.375,2025-05-13 04:15:00
2025-05-13 04:20:00,-2187.376,2025-05-13 04:20:00
2025-05-13 04:25:00,-2187.378,2025-05-13 04:25:00
2025-05-13 04:30:00,-2187.379,2025-05-13 04:30:00
2025-05-13 04:35:00,-2187.38,2025-05-13 04:35:00
2025-05-13 04:40:00,-2187.381,2025-05-13 04:40:00
2025-05-13 04:45:00,-2187.381,2025-05-13 04:45:00
2025-05-13 04:50:00,-2187.381,2025-05-13 04:50:00
2025-05-13 04:55:00,-2187.381,2025-05-13 04:55:00
2025-05-13 05:00:00,-2187.38,2025-05-13 05:00:00
2025-05-13 05:05:00,-2187.379,2025-05-13 05:05:00
2025-05-13 05:10:00,-2187.377,2025-05-13 05:10:00
2025-05-13 05:15:00,-2187.374,2025-05-13 05:15:00
2025-05-13 05:20:00,-2187.37,2025-05-13 05:20:00
2025-05-13 05:25:00,-2187.364,2025-05-13 05:25:00
2025-05-13 05:30:00,-2187.356,2025-05-13 05:30:00
2025-05-13 05:35:00,-2187.346,2025-05-13 05:35:00
2025-05-13 05:40:00,-2187.332,2025-05-13 05:40:00
2025-05-13 05:45:00,-2187.311,2025-05-13 05:45:00
2025-05-13 05:50:00,-2187.275,2025-05-13 05:50:00
2025-05-13 05:55:00,-2187.194,2025-05-13 05:55:00
2025-05-13 06:00:00,0.0,2025-05-13 06:00:00
2025-05-13 06:05:00,0.0,2025-05-13 06:05:00
2025-05-13 06:10:00,0.0,2025-05-13 06:10:00
2025-05-13 06:15:00,0.0,2025-05-13 06:15:00
2025-05-13 06:20:00,0.0,2025-05-13 06:20:00
2025-05-13 06:25:00,0.0,2025-05-13 06:25:00
2025-05-13 06:30:00,0.0,2025-05-13 06:30:00
2025-05-13 06:35:00,0.0,2025-05-13 06:35:00
2025-05-13 06:40:00,0.0,2025-05-13 06:40:00
2025-05-13 06:45:00,0.0,2025-05-13 06:45:00
2025-05-13 06:50:00,0.0,2025-05-13 06:50:00
2025-05-13 06:55:00,0.0,2025-05-13 06:55:00
2025-05-13 07:00:00,0.0,2025-05-13 07:00:00
2025-05-13 07:05:00,0.0,2025-05-13 07:05:00
2025-05-13 07:10:00,0.0,2025-05-13 07:10:00
2025-05-13 07:15:00,0.0,2025-05-13 07:15:00
2025-05-13 07:20:00,0.0,2025-05-13 07:20:00
2025-05-13 07:25:00,0.0,2025-05-13 07:25:00
2025-05-13 07:30:00,0.0,2025-05-13 07:30:00
2025-05-13 07:35:00,0.0,2025-05-13 07:35:00
2025-05-13 07:40:00,0.0,2025-05-13 07:40:00
2025-05-13 07:45:00,0.0,2025-05-13 07:45:00
2025-05-13 07:50:00,0.0,2025-05-13 07:50:00
2025-05-13 07:55:00,0.0,2025-05-13 07:55:00
2025-05-13 08:00:00,8920.0,2025-05-13 08:00:00
2025-05-13 08:05:00,8920.0,2025-05-13 08:05:00
2025-05-13 08:10:00,8920.0,2025-05-13 08:10:00
2025-05-13 08:15:00,8920.0,2025-05-13 08:15:00
2025-05-13 08:20:00,8920.0,2025-05-13 08:20:00
2025-05-13 08:25:00,8920.0,2025-05-13 08:25:00
2025-05-13 08:30:00,8920.0,2025-05-13 08:30:00
2025-05-13 08:35:00,8920.0,2025-05-13 08:35:00
2025-05-13 08:40:00,8920.0,2025-05-13 08:40:00
2025-05-13 08:45:00,8920.0,2025-05-13 08:45:00
2025-05-13 08:50:00,8920.0,2025-05-13 08:50:00
2025-05-13 08:55:00,8920.0,2025-05-13 08:55:00
2025-05-13 09:00:00,8920.0,2025-05-13 09:00:00
2025-05-13 09:05:00,8920.0,2025-05-13 09:05:00
2025-05-13 09:10:00,8920.0,2025-05-13 09:10:00
2025-05-13 09:15:00,8920.0,2025-05-13 09:15:00
2025-05-13 09:20:00,8920.0,2025-05-13 09:20:00
2025-05-13 09:25:00,8919.999,2025-05-13 09:25:00
2025-05-13 09:30:00,8919.999,2025-05-13 09:30:00
2025-05-13 09:35:00,8919.996,2025-05-13 09:35:00
2025-05-13 09:40:00,5130.876,2025-05-13 09:40:00
2025-05-13 09:45:00,0.0,2025-05-13 09:45:00
2025-05-13 09:50:00,0.0,2025-05-13 09:50:00
2025-05-13 09:55:00,0.0,2025-05-13 09:55:00
2025-05-13 10:00:00,0.0,2025-05-13 10:00:00
2025-05-13 10:05:00,0.0,2025-05-13 10:05:00
2025-05-13 10:10:00,0.0,2025-05-13 10:10:00
2025-05-13 10:15:00,0.0,2025-05-13 10:15:00
2025-05-13 10:20:00,0.0,2025-05-13 10:20:00
2025-05-13 10:25:00,0.0,2025-05-13 10:25:00
2025-05-13 10:30:00,0.0,2025-05-13 10:30:00
2025-05-13 10:35:00,0.0,2025-05-13 10:35:00
2025-05-13 10:40:00,0.0,2025-05-13 10:40:00
2025-05-13 10:45:00,0.0,2025-05-13 10:45:00
2025-05-13 10:50:00,0.0,2025-05-13 10:50:00
2025-05-13 10:55:00,0.0,2025-05-13 10:55:00
2025-05-13 11:00:00,-2499.876,2025-05-13 11:00:00
2025-05-13 11:05:00,-2499.876,2025-05-13 11:05:00
2025-05-13 11:10:00,-2499.876,2025-05-13 11:10:00
2025-05-13 11:15:00,-2499.876,2025-05-13 11:15:00
2025-05-13 11:20:00,-2499.876,2025-05-13 11:20:00
2025-05-13 11:25:00,-2499.876,2025-05-13 11:25:00
2025-05-13 11:30:00,-2499.876,2025-05-13 11:30:00
2025-05-13 11:35:00,-2499.876,2025-05-13 11:35:00
2025-05-13 11:40:00,-2499.876,2025-05-13 11:40:00
2025-05-13 11:45:00,-2499.876,2025-05-13 11:45:00
2025-05-13 11:50:00,-2499.876,2025-05-13 11:50:00
2025-05-13 11:55:00,-2499.876,2025-05-13 11:55:00
2025-05-13 12:00:00,-2499.876,2025-05-13 12:00:00
2025-05-13 12:05:00,-2499.876,2025-05-13 12:05:00
2025-05-13 12:10:00,-2499.876,2025-05-13 12:10:00
2025-05-13 12:15:00,-2499.876,2025-05-13 12:15:00
2025-05-13 12:20:00,-2499.876,2025-05-13 12:20:00
2025-05-13 12:25:00,-2499.876,2025-05-13 12:25:00
2025-05-13 12:30:00,-2499.876,2025-05-13 12:30:00
2025-05-13 12:35:00,-2499.876,2025-05-13 12:35:00
2025-05-13 12:40:00,-2499.876,2025-05-13 12:40:00
2025-05-13 12:45:00,-2499.876,2025-05-13 12:45:00
2025-05-13 12:50:00,-2499.876,2025-05-13 12:50:00
2025-05-13 12:55:00,-2499.876,2025-05-13 12:55:00
2025-05-13 13:00:00,-2499.876,2025-05-13 13:00:00
2025-05-13 13:05:00,-2499.876,2025-05-13 13:05:00
2025-05-13 13:10:00,-2499.876,2025-05-13 13:10:00
2025-05-13 13:15:00,-2499.876,2025-05-13 13:15:00
2025-05-13 13:20:00,-2499.876,2025-05-13 13:20:00
2025-05-13 13:25:00,-2499.876,2025-05-13 13:25:00
2025-05-13 13:30:00,-2499.876,2025-05-13 13:30:00
2025-05-13 13:35:00,-2499.876,2025-05-13 13:35:00
2025-05-13 13:40:00,-2499.876,2025-05-13 13:40:00
2025-05-13 13:45:00,-2499.876,2025-05-13 13:45:00
2025-05-13 13:50:00,-2499.876,2025-05-13 13:50:00
2025-05-13 13:55:00,-2499.876,2025-05-13 13:55:00
2025-05-13 14:00:00,-2499.876,2025-05-13 14:00:00
2025-05-13 14:05:00,-2499.876,2025-05-13 14:05:00
2025-05-13 14:10:00,-2499.876,2025-05-13 14:10:00
2025-05-13 14:15:00,-2499.876,2025-05-13 14:15:00
2025-05-13 14:20:00,-2499.876,2025-05-13 14:20:00
2025-05-13 14:25:00,-2499.876,2025-05-13 14:25:00
2025-05-13 14:30:00,-2499.876,2025-05-13 14:30:00
2025-05-13 14:35:00,-2499.876,2025-05-13 14:35:00
2025-05-13 14:40:00,-2499.876,2025-05-13 14:40:00
2025-05-13 14:45:00,-2499.876,2025-05-13 14:45:00
2025-05-13 14:50:00,-2499.876,2025-05-13 14:50:00
2025-05-13 14:55:00,-2499.876,2025-05-13 14:55:00
2025-05-13 15:00:00,-2499.876,2025-05-13 15:00:00
2025-05-13 15:05:00,-2499.876,2025-05-13 15:05:00
2025-05-13 15:10:00,-2499.876,2025-05-13 15:10:00
2025-05-13 15:15:00,-2499.876,2025-05-13 15:15:00
2025-05-13 15:20:00,-2499.876,2025-05-13 15:20:00
2025-05-13 15:25:00,-2499.876,2025-05-13 15:25:00
2025-05-13 15:30:00,-2499.876,2025-05-13 15:30:00
2025-05-13 15:35:00,-2499.876,2025-05-13 15:35:00
2025-05-13 15:40:00,-2499.876,2025-05-13 15:40:00
2025-05-13 15:45:00,-2499.876,2025-05-13 15:45:00
2025-05-13 15:50:00,-2499.876,2025-05-13 15:50:00
2025-05-13 15:55:00,-2499.876,2025-05-13 15:55:00
2025-05-13 16:00:00,-2499.876,2025-05-13 16:00:00
2025-05-13 16:05:00,-2499.876,2025-05-13 16:05:00
2025-05-13 16:10:00,-2499.876,2025-05-13 16:10:00
2025-05-13 16:15:00,-2499.876,2025-05-13 16:15:00
2025-05-13 16:20:00,-2499.876,2025-05-13 16:20:00
2025-05-13 16:25:00,-2499.876,2025-05-13 16:25:00
2025-05-13 16:30:00,-2499.876,2025-05-13 16:30:00
2025-05-13 16:35:00,-2499.876,2025-05-13 16:35:00
2025-05-13 16:40:00,-2499.876,2025-05-13 16:40:00
2025-05-13 16:45:00,-2499.876,2025-05-13 16:45:00
2025-05-13 16:50:00,-2499.876,2025-05-13 16:50:00
2025-05-13 16:55:00,-2499.876,2025-05-13 16:55:00
2025-05-13 17:00:00,-2499.876,2025-05-13 17:00:00
2025-05-13 17:05:00,-2499.876,2025-05-13 17:05:00
2025-05-13 17:10:00,-2499.876,2025-05-13 17:10:00
2025-05-13 17:15:00,-2499.876,2025-05-13 17:15:00
2025-05-13 17:20:00,-2499.876,2025-05-13 17:20:00
2025-05-13 17:25:00,-2499.876,2025-05-13 17:25:00
2025-05-13 17:30:00,-2499.876,2025-05-13 17:30:00
2025-05-13 17:35:00,-2499.876,2025-05-13 17:35:00
2025-05-13 17:40:00,-2499.876,2025-05-13 17:40:00
2025-05-13 17:45:00,-2499.876,2025-05-13 17:45:00
2025-05-13 17:50:00,-2499.876,2025-05-13 17:50:00
2025-05-13 17:55:00,-2499.876,2025-05-13 17:55:00
2025-05-13 18:00:00,8920.0,2025-05-13 18:00:00
2025-05-13 18:05:00,8920.0,2025-05-13 18:05:00
2025-05-13 18:10:00,8920.0,2025-05-13 18:10:00
2025-05-13 18:15:00,8920.0,2025-05-13 18:15:00
2025-05-13 18:20:00,8920.0,2025-05-13 18:20:00
2025-05-13 18:25:00,8920.0,2025-05-13 18:25:00
2025-05-13 18:30:00,8920.0,2025-05-13 18:30:00
2025-05-13 18:35:00,8920.0,2025-05-13 18:35:00
2025-05-13 18:40:00,8920.0,2025-05-13 18:40:00
2025-05-13 18:45:00,8920.0,2025-05-13 18:45:00
2025-05-13 18:50:00,8920.0,2025-05-13 18:50:00
2025-05-13 18:55:00,8920.0,2025-05-13 18:55:00
2025-05-13 19:00:00,8920.0,2025-05-13 19:00:00
2025-05-13 19:05:00,8920.0,2025-05-13 19:05:00
2025-05-13 19:10:00,8920.0,2025-05-13 19:10:00
2025-05-13 19:15:00,8920.0,2025-05-13 19:15:00
2025-05-13 19:20:00,8920.0,2025-05-13 19:20:00
2025-05-13 19:25:00,8919.999,2025-05-13 19:25:00
2025-05-13 19:30:00,8919.999,2025-05-13 19:30:00
2025-05-13 19:35:00,8919.996,2025-05-13 19:35:00
2025-05-13 19:40:00,5130.876,2025-05-13 19:40:00
2025-05-13 19:45:00,0.0,2025-05-13 19:45:00
2025-05-13 19:50:00,0.0,2025-05-13 19:50:00
2025-05-13 19:55:00,0.0,2025-05-13 19:55:00
2025-05-13 20:00:00,0.0,2025-05-13 20:00:00
2025-05-13 20:05:00,0.0,2025-05-13 20:05:00
2025-05-13 20:10:00,0.0,2025-05-13 20:10:00
2025-05-13 20:15:00,0.0,2025-05-13 20:15:00
2025-05-13 20:20:00,0.0,2025-05-13 20:20:00
2025-05-13 20:25:00,0.0,2025-05-13 20:25:00
2025-05-13 20:30:00,0.0,2025-05-13 20:30:00
2025-05-13 20:35:00,0.0,2025-05-13 20:35:00
2025-05-13 20:40:00,0.0,2025-05-13 20:40:00
2025-05-13 20:45:00,0.0,2025-05-13 20:45:00
2025-05-13 20:50:00,0.0,2025-05-13 20:50:00
2025-05-13 20:55:00,0.0,2025-05-13 20:55:00
2025-05-13 21:00:00,0.0,2025-05-13 21:00:00
2025-05-13 21:05:00,0.0,2025-05-13 21:05:00
2025-05-13 21:10:00,0.0,2025-05-13 21:10:00
2025-05-13 21:15:00,0.0,2025-05-13 21:15:00
2025-05-13 21:20:00,0.0,2025-05-13 21:20:00
2025-05-13 21:25:00,0.0,2025-05-13 21:25:00
2025-05-13 21:30:00,0.0,2025-05-13 21:30:00
2025-05-13 21:35:00,0.0,2025-05-13 21:35:00
2025-05-13 21:40:00,0.0,2025-05-13 21:40:00
2025-05-13 21:45:00,0.0,2025-05-13 21:45:00
2025-05-13 21:50:00,0.0,2025-05-13 21:50:00
2025-05-13 21:55:00,0.0,2025-05-13 21:55:00
2025-05-13 22:00:00,-2187.222,2025-05-13 22:00:00
2025-05-13 22:05:00,-2187.334,2025-05-13 22:05:00
2025-05-13 22:10:00,-2187.383,2025-05-13 22:10:00
2025-05-13 22:15:00,-2187.413,2025-05-13 22:15:00
2025-05-13 22:20:00,-2187.433,2025-05-13 22:20:00
2025-05-13 22:25:00,-2187.448,2025-05-13 22:25:00
2025-05-13 22:30:00,-2187.459,2025-05-13 22:30:00
2025-05-13 22:35:00,-2187.467,2025-05-13 22:35:00
2025-05-13 22:40:00,-2187.474,2025-05-13 22:40:00
2025-05-13 22:45:00,-2187.479,2025-05-13 22:45:00
2025-05-13 22:50:00,-2187.482,2025-05-13 22:50:00
2025-05-13 22:55:00,-2187.485,2025-05-13 22:55:00
2025-05-13 23:00:00,-2187.486,2025-05-13 23:00:00
2025-05-13 23:05:00,-2187.487,2025-05-13 23:05:00
2025-05-13 23:10:00,-2187.487,2025-05-13 23:10:00
2025-05-13 23:15:00,-2187.486,2025-05-13 23:15:00
2025-05-13 23:20:00,-2187.485,2025-05-13 23:20:00
2025-05-13 23:25:00,-2187.483,2025-05-13 23:25:00
2025-05-13 23:30:00,-2187.481,2025-05-13 23:30:00
2025-05-13 23:35:00,-2187.478,2025-05-13 23:35:00
2025-05-13 23:40:00,-2187.475,2025-05-13 23:40:00
2025-05-13 23:45:00,-2187.472,2025-05-13 23:45:00
2025-05-13 23:50:00,-2187.468,2025-05-13 23:50:00
2025-05-13 23:55:00,-2187.464,2025-05-13 23:55:00
2025-05-14 00:00:00,-2187.46,2025-05-14 00:00:00
2025-05-14 00:05:00,-2187.456,2025-05-14 00:05:00
2025-05-14 00:10:00,-2187.452,2025-05-14 00:10:00
2025-05-14 00:15:00,-2187.447,2025-05-14 00:15:00
2025-05-14 00:20:00,-2187.442,2025-05-14 00:20:00
2025-05-14 00:25:00,-2187.438,2025-05-14 00:25:00
2025-05-14 00:30:00,-2187.433,2025-05-14 00:30:00
2025-05-14 00:35:00,-2187.428,2025-05-14 00:35:00
2025-05-14 00:40:00,-2187.423,2025-05-14 00:40:00
2025-05-14 00:45:00,-2187.419,2025-05-14 00:45:00
2025-05-14 00:50:00,-2187.414,2025-05-14 00:50:00
2025-05-14 00:55:00,-2187.41,2025-05-14 00:55:00
2025-05-14 01:00:00,-2187.405,2025-05-14 01:00:00
2025-05-14 01:05:00,-2187.401,2025-05-14 01:05:00
2025-05-14 01:10:00,-2187.397,2025-05-14 01:10:00
2025-05-14 01:15:00,-2187.393,2025-05-14 01:15:00
2025-05-14 01:20:00,-2187.389,2025-05-14 01:20:00
2025-05-14 01:25:00,-2187.385,2025-05-14 01:25:00
2025-05-14 01:30:00,-2187.382,2025-05-14 01:30:00
2025-05-14 01:35:00,-2187.378,2025-05-14 01:35:00
2025-05-14 01:40:00,-2187.375,2025-05-14 01:40:00
2025-05-14 01:45:00,-2187.372,2025-05-14 01:45:00
2025-05-14 01:50:00,-2187.37,2025-05-14 01:50:00
2025-05-14 01:55:00,-2187.367,2025-05-14 01:55:00
2025-05-14 02:00:00,-2187.365,2025-05-14 02:00:00
2025-05-14 02:05:00,-2187.363,2025-05-14 02:05:00
2025-05-14 02:10:00,-2187.361,2025-05-14 02:10:00
2025-05-14 02:15:00,-2187.36,2025-05-14 02:15:00
2025-05-14 02:20:00,-2187.358,2025-05-14 02:20:00
2025-05-14 02:25:00,-2187.357,2025-05-14 02:25:00
2025-05-14 02:30:00,-2187.356,2025-05-14 02:30:00
2025-05-14 02:35:00,-2187.356,2025-05-14 02:35:00
2025-05-14 02:40:00,-2187.355,2025-05-14 02:40:00
2025-05-14 02:45:00,-2187.355,2025-05-14 02:45:00
2025-05-14 02:50:00,-2187.355,2025-05-14 02:50:00
2025-05-14 02:55:00,-2187.356,2025-05-14 02:55:00
2025-05-14 03:00:00,-2187.356,2025-05-14 03:00:00
2025-05-14 03:05:00,-2187.357,2025-05-14 03:05:00
2025-05-14 03:10:00,-2187.358,2025-05-14 03:10:00
2025-05-14 03:15:00,-2187.358,2025-05-14 03:15:00
2025-05-14 03:20:00,-2187.36,2025-05-14 03:20:00
2025-05-14 03:25:00,-2187.361,2025-05-14 03:25:00
2025-05-14 03:30:00,-2187.362,2025-05-14 03:30:00
2025-05-14 03:35:00,-2187.364,2025-05-14 03:35:00
2025-05-14 03:40:00,-2187.365,2025-05-14 03:40:00
2025-05-14 03:45:00,-2187.367,2025-05-14 03:45:00
2025-05-14 03:50:00,-2187.368,2025-05-14 03:50:00
2025-05-14 03:55:00,-2187.37,2025-05-14 03:55:00
2025-05-14 04:00:00,-2187.371,2025-05-14 04:00:00
2025-05-14 04:05:00,-2187.373,2025-05-14 04:05:00
2025-05-14 04:10:00,-2187.374,2025-05-14 04:10:00
2025-05-14 04:15:00,-2187.376,2025-05-14 04:15:00
2025-05-14 04:20:00,-2187.377,2025-05-14 04:20:00
2025-05-14 04:25:00,-2187.378,2025-05-14 04:25:00
2025-05-14 04:30:00,-2187.378,2025-05-14 04:30:00
2025-05-14 04:35:00,-2187.379,2025-05-14 04:35:00
2025-05-14 04:40:00,-2187.379,2025-05-14 04:40:00
2025-05-14 04:45:00,-2187.378,2025-05-14 04:45:00
2025-05-14 04:50:00,-2187.377,2025-05-14 04:50:00
2025-05-14 04:55:00,-2187.376,2025-05-14 04:55:00
2025-05-14 05:00:00,-2187.374,2025-05-14 05:00:00
2025-05-14 05:05:00,-2187.371,2025-05-14 05:05:00
2025-05-14 05:10:00,-2187.367,2025-05-14 05:10:00
2025-05-14 05:15:00,-2187.362,2025-05-14 05:15:00
2025-05-14 05:20:00,-2187.355,2025-05-14 05:20:00
2025-05-14 05:25:00,-2187.346,2025-05-14 05:25:00
2025-05-14 05:30:00,-2187.335,2025-05-14 05:30:00
2025-05-14 05:35:00,-2187.321,2025-05-14 05:35:00
2025-05-14 05:40:00,-2187.301,2025-05-14 05:40:00
2025-05-14 05:45:00,-2187.271,2025-05-14 05:45:00
2025-05-14 05:50:00,-2187.223,2025-05-14 05:50:00
2025-05-14 05:55:00,-2187.113,2025-05-14 05:55:00
2025-05-14 06:00:00,0.0,2025-05-14 06:00:00
2025-05-14 06:05:00,0.0,2025-05-14 06:05:00
2025-05-14 06:10:00,0.0,2025-05-14 06:10:00
2025-05-14 06:15:00,0.0,2025-05-14 06:15:00
2025-05-14 06:20:00,0.0,2025-05-14 06:20:00
2025-05-14 06:25:00,0.0,2025-05-14 06:25:00
2025-05-14 06:30:00,0.0,2025-05-14 06:30:00
2025-05-14 06:35:00,0.0,2025-05-14 06:35:00
2025-05-14 06:40:00,0.0,2025-05-14 06:40:00
2025-05-14 06:45:00,0.0,2025-05-14 06:45:00
2025-05-14 06:50:00,0.0,2025-05-14 06:50:00
2025-05-14 06:55:00,0.0,2025-05-14 06:55:00
2025-05-14 07:00:00,0.0,2025-05-14 07:00:00
2025-05-14 07:05:00,0.0,2025-05-14 07:05:00
2025-05-14 07:10:00,0.0,2025-05-14 07:10:00
2025-05-14 07:15:00,0.0,2025-05-14 07:15:00
2025-05-14 07:20:00,0.0,2025-05-14 07:20:00
2025-05-14 07:25:00,0.0,2025-05-14 07:25:00
2025-05-14 07:30:00,0.0,2025-05-14 07:30:00
2025-05-14 07:35:00,0.0,2025-05-14 07:35:00
2025-05-14 07:40:00,0.0,2025-05-14 07:40:00
2025-05-14 07:45:00,0.0,2025-05-14 07:45:00
2025-05-14 07:50:00,0.0,2025-05-14 07:50:00
2025-05-14 07:55:00,0.0,2025-05-14 07:55:00
2025-05-14 08:00:00,8920.0,2025-05-14 08:00:00
2025-05-14 08:05:00,8920.0,2025-05-14 08:05:00
2025-05-14 08:10:00,8920.0,2025-05-14 08:10:00
2025-05-14 08:15:00,8920.0,2025-05-14 08:15:00
2025-05-14 08:20:00,8920.0,2025-05-14 08:20:00
2025-05-14 08:25:00,8920.0,2025-05-14 08:25:00
2025-05-14 08:30:00,8920.0,2025-05-14 08:30:00
2025-05-14 08:35:00,8920.0,2025-05-14 08:35:00
2025-05-14 08:40:00,8920.0,2025-05-14 08:40:00
2025-05-14 08:45:00,8920.0,2025-05-14 08:45:00
2025-05-14 08:50:00,8920.0,2025-05-14 08:50:00
2025-05-14 08:55:00,8920.0,2025-05-14 08:55:00
2025-05-14 09:00:00,8920.0,2025-05-14 09:00:00
2025-05-14 09:05:00,8920.0,2025-05-14 09:05:00
2025-05-14 09:10:00,8920.0,2025-05-14 09:10:00
2025-05-14 09:15:00,8920.0,2025-05-14 09:15:00
2025-05-14 09:20:00,8919.999,2025-05-14 09:20:00
2025-05-14 09:25:00,8919.999,2025-05-14 09:25:00
2025-05-14 09:30:00,8919.999,2025-05-14 09:30:00
2025-05-14 09:35:00,8919.995,2025-05-14 09:35:00
2025-05-14 09:40:00,5130.875,2025-05-14 09:40:00
2025-05-14 09:45:00,0.0,2025-05-14 09:45:00
2025-05-14 09:50:00,0.0,2025-05-14 09:50:00
2025-05-14 09:55:00,0.0,2025-05-14 09:55:00
2025-05-14 10:00:00,0.0,2025-05-14 10:00:00
2025-05-14 10:05:00,0.0,2025-05-14 10:05:00
2025-05-14 10:10:00,0.0,2025-05-14 10:10:00
2025-05-14 10:15:00,0.0,2025-05-14 10:15:00
2025-05-14 10:20:00,0.0,2025-05-14 10:20:00
2025-05-14 10:25:00,0.0,2025-05-14 10:25:00
2025-05-14 10:30:00,0.0,2025-05-14 10:30:00
2025-05-14 10:35:00,0.0,2025-05-14 10:35:00
2025-05-14 10:40:00,0.0,2025-05-14 10:40:00
2025-05-14 10:45:00,0.0,2025-05-14 10:45:00
2025-05-14 10:50:00,0.0,2025-05-14 10:50:00
2025-05-14 10:55:00,0.0,2025-05-14 10:55:00
2025-05-14 11:00:00,-2499.876,2025-05-14 11:00:00
2025-05-14 11:05:00,-2499.876,2025-05-14 11:05:00
2025-05-14 11:10:00,-2499.876,2025-05-14 11:10:00
2025-05-14 11:15:00,-2499.876,2025-05-14 11:15:00
2025-05-14 11:20:00,-2499.876,2025-05-14 11:20:00
2025-05-14 11:25:00,-2499.876,2025-05-14 11:25:00
2025-05-14 11:30:00,-2499.876,2025-05-14 11:30:00
2025-05-14 11:35:00,-2499.876,2025-05-14 11:35:00
2025-05-14 11:40:00,-2499.876,2025-05-14 11:40:00
2025-05-14 11:45:00,-2499.876,2025-05-14 11:45:00
2025-05-14 11:50:00,-2499.876,2025-05-14 11:50:00
2025-05-14 11:55:00,-2499.876,2025-05-14 11:55:00
2025-05-14 12:00:00,-2499.876,2025-05-14 12:00:00
2025-05-14 12:05:00,-2499.876,2025-05-14 12:05:00
2025-05-14 12:10:00,-2499.876,2025-05-14 12:10:00
2025-05-14 12:15:00,-2499.876,2025-05-14 12:15:00
2025-05-14 12:20:00,-2499.876,2025-05-14 12:20:00
2025-05-14 12:25:00,-2499.876,2025-05-14 12:25:00
2025-05-14 12:30:00,-2499.876,2025-05-14 12:30:00
2025-05-14 12:35:00,-2499.876,2025-05-14 12:35:00
2025-05-14 12:40:00,-2499.876,2025-05-14 12:40:00
2025-05-14 12:45:00,-2499.876,2025-05-14 12:45:00
2025-05-14 12:50:00,-2499.876,2025-05-14 12:50:00
2025-05-14 12:55:00,-2499.876,2025-05-14 12:55:00
2025-05-14 13:00:00,-2499.876,2025-05-14 13:00:00
2025-05-14 13:05:00,-2499.876,2025-05-14 13:05:00
2025-05-14 13:10:00,-2499.876,2025-05-14 13:10:00
2025-05-14 13:15:00,-2499.876,2025-05-14 13:15:00
2025-05-14 13:20:00,-2499.876,2025-05-14 13:20:00
2025-05-14 13:25:00,-2499.876,2025-05-14 13:25:00
2025-05-14 13:30:00,-2499.876,2025-05-14 13:30:00
2025-05-14 13:35:00,-2499.876,2025-05-14 13:35:00
2025-05-14 13:40:00,-2499.876,2025-05-14 13:40:00
2025-05-14 13:45:00,-2499.876,2025-05-14 13:45:00
2025-05-14 13:50:00,-2499.876,2025-05-14 13:50:00
2025-05-14 13:55:00,-2499.876,2025-05-14 13:55:00
2025-05-14 14:00:00,-2499.876,2025-05-14 14:00:00
2025-05-14 14:05:00,-2499.876,2025-05-14 14:05:00
2025-05-14 14:10:00,-2499.876,2025-05-14 14:10:00
2025-05-14 14:15:00,-2499.876,2025-05-14 14:15:00
2025-05-14 14:20:00,-2499.876,2025-05-14 14:20:00
2025-05-14 14:25:00,-2499.876,2025-05-14 14:25:00
2025-05-14 14:30:00,-2499.876,2025-05-14 14:30:00
2025-05-14 14:35:00,-2499.876,2025-05-14 14:35:00
2025-05-14 14:40:00,-2499.876,2025-05-14 14:40:00
2025-05-14 14:45:00,-2499.876,2025-05-14 14:45:00
2025-05-14 14:50:00,-2499.876,2025-05-14 14:50:00
2025-05-14 14:55:00,-2499.876,2025-05-14 14:55:00
2025-05-14 15:00:00,-2499.876,2025-05-14 15:00:00
2025-05-14 15:05:00,-2499.876,2025-05-14 15:05:00
2025-05-14 15:10:00,-2499.876,2025-05-14 15:10:00
2025-05-14 15:15:00,-2499.876,2025-05-14 15:15:00
2025-05-14 15:20:00,-2499.876,2025-05-14 15:20:00
2025-05-14 15:25:00,-2499.876,2025-05-14 15:25:00
2025-05-14 15:30:00,-2499.876,2025-05-14 15:30:00
2025-05-14 15:35:00,-2499.876,2025-05-14 15:35:00
2025-05-14 15:40:00,-2499.876,2025-05-14 15:40:00
2025-05-14 15:45:00,-2499.876,2025-05-14 15:45:00
2025-05-14 15:50:00,-2499.876,2025-05-14 15:50:00
2025-05-14 15:55:00,-2499.876,2025-05-14 15:55:00
2025-05-14 16:00:00,-2499.876,2025-05-14 16:00:00
2025-05-14 16:05:00,-2499.876,2025-05-14 16:05:00
2025-05-14 16:10:00,-2499.876,2025-05-14 16:10:00
2025-05-14 16:15:00,-2499.876,2025-05-14 16:15:00
2025-05-14 16:20:00,-2499.876,2025-05-14 16:20:00
2025-05-14 16:25:00,-2499.876,2025-05-14 16:25:00
2025-05-14 16:30:00,-2499.876,2025-05-14 16:30:00
2025-05-14 16:35:00,-2499.876,2025-05-14 16:35:00
2025-05-14 16:40:00,-2499.876,2025-05-14 16:40:00
2025-05-14 16:45:00,-2499.876,2025-05-14 16:45:00
2025-05-14 16:50:00,-2499.876,2025-05-14 16:50:00
2025-05-14 16:55:00,-2499.876,2025-05-14 16:55:00
2025-05-14 17:00:00,-2499.876,2025-05-14 17:00:00
2025-05-14 17:05:00,-2499.876,2025-05-14 17:05:00
2025-05-14 17:10:00,-2499.876,2025-05-14 17:10:00
2025-05-14 17:15:00,-2499.876,2025-05-14 17:15:00
2025-05-14 17:20:00,-2499.876,2025-05-14 17:20:00
2025-05-14 17:25:00,-2499.876,2025-05-14 17:25:00
2025-05-14 17:30:00,-2499.876,2025-05-14 17:30:00
2025-05-14 17:35:00,-2499.876,2025-05-14 17:35:00
2025-05-14 17:40:00,-2499.876,2025-05-14 17:40:00
2025-05-14 17:45:00,-2499.876,2025-05-14 17:45:00
2025-05-14 17:50:00,-2499.876,2025-05-14 17:50:00
2025-05-14 17:55:00,-2499.876,2025-05-14 17:55:00
2025-05-14 18:00:00,8920.0,2025-05-14 18:00:00
2025-05-14 18:05:00,8920.0,2025-05-14 18:05:00
2025-05-14 18:10:00,8920.0,2025-05-14 18:10:00
2025-05-14 18:15:00,8920.0,2025-05-14 18:15:00
2025-05-14 18:20:00,8920.0,2025-05-14 18:20:00
2025-05-14 18:25:00,8920.0,2025-05-14 18:25:00
2025-05-14 18:30:00,8920.0,2025-05-14 18:30:00
2025-05-14 18:35:00,8920.0,2025-05-14 18:35:00
2025-05-14 18:40:00,8920.0,2025-05-14 18:40:00
2025-05-14 18:45:00,8920.0,2025-05-14 18:45:00
2025-05-14 18:50:00,8920.0,2025-05-14 18:50:00
2025-05-14 18:55:00,8920.0,2025-05-14 18:55:00
2025-05-14 19:00:00,8920.0,2025-05-14 19:00:00
2025-05-14 19:05:00,8920.0,2025-05-14 19:05:00
2025-05-14 19:10:00,8920.0,2025-05-14 19:10:00
2025-05-14 19:15:00,8920.0,2025-05-14 19:15:00
2025-05-14 19:20:00,8919.999,2025-05-14 19:20:00
2025-05-14 19:25:00,8919.999,2025-05-14 19:25:00
2025-05-14 19:30:00,8919.999,2025-05-14 19:30:00
2025-05-14 19:35:00,8919.996,2025-05-14 19:35:00
2025-05-14 19:40:00,5130.875,2025-05-14 19:40:00
2025-05-14 19:45:00,0.0,2025-05-14 19:45:00
2025-05-14 19:50:00,0.0,2025-05-14 19:50:00
2025-05-14 19:55:00,0.0,2025-05-14 19:55:00
2025-05-14 20:00:00,0.0,2025-05-14 20:00:00
2025-05-14 20:05:00,0.0,2025-05-14 20:05:00
2025-05-14 20:10:00,0.0,2025-05-14 20:10:00
2025-05-14 20:15:00,0.0,2025-05-14 20:15:00
2025-05-14 20:20:00,0.0,2025-05-14 20:20:00
2025-05-14 20:25:00,0.0,2025-05-14 20:25:00
2025-05-14 20:30:00,0.0,2025-05-14 20:30:00
2025-05-14 20:35:00,0.0,2025-05-14 20:35:00
2025-05-14 20:40:00,0.0,2025-05-14 20:40:00
2025-05-14 20:45:00,0.0,2025-05-14 20:45:00
2025-05-14 20:50:00,0.0,2025-05-14 20:50:00
2025-05-14 20:55:00,0.0,2025-05-14 20:55:00
2025-05-14 21:00:00,0.0,2025-05-14 21:00:00
2025-05-14 21:05:00,0.0,2025-05-14 21:05:00
2025-05-14 21:10:00,0.0,2025-05-14 21:10:00
2025-05-14 21:15:00,0.0,2025-05-14 21:15:00
2025-05-14 21:20:00,0.0,2025-05-14 21:20:00
2025-05-14 21:25:00,0.0,2025-05-14 21:25:00
2025-05-14 21:30:00,0.0,2025-05-14 21:30:00
2025-05-14 21:35:00,0.0,2025-05-14 21:35:00
2025-05-14 21:40:00,0.0,2025-05-14 21:40:00
2025-05-14 21:45:00,0.0,2025-05-14 21:45:00
2025-05-14 21:50:00,0.0,2025-05-14 21:50:00
2025-05-14 21:55:00,0.0,2025-05-14 21:55:00
2025-05-14 22:00:00,-2187.345,2025-05-14 22:00:00
2025-05-14 22:05:00,-2187.406,2025-05-14 22:05:00
2025-05-14 22:10:00,-2187.432,2025-05-14 22:10:00
2025-05-14 22:15:00,-2187.448,2025-05-14 22:15:00
2025-05-14 22:20:00,-2187.458,2025-05-14 22:20:00
2025-05-14 22:25:00,-2187.465,2025-05-14 22:25:00
2025-05-14 22:30:00,-2187.47,2025-05-14 22:30:00
2025-05-14 22:35:00,-2187.474,2025-05-14 22:35:00
2025-05-14 22:40:00,-2187.476,2025-05-14 22:40:00
2025-05-14 22:45:00,-2187.477,2025-05-14 22:45:00
2025-05-14 22:50:00,-2187.478,2025-05-14 22:50:00
2025-05-14 22:55:00,-2187.477,2025-05-14 22:55:00
2025-05-14 23:00:00,-2187.477,2025-05-14 23:00:00
2025-05-14 23:05:00,-2187.475,2025-05-14 23:05:00
2025-05-14 23:10:00,-2187.474,2025-05-14 23:10:00
2025-05-14 23:15:00,-2187.471,2025-05-14 23:15:00
2025-05-14 23:20:00,-2187.469,2025-05-14 23:20:00
2025-05-14 23:25:00,-2187.466,2025-05-14 23:25:00
2025-05-14 23:30:00,-2187.463,2025-05-14 23:30:00
2025-05-14 23:35:00,-2187.459,2025-05-14 23:35:00
2025-05-14 23:40:00,-2187.456,2025-05-14 23:40:00
2025-05-14 23:45:00,-2187.452,2025-05-14 23:45:00
2025-05-14 23:50:00,-2187.448,2025-05-14 23:50:00
2025-05-14 23:55:00,-2187.444,2025-05-14 23:55:00
2025-05-15 00:00:00,-2187.439,2025-05-15 00:00:00
2025-05-15 00:05:00,-2187.435,2025-05-15 00:05:00
2025-05-15 00:10:00,-2187.431,2025-05-15 00:10:00
2025-05-15 00:15:00,-2187.426,2025-05-15 00:15:00
2025-05-15 00:20:00,-2187.422,2025-05-15 00:20:00
2025-05-15 00:25:00,-2187.417,2025-05-15 00:25:00
2025-05-15 00:30:00,-2187.413,2025-05-15 00:30:00
2025-05-15 00:35:00,-2187.408,2025-05-15 00:35:00
2025-05-15 00:40:00,-2187.404,2025-05-15 00:40:00
2025-05-15 00:45:00,-2187.4,2025-05-15 00:45:00
2025-05-15 00:50:00,-2187.396,2025-05-15 00:50:00
2025-05-15 00:55:00,-2187.391,2025-05-15 00:55:00
2025-05-15 01:00:00,-2187.387,2025-05-15 01:00:00
2025-05-15 01:05:00,-2187.384,2025-05-15 01:05:00
2025-05-15 01:10:00,-2187.38,2025-05-15 01:10:00
2025-05-15 01:15:00,-2187.376,2025-05-15 01:15:00
2025-05-15 01:20:00,-2187.373,2025-05-15 01:20:00
2025-05-15 01:25:00,-2187.37,2025-05-15 01:25:00
2025-05-15 01:30:00,-2187.367,2025-05-15 01:30:00
2025-05-15 01:35:00,-2187.364,2025-05-15 01:35:00
2025-05-15 01:40:00,-2187.361,2025-05-15 01:40:00
2025-05-15 01:45:00,-2187.358,2025-05-15 01:45:00
2025-05-15 01:50:00,-2187.356,2025-05-15 01:50:00
2025-05-15 01:55:00,-2187.354,2025-05-15 01:55:00
2025-05-15 02:00:00,-2187.352,2025-05-15 02:00:00
2025-05-15 02:05:00,-2187.35,2025-05-15 02:05:00
2025-05-15 02:10:00,-2187.349,2025-05-15 02:10:00
2025-05-15 02:15:00,-2187.348,2025-05-15 02:15:00
2025-05-15 02:20:00,-2187.347,2025-05-15 02:20:00
2025-05-15 02:25:00,-2187.346,2025-05-15 02:25:00
2025-05-15 02:30:00,-2187.345,2025-05-15 02:30:00
2025-05-15 02:35:00,-2187.345,2025-05-15 02:35:00
2025-05-15 02:40:00,-2187.345,2025-05-15 02:40:00
2025-05-15 02:45:00,-2187.345,2025-05-15 02:45:00
2025-05-15 02:50:00,-2187.345,2025-05-15 02:50:00
2025-05-15 02:55:00,-2187.346,2025-05-15 02:55:00
2025-05-15 03:00:00,-2187.346,2025-05-15 03:00:00
2025-05-15 03:05:00,-2187.347,2025-05-15 03:05:00
2025-05-15 03:10:00,-2187.348,2025-05-15 03:10:00
2025-05-15 03:15:00,-2187.349,2025-05-15 03:15:00
2025-05-15 03:20:00,-2187.351,2025-05-15 03:20:00
2025-05-15 03:25:00,-2187.352,2025-05-15 03:25:00
2025-05-15 03:30:00,-2187.354,2025-05-15 03:30:00
2025-05-15 03:35:00,-2187.355,2025-05-15 03:35:00
2025-05-15 03:40:00,-2187.357,2025-05-15 03:40:00
2025-05-15 03:45:00,-2187.359,2025-05-15 03:45:00
2025-05-15 03:50:00,-2187.361,2025-05-15 03:50:00
2025-05-15 03:55:00,-2187.363,2025-05-15 03:55:00
2025-05-15 04:00:00,-2187.365,2025-05-15 04:00:00
2025-05-15 04:05:00,-2187.367,2025-05-15 04:05:00
2025-05-15 04:10:00,-2187.369,2025-05-15 04:10:00
2025-05-15 04:15:00,-2187.371,2025-05-15 04:15:00
2025-05-15 04:20:00,-2187.374,2025-05-15 04:20:00
2025-05-15 04:25:00,-2187.375,2025-05-15 04:25:00
2025-05-15 04:30:00,-2187.377,2025-05-15 04:30:00
2025-05-15 04:35:00,-2187.379,2025-05-15 04:35:00
2025-05-15 04:40:00,-2187.38,2025-05-15 04:40:00
2025-05-15 04:45:00,-2187.382,2025-05-15 04:45:00
2025-05-15 04:50:00,-2187.383,2025-05-15 04:50:00
2025-05-15 04:55:00,-2187.383,2025-05-15 04:55:00
2025-05-15 05:00:00,-2187.384,2025-05-15 05:00:00
2025-05-15 05:05:00,-2187.383,2025-05-15 05:05:00
2025-05-15 05:10:00,-2187.383,2025-05-15 05:10:00
2025-05-15 05:15:00,-2187.381,2025-05-15 05:15:00
2025-05-15 05:20:00,-2187.379,2025-05-15 05:20:00
2025-05-15 05:25:00,-2187.376,2025-05-15 05:25:00
2025-05-15 05:30:00,-2187.371,2025-05-15 05:30:00
2025-05-15 05:35:00,-2187.364,2025-05-15 05:35:00
2025-05-15 05:40:00,-2187.354,2025-05-15 05:40:00
2025-05-15 05:45:00,-2187.339,2025-05-15 05:45:00
2025-05-15 05:50:00,-2187.314,2025-05-15 05:50:00
2025-05-15 05:55:00,-2187.255,2025-05-15 05:55:00
2025-05-15 06:00:00,0.0,2025-05-15 06:00:00
2025-05-15 06:05:00,0.0,2025-05-15 06:05:00
2025-05-15 06:10:00,0.0,2025-05-15 06:10:00
2025-05-15 06:15:00,0.0,2025-05-15 06:15:00
2025-05-15 06:20:00,0.0,2025-05-15 06:20:00
2025-05-15 06:25:00,0.0,2025-05-15 06:25:00
2025-05-15 06:30:00,0.0,2025-05-15 06:30:00
2025-05-15 06:35:00,0.0,2025-05-15 06:35:00
2025-05-15 06:40:00,0.0,2025-05-15 06:40:00
2025-05-15 06:45:00,0.0,2025-05-15 06:45:00
2025-05-15 06:50:00,0.0,2025-05-15 06:50:00
2025-05-15 06:55:00,0.0,2025-05-15 06:55:00
2025-05-15 07:00:00,0.0,2025-05-15 07:00:00
2025-05-15 07:05:00,0.0,2025-05-15 07:05:00
2025-05-15 07:10:00,0.0,2025-05-15 07:10:00
2025-05-15 07:15:00,0.0,2025-05-15 07:15:00
2025-05-15 07:20:00,0.0,2025-05-15 07:20:00
2025-05-15 07:25:00,0.0,2025-05-15 07:25:00
2025-05-15 07:30:00,0.0,2025-05-15 07:30:00
2025-05-15 07:35:00,0.0,2025-05-15 07:35:00
2025-05-15 07:40:00,0.0,2025-05-15 07:40:00
2025-05-15 07:45:00,0.0,2025-05-15 07:45:00
2025-05-15 07:50:00,0.0,2025-05-15 07:50:00
2025-05-15 07:55:00,0.0,2025-05-15 07:55:00
2025-05-15 08:00:00,8920.0,2025-05-15 08:00:00
2025-05-15 08:05:00,8920.0,2025-05-15 08:05:00
2025-05-15 08:10:00,8920.0,2025-05-15 08:10:00
2025-05-15 08:15:00,8920.0,2025-05-15 08:15:00
2025-05-15 08:20:00,8920.0,2025-05-15 08:20:00
2025-05-15 08:25:00,8920.0,2025-05-15 08:25:00
2025-05-15 08:30:00,8920.0,2025-05-15 08:30:00
2025-05-15 08:35:00,8920.0,2025-05-15 08:35:00
2025-05-15 08:40:00,8920.0,2025-05-15 08:40:00
2025-05-15 08:45:00,8920.0,2025-05-15 08:45:00
2025-05-15 08:50:00,8920.0,2025-05-15 08:50:00
2025-05-15 08:55:00,8920.0,2025-05-15 08:55:00
2025-05-15 09:00:00,8920.0,2025-05-15 09:00:00
2025-05-15 09:05:00,8920.0,2025-05-15 09:05:00
2025-05-15 09:10:00,8920.0,2025-05-15 09:10:00
2025-05-15 09:15:00,8920.0,2025-05-15 09:15:00
2025-05-15 09:20:00,8920.0,2025-05-15 09:20:00
2025-05-15 09:25:00,8919.999,2025-05-15 09:25:00
2025-05-15 09:30:00,8919.999,2025-05-15 09:30:00
2025-05-15 09:35:00,8919.996,2025-05-15 09:35:00
2025-05-15 09:40:00,5130.876,2025-05-15 09:40:00
2025-05-15 09:45:00,0.0,2025-05-15 09:45:00
2025-05-15 09:50:00,0.0,2025-05-15 09:50:00
2025-05-15 09:55:00,0.0,2025-05-15 09:55:00
2025-05-15 10:00:00,0.0,2025-05-15 10:00:00
2025-05-15 10:05:00,0.0,2025-05-15 10:05:00
2025-05-15 10:10:00,0.0,2025-05-15 10:10:00
2025-05-15 10:15:00,0.0,2025-05-15 10:15:00
2025-05-15 10:20:00,0.0,2025-05-15 10:20:00
2025-05-15 10:25:00,0.0,2025-05-15 10:25:00
2025-05-15 10:30:00,0.0,2025-05-15 10:30:00
2025-05-15 10:35:00,0.0,2025-05-15 10:35:00
2025-05-15 10:40:00,0.0,2025-05-15 10:40:00
2025-05-15 10:45:00,0.0,2025-05-15 10:45:00
2025-05-15 10:50:00,0.0,2025-05-15 10:50:00
2025-05-15 10:55:00,0.0,2025-05-15 10:55:00
2025-05-15 11:00:00,-2499.876,2025-05-15 11:00:00
2025-05-15 11:05:00,-2499.876,2025-05-15 11:05:00
2025-05-15 11:10:00,-2499.876,2025-05-15 11:10:00
2025-05-15 11:15:00,-2499.876,2025-05-15 11:15:00
2025-05-15 11:20:00,-2499.876,2025-05-15 11:20:00
2025-05-15 11:25:00,-2499.876,2025-05-15 11:25:00
2025-05-15 11:30:00,-2499.876,2025-05-15 11:30:00
2025-05-15 11:35:00,-2499.876,2025-05-15 11:35:00
2025-05-15 11:40:00,-2499.876,2025-05-15 11:40:00
2025-05-15 11:45:00,-2499.876,2025-05-15 11:45:00
2025-05-15 11:50:00,-2499.876,2025-05-15 11:50:00
2025-05-15 11:55:00,-2499.876,2025-05-15 11:55:00
2025-05-15 12:00:00,-2499.876,2025-05-15 12:00:00
2025-05-15 12:05:00,-2499.876,2025-05-15 12:05:00
2025-05-15 12:10:00,-2499.876,2025-05-15 12:10:00
2025-05-15 12:15:00,-2499.876,2025-05-15 12:15:00
2025-05-15 12:20:00,-2499.876,2025-05-15 12:20:00
2025-05-15 12:25:00,-2499.876,2025-05-15 12:25:00
2025-05-15 12:30:00,-2499.876,2025-05-15 12:30:00
2025-05-15 12:35:00,-2499.876,2025-05-15 12:35:00
2025-05-15 12:40:00,-2499.876,2025-05-15 12:40:00
2025-05-15 12:45:00,-2499.876,2025-05-15 12:45:00
2025-05-15 12:50:00,-2499.876,2025-05-15 12:50:00
2025-05-15 12:55:00,-2499.876,2025-05-15 12:55:00
2025-05-15 13:00:00,-2499.876,2025-05-15 13:00:00
2025-05-15 13:05:00,-2499.876,2025-05-15 13:05:00
2025-05-15 13:10:00,-2499.876,2025-05-15 13:10:00
2025-05-15 13:15:00,-2499.876,2025-05-15 13:15:00
2025-05-15 13:20:00,-2499.876,2025-05-15 13:20:00
2025-05-15 13:25:00,-2499.876,2025-05-15 13:25:00
2025-05-15 13:30:00,-2499.876,2025-05-15 13:30:00
2025-05-15 13:35:00,-2499.876,2025-05-15 13:35:00
2025-05-15 13:40:00,-2499.876,2025-05-15 13:40:00
2025-05-15 13:45:00,-2499.876,2025-05-15 13:45:00
2025-05-15 13:50:00,-2499.876,2025-05-15 13:50:00
2025-05-15 13:55:00,-2499.876,2025-05-15 13:55:00
2025-05-15 14:00:00,-2499.876,2025-05-15 14:00:00
2025-05-15 14:05:00,-2499.876,2025-05-15 14:05:00
2025-05-15 14:10:00,-2499.876,2025-05-15 14:10:00
2025-05-15 14:15:00,-2499.876,2025-05-15 14:15:00
2025-05-15 14:20:00,-2499.876,2025-05-15 14:20:00
2025-05-15 14:25:00,-2499.876,2025-05-15 14:25:00
2025-05-15 14:30:00,-2499.876,2025-05-15 14:30:00
2025-05-15 14:35:00,-2499.876,2025-05-15 14:35:00
2025-05-15 14:40:00,-2499.876,2025-05-15 14:40:00
2025-05-15 14:45:00,-2499.876,2025-05-15 14:45:00
2025-05-15 14:50:00,-2499.876,2025-05-15 14:50:00
2025-05-15 14:55:00,-2499.876,2025-05-15 14:55:00
2025-05-15 15:00:00,-2499.876,2025-05-15 15:00:00
2025-05-15 15:05:00,-2499.876,2025-05-15 15:05:00
2025-05-15 15:10:00,-2499.876,2025-05-15 15:10:00
2025-05-15 15:15:00,-2499.876,2025-05-15 15:15:00
2025-05-15 15:20:00,-2499.876,2025-05-15 15:20:00
2025-05-15 15:25:00,-2499.876,2025-05-15 15:25:00
2025-05-15 15:30:00,-2499.876,2025-05-15 15:30:00
2025-05-15 15:35:00,-2499.876,2025-05-15 15:35:00
2025-05-15 15:40:00,-2499.876,2025-05-15 15:40:00
2025-05-15 15:45:00,-2499.876,2025-05-15 15:45:00
2025-05-15 15:50:00,-2499.876,2025-05-15 15:50:00
2025-05-15 15:55:00,-2499.876,2025-05-15 15:55:00
2025-05-15 16:00:00,-2499.876,2025-05-15 16:00:00
2025-05-15 16:05:00,-2499.876,2025-05-15 16:05:00
2025-05-15 16:10:00,-2499.876,2025-05-15 16:10:00
2025-05-15 16:15:00,-2499.876,2025-05-15 16:15:00
2025-05-15 16:20:00,-2499.876,2025-05-15 16:20:00
2025-05-15 16:25:00,-2499.876,2025-05-15 16:25:00
2025-05-15 16:30:00,-2499.876,2025-05-15 16:30:00
2025-05-15 16:35:00,-2499.876,2025-05-15 16:35:00
2025-05-15 16:40:00,-2499.876,2025-05-15 16:40:00
2025-05-15 16:45:00,-2499.876,2025-05-15 16:45:00
2025-05-15 16:50:00,-2499.876,2025-05-15 16:50:00
2025-05-15 16:55:00,-2499.876,2025-05-15 16:55:00
2025-05-15 17:00:00,-2499.876,2025-05-15 17:00:00
2025-05-15 17:05:00,-2499.876,2025-05-15 17:05:00
2025-05-15 17:10:00,-2499.876,2025-05-15 17:10:00
2025-05-15 17:15:00,-2499.876,2025-05-15 17:15:00
2025-05-15 17:20:00,-2499.876,2025-05-15 17:20:00
2025-05-15 17:25:00,-2499.876,2025-05-15 17:25:00
2025-05-15 17:30:00,-2499.876,2025-05-15 17:30:00
2025-05-15 17:35:00,-2499.876,2025-05-15 17:35:00
2025-05-15 17:40:00,-2499.876,2025-05-15 17:40:00
2025-05-15 17:45:00,-2499.876,2025-05-15 17:45:00
2025-05-15 17:50:00,-2499.876,2025-05-15 17:50:00
2025-05-15 17:55:00,-2499.876,2025-05-15 17:55:00
2025-05-15 18:00:00,8920.0,2025-05-15 18:00:00
2025-05-15 18:05:00,8920.0,2025-05-15 18:05:00
2025-05-15 18:10:00,8920.0,2025-05-15 18:10:00
2025-05-15 18:15:00,8920.0,2025-05-15 18:15:00
2025-05-15 18:20:00,8920.0,2025-05-15 18:20:00
2025-05-15 18:25:00,8920.0,2025-05-15 18:25:00
2025-05-15 18:30:00,8920.0,2025-05-15 18:30:00
2025-05-15 18:35:00,8920.0,2025-05-15 18:35:00
2025-05-15 18:40:00,8920.0,2025-05-15 18:40:00
2025-05-15 18:45:00,8920.0,2025-05-15 18:45:00
2025-05-15 18:50:00,8920.0,2025-05-15 18:50:00
2025-05-15 18:55:00,8920.0,2025-05-15 18:55:00
2025-05-15 19:00:00,8920.0,2025-05-15 19:00:00
2025-05-15 19:05:00,8920.0,2025-05-15 19:05:00
2025-05-15 19:10:00,8920.0,2025-05-15 19:10:00
2025-05-15 19:15:00,8920.0,2025-05-15 19:15:00
2025-05-15 19:20:00,8920.0,2025-05-15 19:20:00
2025-05-15 19:25:00,8919.999,2025-05-15 19:25:00
2025-05-15 19:30:00,8919.999,2025-05-15 19:30:00
2025-05-15 19:35:00,8919.996,2025-05-15 19:35:00
2025-05-15 19:40:00,5130.876,2025-05-15 19:40:00
2025-05-15 19:45:00,0.0,2025-05-15 19:45:00
2025-05-15 19:50:00,0.0,2025-05-15 19:50:00
2025-05-15 19:55:00,0.0,2025-05-15 19:55:00
2025-05-15 20:00:00,0.0,2025-05-15 20:00:00
2025-05-15 20:05:00,0.0,2025-05-15 20:05:00
2025-05-15 20:10:00,0.0,2025-05-15 20:10:00
2025-05-15 20:15:00,0.0,2025-05-15 20:15:00
2025-05-15 20:20:00,0.0,2025-05-15 20:20:00
2025-05-15 20:25:00,0.0,2025-05-15 20:25:00
2025-05-15 20:30:00,0.0,2025-05-15 20:30:00
2025-05-15 20:35:00,0.0,2025-05-15 20:35:00
2025-05-15 20:40:00,0.0,2025-05-15 20:40:00
2025-05-15 20:45:00,0.0,2025-05-15 20:45:00
2025-05-15 20:50:00,0.0,2025-05-15 20:50:00
2025-05-15 20:55:00,0.0,2025-05-15 20:55:00
2025-05-15 21:00:00,0.0,2025-05-15 21:00:00
2025-05-15 21:05:00,0.0,2025-05-15 21:05:00
2025-05-15 21:10:00,0.0,2025-05-15 21:10:00
2025-05-15 21:15:00,0.0,2025-05-15 21:15:00
2025-05-15 21:20:00,0.0,2025-05-15 21:20:00
2025-05-15 21:25:00,0.0,2025-05-15 21:25:00
2025-05-15 21:30:00,0.0,2025-05-15 21:30:00
2025-05-15 21:35:00,0.0,2025-05-15 21:35:00
2025-05-15 21:40:00,0.0,2025-05-15 21:40:00
2025-05-15 21:45:00,0.0,2025-05-15 21:45:00
2025-05-15 21:50:00,0.0,2025-05-15 21:50:00
2025-05-15 21:55:00,0.0,2025-05-15 21:55:00
2025-05-15 22:00:00,-2187.17,2025-05-15 22:00:00
2025-05-15 22:05:00,-2187.306,2025-05-15 22:05:00
2025-05-15 22:10:00,-2187.366,2025-05-15 22:10:00
2025-05-15 22:15:00,-2187.402,2025-05-15 22:15:00
2025-05-15 22:20:00,-2187.426,2025-05-15 22:20:00
2025-05-15 22:25:00,-2187.445,2025-05-15 22:25:00
2025-05-15 22:30:00,-2187.458,2025-05-15 22:30:00
2025-05-15 22:35:00,-2187.469,2025-05-15 22:35:00
2025-05-15 22:40:00,-2187.477,2025-05-15 22:40:00
2025-05-15 22:45:00,-2187.484,2025-05-15 22:45:00
2025-05-15 22:50:00,-2187.489,2025-05-15 22:50:00
2025-05-15 22:55:00,-2187.492,2025-05-15 22:55:00
2025-05-15 23:00:00,-2187.495,2025-05-15 23:00:00
2025-05-15 23:05:00,-2187.496,2025-05-15 23:05:00
2025-05-15 23:10:00,-2187.497,2025-05-15 23:10:00
2025-05-15 23:15:00,-2187.497,2025-05-15 23:15:00
2025-05-15 23:20:00,-2187.496,2025-05-15 23:20:00
2025-05-15 23:25:00,-2187.494,2025-05-15 23:25:00
2025-05-15 23:30:00,-2187.493,2025-05-15 23:30:00
2025-05-15 23:35:00,-2187.49,2025-05-15 23:35:00
2025-05-15 23:40:00,-2187.487,2025-05-15 23:40:00
2025-05-15 23:45:00,-2187.484,2025-05-15 23:45:00
2025-05-15 23:50:00,-2187.48,2025-05-15 23:50:00
2025-05-15 23:55:00,-2187.476,2025-05-15 23:55:00
2025-05-16 00:00:00,-2187.472,2025-05-16 00:00:00
2025-05-16 00:05:00,-2187.468,2025-05-16 00:05:00
2025-05-16 00:10:00,-2187.463,2025-05-16 00:10:00
2025-05-16 00:15:00,-2187.458,2025-05-16 00:15:00
2025-05-16 00:20:00,-2187.453,2025-05-16 00:20:00
2025-05-16 00:25:00,-2187.448,2025-05-16 00:25:00
2025-05-16 00:30:00,-2187.443,2025-05-16 00:30:00
2025-05-16 00:35:00,-2187.438,2025-05-16 00:35:00
2025-05-16 00:40:00,-2187.433,2025-05-16 00:40:00
2025-05-16 00:45:00,-2187.428,2025-05-16 00:45:00
2025-05-16 00:50:00,-2187.423,2025-05-16 00:50:00
2025-05-16 00:55:00,-2187.418,2025-05-16 00:55:00
2025-05-16 01:00:00,-2187.414,2025-05-16 01:00:00
2025-05-16 01:05:00,-2187.409,2025-05-16 01:05:00
2025-05-16 01:10:00,-2187.404,2025-05-16 01:10:00
2025-05-16 01:15:00,-2187.4,2025-05-16 01:15:00
2025-05-16 01:20:00,-2187.396,2025-05-16 01:20:00
2025-05-16 01:25:00,-2187.392,2025-05-16 01:25:00
2025-05-16 01:30:00,-2187.388,2025-05-16 01:30:00
2025-05-16 01:35:00,-2187.384,2025-05-16 01:35:00
2025-05-16 01:40:00,-2187.381,2025-05-16 01:40:00
2025-05-16 01:45:00,-2187.378,2025-05-16 01:45:00
2025-05-16 01:50:00,-2187.375,2025-05-16 01:50:00
2025-05-16 01:55:00,-2187.372,2025-05-16 01:55:00
2025-05-16 02:00:00,-2187.37,2025-05-16 02:00:00
2025-05-16 02:05:00,-2187.368,2025-05-16 02:05:00
2025-05-16 02:10:00,-2187.366,2025-05-16 02:10:00
2025-05-16 02:15:00,-2187.364,2025-05-16 02:15:00
2025-05-16 02:20:00,-2187.362,2025-05-16 02:20:00
2025-05-16 02:25:00,-2187.361,2025-05-16 02:25:00
2025-05-16 02:30:00,-2187.36,2025-05-16 02:30:00
2025-05-16 02:35:00,-2187.359,2025-05-16 02:35:00
2025-05-16 02:40:00,-2187.359,2025-05-16 02:40:00
2025-05-16 02:45:00,-2187.359,2025-05-16 02:45:00
2025-05-16 02:50:00,-2187.359,2025-05-16 02:50:00
2025-05-16 02:55:00,-2187.359,2025-05-16 02:55:00
2025-05-16 03:00:00,-2187.359,2025-05-16 03:00:00
2025-05-16 03:05:00,-2187.36,2025-05-16 03:05:00
2025-05-16 03:10:00,-2187.36,2025-05-16 03:10:00
2025-05-16 03:15:00,-2187.361,2025-05-16 03:15:00
2025-05-16 03:20:00,-2187.362,2025-05-16 03:20:00
2025-05-16 03:25:00,-2187.363,2025-05-16 03:25:00
2025-05-16 03:30:00,-2187.365,2025-05-16 03:30:00
2025-05-16 03:35:00,-2187.366,2025-05-16 03:35:00
2025-05-16 03:40:00,-2187.367,2025-05-16 03:40:00
2025-05-16 03:45:00,-2187.369,2025-05-16 03:45:00
2025-05-16 03:50:00,-2187.37,2025-05-16 03:50:00
2025-05-16 03:55:00,-2187.371,2025-05-16 03:55:00
2025-05-16 04:00:00,-2187.373,2025-05-16 04:00:00
2025-05-16 04:05:00,-2187.374,2025-05-16 04:05:00
2025-05-16 04:10:00,-2187.375,2025-05-16 04:10:00
2025-05-16 04:15:00,-2187.376,2025-05-16 04:15:00
2025-05-16 04:20:00,-2187.377,2025-05-16 04:20:00
2025-05-16 04:25:00,-2187.377,2025-05-16 04:25:00
2025-05-16 04:30:00,-2187.377,2025-05-16 04:30:00
2025-05-16 04:35:00,-2187.377,2025-05-16 04:35:00
2025-05-16 04:40:00,-2187.376,2025-05-16 04:40:00
2025-05-16 04:45:00,-2187.375,2025-05-16 04:45:00
2025-05-16 04:50:00,-2187.373,2025-05-16 04:50:00
2025-05-16 04:55:00,-2187.37,2025-05-16 04:55:00
2025-05-16 05:00:00,-2187.367,2025-05-16 05:00:00
2025-05-16 05:05:00,-2187.362,2025-05-16 05:05:00
2025-05-16 05:10:00,-2187.357,2025-05-16 05:10:00
2025-05-16 05:15:00,-2187.35,2025-05-16 05:15:00
2025-05-16 05:20:00,-2187.341,2025-05-16 05:20:00
2025-05-16 05:25:00,-2187.329,2025-05-16 05:25:00
2025-05-16 05:30:00,-2187.315,2025-05-16 05:30:00
2025-05-16 05:35:00,-2187.297,2025-05-16 05:35:00
2025-05-16 05:40:00,-2187.271,2025-05-16 05:40:00
2025-05-16 05:45:00,-2187.235,2025-05-16 05:45:00
2025-05-16 05:50:00,-2187.176,2025-05-16 05:50:00
2025-05-16 05:55:00,-2187.041,2025-05-16 05:55:00
2025-05-16 06:00:00,0.0,2025-05-16 06:00:00
2025-05-16 06:05:00,0.0,2025-05-16 06:05:00
2025-05-16 06:10:00,0.0,2025-05-16 06:10:00
2025-05-16 06:15:00,0.0,2025-05-16 06:15:00
2025-05-16 06:20:00,0.0,2025-05-16 06:20:00
2025-05-16 06:25:00,0.0,2025-05-16 06:25:00
2025-05-16 06:30:00,0.0,2025-05-16 06:30:00
2025-05-16 06:35:00,0.0,2025-05-16 06:35:00
2025-05-16 06:40:00,0.0,2025-05-16 06:40:00
2025-05-16 06:45:00,0.0,2025-05-16 06:45:00
2025-05-16 06:50:00,0.0,2025-05-16 06:50:00
2025-05-16 06:55:00,0.0,2025-05-16 06:55:00
2025-05-16 07:00:00,0.0,2025-05-16 07:00:00
2025-05-16 07:05:00,0.0,2025-05-16 07:05:00
2025-05-16 07:10:00,0.0,2025-05-16 07:10:00
2025-05-16 07:15:00,0.0,2025-05-16 07:15:00
2025-05-16 07:20:00,0.0,2025-05-16 07:20:00
2025-05-16 07:25:00,0.0,2025-05-16 07:25:00
2025-05-16 07:30:00,0.0,2025-05-16 07:30:00
2025-05-16 07:35:00,0.0,2025-05-16 07:35:00
2025-05-16 07:40:00,0.0,2025-05-16 07:40:00
2025-05-16 07:45:00,0.0,2025-05-16 07:45:00
2025-05-16 07:50:00,0.0,2025-05-16 07:50:00
2025-05-16 07:55:00,0.0,2025-05-16 07:55:00
2025-05-16 08:00:00,8920.0,2025-05-16 08:00:00
2025-05-16 08:05:00,8920.0,2025-05-16 08:05:00
2025-05-16 08:10:00,8920.0,2025-05-16 08:10:00
2025-05-16 08:15:00,8920.0,2025-05-16 08:15:00
2025-05-16 08:20:00,8920.0,2025-05-16 08:20:00
2025-05-16 08:25:00,8920.0,2025-05-16 08:25:00
2025-05-16 08:30:00,8920.0,2025-05-16 08:30:00
2025-05-16 08:35:00,8920.0,2025-05-16 08:35:00
2025-05-16 08:40:00,8920.0,2025-05-16 08:40:00
2025-05-16 08:45:00,8920.0,2025-05-16 08:45:00
2025-05-16 08:50:00,8920.0,2025-05-16 08:50:00
2025-05-16 08:55:00,8920.0,2025-05-16 08:55:00
2025-05-16 09:00:00,8920.0,2025-05-16 09:00:00
2025-05-16 09:05:00,8920.0,2025-05-16 09:05:00
2025-05-16 09:10:00,8920.0,2025-05-16 09:10:00
2025-05-16 09:15:00,8920.0,2025-05-16 09:15:00
2025-05-16 09:20:00,8919.999,2025-05-16 09:20:00
2025-05-16 09:25:00,8919.999,2025-05-16 09:25:00
2025-05-16 09:30:00,8919.999,2025-05-16 09:30:00
2025-05-16 09:35:00,8919.995,2025-05-16 09:35:00
2025-05-16 09:40:00,5130.875,2025-05-16 09:40:00
2025-05-16 09:45:00,0.0,2025-05-16 09:45:00
2025-05-16 09:50:00,0.0,2025-05-16 09:50:00
2025-05-16 09:55:00,0.0,2025-05-16 09:55:00
2025-05-16 10:00:00,0.0,2025-05-16 10:00:00
2025-05-16 10:05:00,0.0,2025-05-16 10:05:00
2025-05-16 10:10:00,0.0,2025-05-16 10:10:00
2025-05-16 10:15:00,0.0,2025-05-16 10:15:00
2025-05-16 10:20:00,0.0,2025-05-16 10:20:00
2025-05-16 10:25:00,0.0,2025-05-16 10:25:00
2025-05-16 10:30:00,0.0,2025-05-16 10:30:00
2025-05-16 10:35:00,0.0,2025-05-16 10:35:00
2025-05-16 10:40:00,0.0,2025-05-16 10:40:00
2025-05-16 10:45:00,0.0,2025-05-16 10:45:00
2025-05-16 10:50:00,0.0,2025-05-16 10:50:00
2025-05-16 10:55:00,0.0,2025-05-16 10:55:00
2025-05-16 11:00:00,-2499.876,2025-05-16 11:00:00
2025-05-16 11:05:00,-2499.876,2025-05-16 11:05:00
2025-05-16 11:10:00,-2499.876,2025-05-16 11:10:00
2025-05-16 11:15:00,-2499.876,2025-05-16 11:15:00
2025-05-16 11:20:00,-2499.876,2025-05-16 11:20:00
2025-05-16 11:25:00,-2499.876,2025-05-16 11:25:00
2025-05-16 11:30:00,-2499.876,2025-05-16 11:30:00
2025-05-16 11:35:00,-2499.876,2025-05-16 11:35:00
2025-05-16 11:40:00,-2499.876,2025-05-16 11:40:00
2025-05-16 11:45:00,-2499.876,2025-05-16 11:45:00
2025-05-16 11:50:00,-2499.876,2025-05-16 11:50:00
2025-05-16 11:55:00,-2499.876,2025-05-16 11:55:00
2025-05-16 12:00:00,-2499.876,2025-05-16 12:00:00
2025-05-16 12:05:00,-2499.876,2025-05-16 12:05:00
2025-05-16 12:10:00,-2499.876,2025-05-16 12:10:00
2025-05-16 12:15:00,-2499.876,2025-05-16 12:15:00
2025-05-16 12:20:00,-2499.876,2025-05-16 12:20:00
2025-05-16 12:25:00,-2499.876,2025-05-16 12:25:00
2025-05-16 12:30:00,-2499.876,2025-05-16 12:30:00
2025-05-16 12:35:00,-2499.876,2025-05-16 12:35:00
2025-05-16 12:40:00,-2499.876,2025-05-16 12:40:00
2025-05-16 12:45:00,-2499.876,2025-05-16 12:45:00
2025-05-16 12:50:00,-2499.876,2025-05-16 12:50:00
2025-05-16 12:55:00,-2499.876,2025-05-16 12:55:00
2025-05-16 13:00:00,-2499.876,2025-05-16 13:00:00
2025-05-16 13:05:00,-2499.876,2025-05-16 13:05:00
2025-05-16 13:10:00,-2499.876,2025-05-16 13:10:00
2025-05-16 13:15:00,-2499.876,2025-05-16 13:15:00
2025-05-16 13:20:00,-2499.876,2025-05-16 13:20:00
2025-05-16 13:25:00,-2499.876,2025-05-16 13:25:00
2025-05-16 13:30:00,-2499.876,2025-05-16 13:30:00
2025-05-16 13:35:00,-2499.876,2025-05-16 13:35:00
2025-05-16 13:40:00,-2499.876,2025-05-16 13:40:00
2025-05-16 13:45:00,-2499.876,2025-05-16 13:45:00
2025-05-16 13:50:00,-2499.876,2025-05-16 13:50:00
2025-05-16 13:55:00,-2499.876,2025-05-16 13:55:00
2025-05-16 14:00:00,-2499.876,2025-05-16 14:00:00
2025-05-16 14:05:00,-2499.876,2025-05-16 14:05:00
2025-05-16 14:10:00,-2499.876,2025-05-16 14:10:00
2025-05-16 14:15:00,-2499.876,2025-05-16 14:15:00
2025-05-16 14:20:00,-2499.876,2025-05-16 14:20:00
2025-05-16 14:25:00,-2499.876,2025-05-16 14:25:00
2025-05-16 14:30:00,-2499.876,2025-05-16 14:30:00
2025-05-16 14:35:00,-2499.876,2025-05-16 14:35:00
2025-05-16 14:40:00,-2499.876,2025-05-16 14:40:00
2025-05-16 14:45:00,-2499.876,2025-05-16 14:45:00
2025-05-16 14:50:00,-2499.876,2025-05-16 14:50:00
2025-05-16 14:55:00,-2499.876,2025-05-16 14:55:00
2025-05-16 15:00:00,-2499.876,2025-05-16 15:00:00
2025-05-16 15:05:00,-2499.876,2025-05-16 15:05:00
2025-05-16 15:10:00,-2499.876,2025-05-16 15:10:00
2025-05-16 15:15:00,-2499.876,2025-05-16 15:15:00
2025-05-16 15:20:00,-2499.876,2025-05-16 15:20:00
2025-05-16 15:25:00,-2499.876,2025-05-16 15:25:00
2025-05-16 15:30:00,-2499.876,2025-05-16 15:30:00
2025-05-16 15:35:00,-2499.876,2025-05-16 15:35:00
2025-05-16 15:40:00,-2499.876,2025-05-16 15:40:00
2025-05-16 15:45:00,-2499.876,2025-05-16 15:45:00
2025-05-16 15:50:00,-2499.876,2025-05-16 15:50:00
2025-05-16 15:55:00,-2499.876,2025-05-16 15:55:00
2025-05-16 16:00:00,-2499.876,2025-05-16 16:00:00
2025-05-16 16:05:00,-2499.876,2025-05-16 16:05:00
2025-05-16 16:10:00,-2499.876,2025-05-16 16:10:00
2025-05-16 16:15:00,-2499.876,2025-05-16 16:15:00
2025-05-16 16:20:00,-2499.876,2025-05-16 16:20:00
2025-05-16 16:25:00,-2499.876,2025-05-16 16:25:00
2025-05-16 16:30:00,-2499.876,2025-05-16 16:30:00
2025-05-16 16:35:00,-2499.876,2025-05-16 16:35:00
2025-05-16 16:40:00,-2499.876,2025-05-16 16:40:00
2025-05-16 16:45:00,-2499.876,2025-05-16 16:45:00
2025-05-16 16:50:00,-2499.876,2025-05-16 16:50:00
2025-05-16 16:55:00,-2499.876,2025-05-16 16:55:00
2025-05-16 17:00:00,-2499.876,2025-05-16 17:00:00
2025-05-16 17:05:00,-2499.876,2025-05-16 17:05:00
2025-05-16 17:10:00,-2499.876,2025-05-16 17:10:00
2025-05-16 17:15:00,-2499.876,2025-05-16 17:15:00
2025-05-16 17:20:00,-2499.876,2025-05-16 17:20:00
2025-05-16 17:25:00,-2499.876,2025-05-16 17:25:00
2025-05-16 17:30:00,-2499.876,2025-05-16 17:30:00
2025-05-16 17:35:00,-2499.876,2025-05-16 17:35:00
2025-05-16 17:40:00,-2499.876,2025-05-16 17:40:00
2025-05-16 17:45:00,-2499.876,2025-05-16 17:45:00
2025-05-16 17:50:00,-2499.876,2025-05-16 17:50:00
2025-05-16 17:55:00,-2499.876,2025-05-16 17:55:00
2025-05-16 18:00:00,8920.0,2025-05-16 18:00:00
2025-05-16 18:05:00,8920.0,2025-05-16 18:05:00
2025-05-16 18:10:00,8920.0,2025-05-16 18:10:00
2025-05-16 18:15:00,8920.0,2025-05-16 18:15:00
2025-05-16 18:20:00,8920.0,2025-05-16 18:20:00
2025-05-16 18:25:00,8920.0,2025-05-16 18:25:00
2025-05-16 18:30:00,8920.0,2025-05-16 18:30:00
2025-05-16 18:35:00,8920.0,2025-05-16 18:35:00
2025-05-16 18:40:00,8920.0,2025-05-16 18:40:00
2025-05-16 18:45:00,8920.0,2025-05-16 18:45:00
2025-05-16 18:50:00,8920.0,2025-05-16 18:50:00
2025-05-16 18:55:00,8920.0,2025-05-16 18:55:00
2025-05-16 19:00:00,8920.0,2025-05-16 19:00:00
2025-05-16 19:05:00,8920.0,2025-05-16 19:05:00
2025-05-16 19:10:00,8920.0,2025-05-16 19:10:00
2025-05-16 19:15:00,8920.0,2025-05-16 19:15:00
2025-05-16 19:20:00,8919.999,2025-05-16 19:20:00
2025-05-16 19:25:00,8919.999,2025-05-16 19:25:00
2025-05-16 19:30:00,8919.999,2025-05-16 19:30:00
2025-05-16 19:35:00,8919.995,2025-05-16 19:35:00
2025-05-16 19:40:00,5130.875,2025-05-16 19:40:00
2025-05-16 19:45:00,0.0,2025-05-16 19:45:00
2025-05-16 19:50:00,0.0,2025-05-16 19:50:00
2025-05-16 19:55:00,0.0,2025-05-16 19:55:00
2025-05-16 20:00:00,0.0,2025-05-16 20:00:00
2025-05-16 20:05:00,0.0,2025-05-16 20:05:00
2025-05-16 20:10:00,0.0,2025-05-16 20:10:00
2025-05-16 20:15:00,0.0,2025-05-16 20:15:00
2025-05-16 20:20:00,0.0,2025-05-16 20:20:00
2025-05-16 20:25:00,0.0,2025-05-16 20:25:00
2025-05-16 20:30:00,0.0,2025-05-16 20:30:00
2025-05-16 20:35:00,0.0,2025-05-16 20:35:00
2025-05-16 20:40:00,0.0,2025-05-16 20:40:00
2025-05-16 20:45:00,0.0,2025-05-16 20:45:00
2025-05-16 20:50:00,0.0,2025-05-16 20:50:00
2025-05-16 20:55:00,0.0,2025-05-16 20:55:00
2025-05-16 21:00:00,0.0,2025-05-16 21:00:00
2025-05-16 21:05:00,0.0,2025-05-16 21:05:00
2025-05-16 21:10:00,0.0,2025-05-16 21:10:00
2025-05-16 21:15:00,0.0,2025-05-16 21:15:00
2025-05-16 21:20:00,0.0,2025-05-16 21:20:00
2025-05-16 21:25:00,0.0,2025-05-16 21:25:00
2025-05-16 21:30:00,0.0,2025-05-16 21:30:00
2025-05-16 21:35:00,0.0,2025-05-16 21:35:00
2025-05-16 21:40:00,0.0,2025-05-16 21:40:00
2025-05-16 21:45:00,0.0,2025-05-16 21:45:00
2025-05-16 21:50:00,0.0,2025-05-16 21:50:00
2025-05-16 21:55:00,0.0,2025-05-16 21:55:00
2025-05-16 22:00:00,-1249.634,2025-05-16 22:00:00
2025-05-16 22:05:00,-1249.824,2025-05-16 22:05:00
2025-05-16 22:10:00,-1249.854,2025-05-16 22:10:00
2025-05-16 22:15:00,-1249.86,2025-05-16 22:15:00
2025-05-16 22:20:00,-1249.866,2025-05-16 22:20:00
2025-05-16 22:25:00,-1249.877,2025-05-16 22:25:00
2025-05-16 22:30:00,-1249.89,2025-05-16 22:30:00
2025-05-16 22:35:00,-1249.904,2025-05-16 22:35:00
2025-05-16 22:40:00,-1249.918,2025-05-16 22:40:00
2025-05-16 22:45:00,-1249.932,2025-05-16 22:45:00
2025-05-16 22:50:00,-1249.945,2025-05-16 22:50:00
2025-05-16 22:55:00,-1249.956,2025-05-16 22:55:00
2025-05-16 23:00:00,-1249.966,2025-05-16 23:00:00
2025-05-16 23:05:00,-1249.975,2025-05-16 23:05:00
2025-05-16 23:10:00,-1249.983,2025-05-16 23:10:00
2025-05-16 23:15:00,-1249.989,2025-05-16 23:15:00
2025-05-16 23:20:00,-1249.996,2025-05-16 23:20:00
2025-05-16 23:25:00,-1250.002,2025-05-16 23:25:00
2025-05-16 23:30:00,-1250.007,2025-05-16 23:30:00
2025-05-16 23:35:00,-1250.013,2025-05-16 23:35:00
2025-05-16 23:40:00,-1250.019,2025-05-16 23:40:00
2025-05-16 23:45:00,-1250.026,2025-05-16 23:45:00
2025-05-16 23:50:00,-1250.033,2025-05-16 23:50:00
2025-05-16 23:55:00,-1250.041,2025-05-16 23:55:00
2025-05-17 00:00:00,-2499.876,2025-05-17 00:00:00
2025-05-17 00:05:00,-2499.876,2025-05-17 00:05:00
2025-05-17 00:10:00,-2499.876,2025-05-17 00:10:00
2025-05-17 00:15:00,-2499.876,2025-05-17 00:15:00
2025-05-17 00:20:00,-2499.876,2025-05-17 00:20:00
2025-05-17 00:25:00,-2499.876,2025-05-17 00:25:00
2025-05-17 00:30:00,-2499.876,2025-05-17 00:30:00
2025-05-17 00:35:00,-2499.876,2025-05-17 00:35:00
2025-05-17 00:40:00,-2499.876,2025-05-17 00:40:00
2025-05-17 00:45:00,-2499.876,2025-05-17 00:45:00
2025-05-17 00:50:00,-2499.876,2025-05-17 00:50:00
2025-05-17 00:55:00,-2499.876,2025-05-17 00:55:00
2025-05-17 01:00:00,-2499.876,2025-05-17 01:00:00
2025-05-17 01:05:00,-2499.876,2025-05-17 01:05:00
2025-05-17 01:10:00,-2499.876,2025-05-17 01:10:00
2025-05-17 01:15:00,-2499.876,2025-05-17 01:15:00
2025-05-17 01:20:00,-2499.876,2025-05-17 01:20:00
2025-05-17 01:25:00,-2499.876,2025-05-17 01:25:00
2025-05-17 01:30:00,-2499.876,2025-05-17 01:30:00
2025-05-17 01:35:00,-2499.876,2025-05-17 01:35:00
2025-05-17 01:40:00,-2499.876,2025-05-17 01:40:00
2025-05-17 01:45:00,-2499.876,2025-05-17 01:45:00
2025-05-17 01:50:00,-2499.876,2025-05-17 01:50:00
2025-05-17 01:55:00,-2499.876,2025-05-17 01:55:00
2025-05-17 02:00:00,-2499.876,2025-05-17 02:00:00
2025-05-17 02:05:00,-2499.876,2025-05-17 02:05:00
2025-05-17 02:10:00,-2499.876,2025-05-17 02:10:00
2025-05-17 02:15:00,-2499.876,2025-05-17 02:15:00
2025-05-17 02:20:00,-2499.876,2025-05-17 02:20:00
2025-05-17 02:25:00,-2499.876,2025-05-17 02:25:00
2025-05-17 02:30:00,-2499.876,2025-05-17 02:30:00
2025-05-17 02:35:00,-2499.876,2025-05-17 02:35:00
2025-05-17 02:40:00,-2499.876,2025-05-17 02:40:00
2025-05-17 02:45:00,-2499.876,2025-05-17 02:45:00
2025-05-17 02:50:00,-2499.876,2025-05-17 02:50:00
2025-05-17 02:55:00,-2499.876,2025-05-17 02:55:00
2025-05-17 03:00:00,-2499.876,2025-05-17 03:00:00
2025-05-17 03:05:00,-2499.876,2025-05-17 03:05:00
2025-05-17 03:10:00,-2499.876,2025-05-17 03:10:00
2025-05-17 03:15:00,-2499.876,2025-05-17 03:15:00
2025-05-17 03:20:00,-2499.876,2025-05-17 03:20:00
2025-05-17 03:25:00,-2499.876,2025-05-17 03:25:00
2025-05-17 03:30:00,-2499.876,2025-05-17 03:30:00
2025-05-17 03:35:00,-2499.876,2025-05-17 03:35:00
2025-05-17 03:40:00,-2499.876,2025-05-17 03:40:00
2025-05-17 03:45:00,-2499.876,2025-05-17 03:45:00
2025-05-17 03:50:00,-2499.876,2025-05-17 03:50:00
2025-05-17 03:55:00,-2499.876,2025-05-17 03:55:00
2025-05-17 04:00:00,-2499.876,2025-05-17 04:00:00
2025-05-17 04:05:00,-2499.876,2025-05-17 04:05:00
2025-05-17 04:10:00,-2499.876,2025-05-17 04:10:00
2025-05-17 04:15:00,-2499.876,2025-05-17 04:15:00
2025-05-17 04:20:00,-2499.876,2025-05-17 04:20:00
2025-05-17 04:25:00,-2499.876,2025-05-17 04:25:00
2025-05-17 04:30:00,-2499.876,2025-05-17 04:30:00
2025-05-17 04:35:00,-2499.876,2025-05-17 04:35:00
2025-05-17 04:40:00,-2499.876,2025-05-17 04:40:00
2025-05-17 04:45:00,-2499.876,2025-05-17 04:45:00
2025-05-17 04:50:00,-2499.876,2025-05-17 04:50:00
2025-05-17 04:55:00,-2499.876,2025-05-17 04:55:00
2025-05-17 05:00:00,-2499.876,2025-05-17 05:00:00
2025-05-17 05:05:00,-2499.876,2025-05-17 05:05:00
2025-05-17 05:10:00,-2499.876,2025-05-17 05:10:00
2025-05-17 05:15:00,-2499.876,2025-05-17 05:15:00
2025-05-17 05:20:00,-2499.876,2025-05-17 05:20:00
2025-05-17 05:25:00,-2499.876,2025-05-17 05:25:00
2025-05-17 05:30:00,-2499.876,2025-05-17 05:30:00
2025-05-17 05:35:00,-2499.876,2025-05-17 05:35:00
2025-05-17 05:40:00,-2499.876,2025-05-17 05:40:00
2025-05-17 05:45:00,-2499.876,2025-05-17 05:45:00
2025-05-17 05:50:00,-2499.876,2025-05-17 05:50:00
2025-05-17 05:55:00,-2499.876,2025-05-17 05:55:00
2025-05-17 06:00:00,0.0,2025-05-17 06:00:00
2025-05-17 06:05:00,0.0,2025-05-17 06:05:00
2025-05-17 06:10:00,0.0,2025-05-17 06:10:00
2025-05-17 06:15:00,0.0,2025-05-17 06:15:00
2025-05-17 06:20:00,0.0,2025-05-17 06:20:00
2025-05-17 06:25:00,0.0,2025-05-17 06:25:00
2025-05-17 06:30:00,0.0,2025-05-17 06:30:00
2025-05-17 06:35:00,0.0,2025-05-17 06:35:00
2025-05-17 06:40:00,0.0,2025-05-17 06:40:00
2025-05-17 06:45:00,0.0,2025-05-17 06:45:00
2025-05-17 06:50:00,0.0,2025-05-17 06:50:00
2025-05-17 06:55:00,0.0,2025-05-17 06:55:00
2025-05-17 07:00:00,0.0,2025-05-17 07:00:00
2025-05-17 07:05:00,0.0,2025-05-17 07:05:00
2025-05-17 07:10:00,0.0,2025-05-17 07:10:00
2025-05-17 07:15:00,0.0,2025-05-17 07:15:00
2025-05-17 07:20:00,0.0,2025-05-17 07:20:00
2025-05-17 07:25:00,0.0,2025-05-17 07:25:00
2025-05-17 07:30:00,0.0,2025-05-17 07:30:00
2025-05-17 07:35:00,0.0,2025-05-17 07:35:00
2025-05-17 07:40:00,0.0,2025-05-17 07:40:00
2025-05-17 07:45:00,0.0,2025-05-17 07:45:00
2025-05-17 07:50:00,0.0,2025-05-17 07:50:00
2025-05-17 07:55:00,0.0,2025-05-17 07:55:00
2025-05-17 08:00:00,8919.999,2025-05-17 08:00:00
2025-05-17 08:05:00,8919.999,2025-05-17 08:05:00
2025-05-17 08:10:00,8919.999,2025-05-17 08:10:00
2025-05-17 08:15:00,8919.999,2025-05-17 08:15:00
2025-05-17 08:20:00,8919.999,2025-05-17 08:20:00
2025-05-17 08:25:00,8919.999,2025-05-17 08:25:00
2025-05-17 08:30:00,8919.999,2025-05-17 08:30:00
2025-05-17 08:35:00,8919.999,2025-05-17 08:35:00
2025-05-17 08:40:00,8919.999,2025-05-17 08:40:00
2025-05-17 08:45:00,8919.999,2025-05-17 08:45:00
2025-05-17 08:50:00,8919.998,2025-05-17 08:50:00
2025-05-17 08:55:00,8919.998,2025-05-17 08:55:00
2025-05-17 09:00:00,8919.998,2025-05-17 09:00:00
2025-05-17 09:05:00,8919.998,2025-05-17 09:05:00
2025-05-17 09:10:00,8919.997,2025-05-17 09:10:00
2025-05-17 09:15:00,8919.997,2025-05-17 09:15:00
2025-05-17 09:20:00,8919.996,2025-05-17 09:20:00
2025-05-17 09:25:00,8919.995,2025-05-17 09:25:00
2025-05-17 09:30:00,8919.992,2025-05-17 09:30:00
2025-05-17 09:35:00,8919.977,2025-05-17 09:35:00
2025-05-17 09:40:00,5130.839,2025-05-17 09:40:00
2025-05-17 09:45:00,0.0,2025-05-17 09:45:00
2025-05-17 09:50:00,0.0,2025-05-17 09:50:00
2025-05-17 09:55:00,0.0,2025-05-17 09:55:00
2025-05-17 10:00:00,0.0,2025-05-17 10:00:00
2025-05-17 10:05:00,0.0,2025-05-17 10:05:00
2025-05-17 10:10:00,0.0,2025-05-17 10:10:00
2025-05-17 10:15:00,0.0,2025-05-17 10:15:00
2025-05-17 10:20:00,0.0,2025-05-17 10:20:00
2025-05-17 10:25:00,0.0,2025-05-17 10:25:00
2025-05-17 10:30:00,0.0,2025-05-17 10:30:00
2025-05-17 10:35:00,0.0,2025-05-17 10:35:00
2025-05-17 10:40:00,0.0,2025-05-17 10:40:00
2025-05-17 10:45:00,0.0,2025-05-17 10:45:00
2025-05-17 10:50:00,0.0,2025-05-17 10:50:00
2025-05-17 10:55:00,0.0,2025-05-17 10:55:00
2025-05-17 11:00:00,-2499.876,2025-05-17 11:00:00
2025-05-17 11:05:00,-2499.876,2025-05-17 11:05:00
2025-05-17 11:10:00,-2499.876,2025-05-17 11:10:00
2025-05-17 11:15:00,-2499.876,2025-05-17 11:15:00
2025-05-17 11:20:00,-2499.876,2025-05-17 11:20:00
2025-05-17 11:25:00,-2499.876,2025-05-17 11:25:00
2025-05-17 11:30:00,-2499.876,2025-05-17 11:30:00
2025-05-17 11:35:00,-2499.876,2025-05-17 11:35:00
2025-05-17 11:40:00,-2499.876,2025-05-17 11:40:00
2025-05-17 11:45:00,-2499.876,2025-05-17 11:45:00
2025-05-17 11:50:00,-2499.876,2025-05-17 11:50:00
2025-05-17 11:55:00,-2499.876,2025-05-17 11:55:00
2025-05-17 12:00:00,-2499.876,2025-05-17 12:00:00
2025-05-17 12:05:00,-2499.876,2025-05-17 12:05:00
2025-05-17 12:10:00,-2499.876,2025-05-17 12:10:00
2025-05-17 12:15:00,-2499.876,2025-05-17 12:15:00
2025-05-17 12:20:00,-2499.876,2025-05-17 12:20:00
2025-05-17 12:25:00,-2499.876,2025-05-17 12:25:00
2025-05-17 12:30:00,-2499.876,2025-05-17 12:30:00
2025-05-17 12:35:00,-2499.876,2025-05-17 12:35:00
2025-05-17 12:40:00,-2499.876,2025-05-17 12:40:00
2025-05-17 12:45:00,-2499.876,2025-05-17 12:45:00
2025-05-17 12:50:00,-2499.876,2025-05-17 12:50:00
2025-05-17 12:55:00,-2499.876,2025-05-17 12:55:00
2025-05-17 13:00:00,-2499.876,2025-05-17 13:00:00
2025-05-17 13:05:00,-2499.876,2025-05-17 13:05:00
2025-05-17 13:10:00,-2499.876,2025-05-17 13:10:00
2025-05-17 13:15:00,-2499.876,2025-05-17 13:15:00
2025-05-17 13:20:00,-2499.876,2025-05-17 13:20:00
2025-05-17 13:25:00,-2499.876,2025-05-17 13:25:00
2025-05-17 13:30:00,-2499.876,2025-05-17 13:30:00
2025-05-17 13:35:00,-2499.876,2025-05-17 13:35:00
2025-05-17 13:40:00,-2499.876,2025-05-17 13:40:00
2025-05-17 13:45:00,-2499.876,2025-05-17 13:45:00
2025-05-17 13:50:00,-2499.876,2025-05-17 13:50:00
2025-05-17 13:55:00,-2499.876,2025-05-17 13:55:00
2025-05-17 14:00:00,-2499.876,2025-05-17 14:00:00
2025-05-17 14:05:00,-2499.876,2025-05-17 14:05:00
2025-05-17 14:10:00,-2499.876,2025-05-17 14:10:00
2025-05-17 14:15:00,-2499.876,2025-05-17 14:15:00
2025-05-17 14:20:00,-2499.876,2025-05-17 14:20:00
2025-05-17 14:25:00,-2499.876,2025-05-17 14:25:00
2025-05-17 14:30:00,-2499.876,2025-05-17 14:30:00
2025-05-17 14:35:00,-2499.876,2025-05-17 14:35:00
2025-05-17 14:40:00,-2499.876,2025-05-17 14:40:00
2025-05-17 14:45:00,-2499.876,2025-05-17 14:45:00
2025-05-17 14:50:00,-2499.876,2025-05-17 14:50:00
2025-05-17 14:55:00,-2499.876,2025-05-17 14:55:00
2025-05-17 15:00:00,-2499.876,2025-05-17 15:00:00
2025-05-17 15:05:00,-2499.876,2025-05-17 15:05:00
2025-05-17 15:10:00,-2499.876,2025-05-17 15:10:00
2025-05-17 15:15:00,-2499.876,2025-05-17 15:15:00
2025-05-17 15:20:00,-2499.876,2025-05-17 15:20:00
2025-05-17 15:25:00,-2499.876,2025-05-17 15:25:00
2025-05-17 15:30:00,-2499.876,2025-05-17 15:30:00
2025-05-17 15:35:00,-2499.876,2025-05-17 15:35:00
2025-05-17 15:40:00,-2499.876,2025-05-17 15:40:00
2025-05-17 15:45:00,-2499.876,2025-05-17 15:45:00
2025-05-17 15:50:00,-2499.876,2025-05-17 15:50:00
2025-05-17 15:55:00,-2499.876,2025-05-17 15:55:00
2025-05-17 16:00:00,-2499.876,2025-05-17 16:00:00
2025-05-17 16:05:00,-2499.876,2025-05-17 16:05:00
2025-05-17 16:10:00,-2499.876,2025-05-17 16:10:00
2025-05-17 16:15:00,-2499.876,2025-05-17 16:15:00
2025-05-17 16:20:00,-2499.876,2025-05-17 16:20:00
2025-05-17 16:25:00,-2499.876,2025-05-17 16:25:00
2025-05-17 16:30:00,-2499.876,2025-05-17 16:30:00
2025-05-17 16:35:00,-2499.876,2025-05-17 16:35:00
2025-05-17 16:40:00,-2499.876,2025-05-17 16:40:00
2025-05-17 16:45:00,-2499.876,2025-05-17 16:45:00
2025-05-17 16:50:00,-2499.876,2025-05-17 16:50:00
2025-05-17 16:55:00,-2499.876,2025-05-17 16:55:00
2025-05-17 17:00:00,-2499.876,2025-05-17 17:00:00
2025-05-17 17:05:00,-2499.876,2025-05-17 17:05:00
2025-05-17 17:10:00,-2499.876,2025-05-17 17:10:00
2025-05-17 17:15:00,-2499.876,2025-05-17 17:15:00
2025-05-17 17:20:00,-2499.876,2025-05-17 17:20:00
2025-05-17 17:25:00,-2499.876,2025-05-17 17:25:00
2025-05-17 17:30:00,-2499.876,2025-05-17 17:30:00
2025-05-17 17:35:00,-2499.876,2025-05-17 17:35:00
2025-05-17 17:40:00,-2499.876,2025-05-17 17:40:00
2025-05-17 17:45:00,-2499.876,2025-05-17 17:45:00
2025-05-17 17:50:00,-2499.876,2025-05-17 17:50:00
2025-05-17 17:55:00,-2499.876,2025-05-17 17:55:00
2025-05-17 18:00:00,8919.999,2025-05-17 18:00:00
2025-05-17 18:05:00,8919.999,2025-05-17 18:05:00
2025-05-17 18:10:00,8919.999,2025-05-17 18:10:00
2025-05-17 18:15:00,8919.999,2025-05-17 18:15:00
2025-05-17 18:20:00,8919.999,2025-05-17 18:20:00
2025-05-17 18:25:00,8919.999,2025-05-17 18:25:00
2025-05-17 18:30:00,8919.999,2025-05-17 18:30:00
2025-05-17 18:35:00,8919.999,2025-05-17 18:35:00
2025-05-17 18:40:00,8919.999,2025-05-17 18:40:00
2025-05-17 18:45:00,8919.999,2025-05-17 18:45:00
2025-05-17 18:50:00,8919.998,2025-05-17 18:50:00
2025-05-17 18:55:00,8919.998,2025-05-17 18:55:00
2025-05-17 19:00:00,8919.998,2025-05-17 19:00:00
2025-05-17 19:05:00,8919.998,2025-05-17 19:05:00
2025-05-17 19:10:00,8919.997,2025-05-17 19:10:00
2025-05-17 19:15:00,8919.997,2025-05-17 19:15:00
2025-05-17 19:20:00,8919.996,2025-05-17 19:20:00
2025-05-17 19:25:00,8919.995,2025-05-17 19:25:00
2025-05-17 19:30:00,8919.992,2025-05-17 19:30:00
2025-05-17 19:35:00,8919.977,2025-05-17 19:35:00
2025-05-17 19:40:00,5130.839,2025-05-17 19:40:00
2025-05-17 19:45:00,0.0,2025-05-17 19:45:00
2025-05-17 19:50:00,0.0,2025-05-17 19:50:00
2025-05-17 19:55:00,0.0,2025-05-17 19:55:00
2025-05-17 20:00:00,0.0,2025-05-17 20:00:00
2025-05-17 20:05:00,0.0,2025-05-17 20:05:00
2025-05-17 20:10:00,0.0,2025-05-17 20:10:00
2025-05-17 20:15:00,0.0,2025-05-17 20:15:00
2025-05-17 20:20:00,0.0,2025-05-17 20:20:00
2025-05-17 20:25:00,0.0,2025-05-17 20:25:00
2025-05-17 20:30:00,0.0,2025-05-17 20:30:00
2025-05-17 20:35:00,0.0,2025-05-17 20:35:00
2025-05-17 20:40:00,0.0,2025-05-17 20:40:00
2025-05-17 20:45:00,0.0,2025-05-17 20:45:00
2025-05-17 20:50:00,0.0,2025-05-17 20:50:00
2025-05-17 20:55:00,0.0,2025-05-17 20:55:00
2025-05-17 21:00:00,0.0,2025-05-17 21:00:00
2025-05-17 21:05:00,0.0,2025-05-17 21:05:00
2025-05-17 21:10:00,0.0,2025-05-17 21:10:00
2025-05-17 21:15:00,0.0,2025-05-17 21:15:00
2025-05-17 21:20:00,0.0,2025-05-17 21:20:00
2025-05-17 21:25:00,0.0,2025-05-17 21:25:00
2025-05-17 21:30:00,0.0,2025-05-17 21:30:00
2025-05-17 21:35:00,0.0,2025-05-17 21:35:00
2025-05-17 21:40:00,0.0,2025-05-17 21:40:00
2025-05-17 21:45:00,0.0,2025-05-17 21:45:00
2025-05-17 21:50:00,0.0,2025-05-17 21:50:00
2025-05-17 21:55:00,0.0,2025-05-17 21:55:00
2025-05-17 22:00:00,-2186.629,2025-05-17 22:00:00
2025-05-17 22:05:00,-2186.993,2025-05-17 22:05:00
2025-05-17 22:10:00,-2187.145,2025-05-17 22:10:00
2025-05-17 22:15:00,-2187.233,2025-05-17 22:15:00
2025-05-17 22:20:00,-2187.293,2025-05-17 22:20:00
2025-05-17 22:25:00,-2187.337,2025-05-17 22:25:00
2025-05-17 22:30:00,-2187.371,2025-05-17 22:30:00
2025-05-17 22:35:00,-2187.399,2025-05-17 22:35:00
2025-05-17 22:40:00,-2187.423,2025-05-17 22:40:00
2025-05-17 22:45:00,-2187.442,2025-05-17 22:45:00
2025-05-17 22:50:00,-2187.459,2025-05-17 22:50:00
2025-05-17 22:55:00,-2187.474,2025-05-17 22:55:00
2025-05-17 23:00:00,-2187.486,2025-05-17 23:00:00
2025-05-17 23:05:00,-2187.497,2025-05-17 23:05:00
2025-05-17 23:10:00,-2187.506,2025-05-17 23:10:00
2025-05-17 23:15:00,-2187.514,2025-05-17 23:15:00
2025-05-17 23:20:00,-2187.52,2025-05-17 23:20:00
2025-05-17 23:25:00,-2187.526,2025-05-17 23:25:00
2025-05-17 23:30:00,-2187.53,2025-05-17 23:30:00
2025-05-17 23:35:00,-2187.534,2025-05-17 23:35:00
2025-05-17 23:40:00,-2187.536,2025-05-17 23:40:00
2025-05-17 23:45:00,-2187.538,2025-05-17 23:45:00
2025-05-17 23:50:00,-2187.539,2025-05-17 23:50:00
2025-05-17 23:55:00,-2187.54,2025-05-17 23:55:00
2025-05-18 00:00:00,-2187.539,2025-05-18 00:00:00
2025-05-18 00:05:00,-2187.539,2025-05-18 00:05:00
2025-05-18 00:10:00,-2187.538,2025-05-18 00:10:00
2025-05-18 00:15:00,-2187.536,2025-05-18 00:15:00
2025-05-18 00:20:00,-2187.534,2025-05-18 00:20:00
2025-05-18 00:25:00,-2187.532,2025-05-18 00:25:00
2025-05-18 00:30:00,-2187.529,2025-05-18 00:30:00
2025-05-18 00:35:00,-2187.526,2025-05-18 00:35:00
2025-05-18 00:40:00,-2187.523,2025-05-18 00:40:00
2025-05-18 00:45:00,-2187.519,2025-05-18 00:45:00
2025-05-18 00:50:00,-2187.515,2025-05-18 00:50:00
2025-05-18 00:55:00,-2187.512,2025-05-18 00:55:00
2025-05-18 01:00:00,-2187.508,2025-05-18 01:00:00
2025-05-18 01:05:00,-2187.504,2025-05-18 01:05:00
2025-05-18 01:10:00,-2187.5,2025-05-18 01:10:00
2025-05-18 01:15:00,-2187.495,2025-05-18 01:15:00
2025-05-18 01:20:00,-2187.491,2025-05-18 01:20:00
2025-05-18 01:25:00,-2187.487,2025-05-18 01:25:00
2025-05-18 01:30:00,-2187.483,2025-05-18 01:30:00
2025-05-18 01:35:00,-2187.479,2025-05-18 01:35:00
2025-05-18 01:40:00,-2187.475,2025-05-18 01:40:00
2025-05-18 01:45:00,-2187.471,2025-05-18 01:45:00
2025-05-18 01:50:00,-2187.467,2025-05-18 01:50:00
2025-05-18 01:55:00,-2187.463,2025-05-18 01:55:00
2025-05-18 02:00:00,-2187.459,2025-05-18 02:00:00
2025-05-18 02:05:00,-2187.456,2025-05-18 02:05:00
2025-05-18 02:10:00,-2187.452,2025-05-18 02:10:00
2025-05-18 02:15:00,-2187.449,2025-05-18 02:15:00
2025-05-18 02:20:00,-2187.445,2025-05-18 02:20:00
2025-05-18 02:25:00,-2187.442,2025-05-18 02:25:00
2025-05-18 02:30:00,-2187.439,2025-05-18 02:30:00
2025-05-18 02:35:00,-2187.436,2025-05-18 02:35:00
2025-05-18 02:40:00,-2187.433,2025-05-18 02:40:00
2025-05-18 02:45:00,-2187.43,2025-05-18 02:45:00
2025-05-18 02:50:00,-2187.428,2025-05-18 02:50:00
2025-05-18 02:55:00,-2187.425,2025-05-18 02:55:00
2025-05-18 03:00:00,-2187.422,2025-05-18 03:00:00
2025-05-18 03:05:00,-2187.419,2025-05-18 03:05:00
2025-05-18 03:10:00,-2187.417,2025-05-18 03:10:00
2025-05-18 03:15:00,-2187.414,2025-05-18 03:15:00
2025-05-18 03:20:00,-2187.411,2025-05-18 03:20:00
2025-05-18 03:25:00,-2187.409,2025-05-18 03:25:00
2025-05-18 03:30:00,-2187.406,2025-05-18 03:30:00
2025-05-18 03:35:00,-2187.403,2025-05-18 03:35:00
2025-05-18 03:40:00,-2187.4,2025-05-18 03:40:00
2025-05-18 03:45:00,-2187.397,2025-05-18 03:45:00
2025-05-18 03:50:00,-2187.393,2025-05-18 03:50:00
2025-05-18 03:55:00,-2187.39,2025-05-18 03:55:00
2025-05-18 04:00:00,-2187.386,2025-05-18 04:00:00
2025-05-18 04:05:00,-2187.382,2025-05-18 04:05:00
2025-05-18 04:10:00,-2187.377,2025-05-18 04:10:00
2025-05-18 04:15:00,-2187.373,2025-05-18 04:15:00
2025-05-18 04:20:00,-2187.367,2025-05-18 04:20:00
2025-05-18 04:25:00,-2187.362,2025-05-18 04:25:00
2025-05-18 04:30:00,-2187.355,2025-05-18 04:30:00
2025-05-18 04:35:00,-2187.349,2025-05-18 04:35:00
2025-05-18 04:40:00,-2187.341,2025-05-18 04:40:00
2025-05-18 04:45:00,-2187.333,2025-05-18 04:45:00
2025-05-18 04:50:00,-2187.324,2025-05-18 04:50:00
2025-05-18 04:55:00,-2187.313,2025-05-18 04:55:00
2025-05-18 05:00:00,-2187.302,2025-05-18 05:00:00
2025-05-18 05:05:00,-2187.289,2025-05-18 05:05:00
2025-05-18 05:10:00,-2187.275,2025-05-18 05:10:00
2025-05-18 05:15:00,-2187.258,2025-05-18 05:15:00
2025-05-18 05:20:00,-2187.238,2025-05-18 05:20:00
2025-05-18 05:25:00,-2187.215,2025-05-18 05:25:00
2025-05-18 05:30:00,-2187.187,2025-05-18 05:30:00
2025-05-18 05:35:00,-2187.15,2025-05-18 05:35:00
2025-05-18 05:40:00,-2187.102,2025-05-18 05:40:00
2025-05-18 05:45:00,-2187.029,2025-05-18 05:45:00
2025-05-18 05:50:00,-2186.901,2025-05-18 05:50:00
2025-05-18 05:55:00,-2186.559,2025-05-18 05:55:00
2025-05-18 06:00:00,0.0,2025-05-18 06:00:00
2025-05-18 06:05:00,0.0,2025-05-18 06:05:00
2025-05-18 06:10:00,0.0,2025-05-18 06:10:00
2025-05-18 06:15:00,0.0,2025-05-18 06:15:00
2025-05-18 06:20:00,0.0,2025-05-18 06:20:00
2025-05-18 06:25:00,0.0,2025-05-18 06:25:00
2025-05-18 06:30:00,0.0,2025-05-18 06:30:00
2025-05-18 06:35:00,0.0,2025-05-18 06:35:00
2025-05-18 06:40:00,0.0,2025-05-18 06:40:00
2025-05-18 06:45:00,0.0,2025-05-18 06:45:00
2025-05-18 06:50:00,0.0,2025-05-18 06:50:00
2025-05-18 06:55:00,0.0,2025-05-18 06:55:00
2025-05-18 07:00:00,0.0,2025-05-18 07:00:00
2025-05-18 07:05:00,0.0,2025-05-18 07:05:00
2025-05-18 07:10:00,0.0,2025-05-18 07:10:00
2025-05-18 07:15:00,0.0,2025-05-18 07:15:00
2025-05-18 07:20:00,0.0,2025-05-18 07:20:00
2025-05-18 07:25:00,0.0,2025-05-18 07:25:00
2025-05-18 07:30:00,0.0,2025-05-18 07:30:00
2025-05-18 07:35:00,0.0,2025-05-18 07:35:00
2025-05-18 07:40:00,0.0,2025-05-18 07:40:00
2025-05-18 07:45:00,0.0,2025-05-18 07:45:00
2025-05-18 07:50:00,0.0,2025-05-18 07:50:00
2025-05-18 07:55:00,0.0,2025-05-18 07:55:00
2025-05-18 08:00:00,8919.997,2025-05-18 08:00:00
2025-05-18 08:05:00,8919.997,2025-05-18 08:05:00
2025-05-18 08:10:00,8919.997,2025-05-18 08:10:00
2025-05-18 08:15:00,8919.997,2025-05-18 08:15:00
2025-05-18 08:20:00,8919.997,2025-05-18 08:20:00
2025-05-18 08:25:00,8919.997,2025-05-18 08:25:00
2025-05-18 08:30:00,8919.996,2025-05-18 08:30:00
2025-05-18 08:35:00,8919.996,2025-05-18 08:35:00
2025-05-18 08:40:00,8919.996,2025-05-18 08:40:00
2025-05-18 08:45:00,8919.995,2025-05-18 08:45:00
2025-05-18 08:50:00,8919.995,2025-05-18 08:50:00
2025-05-18 08:55:00,8919.994,2025-05-18 08:55:00
2025-05-18 09:00:00,8919.994,2025-05-18 09:00:00
2025-05-18 09:05:00,8919.993,2025-05-18 09:05:00
2025-05-18 09:10:00,8919.992,2025-05-18 09:10:00
2025-05-18 09:15:00,8919.99,2025-05-18 09:15:00
2025-05-18 09:20:00,8919.987,2025-05-18 09:20:00
2025-05-18 09:25:00,8919.982,2025-05-18 09:25:00
2025-05-18 09:30:00,8919.972,2025-05-18 09:30:00
2025-05-18 09:35:00,8919.889,2025-05-18 09:35:00
2025-05-18 09:40:00,5130.679,2025-05-18 09:40:00
2025-05-18 09:45:00,0.239,2025-05-18 09:45:00
2025-05-18 09:50:00,0.0,2025-05-18 09:50:00
2025-05-18 09:55:00,0.0,2025-05-18 09:55:00
2025-05-18 10:00:00,0.0,2025-05-18 10:00:00
2025-05-18 10:05:00,0.0,2025-05-18 10:05:00
2025-05-18 10:10:00,0.0,2025-05-18 10:10:00
2025-05-18 10:15:00,0.0,2025-05-18 10:15:00
2025-05-18 10:20:00,0.0,2025-05-18 10:20:00
2025-05-18 10:25:00,0.0,2025-05-18 10:25:00
2025-05-18 10:30:00,0.0,2025-05-18 10:30:00
2025-05-18 10:35:00,0.0,2025-05-18 10:35:00
2025-05-18 10:40:00,0.0,2025-05-18 10:40:00
2025-05-18 10:45:00,0.0,2025-05-18 10:45:00
2025-05-18 10:50:00,0.0,2025-05-18 10:50:00
2025-05-18 10:55:00,0.0,2025-05-18 10:55:00
2025-05-18 11:00:00,-2499.876,2025-05-18 11:00:00
2025-05-18 11:05:00,-2499.876,2025-05-18 11:05:00
2025-05-18 11:10:00,-2499.876,2025-05-18 11:10:00
2025-05-18 11:15:00,-2499.876,2025-05-18 11:15:00
2025-05-18 11:20:00,-2499.876,2025-05-18 11:20:00
2025-05-18 11:25:00,-2499.876,2025-05-18 11:25:00
2025-05-18 11:30:00,-2499.876,2025-05-18 11:30:00
2025-05-18 11:35:00,-2499.876,2025-05-18 11:35:00
2025-05-18 11:40:00,-2499.876,2025-05-18 11:40:00
2025-05-18 11:45:00,-2499.876,2025-05-18 11:45:00
2025-05-18 11:50:00,-2499.876,2025-05-18 11:50:00
2025-05-18 11:55:00,-2499.876,2025-05-18 11:55:00
2025-05-18 12:00:00,-2499.876,2025-05-18 12:00:00
2025-05-18 12:05:00,-2499.876,2025-05-18 12:05:00
2025-05-18 12:10:00,-2499.876,2025-05-18 12:10:00
2025-05-18 12:15:00,-2499.876,2025-05-18 12:15:00
2025-05-18 12:20:00,-2499.876,2025-05-18 12:20:00
2025-05-18 12:25:00,-2499.876,2025-05-18 12:25:00
2025-05-18 12:30:00,-2499.876,2025-05-18 12:30:00
2025-05-18 12:35:00,-2499.876,2025-05-18 12:35:00
2025-05-18 12:40:00,-2499.876,2025-05-18 12:40:00
2025-05-18 12:45:00,-2499.876,2025-05-18 12:45:00
2025-05-18 12:50:00,-2499.876,2025-05-18 12:50:00
2025-05-18 12:55:00,-2499.876,2025-05-18 12:55:00
2025-05-18 13:00:00,-2499.876,2025-05-18 13:00:00
2025-05-18 13:05:00,-2499.876,2025-05-18 13:05:00
2025-05-18 13:10:00,-2499.876,2025-05-18 13:10:00
2025-05-18 13:15:00,-2499.876,2025-05-18 13:15:00
2025-05-18 13:20:00,-2499.876,2025-05-18 13:20:00
2025-05-18 13:25:00,-2499.876,2025-05-18 13:25:00
2025-05-18 13:30:00,-2499.876,2025-05-18 13:30:00
2025-05-18 13:35:00,-2499.876,2025-05-18 13:35:00
2025-05-18 13:40:00,-2499.876,2025-05-18 13:40:00
2025-05-18 13:45:00,-2499.876,2025-05-18 13:45:00
2025-05-18 13:50:00,-2499.876,2025-05-18 13:50:00
2025-05-18 13:55:00,-2499.876,2025-05-18 13:55:00
2025-05-18 14:00:00,-2499.876,2025-05-18 14:00:00
2025-05-18 14:05:00,-2499.876,2025-05-18 14:05:00
2025-05-18 14:10:00,-2499.876,2025-05-18 14:10:00
2025-05-18 14:15:00,-2499.876,2025-05-18 14:15:00
2025-05-18 14:20:00,-2499.876,2025-05-18 14:20:00
2025-05-18 14:25:00,-2499.876,2025-05-18 14:25:00
2025-05-18 14:30:00,-2499.876,2025-05-18 14:30:00
2025-05-18 14:35:00,-2499.876,2025-05-18 14:35:00
2025-05-18 14:40:00,-2499.876,2025-05-18 14:40:00
2025-05-18 14:45:00,-2499.876,2025-05-18 14:45:00
2025-05-18 14:50:00,-2499.876,2025-05-18 14:50:00
2025-05-18 14:55:00,-2499.876,2025-05-18 14:55:00
2025-05-18 15:00:00,-2499.876,2025-05-18 15:00:00
2025-05-18 15:05:00,-2499.876,2025-05-18 15:05:00
2025-05-18 15:10:00,-2499.876,2025-05-18 15:10:00
2025-05-18 15:15:00,-2499.876,2025-05-18 15:15:00
2025-05-18 15:20:00,-2499.876,2025-05-18 15:20:00
2025-05-18 15:25:00,-2499.876,2025-05-18 15:25:00
2025-05-18 15:30:00,-2499.876,2025-05-18 15:30:00
2025-05-18 15:35:00,-2499.876,2025-05-18 15:35:00
2025-05-18 15:40:00,-2499.876,2025-05-18 15:40:00
2025-05-18 15:45:00,-2499.876,2025-05-18 15:45:00
2025-05-18 15:50:00,-2499.876,2025-05-18 15:50:00
2025-05-18 15:55:00,-2499.876,2025-05-18 15:55:00
2025-05-18 16:00:00,-2499.876,2025-05-18 16:00:00
2025-05-18 16:05:00,-2499.876,2025-05-18 16:05:00
2025-05-18 16:10:00,-2499.876,2025-05-18 16:10:00
2025-05-18 16:15:00,-2499.876,2025-05-18 16:15:00
2025-05-18 16:20:00,-2499.876,2025-05-18 16:20:00
2025-05-18 16:25:00,-2499.876,2025-05-18 16:25:00
2025-05-18 16:30:00,-2499.876,2025-05-18 16:30:00
2025-05-18 16:35:00,-2499.876,2025-05-18 16:35:00
2025-05-18 16:40:00,-2499.876,2025-05-18 16:40:00
2025-05-18 16:45:00,-2499.876,2025-05-18 16:45:00
2025-05-18 16:50:00,-2499.876,2025-05-18 16:50:00
2025-05-18 16:55:00,-2499.876,2025-05-18 16:55:00
2025-05-18 17:00:00,-2499.876,2025-05-18 17:00:00
2025-05-18 17:05:00,-2499.876,2025-05-18 17:05:00
2025-05-18 17:10:00,-2499.876,2025-05-18 17:10:00
2025-05-18 17:15:00,-2499.876,2025-05-18 17:15:00
2025-05-18 17:20:00,-2499.876,2025-05-18 17:20:00
2025-05-18 17:25:00,-2499.876,2025-05-18 17:25:00
2025-05-18 17:30:00,-2499.876,2025-05-18 17:30:00
2025-05-18 17:35:00,-2499.876,2025-05-18 17:35:00
2025-05-18 17:40:00,-2499.876,2025-05-18 17:40:00
2025-05-18 17:45:00,-2499.876,2025-05-18 17:45:00
2025-05-18 17:50:00,-2499.876,2025-05-18 17:50:00
2025-05-18 17:55:00,-2499.876,2025-05-18 17:55:00
2025-05-18 18:00:00,8919.997,2025-05-18 18:00:00
2025-05-18 18:05:00,8919.997,2025-05-18 18:05:00
2025-05-18 18:10:00,8919.997,2025-05-18 18:10:00
2025-05-18 18:15:00,8919.997,2025-05-18 18:15:00
2025-05-18 18:20:00,8919.997,2025-05-18 18:20:00
2025-05-18 18:25:00,8919.997,2025-05-18 18:25:00
2025-05-18 18:30:00,8919.996,2025-05-18 18:30:00
2025-05-18 18:35:00,8919.996,2025-05-18 18:35:00
2025-05-18 18:40:00,8919.996,2025-05-18 18:40:00
2025-05-18 18:45:00,8919.995,2025-05-18 18:45:00
2025-05-18 18:50:00,8919.995,2025-05-18 18:50:00
2025-05-18 18:55:00,8919.994,2025-05-18 18:55:00
2025-05-18 19:00:00,8919.994,2025-05-18 19:00:00
2025-05-18 19:05:00,8919.993,2025-05-18 19:05:00
2025-05-18 19:10:00,8919.992,2025-05-18 19:10:00
2025-05-18 19:15:00,8919.99,2025-05-18 19:15:00
2025-05-18 19:20:00,8919.987,2025-05-18 19:20:00
2025-05-18 19:25:00,8919.982,2025-05-18 19:25:00
2025-05-18 19:30:00,8919.972,2025-05-18 19:30:00
2025-05-18 19:35:00,8919.928,2025-05-18 19:35:00
2025-05-18 19:40:00,5130.648,2025-05-18 19:40:00
2025-05-18 19:45:00,0.229,2025-05-18 19:45:00
2025-05-18 19:50:00,0.0,2025-05-18 19:50:00
2025-05-18 19:55:00,0.0,2025-05-18 19:55:00
2025-05-18 20:00:00,0.0,2025-05-18 20:00:00
2025-05-18 20:05:00,0.0,2025-05-18 20:05:00
2025-05-18 20:10:00,0.0,2025-05-18 20:10:00
2025-05-18 20:15:00,0.0,2025-05-18 20:15:00
2025-05-18 20:20:00,0.0,2025-05-18 20:20:00
2025-05-18 20:25:00,0.0,2025-05-18 20:25:00
2025-05-18 20:30:00,0.0,2025-05-18 20:30:00
2025-05-18 20:35:00,0.0,2025-05-18 20:35:00
2025-05-18 20:40:00,0.0,2025-05-18 20:40:00
2025-05-18 20:45:00,0.0,2025-05-18 20:45:00
2025-05-18 20:50:00,0.0,2025-05-18 20:50:00
2025-05-18 20:55:00,0.0,2025-05-18 20:55:00
2025-05-18 21:00:00,0.0,2025-05-18 21:00:00
2025-05-18 21:05:00,0.0,2025-05-18 21:05:00
2025-05-18 21:10:00,0.0,2025-05-18 21:10:00
2025-05-18 21:15:00,0.0,2025-05-18 21:15:00
2025-05-18 21:20:00,0.0,2025-05-18 21:20:00
2025-05-18 21:25:00,0.0,2025-05-18 21:25:00
2025-05-18 21:30:00,0.0,2025-05-18 21:30:00
2025-05-18 21:35:00,0.0,2025-05-18 21:35:00
2025-05-18 21:40:00,0.0,2025-05-18 21:40:00
2025-05-18 21:45:00,0.0,2025-05-18 21:45:00
2025-05-18 21:50:00,0.0,2025-05-18 21:50:00
2025-05-18 21:55:00,0.0,2025-05-18 21:55:00
2025-05-18 22:00:00,-2499.876,2025-05-18 22:00:00
2025-05-18 22:05:00,-2499.876,2025-05-18 22:05:00
2025-05-18 22:10:00,-2499.876,2025-05-18 22:10:00
2025-05-18 22:15:00,-2499.876,2025-05-18 22:15:00
2025-05-18 22:20:00,-2499.876,2025-05-18 22:20:00
2025-05-18 22:25:00,-2499.876,2025-05-18 22:25:00
2025-05-18 22:30:00,-2499.876,2025-05-18 22:30:00
2025-05-18 22:35:00,-2499.876,2025-05-18 22:35:00
2025-05-18 22:40:00,-2499.876,2025-05-18 22:40:00
2025-05-18 22:45:00,-2499.876,2025-05-18 22:45:00
2025-05-18 22:50:00,-2499.876,2025-05-18 22:50:00
2025-05-18 22:55:00,-2499.876,2025-05-18 22:55:00
2025-05-18 23:00:00,-2499.876,2025-05-18 23:00:00
2025-05-18 23:05:00,-2499.876,2025-05-18 23:05:00
2025-05-18 23:10:00,-2499.876,2025-05-18 23:10:00
2025-05-18 23:15:00,-2499.876,2025-05-18 23:15:00
2025-05-18 23:20:00,-2499.876,2025-05-18 23:20:00
2025-05-18 23:25:00,-2499.876,2025-05-18 23:25:00
2025-05-18 23:30:00,-2499.876,2025-05-18 23:30:00
2025-05-18 23:35:00,-2499.876,2025-05-18 23:35:00
2025-05-18 23:40:00,-2499.876,2025-05-18 23:40:00
2025-05-18 23:45:00,-2499.876,2025-05-18 23:45:00
2025-05-18 23:50:00,-2499.876,2025-05-18 23:50:00
2025-05-18 23:55:00,-2499.876,2025-05-18 23:55:00
2025-05-19 00:00:00,-2083.527,2025-05-19 00:00:00
2025-05-19 00:05:00,-2083.534,2025-05-19 00:05:00
2025-05-19 00:10:00,-2083.54,2025-05-19 00:10:00
2025-05-19 00:15:00,-2083.545,2025-05-19 00:15:00
2025-05-19 00:20:00,-2083.549,2025-05-19 00:20:00
2025-05-19 00:25:00,-2083.552,2025-05-19 00:25:00
2025-05-19 00:30:00,-2083.555,2025-05-19 00:30:00
2025-05-19 00:35:00,-2083.556,2025-05-19 00:35:00
2025-05-19 00:40:00,-2083.557,2025-05-19 00:40:00
2025-05-19 00:45:00,-2083.558,2025-05-19 00:45:00
2025-05-19 00:50:00,-2083.557,2025-05-19 00:50:00
2025-05-19 00:55:00,-2083.556,2025-05-19 00:55:00
2025-05-19 01:00:00,-2083.554,2025-05-19 01:00:00
2025-05-19 01:05:00,-2083.552,2025-05-19 01:05:00
2025-05-19 01:10:00,-2083.549,2025-05-19 01:10:00
2025-05-19 01:15:00,-2083.546,2025-05-19 01:15:00
2025-05-19 01:20:00,-2083.543,2025-05-19 01:20:00
2025-05-19 01:25:00,-2083.539,2025-05-19 01:25:00
2025-05-19 01:30:00,-2083.534,2025-05-19 01:30:00
2025-05-19 01:35:00,-2083.529,2025-05-19 01:35:00
2025-05-19 01:40:00,-2083.524,2025-05-19 01:40:00
2025-05-19 01:45:00,-2083.518,2025-05-19 01:45:00
2025-05-19 01:50:00,-2083.512,2025-05-19 01:50:00
2025-05-19 01:55:00,-2083.506,2025-05-19 01:55:00
2025-05-19 02:00:00,-2083.499,2025-05-19 02:00:00
2025-05-19 02:05:00,-2083.492,2025-05-19 02:05:00
2025-05-19 02:10:00,-2083.485,2025-05-19 02:10:00
2025-05-19 02:15:00,-2083.477,2025-05-19 02:15:00
2025-05-19 02:20:00,-2083.469,2025-05-19 02:20:00
2025-05-19 02:25:00,-2083.46,2025-05-19 02:25:00
2025-05-19 02:30:00,-2083.451,2025-05-19 02:30:00
2025-05-19 02:35:00,-2083.442,2025-05-19 02:35:00
2025-05-19 02:40:00,-2083.433,2025-05-19 02:40:00
2025-05-19 02:45:00,-2083.423,2025-05-19 02:45:00
2025-05-19 02:50:00,-2083.413,2025-05-19 02:50:00
2025-05-19 02:55:00,-2083.402,2025-05-19 02:55:00
2025-05-19 03:00:00,-2083.391,2025-05-19 03:00:00
2025-05-19 03:05:00,-2083.379,2025-05-19 03:05:00
2025-05-19 03:10:00,-2083.367,2025-05-19 03:10:00
2025-05-19 03:15:00,-2083.355,2025-05-19 03:15:00
2025-05-19 03:20:00,-2083.342,2025-05-19 03:20:00
2025-05-19 03:25:00,-2083.328,2025-05-19 03:25:00
2025-05-19 03:30:00,-2083.314,2025-05-19 03:30:00
2025-05-19 03:35:00,-2083.299,2025-05-19 03:35:00
2025-05-19 03:40:00,-2083.284,2025-05-19 03:40:00
2025-05-19 03:45:00,-2083.267,2025-05-19 03:45:00
2025-05-19 03:50:00,-2083.25,2025-05-19 03:50:00
2025-05-19 03:55:00,-2083.233,2025-05-19 03:55:00
2025-05-19 04:00:00,-2083.214,2025-05-19 04:00:00
2025-05-19 04:05:00,-2083.194,2025-05-19 04:05:00
2025-05-19 04:10:00,-2083.174,2025-05-19 04:10:00
2025-05-19 04:15:00,-2083.152,2025-05-19 04:15:00
2025-05-19 04:20:00,-2083.129,2025-05-19 04:20:00
2025-05-19 04:25:00,-2083.105,2025-05-19 04:25:00
2025-05-19 04:30:00,-2083.079,2025-05-19 04:30:00
2025-05-19 04:35:00,-2083.051,2025-05-19 04:35:00
2025-05-19 04:40:00,-2083.022,2025-05-19 04:40:00
2025-05-19 04:45:00,-2082.991,2025-05-19 04:45:00
2025-05-19 04:50:00,-2082.957,2025-05-19 04:50:00
2025-05-19 04:55:00,-2082.92,2025-05-19 04:55:00
2025-05-19 05:00:00,-2082.881,2025-05-19 05:00:00
2025-05-19 05:05:00,-2082.838,2025-05-19 05:05:00
2025-05-19 05:10:00,-2082.79,2025-05-19 05:10:00
2025-05-19 05:15:00,-2082.737,2025-05-19 05:15:00
2025-05-19 05:20:00,-2082.677,2025-05-19 05:20:00
2025-05-19 05:25:00,-2082.609,2025-05-19 05:25:00
2025-05-19 05:30:00,-2082.529,2025-05-19 05:30:00
2025-05-19 05:35:00,-2082.433,2025-05-19 05:35:00
2025-05-19 05:40:00,-2082.313,2025-05-19 05:40:00
2025-05-19 05:45:00,-2082.153,2025-05-19 05:45:00
2025-05-19 05:50:00,-2081.914,2025-05-19 05:50:00
2025-05-19 05:55:00,-2081.44,2025-05-19 05:55:00
2025-05-19 06:00:00,0.0,2025-05-19 06:00:00
2025-05-19 06:05:00,0.0,2025-05-19 06:05:00
2025-05-19 06:10:00,0.0,2025-05-19 06:10:00
2025-05-19 06:15:00,0.0,2025-05-19 06:15:00
2025-05-19 06:20:00,0.0,2025-05-19 06:20:00
2025-05-19 06:25:00,0.0,2025-05-19 06:25:00
2025-05-19 06:30:00,0.0,2025-05-19 06:30:00
2025-05-19 06:35:00,0.0,2025-05-19 06:35:00
2025-05-19 06:40:00,0.0,2025-05-19 06:40:00
2025-05-19 06:45:00,0.0,2025-05-19 06:45:00
2025-05-19 06:50:00,0.0,2025-05-19 06:50:00
2025-05-19 06:55:00,0.0,2025-05-19 06:55:00
2025-05-19 07:00:00,0.0,2025-05-19 07:00:00
2025-05-19 07:05:00,0.0,2025-05-19 07:05:00
2025-05-19 07:10:00,0.0,2025-05-19 07:10:00
2025-05-19 07:15:00,0.0,2025-05-19 07:15:00
2025-05-19 07:20:00,0.0,2025-05-19 07:20:00
2025-05-19 07:25:00,0.0,2025-05-19 07:25:00
2025-05-19 07:30:00,0.0,2025-05-19 07:30:00
2025-05-19 07:35:00,0.0,2025-05-19 07:35:00
2025-05-19 07:40:00,0.0,2025-05-19 07:40:00
2025-05-19 07:45:00,0.0,2025-05-19 07:45:00
2025-05-19 07:50:00,0.0,2025-05-19 07:50:00
2025-05-19 07:55:00,0.0,2025-05-19 07:55:00
2025-05-19 08:00:00,8919.999,2025-05-19 08:00:00
2025-05-19 08:05:00,8919.999,2025-05-19 08:05:00
2025-05-19 08:10:00,8919.999,2025-05-19 08:10:00
2025-05-19 08:15:00,8919.999,2025-05-19 08:15:00
2025-05-19 08:20:00,8919.999,2025-05-19 08:20:00
2025-05-19 08:25:00,8919.999,2025-05-19 08:25:00
2025-05-19 08:30:00,8919.999,2025-05-19 08:30:00
2025-05-19 08:35:00,8919.999,2025-05-19 08:35:00
2025-05-19 08:40:00,8919.999,2025-05-19 08:40:00
2025-05-19 08:45:00,8919.999,2025-05-19 08:45:00
2025-05-19 08:50:00,8919.998,2025-05-19 08:50:00
2025-05-19 08:55:00,8919.998,2025-05-19 08:55:00
2025-05-19 09:00:00,8919.998,2025-05-19 09:00:00
2025-05-19 09:05:00,8919.998,2025-05-19 09:05:00
2025-05-19 09:10:00,8919.998,2025-05-19 09:10:00
2025-05-19 09:15:00,8919.997,2025-05-19 09:15:00
2025-05-19 09:20:00,8919.996,2025-05-19 09:20:00
2025-05-19 09:25:00,8919.994,2025-05-19 09:25:00
2025-05-19 09:30:00,8919.992,2025-05-19 09:30:00
2025-05-19 09:35:00,8919.938,2025-05-19 09:35:00
2025-05-19 09:40:00,5130.832,2025-05-19 09:40:00
2025-05-19 09:45:00,0.0,2025-05-19 09:45:00
2025-05-19 09:50:00,0.0,2025-05-19 09:50:00
2025-05-19 09:55:00,0.0,2025-05-19 09:55:00
2025-05-19 10:00:00,0.0,2025-05-19 10:00:00
2025-05-19 10:05:00,0.0,2025-05-19 10:05:00
2025-05-19 10:10:00,0.0,2025-05-19 10:10:00
2025-05-19 10:15:00,0.0,2025-05-19 10:15:00
2025-05-19 10:20:00,0.0,2025-05-19 10:20:00
2025-05-19 10:25:00,0.0,2025-05-19 10:25:00
2025-05-19 10:30:00,0.0,2025-05-19 10:30:00
2025-05-19 10:35:00,0.0,2025-05-19 10:35:00
2025-05-19 10:40:00,0.0,2025-05-19 10:40:00
2025-05-19 10:45:00,0.0,2025-05-19 10:45:00
2025-05-19 10:50:00,0.0,2025-05-19 10:50:00
2025-05-19 10:55:00,0.0,2025-05-19 10:55:00
2025-05-19 11:00:00,-2499.876,2025-05-19 11:00:00
2025-05-19 11:05:00,-2499.876,2025-05-19 11:05:00
2025-05-19 11:10:00,-2499.876,2025-05-19 11:10:00
2025-05-19 11:15:00,-2499.876,2025-05-19 11:15:00
2025-05-19 11:20:00,-2499.876,2025-05-19 11:20:00
2025-05-19 11:25:00,-2499.876,2025-05-19 11:25:00
2025-05-19 11:30:00,-2499.876,2025-05-19 11:30:00
2025-05-19 11:35:00,-2499.876,2025-05-19 11:35:00
2025-05-19 11:40:00,-2499.876,2025-05-19 11:40:00
2025-05-19 11:45:00,-2499.876,2025-05-19 11:45:00
2025-05-19 11:50:00,-2499.876,2025-05-19 11:50:00
2025-05-19 11:55:00,-2499.876,2025-05-19 11:55:00
2025-05-19 12:00:00,-2499.876,2025-05-19 12:00:00
2025-05-19 12:05:00,-2499.876,2025-05-19 12:05:00
2025-05-19 12:10:00,-2499.876,2025-05-19 12:10:00
2025-05-19 12:15:00,-2499.876,2025-05-19 12:15:00
2025-05-19 12:20:00,-2499.876,2025-05-19 12:20:00
2025-05-19 12:25:00,-2499.876,2025-05-19 12:25:00
2025-05-19 12:30:00,-2499.876,2025-05-19 12:30:00
2025-05-19 12:35:00,-2499.876,2025-05-19 12:35:00
2025-05-19 12:40:00,-2499.876,2025-05-19 12:40:00
2025-05-19 12:45:00,-2499.876,2025-05-19 12:45:00
2025-05-19 12:50:00,-2499.876,2025-05-19 12:50:00
2025-05-19 12:55:00,-2499.876,2025-05-19 12:55:00
2025-05-19 13:00:00,-2499.876,2025-05-19 13:00:00
2025-05-19 13:05:00,-2499.876,2025-05-19 13:05:00
2025-05-19 13:10:00,-2499.876,2025-05-19 13:10:00
2025-05-19 13:15:00,-2499.876,2025-05-19 13:15:00
2025-05-19 13:20:00,-2499.876,2025-05-19 13:20:00
2025-05-19 13:25:00,-2499.876,2025-05-19 13:25:00
2025-05-19 13:30:00,-2499.876,2025-05-19 13:30:00
2025-05-19 13:35:00,-2499.876,2025-05-19 13:35:00
2025-05-19 13:40:00,-2499.876,2025-05-19 13:40:00
2025-05-19 13:45:00,-2499.876,2025-05-19 13:45:00
2025-05-19 13:50:00,-2499.876,2025-05-19 13:50:00
2025-05-19 13:55:00,-2499.876,2025-05-19 13:55:00
2025-05-19 14:00:00,-2499.876,2025-05-19 14:00:00
2025-05-19 14:05:00,-2499.876,2025-05-19 14:05:00
2025-05-19 14:10:00,-2499.876,2025-05-19 14:10:00
2025-05-19 14:15:00,-2499.876,2025-05-19 14:15:00
2025-05-19 14:20:00,-2499.876,2025-05-19 14:20:00
2025-05-19 14:25:00,-2499.876,2025-05-19 14:25:00
2025-05-19 14:30:00,-2499.876,2025-05-19 14:30:00
2025-05-19 14:35:00,-2499.876,2025-05-19 14:35:00
2025-05-19 14:40:00,-2499.876,2025-05-19 14:40:00
2025-05-19 14:45:00,-2499.876,2025-05-19 14:45:00
2025-05-19 14:50:00,-2499.876,2025-05-19 14:50:00
2025-05-19 14:55:00,-2499.876,2025-05-19 14:55:00
2025-05-19 15:00:00,-2499.876,2025-05-19 15:00:00
2025-05-19 15:05:00,-2499.876,2025-05-19 15:05:00
2025-05-19 15:10:00,-2499.876,2025-05-19 15:10:00
2025-05-19 15:15:00,-2499.876,2025-05-19 15:15:00
2025-05-19 15:20:00,-2499.876,2025-05-19 15:20:00
2025-05-19 15:25:00,-2499.876,2025-05-19 15:25:00
2025-05-19 15:30:00,-2499.876,2025-05-19 15:30:00
2025-05-19 15:35:00,-2499.876,2025-05-19 15:35:00
2025-05-19 15:40:00,-2499.876,2025-05-19 15:40:00
2025-05-19 15:45:00,-2499.876,2025-05-19 15:45:00
2025-05-19 15:50:00,-2499.876,2025-05-19 15:50:00
2025-05-19 15:55:00,-2499.876,2025-05-19 15:55:00
2025-05-19 16:00:00,-2499.876,2025-05-19 16:00:00
2025-05-19 16:05:00,-2499.876,2025-05-19 16:05:00
2025-05-19 16:10:00,-2499.876,2025-05-19 16:10:00
2025-05-19 16:15:00,-2499.876,2025-05-19 16:15:00
2025-05-19 16:20:00,-2499.876,2025-05-19 16:20:00
2025-05-19 16:25:00,-2499.876,2025-05-19 16:25:00
2025-05-19 16:30:00,-2499.876,2025-05-19 16:30:00
2025-05-19 16:35:00,-2499.876,2025-05-19 16:35:00
2025-05-19 16:40:00,-2499.876,2025-05-19 16:40:00
2025-05-19 16:45:00,-2499.876,2025-05-19 16:45:00
2025-05-19 16:50:00,-2499.876,2025-05-19 16:50:00
2025-05-19 16:55:00,-2499.876,2025-05-19 16:55:00
2025-05-19 17:00:00,-2499.876,2025-05-19 17:00:00
2025-05-19 17:05:00,-2499.876,2025-05-19 17:05:00
2025-05-19 17:10:00,-2499.876,2025-05-19 17:10:00
2025-05-19 17:15:00,-2499.876,2025-05-19 17:15:00
2025-05-19 17:20:00,-2499.876,2025-05-19 17:20:00
2025-05-19 17:25:00,-2499.876,2025-05-19 17:25:00
2025-05-19 17:30:00,-2499.876,2025-05-19 17:30:00
2025-05-19 17:35:00,-2499.876,2025-05-19 17:35:00
2025-05-19 17:40:00,-2499.876,2025-05-19 17:40:00
2025-05-19 17:45:00,-2499.876,2025-05-19 17:45:00
2025-05-19 17:50:00,-2499.876,2025-05-19 17:50:00
2025-05-19 17:55:00,-2499.876,2025-05-19 17:55:00
2025-05-19 18:00:00,8919.999,2025-05-19 18:00:00
2025-05-19 18:05:00,8919.999,2025-05-19 18:05:00
2025-05-19 18:10:00,8919.999,2025-05-19 18:10:00
2025-05-19 18:15:00,8919.999,2025-05-19 18:15:00
2025-05-19 18:20:00,8919.999,2025-05-19 18:20:00
2025-05-19 18:25:00,8919.999,2025-05-19 18:25:00
2025-05-19 18:30:00,8919.999,2025-05-19 18:30:00
2025-05-19 18:35:00,8919.999,2025-05-19 18:35:00
2025-05-19 18:40:00,8919.999,2025-05-19 18:40:00
2025-05-19 18:45:00,8919.999,2025-05-19 18:45:00
2025-05-19 18:50:00,8919.998,2025-05-19 18:50:00
2025-05-19 18:55:00,8919.998,2025-05-19 18:55:00
2025-05-19 19:00:00,8919.998,2025-05-19 19:00:00
2025-05-19 19:05:00,8919.998,2025-05-19 19:05:00
2025-05-19 19:10:00,8919.998,2025-05-19 19:10:00
2025-05-19 19:15:00,8919.997,2025-05-19 19:15:00
2025-05-19 19:20:00,8919.996,2025-05-19 19:20:00
2025-05-19 19:25:00,8919.994,2025-05-19 19:25:00
2025-05-19 19:30:00,8919.992,2025-05-19 19:30:00
2025-05-19 19:35:00,8919.931,2025-05-19 19:35:00
2025-05-19 19:40:00,5130.834,2025-05-19 19:40:00
2025-05-19 19:45:00,0.0,2025-05-19 19:45:00
2025-05-19 19:50:00,0.0,2025-05-19 19:50:00
2025-05-19 19:55:00,0.0,2025-05-19 19:55:00
2025-05-19 20:00:00,0.0,2025-05-19 20:00:00
2025-05-19 20:05:00,0.0,2025-05-19 20:05:00
2025-05-19 20:10:00,0.0,2025-05-19 20:10:00
2025-05-19 20:15:00,0.0,2025-05-19 20:15:00
2025-05-19 20:20:00,0.0,2025-05-19 20:20:00
2025-05-19 20:25:00,0.0,2025-05-19 20:25:00
2025-05-19 20:30:00,0.0,2025-05-19 20:30:00
2025-05-19 20:35:00,0.0,2025-05-19 20:35:00
2025-05-19 20:40:00,0.0,2025-05-19 20:40:00
2025-05-19 20:45:00,0.0,2025-05-19 20:45:00
2025-05-19 20:50:00,0.0,2025-05-19 20:50:00
2025-05-19 20:55:00,0.0,2025-05-19 20:55:00
2025-05-19 21:00:00,0.0,2025-05-19 21:00:00
2025-05-19 21:05:00,0.0,2025-05-19 21:05:00
2025-05-19 21:10:00,0.0,2025-05-19 21:10:00
2025-05-19 21:15:00,0.0,2025-05-19 21:15:00
2025-05-19 21:20:00,0.0,2025-05-19 21:20:00
2025-05-19 21:25:00,0.0,2025-05-19 21:25:00
2025-05-19 21:30:00,0.0,2025-05-19 21:30:00
2025-05-19 21:35:00,0.0,2025-05-19 21:35:00
2025-05-19 21:40:00,0.0,2025-05-19 21:40:00
2025-05-19 21:45:00,0.0,2025-05-19 21:45:00
2025-05-19 21:50:00,0.0,2025-05-19 21:50:00
2025-05-19 21:55:00,0.0,2025-05-19 21:55:00
2025-05-19 22:00:00,-2187.225,2025-05-19 22:00:00
2025-05-19 22:05:00,-2187.338,2025-05-19 22:05:00
2025-05-19 22:10:00,-2187.387,2025-05-19 22:10:00
2025-05-19 22:15:00,-2187.416,2025-05-19 22:15:00
2025-05-19 22:20:00,-2187.437,2025-05-19 22:20:00
2025-05-19 22:25:00,-2187.451,2025-05-19 22:25:00
2025-05-19 22:30:00,-2187.462,2025-05-19 22:30:00
2025-05-19 22:35:00,-2187.471,2025-05-19 22:35:00
2025-05-19 22:40:00,-2187.477,2025-05-19 22:40:00
2025-05-19 22:45:00,-2187.482,2025-05-19 22:45:00
2025-05-19 22:50:00,-2187.485,2025-05-19 22:50:00
2025-05-19 22:55:00,-2187.488,2025-05-19 22:55:00
2025-05-19 23:00:00,-2187.489,2025-05-19 23:00:00
2025-05-19 23:05:00,-2187.49,2025-05-19 23:05:00
2025-05-19 23:10:00,-2187.49,2025-05-19 23:10:00
2025-05-19 23:15:00,-2187.489,2025-05-19 23:15:00
2025-05-19 23:20:00,-2187.488,2025-05-19 23:20:00
2025-05-19 23:25:00,-2187.486,2025-05-19 23:25:00
2025-05-19 23:30:00,-2187.483,2025-05-19 23:30:00
2025-05-19 23:35:00,-2187.481,2025-05-19 23:35:00
2025-05-19 23:40:00,-2187.477,2025-05-19 23:40:00
2025-05-19 23:45:00,-2187.474,2025-05-19 23:45:00
2025-05-19 23:50:00,-2187.47,2025-05-19 23:50:00
2025-05-19 23:55:00,-2187.466,2025-05-19 23:55:00
2025-05-20 00:00:00,-2187.462,2025-05-20 00:00:00
2025-05-20 00:05:00,-2187.458,2025-05-20 00:05:00
2025-05-20 00:10:00,-2187.453,2025-05-20 00:10:00
2025-05-20 00:15:00,-2187.449,2025-05-20 00:15:00
2025-05-20 00:20:00,-2187.444,2025-05-20 00:20:00
2025-05-20 00:25:00,-2187.439,2025-05-20 00:25:00
2025-05-20 00:30:00,-2187.434,2025-05-20 00:30:00
2025-05-20 00:35:00,-2187.429,2025-05-20 00:35:00
2025-05-20 00:40:00,-2187.425,2025-05-20 00:40:00
2025-05-20 00:45:00,-2187.42,2025-05-20 00:45:00
2025-05-20 00:50:00,-2187.415,2025-05-20 00:50:00
2025-05-20 00:55:00,-2187.411,2025-05-20 00:55:00
2025-05-20 01:00:00,-2187.406,2025-05-20 01:00:00
2025-05-20 01:05:00,-2187.402,2025-05-20 01:05:00
2025-05-20 01:10:00,-2187.397,2025-05-20 01:10:00
2025-05-20 01:15:00,-2187.393,2025-05-20 01:15:00
2025-05-20 01:20:00,-2187.389,2025-05-20 01:20:00
2025-05-20 01:25:00,-2187.386,2025-05-20 01:25:00
2025-05-20 01:30:00,-2187.382,2025-05-20 01:30:00
2025-05-20 01:35:00,-2187.379,2025-05-20 01:35:00
2025-05-20 01:40:00,-2187.375,2025-05-20 01:40:00
2025-05-20 01:45:00,-2187.373,2025-05-20 01:45:00
2025-05-20 01:50:00,-2187.37,2025-05-20 01:50:00
2025-05-20 01:55:00,-2187.367,2025-05-20 01:55:00
2025-05-20 02:00:00,-2187.365,2025-05-20 02:00:00
2025-05-20 02:05:00,-2187.363,2025-05-20 02:05:00
2025-05-20 02:10:00,-2187.361,2025-05-20 02:10:00
2025-05-20 02:15:00,-2187.359,2025-05-20 02:15:00
2025-05-20 02:20:00,-2187.358,2025-05-20 02:20:00
2025-05-20 02:25:00,-2187.357,2025-05-20 02:25:00
2025-05-20 02:30:00,-2187.356,2025-05-20 02:30:00
2025-05-20 02:35:00,-2187.355,2025-05-20 02:35:00
2025-05-20 02:40:00,-2187.355,2025-05-20 02:40:00
2025-05-20 02:45:00,-2187.355,2025-05-20 02:45:00
2025-05-20 02:50:00,-2187.355,2025-05-20 02:50:00
2025-05-20 02:55:00,-2187.355,2025-05-20 02:55:00
2025-05-20 03:00:00,-2187.355,2025-05-20 03:00:00
2025-05-20 03:05:00,-2187.356,2025-05-20 03:05:00
2025-05-20 03:10:00,-2187.357,2025-05-20 03:10:00
2025-05-20 03:15:00,-2187.358,2025-05-20 03:15:00
2025-05-20 03:20:00,-2187.359,2025-05-20 03:20:00
2025-05-20 03:25:00,-2187.36,2025-05-20 03:25:00
2025-05-20 03:30:00,-2187.361,2025-05-20 03:30:00
2025-05-20 03:35:00,-2187.363,2025-05-20 03:35:00
2025-05-20 03:40:00,-2187.364,2025-05-20 03:40:00
2025-05-20 03:45:00,-2187.365,2025-05-20 03:45:00
2025-05-20 03:50:00,-2187.367,2025-05-20 03:50:00
2025-05-20 03:55:00,-2187.369,2025-05-20 03:55:00
2025-05-20 04:00:00,-2187.37,2025-05-20 04:00:00
2025-05-20 04:05:00,-2187.371,2025-05-20 04:05:00
2025-05-20 04:10:00,-2187.373,2025-05-20 04:10:00
2025-05-20 04:15:00,-2187.374,2025-05-20 04:15:00
2025-05-20 04:20:00,-2187.375,2025-05-20 04:20:00
2025-05-20 04:25:00,-2187.376,2025-05-20 04:25:00
2025-05-20 04:30:00,-2187.376,2025-05-20 04:30:00
2025-05-20 04:35:00,-2187.376,2025-05-20 04:35:00
2025-05-20 04:40:00,-2187.376,2025-05-20 04:40:00
2025-05-20 04:45:00,-2187.376,2025-05-20 04:45:00
2025-05-20 04:50:00,-2187.375,2025-05-20 04:50:00
2025-05-20 04:55:00,-2187.373,2025-05-20 04:55:00
2025-05-20 05:00:00,-2187.371,2025-05-20 05:00:00
2025-05-20 05:05:00,-2187.368,2025-05-20 05:05:00
2025-05-20 05:10:00,-2187.363,2025-05-20 05:10:00
2025-05-20 05:15:00,-2187.358,2025-05-20 05:15:00
2025-05-20 05:20:00,-2187.351,2025-05-20 05:20:00
2025-05-20 05:25:00,-2187.343,2025-05-20 05:25:00
2025-05-20 05:30:00,-2187.331,2025-05-20 05:30:00
2025-05-20 05:35:00,-2187.316,2025-05-20 05:35:00
2025-05-20 05:40:00,-2187.296,2025-05-20 05:40:00
2025-05-20 05:45:00,-2187.266,2025-05-20 05:45:00
2025-05-20 05:50:00,-2187.217,2025-05-20 05:50:00
2025-05-20 05:55:00,-2187.107,2025-05-20 05:55:00
2025-05-20 06:00:00,0.0,2025-05-20 06:00:00
2025-05-20 06:05:00,0.0,2025-05-20 06:05:00
2025-05-20 06:10:00,0.0,2025-05-20 06:10:00
2025-05-20 06:15:00,0.0,2025-05-20 06:15:00
2025-05-20 06:20:00,0.0,2025-05-20 06:20:00
2025-05-20 06:25:00,0.0,2025-05-20 06:25:00
2025-05-20 06:30:00,0.0,2025-05-20 06:30:00
2025-05-20 06:35:00,0.0,2025-05-20 06:35:00
2025-05-20 06:40:00,0.0,2025-05-20 06:40:00
2025-05-20 06:45:00,0.0,2025-05-20 06:45:00
2025-05-20 06:50:00,0.0,2025-05-20 06:50:00
2025-05-20 06:55:00,0.0,2025-05-20 06:55:00
2025-05-20 07:00:00,0.0,2025-05-20 07:00:00
2025-05-20 07:05:00,0.0,2025-05-20 07:05:00
2025-05-20 07:10:00,0.0,2025-05-20 07:10:00
2025-05-20 07:15:00,0.0,2025-05-20 07:15:00
2025-05-20 07:20:00,0.0,2025-05-20 07:20:00
2025-05-20 07:25:00,0.0,2025-05-20 07:25:00
2025-05-20 07:30:00,0.0,2025-05-20 07:30:00
2025-05-20 07:35:00,0.0,2025-05-20 07:35:00
2025-05-20 07:40:00,0.0,2025-05-20 07:40:00
2025-05-20 07:45:00,0.0,2025-05-20 07:45:00
2025-05-20 07:50:00,0.0,2025-05-20 07:50:00
2025-05-20 07:55:00,0.0,2025-05-20 07:55:00
2025-05-20 08:00:00,8920.0,2025-05-20 08:00:00
2025-05-20 08:05:00,8920.0,2025-05-20 08:05:00
2025-05-20 08:10:00,8920.0,2025-05-20 08:10:00
2025-05-20 08:15:00,8920.0,2025-05-20 08:15:00
2025-05-20 08:20:00,8920.0,2025-05-20 08:20:00
2025-05-20 08:25:00,8920.0,2025-05-20 08:25:00
2025-05-20 08:30:00,8920.0,2025-05-20 08:30:00
2025-05-20 08:35:00,8920.0,2025-05-20 08:35:00
2025-05-20 08:40:00,8920.0,2025-05-20 08:40:00
2025-05-20 08:45:00,8920.0,2025-05-20 08:45:00
2025-05-20 08:50:00,8920.0,2025-05-20 08:50:00
2025-05-20 08:55:00,8920.0,2025-05-20 08:55:00
2025-05-20 09:00:00,8920.0,2025-05-20 09:00:00
2025-05-20 09:05:00,8920.0,2025-05-20 09:05:00
2025-05-20 09:10:00,8920.0,2025-05-20 09:10:00
2025-05-20 09:15:00,8920.0,2025-05-20 09:15:00
2025-05-20 09:20:00,8919.999,2025-05-20 09:20:00
2025-05-20 09:25:00,8919.999,2025-05-20 09:25:00
2025-05-20 09:30:00,8919.999,2025-05-20 09:30:00
2025-05-20 09:35:00,8919.995,2025-05-20 09:35:00
2025-05-20 09:40:00,5130.875,2025-05-20 09:40:00
2025-05-20 09:45:00,0.0,2025-05-20 09:45:00
2025-05-20 09:50:00,0.0,2025-05-20 09:50:00
2025-05-20 09:55:00,0.0,2025-05-20 09:55:00
2025-05-20 10:00:00,0.0,2025-05-20 10:00:00
2025-05-20 10:05:00,0.0,2025-05-20 10:05:00
2025-05-20 10:10:00,0.0,2025-05-20 10:10:00
2025-05-20 10:15:00,0.0,2025-05-20 10:15:00
2025-05-20 10:20:00,0.0,2025-05-20 10:20:00
2025-05-20 10:25:00,0.0,2025-05-20 10:25:00
2025-05-20 10:30:00,0.0,2025-05-20 10:30:00
2025-05-20 10:35:00,0.0,2025-05-20 10:35:00
2025-05-20 10:40:00,0.0,2025-05-20 10:40:00
2025-05-20 10:45:00,0.0,2025-05-20 10:45:00
2025-05-20 10:50:00,0.0,2025-05-20 10:50:00
2025-05-20 10:55:00,0.0,2025-05-20 10:55:00
2025-05-20 11:00:00,-2499.876,2025-05-20 11:00:00
2025-05-20 11:05:00,-2499.876,2025-05-20 11:05:00
2025-05-20 11:10:00,-2499.876,2025-05-20 11:10:00
2025-05-20 11:15:00,-2499.876,2025-05-20 11:15:00
2025-05-20 11:20:00,-2499.876,2025-05-20 11:20:00
2025-05-20 11:25:00,-2499.876,2025-05-20 11:25:00
2025-05-20 11:30:00,-2499.876,2025-05-20 11:30:00
2025-05-20 11:35:00,-2499.876,2025-05-20 11:35:00
2025-05-20 11:40:00,-2499.876,2025-05-20 11:40:00
2025-05-20 11:45:00,-2499.876,2025-05-20 11:45:00
2025-05-20 11:50:00,-2499.876,2025-05-20 11:50:00
2025-05-20 11:55:00,-2499.876,2025-05-20 11:55:00
2025-05-20 12:00:00,-2499.876,2025-05-20 12:00:00
2025-05-20 12:05:00,-2499.876,2025-05-20 12:05:00
2025-05-20 12:10:00,-2499.876,2025-05-20 12:10:00
2025-05-20 12:15:00,-2499.876,2025-05-20 12:15:00
2025-05-20 12:20:00,-2499.876,2025-05-20 12:20:00
2025-05-20 12:25:00,-2499.876,2025-05-20 12:25:00
2025-05-20 12:30:00,-2499.876,2025-05-20 12:30:00
2025-05-20 12:35:00,-2499.876,2025-05-20 12:35:00
2025-05-20 12:40:00,-2499.876,2025-05-20 12:40:00
2025-05-20 12:45:00,-2499.876,2025-05-20 12:45:00
2025-05-20 12:50:00,-2499.876,2025-05-20 12:50:00
2025-05-20 12:55:00,-2499.876,2025-05-20 12:55:00
2025-05-20 13:00:00,-2499.876,2025-05-20 13:00:00
2025-05-20 13:05:00,-2499.876,2025-05-20 13:05:00
2025-05-20 13:10:00,-2499.876,2025-05-20 13:10:00
2025-05-20 13:15:00,-2499.876,2025-05-20 13:15:00
2025-05-20 13:20:00,-2499.876,2025-05-20 13:20:00
2025-05-20 13:25:00,-2499.876,2025-05-20 13:25:00
2025-05-20 13:30:00,-2499.876,2025-05-20 13:30:00
2025-05-20 13:35:00,-2499.876,2025-05-20 13:35:00
2025-05-20 13:40:00,-2499.876,2025-05-20 13:40:00
2025-05-20 13:45:00,-2499.876,2025-05-20 13:45:00
2025-05-20 13:50:00,-2499.876,2025-05-20 13:50:00
2025-05-20 13:55:00,-2499.876,2025-05-20 13:55:00
2025-05-20 14:00:00,-2499.876,2025-05-20 14:00:00
2025-05-20 14:05:00,-2499.876,2025-05-20 14:05:00
2025-05-20 14:10:00,-2499.876,2025-05-20 14:10:00
2025-05-20 14:15:00,-2499.876,2025-05-20 14:15:00
2025-05-20 14:20:00,-2499.876,2025-05-20 14:20:00
2025-05-20 14:25:00,-2499.876,2025-05-20 14:25:00
2025-05-20 14:30:00,-2499.876,2025-05-20 14:30:00
2025-05-20 14:35:00,-2499.876,2025-05-20 14:35:00
2025-05-20 14:40:00,-2499.876,2025-05-20 14:40:00
2025-05-20 14:45:00,-2499.876,2025-05-20 14:45:00
2025-05-20 14:50:00,-2499.876,2025-05-20 14:50:00
2025-05-20 14:55:00,-2499.876,2025-05-20 14:55:00
2025-05-20 15:00:00,-2499.876,2025-05-20 15:00:00
2025-05-20 15:05:00,-2499.876,2025-05-20 15:05:00
2025-05-20 15:10:00,-2499.876,2025-05-20 15:10:00
2025-05-20 15:15:00,-2499.876,2025-05-20 15:15:00
2025-05-20 15:20:00,-2499.876,2025-05-20 15:20:00
2025-05-20 15:25:00,-2499.876,2025-05-20 15:25:00
2025-05-20 15:30:00,-2499.876,2025-05-20 15:30:00
2025-05-20 15:35:00,-2499.876,2025-05-20 15:35:00
2025-05-20 15:40:00,-2499.876,2025-05-20 15:40:00
2025-05-20 15:45:00,-2499.876,2025-05-20 15:45:00
2025-05-20 15:50:00,-2499.876,2025-05-20 15:50:00
2025-05-20 15:55:00,-2499.876,2025-05-20 15:55:00
2025-05-20 16:00:00,-2499.876,2025-05-20 16:00:00
2025-05-20 16:05:00,-2499.876,2025-05-20 16:05:00
2025-05-20 16:10:00,-2499.876,2025-05-20 16:10:00
2025-05-20 16:15:00,-2499.876,2025-05-20 16:15:00
2025-05-20 16:20:00,-2499.876,2025-05-20 16:20:00
2025-05-20 16:25:00,-2499.876,2025-05-20 16:25:00
2025-05-20 16:30:00,-2499.876,2025-05-20 16:30:00
2025-05-20 16:35:00,-2499.876,2025-05-20 16:35:00
2025-05-20 16:40:00,-2499.876,2025-05-20 16:40:00
2025-05-20 16:45:00,-2499.876,2025-05-20 16:45:00
2025-05-20 16:50:00,-2499.876,2025-05-20 16:50:00
2025-05-20 16:55:00,-2499.876,2025-05-20 16:55:00
2025-05-20 17:00:00,-2499.876,2025-05-20 17:00:00
2025-05-20 17:05:00,-2499.876,2025-05-20 17:05:00
2025-05-20 17:10:00,-2499.876,2025-05-20 17:10:00
2025-05-20 17:15:00,-2499.876,2025-05-20 17:15:00
2025-05-20 17:20:00,-2499.876,2025-05-20 17:20:00
2025-05-20 17:25:00,-2499.876,2025-05-20 17:25:00
2025-05-20 17:30:00,-2499.876,2025-05-20 17:30:00
2025-05-20 17:35:00,-2499.876,2025-05-20 17:35:00
2025-05-20 17:40:00,-2499.876,2025-05-20 17:40:00
2025-05-20 17:45:00,-2499.876,2025-05-20 17:45:00
2025-05-20 17:50:00,-2499.876,2025-05-20 17:50:00
2025-05-20 17:55:00,-2499.876,2025-05-20 17:55:00
2025-05-20 18:00:00,8920.0,2025-05-20 18:00:00
2025-05-20 18:05:00,8920.0,2025-05-20 18:05:00
2025-05-20 18:10:00,8920.0,2025-05-20 18:10:00
2025-05-20 18:15:00,8920.0,2025-05-20 18:15:00
2025-05-20 18:20:00,8920.0,2025-05-20 18:20:00
2025-05-20 18:25:00,8920.0,2025-05-20 18:25:00
2025-05-20 18:30:00,8920.0,2025-05-20 18:30:00
2025-05-20 18:35:00,8920.0,2025-05-20 18:35:00
2025-05-20 18:40:00,8920.0,2025-05-20 18:40:00
2025-05-20 18:45:00,8920.0,2025-05-20 18:45:00
2025-05-20 18:50:00,8920.0,2025-05-20 18:50:00
2025-05-20 18:55:00,8920.0,2025-05-20 18:55:00
2025-05-20 19:00:00,8920.0,2025-05-20 19:00:00
2025-05-20 19:05:00,8920.0,2025-05-20 19:05:00
2025-05-20 19:10:00,8920.0,2025-05-20 19:10:00
2025-05-20 19:15:00,8920.0,2025-05-20 19:15:00
2025-05-20 19:20:00,8919.999,2025-05-20 19:20:00
2025-05-20 19:25:00,8919.999,2025-05-20 19:25:00
2025-05-20 19:30:00,8919.999,2025-05-20 19:30:00
2025-05-20 19:35:00,8919.995,2025-05-20 19:35:00
2025-05-20 19:40:00,5130.875,2025-05-20 19:40:00
2025-05-20 19:45:00,0.0,2025-05-20 19:45:00
2025-05-20 19:50:00,0.0,2025-05-20 19:50:00
2025-05-20 19:55:00,0.0,2025-05-20 19:55:00
2025-05-20 20:00:00,0.0,2025-05-20 20:00:00
2025-05-20 20:05:00,0.0,2025-05-20 20:05:00
2025-05-20 20:10:00,0.0,2025-05-20 20:10:00
2025-05-20 20:15:00,0.0,2025-05-20 20:15:00
2025-05-20 20:20:00,0.0,2025-05-20 20:20:00
2025-05-20 20:25:00,0.0,2025-05-20 20:25:00
2025-05-20 20:30:00,0.0,2025-05-20 20:30:00
2025-05-20 20:35:00,0.0,2025-05-20 20:35:00
2025-05-20 20:40:00,0.0,2025-05-20 20:40:00
2025-05-20 20:45:00,0.0,2025-05-20 20:45:00
2025-05-20 20:50:00,0.0,2025-05-20 20:50:00
2025-05-20 20:55:00,0.0,2025-05-20 20:55:00
2025-05-20 21:00:00,0.0,2025-05-20 21:00:00
2025-05-20 21:05:00,0.0,2025-05-20 21:05:00
2025-05-20 21:10:00,0.0,2025-05-20 21:10:00
2025-05-20 21:15:00,0.0,2025-05-20 21:15:00
2025-05-20 21:20:00,0.0,2025-05-20 21:20:00
2025-05-20 21:25:00,0.0,2025-05-20 21:25:00
2025-05-20 21:30:00,0.0,2025-05-20 21:30:00
2025-05-20 21:35:00,0.0,2025-05-20 21:35:00
2025-05-20 21:40:00,0.0,2025-05-20 21:40:00
2025-05-20 21:45:00,0.0,2025-05-20 21:45:00
2025-05-20 21:50:00,0.0,2025-05-20 21:50:00
2025-05-20 21:55:00,0.0,2025-05-20 21:55:00
2025-05-20 22:00:00,-2187.352,2025-05-20 22:00:00
2025-05-20 22:05:00,-2187.41,2025-05-20 22:05:00
2025-05-20 22:10:00,-2187.435,2025-05-20 22:10:00
2025-05-20 22:15:00,-2187.449,2025-05-20 22:15:00
2025-05-20 22:20:00,-2187.459,2025-05-20 22:20:00
2025-05-20 22:25:00,-2187.465,2025-05-20 22:25:00
2025-05-20 22:30:00,-2187.47,2025-05-20 22:30:00
2025-05-20 22:35:00,-2187.473,2025-05-20 22:35:00
2025-05-20 22:40:00,-2187.475,2025-05-20 22:40:00
2025-05-20 22:45:00,-2187.476,2025-05-20 22:45:00
2025-05-20 22:50:00,-2187.476,2025-05-20 22:50:00
2025-05-20 22:55:00,-2187.476,2025-05-20 22:55:00
2025-05-20 23:00:00,-2187.475,2025-05-20 23:00:00
2025-05-20 23:05:00,-2187.474,2025-05-20 23:05:00
2025-05-20 23:10:00,-2187.472,2025-05-20 23:10:00
2025-05-20 23:15:00,-2187.47,2025-05-20 23:15:00
2025-05-20 23:20:00,-2187.467,2025-05-20 23:20:00
2025-05-20 23:25:00,-2187.464,2025-05-20 23:25:00
2025-05-20 23:30:00,-2187.461,2025-05-20 23:30:00
2025-05-20 23:35:00,-2187.458,2025-05-20 23:35:00
2025-05-20 23:40:00,-2187.454,2025-05-20 23:40:00
2025-05-20 23:45:00,-2187.45,2025-05-20 23:45:00
2025-05-20 23:50:00,-2187.446,2025-05-20 23:50:00
2025-05-20 23:55:00,-2187.442,2025-05-20 23:55:00
2025-05-21 00:00:00,-2187.438,2025-05-21 00:00:00
2025-05-21 00:05:00,-2187.434,2025-05-21 00:05:00
2025-05-21 00:10:00,-2187.429,2025-05-21 00:10:00
2025-05-21 00:15:00,-2187.425,2025-05-21 00:15:00
2025-05-21 00:20:00,-2187.421,2025-05-21 00:20:00
2025-05-21 00:25:00,-2187.416,2025-05-21 00:25:00
2025-05-21 00:30:00,-2187.412,2025-05-21 00:30:00
2025-05-21 00:35:00,-2187.407,2025-05-21 00:35:00
2025-05-21 00:40:00,-2187.403,2025-05-21 00:40:00
2025-05-21 00:45:00,-2187.399,2025-05-21 00:45:00
2025-05-21 00:50:00,-2187.395,2025-05-21 00:50:00
2025-05-21 00:55:00,-2187.391,2025-05-21 00:55:00
2025-05-21 01:00:00,-2187.387,2025-05-21 01:00:00
2025-05-21 01:05:00,-2187.383,2025-05-21 01:05:00
2025-05-21 01:10:00,-2187.379,2025-05-21 01:10:00
2025-05-21 01:15:00,-2187.376,2025-05-21 01:15:00
2025-05-21 01:20:00,-2187.373,2025-05-21 01:20:00
2025-05-21 01:25:00,-2187.369,2025-05-21 01:25:00
2025-05-21 01:30:00,-2187.366,2025-05-21 01:30:00
2025-05-21 01:35:00,-2187.364,2025-05-21 01:35:00
2025-05-21 01:40:00,-2187.361,2025-05-21 01:40:00
2025-05-21 01:45:00,-2187.359,2025-05-21 01:45:00
2025-05-21 01:50:00,-2187.356,2025-05-21 01:50:00
2025-05-21 01:55:00,-2187.354,2025-05-21 01:55:00
2025-05-21 02:00:00,-2187.352,2025-05-21 02:00:00
2025-05-21 02:05:00,-2187.351,2025-05-21 02:05:00
2025-05-21 02:10:00,-2187.349,2025-05-21 02:10:00
2025-05-21 02:15:00,-2187.348,2025-05-21 02:15:00
2025-05-21 02:20:00,-2187.347,2025-05-21 02:20:00
2025-05-21 02:25:00,-2187.346,2025-05-21 02:25:00
2025-05-21 02:30:00,-2187.346,2025-05-21 02:30:00
2025-05-21 02:35:00,-2187.345,2025-05-21 02:35:00
2025-05-21 02:40:00,-2187.345,2025-05-21 02:40:00
2025-05-21 02:45:00,-2187.345,2025-05-21 02:45:00
2025-05-21 02:50:00,-2187.345,2025-05-21 02:50:00
2025-05-21 02:55:00,-2187.346,2025-05-21 02:55:00
2025-05-21 03:00:00,-2187.347,2025-05-21 03:00:00
2025-05-21 03:05:00,-2187.347,2025-05-21 03:05:00
2025-05-21 03:10:00,-2187.348,2025-05-21 03:10:00
2025-05-21 03:15:00,-2187.349,2025-05-21 03:15:00
2025-05-21 03:20:00,-2187.351,2025-05-21 03:20:00
2025-05-21 03:25:00,-2187.352,2025-05-21 03:25:00
2025-05-21 03:30:00,-2187.354,2025-05-21 03:30:00
2025-05-21 03:35:00,-2187.355,2025-05-21 03:35:00
2025-05-21 03:40:00,-2187.357,2025-05-21 03:40:00
2025-05-21 03:45:00,-2187.359,2025-05-21 03:45:00
2025-05-21 03:50:00,-2187.361,2025-05-21 03:50:00
2025-05-21 03:55:00,-2187.363,2025-05-21 03:55:00
2025-05-21 04:00:00,-2187.365,2025-05-21 04:00:00
2025-05-21 04:05:00,-2187.367,2025-05-21 04:05:00
2025-05-21 04:10:00,-2187.369,2025-05-21 04:10:00
2025-05-21 04:15:00,-2187.371,2025-05-21 04:15:00
2025-05-21 04:20:00,-2187.373,2025-05-21 04:20:00
2025-05-21 04:25:00,-2187.375,2025-05-21 04:25:00
2025-05-21 04:30:00,-2187.377,2025-05-21 04:30:00
2025-05-21 04:35:00,-2187.379,2025-05-21 04:35:00
2025-05-21 04:40:00,-2187.38,2025-05-21 04:40:00
2025-05-21 04:45:00,-2187.381,2025-05-21 04:45:00
2025-05-21 04:50:00,-2187.382,2025-05-21 04:50:00
2025-05-21 04:55:00,-2187.383,2025-05-21 04:55:00
2025-05-21 05:00:00,-2187.383,2025-05-21 05:00:00
2025-05-21 05:05:00,-2187.383,2025-05-21 05:05:00
2025-05-21 05:10:00,-2187.383,2025-05-21 05:10:00
2025-05-21 05:15:00,-2187.382,2025-05-21 05:15:00
2025-05-21 05:20:00,-2187.379,2025-05-21 05:20:00
2025-05-21 05:25:00,-2187.376,2025-05-21 05:25:00
2025-05-21 05:30:00,-2187.372,2025-05-21 05:30:00
2025-05-21 05:35:00,-2187.366,2025-05-21 05:35:00
2025-05-21 05:40:00,-2187.356,2025-05-21 05:40:00
2025-05-21 05:45:00,-2187.342,2025-05-21 05:45:00
2025-05-21 05:50:00,-2187.318,2025-05-21 05:50:00
2025-05-21 05:55:00,-2187.262,2025-05-21 05:55:00
2025-05-21 06:00:00,0.0,2025-05-21 06:00:00
2025-05-21 06:05:00,0.0,2025-05-21 06:05:00
2025-05-21 06:10:00,0.0,2025-05-21 06:10:00
2025-05-21 06:15:00,0.0,2025-05-21 06:15:00
2025-05-21 06:20:00,0.0,2025-05-21 06:20:00
2025-05-21 06:25:00,0.0,2025-05-21 06:25:00
2025-05-21 06:30:00,0.0,2025-05-21 06:30:00
2025-05-21 06:35:00,0.0,2025-05-21 06:35:00
2025-05-21 06:40:00,0.0,2025-05-21 06:40:00
2025-05-21 06:45:00,0.0,2025-05-21 06:45:00
2025-05-21 06:50:00,0.0,2025-05-21 06:50:00
2025-05-21 06:55:00,0.0,2025-05-21 06:55:00
2025-05-21 07:00:00,0.0,2025-05-21 07:00:00
2025-05-21 07:05:00,0.0,2025-05-21 07:05:00
2025-05-21 07:10:00,0.0,2025-05-21 07:10:00
2025-05-21 07:15:00,0.0,2025-05-21 07:15:00
2025-05-21 07:20:00,0.0,2025-05-21 07:20:00
2025-05-21 07:25:00,0.0,2025-05-21 07:25:00
2025-05-21 07:30:00,0.0,2025-05-21 07:30:00
2025-05-21 07:35:00,0.0,2025-05-21 07:35:00
2025-05-21 07:40:00,0.0,2025-05-21 07:40:00
2025-05-21 07:45:00,0.0,2025-05-21 07:45:00
2025-05-21 07:50:00,0.0,2025-05-21 07:50:00
2025-05-21 07:55:00,0.0,2025-05-21 07:55:00
2025-05-21 08:00:00,8920.0,2025-05-21 08:00:00
2025-05-21 08:05:00,8920.0,2025-05-21 08:05:00
2025-05-21 08:10:00,8920.0,2025-05-21 08:10:00
2025-05-21 08:15:00,8920.0,2025-05-21 08:15:00
2025-05-21 08:20:00,8920.0,2025-05-21 08:20:00
2025-05-21 08:25:00,8920.0,2025-05-21 08:25:00
2025-05-21 08:30:00,8920.0,2025-05-21 08:30:00
2025-05-21 08:35:00,8920.0,2025-05-21 08:35:00
2025-05-21 08:40:00,8920.0,2025-05-21 08:40:00
2025-05-21 08:45:00,8920.0,2025-05-21 08:45:00
2025-05-21 08:50:00,8920.0,2025-05-21 08:50:00
2025-05-21 08:55:00,8920.0,2025-05-21 08:55:00
2025-05-21 09:00:00,8920.0,2025-05-21 09:00:00
2025-05-21 09:05:00,8920.0,2025-05-21 09:05:00
2025-05-21 09:10:00,8920.0,2025-05-21 09:10:00
2025-05-21 09:15:00,8920.0,2025-05-21 09:15:00
2025-05-21 09:20:00,8920.0,2025-05-21 09:20:00
2025-05-21 09:25:00,8919.999,2025-05-21 09:25:00
2025-05-21 09:30:00,8919.999,2025-05-21 09:30:00
2025-05-21 09:35:00,8919.996,2025-05-21 09:35:00
2025-05-21 09:40:00,5130.876,2025-05-21 09:40:00
2025-05-21 09:45:00,0.0,2025-05-21 09:45:00
2025-05-21 09:50:00,0.0,2025-05-21 09:50:00
2025-05-21 09:55:00,0.0,2025-05-21 09:55:00
2025-05-21 10:00:00,0.0,2025-05-21 10:00:00
2025-05-21 10:05:00,0.0,2025-05-21 10:05:00
2025-05-21 10:10:00,0.0,2025-05-21 10:10:00
2025-05-21 10:15:00,0.0,2025-05-21 10:15:00
2025-05-21 10:20:00,0.0,2025-05-21 10:20:00
2025-05-21 10:25:00,0.0,2025-05-21 10:25:00
2025-05-21 10:30:00,0.0,2025-05-21 10:30:00
2025-05-21 10:35:00,0.0,2025-05-21 10:35:00
2025-05-21 10:40:00,0.0,2025-05-21 10:40:00
2025-05-21 10:45:00,0.0,2025-05-21 10:45:00
2025-05-21 10:50:00,0.0,2025-05-21 10:50:00
2025-05-21 10:55:00,0.0,2025-05-21 10:55:00
2025-05-21 11:00:00,-2499.876,2025-05-21 11:00:00
2025-05-21 11:05:00,-2499.876,2025-05-21 11:05:00
2025-05-21 11:10:00,-2499.876,2025-05-21 11:10:00
2025-05-21 11:15:00,-2499.876,2025-05-21 11:15:00
2025-05-21 11:20:00,-2499.876,2025-05-21 11:20:00
2025-05-21 11:25:00,-2499.876,2025-05-21 11:25:00
2025-05-21 11:30:00,-2499.876,2025-05-21 11:30:00
2025-05-21 11:35:00,-2499.876,2025-05-21 11:35:00
2025-05-21 11:40:00,-2499.876,2025-05-21 11:40:00
2025-05-21 11:45:00,-2499.876,2025-05-21 11:45:00
2025-05-21 11:50:00,-2499.876,2025-05-21 11:50:00
2025-05-21 11:55:00,-2499.876,2025-05-21 11:55:00
2025-05-21 12:00:00,-2499.876,2025-05-21 12:00:00
2025-05-21 12:05:00,-2499.876,2025-05-21 12:05:00
2025-05-21 12:10:00,-2499.876,2025-05-21 12:10:00
2025-05-21 12:15:00,-2499.876,2025-05-21 12:15:00
2025-05-21 12:20:00,-2499.876,2025-05-21 12:20:00
2025-05-21 12:25:00,-2499.876,2025-05-21 12:25:00
2025-05-21 12:30:00,-2499.876,2025-05-21 12:30:00
2025-05-21 12:35:00,-2499.876,2025-05-21 12:35:00
2025-05-21 12:40:00,-2499.876,2025-05-21 12:40:00
2025-05-21 12:45:00,-2499.876,2025-05-21 12:45:00
2025-05-21 12:50:00,-2499.876,2025-05-21 12:50:00
2025-05-21 12:55:00,-2499.876,2025-05-21 12:55:00
2025-05-21 13:00:00,-2499.876,2025-05-21 13:00:00
2025-05-21 13:05:00,-2499.876,2025-05-21 13:05:00
2025-05-21 13:10:00,-2499.876,2025-05-21 13:10:00
2025-05-21 13:15:00,-2499.876,2025-05-21 13:15:00
2025-05-21 13:20:00,-2499.876,2025-05-21 13:20:00
2025-05-21 13:25:00,-2499.876,2025-05-21 13:25:00
2025-05-21 13:30:00,-2499.876,2025-05-21 13:30:00
2025-05-21 13:35:00,-2499.876,2025-05-21 13:35:00
2025-05-21 13:40:00,-2499.876,2025-05-21 13:40:00
2025-05-21 13:45:00,-2499.876,2025-05-21 13:45:00
2025-05-21 13:50:00,-2499.876,2025-05-21 13:50:00
2025-05-21 13:55:00,-2499.876,2025-05-21 13:55:00
2025-05-21 14:00:00,-2499.876,2025-05-21 14:00:00
2025-05-21 14:05:00,-2499.876,2025-05-21 14:05:00
2025-05-21 14:10:00,-2499.876,2025-05-21 14:10:00
2025-05-21 14:15:00,-2499.876,2025-05-21 14:15:00
2025-05-21 14:20:00,-2499.876,2025-05-21 14:20:00
2025-05-21 14:25:00,-2499.876,2025-05-21 14:25:00
2025-05-21 14:30:00,-2499.876,2025-05-21 14:30:00
2025-05-21 14:35:00,-2499.876,2025-05-21 14:35:00
2025-05-21 14:40:00,-2499.876,2025-05-21 14:40:00
2025-05-21 14:45:00,-2499.876,2025-05-21 14:45:00
2025-05-21 14:50:00,-2499.876,2025-05-21 14:50:00
2025-05-21 14:55:00,-2499.876,2025-05-21 14:55:00
2025-05-21 15:00:00,-2499.876,2025-05-21 15:00:00
2025-05-21 15:05:00,-2499.876,2025-05-21 15:05:00
2025-05-21 15:10:00,-2499.876,2025-05-21 15:10:00
2025-05-21 15:15:00,-2499.876,2025-05-21 15:15:00
2025-05-21 15:20:00,-2499.876,2025-05-21 15:20:00
2025-05-21 15:25:00,-2499.876,2025-05-21 15:25:00
2025-05-21 15:30:00,-2499.876,2025-05-21 15:30:00
2025-05-21 15:35:00,-2499.876,2025-05-21 15:35:00
2025-05-21 15:40:00,-2499.876,2025-05-21 15:40:00
2025-05-21 15:45:00,-2499.876,2025-05-21 15:45:00
2025-05-21 15:50:00,-2499.876,2025-05-21 15:50:00
2025-05-21 15:55:00,-2499.876,2025-05-21 15:55:00
2025-05-21 16:00:00,-2499.876,2025-05-21 16:00:00
2025-05-21 16:05:00,-2499.876,2025-05-21 16:05:00
2025-05-21 16:10:00,-2499.876,2025-05-21 16:10:00
2025-05-21 16:15:00,-2499.876,2025-05-21 16:15:00
2025-05-21 16:20:00,-2499.876,2025-05-21 16:20:00
2025-05-21 16:25:00,-2499.876,2025-05-21 16:25:00
2025-05-21 16:30:00,-2499.876,2025-05-21 16:30:00
2025-05-21 16:35:00,-2499.876,2025-05-21 16:35:00
2025-05-21 16:40:00,-2499.876,2025-05-21 16:40:00
2025-05-21 16:45:00,-2499.876,2025-05-21 16:45:00
2025-05-21 16:50:00,-2499.876,2025-05-21 16:50:00
2025-05-21 16:55:00,-2499.876,2025-05-21 16:55:00
2025-05-21 17:00:00,-2499.876,2025-05-21 17:00:00
2025-05-21 17:05:00,-2499.876,2025-05-21 17:05:00
2025-05-21 17:10:00,-2499.876,2025-05-21 17:10:00
2025-05-21 17:15:00,-2499.876,2025-05-21 17:15:00
2025-05-21 17:20:00,-2499.876,2025-05-21 17:20:00
2025-05-21 17:25:00,-2499.876,2025-05-21 17:25:00
2025-05-21 17:30:00,-2499.876,2025-05-21 17:30:00
2025-05-21 17:35:00,-2499.876,2025-05-21 17:35:00
2025-05-21 17:40:00,-2499.876,2025-05-21 17:40:00
2025-05-21 17:45:00,-2499.876,2025-05-21 17:45:00
2025-05-21 17:50:00,-2499.876,2025-05-21 17:50:00
2025-05-21 17:55:00,-2499.876,2025-05-21 17:55:00
2025-05-21 18:00:00,8920.0,2025-05-21 18:00:00
2025-05-21 18:05:00,8920.0,2025-05-21 18:05:00
2025-05-21 18:10:00,8920.0,2025-05-21 18:10:00
2025-05-21 18:15:00,8920.0,2025-05-21 18:15:00
2025-05-21 18:20:00,8920.0,2025-05-21 18:20:00
2025-05-21 18:25:00,8920.0,2025-05-21 18:25:00
2025-05-21 18:30:00,8920.0,2025-05-21 18:30:00
2025-05-21 18:35:00,8920.0,2025-05-21 18:35:00
2025-05-21 18:40:00,8920.0,2025-05-21 18:40:00
2025-05-21 18:45:00,8920.0,2025-05-21 18:45:00
2025-05-21 18:50:00,8920.0,2025-05-21 18:50:00
2025-05-21 18:55:00,8920.0,2025-05-21 18:55:00
2025-05-21 19:00:00,8920.0,2025-05-21 19:00:00
2025-05-21 19:05:00,8920.0,2025-05-21 19:05:00
2025-05-21 19:10:00,8920.0,2025-05-21 19:10:00
2025-05-21 19:15:00,8920.0,2025-05-21 19:15:00
2025-05-21 19:20:00,8920.0,2025-05-21 19:20:00
2025-05-21 19:25:00,8919.999,2025-05-21 19:25:00
2025-05-21 19:30:00,8919.999,2025-05-21 19:30:00
2025-05-21 19:35:00,8919.996,2025-05-21 19:35:00
2025-05-21 19:40:00,5130.876,2025-05-21 19:40:00
2025-05-21 19:45:00,0.0,2025-05-21 19:45:00
2025-05-21 19:50:00,0.0,2025-05-21 19:50:00
2025-05-21 19:55:00,0.0,2025-05-21 19:55:00
2025-05-21 20:00:00,0.0,2025-05-21 20:00:00
2025-05-21 20:05:00,0.0,2025-05-21 20:05:00
2025-05-21 20:10:00,0.0,2025-05-21 20:10:00
2025-05-21 20:15:00,0.0,2025-05-21 20:15:00
2025-05-21 20:20:00,0.0,2025-05-21 20:20:00
2025-05-21 20:25:00,0.0,2025-05-21 20:25:00
2025-05-21 20:30:00,0.0,2025-05-21 20:30:00
2025-05-21 20:35:00,0.0,2025-05-21 20:35:00
2025-05-21 20:40:00,0.0,2025-05-21 20:40:00
2025-05-21 20:45:00,0.0,2025-05-21 20:45:00
2025-05-21 20:50:00,0.0,2025-05-21 20:50:00
2025-05-21 20:55:00,0.0,2025-05-21 20:55:00
2025-05-21 21:00:00,0.0,2025-05-21 21:00:00
2025-05-21 21:05:00,0.0,2025-05-21 21:05:00
2025-05-21 21:10:00,0.0,2025-05-21 21:10:00
2025-05-21 21:15:00,0.0,2025-05-21 21:15:00
2025-05-21 21:20:00,0.0,2025-05-21 21:20:00
2025-05-21 21:25:00,0.0,2025-05-21 21:25:00
2025-05-21 21:30:00,0.0,2025-05-21 21:30:00
2025-05-21 21:35:00,0.0,2025-05-21 21:35:00
2025-05-21 21:40:00,0.0,2025-05-21 21:40:00
2025-05-21 21:45:00,0.0,2025-05-21 21:45:00
2025-05-21 21:50:00,0.0,2025-05-21 21:50:00
2025-05-21 21:55:00,0.0,2025-05-21 21:55:00
2025-05-21 22:00:00,-2187.241,2025-05-21 22:00:00
2025-05-21 22:05:00,-2187.346,2025-05-21 22:05:00
2025-05-21 22:10:00,-2187.392,2025-05-21 22:10:00
2025-05-21 22:15:00,-2187.419,2025-05-21 22:15:00
2025-05-21 22:20:00,-2187.438,2025-05-21 22:20:00
2025-05-21 22:25:00,-2187.452,2025-05-21 22:25:00
2025-05-21 22:30:00,-2187.462,2025-05-21 22:30:00
2025-05-21 22:35:00,-2187.47,2025-05-21 22:35:00
2025-05-21 22:40:00,-2187.475,2025-05-21 22:40:00
2025-05-21 22:45:00,-2187.48,2025-05-21 22:45:00
2025-05-21 22:50:00,-2187.483,2025-05-21 22:50:00
2025-05-21 22:55:00,-2187.485,2025-05-21 22:55:00
2025-05-21 23:00:00,-2187.486,2025-05-21 23:00:00
2025-05-21 23:05:00,-2187.486,2025-05-21 23:05:00
2025-05-21 23:10:00,-2187.486,2025-05-21 23:10:00
2025-05-21 23:15:00,-2187.485,2025-05-21 23:15:00
2025-05-21 23:20:00,-2187.483,2025-05-21 23:20:00
2025-05-21 23:25:00,-2187.481,2025-05-21 23:25:00
2025-05-21 23:30:00,-2187.479,2025-05-21 23:30:00
2025-05-21 23:35:00,-2187.476,2025-05-21 23:35:00
2025-05-21 23:40:00,-2187.473,2025-05-21 23:40:00
2025-05-21 23:45:00,-2187.469,2025-05-21 23:45:00
2025-05-21 23:50:00,-2187.465,2025-05-21 23:50:00
2025-05-21 23:55:00,-2187.461,2025-05-21 23:55:00
2025-05-22 00:00:00,-2187.457,2025-05-22 00:00:00
2025-05-22 00:05:00,-2187.453,2025-05-22 00:05:00
2025-05-22 00:10:00,-2187.448,2025-05-22 00:10:00
2025-05-22 00:15:00,-2187.444,2025-05-22 00:15:00
2025-05-22 00:20:00,-2187.439,2025-05-22 00:20:00
2025-05-22 00:25:00,-2187.434,2025-05-22 00:25:00
2025-05-22 00:30:00,-2187.43,2025-05-22 00:30:00
2025-05-22 00:35:00,-2187.425,2025-05-22 00:35:00
2025-05-22 00:40:00,-2187.42,2025-05-22 00:40:00
2025-05-22 00:45:00,-2187.415,2025-05-22 00:45:00
2025-05-22 00:50:00,-2187.411,2025-05-22 00:50:00
2025-05-22 00:55:00,-2187.406,2025-05-22 00:55:00
2025-05-22 01:00:00,-2187.402,2025-05-22 01:00:00
2025-05-22 01:05:00,-2187.398,2025-05-22 01:05:00
2025-05-22 01:10:00,-2187.393,2025-05-22 01:10:00
2025-05-22 01:15:00,-2187.389,2025-05-22 01:15:00
2025-05-22 01:20:00,-2187.386,2025-05-22 01:20:00
2025-05-22 01:25:00,-2187.382,2025-05-22 01:25:00
2025-05-22 01:30:00,-2187.378,2025-05-22 01:30:00
2025-05-22 01:35:00,-2187.375,2025-05-22 01:35:00
2025-05-22 01:40:00,-2187.372,2025-05-22 01:40:00
2025-05-22 01:45:00,-2187.369,2025-05-22 01:45:00
2025-05-22 01:50:00,-2187.367,2025-05-22 01:50:00
2025-05-22 01:55:00,-2187.364,2025-05-22 01:55:00
2025-05-22 02:00:00,-2187.362,2025-05-22 02:00:00
2025-05-22 02:05:00,-2187.36,2025-05-22 02:05:00
2025-05-22 02:10:00,-2187.358,2025-05-22 02:10:00
2025-05-22 02:15:00,-2187.357,2025-05-22 02:15:00
2025-05-22 02:20:00,-2187.356,2025-05-22 02:20:00
2025-05-22 02:25:00,-2187.355,2025-05-22 02:25:00
2025-05-22 02:30:00,-2187.354,2025-05-22 02:30:00
2025-05-22 02:35:00,-2187.353,2025-05-22 02:35:00
2025-05-22 02:40:00,-2187.353,2025-05-22 02:40:00
2025-05-22 02:45:00,-2187.353,2025-05-22 02:45:00
2025-05-22 02:50:00,-2187.353,2025-05-22 02:50:00
2025-05-22 02:55:00,-2187.353,2025-05-22 02:55:00
2025-05-22 03:00:00,-2187.354,2025-05-22 03:00:00
2025-05-22 03:05:00,-2187.354,2025-05-22 03:05:00
2025-05-22 03:10:00,-2187.355,2025-05-22 03:10:00
2025-05-22 03:15:00,-2187.356,2025-05-22 03:15:00
2025-05-22 03:20:00,-2187.358,2025-05-22 03:20:00
2025-05-22 03:25:00,-2187.359,2025-05-22 03:25:00
2025-05-22 03:30:00,-2187.36,2025-05-22 03:30:00
2025-05-22 03:35:00,-2187.362,2025-05-22 03:35:00
2025-05-22 03:40:00,-2187.364,2025-05-22 03:40:00
2025-05-22 03:45:00,-2187.365,2025-05-22 03:45:00
2025-05-22 03:50:00,-2187.367,2025-05-22 03:50:00
2025-05-22 03:55:00,-2187.369,2025-05-22 03:55:00
2025-05-22 04:00:00,-2187.37,2025-05-22 04:00:00
2025-05-22 04:05:00,-2187.372,2025-05-22 04:05:00
2025-05-22 04:10:00,-2187.374,2025-05-22 04:10:00
2025-05-22 04:15:00,-2187.375,2025-05-22 04:15:00
2025-05-22 04:20:00,-2187.376,2025-05-22 04:20:00
2025-05-22 04:25:00,-2187.378,2025-05-22 04:25:00
2025-05-22 04:30:00,-2187.379,2025-05-22 04:30:00
2025-05-22 04:35:00,-2187.379,2025-05-22 04:35:00
2025-05-22 04:40:00,-2187.379,2025-05-22 04:40:00
2025-05-22 04:45:00,-2187.379,2025-05-22 04:45:00
2025-05-22 04:50:00,-2187.379,2025-05-22 04:50:00
2025-05-22 04:55:00,-2187.378,2025-05-22 04:55:00
2025-05-22 05:00:00,-2187.376,2025-05-22 05:00:00
2025-05-22 05:05:00,-2187.373,2025-05-22 05:05:00
2025-05-22 05:10:00,-2187.37,2025-05-22 05:10:00
2025-05-22 05:15:00,-2187.365,2025-05-22 05:15:00
2025-05-22 05:20:00,-2187.36,2025-05-22 05:20:00
2025-05-22 05:25:00,-2187.352,2025-05-22 05:25:00
2025-05-22 05:30:00,-2187.342,2025-05-22 05:30:00
2025-05-22 05:35:00,-2187.328,2025-05-22 05:35:00
2025-05-22 05:40:00,-2187.309,2025-05-22 05:40:00
2025-05-22 05:45:00,-2187.282,2025-05-22 05:45:00
2025-05-22 05:50:00,-2187.237,2025-05-22 05:50:00
2025-05-22 05:55:00,-2187.134,2025-05-22 05:55:00
2025-05-22 06:00:00,0.0,2025-05-22 06:00:00
2025-05-22 06:05:00,0.0,2025-05-22 06:05:00
2025-05-22 06:10:00,0.0,2025-05-22 06:10:00
2025-05-22 06:15:00,0.0,2025-05-22 06:15:00
2025-05-22 06:20:00,0.0,2025-05-22 06:20:00
2025-05-22 06:25:00,0.0,2025-05-22 06:25:00
2025-05-22 06:30:00,0.0,2025-05-22 06:30:00
2025-05-22 06:35:00,0.0,2025-05-22 06:35:00
2025-05-22 06:40:00,0.0,2025-05-22 06:40:00
2025-05-22 06:45:00,0.0,2025-05-22 06:45:00
2025-05-22 06:50:00,0.0,2025-05-22 06:50:00
2025-05-22 06:55:00,0.0,2025-05-22 06:55:00
2025-05-22 07:00:00,0.0,2025-05-22 07:00:00
2025-05-22 07:05:00,0.0,2025-05-22 07:05:00
2025-05-22 07:10:00,0.0,2025-05-22 07:10:00
2025-05-22 07:15:00,0.0,2025-05-22 07:15:00
2025-05-22 07:20:00,0.0,2025-05-22 07:20:00
2025-05-22 07:25:00,0.0,2025-05-22 07:25:00
2025-05-22 07:30:00,0.0,2025-05-22 07:30:00
2025-05-22 07:35:00,0.0,2025-05-22 07:35:00
2025-05-22 07:40:00,0.0,2025-05-22 07:40:00
2025-05-22 07:45:00,0.0,2025-05-22 07:45:00
2025-05-22 07:50:00,0.0,2025-05-22 07:50:00
2025-05-22 07:55:00,0.0,2025-05-22 07:55:00
2025-05-22 08:00:00,8920.0,2025-05-22 08:00:00
2025-05-22 08:05:00,8920.0,2025-05-22 08:05:00
2025-05-22 08:10:00,8920.0,2025-05-22 08:10:00
2025-05-22 08:15:00,8920.0,2025-05-22 08:15:00
2025-05-22 08:20:00,8920.0,2025-05-22 08:20:00
2025-05-22 08:25:00,8920.0,2025-05-22 08:25:00
2025-05-22 08:30:00,8920.0,2025-05-22 08:30:00
2025-05-22 08:35:00,8920.0,2025-05-22 08:35:00
2025-05-22 08:40:00,8920.0,2025-05-22 08:40:00
2025-05-22 08:45:00,8920.0,2025-05-22 08:45:00
2025-05-22 08:50:00,8920.0,2025-05-22 08:50:00
2025-05-22 08:55:00,8920.0,2025-05-22 08:55:00
2025-05-22 09:00:00,8920.0,2025-05-22 09:00:00
2025-05-22 09:05:00,8920.0,2025-05-22 09:05:00
2025-05-22 09:10:00,8920.0,2025-05-22 09:10:00
2025-05-22 09:15:00,8920.0,2025-05-22 09:15:00
2025-05-22 09:20:00,8919.999,2025-05-22 09:20:00
2025-05-22 09:25:00,8919.999,2025-05-22 09:25:00
2025-05-22 09:30:00,8919.999,2025-05-22 09:30:00
2025-05-22 09:35:00,8919.995,2025-05-22 09:35:00
2025-05-22 09:40:00,5130.875,2025-05-22 09:40:00
2025-05-22 09:45:00,0.0,2025-05-22 09:45:00
2025-05-22 09:50:00,0.0,2025-05-22 09:50:00
2025-05-22 09:55:00,0.0,2025-05-22 09:55:00
2025-05-22 10:00:00,0.0,2025-05-22 10:00:00
2025-05-22 10:05:00,0.0,2025-05-22 10:05:00
2025-05-22 10:10:00,0.0,2025-05-22 10:10:00
2025-05-22 10:15:00,0.0,2025-05-22 10:15:00
2025-05-22 10:20:00,0.0,2025-05-22 10:20:00
2025-05-22 10:25:00,0.0,2025-05-22 10:25:00
2025-05-22 10:30:00,0.0,2025-05-22 10:30:00
2025-05-22 10:35:00,0.0,2025-05-22 10:35:00
2025-05-22 10:40:00,0.0,2025-05-22 10:40:00
2025-05-22 10:45:00,0.0,2025-05-22 10:45:00
2025-05-22 10:50:00,0.0,2025-05-22 10:50:00
2025-05-22 10:55:00,0.0,2025-05-22 10:55:00
2025-05-22 11:00:00,-2499.876,2025-05-22 11:00:00
2025-05-22 11:05:00,-2499.876,2025-05-22 11:05:00
2025-05-22 11:10:00,-2499.876,2025-05-22 11:10:00
2025-05-22 11:15:00,-2499.876,2025-05-22 11:15:00
2025-05-22 11:20:00,-2499.876,2025-05-22 11:20:00
2025-05-22 11:25:00,-2499.876,2025-05-22 11:25:00
2025-05-22 11:30:00,-2499.876,2025-05-22 11:30:00
2025-05-22 11:35:00,-2499.876,2025-05-22 11:35:00
2025-05-22 11:40:00,-2499.876,2025-05-22 11:40:00
2025-05-22 11:45:00,-2499.876,2025-05-22 11:45:00
2025-05-22 11:50:00,-2499.876,2025-05-22 11:50:00
2025-05-22 11:55:00,-2499.876,2025-05-22 11:55:00
2025-05-22 12:00:00,-2499.876,2025-05-22 12:00:00
2025-05-22 12:05:00,-2499.876,2025-05-22 12:05:00
2025-05-22 12:10:00,-2499.876,2025-05-22 12:10:00
2025-05-22 12:15:00,-2499.876,2025-05-22 12:15:00
2025-05-22 12:20:00,-2499.876,2025-05-22 12:20:00
2025-05-22 12:25:00,-2499.876,2025-05-22 12:25:00
2025-05-22 12:30:00,-2499.876,2025-05-22 12:30:00
2025-05-22 12:35:00,-2499.876,2025-05-22 12:35:00
2025-05-22 12:40:00,-2499.876,2025-05-22 12:40:00
2025-05-22 12:45:00,-2499.876,2025-05-22 12:45:00
2025-05-22 12:50:00,-2499.876,2025-05-22 12:50:00
2025-05-22 12:55:00,-2499.876,2025-05-22 12:55:00
2025-05-22 13:00:00,-2499.876,2025-05-22 13:00:00
2025-05-22 13:05:00,-2499.876,2025-05-22 13:05:00
2025-05-22 13:10:00,-2499.876,2025-05-22 13:10:00
2025-05-22 13:15:00,-2499.876,2025-05-22 13:15:00
2025-05-22 13:20:00,-2499.876,2025-05-22 13:20:00
2025-05-22 13:25:00,-2499.876,2025-05-22 13:25:00
2025-05-22 13:30:00,-2499.876,2025-05-22 13:30:00
2025-05-22 13:35:00,-2499.876,2025-05-22 13:35:00
2025-05-22 13:40:00,-2499.876,2025-05-22 13:40:00
2025-05-22 13:45:00,-2499.876,2025-05-22 13:45:00
2025-05-22 13:50:00,-2499.876,2025-05-22 13:50:00
2025-05-22 13:55:00,-2499.876,2025-05-22 13:55:00
2025-05-22 14:00:00,-2499.876,2025-05-22 14:00:00
2025-05-22 14:05:00,-2499.876,2025-05-22 14:05:00
2025-05-22 14:10:00,-2499.876,2025-05-22 14:10:00
2025-05-22 14:15:00,-2499.876,2025-05-22 14:15:00
2025-05-22 14:20:00,-2499.876,2025-05-22 14:20:00
2025-05-22 14:25:00,-2499.876,2025-05-22 14:25:00
2025-05-22 14:30:00,-2499.876,2025-05-22 14:30:00
2025-05-22 14:35:00,-2499.876,2025-05-22 14:35:00
2025-05-22 14:40:00,-2499.876,2025-05-22 14:40:00
2025-05-22 14:45:00,-2499.876,2025-05-22 14:45:00
2025-05-22 14:50:00,-2499.876,2025-05-22 14:50:00
2025-05-22 14:55:00,-2499.876,2025-05-22 14:55:00
2025-05-22 15:00:00,-2499.876,2025-05-22 15:00:00
2025-05-22 15:05:00,-2499.876,2025-05-22 15:05:00
2025-05-22 15:10:00,-2499.876,2025-05-22 15:10:00
2025-05-22 15:15:00,-2499.876,2025-05-22 15:15:00
2025-05-22 15:20:00,-2499.876,2025-05-22 15:20:00
2025-05-22 15:25:00,-2499.876,2025-05-22 15:25:00
2025-05-22 15:30:00,-2499.876,2025-05-22 15:30:00
2025-05-22 15:35:00,-2499.876,2025-05-22 15:35:00
2025-05-22 15:40:00,-2499.876,2025-05-22 15:40:00
2025-05-22 15:45:00,-2499.876,2025-05-22 15:45:00
2025-05-22 15:50:00,-2499.876,2025-05-22 15:50:00
2025-05-22 15:55:00,-2499.876,2025-05-22 15:55:00
2025-05-22 16:00:00,-2499.876,2025-05-22 16:00:00
2025-05-22 16:05:00,-2499.876,2025-05-22 16:05:00
2025-05-22 16:10:00,-2499.876,2025-05-22 16:10:00
2025-05-22 16:15:00,-2499.876,2025-05-22 16:15:00
2025-05-22 16:20:00,-2499.876,2025-05-22 16:20:00
2025-05-22 16:25:00,-2499.876,2025-05-22 16:25:00
2025-05-22 16:30:00,-2499.876,2025-05-22 16:30:00
2025-05-22 16:35:00,-2499.876,2025-05-22 16:35:00
2025-05-22 16:40:00,-2499.876,2025-05-22 16:40:00
2025-05-22 16:45:00,-2499.876,2025-05-22 16:45:00
2025-05-22 16:50:00,-2499.876,2025-05-22 16:50:00
2025-05-22 16:55:00,-2499.876,2025-05-22 16:55:00
2025-05-22 17:00:00,-2499.876,2025-05-22 17:00:00
2025-05-22 17:05:00,-2499.876,2025-05-22 17:05:00
2025-05-22 17:10:00,-2499.876,2025-05-22 17:10:00
2025-05-22 17:15:00,-2499.876,2025-05-22 17:15:00
2025-05-22 17:20:00,-2499.876,2025-05-22 17:20:00
2025-05-22 17:25:00,-2499.876,2025-05-22 17:25:00
2025-05-22 17:30:00,-2499.876,2025-05-22 17:30:00
2025-05-22 17:35:00,-2499.876,2025-05-22 17:35:00
2025-05-22 17:40:00,-2499.876,2025-05-22 17:40:00
2025-05-22 17:45:00,-2499.876,2025-05-22 17:45:00
2025-05-22 17:50:00,-2499.876,2025-05-22 17:50:00
2025-05-22 17:55:00,-2499.876,2025-05-22 17:55:00
2025-05-22 18:00:00,8920.0,2025-05-22 18:00:00
2025-05-22 18:05:00,8920.0,2025-05-22 18:05:00
2025-05-22 18:10:00,8920.0,2025-05-22 18:10:00
2025-05-22 18:15:00,8920.0,2025-05-22 18:15:00
2025-05-22 18:20:00,8920.0,2025-05-22 18:20:00
2025-05-22 18:25:00,8920.0,2025-05-22 18:25:00
2025-05-22 18:30:00,8920.0,2025-05-22 18:30:00
2025-05-22 18:35:00,8920.0,2025-05-22 18:35:00
2025-05-22 18:40:00,8920.0,2025-05-22 18:40:00
2025-05-22 18:45:00,8920.0,2025-05-22 18:45:00
2025-05-22 18:50:00,8920.0,2025-05-22 18:50:00
2025-05-22 18:55:00,8920.0,2025-05-22 18:55:00
2025-05-22 19:00:00,8920.0,2025-05-22 19:00:00
2025-05-22 19:05:00,8920.0,2025-05-22 19:05:00
2025-05-22 19:10:00,8920.0,2025-05-22 19:10:00
2025-05-22 19:15:00,8920.0,2025-05-22 19:15:00
2025-05-22 19:20:00,8919.999,2025-05-22 19:20:00
2025-05-22 19:25:00,8919.999,2025-05-22 19:25:00
2025-05-22 19:30:00,8919.999,2025-05-22 19:30:00
2025-05-22 19:35:00,8919.996,2025-05-22 19:35:00
2025-05-22 19:40:00,5130.875,2025-05-22 19:40:00
2025-05-22 19:45:00,0.0,2025-05-22 19:45:00
2025-05-22 19:50:00,0.0,2025-05-22 19:50:00
2025-05-22 19:55:00,0.0,2025-05-22 19:55:00
2025-05-22 20:00:00,0.0,2025-05-22 20:00:00
2025-05-22 20:05:00,0.0,2025-05-22 20:05:00
2025-05-22 20:10:00,0.0,2025-05-22 20:10:00
2025-05-22 20:15:00,0.0,2025-05-22 20:15:00
2025-05-22 20:20:00,0.0,2025-05-22 20:20:00
2025-05-22 20:25:00,0.0,2025-05-22 20:25:00
2025-05-22 20:30:00,0.0,2025-05-22 20:30:00
2025-05-22 20:35:00,0.0,2025-05-22 20:35:00
2025-05-22 20:40:00,0.0,2025-05-22 20:40:00
2025-05-22 20:45:00,0.0,2025-05-22 20:45:00
2025-05-22 20:50:00,0.0,2025-05-22 20:50:00
2025-05-22 20:55:00,0.0,2025-05-22 20:55:00
2025-05-22 21:00:00,0.0,2025-05-22 21:00:00
2025-05-22 21:05:00,0.0,2025-05-22 21:05:00
2025-05-22 21:10:00,0.0,2025-05-22 21:10:00
2025-05-22 21:15:00,0.0,2025-05-22 21:15:00
2025-05-22 21:20:00,0.0,2025-05-22 21:20:00
2025-05-22 21:25:00,0.0,2025-05-22 21:25:00
2025-05-22 21:30:00,0.0,2025-05-22 21:30:00
2025-05-22 21:35:00,0.0,2025-05-22 21:35:00
2025-05-22 21:40:00,0.0,2025-05-22 21:40:00
2025-05-22 21:45:00,0.0,2025-05-22 21:45:00
2025-05-22 21:50:00,0.0,2025-05-22 21:50:00
2025-05-22 21:55:00,0.0,2025-05-22 21:55:00
2025-05-22 22:00:00,-2186.77,2025-05-22 22:00:00
2025-05-22 22:05:00,-2187.078,2025-05-22 22:05:00
2025-05-22 22:10:00,-2187.214,2025-05-22 22:10:00
2025-05-22 22:15:00,-2187.297,2025-05-22 22:15:00
2025-05-22 22:20:00,-2187.354,2025-05-22 22:20:00
2025-05-22 22:25:00,-2187.397,2025-05-22 22:25:00
2025-05-22 22:30:00,-2187.43,2025-05-22 22:30:00
2025-05-22 22:35:00,-2187.456,2025-05-22 22:35:00
2025-05-22 22:40:00,-2187.477,2025-05-22 22:40:00
2025-05-22 22:45:00,-2187.494,2025-05-22 22:45:00
2025-05-22 22:50:00,-2187.508,2025-05-22 22:50:00
2025-05-22 22:55:00,-2187.52,2025-05-22 22:55:00
2025-05-22 23:00:00,-2187.529,2025-05-22 23:00:00
2025-05-22 23:05:00,-2187.537,2025-05-22 23:05:00
2025-05-22 23:10:00,-2187.542,2025-05-22 23:10:00
2025-05-22 23:15:00,-2187.547,2025-05-22 23:15:00
2025-05-22 23:20:00,-2187.55,2025-05-22 23:20:00
2025-05-22 23:25:00,-2187.551,2025-05-22 23:25:00
2025-05-22 23:30:00,-2187.552,2025-05-22 23:30:00
2025-05-22 23:35:00,-2187.552,2025-05-22 23:35:00
2025-05-22 23:40:00,-2187.551,2025-05-22 23:40:00
2025-05-22 23:45:00,-2187.549,2025-05-22 23:45:00
2025-05-22 23:50:00,-2187.546,2025-05-22 23:50:00
2025-05-22 23:55:00,-2187.543,2025-05-22 23:55:00
2025-05-23 00:00:00,-2187.539,2025-05-23 00:00:00
2025-05-23 00:05:00,-2187.534,2025-05-23 00:05:00
2025-05-23 00:10:00,-2187.529,2025-05-23 00:10:00
2025-05-23 00:15:00,-2187.524,2025-05-23 00:15:00
2025-05-23 00:20:00,-2187.518,2025-05-23 00:20:00
2025-05-23 00:25:00,-2187.513,2025-05-23 00:25:00
2025-05-23 00:30:00,-2187.507,2025-05-23 00:30:00
2025-05-23 00:35:00,-2187.5,2025-05-23 00:35:00
2025-05-23 00:40:00,-2187.494,2025-05-23 00:40:00
2025-05-23 00:45:00,-2187.488,2025-05-23 00:45:00
2025-05-23 00:50:00,-2187.481,2025-05-23 00:50:00
2025-05-23 00:55:00,-2187.475,2025-05-23 00:55:00
2025-05-23 01:00:00,-2187.469,2025-05-23 01:00:00
2025-05-23 01:05:00,-2187.462,2025-05-23 01:05:00
2025-05-23 01:10:00,-2187.456,2025-05-23 01:10:00
2025-05-23 01:15:00,-2187.45,2025-05-23 01:15:00
2025-05-23 01:20:00,-2187.445,2025-05-23 01:20:00
2025-05-23 01:25:00,-2187.439,2025-05-23 01:25:00
2025-05-23 01:30:00,-2187.434,2025-05-23 01:30:00
2025-05-23 01:35:00,-2187.429,2025-05-23 01:35:00
2025-05-23 01:40:00,-2187.424,2025-05-23 01:40:00
2025-05-23 01:45:00,-2187.419,2025-05-23 01:45:00
2025-05-23 01:50:00,-2187.415,2025-05-23 01:50:00
2025-05-23 01:55:00,-2187.411,2025-05-23 01:55:00
2025-05-23 02:00:00,-2187.407,2025-05-23 02:00:00
2025-05-23 02:05:00,-2187.404,2025-05-23 02:05:00
2025-05-23 02:10:00,-2187.401,2025-05-23 02:10:00
2025-05-23 02:15:00,-2187.398,2025-05-23 02:15:00
2025-05-23 02:20:00,-2187.396,2025-05-23 02:20:00
2025-05-23 02:25:00,-2187.394,2025-05-23 02:25:00
2025-05-23 02:30:00,-2187.392,2025-05-23 02:30:00
2025-05-23 02:35:00,-2187.39,2025-05-23 02:35:00
2025-05-23 02:40:00,-2187.389,2025-05-23 02:40:00
2025-05-23 02:45:00,-2187.388,2025-05-23 02:45:00
2025-05-23 02:50:00,-2187.388,2025-05-23 02:50:00
2025-05-23 02:55:00,-2187.387,2025-05-23 02:55:00
2025-05-23 03:00:00,-2187.387,2025-05-23 03:00:00
2025-05-23 03:05:00,-2187.387,2025-05-23 03:05:00
2025-05-23 03:10:00,-2187.387,2025-05-23 03:10:00
2025-05-23 03:15:00,-2187.388,2025-05-23 03:15:00
2025-05-23 03:20:00,-2187.388,2025-05-23 03:20:00
2025-05-23 03:25:00,-2187.389,2025-05-23 03:25:00
2025-05-23 03:30:00,-2187.389,2025-05-23 03:30:00
2025-05-23 03:35:00,-2187.39,2025-05-23 03:35:00
2025-05-23 03:40:00,-2187.39,2025-05-23 03:40:00
2025-05-23 03:45:00,-2187.391,2025-05-23 03:45:00
2025-05-23 03:50:00,-2187.391,2025-05-23 03:50:00
2025-05-23 03:55:00,-2187.391,2025-05-23 03:55:00
2025-05-23 04:00:00,-2187.391,2025-05-23 04:00:00
2025-05-23 04:05:00,-2187.391,2025-05-23 04:05:00
2025-05-23 04:10:00,-2187.39,2025-05-23 04:10:00
2025-05-23 04:15:00,-2187.389,2025-05-23 04:15:00
2025-05-23 04:20:00,-2187.387,2025-05-23 04:20:00
2025-05-23 04:25:00,-2187.385,2025-05-23 04:25:00
2025-05-23 04:30:00,-2187.382,2025-05-23 04:30:00
2025-05-23 04:35:00,-2187.378,2025-05-23 04:35:00
2025-05-23 04:40:00,-2187.373,2025-05-23 04:40:00
2025-05-23 04:45:00,-2187.366,2025-05-23 04:45:00
2025-05-23 04:50:00,-2187.359,2025-05-23 04:50:00
2025-05-23 04:55:00,-2187.35,2025-05-23 04:55:00
2025-05-23 05:00:00,-2187.339,2025-05-23 05:00:00
2025-05-23 05:05:00,-2187.326,2025-05-23 05:05:00
2025-05-23 05:10:00,-2187.311,2025-05-23 05:10:00
2025-05-23 05:15:00,-2187.292,2025-05-23 05:15:00
2025-05-23 05:20:00,-2187.269,2025-05-23 05:20:00
2025-05-23 05:25:00,-2187.241,2025-05-23 05:25:00
2025-05-23 05:30:00,-2187.206,2025-05-23 05:30:00
2025-05-23 05:35:00,-2187.162,2025-05-23 05:35:00
2025-05-23 05:40:00,-2187.102,2025-05-23 05:40:00
2025-05-23 05:45:00,-2187.016,2025-05-23 05:45:00
2025-05-23 05:50:00,-2186.878,2025-05-23 05:50:00
2025-05-23 05:55:00,-2186.58,2025-05-23 05:55:00
2025-05-23 06:00:00,0.0,2025-05-23 06:00:00
2025-05-23 06:05:00,0.0,2025-05-23 06:05:00
2025-05-23 06:10:00,0.0,2025-05-23 06:10:00
2025-05-23 06:15:00,0.0,2025-05-23 06:15:00
2025-05-23 06:20:00,0.0,2025-05-23 06:20:00
2025-05-23 06:25:00,0.0,2025-05-23 06:25:00
2025-05-23 06:30:00,0.0,2025-05-23 06:30:00
2025-05-23 06:35:00,0.0,2025-05-23 06:35:00
2025-05-23 06:40:00,0.0,2025-05-23 06:40:00
2025-05-23 06:45:00,0.0,2025-05-23 06:45:00
2025-05-23 06:50:00,0.0,2025-05-23 06:50:00
2025-05-23 06:55:00,0.0,2025-05-23 06:55:00
2025-05-23 07:00:00,0.0,2025-05-23 07:00:00
2025-05-23 07:05:00,0.0,2025-05-23 07:05:00
2025-05-23 07:10:00,0.0,2025-05-23 07:10:00
2025-05-23 07:15:00,0.0,2025-05-23 07:15:00
2025-05-23 07:20:00,0.0,2025-05-23 07:20:00
2025-05-23 07:25:00,0.0,2025-05-23 07:25:00
2025-05-23 07:30:00,0.0,2025-05-23 07:30:00
2025-05-23 07:35:00,0.0,2025-05-23 07:35:00
2025-05-23 07:40:00,0.0,2025-05-23 07:40:00
2025-05-23 07:45:00,0.0,2025-05-23 07:45:00
2025-05-23 07:50:00,0.0,2025-05-23 07:50:00
2025-05-23 07:55:00,0.0,2025-05-23 07:55:00
2025-05-23 08:00:00,8920.0,2025-05-23 08:00:00
2025-05-23 08:05:00,8920.0,2025-05-23 08:05:00
2025-05-23 08:10:00,8920.0,2025-05-23 08:10:00
2025-05-23 08:15:00,8920.0,2025-05-23 08:15:00
2025-05-23 08:20:00,8920.0,2025-05-23 08:20:00
2025-05-23 08:25:00,8920.0,2025-05-23 08:25:00
2025-05-23 08:30:00,8920.0,2025-05-23 08:30:00
2025-05-23 08:35:00,8920.0,2025-05-23 08:35:00
2025-05-23 08:40:00,8920.0,2025-05-23 08:40:00
2025-05-23 08:45:00,8920.0,2025-05-23 08:45:00
2025-05-23 08:50:00,8920.0,2025-05-23 08:50:00
2025-05-23 08:55:00,8920.0,2025-05-23 08:55:00
2025-05-23 09:00:00,8920.0,2025-05-23 09:00:00
2025-05-23 09:05:00,8920.0,2025-05-23 09:05:00
2025-05-23 09:10:00,8919.999,2025-05-23 09:10:00
2025-05-23 09:15:00,8919.999,2025-05-23 09:15:00
2025-05-23 09:20:00,8919.999,2025-05-23 09:20:00
2025-05-23 09:25:00,8919.999,2025-05-23 09:25:00
2025-05-23 09:30:00,8919.998,2025-05-23 09:30:00
2025-05-23 09:35:00,8919.99,2025-05-23 09:35:00
2025-05-23 09:40:00,5130.872,2025-05-23 09:40:00
2025-05-23 09:45:00,0.0,2025-05-23 09:45:00
2025-05-23 09:50:00,0.0,2025-05-23 09:50:00
2025-05-23 09:55:00,0.0,2025-05-23 09:55:00
2025-05-23 10:00:00,0.0,2025-05-23 10:00:00
2025-05-23 10:05:00,0.0,2025-05-23 10:05:00
2025-05-23 10:10:00,0.0,2025-05-23 10:10:00
2025-05-23 10:15:00,0.0,2025-05-23 10:15:00
2025-05-23 10:20:00,0.0,2025-05-23 10:20:00
2025-05-23 10:25:00,0.0,2025-05-23 10:25:00
2025-05-23 10:30:00,0.0,2025-05-23 10:30:00
2025-05-23 10:35:00,0.0,2025-05-23 10:35:00
2025-05-23 10:40:00,0.0,2025-05-23 10:40:00
2025-05-23 10:45:00,0.0,2025-05-23 10:45:00
2025-05-23 10:50:00,0.0,2025-05-23 10:50:00
2025-05-23 10:55:00,0.0,2025-05-23 10:55:00
2025-05-23 11:00:00,-2499.876,2025-05-23 11:00:00
2025-05-23 11:05:00,-2499.876,2025-05-23 11:05:00
2025-05-23 11:10:00,-2499.876,2025-05-23 11:10:00
2025-05-23 11:15:00,-2499.876,2025-05-23 11:15:00
2025-05-23 11:20:00,-2499.876,2025-05-23 11:20:00
2025-05-23 11:25:00,-2499.876,2025-05-23 11:25:00
2025-05-23 11:30:00,-2499.876,2025-05-23 11:30:00
2025-05-23 11:35:00,-2499.876,2025-05-23 11:35:00
2025-05-23 11:40:00,-2499.876,2025-05-23 11:40:00
2025-05-23 11:45:00,-2499.876,2025-05-23 11:45:00
2025-05-23 11:50:00,-2499.876,2025-05-23 11:50:00
2025-05-23 11:55:00,-2499.876,2025-05-23 11:55:00
2025-05-23 12:00:00,-2499.876,2025-05-23 12:00:00
2025-05-23 12:05:00,-2499.876,2025-05-23 12:05:00
2025-05-23 12:10:00,-2499.876,2025-05-23 12:10:00
2025-05-23 12:15:00,-2499.876,2025-05-23 12:15:00
2025-05-23 12:20:00,-2499.876,2025-05-23 12:20:00
2025-05-23 12:25:00,-2499.876,2025-05-23 12:25:00
2025-05-23 12:30:00,-2499.876,2025-05-23 12:30:00
2025-05-23 12:35:00,-2499.876,2025-05-23 12:35:00
2025-05-23 12:40:00,-2499.876,2025-05-23 12:40:00
2025-05-23 12:45:00,-2499.876,2025-05-23 12:45:00
2025-05-23 12:50:00,-2499.876,2025-05-23 12:50:00
2025-05-23 12:55:00,-2499.876,2025-05-23 12:55:00
2025-05-23 13:00:00,-2499.876,2025-05-23 13:00:00
2025-05-23 13:05:00,-2499.876,2025-05-23 13:05:00
2025-05-23 13:10:00,-2499.876,2025-05-23 13:10:00
2025-05-23 13:15:00,-2499.876,2025-05-23 13:15:00
2025-05-23 13:20:00,-2499.876,2025-05-23 13:20:00
2025-05-23 13:25:00,-2499.876,2025-05-23 13:25:00
2025-05-23 13:30:00,-2499.876,2025-05-23 13:30:00
2025-05-23 13:35:00,-2499.876,2025-05-23 13:35:00
2025-05-23 13:40:00,-2499.876,2025-05-23 13:40:00
2025-05-23 13:45:00,-2499.876,2025-05-23 13:45:00
2025-05-23 13:50:00,-2499.876,2025-05-23 13:50:00
2025-05-23 13:55:00,-2499.876,2025-05-23 13:55:00
2025-05-23 14:00:00,-2499.876,2025-05-23 14:00:00
2025-05-23 14:05:00,-2499.876,2025-05-23 14:05:00
2025-05-23 14:10:00,-2499.876,2025-05-23 14:10:00
2025-05-23 14:15:00,-2499.876,2025-05-23 14:15:00
2025-05-23 14:20:00,-2499.876,2025-05-23 14:20:00
2025-05-23 14:25:00,-2499.876,2025-05-23 14:25:00
2025-05-23 14:30:00,-2499.876,2025-05-23 14:30:00
2025-05-23 14:35:00,-2499.876,2025-05-23 14:35:00
2025-05-23 14:40:00,-2499.876,2025-05-23 14:40:00
2025-05-23 14:45:00,-2499.876,2025-05-23 14:45:00
2025-05-23 14:50:00,-2499.876,2025-05-23 14:50:00
2025-05-23 14:55:00,-2499.876,2025-05-23 14:55:00
2025-05-23 15:00:00,-2499.876,2025-05-23 15:00:00
2025-05-23 15:05:00,-2499.876,2025-05-23 15:05:00
2025-05-23 15:10:00,-2499.876,2025-05-23 15:10:00
2025-05-23 15:15:00,-2499.876,2025-05-23 15:15:00
2025-05-23 15:20:00,-2499.876,2025-05-23 15:20:00
2025-05-23 15:25:00,-2499.876,2025-05-23 15:25:00
2025-05-23 15:30:00,-2499.876,2025-05-23 15:30:00
2025-05-23 15:35:00,-2499.876,2025-05-23 15:35:00
2025-05-23 15:40:00,-2499.876,2025-05-23 15:40:00
2025-05-23 15:45:00,-2499.876,2025-05-23 15:45:00
2025-05-23 15:50:00,-2499.876,2025-05-23 15:50:00
2025-05-23 15:55:00,-2499.876,2025-05-23 15:55:00
2025-05-23 16:00:00,-2499.876,2025-05-23 16:00:00
2025-05-23 16:05:00,-2499.876,2025-05-23 16:05:00
2025-05-23 16:10:00,-2499.876,2025-05-23 16:10:00
2025-05-23 16:15:00,-2499.876,2025-05-23 16:15:00
2025-05-23 16:20:00,-2499.876,2025-05-23 16:20:00
2025-05-23 16:25:00,-2499.876,2025-05-23 16:25:00
2025-05-23 16:30:00,-2499.876,2025-05-23 16:30:00
2025-05-23 16:35:00,-2499.876,2025-05-23 16:35:00
2025-05-23 16:40:00,-2499.876,2025-05-23 16:40:00
2025-05-23 16:45:00,-2499.876,2025-05-23 16:45:00
2025-05-23 16:50:00,-2499.876,2025-05-23 16:50:00
2025-05-23 16:55:00,-2499.876,2025-05-23 16:55:00
2025-05-23 17:00:00,-2499.876,2025-05-23 17:00:00
2025-05-23 17:05:00,-2499.876,2025-05-23 17:05:00
2025-05-23 17:10:00,-2499.876,2025-05-23 17:10:00
2025-05-23 17:15:00,-2499.876,2025-05-23 17:15:00
2025-05-23 17:20:00,-2499.876,2025-05-23 17:20:00
2025-05-23 17:25:00,-2499.876,2025-05-23 17:25:00
2025-05-23 17:30:00,-2499.876,2025-05-23 17:30:00
2025-05-23 17:35:00,-2499.876,2025-05-23 17:35:00
2025-05-23 17:40:00,-2499.876,2025-05-23 17:40:00
2025-05-23 17:45:00,-2499.876,2025-05-23 17:45:00
2025-05-23 17:50:00,-2499.876,2025-05-23 17:50:00
2025-05-23 17:55:00,-2499.876,2025-05-23 17:55:00
2025-05-23 18:00:00,8920.0,2025-05-23 18:00:00
2025-05-23 18:05:00,8920.0,2025-05-23 18:05:00
2025-05-23 18:10:00,8920.0,2025-05-23 18:10:00
2025-05-23 18:15:00,8920.0,2025-05-23 18:15:00
2025-05-23 18:20:00,8920.0,2025-05-23 18:20:00
2025-05-23 18:25:00,8920.0,2025-05-23 18:25:00
2025-05-23 18:30:00,8920.0,2025-05-23 18:30:00
2025-05-23 18:35:00,8920.0,2025-05-23 18:35:00
2025-05-23 18:40:00,8920.0,2025-05-23 18:40:00
2025-05-23 18:45:00,8920.0,2025-05-23 18:45:00
2025-05-23 18:50:00,8920.0,2025-05-23 18:50:00
2025-05-23 18:55:00,8920.0,2025-05-23 18:55:00
2025-05-23 19:00:00,8920.0,2025-05-23 19:00:00
2025-05-23 19:05:00,8920.0,2025-05-23 19:05:00
2025-05-23 19:10:00,8919.999,2025-05-23 19:10:00
2025-05-23 19:15:00,8919.999,2025-05-23 19:15:00
2025-05-23 19:20:00,8919.999,2025-05-23 19:20:00
2025-05-23 19:25:00,8919.999,2025-05-23 19:25:00
2025-05-23 19:30:00,8919.998,2025-05-23 19:30:00
2025-05-23 19:35:00,8919.99,2025-05-23 19:35:00
2025-05-23 19:40:00,5130.872,2025-05-23 19:40:00
2025-05-23 19:45:00,0.0,2025-05-23 19:45:00
2025-05-23 19:50:00,0.0,2025-05-23 19:50:00
2025-05-23 19:55:00,0.0,2025-05-23 19:55:00
2025-05-23 20:00:00,0.0,2025-05-23 20:00:00
2025-05-23 20:05:00,0.0,2025-05-23 20:05:00
2025-05-23 20:10:00,0.0,2025-05-23 20:10:00
2025-05-23 20:15:00,0.0,2025-05-23 20:15:00
2025-05-23 20:20:00,0.0,2025-05-23 20:20:00
2025-05-23 20:25:00,0.0,2025-05-23 20:25:00
2025-05-23 20:30:00,0.0,2025-05-23 20:30:00
2025-05-23 20:35:00,0.0,2025-05-23 20:35:00
2025-05-23 20:40:00,0.0,2025-05-23 20:40:00
2025-05-23 20:45:00,0.0,2025-05-23 20:45:00
2025-05-23 20:50:00,0.0,2025-05-23 20:50:00
2025-05-23 20:55:00,0.0,2025-05-23 20:55:00
2025-05-23 21:00:00,0.0,2025-05-23 21:00:00
2025-05-23 21:05:00,0.0,2025-05-23 21:05:00
2025-05-23 21:10:00,0.0,2025-05-23 21:10:00
2025-05-23 21:15:00,0.0,2025-05-23 21:15:00
2025-05-23 21:20:00,0.0,2025-05-23 21:20:00
2025-05-23 21:25:00,0.0,2025-05-23 21:25:00
2025-05-23 21:30:00,0.0,2025-05-23 21:30:00
2025-05-23 21:35:00,0.0,2025-05-23 21:35:00
2025-05-23 21:40:00,0.0,2025-05-23 21:40:00
2025-05-23 21:45:00,0.0,2025-05-23 21:45:00
2025-05-23 21:50:00,0.0,2025-05-23 21:50:00
2025-05-23 21:55:00,0.0,2025-05-23 21:55:00
2025-05-23 22:00:00,-1249.309,2025-05-23 22:00:00
2025-05-23 22:05:00,-1249.516,2025-05-23 22:05:00
2025-05-23 22:10:00,-1249.72,2025-05-23 22:10:00
2025-05-23 22:15:00,-1249.869,2025-05-23 22:15:00
2025-05-23 22:20:00,-1249.964,2025-05-23 22:20:00
2025-05-23 22:25:00,-1250.021,2025-05-23 22:25:00
2025-05-23 22:30:00,-1250.051,2025-05-23 22:30:00
2025-05-23 22:35:00,-1250.065,2025-05-23 22:35:00
2025-05-23 22:40:00,-1250.067,2025-05-23 22:40:00
2025-05-23 22:45:00,-1250.062,2025-05-23 22:45:00
2025-05-23 22:50:00,-1250.054,2025-05-23 22:50:00
2025-05-23 22:55:00,-1250.043,2025-05-23 22:55:00
2025-05-23 23:00:00,-1250.031,2025-05-23 23:00:00
2025-05-23 23:05:00,-1250.02,2025-05-23 23:05:00
2025-05-23 23:10:00,-1250.009,2025-05-23 23:10:00
2025-05-23 23:15:00,-1249.998,2025-05-23 23:15:00
2025-05-23 23:20:00,-1249.989,2025-05-23 23:20:00
2025-05-23 23:25:00,-1249.98,2025-05-23 23:25:00
2025-05-23 23:30:00,-1249.973,2025-05-23 23:30:00
2025-05-23 23:35:00,-1249.965,2025-05-23 23:35:00
2025-05-23 23:40:00,-1249.959,2025-05-23 23:40:00
2025-05-23 23:45:00,-1249.953,2025-05-23 23:45:00
2025-05-23 23:50:00,-1249.948,2025-05-23 23:50:00
2025-05-23 23:55:00,-1249.943,2025-05-23 23:55:00
2025-05-24 00:00:00,-2499.876,2025-05-24 00:00:00
2025-05-24 00:05:00,-2499.876,2025-05-24 00:05:00
2025-05-24 00:10:00,-2499.876,2025-05-24 00:10:00
2025-05-24 00:15:00,-2499.876,2025-05-24 00:15:00
2025-05-24 00:20:00,-2499.876,2025-05-24 00:20:00
2025-05-24 00:25:00,-2499.876,2025-05-24 00:25:00
2025-05-24 00:30:00,-2499.876,2025-05-24 00:30:00
2025-05-24 00:35:00,-2499.876,2025-05-24 00:35:00
2025-05-24 00:40:00,-2499.876,2025-05-24 00:40:00
2025-05-24 00:45:00,-2499.876,2025-05-24 00:45:00
2025-05-24 00:50:00,-2499.876,2025-05-24 00:50:00
2025-05-24 00:55:00,-2499.876,2025-05-24 00:55:00
2025-05-24 01:00:00,-2499.876,2025-05-24 01:00:00
2025-05-24 01:05:00,-2499.876,2025-05-24 01:05:00
2025-05-24 01:10:00,-2499.876,2025-05-24 01:10:00
2025-05-24 01:15:00,-2499.876,2025-05-24 01:15:00
2025-05-24 01:20:00,-2499.876,2025-05-24 01:20:00
2025-05-24 01:25:00,-2499.876,2025-05-24 01:25:00
2025-05-24 01:30:00,-2499.876,2025-05-24 01:30:00
2025-05-24 01:35:00,-2499.876,2025-05-24 01:35:00
2025-05-24 01:40:00,-2499.876,2025-05-24 01:40:00
2025-05-24 01:45:00,-2499.876,2025-05-24 01:45:00
2025-05-24 01:50:00,-2499.876,2025-05-24 01:50:00
2025-05-24 01:55:00,-2499.876,2025-05-24 01:55:00
2025-05-24 02:00:00,-2499.876,2025-05-24 02:00:00
2025-05-24 02:05:00,-2499.876,2025-05-24 02:05:00
2025-05-24 02:10:00,-2499.876,2025-05-24 02:10:00
2025-05-24 02:15:00,-2499.876,2025-05-24 02:15:00
2025-05-24 02:20:00,-2499.876,2025-05-24 02:20:00
2025-05-24 02:25:00,-2499.876,2025-05-24 02:25:00
2025-05-24 02:30:00,-2499.876,2025-05-24 02:30:00
2025-05-24 02:35:00,-2499.876,2025-05-24 02:35:00
2025-05-24 02:40:00,-2499.876,2025-05-24 02:40:00
2025-05-24 02:45:00,-2499.876,2025-05-24 02:45:00
2025-05-24 02:50:00,-2499.876,2025-05-24 02:50:00
2025-05-24 02:55:00,-2499.876,2025-05-24 02:55:00
2025-05-24 03:00:00,-2499.876,2025-05-24 03:00:00
2025-05-24 03:05:00,-2499.876,2025-05-24 03:05:00
2025-05-24 03:10:00,-2499.876,2025-05-24 03:10:00
2025-05-24 03:15:00,-2499.876,2025-05-24 03:15:00
2025-05-24 03:20:00,-2499.876,2025-05-24 03:20:00
2025-05-24 03:25:00,-2499.876,2025-05-24 03:25:00
2025-05-24 03:30:00,-2499.876,2025-05-24 03:30:00
2025-05-24 03:35:00,-2499.876,2025-05-24 03:35:00
2025-05-24 03:40:00,-2499.876,2025-05-24 03:40:00
2025-05-24 03:45:00,-2499.876,2025-05-24 03:45:00
2025-05-24 03:50:00,-2499.876,2025-05-24 03:50:00
2025-05-24 03:55:00,-2499.876,2025-05-24 03:55:00
2025-05-24 04:00:00,-2499.876,2025-05-24 04:00:00
2025-05-24 04:05:00,-2499.876,2025-05-24 04:05:00
2025-05-24 04:10:00,-2499.876,2025-05-24 04:10:00
2025-05-24 04:15:00,-2499.876,2025-05-24 04:15:00
2025-05-24 04:20:00,-2499.876,2025-05-24 04:20:00
2025-05-24 04:25:00,-2499.876,2025-05-24 04:25:00
2025-05-24 04:30:00,-2499.876,2025-05-24 04:30:00
2025-05-24 04:35:00,-2499.876,2025-05-24 04:35:00
2025-05-24 04:40:00,-2499.876,2025-05-24 04:40:00
2025-05-24 04:45:00,-2499.876,2025-05-24 04:45:00
2025-05-24 04:50:00,-2499.876,2025-05-24 04:50:00
2025-05-24 04:55:00,-2499.876,2025-05-24 04:55:00
2025-05-24 05:00:00,-2499.876,2025-05-24 05:00:00
2025-05-24 05:05:00,-2499.876,2025-05-24 05:05:00
2025-05-24 05:10:00,-2499.876,2025-05-24 05:10:00
2025-05-24 05:15:00,-2499.876,2025-05-24 05:15:00
2025-05-24 05:20:00,-2499.876,2025-05-24 05:20:00
2025-05-24 05:25:00,-2499.876,2025-05-24 05:25:00
2025-05-24 05:30:00,-2499.876,2025-05-24 05:30:00
2025-05-24 05:35:00,-2499.876,2025-05-24 05:35:00
2025-05-24 05:40:00,-2499.876,2025-05-24 05:40:00
2025-05-24 05:45:00,-2499.876,2025-05-24 05:45:00
2025-05-24 05:50:00,-2499.876,2025-05-24 05:50:00
2025-05-24 05:55:00,-2499.876,2025-05-24 05:55:00
2025-05-24 06:00:00,0.0,2025-05-24 06:00:00
2025-05-24 06:05:00,0.0,2025-05-24 06:05:00
2025-05-24 06:10:00,0.0,2025-05-24 06:10:00
2025-05-24 06:15:00,0.0,2025-05-24 06:15:00
2025-05-24 06:20:00,0.0,2025-05-24 06:20:00
2025-05-24 06:25:00,0.0,2025-05-24 06:25:00
2025-05-24 06:30:00,0.0,2025-05-24 06:30:00
2025-05-24 06:35:00,0.0,2025-05-24 06:35:00
2025-05-24 06:40:00,0.0,2025-05-24 06:40:00
2025-05-24 06:45:00,0.0,2025-05-24 06:45:00
2025-05-24 06:50:00,0.0,2025-05-24 06:50:00
2025-05-24 06:55:00,0.0,2025-05-24 06:55:00
2025-05-24 07:00:00,0.0,2025-05-24 07:00:00
2025-05-24 07:05:00,0.0,2025-05-24 07:05:00
2025-05-24 07:10:00,0.0,2025-05-24 07:10:00
2025-05-24 07:15:00,0.0,2025-05-24 07:15:00
2025-05-24 07:20:00,0.0,2025-05-24 07:20:00
2025-05-24 07:25:00,0.0,2025-05-24 07:25:00
2025-05-24 07:30:00,0.0,2025-05-24 07:30:00
2025-05-24 07:35:00,0.0,2025-05-24 07:35:00
2025-05-24 07:40:00,0.0,2025-05-24 07:40:00
2025-05-24 07:45:00,0.0,2025-05-24 07:45:00
2025-05-24 07:50:00,0.0,2025-05-24 07:50:00
2025-05-24 07:55:00,0.0,2025-05-24 07:55:00
2025-05-24 08:00:00,8920.0,2025-05-24 08:00:00
2025-05-24 08:05:00,8920.0,2025-05-24 08:05:00
2025-05-24 08:10:00,8920.0,2025-05-24 08:10:00
2025-05-24 08:15:00,8920.0,2025-05-24 08:15:00
2025-05-24 08:20:00,8920.0,2025-05-24 08:20:00
2025-05-24 08:25:00,8920.0,2025-05-24 08:25:00
2025-05-24 08:30:00,8920.0,2025-05-24 08:30:00
2025-05-24 08:35:00,8920.0,2025-05-24 08:35:00
2025-05-24 08:40:00,8920.0,2025-05-24 08:40:00
2025-05-24 08:45:00,8920.0,2025-05-24 08:45:00
2025-05-24 08:50:00,8920.0,2025-05-24 08:50:00
2025-05-24 08:55:00,8920.0,2025-05-24 08:55:00
2025-05-24 09:00:00,8920.0,2025-05-24 09:00:00
2025-05-24 09:05:00,8920.0,2025-05-24 09:05:00
2025-05-24 09:10:00,8920.0,2025-05-24 09:10:00
2025-05-24 09:15:00,8920.0,2025-05-24 09:15:00
2025-05-24 09:20:00,8919.999,2025-05-24 09:20:00
2025-05-24 09:25:00,8919.999,2025-05-24 09:25:00
2025-05-24 09:30:00,8919.999,2025-05-24 09:30:00
2025-05-24 09:35:00,8919.997,2025-05-24 09:35:00
2025-05-24 09:40:00,5130.87,2025-05-24 09:40:00
2025-05-24 09:45:00,0.0,2025-05-24 09:45:00
2025-05-24 09:50:00,0.0,2025-05-24 09:50:00
2025-05-24 09:55:00,0.0,2025-05-24 09:55:00
2025-05-24 10:00:00,0.0,2025-05-24 10:00:00
2025-05-24 10:05:00,0.0,2025-05-24 10:05:00
2025-05-24 10:10:00,0.0,2025-05-24 10:10:00
2025-05-24 10:15:00,0.0,2025-05-24 10:15:00
2025-05-24 10:20:00,0.0,2025-05-24 10:20:00
2025-05-24 10:25:00,0.0,2025-05-24 10:25:00
2025-05-24 10:30:00,0.0,2025-05-24 10:30:00
2025-05-24 10:35:00,0.0,2025-05-24 10:35:00
2025-05-24 10:40:00,0.0,2025-05-24 10:40:00
2025-05-24 10:45:00,0.0,2025-05-24 10:45:00
2025-05-24 10:50:00,0.0,2025-05-24 10:50:00
2025-05-24 10:55:00,0.0,2025-05-24 10:55:00
2025-05-24 11:00:00,-2499.876,2025-05-24 11:00:00
2025-05-24 11:05:00,-2499.876,2025-05-24 11:05:00
2025-05-24 11:10:00,-2499.876,2025-05-24 11:10:00
2025-05-24 11:15:00,-2499.876,2025-05-24 11:15:00
2025-05-24 11:20:00,-2499.876,2025-05-24 11:20:00
2025-05-24 11:25:00,-2499.876,2025-05-24 11:25:00
2025-05-24 11:30:00,-2499.876,2025-05-24 11:30:00
2025-05-24 11:35:00,-2499.876,2025-05-24 11:35:00
2025-05-24 11:40:00,-2499.876,2025-05-24 11:40:00
2025-05-24 11:45:00,-2499.876,2025-05-24 11:45:00
2025-05-24 11:50:00,-2499.876,2025-05-24 11:50:00
2025-05-24 11:55:00,-2499.876,2025-05-24 11:55:00
2025-05-24 12:00:00,-2499.876,2025-05-24 12:00:00
2025-05-24 12:05:00,-2499.876,2025-05-24 12:05:00
2025-05-24 12:10:00,-2499.876,2025-05-24 12:10:00
2025-05-24 12:15:00,-2499.876,2025-05-24 12:15:00
2025-05-24 12:20:00,-2499.876,2025-05-24 12:20:00
2025-05-24 12:25:00,-2499.876,2025-05-24 12:25:00
2025-05-24 12:30:00,-2499.876,2025-05-24 12:30:00
2025-05-24 12:35:00,-2499.876,2025-05-24 12:35:00
2025-05-24 12:40:00,-2499.876,2025-05-24 12:40:00
2025-05-24 12:45:00,-2499.876,2025-05-24 12:45:00
2025-05-24 12:50:00,-2499.876,2025-05-24 12:50:00
2025-05-24 12:55:00,-2499.876,2025-05-24 12:55:00
2025-05-24 13:00:00,-2499.876,2025-05-24 13:00:00
2025-05-24 13:05:00,-2499.876,2025-05-24 13:05:00
2025-05-24 13:10:00,-2499.876,2025-05-24 13:10:00
2025-05-24 13:15:00,-2499.876,2025-05-24 13:15:00
2025-05-24 13:20:00,-2499.876,2025-05-24 13:20:00
2025-05-24 13:25:00,-2499.876,2025-05-24 13:25:00
2025-05-24 13:30:00,-2499.876,2025-05-24 13:30:00
2025-05-24 13:35:00,-2499.876,2025-05-24 13:35:00
2025-05-24 13:40:00,-2499.876,2025-05-24 13:40:00
2025-05-24 13:45:00,-2499.876,2025-05-24 13:45:00
2025-05-24 13:50:00,-2499.876,2025-05-24 13:50:00
2025-05-24 13:55:00,-2499.876,2025-05-24 13:55:00
2025-05-24 14:00:00,-2499.876,2025-05-24 14:00:00
2025-05-24 14:05:00,-2499.876,2025-05-24 14:05:00
2025-05-24 14:10:00,-2499.876,2025-05-24 14:10:00
2025-05-24 14:15:00,-2499.876,2025-05-24 14:15:00
2025-05-24 14:20:00,-2499.876,2025-05-24 14:20:00
2025-05-24 14:25:00,-2499.876,2025-05-24 14:25:00
2025-05-24 14:30:00,-2499.876,2025-05-24 14:30:00
2025-05-24 14:35:00,-2499.876,2025-05-24 14:35:00
2025-05-24 14:40:00,-2499.876,2025-05-24 14:40:00
2025-05-24 14:45:00,-2499.876,2025-05-24 14:45:00
2025-05-24 14:50:00,-2499.876,2025-05-24 14:50:00
2025-05-24 14:55:00,-2499.876,2025-05-24 14:55:00
2025-05-24 15:00:00,-2499.876,2025-05-24 15:00:00
2025-05-24 15:05:00,-2499.876,2025-05-24 15:05:00
2025-05-24 15:10:00,-2499.876,2025-05-24 15:10:00
2025-05-24 15:15:00,-2499.876,2025-05-24 15:15:00
2025-05-24 15:20:00,-2499.876,2025-05-24 15:20:00
2025-05-24 15:25:00,-2499.876,2025-05-24 15:25:00
2025-05-24 15:30:00,-2499.876,2025-05-24 15:30:00
2025-05-24 15:35:00,-2499.876,2025-05-24 15:35:00
2025-05-24 15:40:00,-2499.876,2025-05-24 15:40:00
2025-05-24 15:45:00,-2499.876,2025-05-24 15:45:00
2025-05-24 15:50:00,-2499.876,2025-05-24 15:50:00
2025-05-24 15:55:00,-2499.876,2025-05-24 15:55:00
2025-05-24 16:00:00,-2499.876,2025-05-24 16:00:00
2025-05-24 16:05:00,-2499.876,2025-05-24 16:05:00
2025-05-24 16:10:00,-2499.876,2025-05-24 16:10:00
2025-05-24 16:15:00,-2499.876,2025-05-24 16:15:00
2025-05-24 16:20:00,-2499.876,2025-05-24 16:20:00
2025-05-24 16:25:00,-2499.876,2025-05-24 16:25:00
2025-05-24 16:30:00,-2499.876,2025-05-24 16:30:00
2025-05-24 16:35:00,-2499.876,2025-05-24 16:35:00
2025-05-24 16:40:00,-2499.876,2025-05-24 16:40:00
2025-05-24 16:45:00,-2499.876,2025-05-24 16:45:00
2025-05-24 16:50:00,-2499.876,2025-05-24 16:50:00
2025-05-24 16:55:00,-2499.876,2025-05-24 16:55:00
2025-05-24 17:00:00,-2499.876,2025-05-24 17:00:00
2025-05-24 17:05:00,-2499.876,2025-05-24 17:05:00
2025-05-24 17:10:00,-2499.876,2025-05-24 17:10:00
2025-05-24 17:15:00,-2499.876,2025-05-24 17:15:00
2025-05-24 17:20:00,-2499.876,2025-05-24 17:20:00
2025-05-24 17:25:00,-2499.876,2025-05-24 17:25:00
2025-05-24 17:30:00,-2499.876,2025-05-24 17:30:00
2025-05-24 17:35:00,-2499.876,2025-05-24 17:35:00
2025-05-24 17:40:00,-2499.876,2025-05-24 17:40:00
2025-05-24 17:45:00,-2499.876,2025-05-24 17:45:00
2025-05-24 17:50:00,-2499.876,2025-05-24 17:50:00
2025-05-24 17:55:00,-2499.876,2025-05-24 17:55:00
2025-05-24 18:00:00,8920.0,2025-05-24 18:00:00
2025-05-24 18:05:00,8920.0,2025-05-24 18:05:00
2025-05-24 18:10:00,8920.0,2025-05-24 18:10:00
2025-05-24 18:15:00,8920.0,2025-05-24 18:15:00
2025-05-24 18:20:00,8920.0,2025-05-24 18:20:00
2025-05-24 18:25:00,8920.0,2025-05-24 18:25:00
2025-05-24 18:30:00,8920.0,2025-05-24 18:30:00
2025-05-24 18:35:00,8920.0,2025-05-24 18:35:00
2025-05-24 18:40:00,8920.0,2025-05-24 18:40:00
2025-05-24 18:45:00,8920.0,2025-05-24 18:45:00
2025-05-24 18:50:00,8920.0,2025-05-24 18:50:00
2025-05-24 18:55:00,8920.0,2025-05-24 18:55:00
2025-05-24 19:00:00,8920.0,2025-05-24 19:00:00
2025-05-24 19:05:00,8920.0,2025-05-24 19:05:00
2025-05-24 19:10:00,8920.0,2025-05-24 19:10:00
2025-05-24 19:15:00,8920.0,2025-05-24 19:15:00
2025-05-24 19:20:00,8919.999,2025-05-24 19:20:00
2025-05-24 19:25:00,8919.999,2025-05-24 19:25:00
2025-05-24 19:30:00,8919.999,2025-05-24 19:30:00
2025-05-24 19:35:00,8919.997,2025-05-24 19:35:00
2025-05-24 19:40:00,5130.868,2025-05-24 19:40:00
2025-05-24 19:45:00,0.0,2025-05-24 19:45:00
2025-05-24 19:50:00,0.0,2025-05-24 19:50:00
2025-05-24 19:55:00,0.0,2025-05-24 19:55:00
2025-05-24 20:00:00,0.0,2025-05-24 20:00:00
2025-05-24 20:05:00,0.0,2025-05-24 20:05:00
2025-05-24 20:10:00,0.0,2025-05-24 20:10:00
2025-05-24 20:15:00,0.0,2025-05-24 20:15:00
2025-05-24 20:20:00,0.0,2025-05-24 20:20:00
2025-05-24 20:25:00,0.0,2025-05-24 20:25:00
2025-05-24 20:30:00,0.0,2025-05-24 20:30:00
2025-05-24 20:35:00,0.0,2025-05-24 20:35:00
2025-05-24 20:40:00,0.0,2025-05-24 20:40:00
2025-05-24 20:45:00,0.0,2025-05-24 20:45:00
2025-05-24 20:50:00,0.0,2025-05-24 20:50:00
2025-05-24 20:55:00,0.0,2025-05-24 20:55:00
2025-05-24 21:00:00,0.0,2025-05-24 21:00:00
2025-05-24 21:05:00,0.0,2025-05-24 21:05:00
2025-05-24 21:10:00,0.0,2025-05-24 21:10:00
2025-05-24 21:15:00,0.0,2025-05-24 21:15:00
2025-05-24 21:20:00,0.0,2025-05-24 21:20:00
2025-05-24 21:25:00,0.0,2025-05-24 21:25:00
2025-05-24 21:30:00,0.0,2025-05-24 21:30:00
2025-05-24 21:35:00,0.0,2025-05-24 21:35:00
2025-05-24 21:40:00,0.0,2025-05-24 21:40:00
2025-05-24 21:45:00,0.0,2025-05-24 21:45:00
2025-05-24 21:50:00,0.0,2025-05-24 21:50:00
2025-05-24 21:55:00,0.0,2025-05-24 21:55:00
2025-05-24 22:00:00,-2187.613,2025-05-24 22:00:00
2025-05-24 22:05:00,-2187.56,2025-05-24 22:05:00
2025-05-24 22:10:00,-2187.539,2025-05-24 22:10:00
2025-05-24 22:15:00,-2187.527,2025-05-24 22:15:00
2025-05-24 22:20:00,-2187.518,2025-05-24 22:20:00
2025-05-24 22:25:00,-2187.511,2025-05-24 22:25:00
2025-05-24 22:30:00,-2187.505,2025-05-24 22:30:00
2025-05-24 22:35:00,-2187.499,2025-05-24 22:35:00
2025-05-24 22:40:00,-2187.493,2025-05-24 22:40:00
2025-05-24 22:45:00,-2187.488,2025-05-24 22:45:00
2025-05-24 22:50:00,-2187.482,2025-05-24 22:50:00
2025-05-24 22:55:00,-2187.477,2025-05-24 22:55:00
2025-05-24 23:00:00,-2187.472,2025-05-24 23:00:00
2025-05-24 23:05:00,-2187.466,2025-05-24 23:05:00
2025-05-24 23:10:00,-2187.461,2025-05-24 23:10:00
2025-05-24 23:15:00,-2187.456,2025-05-24 23:15:00
2025-05-24 23:20:00,-2187.451,2025-05-24 23:20:00
2025-05-24 23:25:00,-2187.446,2025-05-24 23:25:00
2025-05-24 23:30:00,-2187.44,2025-05-24 23:30:00
2025-05-24 23:35:00,-2187.435,2025-05-24 23:35:00
2025-05-24 23:40:00,-2187.43,2025-05-24 23:40:00
2025-05-24 23:45:00,-2187.425,2025-05-24 23:45:00
2025-05-24 23:50:00,-2187.42,2025-05-24 23:50:00
2025-05-24 23:55:00,-2187.416,2025-05-24 23:55:00
2025-05-25 00:00:00,-2187.411,2025-05-25 00:00:00
2025-05-25 00:05:00,-2187.406,2025-05-25 00:05:00
2025-05-25 00:10:00,-2187.401,2025-05-25 00:10:00
2025-05-25 00:15:00,-2187.397,2025-05-25 00:15:00
2025-05-25 00:20:00,-2187.392,2025-05-25 00:20:00
2025-05-25 00:25:00,-2187.388,2025-05-25 00:25:00
2025-05-25 00:30:00,-2187.384,2025-05-25 00:30:00
2025-05-25 00:35:00,-2187.38,2025-05-25 00:35:00
2025-05-25 00:40:00,-2187.376,2025-05-25 00:40:00
2025-05-25 00:45:00,-2187.372,2025-05-25 00:45:00
2025-05-25 00:50:00,-2187.368,2025-05-25 00:50:00
2025-05-25 00:55:00,-2187.365,2025-05-25 00:55:00
2025-05-25 01:00:00,-2187.361,2025-05-25 01:00:00
2025-05-25 01:05:00,-2187.358,2025-05-25 01:05:00
2025-05-25 01:10:00,-2187.355,2025-05-25 01:10:00
2025-05-25 01:15:00,-2187.352,2025-05-25 01:15:00
2025-05-25 01:20:00,-2187.349,2025-05-25 01:20:00
2025-05-25 01:25:00,-2187.346,2025-05-25 01:25:00
2025-05-25 01:30:00,-2187.344,2025-05-25 01:30:00
2025-05-25 01:35:00,-2187.341,2025-05-25 01:35:00
2025-05-25 01:40:00,-2187.339,2025-05-25 01:40:00
2025-05-25 01:45:00,-2187.337,2025-05-25 01:45:00
2025-05-25 01:50:00,-2187.335,2025-05-25 01:50:00
2025-05-25 01:55:00,-2187.333,2025-05-25 01:55:00
2025-05-25 02:00:00,-2187.332,2025-05-25 02:00:00
2025-05-25 02:05:00,-2187.331,2025-05-25 02:05:00
2025-05-25 02:10:00,-2187.329,2025-05-25 02:10:00
2025-05-25 02:15:00,-2187.328,2025-05-25 02:15:00
2025-05-25 02:20:00,-2187.328,2025-05-25 02:20:00
2025-05-25 02:25:00,-2187.327,2025-05-25 02:25:00
2025-05-25 02:30:00,-2187.327,2025-05-25 02:30:00
2025-05-25 02:35:00,-2187.326,2025-05-25 02:35:00
2025-05-25 02:40:00,-2187.326,2025-05-25 02:40:00
2025-05-25 02:45:00,-2187.326,2025-05-25 02:45:00
2025-05-25 02:50:00,-2187.327,2025-05-25 02:50:00
2025-05-25 02:55:00,-2187.327,2025-05-25 02:55:00
2025-05-25 03:00:00,-2187.328,2025-05-25 03:00:00
2025-05-25 03:05:00,-2187.328,2025-05-25 03:05:00
2025-05-25 03:10:00,-2187.329,2025-05-25 03:10:00
2025-05-25 03:15:00,-2187.33,2025-05-25 03:15:00
2025-05-25 03:20:00,-2187.332,2025-05-25 03:20:00
2025-05-25 03:25:00,-2187.333,2025-05-25 03:25:00
2025-05-25 03:30:00,-2187.335,2025-05-25 03:30:00
2025-05-25 03:35:00,-2187.337,2025-05-25 03:35:00
2025-05-25 03:40:00,-2187.338,2025-05-25 03:40:00
2025-05-25 03:45:00,-2187.341,2025-05-25 03:45:00
2025-05-25 03:50:00,-2187.343,2025-05-25 03:50:00
2025-05-25 03:55:00,-2187.345,2025-05-25 03:55:00
2025-05-25 04:00:00,-2187.347,2025-05-25 04:00:00
2025-05-25 04:05:00,-2187.35,2025-05-25 04:05:00
2025-05-25 04:10:00,-2187.353,2025-05-25 04:10:00
2025-05-25 04:15:00,-2187.355,2025-05-25 04:15:00
2025-05-25 04:20:00,-2187.358,2025-05-25 04:20:00
2025-05-25 04:25:00,-2187.361,2025-05-25 04:25:00
2025-05-25 04:30:00,-2187.364,2025-05-25 04:30:00
2025-05-25 04:35:00,-2187.367,2025-05-25 04:35:00
2025-05-25 04:40:00,-2187.37,2025-05-25 04:40:00
2025-05-25 04:45:00,-2187.374,2025-05-25 04:45:00
2025-05-25 04:50:00,-2187.377,2025-05-25 04:50:00
2025-05-25 04:55:00,-2187.38,2025-05-25 04:55:00
2025-05-25 05:00:00,-2187.383,2025-05-25 05:00:00
2025-05-25 05:05:00,-2187.387,2025-05-25 05:05:00
2025-05-25 05:10:00,-2187.39,2025-05-25 05:10:00
2025-05-25 05:15:00,-2187.394,2025-05-25 05:15:00
2025-05-25 05:20:00,-2187.397,2025-05-25 05:20:00
2025-05-25 05:25:00,-2187.401,2025-05-25 05:25:00
2025-05-25 05:30:00,-2187.405,2025-05-25 05:30:00
2025-05-25 05:35:00,-2187.41,2025-05-25 05:35:00
2025-05-25 05:40:00,-2187.416,2025-05-25 05:40:00
2025-05-25 05:45:00,-2187.424,2025-05-25 05:45:00
2025-05-25 05:50:00,-2187.439,2025-05-25 05:50:00
2025-05-25 05:55:00,-2187.488,2025-05-25 05:55:00
2025-05-25 06:00:00,0.0,2025-05-25 06:00:00
2025-05-25 06:05:00,0.0,2025-05-25 06:05:00
2025-05-25 06:10:00,0.0,2025-05-25 06:10:00
2025-05-25 06:15:00,0.0,2025-05-25 06:15:00
2025-05-25 06:20:00,0.0,2025-05-25 06:20:00
2025-05-25 06:25:00,0.0,2025-05-25 06:25:00
2025-05-25 06:30:00,0.0,2025-05-25 06:30:00
2025-05-25 06:35:00,0.0,2025-05-25 06:35:00
2025-05-25 06:40:00,0.0,2025-05-25 06:40:00
2025-05-25 06:45:00,0.0,2025-05-25 06:45:00
2025-05-25 06:50:00,0.0,2025-05-25 06:50:00
2025-05-25 06:55:00,0.0,2025-05-25 06:55:00
2025-05-25 07:00:00,0.0,2025-05-25 07:00:00
2025-05-25 07:05:00,0.0,2025-05-25 07:05:00
2025-05-25 07:10:00,0.0,2025-05-25 07:10:00
2025-05-25 07:15:00,0.0,2025-05-25 07:15:00
2025-05-25 07:20:00,0.0,2025-05-25 07:20:00
2025-05-25 07:25:00,0.0,2025-05-25 07:25:00
2025-05-25 07:30:00,0.0,2025-05-25 07:30:00
2025-05-25 07:35:00,0.0,2025-05-25 07:35:00
2025-05-25 07:40:00,0.0,2025-05-25 07:40:00
2025-05-25 07:45:00,0.0,2025-05-25 07:45:00
2025-05-25 07:50:00,0.0,2025-05-25 07:50:00
2025-05-25 07:55:00,0.0,2025-05-25 07:55:00
2025-05-25 08:00:00,8920.0,2025-05-25 08:00:00
2025-05-25 08:05:00,8920.0,2025-05-25 08:05:00
2025-05-25 08:10:00,8920.0,2025-05-25 08:10:00
2025-05-25 08:15:00,8920.0,2025-05-25 08:15:00
2025-05-25 08:20:00,8920.0,2025-05-25 08:20:00
2025-05-25 08:25:00,8920.0,2025-05-25 08:25:00
2025-05-25 08:30:00,8920.0,2025-05-25 08:30:00
2025-05-25 08:35:00,8920.0,2025-05-25 08:35:00
2025-05-25 08:40:00,8920.0,2025-05-25 08:40:00
2025-05-25 08:45:00,8920.0,2025-05-25 08:45:00
2025-05-25 08:50:00,8920.0,2025-05-25 08:50:00
2025-05-25 08:55:00,8920.0,2025-05-25 08:55:00
2025-05-25 09:00:00,8920.0,2025-05-25 09:00:00
2025-05-25 09:05:00,8920.0,2025-05-25 09:05:00
2025-05-25 09:10:00,8920.0,2025-05-25 09:10:00
2025-05-25 09:15:00,8920.0,2025-05-25 09:15:00
2025-05-25 09:20:00,8920.0,2025-05-25 09:20:00
2025-05-25 09:25:00,8919.999,2025-05-25 09:25:00
2025-05-25 09:30:00,8919.999,2025-05-25 09:30:00
2025-05-25 09:35:00,8919.997,2025-05-25 09:35:00
2025-05-25 09:40:00,5130.875,2025-05-25 09:40:00
2025-05-25 09:45:00,0.0,2025-05-25 09:45:00
2025-05-25 09:50:00,0.0,2025-05-25 09:50:00
2025-05-25 09:55:00,0.0,2025-05-25 09:55:00
2025-05-25 10:00:00,0.0,2025-05-25 10:00:00
2025-05-25 10:05:00,0.0,2025-05-25 10:05:00
2025-05-25 10:10:00,0.0,2025-05-25 10:10:00
2025-05-25 10:15:00,0.0,2025-05-25 10:15:00
2025-05-25 10:20:00,0.0,2025-05-25 10:20:00
2025-05-25 10:25:00,0.0,2025-05-25 10:25:00
2025-05-25 10:30:00,0.0,2025-05-25 10:30:00
2025-05-25 10:35:00,0.0,2025-05-25 10:35:00
2025-05-25 10:40:00,0.0,2025-05-25 10:40:00
2025-05-25 10:45:00,0.0,2025-05-25 10:45:00
2025-05-25 10:50:00,0.0,2025-05-25 10:50:00
2025-05-25 10:55:00,0.0,2025-05-25 10:55:00
2025-05-25 11:00:00,-2499.876,2025-05-25 11:00:00
2025-05-25 11:05:00,-2499.876,2025-05-25 11:05:00
2025-05-25 11:10:00,-2499.876,2025-05-25 11:10:00
2025-05-25 11:15:00,-2499.876,2025-05-25 11:15:00
2025-05-25 11:20:00,-2499.876,2025-05-25 11:20:00
2025-05-25 11:25:00,-2499.876,2025-05-25 11:25:00
2025-05-25 11:30:00,-2499.876,2025-05-25 11:30:00
2025-05-25 11:35:00,-2499.876,2025-05-25 11:35:00
2025-05-25 11:40:00,-2499.876,2025-05-25 11:40:00
2025-05-25 11:45:00,-2499.876,2025-05-25 11:45:00
2025-05-25 11:50:00,-2499.876,2025-05-25 11:50:00
2025-05-25 11:55:00,-2499.876,2025-05-25 11:55:00
2025-05-25 12:00:00,-2499.876,2025-05-25 12:00:00
2025-05-25 12:05:00,-2499.876,2025-05-25 12:05:00
2025-05-25 12:10:00,-2499.876,2025-05-25 12:10:00
2025-05-25 12:15:00,-2499.876,2025-05-25 12:15:00
2025-05-25 12:20:00,-2499.876,2025-05-25 12:20:00
2025-05-25 12:25:00,-2499.876,2025-05-25 12:25:00
2025-05-25 12:30:00,-2499.876,2025-05-25 12:30:00
2025-05-25 12:35:00,-2499.876,2025-05-25 12:35:00
2025-05-25 12:40:00,-2499.876,2025-05-25 12:40:00
2025-05-25 12:45:00,-2499.876,2025-05-25 12:45:00
2025-05-25 12:50:00,-2499.876,2025-05-25 12:50:00
2025-05-25 12:55:00,-2499.876,2025-05-25 12:55:00
2025-05-25 13:00:00,-2499.876,2025-05-25 13:00:00
2025-05-25 13:05:00,-2499.876,2025-05-25 13:05:00
2025-05-25 13:10:00,-2499.876,2025-05-25 13:10:00
2025-05-25 13:15:00,-2499.876,2025-05-25 13:15:00
2025-05-25 13:20:00,-2499.876,2025-05-25 13:20:00
2025-05-25 13:25:00,-2499.876,2025-05-25 13:25:00
2025-05-25 13:30:00,-2499.876,2025-05-25 13:30:00
2025-05-25 13:35:00,-2499.876,2025-05-25 13:35:00
2025-05-25 13:40:00,-2499.876,2025-05-25 13:40:00
2025-05-25 13:45:00,-2499.876,2025-05-25 13:45:00
2025-05-25 13:50:00,-2499.876,2025-05-25 13:50:00
2025-05-25 13:55:00,-2499.876,2025-05-25 13:55:00
2025-05-25 14:00:00,-2499.876,2025-05-25 14:00:00
2025-05-25 14:05:00,-2499.876,2025-05-25 14:05:00
2025-05-25 14:10:00,-2499.876,2025-05-25 14:10:00
2025-05-25 14:15:00,-2499.876,2025-05-25 14:15:00
2025-05-25 14:20:00,-2499.876,2025-05-25 14:20:00
2025-05-25 14:25:00,-2499.876,2025-05-25 14:25:00
2025-05-25 14:30:00,-2499.876,2025-05-25 14:30:00
2025-05-25 14:35:00,-2499.876,2025-05-25 14:35:00
2025-05-25 14:40:00,-2499.876,2025-05-25 14:40:00
2025-05-25 14:45:00,-2499.876,2025-05-25 14:45:00
2025-05-25 14:50:00,-2499.876,2025-05-25 14:50:00
2025-05-25 14:55:00,-2499.876,2025-05-25 14:55:00
2025-05-25 15:00:00,-2499.876,2025-05-25 15:00:00
2025-05-25 15:05:00,-2499.876,2025-05-25 15:05:00
2025-05-25 15:10:00,-2499.876,2025-05-25 15:10:00
2025-05-25 15:15:00,-2499.876,2025-05-25 15:15:00
2025-05-25 15:20:00,-2499.876,2025-05-25 15:20:00
2025-05-25 15:25:00,-2499.876,2025-05-25 15:25:00
2025-05-25 15:30:00,-2499.876,2025-05-25 15:30:00
2025-05-25 15:35:00,-2499.876,2025-05-25 15:35:00
2025-05-25 15:40:00,-2499.876,2025-05-25 15:40:00
2025-05-25 15:45:00,-2499.876,2025-05-25 15:45:00
2025-05-25 15:50:00,-2499.876,2025-05-25 15:50:00
2025-05-25 15:55:00,-2499.876,2025-05-25 15:55:00
2025-05-25 16:00:00,-2499.876,2025-05-25 16:00:00
2025-05-25 16:05:00,-2499.876,2025-05-25 16:05:00
2025-05-25 16:10:00,-2499.876,2025-05-25 16:10:00
2025-05-25 16:15:00,-2499.876,2025-05-25 16:15:00
2025-05-25 16:20:00,-2499.876,2025-05-25 16:20:00
2025-05-25 16:25:00,-2499.876,2025-05-25 16:25:00
2025-05-25 16:30:00,-2499.876,2025-05-25 16:30:00
2025-05-25 16:35:00,-2499.876,2025-05-25 16:35:00
2025-05-25 16:40:00,-2499.876,2025-05-25 16:40:00
2025-05-25 16:45:00,-2499.876,2025-05-25 16:45:00
2025-05-25 16:50:00,-2499.876,2025-05-25 16:50:00
2025-05-25 16:55:00,-2499.876,2025-05-25 16:55:00
2025-05-25 17:00:00,-2499.876,2025-05-25 17:00:00
2025-05-25 17:05:00,-2499.876,2025-05-25 17:05:00
2025-05-25 17:10:00,-2499.876,2025-05-25 17:10:00
2025-05-25 17:15:00,-2499.876,2025-05-25 17:15:00
2025-05-25 17:20:00,-2499.876,2025-05-25 17:20:00
2025-05-25 17:25:00,-2499.876,2025-05-25 17:25:00
2025-05-25 17:30:00,-2499.876,2025-05-25 17:30:00
2025-05-25 17:35:00,-2499.876,2025-05-25 17:35:00
2025-05-25 17:40:00,-2499.876,2025-05-25 17:40:00
2025-05-25 17:45:00,-2499.876,2025-05-25 17:45:00
2025-05-25 17:50:00,-2499.876,2025-05-25 17:50:00
2025-05-25 17:55:00,-2499.876,2025-05-25 17:55:00
2025-05-25 18:00:00,8920.0,2025-05-25 18:00:00
2025-05-25 18:05:00,8920.0,2025-05-25 18:05:00
2025-05-25 18:10:00,8920.0,2025-05-25 18:10:00
2025-05-25 18:15:00,8920.0,2025-05-25 18:15:00
2025-05-25 18:20:00,8408.0,2025-05-25 18:20:00
2025-05-25 18:25:00,8408.0,2025-05-25 18:25:00
2025-05-25 18:30:00,8920.0,2025-05-25 18:30:00
2025-05-25 18:35:00,8920.0,2025-05-25 18:35:00
2025-05-25 18:40:00,8920.0,2025-05-25 18:40:00
2025-05-25 18:45:00,8920.0,2025-05-25 18:45:00
2025-05-25 18:50:00,8920.0,2025-05-25 18:50:00
2025-05-25 18:55:00,8920.0,2025-05-25 18:55:00
2025-05-25 19:00:00,8920.0,2025-05-25 19:00:00
2025-05-25 19:05:00,8920.0,2025-05-25 19:05:00
2025-05-25 19:10:00,7166.35,2025-05-25 19:10:00
2025-05-25 19:15:00,8920.0,2025-05-25 19:15:00
2025-05-25 19:20:00,8920.0,2025-05-25 19:20:00
2025-05-25 19:25:00,8919.999,2025-05-25 19:25:00
2025-05-25 19:30:00,8919.999,2025-05-25 19:30:00
2025-05-25 19:35:00,8919.999,2025-05-25 19:35:00
2025-05-25 19:40:00,7908.492,2025-05-25 19:40:00
2025-05-25 19:45:00,0.0,2025-05-25 19:45:00
2025-05-25 19:50:00,0.0,2025-05-25 19:50:00
2025-05-25 19:55:00,0.0,2025-05-25 19:55:00
2025-05-25 20:00:00,0.0,2025-05-25 20:00:00
2025-05-25 20:05:00,0.0,2025-05-25 20:05:00
2025-05-25 20:10:00,0.0,2025-05-25 20:10:00
2025-05-25 20:15:00,0.0,2025-05-25 20:15:00
2025-05-25 20:20:00,0.0,2025-05-25 20:20:00
2025-05-25 20:25:00,0.0,2025-05-25 20:25:00
2025-05-25 20:30:00,0.0,2025-05-25 20:30:00
2025-05-25 20:35:00,0.0,2025-05-25 20:35:00
2025-05-25 20:40:00,0.0,2025-05-25 20:40:00
2025-05-25 20:45:00,0.0,2025-05-25 20:45:00
2025-05-25 20:50:00,0.0,2025-05-25 20:50:00
2025-05-25 20:55:00,0.0,2025-05-25 20:55:00
2025-05-25 21:00:00,0.0,2025-05-25 21:00:00
2025-05-25 21:05:00,0.0,2025-05-25 21:05:00
2025-05-25 21:10:00,0.0,2025-05-25 21:10:00
2025-05-25 21:15:00,0.0,2025-05-25 21:15:00
2025-05-25 21:20:00,0.0,2025-05-25 21:20:00
2025-05-25 21:25:00,0.0,2025-05-25 21:25:00
2025-05-25 21:30:00,0.0,2025-05-25 21:30:00
2025-05-25 21:35:00,0.0,2025-05-25 21:35:00
2025-05-25 21:40:00,0.0,2025-05-25 21:40:00
2025-05-25 21:45:00,0.0,2025-05-25 21:45:00
2025-05-25 21:50:00,0.0,2025-05-25 21:50:00
2025-05-25 21:55:00,0.0,2025-05-25 21:55:00
2025-05-25 22:00:00,-2499.876,2025-05-25 22:00:00
2025-05-25 22:05:00,-2499.876,2025-05-25 22:05:00
2025-05-25 22:10:00,-2499.876,2025-05-25 22:10:00
2025-05-25 22:15:00,-2499.876,2025-05-25 22:15:00
2025-05-25 22:20:00,-2499.876,2025-05-25 22:20:00
2025-05-25 22:25:00,-2499.876,2025-05-25 22:25:00
2025-05-25 22:30:00,-2499.876,2025-05-25 22:30:00
2025-05-25 22:35:00,-2499.876,2025-05-25 22:35:00
2025-05-25 22:40:00,-2499.876,2025-05-25 22:40:00
2025-05-25 22:45:00,-2499.876,2025-05-25 22:45:00
2025-05-25 22:50:00,-2499.876,2025-05-25 22:50:00
2025-05-25 22:55:00,-2499.876,2025-05-25 22:55:00
2025-05-25 23:00:00,-2499.876,2025-05-25 23:00:00
2025-05-25 23:05:00,-2499.876,2025-05-25 23:05:00
2025-05-25 23:10:00,-2499.876,2025-05-25 23:10:00
2025-05-25 23:15:00,-2499.876,2025-05-25 23:15:00
2025-05-25 23:20:00,-2499.876,2025-05-25 23:20:00
2025-05-25 23:25:00,-2499.876,2025-05-25 23:25:00
2025-05-25 23:30:00,-2499.876,2025-05-25 23:30:00
2025-05-25 23:35:00,-2499.876,2025-05-25 23:35:00
2025-05-25 23:40:00,-2499.876,2025-05-25 23:40:00
2025-05-25 23:45:00,-2499.876,2025-05-25 23:45:00
2025-05-25 23:50:00,-2499.876,2025-05-25 23:50:00
2025-05-25 23:55:00,-2499.876,2025-05-25 23:55:00
2025-05-26 00:00:00,-2082.675,2025-05-26 00:00:00
2025-05-26 00:05:00,-2082.686,2025-05-26 00:05:00
2025-05-26 00:10:00,-2082.698,2025-05-26 00:10:00
2025-05-26 00:15:00,-2082.71,2025-05-26 00:15:00
2025-05-26 00:20:00,-2082.723,2025-05-26 00:20:00
2025-05-26 00:25:00,-2082.735,2025-05-26 00:25:00
2025-05-26 00:30:00,-2082.749,2025-05-26 00:30:00
2025-05-26 00:35:00,-2082.762,2025-05-26 00:35:00
2025-05-26 00:40:00,-2082.776,2025-05-26 00:40:00
2025-05-26 00:45:00,-2082.789,2025-05-26 00:45:00
2025-05-26 00:50:00,-2082.803,2025-05-26 00:50:00
2025-05-26 00:55:00,-2082.816,2025-05-26 00:55:00
2025-05-26 01:00:00,-2082.83,2025-05-26 01:00:00
2025-05-26 01:05:00,-2082.843,2025-05-26 01:05:00
2025-05-26 01:10:00,-2082.856,2025-05-26 01:10:00
2025-05-26 01:15:00,-2082.869,2025-05-26 01:15:00
2025-05-26 01:20:00,-2082.882,2025-05-26 01:20:00
2025-05-26 01:25:00,-2082.895,2025-05-26 01:25:00
2025-05-26 01:30:00,-2082.907,2025-05-26 01:30:00
2025-05-26 01:35:00,-2082.92,2025-05-26 01:35:00
2025-05-26 01:40:00,-2082.932,2025-05-26 01:40:00
2025-05-26 01:45:00,-2082.944,2025-05-26 01:45:00
2025-05-26 01:50:00,-2082.955,2025-05-26 01:50:00
2025-05-26 01:55:00,-2082.967,2025-05-26 01:55:00
2025-05-26 02:00:00,-2082.978,2025-05-26 02:00:00
2025-05-26 02:05:00,-2082.99,2025-05-26 02:05:00
2025-05-26 02:10:00,-2083.001,2025-05-26 02:10:00
2025-05-26 02:15:00,-2083.012,2025-05-26 02:15:00
2025-05-26 02:20:00,-2083.023,2025-05-26 02:20:00
2025-05-26 02:25:00,-2083.034,2025-05-26 02:25:00
2025-05-26 02:30:00,-2083.044,2025-05-26 02:30:00
2025-05-26 02:35:00,-2083.055,2025-05-26 02:35:00
2025-05-26 02:40:00,-2083.066,2025-05-26 02:40:00
2025-05-26 02:45:00,-2083.077,2025-05-26 02:45:00
2025-05-26 02:50:00,-2083.088,2025-05-26 02:50:00
2025-05-26 02:55:00,-2083.099,2025-05-26 02:55:00
2025-05-26 03:00:00,-2083.111,2025-05-26 03:00:00
2025-05-26 03:05:00,-2083.122,2025-05-26 03:05:00
2025-05-26 03:10:00,-2083.134,2025-05-26 03:10:00
2025-05-26 03:15:00,-2083.147,2025-05-26 03:15:00
2025-05-26 03:20:00,-2083.16,2025-05-26 03:20:00
2025-05-26 03:25:00,-2083.173,2025-05-26 03:25:00
2025-05-26 03:30:00,-2083.187,2025-05-26 03:30:00
2025-05-26 03:35:00,-2083.201,2025-05-26 03:35:00
2025-05-26 03:40:00,-2083.216,2025-05-26 03:40:00
2025-05-26 03:45:00,-2083.232,2025-05-26 03:45:00
2025-05-26 03:50:00,-2083.249,2025-05-26 03:50:00
2025-05-26 03:55:00,-2083.267,2025-05-26 03:55:00
2025-05-26 04:00:00,-2083.286,2025-05-26 04:00:00
2025-05-26 04:05:00,-2083.306,2025-05-26 04:05:00
2025-05-26 04:10:00,-2083.327,2025-05-26 04:10:00
2025-05-26 04:15:00,-2083.35,2025-05-26 04:15:00
2025-05-26 04:20:00,-2083.374,2025-05-26 04:20:00
2025-05-26 04:25:00,-2083.4,2025-05-26 04:25:00
2025-05-26 04:30:00,-2083.428,2025-05-26 04:30:00
2025-05-26 04:35:00,-2083.458,2025-05-26 04:35:00
2025-05-26 04:40:00,-2083.49,2025-05-26 04:40:00
2025-05-26 04:45:00,-2083.525,2025-05-26 04:45:00
2025-05-26 04:50:00,-2083.562,2025-05-26 04:50:00
2025-05-26 04:55:00,-2083.603,2025-05-26 04:55:00
2025-05-26 05:00:00,-2083.647,2025-05-26 05:00:00
2025-05-26 05:05:00,-2083.695,2025-05-26 05:05:00
2025-05-26 05:10:00,-2083.747,2025-05-26 05:10:00
2025-05-26 05:15:00,-2083.805,2025-05-26 05:15:00
2025-05-26 05:20:00,-2083.869,2025-05-26 05:20:00
2025-05-26 05:25:00,-2083.94,2025-05-26 05:25:00
2025-05-26 05:30:00,-2084.022,2025-05-26 05:30:00
2025-05-26 05:35:00,-2084.117,2025-05-26 05:35:00
2025-05-26 05:40:00,-2084.232,2025-05-26 05:40:00
2025-05-26 05:45:00,-2084.379,2025-05-26 05:45:00
2025-05-26 05:50:00,-2084.59,2025-05-26 05:50:00
2025-05-26 05:55:00,-2085.005,2025-05-26 05:55:00
2025-05-26 06:00:00,0.0,2025-05-26 06:00:00
2025-05-26 06:05:00,0.0,2025-05-26 06:05:00
2025-05-26 06:10:00,0.0,2025-05-26 06:10:00
2025-05-26 06:15:00,0.0,2025-05-26 06:15:00
2025-05-26 06:20:00,0.0,2025-05-26 06:20:00
2025-05-26 06:25:00,0.0,2025-05-26 06:25:00
2025-05-26 06:30:00,0.0,2025-05-26 06:30:00
2025-05-26 06:35:00,0.0,2025-05-26 06:35:00
2025-05-26 06:40:00,0.0,2025-05-26 06:40:00
2025-05-26 06:45:00,0.0,2025-05-26 06:45:00
2025-05-26 06:50:00,0.0,2025-05-26 06:50:00
2025-05-26 06:55:00,0.0,2025-05-26 06:55:00
2025-05-26 07:00:00,0.0,2025-05-26 07:00:00
2025-05-26 07:05:00,0.0,2025-05-26 07:05:00
2025-05-26 07:10:00,0.0,2025-05-26 07:10:00
2025-05-26 07:15:00,0.0,2025-05-26 07:15:00
2025-05-26 07:20:00,0.0,2025-05-26 07:20:00
2025-05-26 07:25:00,0.0,2025-05-26 07:25:00
2025-05-26 07:30:00,0.0,2025-05-26 07:30:00
2025-05-26 07:35:00,0.0,2025-05-26 07:35:00
2025-05-26 07:40:00,0.0,2025-05-26 07:40:00
2025-05-26 07:45:00,0.0,2025-05-26 07:45:00
2025-05-26 07:50:00,0.0,2025-05-26 07:50:00
2025-05-26 07:55:00,0.0,2025-05-26 07:55:00
2025-05-26 08:00:00,8919.999,2025-05-26 08:00:00
2025-05-26 08:05:00,8919.999,2025-05-26 08:05:00
2025-05-26 08:10:00,8919.999,2025-05-26 08:10:00
2025-05-26 08:15:00,8919.999,2025-05-26 08:15:00
2025-05-26 08:20:00,8919.998,2025-05-26 08:20:00
2025-05-26 08:25:00,8919.998,2025-05-26 08:25:00
2025-05-26 08:30:00,8919.998,2025-05-26 08:30:00
2025-05-26 08:35:00,8919.998,2025-05-26 08:35:00
2025-05-26 08:40:00,8919.998,2025-05-26 08:40:00
2025-05-26 08:45:00,8919.998,2025-05-26 08:45:00
2025-05-26 08:50:00,8919.998,2025-05-26 08:50:00
2025-05-26 08:55:00,8919.997,2025-05-26 08:55:00
2025-05-26 09:00:00,8919.997,2025-05-26 09:00:00
2025-05-26 09:05:00,8919.996,2025-05-26 09:05:00
2025-05-26 09:10:00,8919.996,2025-05-26 09:10:00
2025-05-26 09:15:00,8919.995,2025-05-26 09:15:00
2025-05-26 09:20:00,8919.994,2025-05-26 09:20:00
2025-05-26 09:25:00,8919.992,2025-05-26 09:25:00
2025-05-26 09:30:00,8919.987,2025-05-26 09:30:00
2025-05-26 09:35:00,8919.964,2025-05-26 09:35:00
2025-05-26 09:40:00,5130.816,2025-05-26 09:40:00
2025-05-26 09:45:00,0.0,2025-05-26 09:45:00
2025-05-26 09:50:00,0.0,2025-05-26 09:50:00
2025-05-26 09:55:00,0.0,2025-05-26 09:55:00
2025-05-26 10:00:00,0.0,2025-05-26 10:00:00
2025-05-26 10:05:00,0.0,2025-05-26 10:05:00
2025-05-26 10:10:00,0.0,2025-05-26 10:10:00
2025-05-26 10:15:00,0.0,2025-05-26 10:15:00
2025-05-26 10:20:00,0.0,2025-05-26 10:20:00
2025-05-26 10:25:00,0.0,2025-05-26 10:25:00
2025-05-26 10:30:00,0.0,2025-05-26 10:30:00
2025-05-26 10:35:00,0.0,2025-05-26 10:35:00
2025-05-26 10:40:00,0.0,2025-05-26 10:40:00
2025-05-26 10:45:00,0.0,2025-05-26 10:45:00
2025-05-26 10:50:00,0.0,2025-05-26 10:50:00
2025-05-26 10:55:00,0.0,2025-05-26 10:55:00
2025-05-26 11:00:00,-2499.876,2025-05-26 11:00:00
2025-05-26 11:05:00,-2499.876,2025-05-26 11:05:00
2025-05-26 11:10:00,-2499.876,2025-05-26 11:10:00
2025-05-26 11:15:00,-2499.876,2025-05-26 11:15:00
2025-05-26 11:20:00,-2499.876,2025-05-26 11:20:00
2025-05-26 11:25:00,-2499.876,2025-05-26 11:25:00
2025-05-26 11:30:00,-2499.876,2025-05-26 11:30:00
2025-05-26 11:35:00,-2499.876,2025-05-26 11:35:00
2025-05-26 11:40:00,-2499.876,2025-05-26 11:40:00
2025-05-26 11:45:00,-2499.876,2025-05-26 11:45:00
2025-05-26 11:50:00,-2499.876,2025-05-26 11:50:00
2025-05-26 11:55:00,-2499.876,2025-05-26 11:55:00
2025-05-26 12:00:00,-2499.876,2025-05-26 12:00:00
2025-05-26 12:05:00,-2499.876,2025-05-26 12:05:00
2025-05-26 12:10:00,-2499.876,2025-05-26 12:10:00
2025-05-26 12:15:00,-2499.876,2025-05-26 12:15:00
2025-05-26 12:20:00,-2499.876,2025-05-26 12:20:00
2025-05-26 12:25:00,-2499.876,2025-05-26 12:25:00
2025-05-26 12:30:00,-2499.876,2025-05-26 12:30:00
2025-05-26 12:35:00,-2499.876,2025-05-26 12:35:00
2025-05-26 12:40:00,-2499.876,2025-05-26 12:40:00
2025-05-26 12:45:00,-2499.876,2025-05-26 12:45:00
2025-05-26 12:50:00,-2499.876,2025-05-26 12:50:00
2025-05-26 12:55:00,-2499.876,2025-05-26 12:55:00
2025-05-26 13:00:00,-2499.876,2025-05-26 13:00:00
2025-05-26 13:05:00,-2499.876,2025-05-26 13:05:00
2025-05-26 13:10:00,-2499.876,2025-05-26 13:10:00
2025-05-26 13:15:00,-2499.876,2025-05-26 13:15:00
2025-05-26 13:20:00,-2499.876,2025-05-26 13:20:00
2025-05-26 13:25:00,-2499.876,2025-05-26 13:25:00
2025-05-26 13:30:00,-2499.876,2025-05-26 13:30:00
2025-05-26 13:35:00,-2499.876,2025-05-26 13:35:00
2025-05-26 13:40:00,-2499.876,2025-05-26 13:40:00
2025-05-26 13:45:00,-2499.876,2025-05-26 13:45:00
2025-05-26 13:50:00,-2499.876,2025-05-26 13:50:00
2025-05-26 13:55:00,-2499.876,2025-05-26 13:55:00
2025-05-26 14:00:00,-2499.876,2025-05-26 14:00:00
2025-05-26 14:05:00,-2499.876,2025-05-26 14:05:00
2025-05-26 14:10:00,-2499.876,2025-05-26 14:10:00
2025-05-26 14:15:00,-2499.876,2025-05-26 14:15:00
2025-05-26 14:20:00,-2499.876,2025-05-26 14:20:00
2025-05-26 14:25:00,-2499.876,2025-05-26 14:25:00
2025-05-26 14:30:00,-2499.876,2025-05-26 14:30:00
2025-05-26 14:35:00,-2499.876,2025-05-26 14:35:00
2025-05-26 14:40:00,-2499.876,2025-05-26 14:40:00
2025-05-26 14:45:00,-2499.876,2025-05-26 14:45:00
2025-05-26 14:50:00,-2499.876,2025-05-26 14:50:00
2025-05-26 14:55:00,-2499.876,2025-05-26 14:55:00
2025-05-26 15:00:00,-2499.876,2025-05-26 15:00:00
2025-05-26 15:05:00,-2499.876,2025-05-26 15:05:00
2025-05-26 15:10:00,-2499.876,2025-05-26 15:10:00
2025-05-26 15:15:00,-2499.876,2025-05-26 15:15:00
2025-05-26 15:20:00,-2499.876,2025-05-26 15:20:00
2025-05-26 15:25:00,-2499.876,2025-05-26 15:25:00
2025-05-26 15:30:00,-2499.876,2025-05-26 15:30:00
2025-05-26 15:35:00,-2499.876,2025-05-26 15:35:00
2025-05-26 15:40:00,-2499.876,2025-05-26 15:40:00
2025-05-26 15:45:00,-2499.876,2025-05-26 15:45:00
2025-05-26 15:50:00,-2499.876,2025-05-26 15:50:00
2025-05-26 15:55:00,-2499.876,2025-05-26 15:55:00
2025-05-26 16:00:00,-2499.876,2025-05-26 16:00:00
2025-05-26 16:05:00,-2499.876,2025-05-26 16:05:00
2025-05-26 16:10:00,-2499.876,2025-05-26 16:10:00
2025-05-26 16:15:00,-2499.876,2025-05-26 16:15:00
2025-05-26 16:20:00,-2499.876,2025-05-26 16:20:00
2025-05-26 16:25:00,-2499.876,2025-05-26 16:25:00
2025-05-26 16:30:00,-2499.876,2025-05-26 16:30:00
2025-05-26 16:35:00,-2499.876,2025-05-26 16:35:00
2025-05-26 16:40:00,-2499.876,2025-05-26 16:40:00
2025-05-26 16:45:00,-2499.876,2025-05-26 16:45:00
2025-05-26 16:50:00,-2499.876,2025-05-26 16:50:00
2025-05-26 16:55:00,-2499.876,2025-05-26 16:55:00
2025-05-26 17:00:00,-2499.876,2025-05-26 17:00:00
2025-05-26 17:05:00,-2499.876,2025-05-26 17:05:00
2025-05-26 17:10:00,-2499.876,2025-05-26 17:10:00
2025-05-26 17:15:00,-2499.876,2025-05-26 17:15:00
2025-05-26 17:20:00,-2499.876,2025-05-26 17:20:00
2025-05-26 17:25:00,-2499.876,2025-05-26 17:25:00
2025-05-26 17:30:00,-2499.876,2025-05-26 17:30:00
2025-05-26 17:35:00,-2499.876,2025-05-26 17:35:00
2025-05-26 17:40:00,-2499.876,2025-05-26 17:40:00
2025-05-26 17:45:00,-2499.876,2025-05-26 17:45:00
2025-05-26 17:50:00,-2499.876,2025-05-26 17:50:00
2025-05-26 17:55:00,-2499.876,2025-05-26 17:55:00
2025-05-26 18:00:00,8919.999,2025-05-26 18:00:00
2025-05-26 18:05:00,8919.999,2025-05-26 18:05:00
2025-05-26 18:10:00,8919.999,2025-05-26 18:10:00
2025-05-26 18:15:00,8919.999,2025-05-26 18:15:00
2025-05-26 18:20:00,8919.998,2025-05-26 18:20:00
2025-05-26 18:25:00,8919.998,2025-05-26 18:25:00
2025-05-26 18:30:00,8919.998,2025-05-26 18:30:00
2025-05-26 18:35:00,8919.998,2025-05-26 18:35:00
2025-05-26 18:40:00,8919.998,2025-05-26 18:40:00
2025-05-26 18:45:00,8919.998,2025-05-26 18:45:00
2025-05-26 18:50:00,8919.998,2025-05-26 18:50:00
2025-05-26 18:55:00,8919.997,2025-05-26 18:55:00
2025-05-26 19:00:00,8919.997,2025-05-26 19:00:00
2025-05-26 19:05:00,8919.996,2025-05-26 19:05:00
2025-05-26 19:10:00,8919.996,2025-05-26 19:10:00
2025-05-26 19:15:00,8919.995,2025-05-26 19:15:00
2025-05-26 19:20:00,8919.994,2025-05-26 19:20:00
2025-05-26 19:25:00,8919.992,2025-05-26 19:25:00
2025-05-26 19:30:00,8919.987,2025-05-26 19:30:00
2025-05-26 19:35:00,8919.963,2025-05-26 19:35:00
2025-05-26 19:40:00,5130.812,2025-05-26 19:40:00
2025-05-26 19:45:00,0.0,2025-05-26 19:45:00
2025-05-26 19:50:00,0.0,2025-05-26 19:50:00
2025-05-26 19:55:00,0.0,2025-05-26 19:55:00
2025-05-26 20:00:00,0.0,2025-05-26 20:00:00
2025-05-26 20:05:00,0.0,2025-05-26 20:05:00
2025-05-26 20:10:00,0.0,2025-05-26 20:10:00
2025-05-26 20:15:00,0.0,2025-05-26 20:15:00
2025-05-26 20:20:00,0.0,2025-05-26 20:20:00
2025-05-26 20:25:00,0.0,2025-05-26 20:25:00
2025-05-26 20:30:00,0.0,2025-05-26 20:30:00
2025-05-26 20:35:00,0.0,2025-05-26 20:35:00
2025-05-26 20:40:00,0.0,2025-05-26 20:40:00
2025-05-26 20:45:00,0.0,2025-05-26 20:45:00
2025-05-26 20:50:00,0.0,2025-05-26 20:50:00
2025-05-26 20:55:00,0.0,2025-05-26 20:55:00
2025-05-26 21:00:00,0.0,2025-05-26 21:00:00
2025-05-26 21:05:00,0.0,2025-05-26 21:05:00
2025-05-26 21:10:00,0.0,2025-05-26 21:10:00
2025-05-26 21:15:00,0.0,2025-05-26 21:15:00
2025-05-26 21:20:00,0.0,2025-05-26 21:20:00
2025-05-26 21:25:00,0.0,2025-05-26 21:25:00
2025-05-26 21:30:00,0.0,2025-05-26 21:30:00
2025-05-26 21:35:00,0.0,2025-05-26 21:35:00
2025-05-26 21:40:00,0.0,2025-05-26 21:40:00
2025-05-26 21:45:00,0.0,2025-05-26 21:45:00
2025-05-26 21:50:00,0.0,2025-05-26 21:50:00
2025-05-26 21:55:00,0.0,2025-05-26 21:55:00
2025-05-26 22:00:00,-2187.123,2025-05-26 22:00:00
2025-05-26 22:05:00,-2187.29,2025-05-26 22:05:00
2025-05-26 22:10:00,-2187.363,2025-05-26 22:10:00
2025-05-26 22:15:00,-2187.407,2025-05-26 22:15:00
2025-05-26 22:20:00,-2187.436,2025-05-26 22:20:00
2025-05-26 22:25:00,-2187.458,2025-05-26 22:25:00
2025-05-26 22:30:00,-2187.474,2025-05-26 22:30:00
2025-05-26 22:35:00,-2187.486,2025-05-26 22:35:00
2025-05-26 22:40:00,-2187.496,2025-05-26 22:40:00
2025-05-26 22:45:00,-2187.503,2025-05-26 22:45:00
2025-05-26 22:50:00,-2187.509,2025-05-26 22:50:00
2025-05-26 22:55:00,-2187.513,2025-05-26 22:55:00
2025-05-26 23:00:00,-2187.516,2025-05-26 23:00:00
2025-05-26 23:05:00,-2187.518,2025-05-26 23:05:00
2025-05-26 23:10:00,-2187.518,2025-05-26 23:10:00
2025-05-26 23:15:00,-2187.518,2025-05-26 23:15:00
2025-05-26 23:20:00,-2187.517,2025-05-26 23:20:00
2025-05-26 23:25:00,-2187.516,2025-05-26 23:25:00
2025-05-26 23:30:00,-2187.514,2025-05-26 23:30:00
2025-05-26 23:35:00,-2187.511,2025-05-26 23:35:00
2025-05-26 23:40:00,-2187.508,2025-05-26 23:40:00
2025-05-26 23:45:00,-2187.504,2025-05-26 23:45:00
2025-05-26 23:50:00,-2187.5,2025-05-26 23:50:00
2025-05-26 23:55:00,-2187.495,2025-05-26 23:55:00
2025-05-27 00:00:00,-2187.49,2025-05-27 00:00:00
2025-05-27 00:05:00,-2187.485,2025-05-27 00:05:00
2025-05-27 00:10:00,-2187.48,2025-05-27 00:10:00
2025-05-27 00:15:00,-2187.474,2025-05-27 00:15:00
2025-05-27 00:20:00,-2187.468,2025-05-27 00:20:00
2025-05-27 00:25:00,-2187.463,2025-05-27 00:25:00
2025-05-27 00:30:00,-2187.457,2025-05-27 00:30:00
2025-05-27 00:35:00,-2187.451,2025-05-27 00:35:00
2025-05-27 00:40:00,-2187.445,2025-05-27 00:40:00
2025-05-27 00:45:00,-2187.439,2025-05-27 00:45:00
2025-05-27 00:50:00,-2187.434,2025-05-27 00:50:00
2025-05-27 00:55:00,-2187.428,2025-05-27 00:55:00
2025-05-27 01:00:00,-2187.422,2025-05-27 01:00:00
2025-05-27 01:05:00,-2187.417,2025-05-27 01:05:00
2025-05-27 01:10:00,-2187.411,2025-05-27 01:10:00
2025-05-27 01:15:00,-2187.406,2025-05-27 01:15:00
2025-05-27 01:20:00,-2187.401,2025-05-27 01:20:00
2025-05-27 01:25:00,-2187.397,2025-05-27 01:25:00
2025-05-27 01:30:00,-2187.392,2025-05-27 01:30:00
2025-05-27 01:35:00,-2187.388,2025-05-27 01:35:00
2025-05-27 01:40:00,-2187.384,2025-05-27 01:40:00
2025-05-27 01:45:00,-2187.38,2025-05-27 01:45:00
2025-05-27 01:50:00,-2187.376,2025-05-27 01:50:00
2025-05-27 01:55:00,-2187.373,2025-05-27 01:55:00
2025-05-27 02:00:00,-2187.37,2025-05-27 02:00:00
2025-05-27 02:05:00,-2187.367,2025-05-27 02:05:00
2025-05-27 02:10:00,-2187.365,2025-05-27 02:10:00
2025-05-27 02:15:00,-2187.363,2025-05-27 02:15:00
2025-05-27 02:20:00,-2187.361,2025-05-27 02:20:00
2025-05-27 02:25:00,-2187.359,2025-05-27 02:25:00
2025-05-27 02:30:00,-2187.358,2025-05-27 02:30:00
2025-05-27 02:35:00,-2187.357,2025-05-27 02:35:00
2025-05-27 02:40:00,-2187.356,2025-05-27 02:40:00
2025-05-27 02:45:00,-2187.355,2025-05-27 02:45:00
2025-05-27 02:50:00,-2187.355,2025-05-27 02:50:00
2025-05-27 02:55:00,-2187.355,2025-05-27 02:55:00
2025-05-27 03:00:00,-2187.355,2025-05-27 03:00:00
2025-05-27 03:05:00,-2187.356,2025-05-27 03:05:00
2025-05-27 03:10:00,-2187.356,2025-05-27 03:10:00
2025-05-27 03:15:00,-2187.357,2025-05-27 03:15:00
2025-05-27 03:20:00,-2187.358,2025-05-27 03:20:00
2025-05-27 03:25:00,-2187.359,2025-05-27 03:25:00
2025-05-27 03:30:00,-2187.36,2025-05-27 03:30:00
2025-05-27 03:35:00,-2187.361,2025-05-27 03:35:00
2025-05-27 03:40:00,-2187.362,2025-05-27 03:40:00
2025-05-27 03:45:00,-2187.363,2025-05-27 03:45:00
2025-05-27 03:50:00,-2187.365,2025-05-27 03:50:00
2025-05-27 03:55:00,-2187.366,2025-05-27 03:55:00
2025-05-27 04:00:00,-2187.367,2025-05-27 04:00:00
2025-05-27 04:05:00,-2187.368,2025-05-27 04:05:00
2025-05-27 04:10:00,-2187.369,2025-05-27 04:10:00
2025-05-27 04:15:00,-2187.369,2025-05-27 04:15:00
2025-05-27 04:20:00,-2187.37,2025-05-27 04:20:00
2025-05-27 04:25:00,-2187.37,2025-05-27 04:25:00
2025-05-27 04:30:00,-2187.369,2025-05-27 04:30:00
2025-05-27 04:35:00,-2187.368,2025-05-27 04:35:00
2025-05-27 04:40:00,-2187.367,2025-05-27 04:40:00
2025-05-27 04:45:00,-2187.365,2025-05-27 04:45:00
2025-05-27 04:50:00,-2187.362,2025-05-27 04:50:00
2025-05-27 04:55:00,-2187.359,2025-05-27 04:55:00
2025-05-27 05:00:00,-2187.354,2025-05-27 05:00:00
2025-05-27 05:05:00,-2187.349,2025-05-27 05:05:00
2025-05-27 05:10:00,-2187.341,2025-05-27 05:10:00
2025-05-27 05:15:00,-2187.333,2025-05-27 05:15:00
2025-05-27 05:20:00,-2187.322,2025-05-27 05:20:00
2025-05-27 05:25:00,-2187.308,2025-05-27 05:25:00
2025-05-27 05:30:00,-2187.29,2025-05-27 05:30:00
2025-05-27 05:35:00,-2187.268,2025-05-27 05:35:00
2025-05-27 05:40:00,-2187.237,2025-05-27 05:40:00
2025-05-27 05:45:00,-2187.192,2025-05-27 05:45:00
2025-05-27 05:50:00,-2187.119,2025-05-27 05:50:00
2025-05-27 05:55:00,-2186.957,2025-05-27 05:55:00
2025-05-27 06:00:00,0.0,2025-05-27 06:00:00
2025-05-27 06:05:00,0.0,2025-05-27 06:05:00
2025-05-27 06:10:00,0.0,2025-05-27 06:10:00
2025-05-27 06:15:00,0.0,2025-05-27 06:15:00
2025-05-27 06:20:00,0.0,2025-05-27 06:20:00
2025-05-27 06:25:00,0.0,2025-05-27 06:25:00
2025-05-27 06:30:00,0.0,2025-05-27 06:30:00
2025-05-27 06:35:00,0.0,2025-05-27 06:35:00
2025-05-27 06:40:00,0.0,2025-05-27 06:40:00
2025-05-27 06:45:00,0.0,2025-05-27 06:45:00
2025-05-27 06:50:00,0.0,2025-05-27 06:50:00
2025-05-27 06:55:00,0.0,2025-05-27 06:55:00
2025-05-27 07:00:00,0.0,2025-05-27 07:00:00
2025-05-27 07:05:00,0.0,2025-05-27 07:05:00
2025-05-27 07:10:00,0.0,2025-05-27 07:10:00
2025-05-27 07:15:00,0.0,2025-05-27 07:15:00
2025-05-27 07:20:00,0.0,2025-05-27 07:20:00
2025-05-27 07:25:00,0.0,2025-05-27 07:25:00
2025-05-27 07:30:00,0.0,2025-05-27 07:30:00
2025-05-27 07:35:00,0.0,2025-05-27 07:35:00
2025-05-27 07:40:00,0.0,2025-05-27 07:40:00
2025-05-27 07:45:00,0.0,2025-05-27 07:45:00
2025-05-27 07:50:00,0.0,2025-05-27 07:50:00
2025-05-27 07:55:00,0.0,2025-05-27 07:55:00
2025-05-27 08:00:00,8920.0,2025-05-27 08:00:00
2025-05-27 08:05:00,8920.0,2025-05-27 08:05:00
2025-05-27 08:10:00,8920.0,2025-05-27 08:10:00
2025-05-27 08:15:00,8920.0,2025-05-27 08:15:00
2025-05-27 08:20:00,8920.0,2025-05-27 08:20:00
2025-05-27 08:25:00,8920.0,2025-05-27 08:25:00
2025-05-27 08:30:00,8920.0,2025-05-27 08:30:00
2025-05-27 08:35:00,8920.0,2025-05-27 08:35:00
2025-05-27 08:40:00,8920.0,2025-05-27 08:40:00
2025-05-27 08:45:00,8920.0,2025-05-27 08:45:00
2025-05-27 08:50:00,8920.0,2025-05-27 08:50:00
2025-05-27 08:55:00,8920.0,2025-05-27 08:55:00
2025-05-27 09:00:00,8920.0,2025-05-27 09:00:00
2025-05-27 09:05:00,8920.0,2025-05-27 09:05:00
2025-05-27 09:10:00,8920.0,2025-05-27 09:10:00
2025-05-27 09:15:00,8920.0,2025-05-27 09:15:00
2025-05-27 09:20:00,8919.999,2025-05-27 09:20:00
2025-05-27 09:25:00,8919.999,2025-05-27 09:25:00
2025-05-27 09:30:00,8919.999,2025-05-27 09:30:00
2025-05-27 09:35:00,8919.994,2025-05-27 09:35:00
2025-05-27 09:40:00,5130.874,2025-05-27 09:40:00
2025-05-27 09:45:00,0.0,2025-05-27 09:45:00
2025-05-27 09:50:00,0.0,2025-05-27 09:50:00
2025-05-27 09:55:00,0.0,2025-05-27 09:55:00
2025-05-27 10:00:00,0.0,2025-05-27 10:00:00
2025-05-27 10:05:00,0.0,2025-05-27 10:05:00
2025-05-27 10:10:00,0.0,2025-05-27 10:10:00
2025-05-27 10:15:00,0.0,2025-05-27 10:15:00
2025-05-27 10:20:00,0.0,2025-05-27 10:20:00
2025-05-27 10:25:00,0.0,2025-05-27 10:25:00
2025-05-27 10:30:00,0.0,2025-05-27 10:30:00
2025-05-27 10:35:00,0.0,2025-05-27 10:35:00
2025-05-27 10:40:00,0.0,2025-05-27 10:40:00
2025-05-27 10:45:00,0.0,2025-05-27 10:45:00
2025-05-27 10:50:00,0.0,2025-05-27 10:50:00
2025-05-27 10:55:00,0.0,2025-05-27 10:55:00
2025-05-27 11:00:00,-2499.876,2025-05-27 11:00:00
2025-05-27 11:05:00,-2499.876,2025-05-27 11:05:00
2025-05-27 11:10:00,-2499.876,2025-05-27 11:10:00
2025-05-27 11:15:00,-2499.876,2025-05-27 11:15:00
2025-05-27 11:20:00,-2499.876,2025-05-27 11:20:00
2025-05-27 11:25:00,-2499.876,2025-05-27 11:25:00
2025-05-27 11:30:00,-2499.876,2025-05-27 11:30:00
2025-05-27 11:35:00,-2499.876,2025-05-27 11:35:00
2025-05-27 11:40:00,-2499.876,2025-05-27 11:40:00
2025-05-27 11:45:00,-2499.876,2025-05-27 11:45:00
2025-05-27 11:50:00,-2499.876,2025-05-27 11:50:00
2025-05-27 11:55:00,-2499.876,2025-05-27 11:55:00
2025-05-27 12:00:00,-2499.876,2025-05-27 12:00:00
2025-05-27 12:05:00,-2499.876,2025-05-27 12:05:00
2025-05-27 12:10:00,-2499.876,2025-05-27 12:10:00
2025-05-27 12:15:00,-2499.876,2025-05-27 12:15:00
2025-05-27 12:20:00,-2499.876,2025-05-27 12:20:00
2025-05-27 12:25:00,-2499.876,2025-05-27 12:25:00
2025-05-27 12:30:00,-2499.876,2025-05-27 12:30:00
2025-05-27 12:35:00,-2499.876,2025-05-27 12:35:00
2025-05-27 12:40:00,-2499.876,2025-05-27 12:40:00
2025-05-27 12:45:00,-2499.876,2025-05-27 12:45:00
2025-05-27 12:50:00,-2499.876,2025-05-27 12:50:00
2025-05-27 12:55:00,-2499.876,2025-05-27 12:55:00
2025-05-27 13:00:00,-2499.876,2025-05-27 13:00:00
2025-05-27 13:05:00,-2499.876,2025-05-27 13:05:00
2025-05-27 13:10:00,-2499.876,2025-05-27 13:10:00
2025-05-27 13:15:00,-2499.876,2025-05-27 13:15:00
2025-05-27 13:20:00,-2499.876,2025-05-27 13:20:00
2025-05-27 13:25:00,-2499.876,2025-05-27 13:25:00
2025-05-27 13:30:00,-2499.876,2025-05-27 13:30:00
2025-05-27 13:35:00,-2499.876,2025-05-27 13:35:00
2025-05-27 13:40:00,-2499.876,2025-05-27 13:40:00
2025-05-27 13:45:00,-2499.876,2025-05-27 13:45:00
2025-05-27 13:50:00,-2499.876,2025-05-27 13:50:00
2025-05-27 13:55:00,-2499.876,2025-05-27 13:55:00
2025-05-27 14:00:00,-2499.876,2025-05-27 14:00:00
2025-05-27 14:05:00,-2499.876,2025-05-27 14:05:00
2025-05-27 14:10:00,-2499.876,2025-05-27 14:10:00
2025-05-27 14:15:00,-2499.876,2025-05-27 14:15:00
2025-05-27 14:20:00,-2499.876,2025-05-27 14:20:00
2025-05-27 14:25:00,-2499.876,2025-05-27 14:25:00
2025-05-27 14:30:00,-2499.876,2025-05-27 14:30:00
2025-05-27 14:35:00,-2499.876,2025-05-27 14:35:00
2025-05-27 14:40:00,-2499.876,2025-05-27 14:40:00
2025-05-27 14:45:00,-2499.876,2025-05-27 14:45:00
2025-05-27 14:50:00,-2499.876,2025-05-27 14:50:00
2025-05-27 14:55:00,-2499.876,2025-05-27 14:55:00
2025-05-27 15:00:00,-2499.876,2025-05-27 15:00:00
2025-05-27 15:05:00,-2499.876,2025-05-27 15:05:00
2025-05-27 15:10:00,-2499.876,2025-05-27 15:10:00
2025-05-27 15:15:00,-2499.876,2025-05-27 15:15:00
2025-05-27 15:20:00,-2499.876,2025-05-27 15:20:00
2025-05-27 15:25:00,-2499.876,2025-05-27 15:25:00
2025-05-27 15:30:00,-2499.876,2025-05-27 15:30:00
2025-05-27 15:35:00,-2499.876,2025-05-27 15:35:00
2025-05-27 15:40:00,-2499.876,2025-05-27 15:40:00
2025-05-27 15:45:00,-2499.876,2025-05-27 15:45:00
2025-05-27 15:50:00,-2499.876,2025-05-27 15:50:00
2025-05-27 15:55:00,-2499.876,2025-05-27 15:55:00
2025-05-27 16:00:00,-2499.876,2025-05-27 16:00:00
2025-05-27 16:05:00,-2499.876,2025-05-27 16:05:00
2025-05-27 16:10:00,-2499.876,2025-05-27 16:10:00
2025-05-27 16:15:00,-2499.876,2025-05-27 16:15:00
2025-05-27 16:20:00,-2499.876,2025-05-27 16:20:00
2025-05-27 16:25:00,-2499.876,2025-05-27 16:25:00
2025-05-27 16:30:00,-2499.876,2025-05-27 16:30:00
2025-05-27 16:35:00,-2499.876,2025-05-27 16:35:00
2025-05-27 16:40:00,-2499.876,2025-05-27 16:40:00
2025-05-27 16:45:00,-2499.876,2025-05-27 16:45:00
2025-05-27 16:50:00,-2499.876,2025-05-27 16:50:00
2025-05-27 16:55:00,-2499.876,2025-05-27 16:55:00
2025-05-27 17:00:00,-2499.876,2025-05-27 17:00:00
2025-05-27 17:05:00,-2499.876,2025-05-27 17:05:00
2025-05-27 17:10:00,-2499.876,2025-05-27 17:10:00
2025-05-27 17:15:00,-2499.876,2025-05-27 17:15:00
2025-05-27 17:20:00,-2499.876,2025-05-27 17:20:00
2025-05-27 17:25:00,-2499.876,2025-05-27 17:25:00
2025-05-27 17:30:00,-2499.876,2025-05-27 17:30:00
2025-05-27 17:35:00,-2499.876,2025-05-27 17:35:00
2025-05-27 17:40:00,-2499.876,2025-05-27 17:40:00
2025-05-27 17:45:00,-2499.876,2025-05-27 17:45:00
2025-05-27 17:50:00,-2499.876,2025-05-27 17:50:00
2025-05-27 17:55:00,-2499.876,2025-05-27 17:55:00
2025-05-27 18:00:00,8920.0,2025-05-27 18:00:00
2025-05-27 18:05:00,8920.0,2025-05-27 18:05:00
2025-05-27 18:10:00,8920.0,2025-05-27 18:10:00
2025-05-27 18:15:00,8920.0,2025-05-27 18:15:00
2025-05-27 18:20:00,8920.0,2025-05-27 18:20:00
2025-05-27 18:25:00,8920.0,2025-05-27 18:25:00
2025-05-27 18:30:00,8920.0,2025-05-27 18:30:00
2025-05-27 18:35:00,8920.0,2025-05-27 18:35:00
2025-05-27 18:40:00,8920.0,2025-05-27 18:40:00
2025-05-27 18:45:00,8920.0,2025-05-27 18:45:00
2025-05-27 18:50:00,8920.0,2025-05-27 18:50:00
2025-05-27 18:55:00,8920.0,2025-05-27 18:55:00
2025-05-27 19:00:00,8920.0,2025-05-27 19:00:00
2025-05-27 19:05:00,8920.0,2025-05-27 19:05:00
2025-05-27 19:10:00,8920.0,2025-05-27 19:10:00
2025-05-27 19:15:00,8920.0,2025-05-27 19:15:00
2025-05-27 19:20:00,8919.999,2025-05-27 19:20:00
2025-05-27 19:25:00,8919.999,2025-05-27 19:25:00
2025-05-27 19:30:00,8919.999,2025-05-27 19:30:00
2025-05-27 19:35:00,8919.994,2025-05-27 19:35:00
2025-05-27 19:40:00,5130.874,2025-05-27 19:40:00
2025-05-27 19:45:00,0.0,2025-05-27 19:45:00
2025-05-27 19:50:00,0.0,2025-05-27 19:50:00
2025-05-27 19:55:00,0.0,2025-05-27 19:55:00
2025-05-27 20:00:00,0.0,2025-05-27 20:00:00
2025-05-27 20:05:00,0.0,2025-05-27 20:05:00
2025-05-27 20:10:00,0.0,2025-05-27 20:10:00
2025-05-27 20:15:00,0.0,2025-05-27 20:15:00
2025-05-27 20:20:00,0.0,2025-05-27 20:20:00
2025-05-27 20:25:00,0.0,2025-05-27 20:25:00
2025-05-27 20:30:00,0.0,2025-05-27 20:30:00
2025-05-27 20:35:00,0.0,2025-05-27 20:35:00
2025-05-27 20:40:00,0.0,2025-05-27 20:40:00
2025-05-27 20:45:00,0.0,2025-05-27 20:45:00
2025-05-27 20:50:00,0.0,2025-05-27 20:50:00
2025-05-27 20:55:00,0.0,2025-05-27 20:55:00
2025-05-27 21:00:00,0.0,2025-05-27 21:00:00
2025-05-27 21:05:00,0.0,2025-05-27 21:05:00
2025-05-27 21:10:00,0.0,2025-05-27 21:10:00
2025-05-27 21:15:00,0.0,2025-05-27 21:15:00
2025-05-27 21:20:00,0.0,2025-05-27 21:20:00
2025-05-27 21:25:00,0.0,2025-05-27 21:25:00
2025-05-27 21:30:00,0.0,2025-05-27 21:30:00
2025-05-27 21:35:00,0.0,2025-05-27 21:35:00
2025-05-27 21:40:00,0.0,2025-05-27 21:40:00
2025-05-27 21:45:00,0.0,2025-05-27 21:45:00
2025-05-27 21:50:00,0.0,2025-05-27 21:50:00
2025-05-27 21:55:00,0.0,2025-05-27 21:55:00
2025-05-27 22:00:00,-2186.183,2025-05-27 22:00:00
2025-05-27 22:05:00,-2186.752,2025-05-27 22:05:00
2025-05-27 22:10:00,-2186.985,2025-05-27 22:10:00
2025-05-27 22:15:00,-2187.123,2025-05-27 22:15:00
2025-05-27 22:20:00,-2187.219,2025-05-27 22:20:00
2025-05-27 22:25:00,-2187.29,2025-05-27 22:25:00
2025-05-27 22:30:00,-2187.347,2025-05-27 22:30:00
2025-05-27 22:35:00,-2187.393,2025-05-27 22:35:00
2025-05-27 22:40:00,-2187.432,2025-05-27 22:40:00
2025-05-27 22:45:00,-2187.465,2025-05-27 22:45:00
2025-05-27 22:50:00,-2187.494,2025-05-27 22:50:00
2025-05-27 22:55:00,-2187.519,2025-05-27 22:55:00
2025-05-27 23:00:00,-2187.541,2025-05-27 23:00:00
2025-05-27 23:05:00,-2187.561,2025-05-27 23:05:00
2025-05-27 23:10:00,-2187.578,2025-05-27 23:10:00
2025-05-27 23:15:00,-2187.593,2025-05-27 23:15:00
2025-05-27 23:20:00,-2187.606,2025-05-27 23:20:00
2025-05-27 23:25:00,-2187.618,2025-05-27 23:25:00
2025-05-27 23:30:00,-2187.627,2025-05-27 23:30:00
2025-05-27 23:35:00,-2187.635,2025-05-27 23:35:00
2025-05-27 23:40:00,-2187.641,2025-05-27 23:40:00
2025-05-27 23:45:00,-2187.646,2025-05-27 23:45:00
2025-05-27 23:50:00,-2187.649,2025-05-27 23:50:00
2025-05-27 23:55:00,-2187.652,2025-05-27 23:55:00
2025-05-28 00:00:00,-2187.653,2025-05-28 00:00:00
2025-05-28 00:05:00,-2187.652,2025-05-28 00:05:00
2025-05-28 00:10:00,-2187.651,2025-05-28 00:10:00
2025-05-28 00:15:00,-2187.649,2025-05-28 00:15:00
2025-05-28 00:20:00,-2187.647,2025-05-28 00:20:00
2025-05-28 00:25:00,-2187.643,2025-05-28 00:25:00
2025-05-28 00:30:00,-2187.639,2025-05-28 00:30:00
2025-05-28 00:35:00,-2187.634,2025-05-28 00:35:00
2025-05-28 00:40:00,-2187.629,2025-05-28 00:40:00
2025-05-28 00:45:00,-2187.624,2025-05-28 00:45:00
2025-05-28 00:50:00,-2187.618,2025-05-28 00:50:00
2025-05-28 00:55:00,-2187.612,2025-05-28 00:55:00
2025-05-28 01:00:00,-2187.605,2025-05-28 01:00:00
2025-05-28 01:05:00,-2187.599,2025-05-28 01:05:00
2025-05-28 01:10:00,-2187.592,2025-05-28 01:10:00
2025-05-28 01:15:00,-2187.585,2025-05-28 01:15:00
2025-05-28 01:20:00,-2187.578,2025-05-28 01:20:00
2025-05-28 01:25:00,-2187.572,2025-05-28 01:25:00
2025-05-28 01:30:00,-2187.565,2025-05-28 01:30:00
2025-05-28 01:35:00,-2187.558,2025-05-28 01:35:00
2025-05-28 01:40:00,-2187.552,2025-05-28 01:40:00
2025-05-28 01:45:00,-2187.546,2025-05-28 01:45:00
2025-05-28 01:50:00,-2187.54,2025-05-28 01:50:00
2025-05-28 01:55:00,-2187.534,2025-05-28 01:55:00
2025-05-28 02:00:00,-2187.528,2025-05-28 02:00:00
2025-05-28 02:05:00,-2187.522,2025-05-28 02:05:00
2025-05-28 02:10:00,-2187.517,2025-05-28 02:10:00
2025-05-28 02:15:00,-2187.512,2025-05-28 02:15:00
2025-05-28 02:20:00,-2187.507,2025-05-28 02:20:00
2025-05-28 02:25:00,-2187.502,2025-05-28 02:25:00
2025-05-28 02:30:00,-2187.497,2025-05-28 02:30:00
2025-05-28 02:35:00,-2187.493,2025-05-28 02:35:00
2025-05-28 02:40:00,-2187.489,2025-05-28 02:40:00
2025-05-28 02:45:00,-2187.484,2025-05-28 02:45:00
2025-05-28 02:50:00,-2187.48,2025-05-28 02:50:00
2025-05-28 02:55:00,-2187.477,2025-05-28 02:55:00
2025-05-28 03:00:00,-2187.473,2025-05-28 03:00:00
2025-05-28 03:05:00,-2187.469,2025-05-28 03:05:00
2025-05-28 03:10:00,-2187.465,2025-05-28 03:10:00
2025-05-28 03:15:00,-2187.461,2025-05-28 03:15:00
2025-05-28 03:20:00,-2187.457,2025-05-28 03:20:00
2025-05-28 03:25:00,-2187.452,2025-05-28 03:25:00
2025-05-28 03:30:00,-2187.448,2025-05-28 03:30:00
2025-05-28 03:35:00,-2187.443,2025-05-28 03:35:00
2025-05-28 03:40:00,-2187.437,2025-05-28 03:40:00
2025-05-28 03:45:00,-2187.431,2025-05-28 03:45:00
2025-05-28 03:50:00,-2187.425,2025-05-28 03:50:00
2025-05-28 03:55:00,-2187.418,2025-05-28 03:55:00
2025-05-28 04:00:00,-2187.41,2025-05-28 04:00:00
2025-05-28 04:05:00,-2187.402,2025-05-28 04:05:00
2025-05-28 04:10:00,-2187.392,2025-05-28 04:10:00
2025-05-28 04:15:00,-2187.382,2025-05-28 04:15:00
2025-05-28 04:20:00,-2187.37,2025-05-28 04:20:00
2025-05-28 04:25:00,-2187.357,2025-05-28 04:25:00
2025-05-28 04:30:00,-2187.342,2025-05-28 04:30:00
2025-05-28 04:35:00,-2187.326,2025-05-28 04:35:00
2025-05-28 04:40:00,-2187.309,2025-05-28 04:40:00
2025-05-28 04:45:00,-2187.289,2025-05-28 04:45:00
2025-05-28 04:50:00,-2187.267,2025-05-28 04:50:00
2025-05-28 04:55:00,-2187.242,2025-05-28 04:55:00
2025-05-28 05:00:00,-2187.215,2025-05-28 05:00:00
2025-05-28 05:05:00,-2187.185,2025-05-28 05:05:00
2025-05-28 05:10:00,-2187.15,2025-05-28 05:10:00
2025-05-28 05:15:00,-2187.111,2025-05-28 05:15:00
2025-05-28 05:20:00,-2187.065,2025-05-28 05:20:00
2025-05-28 05:25:00,-2187.011,2025-05-28 05:25:00
2025-05-28 05:30:00,-2186.947,2025-05-28 05:30:00
2025-05-28 05:35:00,-2186.867,2025-05-28 05:35:00
2025-05-28 05:40:00,-2186.761,2025-05-28 05:40:00
2025-05-28 05:45:00,-2186.612,2025-05-28 05:45:00
2025-05-28 05:50:00,-2186.367,2025-05-28 05:50:00
2025-05-28 05:55:00,-2185.777,2025-05-28 05:55:00
2025-05-28 06:00:00,0.0,2025-05-28 06:00:00
2025-05-28 06:05:00,0.0,2025-05-28 06:05:00
2025-05-28 06:10:00,0.0,2025-05-28 06:10:00
2025-05-28 06:15:00,0.0,2025-05-28 06:15:00
2025-05-28 06:20:00,0.0,2025-05-28 06:20:00
2025-05-28 06:25:00,0.0,2025-05-28 06:25:00
2025-05-28 06:30:00,0.0,2025-05-28 06:30:00
2025-05-28 06:35:00,0.0,2025-05-28 06:35:00
2025-05-28 06:40:00,0.0,2025-05-28 06:40:00
2025-05-28 06:45:00,0.0,2025-05-28 06:45:00
2025-05-28 06:50:00,0.0,2025-05-28 06:50:00
2025-05-28 06:55:00,0.0,2025-05-28 06:55:00
2025-05-28 07:00:00,0.0,2025-05-28 07:00:00
2025-05-28 07:05:00,0.0,2025-05-28 07:05:00
2025-05-28 07:10:00,0.0,2025-05-28 07:10:00
2025-05-28 07:15:00,0.0,2025-05-28 07:15:00
2025-05-28 07:20:00,0.0,2025-05-28 07:20:00
2025-05-28 07:25:00,0.0,2025-05-28 07:25:00
2025-05-28 07:30:00,0.0,2025-05-28 07:30:00
2025-05-28 07:35:00,0.0,2025-05-28 07:35:00
2025-05-28 07:40:00,0.0,2025-05-28 07:40:00
2025-05-28 07:45:00,0.0,2025-05-28 07:45:00
2025-05-28 07:50:00,0.0,2025-05-28 07:50:00
2025-05-28 07:55:00,0.0,2025-05-28 07:55:00
2025-05-28 08:00:00,8920.0,2025-05-28 08:00:00
2025-05-28 08:05:00,8920.0,2025-05-28 08:05:00
2025-05-28 08:10:00,8920.0,2025-05-28 08:10:00
2025-05-28 08:15:00,8920.0,2025-05-28 08:15:00
2025-05-28 08:20:00,8920.0,2025-05-28 08:20:00
2025-05-28 08:25:00,8920.0,2025-05-28 08:25:00
2025-05-28 08:30:00,8919.999,2025-05-28 08:30:00
2025-05-28 08:35:00,8919.999,2025-05-28 08:35:00
2025-05-28 08:40:00,8919.999,2025-05-28 08:40:00
2025-05-28 08:45:00,8919.999,2025-05-28 08:45:00
2025-05-28 08:50:00,8919.999,2025-05-28 08:50:00
2025-05-28 08:55:00,8919.999,2025-05-28 08:55:00
2025-05-28 09:00:00,8919.999,2025-05-28 09:00:00
2025-05-28 09:05:00,8919.999,2025-05-28 09:05:00
2025-05-28 09:10:00,8919.999,2025-05-28 09:10:00
2025-05-28 09:15:00,8919.999,2025-05-28 09:15:00
2025-05-28 09:20:00,8919.998,2025-05-28 09:20:00
2025-05-28 09:25:00,8919.998,2025-05-28 09:25:00
2025-05-28 09:30:00,8919.996,2025-05-28 09:30:00
2025-05-28 09:35:00,8919.993,2025-05-28 09:35:00
2025-05-28 09:40:00,5130.853,2025-05-28 09:40:00
2025-05-28 09:45:00,0.0,2025-05-28 09:45:00
2025-05-28 09:50:00,0.0,2025-05-28 09:50:00
2025-05-28 09:55:00,0.0,2025-05-28 09:55:00
2025-05-28 10:00:00,0.0,2025-05-28 10:00:00
2025-05-28 10:05:00,0.0,2025-05-28 10:05:00
2025-05-28 10:10:00,0.0,2025-05-28 10:10:00
2025-05-28 10:15:00,0.0,2025-05-28 10:15:00
2025-05-28 10:20:00,0.0,2025-05-28 10:20:00
2025-05-28 10:25:00,0.0,2025-05-28 10:25:00
2025-05-28 10:30:00,0.0,2025-05-28 10:30:00
2025-05-28 10:35:00,0.0,2025-05-28 10:35:00
2025-05-28 10:40:00,0.0,2025-05-28 10:40:00
2025-05-28 10:45:00,0.0,2025-05-28 10:45:00
2025-05-28 10:50:00,0.0,2025-05-28 10:50:00
2025-05-28 10:55:00,0.0,2025-05-28 10:55:00
2025-05-28 11:00:00,-2499.876,2025-05-28 11:00:00
2025-05-28 11:05:00,-2499.876,2025-05-28 11:05:00
2025-05-28 11:10:00,-2499.876,2025-05-28 11:10:00
2025-05-28 11:15:00,-2499.876,2025-05-28 11:15:00
2025-05-28 11:20:00,-2499.876,2025-05-28 11:20:00
2025-05-28 11:25:00,-2499.876,2025-05-28 11:25:00
2025-05-28 11:30:00,-2499.876,2025-05-28 11:30:00
2025-05-28 11:35:00,-2499.876,2025-05-28 11:35:00
2025-05-28 11:40:00,-2499.876,2025-05-28 11:40:00
2025-05-28 11:45:00,-2499.876,2025-05-28 11:45:00
2025-05-28 11:50:00,-2499.876,2025-05-28 11:50:00
2025-05-28 11:55:00,-2499.876,2025-05-28 11:55:00
2025-05-28 12:00:00,-2499.876,2025-05-28 12:00:00
2025-05-28 12:05:00,-2499.876,2025-05-28 12:05:00
2025-05-28 12:10:00,-2499.876,2025-05-28 12:10:00
2025-05-28 12:15:00,-2499.876,2025-05-28 12:15:00
2025-05-28 12:20:00,-2499.876,2025-05-28 12:20:00
2025-05-28 12:25:00,-2499.876,2025-05-28 12:25:00
2025-05-28 12:30:00,-2499.876,2025-05-28 12:30:00
2025-05-28 12:35:00,-2499.876,2025-05-28 12:35:00
2025-05-28 12:40:00,-2499.876,2025-05-28 12:40:00
2025-05-28 12:45:00,-2499.876,2025-05-28 12:45:00
2025-05-28 12:50:00,-2499.876,2025-05-28 12:50:00
2025-05-28 12:55:00,-2499.876,2025-05-28 12:55:00
2025-05-28 13:00:00,-2499.876,2025-05-28 13:00:00
2025-05-28 13:05:00,-2499.876,2025-05-28 13:05:00
2025-05-28 13:10:00,-2499.876,2025-05-28 13:10:00
2025-05-28 13:15:00,-2499.876,2025-05-28 13:15:00
2025-05-28 13:20:00,-2499.876,2025-05-28 13:20:00
2025-05-28 13:25:00,-2499.876,2025-05-28 13:25:00
2025-05-28 13:30:00,-2499.876,2025-05-28 13:30:00
2025-05-28 13:35:00,-2499.876,2025-05-28 13:35:00
2025-05-28 13:40:00,-2499.876,2025-05-28 13:40:00
2025-05-28 13:45:00,-2499.876,2025-05-28 13:45:00
2025-05-28 13:50:00,-2499.876,2025-05-28 13:50:00
2025-05-28 13:55:00,-2499.876,2025-05-28 13:55:00
2025-05-28 14:00:00,-2499.876,2025-05-28 14:00:00
2025-05-28 14:05:00,-2499.876,2025-05-28 14:05:00
2025-05-28 14:10:00,-2499.876,2025-05-28 14:10:00
2025-05-28 14:15:00,-2499.876,2025-05-28 14:15:00
2025-05-28 14:20:00,-2499.876,2025-05-28 14:20:00
2025-05-28 14:25:00,-2499.876,2025-05-28 14:25:00
2025-05-28 14:30:00,-2499.876,2025-05-28 14:30:00
2025-05-28 14:35:00,-2499.876,2025-05-28 14:35:00
2025-05-28 14:40:00,-2499.876,2025-05-28 14:40:00
2025-05-28 14:45:00,-2499.876,2025-05-28 14:45:00
2025-05-28 14:50:00,-2499.876,2025-05-28 14:50:00
2025-05-28 14:55:00,-2499.876,2025-05-28 14:55:00
2025-05-28 15:00:00,-2499.876,2025-05-28 15:00:00
2025-05-28 15:05:00,-2499.876,2025-05-28 15:05:00
2025-05-28 15:10:00,-2499.876,2025-05-28 15:10:00
2025-05-28 15:15:00,-2499.876,2025-05-28 15:15:00
2025-05-28 15:20:00,-2499.876,2025-05-28 15:20:00
2025-05-28 15:25:00,-2499.876,2025-05-28 15:25:00
2025-05-28 15:30:00,-2499.876,2025-05-28 15:30:00
2025-05-28 15:35:00,-2499.876,2025-05-28 15:35:00
2025-05-28 15:40:00,-2499.876,2025-05-28 15:40:00
2025-05-28 15:45:00,-2499.876,2025-05-28 15:45:00
2025-05-28 15:50:00,-2499.876,2025-05-28 15:50:00
2025-05-28 15:55:00,-2499.876,2025-05-28 15:55:00
2025-05-28 16:00:00,-2499.876,2025-05-28 16:00:00
2025-05-28 16:05:00,-2499.876,2025-05-28 16:05:00
2025-05-28 16:10:00,-2499.876,2025-05-28 16:10:00
2025-05-28 16:15:00,-2499.876,2025-05-28 16:15:00
2025-05-28 16:20:00,-2499.876,2025-05-28 16:20:00
2025-05-28 16:25:00,-2499.876,2025-05-28 16:25:00
2025-05-28 16:30:00,-2499.876,2025-05-28 16:30:00
2025-05-28 16:35:00,-2499.876,2025-05-28 16:35:00
2025-05-28 16:40:00,-2499.876,2025-05-28 16:40:00
2025-05-28 16:45:00,-2499.876,2025-05-28 16:45:00
2025-05-28 16:50:00,-2499.876,2025-05-28 16:50:00
2025-05-28 16:55:00,-2499.876,2025-05-28 16:55:00
2025-05-28 17:00:00,-2499.876,2025-05-28 17:00:00
2025-05-28 17:05:00,-2499.876,2025-05-28 17:05:00
2025-05-28 17:10:00,-2499.876,2025-05-28 17:10:00
2025-05-28 17:15:00,-2499.876,2025-05-28 17:15:00
2025-05-28 17:20:00,-2499.876,2025-05-28 17:20:00
2025-05-28 17:25:00,-2499.876,2025-05-28 17:25:00
2025-05-28 17:30:00,-2499.876,2025-05-28 17:30:00
2025-05-28 17:35:00,-2499.876,2025-05-28 17:35:00
2025-05-28 17:40:00,-2499.876,2025-05-28 17:40:00
2025-05-28 17:45:00,-2499.876,2025-05-28 17:45:00
2025-05-28 17:50:00,-2499.876,2025-05-28 17:50:00
2025-05-28 17:55:00,-2499.876,2025-05-28 17:55:00
2025-05-28 18:00:00,8920.0,2025-05-28 18:00:00
2025-05-28 18:05:00,8920.0,2025-05-28 18:05:00
2025-05-28 18:10:00,8920.0,2025-05-28 18:10:00
2025-05-28 18:15:00,8920.0,2025-05-28 18:15:00
2025-05-28 18:20:00,8920.0,2025-05-28 18:20:00
2025-05-28 18:25:00,8920.0,2025-05-28 18:25:00
2025-05-28 18:30:00,8920.0,2025-05-28 18:30:00
2025-05-28 18:35:00,8919.999,2025-05-28 18:35:00
2025-05-28 18:40:00,8919.999,2025-05-28 18:40:00
2025-05-28 18:45:00,8919.999,2025-05-28 18:45:00
2025-05-28 18:50:00,8919.999,2025-05-28 18:50:00
2025-05-28 18:55:00,8919.999,2025-05-28 18:55:00
2025-05-28 19:00:00,8919.999,2025-05-28 19:00:00
2025-05-28 19:05:00,8919.999,2025-05-28 19:05:00
2025-05-28 19:10:00,8919.999,2025-05-28 19:10:00
2025-05-28 19:15:00,8919.999,2025-05-28 19:15:00
2025-05-28 19:20:00,8919.998,2025-05-28 19:20:00
2025-05-28 19:25:00,8919.998,2025-05-28 19:25:00
2025-05-28 19:30:00,8919.996,2025-05-28 19:30:00
2025-05-28 19:35:00,8919.993,2025-05-28 19:35:00
2025-05-28 19:40:00,5130.853,2025-05-28 19:40:00
2025-05-28 19:45:00,0.0,2025-05-28 19:45:00
2025-05-28 19:50:00,0.0,2025-05-28 19:50:00
2025-05-28 19:55:00,0.0,2025-05-28 19:55:00
2025-05-28 20:00:00,0.0,2025-05-28 20:00:00
2025-05-28 20:05:00,0.0,2025-05-28 20:05:00
2025-05-28 20:10:00,0.0,2025-05-28 20:10:00
2025-05-28 20:15:00,0.0,2025-05-28 20:15:00
2025-05-28 20:20:00,0.0,2025-05-28 20:20:00
2025-05-28 20:25:00,0.0,2025-05-28 20:25:00
2025-05-28 20:30:00,0.0,2025-05-28 20:30:00
2025-05-28 20:35:00,0.0,2025-05-28 20:35:00
2025-05-28 20:40:00,0.0,2025-05-28 20:40:00
2025-05-28 20:45:00,0.0,2025-05-28 20:45:00
2025-05-28 20:50:00,0.0,2025-05-28 20:50:00
2025-05-28 20:55:00,0.0,2025-05-28 20:55:00
2025-05-28 21:00:00,0.0,2025-05-28 21:00:00
2025-05-28 21:05:00,0.0,2025-05-28 21:05:00
2025-05-28 21:10:00,0.0,2025-05-28 21:10:00
2025-05-28 21:15:00,0.0,2025-05-28 21:15:00
2025-05-28 21:20:00,0.0,2025-05-28 21:20:00
2025-05-28 21:25:00,0.0,2025-05-28 21:25:00
2025-05-28 21:30:00,0.0,2025-05-28 21:30:00
2025-05-28 21:35:00,0.0,2025-05-28 21:35:00
2025-05-28 21:40:00,0.0,2025-05-28 21:40:00
2025-05-28 21:45:00,0.0,2025-05-28 21:45:00
2025-05-28 21:50:00,0.0,2025-05-28 21:50:00
2025-05-28 21:55:00,0.0,2025-05-28 21:55:00
2025-05-28 22:00:00,-2186.973,2025-05-28 22:00:00
2025-05-28 22:05:00,-2187.162,2025-05-28 22:05:00
2025-05-28 22:10:00,-2187.247,2025-05-28 22:10:00
2025-05-28 22:15:00,-2187.301,2025-05-28 22:15:00
2025-05-28 22:20:00,-2187.338,2025-05-28 22:20:00
2025-05-28 22:25:00,-2187.367,2025-05-28 22:25:00
2025-05-28 22:30:00,-2187.389,2025-05-28 22:30:00
2025-05-28 22:35:00,-2187.408,2025-05-28 22:35:00
2025-05-28 22:40:00,-2187.423,2025-05-28 22:40:00
2025-05-28 22:45:00,-2187.437,2025-05-28 22:45:00
2025-05-28 22:50:00,-2187.448,2025-05-28 22:50:00
2025-05-28 22:55:00,-2187.458,2025-05-28 22:55:00
2025-05-28 23:00:00,-2187.466,2025-05-28 23:00:00
2025-05-28 23:05:00,-2187.473,2025-05-28 23:05:00
2025-05-28 23:10:00,-2187.479,2025-05-28 23:10:00
2025-05-28 23:15:00,-2187.485,2025-05-28 23:15:00
2025-05-28 23:20:00,-2187.489,2025-05-28 23:20:00
2025-05-28 23:25:00,-2187.493,2025-05-28 23:25:00
2025-05-28 23:30:00,-2187.496,2025-05-28 23:30:00
2025-05-28 23:35:00,-2187.498,2025-05-28 23:35:00
2025-05-28 23:40:00,-2187.499,2025-05-28 23:40:00
2025-05-28 23:45:00,-2187.5,2025-05-28 23:45:00
2025-05-28 23:50:00,-2187.501,2025-05-28 23:50:00
2025-05-28 23:55:00,-2187.501,2025-05-28 23:55:00
2025-05-29 00:00:00,-2187.5,2025-05-29 00:00:00
2025-05-29 00:05:00,-2187.499,2025-05-29 00:05:00
2025-05-29 00:10:00,-2187.498,2025-05-29 00:10:00
2025-05-29 00:15:00,-2187.496,2025-05-29 00:15:00
2025-05-29 00:20:00,-2187.494,2025-05-29 00:20:00
2025-05-29 00:25:00,-2187.492,2025-05-29 00:25:00
2025-05-29 00:30:00,-2187.489,2025-05-29 00:30:00
2025-05-29 00:35:00,-2187.487,2025-05-29 00:35:00
2025-05-29 00:40:00,-2187.484,2025-05-29 00:40:00
2025-05-29 00:45:00,-2187.481,2025-05-29 00:45:00
2025-05-29 00:50:00,-2187.478,2025-05-29 00:50:00
2025-05-29 00:55:00,-2187.475,2025-05-29 00:55:00
2025-05-29 01:00:00,-2187.471,2025-05-29 01:00:00
2025-05-29 01:05:00,-2187.468,2025-05-29 01:05:00
2025-05-29 01:10:00,-2187.465,2025-05-29 01:10:00
2025-05-29 01:15:00,-2187.462,2025-05-29 01:15:00
2025-05-29 01:20:00,-2187.458,2025-05-29 01:20:00
2025-05-29 01:25:00,-2187.455,2025-05-29 01:25:00
2025-05-29 01:30:00,-2187.452,2025-05-29 01:30:00
2025-05-29 01:35:00,-2187.449,2025-05-29 01:35:00
2025-05-29 01:40:00,-2187.446,2025-05-29 01:40:00
2025-05-29 01:45:00,-2187.443,2025-05-29 01:45:00
2025-05-29 01:50:00,-2187.44,2025-05-29 01:50:00
2025-05-29 01:55:00,-2187.438,2025-05-29 01:55:00
2025-05-29 02:00:00,-2187.435,2025-05-29 02:00:00
2025-05-29 02:05:00,-2187.432,2025-05-29 02:05:00
2025-05-29 02:10:00,-2187.43,2025-05-29 02:10:00
2025-05-29 02:15:00,-2187.428,2025-05-29 02:15:00
2025-05-29 02:20:00,-2187.426,2025-05-29 02:20:00
2025-05-29 02:25:00,-2187.424,2025-05-29 02:25:00
2025-05-29 02:30:00,-2187.422,2025-05-29 02:30:00
2025-05-29 02:35:00,-2187.42,2025-05-29 02:35:00
2025-05-29 02:40:00,-2187.418,2025-05-29 02:40:00
2025-05-29 02:45:00,-2187.417,2025-05-29 02:45:00
2025-05-29 02:50:00,-2187.415,2025-05-29 02:50:00
2025-05-29 02:55:00,-2187.414,2025-05-29 02:55:00
2025-05-29 03:00:00,-2187.412,2025-05-29 03:00:00
2025-05-29 03:05:00,-2187.411,2025-05-29 03:05:00
2025-05-29 03:10:00,-2187.409,2025-05-29 03:10:00
2025-05-29 03:15:00,-2187.408,2025-05-29 03:15:00
2025-05-29 03:20:00,-2187.407,2025-05-29 03:20:00
2025-05-29 03:25:00,-2187.405,2025-05-29 03:25:00
2025-05-29 03:30:00,-2187.404,2025-05-29 03:30:00
2025-05-29 03:35:00,-2187.402,2025-05-29 03:35:00
2025-05-29 03:40:00,-2187.4,2025-05-29 03:40:00
2025-05-29 03:45:00,-2187.398,2025-05-29 03:45:00
2025-05-29 03:50:00,-2187.396,2025-05-29 03:50:00
2025-05-29 03:55:00,-2187.394,2025-05-29 03:55:00
2025-05-29 04:00:00,-2187.391,2025-05-29 04:00:00
2025-05-29 04:05:00,-2187.388,2025-05-29 04:05:00
2025-05-29 04:10:00,-2187.385,2025-05-29 04:10:00
2025-05-29 04:15:00,-2187.381,2025-05-29 04:15:00
2025-05-29 04:20:00,-2187.377,2025-05-29 04:20:00
2025-05-29 04:25:00,-2187.372,2025-05-29 04:25:00
2025-05-29 04:30:00,-2187.367,2025-05-29 04:30:00
2025-05-29 04:35:00,-2187.361,2025-05-29 04:35:00
2025-05-29 04:40:00,-2187.354,2025-05-29 04:40:00
2025-05-29 04:45:00,-2187.347,2025-05-29 04:45:00
2025-05-29 04:50:00,-2187.338,2025-05-29 04:50:00
2025-05-29 04:55:00,-2187.329,2025-05-29 04:55:00
2025-05-29 05:00:00,-2187.318,2025-05-29 05:00:00
2025-05-29 05:05:00,-2187.306,2025-05-29 05:05:00
2025-05-29 05:10:00,-2187.292,2025-05-29 05:10:00
2025-05-29 05:15:00,-2187.277,2025-05-29 05:15:00
2025-05-29 05:20:00,-2187.259,2025-05-29 05:20:00
2025-05-29 05:25:00,-2187.237,2025-05-29 05:25:00
2025-05-29 05:30:00,-2187.212,2025-05-29 05:30:00
2025-05-29 05:35:00,-2187.18,2025-05-29 05:35:00
2025-05-29 05:40:00,-2187.139,2025-05-29 05:40:00
2025-05-29 05:45:00,-2187.083,2025-05-29 05:45:00
2025-05-29 05:50:00,-2186.994,2025-05-29 05:50:00
2025-05-29 05:55:00,-2186.802,2025-05-29 05:55:00
2025-05-29 06:00:00,0.0,2025-05-29 06:00:00
2025-05-29 06:05:00,0.0,2025-05-29 06:05:00
2025-05-29 06:10:00,0.0,2025-05-29 06:10:00
2025-05-29 06:15:00,0.0,2025-05-29 06:15:00
2025-05-29 06:20:00,0.0,2025-05-29 06:20:00
2025-05-29 06:25:00,0.0,2025-05-29 06:25:00
2025-05-29 06:30:00,0.0,2025-05-29 06:30:00
2025-05-29 06:35:00,0.0,2025-05-29 06:35:00
2025-05-29 06:40:00,0.0,2025-05-29 06:40:00
2025-05-29 06:45:00,0.0,2025-05-29 06:45:00
2025-05-29 06:50:00,0.0,2025-05-29 06:50:00
2025-05-29 06:55:00,0.0,2025-05-29 06:55:00
2025-05-29 07:00:00,0.0,2025-05-29 07:00:00
2025-05-29 07:05:00,0.0,2025-05-29 07:05:00
2025-05-29 07:10:00,0.0,2025-05-29 07:10:00
2025-05-29 07:15:00,0.0,2025-05-29 07:15:00
2025-05-29 07:20:00,0.0,2025-05-29 07:20:00
2025-05-29 07:25:00,0.0,2025-05-29 07:25:00
2025-05-29 07:30:00,0.0,2025-05-29 07:30:00
2025-05-29 07:35:00,0.0,2025-05-29 07:35:00
2025-05-29 07:40:00,0.0,2025-05-29 07:40:00
2025-05-29 07:45:00,0.0,2025-05-29 07:45:00
2025-05-29 07:50:00,0.0,2025-05-29 07:50:00
2025-05-29 07:55:00,0.0,2025-05-29 07:55:00
2025-05-29 08:00:00,8919.999,2025-05-29 08:00:00
2025-05-29 08:05:00,8919.999,2025-05-29 08:05:00
2025-05-29 08:10:00,8919.999,2025-05-29 08:10:00
2025-05-29 08:15:00,8919.999,2025-05-29 08:15:00
2025-05-29 08:20:00,8919.999,2025-05-29 08:20:00
2025-05-29 08:25:00,8919.999,2025-05-29 08:25:00
2025-05-29 08:30:00,8919.999,2025-05-29 08:30:00
2025-05-29 08:35:00,8919.998,2025-05-29 08:35:00
2025-05-29 08:40:00,8919.998,2025-05-29 08:40:00
2025-05-29 08:45:00,8919.998,2025-05-29 08:45:00
2025-05-29 08:50:00,8919.998,2025-05-29 08:50:00
2025-05-29 08:55:00,8919.998,2025-05-29 08:55:00
2025-05-29 09:00:00,8919.997,2025-05-29 09:00:00
2025-05-29 09:05:00,8919.997,2025-05-29 09:05:00
2025-05-29 09:10:00,8919.996,2025-05-29 09:10:00
2025-05-29 09:15:00,8919.996,2025-05-29 09:15:00
2025-05-29 09:20:00,8919.995,2025-05-29 09:20:00
2025-05-29 09:25:00,8919.993,2025-05-29 09:25:00
2025-05-29 09:30:00,8919.989,2025-05-29 09:30:00
2025-05-29 09:35:00,8919.982,2025-05-29 09:35:00
2025-05-29 09:40:00,5130.8,2025-05-29 09:40:00
2025-05-29 09:45:00,0.0,2025-05-29 09:45:00
2025-05-29 09:50:00,0.0,2025-05-29 09:50:00
2025-05-29 09:55:00,0.0,2025-05-29 09:55:00
2025-05-29 10:00:00,0.0,2025-05-29 10:00:00
2025-05-29 10:05:00,0.0,2025-05-29 10:05:00
2025-05-29 10:10:00,0.0,2025-05-29 10:10:00
2025-05-29 10:15:00,0.0,2025-05-29 10:15:00
2025-05-29 10:20:00,0.0,2025-05-29 10:20:00
2025-05-29 10:25:00,0.0,2025-05-29 10:25:00
2025-05-29 10:30:00,0.0,2025-05-29 10:30:00
2025-05-29 10:35:00,0.0,2025-05-29 10:35:00
2025-05-29 10:40:00,0.0,2025-05-29 10:40:00
2025-05-29 10:45:00,0.0,2025-05-29 10:45:00
2025-05-29 10:50:00,0.0,2025-05-29 10:50:00
2025-05-29 10:55:00,0.0,2025-05-29 10:55:00
2025-05-29 11:00:00,-2499.876,2025-05-29 11:00:00
2025-05-29 11:05:00,-2499.876,2025-05-29 11:05:00
2025-05-29 11:10:00,-2499.876,2025-05-29 11:10:00
2025-05-29 11:15:00,-2499.876,2025-05-29 11:15:00
2025-05-29 11:20:00,-2499.876,2025-05-29 11:20:00
2025-05-29 11:25:00,-2499.876,2025-05-29 11:25:00
2025-05-29 11:30:00,-2499.876,2025-05-29 11:30:00
2025-05-29 11:35:00,-2499.876,2025-05-29 11:35:00
2025-05-29 11:40:00,-2499.876,2025-05-29 11:40:00
2025-05-29 11:45:00,-2499.876,2025-05-29 11:45:00
2025-05-29 11:50:00,-2499.876,2025-05-29 11:50:00
2025-05-29 11:55:00,-2499.876,2025-05-29 11:55:00
2025-05-29 12:00:00,-2499.876,2025-05-29 12:00:00
2025-05-29 12:05:00,-2499.876,2025-05-29 12:05:00
2025-05-29 12:10:00,-2499.876,2025-05-29 12:10:00
2025-05-29 12:15:00,-2499.876,2025-05-29 12:15:00
2025-05-29 12:20:00,-2499.876,2025-05-29 12:20:00
2025-05-29 12:25:00,-2499.876,2025-05-29 12:25:00
2025-05-29 12:30:00,-2499.876,2025-05-29 12:30:00
2025-05-29 12:35:00,-2499.876,2025-05-29 12:35:00
2025-05-29 12:40:00,-2499.876,2025-05-29 12:40:00
2025-05-29 12:45:00,-2499.876,2025-05-29 12:45:00
2025-05-29 12:50:00,-2499.876,2025-05-29 12:50:00
2025-05-29 12:55:00,-2499.876,2025-05-29 12:55:00
2025-05-29 13:00:00,-2499.876,2025-05-29 13:00:00
2025-05-29 13:05:00,-2499.876,2025-05-29 13:05:00
2025-05-29 13:10:00,-2499.876,2025-05-29 13:10:00
2025-05-29 13:15:00,-2499.876,2025-05-29 13:15:00
2025-05-29 13:20:00,-2499.876,2025-05-29 13:20:00
2025-05-29 13:25:00,-2499.876,2025-05-29 13:25:00
2025-05-29 13:30:00,-2499.876,2025-05-29 13:30:00
2025-05-29 13:35:00,-2499.876,2025-05-29 13:35:00
2025-05-29 13:40:00,-2499.876,2025-05-29 13:40:00
2025-05-29 13:45:00,-2499.876,2025-05-29 13:45:00
2025-05-29 13:50:00,-2499.876,2025-05-29 13:50:00
2025-05-29 13:55:00,-2499.876,2025-05-29 13:55:00
2025-05-29 14:00:00,-2499.876,2025-05-29 14:00:00
2025-05-29 14:05:00,-2499.876,2025-05-29 14:05:00
2025-05-29 14:10:00,-2499.876,2025-05-29 14:10:00
2025-05-29 14:15:00,-2499.876,2025-05-29 14:15:00
2025-05-29 14:20:00,-2499.876,2025-05-29 14:20:00
2025-05-29 14:25:00,-2499.876,2025-05-29 14:25:00
2025-05-29 14:30:00,-2499.876,2025-05-29 14:30:00
2025-05-29 14:35:00,-2499.876,2025-05-29 14:35:00
2025-05-29 14:40:00,-2499.876,2025-05-29 14:40:00
2025-05-29 14:45:00,-2499.876,2025-05-29 14:45:00
2025-05-29 14:50:00,-2499.876,2025-05-29 14:50:00
2025-05-29 14:55:00,-2499.876,2025-05-29 14:55:00
2025-05-29 15:00:00,-2499.876,2025-05-29 15:00:00
2025-05-29 15:05:00,-2499.876,2025-05-29 15:05:00
2025-05-29 15:10:00,-2499.876,2025-05-29 15:10:00
2025-05-29 15:15:00,-2499.876,2025-05-29 15:15:00
2025-05-29 15:20:00,-2499.876,2025-05-29 15:20:00
2025-05-29 15:25:00,-2499.876,2025-05-29 15:25:00
2025-05-29 15:30:00,-2499.876,2025-05-29 15:30:00
2025-05-29 15:35:00,-2499.876,2025-05-29 15:35:00
2025-05-29 15:40:00,-2499.876,2025-05-29 15:40:00
2025-05-29 15:45:00,-2499.876,2025-05-29 15:45:00
2025-05-29 15:50:00,-2499.876,2025-05-29 15:50:00
2025-05-29 15:55:00,-2499.876,2025-05-29 15:55:00
2025-05-29 16:00:00,-2499.876,2025-05-29 16:00:00
2025-05-29 16:05:00,-2499.876,2025-05-29 16:05:00
2025-05-29 16:10:00,-2499.876,2025-05-29 16:10:00
2025-05-29 16:15:00,-2499.876,2025-05-29 16:15:00
2025-05-29 16:20:00,-2499.876,2025-05-29 16:20:00
2025-05-29 16:25:00,-2499.876,2025-05-29 16:25:00
2025-05-29 16:30:00,-2499.876,2025-05-29 16:30:00
2025-05-29 16:35:00,-2499.876,2025-05-29 16:35:00
2025-05-29 16:40:00,-2499.876,2025-05-29 16:40:00
2025-05-29 16:45:00,-2499.876,2025-05-29 16:45:00
2025-05-29 16:50:00,-2499.876,2025-05-29 16:50:00
2025-05-29 16:55:00,-2499.876,2025-05-29 16:55:00
2025-05-29 17:00:00,-2499.876,2025-05-29 17:00:00
2025-05-29 17:05:00,-2499.876,2025-05-29 17:05:00
2025-05-29 17:10:00,-2499.876,2025-05-29 17:10:00
2025-05-29 17:15:00,-2499.876,2025-05-29 17:15:00
2025-05-29 17:20:00,-2499.876,2025-05-29 17:20:00
2025-05-29 17:25:00,-2499.876,2025-05-29 17:25:00
2025-05-29 17:30:00,-2499.876,2025-05-29 17:30:00
2025-05-29 17:35:00,-2499.876,2025-05-29 17:35:00
2025-05-29 17:40:00,-2499.876,2025-05-29 17:40:00
2025-05-29 17:45:00,-2499.876,2025-05-29 17:45:00
2025-05-29 17:50:00,-2499.876,2025-05-29 17:50:00
2025-05-29 17:55:00,-2499.876,2025-05-29 17:55:00
2025-05-29 18:00:00,8919.999,2025-05-29 18:00:00
2025-05-29 18:05:00,8919.999,2025-05-29 18:05:00
2025-05-29 18:10:00,8919.999,2025-05-29 18:10:00
2025-05-29 18:15:00,8919.999,2025-05-29 18:15:00
2025-05-29 18:20:00,8919.999,2025-05-29 18:20:00
2025-05-29 18:25:00,8919.999,2025-05-29 18:25:00
2025-05-29 18:30:00,8919.999,2025-05-29 18:30:00
2025-05-29 18:35:00,8919.998,2025-05-29 18:35:00
2025-05-29 18:40:00,8919.998,2025-05-29 18:40:00
2025-05-29 18:45:00,8919.998,2025-05-29 18:45:00
2025-05-29 18:50:00,8919.998,2025-05-29 18:50:00
2025-05-29 18:55:00,8919.998,2025-05-29 18:55:00
2025-05-29 19:00:00,8919.997,2025-05-29 19:00:00
2025-05-29 19:05:00,8919.997,2025-05-29 19:05:00
2025-05-29 19:10:00,8919.996,2025-05-29 19:10:00
2025-05-29 19:15:00,8919.996,2025-05-29 19:15:00
2025-05-29 19:20:00,8919.995,2025-05-29 19:20:00
2025-05-29 19:25:00,8919.993,2025-05-29 19:25:00
2025-05-29 19:30:00,8919.989,2025-05-29 19:30:00
2025-05-29 19:35:00,8919.982,2025-05-29 19:35:00
2025-05-29 19:40:00,5130.804,2025-05-29 19:40:00
2025-05-29 19:45:00,0.0,2025-05-29 19:45:00
2025-05-29 19:50:00,0.0,2025-05-29 19:50:00
2025-05-29 19:55:00,0.0,2025-05-29 19:55:00
2025-05-29 20:00:00,0.0,2025-05-29 20:00:00
2025-05-29 20:05:00,0.0,2025-05-29 20:05:00
2025-05-29 20:10:00,0.0,2025-05-29 20:10:00
2025-05-29 20:15:00,0.0,2025-05-29 20:15:00
2025-05-29 20:20:00,0.0,2025-05-29 20:20:00
2025-05-29 20:25:00,0.0,2025-05-29 20:25:00
2025-05-29 20:30:00,0.0,2025-05-29 20:30:00
2025-05-29 20:35:00,0.0,2025-05-29 20:35:00
2025-05-29 20:40:00,0.0,2025-05-29 20:40:00
2025-05-29 20:45:00,0.0,2025-05-29 20:45:00
2025-05-29 20:50:00,0.0,2025-05-29 20:50:00
2025-05-29 20:55:00,0.0,2025-05-29 20:55:00
2025-05-29 21:00:00,0.0,2025-05-29 21:00:00
2025-05-29 21:05:00,0.0,2025-05-29 21:05:00
2025-05-29 21:10:00,0.0,2025-05-29 21:10:00
2025-05-29 21:15:00,0.0,2025-05-29 21:15:00
2025-05-29 21:20:00,0.0,2025-05-29 21:20:00
2025-05-29 21:25:00,0.0,2025-05-29 21:25:00
2025-05-29 21:30:00,0.0,2025-05-29 21:30:00
2025-05-29 21:35:00,0.0,2025-05-29 21:35:00
2025-05-29 21:40:00,0.0,2025-05-29 21:40:00
2025-05-29 21:45:00,0.0,2025-05-29 21:45:00
2025-05-29 21:50:00,0.0,2025-05-29 21:50:00
2025-05-29 21:55:00,0.0,2025-05-29 21:55:00
2025-05-29 22:00:00,-2185.832,2025-05-29 22:00:00
2025-05-29 22:05:00,-2186.573,2025-05-29 22:05:00
2025-05-29 22:10:00,-2186.875,2025-05-29 22:10:00
2025-05-29 22:15:00,-2187.054,2025-05-29 22:15:00
2025-05-29 22:20:00,-2187.177,2025-05-29 22:20:00
2025-05-29 22:25:00,-2187.27,2025-05-29 22:25:00
2025-05-29 22:30:00,-2187.343,2025-05-29 22:30:00
2025-05-29 22:35:00,-2187.402,2025-05-29 22:35:00
2025-05-29 22:40:00,-2187.452,2025-05-29 22:40:00
2025-05-29 22:45:00,-2187.494,2025-05-29 22:45:00
2025-05-29 22:50:00,-2187.531,2025-05-29 22:50:00
2025-05-29 22:55:00,-2187.563,2025-05-29 22:55:00
2025-05-29 23:00:00,-2187.591,2025-05-29 23:00:00
2025-05-29 23:05:00,-2187.615,2025-05-29 23:05:00
2025-05-29 23:10:00,-2187.637,2025-05-29 23:10:00
2025-05-29 23:15:00,-2187.655,2025-05-29 23:15:00
2025-05-29 23:20:00,-2187.672,2025-05-29 23:20:00
2025-05-29 23:25:00,-2187.685,2025-05-29 23:25:00
2025-05-29 23:30:00,-2187.697,2025-05-29 23:30:00
2025-05-29 23:35:00,-2187.706,2025-05-29 23:35:00
2025-05-29 23:40:00,-2187.714,2025-05-29 23:40:00
2025-05-29 23:45:00,-2187.72,2025-05-29 23:45:00
2025-05-29 23:50:00,-2187.724,2025-05-29 23:50:00
2025-05-29 23:55:00,-2187.726,2025-05-29 23:55:00
2025-05-30 00:00:00,-2187.728,2025-05-30 00:00:00
2025-05-30 00:05:00,-2187.728,2025-05-30 00:05:00
2025-05-30 00:10:00,-2187.726,2025-05-30 00:10:00
2025-05-30 00:15:00,-2187.724,2025-05-30 00:15:00
2025-05-30 00:20:00,-2187.721,2025-05-30 00:20:00
2025-05-30 00:25:00,-2187.716,2025-05-30 00:25:00
2025-05-30 00:30:00,-2187.712,2025-05-30 00:30:00
2025-05-30 00:35:00,-2187.706,2025-05-30 00:35:00
2025-05-30 00:40:00,-2187.7,2025-05-30 00:40:00
2025-05-30 00:45:00,-2187.693,2025-05-30 00:45:00
2025-05-30 00:50:00,-2187.686,2025-05-30 00:50:00
2025-05-30 00:55:00,-2187.679,2025-05-30 00:55:00
2025-05-30 01:00:00,-2187.671,2025-05-30 01:00:00
2025-05-30 01:05:00,-2187.664,2025-05-30 01:05:00
2025-05-30 01:10:00,-2187.656,2025-05-30 01:10:00
2025-05-30 01:15:00,-2187.648,2025-05-30 01:15:00
2025-05-30 01:20:00,-2187.64,2025-05-30 01:20:00
2025-05-30 01:25:00,-2187.632,2025-05-30 01:25:00
2025-05-30 01:30:00,-2187.624,2025-05-30 01:30:00
2025-05-30 01:35:00,-2187.617,2025-05-30 01:35:00
2025-05-30 01:40:00,-2187.609,2025-05-30 01:40:00
2025-05-30 01:45:00,-2187.601,2025-05-30 01:45:00
2025-05-30 01:50:00,-2187.594,2025-05-30 01:50:00
2025-05-30 01:55:00,-2187.587,2025-05-30 01:55:00
2025-05-30 02:00:00,-2187.58,2025-05-30 02:00:00
2025-05-30 02:05:00,-2187.573,2025-05-30 02:05:00
2025-05-30 02:10:00,-2187.567,2025-05-30 02:10:00
2025-05-30 02:15:00,-2187.56,2025-05-30 02:15:00
2025-05-30 02:20:00,-2187.554,2025-05-30 02:20:00
2025-05-30 02:25:00,-2187.548,2025-05-30 02:25:00
2025-05-30 02:30:00,-2187.542,2025-05-30 02:30:00
2025-05-30 02:35:00,-2187.537,2025-05-30 02:35:00
2025-05-30 02:40:00,-2187.531,2025-05-30 02:40:00
2025-05-30 02:45:00,-2187.526,2025-05-30 02:45:00
2025-05-30 02:50:00,-2187.52,2025-05-30 02:50:00
2025-05-30 02:55:00,-2187.515,2025-05-30 02:55:00
2025-05-30 03:00:00,-2187.51,2025-05-30 03:00:00
2025-05-30 03:05:00,-2187.504,2025-05-30 03:05:00
2025-05-30 03:10:00,-2187.498,2025-05-30 03:10:00
2025-05-30 03:15:00,-2187.493,2025-05-30 03:15:00
2025-05-30 03:20:00,-2187.487,2025-05-30 03:20:00
2025-05-30 03:25:00,-2187.48,2025-05-30 03:25:00
2025-05-30 03:30:00,-2187.473,2025-05-30 03:30:00
2025-05-30 03:35:00,-2187.466,2025-05-30 03:35:00
2025-05-30 03:40:00,-2187.458,2025-05-30 03:40:00
2025-05-30 03:45:00,-2187.45,2025-05-30 03:45:00
2025-05-30 03:50:00,-2187.44,2025-05-30 03:50:00
2025-05-30 03:55:00,-2187.43,2025-05-30 03:55:00
2025-05-30 04:00:00,-2187.419,2025-05-30 04:00:00
2025-05-30 04:05:00,-2187.406,2025-05-30 04:05:00
2025-05-30 04:10:00,-2187.392,2025-05-30 04:10:00
2025-05-30 04:15:00,-2187.377,2025-05-30 04:15:00
2025-05-30 04:20:00,-2187.361,2025-05-30 04:20:00
2025-05-30 04:25:00,-2187.342,2025-05-30 04:25:00
2025-05-30 04:30:00,-2187.322,2025-05-30 04:30:00
2025-05-30 04:35:00,-2187.299,2025-05-30 04:35:00
2025-05-30 04:40:00,-2187.274,2025-05-30 04:40:00
2025-05-30 04:45:00,-2187.247,2025-05-30 04:45:00
2025-05-30 04:50:00,-2187.216,2025-05-30 04:50:00
2025-05-30 04:55:00,-2187.182,2025-05-30 04:55:00
2025-05-30 05:00:00,-2187.145,2025-05-30 05:00:00
2025-05-30 05:05:00,-2187.103,2025-05-30 05:05:00
2025-05-30 05:10:00,-2187.056,2025-05-30 05:10:00
2025-05-30 05:15:00,-2187.002,2025-05-30 05:15:00
2025-05-30 05:20:00,-2186.94,2025-05-30 05:20:00
2025-05-30 05:25:00,-2186.868,2025-05-30 05:25:00
2025-05-30 05:30:00,-2186.782,2025-05-30 05:30:00
2025-05-30 05:35:00,-2186.675,2025-05-30 05:35:00
2025-05-30 05:40:00,-2186.535,2025-05-30 05:40:00
2025-05-30 05:45:00,-2186.34,2025-05-30 05:45:00
2025-05-30 05:50:00,-2186.019,2025-05-30 05:50:00
2025-05-30 05:55:00,-2185.253,2025-05-30 05:55:00
2025-05-30 06:00:00,0.0,2025-05-30 06:00:00
2025-05-30 06:05:00,0.0,2025-05-30 06:05:00
2025-05-30 06:10:00,0.0,2025-05-30 06:10:00
2025-05-30 06:15:00,0.0,2025-05-30 06:15:00
2025-05-30 06:20:00,0.0,2025-05-30 06:20:00
2025-05-30 06:25:00,0.0,2025-05-30 06:25:00
2025-05-30 06:30:00,0.0,2025-05-30 06:30:00
2025-05-30 06:35:00,0.0,2025-05-30 06:35:00
2025-05-30 06:40:00,0.0,2025-05-30 06:40:00
2025-05-30 06:45:00,0.0,2025-05-30 06:45:00
2025-05-30 06:50:00,0.0,2025-05-30 06:50:00
2025-05-30 06:55:00,0.0,2025-05-30 06:55:00
2025-05-30 07:00:00,0.0,2025-05-30 07:00:00
2025-05-30 07:05:00,0.0,2025-05-30 07:05:00
2025-05-30 07:10:00,0.0,2025-05-30 07:10:00
2025-05-30 07:15:00,0.0,2025-05-30 07:15:00
2025-05-30 07:20:00,0.0,2025-05-30 07:20:00
2025-05-30 07:25:00,0.0,2025-05-30 07:25:00
2025-05-30 07:30:00,0.0,2025-05-30 07:30:00
2025-05-30 07:35:00,0.0,2025-05-30 07:35:00
2025-05-30 07:40:00,0.0,2025-05-30 07:40:00
2025-05-30 07:45:00,0.0,2025-05-30 07:45:00
2025-05-30 07:50:00,0.0,2025-05-30 07:50:00
2025-05-30 07:55:00,0.0,2025-05-30 07:55:00
2025-05-30 08:00:00,8919.999,2025-05-30 08:00:00
2025-05-30 08:05:00,8919.999,2025-05-30 08:05:00
2025-05-30 08:10:00,8919.999,2025-05-30 08:10:00
2025-05-30 08:15:00,8919.999,2025-05-30 08:15:00
2025-05-30 08:20:00,8919.999,2025-05-30 08:20:00
2025-05-30 08:25:00,8919.999,2025-05-30 08:25:00
2025-05-30 08:30:00,8919.999,2025-05-30 08:30:00
2025-05-30 08:35:00,8919.999,2025-05-30 08:35:00
2025-05-30 08:40:00,8919.999,2025-05-30 08:40:00
2025-05-30 08:45:00,8919.999,2025-05-30 08:45:00
2025-05-30 08:50:00,8919.999,2025-05-30 08:50:00
2025-05-30 08:55:00,8919.998,2025-05-30 08:55:00
2025-05-30 09:00:00,8919.998,2025-05-30 09:00:00
2025-05-30 09:05:00,8919.998,2025-05-30 09:05:00
2025-05-30 09:10:00,8919.997,2025-05-30 09:10:00
2025-05-30 09:15:00,8919.997,2025-05-30 09:15:00
2025-05-30 09:20:00,8919.997,2025-05-30 09:20:00
2025-05-30 09:25:00,8919.995,2025-05-30 09:25:00
2025-05-30 09:30:00,8919.991,2025-05-30 09:30:00
2025-05-30 09:35:00,8919.985,2025-05-30 09:35:00
2025-05-30 09:40:00,5130.834,2025-05-30 09:40:00
2025-05-30 09:45:00,0.0,2025-05-30 09:45:00
2025-05-30 09:50:00,0.0,2025-05-30 09:50:00
2025-05-30 09:55:00,0.0,2025-05-30 09:55:00
2025-05-30 10:00:00,0.0,2025-05-30 10:00:00
2025-05-30 10:05:00,0.0,2025-05-30 10:05:00
2025-05-30 10:10:00,0.0,2025-05-30 10:10:00
2025-05-30 10:15:00,0.0,2025-05-30 10:15:00
2025-05-30 10:20:00,0.0,2025-05-30 10:20:00
2025-05-30 10:25:00,0.0,2025-05-30 10:25:00
2025-05-30 10:30:00,0.0,2025-05-30 10:30:00
2025-05-30 10:35:00,0.0,2025-05-30 10:35:00
2025-05-30 10:40:00,0.0,2025-05-30 10:40:00
2025-05-30 10:45:00,0.0,2025-05-30 10:45:00
2025-05-30 10:50:00,0.0,2025-05-30 10:50:00
2025-05-30 10:55:00,0.0,2025-05-30 10:55:00
2025-05-30 11:00:00,-2499.876,2025-05-30 11:00:00
2025-05-30 11:05:00,-2499.876,2025-05-30 11:05:00
2025-05-30 11:10:00,-2499.876,2025-05-30 11:10:00
2025-05-30 11:15:00,-2499.876,2025-05-30 11:15:00
2025-05-30 11:20:00,-2499.876,2025-05-30 11:20:00
2025-05-30 11:25:00,-2499.876,2025-05-30 11:25:00
2025-05-30 11:30:00,-2499.876,2025-05-30 11:30:00
2025-05-30 11:35:00,-2499.876,2025-05-30 11:35:00
2025-05-30 11:40:00,-2499.876,2025-05-30 11:40:00
2025-05-30 11:45:00,-2499.876,2025-05-30 11:45:00
2025-05-30 11:50:00,-2499.876,2025-05-30 11:50:00
2025-05-30 11:55:00,-2499.876,2025-05-30 11:55:00
2025-05-30 12:00:00,-2499.876,2025-05-30 12:00:00
2025-05-30 12:05:00,-2499.876,2025-05-30 12:05:00
2025-05-30 12:10:00,-2499.876,2025-05-30 12:10:00
2025-05-30 12:15:00,-2499.876,2025-05-30 12:15:00
2025-05-30 12:20:00,-2499.876,2025-05-30 12:20:00
2025-05-30 12:25:00,-2499.876,2025-05-30 12:25:00
2025-05-30 12:30:00,-2499.876,2025-05-30 12:30:00
2025-05-30 12:35:00,-2499.876,2025-05-30 12:35:00
2025-05-30 12:40:00,-2499.876,2025-05-30 12:40:00
2025-05-30 12:45:00,-2499.876,2025-05-30 12:45:00
2025-05-30 12:50:00,-2499.876,2025-05-30 12:50:00
2025-05-30 12:55:00,-2499.876,2025-05-30 12:55:00
2025-05-30 13:00:00,-2499.876,2025-05-30 13:00:00
2025-05-30 13:05:00,-2499.876,2025-05-30 13:05:00
2025-05-30 13:10:00,-2499.876,2025-05-30 13:10:00
2025-05-30 13:15:00,-2499.876,2025-05-30 13:15:00
2025-05-30 13:20:00,-2499.876,2025-05-30 13:20:00
2025-05-30 13:25:00,-2499.876,2025-05-30 13:25:00
2025-05-30 13:30:00,-2499.876,2025-05-30 13:30:00
2025-05-30 13:35:00,-2499.876,2025-05-30 13:35:00
2025-05-30 13:40:00,-2499.876,2025-05-30 13:40:00
2025-05-30 13:45:00,-2499.876,2025-05-30 13:45:00
2025-05-30 13:50:00,-2499.876,2025-05-30 13:50:00
2025-05-30 13:55:00,-2499.876,2025-05-30 13:55:00
2025-05-30 14:00:00,-2499.876,2025-05-30 14:00:00
2025-05-30 14:05:00,-2499.876,2025-05-30 14:05:00
2025-05-30 14:10:00,-2499.876,2025-05-30 14:10:00
2025-05-30 14:15:00,-2499.876,2025-05-30 14:15:00
2025-05-30 14:20:00,-2499.876,2025-05-30 14:20:00
2025-05-30 14:25:00,-2499.876,2025-05-30 14:25:00
2025-05-30 14:30:00,-2499.876,2025-05-30 14:30:00
2025-05-30 14:35:00,-2499.876,2025-05-30 14:35:00
2025-05-30 14:40:00,-2499.876,2025-05-30 14:40:00
2025-05-30 14:45:00,-2499.876,2025-05-30 14:45:00
2025-05-30 14:50:00,-2499.876,2025-05-30 14:50:00
2025-05-30 14:55:00,-2499.876,2025-05-30 14:55:00
2025-05-30 15:00:00,-2499.876,2025-05-30 15:00:00
2025-05-30 15:05:00,-2499.876,2025-05-30 15:05:00
2025-05-30 15:10:00,-2499.876,2025-05-30 15:10:00
2025-05-30 15:15:00,-2499.876,2025-05-30 15:15:00
2025-05-30 15:20:00,-2499.876,2025-05-30 15:20:00
2025-05-30 15:25:00,-2499.876,2025-05-30 15:25:00
2025-05-30 15:30:00,-2499.876,2025-05-30 15:30:00
2025-05-30 15:35:00,-2499.876,2025-05-30 15:35:00
2025-05-30 15:40:00,-2499.876,2025-05-30 15:40:00
2025-05-30 15:45:00,-2499.876,2025-05-30 15:45:00
2025-05-30 15:50:00,-2499.876,2025-05-30 15:50:00
2025-05-30 15:55:00,-2499.876,2025-05-30 15:55:00
2025-05-30 16:00:00,-2499.876,2025-05-30 16:00:00
2025-05-30 16:05:00,-2499.876,2025-05-30 16:05:00
2025-05-30 16:10:00,-2499.876,2025-05-30 16:10:00
2025-05-30 16:15:00,-2499.876,2025-05-30 16:15:00
2025-05-30 16:20:00,-2499.876,2025-05-30 16:20:00
2025-05-30 16:25:00,-2499.876,2025-05-30 16:25:00
2025-05-30 16:30:00,-2499.876,2025-05-30 16:30:00
2025-05-30 16:35:00,-2499.876,2025-05-30 16:35:00
2025-05-30 16:40:00,-2499.876,2025-05-30 16:40:00
2025-05-30 16:45:00,-2499.876,2025-05-30 16:45:00
2025-05-30 16:50:00,-2499.876,2025-05-30 16:50:00
2025-05-30 16:55:00,-2499.876,2025-05-30 16:55:00
2025-05-30 17:00:00,-2499.876,2025-05-30 17:00:00
2025-05-30 17:05:00,-2499.876,2025-05-30 17:05:00
2025-05-30 17:10:00,-2499.876,2025-05-30 17:10:00
2025-05-30 17:15:00,-2499.876,2025-05-30 17:15:00
2025-05-30 17:20:00,-2499.876,2025-05-30 17:20:00
2025-05-30 17:25:00,-2499.876,2025-05-30 17:25:00
2025-05-30 17:30:00,-2499.876,2025-05-30 17:30:00
2025-05-30 17:35:00,-2499.876,2025-05-30 17:35:00
2025-05-30 17:40:00,-2499.876,2025-05-30 17:40:00
2025-05-30 17:45:00,-2499.876,2025-05-30 17:45:00
2025-05-30 17:50:00,-2499.876,2025-05-30 17:50:00
2025-05-30 17:55:00,-2499.876,2025-05-30 17:55:00
2025-05-30 18:00:00,8919.999,2025-05-30 18:00:00
2025-05-30 18:05:00,8919.999,2025-05-30 18:05:00
2025-05-30 18:10:00,8919.999,2025-05-30 18:10:00
2025-05-30 18:15:00,8919.999,2025-05-30 18:15:00
2025-05-30 18:20:00,8919.999,2025-05-30 18:20:00
2025-05-30 18:25:00,8919.999,2025-05-30 18:25:00
2025-05-30 18:30:00,8919.999,2025-05-30 18:30:00
2025-05-30 18:35:00,8919.999,2025-05-30 18:35:00
2025-05-30 18:40:00,8919.999,2025-05-30 18:40:00
2025-05-30 18:45:00,8919.999,2025-05-30 18:45:00
2025-05-30 18:50:00,8919.999,2025-05-30 18:50:00
2025-05-30 18:55:00,8919.998,2025-05-30 18:55:00
2025-05-30 19:00:00,8919.998,2025-05-30 19:00:00
2025-05-30 19:05:00,8919.998,2025-05-30 19:05:00
2025-05-30 19:10:00,8919.997,2025-05-30 19:10:00
2025-05-30 19:15:00,8919.997,2025-05-30 19:15:00
2025-05-30 19:20:00,8919.997,2025-05-30 19:20:00
2025-05-30 19:25:00,8919.995,2025-05-30 19:25:00
2025-05-30 19:30:00,8919.991,2025-05-30 19:30:00
2025-05-30 19:35:00,8919.982,2025-05-30 19:35:00
2025-05-30 19:40:00,5130.839,2025-05-30 19:40:00
2025-05-30 19:45:00,0.0,2025-05-30 19:45:00
2025-05-30 19:50:00,0.0,2025-05-30 19:50:00
2025-05-30 19:55:00,0.0,2025-05-30 19:55:00
2025-05-30 20:00:00,0.0,2025-05-30 20:00:00
2025-05-30 20:05:00,0.0,2025-05-30 20:05:00
2025-05-30 20:10:00,0.0,2025-05-30 20:10:00
2025-05-30 20:15:00,0.0,2025-05-30 20:15:00
2025-05-30 20:20:00,0.0,2025-05-30 20:20:00
2025-05-30 20:25:00,0.0,2025-05-30 20:25:00
2025-05-30 20:30:00,0.0,2025-05-30 20:30:00
2025-05-30 20:35:00,0.0,2025-05-30 20:35:00
2025-05-30 20:40:00,0.0,2025-05-30 20:40:00
2025-05-30 20:45:00,0.0,2025-05-30 20:45:00
2025-05-30 20:50:00,0.0,2025-05-30 20:50:00
2025-05-30 20:55:00,0.0,2025-05-30 20:55:00
2025-05-30 21:00:00,0.0,2025-05-30 21:00:00
2025-05-30 21:05:00,0.0,2025-05-30 21:05:00
2025-05-30 21:10:00,0.0,2025-05-30 21:10:00
2025-05-30 21:15:00,0.0,2025-05-30 21:15:00
2025-05-30 21:20:00,0.0,2025-05-30 21:20:00
2025-05-30 21:25:00,0.0,2025-05-30 21:25:00
2025-05-30 21:30:00,0.0,2025-05-30 21:30:00
2025-05-30 21:35:00,0.0,2025-05-30 21:35:00
2025-05-30 21:40:00,0.0,2025-05-30 21:40:00
2025-05-30 21:45:00,0.0,2025-05-30 21:45:00
2025-05-30 21:50:00,0.0,2025-05-30 21:50:00
2025-05-30 21:55:00,0.0,2025-05-30 21:55:00
2025-05-30 22:00:00,-1249.31,2025-05-30 22:00:00
2025-05-30 22:05:00,-1249.985,2025-05-30 22:05:00
2025-05-30 22:10:00,-1250.196,2025-05-30 22:10:00
2025-05-30 22:15:00,-1250.237,2025-05-30 22:15:00
2025-05-30 22:20:00,-1250.228,2025-05-30 22:20:00
2025-05-30 22:25:00,-1250.207,2025-05-30 22:25:00
2025-05-30 22:30:00,-1250.185,2025-05-30 22:30:00
2025-05-30 22:35:00,-1250.164,2025-05-30 22:35:00
2025-05-30 22:40:00,-1250.144,2025-05-30 22:40:00
2025-05-30 22:45:00,-1250.121,2025-05-30 22:45:00
2025-05-30 22:50:00,-1250.095,2025-05-30 22:50:00
2025-05-30 22:55:00,-1250.066,2025-05-30 22:55:00
2025-05-30 23:00:00,-1250.032,2025-05-30 23:00:00
2025-05-30 23:05:00,-1249.995,2025-05-30 23:05:00
2025-05-30 23:10:00,-1249.956,2025-05-30 23:10:00
2025-05-30 23:15:00,-1249.913,2025-05-30 23:15:00
2025-05-30 23:20:00,-1249.87,2025-05-30 23:20:00
2025-05-30 23:25:00,-1249.824,2025-05-30 23:25:00
2025-05-30 23:30:00,-1249.778,2025-05-30 23:30:00
2025-05-30 23:35:00,-1249.732,2025-05-30 23:35:00
2025-05-30 23:40:00,-1249.686,2025-05-30 23:40:00
2025-05-30 23:45:00,-1249.64,2025-05-30 23:45:00
2025-05-30 23:50:00,-1249.595,2025-05-30 23:50:00
2025-05-30 23:55:00,-1249.551,2025-05-30 23:55:00
2025-05-31 00:00:00,-2499.876,2025-05-31 00:00:00
2025-05-31 00:05:00,-2499.876,2025-05-31 00:05:00
2025-05-31 00:10:00,-2499.876,2025-05-31 00:10:00
2025-05-31 00:15:00,-2499.876,2025-05-31 00:15:00
2025-05-31 00:20:00,-2499.876,2025-05-31 00:20:00
2025-05-31 00:25:00,-2499.876,2025-05-31 00:25:00
2025-05-31 00:30:00,-2499.876,2025-05-31 00:30:00
2025-05-31 00:35:00,-2499.876,2025-05-31 00:35:00
2025-05-31 00:40:00,-2499.876,2025-05-31 00:40:00
2025-05-31 00:45:00,-2499.876,2025-05-31 00:45:00
2025-05-31 00:50:00,-2499.876,2025-05-31 00:50:00
2025-05-31 00:55:00,-2499.876,2025-05-31 00:55:00
2025-05-31 01:00:00,-2499.876,2025-05-31 01:00:00
2025-05-31 01:05:00,-2499.876,2025-05-31 01:05:00
2025-05-31 01:10:00,-2499.876,2025-05-31 01:10:00
2025-05-31 01:15:00,-2499.876,2025-05-31 01:15:00
2025-05-31 01:20:00,-2499.876,2025-05-31 01:20:00
2025-05-31 01:25:00,-2499.876,2025-05-31 01:25:00
2025-05-31 01:30:00,-2499.876,2025-05-31 01:30:00
2025-05-31 01:35:00,-2499.876,2025-05-31 01:35:00
2025-05-31 01:40:00,-2499.876,2025-05-31 01:40:00
2025-05-31 01:45:00,-2499.876,2025-05-31 01:45:00
2025-05-31 01:50:00,-2499.876,2025-05-31 01:50:00
2025-05-31 01:55:00,-2499.876,2025-05-31 01:55:00
2025-05-31 02:00:00,-2499.876,2025-05-31 02:00:00
2025-05-31 02:05:00,-2499.876,2025-05-31 02:05:00
2025-05-31 02:10:00,-2499.876,2025-05-31 02:10:00
2025-05-31 02:15:00,-2499.876,2025-05-31 02:15:00
2025-05-31 02:20:00,-2499.876,2025-05-31 02:20:00
2025-05-31 02:25:00,-2499.876,2025-05-31 02:25:00
2025-05-31 02:30:00,-2499.876,2025-05-31 02:30:00
2025-05-31 02:35:00,-2499.876,2025-05-31 02:35:00
2025-05-31 02:40:00,-2499.876,2025-05-31 02:40:00
2025-05-31 02:45:00,-2499.876,2025-05-31 02:45:00
2025-05-31 02:50:00,-2499.876,2025-05-31 02:50:00
2025-05-31 02:55:00,-2499.876,2025-05-31 02:55:00
2025-05-31 03:00:00,-2499.876,2025-05-31 03:00:00
2025-05-31 03:05:00,-2499.876,2025-05-31 03:05:00
2025-05-31 03:10:00,-2499.876,2025-05-31 03:10:00
2025-05-31 03:15:00,-2499.876,2025-05-31 03:15:00
2025-05-31 03:20:00,-2499.876,2025-05-31 03:20:00
2025-05-31 03:25:00,-2499.876,2025-05-31 03:25:00
2025-05-31 03:30:00,-2499.876,2025-05-31 03:30:00
2025-05-31 03:35:00,-2499.876,2025-05-31 03:35:00
2025-05-31 03:40:00,-2499.876,2025-05-31 03:40:00
2025-05-31 03:45:00,-2499.876,2025-05-31 03:45:00
2025-05-31 03:50:00,-2499.876,2025-05-31 03:50:00
2025-05-31 03:55:00,-2499.876,2025-05-31 03:55:00
2025-05-31 04:00:00,-2499.876,2025-05-31 04:00:00
2025-05-31 04:05:00,-2499.876,2025-05-31 04:05:00
2025-05-31 04:10:00,-2499.876,2025-05-31 04:10:00
2025-05-31 04:15:00,-2499.876,2025-05-31 04:15:00
2025-05-31 04:20:00,-2499.876,2025-05-31 04:20:00
2025-05-31 04:25:00,-2499.876,2025-05-31 04:25:00
2025-05-31 04:30:00,-2499.876,2025-05-31 04:30:00
2025-05-31 04:35:00,-2499.876,2025-05-31 04:35:00
2025-05-31 04:40:00,-2499.876,2025-05-31 04:40:00
2025-05-31 04:45:00,-2499.876,2025-05-31 04:45:00
2025-05-31 04:50:00,-2499.876,2025-05-31 04:50:00
2025-05-31 04:55:00,-2499.876,2025-05-31 04:55:00
2025-05-31 05:00:00,-2499.876,2025-05-31 05:00:00
2025-05-31 05:05:00,-2499.876,2025-05-31 05:05:00
2025-05-31 05:10:00,-2499.876,2025-05-31 05:10:00
2025-05-31 05:15:00,-2499.876,2025-05-31 05:15:00
2025-05-31 05:20:00,-2499.876,2025-05-31 05:20:00
2025-05-31 05:25:00,-2499.876,2025-05-31 05:25:00
2025-05-31 05:30:00,-2499.876,2025-05-31 05:30:00
2025-05-31 05:35:00,-2499.876,2025-05-31 05:35:00
2025-05-31 05:40:00,-2499.876,2025-05-31 05:40:00
2025-05-31 05:45:00,-2499.876,2025-05-31 05:45:00
2025-05-31 05:50:00,-2499.876,2025-05-31 05:50:00
2025-05-31 05:55:00,-2499.876,2025-05-31 05:55:00
2025-05-31 06:00:00,0.0,2025-05-31 06:00:00
2025-05-31 06:05:00,0.0,2025-05-31 06:05:00
2025-05-31 06:10:00,0.0,2025-05-31 06:10:00
2025-05-31 06:15:00,0.0,2025-05-31 06:15:00
2025-05-31 06:20:00,0.0,2025-05-31 06:20:00
2025-05-31 06:25:00,0.0,2025-05-31 06:25:00
2025-05-31 06:30:00,0.0,2025-05-31 06:30:00
2025-05-31 06:35:00,0.0,2025-05-31 06:35:00
2025-05-31 06:40:00,0.0,2025-05-31 06:40:00
2025-05-31 06:45:00,0.0,2025-05-31 06:45:00
2025-05-31 06:50:00,0.0,2025-05-31 06:50:00
2025-05-31 06:55:00,0.0,2025-05-31 06:55:00
2025-05-31 07:00:00,0.0,2025-05-31 07:00:00
2025-05-31 07:05:00,0.0,2025-05-31 07:05:00
2025-05-31 07:10:00,0.0,2025-05-31 07:10:00
2025-05-31 07:15:00,0.0,2025-05-31 07:15:00
2025-05-31 07:20:00,0.0,2025-05-31 07:20:00
2025-05-31 07:25:00,0.0,2025-05-31 07:25:00
2025-05-31 07:30:00,0.0,2025-05-31 07:30:00
2025-05-31 07:35:00,0.0,2025-05-31 07:35:00
2025-05-31 07:40:00,0.0,2025-05-31 07:40:00
2025-05-31 07:45:00,0.0,2025-05-31 07:45:00
2025-05-31 07:50:00,0.0,2025-05-31 07:50:00
2025-05-31 07:55:00,0.0,2025-05-31 07:55:00
2025-05-31 08:00:00,8919.999,2025-05-31 08:00:00
2025-05-31 08:05:00,8919.999,2025-05-31 08:05:00
2025-05-31 08:10:00,8919.999,2025-05-31 08:10:00
2025-05-31 08:15:00,8919.999,2025-05-31 08:15:00
2025-05-31 08:20:00,8919.999,2025-05-31 08:20:00
2025-05-31 08:25:00,8919.999,2025-05-31 08:25:00
2025-05-31 08:30:00,8919.999,2025-05-31 08:30:00
2025-05-31 08:35:00,8919.999,2025-05-31 08:35:00
2025-05-31 08:40:00,8919.999,2025-05-31 08:40:00
2025-05-31 08:45:00,8919.999,2025-05-31 08:45:00
2025-05-31 08:50:00,8919.999,2025-05-31 08:50:00
2025-05-31 08:55:00,8919.999,2025-05-31 08:55:00
2025-05-31 09:00:00,8919.998,2025-05-31 09:00:00
2025-05-31 09:05:00,8919.998,2025-05-31 09:05:00
2025-05-31 09:10:00,8919.998,2025-05-31 09:10:00
2025-05-31 09:15:00,8919.997,2025-05-31 09:15:00
2025-05-31 09:20:00,8919.997,2025-05-31 09:20:00
2025-05-31 09:25:00,8919.995,2025-05-31 09:25:00
2025-05-31 09:30:00,8919.993,2025-05-31 09:30:00
2025-05-31 09:35:00,8919.975,2025-05-31 09:35:00
2025-05-31 09:40:00,5130.834,2025-05-31 09:40:00
2025-05-31 09:45:00,0.0,2025-05-31 09:45:00
2025-05-31 09:50:00,0.0,2025-05-31 09:50:00
2025-05-31 09:55:00,0.0,2025-05-31 09:55:00
2025-05-31 10:00:00,0.0,2025-05-31 10:00:00
2025-05-31 10:05:00,0.0,2025-05-31 10:05:00
2025-05-31 10:10:00,0.0,2025-05-31 10:10:00
2025-05-31 10:15:00,0.0,2025-05-31 10:15:00
2025-05-31 10:20:00,0.0,2025-05-31 10:20:00
2025-05-31 10:25:00,0.0,2025-05-31 10:25:00
2025-05-31 10:30:00,0.0,2025-05-31 10:30:00
2025-05-31 10:35:00,0.0,2025-05-31 10:35:00
2025-05-31 10:40:00,0.0,2025-05-31 10:40:00
2025-05-31 10:45:00,0.0,2025-05-31 10:45:00
2025-05-31 10:50:00,0.0,2025-05-31 10:50:00
2025-05-31 10:55:00,0.0,2025-05-31 10:55:00
2025-05-31 11:00:00,-2499.876,2025-05-31 11:00:00
2025-05-31 11:05:00,-2499.876,2025-05-31 11:05:00
2025-05-31 11:10:00,-2499.876,2025-05-31 11:10:00
2025-05-31 11:15:00,-2499.876,2025-05-31 11:15:00
2025-05-31 11:20:00,-2499.876,2025-05-31 11:20:00
2025-05-31 11:25:00,-2499.876,2025-05-31 11:25:00
2025-05-31 11:30:00,-2499.876,2025-05-31 11:30:00
2025-05-31 11:35:00,-2499.876,2025-05-31 11:35:00
2025-05-31 11:40:00,-2499.876,2025-05-31 11:40:00
2025-05-31 11:45:00,-2499.876,2025-05-31 11:45:00
2025-05-31 11:50:00,-2499.876,2025-05-31 11:50:00
2025-05-31 11:55:00,-2499.876,2025-05-31 11:55:00
2025-05-31 12:00:00,-2499.876,2025-05-31 12:00:00
2025-05-31 12:05:00,-2499.876,2025-05-31 12:05:00
2025-05-31 12:10:00,-2499.876,2025-05-31 12:10:00
2025-05-31 12:15:00,-2499.876,2025-05-31 12:15:00
2025-05-31 12:20:00,-2499.876,2025-05-31 12:20:00
2025-05-31 12:25:00,-2499.876,2025-05-31 12:25:00
2025-05-31 12:30:00,-2499.876,2025-05-31 12:30:00
2025-05-31 12:35:00,-2499.876,2025-05-31 12:35:00
2025-05-31 12:40:00,-2499.876,2025-05-31 12:40:00
2025-05-31 12:45:00,-2499.876,2025-05-31 12:45:00
2025-05-31 12:50:00,-2499.876,2025-05-31 12:50:00
2025-05-31 12:55:00,-2499.876,2025-05-31 12:55:00
2025-05-31 13:00:00,-2499.876,2025-05-31 13:00:00
2025-05-31 13:05:00,-2499.876,2025-05-31 13:05:00
2025-05-31 13:10:00,-2499.876,2025-05-31 13:10:00
2025-05-31 13:15:00,-2499.876,2025-05-31 13:15:00
2025-05-31 13:20:00,-2499.876,2025-05-31 13:20:00
2025-05-31 13:25:00,-2499.876,2025-05-31 13:25:00
2025-05-31 13:30:00,-2499.876,2025-05-31 13:30:00
2025-05-31 13:35:00,-2499.876,2025-05-31 13:35:00
2025-05-31 13:40:00,-2499.876,2025-05-31 13:40:00
2025-05-31 13:45:00,-2499.876,2025-05-31 13:45:00
2025-05-31 13:50:00,-2499.876,2025-05-31 13:50:00
2025-05-31 13:55:00,-2499.876,2025-05-31 13:55:00
2025-05-31 14:00:00,-2499.876,2025-05-31 14:00:00
2025-05-31 14:05:00,-2499.876,2025-05-31 14:05:00
2025-05-31 14:10:00,-2499.876,2025-05-31 14:10:00
2025-05-31 14:15:00,-2499.876,2025-05-31 14:15:00
2025-05-31 14:20:00,-2499.876,2025-05-31 14:20:00
2025-05-31 14:25:00,-2499.876,2025-05-31 14:25:00
2025-05-31 14:30:00,-2499.876,2025-05-31 14:30:00
2025-05-31 14:35:00,-2499.876,2025-05-31 14:35:00
2025-05-31 14:40:00,-2499.876,2025-05-31 14:40:00
2025-05-31 14:45:00,-2499.876,2025-05-31 14:45:00
2025-05-31 14:50:00,-2499.876,2025-05-31 14:50:00
2025-05-31 14:55:00,-2499.876,2025-05-31 14:55:00
2025-05-31 15:00:00,-2499.876,2025-05-31 15:00:00
2025-05-31 15:05:00,-2499.876,2025-05-31 15:05:00
2025-05-31 15:10:00,-2499.876,2025-05-31 15:10:00
2025-05-31 15:15:00,-2499.876,2025-05-31 15:15:00
2025-05-31 15:20:00,-2499.876,2025-05-31 15:20:00
2025-05-31 15:25:00,-2499.876,2025-05-31 15:25:00
2025-05-31 15:30:00,-2499.876,2025-05-31 15:30:00
2025-05-31 15:35:00,-2499.876,2025-05-31 15:35:00
2025-05-31 15:40:00,-2499.876,2025-05-31 15:40:00
2025-05-31 15:45:00,-2499.876,2025-05-31 15:45:00
2025-05-31 15:50:00,-2499.876,2025-05-31 15:50:00
2025-05-31 15:55:00,-2499.876,2025-05-31 15:55:00
2025-05-31 16:00:00,-2499.876,2025-05-31 16:00:00
2025-05-31 16:05:00,-2499.876,2025-05-31 16:05:00
2025-05-31 16:10:00,-2499.876,2025-05-31 16:10:00
2025-05-31 16:15:00,-2499.876,2025-05-31 16:15:00
2025-05-31 16:20:00,-2499.876,2025-05-31 16:20:00
2025-05-31 16:25:00,-2499.876,2025-05-31 16:25:00
2025-05-31 16:30:00,-2499.876,2025-05-31 16:30:00
2025-05-31 16:35:00,-2499.876,2025-05-31 16:35:00
2025-05-31 16:40:00,-2499.876,2025-05-31 16:40:00
2025-05-31 16:45:00,-2499.876,2025-05-31 16:45:00
2025-05-31 16:50:00,-2499.876,2025-05-31 16:50:00
2025-05-31 16:55:00,-2499.876,2025-05-31 16:55:00
2025-05-31 17:00:00,-2499.876,2025-05-31 17:00:00
2025-05-31 17:05:00,-2499.876,2025-05-31 17:05:00
2025-05-31 17:10:00,-2499.876,2025-05-31 17:10:00
2025-05-31 17:15:00,-2499.876,2025-05-31 17:15:00
2025-05-31 17:20:00,-2499.876,2025-05-31 17:20:00
2025-05-31 17:25:00,-2499.876,2025-05-31 17:25:00
2025-05-31 17:30:00,-2499.876,2025-05-31 17:30:00
2025-05-31 17:35:00,-2499.876,2025-05-31 17:35:00
2025-05-31 17:40:00,-2499.876,2025-05-31 17:40:00
2025-05-31 17:45:00,-2499.876,2025-05-31 17:45:00
2025-05-31 17:50:00,-2499.876,2025-05-31 17:50:00
2025-05-31 17:55:00,-2499.876,2025-05-31 17:55:00
2025-05-31 18:00:00,8919.999,2025-05-31 18:00:00
2025-05-31 18:05:00,8919.999,2025-05-31 18:05:00
2025-05-31 18:10:00,8919.999,2025-05-31 18:10:00
2025-05-31 18:15:00,8919.999,2025-05-31 18:15:00
2025-05-31 18:20:00,8919.999,2025-05-31 18:20:00
2025-05-31 18:25:00,8919.999,2025-05-31 18:25:00
2025-05-31 18:30:00,8919.999,2025-05-31 18:30:00
2025-05-31 18:35:00,8919.999,2025-05-31 18:35:00
2025-05-31 18:40:00,8919.999,2025-05-31 18:40:00
2025-05-31 18:45:00,8919.999,2025-05-31 18:45:00
2025-05-31 18:50:00,8919.999,2025-05-31 18:50:00
2025-05-31 18:55:00,8919.999,2025-05-31 18:55:00
2025-05-31 19:00:00,8919.998,2025-05-31 19:00:00
2025-05-31 19:05:00,8919.998,2025-05-31 19:05:00
2025-05-31 19:10:00,8919.998,2025-05-31 19:10:00
2025-05-31 19:15:00,8919.997,2025-05-31 19:15:00
2025-05-31 19:20:00,8919.997,2025-05-31 19:20:00
2025-05-31 19:25:00,8919.995,2025-05-31 19:25:00
2025-05-31 19:30:00,8919.993,2025-05-31 19:30:00
2025-05-31 19:35:00,8919.976,2025-05-31 19:35:00
2025-05-31 19:40:00,5130.835,2025-05-31 19:40:00
2025-05-31 19:45:00,0.0,2025-05-31 19:45:00
2025-05-31 19:50:00,0.0,2025-05-31 19:50:00
2025-05-31 19:55:00,0.0,2025-05-31 19:55:00
2025-05-31 20:00:00,0.0,2025-05-31 20:00:00
2025-05-31 20:05:00,0.0,2025-05-31 20:05:00
2025-05-31 20:10:00,0.0,2025-05-31 20:10:00
2025-05-31 20:15:00,0.0,2025-05-31 20:15:00
2025-05-31 20:20:00,0.0,2025-05-31 20:20:00
2025-05-31 20:25:00,0.0,2025-05-31 20:25:00
2025-05-31 20:30:00,0.0,2025-05-31 20:30:00
2025-05-31 20:35:00,0.0,2025-05-31 20:35:00
2025-05-31 20:40:00,0.0,2025-05-31 20:40:00
2025-05-31 20:45:00,0.0,2025-05-31 20:45:00
2025-05-31 20:50:00,0.0,2025-05-31 20:50:00
2025-05-31 20:55:00,0.0,2025-05-31 20:55:00
2025-05-31 21:00:00,0.0,2025-05-31 21:00:00
2025-05-31 21:05:00,0.0,2025-05-31 21:05:00
2025-05-31 21:10:00,0.0,2025-05-31 21:10:00
2025-05-31 21:15:00,0.0,2025-05-31 21:15:00
2025-05-31 21:20:00,0.0,2025-05-31 21:20:00
2025-05-31 21:25:00,0.0,2025-05-31 21:25:00
2025-05-31 21:30:00,0.0,2025-05-31 21:30:00
2025-05-31 21:35:00,0.0,2025-05-31 21:35:00
2025-05-31 21:40:00,0.0,2025-05-31 21:40:00
2025-05-31 21:45:00,0.0,2025-05-31 21:45:00
2025-05-31 21:50:00,0.0,2025-05-31 21:50:00
2025-05-31 21:55:00,0.0,2025-05-31 21:55:00
2025-05-31 22:00:00,0.0,2025-05-31 22:00:00
2025-05-31 22:05:00,0.0,2025-05-31 22:05:00
2025-05-31 22:10:00,0.0,2025-05-31 22:10:00
2025-05-31 22:15:00,0.0,2025-05-31 22:15:00
2025-05-31 22:20:00,0.0,2025-05-31 22:20:00
2025-05-31 22:25:00,0.0,2025-05-31 22:25:00
2025-05-31 22:30:00,0.0,2025-05-31 22:30:00
2025-05-31 22:35:00,0.0,2025-05-31 22:35:00
2025-05-31 22:40:00,0.0,2025-05-31 22:40:00
2025-05-31 22:45:00,0.0,2025-05-31 22:45:00
2025-05-31 22:50:00,0.0,2025-05-31 22:50:00
2025-05-31 22:55:00,0.0,2025-05-31 22:55:00
2025-05-31 23:00:00,0.0,2025-05-31 23:00:00
2025-05-31 23:05:00,0.0,2025-05-31 23:05:00
2025-05-31 23:10:00,0.0,2025-05-31 23:10:00
2025-05-31 23:15:00,0.0,2025-05-31 23:15:00
2025-05-31 23:20:00,0.0,2025-05-31 23:20:00
2025-05-31 23:25:00,0.0,2025-05-31 23:25:00
2025-05-31 23:30:00,0.0,2025-05-31 23:30:00
2025-05-31 23:35:00,0.0,2025-05-31 23:35:00
2025-05-31 23:40:00,0.0,2025-05-31 23:40:00
2025-05-31 23:45:00,0.0,2025-05-31 23:45:00
2025-05-31 23:50:00,0.0,2025-05-31 23:50:00
2025-05-31 23:55:00,0.0,2025-05-31 23:55:00
