,power_opt,time
2025-05-01 00:00:00,-1657.129,2025-05-01 00:00:00
2025-05-01 00:05:00,-1597.139,2025-05-01 00:05:00
2025-05-01 00:10:00,-1653.109,2025-05-01 00:10:00
2025-05-01 00:15:00,-1625.129,2025-05-01 00:15:00
2025-05-01 00:20:00,-1593.129,2025-05-01 00:20:00
2025-05-01 00:25:00,-1625.139,2025-05-01 00:25:00
2025-05-01 00:30:00,-1649.129,2025-05-01 00:30:00
2025-05-01 00:35:00,-1717.129,2025-05-01 00:35:00
2025-05-01 00:40:00,-1609.079,2025-05-01 00:40:00
2025-05-01 00:45:00,-1725.119,2025-05-01 00:45:00
2025-05-01 00:50:00,-1705.129,2025-05-01 00:50:00
2025-05-01 00:55:00,-1721.099,2025-05-01 00:55:00
2025-05-01 01:00:00,-1649.109,2025-05-01 01:00:00
2025-05-01 01:05:00,-1701.079,2025-05-01 01:05:00
2025-05-01 01:10:00,-1633.099,2025-05-01 01:10:00
2025-05-01 01:15:00,-1605.119,2025-05-01 01:15:00
2025-05-01 01:20:00,-1713.089,2025-05-01 01:20:00
2025-05-01 01:25:00,-1681.119,2025-05-01 01:25:00
2025-05-01 01:30:00,-1669.099,2025-05-01 01:30:00
2025-05-01 01:35:00,-1717.099,2025-05-01 01:35:00
2025-05-01 01:40:00,-1673.089,2025-05-01 01:40:00
2025-05-01 01:45:00,-1705.139,2025-05-01 01:45:00
2025-05-01 01:50:00,-1765.129,2025-05-01 01:50:00
2025-05-01 01:55:00,-1705.109,2025-05-01 01:55:00
2025-05-01 02:00:00,-1793.099,2025-05-01 02:00:00
2025-05-01 02:05:00,-1773.109,2025-05-01 02:05:00
2025-05-01 02:10:00,-1865.119,2025-05-01 02:10:00
2025-05-01 02:15:00,-1765.099,2025-05-01 02:15:00
2025-05-01 02:20:00,-1793.079,2025-05-01 02:20:00
2025-05-01 02:25:00,-1757.129,2025-05-01 02:25:00
2025-05-01 02:30:00,-1813.109,2025-05-01 02:30:00
2025-05-01 02:35:00,-1897.099,2025-05-01 02:35:00
2025-05-01 02:40:00,-1941.129,2025-05-01 02:40:00
2025-05-01 02:45:00,-1825.079,2025-05-01 02:45:00
2025-05-01 02:50:00,-1709.109,2025-05-01 02:50:00
2025-05-01 02:55:00,-1689.109,2025-05-01 02:55:00
2025-05-01 03:00:00,-1633.129,2025-05-01 03:00:00
2025-05-01 03:05:00,-1725.119,2025-05-01 03:05:00
2025-05-01 03:10:00,-1573.159,2025-05-01 03:10:00
2025-05-01 03:15:00,-1649.139,2025-05-01 03:15:00
2025-05-01 03:20:00,-1717.079,2025-05-01 03:20:00
2025-05-01 03:25:00,-1637.109,2025-05-01 03:25:00
2025-05-01 03:30:00,-1665.139,2025-05-01 03:30:00
2025-05-01 03:35:00,-1737.119,2025-05-01 03:35:00
2025-05-01 03:40:00,-1677.129,2025-05-01 03:40:00
2025-05-01 03:45:00,-1669.139,2025-05-01 03:45:00
2025-05-01 03:50:00,-1693.129,2025-05-01 03:50:00
2025-05-01 03:55:00,-1673.119,2025-05-01 03:55:00
2025-05-01 04:00:00,-1677.129,2025-05-01 04:00:00
2025-05-01 04:05:00,-1713.119,2025-05-01 04:05:00
2025-05-01 04:10:00,-1709.119,2025-05-01 04:10:00
2025-05-01 04:15:00,-1937.119,2025-05-01 04:15:00
2025-05-01 04:20:00,-1973.119,2025-05-01 04:20:00
2025-05-01 04:25:00,-1721.099,2025-05-01 04:25:00
2025-05-01 04:30:00,-1697.109,2025-05-01 04:30:00
2025-05-01 04:35:00,-1657.139,2025-05-01 04:35:00
2025-05-01 04:40:00,-1701.139,2025-05-01 04:40:00
2025-05-01 04:45:00,-1689.059,2025-05-01 04:45:00
2025-05-01 04:50:00,-1681.109,2025-05-01 04:50:00
2025-05-01 04:55:00,-1777.099,2025-05-01 04:55:00
2025-05-01 05:00:00,-1689.149,2025-05-01 05:00:00
2025-05-01 05:05:00,-1673.099,2025-05-01 05:05:00
2025-05-01 05:10:00,-1637.109,2025-05-01 05:10:00
2025-05-01 05:15:00,-1701.139,2025-05-01 05:15:00
2025-05-01 05:20:00,-1733.119,2025-05-01 05:20:00
2025-05-01 05:25:00,-1713.129,2025-05-01 05:25:00
2025-05-01 05:30:00,-1713.099,2025-05-01 05:30:00
2025-05-01 05:35:00,-1749.139,2025-05-01 05:35:00
2025-05-01 05:40:00,-1857.099,2025-05-01 05:40:00
2025-05-01 05:45:00,-1785.099,2025-05-01 05:45:00
2025-05-01 05:50:00,-1833.109,2025-05-01 05:50:00
2025-05-01 05:55:00,-1777.099,2025-05-01 05:55:00
2025-05-01 06:00:00,-1324.191,2025-05-01 06:00:00
2025-05-01 06:05:00,-1324.277,2025-05-01 06:05:00
2025-05-01 06:10:00,-1324.191,2025-05-01 06:10:00
2025-05-01 06:15:00,-1324.185,2025-05-01 06:15:00
2025-05-01 06:20:00,-1324.245,2025-05-01 06:20:00
2025-05-01 06:25:00,-1324.172,2025-05-01 06:25:00
2025-05-01 06:30:00,-1324.238,2025-05-01 06:30:00
2025-05-01 06:35:00,-1324.255,2025-05-01 06:35:00
2025-05-01 06:40:00,-1324.242,2025-05-01 06:40:00
2025-05-01 06:45:00,-1324.233,2025-05-01 06:45:00
2025-05-01 06:50:00,-1324.232,2025-05-01 06:50:00
2025-05-01 06:55:00,-1324.223,2025-05-01 06:55:00
2025-05-01 07:00:00,-1324.227,2025-05-01 07:00:00
2025-05-01 07:05:00,-1324.221,2025-05-01 07:05:00
2025-05-01 07:10:00,-1324.227,2025-05-01 07:10:00
2025-05-01 07:15:00,-1324.235,2025-05-01 07:15:00
2025-05-01 07:20:00,-1324.219,2025-05-01 07:20:00
2025-05-01 07:25:00,-1324.246,2025-05-01 07:25:00
2025-05-01 07:30:00,-1324.218,2025-05-01 07:30:00
2025-05-01 07:35:00,-1324.274,2025-05-01 07:35:00
2025-05-01 07:40:00,-1324.274,2025-05-01 07:40:00
2025-05-01 07:45:00,-1324.367,2025-05-01 07:45:00
2025-05-01 07:50:00,-1324.273,2025-05-01 07:50:00
2025-05-01 07:55:00,-1324.48,2025-05-01 07:55:00
2025-05-01 08:00:00,9000.0,2025-05-01 08:00:00
2025-05-01 08:05:00,9000.0,2025-05-01 08:05:00
2025-05-01 08:10:00,9000.0,2025-05-01 08:10:00
2025-05-01 08:15:00,9000.0,2025-05-01 08:15:00
2025-05-01 08:20:00,9000.0,2025-05-01 08:20:00
2025-05-01 08:25:00,9000.0,2025-05-01 08:25:00
2025-05-01 08:30:00,9000.0,2025-05-01 08:30:00
2025-05-01 08:35:00,9000.0,2025-05-01 08:35:00
2025-05-01 08:40:00,9000.0,2025-05-01 08:40:00
2025-05-01 08:45:00,9000.0,2025-05-01 08:45:00
2025-05-01 08:50:00,9000.0,2025-05-01 08:50:00
2025-05-01 08:55:00,9000.0,2025-05-01 08:55:00
2025-05-01 09:00:00,9000.0,2025-05-01 09:00:00
2025-05-01 09:05:00,9000.0,2025-05-01 09:05:00
2025-05-01 09:10:00,9000.0,2025-05-01 09:10:00
2025-05-01 09:15:00,9000.0,2025-05-01 09:15:00
2025-05-01 09:20:00,9000.0,2025-05-01 09:20:00
2025-05-01 09:25:00,9000.0,2025-05-01 09:25:00
2025-05-01 09:30:00,8999.999,2025-05-01 09:30:00
2025-05-01 09:35:00,8999.999,2025-05-01 09:35:00
2025-05-01 09:40:00,8999.999,2025-05-01 09:40:00
2025-05-01 09:45:00,8999.961,2025-05-01 09:45:00
2025-05-01 09:50:00,1044.034,2025-05-01 09:50:00
2025-05-01 09:55:00,0.0,2025-05-01 09:55:00
2025-05-01 10:00:00,0.0,2025-05-01 10:00:00
2025-05-01 10:05:00,0.0,2025-05-01 10:05:00
2025-05-01 10:10:00,0.0,2025-05-01 10:10:00
2025-05-01 10:15:00,0.0,2025-05-01 10:15:00
2025-05-01 10:20:00,0.0,2025-05-01 10:20:00
2025-05-01 10:25:00,0.0,2025-05-01 10:25:00
2025-05-01 10:30:00,0.0,2025-05-01 10:30:00
2025-05-01 10:35:00,0.0,2025-05-01 10:35:00
2025-05-01 10:40:00,0.0,2025-05-01 10:40:00
2025-05-01 10:45:00,0.0,2025-05-01 10:45:00
2025-05-01 10:50:00,0.0,2025-05-01 10:50:00
2025-05-01 10:55:00,0.0,2025-05-01 10:55:00
2025-05-01 11:00:00,-1953.109,2025-05-01 11:00:00
2025-05-01 11:05:00,-2001.079,2025-05-01 11:05:00
2025-05-01 11:10:00,-1869.069,2025-05-01 11:10:00
2025-05-01 11:15:00,-1977.089,2025-05-01 11:15:00
2025-05-01 11:20:00,-1881.119,2025-05-01 11:20:00
2025-05-01 11:25:00,-1937.119,2025-05-01 11:25:00
2025-05-01 11:30:00,-1973.129,2025-05-01 11:30:00
2025-05-01 11:35:00,-1909.139,2025-05-01 11:35:00
2025-05-01 11:40:00,-1929.099,2025-05-01 11:40:00
2025-05-01 11:45:00,-2025.119,2025-05-01 11:45:00
2025-05-01 11:50:00,-1989.099,2025-05-01 11:50:00
2025-05-01 11:55:00,-2021.059,2025-05-01 11:55:00
2025-05-01 12:00:00,-1865.099,2025-05-01 12:00:00
2025-05-01 12:05:00,-1917.139,2025-05-01 12:05:00
2025-05-01 12:10:00,-1837.129,2025-05-01 12:10:00
2025-05-01 12:15:00,-1777.089,2025-05-01 12:15:00
2025-05-01 12:20:00,-1897.089,2025-05-01 12:20:00
2025-05-01 12:25:00,-1929.149,2025-05-01 12:25:00
2025-05-01 12:30:00,-1925.099,2025-05-01 12:30:00
2025-05-01 12:35:00,-1901.109,2025-05-01 12:35:00
2025-05-01 12:40:00,-1697.129,2025-05-01 12:40:00
2025-05-01 12:45:00,-1585.089,2025-05-01 12:45:00
2025-05-01 12:50:00,-1565.089,2025-05-01 12:50:00
2025-05-01 12:55:00,-1505.099,2025-05-01 12:55:00
2025-05-01 13:00:00,-1401.089,2025-05-01 13:00:00
2025-05-01 13:05:00,-1385.129,2025-05-01 13:05:00
2025-05-01 13:10:00,-1469.089,2025-05-01 13:10:00
2025-05-01 13:15:00,-1385.139,2025-05-01 13:15:00
2025-05-01 13:20:00,-1413.109,2025-05-01 13:20:00
2025-05-01 13:25:00,-1613.099,2025-05-01 13:25:00
2025-05-01 13:30:00,-1493.099,2025-05-01 13:30:00
2025-05-01 13:35:00,-1509.119,2025-05-01 13:35:00
2025-05-01 13:40:00,-1593.109,2025-05-01 13:40:00
2025-05-01 13:45:00,-1545.129,2025-05-01 13:45:00
2025-05-01 13:50:00,-1497.119,2025-05-01 13:50:00
2025-05-01 13:55:00,-1673.089,2025-05-01 13:55:00
2025-05-01 14:00:00,-1613.119,2025-05-01 14:00:00
2025-05-01 14:05:00,-1637.109,2025-05-01 14:05:00
2025-05-01 14:10:00,-1705.099,2025-05-01 14:10:00
2025-05-01 14:15:00,-1469.099,2025-05-01 14:15:00
2025-05-01 14:20:00,-1637.139,2025-05-01 14:20:00
2025-05-01 14:25:00,-1841.089,2025-05-01 14:25:00
2025-05-01 14:30:00,-1489.089,2025-05-01 14:30:00
2025-05-01 14:35:00,-1489.129,2025-05-01 14:35:00
2025-05-01 14:40:00,-1717.149,2025-05-01 14:40:00
2025-05-01 14:45:00,-1793.149,2025-05-01 14:45:00
2025-05-01 14:50:00,-1829.119,2025-05-01 14:50:00
2025-05-01 14:55:00,-1941.089,2025-05-01 14:55:00
2025-05-01 15:00:00,-1993.099,2025-05-01 15:00:00
2025-05-01 15:05:00,-2197.109,2025-05-01 15:05:00
2025-05-01 15:10:00,-2185.129,2025-05-01 15:10:00
2025-05-01 15:15:00,-2113.099,2025-05-01 15:15:00
2025-05-01 15:20:00,-1989.129,2025-05-01 15:20:00
2025-05-01 15:25:00,-2097.069,2025-05-01 15:25:00
2025-05-01 15:30:00,-2141.139,2025-05-01 15:30:00
2025-05-01 15:35:00,-2209.099,2025-05-01 15:35:00
2025-05-01 15:40:00,-1929.099,2025-05-01 15:40:00
2025-05-01 15:45:00,-1837.139,2025-05-01 15:45:00
2025-05-01 15:50:00,-1969.109,2025-05-01 15:50:00
2025-05-01 15:55:00,-1957.119,2025-05-01 15:55:00
2025-05-01 16:00:00,-1941.069,2025-05-01 16:00:00
2025-05-01 16:05:00,-1881.089,2025-05-01 16:05:00
2025-05-01 16:10:00,-1853.079,2025-05-01 16:10:00
2025-05-01 16:15:00,-1825.139,2025-05-01 16:15:00
2025-05-01 16:20:00,-1849.139,2025-05-01 16:20:00
2025-05-01 16:25:00,-1841.099,2025-05-01 16:25:00
2025-05-01 16:30:00,-1813.139,2025-05-01 16:30:00
2025-05-01 16:35:00,-1793.079,2025-05-01 16:35:00
2025-05-01 16:40:00,-2073.089,2025-05-01 16:40:00
2025-05-01 16:45:00,-1829.099,2025-05-01 16:45:00
2025-05-01 16:50:00,-1905.099,2025-05-01 16:50:00
2025-05-01 16:55:00,-1925.099,2025-05-01 16:55:00
2025-05-01 17:00:00,-1961.129,2025-05-01 17:00:00
2025-05-01 17:05:00,-1921.119,2025-05-01 17:05:00
2025-05-01 17:10:00,-1881.089,2025-05-01 17:10:00
2025-05-01 17:15:00,-2057.109,2025-05-01 17:15:00
2025-05-01 17:20:00,-1969.089,2025-05-01 17:20:00
2025-05-01 17:25:00,-2037.119,2025-05-01 17:25:00
2025-05-01 17:30:00,-1773.119,2025-05-01 17:30:00
2025-05-01 17:35:00,-1885.139,2025-05-01 17:35:00
2025-05-01 17:40:00,-1829.099,2025-05-01 17:40:00
2025-05-01 17:45:00,-1889.089,2025-05-01 17:45:00
2025-05-01 17:50:00,-1897.109,2025-05-01 17:50:00
2025-05-01 17:55:00,-1845.129,2025-05-01 17:55:00
2025-05-01 18:00:00,9000.0,2025-05-01 18:00:00
2025-05-01 18:05:00,9000.0,2025-05-01 18:05:00
2025-05-01 18:10:00,9000.0,2025-05-01 18:10:00
2025-05-01 18:15:00,9000.0,2025-05-01 18:15:00
2025-05-01 18:20:00,9000.0,2025-05-01 18:20:00
2025-05-01 18:25:00,9000.0,2025-05-01 18:25:00
2025-05-01 18:30:00,9000.0,2025-05-01 18:30:00
2025-05-01 18:35:00,9000.0,2025-05-01 18:35:00
2025-05-01 18:40:00,9000.0,2025-05-01 18:40:00
2025-05-01 18:45:00,9000.0,2025-05-01 18:45:00
2025-05-01 18:50:00,8999.999,2025-05-01 18:50:00
2025-05-01 18:55:00,8999.999,2025-05-01 18:55:00
2025-05-01 19:00:00,8999.999,2025-05-01 19:00:00
2025-05-01 19:05:00,8999.997,2025-05-01 19:05:00
2025-05-01 19:10:00,7806.869,2025-05-01 19:10:00
2025-05-01 19:15:00,0.0,2025-05-01 19:15:00
2025-05-01 19:20:00,0.0,2025-05-01 19:20:00
2025-05-01 19:25:00,0.0,2025-05-01 19:25:00
2025-05-01 19:30:00,0.0,2025-05-01 19:30:00
2025-05-01 19:35:00,0.0,2025-05-01 19:35:00
2025-05-01 19:40:00,0.0,2025-05-01 19:40:00
2025-05-01 19:45:00,0.0,2025-05-01 19:45:00
2025-05-01 19:50:00,0.0,2025-05-01 19:50:00
2025-05-01 19:55:00,0.0,2025-05-01 19:55:00
2025-05-01 20:00:00,0.0,2025-05-01 20:00:00
2025-05-01 20:05:00,0.0,2025-05-01 20:05:00
2025-05-01 20:10:00,0.0,2025-05-01 20:10:00
2025-05-01 20:15:00,0.0,2025-05-01 20:15:00
2025-05-01 20:20:00,0.0,2025-05-01 20:20:00
2025-05-01 20:25:00,0.0,2025-05-01 20:25:00
2025-05-01 20:30:00,0.0,2025-05-01 20:30:00
2025-05-01 20:35:00,0.0,2025-05-01 20:35:00
2025-05-01 20:40:00,0.0,2025-05-01 20:40:00
2025-05-01 20:45:00,0.0,2025-05-01 20:45:00
2025-05-01 20:50:00,0.0,2025-05-01 20:50:00
2025-05-01 20:55:00,0.0,2025-05-01 20:55:00
2025-05-01 21:00:00,0.0,2025-05-01 21:00:00
2025-05-01 21:05:00,0.0,2025-05-01 21:05:00
2025-05-01 21:10:00,0.0,2025-05-01 21:10:00
2025-05-01 21:15:00,0.0,2025-05-01 21:15:00
2025-05-01 21:20:00,0.0,2025-05-01 21:20:00
2025-05-01 21:25:00,0.0,2025-05-01 21:25:00
2025-05-01 21:30:00,0.0,2025-05-01 21:30:00
2025-05-01 21:35:00,0.0,2025-05-01 21:35:00
2025-05-01 21:40:00,0.0,2025-05-01 21:40:00
2025-05-01 21:45:00,0.0,2025-05-01 21:45:00
2025-05-01 21:50:00,0.0,2025-05-01 21:50:00
2025-05-01 21:55:00,0.0,2025-05-01 21:55:00
2025-05-01 22:00:00,-1877.774,2025-05-01 22:00:00
2025-05-01 22:05:00,-2125.804,2025-05-01 22:05:00
2025-05-01 22:10:00,-1841.814,2025-05-01 22:10:00
2025-05-01 22:15:00,-1773.794,2025-05-01 22:15:00
2025-05-01 22:20:00,-1873.804,2025-05-01 22:20:00
2025-05-01 22:25:00,-2069.834,2025-05-01 22:25:00
2025-05-01 22:30:00,-1861.794,2025-05-01 22:30:00
2025-05-01 22:35:00,-1809.754,2025-05-01 22:35:00
2025-05-01 22:40:00,-1949.804,2025-05-01 22:40:00
2025-05-01 22:45:00,-1889.764,2025-05-01 22:45:00
2025-05-01 22:50:00,-1945.784,2025-05-01 22:50:00
2025-05-01 22:55:00,-2033.844,2025-05-01 22:55:00
2025-05-01 23:00:00,-2213.794,2025-05-01 23:00:00
2025-05-01 23:05:00,-1929.764,2025-05-01 23:05:00
2025-05-01 23:10:00,-1993.774,2025-05-01 23:10:00
2025-05-01 23:15:00,-2005.834,2025-05-01 23:15:00
2025-05-01 23:20:00,-1937.774,2025-05-01 23:20:00
2025-05-01 23:25:00,-1929.804,2025-05-01 23:25:00
2025-05-01 23:30:00,-2117.774,2025-05-01 23:30:00
2025-05-01 23:35:00,-1765.784,2025-05-01 23:35:00
2025-05-01 23:40:00,-1853.774,2025-05-01 23:40:00
2025-05-01 23:45:00,-2077.784,2025-05-01 23:45:00
2025-05-01 23:50:00,-2341.814,2025-05-01 23:50:00
2025-05-01 23:55:00,-2017.834,2025-05-01 23:55:00
2025-05-02 00:00:00,-1893.764,2025-05-02 00:00:00
2025-05-02 00:05:00,-1845.824,2025-05-02 00:05:00
2025-05-02 00:10:00,-1873.794,2025-05-02 00:10:00
2025-05-02 00:15:00,-1801.804,2025-05-02 00:15:00
2025-05-02 00:20:00,-1825.794,2025-05-02 00:20:00
2025-05-02 00:25:00,-1809.814,2025-05-02 00:25:00
2025-05-02 00:30:00,-1785.834,2025-05-02 00:30:00
2025-05-02 00:35:00,-1717.784,2025-05-02 00:35:00
2025-05-02 00:40:00,-1809.794,2025-05-02 00:40:00
2025-05-02 00:45:00,-1901.804,2025-05-02 00:45:00
2025-05-02 00:50:00,-1769.804,2025-05-02 00:50:00
2025-05-02 00:55:00,-1861.814,2025-05-02 00:55:00
2025-05-02 01:00:00,-1837.774,2025-05-02 01:00:00
2025-05-02 01:05:00,-1805.804,2025-05-02 01:05:00
2025-05-02 01:10:00,-1777.774,2025-05-02 01:10:00
2025-05-02 01:15:00,-1925.814,2025-05-02 01:15:00
2025-05-02 01:20:00,-1805.814,2025-05-02 01:20:00
2025-05-02 01:25:00,-1757.814,2025-05-02 01:25:00
2025-05-02 01:30:00,-2065.824,2025-05-02 01:30:00
2025-05-02 01:35:00,-1893.794,2025-05-02 01:35:00
2025-05-02 01:40:00,-1981.804,2025-05-02 01:40:00
2025-05-02 01:45:00,-2077.814,2025-05-02 01:45:00
2025-05-02 01:50:00,-2145.804,2025-05-02 01:50:00
2025-05-02 01:55:00,-1853.784,2025-05-02 01:55:00
2025-05-02 02:00:00,-1881.824,2025-05-02 02:00:00
2025-05-02 02:05:00,-1905.824,2025-05-02 02:05:00
2025-05-02 02:10:00,-1849.794,2025-05-02 02:10:00
2025-05-02 02:15:00,-1921.814,2025-05-02 02:15:00
2025-05-02 02:20:00,-2057.794,2025-05-02 02:20:00
2025-05-02 02:25:00,-2189.774,2025-05-02 02:25:00
2025-05-02 02:30:00,-2421.814,2025-05-02 02:30:00
2025-05-02 02:35:00,-1897.774,2025-05-02 02:35:00
2025-05-02 02:40:00,-1857.814,2025-05-02 02:40:00
2025-05-02 02:45:00,-1925.804,2025-05-02 02:45:00
2025-05-02 02:50:00,-1933.804,2025-05-02 02:50:00
2025-05-02 02:55:00,-1921.794,2025-05-02 02:55:00
2025-05-02 03:00:00,-1861.804,2025-05-02 03:00:00
2025-05-02 03:05:00,-1861.834,2025-05-02 03:05:00
2025-05-02 03:10:00,-1953.814,2025-05-02 03:10:00
2025-05-02 03:15:00,-1905.814,2025-05-02 03:15:00
2025-05-02 03:20:00,-1861.824,2025-05-02 03:20:00
2025-05-02 03:25:00,-1813.824,2025-05-02 03:25:00
2025-05-02 03:30:00,-1893.804,2025-05-02 03:30:00
2025-05-02 03:35:00,-1845.774,2025-05-02 03:35:00
2025-05-02 03:40:00,-1889.794,2025-05-02 03:40:00
2025-05-02 03:45:00,-2093.814,2025-05-02 03:45:00
2025-05-02 03:50:00,-1945.804,2025-05-02 03:50:00
2025-05-02 03:55:00,-1945.824,2025-05-02 03:55:00
2025-05-02 04:00:00,-1853.804,2025-05-02 04:00:00
2025-05-02 04:05:00,-2053.794,2025-05-02 04:05:00
2025-05-02 04:10:00,-1961.794,2025-05-02 04:10:00
2025-05-02 04:15:00,-1813.824,2025-05-02 04:15:00
2025-05-02 04:20:00,-1941.754,2025-05-02 04:20:00
2025-05-02 04:25:00,-1901.794,2025-05-02 04:25:00
2025-05-02 04:30:00,-2173.814,2025-05-02 04:30:00
2025-05-02 04:35:00,-2045.804,2025-05-02 04:35:00
2025-05-02 04:40:00,-1933.784,2025-05-02 04:40:00
2025-05-02 04:45:00,-1893.814,2025-05-02 04:45:00
2025-05-02 04:50:00,-1889.804,2025-05-02 04:50:00
2025-05-02 04:55:00,-1865.804,2025-05-02 04:55:00
2025-05-02 05:00:00,-2085.784,2025-05-02 05:00:00
2025-05-02 05:05:00,-1977.804,2025-05-02 05:05:00
2025-05-02 05:10:00,-1829.804,2025-05-02 05:10:00
2025-05-02 05:15:00,-1945.804,2025-05-02 05:15:00
2025-05-02 05:20:00,-1977.784,2025-05-02 05:20:00
2025-05-02 05:25:00,-1913.834,2025-05-02 05:25:00
2025-05-02 05:30:00,-1833.804,2025-05-02 05:30:00
2025-05-02 05:35:00,-1993.754,2025-05-02 05:35:00
2025-05-02 05:40:00,-1801.754,2025-05-02 05:40:00
2025-05-02 05:45:00,-2165.794,2025-05-02 05:45:00
2025-05-02 05:50:00,-2321.784,2025-05-02 05:50:00
2025-05-02 05:55:00,-2089.814,2025-05-02 05:55:00
2025-05-02 06:00:00,-1740.272,2025-05-02 06:00:00
2025-05-02 06:05:00,-1740.265,2025-05-02 06:05:00
2025-05-02 06:10:00,-1740.273,2025-05-02 06:10:00
2025-05-02 06:15:00,-1740.273,2025-05-02 06:15:00
2025-05-02 06:20:00,-1740.272,2025-05-02 06:20:00
2025-05-02 06:25:00,-1740.265,2025-05-02 06:25:00
2025-05-02 06:30:00,-1740.264,2025-05-02 06:30:00
2025-05-02 06:35:00,-1740.271,2025-05-02 06:35:00
2025-05-02 06:40:00,-1740.269,2025-05-02 06:40:00
2025-05-02 06:45:00,-1740.266,2025-05-02 06:45:00
2025-05-02 06:50:00,-1740.269,2025-05-02 06:50:00
2025-05-02 06:55:00,-1740.269,2025-05-02 06:55:00
2025-05-02 07:00:00,-1740.263,2025-05-02 07:00:00
2025-05-02 07:05:00,-1740.268,2025-05-02 07:05:00
2025-05-02 07:10:00,-1740.265,2025-05-02 07:10:00
2025-05-02 07:15:00,-1740.266,2025-05-02 07:15:00
2025-05-02 07:20:00,-1740.265,2025-05-02 07:20:00
2025-05-02 07:25:00,-1740.257,2025-05-02 07:25:00
2025-05-02 07:30:00,-1740.256,2025-05-02 07:30:00
2025-05-02 07:35:00,-1740.264,2025-05-02 07:35:00
2025-05-02 07:40:00,-1740.252,2025-05-02 07:40:00
2025-05-02 07:45:00,-1740.259,2025-05-02 07:45:00
2025-05-02 07:50:00,-1740.26,2025-05-02 07:50:00
2025-05-02 07:55:00,-1740.269,2025-05-02 07:55:00
2025-05-02 08:00:00,9000.0,2025-05-02 08:00:00
2025-05-02 08:05:00,9000.0,2025-05-02 08:05:00
2025-05-02 08:10:00,9000.0,2025-05-02 08:10:00
2025-05-02 08:15:00,9000.0,2025-05-02 08:15:00
2025-05-02 08:20:00,9000.0,2025-05-02 08:20:00
2025-05-02 08:25:00,9000.0,2025-05-02 08:25:00
2025-05-02 08:30:00,9000.0,2025-05-02 08:30:00
2025-05-02 08:35:00,9000.0,2025-05-02 08:35:00
2025-05-02 08:40:00,9000.0,2025-05-02 08:40:00
2025-05-02 08:45:00,9000.0,2025-05-02 08:45:00
2025-05-02 08:50:00,9000.0,2025-05-02 08:50:00
2025-05-02 08:55:00,9000.0,2025-05-02 08:55:00
2025-05-02 09:00:00,9000.0,2025-05-02 09:00:00
2025-05-02 09:05:00,9000.0,2025-05-02 09:05:00
2025-05-02 09:10:00,9000.0,2025-05-02 09:10:00
2025-05-02 09:15:00,9000.0,2025-05-02 09:15:00
2025-05-02 09:20:00,9000.0,2025-05-02 09:20:00
2025-05-02 09:25:00,9000.0,2025-05-02 09:25:00
2025-05-02 09:30:00,9000.0,2025-05-02 09:30:00
2025-05-02 09:35:00,9000.0,2025-05-02 09:35:00
2025-05-02 09:40:00,9000.0,2025-05-02 09:40:00
2025-05-02 09:45:00,8999.999,2025-05-02 09:45:00
2025-05-02 09:50:00,1044.001,2025-05-02 09:50:00
2025-05-02 09:55:00,0.0,2025-05-02 09:55:00
2025-05-02 10:00:00,0.0,2025-05-02 10:00:00
2025-05-02 10:05:00,0.0,2025-05-02 10:05:00
2025-05-02 10:10:00,0.0,2025-05-02 10:10:00
2025-05-02 10:15:00,0.0,2025-05-02 10:15:00
2025-05-02 10:20:00,0.0,2025-05-02 10:20:00
2025-05-02 10:25:00,0.0,2025-05-02 10:25:00
2025-05-02 10:30:00,0.0,2025-05-02 10:30:00
2025-05-02 10:35:00,0.0,2025-05-02 10:35:00
2025-05-02 10:40:00,0.0,2025-05-02 10:40:00
2025-05-02 10:45:00,0.0,2025-05-02 10:45:00
2025-05-02 10:50:00,0.0,2025-05-02 10:50:00
2025-05-02 10:55:00,0.0,2025-05-02 10:55:00
2025-05-02 11:00:00,-2141.784,2025-05-02 11:00:00
2025-05-02 11:05:00,-2025.794,2025-05-02 11:05:00
2025-05-02 11:10:00,-1865.774,2025-05-02 11:10:00
2025-05-02 11:15:00,-2013.774,2025-05-02 11:15:00
2025-05-02 11:20:00,-1853.794,2025-05-02 11:20:00
2025-05-02 11:25:00,-1849.804,2025-05-02 11:25:00
2025-05-02 11:30:00,-1905.834,2025-05-02 11:30:00
2025-05-02 11:35:00,-2025.804,2025-05-02 11:35:00
2025-05-02 11:40:00,-1841.804,2025-05-02 11:40:00
2025-05-02 11:45:00,-1929.814,2025-05-02 11:45:00
2025-05-02 11:50:00,-2161.794,2025-05-02 11:50:00
2025-05-02 11:55:00,-1893.764,2025-05-02 11:55:00
2025-05-02 12:00:00,-1889.814,2025-05-02 12:00:00
2025-05-02 12:05:00,-1909.804,2025-05-02 12:05:00
2025-05-02 12:10:00,-1865.814,2025-05-02 12:10:00
2025-05-02 12:15:00,-2021.794,2025-05-02 12:15:00
2025-05-02 12:20:00,-1893.784,2025-05-02 12:20:00
2025-05-02 12:25:00,-1829.794,2025-05-02 12:25:00
2025-05-02 12:30:00,-1853.784,2025-05-02 12:30:00
2025-05-02 12:35:00,-1809.814,2025-05-02 12:35:00
2025-05-02 12:40:00,-1741.794,2025-05-02 12:40:00
2025-05-02 12:45:00,-1821.794,2025-05-02 12:45:00
2025-05-02 12:50:00,-1853.784,2025-05-02 12:50:00
2025-05-02 12:55:00,-1805.814,2025-05-02 12:55:00
2025-05-02 13:00:00,-1833.814,2025-05-02 13:00:00
2025-05-02 13:05:00,-1881.804,2025-05-02 13:05:00
2025-05-02 13:10:00,-1969.804,2025-05-02 13:10:00
2025-05-02 13:15:00,-1777.804,2025-05-02 13:15:00
2025-05-02 13:20:00,-1901.814,2025-05-02 13:20:00
2025-05-02 13:25:00,-1849.824,2025-05-02 13:25:00
2025-05-02 13:30:00,-2113.794,2025-05-02 13:30:00
2025-05-02 13:35:00,-1977.814,2025-05-02 13:35:00
2025-05-02 13:40:00,-2093.804,2025-05-02 13:40:00
2025-05-02 13:45:00,-2061.764,2025-05-02 13:45:00
2025-05-02 13:50:00,-1961.814,2025-05-02 13:50:00
2025-05-02 13:55:00,-2105.794,2025-05-02 13:55:00
2025-05-02 14:00:00,-1845.794,2025-05-02 14:00:00
2025-05-02 14:05:00,-2005.814,2025-05-02 14:05:00
2025-05-02 14:10:00,-2041.824,2025-05-02 14:10:00
2025-05-02 14:15:00,-1997.814,2025-05-02 14:15:00
2025-05-02 14:20:00,-1937.754,2025-05-02 14:20:00
2025-05-02 14:25:00,-2029.814,2025-05-02 14:25:00
2025-05-02 14:30:00,-1957.814,2025-05-02 14:30:00
2025-05-02 14:35:00,-1965.794,2025-05-02 14:35:00
2025-05-02 14:40:00,-1829.814,2025-05-02 14:40:00
2025-05-02 14:45:00,-2145.774,2025-05-02 14:45:00
2025-05-02 14:50:00,-1885.774,2025-05-02 14:50:00
2025-05-02 14:55:00,-1801.784,2025-05-02 14:55:00
2025-05-02 15:00:00,-1773.764,2025-05-02 15:00:00
2025-05-02 15:05:00,-1965.784,2025-05-02 15:05:00
2025-05-02 15:10:00,-1881.784,2025-05-02 15:10:00
2025-05-02 15:15:00,-1793.814,2025-05-02 15:15:00
2025-05-02 15:20:00,-2069.794,2025-05-02 15:20:00
2025-05-02 15:25:00,-1941.764,2025-05-02 15:25:00
2025-05-02 15:30:00,-1905.794,2025-05-02 15:30:00
2025-05-02 15:35:00,-1861.814,2025-05-02 15:35:00
2025-05-02 15:40:00,-2089.764,2025-05-02 15:40:00
2025-05-02 15:45:00,-1761.794,2025-05-02 15:45:00
2025-05-02 15:50:00,-1825.824,2025-05-02 15:50:00
2025-05-02 15:55:00,-1805.794,2025-05-02 15:55:00
2025-05-02 16:00:00,-1957.794,2025-05-02 16:00:00
2025-05-02 16:05:00,-1825.784,2025-05-02 16:05:00
2025-05-02 16:10:00,-1829.814,2025-05-02 16:10:00
2025-05-02 16:15:00,-1921.804,2025-05-02 16:15:00
2025-05-02 16:20:00,-2117.814,2025-05-02 16:20:00
2025-05-02 16:25:00,-2073.814,2025-05-02 16:25:00
2025-05-02 16:30:00,-1781.784,2025-05-02 16:30:00
2025-05-02 16:35:00,-1869.804,2025-05-02 16:35:00
2025-05-02 16:40:00,-1841.804,2025-05-02 16:40:00
2025-05-02 16:45:00,-2117.824,2025-05-02 16:45:00
2025-05-02 16:50:00,-2085.774,2025-05-02 16:50:00
2025-05-02 16:55:00,-2133.784,2025-05-02 16:55:00
2025-05-02 17:00:00,-2193.814,2025-05-02 17:00:00
2025-05-02 17:05:00,-1905.834,2025-05-02 17:05:00
2025-05-02 17:10:00,-1893.814,2025-05-02 17:10:00
2025-05-02 17:15:00,-1833.804,2025-05-02 17:15:00
2025-05-02 17:20:00,-1893.754,2025-05-02 17:20:00
2025-05-02 17:25:00,-1833.774,2025-05-02 17:25:00
2025-05-02 17:30:00,-1657.784,2025-05-02 17:30:00
2025-05-02 17:35:00,-1841.814,2025-05-02 17:35:00
2025-05-02 17:40:00,-1745.764,2025-05-02 17:40:00
2025-05-02 17:45:00,-1721.814,2025-05-02 17:45:00
2025-05-02 17:50:00,-1885.824,2025-05-02 17:50:00
2025-05-02 17:55:00,-2065.754,2025-05-02 17:55:00
2025-05-02 18:00:00,9000.0,2025-05-02 18:00:00
2025-05-02 18:05:00,9000.0,2025-05-02 18:05:00
2025-05-02 18:10:00,9000.0,2025-05-02 18:10:00
2025-05-02 18:15:00,9000.0,2025-05-02 18:15:00
2025-05-02 18:20:00,9000.0,2025-05-02 18:20:00
2025-05-02 18:25:00,9000.0,2025-05-02 18:25:00
2025-05-02 18:30:00,9000.0,2025-05-02 18:30:00
2025-05-02 18:35:00,9000.0,2025-05-02 18:35:00
2025-05-02 18:40:00,9000.0,2025-05-02 18:40:00
2025-05-02 18:45:00,9000.0,2025-05-02 18:45:00
2025-05-02 18:50:00,9000.0,2025-05-02 18:50:00
2025-05-02 18:55:00,9000.0,2025-05-02 18:55:00
2025-05-02 19:00:00,9000.0,2025-05-02 19:00:00
2025-05-02 19:05:00,9000.0,2025-05-02 19:05:00
2025-05-02 19:10:00,9000.0,2025-05-02 19:10:00
2025-05-02 19:15:00,6143.096,2025-05-02 19:15:00
2025-05-02 19:20:00,0.0,2025-05-02 19:20:00
2025-05-02 19:25:00,0.0,2025-05-02 19:25:00
2025-05-02 19:30:00,0.0,2025-05-02 19:30:00
2025-05-02 19:35:00,0.0,2025-05-02 19:35:00
2025-05-02 19:40:00,0.0,2025-05-02 19:40:00
2025-05-02 19:45:00,0.0,2025-05-02 19:45:00
2025-05-02 19:50:00,0.0,2025-05-02 19:50:00
2025-05-02 19:55:00,0.0,2025-05-02 19:55:00
2025-05-02 20:00:00,0.0,2025-05-02 20:00:00
2025-05-02 20:05:00,0.0,2025-05-02 20:05:00
2025-05-02 20:10:00,0.0,2025-05-02 20:10:00
2025-05-02 20:15:00,0.0,2025-05-02 20:15:00
2025-05-02 20:20:00,0.0,2025-05-02 20:20:00
2025-05-02 20:25:00,0.0,2025-05-02 20:25:00
2025-05-02 20:30:00,0.0,2025-05-02 20:30:00
2025-05-02 20:35:00,0.0,2025-05-02 20:35:00
2025-05-02 20:40:00,0.0,2025-05-02 20:40:00
2025-05-02 20:45:00,0.0,2025-05-02 20:45:00
2025-05-02 20:50:00,0.0,2025-05-02 20:50:00
2025-05-02 20:55:00,0.0,2025-05-02 20:55:00
2025-05-02 21:00:00,0.0,2025-05-02 21:00:00
2025-05-02 21:05:00,0.0,2025-05-02 21:05:00
2025-05-02 21:10:00,0.0,2025-05-02 21:10:00
2025-05-02 21:15:00,0.0,2025-05-02 21:15:00
2025-05-02 21:20:00,0.0,2025-05-02 21:20:00
2025-05-02 21:25:00,0.0,2025-05-02 21:25:00
2025-05-02 21:30:00,0.0,2025-05-02 21:30:00
2025-05-02 21:35:00,0.0,2025-05-02 21:35:00
2025-05-02 21:40:00,0.0,2025-05-02 21:40:00
2025-05-02 21:45:00,0.0,2025-05-02 21:45:00
2025-05-02 21:50:00,0.0,2025-05-02 21:50:00
2025-05-02 21:55:00,0.0,2025-05-02 21:55:00
2025-05-02 22:00:00,-2024.41,2025-05-02 22:00:00
2025-05-02 22:05:00,-1820.38,2025-05-02 22:05:00
2025-05-02 22:10:00,-1792.42,2025-05-02 22:10:00
2025-05-02 22:15:00,-1928.38,2025-05-02 22:15:00
2025-05-02 22:20:00,-1900.42,2025-05-02 22:20:00
2025-05-02 22:25:00,-1812.43,2025-05-02 22:25:00
2025-05-02 22:30:00,-1772.4,2025-05-02 22:30:00
2025-05-02 22:35:00,-1840.41,2025-05-02 22:35:00
2025-05-02 22:40:00,-1860.39,2025-05-02 22:40:00
2025-05-02 22:45:00,-1808.39,2025-05-02 22:45:00
2025-05-02 22:50:00,-1868.37,2025-05-02 22:50:00
2025-05-02 22:55:00,-1836.4,2025-05-02 22:55:00
2025-05-02 23:00:00,-1932.41,2025-05-02 23:00:00
2025-05-02 23:05:00,-1912.43,2025-05-02 23:05:00
2025-05-02 23:10:00,-1784.42,2025-05-02 23:10:00
2025-05-02 23:15:00,-1804.42,2025-05-02 23:15:00
2025-05-02 23:20:00,-1848.4,2025-05-02 23:20:00
2025-05-02 23:25:00,-1748.45,2025-05-02 23:25:00
2025-05-02 23:30:00,-1876.42,2025-05-02 23:30:00
2025-05-02 23:35:00,-1796.4,2025-05-02 23:35:00
2025-05-02 23:40:00,-1768.42,2025-05-02 23:40:00
2025-05-02 23:45:00,-1828.4,2025-05-02 23:45:00
2025-05-02 23:50:00,-1840.43,2025-05-02 23:50:00
2025-05-02 23:55:00,-1816.4,2025-05-02 23:55:00
2025-05-03 00:00:00,-2044.41,2025-05-03 00:00:00
2025-05-03 00:05:00,-2008.42,2025-05-03 00:05:00
2025-05-03 00:10:00,-1768.41,2025-05-03 00:10:00
2025-05-03 00:15:00,-1924.38,2025-05-03 00:15:00
2025-05-03 00:20:00,-1864.4,2025-05-03 00:20:00
2025-05-03 00:25:00,-1888.37,2025-05-03 00:25:00
2025-05-03 00:30:00,-1756.39,2025-05-03 00:30:00
2025-05-03 00:35:00,-1828.43,2025-05-03 00:35:00
2025-05-03 00:40:00,-1752.39,2025-05-03 00:40:00
2025-05-03 00:45:00,-1720.42,2025-05-03 00:45:00
2025-05-03 00:50:00,-1824.38,2025-05-03 00:50:00
2025-05-03 00:55:00,-1716.43,2025-05-03 00:55:00
2025-05-03 01:00:00,-1668.35,2025-05-03 01:00:00
2025-05-03 01:05:00,-1692.37,2025-05-03 01:05:00
2025-05-03 01:10:00,-1564.4,2025-05-03 01:10:00
2025-05-03 01:15:00,-1688.41,2025-05-03 01:15:00
2025-05-03 01:20:00,-1812.44,2025-05-03 01:20:00
2025-05-03 01:25:00,-1684.42,2025-05-03 01:25:00
2025-05-03 01:30:00,-1828.35,2025-05-03 01:30:00
2025-05-03 01:35:00,-1776.37,2025-05-03 01:35:00
2025-05-03 01:40:00,-1552.39,2025-05-03 01:40:00
2025-05-03 01:45:00,-1756.42,2025-05-03 01:45:00
2025-05-03 01:50:00,-1832.38,2025-05-03 01:50:00
2025-05-03 01:55:00,-1564.39,2025-05-03 01:55:00
2025-05-03 02:00:00,-1928.39,2025-05-03 02:00:00
2025-05-03 02:05:00,-1668.41,2025-05-03 02:05:00
2025-05-03 02:10:00,-1752.42,2025-05-03 02:10:00
2025-05-03 02:15:00,-1664.34,2025-05-03 02:15:00
2025-05-03 02:20:00,-1800.42,2025-05-03 02:20:00
2025-05-03 02:25:00,-1552.41,2025-05-03 02:25:00
2025-05-03 02:30:00,-1612.42,2025-05-03 02:30:00
2025-05-03 02:35:00,-1688.4,2025-05-03 02:35:00
2025-05-03 02:40:00,-1656.37,2025-05-03 02:40:00
2025-05-03 02:45:00,-1692.42,2025-05-03 02:45:00
2025-05-03 02:50:00,-1684.42,2025-05-03 02:50:00
2025-05-03 02:55:00,-1644.37,2025-05-03 02:55:00
2025-05-03 03:00:00,-1672.39,2025-05-03 03:00:00
2025-05-03 03:05:00,-1668.43,2025-05-03 03:05:00
2025-05-03 03:10:00,-1708.4,2025-05-03 03:10:00
2025-05-03 03:15:00,-1868.38,2025-05-03 03:15:00
2025-05-03 03:20:00,-1768.43,2025-05-03 03:20:00
2025-05-03 03:25:00,-1680.42,2025-05-03 03:25:00
2025-05-03 03:30:00,-1848.4,2025-05-03 03:30:00
2025-05-03 03:35:00,-1708.39,2025-05-03 03:35:00
2025-05-03 03:40:00,-1652.37,2025-05-03 03:40:00
2025-05-03 03:45:00,-1808.39,2025-05-03 03:45:00
2025-05-03 03:50:00,-1740.37,2025-05-03 03:50:00
2025-05-03 03:55:00,-1824.42,2025-05-03 03:55:00
2025-05-03 04:00:00,-1648.4,2025-05-03 04:00:00
2025-05-03 04:05:00,-1680.38,2025-05-03 04:05:00
2025-05-03 04:10:00,-1864.37,2025-05-03 04:10:00
2025-05-03 04:15:00,-1648.4,2025-05-03 04:15:00
2025-05-03 04:20:00,-1644.41,2025-05-03 04:20:00
2025-05-03 04:25:00,-1600.4,2025-05-03 04:25:00
2025-05-03 04:30:00,-1680.43,2025-05-03 04:30:00
2025-05-03 04:35:00,-1712.43,2025-05-03 04:35:00
2025-05-03 04:40:00,-2032.4,2025-05-03 04:40:00
2025-05-03 04:45:00,-1652.42,2025-05-03 04:45:00
2025-05-03 04:50:00,-1696.41,2025-05-03 04:50:00
2025-05-03 04:55:00,-1756.39,2025-05-03 04:55:00
2025-05-03 05:00:00,-1808.39,2025-05-03 05:00:00
2025-05-03 05:05:00,-1732.38,2025-05-03 05:05:00
2025-05-03 05:10:00,-1948.42,2025-05-03 05:10:00
2025-05-03 05:15:00,-1808.4,2025-05-03 05:15:00
2025-05-03 05:20:00,-1780.38,2025-05-03 05:20:00
2025-05-03 05:25:00,-1916.39,2025-05-03 05:25:00
2025-05-03 05:30:00,-1732.43,2025-05-03 05:30:00
2025-05-03 05:35:00,-1872.41,2025-05-03 05:35:00
2025-05-03 05:40:00,-1840.41,2025-05-03 05:40:00
2025-05-03 05:45:00,-1860.4,2025-05-03 05:45:00
2025-05-03 05:50:00,-1836.43,2025-05-03 05:50:00
2025-05-03 05:55:00,-2148.41,2025-05-03 05:55:00
2025-05-03 06:00:00,-2104.42,2025-05-03 06:00:00
2025-05-03 06:05:00,-1888.43,2025-05-03 06:05:00
2025-05-03 06:10:00,-1852.4,2025-05-03 06:10:00
2025-05-03 06:15:00,-2124.41,2025-05-03 06:15:00
2025-05-03 06:20:00,-1888.41,2025-05-03 06:20:00
2025-05-03 06:25:00,-1872.43,2025-05-03 06:25:00
2025-05-03 06:30:00,-1920.4,2025-05-03 06:30:00
2025-05-03 06:35:00,-1816.4,2025-05-03 06:35:00
2025-05-03 06:40:00,-1928.41,2025-05-03 06:40:00
2025-05-03 06:45:00,-1892.39,2025-05-03 06:45:00
2025-05-03 06:50:00,-1948.41,2025-05-03 06:50:00
2025-05-03 06:55:00,-2008.39,2025-05-03 06:55:00
2025-05-03 07:00:00,-1844.35,2025-05-03 07:00:00
2025-05-03 07:05:00,-1812.43,2025-05-03 07:05:00
2025-05-03 07:10:00,-1852.43,2025-05-03 07:10:00
2025-05-03 07:15:00,-1868.42,2025-05-03 07:15:00
2025-05-03 07:20:00,-1924.42,2025-05-03 07:20:00
2025-05-03 07:25:00,-1940.37,2025-05-03 07:25:00
2025-05-03 07:30:00,-1924.42,2025-05-03 07:30:00
2025-05-03 07:35:00,-2000.39,2025-05-03 07:35:00
2025-05-03 07:40:00,-1848.4,2025-05-03 07:40:00
2025-05-03 07:45:00,-1832.41,2025-05-03 07:45:00
2025-05-03 07:50:00,-1860.41,2025-05-03 07:50:00
2025-05-03 07:55:00,-1828.39,2025-05-03 07:55:00
2025-05-03 08:00:00,9000.0,2025-05-03 08:00:00
2025-05-03 08:05:00,9000.0,2025-05-03 08:05:00
2025-05-03 08:10:00,9000.0,2025-05-03 08:10:00
2025-05-03 08:15:00,9000.0,2025-05-03 08:15:00
2025-05-03 08:20:00,9000.0,2025-05-03 08:20:00
2025-05-03 08:25:00,9000.0,2025-05-03 08:25:00
2025-05-03 08:30:00,9000.0,2025-05-03 08:30:00
2025-05-03 08:35:00,9000.0,2025-05-03 08:35:00
2025-05-03 08:40:00,9000.0,2025-05-03 08:40:00
2025-05-03 08:45:00,9000.0,2025-05-03 08:45:00
2025-05-03 08:50:00,9000.0,2025-05-03 08:50:00
2025-05-03 08:55:00,9000.0,2025-05-03 08:55:00
2025-05-03 09:00:00,9000.0,2025-05-03 09:00:00
2025-05-03 09:05:00,9000.0,2025-05-03 09:05:00
2025-05-03 09:10:00,9000.0,2025-05-03 09:10:00
2025-05-03 09:15:00,9000.0,2025-05-03 09:15:00
2025-05-03 09:20:00,9000.0,2025-05-03 09:20:00
2025-05-03 09:25:00,9000.0,2025-05-03 09:25:00
2025-05-03 09:30:00,9000.0,2025-05-03 09:30:00
2025-05-03 09:35:00,9000.0,2025-05-03 09:35:00
2025-05-03 09:40:00,8999.997,2025-05-03 09:40:00
2025-05-03 09:45:00,410.042,2025-05-03 09:45:00
2025-05-03 09:50:00,0.0,2025-05-03 09:50:00
2025-05-03 09:55:00,0.0,2025-05-03 09:55:00
2025-05-03 10:00:00,0.0,2025-05-03 10:00:00
2025-05-03 10:05:00,0.0,2025-05-03 10:05:00
2025-05-03 10:10:00,0.0,2025-05-03 10:10:00
2025-05-03 10:15:00,0.0,2025-05-03 10:15:00
2025-05-03 10:20:00,0.0,2025-05-03 10:20:00
2025-05-03 10:25:00,0.0,2025-05-03 10:25:00
2025-05-03 10:30:00,0.0,2025-05-03 10:30:00
2025-05-03 10:35:00,0.0,2025-05-03 10:35:00
2025-05-03 10:40:00,0.0,2025-05-03 10:40:00
2025-05-03 10:45:00,0.0,2025-05-03 10:45:00
2025-05-03 10:50:00,0.0,2025-05-03 10:50:00
2025-05-03 10:55:00,0.0,2025-05-03 10:55:00
2025-05-03 11:00:00,-1872.39,2025-05-03 11:00:00
2025-05-03 11:05:00,-1984.37,2025-05-03 11:05:00
2025-05-03 11:10:00,-1780.42,2025-05-03 11:10:00
2025-05-03 11:15:00,-1804.41,2025-05-03 11:15:00
2025-05-03 11:20:00,-1928.43,2025-05-03 11:20:00
2025-05-03 11:25:00,-2032.41,2025-05-03 11:25:00
2025-05-03 11:30:00,-1896.41,2025-05-03 11:30:00
2025-05-03 11:35:00,-1908.42,2025-05-03 11:35:00
2025-05-03 11:40:00,-1896.4,2025-05-03 11:40:00
2025-05-03 11:45:00,-2036.41,2025-05-03 11:45:00
2025-05-03 11:50:00,-1964.42,2025-05-03 11:50:00
2025-05-03 11:55:00,-2008.4,2025-05-03 11:55:00
2025-05-03 12:00:00,-1880.41,2025-05-03 12:00:00
2025-05-03 12:05:00,-1924.42,2025-05-03 12:05:00
2025-05-03 12:10:00,-1908.38,2025-05-03 12:10:00
2025-05-03 12:15:00,-2236.38,2025-05-03 12:15:00
2025-05-03 12:20:00,-2248.41,2025-05-03 12:20:00
2025-05-03 12:25:00,-1984.41,2025-05-03 12:25:00
2025-05-03 12:30:00,-1948.39,2025-05-03 12:30:00
2025-05-03 12:35:00,-2240.37,2025-05-03 12:35:00
2025-05-03 12:40:00,-1936.41,2025-05-03 12:40:00
2025-05-03 12:45:00,-1868.37,2025-05-03 12:45:00
2025-05-03 12:50:00,-1804.36,2025-05-03 12:50:00
2025-05-03 12:55:00,-1940.41,2025-05-03 12:55:00
2025-05-03 13:00:00,-1988.43,2025-05-03 13:00:00
2025-05-03 13:05:00,-2088.37,2025-05-03 13:05:00
2025-05-03 13:10:00,-1972.39,2025-05-03 13:10:00
2025-05-03 13:15:00,-2024.42,2025-05-03 13:15:00
2025-05-03 13:20:00,-2000.41,2025-05-03 13:20:00
2025-05-03 13:25:00,-2000.42,2025-05-03 13:25:00
2025-05-03 13:30:00,-1924.42,2025-05-03 13:30:00
2025-05-03 13:35:00,-2056.4,2025-05-03 13:35:00
2025-05-03 13:40:00,-2068.4,2025-05-03 13:40:00
2025-05-03 13:45:00,-2024.38,2025-05-03 13:45:00
2025-05-03 13:50:00,-1992.37,2025-05-03 13:50:00
2025-05-03 13:55:00,-2056.42,2025-05-03 13:55:00
2025-05-03 14:00:00,-2064.45,2025-05-03 14:00:00
2025-05-03 14:05:00,-2128.41,2025-05-03 14:05:00
2025-05-03 14:10:00,-2012.41,2025-05-03 14:10:00
2025-05-03 14:15:00,-2016.42,2025-05-03 14:15:00
2025-05-03 14:20:00,-2016.41,2025-05-03 14:20:00
2025-05-03 14:25:00,-2196.39,2025-05-03 14:25:00
2025-05-03 14:30:00,-2020.41,2025-05-03 14:30:00
2025-05-03 14:35:00,-2028.43,2025-05-03 14:35:00
2025-05-03 14:40:00,-2120.4,2025-05-03 14:40:00
2025-05-03 14:45:00,-1924.39,2025-05-03 14:45:00
2025-05-03 14:50:00,-2276.4,2025-05-03 14:50:00
2025-05-03 14:55:00,-2164.39,2025-05-03 14:55:00
2025-05-03 15:00:00,-2104.4,2025-05-03 15:00:00
2025-05-03 15:05:00,-2112.42,2025-05-03 15:05:00
2025-05-03 15:10:00,-2008.39,2025-05-03 15:10:00
2025-05-03 15:15:00,-1992.39,2025-05-03 15:15:00
2025-05-03 15:20:00,-1920.44,2025-05-03 15:20:00
2025-05-03 15:25:00,-1972.39,2025-05-03 15:25:00
2025-05-03 15:30:00,-1964.4,2025-05-03 15:30:00
2025-05-03 15:35:00,-2148.4,2025-05-03 15:35:00
2025-05-03 15:40:00,-2036.43,2025-05-03 15:40:00
2025-05-03 15:45:00,-2172.42,2025-05-03 15:45:00
2025-05-03 15:50:00,-2180.35,2025-05-03 15:50:00
2025-05-03 15:55:00,-2336.41,2025-05-03 15:55:00
2025-05-03 16:00:00,-2216.43,2025-05-03 16:00:00
2025-05-03 16:05:00,-2056.41,2025-05-03 16:05:00
2025-05-03 16:10:00,-2108.43,2025-05-03 16:10:00
2025-05-03 16:15:00,-2072.39,2025-05-03 16:15:00
2025-05-03 16:20:00,-2140.37,2025-05-03 16:20:00
2025-05-03 16:25:00,-2196.4,2025-05-03 16:25:00
2025-05-03 16:30:00,-2132.39,2025-05-03 16:30:00
2025-05-03 16:35:00,-2156.38,2025-05-03 16:35:00
2025-05-03 16:40:00,-2224.42,2025-05-03 16:40:00
2025-05-03 16:45:00,-2100.41,2025-05-03 16:45:00
2025-05-03 16:50:00,-2040.42,2025-05-03 16:50:00
2025-05-03 16:55:00,-2160.38,2025-05-03 16:55:00
2025-05-03 17:00:00,-2080.42,2025-05-03 17:00:00
2025-05-03 17:05:00,-2088.42,2025-05-03 17:05:00
2025-05-03 17:10:00,-2092.41,2025-05-03 17:10:00
2025-05-03 17:15:00,-2112.4,2025-05-03 17:15:00
2025-05-03 17:20:00,-2228.36,2025-05-03 17:20:00
2025-05-03 17:25:00,-2180.4,2025-05-03 17:25:00
2025-05-03 17:30:00,-2168.39,2025-05-03 17:30:00
2025-05-03 17:35:00,-2092.39,2025-05-03 17:35:00
2025-05-03 17:40:00,-2112.4,2025-05-03 17:40:00
2025-05-03 17:45:00,-2276.43,2025-05-03 17:45:00
2025-05-03 17:50:00,-1988.4,2025-05-03 17:50:00
2025-05-03 17:55:00,-1976.39,2025-05-03 17:55:00
2025-05-03 18:00:00,9000.0,2025-05-03 18:00:00
2025-05-03 18:05:00,9000.0,2025-05-03 18:05:00
2025-05-03 18:10:00,9000.0,2025-05-03 18:10:00
2025-05-03 18:15:00,9000.0,2025-05-03 18:15:00
2025-05-03 18:20:00,9000.0,2025-05-03 18:20:00
2025-05-03 18:25:00,9000.0,2025-05-03 18:25:00
2025-05-03 18:30:00,9000.0,2025-05-03 18:30:00
2025-05-03 18:35:00,9000.0,2025-05-03 18:35:00
2025-05-03 18:40:00,9000.0,2025-05-03 18:40:00
2025-05-03 18:45:00,9000.0,2025-05-03 18:45:00
2025-05-03 18:50:00,9000.0,2025-05-03 18:50:00
2025-05-03 18:55:00,9000.0,2025-05-03 18:55:00
2025-05-03 19:00:00,9000.0,2025-05-03 19:00:00
2025-05-03 19:05:00,9000.0,2025-05-03 19:05:00
2025-05-03 19:10:00,9000.0,2025-05-03 19:10:00
2025-05-03 19:15:00,9000.0,2025-05-03 19:15:00
2025-05-03 19:20:00,6458.928,2025-05-03 19:20:00
2025-05-03 19:25:00,0.0,2025-05-03 19:25:00
2025-05-03 19:30:00,0.0,2025-05-03 19:30:00
2025-05-03 19:35:00,0.0,2025-05-03 19:35:00
2025-05-03 19:40:00,0.0,2025-05-03 19:40:00
2025-05-03 19:45:00,0.0,2025-05-03 19:45:00
2025-05-03 19:50:00,0.0,2025-05-03 19:50:00
2025-05-03 19:55:00,0.0,2025-05-03 19:55:00
2025-05-03 20:00:00,0.0,2025-05-03 20:00:00
2025-05-03 20:05:00,0.0,2025-05-03 20:05:00
2025-05-03 20:10:00,0.0,2025-05-03 20:10:00
2025-05-03 20:15:00,0.0,2025-05-03 20:15:00
2025-05-03 20:20:00,0.0,2025-05-03 20:20:00
2025-05-03 20:25:00,0.0,2025-05-03 20:25:00
2025-05-03 20:30:00,0.0,2025-05-03 20:30:00
2025-05-03 20:35:00,0.0,2025-05-03 20:35:00
2025-05-03 20:40:00,0.0,2025-05-03 20:40:00
2025-05-03 20:45:00,0.0,2025-05-03 20:45:00
2025-05-03 20:50:00,0.0,2025-05-03 20:50:00
2025-05-03 20:55:00,0.0,2025-05-03 20:55:00
2025-05-03 21:00:00,0.0,2025-05-03 21:00:00
2025-05-03 21:05:00,0.0,2025-05-03 21:05:00
2025-05-03 21:10:00,0.0,2025-05-03 21:10:00
2025-05-03 21:15:00,0.0,2025-05-03 21:15:00
2025-05-03 21:20:00,0.0,2025-05-03 21:20:00
2025-05-03 21:25:00,0.0,2025-05-03 21:25:00
2025-05-03 21:30:00,0.0,2025-05-03 21:30:00
2025-05-03 21:35:00,0.0,2025-05-03 21:35:00
2025-05-03 21:40:00,0.0,2025-05-03 21:40:00
2025-05-03 21:45:00,0.0,2025-05-03 21:45:00
2025-05-03 21:50:00,0.0,2025-05-03 21:50:00
2025-05-03 21:55:00,0.0,2025-05-03 21:55:00
2025-05-03 22:00:00,-1843.84,2025-05-03 22:00:00
2025-05-03 22:05:00,-1795.86,2025-05-03 22:05:00
2025-05-03 22:10:00,-1827.83,2025-05-03 22:10:00
2025-05-03 22:15:00,-1727.87,2025-05-03 22:15:00
2025-05-03 22:20:00,-1911.87,2025-05-03 22:20:00
2025-05-03 22:25:00,-1855.84,2025-05-03 22:25:00
2025-05-03 22:30:00,-1823.84,2025-05-03 22:30:00
2025-05-03 22:35:00,-1727.85,2025-05-03 22:35:00
2025-05-03 22:40:00,-1723.85,2025-05-03 22:40:00
2025-05-03 22:45:00,-1663.87,2025-05-03 22:45:00
2025-05-03 22:50:00,-1707.85,2025-05-03 22:50:00
2025-05-03 22:55:00,-1687.87,2025-05-03 22:55:00
2025-05-03 23:00:00,-1695.88,2025-05-03 23:00:00
2025-05-03 23:05:00,-1755.87,2025-05-03 23:05:00
2025-05-03 23:10:00,-1911.88,2025-05-03 23:10:00
2025-05-03 23:15:00,-1679.88,2025-05-03 23:15:00
2025-05-03 23:20:00,-1743.82,2025-05-03 23:20:00
2025-05-03 23:25:00,-1875.82,2025-05-03 23:25:00
2025-05-03 23:30:00,-1863.87,2025-05-03 23:30:00
2025-05-03 23:35:00,-1719.88,2025-05-03 23:35:00
2025-05-03 23:40:00,-1747.86,2025-05-03 23:40:00
2025-05-03 23:45:00,-1751.86,2025-05-03 23:45:00
2025-05-03 23:50:00,-1775.85,2025-05-03 23:50:00
2025-05-03 23:55:00,-1723.84,2025-05-03 23:55:00
2025-05-04 00:00:00,-1699.86,2025-05-04 00:00:00
2025-05-04 00:05:00,-1675.84,2025-05-04 00:05:00
2025-05-04 00:10:00,-2175.88,2025-05-04 00:10:00
2025-05-04 00:15:00,-2163.82,2025-05-04 00:15:00
2025-05-04 00:20:00,-1763.85,2025-05-04 00:20:00
2025-05-04 00:25:00,-1791.87,2025-05-04 00:25:00
2025-05-04 00:30:00,-1723.87,2025-05-04 00:30:00
2025-05-04 00:35:00,-1795.84,2025-05-04 00:35:00
2025-05-04 00:40:00,-1871.84,2025-05-04 00:40:00
2025-05-04 00:45:00,-1831.85,2025-05-04 00:45:00
2025-05-04 00:50:00,-1827.84,2025-05-04 00:50:00
2025-05-04 00:55:00,-1871.86,2025-05-04 00:55:00
2025-05-04 01:00:00,-1815.84,2025-05-04 01:00:00
2025-05-04 01:05:00,-1755.86,2025-05-04 01:05:00
2025-05-04 01:10:00,-1783.84,2025-05-04 01:10:00
2025-05-04 01:15:00,-1631.86,2025-05-04 01:15:00
2025-05-04 01:20:00,-1795.84,2025-05-04 01:20:00
2025-05-04 01:25:00,-1743.86,2025-05-04 01:25:00
2025-05-04 01:30:00,-1687.86,2025-05-04 01:30:00
2025-05-04 01:35:00,-1739.88,2025-05-04 01:35:00
2025-05-04 01:40:00,-1723.88,2025-05-04 01:40:00
2025-05-04 01:45:00,-1611.84,2025-05-04 01:45:00
2025-05-04 01:50:00,-1875.87,2025-05-04 01:50:00
2025-05-04 01:55:00,-1747.86,2025-05-04 01:55:00
2025-05-04 02:00:00,-1847.87,2025-05-04 02:00:00
2025-05-04 02:05:00,-1707.87,2025-05-04 02:05:00
2025-05-04 02:10:00,-1735.84,2025-05-04 02:10:00
2025-05-04 02:15:00,-1655.79,2025-05-04 02:15:00
2025-05-04 02:20:00,-1687.84,2025-05-04 02:20:00
2025-05-04 02:25:00,-1779.86,2025-05-04 02:25:00
2025-05-04 02:30:00,-1671.84,2025-05-04 02:30:00
2025-05-04 02:35:00,-1707.85,2025-05-04 02:35:00
2025-05-04 02:40:00,-1683.88,2025-05-04 02:40:00
2025-05-04 02:45:00,-1887.86,2025-05-04 02:45:00
2025-05-04 02:50:00,-1679.88,2025-05-04 02:50:00
2025-05-04 02:55:00,-1839.89,2025-05-04 02:55:00
2025-05-04 03:00:00,-1779.88,2025-05-04 03:00:00
2025-05-04 03:05:00,-1827.86,2025-05-04 03:05:00
2025-05-04 03:10:00,-1631.86,2025-05-04 03:10:00
2025-05-04 03:15:00,-1803.87,2025-05-04 03:15:00
2025-05-04 03:20:00,-1739.86,2025-05-04 03:20:00
2025-05-04 03:25:00,-1859.87,2025-05-04 03:25:00
2025-05-04 03:30:00,-1751.86,2025-05-04 03:30:00
2025-05-04 03:35:00,-1719.84,2025-05-04 03:35:00
2025-05-04 03:40:00,-1767.88,2025-05-04 03:40:00
2025-05-04 03:45:00,-1967.84,2025-05-04 03:45:00
2025-05-04 03:50:00,-1731.84,2025-05-04 03:50:00
2025-05-04 03:55:00,-1687.84,2025-05-04 03:55:00
2025-05-04 04:00:00,-1823.84,2025-05-04 04:00:00
2025-05-04 04:05:00,-1735.86,2025-05-04 04:05:00
2025-05-04 04:10:00,-1779.86,2025-05-04 04:10:00
2025-05-04 04:15:00,-1819.86,2025-05-04 04:15:00
2025-05-04 04:20:00,-1831.85,2025-05-04 04:20:00
2025-05-04 04:25:00,-1763.87,2025-05-04 04:25:00
2025-05-04 04:30:00,-1783.82,2025-05-04 04:30:00
2025-05-04 04:35:00,-1695.86,2025-05-04 04:35:00
2025-05-04 04:40:00,-1947.86,2025-05-04 04:40:00
2025-05-04 04:45:00,-1719.85,2025-05-04 04:45:00
2025-05-04 04:50:00,-1811.84,2025-05-04 04:50:00
2025-05-04 04:55:00,-1751.86,2025-05-04 04:55:00
2025-05-04 05:00:00,-1827.88,2025-05-04 05:00:00
2025-05-04 05:05:00,-1787.85,2025-05-04 05:05:00
2025-05-04 05:10:00,-1679.85,2025-05-04 05:10:00
2025-05-04 05:15:00,-1731.84,2025-05-04 05:15:00
2025-05-04 05:20:00,-1775.87,2025-05-04 05:20:00
2025-05-04 05:25:00,-1771.85,2025-05-04 05:25:00
2025-05-04 05:30:00,-1791.85,2025-05-04 05:30:00
2025-05-04 05:35:00,-1627.85,2025-05-04 05:35:00
2025-05-04 05:40:00,-1859.87,2025-05-04 05:40:00
2025-05-04 05:45:00,-1747.85,2025-05-04 05:45:00
2025-05-04 05:50:00,-1839.87,2025-05-04 05:50:00
2025-05-04 05:55:00,-1763.85,2025-05-04 05:55:00
2025-05-04 06:00:00,-1755.86,2025-05-04 06:00:00
2025-05-04 06:05:00,-1939.85,2025-05-04 06:05:00
2025-05-04 06:10:00,-2055.84,2025-05-04 06:10:00
2025-05-04 06:15:00,-1839.85,2025-05-04 06:15:00
2025-05-04 06:20:00,-1879.85,2025-05-04 06:20:00
2025-05-04 06:25:00,-1695.87,2025-05-04 06:25:00
2025-05-04 06:30:00,-1807.85,2025-05-04 06:30:00
2025-05-04 06:35:00,-1795.88,2025-05-04 06:35:00
2025-05-04 06:40:00,-1815.86,2025-05-04 06:40:00
2025-05-04 06:45:00,-1819.86,2025-05-04 06:45:00
2025-05-04 06:50:00,-1743.84,2025-05-04 06:50:00
2025-05-04 06:55:00,-1903.88,2025-05-04 06:55:00
2025-05-04 07:00:00,-1779.84,2025-05-04 07:00:00
2025-05-04 07:05:00,-1775.89,2025-05-04 07:05:00
2025-05-04 07:10:00,-1935.85,2025-05-04 07:10:00
2025-05-04 07:15:00,-1755.88,2025-05-04 07:15:00
2025-05-04 07:20:00,-1799.83,2025-05-04 07:20:00
2025-05-04 07:25:00,-1855.88,2025-05-04 07:25:00
2025-05-04 07:30:00,-1791.82,2025-05-04 07:30:00
2025-05-04 07:35:00,-1899.85,2025-05-04 07:35:00
2025-05-04 07:40:00,-1855.82,2025-05-04 07:40:00
2025-05-04 07:45:00,-1839.86,2025-05-04 07:45:00
2025-05-04 07:50:00,-1863.88,2025-05-04 07:50:00
2025-05-04 07:55:00,-1863.83,2025-05-04 07:55:00
2025-05-04 08:00:00,9000.0,2025-05-04 08:00:00
2025-05-04 08:05:00,9000.0,2025-05-04 08:05:00
2025-05-04 08:10:00,9000.0,2025-05-04 08:10:00
2025-05-04 08:15:00,9000.0,2025-05-04 08:15:00
2025-05-04 08:20:00,9000.0,2025-05-04 08:20:00
2025-05-04 08:25:00,9000.0,2025-05-04 08:25:00
2025-05-04 08:30:00,9000.0,2025-05-04 08:30:00
2025-05-04 08:35:00,9000.0,2025-05-04 08:35:00
2025-05-04 08:40:00,9000.0,2025-05-04 08:40:00
2025-05-04 08:45:00,9000.0,2025-05-04 08:45:00
2025-05-04 08:50:00,9000.0,2025-05-04 08:50:00
2025-05-04 08:55:00,9000.0,2025-05-04 08:55:00
2025-05-04 09:00:00,9000.0,2025-05-04 09:00:00
2025-05-04 09:05:00,9000.0,2025-05-04 09:05:00
2025-05-04 09:10:00,9000.0,2025-05-04 09:10:00
2025-05-04 09:15:00,9000.0,2025-05-04 09:15:00
2025-05-04 09:20:00,9000.0,2025-05-04 09:20:00
2025-05-04 09:25:00,9000.0,2025-05-04 09:25:00
2025-05-04 09:30:00,9000.0,2025-05-04 09:30:00
2025-05-04 09:35:00,9000.0,2025-05-04 09:35:00
2025-05-04 09:40:00,7520.812,2025-05-04 09:40:00
2025-05-04 09:45:00,0.0,2025-05-04 09:45:00
2025-05-04 09:50:00,0.0,2025-05-04 09:50:00
2025-05-04 09:55:00,0.0,2025-05-04 09:55:00
2025-05-04 10:00:00,0.0,2025-05-04 10:00:00
2025-05-04 10:05:00,0.0,2025-05-04 10:05:00
2025-05-04 10:10:00,0.0,2025-05-04 10:10:00
2025-05-04 10:15:00,0.0,2025-05-04 10:15:00
2025-05-04 10:20:00,0.0,2025-05-04 10:20:00
2025-05-04 10:25:00,0.0,2025-05-04 10:25:00
2025-05-04 10:30:00,0.0,2025-05-04 10:30:00
2025-05-04 10:35:00,0.0,2025-05-04 10:35:00
2025-05-04 10:40:00,0.0,2025-05-04 10:40:00
2025-05-04 10:45:00,0.0,2025-05-04 10:45:00
2025-05-04 10:50:00,0.0,2025-05-04 10:50:00
2025-05-04 10:55:00,0.0,2025-05-04 10:55:00
2025-05-04 11:00:00,-1903.87,2025-05-04 11:00:00
2025-05-04 11:05:00,-1919.88,2025-05-04 11:05:00
2025-05-04 11:10:00,-1899.87,2025-05-04 11:10:00
2025-05-04 11:15:00,-1903.85,2025-05-04 11:15:00
2025-05-04 11:20:00,-1843.86,2025-05-04 11:20:00
2025-05-04 11:25:00,-1855.87,2025-05-04 11:25:00
2025-05-04 11:30:00,-1919.85,2025-05-04 11:30:00
2025-05-04 11:35:00,-1719.84,2025-05-04 11:35:00
2025-05-04 11:40:00,-1787.85,2025-05-04 11:40:00
2025-05-04 11:45:00,-2007.84,2025-05-04 11:45:00
2025-05-04 11:50:00,-1947.84,2025-05-04 11:50:00
2025-05-04 11:55:00,-1963.88,2025-05-04 11:55:00
2025-05-04 12:00:00,-1987.87,2025-05-04 12:00:00
2025-05-04 12:05:00,-2135.85,2025-05-04 12:05:00
2025-05-04 12:10:00,-2231.87,2025-05-04 12:10:00
2025-05-04 12:15:00,-1815.87,2025-05-04 12:15:00
2025-05-04 12:20:00,-1907.81,2025-05-04 12:20:00
2025-05-04 12:25:00,-1831.85,2025-05-04 12:25:00
2025-05-04 12:30:00,-1755.88,2025-05-04 12:30:00
2025-05-04 12:35:00,-1907.87,2025-05-04 12:35:00
2025-05-04 12:40:00,-1823.86,2025-05-04 12:40:00
2025-05-04 12:45:00,-1803.86,2025-05-04 12:45:00
2025-05-04 12:50:00,-1859.88,2025-05-04 12:50:00
2025-05-04 12:55:00,-1823.82,2025-05-04 12:55:00
2025-05-04 13:00:00,-1955.86,2025-05-04 13:00:00
2025-05-04 13:05:00,-1759.84,2025-05-04 13:05:00
2025-05-04 13:10:00,-1855.84,2025-05-04 13:10:00
2025-05-04 13:15:00,-1763.82,2025-05-04 13:15:00
2025-05-04 13:20:00,-1947.84,2025-05-04 13:20:00
2025-05-04 13:25:00,-1803.85,2025-05-04 13:25:00
2025-05-04 13:30:00,-1887.85,2025-05-04 13:30:00
2025-05-04 13:35:00,-1907.84,2025-05-04 13:35:00
2025-05-04 13:40:00,-1831.88,2025-05-04 13:40:00
2025-05-04 13:45:00,-1939.86,2025-05-04 13:45:00
2025-05-04 13:50:00,-1931.87,2025-05-04 13:50:00
2025-05-04 13:55:00,-1883.84,2025-05-04 13:55:00
2025-05-04 14:00:00,-1951.88,2025-05-04 14:00:00
2025-05-04 14:05:00,-1891.87,2025-05-04 14:05:00
2025-05-04 14:10:00,-1915.86,2025-05-04 14:10:00
2025-05-04 14:15:00,-1855.84,2025-05-04 14:15:00
2025-05-04 14:20:00,-1831.87,2025-05-04 14:20:00
2025-05-04 14:25:00,-1855.85,2025-05-04 14:25:00
2025-05-04 14:30:00,-1903.84,2025-05-04 14:30:00
2025-05-04 14:35:00,-1799.87,2025-05-04 14:35:00
2025-05-04 14:40:00,-1987.84,2025-05-04 14:40:00
2025-05-04 14:45:00,-1987.86,2025-05-04 14:45:00
2025-05-04 14:50:00,-1927.88,2025-05-04 14:50:00
2025-05-04 14:55:00,-1819.86,2025-05-04 14:55:00
2025-05-04 15:00:00,-1935.84,2025-05-04 15:00:00
2025-05-04 15:05:00,-2023.88,2025-05-04 15:05:00
2025-05-04 15:10:00,-1763.84,2025-05-04 15:10:00
2025-05-04 15:15:00,-2107.87,2025-05-04 15:15:00
2025-05-04 15:20:00,-1879.84,2025-05-04 15:20:00
2025-05-04 15:25:00,-1807.86,2025-05-04 15:25:00
2025-05-04 15:30:00,-1823.87,2025-05-04 15:30:00
2025-05-04 15:35:00,-1915.84,2025-05-04 15:35:00
2025-05-04 15:40:00,-1927.86,2025-05-04 15:40:00
2025-05-04 15:45:00,-1843.88,2025-05-04 15:45:00
2025-05-04 15:50:00,-1979.86,2025-05-04 15:50:00
2025-05-04 15:55:00,-1875.87,2025-05-04 15:55:00
2025-05-04 16:00:00,-1907.85,2025-05-04 16:00:00
2025-05-04 16:05:00,-1911.88,2025-05-04 16:05:00
2025-05-04 16:10:00,-1871.87,2025-05-04 16:10:00
2025-05-04 16:15:00,-1875.85,2025-05-04 16:15:00
2025-05-04 16:20:00,-1963.82,2025-05-04 16:20:00
2025-05-04 16:25:00,-1907.85,2025-05-04 16:25:00
2025-05-04 16:30:00,-1943.88,2025-05-04 16:30:00
2025-05-04 16:35:00,-1847.86,2025-05-04 16:35:00
2025-05-04 16:40:00,-1931.84,2025-05-04 16:40:00
2025-05-04 16:45:00,-1887.87,2025-05-04 16:45:00
2025-05-04 16:50:00,-2019.87,2025-05-04 16:50:00
2025-05-04 16:55:00,-2123.89,2025-05-04 16:55:00
2025-05-04 17:00:00,-1943.88,2025-05-04 17:00:00
2025-05-04 17:05:00,-2031.82,2025-05-04 17:05:00
2025-05-04 17:10:00,-1899.84,2025-05-04 17:10:00
2025-05-04 17:15:00,-1907.87,2025-05-04 17:15:00
2025-05-04 17:20:00,-1983.86,2025-05-04 17:20:00
2025-05-04 17:25:00,-1819.82,2025-05-04 17:25:00
2025-05-04 17:30:00,-1891.84,2025-05-04 17:30:00
2025-05-04 17:35:00,-1879.83,2025-05-04 17:35:00
2025-05-04 17:40:00,-1843.85,2025-05-04 17:40:00
2025-05-04 17:45:00,-2015.86,2025-05-04 17:45:00
2025-05-04 17:50:00,-2051.85,2025-05-04 17:50:00
2025-05-04 17:55:00,-2007.85,2025-05-04 17:55:00
2025-05-04 18:00:00,9000.0,2025-05-04 18:00:00
2025-05-04 18:05:00,9000.0,2025-05-04 18:05:00
2025-05-04 18:10:00,9000.0,2025-05-04 18:10:00
2025-05-04 18:15:00,9000.0,2025-05-04 18:15:00
2025-05-04 18:20:00,9000.0,2025-05-04 18:20:00
2025-05-04 18:25:00,9000.0,2025-05-04 18:25:00
2025-05-04 18:30:00,9000.0,2025-05-04 18:30:00
2025-05-04 18:35:00,9000.0,2025-05-04 18:35:00
2025-05-04 18:40:00,9000.0,2025-05-04 18:40:00
2025-05-04 18:45:00,9000.0,2025-05-04 18:45:00
2025-05-04 18:50:00,9000.0,2025-05-04 18:50:00
2025-05-04 18:55:00,9000.0,2025-05-04 18:55:00
2025-05-04 19:00:00,9000.0,2025-05-04 19:00:00
2025-05-04 19:05:00,9000.0,2025-05-04 19:05:00
2025-05-04 19:10:00,8999.999,2025-05-04 19:10:00
2025-05-04 19:15:00,4944.833,2025-05-04 19:15:00
2025-05-04 19:20:00,0.0,2025-05-04 19:20:00
2025-05-04 19:25:00,0.0,2025-05-04 19:25:00
2025-05-04 19:30:00,0.0,2025-05-04 19:30:00
2025-05-04 19:35:00,0.0,2025-05-04 19:35:00
2025-05-04 19:40:00,0.0,2025-05-04 19:40:00
2025-05-04 19:45:00,0.0,2025-05-04 19:45:00
2025-05-04 19:50:00,0.0,2025-05-04 19:50:00
2025-05-04 19:55:00,0.0,2025-05-04 19:55:00
2025-05-04 20:00:00,0.0,2025-05-04 20:00:00
2025-05-04 20:05:00,0.0,2025-05-04 20:05:00
2025-05-04 20:10:00,0.0,2025-05-04 20:10:00
2025-05-04 20:15:00,0.0,2025-05-04 20:15:00
2025-05-04 20:20:00,0.0,2025-05-04 20:20:00
2025-05-04 20:25:00,0.0,2025-05-04 20:25:00
2025-05-04 20:30:00,0.0,2025-05-04 20:30:00
2025-05-04 20:35:00,0.0,2025-05-04 20:35:00
2025-05-04 20:40:00,0.0,2025-05-04 20:40:00
2025-05-04 20:45:00,0.0,2025-05-04 20:45:00
2025-05-04 20:50:00,0.0,2025-05-04 20:50:00
2025-05-04 20:55:00,0.0,2025-05-04 20:55:00
2025-05-04 21:00:00,0.0,2025-05-04 21:00:00
2025-05-04 21:05:00,0.0,2025-05-04 21:05:00
2025-05-04 21:10:00,0.0,2025-05-04 21:10:00
2025-05-04 21:15:00,0.0,2025-05-04 21:15:00
2025-05-04 21:20:00,0.0,2025-05-04 21:20:00
2025-05-04 21:25:00,0.0,2025-05-04 21:25:00
2025-05-04 21:30:00,0.0,2025-05-04 21:30:00
2025-05-04 21:35:00,0.0,2025-05-04 21:35:00
2025-05-04 21:40:00,0.0,2025-05-04 21:40:00
2025-05-04 21:45:00,0.0,2025-05-04 21:45:00
2025-05-04 21:50:00,0.0,2025-05-04 21:50:00
2025-05-04 21:55:00,0.0,2025-05-04 21:55:00
2025-05-04 22:00:00,-2575.463,2025-05-04 22:00:00
2025-05-04 22:05:00,-2267.463,2025-05-04 22:05:00
2025-05-04 22:10:00,-2139.503,2025-05-04 22:10:00
2025-05-04 22:15:00,-2367.453,2025-05-04 22:15:00
2025-05-04 22:20:00,-2347.483,2025-05-04 22:20:00
2025-05-04 22:25:00,-2151.473,2025-05-04 22:25:00
2025-05-04 22:30:00,-2103.523,2025-05-04 22:30:00
2025-05-04 22:35:00,-2047.473,2025-05-04 22:35:00
2025-05-04 22:40:00,-1971.463,2025-05-04 22:40:00
2025-05-04 22:45:00,-2099.483,2025-05-04 22:45:00
2025-05-04 22:50:00,-2075.483,2025-05-04 22:50:00
2025-05-04 22:55:00,-2059.483,2025-05-04 22:55:00
2025-05-04 23:00:00,-2079.463,2025-05-04 23:00:00
2025-05-04 23:05:00,-2103.463,2025-05-04 23:05:00
2025-05-04 23:10:00,-1967.473,2025-05-04 23:10:00
2025-05-04 23:15:00,-2003.493,2025-05-04 23:15:00
2025-05-04 23:20:00,-2103.473,2025-05-04 23:20:00
2025-05-04 23:25:00,-2147.513,2025-05-04 23:25:00
2025-05-04 23:30:00,-2067.513,2025-05-04 23:30:00
2025-05-04 23:35:00,-2123.483,2025-05-04 23:35:00
2025-05-04 23:40:00,-2135.443,2025-05-04 23:40:00
2025-05-04 23:45:00,-2087.473,2025-05-04 23:45:00
2025-05-04 23:50:00,-2447.483,2025-05-04 23:50:00
2025-05-04 23:55:00,-2427.483,2025-05-04 23:55:00
2025-05-05 00:00:00,-2111.473,2025-05-05 00:00:00
2025-05-05 00:05:00,-2115.473,2025-05-05 00:05:00
2025-05-05 00:10:00,-2275.483,2025-05-05 00:10:00
2025-05-05 00:15:00,-2439.483,2025-05-05 00:15:00
2025-05-05 00:20:00,-2447.463,2025-05-05 00:20:00
2025-05-05 00:25:00,-2391.443,2025-05-05 00:25:00
2025-05-05 00:30:00,-1967.463,2025-05-05 00:30:00
2025-05-05 00:35:00,-2203.453,2025-05-05 00:35:00
2025-05-05 00:40:00,-2151.523,2025-05-05 00:40:00
2025-05-05 00:45:00,-2267.423,2025-05-05 00:45:00
2025-05-05 00:50:00,-2147.483,2025-05-05 00:50:00
2025-05-05 00:55:00,-2323.453,2025-05-05 00:55:00
2025-05-05 01:00:00,-2323.493,2025-05-05 01:00:00
2025-05-05 01:05:00,-2179.493,2025-05-05 01:05:00
2025-05-05 01:10:00,-2039.493,2025-05-05 01:10:00
2025-05-05 01:15:00,-1919.463,2025-05-05 01:15:00
2025-05-05 01:20:00,-1955.513,2025-05-05 01:20:00
2025-05-05 01:25:00,-1867.463,2025-05-05 01:25:00
2025-05-05 01:30:00,-1847.473,2025-05-05 01:30:00
2025-05-05 01:35:00,-1855.483,2025-05-05 01:35:00
2025-05-05 01:40:00,-1859.473,2025-05-05 01:40:00
2025-05-05 01:45:00,-1851.453,2025-05-05 01:45:00
2025-05-05 01:50:00,-1871.463,2025-05-05 01:50:00
2025-05-05 01:55:00,-1947.443,2025-05-05 01:55:00
2025-05-05 02:00:00,-1927.483,2025-05-05 02:00:00
2025-05-05 02:05:00,-1879.463,2025-05-05 02:05:00
2025-05-05 02:10:00,-1899.473,2025-05-05 02:10:00
2025-05-05 02:15:00,-1831.493,2025-05-05 02:15:00
2025-05-05 02:20:00,-1939.463,2025-05-05 02:20:00
2025-05-05 02:25:00,-1987.463,2025-05-05 02:25:00
2025-05-05 02:30:00,-1947.463,2025-05-05 02:30:00
2025-05-05 02:35:00,-1775.473,2025-05-05 02:35:00
2025-05-05 02:40:00,-1899.503,2025-05-05 02:40:00
2025-05-05 02:45:00,-1711.453,2025-05-05 02:45:00
2025-05-05 02:50:00,-1987.443,2025-05-05 02:50:00
2025-05-05 02:55:00,-1847.443,2025-05-05 02:55:00
2025-05-05 03:00:00,-1811.493,2025-05-05 03:00:00
2025-05-05 03:05:00,-1783.493,2025-05-05 03:05:00
2025-05-05 03:10:00,-1847.443,2025-05-05 03:10:00
2025-05-05 03:15:00,-1763.493,2025-05-05 03:15:00
2025-05-05 03:20:00,-1979.473,2025-05-05 03:20:00
2025-05-05 03:25:00,-1739.493,2025-05-05 03:25:00
2025-05-05 03:30:00,-1955.463,2025-05-05 03:30:00
2025-05-05 03:35:00,-1691.483,2025-05-05 03:35:00
2025-05-05 03:40:00,-1695.473,2025-05-05 03:40:00
2025-05-05 03:45:00,-1847.503,2025-05-05 03:45:00
2025-05-05 03:50:00,-1875.493,2025-05-05 03:50:00
2025-05-05 03:55:00,-1783.473,2025-05-05 03:55:00
2025-05-05 04:00:00,-1815.483,2025-05-05 04:00:00
2025-05-05 04:05:00,-1747.443,2025-05-05 04:05:00
2025-05-05 04:10:00,-1727.503,2025-05-05 04:10:00
2025-05-05 04:15:00,-1659.483,2025-05-05 04:15:00
2025-05-05 04:20:00,-1763.473,2025-05-05 04:20:00
2025-05-05 04:25:00,-1747.473,2025-05-05 04:25:00
2025-05-05 04:30:00,-1819.453,2025-05-05 04:30:00
2025-05-05 04:35:00,-1651.493,2025-05-05 04:35:00
2025-05-05 04:40:00,-1871.473,2025-05-05 04:40:00
2025-05-05 04:45:00,-1579.453,2025-05-05 04:45:00
2025-05-05 04:50:00,-1763.453,2025-05-05 04:50:00
2025-05-05 04:55:00,-1787.463,2025-05-05 04:55:00
2025-05-05 05:00:00,-1859.523,2025-05-05 05:00:00
2025-05-05 05:05:00,-2127.473,2025-05-05 05:05:00
2025-05-05 05:10:00,-1931.473,2025-05-05 05:10:00
2025-05-05 05:15:00,-1931.473,2025-05-05 05:15:00
2025-05-05 05:20:00,-2023.483,2025-05-05 05:20:00
2025-05-05 05:25:00,-1867.473,2025-05-05 05:25:00
2025-05-05 05:30:00,-1951.483,2025-05-05 05:30:00
2025-05-05 05:35:00,-1899.473,2025-05-05 05:35:00
2025-05-05 05:40:00,-1803.463,2025-05-05 05:40:00
2025-05-05 05:45:00,-1891.473,2025-05-05 05:45:00
2025-05-05 05:50:00,-1851.443,2025-05-05 05:50:00
2025-05-05 05:55:00,-1887.473,2025-05-05 05:55:00
2025-05-05 06:00:00,-1546.379,2025-05-05 06:00:00
2025-05-05 06:05:00,-1546.366,2025-05-05 06:05:00
2025-05-05 06:10:00,-1546.407,2025-05-05 06:10:00
2025-05-05 06:15:00,-1546.384,2025-05-05 06:15:00
2025-05-05 06:20:00,-1546.413,2025-05-05 06:20:00
2025-05-05 06:25:00,-1546.421,2025-05-05 06:25:00
2025-05-05 06:30:00,-1546.404,2025-05-05 06:30:00
2025-05-05 06:35:00,-1546.412,2025-05-05 06:35:00
2025-05-05 06:40:00,-1546.407,2025-05-05 06:40:00
2025-05-05 06:45:00,-1546.407,2025-05-05 06:45:00
2025-05-05 06:50:00,-1546.397,2025-05-05 06:50:00
2025-05-05 06:55:00,-1546.399,2025-05-05 06:55:00
2025-05-05 07:00:00,-1546.407,2025-05-05 07:00:00
2025-05-05 07:05:00,-1546.406,2025-05-05 07:05:00
2025-05-05 07:10:00,-1546.396,2025-05-05 07:10:00
2025-05-05 07:15:00,-1546.306,2025-05-05 07:15:00
2025-05-05 07:20:00,-1546.402,2025-05-05 07:20:00
2025-05-05 07:25:00,-1546.405,2025-05-05 07:25:00
2025-05-05 07:30:00,-1546.406,2025-05-05 07:30:00
2025-05-05 07:35:00,-1546.405,2025-05-05 07:35:00
2025-05-05 07:40:00,-1546.392,2025-05-05 07:40:00
2025-05-05 07:45:00,-1546.391,2025-05-05 07:45:00
2025-05-05 07:50:00,-1546.42,2025-05-05 07:50:00
2025-05-05 07:55:00,-1546.43,2025-05-05 07:55:00
2025-05-05 08:00:00,9000.0,2025-05-05 08:00:00
2025-05-05 08:05:00,9000.0,2025-05-05 08:05:00
2025-05-05 08:10:00,9000.0,2025-05-05 08:10:00
2025-05-05 08:15:00,9000.0,2025-05-05 08:15:00
2025-05-05 08:20:00,9000.0,2025-05-05 08:20:00
2025-05-05 08:25:00,9000.0,2025-05-05 08:25:00
2025-05-05 08:30:00,9000.0,2025-05-05 08:30:00
2025-05-05 08:35:00,9000.0,2025-05-05 08:35:00
2025-05-05 08:40:00,9000.0,2025-05-05 08:40:00
2025-05-05 08:45:00,9000.0,2025-05-05 08:45:00
2025-05-05 08:50:00,9000.0,2025-05-05 08:50:00
2025-05-05 08:55:00,9000.0,2025-05-05 08:55:00
2025-05-05 09:00:00,9000.0,2025-05-05 09:00:00
2025-05-05 09:05:00,9000.0,2025-05-05 09:05:00
2025-05-05 09:10:00,9000.0,2025-05-05 09:10:00
2025-05-05 09:15:00,9000.0,2025-05-05 09:15:00
2025-05-05 09:20:00,9000.0,2025-05-05 09:20:00
2025-05-05 09:25:00,9000.0,2025-05-05 09:25:00
2025-05-05 09:30:00,8999.999,2025-05-05 09:30:00
2025-05-05 09:35:00,8999.999,2025-05-05 09:35:00
2025-05-05 09:40:00,8999.999,2025-05-05 09:40:00
2025-05-05 09:45:00,8999.99,2025-05-05 09:45:00
2025-05-05 09:50:00,1044.006,2025-05-05 09:50:00
2025-05-05 09:55:00,0.0,2025-05-05 09:55:00
2025-05-05 10:00:00,0.0,2025-05-05 10:00:00
2025-05-05 10:05:00,0.0,2025-05-05 10:05:00
2025-05-05 10:10:00,0.0,2025-05-05 10:10:00
2025-05-05 10:15:00,0.0,2025-05-05 10:15:00
2025-05-05 10:20:00,0.0,2025-05-05 10:20:00
2025-05-05 10:25:00,0.0,2025-05-05 10:25:00
2025-05-05 10:30:00,0.0,2025-05-05 10:30:00
2025-05-05 10:35:00,0.0,2025-05-05 10:35:00
2025-05-05 10:40:00,0.0,2025-05-05 10:40:00
2025-05-05 10:45:00,0.0,2025-05-05 10:45:00
2025-05-05 10:50:00,0.0,2025-05-05 10:50:00
2025-05-05 10:55:00,0.0,2025-05-05 10:55:00
2025-05-05 11:00:00,-2055.493,2025-05-05 11:00:00
2025-05-05 11:05:00,-1791.483,2025-05-05 11:05:00
2025-05-05 11:10:00,-1947.443,2025-05-05 11:10:00
2025-05-05 11:15:00,-1875.453,2025-05-05 11:15:00
2025-05-05 11:20:00,-2047.483,2025-05-05 11:20:00
2025-05-05 11:25:00,-1807.493,2025-05-05 11:25:00
2025-05-05 11:30:00,-1907.463,2025-05-05 11:30:00
2025-05-05 11:35:00,-1995.483,2025-05-05 11:35:00
2025-05-05 11:40:00,-1903.483,2025-05-05 11:40:00
2025-05-05 11:45:00,-1847.493,2025-05-05 11:45:00
2025-05-05 11:50:00,-2031.423,2025-05-05 11:50:00
2025-05-05 11:55:00,-2007.453,2025-05-05 11:55:00
2025-05-05 12:00:00,-1899.453,2025-05-05 12:00:00
2025-05-05 12:05:00,-1823.503,2025-05-05 12:05:00
2025-05-05 12:10:00,-1879.483,2025-05-05 12:10:00
2025-05-05 12:15:00,-1871.483,2025-05-05 12:15:00
2025-05-05 12:20:00,-1835.463,2025-05-05 12:20:00
2025-05-05 12:25:00,-1879.493,2025-05-05 12:25:00
2025-05-05 12:30:00,-1971.473,2025-05-05 12:30:00
2025-05-05 12:35:00,-1783.463,2025-05-05 12:35:00
2025-05-05 12:40:00,-1907.463,2025-05-05 12:40:00
2025-05-05 12:45:00,-1911.473,2025-05-05 12:45:00
2025-05-05 12:50:00,-1295.483,2025-05-05 12:50:00
2025-05-05 12:55:00,-1923.493,2025-05-05 12:55:00
2025-05-05 13:00:00,-1939.473,2025-05-05 13:00:00
2025-05-05 13:05:00,-1803.443,2025-05-05 13:05:00
2025-05-05 13:10:00,-1919.493,2025-05-05 13:10:00
2025-05-05 13:15:00,-1943.473,2025-05-05 13:15:00
2025-05-05 13:20:00,-1863.473,2025-05-05 13:20:00
2025-05-05 13:25:00,-1815.493,2025-05-05 13:25:00
2025-05-05 13:30:00,-1915.473,2025-05-05 13:30:00
2025-05-05 13:35:00,-2035.473,2025-05-05 13:35:00
2025-05-05 13:40:00,-1919.453,2025-05-05 13:40:00
2025-05-05 13:45:00,-1771.453,2025-05-05 13:45:00
2025-05-05 13:50:00,-1747.463,2025-05-05 13:50:00
2025-05-05 13:55:00,-1935.473,2025-05-05 13:55:00
2025-05-05 14:00:00,-1779.493,2025-05-05 14:00:00
2025-05-05 14:05:00,-1783.473,2025-05-05 14:05:00
2025-05-05 14:10:00,-1879.473,2025-05-05 14:10:00
2025-05-05 14:15:00,-1799.453,2025-05-05 14:15:00
2025-05-05 14:20:00,-1827.493,2025-05-05 14:20:00
2025-05-05 14:25:00,-1743.463,2025-05-05 14:25:00
2025-05-05 14:30:00,-1847.443,2025-05-05 14:30:00
2025-05-05 14:35:00,-1875.473,2025-05-05 14:35:00
2025-05-05 14:40:00,-1919.443,2025-05-05 14:40:00
2025-05-05 14:45:00,-1739.463,2025-05-05 14:45:00
2025-05-05 14:50:00,-1855.463,2025-05-05 14:50:00
2025-05-05 14:55:00,-1783.473,2025-05-05 14:55:00
2025-05-05 15:00:00,-1591.463,2025-05-05 15:00:00
2025-05-05 15:05:00,-1703.453,2025-05-05 15:05:00
2025-05-05 15:10:00,-1667.463,2025-05-05 15:10:00
2025-05-05 15:15:00,-1907.483,2025-05-05 15:15:00
2025-05-05 15:20:00,-1871.463,2025-05-05 15:20:00
2025-05-05 15:25:00,-1715.463,2025-05-05 15:25:00
2025-05-05 15:30:00,-1719.483,2025-05-05 15:30:00
2025-05-05 15:35:00,-1655.473,2025-05-05 15:35:00
2025-05-05 15:40:00,-1715.453,2025-05-05 15:40:00
2025-05-05 15:45:00,-1759.463,2025-05-05 15:45:00
2025-05-05 15:50:00,-1679.473,2025-05-05 15:50:00
2025-05-05 15:55:00,-1695.453,2025-05-05 15:55:00
2025-05-05 16:00:00,-1715.463,2025-05-05 16:00:00
2025-05-05 16:05:00,-1687.463,2025-05-05 16:05:00
2025-05-05 16:10:00,-1951.503,2025-05-05 16:10:00
2025-05-05 16:15:00,-1739.453,2025-05-05 16:15:00
2025-05-05 16:20:00,-1667.463,2025-05-05 16:20:00
2025-05-05 16:25:00,-1943.463,2025-05-05 16:25:00
2025-05-05 16:30:00,-1743.463,2025-05-05 16:30:00
2025-05-05 16:35:00,-1715.463,2025-05-05 16:35:00
2025-05-05 16:40:00,-1783.463,2025-05-05 16:40:00
2025-05-05 16:45:00,-1791.453,2025-05-05 16:45:00
2025-05-05 16:50:00,-1859.473,2025-05-05 16:50:00
2025-05-05 16:55:00,-1879.483,2025-05-05 16:55:00
2025-05-05 17:00:00,-1907.463,2025-05-05 17:00:00
2025-05-05 17:05:00,-1715.463,2025-05-05 17:05:00
2025-05-05 17:10:00,-1739.463,2025-05-05 17:10:00
2025-05-05 17:15:00,-1847.493,2025-05-05 17:15:00
2025-05-05 17:20:00,-1923.473,2025-05-05 17:20:00
2025-05-05 17:25:00,-1935.493,2025-05-05 17:25:00
2025-05-05 17:30:00,-1579.463,2025-05-05 17:30:00
2025-05-05 17:35:00,-1887.493,2025-05-05 17:35:00
2025-05-05 17:40:00,-1767.493,2025-05-05 17:40:00
2025-05-05 17:45:00,-1587.413,2025-05-05 17:45:00
2025-05-05 17:50:00,-1711.473,2025-05-05 17:50:00
2025-05-05 17:55:00,-2015.463,2025-05-05 17:55:00
2025-05-05 18:00:00,9000.0,2025-05-05 18:00:00
2025-05-05 18:05:00,9000.0,2025-05-05 18:05:00
2025-05-05 18:10:00,9000.0,2025-05-05 18:10:00
2025-05-05 18:15:00,9000.0,2025-05-05 18:15:00
2025-05-05 18:20:00,9000.0,2025-05-05 18:20:00
2025-05-05 18:25:00,9000.0,2025-05-05 18:25:00
2025-05-05 18:30:00,9000.0,2025-05-05 18:30:00
2025-05-05 18:35:00,9000.0,2025-05-05 18:35:00
2025-05-05 18:40:00,9000.0,2025-05-05 18:40:00
2025-05-05 18:45:00,9000.0,2025-05-05 18:45:00
2025-05-05 18:50:00,8999.999,2025-05-05 18:50:00
2025-05-05 18:55:00,8999.999,2025-05-05 18:55:00
2025-05-05 19:00:00,8999.999,2025-05-05 19:00:00
2025-05-05 19:05:00,8999.998,2025-05-05 19:05:00
2025-05-05 19:10:00,8088.557,2025-05-05 19:10:00
2025-05-05 19:15:00,0.0,2025-05-05 19:15:00
2025-05-05 19:20:00,0.0,2025-05-05 19:20:00
2025-05-05 19:25:00,0.0,2025-05-05 19:25:00
2025-05-05 19:30:00,0.0,2025-05-05 19:30:00
2025-05-05 19:35:00,0.0,2025-05-05 19:35:00
2025-05-05 19:40:00,0.0,2025-05-05 19:40:00
2025-05-05 19:45:00,0.0,2025-05-05 19:45:00
2025-05-05 19:50:00,0.0,2025-05-05 19:50:00
2025-05-05 19:55:00,0.0,2025-05-05 19:55:00
2025-05-05 20:00:00,0.0,2025-05-05 20:00:00
2025-05-05 20:05:00,0.0,2025-05-05 20:05:00
2025-05-05 20:10:00,0.0,2025-05-05 20:10:00
2025-05-05 20:15:00,0.0,2025-05-05 20:15:00
2025-05-05 20:20:00,0.0,2025-05-05 20:20:00
2025-05-05 20:25:00,0.0,2025-05-05 20:25:00
2025-05-05 20:30:00,0.0,2025-05-05 20:30:00
2025-05-05 20:35:00,0.0,2025-05-05 20:35:00
2025-05-05 20:40:00,0.0,2025-05-05 20:40:00
2025-05-05 20:45:00,0.0,2025-05-05 20:45:00
2025-05-05 20:50:00,0.0,2025-05-05 20:50:00
2025-05-05 20:55:00,0.0,2025-05-05 20:55:00
2025-05-05 21:00:00,0.0,2025-05-05 21:00:00
2025-05-05 21:05:00,0.0,2025-05-05 21:05:00
2025-05-05 21:10:00,0.0,2025-05-05 21:10:00
2025-05-05 21:15:00,0.0,2025-05-05 21:15:00
2025-05-05 21:20:00,0.0,2025-05-05 21:20:00
2025-05-05 21:25:00,0.0,2025-05-05 21:25:00
2025-05-05 21:30:00,0.0,2025-05-05 21:30:00
2025-05-05 21:35:00,0.0,2025-05-05 21:35:00
2025-05-05 21:40:00,0.0,2025-05-05 21:40:00
2025-05-05 21:45:00,0.0,2025-05-05 21:45:00
2025-05-05 21:50:00,0.0,2025-05-05 21:50:00
2025-05-05 21:55:00,0.0,2025-05-05 21:55:00
2025-05-05 22:00:00,-2049.045,2025-05-05 22:00:00
2025-05-05 22:05:00,-2109.045,2025-05-05 22:05:00
2025-05-05 22:10:00,-2157.065,2025-05-05 22:10:00
2025-05-05 22:15:00,-2101.085,2025-05-05 22:15:00
2025-05-05 22:20:00,-1805.075,2025-05-05 22:20:00
2025-05-05 22:25:00,-1837.095,2025-05-05 22:25:00
2025-05-05 22:30:00,-1941.105,2025-05-05 22:30:00
2025-05-05 22:35:00,-1773.065,2025-05-05 22:35:00
2025-05-05 22:40:00,-1817.095,2025-05-05 22:40:00
2025-05-05 22:45:00,-1837.085,2025-05-05 22:45:00
2025-05-05 22:50:00,-1825.055,2025-05-05 22:50:00
2025-05-05 22:55:00,-1905.065,2025-05-05 22:55:00
2025-05-05 23:00:00,-1713.075,2025-05-05 23:00:00
2025-05-05 23:05:00,-1653.075,2025-05-05 23:05:00
2025-05-05 23:10:00,-1673.105,2025-05-05 23:10:00
2025-05-05 23:15:00,-1657.105,2025-05-05 23:15:00
2025-05-05 23:20:00,-1885.075,2025-05-05 23:20:00
2025-05-05 23:25:00,-1737.065,2025-05-05 23:25:00
2025-05-05 23:30:00,-1817.085,2025-05-05 23:30:00
2025-05-05 23:35:00,-1725.055,2025-05-05 23:35:00
2025-05-05 23:40:00,-1729.065,2025-05-05 23:40:00
2025-05-05 23:45:00,-1689.075,2025-05-05 23:45:00
2025-05-05 23:50:00,-2017.055,2025-05-05 23:50:00
2025-05-05 23:55:00,-1885.045,2025-05-05 23:55:00
2025-05-06 00:00:00,-1725.025,2025-05-06 00:00:00
2025-05-06 00:05:00,-1657.075,2025-05-06 00:05:00
2025-05-06 00:10:00,-1837.075,2025-05-06 00:10:00
2025-05-06 00:15:00,-2029.095,2025-05-06 00:15:00
2025-05-06 00:20:00,-2221.065,2025-05-06 00:20:00
2025-05-06 00:25:00,-1857.095,2025-05-06 00:25:00
2025-05-06 00:30:00,-1925.085,2025-05-06 00:30:00
2025-05-06 00:35:00,-1957.095,2025-05-06 00:35:00
2025-05-06 00:40:00,-2017.085,2025-05-06 00:40:00
2025-05-06 00:45:00,-2101.085,2025-05-06 00:45:00
2025-05-06 00:50:00,-2061.065,2025-05-06 00:50:00
2025-05-06 00:55:00,-1917.055,2025-05-06 00:55:00
2025-05-06 01:00:00,-2001.105,2025-05-06 01:00:00
2025-05-06 01:05:00,-2177.065,2025-05-06 01:05:00
2025-05-06 01:10:00,-2113.055,2025-05-06 01:10:00
2025-05-06 01:15:00,-2073.085,2025-05-06 01:15:00
2025-05-06 01:20:00,-2065.095,2025-05-06 01:20:00
2025-05-06 01:25:00,-2065.075,2025-05-06 01:25:00
2025-05-06 01:30:00,-1961.075,2025-05-06 01:30:00
2025-05-06 01:35:00,-1865.055,2025-05-06 01:35:00
2025-05-06 01:40:00,-1765.095,2025-05-06 01:40:00
2025-05-06 01:45:00,-1785.035,2025-05-06 01:45:00
2025-05-06 01:50:00,-1905.075,2025-05-06 01:50:00
2025-05-06 01:55:00,-1825.105,2025-05-06 01:55:00
2025-05-06 02:00:00,-1873.085,2025-05-06 02:00:00
2025-05-06 02:05:00,-1729.055,2025-05-06 02:05:00
2025-05-06 02:10:00,-1889.045,2025-05-06 02:10:00
2025-05-06 02:15:00,-1821.075,2025-05-06 02:15:00
2025-05-06 02:20:00,-1821.045,2025-05-06 02:20:00
2025-05-06 02:25:00,-1845.075,2025-05-06 02:25:00
2025-05-06 02:30:00,-1797.085,2025-05-06 02:30:00
2025-05-06 02:35:00,-1781.085,2025-05-06 02:35:00
2025-05-06 02:40:00,-1873.055,2025-05-06 02:40:00
2025-05-06 02:45:00,-1837.095,2025-05-06 02:45:00
2025-05-06 02:50:00,-1789.075,2025-05-06 02:50:00
2025-05-06 02:55:00,-1973.095,2025-05-06 02:55:00
2025-05-06 03:00:00,-1713.055,2025-05-06 03:00:00
2025-05-06 03:05:00,-1801.045,2025-05-06 03:05:00
2025-05-06 03:10:00,-1765.055,2025-05-06 03:10:00
2025-05-06 03:15:00,-1873.065,2025-05-06 03:15:00
2025-05-06 03:20:00,-1837.075,2025-05-06 03:20:00
2025-05-06 03:25:00,-1869.085,2025-05-06 03:25:00
2025-05-06 03:30:00,-2045.095,2025-05-06 03:30:00
2025-05-06 03:35:00,-2088.995,2025-05-06 03:35:00
2025-05-06 03:40:00,-1929.095,2025-05-06 03:40:00
2025-05-06 03:45:00,-1873.065,2025-05-06 03:45:00
2025-05-06 03:50:00,-2041.085,2025-05-06 03:50:00
2025-05-06 03:55:00,-2013.075,2025-05-06 03:55:00
2025-05-06 04:00:00,-1993.085,2025-05-06 04:00:00
2025-05-06 04:05:00,-1773.085,2025-05-06 04:05:00
2025-05-06 04:10:00,-1953.095,2025-05-06 04:10:00
2025-05-06 04:15:00,-1993.045,2025-05-06 04:15:00
2025-05-06 04:20:00,-1773.045,2025-05-06 04:20:00
2025-05-06 04:25:00,-2145.075,2025-05-06 04:25:00
2025-05-06 04:30:00,-1837.075,2025-05-06 04:30:00
2025-05-06 04:35:00,-1997.075,2025-05-06 04:35:00
2025-05-06 04:40:00,-1841.085,2025-05-06 04:40:00
2025-05-06 04:45:00,-2329.085,2025-05-06 04:45:00
2025-05-06 04:50:00,-1909.085,2025-05-06 04:50:00
2025-05-06 04:55:00,-1845.075,2025-05-06 04:55:00
2025-05-06 05:00:00,-1929.065,2025-05-06 05:00:00
2025-05-06 05:05:00,-1841.065,2025-05-06 05:05:00
2025-05-06 05:10:00,-1737.055,2025-05-06 05:10:00
2025-05-06 05:15:00,-1865.075,2025-05-06 05:15:00
2025-05-06 05:20:00,-2049.025,2025-05-06 05:20:00
2025-05-06 05:25:00,-1885.065,2025-05-06 05:25:00
2025-05-06 05:30:00,-1877.065,2025-05-06 05:30:00
2025-05-06 05:35:00,-1777.065,2025-05-06 05:35:00
2025-05-06 05:40:00,-1801.025,2025-05-06 05:40:00
2025-05-06 05:45:00,-1905.105,2025-05-06 05:45:00
2025-05-06 05:50:00,-2005.075,2025-05-06 05:50:00
2025-05-06 05:55:00,-1889.065,2025-05-06 05:55:00
2025-05-06 06:00:00,-1785.029,2025-05-06 06:00:00
2025-05-06 06:05:00,-1923.645,2025-05-06 06:05:00
2025-05-06 06:10:00,-1897.057,2025-05-06 06:10:00
2025-05-06 06:15:00,-1881.09,2025-05-06 06:15:00
2025-05-06 06:20:00,-1923.621,2025-05-06 06:20:00
2025-05-06 06:25:00,-1869.061,2025-05-06 06:25:00
2025-05-06 06:30:00,-1897.062,2025-05-06 06:30:00
2025-05-06 06:35:00,-1865.031,2025-05-06 06:35:00
2025-05-06 06:40:00,-1885.076,2025-05-06 06:40:00
2025-05-06 06:45:00,-1853.043,2025-05-06 06:45:00
2025-05-06 06:50:00,-1881.077,2025-05-06 06:50:00
2025-05-06 06:55:00,-1923.761,2025-05-06 06:55:00
2025-05-06 07:00:00,-1923.609,2025-05-06 07:00:00
2025-05-06 07:05:00,-1923.609,2025-05-06 07:05:00
2025-05-06 07:10:00,-1923.751,2025-05-06 07:10:00
2025-05-06 07:15:00,-1923.615,2025-05-06 07:15:00
2025-05-06 07:20:00,-1923.616,2025-05-06 07:20:00
2025-05-06 07:25:00,-1923.614,2025-05-06 07:25:00
2025-05-06 07:30:00,-1923.628,2025-05-06 07:30:00
2025-05-06 07:35:00,-1923.615,2025-05-06 07:35:00
2025-05-06 07:40:00,-1923.616,2025-05-06 07:40:00
2025-05-06 07:45:00,-1923.622,2025-05-06 07:45:00
2025-05-06 07:50:00,-1923.759,2025-05-06 07:50:00
2025-05-06 07:55:00,-1923.626,2025-05-06 07:55:00
2025-05-06 08:00:00,9000.0,2025-05-06 08:00:00
2025-05-06 08:05:00,9000.0,2025-05-06 08:05:00
2025-05-06 08:10:00,9000.0,2025-05-06 08:10:00
2025-05-06 08:15:00,9000.0,2025-05-06 08:15:00
2025-05-06 08:20:00,9000.0,2025-05-06 08:20:00
2025-05-06 08:25:00,9000.0,2025-05-06 08:25:00
2025-05-06 08:30:00,9000.0,2025-05-06 08:30:00
2025-05-06 08:35:00,9000.0,2025-05-06 08:35:00
2025-05-06 08:40:00,9000.0,2025-05-06 08:40:00
2025-05-06 08:45:00,9000.0,2025-05-06 08:45:00
2025-05-06 08:50:00,9000.0,2025-05-06 08:50:00
2025-05-06 08:55:00,9000.0,2025-05-06 08:55:00
2025-05-06 09:00:00,9000.0,2025-05-06 09:00:00
2025-05-06 09:05:00,9000.0,2025-05-06 09:05:00
2025-05-06 09:10:00,9000.0,2025-05-06 09:10:00
2025-05-06 09:15:00,9000.0,2025-05-06 09:15:00
2025-05-06 09:20:00,9000.0,2025-05-06 09:20:00
2025-05-06 09:25:00,9000.0,2025-05-06 09:25:00
2025-05-06 09:30:00,9000.0,2025-05-06 09:30:00
2025-05-06 09:35:00,9000.0,2025-05-06 09:35:00
2025-05-06 09:40:00,8999.999,2025-05-06 09:40:00
2025-05-06 09:45:00,8999.998,2025-05-06 09:45:00
2025-05-06 09:50:00,1043.999,2025-05-06 09:50:00
2025-05-06 09:55:00,0.0,2025-05-06 09:55:00
2025-05-06 10:00:00,0.0,2025-05-06 10:00:00
2025-05-06 10:05:00,0.0,2025-05-06 10:05:00
2025-05-06 10:10:00,0.0,2025-05-06 10:10:00
2025-05-06 10:15:00,0.0,2025-05-06 10:15:00
2025-05-06 10:20:00,0.0,2025-05-06 10:20:00
2025-05-06 10:25:00,0.0,2025-05-06 10:25:00
2025-05-06 10:30:00,0.0,2025-05-06 10:30:00
2025-05-06 10:35:00,0.0,2025-05-06 10:35:00
2025-05-06 10:40:00,0.0,2025-05-06 10:40:00
2025-05-06 10:45:00,0.0,2025-05-06 10:45:00
2025-05-06 10:50:00,0.0,2025-05-06 10:50:00
2025-05-06 10:55:00,0.0,2025-05-06 10:55:00
2025-05-06 11:00:00,-1861.105,2025-05-06 11:00:00
2025-05-06 11:05:00,-2033.075,2025-05-06 11:05:00
2025-05-06 11:10:00,-1933.085,2025-05-06 11:10:00
2025-05-06 11:15:00,-2045.055,2025-05-06 11:15:00
2025-05-06 11:20:00,-2029.065,2025-05-06 11:20:00
2025-05-06 11:25:00,-1985.085,2025-05-06 11:25:00
2025-05-06 11:30:00,-2025.025,2025-05-06 11:30:00
2025-05-06 11:35:00,-1913.055,2025-05-06 11:35:00
2025-05-06 11:40:00,-1741.065,2025-05-06 11:40:00
2025-05-06 11:45:00,-1689.055,2025-05-06 11:45:00
2025-05-06 11:50:00,-1689.055,2025-05-06 11:50:00
2025-05-06 11:55:00,-1597.055,2025-05-06 11:55:00
2025-05-06 12:00:00,-1617.055,2025-05-06 12:00:00
2025-05-06 12:05:00,-1973.065,2025-05-06 12:05:00
2025-05-06 12:10:00,-1921.055,2025-05-06 12:10:00
2025-05-06 12:15:00,-1969.065,2025-05-06 12:15:00
2025-05-06 12:20:00,-1761.085,2025-05-06 12:20:00
2025-05-06 12:25:00,-2209.075,2025-05-06 12:25:00
2025-05-06 12:30:00,-1649.095,2025-05-06 12:30:00
2025-05-06 12:35:00,-1737.055,2025-05-06 12:35:00
2025-05-06 12:40:00,-1689.055,2025-05-06 12:40:00
2025-05-06 12:45:00,-1669.095,2025-05-06 12:45:00
2025-05-06 12:50:00,-1697.075,2025-05-06 12:50:00
2025-05-06 12:55:00,-1793.085,2025-05-06 12:55:00
2025-05-06 13:00:00,-1629.045,2025-05-06 13:00:00
2025-05-06 13:05:00,-1881.045,2025-05-06 13:05:00
2025-05-06 13:10:00,-1681.105,2025-05-06 13:10:00
2025-05-06 13:15:00,-1933.075,2025-05-06 13:15:00
2025-05-06 13:20:00,-1857.125,2025-05-06 13:20:00
2025-05-06 13:25:00,-1757.085,2025-05-06 13:25:00
2025-05-06 13:30:00,-2049.065,2025-05-06 13:30:00
2025-05-06 13:35:00,-2077.045,2025-05-06 13:35:00
2025-05-06 13:40:00,-2177.085,2025-05-06 13:40:00
2025-05-06 13:45:00,-2089.065,2025-05-06 13:45:00
2025-05-06 13:50:00,-2125.095,2025-05-06 13:50:00
2025-05-06 13:55:00,-2129.065,2025-05-06 13:55:00
2025-05-06 14:00:00,-2085.085,2025-05-06 14:00:00
2025-05-06 14:05:00,-1805.065,2025-05-06 14:05:00
2025-05-06 14:10:00,-1881.105,2025-05-06 14:10:00
2025-05-06 14:15:00,-1869.085,2025-05-06 14:15:00
2025-05-06 14:20:00,-1885.095,2025-05-06 14:20:00
2025-05-06 14:25:00,-2145.045,2025-05-06 14:25:00
2025-05-06 14:30:00,-1933.055,2025-05-06 14:30:00
2025-05-06 14:35:00,-1885.025,2025-05-06 14:35:00
2025-05-06 14:40:00,-1917.115,2025-05-06 14:40:00
2025-05-06 14:45:00,-1941.065,2025-05-06 14:45:00
2025-05-06 14:50:00,-1957.105,2025-05-06 14:50:00
2025-05-06 14:55:00,-2105.105,2025-05-06 14:55:00
2025-05-06 15:00:00,-2137.095,2025-05-06 15:00:00
2025-05-06 15:05:00,-2121.075,2025-05-06 15:05:00
2025-05-06 15:10:00,-2025.105,2025-05-06 15:10:00
2025-05-06 15:15:00,-1997.075,2025-05-06 15:15:00
2025-05-06 15:20:00,-2065.085,2025-05-06 15:20:00
2025-05-06 15:25:00,-2001.065,2025-05-06 15:25:00
2025-05-06 15:30:00,-2005.125,2025-05-06 15:30:00
2025-05-06 15:35:00,-1857.075,2025-05-06 15:35:00
2025-05-06 15:40:00,-1861.065,2025-05-06 15:40:00
2025-05-06 15:45:00,-1881.075,2025-05-06 15:45:00
2025-05-06 15:50:00,-1921.095,2025-05-06 15:50:00
2025-05-06 15:55:00,-1977.055,2025-05-06 15:55:00
2025-05-06 16:00:00,-1893.105,2025-05-06 16:00:00
2025-05-06 16:05:00,-2001.105,2025-05-06 16:05:00
2025-05-06 16:10:00,-2053.075,2025-05-06 16:10:00
2025-05-06 16:15:00,-1921.055,2025-05-06 16:15:00
2025-05-06 16:20:00,-1977.095,2025-05-06 16:20:00
2025-05-06 16:25:00,-2025.085,2025-05-06 16:25:00
2025-05-06 16:30:00,-2081.065,2025-05-06 16:30:00
2025-05-06 16:35:00,-2197.025,2025-05-06 16:35:00
2025-05-06 16:40:00,-2173.105,2025-05-06 16:40:00
2025-05-06 16:45:00,-2453.125,2025-05-06 16:45:00
2025-05-06 16:50:00,-2469.085,2025-05-06 16:50:00
2025-05-06 16:55:00,-2445.085,2025-05-06 16:55:00
2025-05-06 17:00:00,-2497.045,2025-05-06 17:00:00
2025-05-06 17:05:00,-2333.045,2025-05-06 17:05:00
2025-05-06 17:10:00,-2165.085,2025-05-06 17:10:00
2025-05-06 17:15:00,-2153.085,2025-05-06 17:15:00
2025-05-06 17:20:00,-2125.065,2025-05-06 17:20:00
2025-05-06 17:25:00,-2113.045,2025-05-06 17:25:00
2025-05-06 17:30:00,-2209.065,2025-05-06 17:30:00
2025-05-06 17:35:00,-2217.065,2025-05-06 17:35:00
2025-05-06 17:40:00,-2245.085,2025-05-06 17:40:00
2025-05-06 17:45:00,-2217.065,2025-05-06 17:45:00
2025-05-06 17:50:00,-2125.065,2025-05-06 17:50:00
2025-05-06 17:55:00,-2213.105,2025-05-06 17:55:00
2025-05-06 18:00:00,9000.0,2025-05-06 18:00:00
2025-05-06 18:05:00,9000.0,2025-05-06 18:05:00
2025-05-06 18:10:00,9000.0,2025-05-06 18:10:00
2025-05-06 18:15:00,9000.0,2025-05-06 18:15:00
2025-05-06 18:20:00,9000.0,2025-05-06 18:20:00
2025-05-06 18:25:00,9000.0,2025-05-06 18:25:00
2025-05-06 18:30:00,9000.0,2025-05-06 18:30:00
2025-05-06 18:35:00,9000.0,2025-05-06 18:35:00
2025-05-06 18:40:00,9000.0,2025-05-06 18:40:00
2025-05-06 18:45:00,9000.0,2025-05-06 18:45:00
2025-05-06 18:50:00,9000.0,2025-05-06 18:50:00
2025-05-06 18:55:00,9000.0,2025-05-06 18:55:00
2025-05-06 19:00:00,9000.0,2025-05-06 19:00:00
2025-05-06 19:05:00,9000.0,2025-05-06 19:05:00
2025-05-06 19:10:00,8999.999,2025-05-06 19:10:00
2025-05-06 19:15:00,8999.998,2025-05-06 19:15:00
2025-05-06 19:20:00,2106.845,2025-05-06 19:20:00
2025-05-06 19:25:00,0.0,2025-05-06 19:25:00
2025-05-06 19:30:00,0.0,2025-05-06 19:30:00
2025-05-06 19:35:00,0.0,2025-05-06 19:35:00
2025-05-06 19:40:00,0.0,2025-05-06 19:40:00
2025-05-06 19:45:00,0.0,2025-05-06 19:45:00
2025-05-06 19:50:00,0.0,2025-05-06 19:50:00
2025-05-06 19:55:00,0.0,2025-05-06 19:55:00
2025-05-06 20:00:00,0.0,2025-05-06 20:00:00
2025-05-06 20:05:00,0.0,2025-05-06 20:05:00
2025-05-06 20:10:00,0.0,2025-05-06 20:10:00
2025-05-06 20:15:00,0.0,2025-05-06 20:15:00
2025-05-06 20:20:00,0.0,2025-05-06 20:20:00
2025-05-06 20:25:00,0.0,2025-05-06 20:25:00
2025-05-06 20:30:00,0.0,2025-05-06 20:30:00
2025-05-06 20:35:00,0.0,2025-05-06 20:35:00
2025-05-06 20:40:00,0.0,2025-05-06 20:40:00
2025-05-06 20:45:00,0.0,2025-05-06 20:45:00
2025-05-06 20:50:00,0.0,2025-05-06 20:50:00
2025-05-06 20:55:00,0.0,2025-05-06 20:55:00
2025-05-06 21:00:00,0.0,2025-05-06 21:00:00
2025-05-06 21:05:00,0.0,2025-05-06 21:05:00
2025-05-06 21:10:00,0.0,2025-05-06 21:10:00
2025-05-06 21:15:00,0.0,2025-05-06 21:15:00
2025-05-06 21:20:00,0.0,2025-05-06 21:20:00
2025-05-06 21:25:00,0.0,2025-05-06 21:25:00
2025-05-06 21:30:00,0.0,2025-05-06 21:30:00
2025-05-06 21:35:00,0.0,2025-05-06 21:35:00
2025-05-06 21:40:00,0.0,2025-05-06 21:40:00
2025-05-06 21:45:00,0.0,2025-05-06 21:45:00
2025-05-06 21:50:00,0.0,2025-05-06 21:50:00
2025-05-06 21:55:00,0.0,2025-05-06 21:55:00
2025-05-06 22:00:00,-2009.072,2025-05-06 22:00:00
2025-05-06 22:05:00,-1969.092,2025-05-06 22:05:00
2025-05-06 22:10:00,-2061.112,2025-05-06 22:10:00
2025-05-06 22:15:00,-1901.082,2025-05-06 22:15:00
2025-05-06 22:20:00,-1917.142,2025-05-06 22:20:00
2025-05-06 22:25:00,-1933.132,2025-05-06 22:25:00
2025-05-06 22:30:00,-1993.092,2025-05-06 22:30:00
2025-05-06 22:35:00,-2013.122,2025-05-06 22:35:00
2025-05-06 22:40:00,-1921.092,2025-05-06 22:40:00
2025-05-06 22:45:00,-1937.122,2025-05-06 22:45:00
2025-05-06 22:50:00,-1897.112,2025-05-06 22:50:00
2025-05-06 22:55:00,-2025.132,2025-05-06 22:55:00
2025-05-06 23:00:00,-1997.092,2025-05-06 23:00:00
2025-05-06 23:05:00,-1969.092,2025-05-06 23:05:00
2025-05-06 23:10:00,-1997.102,2025-05-06 23:10:00
2025-05-06 23:15:00,-2013.132,2025-05-06 23:15:00
2025-05-06 23:20:00,-1953.092,2025-05-06 23:20:00
2025-05-06 23:25:00,-1981.102,2025-05-06 23:25:00
2025-05-06 23:30:00,-1925.072,2025-05-06 23:30:00
2025-05-06 23:35:00,-1881.082,2025-05-06 23:35:00
2025-05-06 23:40:00,-1957.102,2025-05-06 23:40:00
2025-05-06 23:45:00,-1833.122,2025-05-06 23:45:00
2025-05-06 23:50:00,-1929.102,2025-05-06 23:50:00
2025-05-06 23:55:00,-1937.102,2025-05-06 23:55:00
2025-05-07 00:00:00,-1917.102,2025-05-07 00:00:00
2025-05-07 00:05:00,-1833.112,2025-05-07 00:05:00
2025-05-07 00:10:00,-1905.092,2025-05-07 00:10:00
2025-05-07 00:15:00,-1857.062,2025-05-07 00:15:00
2025-05-07 00:20:00,-1877.072,2025-05-07 00:20:00
2025-05-07 00:25:00,-2133.092,2025-05-07 00:25:00
2025-05-07 00:30:00,-2165.132,2025-05-07 00:30:00
2025-05-07 00:35:00,-2161.112,2025-05-07 00:35:00
2025-05-07 00:40:00,-1741.072,2025-05-07 00:40:00
2025-05-07 00:45:00,-1921.122,2025-05-07 00:45:00
2025-05-07 00:50:00,-1845.112,2025-05-07 00:50:00
2025-05-07 00:55:00,-1901.082,2025-05-07 00:55:00
2025-05-07 01:00:00,-1929.112,2025-05-07 01:00:00
2025-05-07 01:05:00,-1881.092,2025-05-07 01:05:00
2025-05-07 01:10:00,-1953.102,2025-05-07 01:10:00
2025-05-07 01:15:00,-2025.092,2025-05-07 01:15:00
2025-05-07 01:20:00,-2197.102,2025-05-07 01:20:00
2025-05-07 01:25:00,-1985.072,2025-05-07 01:25:00
2025-05-07 01:30:00,-2005.092,2025-05-07 01:30:00
2025-05-07 01:35:00,-2193.122,2025-05-07 01:35:00
2025-05-07 01:40:00,-2309.112,2025-05-07 01:40:00
2025-05-07 01:45:00,-2237.092,2025-05-07 01:45:00
2025-05-07 01:50:00,-2533.122,2025-05-07 01:50:00
2025-05-07 01:55:00,-2353.112,2025-05-07 01:55:00
2025-05-07 02:00:00,-2373.122,2025-05-07 02:00:00
2025-05-07 02:05:00,-2409.042,2025-05-07 02:05:00
2025-05-07 02:10:00,-2457.102,2025-05-07 02:10:00
2025-05-07 02:15:00,-2257.112,2025-05-07 02:15:00
2025-05-07 02:20:00,-2297.102,2025-05-07 02:20:00
2025-05-07 02:25:00,-2285.082,2025-05-07 02:25:00
2025-05-07 02:30:00,-2273.092,2025-05-07 02:30:00
2025-05-07 02:35:00,-2157.102,2025-05-07 02:35:00
2025-05-07 02:40:00,-2185.112,2025-05-07 02:40:00
2025-05-07 02:45:00,-2101.052,2025-05-07 02:45:00
2025-05-07 02:50:00,-1937.112,2025-05-07 02:50:00
2025-05-07 02:55:00,-1901.092,2025-05-07 02:55:00
2025-05-07 03:00:00,-2053.102,2025-05-07 03:00:00
2025-05-07 03:05:00,-2033.072,2025-05-07 03:05:00
2025-05-07 03:10:00,-1837.112,2025-05-07 03:10:00
2025-05-07 03:15:00,-1893.092,2025-05-07 03:15:00
2025-05-07 03:20:00,-2033.122,2025-05-07 03:20:00
2025-05-07 03:25:00,-1929.102,2025-05-07 03:25:00
2025-05-07 03:30:00,-1865.062,2025-05-07 03:30:00
2025-05-07 03:35:00,-1937.102,2025-05-07 03:35:00
2025-05-07 03:40:00,-1865.062,2025-05-07 03:40:00
2025-05-07 03:45:00,-1957.102,2025-05-07 03:45:00
2025-05-07 03:50:00,-1933.122,2025-05-07 03:50:00
2025-05-07 03:55:00,-1849.112,2025-05-07 03:55:00
2025-05-07 04:00:00,-1989.122,2025-05-07 04:00:00
2025-05-07 04:05:00,-1941.092,2025-05-07 04:05:00
2025-05-07 04:10:00,-1985.102,2025-05-07 04:10:00
2025-05-07 04:15:00,-1905.092,2025-05-07 04:15:00
2025-05-07 04:20:00,-1897.092,2025-05-07 04:20:00
2025-05-07 04:25:00,-1837.112,2025-05-07 04:25:00
2025-05-07 04:30:00,-1977.102,2025-05-07 04:30:00
2025-05-07 04:35:00,-2041.082,2025-05-07 04:35:00
2025-05-07 04:40:00,-2089.092,2025-05-07 04:40:00
2025-05-07 04:45:00,-1889.102,2025-05-07 04:45:00
2025-05-07 04:50:00,-2149.102,2025-05-07 04:50:00
2025-05-07 04:55:00,-2033.112,2025-05-07 04:55:00
2025-05-07 05:00:00,-2001.102,2025-05-07 05:00:00
2025-05-07 05:05:00,-2189.092,2025-05-07 05:05:00
2025-05-07 05:10:00,-1957.102,2025-05-07 05:10:00
2025-05-07 05:15:00,-2081.102,2025-05-07 05:15:00
2025-05-07 05:20:00,-1957.082,2025-05-07 05:20:00
2025-05-07 05:25:00,-2217.072,2025-05-07 05:25:00
2025-05-07 05:30:00,-1985.072,2025-05-07 05:30:00
2025-05-07 05:35:00,-2237.112,2025-05-07 05:35:00
2025-05-07 05:40:00,-2325.092,2025-05-07 05:40:00
2025-05-07 05:45:00,-1925.102,2025-05-07 05:45:00
2025-05-07 05:50:00,-1869.092,2025-05-07 05:50:00
2025-05-07 05:55:00,-1993.082,2025-05-07 05:55:00
2025-05-07 06:00:00,-1401.751,2025-05-07 06:00:00
2025-05-07 06:05:00,-1401.756,2025-05-07 06:05:00
2025-05-07 06:10:00,-1401.753,2025-05-07 06:10:00
2025-05-07 06:15:00,-1401.755,2025-05-07 06:15:00
2025-05-07 06:20:00,-1401.764,2025-05-07 06:20:00
2025-05-07 06:25:00,-1401.75,2025-05-07 06:25:00
2025-05-07 06:30:00,-1401.763,2025-05-07 06:30:00
2025-05-07 06:35:00,-1401.753,2025-05-07 06:35:00
2025-05-07 06:40:00,-1401.758,2025-05-07 06:40:00
2025-05-07 06:45:00,-1401.729,2025-05-07 06:45:00
2025-05-07 06:50:00,-1401.773,2025-05-07 06:50:00
2025-05-07 06:55:00,-1401.73,2025-05-07 06:55:00
2025-05-07 07:00:00,-1401.774,2025-05-07 07:00:00
2025-05-07 07:05:00,-1401.762,2025-05-07 07:05:00
2025-05-07 07:10:00,-1401.77,2025-05-07 07:10:00
2025-05-07 07:15:00,-1401.76,2025-05-07 07:15:00
2025-05-07 07:20:00,-1401.685,2025-05-07 07:20:00
2025-05-07 07:25:00,-1401.728,2025-05-07 07:25:00
2025-05-07 07:30:00,-1401.74,2025-05-07 07:30:00
2025-05-07 07:35:00,-1401.725,2025-05-07 07:35:00
2025-05-07 07:40:00,-1401.71,2025-05-07 07:40:00
2025-05-07 07:45:00,-1401.689,2025-05-07 07:45:00
2025-05-07 07:50:00,-1401.65,2025-05-07 07:50:00
2025-05-07 07:55:00,-1401.653,2025-05-07 07:55:00
2025-05-07 08:00:00,9000.0,2025-05-07 08:00:00
2025-05-07 08:05:00,9000.0,2025-05-07 08:05:00
2025-05-07 08:10:00,9000.0,2025-05-07 08:10:00
2025-05-07 08:15:00,9000.0,2025-05-07 08:15:00
2025-05-07 08:20:00,9000.0,2025-05-07 08:20:00
2025-05-07 08:25:00,9000.0,2025-05-07 08:25:00
2025-05-07 08:30:00,9000.0,2025-05-07 08:30:00
2025-05-07 08:35:00,9000.0,2025-05-07 08:35:00
2025-05-07 08:40:00,9000.0,2025-05-07 08:40:00
2025-05-07 08:45:00,9000.0,2025-05-07 08:45:00
2025-05-07 08:50:00,9000.0,2025-05-07 08:50:00
2025-05-07 08:55:00,9000.0,2025-05-07 08:55:00
2025-05-07 09:00:00,9000.0,2025-05-07 09:00:00
2025-05-07 09:05:00,9000.0,2025-05-07 09:05:00
2025-05-07 09:10:00,9000.0,2025-05-07 09:10:00
2025-05-07 09:15:00,9000.0,2025-05-07 09:15:00
2025-05-07 09:20:00,9000.0,2025-05-07 09:20:00
2025-05-07 09:25:00,9000.0,2025-05-07 09:25:00
2025-05-07 09:30:00,9000.0,2025-05-07 09:30:00
2025-05-07 09:35:00,9000.0,2025-05-07 09:35:00
2025-05-07 09:40:00,9000.0,2025-05-07 09:40:00
2025-05-07 09:45:00,8999.997,2025-05-07 09:45:00
2025-05-07 09:50:00,1044.002,2025-05-07 09:50:00
2025-05-07 09:55:00,0.0,2025-05-07 09:55:00
2025-05-07 10:00:00,0.0,2025-05-07 10:00:00
2025-05-07 10:05:00,0.0,2025-05-07 10:05:00
2025-05-07 10:10:00,0.0,2025-05-07 10:10:00
2025-05-07 10:15:00,0.0,2025-05-07 10:15:00
2025-05-07 10:20:00,0.0,2025-05-07 10:20:00
2025-05-07 10:25:00,0.0,2025-05-07 10:25:00
2025-05-07 10:30:00,0.0,2025-05-07 10:30:00
2025-05-07 10:35:00,0.0,2025-05-07 10:35:00
2025-05-07 10:40:00,0.0,2025-05-07 10:40:00
2025-05-07 10:45:00,0.0,2025-05-07 10:45:00
2025-05-07 10:50:00,0.0,2025-05-07 10:50:00
2025-05-07 10:55:00,0.0,2025-05-07 10:55:00
2025-05-07 11:00:00,-2077.132,2025-05-07 11:00:00
2025-05-07 11:05:00,-1993.112,2025-05-07 11:05:00
2025-05-07 11:10:00,-2137.072,2025-05-07 11:10:00
2025-05-07 11:15:00,-1997.112,2025-05-07 11:15:00
2025-05-07 11:20:00,-1989.112,2025-05-07 11:20:00
2025-05-07 11:25:00,-2013.082,2025-05-07 11:25:00
2025-05-07 11:30:00,-1949.092,2025-05-07 11:30:00
2025-05-07 11:35:00,-1981.082,2025-05-07 11:35:00
2025-05-07 11:40:00,-1949.042,2025-05-07 11:40:00
2025-05-07 11:45:00,-1937.092,2025-05-07 11:45:00
2025-05-07 11:50:00,-1905.092,2025-05-07 11:50:00
2025-05-07 11:55:00,-1845.092,2025-05-07 11:55:00
2025-05-07 12:00:00,-2129.082,2025-05-07 12:00:00
2025-05-07 12:05:00,-2221.062,2025-05-07 12:05:00
2025-05-07 12:10:00,-2101.112,2025-05-07 12:10:00
2025-05-07 12:15:00,-2149.082,2025-05-07 12:15:00
2025-05-07 12:20:00,-2145.082,2025-05-07 12:20:00
2025-05-07 12:25:00,-2053.112,2025-05-07 12:25:00
2025-05-07 12:30:00,-2057.112,2025-05-07 12:30:00
2025-05-07 12:35:00,-2197.102,2025-05-07 12:35:00
2025-05-07 12:40:00,-2153.102,2025-05-07 12:40:00
2025-05-07 12:45:00,-2173.072,2025-05-07 12:45:00
2025-05-07 12:50:00,-2073.092,2025-05-07 12:50:00
2025-05-07 12:55:00,-2157.112,2025-05-07 12:55:00
2025-05-07 13:00:00,-2241.072,2025-05-07 13:00:00
2025-05-07 13:05:00,-2157.122,2025-05-07 13:05:00
2025-05-07 13:10:00,-2301.102,2025-05-07 13:10:00
2025-05-07 13:15:00,-1841.062,2025-05-07 13:15:00
2025-05-07 13:20:00,-1929.082,2025-05-07 13:20:00
2025-05-07 13:25:00,-2137.102,2025-05-07 13:25:00
2025-05-07 13:30:00,-2237.092,2025-05-07 13:30:00
2025-05-07 13:35:00,-2173.082,2025-05-07 13:35:00
2025-05-07 13:40:00,-2249.082,2025-05-07 13:40:00
2025-05-07 13:45:00,-2205.042,2025-05-07 13:45:00
2025-05-07 13:50:00,-2021.092,2025-05-07 13:50:00
2025-05-07 13:55:00,-1801.102,2025-05-07 13:55:00
2025-05-07 14:00:00,-2149.092,2025-05-07 14:00:00
2025-05-07 14:05:00,-2145.082,2025-05-07 14:05:00
2025-05-07 14:10:00,-2153.062,2025-05-07 14:10:00
2025-05-07 14:15:00,-2217.082,2025-05-07 14:15:00
2025-05-07 14:20:00,-2189.062,2025-05-07 14:20:00
2025-05-07 14:25:00,-1893.102,2025-05-07 14:25:00
2025-05-07 14:30:00,-1901.112,2025-05-07 14:30:00
2025-05-07 14:35:00,-2029.122,2025-05-07 14:35:00
2025-05-07 14:40:00,-1893.112,2025-05-07 14:40:00
2025-05-07 14:45:00,-1973.082,2025-05-07 14:45:00
2025-05-07 14:50:00,-1897.102,2025-05-07 14:50:00
2025-05-07 14:55:00,-1973.082,2025-05-07 14:55:00
2025-05-07 15:00:00,-1893.102,2025-05-07 15:00:00
2025-05-07 15:05:00,-1829.132,2025-05-07 15:05:00
2025-05-07 15:10:00,-1885.092,2025-05-07 15:10:00
2025-05-07 15:15:00,-1753.102,2025-05-07 15:15:00
2025-05-07 15:20:00,-1785.062,2025-05-07 15:20:00
2025-05-07 15:25:00,-1913.082,2025-05-07 15:25:00
2025-05-07 15:30:00,-1929.112,2025-05-07 15:30:00
2025-05-07 15:35:00,-1869.092,2025-05-07 15:35:00
2025-05-07 15:40:00,-1889.102,2025-05-07 15:40:00
2025-05-07 15:45:00,-1801.082,2025-05-07 15:45:00
2025-05-07 15:50:00,-1937.102,2025-05-07 15:50:00
2025-05-07 15:55:00,-1861.132,2025-05-07 15:55:00
2025-05-07 16:00:00,-1877.102,2025-05-07 16:00:00
2025-05-07 16:05:00,-1833.092,2025-05-07 16:05:00
2025-05-07 16:10:00,-1793.042,2025-05-07 16:10:00
2025-05-07 16:15:00,-1789.092,2025-05-07 16:15:00
2025-05-07 16:20:00,-1869.102,2025-05-07 16:20:00
2025-05-07 16:25:00,-1889.112,2025-05-07 16:25:00
2025-05-07 16:30:00,-1929.062,2025-05-07 16:30:00
2025-05-07 16:35:00,-1957.092,2025-05-07 16:35:00
2025-05-07 16:40:00,-1925.102,2025-05-07 16:40:00
2025-05-07 16:45:00,-1781.092,2025-05-07 16:45:00
2025-05-07 16:50:00,-1897.072,2025-05-07 16:50:00
2025-05-07 16:55:00,-1977.082,2025-05-07 16:55:00
2025-05-07 17:00:00,-1849.122,2025-05-07 17:00:00
2025-05-07 17:05:00,-1901.112,2025-05-07 17:05:00
2025-05-07 17:10:00,-1861.102,2025-05-07 17:10:00
2025-05-07 17:15:00,-1893.062,2025-05-07 17:15:00
2025-05-07 17:20:00,-2005.092,2025-05-07 17:20:00
2025-05-07 17:25:00,-1925.072,2025-05-07 17:25:00
2025-05-07 17:30:00,-2141.082,2025-05-07 17:30:00
2025-05-07 17:35:00,-2145.072,2025-05-07 17:35:00
2025-05-07 17:40:00,-2033.062,2025-05-07 17:40:00
2025-05-07 17:45:00,-2173.072,2025-05-07 17:45:00
2025-05-07 17:50:00,-1869.112,2025-05-07 17:50:00
2025-05-07 17:55:00,-1897.052,2025-05-07 17:55:00
2025-05-07 18:00:00,9000.0,2025-05-07 18:00:00
2025-05-07 18:05:00,9000.0,2025-05-07 18:05:00
2025-05-07 18:10:00,9000.0,2025-05-07 18:10:00
2025-05-07 18:15:00,9000.0,2025-05-07 18:15:00
2025-05-07 18:20:00,9000.0,2025-05-07 18:20:00
2025-05-07 18:25:00,9000.0,2025-05-07 18:25:00
2025-05-07 18:30:00,9000.0,2025-05-07 18:30:00
2025-05-07 18:35:00,9000.0,2025-05-07 18:35:00
2025-05-07 18:40:00,9000.0,2025-05-07 18:40:00
2025-05-07 18:45:00,9000.0,2025-05-07 18:45:00
2025-05-07 18:50:00,9000.0,2025-05-07 18:50:00
2025-05-07 18:55:00,9000.0,2025-05-07 18:55:00
2025-05-07 19:00:00,9000.0,2025-05-07 19:00:00
2025-05-07 19:05:00,9000.0,2025-05-07 19:05:00
2025-05-07 19:10:00,9000.0,2025-05-07 19:10:00
2025-05-07 19:15:00,8999.999,2025-05-07 19:15:00
2025-05-07 19:20:00,2520.497,2025-05-07 19:20:00
2025-05-07 19:25:00,0.0,2025-05-07 19:25:00
2025-05-07 19:30:00,0.0,2025-05-07 19:30:00
2025-05-07 19:35:00,0.0,2025-05-07 19:35:00
2025-05-07 19:40:00,0.0,2025-05-07 19:40:00
2025-05-07 19:45:00,0.0,2025-05-07 19:45:00
2025-05-07 19:50:00,0.0,2025-05-07 19:50:00
2025-05-07 19:55:00,0.0,2025-05-07 19:55:00
2025-05-07 20:00:00,0.0,2025-05-07 20:00:00
2025-05-07 20:05:00,0.0,2025-05-07 20:05:00
2025-05-07 20:10:00,0.0,2025-05-07 20:10:00
2025-05-07 20:15:00,0.0,2025-05-07 20:15:00
2025-05-07 20:20:00,0.0,2025-05-07 20:20:00
2025-05-07 20:25:00,0.0,2025-05-07 20:25:00
2025-05-07 20:30:00,0.0,2025-05-07 20:30:00
2025-05-07 20:35:00,0.0,2025-05-07 20:35:00
2025-05-07 20:40:00,0.0,2025-05-07 20:40:00
2025-05-07 20:45:00,0.0,2025-05-07 20:45:00
2025-05-07 20:50:00,0.0,2025-05-07 20:50:00
2025-05-07 20:55:00,0.0,2025-05-07 20:55:00
2025-05-07 21:00:00,0.0,2025-05-07 21:00:00
2025-05-07 21:05:00,0.0,2025-05-07 21:05:00
2025-05-07 21:10:00,0.0,2025-05-07 21:10:00
2025-05-07 21:15:00,0.0,2025-05-07 21:15:00
2025-05-07 21:20:00,0.0,2025-05-07 21:20:00
2025-05-07 21:25:00,0.0,2025-05-07 21:25:00
2025-05-07 21:30:00,0.0,2025-05-07 21:30:00
2025-05-07 21:35:00,0.0,2025-05-07 21:35:00
2025-05-07 21:40:00,0.0,2025-05-07 21:40:00
2025-05-07 21:45:00,0.0,2025-05-07 21:45:00
2025-05-07 21:50:00,0.0,2025-05-07 21:50:00
2025-05-07 21:55:00,0.0,2025-05-07 21:55:00
2025-05-07 22:00:00,-2014.692,2025-05-07 22:00:00
2025-05-07 22:05:00,-1926.692,2025-05-07 22:05:00
2025-05-07 22:10:00,-1942.722,2025-05-07 22:10:00
2025-05-07 22:15:00,-1822.702,2025-05-07 22:15:00
2025-05-07 22:20:00,-1914.712,2025-05-07 22:20:00
2025-05-07 22:25:00,-1798.692,2025-05-07 22:25:00
2025-05-07 22:30:00,-1886.682,2025-05-07 22:30:00
2025-05-07 22:35:00,-2010.682,2025-05-07 22:35:00
2025-05-07 22:40:00,-2002.732,2025-05-07 22:40:00
2025-05-07 22:45:00,-1962.712,2025-05-07 22:45:00
2025-05-07 22:50:00,-1934.682,2025-05-07 22:50:00
2025-05-07 22:55:00,-1902.702,2025-05-07 22:55:00
2025-05-07 23:00:00,-1942.702,2025-05-07 23:00:00
2025-05-07 23:05:00,-1946.742,2025-05-07 23:05:00
2025-05-07 23:10:00,-1942.702,2025-05-07 23:10:00
2025-05-07 23:15:00,-1898.742,2025-05-07 23:15:00
2025-05-07 23:20:00,-1950.702,2025-05-07 23:20:00
2025-05-07 23:25:00,-1934.672,2025-05-07 23:25:00
2025-05-07 23:30:00,-1966.712,2025-05-07 23:30:00
2025-05-07 23:35:00,-1922.722,2025-05-07 23:35:00
2025-05-07 23:40:00,-1934.722,2025-05-07 23:40:00
2025-05-07 23:45:00,-2070.682,2025-05-07 23:45:00
2025-05-07 23:50:00,-2230.692,2025-05-07 23:50:00
2025-05-07 23:55:00,-2046.712,2025-05-07 23:55:00
2025-05-08 00:00:00,-1914.682,2025-05-08 00:00:00
2025-05-08 00:05:00,-1838.712,2025-05-08 00:05:00
2025-05-08 00:10:00,-2274.702,2025-05-08 00:10:00
2025-05-08 00:15:00,-2186.712,2025-05-08 00:15:00
2025-05-08 00:20:00,-1990.732,2025-05-08 00:20:00
2025-05-08 00:25:00,-2066.702,2025-05-08 00:25:00
2025-05-08 00:30:00,-1950.682,2025-05-08 00:30:00
2025-05-08 00:35:00,-2242.702,2025-05-08 00:35:00
2025-05-08 00:40:00,-2366.712,2025-05-08 00:40:00
2025-05-08 00:45:00,-2250.732,2025-05-08 00:45:00
2025-05-08 00:50:00,-2254.702,2025-05-08 00:50:00
2025-05-08 00:55:00,-2306.682,2025-05-08 00:55:00
2025-05-08 01:00:00,-2250.692,2025-05-08 01:00:00
2025-05-08 01:05:00,-2398.732,2025-05-08 01:05:00
2025-05-08 01:10:00,-2266.712,2025-05-08 01:10:00
2025-05-08 01:15:00,-2294.732,2025-05-08 01:15:00
2025-05-08 01:20:00,-2194.712,2025-05-08 01:20:00
2025-05-08 01:25:00,-2362.692,2025-05-08 01:25:00
2025-05-08 01:30:00,-2254.702,2025-05-08 01:30:00
2025-05-08 01:35:00,-2370.702,2025-05-08 01:35:00
2025-05-08 01:40:00,-2282.682,2025-05-08 01:40:00
2025-05-08 01:45:00,-2170.702,2025-05-08 01:45:00
2025-05-08 01:50:00,-2050.672,2025-05-08 01:50:00
2025-05-08 01:55:00,-1974.692,2025-05-08 01:55:00
2025-05-08 02:00:00,-1934.732,2025-05-08 02:00:00
2025-05-08 02:05:00,-1874.692,2025-05-08 02:05:00
2025-05-08 02:10:00,-1774.722,2025-05-08 02:10:00
2025-05-08 02:15:00,-1762.682,2025-05-08 02:15:00
2025-05-08 02:20:00,-2034.682,2025-05-08 02:20:00
2025-05-08 02:25:00,-1890.682,2025-05-08 02:25:00
2025-05-08 02:30:00,-1978.712,2025-05-08 02:30:00
2025-05-08 02:35:00,-1850.682,2025-05-08 02:35:00
2025-05-08 02:40:00,-1806.672,2025-05-08 02:40:00
2025-05-08 02:45:00,-1770.702,2025-05-08 02:45:00
2025-05-08 02:50:00,-1862.712,2025-05-08 02:50:00
2025-05-08 02:55:00,-1902.712,2025-05-08 02:55:00
2025-05-08 03:00:00,-1734.712,2025-05-08 03:00:00
2025-05-08 03:05:00,-1766.712,2025-05-08 03:05:00
2025-05-08 03:10:00,-1826.662,2025-05-08 03:10:00
2025-05-08 03:15:00,-1862.702,2025-05-08 03:15:00
2025-05-08 03:20:00,-1838.662,2025-05-08 03:20:00
2025-05-08 03:25:00,-1886.712,2025-05-08 03:25:00
2025-05-08 03:30:00,-1774.712,2025-05-08 03:30:00
2025-05-08 03:35:00,-1818.692,2025-05-08 03:35:00
2025-05-08 03:40:00,-1894.702,2025-05-08 03:40:00
2025-05-08 03:45:00,-1726.702,2025-05-08 03:45:00
2025-05-08 03:50:00,-2034.742,2025-05-08 03:50:00
2025-05-08 03:55:00,-1830.642,2025-05-08 03:55:00
2025-05-08 04:00:00,-1818.662,2025-05-08 04:00:00
2025-05-08 04:05:00,-1846.722,2025-05-08 04:05:00
2025-05-08 04:10:00,-1950.712,2025-05-08 04:10:00
2025-05-08 04:15:00,-1994.702,2025-05-08 04:15:00
2025-05-08 04:20:00,-1966.712,2025-05-08 04:20:00
2025-05-08 04:25:00,-1862.722,2025-05-08 04:25:00
2025-05-08 04:30:00,-1838.722,2025-05-08 04:30:00
2025-05-08 04:35:00,-1810.692,2025-05-08 04:35:00
2025-05-08 04:40:00,-1894.682,2025-05-08 04:40:00
2025-05-08 04:45:00,-2142.712,2025-05-08 04:45:00
2025-05-08 04:50:00,-2242.672,2025-05-08 04:50:00
2025-05-08 04:55:00,-1970.712,2025-05-08 04:55:00
2025-05-08 05:00:00,-1878.672,2025-05-08 05:00:00
2025-05-08 05:05:00,-2290.682,2025-05-08 05:05:00
2025-05-08 05:10:00,-1942.732,2025-05-08 05:10:00
2025-05-08 05:15:00,-2014.712,2025-05-08 05:15:00
2025-05-08 05:20:00,-1834.682,2025-05-08 05:20:00
2025-05-08 05:25:00,-1850.702,2025-05-08 05:25:00
2025-05-08 05:30:00,-1846.712,2025-05-08 05:30:00
2025-05-08 05:35:00,-1794.712,2025-05-08 05:35:00
2025-05-08 05:40:00,-1938.612,2025-05-08 05:40:00
2025-05-08 05:45:00,-1842.702,2025-05-08 05:45:00
2025-05-08 05:50:00,-1886.712,2025-05-08 05:50:00
2025-05-08 05:55:00,-1906.702,2025-05-08 05:55:00
2025-05-08 06:00:00,-1562.613,2025-05-08 06:00:00
2025-05-08 06:05:00,-1562.641,2025-05-08 06:05:00
2025-05-08 06:10:00,-1562.613,2025-05-08 06:10:00
2025-05-08 06:15:00,-1562.628,2025-05-08 06:15:00
2025-05-08 06:20:00,-1562.639,2025-05-08 06:20:00
2025-05-08 06:25:00,-1562.618,2025-05-08 06:25:00
2025-05-08 06:30:00,-1562.652,2025-05-08 06:30:00
2025-05-08 06:35:00,-1562.618,2025-05-08 06:35:00
2025-05-08 06:40:00,-1562.636,2025-05-08 06:40:00
2025-05-08 06:45:00,-1562.639,2025-05-08 06:45:00
2025-05-08 06:50:00,-1562.661,2025-05-08 06:50:00
2025-05-08 06:55:00,-1562.661,2025-05-08 06:55:00
2025-05-08 07:00:00,-1562.638,2025-05-08 07:00:00
2025-05-08 07:05:00,-1562.677,2025-05-08 07:05:00
2025-05-08 07:10:00,-1562.687,2025-05-08 07:10:00
2025-05-08 07:15:00,-1562.669,2025-05-08 07:15:00
2025-05-08 07:20:00,-1562.684,2025-05-08 07:20:00
2025-05-08 07:25:00,-1562.699,2025-05-08 07:25:00
2025-05-08 07:30:00,-1562.689,2025-05-08 07:30:00
2025-05-08 07:35:00,-1562.687,2025-05-08 07:35:00
2025-05-08 07:40:00,-1562.679,2025-05-08 07:40:00
2025-05-08 07:45:00,-1562.683,2025-05-08 07:45:00
2025-05-08 07:50:00,-1562.73,2025-05-08 07:50:00
2025-05-08 07:55:00,-1562.74,2025-05-08 07:55:00
2025-05-08 08:00:00,9000.0,2025-05-08 08:00:00
2025-05-08 08:05:00,9000.0,2025-05-08 08:05:00
2025-05-08 08:10:00,9000.0,2025-05-08 08:10:00
2025-05-08 08:15:00,9000.0,2025-05-08 08:15:00
2025-05-08 08:20:00,9000.0,2025-05-08 08:20:00
2025-05-08 08:25:00,9000.0,2025-05-08 08:25:00
2025-05-08 08:30:00,9000.0,2025-05-08 08:30:00
2025-05-08 08:35:00,9000.0,2025-05-08 08:35:00
2025-05-08 08:40:00,9000.0,2025-05-08 08:40:00
2025-05-08 08:45:00,9000.0,2025-05-08 08:45:00
2025-05-08 08:50:00,9000.0,2025-05-08 08:50:00
2025-05-08 08:55:00,9000.0,2025-05-08 08:55:00
2025-05-08 09:00:00,9000.0,2025-05-08 09:00:00
2025-05-08 09:05:00,9000.0,2025-05-08 09:05:00
2025-05-08 09:10:00,9000.0,2025-05-08 09:10:00
2025-05-08 09:15:00,9000.0,2025-05-08 09:15:00
2025-05-08 09:20:00,9000.0,2025-05-08 09:20:00
2025-05-08 09:25:00,9000.0,2025-05-08 09:25:00
2025-05-08 09:30:00,9000.0,2025-05-08 09:30:00
2025-05-08 09:35:00,9000.0,2025-05-08 09:35:00
2025-05-08 09:40:00,9000.0,2025-05-08 09:40:00
2025-05-08 09:45:00,8999.983,2025-05-08 09:45:00
2025-05-08 09:50:00,1044.016,2025-05-08 09:50:00
2025-05-08 09:55:00,0.0,2025-05-08 09:55:00
2025-05-08 10:00:00,0.0,2025-05-08 10:00:00
2025-05-08 10:05:00,0.0,2025-05-08 10:05:00
2025-05-08 10:10:00,0.0,2025-05-08 10:10:00
2025-05-08 10:15:00,0.0,2025-05-08 10:15:00
2025-05-08 10:20:00,0.0,2025-05-08 10:20:00
2025-05-08 10:25:00,0.0,2025-05-08 10:25:00
2025-05-08 10:30:00,0.0,2025-05-08 10:30:00
2025-05-08 10:35:00,0.0,2025-05-08 10:35:00
2025-05-08 10:40:00,0.0,2025-05-08 10:40:00
2025-05-08 10:45:00,0.0,2025-05-08 10:45:00
2025-05-08 10:50:00,0.0,2025-05-08 10:50:00
2025-05-08 10:55:00,0.0,2025-05-08 10:55:00
2025-05-08 11:00:00,-2026.742,2025-05-08 11:00:00
2025-05-08 11:05:00,-2134.752,2025-05-08 11:05:00
2025-05-08 11:10:00,-2174.722,2025-05-08 11:10:00
2025-05-08 11:15:00,-1882.732,2025-05-08 11:15:00
2025-05-08 11:20:00,-1854.702,2025-05-08 11:20:00
2025-05-08 11:25:00,-2022.702,2025-05-08 11:25:00
2025-05-08 11:30:00,-1858.722,2025-05-08 11:30:00
2025-05-08 11:35:00,-1930.672,2025-05-08 11:35:00
2025-05-08 11:40:00,-2250.692,2025-05-08 11:40:00
2025-05-08 11:45:00,-2194.692,2025-05-08 11:45:00
2025-05-08 11:50:00,-1862.702,2025-05-08 11:50:00
2025-05-08 11:55:00,-1950.712,2025-05-08 11:55:00
2025-05-08 12:00:00,-2070.712,2025-05-08 12:00:00
2025-05-08 12:05:00,-2110.702,2025-05-08 12:05:00
2025-05-08 12:10:00,-2250.712,2025-05-08 12:10:00
2025-05-08 12:15:00,-2214.682,2025-05-08 12:15:00
2025-05-08 12:20:00,-2250.702,2025-05-08 12:20:00
2025-05-08 12:25:00,-2150.682,2025-05-08 12:25:00
2025-05-08 12:30:00,-2150.662,2025-05-08 12:30:00
2025-05-08 12:35:00,-2110.702,2025-05-08 12:35:00
2025-05-08 12:40:00,-1950.712,2025-05-08 12:40:00
2025-05-08 12:45:00,-2014.712,2025-05-08 12:45:00
2025-05-08 12:50:00,-2046.662,2025-05-08 12:50:00
2025-05-08 12:55:00,-1974.702,2025-05-08 12:55:00
2025-05-08 13:00:00,-2002.682,2025-05-08 13:00:00
2025-05-08 13:05:00,-2062.692,2025-05-08 13:05:00
2025-05-08 13:10:00,-2030.712,2025-05-08 13:10:00
2025-05-08 13:15:00,-1994.642,2025-05-08 13:15:00
2025-05-08 13:20:00,-2046.712,2025-05-08 13:20:00
2025-05-08 13:25:00,-2142.662,2025-05-08 13:25:00
2025-05-08 13:30:00,-2018.682,2025-05-08 13:30:00
2025-05-08 13:35:00,-2178.712,2025-05-08 13:35:00
2025-05-08 13:40:00,-2022.712,2025-05-08 13:40:00
2025-05-08 13:45:00,-1910.722,2025-05-08 13:45:00
2025-05-08 13:50:00,-2050.742,2025-05-08 13:50:00
2025-05-08 13:55:00,-2058.692,2025-05-08 13:55:00
2025-05-08 14:00:00,-2206.712,2025-05-08 14:00:00
2025-05-08 14:05:00,-1894.682,2025-05-08 14:05:00
2025-05-08 14:10:00,-2178.732,2025-05-08 14:10:00
2025-05-08 14:15:00,-1922.702,2025-05-08 14:15:00
2025-05-08 14:20:00,-1962.712,2025-05-08 14:20:00
2025-05-08 14:25:00,-1962.712,2025-05-08 14:25:00
2025-05-08 14:30:00,-1986.732,2025-05-08 14:30:00
2025-05-08 14:35:00,-1982.712,2025-05-08 14:35:00
2025-05-08 14:40:00,-2054.732,2025-05-08 14:40:00
2025-05-08 14:45:00,-2006.722,2025-05-08 14:45:00
2025-05-08 14:50:00,-2034.722,2025-05-08 14:50:00
2025-05-08 14:55:00,-1978.702,2025-05-08 14:55:00
2025-05-08 15:00:00,-1974.692,2025-05-08 15:00:00
2025-05-08 15:05:00,-1950.682,2025-05-08 15:05:00
2025-05-08 15:10:00,-2058.692,2025-05-08 15:10:00
2025-05-08 15:15:00,-2022.692,2025-05-08 15:15:00
2025-05-08 15:20:00,-1890.692,2025-05-08 15:20:00
2025-05-08 15:25:00,-2194.712,2025-05-08 15:25:00
2025-05-08 15:30:00,-2258.672,2025-05-08 15:30:00
2025-05-08 15:35:00,-1870.662,2025-05-08 15:35:00
2025-05-08 15:40:00,-1818.712,2025-05-08 15:40:00
2025-05-08 15:45:00,-2058.702,2025-05-08 15:45:00
2025-05-08 15:50:00,-1866.712,2025-05-08 15:50:00
2025-05-08 15:55:00,-1926.712,2025-05-08 15:55:00
2025-05-08 16:00:00,-1950.732,2025-05-08 16:00:00
2025-05-08 16:05:00,-1818.692,2025-05-08 16:05:00
2025-05-08 16:10:00,-1842.702,2025-05-08 16:10:00
2025-05-08 16:15:00,-1846.682,2025-05-08 16:15:00
2025-05-08 16:20:00,-1786.742,2025-05-08 16:20:00
2025-05-08 16:25:00,-1838.682,2025-05-08 16:25:00
2025-05-08 16:30:00,-1810.682,2025-05-08 16:30:00
2025-05-08 16:35:00,-1906.702,2025-05-08 16:35:00
2025-05-08 16:40:00,-1966.722,2025-05-08 16:40:00
2025-05-08 16:45:00,-2006.702,2025-05-08 16:45:00
2025-05-08 16:50:00,-1954.692,2025-05-08 16:50:00
2025-05-08 16:55:00,-1934.682,2025-05-08 16:55:00
2025-05-08 17:00:00,-1894.712,2025-05-08 17:00:00
2025-05-08 17:05:00,-1970.702,2025-05-08 17:05:00
2025-05-08 17:10:00,-1866.722,2025-05-08 17:10:00
2025-05-08 17:15:00,-1866.712,2025-05-08 17:15:00
2025-05-08 17:20:00,-1814.732,2025-05-08 17:20:00
2025-05-08 17:25:00,-1846.682,2025-05-08 17:25:00
2025-05-08 17:30:00,-2058.712,2025-05-08 17:30:00
2025-05-08 17:35:00,-1818.672,2025-05-08 17:35:00
2025-05-08 17:40:00,-1822.732,2025-05-08 17:40:00
2025-05-08 17:45:00,-1862.702,2025-05-08 17:45:00
2025-05-08 17:50:00,-1798.682,2025-05-08 17:50:00
2025-05-08 17:55:00,-2058.702,2025-05-08 17:55:00
2025-05-08 18:00:00,9000.0,2025-05-08 18:00:00
2025-05-08 18:05:00,9000.0,2025-05-08 18:05:00
2025-05-08 18:10:00,9000.0,2025-05-08 18:10:00
2025-05-08 18:15:00,9000.0,2025-05-08 18:15:00
2025-05-08 18:20:00,9000.0,2025-05-08 18:20:00
2025-05-08 18:25:00,9000.0,2025-05-08 18:25:00
2025-05-08 18:30:00,9000.0,2025-05-08 18:30:00
2025-05-08 18:35:00,9000.0,2025-05-08 18:35:00
2025-05-08 18:40:00,9000.0,2025-05-08 18:40:00
2025-05-08 18:45:00,9000.0,2025-05-08 18:45:00
2025-05-08 18:50:00,9000.0,2025-05-08 18:50:00
2025-05-08 18:55:00,9000.0,2025-05-08 18:55:00
2025-05-08 19:00:00,9000.0,2025-05-08 19:00:00
2025-05-08 19:05:00,9000.0,2025-05-08 19:05:00
2025-05-08 19:10:00,9000.0,2025-05-08 19:10:00
2025-05-08 19:15:00,8999.997,2025-05-08 19:15:00
2025-05-08 19:20:00,2282.263,2025-05-08 19:20:00
2025-05-08 19:25:00,0.0,2025-05-08 19:25:00
2025-05-08 19:30:00,0.0,2025-05-08 19:30:00
2025-05-08 19:35:00,0.0,2025-05-08 19:35:00
2025-05-08 19:40:00,0.0,2025-05-08 19:40:00
2025-05-08 19:45:00,0.0,2025-05-08 19:45:00
2025-05-08 19:50:00,0.0,2025-05-08 19:50:00
2025-05-08 19:55:00,0.0,2025-05-08 19:55:00
2025-05-08 20:00:00,0.0,2025-05-08 20:00:00
2025-05-08 20:05:00,0.0,2025-05-08 20:05:00
2025-05-08 20:10:00,0.0,2025-05-08 20:10:00
2025-05-08 20:15:00,0.0,2025-05-08 20:15:00
2025-05-08 20:20:00,0.0,2025-05-08 20:20:00
2025-05-08 20:25:00,0.0,2025-05-08 20:25:00
2025-05-08 20:30:00,0.0,2025-05-08 20:30:00
2025-05-08 20:35:00,0.0,2025-05-08 20:35:00
2025-05-08 20:40:00,0.0,2025-05-08 20:40:00
2025-05-08 20:45:00,0.0,2025-05-08 20:45:00
2025-05-08 20:50:00,0.0,2025-05-08 20:50:00
2025-05-08 20:55:00,0.0,2025-05-08 20:55:00
2025-05-08 21:00:00,0.0,2025-05-08 21:00:00
2025-05-08 21:05:00,0.0,2025-05-08 21:05:00
2025-05-08 21:10:00,0.0,2025-05-08 21:10:00
2025-05-08 21:15:00,0.0,2025-05-08 21:15:00
2025-05-08 21:20:00,0.0,2025-05-08 21:20:00
2025-05-08 21:25:00,0.0,2025-05-08 21:25:00
2025-05-08 21:30:00,0.0,2025-05-08 21:30:00
2025-05-08 21:35:00,0.0,2025-05-08 21:35:00
2025-05-08 21:40:00,0.0,2025-05-08 21:40:00
2025-05-08 21:45:00,0.0,2025-05-08 21:45:00
2025-05-08 21:50:00,0.0,2025-05-08 21:50:00
2025-05-08 21:55:00,0.0,2025-05-08 21:55:00
2025-05-08 22:00:00,-2147.26,2025-05-08 22:00:00
2025-05-08 22:05:00,-1983.28,2025-05-08 22:05:00
2025-05-08 22:10:00,-1919.29,2025-05-08 22:10:00
2025-05-08 22:15:00,-1967.28,2025-05-08 22:15:00
2025-05-08 22:20:00,-1887.29,2025-05-08 22:20:00
2025-05-08 22:25:00,-1955.29,2025-05-08 22:25:00
2025-05-08 22:30:00,-1875.27,2025-05-08 22:30:00
2025-05-08 22:35:00,-2071.31,2025-05-08 22:35:00
2025-05-08 22:40:00,-1855.27,2025-05-08 22:40:00
2025-05-08 22:45:00,-1811.26,2025-05-08 22:45:00
2025-05-08 22:50:00,-1975.27,2025-05-08 22:50:00
2025-05-08 22:55:00,-2067.31,2025-05-08 22:55:00
2025-05-08 23:00:00,-2087.26,2025-05-08 23:00:00
2025-05-08 23:05:00,-1803.3,2025-05-08 23:05:00
2025-05-08 23:10:00,-1911.28,2025-05-08 23:10:00
2025-05-08 23:15:00,-1923.3,2025-05-08 23:15:00
2025-05-08 23:20:00,-2215.29,2025-05-08 23:20:00
2025-05-08 23:25:00,-1935.3,2025-05-08 23:25:00
2025-05-08 23:30:00,-1963.27,2025-05-08 23:30:00
2025-05-08 23:35:00,-2019.27,2025-05-08 23:35:00
2025-05-08 23:40:00,-1859.32,2025-05-08 23:40:00
2025-05-08 23:45:00,-2151.35,2025-05-08 23:45:00
2025-05-08 23:50:00,-1827.29,2025-05-08 23:50:00
2025-05-08 23:55:00,-1815.24,2025-05-08 23:55:00
2025-05-09 00:00:00,-1743.29,2025-05-09 00:00:00
2025-05-09 00:05:00,-1871.28,2025-05-09 00:05:00
2025-05-09 00:10:00,-1823.29,2025-05-09 00:10:00
2025-05-09 00:15:00,-1863.32,2025-05-09 00:15:00
2025-05-09 00:20:00,-1931.26,2025-05-09 00:20:00
2025-05-09 00:25:00,-1827.26,2025-05-09 00:25:00
2025-05-09 00:30:00,-1827.26,2025-05-09 00:30:00
2025-05-09 00:35:00,-2067.31,2025-05-09 00:35:00
2025-05-09 00:40:00,-2115.32,2025-05-09 00:40:00
2025-05-09 00:45:00,-1851.32,2025-05-09 00:45:00
2025-05-09 00:50:00,-2071.28,2025-05-09 00:50:00
2025-05-09 00:55:00,-2311.28,2025-05-09 00:55:00
2025-05-09 01:00:00,-2147.3,2025-05-09 01:00:00
2025-05-09 01:05:00,-2179.27,2025-05-09 01:05:00
2025-05-09 01:10:00,-2111.29,2025-05-09 01:10:00
2025-05-09 01:15:00,-1915.3,2025-05-09 01:15:00
2025-05-09 01:20:00,-1963.29,2025-05-09 01:20:00
2025-05-09 01:25:00,-1875.28,2025-05-09 01:25:00
2025-05-09 01:30:00,-2123.26,2025-05-09 01:30:00
2025-05-09 01:35:00,-1859.28,2025-05-09 01:35:00
2025-05-09 01:40:00,-2055.29,2025-05-09 01:40:00
2025-05-09 01:45:00,-1831.3,2025-05-09 01:45:00
2025-05-09 01:50:00,-1779.29,2025-05-09 01:50:00
2025-05-09 01:55:00,-2299.28,2025-05-09 01:55:00
2025-05-09 02:00:00,-1827.27,2025-05-09 02:00:00
2025-05-09 02:05:00,-1839.31,2025-05-09 02:05:00
2025-05-09 02:10:00,-2195.27,2025-05-09 02:10:00
2025-05-09 02:15:00,-2139.28,2025-05-09 02:15:00
2025-05-09 02:20:00,-2147.3,2025-05-09 02:20:00
2025-05-09 02:25:00,-2303.29,2025-05-09 02:25:00
2025-05-09 02:30:00,-2163.27,2025-05-09 02:30:00
2025-05-09 02:35:00,-1951.27,2025-05-09 02:35:00
2025-05-09 02:40:00,-1951.32,2025-05-09 02:40:00
2025-05-09 02:45:00,-1855.3,2025-05-09 02:45:00
2025-05-09 02:50:00,-1815.31,2025-05-09 02:50:00
2025-05-09 02:55:00,-1843.29,2025-05-09 02:55:00
2025-05-09 03:00:00,-2171.26,2025-05-09 03:00:00
2025-05-09 03:05:00,-1939.27,2025-05-09 03:05:00
2025-05-09 03:10:00,-1947.29,2025-05-09 03:10:00
2025-05-09 03:15:00,-1891.29,2025-05-09 03:15:00
2025-05-09 03:20:00,-1927.26,2025-05-09 03:20:00
2025-05-09 03:25:00,-1871.32,2025-05-09 03:25:00
2025-05-09 03:30:00,-1947.32,2025-05-09 03:30:00
2025-05-09 03:35:00,-1843.29,2025-05-09 03:35:00
2025-05-09 03:40:00,-2055.26,2025-05-09 03:40:00
2025-05-09 03:45:00,-1923.32,2025-05-09 03:45:00
2025-05-09 03:50:00,-2039.32,2025-05-09 03:50:00
2025-05-09 03:55:00,-1907.28,2025-05-09 03:55:00
2025-05-09 04:00:00,-1851.3,2025-05-09 04:00:00
2025-05-09 04:05:00,-1919.31,2025-05-09 04:05:00
2025-05-09 04:10:00,-1895.25,2025-05-09 04:10:00
2025-05-09 04:15:00,-1931.26,2025-05-09 04:15:00
2025-05-09 04:20:00,-1867.27,2025-05-09 04:20:00
2025-05-09 04:25:00,-1867.29,2025-05-09 04:25:00
2025-05-09 04:30:00,-1839.29,2025-05-09 04:30:00
2025-05-09 04:35:00,-1895.29,2025-05-09 04:35:00
2025-05-09 04:40:00,-1887.32,2025-05-09 04:40:00
2025-05-09 04:45:00,-1951.27,2025-05-09 04:45:00
2025-05-09 04:50:00,-2015.3,2025-05-09 04:50:00
2025-05-09 04:55:00,-1919.27,2025-05-09 04:55:00
2025-05-09 05:00:00,-1899.32,2025-05-09 05:00:00
2025-05-09 05:05:00,-1887.28,2025-05-09 05:05:00
2025-05-09 05:10:00,-1955.28,2025-05-09 05:10:00
2025-05-09 05:15:00,-2179.28,2025-05-09 05:15:00
2025-05-09 05:20:00,-2271.27,2025-05-09 05:20:00
2025-05-09 05:25:00,-2231.3,2025-05-09 05:25:00
2025-05-09 05:30:00,-1927.29,2025-05-09 05:30:00
2025-05-09 05:35:00,-2015.3,2025-05-09 05:35:00
2025-05-09 05:40:00,-2027.29,2025-05-09 05:40:00
2025-05-09 05:45:00,-1955.26,2025-05-09 05:45:00
2025-05-09 05:50:00,-1963.3,2025-05-09 05:50:00
2025-05-09 05:55:00,-1939.27,2025-05-09 05:55:00
2025-05-09 06:00:00,-1611.816,2025-05-09 06:00:00
2025-05-09 06:05:00,-1611.815,2025-05-09 06:05:00
2025-05-09 06:10:00,-1611.815,2025-05-09 06:10:00
2025-05-09 06:15:00,-1611.815,2025-05-09 06:15:00
2025-05-09 06:20:00,-1611.815,2025-05-09 06:20:00
2025-05-09 06:25:00,-1611.816,2025-05-09 06:25:00
2025-05-09 06:30:00,-1611.816,2025-05-09 06:30:00
2025-05-09 06:35:00,-1611.816,2025-05-09 06:35:00
2025-05-09 06:40:00,-1611.816,2025-05-09 06:40:00
2025-05-09 06:45:00,-1611.816,2025-05-09 06:45:00
2025-05-09 06:50:00,-1611.816,2025-05-09 06:50:00
2025-05-09 06:55:00,-1611.816,2025-05-09 06:55:00
2025-05-09 07:00:00,-1611.815,2025-05-09 07:00:00
2025-05-09 07:05:00,-1611.816,2025-05-09 07:05:00
2025-05-09 07:10:00,-1611.816,2025-05-09 07:10:00
2025-05-09 07:15:00,-1611.816,2025-05-09 07:15:00
2025-05-09 07:20:00,-1611.816,2025-05-09 07:20:00
2025-05-09 07:25:00,-1611.816,2025-05-09 07:25:00
2025-05-09 07:30:00,-1611.816,2025-05-09 07:30:00
2025-05-09 07:35:00,-1611.816,2025-05-09 07:35:00
2025-05-09 07:40:00,-1611.816,2025-05-09 07:40:00
2025-05-09 07:45:00,-1611.816,2025-05-09 07:45:00
2025-05-09 07:50:00,-1611.816,2025-05-09 07:50:00
2025-05-09 07:55:00,-1611.817,2025-05-09 07:55:00
2025-05-09 08:00:00,9000.0,2025-05-09 08:00:00
2025-05-09 08:05:00,9000.0,2025-05-09 08:05:00
2025-05-09 08:10:00,9000.0,2025-05-09 08:10:00
2025-05-09 08:15:00,9000.0,2025-05-09 08:15:00
2025-05-09 08:20:00,9000.0,2025-05-09 08:20:00
2025-05-09 08:25:00,9000.0,2025-05-09 08:25:00
2025-05-09 08:30:00,9000.0,2025-05-09 08:30:00
2025-05-09 08:35:00,9000.0,2025-05-09 08:35:00
2025-05-09 08:40:00,9000.0,2025-05-09 08:40:00
2025-05-09 08:45:00,9000.0,2025-05-09 08:45:00
2025-05-09 08:50:00,9000.0,2025-05-09 08:50:00
2025-05-09 08:55:00,9000.0,2025-05-09 08:55:00
2025-05-09 09:00:00,9000.0,2025-05-09 09:00:00
2025-05-09 09:05:00,9000.0,2025-05-09 09:05:00
2025-05-09 09:10:00,9000.0,2025-05-09 09:10:00
2025-05-09 09:15:00,9000.0,2025-05-09 09:15:00
2025-05-09 09:20:00,9000.0,2025-05-09 09:20:00
2025-05-09 09:25:00,9000.0,2025-05-09 09:25:00
2025-05-09 09:30:00,9000.0,2025-05-09 09:30:00
2025-05-09 09:35:00,9000.0,2025-05-09 09:35:00
2025-05-09 09:40:00,9000.0,2025-05-09 09:40:00
2025-05-09 09:45:00,8999.997,2025-05-09 09:45:00
2025-05-09 09:50:00,1044.002,2025-05-09 09:50:00
2025-05-09 09:55:00,0.0,2025-05-09 09:55:00
2025-05-09 10:00:00,0.0,2025-05-09 10:00:00
2025-05-09 10:05:00,0.0,2025-05-09 10:05:00
2025-05-09 10:10:00,0.0,2025-05-09 10:10:00
2025-05-09 10:15:00,0.0,2025-05-09 10:15:00
2025-05-09 10:20:00,0.0,2025-05-09 10:20:00
2025-05-09 10:25:00,0.0,2025-05-09 10:25:00
2025-05-09 10:30:00,0.0,2025-05-09 10:30:00
2025-05-09 10:35:00,0.0,2025-05-09 10:35:00
2025-05-09 10:40:00,0.0,2025-05-09 10:40:00
2025-05-09 10:45:00,0.0,2025-05-09 10:45:00
2025-05-09 10:50:00,0.0,2025-05-09 10:50:00
2025-05-09 10:55:00,0.0,2025-05-09 10:55:00
2025-05-09 11:00:00,-2027.26,2025-05-09 11:00:00
2025-05-09 11:05:00,-1963.3,2025-05-09 11:05:00
2025-05-09 11:10:00,-1927.32,2025-05-09 11:10:00
2025-05-09 11:15:00,-1955.28,2025-05-09 11:15:00
2025-05-09 11:20:00,-1811.29,2025-05-09 11:20:00
2025-05-09 11:25:00,-1951.32,2025-05-09 11:25:00
2025-05-09 11:30:00,-1803.26,2025-05-09 11:30:00
2025-05-09 11:35:00,-1903.27,2025-05-09 11:35:00
2025-05-09 11:40:00,-1879.26,2025-05-09 11:40:00
2025-05-09 11:45:00,-1911.28,2025-05-09 11:45:00
2025-05-09 11:50:00,-2131.27,2025-05-09 11:50:00
2025-05-09 11:55:00,-1947.27,2025-05-09 11:55:00
2025-05-09 12:00:00,-2027.31,2025-05-09 12:00:00
2025-05-09 12:05:00,-1875.28,2025-05-09 12:05:00
2025-05-09 12:10:00,-2031.26,2025-05-09 12:10:00
2025-05-09 12:15:00,-1843.3,2025-05-09 12:15:00
2025-05-09 12:20:00,-1795.32,2025-05-09 12:20:00
2025-05-09 12:25:00,-1807.27,2025-05-09 12:25:00
2025-05-09 12:30:00,-1967.29,2025-05-09 12:30:00
2025-05-09 12:35:00,-2319.31,2025-05-09 12:35:00
2025-05-09 12:40:00,-1959.28,2025-05-09 12:40:00
2025-05-09 12:45:00,-2167.29,2025-05-09 12:45:00
2025-05-09 12:50:00,-2215.29,2025-05-09 12:50:00
2025-05-09 12:55:00,-2131.31,2025-05-09 12:55:00
2025-05-09 13:00:00,-2207.32,2025-05-09 13:00:00
2025-05-09 13:05:00,-2291.29,2025-05-09 13:05:00
2025-05-09 13:10:00,-2243.26,2025-05-09 13:10:00
2025-05-09 13:15:00,-2275.26,2025-05-09 13:15:00
2025-05-09 13:20:00,-2223.29,2025-05-09 13:20:00
2025-05-09 13:25:00,-2251.27,2025-05-09 13:25:00
2025-05-09 13:30:00,-2447.27,2025-05-09 13:30:00
2025-05-09 13:35:00,-2099.27,2025-05-09 13:35:00
2025-05-09 13:40:00,-1863.27,2025-05-09 13:40:00
2025-05-09 13:45:00,-1835.29,2025-05-09 13:45:00
2025-05-09 13:50:00,-1951.29,2025-05-09 13:50:00
2025-05-09 13:55:00,-2003.28,2025-05-09 13:55:00
2025-05-09 14:00:00,-2071.25,2025-05-09 14:00:00
2025-05-09 14:05:00,-1947.3,2025-05-09 14:05:00
2025-05-09 14:10:00,-2119.29,2025-05-09 14:10:00
2025-05-09 14:15:00,-2103.29,2025-05-09 14:15:00
2025-05-09 14:20:00,-2203.27,2025-05-09 14:20:00
2025-05-09 14:25:00,-2119.29,2025-05-09 14:25:00
2025-05-09 14:30:00,-2243.28,2025-05-09 14:30:00
2025-05-09 14:35:00,-2107.29,2025-05-09 14:35:00
2025-05-09 14:40:00,-2159.29,2025-05-09 14:40:00
2025-05-09 14:45:00,-2039.27,2025-05-09 14:45:00
2025-05-09 14:50:00,-2235.27,2025-05-09 14:50:00
2025-05-09 14:55:00,-2151.27,2025-05-09 14:55:00
2025-05-09 15:00:00,-1947.28,2025-05-09 15:00:00
2025-05-09 15:05:00,-2091.27,2025-05-09 15:05:00
2025-05-09 15:10:00,-1879.28,2025-05-09 15:10:00
2025-05-09 15:15:00,-1883.29,2025-05-09 15:15:00
2025-05-09 15:20:00,-1983.29,2025-05-09 15:20:00
2025-05-09 15:25:00,-1995.27,2025-05-09 15:25:00
2025-05-09 15:30:00,-1827.27,2025-05-09 15:30:00
2025-05-09 15:35:00,-1895.31,2025-05-09 15:35:00
2025-05-09 15:40:00,-2127.27,2025-05-09 15:40:00
2025-05-09 15:45:00,-1947.29,2025-05-09 15:45:00
2025-05-09 15:50:00,-1999.29,2025-05-09 15:50:00
2025-05-09 15:55:00,-2059.29,2025-05-09 15:55:00
2025-05-09 16:00:00,-2011.3,2025-05-09 16:00:00
2025-05-09 16:05:00,-1847.24,2025-05-09 16:05:00
2025-05-09 16:10:00,-1919.31,2025-05-09 16:10:00
2025-05-09 16:15:00,-1871.28,2025-05-09 16:15:00
2025-05-09 16:20:00,-2171.3,2025-05-09 16:20:00
2025-05-09 16:25:00,-2243.29,2025-05-09 16:25:00
2025-05-09 16:30:00,-2011.25,2025-05-09 16:30:00
2025-05-09 16:35:00,-1991.29,2025-05-09 16:35:00
2025-05-09 16:40:00,-2279.29,2025-05-09 16:40:00
2025-05-09 16:45:00,-2119.32,2025-05-09 16:45:00
2025-05-09 16:50:00,-1943.3,2025-05-09 16:50:00
2025-05-09 16:55:00,-1903.27,2025-05-09 16:55:00
2025-05-09 17:00:00,-1911.3,2025-05-09 17:00:00
2025-05-09 17:05:00,-1943.3,2025-05-09 17:05:00
2025-05-09 17:10:00,-1931.29,2025-05-09 17:10:00
2025-05-09 17:15:00,-1907.28,2025-05-09 17:15:00
2025-05-09 17:20:00,-1875.3,2025-05-09 17:20:00
2025-05-09 17:25:00,-1771.29,2025-05-09 17:25:00
2025-05-09 17:30:00,-1823.3,2025-05-09 17:30:00
2025-05-09 17:35:00,-1927.29,2025-05-09 17:35:00
2025-05-09 17:40:00,-1883.26,2025-05-09 17:40:00
2025-05-09 17:45:00,-1899.26,2025-05-09 17:45:00
2025-05-09 17:50:00,-1851.31,2025-05-09 17:50:00
2025-05-09 17:55:00,-1891.28,2025-05-09 17:55:00
2025-05-09 18:00:00,9000.0,2025-05-09 18:00:00
2025-05-09 18:05:00,9000.0,2025-05-09 18:05:00
2025-05-09 18:10:00,9000.0,2025-05-09 18:10:00
2025-05-09 18:15:00,9000.0,2025-05-09 18:15:00
2025-05-09 18:20:00,9000.0,2025-05-09 18:20:00
2025-05-09 18:25:00,9000.0,2025-05-09 18:25:00
2025-05-09 18:30:00,9000.0,2025-05-09 18:30:00
2025-05-09 18:35:00,9000.0,2025-05-09 18:35:00
2025-05-09 18:40:00,9000.0,2025-05-09 18:40:00
2025-05-09 18:45:00,9000.0,2025-05-09 18:45:00
2025-05-09 18:50:00,9000.0,2025-05-09 18:50:00
2025-05-09 18:55:00,9000.0,2025-05-09 18:55:00
2025-05-09 19:00:00,9000.0,2025-05-09 19:00:00
2025-05-09 19:05:00,9000.0,2025-05-09 19:05:00
2025-05-09 19:10:00,9000.0,2025-05-09 19:10:00
2025-05-09 19:15:00,9000.0,2025-05-09 19:15:00
2025-05-09 19:20:00,3796.803,2025-05-09 19:20:00
2025-05-09 19:25:00,0.0,2025-05-09 19:25:00
2025-05-09 19:30:00,0.0,2025-05-09 19:30:00
2025-05-09 19:35:00,0.0,2025-05-09 19:35:00
2025-05-09 19:40:00,0.0,2025-05-09 19:40:00
2025-05-09 19:45:00,0.0,2025-05-09 19:45:00
2025-05-09 19:50:00,0.0,2025-05-09 19:50:00
2025-05-09 19:55:00,0.0,2025-05-09 19:55:00
2025-05-09 20:00:00,0.0,2025-05-09 20:00:00
2025-05-09 20:05:00,0.0,2025-05-09 20:05:00
2025-05-09 20:10:00,0.0,2025-05-09 20:10:00
2025-05-09 20:15:00,0.0,2025-05-09 20:15:00
2025-05-09 20:20:00,0.0,2025-05-09 20:20:00
2025-05-09 20:25:00,0.0,2025-05-09 20:25:00
2025-05-09 20:30:00,0.0,2025-05-09 20:30:00
2025-05-09 20:35:00,0.0,2025-05-09 20:35:00
2025-05-09 20:40:00,0.0,2025-05-09 20:40:00
2025-05-09 20:45:00,0.0,2025-05-09 20:45:00
2025-05-09 20:50:00,0.0,2025-05-09 20:50:00
2025-05-09 20:55:00,0.0,2025-05-09 20:55:00
2025-05-09 21:00:00,0.0,2025-05-09 21:00:00
2025-05-09 21:05:00,0.0,2025-05-09 21:05:00
2025-05-09 21:10:00,0.0,2025-05-09 21:10:00
2025-05-09 21:15:00,0.0,2025-05-09 21:15:00
2025-05-09 21:20:00,0.0,2025-05-09 21:20:00
2025-05-09 21:25:00,0.0,2025-05-09 21:25:00
2025-05-09 21:30:00,0.0,2025-05-09 21:30:00
2025-05-09 21:35:00,0.0,2025-05-09 21:35:00
2025-05-09 21:40:00,0.0,2025-05-09 21:40:00
2025-05-09 21:45:00,0.0,2025-05-09 21:45:00
2025-05-09 21:50:00,0.0,2025-05-09 21:50:00
2025-05-09 21:55:00,0.0,2025-05-09 21:55:00
2025-05-09 22:00:00,-1720.779,2025-05-09 22:00:00
2025-05-09 22:05:00,-1624.749,2025-05-09 22:05:00
2025-05-09 22:10:00,-1800.749,2025-05-09 22:10:00
2025-05-09 22:15:00,-1672.739,2025-05-09 22:15:00
2025-05-09 22:20:00,-1668.729,2025-05-09 22:20:00
2025-05-09 22:25:00,-1664.749,2025-05-09 22:25:00
2025-05-09 22:30:00,-1828.749,2025-05-09 22:30:00
2025-05-09 22:35:00,-1756.759,2025-05-09 22:35:00
2025-05-09 22:40:00,-1772.719,2025-05-09 22:40:00
2025-05-09 22:45:00,-2068.749,2025-05-09 22:45:00
2025-05-09 22:50:00,-2084.749,2025-05-09 22:50:00
2025-05-09 22:55:00,-1968.769,2025-05-09 22:55:00
2025-05-09 23:00:00,-1752.769,2025-05-09 23:00:00
2025-05-09 23:05:00,-2016.739,2025-05-09 23:05:00
2025-05-09 23:10:00,-1884.759,2025-05-09 23:10:00
2025-05-09 23:15:00,-2012.779,2025-05-09 23:15:00
2025-05-09 23:20:00,-1652.749,2025-05-09 23:20:00
2025-05-09 23:25:00,-1828.769,2025-05-09 23:25:00
2025-05-09 23:30:00,-1668.739,2025-05-09 23:30:00
2025-05-09 23:35:00,-1592.759,2025-05-09 23:35:00
2025-05-09 23:40:00,-2056.749,2025-05-09 23:40:00
2025-05-09 23:45:00,-1624.749,2025-05-09 23:45:00
2025-05-09 23:50:00,-1732.709,2025-05-09 23:50:00
2025-05-09 23:55:00,-1800.759,2025-05-09 23:55:00
2025-05-10 00:00:00,-1644.749,2025-05-10 00:00:00
2025-05-10 00:05:00,-1808.769,2025-05-10 00:05:00
2025-05-10 00:10:00,-1652.749,2025-05-10 00:10:00
2025-05-10 00:15:00,-1924.779,2025-05-10 00:15:00
2025-05-10 00:20:00,-1664.759,2025-05-10 00:20:00
2025-05-10 00:25:00,-1648.799,2025-05-10 00:25:00
2025-05-10 00:30:00,-1648.739,2025-05-10 00:30:00
2025-05-10 00:35:00,-1656.789,2025-05-10 00:35:00
2025-05-10 00:40:00,-1812.739,2025-05-10 00:40:00
2025-05-10 00:45:00,-1700.749,2025-05-10 00:45:00
2025-05-10 00:50:00,-1952.739,2025-05-10 00:50:00
2025-05-10 00:55:00,-1812.739,2025-05-10 00:55:00
2025-05-10 01:00:00,-1592.749,2025-05-10 01:00:00
2025-05-10 01:05:00,-1796.769,2025-05-10 01:05:00
2025-05-10 01:10:00,-2040.749,2025-05-10 01:10:00
2025-05-10 01:15:00,-1704.759,2025-05-10 01:15:00
2025-05-10 01:20:00,-2004.769,2025-05-10 01:20:00
2025-05-10 01:25:00,-1708.759,2025-05-10 01:25:00
2025-05-10 01:30:00,-1748.759,2025-05-10 01:30:00
2025-05-10 01:35:00,-1764.719,2025-05-10 01:35:00
2025-05-10 01:40:00,-1792.749,2025-05-10 01:40:00
2025-05-10 01:45:00,-1964.729,2025-05-10 01:45:00
2025-05-10 01:50:00,-1732.749,2025-05-10 01:50:00
2025-05-10 01:55:00,-2144.779,2025-05-10 01:55:00
2025-05-10 02:00:00,-1948.739,2025-05-10 02:00:00
2025-05-10 02:05:00,-1804.769,2025-05-10 02:05:00
2025-05-10 02:10:00,-1772.779,2025-05-10 02:10:00
2025-05-10 02:15:00,-1904.759,2025-05-10 02:15:00
2025-05-10 02:20:00,-1940.749,2025-05-10 02:20:00
2025-05-10 02:25:00,-2008.769,2025-05-10 02:25:00
2025-05-10 02:30:00,-1732.749,2025-05-10 02:30:00
2025-05-10 02:35:00,-1788.719,2025-05-10 02:35:00
2025-05-10 02:40:00,-2044.739,2025-05-10 02:40:00
2025-05-10 02:45:00,-1728.759,2025-05-10 02:45:00
2025-05-10 02:50:00,-1920.759,2025-05-10 02:50:00
2025-05-10 02:55:00,-1876.759,2025-05-10 02:55:00
2025-05-10 03:00:00,-1804.739,2025-05-10 03:00:00
2025-05-10 03:05:00,-1788.729,2025-05-10 03:05:00
2025-05-10 03:10:00,-1984.729,2025-05-10 03:10:00
2025-05-10 03:15:00,-2160.739,2025-05-10 03:15:00
2025-05-10 03:20:00,-1968.739,2025-05-10 03:20:00
2025-05-10 03:25:00,-2080.759,2025-05-10 03:25:00
2025-05-10 03:30:00,-2092.749,2025-05-10 03:30:00
2025-05-10 03:35:00,-2072.749,2025-05-10 03:35:00
2025-05-10 03:40:00,-2136.789,2025-05-10 03:40:00
2025-05-10 03:45:00,-2252.739,2025-05-10 03:45:00
2025-05-10 03:50:00,-2168.749,2025-05-10 03:50:00
2025-05-10 03:55:00,-2112.759,2025-05-10 03:55:00
2025-05-10 04:00:00,-1816.749,2025-05-10 04:00:00
2025-05-10 04:05:00,-1844.699,2025-05-10 04:05:00
2025-05-10 04:10:00,-1744.719,2025-05-10 04:10:00
2025-05-10 04:15:00,-1732.759,2025-05-10 04:15:00
2025-05-10 04:20:00,-1780.729,2025-05-10 04:20:00
2025-05-10 04:25:00,-1796.779,2025-05-10 04:25:00
2025-05-10 04:30:00,-1904.739,2025-05-10 04:30:00
2025-05-10 04:35:00,-1988.739,2025-05-10 04:35:00
2025-05-10 04:40:00,-1828.749,2025-05-10 04:40:00
2025-05-10 04:45:00,-2124.739,2025-05-10 04:45:00
2025-05-10 04:50:00,-1776.749,2025-05-10 04:50:00
2025-05-10 04:55:00,-1844.729,2025-05-10 04:55:00
2025-05-10 05:00:00,-1792.779,2025-05-10 05:00:00
2025-05-10 05:05:00,-1924.779,2025-05-10 05:05:00
2025-05-10 05:10:00,-1800.729,2025-05-10 05:10:00
2025-05-10 05:15:00,-1824.749,2025-05-10 05:15:00
2025-05-10 05:20:00,-1724.749,2025-05-10 05:20:00
2025-05-10 05:25:00,-1768.749,2025-05-10 05:25:00
2025-05-10 05:30:00,-1800.759,2025-05-10 05:30:00
2025-05-10 05:35:00,-1864.739,2025-05-10 05:35:00
2025-05-10 05:40:00,-1788.719,2025-05-10 05:40:00
2025-05-10 05:45:00,-1868.729,2025-05-10 05:45:00
2025-05-10 05:50:00,-1832.779,2025-05-10 05:50:00
2025-05-10 05:55:00,-1892.779,2025-05-10 05:55:00
2025-05-10 06:00:00,-1832.779,2025-05-10 06:00:00
2025-05-10 06:05:00,-1840.769,2025-05-10 06:05:00
2025-05-10 06:10:00,-1828.749,2025-05-10 06:10:00
2025-05-10 06:15:00,-1932.759,2025-05-10 06:15:00
2025-05-10 06:20:00,-1856.759,2025-05-10 06:20:00
2025-05-10 06:25:00,-1872.759,2025-05-10 06:25:00
2025-05-10 06:30:00,-1824.779,2025-05-10 06:30:00
2025-05-10 06:35:00,-1816.759,2025-05-10 06:35:00
2025-05-10 06:40:00,-1912.779,2025-05-10 06:40:00
2025-05-10 06:45:00,-1900.749,2025-05-10 06:45:00
2025-05-10 06:50:00,-2256.779,2025-05-10 06:50:00
2025-05-10 06:55:00,-1864.769,2025-05-10 06:55:00
2025-05-10 07:00:00,-1868.749,2025-05-10 07:00:00
2025-05-10 07:05:00,-1824.749,2025-05-10 07:05:00
2025-05-10 07:10:00,-2044.729,2025-05-10 07:10:00
2025-05-10 07:15:00,-1936.749,2025-05-10 07:15:00
2025-05-10 07:20:00,-1992.739,2025-05-10 07:20:00
2025-05-10 07:25:00,-2016.749,2025-05-10 07:25:00
2025-05-10 07:30:00,-1828.729,2025-05-10 07:30:00
2025-05-10 07:35:00,-1932.739,2025-05-10 07:35:00
2025-05-10 07:40:00,-1892.749,2025-05-10 07:40:00
2025-05-10 07:45:00,-2080.729,2025-05-10 07:45:00
2025-05-10 07:50:00,-2012.739,2025-05-10 07:50:00
2025-05-10 07:55:00,-1924.729,2025-05-10 07:55:00
2025-05-10 08:00:00,9000.0,2025-05-10 08:00:00
2025-05-10 08:05:00,9000.0,2025-05-10 08:05:00
2025-05-10 08:10:00,9000.0,2025-05-10 08:10:00
2025-05-10 08:15:00,9000.0,2025-05-10 08:15:00
2025-05-10 08:20:00,9000.0,2025-05-10 08:20:00
2025-05-10 08:25:00,9000.0,2025-05-10 08:25:00
2025-05-10 08:30:00,9000.0,2025-05-10 08:30:00
2025-05-10 08:35:00,9000.0,2025-05-10 08:35:00
2025-05-10 08:40:00,9000.0,2025-05-10 08:40:00
2025-05-10 08:45:00,9000.0,2025-05-10 08:45:00
2025-05-10 08:50:00,9000.0,2025-05-10 08:50:00
2025-05-10 08:55:00,9000.0,2025-05-10 08:55:00
2025-05-10 09:00:00,9000.0,2025-05-10 09:00:00
2025-05-10 09:05:00,9000.0,2025-05-10 09:05:00
2025-05-10 09:10:00,9000.0,2025-05-10 09:10:00
2025-05-10 09:15:00,9000.0,2025-05-10 09:15:00
2025-05-10 09:20:00,9000.0,2025-05-10 09:20:00
2025-05-10 09:25:00,9000.0,2025-05-10 09:25:00
2025-05-10 09:30:00,9000.0,2025-05-10 09:30:00
2025-05-10 09:35:00,8999.999,2025-05-10 09:35:00
2025-05-10 09:40:00,8999.997,2025-05-10 09:40:00
2025-05-10 09:45:00,6295.442,2025-05-10 09:45:00
2025-05-10 09:50:00,0.0,2025-05-10 09:50:00
2025-05-10 09:55:00,0.0,2025-05-10 09:55:00
2025-05-10 10:00:00,0.0,2025-05-10 10:00:00
2025-05-10 10:05:00,0.0,2025-05-10 10:05:00
2025-05-10 10:10:00,0.0,2025-05-10 10:10:00
2025-05-10 10:15:00,0.0,2025-05-10 10:15:00
2025-05-10 10:20:00,0.0,2025-05-10 10:20:00
2025-05-10 10:25:00,0.0,2025-05-10 10:25:00
2025-05-10 10:30:00,0.0,2025-05-10 10:30:00
2025-05-10 10:35:00,0.0,2025-05-10 10:35:00
2025-05-10 10:40:00,0.0,2025-05-10 10:40:00
2025-05-10 10:45:00,0.0,2025-05-10 10:45:00
2025-05-10 10:50:00,0.0,2025-05-10 10:50:00
2025-05-10 10:55:00,0.0,2025-05-10 10:55:00
2025-05-10 11:00:00,-2012.759,2025-05-10 11:00:00
2025-05-10 11:05:00,-2044.759,2025-05-10 11:05:00
2025-05-10 11:10:00,-2008.699,2025-05-10 11:10:00
2025-05-10 11:15:00,-2024.729,2025-05-10 11:15:00
2025-05-10 11:20:00,-1992.749,2025-05-10 11:20:00
2025-05-10 11:25:00,-1980.739,2025-05-10 11:25:00
2025-05-10 11:30:00,-1992.789,2025-05-10 11:30:00
2025-05-10 11:35:00,-2152.719,2025-05-10 11:35:00
2025-05-10 11:40:00,-2020.729,2025-05-10 11:40:00
2025-05-10 11:45:00,-1980.729,2025-05-10 11:45:00
2025-05-10 11:50:00,-2072.749,2025-05-10 11:50:00
2025-05-10 11:55:00,-1984.729,2025-05-10 11:55:00
2025-05-10 12:00:00,-2040.729,2025-05-10 12:00:00
2025-05-10 12:05:00,-2004.729,2025-05-10 12:05:00
2025-05-10 12:10:00,-2064.759,2025-05-10 12:10:00
2025-05-10 12:15:00,-2120.739,2025-05-10 12:15:00
2025-05-10 12:20:00,-2080.759,2025-05-10 12:20:00
2025-05-10 12:25:00,-2052.729,2025-05-10 12:25:00
2025-05-10 12:30:00,-2220.729,2025-05-10 12:30:00
2025-05-10 12:35:00,-2008.779,2025-05-10 12:35:00
2025-05-10 12:40:00,-2064.749,2025-05-10 12:40:00
2025-05-10 12:45:00,-2088.749,2025-05-10 12:45:00
2025-05-10 12:50:00,-2044.749,2025-05-10 12:50:00
2025-05-10 12:55:00,-2260.739,2025-05-10 12:55:00
2025-05-10 13:00:00,-2200.789,2025-05-10 13:00:00
2025-05-10 13:05:00,-2304.709,2025-05-10 13:05:00
2025-05-10 13:10:00,-2100.759,2025-05-10 13:10:00
2025-05-10 13:15:00,-1952.779,2025-05-10 13:15:00
2025-05-10 13:20:00,-2312.749,2025-05-10 13:20:00
2025-05-10 13:25:00,-2092.779,2025-05-10 13:25:00
2025-05-10 13:30:00,-1956.769,2025-05-10 13:30:00
2025-05-10 13:35:00,-2016.759,2025-05-10 13:35:00
2025-05-10 13:40:00,-1932.749,2025-05-10 13:40:00
2025-05-10 13:45:00,-2464.769,2025-05-10 13:45:00
2025-05-10 13:50:00,-1992.749,2025-05-10 13:50:00
2025-05-10 13:55:00,-2256.779,2025-05-10 13:55:00
2025-05-10 14:00:00,-2188.729,2025-05-10 14:00:00
2025-05-10 14:05:00,-2268.739,2025-05-10 14:05:00
2025-05-10 14:10:00,-2340.739,2025-05-10 14:10:00
2025-05-10 14:15:00,-2308.799,2025-05-10 14:15:00
2025-05-10 14:20:00,-2524.719,2025-05-10 14:20:00
2025-05-10 14:25:00,-2292.749,2025-05-10 14:25:00
2025-05-10 14:30:00,-2356.769,2025-05-10 14:30:00
2025-05-10 14:35:00,-1948.769,2025-05-10 14:35:00
2025-05-10 14:40:00,-1956.759,2025-05-10 14:40:00
2025-05-10 14:45:00,-2052.729,2025-05-10 14:45:00
2025-05-10 14:50:00,-1988.729,2025-05-10 14:50:00
2025-05-10 14:55:00,-1908.739,2025-05-10 14:55:00
2025-05-10 15:00:00,-1908.729,2025-05-10 15:00:00
2025-05-10 15:05:00,-1972.759,2025-05-10 15:05:00
2025-05-10 15:10:00,-1916.749,2025-05-10 15:10:00
2025-05-10 15:15:00,-1976.729,2025-05-10 15:15:00
2025-05-10 15:20:00,-1884.749,2025-05-10 15:20:00
2025-05-10 15:25:00,-1928.749,2025-05-10 15:25:00
2025-05-10 15:30:00,-2004.749,2025-05-10 15:30:00
2025-05-10 15:35:00,-2032.719,2025-05-10 15:35:00
2025-05-10 15:40:00,-1888.749,2025-05-10 15:40:00
2025-05-10 15:45:00,-1992.739,2025-05-10 15:45:00
2025-05-10 15:50:00,-1888.759,2025-05-10 15:50:00
2025-05-10 15:55:00,-1948.779,2025-05-10 15:55:00
2025-05-10 16:00:00,-2076.759,2025-05-10 16:00:00
2025-05-10 16:05:00,-2004.719,2025-05-10 16:05:00
2025-05-10 16:10:00,-1980.779,2025-05-10 16:10:00
2025-05-10 16:15:00,-1948.749,2025-05-10 16:15:00
2025-05-10 16:20:00,-1988.769,2025-05-10 16:20:00
2025-05-10 16:25:00,-1928.749,2025-05-10 16:25:00
2025-05-10 16:30:00,-1924.749,2025-05-10 16:30:00
2025-05-10 16:35:00,-1996.719,2025-05-10 16:35:00
2025-05-10 16:40:00,-2128.739,2025-05-10 16:40:00
2025-05-10 16:45:00,-1964.779,2025-05-10 16:45:00
2025-05-10 16:50:00,-1928.729,2025-05-10 16:50:00
2025-05-10 16:55:00,-2012.769,2025-05-10 16:55:00
2025-05-10 17:00:00,-1948.749,2025-05-10 17:00:00
2025-05-10 17:05:00,-2000.759,2025-05-10 17:05:00
2025-05-10 17:10:00,-1944.739,2025-05-10 17:10:00
2025-05-10 17:15:00,-2048.739,2025-05-10 17:15:00
2025-05-10 17:20:00,-1976.699,2025-05-10 17:20:00
2025-05-10 17:25:00,-2336.749,2025-05-10 17:25:00
2025-05-10 17:30:00,-1960.739,2025-05-10 17:30:00
2025-05-10 17:35:00,-2028.759,2025-05-10 17:35:00
2025-05-10 17:40:00,-1976.769,2025-05-10 17:40:00
2025-05-10 17:45:00,-1968.779,2025-05-10 17:45:00
2025-05-10 17:50:00,-1980.739,2025-05-10 17:50:00
2025-05-10 17:55:00,-1876.749,2025-05-10 17:55:00
2025-05-10 18:00:00,9000.0,2025-05-10 18:00:00
2025-05-10 18:05:00,9000.0,2025-05-10 18:05:00
2025-05-10 18:10:00,9000.0,2025-05-10 18:10:00
2025-05-10 18:15:00,9000.0,2025-05-10 18:15:00
2025-05-10 18:20:00,9000.0,2025-05-10 18:20:00
2025-05-10 18:25:00,9000.0,2025-05-10 18:25:00
2025-05-10 18:30:00,9000.0,2025-05-10 18:30:00
2025-05-10 18:35:00,9000.0,2025-05-10 18:35:00
2025-05-10 18:40:00,9000.0,2025-05-10 18:40:00
2025-05-10 18:45:00,9000.0,2025-05-10 18:45:00
2025-05-10 18:50:00,9000.0,2025-05-10 18:50:00
2025-05-10 18:55:00,9000.0,2025-05-10 18:55:00
2025-05-10 19:00:00,9000.0,2025-05-10 19:00:00
2025-05-10 19:05:00,9000.0,2025-05-10 19:05:00
2025-05-10 19:10:00,8999.999,2025-05-10 19:10:00
2025-05-10 19:15:00,8999.998,2025-05-10 19:15:00
2025-05-10 19:20:00,6610.171,2025-05-10 19:20:00
2025-05-10 19:25:00,0.0,2025-05-10 19:25:00
2025-05-10 19:30:00,0.0,2025-05-10 19:30:00
2025-05-10 19:35:00,0.0,2025-05-10 19:35:00
2025-05-10 19:40:00,0.0,2025-05-10 19:40:00
2025-05-10 19:45:00,0.0,2025-05-10 19:45:00
2025-05-10 19:50:00,0.0,2025-05-10 19:50:00
2025-05-10 19:55:00,0.0,2025-05-10 19:55:00
2025-05-10 20:00:00,0.0,2025-05-10 20:00:00
2025-05-10 20:05:00,0.0,2025-05-10 20:05:00
2025-05-10 20:10:00,0.0,2025-05-10 20:10:00
2025-05-10 20:15:00,0.0,2025-05-10 20:15:00
2025-05-10 20:20:00,0.0,2025-05-10 20:20:00
2025-05-10 20:25:00,0.0,2025-05-10 20:25:00
2025-05-10 20:30:00,0.0,2025-05-10 20:30:00
2025-05-10 20:35:00,0.0,2025-05-10 20:35:00
2025-05-10 20:40:00,0.0,2025-05-10 20:40:00
2025-05-10 20:45:00,0.0,2025-05-10 20:45:00
2025-05-10 20:50:00,0.0,2025-05-10 20:50:00
2025-05-10 20:55:00,0.0,2025-05-10 20:55:00
2025-05-10 21:00:00,0.0,2025-05-10 21:00:00
2025-05-10 21:05:00,0.0,2025-05-10 21:05:00
2025-05-10 21:10:00,0.0,2025-05-10 21:10:00
2025-05-10 21:15:00,0.0,2025-05-10 21:15:00
2025-05-10 21:20:00,0.0,2025-05-10 21:20:00
2025-05-10 21:25:00,0.0,2025-05-10 21:25:00
2025-05-10 21:30:00,0.0,2025-05-10 21:30:00
2025-05-10 21:35:00,0.0,2025-05-10 21:35:00
2025-05-10 21:40:00,0.0,2025-05-10 21:40:00
2025-05-10 21:45:00,0.0,2025-05-10 21:45:00
2025-05-10 21:50:00,0.0,2025-05-10 21:50:00
2025-05-10 21:55:00,0.0,2025-05-10 21:55:00
2025-05-10 22:00:00,-1747.067,2025-05-10 22:00:00
2025-05-10 22:05:00,-1735.077,2025-05-10 22:05:00
2025-05-10 22:10:00,-1667.067,2025-05-10 22:10:00
2025-05-10 22:15:00,-1743.077,2025-05-10 22:15:00
2025-05-10 22:20:00,-1759.087,2025-05-10 22:20:00
2025-05-10 22:25:00,-1711.097,2025-05-10 22:25:00
2025-05-10 22:30:00,-1699.097,2025-05-10 22:30:00
2025-05-10 22:35:00,-1683.067,2025-05-10 22:35:00
2025-05-10 22:40:00,-1715.057,2025-05-10 22:40:00
2025-05-10 22:45:00,-1819.087,2025-05-10 22:45:00
2025-05-10 22:50:00,-1787.107,2025-05-10 22:50:00
2025-05-10 22:55:00,-1867.117,2025-05-10 22:55:00
2025-05-10 23:00:00,-1799.077,2025-05-10 23:00:00
2025-05-10 23:05:00,-1763.097,2025-05-10 23:05:00
2025-05-10 23:10:00,-1731.107,2025-05-10 23:10:00
2025-05-10 23:15:00,-1747.117,2025-05-10 23:15:00
2025-05-10 23:20:00,-1687.057,2025-05-10 23:20:00
2025-05-10 23:25:00,-1715.117,2025-05-10 23:25:00
2025-05-10 23:30:00,-1831.087,2025-05-10 23:30:00
2025-05-10 23:35:00,-1647.057,2025-05-10 23:35:00
2025-05-10 23:40:00,-1639.087,2025-05-10 23:40:00
2025-05-10 23:45:00,-1907.107,2025-05-10 23:45:00
2025-05-10 23:50:00,-1755.077,2025-05-10 23:50:00
2025-05-10 23:55:00,-1719.057,2025-05-10 23:55:00
2025-05-11 00:00:00,-1691.107,2025-05-11 00:00:00
2025-05-11 00:05:00,-1747.087,2025-05-11 00:05:00
2025-05-11 00:10:00,-1703.117,2025-05-11 00:10:00
2025-05-11 00:15:00,-2279.067,2025-05-11 00:15:00
2025-05-11 00:20:00,-1991.047,2025-05-11 00:20:00
2025-05-11 00:25:00,-1923.107,2025-05-11 00:25:00
2025-05-11 00:30:00,-1851.067,2025-05-11 00:30:00
2025-05-11 00:35:00,-2031.067,2025-05-11 00:35:00
2025-05-11 00:40:00,-2095.097,2025-05-11 00:40:00
2025-05-11 00:45:00,-2119.037,2025-05-11 00:45:00
2025-05-11 00:50:00,-2047.097,2025-05-11 00:50:00
2025-05-11 00:55:00,-1767.087,2025-05-11 00:55:00
2025-05-11 01:00:00,-1807.097,2025-05-11 01:00:00
2025-05-11 01:05:00,-1815.077,2025-05-11 01:05:00
2025-05-11 01:10:00,-1875.067,2025-05-11 01:10:00
2025-05-11 01:15:00,-2091.027,2025-05-11 01:15:00
2025-05-11 01:20:00,-2079.077,2025-05-11 01:20:00
2025-05-11 01:25:00,-1823.067,2025-05-11 01:25:00
2025-05-11 01:30:00,-2003.107,2025-05-11 01:30:00
2025-05-11 01:35:00,-2147.067,2025-05-11 01:35:00
2025-05-11 01:40:00,-1963.107,2025-05-11 01:40:00
2025-05-11 01:45:00,-1907.057,2025-05-11 01:45:00
2025-05-11 01:50:00,-1803.097,2025-05-11 01:50:00
2025-05-11 01:55:00,-2091.077,2025-05-11 01:55:00
2025-05-11 02:00:00,-2103.077,2025-05-11 02:00:00
2025-05-11 02:05:00,-1915.107,2025-05-11 02:05:00
2025-05-11 02:10:00,-1891.067,2025-05-11 02:10:00
2025-05-11 02:15:00,-2039.127,2025-05-11 02:15:00
2025-05-11 02:20:00,-2027.107,2025-05-11 02:20:00
2025-05-11 02:25:00,-2279.087,2025-05-11 02:25:00
2025-05-11 02:30:00,-2151.067,2025-05-11 02:30:00
2025-05-11 02:35:00,-2139.087,2025-05-11 02:35:00
2025-05-11 02:40:00,-1827.097,2025-05-11 02:40:00
2025-05-11 02:45:00,-2159.107,2025-05-11 02:45:00
2025-05-11 02:50:00,-2239.007,2025-05-11 02:50:00
2025-05-11 02:55:00,-2087.107,2025-05-11 02:55:00
2025-05-11 03:00:00,-2311.047,2025-05-11 03:00:00
2025-05-11 03:05:00,-2207.107,2025-05-11 03:05:00
2025-05-11 03:10:00,-1915.077,2025-05-11 03:10:00
2025-05-11 03:15:00,-2123.087,2025-05-11 03:15:00
2025-05-11 03:20:00,-1963.087,2025-05-11 03:20:00
2025-05-11 03:25:00,-1795.067,2025-05-11 03:25:00
2025-05-11 03:30:00,-1835.067,2025-05-11 03:30:00
2025-05-11 03:35:00,-1951.067,2025-05-11 03:35:00
2025-05-11 03:40:00,-1827.087,2025-05-11 03:40:00
2025-05-11 03:45:00,-1795.077,2025-05-11 03:45:00
2025-05-11 03:50:00,-1803.077,2025-05-11 03:50:00
2025-05-11 03:55:00,-1727.087,2025-05-11 03:55:00
2025-05-11 04:00:00,-1783.107,2025-05-11 04:00:00
2025-05-11 04:05:00,-1899.067,2025-05-11 04:05:00
2025-05-11 04:10:00,-1855.087,2025-05-11 04:10:00
2025-05-11 04:15:00,-1871.097,2025-05-11 04:15:00
2025-05-11 04:20:00,-1839.067,2025-05-11 04:20:00
2025-05-11 04:25:00,-1875.097,2025-05-11 04:25:00
2025-05-11 04:30:00,-1771.067,2025-05-11 04:30:00
2025-05-11 04:35:00,-1779.107,2025-05-11 04:35:00
2025-05-11 04:40:00,-1879.077,2025-05-11 04:40:00
2025-05-11 04:45:00,-1807.087,2025-05-11 04:45:00
2025-05-11 04:50:00,-1771.107,2025-05-11 04:50:00
2025-05-11 04:55:00,-1835.077,2025-05-11 04:55:00
2025-05-11 05:00:00,-1935.057,2025-05-11 05:00:00
2025-05-11 05:05:00,-1863.087,2025-05-11 05:05:00
2025-05-11 05:10:00,-1819.087,2025-05-11 05:10:00
2025-05-11 05:15:00,-1859.087,2025-05-11 05:15:00
2025-05-11 05:20:00,-1819.087,2025-05-11 05:20:00
2025-05-11 05:25:00,-1887.037,2025-05-11 05:25:00
2025-05-11 05:30:00,-1915.077,2025-05-11 05:30:00
2025-05-11 05:35:00,-1855.087,2025-05-11 05:35:00
2025-05-11 05:40:00,-1915.107,2025-05-11 05:40:00
2025-05-11 05:45:00,-2023.077,2025-05-11 05:45:00
2025-05-11 05:50:00,-2007.057,2025-05-11 05:50:00
2025-05-11 05:55:00,-1931.047,2025-05-11 05:55:00
2025-05-11 06:00:00,-2171.097,2025-05-11 06:00:00
2025-05-11 06:05:00,-1819.047,2025-05-11 06:05:00
2025-05-11 06:10:00,-1967.047,2025-05-11 06:10:00
2025-05-11 06:15:00,-1899.077,2025-05-11 06:15:00
2025-05-11 06:20:00,-1899.047,2025-05-11 06:20:00
2025-05-11 06:25:00,-1971.107,2025-05-11 06:25:00
2025-05-11 06:30:00,-1939.027,2025-05-11 06:30:00
2025-05-11 06:35:00,-1975.077,2025-05-11 06:35:00
2025-05-11 06:40:00,-1879.107,2025-05-11 06:40:00
2025-05-11 06:45:00,-1883.057,2025-05-11 06:45:00
2025-05-11 06:50:00,-1919.087,2025-05-11 06:50:00
2025-05-11 06:55:00,-1947.057,2025-05-11 06:55:00
2025-05-11 07:00:00,-1931.087,2025-05-11 07:00:00
2025-05-11 07:05:00,-1927.067,2025-05-11 07:05:00
2025-05-11 07:10:00,-1867.087,2025-05-11 07:10:00
2025-05-11 07:15:00,-1899.077,2025-05-11 07:15:00
2025-05-11 07:20:00,-1891.087,2025-05-11 07:20:00
2025-05-11 07:25:00,-1915.047,2025-05-11 07:25:00
2025-05-11 07:30:00,-1859.057,2025-05-11 07:30:00
2025-05-11 07:35:00,-1871.097,2025-05-11 07:35:00
2025-05-11 07:40:00,-1847.097,2025-05-11 07:40:00
2025-05-11 07:45:00,-1907.027,2025-05-11 07:45:00
2025-05-11 07:50:00,-2043.077,2025-05-11 07:50:00
2025-05-11 07:55:00,-1931.067,2025-05-11 07:55:00
2025-05-11 08:00:00,9000.0,2025-05-11 08:00:00
2025-05-11 08:05:00,9000.0,2025-05-11 08:05:00
2025-05-11 08:10:00,9000.0,2025-05-11 08:10:00
2025-05-11 08:15:00,9000.0,2025-05-11 08:15:00
2025-05-11 08:20:00,9000.0,2025-05-11 08:20:00
2025-05-11 08:25:00,9000.0,2025-05-11 08:25:00
2025-05-11 08:30:00,9000.0,2025-05-11 08:30:00
2025-05-11 08:35:00,9000.0,2025-05-11 08:35:00
2025-05-11 08:40:00,9000.0,2025-05-11 08:40:00
2025-05-11 08:45:00,9000.0,2025-05-11 08:45:00
2025-05-11 08:50:00,9000.0,2025-05-11 08:50:00
2025-05-11 08:55:00,9000.0,2025-05-11 08:55:00
2025-05-11 09:00:00,9000.0,2025-05-11 09:00:00
2025-05-11 09:05:00,9000.0,2025-05-11 09:05:00
2025-05-11 09:10:00,9000.0,2025-05-11 09:10:00
2025-05-11 09:15:00,9000.0,2025-05-11 09:15:00
2025-05-11 09:20:00,9000.0,2025-05-11 09:20:00
2025-05-11 09:25:00,9000.0,2025-05-11 09:25:00
2025-05-11 09:30:00,9000.0,2025-05-11 09:30:00
2025-05-11 09:35:00,9000.0,2025-05-11 09:35:00
2025-05-11 09:40:00,9000.0,2025-05-11 09:40:00
2025-05-11 09:45:00,8999.999,2025-05-11 09:45:00
2025-05-11 09:50:00,909.843,2025-05-11 09:50:00
2025-05-11 09:55:00,0.0,2025-05-11 09:55:00
2025-05-11 10:00:00,0.0,2025-05-11 10:00:00
2025-05-11 10:05:00,0.0,2025-05-11 10:05:00
2025-05-11 10:10:00,0.0,2025-05-11 10:10:00
2025-05-11 10:15:00,0.0,2025-05-11 10:15:00
2025-05-11 10:20:00,0.0,2025-05-11 10:20:00
2025-05-11 10:25:00,0.0,2025-05-11 10:25:00
2025-05-11 10:30:00,0.0,2025-05-11 10:30:00
2025-05-11 10:35:00,0.0,2025-05-11 10:35:00
2025-05-11 10:40:00,0.0,2025-05-11 10:40:00
2025-05-11 10:45:00,0.0,2025-05-11 10:45:00
2025-05-11 10:50:00,0.0,2025-05-11 10:50:00
2025-05-11 10:55:00,0.0,2025-05-11 10:55:00
2025-05-11 11:00:00,-2047.047,2025-05-11 11:00:00
2025-05-11 11:05:00,-2103.067,2025-05-11 11:05:00
2025-05-11 11:10:00,-2167.087,2025-05-11 11:10:00
2025-05-11 11:15:00,-2163.087,2025-05-11 11:15:00
2025-05-11 11:20:00,-2003.057,2025-05-11 11:20:00
2025-05-11 11:25:00,-2063.047,2025-05-11 11:25:00
2025-05-11 11:30:00,-2019.067,2025-05-11 11:30:00
2025-05-11 11:35:00,-2003.097,2025-05-11 11:35:00
2025-05-11 11:40:00,-2475.067,2025-05-11 11:40:00
2025-05-11 11:45:00,-2055.067,2025-05-11 11:45:00
2025-05-11 11:50:00,-2163.077,2025-05-11 11:50:00
2025-05-11 11:55:00,-2031.047,2025-05-11 11:55:00
2025-05-11 12:00:00,-2023.067,2025-05-11 12:00:00
2025-05-11 12:05:00,-1995.087,2025-05-11 12:05:00
2025-05-11 12:10:00,-2035.077,2025-05-11 12:10:00
2025-05-11 12:15:00,-2111.127,2025-05-11 12:15:00
2025-05-11 12:20:00,-1955.067,2025-05-11 12:20:00
2025-05-11 12:25:00,-1979.097,2025-05-11 12:25:00
2025-05-11 12:30:00,-1959.117,2025-05-11 12:30:00
2025-05-11 12:35:00,-1955.087,2025-05-11 12:35:00
2025-05-11 12:40:00,-1947.067,2025-05-11 12:40:00
2025-05-11 12:45:00,-2035.077,2025-05-11 12:45:00
2025-05-11 12:50:00,-1919.107,2025-05-11 12:50:00
2025-05-11 12:55:00,-2011.077,2025-05-11 12:55:00
2025-05-11 13:00:00,-1983.077,2025-05-11 13:00:00
2025-05-11 13:05:00,-2111.097,2025-05-11 13:05:00
2025-05-11 13:10:00,-2011.067,2025-05-11 13:10:00
2025-05-11 13:15:00,-1995.087,2025-05-11 13:15:00
2025-05-11 13:20:00,-1979.067,2025-05-11 13:20:00
2025-05-11 13:25:00,-1959.097,2025-05-11 13:25:00
2025-05-11 13:30:00,-2151.057,2025-05-11 13:30:00
2025-05-11 13:35:00,-1915.097,2025-05-11 13:35:00
2025-05-11 13:40:00,-2027.067,2025-05-11 13:40:00
2025-05-11 13:45:00,-1939.067,2025-05-11 13:45:00
2025-05-11 13:50:00,-1951.087,2025-05-11 13:50:00
2025-05-11 13:55:00,-1955.087,2025-05-11 13:55:00
2025-05-11 14:00:00,-1995.087,2025-05-11 14:00:00
2025-05-11 14:05:00,-1983.097,2025-05-11 14:05:00
2025-05-11 14:10:00,-1959.087,2025-05-11 14:10:00
2025-05-11 14:15:00,-1979.057,2025-05-11 14:15:00
2025-05-11 14:20:00,-1975.097,2025-05-11 14:20:00
2025-05-11 14:25:00,-1891.037,2025-05-11 14:25:00
2025-05-11 14:30:00,-1883.057,2025-05-11 14:30:00
2025-05-11 14:35:00,-2031.097,2025-05-11 14:35:00
2025-05-11 14:40:00,-1963.087,2025-05-11 14:40:00
2025-05-11 14:45:00,-1799.067,2025-05-11 14:45:00
2025-05-11 14:50:00,-1911.067,2025-05-11 14:50:00
2025-05-11 14:55:00,-2015.097,2025-05-11 14:55:00
2025-05-11 15:00:00,-1855.067,2025-05-11 15:00:00
2025-05-11 15:05:00,-2075.107,2025-05-11 15:05:00
2025-05-11 15:10:00,-1931.067,2025-05-11 15:10:00
2025-05-11 15:15:00,-1903.087,2025-05-11 15:15:00
2025-05-11 15:20:00,-2007.037,2025-05-11 15:20:00
2025-05-11 15:25:00,-1851.067,2025-05-11 15:25:00
2025-05-11 15:30:00,-1879.047,2025-05-11 15:30:00
2025-05-11 15:35:00,-1847.077,2025-05-11 15:35:00
2025-05-11 15:40:00,-1703.097,2025-05-11 15:40:00
2025-05-11 15:45:00,-1779.067,2025-05-11 15:45:00
2025-05-11 15:50:00,-1871.067,2025-05-11 15:50:00
2025-05-11 15:55:00,-1823.067,2025-05-11 15:55:00
2025-05-11 16:00:00,-1843.087,2025-05-11 16:00:00
2025-05-11 16:05:00,-1931.067,2025-05-11 16:05:00
2025-05-11 16:10:00,-1755.057,2025-05-11 16:10:00
2025-05-11 16:15:00,-1767.097,2025-05-11 16:15:00
2025-05-11 16:20:00,-1823.067,2025-05-11 16:20:00
2025-05-11 16:25:00,-1803.087,2025-05-11 16:25:00
2025-05-11 16:30:00,-1771.057,2025-05-11 16:30:00
2025-05-11 16:35:00,-1819.087,2025-05-11 16:35:00
2025-05-11 16:40:00,-1783.057,2025-05-11 16:40:00
2025-05-11 16:45:00,-1767.037,2025-05-11 16:45:00
2025-05-11 16:50:00,-1767.097,2025-05-11 16:50:00
2025-05-11 16:55:00,-1851.077,2025-05-11 16:55:00
2025-05-11 17:00:00,-1827.067,2025-05-11 17:00:00
2025-05-11 17:05:00,-1843.077,2025-05-11 17:05:00
2025-05-11 17:10:00,-1819.087,2025-05-11 17:10:00
2025-05-11 17:15:00,-1871.107,2025-05-11 17:15:00
2025-05-11 17:20:00,-2283.097,2025-05-11 17:20:00
2025-05-11 17:25:00,-1951.087,2025-05-11 17:25:00
2025-05-11 17:30:00,-1763.107,2025-05-11 17:30:00
2025-05-11 17:35:00,-1787.087,2025-05-11 17:35:00
2025-05-11 17:40:00,-1771.127,2025-05-11 17:40:00
2025-05-11 17:45:00,-1851.077,2025-05-11 17:45:00
2025-05-11 17:50:00,-1815.087,2025-05-11 17:50:00
2025-05-11 17:55:00,-1831.067,2025-05-11 17:55:00
2025-05-11 18:00:00,9000.0,2025-05-11 18:00:00
2025-05-11 18:05:00,9000.0,2025-05-11 18:05:00
2025-05-11 18:10:00,9000.0,2025-05-11 18:10:00
2025-05-11 18:15:00,9000.0,2025-05-11 18:15:00
2025-05-11 18:20:00,9000.0,2025-05-11 18:20:00
2025-05-11 18:25:00,9000.0,2025-05-11 18:25:00
2025-05-11 18:30:00,9000.0,2025-05-11 18:30:00
2025-05-11 18:35:00,9000.0,2025-05-11 18:35:00
2025-05-11 18:40:00,9000.0,2025-05-11 18:40:00
2025-05-11 18:45:00,9000.0,2025-05-11 18:45:00
2025-05-11 18:50:00,9000.0,2025-05-11 18:50:00
2025-05-11 18:55:00,9000.0,2025-05-11 18:55:00
2025-05-11 19:00:00,9000.0,2025-05-11 19:00:00
2025-05-11 19:05:00,9000.0,2025-05-11 19:05:00
2025-05-11 19:10:00,9000.0,2025-05-11 19:10:00
2025-05-11 19:15:00,7635.57,2025-05-11 19:15:00
2025-05-11 19:20:00,0.0,2025-05-11 19:20:00
2025-05-11 19:25:00,0.0,2025-05-11 19:25:00
2025-05-11 19:30:00,0.0,2025-05-11 19:30:00
2025-05-11 19:35:00,0.0,2025-05-11 19:35:00
2025-05-11 19:40:00,0.0,2025-05-11 19:40:00
2025-05-11 19:45:00,0.0,2025-05-11 19:45:00
2025-05-11 19:50:00,0.0,2025-05-11 19:50:00
2025-05-11 19:55:00,0.0,2025-05-11 19:55:00
2025-05-11 20:00:00,0.0,2025-05-11 20:00:00
2025-05-11 20:05:00,0.0,2025-05-11 20:05:00
2025-05-11 20:10:00,0.0,2025-05-11 20:10:00
2025-05-11 20:15:00,0.0,2025-05-11 20:15:00
2025-05-11 20:20:00,0.0,2025-05-11 20:20:00
2025-05-11 20:25:00,0.0,2025-05-11 20:25:00
2025-05-11 20:30:00,0.0,2025-05-11 20:30:00
2025-05-11 20:35:00,0.0,2025-05-11 20:35:00
2025-05-11 20:40:00,0.0,2025-05-11 20:40:00
2025-05-11 20:45:00,0.0,2025-05-11 20:45:00
2025-05-11 20:50:00,0.0,2025-05-11 20:50:00
2025-05-11 20:55:00,0.0,2025-05-11 20:55:00
2025-05-11 21:00:00,0.0,2025-05-11 21:00:00
2025-05-11 21:05:00,0.0,2025-05-11 21:05:00
2025-05-11 21:10:00,0.0,2025-05-11 21:10:00
2025-05-11 21:15:00,0.0,2025-05-11 21:15:00
2025-05-11 21:20:00,0.0,2025-05-11 21:20:00
2025-05-11 21:25:00,0.0,2025-05-11 21:25:00
2025-05-11 21:30:00,0.0,2025-05-11 21:30:00
2025-05-11 21:35:00,0.0,2025-05-11 21:35:00
2025-05-11 21:40:00,0.0,2025-05-11 21:40:00
2025-05-11 21:45:00,0.0,2025-05-11 21:45:00
2025-05-11 21:50:00,0.0,2025-05-11 21:50:00
2025-05-11 21:55:00,0.0,2025-05-11 21:55:00
2025-05-11 22:00:00,-2337.872,2025-05-11 22:00:00
2025-05-11 22:05:00,-2221.892,2025-05-11 22:05:00
2025-05-11 22:10:00,-2117.932,2025-05-11 22:10:00
2025-05-11 22:15:00,-1961.922,2025-05-11 22:15:00
2025-05-11 22:20:00,-2037.922,2025-05-11 22:20:00
2025-05-11 22:25:00,-1997.922,2025-05-11 22:25:00
2025-05-11 22:30:00,-1997.912,2025-05-11 22:30:00
2025-05-11 22:35:00,-2337.932,2025-05-11 22:35:00
2025-05-11 22:40:00,-2373.932,2025-05-11 22:40:00
2025-05-11 22:45:00,-2045.952,2025-05-11 22:45:00
2025-05-11 22:50:00,-1845.902,2025-05-11 22:50:00
2025-05-11 22:55:00,-2113.902,2025-05-11 22:55:00
2025-05-11 23:00:00,-1893.942,2025-05-11 23:00:00
2025-05-11 23:05:00,-1845.912,2025-05-11 23:05:00
2025-05-11 23:10:00,-1717.922,2025-05-11 23:10:00
2025-05-11 23:15:00,-1689.922,2025-05-11 23:15:00
2025-05-11 23:20:00,-1821.942,2025-05-11 23:20:00
2025-05-11 23:25:00,-1869.932,2025-05-11 23:25:00
2025-05-11 23:30:00,-1725.882,2025-05-11 23:30:00
2025-05-11 23:35:00,-2329.912,2025-05-11 23:35:00
2025-05-11 23:40:00,-2141.902,2025-05-11 23:40:00
2025-05-11 23:45:00,-2205.932,2025-05-11 23:45:00
2025-05-11 23:50:00,-2177.942,2025-05-11 23:50:00
2025-05-11 23:55:00,-2113.952,2025-05-11 23:55:00
2025-05-12 00:00:00,-2145.942,2025-05-12 00:00:00
2025-05-12 00:05:00,-1885.902,2025-05-12 00:05:00
2025-05-12 00:10:00,-1813.922,2025-05-12 00:10:00
2025-05-12 00:15:00,-1761.932,2025-05-12 00:15:00
2025-05-12 00:20:00,-1817.932,2025-05-12 00:20:00
2025-05-12 00:25:00,-1813.892,2025-05-12 00:25:00
2025-05-12 00:30:00,-2193.932,2025-05-12 00:30:00
2025-05-12 00:35:00,-2181.932,2025-05-12 00:35:00
2025-05-12 00:40:00,-2193.932,2025-05-12 00:40:00
2025-05-12 00:45:00,-1913.902,2025-05-12 00:45:00
2025-05-12 00:50:00,-1893.912,2025-05-12 00:50:00
2025-05-12 00:55:00,-1857.952,2025-05-12 00:55:00
2025-05-12 01:00:00,-1941.922,2025-05-12 01:00:00
2025-05-12 01:05:00,-1765.922,2025-05-12 01:05:00
2025-05-12 01:10:00,-1717.952,2025-05-12 01:10:00
2025-05-12 01:15:00,-1977.922,2025-05-12 01:15:00
2025-05-12 01:20:00,-2185.932,2025-05-12 01:20:00
2025-05-12 01:25:00,-2065.922,2025-05-12 01:25:00
2025-05-12 01:30:00,-2237.922,2025-05-12 01:30:00
2025-05-12 01:35:00,-2081.872,2025-05-12 01:35:00
2025-05-12 01:40:00,-1841.942,2025-05-12 01:40:00
2025-05-12 01:45:00,-1737.892,2025-05-12 01:45:00
2025-05-12 01:50:00,-2125.912,2025-05-12 01:50:00
2025-05-12 01:55:00,-2045.912,2025-05-12 01:55:00
2025-05-12 02:00:00,-2149.942,2025-05-12 02:00:00
2025-05-12 02:05:00,-2105.922,2025-05-12 02:05:00
2025-05-12 02:10:00,-2101.932,2025-05-12 02:10:00
2025-05-12 02:15:00,-2009.922,2025-05-12 02:15:00
2025-05-12 02:20:00,-1781.892,2025-05-12 02:20:00
2025-05-12 02:25:00,-1621.942,2025-05-12 02:25:00
2025-05-12 02:30:00,-1617.902,2025-05-12 02:30:00
2025-05-12 02:35:00,-1801.942,2025-05-12 02:35:00
2025-05-12 02:40:00,-1745.922,2025-05-12 02:40:00
2025-05-12 02:45:00,-1901.932,2025-05-12 02:45:00
2025-05-12 02:50:00,-1757.922,2025-05-12 02:50:00
2025-05-12 02:55:00,-1749.872,2025-05-12 02:55:00
2025-05-12 03:00:00,-1861.912,2025-05-12 03:00:00
2025-05-12 03:05:00,-1841.922,2025-05-12 03:05:00
2025-05-12 03:10:00,-1829.952,2025-05-12 03:10:00
2025-05-12 03:15:00,-1861.922,2025-05-12 03:15:00
2025-05-12 03:20:00,-1857.952,2025-05-12 03:20:00
2025-05-12 03:25:00,-1885.932,2025-05-12 03:25:00
2025-05-12 03:30:00,-2001.962,2025-05-12 03:30:00
2025-05-12 03:35:00,-2105.902,2025-05-12 03:35:00
2025-05-12 03:40:00,-1997.922,2025-05-12 03:40:00
2025-05-12 03:45:00,-1989.922,2025-05-12 03:45:00
2025-05-12 03:50:00,-1889.922,2025-05-12 03:50:00
2025-05-12 03:55:00,-1925.912,2025-05-12 03:55:00
2025-05-12 04:00:00,-2009.942,2025-05-12 04:00:00
2025-05-12 04:05:00,-1865.952,2025-05-12 04:05:00
2025-05-12 04:10:00,-2025.902,2025-05-12 04:10:00
2025-05-12 04:15:00,-1905.922,2025-05-12 04:15:00
2025-05-12 04:20:00,-1921.912,2025-05-12 04:20:00
2025-05-12 04:25:00,-1881.932,2025-05-12 04:25:00
2025-05-12 04:30:00,-2049.922,2025-05-12 04:30:00
2025-05-12 04:35:00,-1825.892,2025-05-12 04:35:00
2025-05-12 04:40:00,-1817.922,2025-05-12 04:40:00
2025-05-12 04:45:00,-1829.942,2025-05-12 04:45:00
2025-05-12 04:50:00,-1905.952,2025-05-12 04:50:00
2025-05-12 04:55:00,-2101.902,2025-05-12 04:55:00
2025-05-12 05:00:00,-1881.932,2025-05-12 05:00:00
2025-05-12 05:05:00,-1873.942,2025-05-12 05:05:00
2025-05-12 05:10:00,-1845.922,2025-05-12 05:10:00
2025-05-12 05:15:00,-1845.922,2025-05-12 05:15:00
2025-05-12 05:20:00,-1853.922,2025-05-12 05:20:00
2025-05-12 05:25:00,-1797.942,2025-05-12 05:25:00
2025-05-12 05:30:00,-1809.932,2025-05-12 05:30:00
2025-05-12 05:35:00,-1881.882,2025-05-12 05:35:00
2025-05-12 05:40:00,-1861.922,2025-05-12 05:40:00
2025-05-12 05:45:00,-1757.932,2025-05-12 05:45:00
2025-05-12 05:50:00,-1857.892,2025-05-12 05:50:00
2025-05-12 05:55:00,-1913.892,2025-05-12 05:55:00
2025-05-12 06:00:00,-1703.641,2025-05-12 06:00:00
2025-05-12 06:05:00,-1703.634,2025-05-12 06:05:00
2025-05-12 06:10:00,-1703.642,2025-05-12 06:10:00
2025-05-12 06:15:00,-1703.528,2025-05-12 06:15:00
2025-05-12 06:20:00,-1703.581,2025-05-12 06:20:00
2025-05-12 06:25:00,-1703.552,2025-05-12 06:25:00
2025-05-12 06:30:00,-1703.597,2025-05-12 06:30:00
2025-05-12 06:35:00,-1703.548,2025-05-12 06:35:00
2025-05-12 06:40:00,-1703.66,2025-05-12 06:40:00
2025-05-12 06:45:00,-1703.571,2025-05-12 06:45:00
2025-05-12 06:50:00,-1703.677,2025-05-12 06:50:00
2025-05-12 06:55:00,-1703.614,2025-05-12 06:55:00
2025-05-12 07:00:00,-1703.655,2025-05-12 07:00:00
2025-05-12 07:05:00,-1703.697,2025-05-12 07:05:00
2025-05-12 07:10:00,-1703.606,2025-05-12 07:10:00
2025-05-12 07:15:00,-1703.622,2025-05-12 07:15:00
2025-05-12 07:20:00,-1703.707,2025-05-12 07:20:00
2025-05-12 07:25:00,-1703.611,2025-05-12 07:25:00
2025-05-12 07:30:00,-1703.567,2025-05-12 07:30:00
2025-05-12 07:35:00,-1703.598,2025-05-12 07:35:00
2025-05-12 07:40:00,-1703.646,2025-05-12 07:40:00
2025-05-12 07:45:00,-1703.562,2025-05-12 07:45:00
2025-05-12 07:50:00,-1703.537,2025-05-12 07:50:00
2025-05-12 07:55:00,-1703.601,2025-05-12 07:55:00
2025-05-12 08:00:00,9000.0,2025-05-12 08:00:00
2025-05-12 08:05:00,9000.0,2025-05-12 08:05:00
2025-05-12 08:10:00,9000.0,2025-05-12 08:10:00
2025-05-12 08:15:00,9000.0,2025-05-12 08:15:00
2025-05-12 08:20:00,9000.0,2025-05-12 08:20:00
2025-05-12 08:25:00,9000.0,2025-05-12 08:25:00
2025-05-12 08:30:00,9000.0,2025-05-12 08:30:00
2025-05-12 08:35:00,9000.0,2025-05-12 08:35:00
2025-05-12 08:40:00,9000.0,2025-05-12 08:40:00
2025-05-12 08:45:00,9000.0,2025-05-12 08:45:00
2025-05-12 08:50:00,9000.0,2025-05-12 08:50:00
2025-05-12 08:55:00,9000.0,2025-05-12 08:55:00
2025-05-12 09:00:00,9000.0,2025-05-12 09:00:00
2025-05-12 09:05:00,9000.0,2025-05-12 09:05:00
2025-05-12 09:10:00,9000.0,2025-05-12 09:10:00
2025-05-12 09:15:00,9000.0,2025-05-12 09:15:00
2025-05-12 09:20:00,9000.0,2025-05-12 09:20:00
2025-05-12 09:25:00,9000.0,2025-05-12 09:25:00
2025-05-12 09:30:00,9000.0,2025-05-12 09:30:00
2025-05-12 09:35:00,9000.0,2025-05-12 09:35:00
2025-05-12 09:40:00,9000.0,2025-05-12 09:40:00
2025-05-12 09:45:00,9000.0,2025-05-12 09:45:00
2025-05-12 09:50:00,1044.0,2025-05-12 09:50:00
2025-05-12 09:55:00,0.0,2025-05-12 09:55:00
2025-05-12 10:00:00,0.0,2025-05-12 10:00:00
2025-05-12 10:05:00,0.0,2025-05-12 10:05:00
2025-05-12 10:10:00,0.0,2025-05-12 10:10:00
2025-05-12 10:15:00,0.0,2025-05-12 10:15:00
2025-05-12 10:20:00,0.0,2025-05-12 10:20:00
2025-05-12 10:25:00,0.0,2025-05-12 10:25:00
2025-05-12 10:30:00,0.0,2025-05-12 10:30:00
2025-05-12 10:35:00,0.0,2025-05-12 10:35:00
2025-05-12 10:40:00,0.0,2025-05-12 10:40:00
2025-05-12 10:45:00,0.0,2025-05-12 10:45:00
2025-05-12 10:50:00,0.0,2025-05-12 10:50:00
2025-05-12 10:55:00,0.0,2025-05-12 10:55:00
2025-05-12 11:00:00,-1821.922,2025-05-12 11:00:00
2025-05-12 11:05:00,-1937.932,2025-05-12 11:05:00
2025-05-12 11:10:00,-1817.952,2025-05-12 11:10:00
2025-05-12 11:15:00,-1749.952,2025-05-12 11:15:00
2025-05-12 11:20:00,-1749.942,2025-05-12 11:20:00
2025-05-12 11:25:00,-1773.902,2025-05-12 11:25:00
2025-05-12 11:30:00,-1853.932,2025-05-12 11:30:00
2025-05-12 11:35:00,-1709.932,2025-05-12 11:35:00
2025-05-12 11:40:00,-1769.952,2025-05-12 11:40:00
2025-05-12 11:45:00,-1713.922,2025-05-12 11:45:00
2025-05-12 11:50:00,-1793.942,2025-05-12 11:50:00
2025-05-12 11:55:00,-1837.972,2025-05-12 11:55:00
2025-05-12 12:00:00,-1717.882,2025-05-12 12:00:00
2025-05-12 12:05:00,-1765.922,2025-05-12 12:05:00
2025-05-12 12:10:00,-1689.932,2025-05-12 12:10:00
2025-05-12 12:15:00,-1917.932,2025-05-12 12:15:00
2025-05-12 12:20:00,-1685.932,2025-05-12 12:20:00
2025-05-12 12:25:00,-1685.902,2025-05-12 12:25:00
2025-05-12 12:30:00,-1849.932,2025-05-12 12:30:00
2025-05-12 12:35:00,-1769.902,2025-05-12 12:35:00
2025-05-12 12:40:00,-1821.922,2025-05-12 12:40:00
2025-05-12 12:45:00,-1709.952,2025-05-12 12:45:00
2025-05-12 12:50:00,-1669.912,2025-05-12 12:50:00
2025-05-12 12:55:00,-1765.902,2025-05-12 12:55:00
2025-05-12 13:00:00,-1933.912,2025-05-12 13:00:00
2025-05-12 13:05:00,-1709.932,2025-05-12 13:05:00
2025-05-12 13:10:00,-1777.942,2025-05-12 13:10:00
2025-05-12 13:15:00,-1701.932,2025-05-12 13:15:00
2025-05-12 13:20:00,-1797.922,2025-05-12 13:20:00
2025-05-12 13:25:00,-1825.872,2025-05-12 13:25:00
2025-05-12 13:30:00,-2157.892,2025-05-12 13:30:00
2025-05-12 13:35:00,-2157.912,2025-05-12 13:35:00
2025-05-12 13:40:00,-1877.932,2025-05-12 13:40:00
2025-05-12 13:45:00,-1873.922,2025-05-12 13:45:00
2025-05-12 13:50:00,-1837.902,2025-05-12 13:50:00
2025-05-12 13:55:00,-1857.922,2025-05-12 13:55:00
2025-05-12 14:00:00,-1821.912,2025-05-12 14:00:00
2025-05-12 14:05:00,-1805.862,2025-05-12 14:05:00
2025-05-12 14:10:00,-1853.922,2025-05-12 14:10:00
2025-05-12 14:15:00,-1669.882,2025-05-12 14:15:00
2025-05-12 14:20:00,-1921.942,2025-05-12 14:20:00
2025-05-12 14:25:00,-1717.942,2025-05-12 14:25:00
2025-05-12 14:30:00,-1821.902,2025-05-12 14:30:00
2025-05-12 14:35:00,-1845.892,2025-05-12 14:35:00
2025-05-12 14:40:00,-1773.942,2025-05-12 14:40:00
2025-05-12 14:45:00,-1737.902,2025-05-12 14:45:00
2025-05-12 14:50:00,-2177.942,2025-05-12 14:50:00
2025-05-12 14:55:00,-2093.912,2025-05-12 14:55:00
2025-05-12 15:00:00,-2033.892,2025-05-12 15:00:00
2025-05-12 15:05:00,-2093.892,2025-05-12 15:05:00
2025-05-12 15:10:00,-2189.942,2025-05-12 15:10:00
2025-05-12 15:15:00,-2137.882,2025-05-12 15:15:00
2025-05-12 15:20:00,-2189.922,2025-05-12 15:20:00
2025-05-12 15:25:00,-2137.932,2025-05-12 15:25:00
2025-05-12 15:30:00,-2229.902,2025-05-12 15:30:00
2025-05-12 15:35:00,-2217.922,2025-05-12 15:35:00
2025-05-12 15:40:00,-2177.892,2025-05-12 15:40:00
2025-05-12 15:45:00,-2165.922,2025-05-12 15:45:00
2025-05-12 15:50:00,-2085.952,2025-05-12 15:50:00
2025-05-12 15:55:00,-2129.942,2025-05-12 15:55:00
2025-05-12 16:00:00,-2113.932,2025-05-12 16:00:00
2025-05-12 16:05:00,-2129.932,2025-05-12 16:05:00
2025-05-12 16:10:00,-2141.922,2025-05-12 16:10:00
2025-05-12 16:15:00,-2181.892,2025-05-12 16:15:00
2025-05-12 16:20:00,-2049.932,2025-05-12 16:20:00
2025-05-12 16:25:00,-2189.892,2025-05-12 16:25:00
2025-05-12 16:30:00,-2073.932,2025-05-12 16:30:00
2025-05-12 16:35:00,-2069.912,2025-05-12 16:35:00
2025-05-12 16:40:00,-2105.892,2025-05-12 16:40:00
2025-05-12 16:45:00,-2193.912,2025-05-12 16:45:00
2025-05-12 16:50:00,-2093.912,2025-05-12 16:50:00
2025-05-12 16:55:00,-2077.912,2025-05-12 16:55:00
2025-05-12 17:00:00,-2145.912,2025-05-12 17:00:00
2025-05-12 17:05:00,-2145.922,2025-05-12 17:05:00
2025-05-12 17:10:00,-2169.912,2025-05-12 17:10:00
2025-05-12 17:15:00,-2133.892,2025-05-12 17:15:00
2025-05-12 17:20:00,-2005.942,2025-05-12 17:20:00
2025-05-12 17:25:00,-2193.912,2025-05-12 17:25:00
2025-05-12 17:30:00,-2157.882,2025-05-12 17:30:00
2025-05-12 17:35:00,-2101.872,2025-05-12 17:35:00
2025-05-12 17:40:00,-2101.892,2025-05-12 17:40:00
2025-05-12 17:45:00,-2073.942,2025-05-12 17:45:00
2025-05-12 17:50:00,-2037.932,2025-05-12 17:50:00
2025-05-12 17:55:00,-2053.932,2025-05-12 17:55:00
2025-05-12 18:00:00,9000.0,2025-05-12 18:00:00
2025-05-12 18:05:00,9000.0,2025-05-12 18:05:00
2025-05-12 18:10:00,9000.0,2025-05-12 18:10:00
2025-05-12 18:15:00,9000.0,2025-05-12 18:15:00
2025-05-12 18:20:00,9000.0,2025-05-12 18:20:00
2025-05-12 18:25:00,9000.0,2025-05-12 18:25:00
2025-05-12 18:30:00,9000.0,2025-05-12 18:30:00
2025-05-12 18:35:00,9000.0,2025-05-12 18:35:00
2025-05-12 18:40:00,9000.0,2025-05-12 18:40:00
2025-05-12 18:45:00,9000.0,2025-05-12 18:45:00
2025-05-12 18:50:00,9000.0,2025-05-12 18:50:00
2025-05-12 18:55:00,9000.0,2025-05-12 18:55:00
2025-05-12 19:00:00,9000.0,2025-05-12 19:00:00
2025-05-12 19:05:00,9000.0,2025-05-12 19:05:00
2025-05-12 19:10:00,9000.0,2025-05-12 19:10:00
2025-05-12 19:15:00,8225.104,2025-05-12 19:15:00
2025-05-12 19:20:00,0.0,2025-05-12 19:20:00
2025-05-12 19:25:00,0.0,2025-05-12 19:25:00
2025-05-12 19:30:00,0.0,2025-05-12 19:30:00
2025-05-12 19:35:00,0.0,2025-05-12 19:35:00
2025-05-12 19:40:00,0.0,2025-05-12 19:40:00
2025-05-12 19:45:00,0.0,2025-05-12 19:45:00
2025-05-12 19:50:00,0.0,2025-05-12 19:50:00
2025-05-12 19:55:00,0.0,2025-05-12 19:55:00
2025-05-12 20:00:00,0.0,2025-05-12 20:00:00
2025-05-12 20:05:00,0.0,2025-05-12 20:05:00
2025-05-12 20:10:00,0.0,2025-05-12 20:10:00
2025-05-12 20:15:00,0.0,2025-05-12 20:15:00
2025-05-12 20:20:00,0.0,2025-05-12 20:20:00
2025-05-12 20:25:00,0.0,2025-05-12 20:25:00
2025-05-12 20:30:00,0.0,2025-05-12 20:30:00
2025-05-12 20:35:00,0.0,2025-05-12 20:35:00
2025-05-12 20:40:00,0.0,2025-05-12 20:40:00
2025-05-12 20:45:00,0.0,2025-05-12 20:45:00
2025-05-12 20:50:00,0.0,2025-05-12 20:50:00
2025-05-12 20:55:00,0.0,2025-05-12 20:55:00
2025-05-12 21:00:00,0.0,2025-05-12 21:00:00
2025-05-12 21:05:00,0.0,2025-05-12 21:05:00
2025-05-12 21:10:00,0.0,2025-05-12 21:10:00
2025-05-12 21:15:00,0.0,2025-05-12 21:15:00
2025-05-12 21:20:00,0.0,2025-05-12 21:20:00
2025-05-12 21:25:00,0.0,2025-05-12 21:25:00
2025-05-12 21:30:00,0.0,2025-05-12 21:30:00
2025-05-12 21:35:00,0.0,2025-05-12 21:35:00
2025-05-12 21:40:00,0.0,2025-05-12 21:40:00
2025-05-12 21:45:00,0.0,2025-05-12 21:45:00
2025-05-12 21:50:00,0.0,2025-05-12 21:50:00
2025-05-12 21:55:00,0.0,2025-05-12 21:55:00
2025-05-12 22:00:00,-1748.633,2025-05-12 22:00:00
2025-05-12 22:05:00,-2176.633,2025-05-12 22:05:00
2025-05-12 22:10:00,-1688.623,2025-05-12 22:10:00
2025-05-12 22:15:00,-1744.633,2025-05-12 22:15:00
2025-05-12 22:20:00,-1756.653,2025-05-12 22:20:00
2025-05-12 22:25:00,-1880.653,2025-05-12 22:25:00
2025-05-12 22:30:00,-1892.643,2025-05-12 22:30:00
2025-05-12 22:35:00,-1748.613,2025-05-12 22:35:00
2025-05-12 22:40:00,-1792.653,2025-05-12 22:40:00
2025-05-12 22:45:00,-1848.613,2025-05-12 22:45:00
2025-05-12 22:50:00,-1872.623,2025-05-12 22:50:00
2025-05-12 22:55:00,-1912.593,2025-05-12 22:55:00
2025-05-12 23:00:00,-1828.623,2025-05-12 23:00:00
2025-05-12 23:05:00,-1864.603,2025-05-12 23:05:00
2025-05-12 23:10:00,-1924.623,2025-05-12 23:10:00
2025-05-12 23:15:00,-1896.583,2025-05-12 23:15:00
2025-05-12 23:20:00,-1828.583,2025-05-12 23:20:00
2025-05-12 23:25:00,-1908.603,2025-05-12 23:25:00
2025-05-12 23:30:00,-1880.593,2025-05-12 23:30:00
2025-05-12 23:35:00,-1864.613,2025-05-12 23:35:00
2025-05-12 23:40:00,-1980.633,2025-05-12 23:40:00
2025-05-12 23:45:00,-1900.593,2025-05-12 23:45:00
2025-05-12 23:50:00,-1916.623,2025-05-12 23:50:00
2025-05-12 23:55:00,-1984.613,2025-05-12 23:55:00
2025-05-13 00:00:00,-2020.633,2025-05-13 00:00:00
2025-05-13 00:05:00,-2024.593,2025-05-13 00:05:00
2025-05-13 00:10:00,-1928.593,2025-05-13 00:10:00
2025-05-13 00:15:00,-2020.623,2025-05-13 00:15:00
2025-05-13 00:20:00,-1948.623,2025-05-13 00:20:00
2025-05-13 00:25:00,-1944.623,2025-05-13 00:25:00
2025-05-13 00:30:00,-1972.653,2025-05-13 00:30:00
2025-05-13 00:35:00,-1936.583,2025-05-13 00:35:00
2025-05-13 00:40:00,-1936.613,2025-05-13 00:40:00
2025-05-13 00:45:00,-2000.593,2025-05-13 00:45:00
2025-05-13 00:50:00,-2228.593,2025-05-13 00:50:00
2025-05-13 00:55:00,-2284.613,2025-05-13 00:55:00
2025-05-13 01:00:00,-2260.633,2025-05-13 01:00:00
2025-05-13 01:05:00,-2080.633,2025-05-13 01:05:00
2025-05-13 01:10:00,-1988.603,2025-05-13 01:10:00
2025-05-13 01:15:00,-1924.603,2025-05-13 01:15:00
2025-05-13 01:20:00,-1976.583,2025-05-13 01:20:00
2025-05-13 01:25:00,-1964.593,2025-05-13 01:25:00
2025-05-13 01:30:00,-1920.623,2025-05-13 01:30:00
2025-05-13 01:35:00,-2168.623,2025-05-13 01:35:00
2025-05-13 01:40:00,-1952.643,2025-05-13 01:40:00
2025-05-13 01:45:00,-2056.593,2025-05-13 01:45:00
2025-05-13 01:50:00,-2064.633,2025-05-13 01:50:00
2025-05-13 01:55:00,-2140.633,2025-05-13 01:55:00
2025-05-13 02:00:00,-1896.623,2025-05-13 02:00:00
2025-05-13 02:05:00,-1912.613,2025-05-13 02:05:00
2025-05-13 02:10:00,-2304.633,2025-05-13 02:10:00
2025-05-13 02:15:00,-2260.623,2025-05-13 02:15:00
2025-05-13 02:20:00,-2432.623,2025-05-13 02:20:00
2025-05-13 02:25:00,-2224.593,2025-05-13 02:25:00
2025-05-13 02:30:00,-2240.643,2025-05-13 02:30:00
2025-05-13 02:35:00,-2260.613,2025-05-13 02:35:00
2025-05-13 02:40:00,-2168.633,2025-05-13 02:40:00
2025-05-13 02:45:00,-1952.613,2025-05-13 02:45:00
2025-05-13 02:50:00,-1888.633,2025-05-13 02:50:00
2025-05-13 02:55:00,-1884.613,2025-05-13 02:55:00
2025-05-13 03:00:00,-1932.593,2025-05-13 03:00:00
2025-05-13 03:05:00,-1968.603,2025-05-13 03:05:00
2025-05-13 03:10:00,-1960.603,2025-05-13 03:10:00
2025-05-13 03:15:00,-2024.613,2025-05-13 03:15:00
2025-05-13 03:20:00,-1964.613,2025-05-13 03:20:00
2025-05-13 03:25:00,-1880.633,2025-05-13 03:25:00
2025-05-13 03:30:00,-1952.623,2025-05-13 03:30:00
2025-05-13 03:35:00,-1988.623,2025-05-13 03:35:00
2025-05-13 03:40:00,-2116.643,2025-05-13 03:40:00
2025-05-13 03:45:00,-1932.633,2025-05-13 03:45:00
2025-05-13 03:50:00,-2036.603,2025-05-13 03:50:00
2025-05-13 03:55:00,-1984.613,2025-05-13 03:55:00
2025-05-13 04:00:00,-1984.613,2025-05-13 04:00:00
2025-05-13 04:05:00,-2156.633,2025-05-13 04:05:00
2025-05-13 04:10:00,-2044.633,2025-05-13 04:10:00
2025-05-13 04:15:00,-2116.653,2025-05-13 04:15:00
2025-05-13 04:20:00,-2056.613,2025-05-13 04:20:00
2025-05-13 04:25:00,-2060.603,2025-05-13 04:25:00
2025-05-13 04:30:00,-2076.573,2025-05-13 04:30:00
2025-05-13 04:35:00,-2060.623,2025-05-13 04:35:00
2025-05-13 04:40:00,-2024.623,2025-05-13 04:40:00
2025-05-13 04:45:00,-2160.633,2025-05-13 04:45:00
2025-05-13 04:50:00,-2088.623,2025-05-13 04:50:00
2025-05-13 04:55:00,-2136.593,2025-05-13 04:55:00
2025-05-13 05:00:00,-2088.623,2025-05-13 05:00:00
2025-05-13 05:05:00,-2056.593,2025-05-13 05:05:00
2025-05-13 05:10:00,-2036.613,2025-05-13 05:10:00
2025-05-13 05:15:00,-2040.623,2025-05-13 05:15:00
2025-05-13 05:20:00,-2060.643,2025-05-13 05:20:00
2025-05-13 05:25:00,-2144.623,2025-05-13 05:25:00
2025-05-13 05:30:00,-2192.603,2025-05-13 05:30:00
2025-05-13 05:35:00,-2288.593,2025-05-13 05:35:00
2025-05-13 05:40:00,-2196.603,2025-05-13 05:40:00
2025-05-13 05:45:00,-2128.633,2025-05-13 05:45:00
2025-05-13 05:50:00,-2100.603,2025-05-13 05:50:00
2025-05-13 05:55:00,-2100.633,2025-05-13 05:55:00
2025-05-13 06:00:00,-1440.706,2025-05-13 06:00:00
2025-05-13 06:05:00,-1440.706,2025-05-13 06:05:00
2025-05-13 06:10:00,-1440.694,2025-05-13 06:10:00
2025-05-13 06:15:00,-1440.684,2025-05-13 06:15:00
2025-05-13 06:20:00,-1440.695,2025-05-13 06:20:00
2025-05-13 06:25:00,-1440.696,2025-05-13 06:25:00
2025-05-13 06:30:00,-1440.689,2025-05-13 06:30:00
2025-05-13 06:35:00,-1440.687,2025-05-13 06:35:00
2025-05-13 06:40:00,-1440.681,2025-05-13 06:40:00
2025-05-13 06:45:00,-1440.675,2025-05-13 06:45:00
2025-05-13 06:50:00,-1440.682,2025-05-13 06:50:00
2025-05-13 06:55:00,-1440.664,2025-05-13 06:55:00
2025-05-13 07:00:00,-1440.67,2025-05-13 07:00:00
2025-05-13 07:05:00,-1440.669,2025-05-13 07:05:00
2025-05-13 07:10:00,-1440.65,2025-05-13 07:10:00
2025-05-13 07:15:00,-1440.641,2025-05-13 07:15:00
2025-05-13 07:20:00,-1440.639,2025-05-13 07:20:00
2025-05-13 07:25:00,-1440.652,2025-05-13 07:25:00
2025-05-13 07:30:00,-1440.642,2025-05-13 07:30:00
2025-05-13 07:35:00,-1440.639,2025-05-13 07:35:00
2025-05-13 07:40:00,-1440.622,2025-05-13 07:40:00
2025-05-13 07:45:00,-1440.617,2025-05-13 07:45:00
2025-05-13 07:50:00,-1440.604,2025-05-13 07:50:00
2025-05-13 07:55:00,-1440.573,2025-05-13 07:55:00
2025-05-13 08:00:00,9000.0,2025-05-13 08:00:00
2025-05-13 08:05:00,9000.0,2025-05-13 08:05:00
2025-05-13 08:10:00,9000.0,2025-05-13 08:10:00
2025-05-13 08:15:00,9000.0,2025-05-13 08:15:00
2025-05-13 08:20:00,9000.0,2025-05-13 08:20:00
2025-05-13 08:25:00,9000.0,2025-05-13 08:25:00
2025-05-13 08:30:00,9000.0,2025-05-13 08:30:00
2025-05-13 08:35:00,9000.0,2025-05-13 08:35:00
2025-05-13 08:40:00,9000.0,2025-05-13 08:40:00
2025-05-13 08:45:00,9000.0,2025-05-13 08:45:00
2025-05-13 08:50:00,9000.0,2025-05-13 08:50:00
2025-05-13 08:55:00,9000.0,2025-05-13 08:55:00
2025-05-13 09:00:00,9000.0,2025-05-13 09:00:00
2025-05-13 09:05:00,9000.0,2025-05-13 09:05:00
2025-05-13 09:10:00,9000.0,2025-05-13 09:10:00
2025-05-13 09:15:00,9000.0,2025-05-13 09:15:00
2025-05-13 09:20:00,9000.0,2025-05-13 09:20:00
2025-05-13 09:25:00,9000.0,2025-05-13 09:25:00
2025-05-13 09:30:00,9000.0,2025-05-13 09:30:00
2025-05-13 09:35:00,9000.0,2025-05-13 09:35:00
2025-05-13 09:40:00,9000.0,2025-05-13 09:40:00
2025-05-13 09:45:00,8999.999,2025-05-13 09:45:00
2025-05-13 09:50:00,1044.001,2025-05-13 09:50:00
2025-05-13 09:55:00,0.0,2025-05-13 09:55:00
2025-05-13 10:00:00,0.0,2025-05-13 10:00:00
2025-05-13 10:05:00,0.0,2025-05-13 10:05:00
2025-05-13 10:10:00,0.0,2025-05-13 10:10:00
2025-05-13 10:15:00,0.0,2025-05-13 10:15:00
2025-05-13 10:20:00,0.0,2025-05-13 10:20:00
2025-05-13 10:25:00,0.0,2025-05-13 10:25:00
2025-05-13 10:30:00,0.0,2025-05-13 10:30:00
2025-05-13 10:35:00,0.0,2025-05-13 10:35:00
2025-05-13 10:40:00,0.0,2025-05-13 10:40:00
2025-05-13 10:45:00,0.0,2025-05-13 10:45:00
2025-05-13 10:50:00,0.0,2025-05-13 10:50:00
2025-05-13 10:55:00,0.0,2025-05-13 10:55:00
2025-05-13 11:00:00,-1888.643,2025-05-13 11:00:00
2025-05-13 11:05:00,-2124.633,2025-05-13 11:05:00
2025-05-13 11:10:00,-1852.653,2025-05-13 11:10:00
2025-05-13 11:15:00,-1784.623,2025-05-13 11:15:00
2025-05-13 11:20:00,-1880.633,2025-05-13 11:20:00
2025-05-13 11:25:00,-1832.633,2025-05-13 11:25:00
2025-05-13 11:30:00,-1800.653,2025-05-13 11:30:00
2025-05-13 11:35:00,-2136.633,2025-05-13 11:35:00
2025-05-13 11:40:00,-2168.633,2025-05-13 11:40:00
2025-05-13 11:45:00,-2236.623,2025-05-13 11:45:00
2025-05-13 11:50:00,-2108.643,2025-05-13 11:50:00
2025-05-13 11:55:00,-1796.633,2025-05-13 11:55:00
2025-05-13 12:00:00,-1848.593,2025-05-13 12:00:00
2025-05-13 12:05:00,-1808.623,2025-05-13 12:05:00
2025-05-13 12:10:00,-1816.633,2025-05-13 12:10:00
2025-05-13 12:15:00,-1832.583,2025-05-13 12:15:00
2025-05-13 12:20:00,-1820.613,2025-05-13 12:20:00
2025-05-13 12:25:00,-1812.633,2025-05-13 12:25:00
2025-05-13 12:30:00,-1804.603,2025-05-13 12:30:00
2025-05-13 12:35:00,-1784.613,2025-05-13 12:35:00
2025-05-13 12:40:00,-1804.623,2025-05-13 12:40:00
2025-05-13 12:45:00,-1880.663,2025-05-13 12:45:00
2025-05-13 12:50:00,-1852.643,2025-05-13 12:50:00
2025-05-13 12:55:00,-1776.633,2025-05-13 12:55:00
2025-05-13 13:00:00,-1736.603,2025-05-13 13:00:00
2025-05-13 13:05:00,-1784.643,2025-05-13 13:05:00
2025-05-13 13:10:00,-1828.643,2025-05-13 13:10:00
2025-05-13 13:15:00,-1900.633,2025-05-13 13:15:00
2025-05-13 13:20:00,-1796.603,2025-05-13 13:20:00
2025-05-13 13:25:00,-1736.643,2025-05-13 13:25:00
2025-05-13 13:30:00,-1908.613,2025-05-13 13:30:00
2025-05-13 13:35:00,-1916.613,2025-05-13 13:35:00
2025-05-13 13:40:00,-1824.653,2025-05-13 13:40:00
2025-05-13 13:45:00,-1836.623,2025-05-13 13:45:00
2025-05-13 13:50:00,-1756.633,2025-05-13 13:50:00
2025-05-13 13:55:00,-1828.643,2025-05-13 13:55:00
2025-05-13 14:00:00,-1840.643,2025-05-13 14:00:00
2025-05-13 14:05:00,-1852.613,2025-05-13 14:05:00
2025-05-13 14:10:00,-1788.623,2025-05-13 14:10:00
2025-05-13 14:15:00,-1728.633,2025-05-13 14:15:00
2025-05-13 14:20:00,-1756.623,2025-05-13 14:20:00
2025-05-13 14:25:00,-1724.603,2025-05-13 14:25:00
2025-05-13 14:30:00,-1860.643,2025-05-13 14:30:00
2025-05-13 14:35:00,-1752.653,2025-05-13 14:35:00
2025-05-13 14:40:00,-1908.643,2025-05-13 14:40:00
2025-05-13 14:45:00,-1736.593,2025-05-13 14:45:00
2025-05-13 14:50:00,-1784.633,2025-05-13 14:50:00
2025-05-13 14:55:00,-1732.643,2025-05-13 14:55:00
2025-05-13 15:00:00,-1688.653,2025-05-13 15:00:00
2025-05-13 15:05:00,-2112.623,2025-05-13 15:05:00
2025-05-13 15:10:00,-1988.623,2025-05-13 15:10:00
2025-05-13 15:15:00,-2096.603,2025-05-13 15:15:00
2025-05-13 15:20:00,-2008.623,2025-05-13 15:20:00
2025-05-13 15:25:00,-2064.643,2025-05-13 15:25:00
2025-05-13 15:30:00,-2072.653,2025-05-13 15:30:00
2025-05-13 15:35:00,-2064.633,2025-05-13 15:35:00
2025-05-13 15:40:00,-2304.573,2025-05-13 15:40:00
2025-05-13 15:45:00,-2256.633,2025-05-13 15:45:00
2025-05-13 15:50:00,-2280.623,2025-05-13 15:50:00
2025-05-13 15:55:00,-2160.643,2025-05-13 15:55:00
2025-05-13 16:00:00,-2112.633,2025-05-13 16:00:00
2025-05-13 16:05:00,-2176.603,2025-05-13 16:05:00
2025-05-13 16:10:00,-2228.623,2025-05-13 16:10:00
2025-05-13 16:15:00,-2164.623,2025-05-13 16:15:00
2025-05-13 16:20:00,-2096.613,2025-05-13 16:20:00
2025-05-13 16:25:00,-2136.603,2025-05-13 16:25:00
2025-05-13 16:30:00,-2116.623,2025-05-13 16:30:00
2025-05-13 16:35:00,-2064.623,2025-05-13 16:35:00
2025-05-13 16:40:00,-1736.643,2025-05-13 16:40:00
2025-05-13 16:45:00,-1900.633,2025-05-13 16:45:00
2025-05-13 16:50:00,-1776.653,2025-05-13 16:50:00
2025-05-13 16:55:00,-1756.593,2025-05-13 16:55:00
2025-05-13 17:00:00,-1696.633,2025-05-13 17:00:00
2025-05-13 17:05:00,-1636.653,2025-05-13 17:05:00
2025-05-13 17:10:00,-1740.633,2025-05-13 17:10:00
2025-05-13 17:15:00,-1744.643,2025-05-13 17:15:00
2025-05-13 17:20:00,-1744.643,2025-05-13 17:20:00
2025-05-13 17:25:00,-1664.623,2025-05-13 17:25:00
2025-05-13 17:30:00,-1708.593,2025-05-13 17:30:00
2025-05-13 17:35:00,-1804.623,2025-05-13 17:35:00
2025-05-13 17:40:00,-1780.573,2025-05-13 17:40:00
2025-05-13 17:45:00,-1660.633,2025-05-13 17:45:00
2025-05-13 17:50:00,-1724.623,2025-05-13 17:50:00
2025-05-13 17:55:00,-1784.633,2025-05-13 17:55:00
2025-05-13 18:00:00,9000.0,2025-05-13 18:00:00
2025-05-13 18:05:00,9000.0,2025-05-13 18:05:00
2025-05-13 18:10:00,9000.0,2025-05-13 18:10:00
2025-05-13 18:15:00,9000.0,2025-05-13 18:15:00
2025-05-13 18:20:00,9000.0,2025-05-13 18:20:00
2025-05-13 18:25:00,9000.0,2025-05-13 18:25:00
2025-05-13 18:30:00,9000.0,2025-05-13 18:30:00
2025-05-13 18:35:00,9000.0,2025-05-13 18:35:00
2025-05-13 18:40:00,9000.0,2025-05-13 18:40:00
2025-05-13 18:45:00,9000.0,2025-05-13 18:45:00
2025-05-13 18:50:00,9000.0,2025-05-13 18:50:00
2025-05-13 18:55:00,9000.0,2025-05-13 18:55:00
2025-05-13 19:00:00,9000.0,2025-05-13 19:00:00
2025-05-13 19:05:00,9000.0,2025-05-13 19:05:00
2025-05-13 19:10:00,9000.0,2025-05-13 19:10:00
2025-05-13 19:15:00,3823.274,2025-05-13 19:15:00
2025-05-13 19:20:00,0.0,2025-05-13 19:20:00
2025-05-13 19:25:00,0.0,2025-05-13 19:25:00
2025-05-13 19:30:00,0.0,2025-05-13 19:30:00
2025-05-13 19:35:00,0.0,2025-05-13 19:35:00
2025-05-13 19:40:00,0.0,2025-05-13 19:40:00
2025-05-13 19:45:00,0.0,2025-05-13 19:45:00
2025-05-13 19:50:00,0.0,2025-05-13 19:50:00
2025-05-13 19:55:00,0.0,2025-05-13 19:55:00
2025-05-13 20:00:00,0.0,2025-05-13 20:00:00
2025-05-13 20:05:00,0.0,2025-05-13 20:05:00
2025-05-13 20:10:00,0.0,2025-05-13 20:10:00
2025-05-13 20:15:00,0.0,2025-05-13 20:15:00
2025-05-13 20:20:00,0.0,2025-05-13 20:20:00
2025-05-13 20:25:00,0.0,2025-05-13 20:25:00
2025-05-13 20:30:00,0.0,2025-05-13 20:30:00
2025-05-13 20:35:00,0.0,2025-05-13 20:35:00
2025-05-13 20:40:00,0.0,2025-05-13 20:40:00
2025-05-13 20:45:00,0.0,2025-05-13 20:45:00
2025-05-13 20:50:00,0.0,2025-05-13 20:50:00
2025-05-13 20:55:00,0.0,2025-05-13 20:55:00
2025-05-13 21:00:00,0.0,2025-05-13 21:00:00
2025-05-13 21:05:00,0.0,2025-05-13 21:05:00
2025-05-13 21:10:00,0.0,2025-05-13 21:10:00
2025-05-13 21:15:00,0.0,2025-05-13 21:15:00
2025-05-13 21:20:00,0.0,2025-05-13 21:20:00
2025-05-13 21:25:00,0.0,2025-05-13 21:25:00
2025-05-13 21:30:00,0.0,2025-05-13 21:30:00
2025-05-13 21:35:00,0.0,2025-05-13 21:35:00
2025-05-13 21:40:00,0.0,2025-05-13 21:40:00
2025-05-13 21:45:00,0.0,2025-05-13 21:45:00
2025-05-13 21:50:00,0.0,2025-05-13 21:50:00
2025-05-13 21:55:00,0.0,2025-05-13 21:55:00
2025-05-13 22:00:00,-1611.872,2025-05-13 22:00:00
2025-05-13 22:05:00,-1743.812,2025-05-13 22:05:00
2025-05-13 22:10:00,-1779.812,2025-05-13 22:10:00
2025-05-13 22:15:00,-1827.842,2025-05-13 22:15:00
2025-05-13 22:20:00,-1787.842,2025-05-13 22:20:00
2025-05-13 22:25:00,-1891.832,2025-05-13 22:25:00
2025-05-13 22:30:00,-1827.872,2025-05-13 22:30:00
2025-05-13 22:35:00,-1967.852,2025-05-13 22:35:00
2025-05-13 22:40:00,-1959.832,2025-05-13 22:40:00
2025-05-13 22:45:00,-2183.862,2025-05-13 22:45:00
2025-05-13 22:50:00,-2159.872,2025-05-13 22:50:00
2025-05-13 22:55:00,-2135.862,2025-05-13 22:55:00
2025-05-13 23:00:00,-2223.842,2025-05-13 23:00:00
2025-05-13 23:05:00,-1951.872,2025-05-13 23:05:00
2025-05-13 23:10:00,-1959.872,2025-05-13 23:10:00
2025-05-13 23:15:00,-1955.872,2025-05-13 23:15:00
2025-05-13 23:20:00,-1843.852,2025-05-13 23:20:00
2025-05-13 23:25:00,-1811.852,2025-05-13 23:25:00
2025-05-13 23:30:00,-1819.882,2025-05-13 23:30:00
2025-05-13 23:35:00,-1819.852,2025-05-13 23:35:00
2025-05-13 23:40:00,-1863.842,2025-05-13 23:40:00
2025-05-13 23:45:00,-1947.872,2025-05-13 23:45:00
2025-05-13 23:50:00,-1875.882,2025-05-13 23:50:00
2025-05-13 23:55:00,-1855.872,2025-05-13 23:55:00
2025-05-14 00:00:00,-1823.852,2025-05-14 00:00:00
2025-05-14 00:05:00,-1903.852,2025-05-14 00:05:00
2025-05-14 00:10:00,-1963.822,2025-05-14 00:10:00
2025-05-14 00:15:00,-1931.852,2025-05-14 00:15:00
2025-05-14 00:20:00,-1891.862,2025-05-14 00:20:00
2025-05-14 00:25:00,-1855.872,2025-05-14 00:25:00
2025-05-14 00:30:00,-1915.862,2025-05-14 00:30:00
2025-05-14 00:35:00,-1947.832,2025-05-14 00:35:00
2025-05-14 00:40:00,-1919.892,2025-05-14 00:40:00
2025-05-14 00:45:00,-1867.862,2025-05-14 00:45:00
2025-05-14 00:50:00,-1859.852,2025-05-14 00:50:00
2025-05-14 00:55:00,-1815.862,2025-05-14 00:55:00
2025-05-14 01:00:00,-1899.862,2025-05-14 01:00:00
2025-05-14 01:05:00,-1827.832,2025-05-14 01:05:00
2025-05-14 01:10:00,-1831.872,2025-05-14 01:10:00
2025-05-14 01:15:00,-1891.862,2025-05-14 01:15:00
2025-05-14 01:20:00,-2019.842,2025-05-14 01:20:00
2025-05-14 01:25:00,-1823.802,2025-05-14 01:25:00
2025-05-14 01:30:00,-1767.852,2025-05-14 01:30:00
2025-05-14 01:35:00,-1731.862,2025-05-14 01:35:00
2025-05-14 01:40:00,-2047.822,2025-05-14 01:40:00
2025-05-14 01:45:00,-2075.822,2025-05-14 01:45:00
2025-05-14 01:50:00,-1775.862,2025-05-14 01:50:00
2025-05-14 01:55:00,-1735.862,2025-05-14 01:55:00
2025-05-14 02:00:00,-2183.842,2025-05-14 02:00:00
2025-05-14 02:05:00,-1887.832,2025-05-14 02:05:00
2025-05-14 02:10:00,-2107.852,2025-05-14 02:10:00
2025-05-14 02:15:00,-2155.822,2025-05-14 02:15:00
2025-05-14 02:20:00,-2139.802,2025-05-14 02:20:00
2025-05-14 02:25:00,-2107.852,2025-05-14 02:25:00
2025-05-14 02:30:00,-2243.872,2025-05-14 02:30:00
2025-05-14 02:35:00,-2083.872,2025-05-14 02:35:00
2025-05-14 02:40:00,-1907.872,2025-05-14 02:40:00
2025-05-14 02:45:00,-1883.842,2025-05-14 02:45:00
2025-05-14 02:50:00,-1739.842,2025-05-14 02:50:00
2025-05-14 02:55:00,-1859.862,2025-05-14 02:55:00
2025-05-14 03:00:00,-1775.882,2025-05-14 03:00:00
2025-05-14 03:05:00,-1855.872,2025-05-14 03:05:00
2025-05-14 03:10:00,-1903.852,2025-05-14 03:10:00
2025-05-14 03:15:00,-1875.852,2025-05-14 03:15:00
2025-05-14 03:20:00,-1891.872,2025-05-14 03:20:00
2025-05-14 03:25:00,-1903.822,2025-05-14 03:25:00
2025-05-14 03:30:00,-1811.872,2025-05-14 03:30:00
2025-05-14 03:35:00,-1927.862,2025-05-14 03:35:00
2025-05-14 03:40:00,-1959.852,2025-05-14 03:40:00
2025-05-14 03:45:00,-1915.842,2025-05-14 03:45:00
2025-05-14 03:50:00,-2003.852,2025-05-14 03:50:00
2025-05-14 03:55:00,-1899.822,2025-05-14 03:55:00
2025-05-14 04:00:00,-1907.822,2025-05-14 04:00:00
2025-05-14 04:05:00,-2143.882,2025-05-14 04:05:00
2025-05-14 04:10:00,-1971.832,2025-05-14 04:10:00
2025-05-14 04:15:00,-1867.822,2025-05-14 04:15:00
2025-05-14 04:20:00,-1871.842,2025-05-14 04:20:00
2025-05-14 04:25:00,-2163.832,2025-05-14 04:25:00
2025-05-14 04:30:00,-1807.832,2025-05-14 04:30:00
2025-05-14 04:35:00,-1907.862,2025-05-14 04:35:00
2025-05-14 04:40:00,-1951.862,2025-05-14 04:40:00
2025-05-14 04:45:00,-1971.862,2025-05-14 04:45:00
2025-05-14 04:50:00,-1919.872,2025-05-14 04:50:00
2025-05-14 04:55:00,-1923.852,2025-05-14 04:55:00
2025-05-14 05:00:00,-1923.842,2025-05-14 05:00:00
2025-05-14 05:05:00,-1995.862,2025-05-14 05:05:00
2025-05-14 05:10:00,-1923.842,2025-05-14 05:10:00
2025-05-14 05:15:00,-2023.832,2025-05-14 05:15:00
2025-05-14 05:20:00,-2303.832,2025-05-14 05:20:00
2025-05-14 05:25:00,-1971.862,2025-05-14 05:25:00
2025-05-14 05:30:00,-1859.872,2025-05-14 05:30:00
2025-05-14 05:35:00,-2047.862,2025-05-14 05:35:00
2025-05-14 05:40:00,-2267.832,2025-05-14 05:40:00
2025-05-14 05:45:00,-1999.862,2025-05-14 05:45:00
2025-05-14 05:50:00,-1927.862,2025-05-14 05:50:00
2025-05-14 05:55:00,-2067.852,2025-05-14 05:55:00
2025-05-14 06:00:00,-1752.056,2025-05-14 06:00:00
2025-05-14 06:05:00,-1752.057,2025-05-14 06:05:00
2025-05-14 06:10:00,-1752.057,2025-05-14 06:10:00
2025-05-14 06:15:00,-1752.057,2025-05-14 06:15:00
2025-05-14 06:20:00,-1752.057,2025-05-14 06:20:00
2025-05-14 06:25:00,-1752.057,2025-05-14 06:25:00
2025-05-14 06:30:00,-1752.057,2025-05-14 06:30:00
2025-05-14 06:35:00,-1752.057,2025-05-14 06:35:00
2025-05-14 06:40:00,-1752.056,2025-05-14 06:40:00
2025-05-14 06:45:00,-1752.053,2025-05-14 06:45:00
2025-05-14 06:50:00,-1752.057,2025-05-14 06:50:00
2025-05-14 06:55:00,-1752.056,2025-05-14 06:55:00
2025-05-14 07:00:00,-1752.056,2025-05-14 07:00:00
2025-05-14 07:05:00,-1752.056,2025-05-14 07:05:00
2025-05-14 07:10:00,-1752.056,2025-05-14 07:10:00
2025-05-14 07:15:00,-1752.056,2025-05-14 07:15:00
2025-05-14 07:20:00,-1752.057,2025-05-14 07:20:00
2025-05-14 07:25:00,-1752.057,2025-05-14 07:25:00
2025-05-14 07:30:00,-1752.056,2025-05-14 07:30:00
2025-05-14 07:35:00,-1752.057,2025-05-14 07:35:00
2025-05-14 07:40:00,-1752.057,2025-05-14 07:40:00
2025-05-14 07:45:00,-1752.057,2025-05-14 07:45:00
2025-05-14 07:50:00,-1752.057,2025-05-14 07:50:00
2025-05-14 07:55:00,-1752.058,2025-05-14 07:55:00
2025-05-14 08:00:00,9000.0,2025-05-14 08:00:00
2025-05-14 08:05:00,9000.0,2025-05-14 08:05:00
2025-05-14 08:10:00,9000.0,2025-05-14 08:10:00
2025-05-14 08:15:00,9000.0,2025-05-14 08:15:00
2025-05-14 08:20:00,9000.0,2025-05-14 08:20:00
2025-05-14 08:25:00,9000.0,2025-05-14 08:25:00
2025-05-14 08:30:00,9000.0,2025-05-14 08:30:00
2025-05-14 08:35:00,9000.0,2025-05-14 08:35:00
2025-05-14 08:40:00,9000.0,2025-05-14 08:40:00
2025-05-14 08:45:00,9000.0,2025-05-14 08:45:00
2025-05-14 08:50:00,9000.0,2025-05-14 08:50:00
2025-05-14 08:55:00,9000.0,2025-05-14 08:55:00
2025-05-14 09:00:00,9000.0,2025-05-14 09:00:00
2025-05-14 09:05:00,9000.0,2025-05-14 09:05:00
2025-05-14 09:10:00,9000.0,2025-05-14 09:10:00
2025-05-14 09:15:00,9000.0,2025-05-14 09:15:00
2025-05-14 09:20:00,9000.0,2025-05-14 09:20:00
2025-05-14 09:25:00,9000.0,2025-05-14 09:25:00
2025-05-14 09:30:00,9000.0,2025-05-14 09:30:00
2025-05-14 09:35:00,9000.0,2025-05-14 09:35:00
2025-05-14 09:40:00,9000.0,2025-05-14 09:40:00
2025-05-14 09:45:00,8999.998,2025-05-14 09:45:00
2025-05-14 09:50:00,1044.002,2025-05-14 09:50:00
2025-05-14 09:55:00,0.0,2025-05-14 09:55:00
2025-05-14 10:00:00,0.0,2025-05-14 10:00:00
2025-05-14 10:05:00,0.0,2025-05-14 10:05:00
2025-05-14 10:10:00,0.0,2025-05-14 10:10:00
2025-05-14 10:15:00,0.0,2025-05-14 10:15:00
2025-05-14 10:20:00,0.0,2025-05-14 10:20:00
2025-05-14 10:25:00,0.0,2025-05-14 10:25:00
2025-05-14 10:30:00,0.0,2025-05-14 10:30:00
2025-05-14 10:35:00,0.0,2025-05-14 10:35:00
2025-05-14 10:40:00,0.0,2025-05-14 10:40:00
2025-05-14 10:45:00,0.0,2025-05-14 10:45:00
2025-05-14 10:50:00,0.0,2025-05-14 10:50:00
2025-05-14 10:55:00,0.0,2025-05-14 10:55:00
2025-05-14 11:00:00,-2007.832,2025-05-14 11:00:00
2025-05-14 11:05:00,-1963.822,2025-05-14 11:05:00
2025-05-14 11:10:00,-1999.852,2025-05-14 11:10:00
2025-05-14 11:15:00,-1947.852,2025-05-14 11:15:00
2025-05-14 11:20:00,-2223.832,2025-05-14 11:20:00
2025-05-14 11:25:00,-1911.842,2025-05-14 11:25:00
2025-05-14 11:30:00,-1867.842,2025-05-14 11:30:00
2025-05-14 11:35:00,-1903.852,2025-05-14 11:35:00
2025-05-14 11:40:00,-2159.842,2025-05-14 11:40:00
2025-05-14 11:45:00,-2231.842,2025-05-14 11:45:00
2025-05-14 11:50:00,-2047.862,2025-05-14 11:50:00
2025-05-14 11:55:00,-1939.862,2025-05-14 11:55:00
2025-05-14 12:00:00,-1939.832,2025-05-14 12:00:00
2025-05-14 12:05:00,-2195.862,2025-05-14 12:05:00
2025-05-14 12:10:00,-1943.852,2025-05-14 12:10:00
2025-05-14 12:15:00,-1955.852,2025-05-14 12:15:00
2025-05-14 12:20:00,-1899.852,2025-05-14 12:20:00
2025-05-14 12:25:00,-2039.862,2025-05-14 12:25:00
2025-05-14 12:30:00,-2023.852,2025-05-14 12:30:00
2025-05-14 12:35:00,-1935.872,2025-05-14 12:35:00
2025-05-14 12:40:00,-1963.862,2025-05-14 12:40:00
2025-05-14 12:45:00,-1951.852,2025-05-14 12:45:00
2025-05-14 12:50:00,-1939.852,2025-05-14 12:50:00
2025-05-14 12:55:00,-1951.862,2025-05-14 12:55:00
2025-05-14 13:00:00,-2003.862,2025-05-14 13:00:00
2025-05-14 13:05:00,-1911.862,2025-05-14 13:05:00
2025-05-14 13:10:00,-1911.832,2025-05-14 13:10:00
2025-05-14 13:15:00,-1907.862,2025-05-14 13:15:00
2025-05-14 13:20:00,-1931.832,2025-05-14 13:20:00
2025-05-14 13:25:00,-2223.802,2025-05-14 13:25:00
2025-05-14 13:30:00,-1979.842,2025-05-14 13:30:00
2025-05-14 13:35:00,-1903.832,2025-05-14 13:35:00
2025-05-14 13:40:00,-1903.872,2025-05-14 13:40:00
2025-05-14 13:45:00,-1931.862,2025-05-14 13:45:00
2025-05-14 13:50:00,-1947.842,2025-05-14 13:50:00
2025-05-14 13:55:00,-1907.842,2025-05-14 13:55:00
2025-05-14 14:00:00,-1947.832,2025-05-14 14:00:00
2025-05-14 14:05:00,-1799.862,2025-05-14 14:05:00
2025-05-14 14:10:00,-2211.812,2025-05-14 14:10:00
2025-05-14 14:15:00,-1819.852,2025-05-14 14:15:00
2025-05-14 14:20:00,-1887.852,2025-05-14 14:20:00
2025-05-14 14:25:00,-1979.852,2025-05-14 14:25:00
2025-05-14 14:30:00,-2219.852,2025-05-14 14:30:00
2025-05-14 14:35:00,-1979.822,2025-05-14 14:35:00
2025-05-14 14:40:00,-1863.842,2025-05-14 14:40:00
2025-05-14 14:45:00,-1999.822,2025-05-14 14:45:00
2025-05-14 14:50:00,-2111.842,2025-05-14 14:50:00
2025-05-14 14:55:00,-1903.852,2025-05-14 14:55:00
2025-05-14 15:00:00,-1911.852,2025-05-14 15:00:00
2025-05-14 15:05:00,-2135.872,2025-05-14 15:05:00
2025-05-14 15:10:00,-2171.852,2025-05-14 15:10:00
2025-05-14 15:15:00,-1747.842,2025-05-14 15:15:00
2025-05-14 15:20:00,-2119.832,2025-05-14 15:20:00
2025-05-14 15:25:00,-1791.852,2025-05-14 15:25:00
2025-05-14 15:30:00,-2075.872,2025-05-14 15:30:00
2025-05-14 15:35:00,-1843.862,2025-05-14 15:35:00
2025-05-14 15:40:00,-1855.832,2025-05-14 15:40:00
2025-05-14 15:45:00,-1899.822,2025-05-14 15:45:00
2025-05-14 15:50:00,-1891.862,2025-05-14 15:50:00
2025-05-14 15:55:00,-2171.832,2025-05-14 15:55:00
2025-05-14 16:00:00,-2251.852,2025-05-14 16:00:00
2025-05-14 16:05:00,-1927.882,2025-05-14 16:05:00
2025-05-14 16:10:00,-1943.882,2025-05-14 16:10:00
2025-05-14 16:15:00,-1875.852,2025-05-14 16:15:00
2025-05-14 16:20:00,-2195.902,2025-05-14 16:20:00
2025-05-14 16:25:00,-2171.842,2025-05-14 16:25:00
2025-05-14 16:30:00,-2159.852,2025-05-14 16:30:00
2025-05-14 16:35:00,-2179.852,2025-05-14 16:35:00
2025-05-14 16:40:00,-2235.842,2025-05-14 16:40:00
2025-05-14 16:45:00,-2231.862,2025-05-14 16:45:00
2025-05-14 16:50:00,-2171.872,2025-05-14 16:50:00
2025-05-14 16:55:00,-2243.872,2025-05-14 16:55:00
2025-05-14 17:00:00,-2183.872,2025-05-14 17:00:00
2025-05-14 17:05:00,-2255.872,2025-05-14 17:05:00
2025-05-14 17:10:00,-2183.842,2025-05-14 17:10:00
2025-05-14 17:15:00,-1835.852,2025-05-14 17:15:00
2025-05-14 17:20:00,-1775.832,2025-05-14 17:20:00
2025-05-14 17:25:00,-2223.852,2025-05-14 17:25:00
2025-05-14 17:30:00,-2247.852,2025-05-14 17:30:00
2025-05-14 17:35:00,-2195.872,2025-05-14 17:35:00
2025-05-14 17:40:00,-2143.802,2025-05-14 17:40:00
2025-05-14 17:45:00,-1879.842,2025-05-14 17:45:00
2025-05-14 17:50:00,-1955.862,2025-05-14 17:50:00
2025-05-14 17:55:00,-2191.882,2025-05-14 17:55:00
2025-05-14 18:00:00,9000.0,2025-05-14 18:00:00
2025-05-14 18:05:00,9000.0,2025-05-14 18:05:00
2025-05-14 18:10:00,9000.0,2025-05-14 18:10:00
2025-05-14 18:15:00,9000.0,2025-05-14 18:15:00
2025-05-14 18:20:00,9000.0,2025-05-14 18:20:00
2025-05-14 18:25:00,9000.0,2025-05-14 18:25:00
2025-05-14 18:30:00,9000.0,2025-05-14 18:30:00
2025-05-14 18:35:00,9000.0,2025-05-14 18:35:00
2025-05-14 18:40:00,9000.0,2025-05-14 18:40:00
2025-05-14 18:45:00,9000.0,2025-05-14 18:45:00
2025-05-14 18:50:00,9000.0,2025-05-14 18:50:00
2025-05-14 18:55:00,9000.0,2025-05-14 18:55:00
2025-05-14 19:00:00,9000.0,2025-05-14 19:00:00
2025-05-14 19:05:00,9000.0,2025-05-14 19:05:00
2025-05-14 19:10:00,9000.0,2025-05-14 19:10:00
2025-05-14 19:15:00,9000.0,2025-05-14 19:15:00
2025-05-14 19:20:00,4076.076,2025-05-14 19:20:00
2025-05-14 19:25:00,0.0,2025-05-14 19:25:00
2025-05-14 19:30:00,0.0,2025-05-14 19:30:00
2025-05-14 19:35:00,0.0,2025-05-14 19:35:00
2025-05-14 19:40:00,0.0,2025-05-14 19:40:00
2025-05-14 19:45:00,0.0,2025-05-14 19:45:00
2025-05-14 19:50:00,0.0,2025-05-14 19:50:00
2025-05-14 19:55:00,0.0,2025-05-14 19:55:00
2025-05-14 20:00:00,0.0,2025-05-14 20:00:00
2025-05-14 20:05:00,0.0,2025-05-14 20:05:00
2025-05-14 20:10:00,0.0,2025-05-14 20:10:00
2025-05-14 20:15:00,0.0,2025-05-14 20:15:00
2025-05-14 20:20:00,0.0,2025-05-14 20:20:00
2025-05-14 20:25:00,0.0,2025-05-14 20:25:00
2025-05-14 20:30:00,0.0,2025-05-14 20:30:00
2025-05-14 20:35:00,0.0,2025-05-14 20:35:00
2025-05-14 20:40:00,0.0,2025-05-14 20:40:00
2025-05-14 20:45:00,0.0,2025-05-14 20:45:00
2025-05-14 20:50:00,0.0,2025-05-14 20:50:00
2025-05-14 20:55:00,0.0,2025-05-14 20:55:00
2025-05-14 21:00:00,0.0,2025-05-14 21:00:00
2025-05-14 21:05:00,0.0,2025-05-14 21:05:00
2025-05-14 21:10:00,0.0,2025-05-14 21:10:00
2025-05-14 21:15:00,0.0,2025-05-14 21:15:00
2025-05-14 21:20:00,0.0,2025-05-14 21:20:00
2025-05-14 21:25:00,0.0,2025-05-14 21:25:00
2025-05-14 21:30:00,0.0,2025-05-14 21:30:00
2025-05-14 21:35:00,0.0,2025-05-14 21:35:00
2025-05-14 21:40:00,0.0,2025-05-14 21:40:00
2025-05-14 21:45:00,0.0,2025-05-14 21:45:00
2025-05-14 21:50:00,0.0,2025-05-14 21:50:00
2025-05-14 21:55:00,0.0,2025-05-14 21:55:00
2025-05-14 22:00:00,-1817.643,2025-05-14 22:00:00
2025-05-14 22:05:00,-1817.643,2025-05-14 22:05:00
2025-05-14 22:10:00,-1945.663,2025-05-14 22:10:00
2025-05-14 22:15:00,-1801.673,2025-05-14 22:15:00
2025-05-14 22:20:00,-1757.693,2025-05-14 22:20:00
2025-05-14 22:25:00,-1833.673,2025-05-14 22:25:00
2025-05-14 22:30:00,-1937.643,2025-05-14 22:30:00
2025-05-14 22:35:00,-1953.653,2025-05-14 22:35:00
2025-05-14 22:40:00,-1953.663,2025-05-14 22:40:00
2025-05-14 22:45:00,-1885.663,2025-05-14 22:45:00
2025-05-14 22:50:00,-1865.613,2025-05-14 22:50:00
2025-05-14 22:55:00,-1913.673,2025-05-14 22:55:00
2025-05-14 23:00:00,-1917.673,2025-05-14 23:00:00
2025-05-14 23:05:00,-2009.643,2025-05-14 23:05:00
2025-05-14 23:10:00,-1941.683,2025-05-14 23:10:00
2025-05-14 23:15:00,-1977.643,2025-05-14 23:15:00
2025-05-14 23:20:00,-1977.663,2025-05-14 23:20:00
2025-05-14 23:25:00,-1969.663,2025-05-14 23:25:00
2025-05-14 23:30:00,-1977.653,2025-05-14 23:30:00
2025-05-14 23:35:00,-2005.663,2025-05-14 23:35:00
2025-05-14 23:40:00,-1981.673,2025-05-14 23:40:00
2025-05-14 23:45:00,-2053.663,2025-05-14 23:45:00
2025-05-14 23:50:00,-2001.653,2025-05-14 23:50:00
2025-05-14 23:55:00,-2037.703,2025-05-14 23:55:00
2025-05-15 00:00:00,-2009.633,2025-05-15 00:00:00
2025-05-15 00:05:00,-1973.613,2025-05-15 00:05:00
2025-05-15 00:10:00,-2009.653,2025-05-15 00:10:00
2025-05-15 00:15:00,-1953.683,2025-05-15 00:15:00
2025-05-15 00:20:00,-1909.693,2025-05-15 00:20:00
2025-05-15 00:25:00,-1941.643,2025-05-15 00:25:00
2025-05-15 00:30:00,-1977.683,2025-05-15 00:30:00
2025-05-15 00:35:00,-1985.643,2025-05-15 00:35:00
2025-05-15 00:40:00,-1925.673,2025-05-15 00:40:00
2025-05-15 00:45:00,-1997.613,2025-05-15 00:45:00
2025-05-15 00:50:00,-1989.623,2025-05-15 00:50:00
2025-05-15 00:55:00,-1977.653,2025-05-15 00:55:00
2025-05-15 01:00:00,-1933.663,2025-05-15 01:00:00
2025-05-15 01:05:00,-1857.663,2025-05-15 01:05:00
2025-05-15 01:10:00,-1873.623,2025-05-15 01:10:00
2025-05-15 01:15:00,-1909.633,2025-05-15 01:15:00
2025-05-15 01:20:00,-1817.673,2025-05-15 01:20:00
2025-05-15 01:25:00,-1877.643,2025-05-15 01:25:00
2025-05-15 01:30:00,-1861.673,2025-05-15 01:30:00
2025-05-15 01:35:00,-1861.683,2025-05-15 01:35:00
2025-05-15 01:40:00,-1885.673,2025-05-15 01:40:00
2025-05-15 01:45:00,-1869.613,2025-05-15 01:45:00
2025-05-15 01:50:00,-2161.683,2025-05-15 01:50:00
2025-05-15 01:55:00,-1909.673,2025-05-15 01:55:00
2025-05-15 02:00:00,-2077.633,2025-05-15 02:00:00
2025-05-15 02:05:00,-2061.633,2025-05-15 02:05:00
2025-05-15 02:10:00,-1833.683,2025-05-15 02:10:00
2025-05-15 02:15:00,-1865.683,2025-05-15 02:15:00
2025-05-15 02:20:00,-1913.663,2025-05-15 02:20:00
2025-05-15 02:25:00,-1981.633,2025-05-15 02:25:00
2025-05-15 02:30:00,-2261.683,2025-05-15 02:30:00
2025-05-15 02:35:00,-2281.633,2025-05-15 02:35:00
2025-05-15 02:40:00,-2349.673,2025-05-15 02:40:00
2025-05-15 02:45:00,-2013.643,2025-05-15 02:45:00
2025-05-15 02:50:00,-1921.673,2025-05-15 02:50:00
2025-05-15 02:55:00,-1937.653,2025-05-15 02:55:00
2025-05-15 03:00:00,-1965.643,2025-05-15 03:00:00
2025-05-15 03:05:00,-1973.683,2025-05-15 03:05:00
2025-05-15 03:10:00,-2057.633,2025-05-15 03:10:00
2025-05-15 03:15:00,-2017.693,2025-05-15 03:15:00
2025-05-15 03:20:00,-2137.633,2025-05-15 03:20:00
2025-05-15 03:25:00,-2005.613,2025-05-15 03:25:00
2025-05-15 03:30:00,-2065.673,2025-05-15 03:30:00
2025-05-15 03:35:00,-2001.683,2025-05-15 03:35:00
2025-05-15 03:40:00,-2009.653,2025-05-15 03:40:00
2025-05-15 03:45:00,-1913.633,2025-05-15 03:45:00
2025-05-15 03:50:00,-1965.663,2025-05-15 03:50:00
2025-05-15 03:55:00,-1949.653,2025-05-15 03:55:00
2025-05-15 04:00:00,-1977.643,2025-05-15 04:00:00
2025-05-15 04:05:00,-1925.653,2025-05-15 04:05:00
2025-05-15 04:10:00,-1909.643,2025-05-15 04:10:00
2025-05-15 04:15:00,-1973.623,2025-05-15 04:15:00
2025-05-15 04:20:00,-1937.663,2025-05-15 04:20:00
2025-05-15 04:25:00,-1997.673,2025-05-15 04:25:00
2025-05-15 04:30:00,-1989.633,2025-05-15 04:30:00
2025-05-15 04:35:00,-2017.653,2025-05-15 04:35:00
2025-05-15 04:40:00,-1957.633,2025-05-15 04:40:00
2025-05-15 04:45:00,-1965.663,2025-05-15 04:45:00
2025-05-15 04:50:00,-2085.633,2025-05-15 04:50:00
2025-05-15 04:55:00,-2069.693,2025-05-15 04:55:00
2025-05-15 05:00:00,-2033.673,2025-05-15 05:00:00
2025-05-15 05:05:00,-2073.663,2025-05-15 05:05:00
2025-05-15 05:10:00,-2153.663,2025-05-15 05:10:00
2025-05-15 05:15:00,-2101.663,2025-05-15 05:15:00
2025-05-15 05:20:00,-1977.683,2025-05-15 05:20:00
2025-05-15 05:25:00,-2173.683,2025-05-15 05:25:00
2025-05-15 05:30:00,-2081.663,2025-05-15 05:30:00
2025-05-15 05:35:00,-2265.663,2025-05-15 05:35:00
2025-05-15 05:40:00,-2069.673,2025-05-15 05:40:00
2025-05-15 05:45:00,-2097.623,2025-05-15 05:45:00
2025-05-15 05:50:00,-2053.663,2025-05-15 05:50:00
2025-05-15 05:55:00,-2121.673,2025-05-15 05:55:00
2025-05-15 06:00:00,-1556.527,2025-05-15 06:00:00
2025-05-15 06:05:00,-1556.526,2025-05-15 06:05:00
2025-05-15 06:10:00,-1556.525,2025-05-15 06:10:00
2025-05-15 06:15:00,-1556.523,2025-05-15 06:15:00
2025-05-15 06:20:00,-1556.52,2025-05-15 06:20:00
2025-05-15 06:25:00,-1556.518,2025-05-15 06:25:00
2025-05-15 06:30:00,-1556.517,2025-05-15 06:30:00
2025-05-15 06:35:00,-1556.509,2025-05-15 06:35:00
2025-05-15 06:40:00,-1556.503,2025-05-15 06:40:00
2025-05-15 06:45:00,-1556.51,2025-05-15 06:45:00
2025-05-15 06:50:00,-1556.51,2025-05-15 06:50:00
2025-05-15 06:55:00,-1556.498,2025-05-15 06:55:00
2025-05-15 07:00:00,-1556.505,2025-05-15 07:00:00
2025-05-15 07:05:00,-1556.486,2025-05-15 07:05:00
2025-05-15 07:10:00,-1556.496,2025-05-15 07:10:00
2025-05-15 07:15:00,-1556.484,2025-05-15 07:15:00
2025-05-15 07:20:00,-1556.465,2025-05-15 07:20:00
2025-05-15 07:25:00,-1556.492,2025-05-15 07:25:00
2025-05-15 07:30:00,-1556.492,2025-05-15 07:30:00
2025-05-15 07:35:00,-1556.479,2025-05-15 07:35:00
2025-05-15 07:40:00,-1556.49,2025-05-15 07:40:00
2025-05-15 07:45:00,-1556.488,2025-05-15 07:45:00
2025-05-15 07:50:00,-1556.499,2025-05-15 07:50:00
2025-05-15 07:55:00,-1556.48,2025-05-15 07:55:00
2025-05-15 08:00:00,9000.0,2025-05-15 08:00:00
2025-05-15 08:05:00,9000.0,2025-05-15 08:05:00
2025-05-15 08:10:00,9000.0,2025-05-15 08:10:00
2025-05-15 08:15:00,9000.0,2025-05-15 08:15:00
2025-05-15 08:20:00,9000.0,2025-05-15 08:20:00
2025-05-15 08:25:00,9000.0,2025-05-15 08:25:00
2025-05-15 08:30:00,9000.0,2025-05-15 08:30:00
2025-05-15 08:35:00,9000.0,2025-05-15 08:35:00
2025-05-15 08:40:00,9000.0,2025-05-15 08:40:00
2025-05-15 08:45:00,9000.0,2025-05-15 08:45:00
2025-05-15 08:50:00,9000.0,2025-05-15 08:50:00
2025-05-15 08:55:00,9000.0,2025-05-15 08:55:00
2025-05-15 09:00:00,9000.0,2025-05-15 09:00:00
2025-05-15 09:05:00,9000.0,2025-05-15 09:05:00
2025-05-15 09:10:00,9000.0,2025-05-15 09:10:00
2025-05-15 09:15:00,9000.0,2025-05-15 09:15:00
2025-05-15 09:20:00,9000.0,2025-05-15 09:20:00
2025-05-15 09:25:00,9000.0,2025-05-15 09:25:00
2025-05-15 09:30:00,9000.0,2025-05-15 09:30:00
2025-05-15 09:35:00,9000.0,2025-05-15 09:35:00
2025-05-15 09:40:00,9000.0,2025-05-15 09:40:00
2025-05-15 09:45:00,8999.999,2025-05-15 09:45:00
2025-05-15 09:50:00,1044.0,2025-05-15 09:50:00
2025-05-15 09:55:00,0.0,2025-05-15 09:55:00
2025-05-15 10:00:00,0.0,2025-05-15 10:00:00
2025-05-15 10:05:00,0.0,2025-05-15 10:05:00
2025-05-15 10:10:00,0.0,2025-05-15 10:10:00
2025-05-15 10:15:00,0.0,2025-05-15 10:15:00
2025-05-15 10:20:00,0.0,2025-05-15 10:20:00
2025-05-15 10:25:00,0.0,2025-05-15 10:25:00
2025-05-15 10:30:00,0.0,2025-05-15 10:30:00
2025-05-15 10:35:00,0.0,2025-05-15 10:35:00
2025-05-15 10:40:00,0.0,2025-05-15 10:40:00
2025-05-15 10:45:00,0.0,2025-05-15 10:45:00
2025-05-15 10:50:00,0.0,2025-05-15 10:50:00
2025-05-15 10:55:00,0.0,2025-05-15 10:55:00
2025-05-15 11:00:00,-2041.643,2025-05-15 11:00:00
2025-05-15 11:05:00,-1921.673,2025-05-15 11:05:00
2025-05-15 11:10:00,-1937.643,2025-05-15 11:10:00
2025-05-15 11:15:00,-2065.643,2025-05-15 11:15:00
2025-05-15 11:20:00,-2033.683,2025-05-15 11:20:00
2025-05-15 11:25:00,-2057.633,2025-05-15 11:25:00
2025-05-15 11:30:00,-1973.623,2025-05-15 11:30:00
2025-05-15 11:35:00,-2029.653,2025-05-15 11:35:00
2025-05-15 11:40:00,-2109.663,2025-05-15 11:40:00
2025-05-15 11:45:00,-2057.633,2025-05-15 11:45:00
2025-05-15 11:50:00,-2057.693,2025-05-15 11:50:00
2025-05-15 11:55:00,-2089.653,2025-05-15 11:55:00
2025-05-15 12:00:00,-2097.673,2025-05-15 12:00:00
2025-05-15 12:05:00,-2049.653,2025-05-15 12:05:00
2025-05-15 12:10:00,-2133.633,2025-05-15 12:10:00
2025-05-15 12:15:00,-2037.633,2025-05-15 12:15:00
2025-05-15 12:20:00,-2097.693,2025-05-15 12:20:00
2025-05-15 12:25:00,-2133.643,2025-05-15 12:25:00
2025-05-15 12:30:00,-2105.663,2025-05-15 12:30:00
2025-05-15 12:35:00,-2093.663,2025-05-15 12:35:00
2025-05-15 12:40:00,-1989.663,2025-05-15 12:40:00
2025-05-15 12:45:00,-2025.653,2025-05-15 12:45:00
2025-05-15 12:50:00,-2041.653,2025-05-15 12:50:00
2025-05-15 12:55:00,-2017.643,2025-05-15 12:55:00
2025-05-15 13:00:00,-2029.673,2025-05-15 13:00:00
2025-05-15 13:05:00,-1949.673,2025-05-15 13:05:00
2025-05-15 13:10:00,-1921.653,2025-05-15 13:10:00
2025-05-15 13:15:00,-1917.663,2025-05-15 13:15:00
2025-05-15 13:20:00,-2017.663,2025-05-15 13:20:00
2025-05-15 13:25:00,-1989.693,2025-05-15 13:25:00
2025-05-15 13:30:00,-1965.693,2025-05-15 13:30:00
2025-05-15 13:35:00,-2085.633,2025-05-15 13:35:00
2025-05-15 13:40:00,-1905.663,2025-05-15 13:40:00
2025-05-15 13:45:00,-1857.673,2025-05-15 13:45:00
2025-05-15 13:50:00,-1909.713,2025-05-15 13:50:00
2025-05-15 13:55:00,-1985.663,2025-05-15 13:55:00
2025-05-15 14:00:00,-1977.693,2025-05-15 14:00:00
2025-05-15 14:05:00,-1833.643,2025-05-15 14:05:00
2025-05-15 14:10:00,-2125.673,2025-05-15 14:10:00
2025-05-15 14:15:00,-2201.663,2025-05-15 14:15:00
2025-05-15 14:20:00,-2133.633,2025-05-15 14:20:00
2025-05-15 14:25:00,-2201.653,2025-05-15 14:25:00
2025-05-15 14:30:00,-2253.593,2025-05-15 14:30:00
2025-05-15 14:35:00,-2177.663,2025-05-15 14:35:00
2025-05-15 14:40:00,-2229.683,2025-05-15 14:40:00
2025-05-15 14:45:00,-1845.673,2025-05-15 14:45:00
2025-05-15 14:50:00,-1961.663,2025-05-15 14:50:00
2025-05-15 14:55:00,-1881.673,2025-05-15 14:55:00
2025-05-15 15:00:00,-1837.633,2025-05-15 15:00:00
2025-05-15 15:05:00,-1741.643,2025-05-15 15:05:00
2025-05-15 15:10:00,-1793.633,2025-05-15 15:10:00
2025-05-15 15:15:00,-1793.653,2025-05-15 15:15:00
2025-05-15 15:20:00,-1849.683,2025-05-15 15:20:00
2025-05-15 15:25:00,-1949.623,2025-05-15 15:25:00
2025-05-15 15:30:00,-1817.673,2025-05-15 15:30:00
2025-05-15 15:35:00,-1869.653,2025-05-15 15:35:00
2025-05-15 15:40:00,-1757.653,2025-05-15 15:40:00
2025-05-15 15:45:00,-1993.673,2025-05-15 15:45:00
2025-05-15 15:50:00,-1905.643,2025-05-15 15:50:00
2025-05-15 15:55:00,-1941.663,2025-05-15 15:55:00
2025-05-15 16:00:00,-1805.683,2025-05-15 16:00:00
2025-05-15 16:05:00,-1873.693,2025-05-15 16:05:00
2025-05-15 16:10:00,-1829.673,2025-05-15 16:10:00
2025-05-15 16:15:00,-1813.673,2025-05-15 16:15:00
2025-05-15 16:20:00,-1777.673,2025-05-15 16:20:00
2025-05-15 16:25:00,-1949.663,2025-05-15 16:25:00
2025-05-15 16:30:00,-1765.633,2025-05-15 16:30:00
2025-05-15 16:35:00,-1825.653,2025-05-15 16:35:00
2025-05-15 16:40:00,-1773.633,2025-05-15 16:40:00
2025-05-15 16:45:00,-1865.663,2025-05-15 16:45:00
2025-05-15 16:50:00,-2065.643,2025-05-15 16:50:00
2025-05-15 16:55:00,-1769.633,2025-05-15 16:55:00
2025-05-15 17:00:00,-1837.653,2025-05-15 17:00:00
2025-05-15 17:05:00,-1553.673,2025-05-15 17:05:00
2025-05-15 17:10:00,-1701.633,2025-05-15 17:10:00
2025-05-15 17:15:00,-1641.673,2025-05-15 17:15:00
2025-05-15 17:20:00,-1581.653,2025-05-15 17:20:00
2025-05-15 17:25:00,-1737.633,2025-05-15 17:25:00
2025-05-15 17:30:00,-1657.653,2025-05-15 17:30:00
2025-05-15 17:35:00,-1681.653,2025-05-15 17:35:00
2025-05-15 17:40:00,-1909.613,2025-05-15 17:40:00
2025-05-15 17:45:00,-1913.683,2025-05-15 17:45:00
2025-05-15 17:50:00,-1969.663,2025-05-15 17:50:00
2025-05-15 17:55:00,-1809.653,2025-05-15 17:55:00
2025-05-15 18:00:00,9000.0,2025-05-15 18:00:00
2025-05-15 18:05:00,9000.0,2025-05-15 18:05:00
2025-05-15 18:10:00,9000.0,2025-05-15 18:10:00
2025-05-15 18:15:00,9000.0,2025-05-15 18:15:00
2025-05-15 18:20:00,9000.0,2025-05-15 18:20:00
2025-05-15 18:25:00,9000.0,2025-05-15 18:25:00
2025-05-15 18:30:00,9000.0,2025-05-15 18:30:00
2025-05-15 18:35:00,9000.0,2025-05-15 18:35:00
2025-05-15 18:40:00,9000.0,2025-05-15 18:40:00
2025-05-15 18:45:00,9000.0,2025-05-15 18:45:00
2025-05-15 18:50:00,9000.0,2025-05-15 18:50:00
2025-05-15 18:55:00,9000.0,2025-05-15 18:55:00
2025-05-15 19:00:00,9000.0,2025-05-15 19:00:00
2025-05-15 19:05:00,9000.0,2025-05-15 19:05:00
2025-05-15 19:10:00,9000.0,2025-05-15 19:10:00
2025-05-15 19:15:00,7394.9,2025-05-15 19:15:00
2025-05-15 19:20:00,0.0,2025-05-15 19:20:00
2025-05-15 19:25:00,0.0,2025-05-15 19:25:00
2025-05-15 19:30:00,0.0,2025-05-15 19:30:00
2025-05-15 19:35:00,0.0,2025-05-15 19:35:00
2025-05-15 19:40:00,0.0,2025-05-15 19:40:00
2025-05-15 19:45:00,0.0,2025-05-15 19:45:00
2025-05-15 19:50:00,0.0,2025-05-15 19:50:00
2025-05-15 19:55:00,0.0,2025-05-15 19:55:00
2025-05-15 20:00:00,0.0,2025-05-15 20:00:00
2025-05-15 20:05:00,0.0,2025-05-15 20:05:00
2025-05-15 20:10:00,0.0,2025-05-15 20:10:00
2025-05-15 20:15:00,0.0,2025-05-15 20:15:00
2025-05-15 20:20:00,0.0,2025-05-15 20:20:00
2025-05-15 20:25:00,0.0,2025-05-15 20:25:00
2025-05-15 20:30:00,0.0,2025-05-15 20:30:00
2025-05-15 20:35:00,0.0,2025-05-15 20:35:00
2025-05-15 20:40:00,0.0,2025-05-15 20:40:00
2025-05-15 20:45:00,0.0,2025-05-15 20:45:00
2025-05-15 20:50:00,0.0,2025-05-15 20:50:00
2025-05-15 20:55:00,0.0,2025-05-15 20:55:00
2025-05-15 21:00:00,0.0,2025-05-15 21:00:00
2025-05-15 21:05:00,0.0,2025-05-15 21:05:00
2025-05-15 21:10:00,0.0,2025-05-15 21:10:00
2025-05-15 21:15:00,0.0,2025-05-15 21:15:00
2025-05-15 21:20:00,0.0,2025-05-15 21:20:00
2025-05-15 21:25:00,0.0,2025-05-15 21:25:00
2025-05-15 21:30:00,0.0,2025-05-15 21:30:00
2025-05-15 21:35:00,0.0,2025-05-15 21:35:00
2025-05-15 21:40:00,0.0,2025-05-15 21:40:00
2025-05-15 21:45:00,0.0,2025-05-15 21:45:00
2025-05-15 21:50:00,0.0,2025-05-15 21:50:00
2025-05-15 21:55:00,0.0,2025-05-15 21:55:00
2025-05-15 22:00:00,-2011.89,2025-05-15 22:00:00
2025-05-15 22:05:00,-1935.91,2025-05-15 22:05:00
2025-05-15 22:10:00,-2015.9,2025-05-15 22:10:00
2025-05-15 22:15:00,-2011.94,2025-05-15 22:15:00
2025-05-15 22:20:00,-1967.87,2025-05-15 22:20:00
2025-05-15 22:25:00,-1875.86,2025-05-15 22:25:00
2025-05-15 22:30:00,-1867.88,2025-05-15 22:30:00
2025-05-15 22:35:00,-1807.9,2025-05-15 22:35:00
2025-05-15 22:40:00,-1859.92,2025-05-15 22:40:00
2025-05-15 22:45:00,-1815.89,2025-05-15 22:45:00
2025-05-15 22:50:00,-1815.91,2025-05-15 22:50:00
2025-05-15 22:55:00,-1911.9,2025-05-15 22:55:00
2025-05-15 23:00:00,-1947.87,2025-05-15 23:00:00
2025-05-15 23:05:00,-2107.88,2025-05-15 23:05:00
2025-05-15 23:10:00,-1951.89,2025-05-15 23:10:00
2025-05-15 23:15:00,-1959.89,2025-05-15 23:15:00
2025-05-15 23:20:00,-1955.89,2025-05-15 23:20:00
2025-05-15 23:25:00,-2051.91,2025-05-15 23:25:00
2025-05-15 23:30:00,-2075.88,2025-05-15 23:30:00
2025-05-15 23:35:00,-2039.89,2025-05-15 23:35:00
2025-05-15 23:40:00,-2063.88,2025-05-15 23:40:00
2025-05-15 23:45:00,-1979.89,2025-05-15 23:45:00
2025-05-15 23:50:00,-2059.9,2025-05-15 23:50:00
2025-05-15 23:55:00,-1927.94,2025-05-15 23:55:00
2025-05-16 00:00:00,-1931.89,2025-05-16 00:00:00
2025-05-16 00:05:00,-1999.92,2025-05-16 00:05:00
2025-05-16 00:10:00,-2067.91,2025-05-16 00:10:00
2025-05-16 00:15:00,-1899.88,2025-05-16 00:15:00
2025-05-16 00:20:00,-1947.9,2025-05-16 00:20:00
2025-05-16 00:25:00,-1943.88,2025-05-16 00:25:00
2025-05-16 00:30:00,-1931.89,2025-05-16 00:30:00
2025-05-16 00:35:00,-1939.88,2025-05-16 00:35:00
2025-05-16 00:40:00,-2003.91,2025-05-16 00:40:00
2025-05-16 00:45:00,-2015.9,2025-05-16 00:45:00
2025-05-16 00:50:00,-1963.91,2025-05-16 00:50:00
2025-05-16 00:55:00,-1875.91,2025-05-16 00:55:00
2025-05-16 01:00:00,-1983.9,2025-05-16 01:00:00
2025-05-16 01:05:00,-2047.82,2025-05-16 01:05:00
2025-05-16 01:10:00,-1983.89,2025-05-16 01:10:00
2025-05-16 01:15:00,-2039.88,2025-05-16 01:15:00
2025-05-16 01:20:00,-1931.9,2025-05-16 01:20:00
2025-05-16 01:25:00,-2079.87,2025-05-16 01:25:00
2025-05-16 01:30:00,-2115.9,2025-05-16 01:30:00
2025-05-16 01:35:00,-2007.92,2025-05-16 01:35:00
2025-05-16 01:40:00,-1935.88,2025-05-16 01:40:00
2025-05-16 01:45:00,-1867.93,2025-05-16 01:45:00
2025-05-16 01:50:00,-1843.88,2025-05-16 01:50:00
2025-05-16 01:55:00,-1895.86,2025-05-16 01:55:00
2025-05-16 02:00:00,-1747.89,2025-05-16 02:00:00
2025-05-16 02:05:00,-1799.87,2025-05-16 02:05:00
2025-05-16 02:10:00,-1855.89,2025-05-16 02:10:00
2025-05-16 02:15:00,-1719.9,2025-05-16 02:15:00
2025-05-16 02:20:00,-1823.92,2025-05-16 02:20:00
2025-05-16 02:25:00,-1811.89,2025-05-16 02:25:00
2025-05-16 02:30:00,-1867.89,2025-05-16 02:30:00
2025-05-16 02:35:00,-1867.86,2025-05-16 02:35:00
2025-05-16 02:40:00,-1843.9,2025-05-16 02:40:00
2025-05-16 02:45:00,-1847.86,2025-05-16 02:45:00
2025-05-16 02:50:00,-1863.9,2025-05-16 02:50:00
2025-05-16 02:55:00,-1787.9,2025-05-16 02:55:00
2025-05-16 03:00:00,-1931.9,2025-05-16 03:00:00
2025-05-16 03:05:00,-1843.9,2025-05-16 03:05:00
2025-05-16 03:10:00,-1915.9,2025-05-16 03:10:00
2025-05-16 03:15:00,-1783.92,2025-05-16 03:15:00
2025-05-16 03:20:00,-1963.88,2025-05-16 03:20:00
2025-05-16 03:25:00,-1775.89,2025-05-16 03:25:00
2025-05-16 03:30:00,-1743.88,2025-05-16 03:30:00
2025-05-16 03:35:00,-1891.89,2025-05-16 03:35:00
2025-05-16 03:40:00,-1871.91,2025-05-16 03:40:00
2025-05-16 03:45:00,-1819.86,2025-05-16 03:45:00
2025-05-16 03:50:00,-1967.9,2025-05-16 03:50:00
2025-05-16 03:55:00,-1847.87,2025-05-16 03:55:00
2025-05-16 04:00:00,-1827.82,2025-05-16 04:00:00
2025-05-16 04:05:00,-1879.91,2025-05-16 04:05:00
2025-05-16 04:10:00,-1807.9,2025-05-16 04:10:00
2025-05-16 04:15:00,-1955.87,2025-05-16 04:15:00
2025-05-16 04:20:00,-1971.89,2025-05-16 04:20:00
2025-05-16 04:25:00,-1839.92,2025-05-16 04:25:00
2025-05-16 04:30:00,-1847.91,2025-05-16 04:30:00
2025-05-16 04:35:00,-1855.93,2025-05-16 04:35:00
2025-05-16 04:40:00,-1927.93,2025-05-16 04:40:00
2025-05-16 04:45:00,-1923.88,2025-05-16 04:45:00
2025-05-16 04:50:00,-1819.87,2025-05-16 04:50:00
2025-05-16 04:55:00,-1895.92,2025-05-16 04:55:00
2025-05-16 05:00:00,-1955.89,2025-05-16 05:00:00
2025-05-16 05:05:00,-2047.91,2025-05-16 05:05:00
2025-05-16 05:10:00,-1867.92,2025-05-16 05:10:00
2025-05-16 05:15:00,-1799.89,2025-05-16 05:15:00
2025-05-16 05:20:00,-1919.84,2025-05-16 05:20:00
2025-05-16 05:25:00,-1915.89,2025-05-16 05:25:00
2025-05-16 05:30:00,-1791.85,2025-05-16 05:30:00
2025-05-16 05:35:00,-1915.9,2025-05-16 05:35:00
2025-05-16 05:40:00,-1947.88,2025-05-16 05:40:00
2025-05-16 05:45:00,-1759.9,2025-05-16 05:45:00
2025-05-16 05:50:00,-1807.87,2025-05-16 05:50:00
2025-05-16 05:55:00,-1871.91,2025-05-16 05:55:00
2025-05-16 06:00:00,-1791.859,2025-05-16 06:00:00
2025-05-16 06:05:00,-1841.106,2025-05-16 06:05:00
2025-05-16 06:10:00,-1831.662,2025-05-16 06:10:00
2025-05-16 06:15:00,-1841.107,2025-05-16 06:15:00
2025-05-16 06:20:00,-1841.024,2025-05-16 06:20:00
2025-05-16 06:25:00,-1841.256,2025-05-16 06:25:00
2025-05-16 06:30:00,-1819.852,2025-05-16 06:30:00
2025-05-16 06:35:00,-1841.86,2025-05-16 06:35:00
2025-05-16 06:40:00,-1841.025,2025-05-16 06:40:00
2025-05-16 06:45:00,-1840.939,2025-05-16 06:45:00
2025-05-16 06:50:00,-1840.957,2025-05-16 06:50:00
2025-05-16 06:55:00,-1840.969,2025-05-16 06:55:00
2025-05-16 07:00:00,-1841.259,2025-05-16 07:00:00
2025-05-16 07:05:00,-1841.009,2025-05-16 07:05:00
2025-05-16 07:10:00,-1840.968,2025-05-16 07:10:00
2025-05-16 07:15:00,-1840.96,2025-05-16 07:15:00
2025-05-16 07:20:00,-1840.963,2025-05-16 07:20:00
2025-05-16 07:25:00,-1841.043,2025-05-16 07:25:00
2025-05-16 07:30:00,-1840.962,2025-05-16 07:30:00
2025-05-16 07:35:00,-1840.911,2025-05-16 07:35:00
2025-05-16 07:40:00,-1840.962,2025-05-16 07:40:00
2025-05-16 07:45:00,-1840.939,2025-05-16 07:45:00
2025-05-16 07:50:00,-1840.966,2025-05-16 07:50:00
2025-05-16 07:55:00,-1840.951,2025-05-16 07:55:00
2025-05-16 08:00:00,9000.0,2025-05-16 08:00:00
2025-05-16 08:05:00,9000.0,2025-05-16 08:05:00
2025-05-16 08:10:00,9000.0,2025-05-16 08:10:00
2025-05-16 08:15:00,9000.0,2025-05-16 08:15:00
2025-05-16 08:20:00,9000.0,2025-05-16 08:20:00
2025-05-16 08:25:00,9000.0,2025-05-16 08:25:00
2025-05-16 08:30:00,9000.0,2025-05-16 08:30:00
2025-05-16 08:35:00,9000.0,2025-05-16 08:35:00
2025-05-16 08:40:00,9000.0,2025-05-16 08:40:00
2025-05-16 08:45:00,9000.0,2025-05-16 08:45:00
2025-05-16 08:50:00,9000.0,2025-05-16 08:50:00
2025-05-16 08:55:00,9000.0,2025-05-16 08:55:00
2025-05-16 09:00:00,9000.0,2025-05-16 09:00:00
2025-05-16 09:05:00,9000.0,2025-05-16 09:05:00
2025-05-16 09:10:00,9000.0,2025-05-16 09:10:00
2025-05-16 09:15:00,9000.0,2025-05-16 09:15:00
2025-05-16 09:20:00,9000.0,2025-05-16 09:20:00
2025-05-16 09:25:00,9000.0,2025-05-16 09:25:00
2025-05-16 09:30:00,9000.0,2025-05-16 09:30:00
2025-05-16 09:35:00,8999.999,2025-05-16 09:35:00
2025-05-16 09:40:00,8999.999,2025-05-16 09:40:00
2025-05-16 09:45:00,8999.998,2025-05-16 09:45:00
2025-05-16 09:50:00,1043.998,2025-05-16 09:50:00
2025-05-16 09:55:00,0.0,2025-05-16 09:55:00
2025-05-16 10:00:00,0.0,2025-05-16 10:00:00
2025-05-16 10:05:00,0.0,2025-05-16 10:05:00
2025-05-16 10:10:00,0.0,2025-05-16 10:10:00
2025-05-16 10:15:00,0.0,2025-05-16 10:15:00
2025-05-16 10:20:00,0.0,2025-05-16 10:20:00
2025-05-16 10:25:00,0.0,2025-05-16 10:25:00
2025-05-16 10:30:00,0.0,2025-05-16 10:30:00
2025-05-16 10:35:00,0.0,2025-05-16 10:35:00
2025-05-16 10:40:00,0.0,2025-05-16 10:40:00
2025-05-16 10:45:00,0.0,2025-05-16 10:45:00
2025-05-16 10:50:00,0.0,2025-05-16 10:50:00
2025-05-16 10:55:00,0.0,2025-05-16 10:55:00
2025-05-16 11:00:00,-2019.92,2025-05-16 11:00:00
2025-05-16 11:05:00,-1875.9,2025-05-16 11:05:00
2025-05-16 11:10:00,-2015.9,2025-05-16 11:10:00
2025-05-16 11:15:00,-1951.89,2025-05-16 11:15:00
2025-05-16 11:20:00,-2059.85,2025-05-16 11:20:00
2025-05-16 11:25:00,-1867.88,2025-05-16 11:25:00
2025-05-16 11:30:00,-2019.91,2025-05-16 11:30:00
2025-05-16 11:35:00,-1971.89,2025-05-16 11:35:00
2025-05-16 11:40:00,-1939.86,2025-05-16 11:40:00
2025-05-16 11:45:00,-2015.91,2025-05-16 11:45:00
2025-05-16 11:50:00,-2039.88,2025-05-16 11:50:00
2025-05-16 11:55:00,-1843.93,2025-05-16 11:55:00
2025-05-16 12:00:00,-1863.86,2025-05-16 12:00:00
2025-05-16 12:05:00,-1795.87,2025-05-16 12:05:00
2025-05-16 12:10:00,-1731.91,2025-05-16 12:10:00
2025-05-16 12:15:00,-1883.9,2025-05-16 12:15:00
2025-05-16 12:20:00,-1871.9,2025-05-16 12:20:00
2025-05-16 12:25:00,-1995.9,2025-05-16 12:25:00
2025-05-16 12:30:00,-1959.89,2025-05-16 12:30:00
2025-05-16 12:35:00,-2035.91,2025-05-16 12:35:00
2025-05-16 12:40:00,-1935.89,2025-05-16 12:40:00
2025-05-16 12:45:00,-2015.88,2025-05-16 12:45:00
2025-05-16 12:50:00,-1975.9,2025-05-16 12:50:00
2025-05-16 12:55:00,-1963.89,2025-05-16 12:55:00
2025-05-16 13:00:00,-1955.87,2025-05-16 13:00:00
2025-05-16 13:05:00,-2079.87,2025-05-16 13:05:00
2025-05-16 13:10:00,-1923.89,2025-05-16 13:10:00
2025-05-16 13:15:00,-1963.88,2025-05-16 13:15:00
2025-05-16 13:20:00,-2155.89,2025-05-16 13:20:00
2025-05-16 13:25:00,-2111.87,2025-05-16 13:25:00
2025-05-16 13:30:00,-2083.87,2025-05-16 13:30:00
2025-05-16 13:35:00,-2147.9,2025-05-16 13:35:00
2025-05-16 13:40:00,-2231.92,2025-05-16 13:40:00
2025-05-16 13:45:00,-2171.9,2025-05-16 13:45:00
2025-05-16 13:50:00,-2075.9,2025-05-16 13:50:00
2025-05-16 13:55:00,-2103.9,2025-05-16 13:55:00
2025-05-16 14:00:00,-2239.92,2025-05-16 14:00:00
2025-05-16 14:05:00,-2175.9,2025-05-16 14:05:00
2025-05-16 14:10:00,-2307.89,2025-05-16 14:10:00
2025-05-16 14:15:00,-2179.89,2025-05-16 14:15:00
2025-05-16 14:20:00,-2251.92,2025-05-16 14:20:00
2025-05-16 14:25:00,-2191.89,2025-05-16 14:25:00
2025-05-16 14:30:00,-2327.88,2025-05-16 14:30:00
2025-05-16 14:35:00,-2215.89,2025-05-16 14:35:00
2025-05-16 14:40:00,-2259.91,2025-05-16 14:40:00
2025-05-16 14:45:00,-2103.9,2025-05-16 14:45:00
2025-05-16 14:50:00,-2067.85,2025-05-16 14:50:00
2025-05-16 14:55:00,-2003.89,2025-05-16 14:55:00
2025-05-16 15:00:00,-1979.9,2025-05-16 15:00:00
2025-05-16 15:05:00,-2167.89,2025-05-16 15:05:00
2025-05-16 15:10:00,-2099.89,2025-05-16 15:10:00
2025-05-16 15:15:00,-1911.9,2025-05-16 15:15:00
2025-05-16 15:20:00,-1983.92,2025-05-16 15:20:00
2025-05-16 15:25:00,-2011.87,2025-05-16 15:25:00
2025-05-16 15:30:00,-2039.87,2025-05-16 15:30:00
2025-05-16 15:35:00,-2019.9,2025-05-16 15:35:00
2025-05-16 15:40:00,-1955.9,2025-05-16 15:40:00
2025-05-16 15:45:00,-2019.89,2025-05-16 15:45:00
2025-05-16 15:50:00,-2099.87,2025-05-16 15:50:00
2025-05-16 15:55:00,-2127.89,2025-05-16 15:55:00
2025-05-16 16:00:00,-1991.91,2025-05-16 16:00:00
2025-05-16 16:05:00,-1891.88,2025-05-16 16:05:00
2025-05-16 16:10:00,-2015.92,2025-05-16 16:10:00
2025-05-16 16:15:00,-2063.85,2025-05-16 16:15:00
2025-05-16 16:20:00,-2059.91,2025-05-16 16:20:00
2025-05-16 16:25:00,-1979.91,2025-05-16 16:25:00
2025-05-16 16:30:00,-1983.9,2025-05-16 16:30:00
2025-05-16 16:35:00,-1959.91,2025-05-16 16:35:00
2025-05-16 16:40:00,-1979.9,2025-05-16 16:40:00
2025-05-16 16:45:00,-2119.9,2025-05-16 16:45:00
2025-05-16 16:50:00,-2067.87,2025-05-16 16:50:00
2025-05-16 16:55:00,-1979.91,2025-05-16 16:55:00
2025-05-16 17:00:00,-1979.86,2025-05-16 17:00:00
2025-05-16 17:05:00,-1975.9,2025-05-16 17:05:00
2025-05-16 17:10:00,-1971.89,2025-05-16 17:10:00
2025-05-16 17:15:00,-2291.87,2025-05-16 17:15:00
2025-05-16 17:20:00,-1955.89,2025-05-16 17:20:00
2025-05-16 17:25:00,-2083.88,2025-05-16 17:25:00
2025-05-16 17:30:00,-2043.93,2025-05-16 17:30:00
2025-05-16 17:35:00,-2079.92,2025-05-16 17:35:00
2025-05-16 17:40:00,-1915.88,2025-05-16 17:40:00
2025-05-16 17:45:00,-2319.93,2025-05-16 17:45:00
2025-05-16 17:50:00,-2223.88,2025-05-16 17:50:00
2025-05-16 17:55:00,-2239.88,2025-05-16 17:55:00
2025-05-16 18:00:00,9000.0,2025-05-16 18:00:00
2025-05-16 18:05:00,9000.0,2025-05-16 18:05:00
2025-05-16 18:10:00,9000.0,2025-05-16 18:10:00
2025-05-16 18:15:00,9000.0,2025-05-16 18:15:00
2025-05-16 18:20:00,9000.0,2025-05-16 18:20:00
2025-05-16 18:25:00,9000.0,2025-05-16 18:25:00
2025-05-16 18:30:00,9000.0,2025-05-16 18:30:00
2025-05-16 18:35:00,9000.0,2025-05-16 18:35:00
2025-05-16 18:40:00,9000.0,2025-05-16 18:40:00
2025-05-16 18:45:00,9000.0,2025-05-16 18:45:00
2025-05-16 18:50:00,9000.0,2025-05-16 18:50:00
2025-05-16 18:55:00,9000.0,2025-05-16 18:55:00
2025-05-16 19:00:00,9000.0,2025-05-16 19:00:00
2025-05-16 19:05:00,8999.999,2025-05-16 19:05:00
2025-05-16 19:10:00,8999.999,2025-05-16 19:10:00
2025-05-16 19:15:00,8999.998,2025-05-16 19:15:00
2025-05-16 19:20:00,5963.491,2025-05-16 19:20:00
2025-05-16 19:25:00,0.0,2025-05-16 19:25:00
2025-05-16 19:30:00,0.0,2025-05-16 19:30:00
2025-05-16 19:35:00,0.0,2025-05-16 19:35:00
2025-05-16 19:40:00,0.0,2025-05-16 19:40:00
2025-05-16 19:45:00,0.0,2025-05-16 19:45:00
2025-05-16 19:50:00,0.0,2025-05-16 19:50:00
2025-05-16 19:55:00,0.0,2025-05-16 19:55:00
2025-05-16 20:00:00,0.0,2025-05-16 20:00:00
2025-05-16 20:05:00,0.0,2025-05-16 20:05:00
2025-05-16 20:10:00,0.0,2025-05-16 20:10:00
2025-05-16 20:15:00,0.0,2025-05-16 20:15:00
2025-05-16 20:20:00,0.0,2025-05-16 20:20:00
2025-05-16 20:25:00,0.0,2025-05-16 20:25:00
2025-05-16 20:30:00,0.0,2025-05-16 20:30:00
2025-05-16 20:35:00,0.0,2025-05-16 20:35:00
2025-05-16 20:40:00,0.0,2025-05-16 20:40:00
2025-05-16 20:45:00,0.0,2025-05-16 20:45:00
2025-05-16 20:50:00,0.0,2025-05-16 20:50:00
2025-05-16 20:55:00,0.0,2025-05-16 20:55:00
2025-05-16 21:00:00,0.0,2025-05-16 21:00:00
2025-05-16 21:05:00,0.0,2025-05-16 21:05:00
2025-05-16 21:10:00,0.0,2025-05-16 21:10:00
2025-05-16 21:15:00,0.0,2025-05-16 21:15:00
2025-05-16 21:20:00,0.0,2025-05-16 21:20:00
2025-05-16 21:25:00,0.0,2025-05-16 21:25:00
2025-05-16 21:30:00,0.0,2025-05-16 21:30:00
2025-05-16 21:35:00,0.0,2025-05-16 21:35:00
2025-05-16 21:40:00,0.0,2025-05-16 21:40:00
2025-05-16 21:45:00,0.0,2025-05-16 21:45:00
2025-05-16 21:50:00,0.0,2025-05-16 21:50:00
2025-05-16 21:55:00,0.0,2025-05-16 21:55:00
2025-05-16 22:00:00,-1705.472,2025-05-16 22:00:00
2025-05-16 22:05:00,-1725.472,2025-05-16 22:05:00
2025-05-16 22:10:00,-1505.492,2025-05-16 22:10:00
2025-05-16 22:15:00,-1621.472,2025-05-16 22:15:00
2025-05-16 22:20:00,-1593.482,2025-05-16 22:20:00
2025-05-16 22:25:00,-1617.492,2025-05-16 22:25:00
2025-05-16 22:30:00,-1545.452,2025-05-16 22:30:00
2025-05-16 22:35:00,-1653.502,2025-05-16 22:35:00
2025-05-16 22:40:00,-1689.492,2025-05-16 22:40:00
2025-05-16 22:45:00,-1613.512,2025-05-16 22:45:00
2025-05-16 22:50:00,-1685.472,2025-05-16 22:50:00
2025-05-16 22:55:00,-1713.422,2025-05-16 22:55:00
2025-05-16 23:00:00,-1657.492,2025-05-16 23:00:00
2025-05-16 23:05:00,-1801.502,2025-05-16 23:05:00
2025-05-16 23:10:00,-1689.462,2025-05-16 23:10:00
2025-05-16 23:15:00,-1825.482,2025-05-16 23:15:00
2025-05-16 23:20:00,-1821.442,2025-05-16 23:20:00
2025-05-16 23:25:00,-1713.432,2025-05-16 23:25:00
2025-05-16 23:30:00,-1853.452,2025-05-16 23:30:00
2025-05-16 23:35:00,-1689.492,2025-05-16 23:35:00
2025-05-16 23:40:00,-1669.502,2025-05-16 23:40:00
2025-05-16 23:45:00,-1745.472,2025-05-16 23:45:00
2025-05-16 23:50:00,-1689.492,2025-05-16 23:50:00
2025-05-16 23:55:00,-1773.492,2025-05-16 23:55:00
2025-05-17 00:00:00,-1733.492,2025-05-17 00:00:00
2025-05-17 00:05:00,-1645.472,2025-05-17 00:05:00
2025-05-17 00:10:00,-1781.472,2025-05-17 00:10:00
2025-05-17 00:15:00,-1577.492,2025-05-17 00:15:00
2025-05-17 00:20:00,-1701.482,2025-05-17 00:20:00
2025-05-17 00:25:00,-1697.512,2025-05-17 00:25:00
2025-05-17 00:30:00,-1717.462,2025-05-17 00:30:00
2025-05-17 00:35:00,-1709.482,2025-05-17 00:35:00
2025-05-17 00:40:00,-1637.472,2025-05-17 00:40:00
2025-05-17 00:45:00,-1781.492,2025-05-17 00:45:00
2025-05-17 00:50:00,-1709.492,2025-05-17 00:50:00
2025-05-17 00:55:00,-1685.462,2025-05-17 00:55:00
2025-05-17 01:00:00,-1713.492,2025-05-17 01:00:00
2025-05-17 01:05:00,-1713.492,2025-05-17 01:05:00
2025-05-17 01:10:00,-1957.472,2025-05-17 01:10:00
2025-05-17 01:15:00,-1817.492,2025-05-17 01:15:00
2025-05-17 01:20:00,-1593.462,2025-05-17 01:20:00
2025-05-17 01:25:00,-1845.472,2025-05-17 01:25:00
2025-05-17 01:30:00,-1793.472,2025-05-17 01:30:00
2025-05-17 01:35:00,-1881.482,2025-05-17 01:35:00
2025-05-17 01:40:00,-1889.482,2025-05-17 01:40:00
2025-05-17 01:45:00,-1813.492,2025-05-17 01:45:00
2025-05-17 01:50:00,-1757.422,2025-05-17 01:50:00
2025-05-17 01:55:00,-1757.492,2025-05-17 01:55:00
2025-05-17 02:00:00,-1737.462,2025-05-17 02:00:00
2025-05-17 02:05:00,-1829.482,2025-05-17 02:05:00
2025-05-17 02:10:00,-1945.442,2025-05-17 02:10:00
2025-05-17 02:15:00,-1805.512,2025-05-17 02:15:00
2025-05-17 02:20:00,-1885.432,2025-05-17 02:20:00
2025-05-17 02:25:00,-1761.502,2025-05-17 02:25:00
2025-05-17 02:30:00,-1889.502,2025-05-17 02:30:00
2025-05-17 02:35:00,-1869.452,2025-05-17 02:35:00
2025-05-17 02:40:00,-1917.472,2025-05-17 02:40:00
2025-05-17 02:45:00,-1977.492,2025-05-17 02:45:00
2025-05-17 02:50:00,-1881.492,2025-05-17 02:50:00
2025-05-17 02:55:00,-1769.462,2025-05-17 02:55:00
2025-05-17 03:00:00,-1825.512,2025-05-17 03:00:00
2025-05-17 03:05:00,-1773.462,2025-05-17 03:05:00
2025-05-17 03:10:00,-1865.462,2025-05-17 03:10:00
2025-05-17 03:15:00,-1813.502,2025-05-17 03:15:00
2025-05-17 03:20:00,-1905.462,2025-05-17 03:20:00
2025-05-17 03:25:00,-2057.472,2025-05-17 03:25:00
2025-05-17 03:30:00,-2145.462,2025-05-17 03:30:00
2025-05-17 03:35:00,-2049.452,2025-05-17 03:35:00
2025-05-17 03:40:00,-2101.482,2025-05-17 03:40:00
2025-05-17 03:45:00,-2169.492,2025-05-17 03:45:00
2025-05-17 03:50:00,-2089.462,2025-05-17 03:50:00
2025-05-17 03:55:00,-2013.472,2025-05-17 03:55:00
2025-05-17 04:00:00,-1993.482,2025-05-17 04:00:00
2025-05-17 04:05:00,-2165.472,2025-05-17 04:05:00
2025-05-17 04:10:00,-2277.452,2025-05-17 04:10:00
2025-05-17 04:15:00,-2073.452,2025-05-17 04:15:00
2025-05-17 04:20:00,-2189.472,2025-05-17 04:20:00
2025-05-17 04:25:00,-2177.492,2025-05-17 04:25:00
2025-05-17 04:30:00,-2109.482,2025-05-17 04:30:00
2025-05-17 04:35:00,-2149.472,2025-05-17 04:35:00
2025-05-17 04:40:00,-2125.482,2025-05-17 04:40:00
2025-05-17 04:45:00,-2085.482,2025-05-17 04:45:00
2025-05-17 04:50:00,-2121.472,2025-05-17 04:50:00
2025-05-17 04:55:00,-2193.452,2025-05-17 04:55:00
2025-05-17 05:00:00,-2125.492,2025-05-17 05:00:00
2025-05-17 05:05:00,-2081.482,2025-05-17 05:05:00
2025-05-17 05:10:00,-2181.482,2025-05-17 05:10:00
2025-05-17 05:15:00,-2161.482,2025-05-17 05:15:00
2025-05-17 05:20:00,-2045.462,2025-05-17 05:20:00
2025-05-17 05:25:00,-2085.482,2025-05-17 05:25:00
2025-05-17 05:30:00,-2237.462,2025-05-17 05:30:00
2025-05-17 05:35:00,-2173.492,2025-05-17 05:35:00
2025-05-17 05:40:00,-2201.452,2025-05-17 05:40:00
2025-05-17 05:45:00,-2073.502,2025-05-17 05:45:00
2025-05-17 05:50:00,-2157.452,2025-05-17 05:50:00
2025-05-17 05:55:00,-2077.492,2025-05-17 05:55:00
2025-05-17 06:00:00,-1994.933,2025-05-17 06:00:00
2025-05-17 06:05:00,-1994.833,2025-05-17 06:05:00
2025-05-17 06:10:00,-1995.026,2025-05-17 06:10:00
2025-05-17 06:15:00,-1994.869,2025-05-17 06:15:00
2025-05-17 06:20:00,-1996.068,2025-05-17 06:20:00
2025-05-17 06:25:00,-1994.844,2025-05-17 06:25:00
2025-05-17 06:30:00,-1995.037,2025-05-17 06:30:00
2025-05-17 06:35:00,-1995.654,2025-05-17 06:35:00
2025-05-17 06:40:00,-1995.477,2025-05-17 06:40:00
2025-05-17 06:45:00,-1994.876,2025-05-17 06:45:00
2025-05-17 06:50:00,-1994.931,2025-05-17 06:50:00
2025-05-17 06:55:00,-1994.948,2025-05-17 06:55:00
2025-05-17 07:00:00,-1994.977,2025-05-17 07:00:00
2025-05-17 07:05:00,-1995.391,2025-05-17 07:05:00
2025-05-17 07:10:00,-1995.311,2025-05-17 07:10:00
2025-05-17 07:15:00,-1995.457,2025-05-17 07:15:00
2025-05-17 07:20:00,-1995.083,2025-05-17 07:20:00
2025-05-17 07:25:00,-1995.21,2025-05-17 07:25:00
2025-05-17 07:30:00,-1994.926,2025-05-17 07:30:00
2025-05-17 07:35:00,-1995.559,2025-05-17 07:35:00
2025-05-17 07:40:00,-1995.427,2025-05-17 07:40:00
2025-05-17 07:45:00,-1994.954,2025-05-17 07:45:00
2025-05-17 07:50:00,-1995.388,2025-05-17 07:50:00
2025-05-17 07:55:00,-1996.242,2025-05-17 07:55:00
2025-05-17 08:00:00,9000.0,2025-05-17 08:00:00
2025-05-17 08:05:00,9000.0,2025-05-17 08:05:00
2025-05-17 08:10:00,9000.0,2025-05-17 08:10:00
2025-05-17 08:15:00,9000.0,2025-05-17 08:15:00
2025-05-17 08:20:00,9000.0,2025-05-17 08:20:00
2025-05-17 08:25:00,9000.0,2025-05-17 08:25:00
2025-05-17 08:30:00,9000.0,2025-05-17 08:30:00
2025-05-17 08:35:00,9000.0,2025-05-17 08:35:00
2025-05-17 08:40:00,9000.0,2025-05-17 08:40:00
2025-05-17 08:45:00,9000.0,2025-05-17 08:45:00
2025-05-17 08:50:00,9000.0,2025-05-17 08:50:00
2025-05-17 08:55:00,9000.0,2025-05-17 08:55:00
2025-05-17 09:00:00,9000.0,2025-05-17 09:00:00
2025-05-17 09:05:00,9000.0,2025-05-17 09:05:00
2025-05-17 09:10:00,9000.0,2025-05-17 09:10:00
2025-05-17 09:15:00,9000.0,2025-05-17 09:15:00
2025-05-17 09:20:00,9000.0,2025-05-17 09:20:00
2025-05-17 09:25:00,9000.0,2025-05-17 09:25:00
2025-05-17 09:30:00,8999.999,2025-05-17 09:30:00
2025-05-17 09:35:00,8999.999,2025-05-17 09:35:00
2025-05-17 09:40:00,8999.999,2025-05-17 09:40:00
2025-05-17 09:45:00,8999.995,2025-05-17 09:45:00
2025-05-17 09:50:00,1043.999,2025-05-17 09:50:00
2025-05-17 09:55:00,0.0,2025-05-17 09:55:00
2025-05-17 10:00:00,0.0,2025-05-17 10:00:00
2025-05-17 10:05:00,0.0,2025-05-17 10:05:00
2025-05-17 10:10:00,0.0,2025-05-17 10:10:00
2025-05-17 10:15:00,0.0,2025-05-17 10:15:00
2025-05-17 10:20:00,0.0,2025-05-17 10:20:00
2025-05-17 10:25:00,0.0,2025-05-17 10:25:00
2025-05-17 10:30:00,0.0,2025-05-17 10:30:00
2025-05-17 10:35:00,0.0,2025-05-17 10:35:00
2025-05-17 10:40:00,0.0,2025-05-17 10:40:00
2025-05-17 10:45:00,0.0,2025-05-17 10:45:00
2025-05-17 10:50:00,0.0,2025-05-17 10:50:00
2025-05-17 10:55:00,0.0,2025-05-17 10:55:00
2025-05-17 11:00:00,-1881.482,2025-05-17 11:00:00
2025-05-17 11:05:00,-1769.452,2025-05-17 11:05:00
2025-05-17 11:10:00,-1873.472,2025-05-17 11:10:00
2025-05-17 11:15:00,-1829.452,2025-05-17 11:15:00
2025-05-17 11:20:00,-1789.482,2025-05-17 11:20:00
2025-05-17 11:25:00,-1733.472,2025-05-17 11:25:00
2025-05-17 11:30:00,-1781.452,2025-05-17 11:30:00
2025-05-17 11:35:00,-1905.492,2025-05-17 11:35:00
2025-05-17 11:40:00,-1865.412,2025-05-17 11:40:00
2025-05-17 11:45:00,-1745.492,2025-05-17 11:45:00
2025-05-17 11:50:00,-1893.482,2025-05-17 11:50:00
2025-05-17 11:55:00,-1893.432,2025-05-17 11:55:00
2025-05-17 12:00:00,-1753.482,2025-05-17 12:00:00
2025-05-17 12:05:00,-1809.452,2025-05-17 12:05:00
2025-05-17 12:10:00,-1801.492,2025-05-17 12:10:00
2025-05-17 12:15:00,-1689.502,2025-05-17 12:15:00
2025-05-17 12:20:00,-1909.482,2025-05-17 12:20:00
2025-05-17 12:25:00,-1801.452,2025-05-17 12:25:00
2025-05-17 12:30:00,-1809.482,2025-05-17 12:30:00
2025-05-17 12:35:00,-1769.442,2025-05-17 12:35:00
2025-05-17 12:40:00,-1801.462,2025-05-17 12:40:00
2025-05-17 12:45:00,-1801.472,2025-05-17 12:45:00
2025-05-17 12:50:00,-1885.472,2025-05-17 12:50:00
2025-05-17 12:55:00,-1793.492,2025-05-17 12:55:00
2025-05-17 13:00:00,-1825.442,2025-05-17 13:00:00
2025-05-17 13:05:00,-1781.492,2025-05-17 13:05:00
2025-05-17 13:10:00,-1881.482,2025-05-17 13:10:00
2025-05-17 13:15:00,-1829.502,2025-05-17 13:15:00
2025-05-17 13:20:00,-1797.482,2025-05-17 13:20:00
2025-05-17 13:25:00,-1849.462,2025-05-17 13:25:00
2025-05-17 13:30:00,-1705.522,2025-05-17 13:30:00
2025-05-17 13:35:00,-1749.472,2025-05-17 13:35:00
2025-05-17 13:40:00,-1837.492,2025-05-17 13:40:00
2025-05-17 13:45:00,-1861.492,2025-05-17 13:45:00
2025-05-17 13:50:00,-1845.502,2025-05-17 13:50:00
2025-05-17 13:55:00,-1829.482,2025-05-17 13:55:00
2025-05-17 14:00:00,-1677.432,2025-05-17 14:00:00
2025-05-17 14:05:00,-1953.482,2025-05-17 14:05:00
2025-05-17 14:10:00,-1901.472,2025-05-17 14:10:00
2025-05-17 14:15:00,-1893.442,2025-05-17 14:15:00
2025-05-17 14:20:00,-1773.512,2025-05-17 14:20:00
2025-05-17 14:25:00,-1865.472,2025-05-17 14:25:00
2025-05-17 14:30:00,-1801.452,2025-05-17 14:30:00
2025-05-17 14:35:00,-1849.482,2025-05-17 14:35:00
2025-05-17 14:40:00,-1677.462,2025-05-17 14:40:00
2025-05-17 14:45:00,-1761.472,2025-05-17 14:45:00
2025-05-17 14:50:00,-1793.462,2025-05-17 14:50:00
2025-05-17 14:55:00,-1953.492,2025-05-17 14:55:00
2025-05-17 15:00:00,-1789.492,2025-05-17 15:00:00
2025-05-17 15:05:00,-1929.492,2025-05-17 15:05:00
2025-05-17 15:10:00,-1777.482,2025-05-17 15:10:00
2025-05-17 15:15:00,-1885.492,2025-05-17 15:15:00
2025-05-17 15:20:00,-1917.452,2025-05-17 15:20:00
2025-05-17 15:25:00,-1961.482,2025-05-17 15:25:00
2025-05-17 15:30:00,-1993.522,2025-05-17 15:30:00
2025-05-17 15:35:00,-2041.472,2025-05-17 15:35:00
2025-05-17 15:40:00,-2085.512,2025-05-17 15:40:00
2025-05-17 15:45:00,-2033.482,2025-05-17 15:45:00
2025-05-17 15:50:00,-2089.462,2025-05-17 15:50:00
2025-05-17 15:55:00,-1949.462,2025-05-17 15:55:00
2025-05-17 16:00:00,-1989.462,2025-05-17 16:00:00
2025-05-17 16:05:00,-1877.502,2025-05-17 16:05:00
2025-05-17 16:10:00,-2073.472,2025-05-17 16:10:00
2025-05-17 16:15:00,-1969.472,2025-05-17 16:15:00
2025-05-17 16:20:00,-1949.462,2025-05-17 16:20:00
2025-05-17 16:25:00,-1953.482,2025-05-17 16:25:00
2025-05-17 16:30:00,-2045.452,2025-05-17 16:30:00
2025-05-17 16:35:00,-2009.492,2025-05-17 16:35:00
2025-05-17 16:40:00,-1993.472,2025-05-17 16:40:00
2025-05-17 16:45:00,-1857.482,2025-05-17 16:45:00
2025-05-17 16:50:00,-2033.482,2025-05-17 16:50:00
2025-05-17 16:55:00,-1845.482,2025-05-17 16:55:00
2025-05-17 17:00:00,-1921.482,2025-05-17 17:00:00
2025-05-17 17:05:00,-1965.462,2025-05-17 17:05:00
2025-05-17 17:10:00,-2005.452,2025-05-17 17:10:00
2025-05-17 17:15:00,-1845.462,2025-05-17 17:15:00
2025-05-17 17:20:00,-1873.472,2025-05-17 17:20:00
2025-05-17 17:25:00,-1901.432,2025-05-17 17:25:00
2025-05-17 17:30:00,-1853.472,2025-05-17 17:30:00
2025-05-17 17:35:00,-1809.492,2025-05-17 17:35:00
2025-05-17 17:40:00,-1937.502,2025-05-17 17:40:00
2025-05-17 17:45:00,-1953.482,2025-05-17 17:45:00
2025-05-17 17:50:00,-1761.472,2025-05-17 17:50:00
2025-05-17 17:55:00,-1917.452,2025-05-17 17:55:00
2025-05-17 18:00:00,9000.0,2025-05-17 18:00:00
2025-05-17 18:05:00,9000.0,2025-05-17 18:05:00
2025-05-17 18:10:00,9000.0,2025-05-17 18:10:00
2025-05-17 18:15:00,9000.0,2025-05-17 18:15:00
2025-05-17 18:20:00,9000.0,2025-05-17 18:20:00
2025-05-17 18:25:00,9000.0,2025-05-17 18:25:00
2025-05-17 18:30:00,9000.0,2025-05-17 18:30:00
2025-05-17 18:35:00,9000.0,2025-05-17 18:35:00
2025-05-17 18:40:00,9000.0,2025-05-17 18:40:00
2025-05-17 18:45:00,9000.0,2025-05-17 18:45:00
2025-05-17 18:50:00,9000.0,2025-05-17 18:50:00
2025-05-17 18:55:00,8999.999,2025-05-17 18:55:00
2025-05-17 19:00:00,8999.999,2025-05-17 19:00:00
2025-05-17 19:05:00,8999.999,2025-05-17 19:05:00
2025-05-17 19:10:00,8999.997,2025-05-17 19:10:00
2025-05-17 19:15:00,2287.765,2025-05-17 19:15:00
2025-05-17 19:20:00,0.0,2025-05-17 19:20:00
2025-05-17 19:25:00,0.0,2025-05-17 19:25:00
2025-05-17 19:30:00,0.0,2025-05-17 19:30:00
2025-05-17 19:35:00,0.0,2025-05-17 19:35:00
2025-05-17 19:40:00,0.0,2025-05-17 19:40:00
2025-05-17 19:45:00,0.0,2025-05-17 19:45:00
2025-05-17 19:50:00,0.0,2025-05-17 19:50:00
2025-05-17 19:55:00,0.0,2025-05-17 19:55:00
2025-05-17 20:00:00,0.0,2025-05-17 20:00:00
2025-05-17 20:05:00,0.0,2025-05-17 20:05:00
2025-05-17 20:10:00,0.0,2025-05-17 20:10:00
2025-05-17 20:15:00,0.0,2025-05-17 20:15:00
2025-05-17 20:20:00,0.0,2025-05-17 20:20:00
2025-05-17 20:25:00,0.0,2025-05-17 20:25:00
2025-05-17 20:30:00,0.0,2025-05-17 20:30:00
2025-05-17 20:35:00,0.0,2025-05-17 20:35:00
2025-05-17 20:40:00,0.0,2025-05-17 20:40:00
2025-05-17 20:45:00,0.0,2025-05-17 20:45:00
2025-05-17 20:50:00,0.0,2025-05-17 20:50:00
2025-05-17 20:55:00,0.0,2025-05-17 20:55:00
2025-05-17 21:00:00,0.0,2025-05-17 21:00:00
2025-05-17 21:05:00,0.0,2025-05-17 21:05:00
2025-05-17 21:10:00,0.0,2025-05-17 21:10:00
2025-05-17 21:15:00,0.0,2025-05-17 21:15:00
2025-05-17 21:20:00,0.0,2025-05-17 21:20:00
2025-05-17 21:25:00,0.0,2025-05-17 21:25:00
2025-05-17 21:30:00,0.0,2025-05-17 21:30:00
2025-05-17 21:35:00,0.0,2025-05-17 21:35:00
2025-05-17 21:40:00,0.0,2025-05-17 21:40:00
2025-05-17 21:45:00,0.0,2025-05-17 21:45:00
2025-05-17 21:50:00,0.0,2025-05-17 21:50:00
2025-05-17 21:55:00,0.0,2025-05-17 21:55:00
2025-05-17 22:00:00,-1387.133,2025-05-17 22:00:00
2025-05-17 22:05:00,-1651.133,2025-05-17 22:05:00
2025-05-17 22:10:00,-1683.153,2025-05-17 22:10:00
2025-05-17 22:15:00,-1503.133,2025-05-17 22:15:00
2025-05-17 22:20:00,-1547.103,2025-05-17 22:20:00
2025-05-17 22:25:00,-1575.133,2025-05-17 22:25:00
2025-05-17 22:30:00,-1363.123,2025-05-17 22:30:00
2025-05-17 22:35:00,-1439.133,2025-05-17 22:35:00
2025-05-17 22:40:00,-1635.133,2025-05-17 22:40:00
2025-05-17 22:45:00,-1563.133,2025-05-17 22:45:00
2025-05-17 22:50:00,-1619.113,2025-05-17 22:50:00
2025-05-17 22:55:00,-1603.123,2025-05-17 22:55:00
2025-05-17 23:00:00,-1767.133,2025-05-17 23:00:00
2025-05-17 23:05:00,-1695.113,2025-05-17 23:05:00
2025-05-17 23:10:00,-1767.133,2025-05-17 23:10:00
2025-05-17 23:15:00,-1627.153,2025-05-17 23:15:00
2025-05-17 23:20:00,-1691.123,2025-05-17 23:20:00
2025-05-17 23:25:00,-1779.123,2025-05-17 23:25:00
2025-05-17 23:30:00,-1707.113,2025-05-17 23:30:00
2025-05-17 23:35:00,-1839.083,2025-05-17 23:35:00
2025-05-17 23:40:00,-1775.143,2025-05-17 23:40:00
2025-05-17 23:45:00,-1775.113,2025-05-17 23:45:00
2025-05-17 23:50:00,-1947.133,2025-05-17 23:50:00
2025-05-17 23:55:00,-1943.123,2025-05-17 23:55:00
2025-05-18 00:00:00,-1799.133,2025-05-18 00:00:00
2025-05-18 00:05:00,-1891.123,2025-05-18 00:05:00
2025-05-18 00:10:00,-2011.123,2025-05-18 00:10:00
2025-05-18 00:15:00,-1883.133,2025-05-18 00:15:00
2025-05-18 00:20:00,-1931.143,2025-05-18 00:20:00
2025-05-18 00:25:00,-1879.103,2025-05-18 00:25:00
2025-05-18 00:30:00,-1883.133,2025-05-18 00:30:00
2025-05-18 00:35:00,-1859.123,2025-05-18 00:35:00
2025-05-18 00:40:00,-1859.163,2025-05-18 00:40:00
2025-05-18 00:45:00,-1891.143,2025-05-18 00:45:00
2025-05-18 00:50:00,-1875.143,2025-05-18 00:50:00
2025-05-18 00:55:00,-1695.123,2025-05-18 00:55:00
2025-05-18 01:00:00,-1595.093,2025-05-18 01:00:00
2025-05-18 01:05:00,-1759.133,2025-05-18 01:05:00
2025-05-18 01:10:00,-1707.153,2025-05-18 01:10:00
2025-05-18 01:15:00,-1667.133,2025-05-18 01:15:00
2025-05-18 01:20:00,-1767.153,2025-05-18 01:20:00
2025-05-18 01:25:00,-1675.153,2025-05-18 01:25:00
2025-05-18 01:30:00,-1715.113,2025-05-18 01:30:00
2025-05-18 01:35:00,-1635.113,2025-05-18 01:35:00
2025-05-18 01:40:00,-1703.113,2025-05-18 01:40:00
2025-05-18 01:45:00,-1747.133,2025-05-18 01:45:00
2025-05-18 01:50:00,-1683.133,2025-05-18 01:50:00
2025-05-18 01:55:00,-1883.153,2025-05-18 01:55:00
2025-05-18 02:00:00,-1707.123,2025-05-18 02:00:00
2025-05-18 02:05:00,-1811.143,2025-05-18 02:05:00
2025-05-18 02:10:00,-1639.153,2025-05-18 02:10:00
2025-05-18 02:15:00,-1715.103,2025-05-18 02:15:00
2025-05-18 02:20:00,-1763.103,2025-05-18 02:20:00
2025-05-18 02:25:00,-1727.143,2025-05-18 02:25:00
2025-05-18 02:30:00,-1635.143,2025-05-18 02:30:00
2025-05-18 02:35:00,-1699.153,2025-05-18 02:35:00
2025-05-18 02:40:00,-1875.113,2025-05-18 02:40:00
2025-05-18 02:45:00,-1675.103,2025-05-18 02:45:00
2025-05-18 02:50:00,-1751.143,2025-05-18 02:50:00
2025-05-18 02:55:00,-1727.083,2025-05-18 02:55:00
2025-05-18 03:00:00,-1707.163,2025-05-18 03:00:00
2025-05-18 03:05:00,-1795.123,2025-05-18 03:05:00
2025-05-18 03:10:00,-1715.083,2025-05-18 03:10:00
2025-05-18 03:15:00,-1895.123,2025-05-18 03:15:00
2025-05-18 03:20:00,-1743.103,2025-05-18 03:20:00
2025-05-18 03:25:00,-1947.163,2025-05-18 03:25:00
2025-05-18 03:30:00,-1915.133,2025-05-18 03:30:00
2025-05-18 03:35:00,-1723.163,2025-05-18 03:35:00
2025-05-18 03:40:00,-1747.133,2025-05-18 03:40:00
2025-05-18 03:45:00,-1659.143,2025-05-18 03:45:00
2025-05-18 03:50:00,-1839.133,2025-05-18 03:50:00
2025-05-18 03:55:00,-1775.133,2025-05-18 03:55:00
2025-05-18 04:00:00,-1879.093,2025-05-18 04:00:00
2025-05-18 04:05:00,-1823.113,2025-05-18 04:05:00
2025-05-18 04:10:00,-1843.093,2025-05-18 04:10:00
2025-05-18 04:15:00,-1727.063,2025-05-18 04:15:00
2025-05-18 04:20:00,-1855.103,2025-05-18 04:20:00
2025-05-18 04:25:00,-1923.133,2025-05-18 04:25:00
2025-05-18 04:30:00,-1843.123,2025-05-18 04:30:00
2025-05-18 04:35:00,-2107.103,2025-05-18 04:35:00
2025-05-18 04:40:00,-2123.133,2025-05-18 04:40:00
2025-05-18 04:45:00,-1951.163,2025-05-18 04:45:00
2025-05-18 04:50:00,-2071.113,2025-05-18 04:50:00
2025-05-18 04:55:00,-1975.143,2025-05-18 04:55:00
2025-05-18 05:00:00,-2139.103,2025-05-18 05:00:00
2025-05-18 05:05:00,-2163.113,2025-05-18 05:05:00
2025-05-18 05:10:00,-2075.143,2025-05-18 05:10:00
2025-05-18 05:15:00,-1971.123,2025-05-18 05:15:00
2025-05-18 05:20:00,-2167.103,2025-05-18 05:20:00
2025-05-18 05:25:00,-2095.123,2025-05-18 05:25:00
2025-05-18 05:30:00,-2167.143,2025-05-18 05:30:00
2025-05-18 05:35:00,-2151.103,2025-05-18 05:35:00
2025-05-18 05:40:00,-2223.113,2025-05-18 05:40:00
2025-05-18 05:45:00,-2175.133,2025-05-18 05:45:00
2025-05-18 05:50:00,-2135.103,2025-05-18 05:50:00
2025-05-18 05:55:00,-2195.113,2025-05-18 05:55:00
2025-05-18 06:00:00,-2263.143,2025-05-18 06:00:00
2025-05-18 06:05:00,-2099.093,2025-05-18 06:05:00
2025-05-18 06:10:00,-2131.113,2025-05-18 06:10:00
2025-05-18 06:15:00,-2159.133,2025-05-18 06:15:00
2025-05-18 06:20:00,-2203.103,2025-05-18 06:20:00
2025-05-18 06:25:00,-2235.153,2025-05-18 06:25:00
2025-05-18 06:30:00,-2199.153,2025-05-18 06:30:00
2025-05-18 06:35:00,-2271.103,2025-05-18 06:35:00
2025-05-18 06:40:00,-2179.103,2025-05-18 06:40:00
2025-05-18 06:45:00,-2091.133,2025-05-18 06:45:00
2025-05-18 06:50:00,-2211.093,2025-05-18 06:50:00
2025-05-18 06:55:00,-2231.153,2025-05-18 06:55:00
2025-05-18 07:00:00,-2087.133,2025-05-18 07:00:00
2025-05-18 07:05:00,-2047.093,2025-05-18 07:05:00
2025-05-18 07:10:00,-2199.133,2025-05-18 07:10:00
2025-05-18 07:15:00,-2055.133,2025-05-18 07:15:00
2025-05-18 07:20:00,-2235.123,2025-05-18 07:20:00
2025-05-18 07:25:00,-2151.123,2025-05-18 07:25:00
2025-05-18 07:30:00,-2259.133,2025-05-18 07:30:00
2025-05-18 07:35:00,-1947.153,2025-05-18 07:35:00
2025-05-18 07:40:00,-1963.133,2025-05-18 07:40:00
2025-05-18 07:45:00,-2063.153,2025-05-18 07:45:00
2025-05-18 07:50:00,-1999.173,2025-05-18 07:50:00
2025-05-18 07:55:00,-1967.123,2025-05-18 07:55:00
2025-05-18 08:00:00,9000.0,2025-05-18 08:00:00
2025-05-18 08:05:00,9000.0,2025-05-18 08:05:00
2025-05-18 08:10:00,9000.0,2025-05-18 08:10:00
2025-05-18 08:15:00,9000.0,2025-05-18 08:15:00
2025-05-18 08:20:00,9000.0,2025-05-18 08:20:00
2025-05-18 08:25:00,9000.0,2025-05-18 08:25:00
2025-05-18 08:30:00,9000.0,2025-05-18 08:30:00
2025-05-18 08:35:00,9000.0,2025-05-18 08:35:00
2025-05-18 08:40:00,9000.0,2025-05-18 08:40:00
2025-05-18 08:45:00,9000.0,2025-05-18 08:45:00
2025-05-18 08:50:00,9000.0,2025-05-18 08:50:00
2025-05-18 08:55:00,9000.0,2025-05-18 08:55:00
2025-05-18 09:00:00,9000.0,2025-05-18 09:00:00
2025-05-18 09:05:00,9000.0,2025-05-18 09:05:00
2025-05-18 09:10:00,9000.0,2025-05-18 09:10:00
2025-05-18 09:15:00,9000.0,2025-05-18 09:15:00
2025-05-18 09:20:00,9000.0,2025-05-18 09:20:00
2025-05-18 09:25:00,9000.0,2025-05-18 09:25:00
2025-05-18 09:30:00,9000.0,2025-05-18 09:30:00
2025-05-18 09:35:00,9000.0,2025-05-18 09:35:00
2025-05-18 09:40:00,9000.0,2025-05-18 09:40:00
2025-05-18 09:45:00,7729.634,2025-05-18 09:45:00
2025-05-18 09:50:00,0.0,2025-05-18 09:50:00
2025-05-18 09:55:00,0.0,2025-05-18 09:55:00
2025-05-18 10:00:00,0.0,2025-05-18 10:00:00
2025-05-18 10:05:00,0.0,2025-05-18 10:05:00
2025-05-18 10:10:00,0.0,2025-05-18 10:10:00
2025-05-18 10:15:00,0.0,2025-05-18 10:15:00
2025-05-18 10:20:00,0.0,2025-05-18 10:20:00
2025-05-18 10:25:00,0.0,2025-05-18 10:25:00
2025-05-18 10:30:00,0.0,2025-05-18 10:30:00
2025-05-18 10:35:00,0.0,2025-05-18 10:35:00
2025-05-18 10:40:00,0.0,2025-05-18 10:40:00
2025-05-18 10:45:00,0.0,2025-05-18 10:45:00
2025-05-18 10:50:00,0.0,2025-05-18 10:50:00
2025-05-18 10:55:00,0.0,2025-05-18 10:55:00
2025-05-18 11:00:00,-2167.133,2025-05-18 11:00:00
2025-05-18 11:05:00,-2155.113,2025-05-18 11:05:00
2025-05-18 11:10:00,-2175.123,2025-05-18 11:10:00
2025-05-18 11:15:00,-2203.133,2025-05-18 11:15:00
2025-05-18 11:20:00,-2147.103,2025-05-18 11:20:00
2025-05-18 11:25:00,-2243.123,2025-05-18 11:25:00
2025-05-18 11:30:00,-2367.123,2025-05-18 11:30:00
2025-05-18 11:35:00,-2331.163,2025-05-18 11:35:00
2025-05-18 11:40:00,-2199.123,2025-05-18 11:40:00
2025-05-18 11:45:00,-2119.153,2025-05-18 11:45:00
2025-05-18 11:50:00,-2231.113,2025-05-18 11:50:00
2025-05-18 11:55:00,-2127.133,2025-05-18 11:55:00
2025-05-18 12:00:00,-2135.093,2025-05-18 12:00:00
2025-05-18 12:05:00,-2235.153,2025-05-18 12:05:00
2025-05-18 12:10:00,-2227.153,2025-05-18 12:10:00
2025-05-18 12:15:00,-2175.133,2025-05-18 12:15:00
2025-05-18 12:20:00,-2067.153,2025-05-18 12:20:00
2025-05-18 12:25:00,-2195.133,2025-05-18 12:25:00
2025-05-18 12:30:00,-2347.103,2025-05-18 12:30:00
2025-05-18 12:35:00,-2123.153,2025-05-18 12:35:00
2025-05-18 12:40:00,-2307.123,2025-05-18 12:40:00
2025-05-18 12:45:00,-2371.143,2025-05-18 12:45:00
2025-05-18 12:50:00,-2371.113,2025-05-18 12:50:00
2025-05-18 12:55:00,-2367.103,2025-05-18 12:55:00
2025-05-18 13:00:00,-2471.093,2025-05-18 13:00:00
2025-05-18 13:05:00,-2655.103,2025-05-18 13:05:00
2025-05-18 13:10:00,-2379.123,2025-05-18 13:10:00
2025-05-18 13:15:00,-2367.133,2025-05-18 13:15:00
2025-05-18 13:20:00,-2283.123,2025-05-18 13:20:00
2025-05-18 13:25:00,-2335.133,2025-05-18 13:25:00
2025-05-18 13:30:00,-2235.143,2025-05-18 13:30:00
2025-05-18 13:35:00,-2151.143,2025-05-18 13:35:00
2025-05-18 13:40:00,-2235.143,2025-05-18 13:40:00
2025-05-18 13:45:00,-2159.143,2025-05-18 13:45:00
2025-05-18 13:50:00,-2255.143,2025-05-18 13:50:00
2025-05-18 13:55:00,-2035.093,2025-05-18 13:55:00
2025-05-18 14:00:00,-1967.133,2025-05-18 14:00:00
2025-05-18 14:05:00,-2051.143,2025-05-18 14:05:00
2025-05-18 14:10:00,-1907.143,2025-05-18 14:10:00
2025-05-18 14:15:00,-1959.163,2025-05-18 14:15:00
2025-05-18 14:20:00,-1743.133,2025-05-18 14:20:00
2025-05-18 14:25:00,-1727.143,2025-05-18 14:25:00
2025-05-18 14:30:00,-1919.073,2025-05-18 14:30:00
2025-05-18 14:35:00,-1847.123,2025-05-18 14:35:00
2025-05-18 14:40:00,-1891.133,2025-05-18 14:40:00
2025-05-18 14:45:00,-2047.133,2025-05-18 14:45:00
2025-05-18 14:50:00,-1935.103,2025-05-18 14:50:00
2025-05-18 14:55:00,-1795.123,2025-05-18 14:55:00
2025-05-18 15:00:00,-1791.103,2025-05-18 15:00:00
2025-05-18 15:05:00,-1883.113,2025-05-18 15:05:00
2025-05-18 15:10:00,-1935.113,2025-05-18 15:10:00
2025-05-18 15:15:00,-1855.123,2025-05-18 15:15:00
2025-05-18 15:20:00,-1911.113,2025-05-18 15:20:00
2025-05-18 15:25:00,-1735.153,2025-05-18 15:25:00
2025-05-18 15:30:00,-1779.123,2025-05-18 15:30:00
2025-05-18 15:35:00,-1791.143,2025-05-18 15:35:00
2025-05-18 15:40:00,-1819.143,2025-05-18 15:40:00
2025-05-18 15:45:00,-1843.133,2025-05-18 15:45:00
2025-05-18 15:50:00,-1771.103,2025-05-18 15:50:00
2025-05-18 15:55:00,-1727.163,2025-05-18 15:55:00
2025-05-18 16:00:00,-1599.123,2025-05-18 16:00:00
2025-05-18 16:05:00,-1899.163,2025-05-18 16:05:00
2025-05-18 16:10:00,-1887.163,2025-05-18 16:10:00
2025-05-18 16:15:00,-1759.103,2025-05-18 16:15:00
2025-05-18 16:20:00,-1763.163,2025-05-18 16:20:00
2025-05-18 16:25:00,-1523.163,2025-05-18 16:25:00
2025-05-18 16:30:00,-1675.123,2025-05-18 16:30:00
2025-05-18 16:35:00,-1727.123,2025-05-18 16:35:00
2025-05-18 16:40:00,-1699.103,2025-05-18 16:40:00
2025-05-18 16:45:00,-1735.123,2025-05-18 16:45:00
2025-05-18 16:50:00,-1747.143,2025-05-18 16:50:00
2025-05-18 16:55:00,-1783.103,2025-05-18 16:55:00
2025-05-18 17:00:00,-1667.123,2025-05-18 17:00:00
2025-05-18 17:05:00,-1635.113,2025-05-18 17:05:00
2025-05-18 17:10:00,-1643.133,2025-05-18 17:10:00
2025-05-18 17:15:00,-1671.153,2025-05-18 17:15:00
2025-05-18 17:20:00,-1711.123,2025-05-18 17:20:00
2025-05-18 17:25:00,-1851.143,2025-05-18 17:25:00
2025-05-18 17:30:00,-1747.143,2025-05-18 17:30:00
2025-05-18 17:35:00,-1855.113,2025-05-18 17:35:00
2025-05-18 17:40:00,-1811.093,2025-05-18 17:40:00
2025-05-18 17:45:00,-1659.123,2025-05-18 17:45:00
2025-05-18 17:50:00,-1571.113,2025-05-18 17:50:00
2025-05-18 17:55:00,-1835.113,2025-05-18 17:55:00
2025-05-18 18:00:00,9000.0,2025-05-18 18:00:00
2025-05-18 18:05:00,9000.0,2025-05-18 18:05:00
2025-05-18 18:10:00,9000.0,2025-05-18 18:10:00
2025-05-18 18:15:00,9000.0,2025-05-18 18:15:00
2025-05-18 18:20:00,9000.0,2025-05-18 18:20:00
2025-05-18 18:25:00,9000.0,2025-05-18 18:25:00
2025-05-18 18:30:00,9000.0,2025-05-18 18:30:00
2025-05-18 18:35:00,9000.0,2025-05-18 18:35:00
2025-05-18 18:40:00,9000.0,2025-05-18 18:40:00
2025-05-18 18:45:00,9000.0,2025-05-18 18:45:00
2025-05-18 18:50:00,9000.0,2025-05-18 18:50:00
2025-05-18 18:55:00,9000.0,2025-05-18 18:55:00
2025-05-18 19:00:00,9000.0,2025-05-18 19:00:00
2025-05-18 19:05:00,9000.0,2025-05-18 19:05:00
2025-05-18 19:10:00,9000.0,2025-05-18 19:10:00
2025-05-18 19:15:00,8999.999,2025-05-18 19:15:00
2025-05-18 19:20:00,1988.349,2025-05-18 19:20:00
2025-05-18 19:25:00,0.0,2025-05-18 19:25:00
2025-05-18 19:30:00,0.0,2025-05-18 19:30:00
2025-05-18 19:35:00,0.0,2025-05-18 19:35:00
2025-05-18 19:40:00,0.0,2025-05-18 19:40:00
2025-05-18 19:45:00,0.0,2025-05-18 19:45:00
2025-05-18 19:50:00,0.0,2025-05-18 19:50:00
2025-05-18 19:55:00,0.0,2025-05-18 19:55:00
2025-05-18 20:00:00,0.0,2025-05-18 20:00:00
2025-05-18 20:05:00,0.0,2025-05-18 20:05:00
2025-05-18 20:10:00,0.0,2025-05-18 20:10:00
2025-05-18 20:15:00,0.0,2025-05-18 20:15:00
2025-05-18 20:20:00,0.0,2025-05-18 20:20:00
2025-05-18 20:25:00,0.0,2025-05-18 20:25:00
2025-05-18 20:30:00,0.0,2025-05-18 20:30:00
2025-05-18 20:35:00,0.0,2025-05-18 20:35:00
2025-05-18 20:40:00,0.0,2025-05-18 20:40:00
2025-05-18 20:45:00,0.0,2025-05-18 20:45:00
2025-05-18 20:50:00,0.0,2025-05-18 20:50:00
2025-05-18 20:55:00,0.0,2025-05-18 20:55:00
2025-05-18 21:00:00,0.0,2025-05-18 21:00:00
2025-05-18 21:05:00,0.0,2025-05-18 21:05:00
2025-05-18 21:10:00,0.0,2025-05-18 21:10:00
2025-05-18 21:15:00,0.0,2025-05-18 21:15:00
2025-05-18 21:20:00,0.0,2025-05-18 21:20:00
2025-05-18 21:25:00,0.0,2025-05-18 21:25:00
2025-05-18 21:30:00,0.0,2025-05-18 21:30:00
2025-05-18 21:35:00,0.0,2025-05-18 21:35:00
2025-05-18 21:40:00,0.0,2025-05-18 21:40:00
2025-05-18 21:45:00,0.0,2025-05-18 21:45:00
2025-05-18 21:50:00,0.0,2025-05-18 21:50:00
2025-05-18 21:55:00,0.0,2025-05-18 21:55:00
2025-05-18 22:00:00,-1971.969,2025-05-18 22:00:00
2025-05-18 22:05:00,-1975.949,2025-05-18 22:05:00
2025-05-18 22:10:00,-1895.989,2025-05-18 22:10:00
2025-05-18 22:15:00,-2007.999,2025-05-18 22:15:00
2025-05-18 22:20:00,-2027.959,2025-05-18 22:20:00
2025-05-18 22:25:00,-2059.979,2025-05-18 22:25:00
2025-05-18 22:30:00,-1931.959,2025-05-18 22:30:00
2025-05-18 22:35:00,-1979.989,2025-05-18 22:35:00
2025-05-18 22:40:00,-2039.959,2025-05-18 22:40:00
2025-05-18 22:45:00,-2011.939,2025-05-18 22:45:00
2025-05-18 22:50:00,-2003.989,2025-05-18 22:50:00
2025-05-18 22:55:00,-1963.989,2025-05-18 22:55:00
2025-05-18 23:00:00,-2071.959,2025-05-18 23:00:00
2025-05-18 23:05:00,-1995.989,2025-05-18 23:05:00
2025-05-18 23:10:00,-2043.939,2025-05-18 23:10:00
2025-05-18 23:15:00,-2059.949,2025-05-18 23:15:00
2025-05-18 23:20:00,-1915.979,2025-05-18 23:20:00
2025-05-18 23:25:00,-2003.959,2025-05-18 23:25:00
2025-05-18 23:30:00,-1983.999,2025-05-18 23:30:00
2025-05-18 23:35:00,-1907.969,2025-05-18 23:35:00
2025-05-18 23:40:00,-2079.959,2025-05-18 23:40:00
2025-05-18 23:45:00,-1871.999,2025-05-18 23:45:00
2025-05-18 23:50:00,-2011.989,2025-05-18 23:50:00
2025-05-18 23:55:00,-1979.959,2025-05-18 23:55:00
2025-05-19 00:00:00,-1963.999,2025-05-19 00:00:00
2025-05-19 00:05:00,-2103.969,2025-05-19 00:05:00
2025-05-19 00:10:00,-1999.969,2025-05-19 00:10:00
2025-05-19 00:15:00,-1935.999,2025-05-19 00:15:00
2025-05-19 00:20:00,-1983.999,2025-05-19 00:20:00
2025-05-19 00:25:00,-1879.969,2025-05-19 00:25:00
2025-05-19 00:30:00,-2027.969,2025-05-19 00:30:00
2025-05-19 00:35:00,-1903.969,2025-05-19 00:35:00
2025-05-19 00:40:00,-2151.969,2025-05-19 00:40:00
2025-05-19 00:45:00,-1959.969,2025-05-19 00:45:00
2025-05-19 00:50:00,-1939.999,2025-05-19 00:50:00
2025-05-19 00:55:00,-1943.939,2025-05-19 00:55:00
2025-05-19 01:00:00,-2031.959,2025-05-19 01:00:00
2025-05-19 01:05:00,-1787.929,2025-05-19 01:05:00
2025-05-19 01:10:00,-1879.979,2025-05-19 01:10:00
2025-05-19 01:15:00,-2063.979,2025-05-19 01:15:00
2025-05-19 01:20:00,-1931.979,2025-05-19 01:20:00
2025-05-19 01:25:00,-1855.979,2025-05-19 01:25:00
2025-05-19 01:30:00,-1967.999,2025-05-19 01:30:00
2025-05-19 01:35:00,-1883.979,2025-05-19 01:35:00
2025-05-19 01:40:00,-1923.959,2025-05-19 01:40:00
2025-05-19 01:45:00,-1775.979,2025-05-19 01:45:00
2025-05-19 01:50:00,-1855.959,2025-05-19 01:50:00
2025-05-19 01:55:00,-1895.949,2025-05-19 01:55:00
2025-05-19 02:00:00,-1999.929,2025-05-19 02:00:00
2025-05-19 02:05:00,-1835.989,2025-05-19 02:05:00
2025-05-19 02:10:00,-1843.999,2025-05-19 02:10:00
2025-05-19 02:15:00,-1719.979,2025-05-19 02:15:00
2025-05-19 02:20:00,-2079.979,2025-05-19 02:20:00
2025-05-19 02:25:00,-1971.969,2025-05-19 02:25:00
2025-05-19 02:30:00,-2035.949,2025-05-19 02:30:00
2025-05-19 02:35:00,-1923.959,2025-05-19 02:35:00
2025-05-19 02:40:00,-2031.969,2025-05-19 02:40:00
2025-05-19 02:45:00,-1855.969,2025-05-19 02:45:00
2025-05-19 02:50:00,-2027.979,2025-05-19 02:50:00
2025-05-19 02:55:00,-2035.929,2025-05-19 02:55:00
2025-05-19 03:00:00,-1947.979,2025-05-19 03:00:00
2025-05-19 03:05:00,-1907.979,2025-05-19 03:05:00
2025-05-19 03:10:00,-2123.989,2025-05-19 03:10:00
2025-05-19 03:15:00,-2007.939,2025-05-19 03:15:00
2025-05-19 03:20:00,-1971.949,2025-05-19 03:20:00
2025-05-19 03:25:00,-1979.969,2025-05-19 03:25:00
2025-05-19 03:30:00,-2015.989,2025-05-19 03:30:00
2025-05-19 03:35:00,-1979.979,2025-05-19 03:35:00
2025-05-19 03:40:00,-2195.939,2025-05-19 03:40:00
2025-05-19 03:45:00,-1963.899,2025-05-19 03:45:00
2025-05-19 03:50:00,-2055.999,2025-05-19 03:50:00
2025-05-19 03:55:00,-2063.949,2025-05-19 03:55:00
2025-05-19 04:00:00,-1943.939,2025-05-19 04:00:00
2025-05-19 04:05:00,-2139.969,2025-05-19 04:05:00
2025-05-19 04:10:00,-2135.919,2025-05-19 04:10:00
2025-05-19 04:15:00,-2091.959,2025-05-19 04:15:00
2025-05-19 04:20:00,-2083.959,2025-05-19 04:20:00
2025-05-19 04:25:00,-2127.949,2025-05-19 04:25:00
2025-05-19 04:30:00,-2075.989,2025-05-19 04:30:00
2025-05-19 04:35:00,-2111.959,2025-05-19 04:35:00
2025-05-19 04:40:00,-1931.959,2025-05-19 04:40:00
2025-05-19 04:45:00,-2083.949,2025-05-19 04:45:00
2025-05-19 04:50:00,-2235.959,2025-05-19 04:50:00
2025-05-19 04:55:00,-2047.979,2025-05-19 04:55:00
2025-05-19 05:00:00,-2179.979,2025-05-19 05:00:00
2025-05-19 05:05:00,-2179.969,2025-05-19 05:05:00
2025-05-19 05:10:00,-2059.969,2025-05-19 05:10:00
2025-05-19 05:15:00,-1983.969,2025-05-19 05:15:00
2025-05-19 05:20:00,-2095.969,2025-05-19 05:20:00
2025-05-19 05:25:00,-2131.949,2025-05-19 05:25:00
2025-05-19 05:30:00,-2279.979,2025-05-19 05:30:00
2025-05-19 05:35:00,-2231.949,2025-05-19 05:35:00
2025-05-19 05:40:00,-2019.969,2025-05-19 05:40:00
2025-05-19 05:45:00,-2295.999,2025-05-19 05:45:00
2025-05-19 05:50:00,-2223.959,2025-05-19 05:50:00
2025-05-19 05:55:00,-2039.989,2025-05-19 05:55:00
2025-05-19 06:00:00,-1457.256,2025-05-19 06:00:00
2025-05-19 06:05:00,-1457.257,2025-05-19 06:05:00
2025-05-19 06:10:00,-1457.257,2025-05-19 06:10:00
2025-05-19 06:15:00,-1457.259,2025-05-19 06:15:00
2025-05-19 06:20:00,-1457.258,2025-05-19 06:20:00
2025-05-19 06:25:00,-1457.26,2025-05-19 06:25:00
2025-05-19 06:30:00,-1457.257,2025-05-19 06:30:00
2025-05-19 06:35:00,-1457.257,2025-05-19 06:35:00
2025-05-19 06:40:00,-1457.26,2025-05-19 06:40:00
2025-05-19 06:45:00,-1457.257,2025-05-19 06:45:00
2025-05-19 06:50:00,-1457.26,2025-05-19 06:50:00
2025-05-19 06:55:00,-1457.259,2025-05-19 06:55:00
2025-05-19 07:00:00,-1457.26,2025-05-19 07:00:00
2025-05-19 07:05:00,-1457.256,2025-05-19 07:05:00
2025-05-19 07:10:00,-1457.258,2025-05-19 07:10:00
2025-05-19 07:15:00,-1457.257,2025-05-19 07:15:00
2025-05-19 07:20:00,-1457.26,2025-05-19 07:20:00
2025-05-19 07:25:00,-1457.26,2025-05-19 07:25:00
2025-05-19 07:30:00,-1457.26,2025-05-19 07:30:00
2025-05-19 07:35:00,-1457.258,2025-05-19 07:35:00
2025-05-19 07:40:00,-1457.258,2025-05-19 07:40:00
2025-05-19 07:45:00,-1457.255,2025-05-19 07:45:00
2025-05-19 07:50:00,-1457.254,2025-05-19 07:50:00
2025-05-19 07:55:00,-1457.249,2025-05-19 07:55:00
2025-05-19 08:00:00,9000.0,2025-05-19 08:00:00
2025-05-19 08:05:00,9000.0,2025-05-19 08:05:00
2025-05-19 08:10:00,9000.0,2025-05-19 08:10:00
2025-05-19 08:15:00,9000.0,2025-05-19 08:15:00
2025-05-19 08:20:00,9000.0,2025-05-19 08:20:00
2025-05-19 08:25:00,9000.0,2025-05-19 08:25:00
2025-05-19 08:30:00,9000.0,2025-05-19 08:30:00
2025-05-19 08:35:00,9000.0,2025-05-19 08:35:00
2025-05-19 08:40:00,9000.0,2025-05-19 08:40:00
2025-05-19 08:45:00,9000.0,2025-05-19 08:45:00
2025-05-19 08:50:00,9000.0,2025-05-19 08:50:00
2025-05-19 08:55:00,9000.0,2025-05-19 08:55:00
2025-05-19 09:00:00,9000.0,2025-05-19 09:00:00
2025-05-19 09:05:00,9000.0,2025-05-19 09:05:00
2025-05-19 09:10:00,9000.0,2025-05-19 09:10:00
2025-05-19 09:15:00,9000.0,2025-05-19 09:15:00
2025-05-19 09:20:00,9000.0,2025-05-19 09:20:00
2025-05-19 09:25:00,9000.0,2025-05-19 09:25:00
2025-05-19 09:30:00,9000.0,2025-05-19 09:30:00
2025-05-19 09:35:00,9000.0,2025-05-19 09:35:00
2025-05-19 09:40:00,9000.0,2025-05-19 09:40:00
2025-05-19 09:45:00,8999.998,2025-05-19 09:45:00
2025-05-19 09:50:00,1044.001,2025-05-19 09:50:00
2025-05-19 09:55:00,0.0,2025-05-19 09:55:00
2025-05-19 10:00:00,0.0,2025-05-19 10:00:00
2025-05-19 10:05:00,0.0,2025-05-19 10:05:00
2025-05-19 10:10:00,0.0,2025-05-19 10:10:00
2025-05-19 10:15:00,0.0,2025-05-19 10:15:00
2025-05-19 10:20:00,0.0,2025-05-19 10:20:00
2025-05-19 10:25:00,0.0,2025-05-19 10:25:00
2025-05-19 10:30:00,0.0,2025-05-19 10:30:00
2025-05-19 10:35:00,0.0,2025-05-19 10:35:00
2025-05-19 10:40:00,0.0,2025-05-19 10:40:00
2025-05-19 10:45:00,0.0,2025-05-19 10:45:00
2025-05-19 10:50:00,0.0,2025-05-19 10:50:00
2025-05-19 10:55:00,0.0,2025-05-19 10:55:00
2025-05-19 11:00:00,-1807.989,2025-05-19 11:00:00
2025-05-19 11:05:00,-1719.969,2025-05-19 11:05:00
2025-05-19 11:10:00,-1815.959,2025-05-19 11:10:00
2025-05-19 11:15:00,-1843.969,2025-05-19 11:15:00
2025-05-19 11:20:00,-1971.939,2025-05-19 11:20:00
2025-05-19 11:25:00,-1923.999,2025-05-19 11:25:00
2025-05-19 11:30:00,-1863.949,2025-05-19 11:30:00
2025-05-19 11:35:00,-1855.989,2025-05-19 11:35:00
2025-05-19 11:40:00,-1771.989,2025-05-19 11:40:00
2025-05-19 11:45:00,-1811.999,2025-05-19 11:45:00
2025-05-19 11:50:00,-1655.989,2025-05-19 11:50:00
2025-05-19 11:55:00,-1823.979,2025-05-19 11:55:00
2025-05-19 12:00:00,-1699.959,2025-05-19 12:00:00
2025-05-19 12:05:00,-1707.959,2025-05-19 12:05:00
2025-05-19 12:10:00,-1863.959,2025-05-19 12:10:00
2025-05-19 12:15:00,-1755.989,2025-05-19 12:15:00
2025-05-19 12:20:00,-1879.999,2025-05-19 12:20:00
2025-05-19 12:25:00,-1787.979,2025-05-19 12:25:00
2025-05-19 12:30:00,-1939.979,2025-05-19 12:30:00
2025-05-19 12:35:00,-1883.939,2025-05-19 12:35:00
2025-05-19 12:40:00,-1855.949,2025-05-19 12:40:00
2025-05-19 12:45:00,-1787.969,2025-05-19 12:45:00
2025-05-19 12:50:00,-1927.979,2025-05-19 12:50:00
2025-05-19 12:55:00,-1843.949,2025-05-19 12:55:00
2025-05-19 13:00:00,-1847.929,2025-05-19 13:00:00
2025-05-19 13:05:00,-1943.969,2025-05-19 13:05:00
2025-05-19 13:10:00,-1983.919,2025-05-19 13:10:00
2025-05-19 13:15:00,-2203.989,2025-05-19 13:15:00
2025-05-19 13:20:00,-2083.979,2025-05-19 13:20:00
2025-05-19 13:25:00,-2011.969,2025-05-19 13:25:00
2025-05-19 13:30:00,-1943.989,2025-05-19 13:30:00
2025-05-19 13:35:00,-2031.959,2025-05-19 13:35:00
2025-05-19 13:40:00,-2055.959,2025-05-19 13:40:00
2025-05-19 13:45:00,-1823.959,2025-05-19 13:45:00
2025-05-19 13:50:00,-1823.949,2025-05-19 13:50:00
2025-05-19 13:55:00,-1763.959,2025-05-19 13:55:00
2025-05-19 14:00:00,-1847.999,2025-05-19 14:00:00
2025-05-19 14:05:00,-1719.969,2025-05-19 14:05:00
2025-05-19 14:10:00,-1711.979,2025-05-19 14:10:00
2025-05-19 14:15:00,-1719.949,2025-05-19 14:15:00
2025-05-19 14:20:00,-1811.979,2025-05-19 14:20:00
2025-05-19 14:25:00,-1735.979,2025-05-19 14:25:00
2025-05-19 14:30:00,-1875.949,2025-05-19 14:30:00
2025-05-19 14:35:00,-1779.949,2025-05-19 14:35:00
2025-05-19 14:40:00,-1811.939,2025-05-19 14:40:00
2025-05-19 14:45:00,-1675.979,2025-05-19 14:45:00
2025-05-19 14:50:00,-1939.899,2025-05-19 14:50:00
2025-05-19 14:55:00,-1731.949,2025-05-19 14:55:00
2025-05-19 15:00:00,-1815.949,2025-05-19 15:00:00
2025-05-19 15:05:00,-1699.969,2025-05-19 15:05:00
2025-05-19 15:10:00,-1687.939,2025-05-19 15:10:00
2025-05-19 15:15:00,-1707.969,2025-05-19 15:15:00
2025-05-19 15:20:00,-1743.949,2025-05-19 15:20:00
2025-05-19 15:25:00,-1623.919,2025-05-19 15:25:00
2025-05-19 15:30:00,-1711.959,2025-05-19 15:30:00
2025-05-19 15:35:00,-1747.959,2025-05-19 15:35:00
2025-05-19 15:40:00,-1675.919,2025-05-19 15:40:00
2025-05-19 15:45:00,-1911.979,2025-05-19 15:45:00
2025-05-19 15:50:00,-2019.939,2025-05-19 15:50:00
2025-05-19 15:55:00,-1879.919,2025-05-19 15:55:00
2025-05-19 16:00:00,-2039.969,2025-05-19 16:00:00
2025-05-19 16:05:00,-2015.969,2025-05-19 16:05:00
2025-05-19 16:10:00,-2039.959,2025-05-19 16:10:00
2025-05-19 16:15:00,-1883.989,2025-05-19 16:15:00
2025-05-19 16:20:00,-1879.959,2025-05-19 16:20:00
2025-05-19 16:25:00,-1919.949,2025-05-19 16:25:00
2025-05-19 16:30:00,-1863.939,2025-05-19 16:30:00
2025-05-19 16:35:00,-2043.969,2025-05-19 16:35:00
2025-05-19 16:40:00,-1819.959,2025-05-19 16:40:00
2025-05-19 16:45:00,-1699.949,2025-05-19 16:45:00
2025-05-19 16:50:00,-1671.979,2025-05-19 16:50:00
2025-05-19 16:55:00,-1671.959,2025-05-19 16:55:00
2025-05-19 17:00:00,-1695.969,2025-05-19 17:00:00
2025-05-19 17:05:00,-1880.009,2025-05-19 17:05:00
2025-05-19 17:10:00,-1819.979,2025-05-19 17:10:00
2025-05-19 17:15:00,-1851.929,2025-05-19 17:15:00
2025-05-19 17:20:00,-1883.939,2025-05-19 17:20:00
2025-05-19 17:25:00,-1667.979,2025-05-19 17:25:00
2025-05-19 17:30:00,-1827.959,2025-05-19 17:30:00
2025-05-19 17:35:00,-1755.989,2025-05-19 17:35:00
2025-05-19 17:40:00,-1999.979,2025-05-19 17:40:00
2025-05-19 17:45:00,-1835.949,2025-05-19 17:45:00
2025-05-19 17:50:00,-1863.969,2025-05-19 17:50:00
2025-05-19 17:55:00,-1919.999,2025-05-19 17:55:00
2025-05-19 18:00:00,9000.0,2025-05-19 18:00:00
2025-05-19 18:05:00,9000.0,2025-05-19 18:05:00
2025-05-19 18:10:00,9000.0,2025-05-19 18:10:00
2025-05-19 18:15:00,9000.0,2025-05-19 18:15:00
2025-05-19 18:20:00,9000.0,2025-05-19 18:20:00
2025-05-19 18:25:00,9000.0,2025-05-19 18:25:00
2025-05-19 18:30:00,9000.0,2025-05-19 18:30:00
2025-05-19 18:35:00,9000.0,2025-05-19 18:35:00
2025-05-19 18:40:00,9000.0,2025-05-19 18:40:00
2025-05-19 18:45:00,9000.0,2025-05-19 18:45:00
2025-05-19 18:50:00,9000.0,2025-05-19 18:50:00
2025-05-19 18:55:00,9000.0,2025-05-19 18:55:00
2025-05-19 19:00:00,9000.0,2025-05-19 19:00:00
2025-05-19 19:05:00,9000.0,2025-05-19 19:05:00
2025-05-19 19:10:00,8999.997,2025-05-19 19:10:00
2025-05-19 19:15:00,5.849,2025-05-19 19:15:00
2025-05-19 19:20:00,0.0,2025-05-19 19:20:00
2025-05-19 19:25:00,0.0,2025-05-19 19:25:00
2025-05-19 19:30:00,0.0,2025-05-19 19:30:00
2025-05-19 19:35:00,0.0,2025-05-19 19:35:00
2025-05-19 19:40:00,0.0,2025-05-19 19:40:00
2025-05-19 19:45:00,0.0,2025-05-19 19:45:00
2025-05-19 19:50:00,0.0,2025-05-19 19:50:00
2025-05-19 19:55:00,0.0,2025-05-19 19:55:00
2025-05-19 20:00:00,0.0,2025-05-19 20:00:00
2025-05-19 20:05:00,0.0,2025-05-19 20:05:00
2025-05-19 20:10:00,0.0,2025-05-19 20:10:00
2025-05-19 20:15:00,0.0,2025-05-19 20:15:00
2025-05-19 20:20:00,0.0,2025-05-19 20:20:00
2025-05-19 20:25:00,0.0,2025-05-19 20:25:00
2025-05-19 20:30:00,0.0,2025-05-19 20:30:00
2025-05-19 20:35:00,0.0,2025-05-19 20:35:00
2025-05-19 20:40:00,0.0,2025-05-19 20:40:00
2025-05-19 20:45:00,0.0,2025-05-19 20:45:00
2025-05-19 20:50:00,0.0,2025-05-19 20:50:00
2025-05-19 20:55:00,0.0,2025-05-19 20:55:00
2025-05-19 21:00:00,0.0,2025-05-19 21:00:00
2025-05-19 21:05:00,0.0,2025-05-19 21:05:00
2025-05-19 21:10:00,0.0,2025-05-19 21:10:00
2025-05-19 21:15:00,0.0,2025-05-19 21:15:00
2025-05-19 21:20:00,0.0,2025-05-19 21:20:00
2025-05-19 21:25:00,0.0,2025-05-19 21:25:00
2025-05-19 21:30:00,0.0,2025-05-19 21:30:00
2025-05-19 21:35:00,0.0,2025-05-19 21:35:00
2025-05-19 21:40:00,0.0,2025-05-19 21:40:00
2025-05-19 21:45:00,0.0,2025-05-19 21:45:00
2025-05-19 21:50:00,0.0,2025-05-19 21:50:00
2025-05-19 21:55:00,0.0,2025-05-19 21:55:00
2025-05-19 22:00:00,-1945.705,2025-05-19 22:00:00
2025-05-19 22:05:00,-1965.715,2025-05-19 22:05:00
2025-05-19 22:10:00,-1921.655,2025-05-19 22:10:00
2025-05-19 22:15:00,-2301.755,2025-05-19 22:15:00
2025-05-19 22:20:00,-2529.685,2025-05-19 22:20:00
2025-05-19 22:25:00,-2189.715,2025-05-19 22:25:00
2025-05-19 22:30:00,-1981.705,2025-05-19 22:30:00
2025-05-19 22:35:00,-1993.675,2025-05-19 22:35:00
2025-05-19 22:40:00,-1977.735,2025-05-19 22:40:00
2025-05-19 22:45:00,-2113.725,2025-05-19 22:45:00
2025-05-19 22:50:00,-1873.725,2025-05-19 22:50:00
2025-05-19 22:55:00,-1949.725,2025-05-19 22:55:00
2025-05-19 23:00:00,-1881.725,2025-05-19 23:00:00
2025-05-19 23:05:00,-1825.745,2025-05-19 23:05:00
2025-05-19 23:10:00,-1961.705,2025-05-19 23:10:00
2025-05-19 23:15:00,-1925.725,2025-05-19 23:15:00
2025-05-19 23:20:00,-1621.715,2025-05-19 23:20:00
2025-05-19 23:25:00,-1841.755,2025-05-19 23:25:00
2025-05-19 23:30:00,-1705.705,2025-05-19 23:30:00
2025-05-19 23:35:00,-1597.705,2025-05-19 23:35:00
2025-05-19 23:40:00,-1733.665,2025-05-19 23:40:00
2025-05-19 23:45:00,-1825.685,2025-05-19 23:45:00
2025-05-19 23:50:00,-1897.735,2025-05-19 23:50:00
2025-05-19 23:55:00,-1737.715,2025-05-19 23:55:00
2025-05-20 00:00:00,-1765.715,2025-05-20 00:00:00
2025-05-20 00:05:00,-1753.725,2025-05-20 00:05:00
2025-05-20 00:10:00,-1885.705,2025-05-20 00:10:00
2025-05-20 00:15:00,-1913.695,2025-05-20 00:15:00
2025-05-20 00:20:00,-1749.705,2025-05-20 00:20:00
2025-05-20 00:25:00,-1677.725,2025-05-20 00:25:00
2025-05-20 00:30:00,-1921.735,2025-05-20 00:30:00
2025-05-20 00:35:00,-1733.715,2025-05-20 00:35:00
2025-05-20 00:40:00,-2013.735,2025-05-20 00:40:00
2025-05-20 00:45:00,-1937.725,2025-05-20 00:45:00
2025-05-20 00:50:00,-1901.705,2025-05-20 00:50:00
2025-05-20 00:55:00,-1913.725,2025-05-20 00:55:00
2025-05-20 01:00:00,-2113.755,2025-05-20 01:00:00
2025-05-20 01:05:00,-1937.695,2025-05-20 01:05:00
2025-05-20 01:10:00,-1861.725,2025-05-20 01:10:00
2025-05-20 01:15:00,-1809.715,2025-05-20 01:15:00
2025-05-20 01:20:00,-1913.715,2025-05-20 01:20:00
2025-05-20 01:25:00,-1729.695,2025-05-20 01:25:00
2025-05-20 01:30:00,-1905.675,2025-05-20 01:30:00
2025-05-20 01:35:00,-1841.705,2025-05-20 01:35:00
2025-05-20 01:40:00,-1909.725,2025-05-20 01:40:00
2025-05-20 01:45:00,-1893.705,2025-05-20 01:45:00
2025-05-20 01:50:00,-1885.745,2025-05-20 01:50:00
2025-05-20 01:55:00,-1773.695,2025-05-20 01:55:00
2025-05-20 02:00:00,-1973.715,2025-05-20 02:00:00
2025-05-20 02:05:00,-1977.745,2025-05-20 02:05:00
2025-05-20 02:10:00,-1869.695,2025-05-20 02:10:00
2025-05-20 02:15:00,-1953.725,2025-05-20 02:15:00
2025-05-20 02:20:00,-1881.685,2025-05-20 02:20:00
2025-05-20 02:25:00,-1869.705,2025-05-20 02:25:00
2025-05-20 02:30:00,-1813.725,2025-05-20 02:30:00
2025-05-20 02:35:00,-1921.705,2025-05-20 02:35:00
2025-05-20 02:40:00,-2205.735,2025-05-20 02:40:00
2025-05-20 02:45:00,-1869.735,2025-05-20 02:45:00
2025-05-20 02:50:00,-2081.705,2025-05-20 02:50:00
2025-05-20 02:55:00,-1937.675,2025-05-20 02:55:00
2025-05-20 03:00:00,-1805.675,2025-05-20 03:00:00
2025-05-20 03:05:00,-2045.705,2025-05-20 03:05:00
2025-05-20 03:10:00,-2013.735,2025-05-20 03:10:00
2025-05-20 03:15:00,-1913.735,2025-05-20 03:15:00
2025-05-20 03:20:00,-2061.705,2025-05-20 03:20:00
2025-05-20 03:25:00,-2093.745,2025-05-20 03:25:00
2025-05-20 03:30:00,-1901.745,2025-05-20 03:30:00
2025-05-20 03:35:00,-1993.755,2025-05-20 03:35:00
2025-05-20 03:40:00,-1977.725,2025-05-20 03:40:00
2025-05-20 03:45:00,-1965.725,2025-05-20 03:45:00
2025-05-20 03:50:00,-1981.765,2025-05-20 03:50:00
2025-05-20 03:55:00,-2113.705,2025-05-20 03:55:00
2025-05-20 04:00:00,-2085.725,2025-05-20 04:00:00
2025-05-20 04:05:00,-1901.705,2025-05-20 04:05:00
2025-05-20 04:10:00,-1973.725,2025-05-20 04:10:00
2025-05-20 04:15:00,-2081.735,2025-05-20 04:15:00
2025-05-20 04:20:00,-2173.695,2025-05-20 04:20:00
2025-05-20 04:25:00,-2057.695,2025-05-20 04:25:00
2025-05-20 04:30:00,-2005.705,2025-05-20 04:30:00
2025-05-20 04:35:00,-2033.715,2025-05-20 04:35:00
2025-05-20 04:40:00,-1969.705,2025-05-20 04:40:00
2025-05-20 04:45:00,-2041.745,2025-05-20 04:45:00
2025-05-20 04:50:00,-2013.705,2025-05-20 04:50:00
2025-05-20 04:55:00,-1993.745,2025-05-20 04:55:00
2025-05-20 05:00:00,-1997.695,2025-05-20 05:00:00
2025-05-20 05:05:00,-2025.715,2025-05-20 05:05:00
2025-05-20 05:10:00,-1873.705,2025-05-20 05:10:00
2025-05-20 05:15:00,-2061.745,2025-05-20 05:15:00
2025-05-20 05:20:00,-2101.715,2025-05-20 05:20:00
2025-05-20 05:25:00,-2145.745,2025-05-20 05:25:00
2025-05-20 05:30:00,-1941.705,2025-05-20 05:30:00
2025-05-20 05:35:00,-2101.705,2025-05-20 05:35:00
2025-05-20 05:40:00,-2153.695,2025-05-20 05:40:00
2025-05-20 05:45:00,-2065.715,2025-05-20 05:45:00
2025-05-20 05:50:00,-2213.755,2025-05-20 05:50:00
2025-05-20 05:55:00,-2093.715,2025-05-20 05:55:00
2025-05-20 06:00:00,-1681.594,2025-05-20 06:00:00
2025-05-20 06:05:00,-1681.591,2025-05-20 06:05:00
2025-05-20 06:10:00,-1681.595,2025-05-20 06:10:00
2025-05-20 06:15:00,-1681.591,2025-05-20 06:15:00
2025-05-20 06:20:00,-1681.594,2025-05-20 06:20:00
2025-05-20 06:25:00,-1681.598,2025-05-20 06:25:00
2025-05-20 06:30:00,-1681.597,2025-05-20 06:30:00
2025-05-20 06:35:00,-1681.598,2025-05-20 06:35:00
2025-05-20 06:40:00,-1681.6,2025-05-20 06:40:00
2025-05-20 06:45:00,-1681.598,2025-05-20 06:45:00
2025-05-20 06:50:00,-1681.591,2025-05-20 06:50:00
2025-05-20 06:55:00,-1681.599,2025-05-20 06:55:00
2025-05-20 07:00:00,-1681.598,2025-05-20 07:00:00
2025-05-20 07:05:00,-1681.598,2025-05-20 07:05:00
2025-05-20 07:10:00,-1681.599,2025-05-20 07:10:00
2025-05-20 07:15:00,-1681.598,2025-05-20 07:15:00
2025-05-20 07:20:00,-1681.598,2025-05-20 07:20:00
2025-05-20 07:25:00,-1681.599,2025-05-20 07:25:00
2025-05-20 07:30:00,-1681.605,2025-05-20 07:30:00
2025-05-20 07:35:00,-1681.603,2025-05-20 07:35:00
2025-05-20 07:40:00,-1681.599,2025-05-20 07:40:00
2025-05-20 07:45:00,-1681.601,2025-05-20 07:45:00
2025-05-20 07:50:00,-1681.6,2025-05-20 07:50:00
2025-05-20 07:55:00,-1681.602,2025-05-20 07:55:00
2025-05-20 08:00:00,9000.0,2025-05-20 08:00:00
2025-05-20 08:05:00,9000.0,2025-05-20 08:05:00
2025-05-20 08:10:00,9000.0,2025-05-20 08:10:00
2025-05-20 08:15:00,9000.0,2025-05-20 08:15:00
2025-05-20 08:20:00,9000.0,2025-05-20 08:20:00
2025-05-20 08:25:00,9000.0,2025-05-20 08:25:00
2025-05-20 08:30:00,9000.0,2025-05-20 08:30:00
2025-05-20 08:35:00,9000.0,2025-05-20 08:35:00
2025-05-20 08:40:00,9000.0,2025-05-20 08:40:00
2025-05-20 08:45:00,9000.0,2025-05-20 08:45:00
2025-05-20 08:50:00,9000.0,2025-05-20 08:50:00
2025-05-20 08:55:00,9000.0,2025-05-20 08:55:00
2025-05-20 09:00:00,9000.0,2025-05-20 09:00:00
2025-05-20 09:05:00,9000.0,2025-05-20 09:05:00
2025-05-20 09:10:00,9000.0,2025-05-20 09:10:00
2025-05-20 09:15:00,9000.0,2025-05-20 09:15:00
2025-05-20 09:20:00,9000.0,2025-05-20 09:20:00
2025-05-20 09:25:00,9000.0,2025-05-20 09:25:00
2025-05-20 09:30:00,9000.0,2025-05-20 09:30:00
2025-05-20 09:35:00,9000.0,2025-05-20 09:35:00
2025-05-20 09:40:00,9000.0,2025-05-20 09:40:00
2025-05-20 09:45:00,8999.996,2025-05-20 09:45:00
2025-05-20 09:50:00,1044.003,2025-05-20 09:50:00
2025-05-20 09:55:00,0.0,2025-05-20 09:55:00
2025-05-20 10:00:00,0.0,2025-05-20 10:00:00
2025-05-20 10:05:00,0.0,2025-05-20 10:05:00
2025-05-20 10:10:00,0.0,2025-05-20 10:10:00
2025-05-20 10:15:00,0.0,2025-05-20 10:15:00
2025-05-20 10:20:00,0.0,2025-05-20 10:20:00
2025-05-20 10:25:00,0.0,2025-05-20 10:25:00
2025-05-20 10:30:00,0.0,2025-05-20 10:30:00
2025-05-20 10:35:00,0.0,2025-05-20 10:35:00
2025-05-20 10:40:00,0.0,2025-05-20 10:40:00
2025-05-20 10:45:00,0.0,2025-05-20 10:45:00
2025-05-20 10:50:00,0.0,2025-05-20 10:50:00
2025-05-20 10:55:00,0.0,2025-05-20 10:55:00
2025-05-20 11:00:00,-2265.695,2025-05-20 11:00:00
2025-05-20 11:05:00,-2353.735,2025-05-20 11:05:00
2025-05-20 11:10:00,-2185.755,2025-05-20 11:10:00
2025-05-20 11:15:00,-2265.715,2025-05-20 11:15:00
2025-05-20 11:20:00,-2161.735,2025-05-20 11:20:00
2025-05-20 11:25:00,-2185.685,2025-05-20 11:25:00
2025-05-20 11:30:00,-2125.735,2025-05-20 11:30:00
2025-05-20 11:35:00,-2137.705,2025-05-20 11:35:00
2025-05-20 11:40:00,-2181.695,2025-05-20 11:40:00
2025-05-20 11:45:00,-2097.745,2025-05-20 11:45:00
2025-05-20 11:50:00,-2081.735,2025-05-20 11:50:00
2025-05-20 11:55:00,-2169.705,2025-05-20 11:55:00
2025-05-20 12:00:00,-2125.695,2025-05-20 12:00:00
2025-05-20 12:05:00,-2137.725,2025-05-20 12:05:00
2025-05-20 12:10:00,-2141.745,2025-05-20 12:10:00
2025-05-20 12:15:00,-2117.715,2025-05-20 12:15:00
2025-05-20 12:20:00,-2157.765,2025-05-20 12:20:00
2025-05-20 12:25:00,-2073.725,2025-05-20 12:25:00
2025-05-20 12:30:00,-2161.725,2025-05-20 12:30:00
2025-05-20 12:35:00,-2177.755,2025-05-20 12:35:00
2025-05-20 12:40:00,-2089.715,2025-05-20 12:40:00
2025-05-20 12:45:00,-2069.685,2025-05-20 12:45:00
2025-05-20 12:50:00,-2017.715,2025-05-20 12:50:00
2025-05-20 12:55:00,-1893.715,2025-05-20 12:55:00
2025-05-20 13:00:00,-1717.735,2025-05-20 13:00:00
2025-05-20 13:05:00,-1937.715,2025-05-20 13:05:00
2025-05-20 13:10:00,-1845.725,2025-05-20 13:10:00
2025-05-20 13:15:00,-1857.695,2025-05-20 13:15:00
2025-05-20 13:20:00,-1877.685,2025-05-20 13:20:00
2025-05-20 13:25:00,-1901.715,2025-05-20 13:25:00
2025-05-20 13:30:00,-1897.705,2025-05-20 13:30:00
2025-05-20 13:35:00,-1833.675,2025-05-20 13:35:00
2025-05-20 13:40:00,-2077.745,2025-05-20 13:40:00
2025-05-20 13:45:00,-1965.705,2025-05-20 13:45:00
2025-05-20 13:50:00,-2013.665,2025-05-20 13:50:00
2025-05-20 13:55:00,-1837.675,2025-05-20 13:55:00
2025-05-20 14:00:00,-1925.705,2025-05-20 14:00:00
2025-05-20 14:05:00,-1989.675,2025-05-20 14:05:00
2025-05-20 14:10:00,-2001.735,2025-05-20 14:10:00
2025-05-20 14:15:00,-1829.695,2025-05-20 14:15:00
2025-05-20 14:20:00,-1725.695,2025-05-20 14:20:00
2025-05-20 14:25:00,-1673.695,2025-05-20 14:25:00
2025-05-20 14:30:00,-1757.725,2025-05-20 14:30:00
2025-05-20 14:35:00,-1613.685,2025-05-20 14:35:00
2025-05-20 14:40:00,-1613.745,2025-05-20 14:40:00
2025-05-20 14:45:00,-1797.755,2025-05-20 14:45:00
2025-05-20 14:50:00,-1913.715,2025-05-20 14:50:00
2025-05-20 14:55:00,-1905.735,2025-05-20 14:55:00
2025-05-20 15:00:00,-1897.725,2025-05-20 15:00:00
2025-05-20 15:05:00,-1857.705,2025-05-20 15:05:00
2025-05-20 15:10:00,-2005.695,2025-05-20 15:10:00
2025-05-20 15:15:00,-1997.725,2025-05-20 15:15:00
2025-05-20 15:20:00,-1909.685,2025-05-20 15:20:00
2025-05-20 15:25:00,-1753.755,2025-05-20 15:25:00
2025-05-20 15:30:00,-1969.725,2025-05-20 15:30:00
2025-05-20 15:35:00,-1813.725,2025-05-20 15:35:00
2025-05-20 15:40:00,-1717.725,2025-05-20 15:40:00
2025-05-20 15:45:00,-1973.705,2025-05-20 15:45:00
2025-05-20 15:50:00,-1985.695,2025-05-20 15:50:00
2025-05-20 15:55:00,-1821.705,2025-05-20 15:55:00
2025-05-20 16:00:00,-1953.725,2025-05-20 16:00:00
2025-05-20 16:05:00,-1957.695,2025-05-20 16:05:00
2025-05-20 16:10:00,-1961.715,2025-05-20 16:10:00
2025-05-20 16:15:00,-1749.685,2025-05-20 16:15:00
2025-05-20 16:20:00,-1877.705,2025-05-20 16:20:00
2025-05-20 16:25:00,-1885.715,2025-05-20 16:25:00
2025-05-20 16:30:00,-1881.725,2025-05-20 16:30:00
2025-05-20 16:35:00,-1817.705,2025-05-20 16:35:00
2025-05-20 16:40:00,-1789.725,2025-05-20 16:40:00
2025-05-20 16:45:00,-1965.695,2025-05-20 16:45:00
2025-05-20 16:50:00,-1881.715,2025-05-20 16:50:00
2025-05-20 16:55:00,-1677.695,2025-05-20 16:55:00
2025-05-20 17:00:00,-1841.735,2025-05-20 17:00:00
2025-05-20 17:05:00,-1849.675,2025-05-20 17:05:00
2025-05-20 17:10:00,-1873.725,2025-05-20 17:10:00
2025-05-20 17:15:00,-1733.735,2025-05-20 17:15:00
2025-05-20 17:20:00,-1713.695,2025-05-20 17:20:00
2025-05-20 17:25:00,-1621.725,2025-05-20 17:25:00
2025-05-20 17:30:00,-1945.705,2025-05-20 17:30:00
2025-05-20 17:35:00,-1893.755,2025-05-20 17:35:00
2025-05-20 17:40:00,-1753.715,2025-05-20 17:40:00
2025-05-20 17:45:00,-1849.715,2025-05-20 17:45:00
2025-05-20 17:50:00,-1873.735,2025-05-20 17:50:00
2025-05-20 17:55:00,-1697.675,2025-05-20 17:55:00
2025-05-20 18:00:00,9000.0,2025-05-20 18:00:00
2025-05-20 18:05:00,9000.0,2025-05-20 18:05:00
2025-05-20 18:10:00,9000.0,2025-05-20 18:10:00
2025-05-20 18:15:00,9000.0,2025-05-20 18:15:00
2025-05-20 18:20:00,9000.0,2025-05-20 18:20:00
2025-05-20 18:25:00,9000.0,2025-05-20 18:25:00
2025-05-20 18:30:00,9000.0,2025-05-20 18:30:00
2025-05-20 18:35:00,9000.0,2025-05-20 18:35:00
2025-05-20 18:40:00,9000.0,2025-05-20 18:40:00
2025-05-20 18:45:00,9000.0,2025-05-20 18:45:00
2025-05-20 18:50:00,9000.0,2025-05-20 18:50:00
2025-05-20 18:55:00,9000.0,2025-05-20 18:55:00
2025-05-20 19:00:00,9000.0,2025-05-20 19:00:00
2025-05-20 19:05:00,9000.0,2025-05-20 19:05:00
2025-05-20 19:10:00,9000.0,2025-05-20 19:10:00
2025-05-20 19:15:00,7150.87,2025-05-20 19:15:00
2025-05-20 19:20:00,0.0,2025-05-20 19:20:00
2025-05-20 19:25:00,0.0,2025-05-20 19:25:00
2025-05-20 19:30:00,0.0,2025-05-20 19:30:00
2025-05-20 19:35:00,0.0,2025-05-20 19:35:00
2025-05-20 19:40:00,0.0,2025-05-20 19:40:00
2025-05-20 19:45:00,0.0,2025-05-20 19:45:00
2025-05-20 19:50:00,0.0,2025-05-20 19:50:00
2025-05-20 19:55:00,0.0,2025-05-20 19:55:00
2025-05-20 20:00:00,0.0,2025-05-20 20:00:00
2025-05-20 20:05:00,0.0,2025-05-20 20:05:00
2025-05-20 20:10:00,0.0,2025-05-20 20:10:00
2025-05-20 20:15:00,0.0,2025-05-20 20:15:00
2025-05-20 20:20:00,0.0,2025-05-20 20:20:00
2025-05-20 20:25:00,0.0,2025-05-20 20:25:00
2025-05-20 20:30:00,0.0,2025-05-20 20:30:00
2025-05-20 20:35:00,0.0,2025-05-20 20:35:00
2025-05-20 20:40:00,0.0,2025-05-20 20:40:00
2025-05-20 20:45:00,0.0,2025-05-20 20:45:00
2025-05-20 20:50:00,0.0,2025-05-20 20:50:00
2025-05-20 20:55:00,0.0,2025-05-20 20:55:00
2025-05-20 21:00:00,0.0,2025-05-20 21:00:00
2025-05-20 21:05:00,0.0,2025-05-20 21:05:00
2025-05-20 21:10:00,0.0,2025-05-20 21:10:00
2025-05-20 21:15:00,0.0,2025-05-20 21:15:00
2025-05-20 21:20:00,0.0,2025-05-20 21:20:00
2025-05-20 21:25:00,0.0,2025-05-20 21:25:00
2025-05-20 21:30:00,0.0,2025-05-20 21:30:00
2025-05-20 21:35:00,0.0,2025-05-20 21:35:00
2025-05-20 21:40:00,0.0,2025-05-20 21:40:00
2025-05-20 21:45:00,0.0,2025-05-20 21:45:00
2025-05-20 21:50:00,0.0,2025-05-20 21:50:00
2025-05-20 21:55:00,0.0,2025-05-20 21:55:00
2025-05-20 22:00:00,-1805.051,2025-05-20 22:00:00
2025-05-20 22:05:00,-1625.081,2025-05-20 22:05:00
2025-05-20 22:10:00,-1665.061,2025-05-20 22:10:00
2025-05-20 22:15:00,-1861.071,2025-05-20 22:15:00
2025-05-20 22:20:00,-2021.061,2025-05-20 22:20:00
2025-05-20 22:25:00,-1797.061,2025-05-20 22:25:00
2025-05-20 22:30:00,-1845.061,2025-05-20 22:30:00
2025-05-20 22:35:00,-1865.071,2025-05-20 22:35:00
2025-05-20 22:40:00,-1793.041,2025-05-20 22:40:00
2025-05-20 22:45:00,-1869.061,2025-05-20 22:45:00
2025-05-20 22:50:00,-1933.081,2025-05-20 22:50:00
2025-05-20 22:55:00,-1937.081,2025-05-20 22:55:00
2025-05-20 23:00:00,-1945.081,2025-05-20 23:00:00
2025-05-20 23:05:00,-1893.031,2025-05-20 23:05:00
2025-05-20 23:10:00,-1781.081,2025-05-20 23:10:00
2025-05-20 23:15:00,-1885.071,2025-05-20 23:15:00
2025-05-20 23:20:00,-1909.101,2025-05-20 23:20:00
2025-05-20 23:25:00,-1789.081,2025-05-20 23:25:00
2025-05-20 23:30:00,-1765.071,2025-05-20 23:30:00
2025-05-20 23:35:00,-1937.031,2025-05-20 23:35:00
2025-05-20 23:40:00,-1817.101,2025-05-20 23:40:00
2025-05-20 23:45:00,-1841.081,2025-05-20 23:45:00
2025-05-20 23:50:00,-1877.041,2025-05-20 23:50:00
2025-05-20 23:55:00,-2061.091,2025-05-20 23:55:00
2025-05-21 00:00:00,-2049.051,2025-05-21 00:00:00
2025-05-21 00:05:00,-2005.081,2025-05-21 00:05:00
2025-05-21 00:10:00,-1909.041,2025-05-21 00:10:00
2025-05-21 00:15:00,-2009.081,2025-05-21 00:15:00
2025-05-21 00:20:00,-1941.061,2025-05-21 00:20:00
2025-05-21 00:25:00,-1761.061,2025-05-21 00:25:00
2025-05-21 00:30:00,-1885.081,2025-05-21 00:30:00
2025-05-21 00:35:00,-1809.081,2025-05-21 00:35:00
2025-05-21 00:40:00,-1845.071,2025-05-21 00:40:00
2025-05-21 00:45:00,-1869.071,2025-05-21 00:45:00
2025-05-21 00:50:00,-1873.101,2025-05-21 00:50:00
2025-05-21 00:55:00,-1793.081,2025-05-21 00:55:00
2025-05-21 01:00:00,-1709.071,2025-05-21 01:00:00
2025-05-21 01:05:00,-1897.051,2025-05-21 01:05:00
2025-05-21 01:10:00,-1953.081,2025-05-21 01:10:00
2025-05-21 01:15:00,-1945.061,2025-05-21 01:15:00
2025-05-21 01:20:00,-1865.081,2025-05-21 01:20:00
2025-05-21 01:25:00,-2013.051,2025-05-21 01:25:00
2025-05-21 01:30:00,-1929.061,2025-05-21 01:30:00
2025-05-21 01:35:00,-1897.081,2025-05-21 01:35:00
2025-05-21 01:40:00,-1965.001,2025-05-21 01:40:00
2025-05-21 01:45:00,-2205.051,2025-05-21 01:45:00
2025-05-21 01:50:00,-1953.071,2025-05-21 01:50:00
2025-05-21 01:55:00,-1949.081,2025-05-21 01:55:00
2025-05-21 02:00:00,-1929.081,2025-05-21 02:00:00
2025-05-21 02:05:00,-2021.041,2025-05-21 02:05:00
2025-05-21 02:10:00,-2057.041,2025-05-21 02:10:00
2025-05-21 02:15:00,-2041.061,2025-05-21 02:15:00
2025-05-21 02:20:00,-2001.071,2025-05-21 02:20:00
2025-05-21 02:25:00,-2045.051,2025-05-21 02:25:00
2025-05-21 02:30:00,-1989.031,2025-05-21 02:30:00
2025-05-21 02:35:00,-1837.081,2025-05-21 02:35:00
2025-05-21 02:40:00,-1853.081,2025-05-21 02:40:00
2025-05-21 02:45:00,-1873.081,2025-05-21 02:45:00
2025-05-21 02:50:00,-1677.031,2025-05-21 02:50:00
2025-05-21 02:55:00,-1805.071,2025-05-21 02:55:00
2025-05-21 03:00:00,-1745.091,2025-05-21 03:00:00
2025-05-21 03:05:00,-1709.111,2025-05-21 03:05:00
2025-05-21 03:10:00,-1641.081,2025-05-21 03:10:00
2025-05-21 03:15:00,-1601.051,2025-05-21 03:15:00
2025-05-21 03:20:00,-1621.001,2025-05-21 03:20:00
2025-05-21 03:25:00,-1561.041,2025-05-21 03:25:00
2025-05-21 03:30:00,-1609.091,2025-05-21 03:30:00
2025-05-21 03:35:00,-1817.091,2025-05-21 03:35:00
2025-05-21 03:40:00,-1757.041,2025-05-21 03:40:00
2025-05-21 03:45:00,-1669.101,2025-05-21 03:45:00
2025-05-21 03:50:00,-1609.081,2025-05-21 03:50:00
2025-05-21 03:55:00,-1793.051,2025-05-21 03:55:00
2025-05-21 04:00:00,-1741.061,2025-05-21 04:00:00
2025-05-21 04:05:00,-1737.041,2025-05-21 04:05:00
2025-05-21 04:10:00,-1893.061,2025-05-21 04:10:00
2025-05-21 04:15:00,-1649.091,2025-05-21 04:15:00
2025-05-21 04:20:00,-1797.051,2025-05-21 04:20:00
2025-05-21 04:25:00,-1729.081,2025-05-21 04:25:00
2025-05-21 04:30:00,-1833.091,2025-05-21 04:30:00
2025-05-21 04:35:00,-1913.091,2025-05-21 04:35:00
2025-05-21 04:40:00,-1673.051,2025-05-21 04:40:00
2025-05-21 04:45:00,-1949.071,2025-05-21 04:45:00
2025-05-21 04:50:00,-1653.061,2025-05-21 04:50:00
2025-05-21 04:55:00,-1897.051,2025-05-21 04:55:00
2025-05-21 05:00:00,-1717.051,2025-05-21 05:00:00
2025-05-21 05:05:00,-1889.071,2025-05-21 05:05:00
2025-05-21 05:10:00,-1789.111,2025-05-21 05:10:00
2025-05-21 05:15:00,-1841.081,2025-05-21 05:15:00
2025-05-21 05:20:00,-1817.071,2025-05-21 05:20:00
2025-05-21 05:25:00,-1921.061,2025-05-21 05:25:00
2025-05-21 05:30:00,-1649.101,2025-05-21 05:30:00
2025-05-21 05:35:00,-1613.051,2025-05-21 05:35:00
2025-05-21 05:40:00,-1817.081,2025-05-21 05:40:00
2025-05-21 05:45:00,-1717.051,2025-05-21 05:45:00
2025-05-21 05:50:00,-1777.051,2025-05-21 05:50:00
2025-05-21 05:55:00,-1869.061,2025-05-21 05:55:00
2025-05-21 06:00:00,-1913.031,2025-05-21 06:00:00
2025-05-21 06:05:00,-1741.081,2025-05-21 06:05:00
2025-05-21 06:10:00,-1781.061,2025-05-21 06:10:00
2025-05-21 06:15:00,-1733.061,2025-05-21 06:15:00
2025-05-21 06:20:00,-1813.061,2025-05-21 06:20:00
2025-05-21 06:25:00,-1801.051,2025-05-21 06:25:00
2025-05-21 06:30:00,-1645.071,2025-05-21 06:30:00
2025-05-21 06:35:00,-1745.071,2025-05-21 06:35:00
2025-05-21 06:40:00,-1745.071,2025-05-21 06:40:00
2025-05-21 06:45:00,-1701.051,2025-05-21 06:45:00
2025-05-21 06:50:00,-1797.081,2025-05-21 06:50:00
2025-05-21 06:55:00,-1797.071,2025-05-21 06:55:00
2025-05-21 07:00:00,-1765.101,2025-05-21 07:00:00
2025-05-21 07:05:00,-1693.051,2025-05-21 07:05:00
2025-05-21 07:10:00,-1757.071,2025-05-21 07:10:00
2025-05-21 07:15:00,-1861.071,2025-05-21 07:15:00
2025-05-21 07:20:00,-1949.041,2025-05-21 07:20:00
2025-05-21 07:25:00,-1777.051,2025-05-21 07:25:00
2025-05-21 07:30:00,-1741.061,2025-05-21 07:30:00
2025-05-21 07:35:00,-1729.071,2025-05-21 07:35:00
2025-05-21 07:40:00,-2009.051,2025-05-21 07:40:00
2025-05-21 07:45:00,-1821.091,2025-05-21 07:45:00
2025-05-21 07:50:00,-1849.041,2025-05-21 07:50:00
2025-05-21 07:55:00,-1985.061,2025-05-21 07:55:00
2025-05-21 08:00:00,9000.0,2025-05-21 08:00:00
2025-05-21 08:05:00,9000.0,2025-05-21 08:05:00
2025-05-21 08:10:00,9000.0,2025-05-21 08:10:00
2025-05-21 08:15:00,9000.0,2025-05-21 08:15:00
2025-05-21 08:20:00,9000.0,2025-05-21 08:20:00
2025-05-21 08:25:00,9000.0,2025-05-21 08:25:00
2025-05-21 08:30:00,9000.0,2025-05-21 08:30:00
2025-05-21 08:35:00,9000.0,2025-05-21 08:35:00
2025-05-21 08:40:00,9000.0,2025-05-21 08:40:00
2025-05-21 08:45:00,9000.0,2025-05-21 08:45:00
2025-05-21 08:50:00,9000.0,2025-05-21 08:50:00
2025-05-21 08:55:00,9000.0,2025-05-21 08:55:00
2025-05-21 09:00:00,9000.0,2025-05-21 09:00:00
2025-05-21 09:05:00,9000.0,2025-05-21 09:05:00
2025-05-21 09:10:00,9000.0,2025-05-21 09:10:00
2025-05-21 09:15:00,9000.0,2025-05-21 09:15:00
2025-05-21 09:20:00,9000.0,2025-05-21 09:20:00
2025-05-21 09:25:00,9000.0,2025-05-21 09:25:00
2025-05-21 09:30:00,9000.0,2025-05-21 09:30:00
2025-05-21 09:35:00,9000.0,2025-05-21 09:35:00
2025-05-21 09:40:00,8999.999,2025-05-21 09:40:00
2025-05-21 09:45:00,3140.129,2025-05-21 09:45:00
2025-05-21 09:50:00,0.0,2025-05-21 09:50:00
2025-05-21 09:55:00,0.0,2025-05-21 09:55:00
2025-05-21 10:00:00,0.0,2025-05-21 10:00:00
2025-05-21 10:05:00,0.0,2025-05-21 10:05:00
2025-05-21 10:10:00,0.0,2025-05-21 10:10:00
2025-05-21 10:15:00,0.0,2025-05-21 10:15:00
2025-05-21 10:20:00,0.0,2025-05-21 10:20:00
2025-05-21 10:25:00,0.0,2025-05-21 10:25:00
2025-05-21 10:30:00,0.0,2025-05-21 10:30:00
2025-05-21 10:35:00,0.0,2025-05-21 10:35:00
2025-05-21 10:40:00,0.0,2025-05-21 10:40:00
2025-05-21 10:45:00,0.0,2025-05-21 10:45:00
2025-05-21 10:50:00,0.0,2025-05-21 10:50:00
2025-05-21 10:55:00,0.0,2025-05-21 10:55:00
2025-05-21 11:00:00,-2141.081,2025-05-21 11:00:00
2025-05-21 11:05:00,-2137.051,2025-05-21 11:05:00
2025-05-21 11:10:00,-2125.071,2025-05-21 11:10:00
2025-05-21 11:15:00,-2153.081,2025-05-21 11:15:00
2025-05-21 11:20:00,-2073.081,2025-05-21 11:20:00
2025-05-21 11:25:00,-2009.061,2025-05-21 11:25:00
2025-05-21 11:30:00,-1985.071,2025-05-21 11:30:00
2025-05-21 11:35:00,-2033.041,2025-05-21 11:35:00
2025-05-21 11:40:00,-2121.041,2025-05-21 11:40:00
2025-05-21 11:45:00,-2041.061,2025-05-21 11:45:00
2025-05-21 11:50:00,-2137.031,2025-05-21 11:50:00
2025-05-21 11:55:00,-2065.091,2025-05-21 11:55:00
2025-05-21 12:00:00,-2053.081,2025-05-21 12:00:00
2025-05-21 12:05:00,-2085.051,2025-05-21 12:05:00
2025-05-21 12:10:00,-2101.071,2025-05-21 12:10:00
2025-05-21 12:15:00,-2017.101,2025-05-21 12:15:00
2025-05-21 12:20:00,-2089.061,2025-05-21 12:20:00
2025-05-21 12:25:00,-2041.081,2025-05-21 12:25:00
2025-05-21 12:30:00,-2089.051,2025-05-21 12:30:00
2025-05-21 12:35:00,-2009.061,2025-05-21 12:35:00
2025-05-21 12:40:00,-2049.061,2025-05-21 12:40:00
2025-05-21 12:45:00,-2161.081,2025-05-21 12:45:00
2025-05-21 12:50:00,-2197.071,2025-05-21 12:50:00
2025-05-21 12:55:00,-2149.071,2025-05-21 12:55:00
2025-05-21 13:00:00,-2057.091,2025-05-21 13:00:00
2025-05-21 13:05:00,-2033.071,2025-05-21 13:05:00
2025-05-21 13:10:00,-2141.031,2025-05-21 13:10:00
2025-05-21 13:15:00,-2037.051,2025-05-21 13:15:00
2025-05-21 13:20:00,-2061.061,2025-05-21 13:20:00
2025-05-21 13:25:00,-1889.081,2025-05-21 13:25:00
2025-05-21 13:30:00,-2113.081,2025-05-21 13:30:00
2025-05-21 13:35:00,-2073.091,2025-05-21 13:35:00
2025-05-21 13:40:00,-1977.051,2025-05-21 13:40:00
2025-05-21 13:45:00,-1993.051,2025-05-21 13:45:00
2025-05-21 13:50:00,-1969.061,2025-05-21 13:50:00
2025-05-21 13:55:00,-1973.041,2025-05-21 13:55:00
2025-05-21 14:00:00,-1861.051,2025-05-21 14:00:00
2025-05-21 14:05:00,-1941.071,2025-05-21 14:05:00
2025-05-21 14:10:00,-2049.071,2025-05-21 14:10:00
2025-05-21 14:15:00,-1969.081,2025-05-21 14:15:00
2025-05-21 14:20:00,-2017.081,2025-05-21 14:20:00
2025-05-21 14:25:00,-1965.041,2025-05-21 14:25:00
2025-05-21 14:30:00,-1877.061,2025-05-21 14:30:00
2025-05-21 14:35:00,-2017.071,2025-05-21 14:35:00
2025-05-21 14:40:00,-1845.071,2025-05-21 14:40:00
2025-05-21 14:45:00,-1925.071,2025-05-21 14:45:00
2025-05-21 14:50:00,-1997.051,2025-05-21 14:50:00
2025-05-21 14:55:00,-2033.051,2025-05-21 14:55:00
2025-05-21 15:00:00,-1905.041,2025-05-21 15:00:00
2025-05-21 15:05:00,-2025.061,2025-05-21 15:05:00
2025-05-21 15:10:00,-2185.041,2025-05-21 15:10:00
2025-05-21 15:15:00,-2197.081,2025-05-21 15:15:00
2025-05-21 15:20:00,-1973.101,2025-05-21 15:20:00
2025-05-21 15:25:00,-2013.081,2025-05-21 15:25:00
2025-05-21 15:30:00,-2181.061,2025-05-21 15:30:00
2025-05-21 15:35:00,-2069.051,2025-05-21 15:35:00
2025-05-21 15:40:00,-2153.051,2025-05-21 15:40:00
2025-05-21 15:45:00,-2045.051,2025-05-21 15:45:00
2025-05-21 15:50:00,-2161.071,2025-05-21 15:50:00
2025-05-21 15:55:00,-2109.041,2025-05-21 15:55:00
2025-05-21 16:00:00,-1969.081,2025-05-21 16:00:00
2025-05-21 16:05:00,-1929.091,2025-05-21 16:05:00
2025-05-21 16:10:00,-1877.071,2025-05-21 16:10:00
2025-05-21 16:15:00,-2009.071,2025-05-21 16:15:00
2025-05-21 16:20:00,-1953.051,2025-05-21 16:20:00
2025-05-21 16:25:00,-1937.031,2025-05-21 16:25:00
2025-05-21 16:30:00,-1949.021,2025-05-21 16:30:00
2025-05-21 16:35:00,-1973.051,2025-05-21 16:35:00
2025-05-21 16:40:00,-1993.051,2025-05-21 16:40:00
2025-05-21 16:45:00,-1965.061,2025-05-21 16:45:00
2025-05-21 16:50:00,-1929.091,2025-05-21 16:50:00
2025-05-21 16:55:00,-2069.081,2025-05-21 16:55:00
2025-05-21 17:00:00,-2077.091,2025-05-21 17:00:00
2025-05-21 17:05:00,-1993.081,2025-05-21 17:05:00
2025-05-21 17:10:00,-2173.061,2025-05-21 17:10:00
2025-05-21 17:15:00,-2289.081,2025-05-21 17:15:00
2025-05-21 17:20:00,-2229.071,2025-05-21 17:20:00
2025-05-21 17:25:00,-2285.061,2025-05-21 17:25:00
2025-05-21 17:30:00,-2157.071,2025-05-21 17:30:00
2025-05-21 17:35:00,-2033.091,2025-05-21 17:35:00
2025-05-21 17:40:00,-1889.051,2025-05-21 17:40:00
2025-05-21 17:45:00,-2049.061,2025-05-21 17:45:00
2025-05-21 17:50:00,-2145.111,2025-05-21 17:50:00
2025-05-21 17:55:00,-2193.041,2025-05-21 17:55:00
2025-05-21 18:00:00,9000.0,2025-05-21 18:00:00
2025-05-21 18:05:00,9000.0,2025-05-21 18:05:00
2025-05-21 18:10:00,9000.0,2025-05-21 18:10:00
2025-05-21 18:15:00,9000.0,2025-05-21 18:15:00
2025-05-21 18:20:00,9000.0,2025-05-21 18:20:00
2025-05-21 18:25:00,9000.0,2025-05-21 18:25:00
2025-05-21 18:30:00,9000.0,2025-05-21 18:30:00
2025-05-21 18:35:00,9000.0,2025-05-21 18:35:00
2025-05-21 18:40:00,9000.0,2025-05-21 18:40:00
2025-05-21 18:45:00,9000.0,2025-05-21 18:45:00
2025-05-21 18:50:00,9000.0,2025-05-21 18:50:00
2025-05-21 18:55:00,9000.0,2025-05-21 18:55:00
2025-05-21 19:00:00,9000.0,2025-05-21 19:00:00
2025-05-21 19:05:00,9000.0,2025-05-21 19:05:00
2025-05-21 19:10:00,9000.0,2025-05-21 19:10:00
2025-05-21 19:15:00,8999.999,2025-05-21 19:15:00
2025-05-21 19:20:00,6290.841,2025-05-21 19:20:00
2025-05-21 19:25:00,0.0,2025-05-21 19:25:00
2025-05-21 19:30:00,0.0,2025-05-21 19:30:00
2025-05-21 19:35:00,0.0,2025-05-21 19:35:00
2025-05-21 19:40:00,0.0,2025-05-21 19:40:00
2025-05-21 19:45:00,0.0,2025-05-21 19:45:00
2025-05-21 19:50:00,0.0,2025-05-21 19:50:00
2025-05-21 19:55:00,0.0,2025-05-21 19:55:00
2025-05-21 20:00:00,0.0,2025-05-21 20:00:00
2025-05-21 20:05:00,0.0,2025-05-21 20:05:00
2025-05-21 20:10:00,0.0,2025-05-21 20:10:00
2025-05-21 20:15:00,0.0,2025-05-21 20:15:00
2025-05-21 20:20:00,0.0,2025-05-21 20:20:00
2025-05-21 20:25:00,0.0,2025-05-21 20:25:00
2025-05-21 20:30:00,0.0,2025-05-21 20:30:00
2025-05-21 20:35:00,0.0,2025-05-21 20:35:00
2025-05-21 20:40:00,0.0,2025-05-21 20:40:00
2025-05-21 20:45:00,0.0,2025-05-21 20:45:00
2025-05-21 20:50:00,0.0,2025-05-21 20:50:00
2025-05-21 20:55:00,0.0,2025-05-21 20:55:00
2025-05-21 21:00:00,0.0,2025-05-21 21:00:00
2025-05-21 21:05:00,0.0,2025-05-21 21:05:00
2025-05-21 21:10:00,0.0,2025-05-21 21:10:00
2025-05-21 21:15:00,0.0,2025-05-21 21:15:00
2025-05-21 21:20:00,0.0,2025-05-21 21:20:00
2025-05-21 21:25:00,0.0,2025-05-21 21:25:00
2025-05-21 21:30:00,0.0,2025-05-21 21:30:00
2025-05-21 21:35:00,0.0,2025-05-21 21:35:00
2025-05-21 21:40:00,0.0,2025-05-21 21:40:00
2025-05-21 21:45:00,0.0,2025-05-21 21:45:00
2025-05-21 21:50:00,0.0,2025-05-21 21:50:00
2025-05-21 21:55:00,0.0,2025-05-21 21:55:00
2025-05-21 22:00:00,-2004.229,2025-05-21 22:00:00
2025-05-21 22:05:00,-2084.209,2025-05-21 22:05:00
2025-05-21 22:10:00,-1844.199,2025-05-21 22:10:00
2025-05-21 22:15:00,-2068.239,2025-05-21 22:15:00
2025-05-21 22:20:00,-1840.209,2025-05-21 22:20:00
2025-05-21 22:25:00,-1852.229,2025-05-21 22:25:00
2025-05-21 22:30:00,-1720.249,2025-05-21 22:30:00
2025-05-21 22:35:00,-1732.199,2025-05-21 22:35:00
2025-05-21 22:40:00,-1752.239,2025-05-21 22:40:00
2025-05-21 22:45:00,-1784.239,2025-05-21 22:45:00
2025-05-21 22:50:00,-1752.219,2025-05-21 22:50:00
2025-05-21 22:55:00,-1808.209,2025-05-21 22:55:00
2025-05-21 23:00:00,-1768.199,2025-05-21 23:00:00
2025-05-21 23:05:00,-1920.219,2025-05-21 23:05:00
2025-05-21 23:10:00,-1816.199,2025-05-21 23:10:00
2025-05-21 23:15:00,-2028.229,2025-05-21 23:15:00
2025-05-21 23:20:00,-2060.259,2025-05-21 23:20:00
2025-05-21 23:25:00,-2200.219,2025-05-21 23:25:00
2025-05-21 23:30:00,-1924.239,2025-05-21 23:30:00
2025-05-21 23:35:00,-1992.199,2025-05-21 23:35:00
2025-05-21 23:40:00,-1924.219,2025-05-21 23:40:00
2025-05-21 23:45:00,-2040.189,2025-05-21 23:45:00
2025-05-21 23:50:00,-1876.239,2025-05-21 23:50:00
2025-05-21 23:55:00,-1972.239,2025-05-21 23:55:00
2025-05-22 00:00:00,-1872.199,2025-05-22 00:00:00
2025-05-22 00:05:00,-1896.219,2025-05-22 00:05:00
2025-05-22 00:10:00,-2156.239,2025-05-22 00:10:00
2025-05-22 00:15:00,-1828.249,2025-05-22 00:15:00
2025-05-22 00:20:00,-1844.229,2025-05-22 00:20:00
2025-05-22 00:25:00,-1868.209,2025-05-22 00:25:00
2025-05-22 00:30:00,-1768.219,2025-05-22 00:30:00
2025-05-22 00:35:00,-1840.219,2025-05-22 00:35:00
2025-05-22 00:40:00,-1840.209,2025-05-22 00:40:00
2025-05-22 00:45:00,-1804.229,2025-05-22 00:45:00
2025-05-22 00:50:00,-1864.229,2025-05-22 00:50:00
2025-05-22 00:55:00,-1900.229,2025-05-22 00:55:00
2025-05-22 01:00:00,-1820.189,2025-05-22 01:00:00
2025-05-22 01:05:00,-1900.239,2025-05-22 01:05:00
2025-05-22 01:10:00,-2048.219,2025-05-22 01:10:00
2025-05-22 01:15:00,-1864.239,2025-05-22 01:15:00
2025-05-22 01:20:00,-1920.259,2025-05-22 01:20:00
2025-05-22 01:25:00,-1908.219,2025-05-22 01:25:00
2025-05-22 01:30:00,-1952.239,2025-05-22 01:30:00
2025-05-22 01:35:00,-2032.199,2025-05-22 01:35:00
2025-05-22 01:40:00,-1816.249,2025-05-22 01:40:00
2025-05-22 01:45:00,-1764.229,2025-05-22 01:45:00
2025-05-22 01:50:00,-1784.189,2025-05-22 01:50:00
2025-05-22 01:55:00,-1892.219,2025-05-22 01:55:00
2025-05-22 02:00:00,-1740.209,2025-05-22 02:00:00
2025-05-22 02:05:00,-1920.209,2025-05-22 02:05:00
2025-05-22 02:10:00,-1924.259,2025-05-22 02:10:00
2025-05-22 02:15:00,-1812.229,2025-05-22 02:15:00
2025-05-22 02:20:00,-1792.209,2025-05-22 02:20:00
2025-05-22 02:25:00,-1796.229,2025-05-22 02:25:00
2025-05-22 02:30:00,-1720.239,2025-05-22 02:30:00
2025-05-22 02:35:00,-2052.239,2025-05-22 02:35:00
2025-05-22 02:40:00,-2036.239,2025-05-22 02:40:00
2025-05-22 02:45:00,-2184.189,2025-05-22 02:45:00
2025-05-22 02:50:00,-1832.239,2025-05-22 02:50:00
2025-05-22 02:55:00,-1792.239,2025-05-22 02:55:00
2025-05-22 03:00:00,-1880.209,2025-05-22 03:00:00
2025-05-22 03:05:00,-1860.209,2025-05-22 03:05:00
2025-05-22 03:10:00,-1876.229,2025-05-22 03:10:00
2025-05-22 03:15:00,-1892.259,2025-05-22 03:15:00
2025-05-22 03:20:00,-1812.249,2025-05-22 03:20:00
2025-05-22 03:25:00,-2120.179,2025-05-22 03:25:00
2025-05-22 03:30:00,-2144.239,2025-05-22 03:30:00
2025-05-22 03:35:00,-2092.209,2025-05-22 03:35:00
2025-05-22 03:40:00,-2084.209,2025-05-22 03:40:00
2025-05-22 03:45:00,-2112.189,2025-05-22 03:45:00
2025-05-22 03:50:00,-1952.189,2025-05-22 03:50:00
2025-05-22 03:55:00,-2052.229,2025-05-22 03:55:00
2025-05-22 04:00:00,-1948.209,2025-05-22 04:00:00
2025-05-22 04:05:00,-1968.209,2025-05-22 04:05:00
2025-05-22 04:10:00,-1976.199,2025-05-22 04:10:00
2025-05-22 04:15:00,-1884.239,2025-05-22 04:15:00
2025-05-22 04:20:00,-2004.239,2025-05-22 04:20:00
2025-05-22 04:25:00,-1900.229,2025-05-22 04:25:00
2025-05-22 04:30:00,-2104.249,2025-05-22 04:30:00
2025-05-22 04:35:00,-1872.219,2025-05-22 04:35:00
2025-05-22 04:40:00,-1964.219,2025-05-22 04:40:00
2025-05-22 04:45:00,-1908.199,2025-05-22 04:45:00
2025-05-22 04:50:00,-1956.229,2025-05-22 04:50:00
2025-05-22 04:55:00,-2016.229,2025-05-22 04:55:00
2025-05-22 05:00:00,-1936.239,2025-05-22 05:00:00
2025-05-22 05:05:00,-1996.239,2025-05-22 05:05:00
2025-05-22 05:10:00,-2080.209,2025-05-22 05:10:00
2025-05-22 05:15:00,-2056.219,2025-05-22 05:15:00
2025-05-22 05:20:00,-2084.229,2025-05-22 05:20:00
2025-05-22 05:25:00,-1812.219,2025-05-22 05:25:00
2025-05-22 05:30:00,-2056.229,2025-05-22 05:30:00
2025-05-22 05:35:00,-1932.209,2025-05-22 05:35:00
2025-05-22 05:40:00,-1984.209,2025-05-22 05:40:00
2025-05-22 05:45:00,-1992.239,2025-05-22 05:45:00
2025-05-22 05:50:00,-1976.209,2025-05-22 05:50:00
2025-05-22 05:55:00,-1916.209,2025-05-22 05:55:00
2025-05-22 06:00:00,-1790.911,2025-05-22 06:00:00
2025-05-22 06:05:00,-1790.909,2025-05-22 06:05:00
2025-05-22 06:10:00,-1790.909,2025-05-22 06:10:00
2025-05-22 06:15:00,-1790.906,2025-05-22 06:15:00
2025-05-22 06:20:00,-1790.903,2025-05-22 06:20:00
2025-05-22 06:25:00,-1790.904,2025-05-22 06:25:00
2025-05-22 06:30:00,-1790.906,2025-05-22 06:30:00
2025-05-22 06:35:00,-1790.902,2025-05-22 06:35:00
2025-05-22 06:40:00,-1790.904,2025-05-22 06:40:00
2025-05-22 06:45:00,-1790.884,2025-05-22 06:45:00
2025-05-22 06:50:00,-1790.905,2025-05-22 06:50:00
2025-05-22 06:55:00,-1790.904,2025-05-22 06:55:00
2025-05-22 07:00:00,-1790.904,2025-05-22 07:00:00
2025-05-22 07:05:00,-1790.901,2025-05-22 07:05:00
2025-05-22 07:10:00,-1790.9,2025-05-22 07:10:00
2025-05-22 07:15:00,-1790.9,2025-05-22 07:15:00
2025-05-22 07:20:00,-1790.899,2025-05-22 07:20:00
2025-05-22 07:25:00,-1790.895,2025-05-22 07:25:00
2025-05-22 07:30:00,-1790.892,2025-05-22 07:30:00
2025-05-22 07:35:00,-1790.896,2025-05-22 07:35:00
2025-05-22 07:40:00,-1790.897,2025-05-22 07:40:00
2025-05-22 07:45:00,-1790.89,2025-05-22 07:45:00
2025-05-22 07:50:00,-1790.88,2025-05-22 07:50:00
2025-05-22 07:55:00,-1791.13,2025-05-22 07:55:00
2025-05-22 08:00:00,9000.0,2025-05-22 08:00:00
2025-05-22 08:05:00,9000.0,2025-05-22 08:05:00
2025-05-22 08:10:00,9000.0,2025-05-22 08:10:00
2025-05-22 08:15:00,9000.0,2025-05-22 08:15:00
2025-05-22 08:20:00,9000.0,2025-05-22 08:20:00
2025-05-22 08:25:00,9000.0,2025-05-22 08:25:00
2025-05-22 08:30:00,9000.0,2025-05-22 08:30:00
2025-05-22 08:35:00,9000.0,2025-05-22 08:35:00
2025-05-22 08:40:00,9000.0,2025-05-22 08:40:00
2025-05-22 08:45:00,9000.0,2025-05-22 08:45:00
2025-05-22 08:50:00,9000.0,2025-05-22 08:50:00
2025-05-22 08:55:00,9000.0,2025-05-22 08:55:00
2025-05-22 09:00:00,9000.0,2025-05-22 09:00:00
2025-05-22 09:05:00,9000.0,2025-05-22 09:05:00
2025-05-22 09:10:00,9000.0,2025-05-22 09:10:00
2025-05-22 09:15:00,9000.0,2025-05-22 09:15:00
2025-05-22 09:20:00,9000.0,2025-05-22 09:20:00
2025-05-22 09:25:00,9000.0,2025-05-22 09:25:00
2025-05-22 09:30:00,9000.0,2025-05-22 09:30:00
2025-05-22 09:35:00,9000.0,2025-05-22 09:35:00
2025-05-22 09:40:00,9000.0,2025-05-22 09:40:00
2025-05-22 09:45:00,9000.0,2025-05-22 09:45:00
2025-05-22 09:50:00,1044.0,2025-05-22 09:50:00
2025-05-22 09:55:00,0.0,2025-05-22 09:55:00
2025-05-22 10:00:00,0.0,2025-05-22 10:00:00
2025-05-22 10:05:00,0.0,2025-05-22 10:05:00
2025-05-22 10:10:00,0.0,2025-05-22 10:10:00
2025-05-22 10:15:00,0.0,2025-05-22 10:15:00
2025-05-22 10:20:00,0.0,2025-05-22 10:20:00
2025-05-22 10:25:00,0.0,2025-05-22 10:25:00
2025-05-22 10:30:00,0.0,2025-05-22 10:30:00
2025-05-22 10:35:00,0.0,2025-05-22 10:35:00
2025-05-22 10:40:00,0.0,2025-05-22 10:40:00
2025-05-22 10:45:00,0.0,2025-05-22 10:45:00
2025-05-22 10:50:00,0.0,2025-05-22 10:50:00
2025-05-22 10:55:00,0.0,2025-05-22 10:55:00
2025-05-22 11:00:00,-1900.219,2025-05-22 11:00:00
2025-05-22 11:05:00,-1948.219,2025-05-22 11:05:00
2025-05-22 11:10:00,-1812.219,2025-05-22 11:10:00
2025-05-22 11:15:00,-2080.229,2025-05-22 11:15:00
2025-05-22 11:20:00,-1828.219,2025-05-22 11:20:00
2025-05-22 11:25:00,-1832.209,2025-05-22 11:25:00
2025-05-22 11:30:00,-1804.239,2025-05-22 11:30:00
2025-05-22 11:35:00,-1828.229,2025-05-22 11:35:00
2025-05-22 11:40:00,-1728.229,2025-05-22 11:40:00
2025-05-22 11:45:00,-1896.209,2025-05-22 11:45:00
2025-05-22 11:50:00,-1828.179,2025-05-22 11:50:00
2025-05-22 11:55:00,-2012.199,2025-05-22 11:55:00
2025-05-22 12:00:00,-1868.199,2025-05-22 12:00:00
2025-05-22 12:05:00,-1876.239,2025-05-22 12:05:00
2025-05-22 12:10:00,-1836.229,2025-05-22 12:10:00
2025-05-22 12:15:00,-1764.199,2025-05-22 12:15:00
2025-05-22 12:20:00,-1860.209,2025-05-22 12:20:00
2025-05-22 12:25:00,-1772.199,2025-05-22 12:25:00
2025-05-22 12:30:00,-1756.209,2025-05-22 12:30:00
2025-05-22 12:35:00,-1764.219,2025-05-22 12:35:00
2025-05-22 12:40:00,-1888.209,2025-05-22 12:40:00
2025-05-22 12:45:00,-1796.229,2025-05-22 12:45:00
2025-05-22 12:50:00,-1936.209,2025-05-22 12:50:00
2025-05-22 12:55:00,-1888.229,2025-05-22 12:55:00
2025-05-22 13:00:00,-1804.229,2025-05-22 13:00:00
2025-05-22 13:05:00,-1912.229,2025-05-22 13:05:00
2025-05-22 13:10:00,-1988.219,2025-05-22 13:10:00
2025-05-22 13:15:00,-1788.209,2025-05-22 13:15:00
2025-05-22 13:20:00,-1784.229,2025-05-22 13:20:00
2025-05-22 13:25:00,-1728.209,2025-05-22 13:25:00
2025-05-22 13:30:00,-1944.209,2025-05-22 13:30:00
2025-05-22 13:35:00,-1936.209,2025-05-22 13:35:00
2025-05-22 13:40:00,-1932.229,2025-05-22 13:40:00
2025-05-22 13:45:00,-2012.229,2025-05-22 13:45:00
2025-05-22 13:50:00,-2044.199,2025-05-22 13:50:00
2025-05-22 13:55:00,-2024.229,2025-05-22 13:55:00
2025-05-22 14:00:00,-1948.229,2025-05-22 14:00:00
2025-05-22 14:05:00,-1924.189,2025-05-22 14:05:00
2025-05-22 14:10:00,-1944.229,2025-05-22 14:10:00
2025-05-22 14:15:00,-2008.219,2025-05-22 14:15:00
2025-05-22 14:20:00,-2104.209,2025-05-22 14:20:00
2025-05-22 14:25:00,-2052.189,2025-05-22 14:25:00
2025-05-22 14:30:00,-1944.189,2025-05-22 14:30:00
2025-05-22 14:35:00,-1820.189,2025-05-22 14:35:00
2025-05-22 14:40:00,-1904.249,2025-05-22 14:40:00
2025-05-22 14:45:00,-1972.209,2025-05-22 14:45:00
2025-05-22 14:50:00,-1996.199,2025-05-22 14:50:00
2025-05-22 14:55:00,-2020.209,2025-05-22 14:55:00
2025-05-22 15:00:00,-1988.209,2025-05-22 15:00:00
2025-05-22 15:05:00,-1972.219,2025-05-22 15:05:00
2025-05-22 15:10:00,-2032.209,2025-05-22 15:10:00
2025-05-22 15:15:00,-2036.209,2025-05-22 15:15:00
2025-05-22 15:20:00,-1952.229,2025-05-22 15:20:00
2025-05-22 15:25:00,-1956.209,2025-05-22 15:25:00
2025-05-22 15:30:00,-1932.209,2025-05-22 15:30:00
2025-05-22 15:35:00,-1916.209,2025-05-22 15:35:00
2025-05-22 15:40:00,-1956.199,2025-05-22 15:40:00
2025-05-22 15:45:00,-2020.209,2025-05-22 15:45:00
2025-05-22 15:50:00,-1936.219,2025-05-22 15:50:00
2025-05-22 15:55:00,-1896.239,2025-05-22 15:55:00
2025-05-22 16:00:00,-1956.229,2025-05-22 16:00:00
2025-05-22 16:05:00,-1996.239,2025-05-22 16:05:00
2025-05-22 16:10:00,-1976.229,2025-05-22 16:10:00
2025-05-22 16:15:00,-1968.259,2025-05-22 16:15:00
2025-05-22 16:20:00,-1992.169,2025-05-22 16:20:00
2025-05-22 16:25:00,-1952.229,2025-05-22 16:25:00
2025-05-22 16:30:00,-1856.229,2025-05-22 16:30:00
2025-05-22 16:35:00,-2156.219,2025-05-22 16:35:00
2025-05-22 16:40:00,-2108.169,2025-05-22 16:40:00
2025-05-22 16:45:00,-2040.209,2025-05-22 16:45:00
2025-05-22 16:50:00,-1928.199,2025-05-22 16:50:00
2025-05-22 16:55:00,-2012.189,2025-05-22 16:55:00
2025-05-22 17:00:00,-1936.219,2025-05-22 17:00:00
2025-05-22 17:05:00,-1924.209,2025-05-22 17:05:00
2025-05-22 17:10:00,-1980.219,2025-05-22 17:10:00
2025-05-22 17:15:00,-2028.239,2025-05-22 17:15:00
2025-05-22 17:20:00,-2036.229,2025-05-22 17:20:00
2025-05-22 17:25:00,-1868.239,2025-05-22 17:25:00
2025-05-22 17:30:00,-1920.209,2025-05-22 17:30:00
2025-05-22 17:35:00,-1928.189,2025-05-22 17:35:00
2025-05-22 17:40:00,-1900.209,2025-05-22 17:40:00
2025-05-22 17:45:00,-2036.219,2025-05-22 17:45:00
2025-05-22 17:50:00,-1920.239,2025-05-22 17:50:00
2025-05-22 17:55:00,-2008.209,2025-05-22 17:55:00
2025-05-22 18:00:00,9000.0,2025-05-22 18:00:00
2025-05-22 18:05:00,9000.0,2025-05-22 18:05:00
2025-05-22 18:10:00,9000.0,2025-05-22 18:10:00
2025-05-22 18:15:00,9000.0,2025-05-22 18:15:00
2025-05-22 18:20:00,9000.0,2025-05-22 18:20:00
2025-05-22 18:25:00,9000.0,2025-05-22 18:25:00
2025-05-22 18:30:00,9000.0,2025-05-22 18:30:00
2025-05-22 18:35:00,9000.0,2025-05-22 18:35:00
2025-05-22 18:40:00,9000.0,2025-05-22 18:40:00
2025-05-22 18:45:00,9000.0,2025-05-22 18:45:00
2025-05-22 18:50:00,9000.0,2025-05-22 18:50:00
2025-05-22 18:55:00,9000.0,2025-05-22 18:55:00
2025-05-22 19:00:00,9000.0,2025-05-22 19:00:00
2025-05-22 19:05:00,9000.0,2025-05-22 19:05:00
2025-05-22 19:10:00,9000.0,2025-05-22 19:10:00
2025-05-22 19:15:00,6645.725,2025-05-22 19:15:00
2025-05-22 19:20:00,0.0,2025-05-22 19:20:00
2025-05-22 19:25:00,0.0,2025-05-22 19:25:00
2025-05-22 19:30:00,0.0,2025-05-22 19:30:00
2025-05-22 19:35:00,0.0,2025-05-22 19:35:00
2025-05-22 19:40:00,0.0,2025-05-22 19:40:00
2025-05-22 19:45:00,0.0,2025-05-22 19:45:00
2025-05-22 19:50:00,0.0,2025-05-22 19:50:00
2025-05-22 19:55:00,0.0,2025-05-22 19:55:00
2025-05-22 20:00:00,0.0,2025-05-22 20:00:00
2025-05-22 20:05:00,0.0,2025-05-22 20:05:00
2025-05-22 20:10:00,0.0,2025-05-22 20:10:00
2025-05-22 20:15:00,0.0,2025-05-22 20:15:00
2025-05-22 20:20:00,0.0,2025-05-22 20:20:00
2025-05-22 20:25:00,0.0,2025-05-22 20:25:00
2025-05-22 20:30:00,0.0,2025-05-22 20:30:00
2025-05-22 20:35:00,0.0,2025-05-22 20:35:00
2025-05-22 20:40:00,0.0,2025-05-22 20:40:00
2025-05-22 20:45:00,0.0,2025-05-22 20:45:00
2025-05-22 20:50:00,0.0,2025-05-22 20:50:00
2025-05-22 20:55:00,0.0,2025-05-22 20:55:00
2025-05-22 21:00:00,0.0,2025-05-22 21:00:00
2025-05-22 21:05:00,0.0,2025-05-22 21:05:00
2025-05-22 21:10:00,0.0,2025-05-22 21:10:00
2025-05-22 21:15:00,0.0,2025-05-22 21:15:00
2025-05-22 21:20:00,0.0,2025-05-22 21:20:00
2025-05-22 21:25:00,0.0,2025-05-22 21:25:00
2025-05-22 21:30:00,0.0,2025-05-22 21:30:00
2025-05-22 21:35:00,0.0,2025-05-22 21:35:00
2025-05-22 21:40:00,0.0,2025-05-22 21:40:00
2025-05-22 21:45:00,0.0,2025-05-22 21:45:00
2025-05-22 21:50:00,0.0,2025-05-22 21:50:00
2025-05-22 21:55:00,0.0,2025-05-22 21:55:00
2025-05-22 22:00:00,-1750.732,2025-05-22 22:00:00
2025-05-22 22:05:00,-1554.732,2025-05-22 22:05:00
2025-05-22 22:10:00,-1674.752,2025-05-22 22:10:00
2025-05-22 22:15:00,-1714.712,2025-05-22 22:15:00
2025-05-22 22:20:00,-1786.702,2025-05-22 22:20:00
2025-05-22 22:25:00,-1598.742,2025-05-22 22:25:00
2025-05-22 22:30:00,-1558.732,2025-05-22 22:30:00
2025-05-22 22:35:00,-1734.752,2025-05-22 22:35:00
2025-05-22 22:40:00,-1678.722,2025-05-22 22:40:00
2025-05-22 22:45:00,-1634.702,2025-05-22 22:45:00
2025-05-22 22:50:00,-1534.722,2025-05-22 22:50:00
2025-05-22 22:55:00,-1562.722,2025-05-22 22:55:00
2025-05-22 23:00:00,-1722.752,2025-05-22 23:00:00
2025-05-22 23:05:00,-1638.742,2025-05-22 23:05:00
2025-05-22 23:10:00,-1578.752,2025-05-22 23:10:00
2025-05-22 23:15:00,-1510.742,2025-05-22 23:15:00
2025-05-22 23:20:00,-1698.722,2025-05-22 23:20:00
2025-05-22 23:25:00,-1526.732,2025-05-22 23:25:00
2025-05-22 23:30:00,-1722.732,2025-05-22 23:30:00
2025-05-22 23:35:00,-1722.752,2025-05-22 23:35:00
2025-05-22 23:40:00,-1558.752,2025-05-22 23:40:00
2025-05-22 23:45:00,-1710.712,2025-05-22 23:45:00
2025-05-22 23:50:00,-1662.732,2025-05-22 23:50:00
2025-05-22 23:55:00,-1610.702,2025-05-22 23:55:00
2025-05-23 00:00:00,-1846.752,2025-05-23 00:00:00
2025-05-23 00:05:00,-1562.742,2025-05-23 00:05:00
2025-05-23 00:10:00,-1734.732,2025-05-23 00:10:00
2025-05-23 00:15:00,-1646.742,2025-05-23 00:15:00
2025-05-23 00:20:00,-1670.742,2025-05-23 00:20:00
2025-05-23 00:25:00,-1622.732,2025-05-23 00:25:00
2025-05-23 00:30:00,-1658.712,2025-05-23 00:30:00
2025-05-23 00:35:00,-1706.712,2025-05-23 00:35:00
2025-05-23 00:40:00,-1738.702,2025-05-23 00:40:00
2025-05-23 00:45:00,-1614.742,2025-05-23 00:45:00
2025-05-23 00:50:00,-1710.692,2025-05-23 00:50:00
2025-05-23 00:55:00,-1594.722,2025-05-23 00:55:00
2025-05-23 01:00:00,-1498.732,2025-05-23 01:00:00
2025-05-23 01:05:00,-1574.712,2025-05-23 01:05:00
2025-05-23 01:10:00,-1642.732,2025-05-23 01:10:00
2025-05-23 01:15:00,-1658.742,2025-05-23 01:15:00
2025-05-23 01:20:00,-1434.712,2025-05-23 01:20:00
2025-05-23 01:25:00,-1490.732,2025-05-23 01:25:00
2025-05-23 01:30:00,-1682.732,2025-05-23 01:30:00
2025-05-23 01:35:00,-1642.732,2025-05-23 01:35:00
2025-05-23 01:40:00,-1570.712,2025-05-23 01:40:00
2025-05-23 01:45:00,-1578.752,2025-05-23 01:45:00
2025-05-23 01:50:00,-1510.732,2025-05-23 01:50:00
2025-05-23 01:55:00,-1558.702,2025-05-23 01:55:00
2025-05-23 02:00:00,-1502.712,2025-05-23 02:00:00
2025-05-23 02:05:00,-1738.712,2025-05-23 02:05:00
2025-05-23 02:10:00,-1690.732,2025-05-23 02:10:00
2025-05-23 02:15:00,-1714.752,2025-05-23 02:15:00
2025-05-23 02:20:00,-1506.712,2025-05-23 02:20:00
2025-05-23 02:25:00,-1534.732,2025-05-23 02:25:00
2025-05-23 02:30:00,-1718.742,2025-05-23 02:30:00
2025-05-23 02:35:00,-1646.742,2025-05-23 02:35:00
2025-05-23 02:40:00,-1782.742,2025-05-23 02:40:00
2025-05-23 02:45:00,-1698.722,2025-05-23 02:45:00
2025-05-23 02:50:00,-1550.692,2025-05-23 02:50:00
2025-05-23 02:55:00,-1598.732,2025-05-23 02:55:00
2025-05-23 03:00:00,-1642.762,2025-05-23 03:00:00
2025-05-23 03:05:00,-1714.722,2025-05-23 03:05:00
2025-05-23 03:10:00,-1710.762,2025-05-23 03:10:00
2025-05-23 03:15:00,-1750.702,2025-05-23 03:15:00
2025-05-23 03:20:00,-1618.732,2025-05-23 03:20:00
2025-05-23 03:25:00,-1734.702,2025-05-23 03:25:00
2025-05-23 03:30:00,-1626.752,2025-05-23 03:30:00
2025-05-23 03:35:00,-1598.742,2025-05-23 03:35:00
2025-05-23 03:40:00,-1814.752,2025-05-23 03:40:00
2025-05-23 03:45:00,-1650.742,2025-05-23 03:45:00
2025-05-23 03:50:00,-1606.752,2025-05-23 03:50:00
2025-05-23 03:55:00,-1690.742,2025-05-23 03:55:00
2025-05-23 04:00:00,-1738.712,2025-05-23 04:00:00
2025-05-23 04:05:00,-1798.732,2025-05-23 04:05:00
2025-05-23 04:10:00,-1606.742,2025-05-23 04:10:00
2025-05-23 04:15:00,-1642.742,2025-05-23 04:15:00
2025-05-23 04:20:00,-1618.722,2025-05-23 04:20:00
2025-05-23 04:25:00,-1794.712,2025-05-23 04:25:00
2025-05-23 04:30:00,-1610.752,2025-05-23 04:30:00
2025-05-23 04:35:00,-1678.722,2025-05-23 04:35:00
2025-05-23 04:40:00,-1750.742,2025-05-23 04:40:00
2025-05-23 04:45:00,-1842.712,2025-05-23 04:45:00
2025-05-23 04:50:00,-1782.742,2025-05-23 04:50:00
2025-05-23 04:55:00,-1830.722,2025-05-23 04:55:00
2025-05-23 05:00:00,-1758.752,2025-05-23 05:00:00
2025-05-23 05:05:00,-1806.742,2025-05-23 05:05:00
2025-05-23 05:10:00,-1682.742,2025-05-23 05:10:00
2025-05-23 05:15:00,-1726.742,2025-05-23 05:15:00
2025-05-23 05:20:00,-1618.732,2025-05-23 05:20:00
2025-05-23 05:25:00,-1794.722,2025-05-23 05:25:00
2025-05-23 05:30:00,-1574.752,2025-05-23 05:30:00
2025-05-23 05:35:00,-1670.722,2025-05-23 05:35:00
2025-05-23 05:40:00,-1698.752,2025-05-23 05:40:00
2025-05-23 05:45:00,-1878.752,2025-05-23 05:45:00
2025-05-23 05:50:00,-1758.722,2025-05-23 05:50:00
2025-05-23 05:55:00,-1822.742,2025-05-23 05:55:00
2025-05-23 06:00:00,-1746.742,2025-05-23 06:00:00
2025-05-23 06:05:00,-1926.732,2025-05-23 06:05:00
2025-05-23 06:10:00,-1638.752,2025-05-23 06:10:00
2025-05-23 06:15:00,-1678.722,2025-05-23 06:15:00
2025-05-23 06:20:00,-1806.692,2025-05-23 06:20:00
2025-05-23 06:25:00,-1738.732,2025-05-23 06:25:00
2025-05-23 06:30:00,-1790.692,2025-05-23 06:30:00
2025-05-23 06:35:00,-1706.712,2025-05-23 06:35:00
2025-05-23 06:40:00,-1746.692,2025-05-23 06:40:00
2025-05-23 06:45:00,-1886.712,2025-05-23 06:45:00
2025-05-23 06:50:00,-1774.712,2025-05-23 06:50:00
2025-05-23 06:55:00,-1882.732,2025-05-23 06:55:00
2025-05-23 07:00:00,-1846.732,2025-05-23 07:00:00
2025-05-23 07:05:00,-1718.752,2025-05-23 07:05:00
2025-05-23 07:10:00,-1754.732,2025-05-23 07:10:00
2025-05-23 07:15:00,-1798.752,2025-05-23 07:15:00
2025-05-23 07:20:00,-1866.712,2025-05-23 07:20:00
2025-05-23 07:25:00,-2058.732,2025-05-23 07:25:00
2025-05-23 07:30:00,-2054.732,2025-05-23 07:30:00
2025-05-23 07:35:00,-1774.742,2025-05-23 07:35:00
2025-05-23 07:40:00,-1942.712,2025-05-23 07:40:00
2025-05-23 07:45:00,-1786.712,2025-05-23 07:45:00
2025-05-23 07:50:00,-1810.712,2025-05-23 07:50:00
2025-05-23 07:55:00,-1866.742,2025-05-23 07:55:00
2025-05-23 08:00:00,9000.0,2025-05-23 08:00:00
2025-05-23 08:05:00,9000.0,2025-05-23 08:05:00
2025-05-23 08:10:00,9000.0,2025-05-23 08:10:00
2025-05-23 08:15:00,9000.0,2025-05-23 08:15:00
2025-05-23 08:20:00,9000.0,2025-05-23 08:20:00
2025-05-23 08:25:00,9000.0,2025-05-23 08:25:00
2025-05-23 08:30:00,9000.0,2025-05-23 08:30:00
2025-05-23 08:35:00,9000.0,2025-05-23 08:35:00
2025-05-23 08:40:00,9000.0,2025-05-23 08:40:00
2025-05-23 08:45:00,9000.0,2025-05-23 08:45:00
2025-05-23 08:50:00,9000.0,2025-05-23 08:50:00
2025-05-23 08:55:00,9000.0,2025-05-23 08:55:00
2025-05-23 09:00:00,9000.0,2025-05-23 09:00:00
2025-05-23 09:05:00,9000.0,2025-05-23 09:05:00
2025-05-23 09:10:00,9000.0,2025-05-23 09:10:00
2025-05-23 09:15:00,9000.0,2025-05-23 09:15:00
2025-05-23 09:20:00,9000.0,2025-05-23 09:20:00
2025-05-23 09:25:00,9000.0,2025-05-23 09:25:00
2025-05-23 09:30:00,9000.0,2025-05-23 09:30:00
2025-05-23 09:35:00,6722.34,2025-05-23 09:35:00
2025-05-23 09:40:00,0.0,2025-05-23 09:40:00
2025-05-23 09:45:00,0.0,2025-05-23 09:45:00
2025-05-23 09:50:00,0.0,2025-05-23 09:50:00
2025-05-23 09:55:00,0.0,2025-05-23 09:55:00
2025-05-23 10:00:00,0.0,2025-05-23 10:00:00
2025-05-23 10:05:00,0.0,2025-05-23 10:05:00
2025-05-23 10:10:00,0.0,2025-05-23 10:10:00
2025-05-23 10:15:00,0.0,2025-05-23 10:15:00
2025-05-23 10:20:00,0.0,2025-05-23 10:20:00
2025-05-23 10:25:00,0.0,2025-05-23 10:25:00
2025-05-23 10:30:00,0.0,2025-05-23 10:30:00
2025-05-23 10:35:00,0.0,2025-05-23 10:35:00
2025-05-23 10:40:00,0.0,2025-05-23 10:40:00
2025-05-23 10:45:00,0.0,2025-05-23 10:45:00
2025-05-23 10:50:00,0.0,2025-05-23 10:50:00
2025-05-23 10:55:00,0.0,2025-05-23 10:55:00
2025-05-23 11:00:00,-2058.742,2025-05-23 11:00:00
2025-05-23 11:05:00,-2306.712,2025-05-23 11:05:00
2025-05-23 11:10:00,-2278.712,2025-05-23 11:10:00
2025-05-23 11:15:00,-2310.742,2025-05-23 11:15:00
2025-05-23 11:20:00,-2338.752,2025-05-23 11:20:00
2025-05-23 11:25:00,-2258.742,2025-05-23 11:25:00
2025-05-23 11:30:00,-2270.752,2025-05-23 11:30:00
2025-05-23 11:35:00,-2462.722,2025-05-23 11:35:00
2025-05-23 11:40:00,-2322.742,2025-05-23 11:40:00
2025-05-23 11:45:00,-2310.722,2025-05-23 11:45:00
2025-05-23 11:50:00,-2178.702,2025-05-23 11:50:00
2025-05-23 11:55:00,-2186.712,2025-05-23 11:55:00
2025-05-23 12:00:00,-2130.742,2025-05-23 12:00:00
2025-05-23 12:05:00,-2182.712,2025-05-23 12:05:00
2025-05-23 12:10:00,-2074.692,2025-05-23 12:10:00
2025-05-23 12:15:00,-2314.722,2025-05-23 12:15:00
2025-05-23 12:20:00,-2386.722,2025-05-23 12:20:00
2025-05-23 12:25:00,-2274.702,2025-05-23 12:25:00
2025-05-23 12:30:00,-2198.752,2025-05-23 12:30:00
2025-05-23 12:35:00,-2210.742,2025-05-23 12:35:00
2025-05-23 12:40:00,-1922.752,2025-05-23 12:40:00
2025-05-23 12:45:00,-2038.752,2025-05-23 12:45:00
2025-05-23 12:50:00,-1938.702,2025-05-23 12:50:00
2025-05-23 12:55:00,-1938.692,2025-05-23 12:55:00
2025-05-23 13:00:00,-1914.702,2025-05-23 13:00:00
2025-05-23 13:05:00,-1906.712,2025-05-23 13:05:00
2025-05-23 13:10:00,-1906.742,2025-05-23 13:10:00
2025-05-23 13:15:00,-1962.692,2025-05-23 13:15:00
2025-05-23 13:20:00,-2134.712,2025-05-23 13:20:00
2025-05-23 13:25:00,-2098.722,2025-05-23 13:25:00
2025-05-23 13:30:00,-2114.712,2025-05-23 13:30:00
2025-05-23 13:35:00,-2298.722,2025-05-23 13:35:00
2025-05-23 13:40:00,-2334.712,2025-05-23 13:40:00
2025-05-23 13:45:00,-2310.712,2025-05-23 13:45:00
2025-05-23 13:50:00,-2418.712,2025-05-23 13:50:00
2025-05-23 13:55:00,-2318.692,2025-05-23 13:55:00
2025-05-23 14:00:00,-2346.742,2025-05-23 14:00:00
2025-05-23 14:05:00,-2162.752,2025-05-23 14:05:00
2025-05-23 14:10:00,-2086.742,2025-05-23 14:10:00
2025-05-23 14:15:00,-2078.712,2025-05-23 14:15:00
2025-05-23 14:20:00,-2110.712,2025-05-23 14:20:00
2025-05-23 14:25:00,-2350.722,2025-05-23 14:25:00
2025-05-23 14:30:00,-2170.672,2025-05-23 14:30:00
2025-05-23 14:35:00,-2070.712,2025-05-23 14:35:00
2025-05-23 14:40:00,-2062.742,2025-05-23 14:40:00
2025-05-23 14:45:00,-2046.732,2025-05-23 14:45:00
2025-05-23 14:50:00,-2202.742,2025-05-23 14:50:00
2025-05-23 14:55:00,-1978.752,2025-05-23 14:55:00
2025-05-23 15:00:00,-1894.752,2025-05-23 15:00:00
2025-05-23 15:05:00,-1962.752,2025-05-23 15:05:00
2025-05-23 15:10:00,-1990.712,2025-05-23 15:10:00
2025-05-23 15:15:00,-2042.722,2025-05-23 15:15:00
2025-05-23 15:20:00,-1854.752,2025-05-23 15:20:00
2025-05-23 15:25:00,-1878.712,2025-05-23 15:25:00
2025-05-23 15:30:00,-2010.742,2025-05-23 15:30:00
2025-05-23 15:35:00,-2030.712,2025-05-23 15:35:00
2025-05-23 15:40:00,-1934.702,2025-05-23 15:40:00
2025-05-23 15:45:00,-3142.702,2025-05-23 15:45:00
2025-05-23 15:50:00,-1842.712,2025-05-23 15:50:00
2025-05-23 15:55:00,-1978.742,2025-05-23 15:55:00
2025-05-23 16:00:00,-1946.722,2025-05-23 16:00:00
2025-05-23 16:05:00,-1798.752,2025-05-23 16:05:00
2025-05-23 16:10:00,-1790.752,2025-05-23 16:10:00
2025-05-23 16:15:00,-1874.742,2025-05-23 16:15:00
2025-05-23 16:20:00,-1930.762,2025-05-23 16:20:00
2025-05-23 16:25:00,-1866.722,2025-05-23 16:25:00
2025-05-23 16:30:00,-2074.742,2025-05-23 16:30:00
2025-05-23 16:35:00,-1946.782,2025-05-23 16:35:00
2025-05-23 16:40:00,-2046.702,2025-05-23 16:40:00
2025-05-23 16:45:00,-2050.712,2025-05-23 16:45:00
2025-05-23 16:50:00,-1990.712,2025-05-23 16:50:00
2025-05-23 16:55:00,-1982.712,2025-05-23 16:55:00
2025-05-23 17:00:00,-1954.742,2025-05-23 17:00:00
2025-05-23 17:05:00,-2066.712,2025-05-23 17:05:00
2025-05-23 17:10:00,-1930.742,2025-05-23 17:10:00
2025-05-23 17:15:00,-1930.732,2025-05-23 17:15:00
2025-05-23 17:20:00,-2122.742,2025-05-23 17:20:00
2025-05-23 17:25:00,-2266.732,2025-05-23 17:25:00
2025-05-23 17:30:00,-1978.722,2025-05-23 17:30:00
2025-05-23 17:35:00,-2206.702,2025-05-23 17:35:00
2025-05-23 17:40:00,-1978.732,2025-05-23 17:40:00
2025-05-23 17:45:00,-2034.742,2025-05-23 17:45:00
2025-05-23 17:50:00,-2078.722,2025-05-23 17:50:00
2025-05-23 17:55:00,-2082.712,2025-05-23 17:55:00
2025-05-23 18:00:00,9000.0,2025-05-23 18:00:00
2025-05-23 18:05:00,9000.0,2025-05-23 18:05:00
2025-05-23 18:10:00,9000.0,2025-05-23 18:10:00
2025-05-23 18:15:00,9000.0,2025-05-23 18:15:00
2025-05-23 18:20:00,9000.0,2025-05-23 18:20:00
2025-05-23 18:25:00,9000.0,2025-05-23 18:25:00
2025-05-23 18:30:00,9000.0,2025-05-23 18:30:00
2025-05-23 18:35:00,9000.0,2025-05-23 18:35:00
2025-05-23 18:40:00,9000.0,2025-05-23 18:40:00
2025-05-23 18:45:00,9000.0,2025-05-23 18:45:00
2025-05-23 18:50:00,9000.0,2025-05-23 18:50:00
2025-05-23 18:55:00,9000.0,2025-05-23 18:55:00
2025-05-23 19:00:00,9000.0,2025-05-23 19:00:00
2025-05-23 19:05:00,9000.0,2025-05-23 19:05:00
2025-05-23 19:10:00,9000.0,2025-05-23 19:10:00
2025-05-23 19:15:00,9000.0,2025-05-23 19:15:00
2025-05-23 19:20:00,8999.999,2025-05-23 19:20:00
2025-05-23 19:25:00,1510.095,2025-05-23 19:25:00
2025-05-23 19:30:00,0.0,2025-05-23 19:30:00
2025-05-23 19:35:00,0.0,2025-05-23 19:35:00
2025-05-23 19:40:00,0.0,2025-05-23 19:40:00
2025-05-23 19:45:00,0.0,2025-05-23 19:45:00
2025-05-23 19:50:00,0.0,2025-05-23 19:50:00
2025-05-23 19:55:00,0.0,2025-05-23 19:55:00
2025-05-23 20:00:00,0.0,2025-05-23 20:00:00
2025-05-23 20:05:00,0.0,2025-05-23 20:05:00
2025-05-23 20:10:00,0.0,2025-05-23 20:10:00
2025-05-23 20:15:00,0.0,2025-05-23 20:15:00
2025-05-23 20:20:00,0.0,2025-05-23 20:20:00
2025-05-23 20:25:00,0.0,2025-05-23 20:25:00
2025-05-23 20:30:00,0.0,2025-05-23 20:30:00
2025-05-23 20:35:00,0.0,2025-05-23 20:35:00
2025-05-23 20:40:00,0.0,2025-05-23 20:40:00
2025-05-23 20:45:00,0.0,2025-05-23 20:45:00
2025-05-23 20:50:00,0.0,2025-05-23 20:50:00
2025-05-23 20:55:00,0.0,2025-05-23 20:55:00
2025-05-23 21:00:00,0.0,2025-05-23 21:00:00
2025-05-23 21:05:00,0.0,2025-05-23 21:05:00
2025-05-23 21:10:00,0.0,2025-05-23 21:10:00
2025-05-23 21:15:00,0.0,2025-05-23 21:15:00
2025-05-23 21:20:00,0.0,2025-05-23 21:20:00
2025-05-23 21:25:00,0.0,2025-05-23 21:25:00
2025-05-23 21:30:00,0.0,2025-05-23 21:30:00
2025-05-23 21:35:00,0.0,2025-05-23 21:35:00
2025-05-23 21:40:00,0.0,2025-05-23 21:40:00
2025-05-23 21:45:00,0.0,2025-05-23 21:45:00
2025-05-23 21:50:00,0.0,2025-05-23 21:50:00
2025-05-23 21:55:00,0.0,2025-05-23 21:55:00
2025-05-23 22:00:00,-1483.032,2025-05-23 22:00:00
2025-05-23 22:05:00,-1295.062,2025-05-23 22:05:00
2025-05-23 22:10:00,-1503.002,2025-05-23 22:10:00
2025-05-23 22:15:00,-1627.042,2025-05-23 22:15:00
2025-05-23 22:20:00,-1743.042,2025-05-23 22:20:00
2025-05-23 22:25:00,-1583.022,2025-05-23 22:25:00
2025-05-23 22:30:00,-1419.062,2025-05-23 22:30:00
2025-05-23 22:35:00,-1571.052,2025-05-23 22:35:00
2025-05-23 22:40:00,-1527.052,2025-05-23 22:40:00
2025-05-23 22:45:00,-1555.022,2025-05-23 22:45:00
2025-05-23 22:50:00,-1523.052,2025-05-23 22:50:00
2025-05-23 22:55:00,-1435.052,2025-05-23 22:55:00
2025-05-23 23:00:00,-1427.052,2025-05-23 23:00:00
2025-05-23 23:05:00,-1311.042,2025-05-23 23:05:00
2025-05-23 23:10:00,-1387.012,2025-05-23 23:10:00
2025-05-23 23:15:00,-1407.012,2025-05-23 23:15:00
2025-05-23 23:20:00,-1371.062,2025-05-23 23:20:00
2025-05-23 23:25:00,-1379.072,2025-05-23 23:25:00
2025-05-23 23:30:00,-1427.022,2025-05-23 23:30:00
2025-05-23 23:35:00,-1491.062,2025-05-23 23:35:00
2025-05-23 23:40:00,-1407.022,2025-05-23 23:40:00
2025-05-23 23:45:00,-1503.042,2025-05-23 23:45:00
2025-05-23 23:50:00,-1430.992,2025-05-23 23:50:00
2025-05-23 23:55:00,-1475.052,2025-05-23 23:55:00
2025-05-24 00:00:00,-1383.042,2025-05-24 00:00:00
2025-05-24 00:05:00,-1407.022,2025-05-24 00:05:00
2025-05-24 00:10:00,-1407.022,2025-05-24 00:10:00
2025-05-24 00:15:00,-1399.062,2025-05-24 00:15:00
2025-05-24 00:20:00,-1495.042,2025-05-24 00:20:00
2025-05-24 00:25:00,-1235.022,2025-05-24 00:25:00
2025-05-24 00:30:00,-1402.992,2025-05-24 00:30:00
2025-05-24 00:35:00,-1411.012,2025-05-24 00:35:00
2025-05-24 00:40:00,-1563.042,2025-05-24 00:40:00
2025-05-24 00:45:00,-1343.032,2025-05-24 00:45:00
2025-05-24 00:50:00,-1619.042,2025-05-24 00:50:00
2025-05-24 00:55:00,-1759.022,2025-05-24 00:55:00
2025-05-24 01:00:00,-1579.032,2025-05-24 01:00:00
2025-05-24 01:05:00,-1643.072,2025-05-24 01:05:00
2025-05-24 01:10:00,-1703.052,2025-05-24 01:10:00
2025-05-24 01:15:00,-1795.012,2025-05-24 01:15:00
2025-05-24 01:20:00,-1639.052,2025-05-24 01:20:00
2025-05-24 01:25:00,-1547.032,2025-05-24 01:25:00
2025-05-24 01:30:00,-1451.012,2025-05-24 01:30:00
2025-05-24 01:35:00,-1535.032,2025-05-24 01:35:00
2025-05-24 01:40:00,-1547.022,2025-05-24 01:40:00
2025-05-24 01:45:00,-1519.042,2025-05-24 01:45:00
2025-05-24 01:50:00,-1491.042,2025-05-24 01:50:00
2025-05-24 01:55:00,-1607.002,2025-05-24 01:55:00
2025-05-24 02:00:00,-1719.002,2025-05-24 02:00:00
2025-05-24 02:05:00,-1667.072,2025-05-24 02:05:00
2025-05-24 02:10:00,-1727.032,2025-05-24 02:10:00
2025-05-24 02:15:00,-1555.042,2025-05-24 02:15:00
2025-05-24 02:20:00,-1679.032,2025-05-24 02:20:00
2025-05-24 02:25:00,-1627.052,2025-05-24 02:25:00
2025-05-24 02:30:00,-1579.022,2025-05-24 02:30:00
2025-05-24 02:35:00,-1555.062,2025-05-24 02:35:00
2025-05-24 02:40:00,-1579.022,2025-05-24 02:40:00
2025-05-24 02:45:00,-1619.062,2025-05-24 02:45:00
2025-05-24 02:50:00,-1431.072,2025-05-24 02:50:00
2025-05-24 02:55:00,-1435.042,2025-05-24 02:55:00
2025-05-24 03:00:00,-1339.062,2025-05-24 03:00:00
2025-05-24 03:05:00,-1595.082,2025-05-24 03:05:00
2025-05-24 03:10:00,-1342.982,2025-05-24 03:10:00
2025-05-24 03:15:00,-1327.082,2025-05-24 03:15:00
2025-05-24 03:20:00,-1323.062,2025-05-24 03:20:00
2025-05-24 03:25:00,-1403.042,2025-05-24 03:25:00
2025-05-24 03:30:00,-1507.042,2025-05-24 03:30:00
2025-05-24 03:35:00,-1479.022,2025-05-24 03:35:00
2025-05-24 03:40:00,-1539.042,2025-05-24 03:40:00
2025-05-24 03:45:00,-1363.042,2025-05-24 03:45:00
2025-05-24 03:50:00,-1359.062,2025-05-24 03:50:00
2025-05-24 03:55:00,-1391.042,2025-05-24 03:55:00
2025-05-24 04:00:00,-1451.022,2025-05-24 04:00:00
2025-05-24 04:05:00,-1355.022,2025-05-24 04:05:00
2025-05-24 04:10:00,-1519.042,2025-05-24 04:10:00
2025-05-24 04:15:00,-1595.062,2025-05-24 04:15:00
2025-05-24 04:20:00,-1563.062,2025-05-24 04:20:00
2025-05-24 04:25:00,-1391.062,2025-05-24 04:25:00
2025-05-24 04:30:00,-1403.062,2025-05-24 04:30:00
2025-05-24 04:35:00,-1607.062,2025-05-24 04:35:00
2025-05-24 04:40:00,-1475.042,2025-05-24 04:40:00
2025-05-24 04:45:00,-1403.032,2025-05-24 04:45:00
2025-05-24 04:50:00,-1411.042,2025-05-24 04:50:00
2025-05-24 04:55:00,-1435.072,2025-05-24 04:55:00
2025-05-24 05:00:00,-1795.042,2025-05-24 05:00:00
2025-05-24 05:05:00,-1755.052,2025-05-24 05:05:00
2025-05-24 05:10:00,-1811.042,2025-05-24 05:10:00
2025-05-24 05:15:00,-1943.062,2025-05-24 05:15:00
2025-05-24 05:20:00,-2083.022,2025-05-24 05:20:00
2025-05-24 05:25:00,-1883.022,2025-05-24 05:25:00
2025-05-24 05:30:00,-1803.042,2025-05-24 05:30:00
2025-05-24 05:35:00,-1811.042,2025-05-24 05:35:00
2025-05-24 05:40:00,-1947.072,2025-05-24 05:40:00
2025-05-24 05:45:00,-1983.072,2025-05-24 05:45:00
2025-05-24 05:50:00,-1795.052,2025-05-24 05:50:00
2025-05-24 05:55:00,-1819.032,2025-05-24 05:55:00
2025-05-24 06:00:00,-1855.022,2025-05-24 06:00:00
2025-05-24 06:05:00,-1887.062,2025-05-24 06:05:00
2025-05-24 06:10:00,-1859.062,2025-05-24 06:10:00
2025-05-24 06:15:00,-1899.052,2025-05-24 06:15:00
2025-05-24 06:20:00,-1983.052,2025-05-24 06:20:00
2025-05-24 06:25:00,-1891.062,2025-05-24 06:25:00
2025-05-24 06:30:00,-2023.062,2025-05-24 06:30:00
2025-05-24 06:35:00,-1847.022,2025-05-24 06:35:00
2025-05-24 06:40:00,-1843.042,2025-05-24 06:40:00
2025-05-24 06:45:00,-1915.052,2025-05-24 06:45:00
2025-05-24 06:50:00,-1935.012,2025-05-24 06:50:00
2025-05-24 06:55:00,-1839.042,2025-05-24 06:55:00
2025-05-24 07:00:00,-1831.052,2025-05-24 07:00:00
2025-05-24 07:05:00,-1963.032,2025-05-24 07:05:00
2025-05-24 07:10:00,-1935.032,2025-05-24 07:10:00
2025-05-24 07:15:00,-1851.062,2025-05-24 07:15:00
2025-05-24 07:20:00,-1983.052,2025-05-24 07:20:00
2025-05-24 07:25:00,-1919.042,2025-05-24 07:25:00
2025-05-24 07:30:00,-1887.022,2025-05-24 07:30:00
2025-05-24 07:35:00,-2027.042,2025-05-24 07:35:00
2025-05-24 07:40:00,-2127.032,2025-05-24 07:40:00
2025-05-24 07:45:00,-2143.082,2025-05-24 07:45:00
2025-05-24 07:50:00,-2075.062,2025-05-24 07:50:00
2025-05-24 07:55:00,-1871.102,2025-05-24 07:55:00
2025-05-24 08:00:00,9000.0,2025-05-24 08:00:00
2025-05-24 08:05:00,9000.0,2025-05-24 08:05:00
2025-05-24 08:10:00,9000.0,2025-05-24 08:10:00
2025-05-24 08:15:00,9000.0,2025-05-24 08:15:00
2025-05-24 08:20:00,9000.0,2025-05-24 08:20:00
2025-05-24 08:25:00,9000.0,2025-05-24 08:25:00
2025-05-24 08:30:00,9000.0,2025-05-24 08:30:00
2025-05-24 08:35:00,9000.0,2025-05-24 08:35:00
2025-05-24 08:40:00,9000.0,2025-05-24 08:40:00
2025-05-24 08:45:00,9000.0,2025-05-24 08:45:00
2025-05-24 08:50:00,9000.0,2025-05-24 08:50:00
2025-05-24 08:55:00,9000.0,2025-05-24 08:55:00
2025-05-24 09:00:00,9000.0,2025-05-24 09:00:00
2025-05-24 09:05:00,9000.0,2025-05-24 09:05:00
2025-05-24 09:10:00,9000.0,2025-05-24 09:10:00
2025-05-24 09:15:00,9000.0,2025-05-24 09:15:00
2025-05-24 09:20:00,9000.0,2025-05-24 09:20:00
2025-05-24 09:25:00,9000.0,2025-05-24 09:25:00
2025-05-24 09:30:00,7843.566,2025-05-24 09:30:00
2025-05-24 09:35:00,0.0,2025-05-24 09:35:00
2025-05-24 09:40:00,0.0,2025-05-24 09:40:00
2025-05-24 09:45:00,0.0,2025-05-24 09:45:00
2025-05-24 09:50:00,0.0,2025-05-24 09:50:00
2025-05-24 09:55:00,0.0,2025-05-24 09:55:00
2025-05-24 10:00:00,0.0,2025-05-24 10:00:00
2025-05-24 10:05:00,0.0,2025-05-24 10:05:00
2025-05-24 10:10:00,0.0,2025-05-24 10:10:00
2025-05-24 10:15:00,0.0,2025-05-24 10:15:00
2025-05-24 10:20:00,0.0,2025-05-24 10:20:00
2025-05-24 10:25:00,0.0,2025-05-24 10:25:00
2025-05-24 10:30:00,0.0,2025-05-24 10:30:00
2025-05-24 10:35:00,0.0,2025-05-24 10:35:00
2025-05-24 10:40:00,0.0,2025-05-24 10:40:00
2025-05-24 10:45:00,0.0,2025-05-24 10:45:00
2025-05-24 10:50:00,0.0,2025-05-24 10:50:00
2025-05-24 10:55:00,0.0,2025-05-24 10:55:00
2025-05-24 11:00:00,-2195.032,2025-05-24 11:00:00
2025-05-24 11:05:00,-2207.032,2025-05-24 11:05:00
2025-05-24 11:10:00,-1999.012,2025-05-24 11:10:00
2025-05-24 11:15:00,-2107.042,2025-05-24 11:15:00
2025-05-24 11:20:00,-2031.012,2025-05-24 11:20:00
2025-05-24 11:25:00,-1955.032,2025-05-24 11:25:00
2025-05-24 11:30:00,-1975.022,2025-05-24 11:30:00
2025-05-24 11:35:00,-1975.052,2025-05-24 11:35:00
2025-05-24 11:40:00,-2131.012,2025-05-24 11:40:00
2025-05-24 11:45:00,-2075.052,2025-05-24 11:45:00
2025-05-24 11:50:00,-1947.032,2025-05-24 11:50:00
2025-05-24 11:55:00,-1951.042,2025-05-24 11:55:00
2025-05-24 12:00:00,-1911.002,2025-05-24 12:00:00
2025-05-24 12:05:00,-1919.052,2025-05-24 12:05:00
2025-05-24 12:10:00,-2031.072,2025-05-24 12:10:00
2025-05-24 12:15:00,-1887.062,2025-05-24 12:15:00
2025-05-24 12:20:00,-1987.062,2025-05-24 12:20:00
2025-05-24 12:25:00,-2087.012,2025-05-24 12:25:00
2025-05-24 12:30:00,-2047.062,2025-05-24 12:30:00
2025-05-24 12:35:00,-1927.042,2025-05-24 12:35:00
2025-05-24 12:40:00,-2207.072,2025-05-24 12:40:00
2025-05-24 12:45:00,-2091.032,2025-05-24 12:45:00
2025-05-24 12:50:00,-2219.062,2025-05-24 12:50:00
2025-05-24 12:55:00,-2127.062,2025-05-24 12:55:00
2025-05-24 13:00:00,-2059.072,2025-05-24 13:00:00
2025-05-24 13:05:00,-2179.042,2025-05-24 13:05:00
2025-05-24 13:10:00,-2055.042,2025-05-24 13:10:00
2025-05-24 13:15:00,-2055.012,2025-05-24 13:15:00
2025-05-24 13:20:00,-2123.072,2025-05-24 13:20:00
2025-05-24 13:25:00,-1927.042,2025-05-24 13:25:00
2025-05-24 13:30:00,-2135.042,2025-05-24 13:30:00
2025-05-24 13:35:00,-2083.032,2025-05-24 13:35:00
2025-05-24 13:40:00,-1871.022,2025-05-24 13:40:00
2025-05-24 13:45:00,-1959.042,2025-05-24 13:45:00
2025-05-24 13:50:00,-2095.042,2025-05-24 13:50:00
2025-05-24 13:55:00,-1979.042,2025-05-24 13:55:00
2025-05-24 14:00:00,-2111.042,2025-05-24 14:00:00
2025-05-24 14:05:00,-1947.052,2025-05-24 14:05:00
2025-05-24 14:10:00,-1923.042,2025-05-24 14:10:00
2025-05-24 14:15:00,-1919.042,2025-05-24 14:15:00
2025-05-24 14:20:00,-2011.072,2025-05-24 14:20:00
2025-05-24 14:25:00,-1850.992,2025-05-24 14:25:00
2025-05-24 14:30:00,-1923.022,2025-05-24 14:30:00
2025-05-24 14:35:00,-2007.042,2025-05-24 14:35:00
2025-05-24 14:40:00,-1867.042,2025-05-24 14:40:00
2025-05-24 14:45:00,-1987.042,2025-05-24 14:45:00
2025-05-24 14:50:00,-2003.042,2025-05-24 14:50:00
2025-05-24 14:55:00,-1963.052,2025-05-24 14:55:00
2025-05-24 15:00:00,-1987.042,2025-05-24 15:00:00
2025-05-24 15:05:00,-2183.032,2025-05-24 15:05:00
2025-05-24 15:10:00,-2071.012,2025-05-24 15:10:00
2025-05-24 15:15:00,-2107.022,2025-05-24 15:15:00
2025-05-24 15:20:00,-1919.022,2025-05-24 15:20:00
2025-05-24 15:25:00,-1987.052,2025-05-24 15:25:00
2025-05-24 15:30:00,-1967.032,2025-05-24 15:30:00
2025-05-24 15:35:00,-2039.032,2025-05-24 15:35:00
2025-05-24 15:40:00,-1971.062,2025-05-24 15:40:00
2025-05-24 15:45:00,-1947.062,2025-05-24 15:45:00
2025-05-24 15:50:00,-2087.042,2025-05-24 15:50:00
2025-05-24 15:55:00,-2135.032,2025-05-24 15:55:00
2025-05-24 16:00:00,-2155.052,2025-05-24 16:00:00
2025-05-24 16:05:00,-2007.052,2025-05-24 16:05:00
2025-05-24 16:10:00,-1811.032,2025-05-24 16:10:00
2025-05-24 16:15:00,-2087.022,2025-05-24 16:15:00
2025-05-24 16:20:00,-1907.052,2025-05-24 16:20:00
2025-05-24 16:25:00,-2007.032,2025-05-24 16:25:00
2025-05-24 16:30:00,-2127.012,2025-05-24 16:30:00
2025-05-24 16:35:00,-2155.022,2025-05-24 16:35:00
2025-05-24 16:40:00,-2059.032,2025-05-24 16:40:00
2025-05-24 16:45:00,-1935.082,2025-05-24 16:45:00
2025-05-24 16:50:00,-2027.062,2025-05-24 16:50:00
2025-05-24 16:55:00,-1999.062,2025-05-24 16:55:00
2025-05-24 17:00:00,-2179.012,2025-05-24 17:00:00
2025-05-24 17:05:00,-1906.972,2025-05-24 17:05:00
2025-05-24 17:10:00,-1799.062,2025-05-24 17:10:00
2025-05-24 17:15:00,-1927.042,2025-05-24 17:15:00
2025-05-24 17:20:00,-1967.042,2025-05-24 17:20:00
2025-05-24 17:25:00,-2195.032,2025-05-24 17:25:00
2025-05-24 17:30:00,-2075.022,2025-05-24 17:30:00
2025-05-24 17:35:00,-2159.042,2025-05-24 17:35:00
2025-05-24 17:40:00,-2131.012,2025-05-24 17:40:00
2025-05-24 17:45:00,-2211.022,2025-05-24 17:45:00
2025-05-24 17:50:00,-2226.982,2025-05-24 17:50:00
2025-05-24 17:55:00,-2183.022,2025-05-24 17:55:00
2025-05-24 18:00:00,9000.0,2025-05-24 18:00:00
2025-05-24 18:05:00,9000.0,2025-05-24 18:05:00
2025-05-24 18:10:00,9000.0,2025-05-24 18:10:00
2025-05-24 18:15:00,9000.0,2025-05-24 18:15:00
2025-05-24 18:20:00,9000.0,2025-05-24 18:20:00
2025-05-24 18:25:00,9000.0,2025-05-24 18:25:00
2025-05-24 18:30:00,9000.0,2025-05-24 18:30:00
2025-05-24 18:35:00,9000.0,2025-05-24 18:35:00
2025-05-24 18:40:00,9000.0,2025-05-24 18:40:00
2025-05-24 18:45:00,9000.0,2025-05-24 18:45:00
2025-05-24 18:50:00,9000.0,2025-05-24 18:50:00
2025-05-24 18:55:00,9000.0,2025-05-24 18:55:00
2025-05-24 19:00:00,9000.0,2025-05-24 19:00:00
2025-05-24 19:05:00,9000.0,2025-05-24 19:05:00
2025-05-24 19:10:00,9000.0,2025-05-24 19:10:00
2025-05-24 19:15:00,9000.0,2025-05-24 19:15:00
2025-05-24 19:20:00,5156.095,2025-05-24 19:20:00
2025-05-24 19:25:00,0.0,2025-05-24 19:25:00
2025-05-24 19:30:00,0.0,2025-05-24 19:30:00
2025-05-24 19:35:00,0.0,2025-05-24 19:35:00
2025-05-24 19:40:00,0.0,2025-05-24 19:40:00
2025-05-24 19:45:00,0.0,2025-05-24 19:45:00
2025-05-24 19:50:00,0.0,2025-05-24 19:50:00
2025-05-24 19:55:00,0.0,2025-05-24 19:55:00
2025-05-24 20:00:00,0.0,2025-05-24 20:00:00
2025-05-24 20:05:00,0.0,2025-05-24 20:05:00
2025-05-24 20:10:00,0.0,2025-05-24 20:10:00
2025-05-24 20:15:00,0.0,2025-05-24 20:15:00
2025-05-24 20:20:00,0.0,2025-05-24 20:20:00
2025-05-24 20:25:00,0.0,2025-05-24 20:25:00
2025-05-24 20:30:00,0.0,2025-05-24 20:30:00
2025-05-24 20:35:00,0.0,2025-05-24 20:35:00
2025-05-24 20:40:00,0.0,2025-05-24 20:40:00
2025-05-24 20:45:00,0.0,2025-05-24 20:45:00
2025-05-24 20:50:00,0.0,2025-05-24 20:50:00
2025-05-24 20:55:00,0.0,2025-05-24 20:55:00
2025-05-24 21:00:00,0.0,2025-05-24 21:00:00
2025-05-24 21:05:00,0.0,2025-05-24 21:05:00
2025-05-24 21:10:00,0.0,2025-05-24 21:10:00
2025-05-24 21:15:00,0.0,2025-05-24 21:15:00
2025-05-24 21:20:00,0.0,2025-05-24 21:20:00
2025-05-24 21:25:00,0.0,2025-05-24 21:25:00
2025-05-24 21:30:00,0.0,2025-05-24 21:30:00
2025-05-24 21:35:00,0.0,2025-05-24 21:35:00
2025-05-24 21:40:00,0.0,2025-05-24 21:40:00
2025-05-24 21:45:00,0.0,2025-05-24 21:45:00
2025-05-24 21:50:00,0.0,2025-05-24 21:50:00
2025-05-24 21:55:00,0.0,2025-05-24 21:55:00
2025-05-24 22:00:00,-1741.302,2025-05-24 22:00:00
2025-05-24 22:05:00,-1605.302,2025-05-24 22:05:00
2025-05-24 22:10:00,-1593.252,2025-05-24 22:10:00
2025-05-24 22:15:00,-1741.302,2025-05-24 22:15:00
2025-05-24 22:20:00,-1461.272,2025-05-24 22:20:00
2025-05-24 22:25:00,-1709.312,2025-05-24 22:25:00
2025-05-24 22:30:00,-1437.292,2025-05-24 22:30:00
2025-05-24 22:35:00,-1777.262,2025-05-24 22:35:00
2025-05-24 22:40:00,-1497.292,2025-05-24 22:40:00
2025-05-24 22:45:00,-1521.282,2025-05-24 22:45:00
2025-05-24 22:50:00,-1541.272,2025-05-24 22:50:00
2025-05-24 22:55:00,-1701.292,2025-05-24 22:55:00
2025-05-24 23:00:00,-1529.312,2025-05-24 23:00:00
2025-05-24 23:05:00,-1625.282,2025-05-24 23:05:00
2025-05-24 23:10:00,-1697.322,2025-05-24 23:10:00
2025-05-24 23:15:00,-1941.272,2025-05-24 23:15:00
2025-05-24 23:20:00,-1837.312,2025-05-24 23:20:00
2025-05-24 23:25:00,-1501.292,2025-05-24 23:25:00
2025-05-24 23:30:00,-1537.282,2025-05-24 23:30:00
2025-05-24 23:35:00,-1721.312,2025-05-24 23:35:00
2025-05-24 23:40:00,-1705.302,2025-05-24 23:40:00
2025-05-24 23:45:00,-1653.262,2025-05-24 23:45:00
2025-05-24 23:50:00,-1953.252,2025-05-24 23:50:00
2025-05-24 23:55:00,-1881.252,2025-05-24 23:55:00
2025-05-25 00:00:00,-1673.272,2025-05-25 00:00:00
2025-05-25 00:05:00,-1681.302,2025-05-25 00:05:00
2025-05-25 00:10:00,-1985.312,2025-05-25 00:10:00
2025-05-25 00:15:00,-2121.302,2025-05-25 00:15:00
2025-05-25 00:20:00,-1745.272,2025-05-25 00:20:00
2025-05-25 00:25:00,-1769.342,2025-05-25 00:25:00
2025-05-25 00:30:00,-1865.252,2025-05-25 00:30:00
2025-05-25 00:35:00,-1533.322,2025-05-25 00:35:00
2025-05-25 00:40:00,-1765.272,2025-05-25 00:40:00
2025-05-25 00:45:00,-1573.302,2025-05-25 00:45:00
2025-05-25 00:50:00,-1573.282,2025-05-25 00:50:00
2025-05-25 00:55:00,-1729.312,2025-05-25 00:55:00
2025-05-25 01:00:00,-1649.322,2025-05-25 01:00:00
2025-05-25 01:05:00,-1897.292,2025-05-25 01:05:00
2025-05-25 01:10:00,-1789.282,2025-05-25 01:10:00
2025-05-25 01:15:00,-1825.302,2025-05-25 01:15:00
2025-05-25 01:20:00,-1761.302,2025-05-25 01:20:00
2025-05-25 01:25:00,-1897.262,2025-05-25 01:25:00
2025-05-25 01:30:00,-1881.322,2025-05-25 01:30:00
2025-05-25 01:35:00,-1861.292,2025-05-25 01:35:00
2025-05-25 01:40:00,-1645.302,2025-05-25 01:40:00
2025-05-25 01:45:00,-1617.302,2025-05-25 01:45:00
2025-05-25 01:50:00,-1617.302,2025-05-25 01:50:00
2025-05-25 01:55:00,-1521.312,2025-05-25 01:55:00
2025-05-25 02:00:00,-1597.322,2025-05-25 02:00:00
2025-05-25 02:05:00,-1421.282,2025-05-25 02:05:00
2025-05-25 02:10:00,-1617.312,2025-05-25 02:10:00
2025-05-25 02:15:00,-1481.292,2025-05-25 02:15:00
2025-05-25 02:20:00,-1569.302,2025-05-25 02:20:00
2025-05-25 02:25:00,-1641.312,2025-05-25 02:25:00
2025-05-25 02:30:00,-1649.302,2025-05-25 02:30:00
2025-05-25 02:35:00,-1613.262,2025-05-25 02:35:00
2025-05-25 02:40:00,-1481.262,2025-05-25 02:40:00
2025-05-25 02:45:00,-1561.282,2025-05-25 02:45:00
2025-05-25 02:50:00,-1773.292,2025-05-25 02:50:00
2025-05-25 02:55:00,-1729.312,2025-05-25 02:55:00
2025-05-25 03:00:00,-1697.302,2025-05-25 03:00:00
2025-05-25 03:05:00,-1613.272,2025-05-25 03:05:00
2025-05-25 03:10:00,-1617.272,2025-05-25 03:10:00
2025-05-25 03:15:00,-1533.302,2025-05-25 03:15:00
2025-05-25 03:20:00,-1653.292,2025-05-25 03:20:00
2025-05-25 03:25:00,-1721.312,2025-05-25 03:25:00
2025-05-25 03:30:00,-1661.302,2025-05-25 03:30:00
2025-05-25 03:35:00,-1669.302,2025-05-25 03:35:00
2025-05-25 03:40:00,-1721.292,2025-05-25 03:40:00
2025-05-25 03:45:00,-1577.322,2025-05-25 03:45:00
2025-05-25 03:50:00,-1689.322,2025-05-25 03:50:00
2025-05-25 03:55:00,-1665.302,2025-05-25 03:55:00
2025-05-25 04:00:00,-1437.322,2025-05-25 04:00:00
2025-05-25 04:05:00,-1521.302,2025-05-25 04:05:00
2025-05-25 04:10:00,-1677.282,2025-05-25 04:10:00
2025-05-25 04:15:00,-1669.272,2025-05-25 04:15:00
2025-05-25 04:20:00,-1493.322,2025-05-25 04:20:00
2025-05-25 04:25:00,-1645.292,2025-05-25 04:25:00
2025-05-25 04:30:00,-1485.312,2025-05-25 04:30:00
2025-05-25 04:35:00,-1633.322,2025-05-25 04:35:00
2025-05-25 04:40:00,-1653.262,2025-05-25 04:40:00
2025-05-25 04:45:00,-1721.302,2025-05-25 04:45:00
2025-05-25 04:50:00,-1545.312,2025-05-25 04:50:00
2025-05-25 04:55:00,-1657.302,2025-05-25 04:55:00
2025-05-25 05:00:00,-1637.282,2025-05-25 05:00:00
2025-05-25 05:05:00,-1665.292,2025-05-25 05:05:00
2025-05-25 05:10:00,-1493.302,2025-05-25 05:10:00
2025-05-25 05:15:00,-1561.312,2025-05-25 05:15:00
2025-05-25 05:20:00,-1577.292,2025-05-25 05:20:00
2025-05-25 05:25:00,-1549.282,2025-05-25 05:25:00
2025-05-25 05:30:00,-1557.252,2025-05-25 05:30:00
2025-05-25 05:35:00,-1717.302,2025-05-25 05:35:00
2025-05-25 05:40:00,-1549.282,2025-05-25 05:40:00
2025-05-25 05:45:00,-1733.302,2025-05-25 05:45:00
2025-05-25 05:50:00,-1697.262,2025-05-25 05:50:00
2025-05-25 05:55:00,-1673.302,2025-05-25 05:55:00
2025-05-25 06:00:00,-1613.252,2025-05-25 06:00:00
2025-05-25 06:05:00,-1661.332,2025-05-25 06:05:00
2025-05-25 06:10:00,-1605.302,2025-05-25 06:10:00
2025-05-25 06:15:00,-1457.262,2025-05-25 06:15:00
2025-05-25 06:20:00,-1825.312,2025-05-25 06:20:00
2025-05-25 06:25:00,-1521.302,2025-05-25 06:25:00
2025-05-25 06:30:00,-1701.292,2025-05-25 06:30:00
2025-05-25 06:35:00,-1777.202,2025-05-25 06:35:00
2025-05-25 06:40:00,-1773.312,2025-05-25 06:40:00
2025-05-25 06:45:00,-1777.322,2025-05-25 06:45:00
2025-05-25 06:50:00,-1525.302,2025-05-25 06:50:00
2025-05-25 06:55:00,-1641.282,2025-05-25 06:55:00
2025-05-25 07:00:00,-1613.292,2025-05-25 07:00:00
2025-05-25 07:05:00,-1641.302,2025-05-25 07:05:00
2025-05-25 07:10:00,-1645.302,2025-05-25 07:10:00
2025-05-25 07:15:00,-1509.272,2025-05-25 07:15:00
2025-05-25 07:20:00,-1597.312,2025-05-25 07:20:00
2025-05-25 07:25:00,-1645.302,2025-05-25 07:25:00
2025-05-25 07:30:00,-1621.312,2025-05-25 07:30:00
2025-05-25 07:35:00,-1645.262,2025-05-25 07:35:00
2025-05-25 07:40:00,-1765.282,2025-05-25 07:40:00
2025-05-25 07:45:00,-1609.302,2025-05-25 07:45:00
2025-05-25 07:50:00,-1541.312,2025-05-25 07:50:00
2025-05-25 07:55:00,-1649.302,2025-05-25 07:55:00
2025-05-25 08:00:00,9000.0,2025-05-25 08:00:00
2025-05-25 08:05:00,9000.0,2025-05-25 08:05:00
2025-05-25 08:10:00,9000.0,2025-05-25 08:10:00
2025-05-25 08:15:00,9000.0,2025-05-25 08:15:00
2025-05-25 08:20:00,9000.0,2025-05-25 08:20:00
2025-05-25 08:25:00,9000.0,2025-05-25 08:25:00
2025-05-25 08:30:00,9000.0,2025-05-25 08:30:00
2025-05-25 08:35:00,9000.0,2025-05-25 08:35:00
2025-05-25 08:40:00,9000.0,2025-05-25 08:40:00
2025-05-25 08:45:00,9000.0,2025-05-25 08:45:00
2025-05-25 08:50:00,9000.0,2025-05-25 08:50:00
2025-05-25 08:55:00,9000.0,2025-05-25 08:55:00
2025-05-25 09:00:00,9000.0,2025-05-25 09:00:00
2025-05-25 09:05:00,9000.0,2025-05-25 09:05:00
2025-05-25 09:10:00,9000.0,2025-05-25 09:10:00
2025-05-25 09:15:00,9000.0,2025-05-25 09:15:00
2025-05-25 09:20:00,9000.0,2025-05-25 09:20:00
2025-05-25 09:25:00,8999.999,2025-05-25 09:25:00
2025-05-25 09:30:00,8999.998,2025-05-25 09:30:00
2025-05-25 09:35:00,2715.581,2025-05-25 09:35:00
2025-05-25 09:40:00,0.0,2025-05-25 09:40:00
2025-05-25 09:45:00,0.0,2025-05-25 09:45:00
2025-05-25 09:50:00,0.0,2025-05-25 09:50:00
2025-05-25 09:55:00,0.0,2025-05-25 09:55:00
2025-05-25 10:00:00,0.0,2025-05-25 10:00:00
2025-05-25 10:05:00,0.0,2025-05-25 10:05:00
2025-05-25 10:10:00,0.0,2025-05-25 10:10:00
2025-05-25 10:15:00,0.0,2025-05-25 10:15:00
2025-05-25 10:20:00,0.0,2025-05-25 10:20:00
2025-05-25 10:25:00,0.0,2025-05-25 10:25:00
2025-05-25 10:30:00,0.0,2025-05-25 10:30:00
2025-05-25 10:35:00,0.0,2025-05-25 10:35:00
2025-05-25 10:40:00,0.0,2025-05-25 10:40:00
2025-05-25 10:45:00,0.0,2025-05-25 10:45:00
2025-05-25 10:50:00,0.0,2025-05-25 10:50:00
2025-05-25 10:55:00,0.0,2025-05-25 10:55:00
2025-05-25 11:00:00,-1893.282,2025-05-25 11:00:00
2025-05-25 11:05:00,-1629.292,2025-05-25 11:05:00
2025-05-25 11:10:00,-1653.302,2025-05-25 11:10:00
2025-05-25 11:15:00,-1653.302,2025-05-25 11:15:00
2025-05-25 11:20:00,-1941.292,2025-05-25 11:20:00
2025-05-25 11:25:00,-1721.322,2025-05-25 11:25:00
2025-05-25 11:30:00,-1721.322,2025-05-25 11:30:00
2025-05-25 11:35:00,-2201.332,2025-05-25 11:35:00
2025-05-25 11:40:00,-1701.332,2025-05-25 11:40:00
2025-05-25 11:45:00,-1775.662,2025-05-25 11:45:00
2025-05-25 11:50:00,-1775.662,2025-05-25 11:50:00
2025-05-25 11:55:00,-1597.322,2025-05-25 11:55:00
2025-05-25 12:00:00,-1545.332,2025-05-25 12:00:00
2025-05-25 12:05:00,-1545.332,2025-05-25 12:05:00
2025-05-25 12:10:00,-2297.272,2025-05-25 12:10:00
2025-05-25 12:15:00,-1609.282,2025-05-25 12:15:00
2025-05-25 12:20:00,-1609.282,2025-05-25 12:20:00
2025-05-25 12:25:00,-2481.322,2025-05-25 12:25:00
2025-05-25 12:30:00,-1737.312,2025-05-25 12:30:00
2025-05-25 12:35:00,-3183.662,2025-05-25 12:35:00
2025-05-25 12:40:00,-1565.302,2025-05-25 12:40:00
2025-05-25 12:45:00,-1565.302,2025-05-25 12:45:00
2025-05-25 12:50:00,-1589.312,2025-05-25 12:50:00
2025-05-25 12:55:00,-1745.332,2025-05-25 12:55:00
2025-05-25 13:00:00,-1745.332,2025-05-25 13:00:00
2025-05-25 13:05:00,-2109.282,2025-05-25 13:05:00
2025-05-25 13:10:00,-1829.262,2025-05-25 13:10:00
2025-05-25 13:15:00,-1657.292,2025-05-25 13:15:00
2025-05-25 13:20:00,-1657.292,2025-05-25 13:20:00
2025-05-25 13:25:00,-1665.322,2025-05-25 13:25:00
2025-05-25 13:30:00,-1641.242,2025-05-25 13:30:00
2025-05-25 13:35:00,-1557.272,2025-05-25 13:35:00
2025-05-25 13:40:00,-1557.272,2025-05-25 13:40:00
2025-05-25 13:45:00,-2105.242,2025-05-25 13:45:00
2025-05-25 13:50:00,-1785.292,2025-05-25 13:50:00
2025-05-25 13:55:00,-1971.662,2025-05-25 13:55:00
2025-05-25 14:00:00,-1585.272,2025-05-25 14:00:00
2025-05-25 14:05:00,-1585.272,2025-05-25 14:05:00
2025-05-25 14:10:00,-1577.272,2025-05-25 14:10:00
2025-05-25 14:15:00,-1753.302,2025-05-25 14:15:00
2025-05-25 14:20:00,-1753.302,2025-05-25 14:20:00
2025-05-25 14:25:00,-1697.272,2025-05-25 14:25:00
2025-05-25 14:30:00,-1705.312,2025-05-25 14:30:00
2025-05-25 14:35:00,-1705.312,2025-05-25 14:35:00
2025-05-25 14:40:00,-1549.282,2025-05-25 14:40:00
2025-05-25 14:45:00,-1581.272,2025-05-25 14:45:00
2025-05-25 14:50:00,-1581.272,2025-05-25 14:50:00
2025-05-25 14:55:00,-1689.292,2025-05-25 14:55:00
2025-05-25 15:00:00,-1845.312,2025-05-25 15:00:00
2025-05-25 15:05:00,-1845.312,2025-05-25 15:05:00
2025-05-25 15:10:00,-1673.312,2025-05-25 15:10:00
2025-05-25 15:15:00,-1673.312,2025-05-25 15:15:00
2025-05-25 15:20:00,-1813.302,2025-05-25 15:20:00
2025-05-25 15:25:00,-1813.302,2025-05-25 15:25:00
2025-05-25 15:30:00,-1781.272,2025-05-25 15:30:00
2025-05-25 15:35:00,-1657.292,2025-05-25 15:35:00
2025-05-25 15:40:00,-1657.292,2025-05-25 15:40:00
2025-05-25 15:45:00,-1753.282,2025-05-25 15:45:00
2025-05-25 15:50:00,-1573.272,2025-05-25 15:50:00
2025-05-25 15:55:00,-1621.292,2025-05-25 15:55:00
2025-05-25 16:00:00,-1557.312,2025-05-25 16:00:00
2025-05-25 16:05:00,-1557.312,2025-05-25 16:05:00
2025-05-25 16:10:00,-1681.312,2025-05-25 16:10:00
2025-05-25 16:15:00,-1557.292,2025-05-25 16:15:00
2025-05-25 16:20:00,-1557.292,2025-05-25 16:20:00
2025-05-25 16:25:00,-1729.272,2025-05-25 16:25:00
2025-05-25 16:30:00,-1657.322,2025-05-25 16:30:00
2025-05-25 16:35:00,-1657.322,2025-05-25 16:35:00
2025-05-25 16:40:00,-2613.272,2025-05-25 16:40:00
2025-05-25 16:45:00,-1653.292,2025-05-25 16:45:00
2025-05-25 16:50:00,-1653.292,2025-05-25 16:50:00
2025-05-25 16:55:00,-1889.262,2025-05-25 16:55:00
2025-05-25 17:00:00,-1733.282,2025-05-25 17:00:00
2025-05-25 17:05:00,-4931.662,2025-05-25 17:05:00
2025-05-25 17:10:00,-4931.662,2025-05-25 17:10:00
2025-05-25 17:15:00,-1609.282,2025-05-25 17:15:00
2025-05-25 17:20:00,-1723.662,2025-05-25 17:20:00
2025-05-25 17:25:00,-1723.662,2025-05-25 17:25:00
2025-05-25 17:30:00,-1841.222,2025-05-25 17:30:00
2025-05-25 17:35:00,-1637.292,2025-05-25 17:35:00
2025-05-25 17:40:00,-1649.302,2025-05-25 17:40:00
2025-05-25 17:45:00,-5111.662,2025-05-25 17:45:00
2025-05-25 17:50:00,-5111.662,2025-05-25 17:50:00
2025-05-25 17:55:00,-1901.272,2025-05-25 17:55:00
2025-05-25 18:00:00,9000.0,2025-05-25 18:00:00
2025-05-25 18:05:00,9000.0,2025-05-25 18:05:00
2025-05-25 18:10:00,9000.0,2025-05-25 18:10:00
2025-05-25 18:15:00,9000.0,2025-05-25 18:15:00
2025-05-25 18:20:00,8408.0,2025-05-25 18:20:00
2025-05-25 18:25:00,8408.0,2025-05-25 18:25:00
2025-05-25 18:30:00,9000.0,2025-05-25 18:30:00
2025-05-25 18:35:00,9000.0,2025-05-25 18:35:00
2025-05-25 18:40:00,9000.0,2025-05-25 18:40:00
2025-05-25 18:45:00,9000.0,2025-05-25 18:45:00
2025-05-25 18:50:00,9000.0,2025-05-25 18:50:00
2025-05-25 18:55:00,9000.0,2025-05-25 18:55:00
2025-05-25 19:00:00,9000.0,2025-05-25 19:00:00
2025-05-25 19:05:00,9000.0,2025-05-25 19:05:00
2025-05-25 19:10:00,7166.349,2025-05-25 19:10:00
2025-05-25 19:15:00,7997.782,2025-05-25 19:15:00
2025-05-25 19:20:00,0.0,2025-05-25 19:20:00
2025-05-25 19:25:00,0.0,2025-05-25 19:25:00
2025-05-25 19:30:00,0.0,2025-05-25 19:30:00
2025-05-25 19:35:00,0.0,2025-05-25 19:35:00
2025-05-25 19:40:00,0.0,2025-05-25 19:40:00
2025-05-25 19:45:00,0.0,2025-05-25 19:45:00
2025-05-25 19:50:00,0.0,2025-05-25 19:50:00
2025-05-25 19:55:00,0.0,2025-05-25 19:55:00
2025-05-25 20:00:00,0.0,2025-05-25 20:00:00
2025-05-25 20:05:00,0.0,2025-05-25 20:05:00
2025-05-25 20:10:00,0.0,2025-05-25 20:10:00
2025-05-25 20:15:00,0.0,2025-05-25 20:15:00
2025-05-25 20:20:00,0.0,2025-05-25 20:20:00
2025-05-25 20:25:00,0.0,2025-05-25 20:25:00
2025-05-25 20:30:00,0.0,2025-05-25 20:30:00
2025-05-25 20:35:00,0.0,2025-05-25 20:35:00
2025-05-25 20:40:00,0.0,2025-05-25 20:40:00
2025-05-25 20:45:00,0.0,2025-05-25 20:45:00
2025-05-25 20:50:00,0.0,2025-05-25 20:50:00
2025-05-25 20:55:00,0.0,2025-05-25 20:55:00
2025-05-25 21:00:00,0.0,2025-05-25 21:00:00
2025-05-25 21:05:00,0.0,2025-05-25 21:05:00
2025-05-25 21:10:00,0.0,2025-05-25 21:10:00
2025-05-25 21:15:00,0.0,2025-05-25 21:15:00
2025-05-25 21:20:00,0.0,2025-05-25 21:20:00
2025-05-25 21:25:00,0.0,2025-05-25 21:25:00
2025-05-25 21:30:00,0.0,2025-05-25 21:30:00
2025-05-25 21:35:00,0.0,2025-05-25 21:35:00
2025-05-25 21:40:00,0.0,2025-05-25 21:40:00
2025-05-25 21:45:00,0.0,2025-05-25 21:45:00
2025-05-25 21:50:00,0.0,2025-05-25 21:50:00
2025-05-25 21:55:00,0.0,2025-05-25 21:55:00
2025-05-25 22:00:00,-1966.972,2025-05-25 22:00:00
2025-05-25 22:05:00,-1827.032,2025-05-25 22:05:00
2025-05-25 22:10:00,-2091.002,2025-05-25 22:10:00
2025-05-25 22:15:00,-1795.002,2025-05-25 22:15:00
2025-05-25 22:20:00,-1822.992,2025-05-25 22:20:00
2025-05-25 22:25:00,-1967.012,2025-05-25 22:25:00
2025-05-25 22:30:00,-1991.042,2025-05-25 22:30:00
2025-05-25 22:35:00,-2059.002,2025-05-25 22:35:00
2025-05-25 22:40:00,-1859.002,2025-05-25 22:40:00
2025-05-25 22:45:00,-1911.032,2025-05-25 22:45:00
2025-05-25 22:50:00,-1843.002,2025-05-25 22:50:00
2025-05-25 22:55:00,-1751.042,2025-05-25 22:55:00
2025-05-25 23:00:00,-1871.042,2025-05-25 23:00:00
2025-05-25 23:05:00,-1875.042,2025-05-25 23:05:00
2025-05-25 23:10:00,-1867.012,2025-05-25 23:10:00
2025-05-25 23:15:00,-1923.032,2025-05-25 23:15:00
2025-05-25 23:20:00,-1999.032,2025-05-25 23:20:00
2025-05-25 23:25:00,-1687.042,2025-05-25 23:25:00
2025-05-25 23:30:00,-1763.032,2025-05-25 23:30:00
2025-05-25 23:35:00,-1843.022,2025-05-25 23:35:00
2025-05-25 23:40:00,-1967.012,2025-05-25 23:40:00
2025-05-25 23:45:00,-1866.992,2025-05-25 23:45:00
2025-05-25 23:50:00,-1914.972,2025-05-25 23:50:00
2025-05-25 23:55:00,-1787.032,2025-05-25 23:55:00
2025-05-26 00:00:00,-1903.022,2025-05-26 00:00:00
2025-05-26 00:05:00,-1799.032,2025-05-26 00:05:00
2025-05-26 00:10:00,-1775.032,2025-05-26 00:10:00
2025-05-26 00:15:00,-1731.012,2025-05-26 00:15:00
2025-05-26 00:20:00,-1731.022,2025-05-26 00:20:00
2025-05-26 00:25:00,-1799.022,2025-05-26 00:25:00
2025-05-26 00:30:00,-1695.022,2025-05-26 00:30:00
2025-05-26 00:35:00,-1727.052,2025-05-26 00:35:00
2025-05-26 00:40:00,-1835.032,2025-05-26 00:40:00
2025-05-26 00:45:00,-1823.012,2025-05-26 00:45:00
2025-05-26 00:50:00,-1771.052,2025-05-26 00:50:00
2025-05-26 00:55:00,-1811.002,2025-05-26 00:55:00
2025-05-26 01:00:00,-1775.042,2025-05-26 01:00:00
2025-05-26 01:05:00,-1771.042,2025-05-26 01:05:00
2025-05-26 01:10:00,-1807.002,2025-05-26 01:10:00
2025-05-26 01:15:00,-1723.002,2025-05-26 01:15:00
2025-05-26 01:20:00,-1703.032,2025-05-26 01:20:00
2025-05-26 01:25:00,-1727.002,2025-05-26 01:25:00
2025-05-26 01:30:00,-1667.042,2025-05-26 01:30:00
2025-05-26 01:35:00,-1735.032,2025-05-26 01:35:00
2025-05-26 01:40:00,-1799.032,2025-05-26 01:40:00
2025-05-26 01:45:00,-1858.992,2025-05-26 01:45:00
2025-05-26 01:50:00,-1623.012,2025-05-26 01:50:00
2025-05-26 01:55:00,-1679.032,2025-05-26 01:55:00
2025-05-26 02:00:00,-1803.032,2025-05-26 02:00:00
2025-05-26 02:05:00,-1779.022,2025-05-26 02:05:00
2025-05-26 02:10:00,-1679.022,2025-05-26 02:10:00
2025-05-26 02:15:00,-1727.042,2025-05-26 02:15:00
2025-05-26 02:20:00,-1775.002,2025-05-26 02:20:00
2025-05-26 02:25:00,-1795.002,2025-05-26 02:25:00
2025-05-26 02:30:00,-1799.032,2025-05-26 02:30:00
2025-05-26 02:35:00,-1819.012,2025-05-26 02:35:00
2025-05-26 02:40:00,-1791.022,2025-05-26 02:40:00
2025-05-26 02:45:00,-1799.012,2025-05-26 02:45:00
2025-05-26 02:50:00,-1699.042,2025-05-26 02:50:00
2025-05-26 02:55:00,-1739.042,2025-05-26 02:55:00
2025-05-26 03:00:00,-1767.022,2025-05-26 03:00:00
2025-05-26 03:05:00,-1707.012,2025-05-26 03:05:00
2025-05-26 03:10:00,-1739.042,2025-05-26 03:10:00
2025-05-26 03:15:00,-1791.022,2025-05-26 03:15:00
2025-05-26 03:20:00,-1823.052,2025-05-26 03:20:00
2025-05-26 03:25:00,-1799.022,2025-05-26 03:25:00
2025-05-26 03:30:00,-1795.012,2025-05-26 03:30:00
2025-05-26 03:35:00,-1643.032,2025-05-26 03:35:00
2025-05-26 03:40:00,-1767.022,2025-05-26 03:40:00
2025-05-26 03:45:00,-1759.022,2025-05-26 03:45:00
2025-05-26 03:50:00,-1819.042,2025-05-26 03:50:00
2025-05-26 03:55:00,-1787.042,2025-05-26 03:55:00
2025-05-26 04:00:00,-1783.042,2025-05-26 04:00:00
2025-05-26 04:05:00,-1903.012,2025-05-26 04:05:00
2025-05-26 04:10:00,-1755.012,2025-05-26 04:10:00
2025-05-26 04:15:00,-1767.022,2025-05-26 04:15:00
2025-05-26 04:20:00,-1799.002,2025-05-26 04:20:00
2025-05-26 04:25:00,-1755.012,2025-05-26 04:25:00
2025-05-26 04:30:00,-2063.002,2025-05-26 04:30:00
2025-05-26 04:35:00,-1835.042,2025-05-26 04:35:00
2025-05-26 04:40:00,-2031.002,2025-05-26 04:40:00
2025-05-26 04:45:00,-2027.052,2025-05-26 04:45:00
2025-05-26 04:50:00,-2151.042,2025-05-26 04:50:00
2025-05-26 04:55:00,-2019.032,2025-05-26 04:55:00
2025-05-26 05:00:00,-2079.032,2025-05-26 05:00:00
2025-05-26 05:05:00,-2099.042,2025-05-26 05:05:00
2025-05-26 05:10:00,-1995.052,2025-05-26 05:10:00
2025-05-26 05:15:00,-1799.042,2025-05-26 05:15:00
2025-05-26 05:20:00,-1691.012,2025-05-26 05:20:00
2025-05-26 05:25:00,-1791.002,2025-05-26 05:25:00
2025-05-26 05:30:00,-1739.042,2025-05-26 05:30:00
2025-05-26 05:35:00,-1903.032,2025-05-26 05:35:00
2025-05-26 05:40:00,-1859.042,2025-05-26 05:40:00
2025-05-26 05:45:00,-2031.062,2025-05-26 05:45:00
2025-05-26 05:50:00,-1891.022,2025-05-26 05:50:00
2025-05-26 05:55:00,-1779.052,2025-05-26 05:55:00
2025-05-26 06:00:00,-1971.002,2025-05-26 06:00:00
2025-05-26 06:05:00,-1835.052,2025-05-26 06:05:00
2025-05-26 06:10:00,-1859.012,2025-05-26 06:10:00
2025-05-26 06:15:00,-1951.042,2025-05-26 06:15:00
2025-05-26 06:20:00,-1959.022,2025-05-26 06:20:00
2025-05-26 06:25:00,-1983.022,2025-05-26 06:25:00
2025-05-26 06:30:00,-1899.022,2025-05-26 06:30:00
2025-05-26 06:35:00,-1839.062,2025-05-26 06:35:00
2025-05-26 06:40:00,-1819.012,2025-05-26 06:40:00
2025-05-26 06:45:00,-2035.032,2025-05-26 06:45:00
2025-05-26 06:50:00,-1971.012,2025-05-26 06:50:00
2025-05-26 06:55:00,-1939.022,2025-05-26 06:55:00
2025-05-26 07:00:00,-1911.032,2025-05-26 07:00:00
2025-05-26 07:05:00,-2003.032,2025-05-26 07:05:00
2025-05-26 07:10:00,-1919.012,2025-05-26 07:10:00
2025-05-26 07:15:00,-1855.012,2025-05-26 07:15:00
2025-05-26 07:20:00,-1815.012,2025-05-26 07:20:00
2025-05-26 07:25:00,-1883.012,2025-05-26 07:25:00
2025-05-26 07:30:00,-2059.062,2025-05-26 07:30:00
2025-05-26 07:35:00,-1931.002,2025-05-26 07:35:00
2025-05-26 07:40:00,-1991.072,2025-05-26 07:40:00
2025-05-26 07:45:00,-2011.012,2025-05-26 07:45:00
2025-05-26 07:50:00,-1935.032,2025-05-26 07:50:00
2025-05-26 07:55:00,-1827.032,2025-05-26 07:55:00
2025-05-26 08:00:00,9000.0,2025-05-26 08:00:00
2025-05-26 08:05:00,9000.0,2025-05-26 08:05:00
2025-05-26 08:10:00,9000.0,2025-05-26 08:10:00
2025-05-26 08:15:00,9000.0,2025-05-26 08:15:00
2025-05-26 08:20:00,9000.0,2025-05-26 08:20:00
2025-05-26 08:25:00,9000.0,2025-05-26 08:25:00
2025-05-26 08:30:00,9000.0,2025-05-26 08:30:00
2025-05-26 08:35:00,9000.0,2025-05-26 08:35:00
2025-05-26 08:40:00,9000.0,2025-05-26 08:40:00
2025-05-26 08:45:00,9000.0,2025-05-26 08:45:00
2025-05-26 08:50:00,9000.0,2025-05-26 08:50:00
2025-05-26 08:55:00,9000.0,2025-05-26 08:55:00
2025-05-26 09:00:00,9000.0,2025-05-26 09:00:00
2025-05-26 09:05:00,9000.0,2025-05-26 09:05:00
2025-05-26 09:10:00,9000.0,2025-05-26 09:10:00
2025-05-26 09:15:00,9000.0,2025-05-26 09:15:00
2025-05-26 09:20:00,9000.0,2025-05-26 09:20:00
2025-05-26 09:25:00,8999.999,2025-05-26 09:25:00
2025-05-26 09:30:00,8999.999,2025-05-26 09:30:00
2025-05-26 09:35:00,8999.999,2025-05-26 09:35:00
2025-05-26 09:40:00,8999.988,2025-05-26 09:40:00
2025-05-26 09:45:00,4733.439,2025-05-26 09:45:00
2025-05-26 09:50:00,0.0,2025-05-26 09:50:00
2025-05-26 09:55:00,0.0,2025-05-26 09:55:00
2025-05-26 10:00:00,0.0,2025-05-26 10:00:00
2025-05-26 10:05:00,0.0,2025-05-26 10:05:00
2025-05-26 10:10:00,0.0,2025-05-26 10:10:00
2025-05-26 10:15:00,0.0,2025-05-26 10:15:00
2025-05-26 10:20:00,0.0,2025-05-26 10:20:00
2025-05-26 10:25:00,0.0,2025-05-26 10:25:00
2025-05-26 10:30:00,0.0,2025-05-26 10:30:00
2025-05-26 10:35:00,0.0,2025-05-26 10:35:00
2025-05-26 10:40:00,0.0,2025-05-26 10:40:00
2025-05-26 10:45:00,0.0,2025-05-26 10:45:00
2025-05-26 10:50:00,0.0,2025-05-26 10:50:00
2025-05-26 10:55:00,0.0,2025-05-26 10:55:00
2025-05-26 11:00:00,-1867.032,2025-05-26 11:00:00
2025-05-26 11:05:00,-1839.022,2025-05-26 11:05:00
2025-05-26 11:10:00,-1947.012,2025-05-26 11:10:00
2025-05-26 11:15:00,-1871.022,2025-05-26 11:15:00
2025-05-26 11:20:00,-1911.052,2025-05-26 11:20:00
2025-05-26 11:25:00,-1835.022,2025-05-26 11:25:00
2025-05-26 11:30:00,-2035.032,2025-05-26 11:30:00
2025-05-26 11:35:00,-1831.042,2025-05-26 11:35:00
2025-05-26 11:40:00,-1951.052,2025-05-26 11:40:00
2025-05-26 11:45:00,-1990.972,2025-05-26 11:45:00
2025-05-26 11:50:00,-1835.012,2025-05-26 11:50:00
2025-05-26 11:55:00,-1859.022,2025-05-26 11:55:00
2025-05-26 12:00:00,-1827.012,2025-05-26 12:00:00
2025-05-26 12:05:00,-1807.002,2025-05-26 12:05:00
2025-05-26 12:10:00,-1799.032,2025-05-26 12:10:00
2025-05-26 12:15:00,-1811.052,2025-05-26 12:15:00
2025-05-26 12:20:00,-1707.052,2025-05-26 12:20:00
2025-05-26 12:25:00,-1795.062,2025-05-26 12:25:00
2025-05-26 12:30:00,-1923.042,2025-05-26 12:30:00
2025-05-26 12:35:00,-2055.002,2025-05-26 12:35:00
2025-05-26 12:40:00,-1811.022,2025-05-26 12:40:00
2025-05-26 12:45:00,-1911.052,2025-05-26 12:45:00
2025-05-26 12:50:00,-1854.982,2025-05-26 12:50:00
2025-05-26 12:55:00,-1735.022,2025-05-26 12:55:00
2025-05-26 13:00:00,-1703.052,2025-05-26 13:00:00
2025-05-26 13:05:00,-1846.992,2025-05-26 13:05:00
2025-05-26 13:10:00,-1739.022,2025-05-26 13:10:00
2025-05-26 13:15:00,-1815.022,2025-05-26 13:15:00
2025-05-26 13:20:00,-1647.032,2025-05-26 13:20:00
2025-05-26 13:25:00,-1791.022,2025-05-26 13:25:00
2025-05-26 13:30:00,-1699.022,2025-05-26 13:30:00
2025-05-26 13:35:00,-1951.032,2025-05-26 13:35:00
2025-05-26 13:40:00,-1767.032,2025-05-26 13:40:00
2025-05-26 13:45:00,-1679.052,2025-05-26 13:45:00
2025-05-26 13:50:00,-1755.032,2025-05-26 13:50:00
2025-05-26 13:55:00,-1587.032,2025-05-26 13:55:00
2025-05-26 14:00:00,-1758.952,2025-05-26 14:00:00
2025-05-26 14:05:00,-1739.032,2025-05-26 14:05:00
2025-05-26 14:10:00,-1751.002,2025-05-26 14:10:00
2025-05-26 14:15:00,-1787.042,2025-05-26 14:15:00
2025-05-26 14:20:00,-1687.052,2025-05-26 14:20:00
2025-05-26 14:25:00,-1687.002,2025-05-26 14:25:00
2025-05-26 14:30:00,-1607.042,2025-05-26 14:30:00
2025-05-26 14:35:00,-1759.052,2025-05-26 14:35:00
2025-05-26 14:40:00,-1827.032,2025-05-26 14:40:00
2025-05-26 14:45:00,-1747.052,2025-05-26 14:45:00
2025-05-26 14:50:00,-1835.012,2025-05-26 14:50:00
2025-05-26 14:55:00,-1895.042,2025-05-26 14:55:00
2025-05-26 15:00:00,-1827.032,2025-05-26 15:00:00
2025-05-26 15:05:00,-1903.032,2025-05-26 15:05:00
2025-05-26 15:10:00,-1675.022,2025-05-26 15:10:00
2025-05-26 15:15:00,-1819.022,2025-05-26 15:15:00
2025-05-26 15:20:00,-1755.012,2025-05-26 15:20:00
2025-05-26 15:25:00,-1691.022,2025-05-26 15:25:00
2025-05-26 15:30:00,-1851.022,2025-05-26 15:30:00
2025-05-26 15:35:00,-1711.002,2025-05-26 15:35:00
2025-05-26 15:40:00,-1611.052,2025-05-26 15:40:00
2025-05-26 15:45:00,-1607.022,2025-05-26 15:45:00
2025-05-26 15:50:00,-1766.982,2025-05-26 15:50:00
2025-05-26 15:55:00,-1743.032,2025-05-26 15:55:00
2025-05-26 16:00:00,-1771.032,2025-05-26 16:00:00
2025-05-26 16:05:00,-1835.032,2025-05-26 16:05:00
2025-05-26 16:10:00,-1803.022,2025-05-26 16:10:00
2025-05-26 16:15:00,-1695.042,2025-05-26 16:15:00
2025-05-26 16:20:00,-1759.002,2025-05-26 16:20:00
2025-05-26 16:25:00,-1747.052,2025-05-26 16:25:00
2025-05-26 16:30:00,-1827.062,2025-05-26 16:30:00
2025-05-26 16:35:00,-1747.022,2025-05-26 16:35:00
2025-05-26 16:40:00,-1539.012,2025-05-26 16:40:00
2025-05-26 16:45:00,-1686.982,2025-05-26 16:45:00
2025-05-26 16:50:00,-1639.042,2025-05-26 16:50:00
2025-05-26 16:55:00,-1711.022,2025-05-26 16:55:00
2025-05-26 17:00:00,-1635.022,2025-05-26 17:00:00
2025-05-26 17:05:00,-1631.032,2025-05-26 17:05:00
2025-05-26 17:10:00,-1683.022,2025-05-26 17:10:00
2025-05-26 17:15:00,-1603.022,2025-05-26 17:15:00
2025-05-26 17:20:00,-1690.992,2025-05-26 17:20:00
2025-05-26 17:25:00,-1659.012,2025-05-26 17:25:00
2025-05-26 17:30:00,-1623.032,2025-05-26 17:30:00
2025-05-26 17:35:00,-1891.052,2025-05-26 17:35:00
2025-05-26 17:40:00,-1923.012,2025-05-26 17:40:00
2025-05-26 17:45:00,-1859.052,2025-05-26 17:45:00
2025-05-26 17:50:00,-1907.002,2025-05-26 17:50:00
2025-05-26 17:55:00,-1939.002,2025-05-26 17:55:00
2025-05-26 18:00:00,9000.0,2025-05-26 18:00:00
2025-05-26 18:05:00,9000.0,2025-05-26 18:05:00
2025-05-26 18:10:00,9000.0,2025-05-26 18:10:00
2025-05-26 18:15:00,9000.0,2025-05-26 18:15:00
2025-05-26 18:20:00,9000.0,2025-05-26 18:20:00
2025-05-26 18:25:00,9000.0,2025-05-26 18:25:00
2025-05-26 18:30:00,9000.0,2025-05-26 18:30:00
2025-05-26 18:35:00,9000.0,2025-05-26 18:35:00
2025-05-26 18:40:00,9000.0,2025-05-26 18:40:00
2025-05-26 18:45:00,9000.0,2025-05-26 18:45:00
2025-05-26 18:50:00,8999.999,2025-05-26 18:50:00
2025-05-26 18:55:00,8999.999,2025-05-26 18:55:00
2025-05-26 19:00:00,8999.999,2025-05-26 19:00:00
2025-05-26 19:05:00,8999.983,2025-05-26 19:05:00
2025-05-26 19:10:00,4780.239,2025-05-26 19:10:00
2025-05-26 19:15:00,0.0,2025-05-26 19:15:00
2025-05-26 19:20:00,0.0,2025-05-26 19:20:00
2025-05-26 19:25:00,0.0,2025-05-26 19:25:00
2025-05-26 19:30:00,0.0,2025-05-26 19:30:00
2025-05-26 19:35:00,0.0,2025-05-26 19:35:00
2025-05-26 19:40:00,0.0,2025-05-26 19:40:00
2025-05-26 19:45:00,0.0,2025-05-26 19:45:00
2025-05-26 19:50:00,0.0,2025-05-26 19:50:00
2025-05-26 19:55:00,0.0,2025-05-26 19:55:00
2025-05-26 20:00:00,0.0,2025-05-26 20:00:00
2025-05-26 20:05:00,0.0,2025-05-26 20:05:00
2025-05-26 20:10:00,0.0,2025-05-26 20:10:00
2025-05-26 20:15:00,0.0,2025-05-26 20:15:00
2025-05-26 20:20:00,0.0,2025-05-26 20:20:00
2025-05-26 20:25:00,0.0,2025-05-26 20:25:00
2025-05-26 20:30:00,0.0,2025-05-26 20:30:00
2025-05-26 20:35:00,0.0,2025-05-26 20:35:00
2025-05-26 20:40:00,0.0,2025-05-26 20:40:00
2025-05-26 20:45:00,0.0,2025-05-26 20:45:00
2025-05-26 20:50:00,0.0,2025-05-26 20:50:00
2025-05-26 20:55:00,0.0,2025-05-26 20:55:00
2025-05-26 21:00:00,0.0,2025-05-26 21:00:00
2025-05-26 21:05:00,0.0,2025-05-26 21:05:00
2025-05-26 21:10:00,0.0,2025-05-26 21:10:00
2025-05-26 21:15:00,0.0,2025-05-26 21:15:00
2025-05-26 21:20:00,0.0,2025-05-26 21:20:00
2025-05-26 21:25:00,0.0,2025-05-26 21:25:00
2025-05-26 21:30:00,0.0,2025-05-26 21:30:00
2025-05-26 21:35:00,0.0,2025-05-26 21:35:00
2025-05-26 21:40:00,0.0,2025-05-26 21:40:00
2025-05-26 21:45:00,0.0,2025-05-26 21:45:00
2025-05-26 21:50:00,0.0,2025-05-26 21:50:00
2025-05-26 21:55:00,0.0,2025-05-26 21:55:00
2025-05-26 22:00:00,-2152.42,2025-05-26 22:00:00
2025-05-26 22:05:00,-2096.43,2025-05-26 22:05:00
2025-05-26 22:10:00,-2124.42,2025-05-26 22:10:00
2025-05-26 22:15:00,-2272.42,2025-05-26 22:15:00
2025-05-26 22:20:00,-2036.44,2025-05-26 22:20:00
2025-05-26 22:25:00,-2156.42,2025-05-26 22:25:00
2025-05-26 22:30:00,-2012.45,2025-05-26 22:30:00
2025-05-26 22:35:00,-1900.43,2025-05-26 22:35:00
2025-05-26 22:40:00,-1920.43,2025-05-26 22:40:00
2025-05-26 22:45:00,-1920.45,2025-05-26 22:45:00
2025-05-26 22:50:00,-1940.42,2025-05-26 22:50:00
2025-05-26 22:55:00,-2020.42,2025-05-26 22:55:00
2025-05-26 23:00:00,-1912.44,2025-05-26 23:00:00
2025-05-26 23:05:00,-1928.45,2025-05-26 23:05:00
2025-05-26 23:10:00,-1856.47,2025-05-26 23:10:00
2025-05-26 23:15:00,-1936.46,2025-05-26 23:15:00
2025-05-26 23:20:00,-1844.47,2025-05-26 23:20:00
2025-05-26 23:25:00,-1880.41,2025-05-26 23:25:00
2025-05-26 23:30:00,-1940.44,2025-05-26 23:30:00
2025-05-26 23:35:00,-1880.44,2025-05-26 23:35:00
2025-05-26 23:40:00,-1888.43,2025-05-26 23:40:00
2025-05-26 23:45:00,-1868.42,2025-05-26 23:45:00
2025-05-26 23:50:00,-2220.47,2025-05-26 23:50:00
2025-05-26 23:55:00,-2128.44,2025-05-26 23:55:00
2025-05-27 00:00:00,-2012.41,2025-05-27 00:00:00
2025-05-27 00:05:00,-2016.44,2025-05-27 00:05:00
2025-05-27 00:10:00,-1928.4,2025-05-27 00:10:00
2025-05-27 00:15:00,-1864.46,2025-05-27 00:15:00
2025-05-27 00:20:00,-1996.43,2025-05-27 00:20:00
2025-05-27 00:25:00,-1824.46,2025-05-27 00:25:00
2025-05-27 00:30:00,-1784.41,2025-05-27 00:30:00
2025-05-27 00:35:00,-1984.42,2025-05-27 00:35:00
2025-05-27 00:40:00,-1864.45,2025-05-27 00:40:00
2025-05-27 00:45:00,-1900.43,2025-05-27 00:45:00
2025-05-27 00:50:00,-1832.44,2025-05-27 00:50:00
2025-05-27 00:55:00,-1908.44,2025-05-27 00:55:00
2025-05-27 01:00:00,-1876.45,2025-05-27 01:00:00
2025-05-27 01:05:00,-1996.43,2025-05-27 01:05:00
2025-05-27 01:10:00,-2000.4,2025-05-27 01:10:00
2025-05-27 01:15:00,-1972.45,2025-05-27 01:15:00
2025-05-27 01:20:00,-1984.44,2025-05-27 01:20:00
2025-05-27 01:25:00,-2012.46,2025-05-27 01:25:00
2025-05-27 01:30:00,-1928.46,2025-05-27 01:30:00
2025-05-27 01:35:00,-2144.45,2025-05-27 01:35:00
2025-05-27 01:40:00,-2036.47,2025-05-27 01:40:00
2025-05-27 01:45:00,-2136.41,2025-05-27 01:45:00
2025-05-27 01:50:00,-2180.44,2025-05-27 01:50:00
2025-05-27 01:55:00,-2072.41,2025-05-27 01:55:00
2025-05-27 02:00:00,-2092.41,2025-05-27 02:00:00
2025-05-27 02:05:00,-1996.42,2025-05-27 02:05:00
2025-05-27 02:10:00,-1796.43,2025-05-27 02:10:00
2025-05-27 02:15:00,-1776.45,2025-05-27 02:15:00
2025-05-27 02:20:00,-1744.46,2025-05-27 02:20:00
2025-05-27 02:25:00,-1700.43,2025-05-27 02:25:00
2025-05-27 02:30:00,-1856.45,2025-05-27 02:30:00
2025-05-27 02:35:00,-1780.43,2025-05-27 02:35:00
2025-05-27 02:40:00,-1732.44,2025-05-27 02:40:00
2025-05-27 02:45:00,-1772.43,2025-05-27 02:45:00
2025-05-27 02:50:00,-1748.38,2025-05-27 02:50:00
2025-05-27 02:55:00,-1800.41,2025-05-27 02:55:00
2025-05-27 03:00:00,-1704.45,2025-05-27 03:00:00
2025-05-27 03:05:00,-1824.41,2025-05-27 03:05:00
2025-05-27 03:10:00,-1740.45,2025-05-27 03:10:00
2025-05-27 03:15:00,-1628.42,2025-05-27 03:15:00
2025-05-27 03:20:00,-1652.44,2025-05-27 03:20:00
2025-05-27 03:25:00,-1764.43,2025-05-27 03:25:00
2025-05-27 03:30:00,-1764.44,2025-05-27 03:30:00
2025-05-27 03:35:00,-1688.42,2025-05-27 03:35:00
2025-05-27 03:40:00,-1624.45,2025-05-27 03:40:00
2025-05-27 03:45:00,-1732.44,2025-05-27 03:45:00
2025-05-27 03:50:00,-1716.45,2025-05-27 03:50:00
2025-05-27 03:55:00,-1672.41,2025-05-27 03:55:00
2025-05-27 04:00:00,-1712.43,2025-05-27 04:00:00
2025-05-27 04:05:00,-1676.42,2025-05-27 04:05:00
2025-05-27 04:10:00,-1688.44,2025-05-27 04:10:00
2025-05-27 04:15:00,-1728.44,2025-05-27 04:15:00
2025-05-27 04:20:00,-1676.4,2025-05-27 04:20:00
2025-05-27 04:25:00,-1904.45,2025-05-27 04:25:00
2025-05-27 04:30:00,-1784.42,2025-05-27 04:30:00
2025-05-27 04:35:00,-1764.42,2025-05-27 04:35:00
2025-05-27 04:40:00,-1628.39,2025-05-27 04:40:00
2025-05-27 04:45:00,-1772.46,2025-05-27 04:45:00
2025-05-27 04:50:00,-1816.42,2025-05-27 04:50:00
2025-05-27 04:55:00,-1704.43,2025-05-27 04:55:00
2025-05-27 05:00:00,-1764.41,2025-05-27 05:00:00
2025-05-27 05:05:00,-1732.44,2025-05-27 05:05:00
2025-05-27 05:10:00,-1816.43,2025-05-27 05:10:00
2025-05-27 05:15:00,-1736.42,2025-05-27 05:15:00
2025-05-27 05:20:00,-1716.41,2025-05-27 05:20:00
2025-05-27 05:25:00,-1644.42,2025-05-27 05:25:00
2025-05-27 05:30:00,-1800.46,2025-05-27 05:30:00
2025-05-27 05:35:00,-1812.42,2025-05-27 05:35:00
2025-05-27 05:40:00,-1776.41,2025-05-27 05:40:00
2025-05-27 05:45:00,-1848.41,2025-05-27 05:45:00
2025-05-27 05:50:00,-1688.4,2025-05-27 05:50:00
2025-05-27 05:55:00,-1716.42,2025-05-27 05:55:00
2025-05-27 06:00:00,-1796.45,2025-05-27 06:00:00
2025-05-27 06:05:00,-1848.45,2025-05-27 06:05:00
2025-05-27 06:10:00,-1716.43,2025-05-27 06:10:00
2025-05-27 06:15:00,-1844.41,2025-05-27 06:15:00
2025-05-27 06:20:00,-1756.44,2025-05-27 06:20:00
2025-05-27 06:25:00,-1808.41,2025-05-27 06:25:00
2025-05-27 06:30:00,-1788.45,2025-05-27 06:30:00
2025-05-27 06:35:00,-1852.44,2025-05-27 06:35:00
2025-05-27 06:40:00,-1884.38,2025-05-27 06:40:00
2025-05-27 06:45:00,-1856.42,2025-05-27 06:45:00
2025-05-27 06:50:00,-1812.44,2025-05-27 06:50:00
2025-05-27 06:55:00,-1812.43,2025-05-27 06:55:00
2025-05-27 07:00:00,-1828.45,2025-05-27 07:00:00
2025-05-27 07:05:00,-1700.43,2025-05-27 07:05:00
2025-05-27 07:10:00,-1864.45,2025-05-27 07:10:00
2025-05-27 07:15:00,-1700.38,2025-05-27 07:15:00
2025-05-27 07:20:00,-1964.42,2025-05-27 07:20:00
2025-05-27 07:25:00,-1780.44,2025-05-27 07:25:00
2025-05-27 07:30:00,-1832.44,2025-05-27 07:30:00
2025-05-27 07:35:00,-1736.44,2025-05-27 07:35:00
2025-05-27 07:40:00,-1720.4,2025-05-27 07:40:00
2025-05-27 07:45:00,-1696.44,2025-05-27 07:45:00
2025-05-27 07:50:00,-1692.38,2025-05-27 07:50:00
2025-05-27 07:55:00,-1804.44,2025-05-27 07:55:00
2025-05-27 08:00:00,9000.0,2025-05-27 08:00:00
2025-05-27 08:05:00,9000.0,2025-05-27 08:05:00
2025-05-27 08:10:00,9000.0,2025-05-27 08:10:00
2025-05-27 08:15:00,9000.0,2025-05-27 08:15:00
2025-05-27 08:20:00,9000.0,2025-05-27 08:20:00
2025-05-27 08:25:00,9000.0,2025-05-27 08:25:00
2025-05-27 08:30:00,9000.0,2025-05-27 08:30:00
2025-05-27 08:35:00,9000.0,2025-05-27 08:35:00
2025-05-27 08:40:00,9000.0,2025-05-27 08:40:00
2025-05-27 08:45:00,9000.0,2025-05-27 08:45:00
2025-05-27 08:50:00,9000.0,2025-05-27 08:50:00
2025-05-27 08:55:00,9000.0,2025-05-27 08:55:00
2025-05-27 09:00:00,9000.0,2025-05-27 09:00:00
2025-05-27 09:05:00,9000.0,2025-05-27 09:05:00
2025-05-27 09:10:00,9000.0,2025-05-27 09:10:00
2025-05-27 09:15:00,9000.0,2025-05-27 09:15:00
2025-05-27 09:20:00,9000.0,2025-05-27 09:20:00
2025-05-27 09:25:00,9000.0,2025-05-27 09:25:00
2025-05-27 09:30:00,9000.0,2025-05-27 09:30:00
2025-05-27 09:35:00,9000.0,2025-05-27 09:35:00
2025-05-27 09:40:00,9000.0,2025-05-27 09:40:00
2025-05-27 09:45:00,5391.319,2025-05-27 09:45:00
2025-05-27 09:50:00,0.0,2025-05-27 09:50:00
2025-05-27 09:55:00,0.0,2025-05-27 09:55:00
2025-05-27 10:00:00,0.0,2025-05-27 10:00:00
2025-05-27 10:05:00,0.0,2025-05-27 10:05:00
2025-05-27 10:10:00,0.0,2025-05-27 10:10:00
2025-05-27 10:15:00,0.0,2025-05-27 10:15:00
2025-05-27 10:20:00,0.0,2025-05-27 10:20:00
2025-05-27 10:25:00,0.0,2025-05-27 10:25:00
2025-05-27 10:30:00,0.0,2025-05-27 10:30:00
2025-05-27 10:35:00,0.0,2025-05-27 10:35:00
2025-05-27 10:40:00,0.0,2025-05-27 10:40:00
2025-05-27 10:45:00,0.0,2025-05-27 10:45:00
2025-05-27 10:50:00,0.0,2025-05-27 10:50:00
2025-05-27 10:55:00,0.0,2025-05-27 10:55:00
2025-05-27 11:00:00,-1696.44,2025-05-27 11:00:00
2025-05-27 11:05:00,-1832.4,2025-05-27 11:05:00
2025-05-27 11:10:00,-1884.39,2025-05-27 11:10:00
2025-05-27 11:15:00,-1856.43,2025-05-27 11:15:00
2025-05-27 11:20:00,-1920.41,2025-05-27 11:20:00
2025-05-27 11:25:00,-1948.44,2025-05-27 11:25:00
2025-05-27 11:30:00,-1860.47,2025-05-27 11:30:00
2025-05-27 11:35:00,-1852.46,2025-05-27 11:35:00
2025-05-27 11:40:00,-1804.43,2025-05-27 11:40:00
2025-05-27 11:45:00,-1744.41,2025-05-27 11:45:00
2025-05-27 11:50:00,-1656.41,2025-05-27 11:50:00
2025-05-27 11:55:00,-1800.42,2025-05-27 11:55:00
2025-05-27 12:00:00,-1812.43,2025-05-27 12:00:00
2025-05-27 12:05:00,-1932.46,2025-05-27 12:05:00
2025-05-27 12:10:00,-1912.4,2025-05-27 12:10:00
2025-05-27 12:15:00,-1932.42,2025-05-27 12:15:00
2025-05-27 12:20:00,-2056.47,2025-05-27 12:20:00
2025-05-27 12:25:00,-1756.41,2025-05-27 12:25:00
2025-05-27 12:30:00,-1776.45,2025-05-27 12:30:00
2025-05-27 12:35:00,-1808.38,2025-05-27 12:35:00
2025-05-27 12:40:00,-1864.44,2025-05-27 12:40:00
2025-05-27 12:45:00,-1840.46,2025-05-27 12:45:00
2025-05-27 12:50:00,-1872.44,2025-05-27 12:50:00
2025-05-27 12:55:00,-2024.44,2025-05-27 12:55:00
2025-05-27 13:00:00,-1916.4,2025-05-27 13:00:00
2025-05-27 13:05:00,-1848.47,2025-05-27 13:05:00
2025-05-27 13:10:00,-1700.43,2025-05-27 13:10:00
2025-05-27 13:15:00,-1872.4,2025-05-27 13:15:00
2025-05-27 13:20:00,-1792.44,2025-05-27 13:20:00
2025-05-27 13:25:00,-1680.46,2025-05-27 13:25:00
2025-05-27 13:30:00,-1752.4,2025-05-27 13:30:00
2025-05-27 13:35:00,-1608.44,2025-05-27 13:35:00
2025-05-27 13:40:00,-1840.44,2025-05-27 13:40:00
2025-05-27 13:45:00,-1780.43,2025-05-27 13:45:00
2025-05-27 13:50:00,-1852.44,2025-05-27 13:50:00
2025-05-27 13:55:00,-1896.4,2025-05-27 13:55:00
2025-05-27 14:00:00,-1916.42,2025-05-27 14:00:00
2025-05-27 14:05:00,-1844.43,2025-05-27 14:05:00
2025-05-27 14:10:00,-2044.46,2025-05-27 14:10:00
2025-05-27 14:15:00,-1852.45,2025-05-27 14:15:00
2025-05-27 14:20:00,-1916.45,2025-05-27 14:20:00
2025-05-27 14:25:00,-1956.42,2025-05-27 14:25:00
2025-05-27 14:30:00,-1944.46,2025-05-27 14:30:00
2025-05-27 14:35:00,-1924.42,2025-05-27 14:35:00
2025-05-27 14:40:00,-1884.46,2025-05-27 14:40:00
2025-05-27 14:45:00,-1940.45,2025-05-27 14:45:00
2025-05-27 14:50:00,-1836.45,2025-05-27 14:50:00
2025-05-27 14:55:00,-1956.45,2025-05-27 14:55:00
2025-05-27 15:00:00,-1848.38,2025-05-27 15:00:00
2025-05-27 15:05:00,-1852.45,2025-05-27 15:05:00
2025-05-27 15:10:00,-1948.47,2025-05-27 15:10:00
2025-05-27 15:15:00,-1868.38,2025-05-27 15:15:00
2025-05-27 15:20:00,-1844.44,2025-05-27 15:20:00
2025-05-27 15:25:00,-1948.44,2025-05-27 15:25:00
2025-05-27 15:30:00,-1840.41,2025-05-27 15:30:00
2025-05-27 15:35:00,-1844.44,2025-05-27 15:35:00
2025-05-27 15:40:00,-2148.38,2025-05-27 15:40:00
2025-05-27 15:45:00,-1952.41,2025-05-27 15:45:00
2025-05-27 15:50:00,-1992.44,2025-05-27 15:50:00
2025-05-27 15:55:00,-1812.41,2025-05-27 15:55:00
2025-05-27 16:00:00,-2096.47,2025-05-27 16:00:00
2025-05-27 16:05:00,-1824.44,2025-05-27 16:05:00
2025-05-27 16:10:00,-1804.38,2025-05-27 16:10:00
2025-05-27 16:15:00,-1856.44,2025-05-27 16:15:00
2025-05-27 16:20:00,-1768.44,2025-05-27 16:20:00
2025-05-27 16:25:00,-1924.44,2025-05-27 16:25:00
2025-05-27 16:30:00,-1844.42,2025-05-27 16:30:00
2025-05-27 16:35:00,-1984.43,2025-05-27 16:35:00
2025-05-27 16:40:00,-1840.44,2025-05-27 16:40:00
2025-05-27 16:45:00,-1764.44,2025-05-27 16:45:00
2025-05-27 16:50:00,-1872.4,2025-05-27 16:50:00
2025-05-27 16:55:00,-1920.47,2025-05-27 16:55:00
2025-05-27 17:00:00,-1792.44,2025-05-27 17:00:00
2025-05-27 17:05:00,-1792.43,2025-05-27 17:05:00
2025-05-27 17:10:00,-1880.4,2025-05-27 17:10:00
2025-05-27 17:15:00,-1748.43,2025-05-27 17:15:00
2025-05-27 17:20:00,-1904.44,2025-05-27 17:20:00
2025-05-27 17:25:00,-1848.44,2025-05-27 17:25:00
2025-05-27 17:30:00,-1852.44,2025-05-27 17:30:00
2025-05-27 17:35:00,-1764.43,2025-05-27 17:35:00
2025-05-27 17:40:00,-1836.45,2025-05-27 17:40:00
2025-05-27 17:45:00,-1988.4,2025-05-27 17:45:00
2025-05-27 17:50:00,-1848.44,2025-05-27 17:50:00
2025-05-27 17:55:00,-1968.43,2025-05-27 17:55:00
2025-05-27 18:00:00,9000.0,2025-05-27 18:00:00
2025-05-27 18:05:00,9000.0,2025-05-27 18:05:00
2025-05-27 18:10:00,9000.0,2025-05-27 18:10:00
2025-05-27 18:15:00,9000.0,2025-05-27 18:15:00
2025-05-27 18:20:00,9000.0,2025-05-27 18:20:00
2025-05-27 18:25:00,9000.0,2025-05-27 18:25:00
2025-05-27 18:30:00,9000.0,2025-05-27 18:30:00
2025-05-27 18:35:00,9000.0,2025-05-27 18:35:00
2025-05-27 18:40:00,9000.0,2025-05-27 18:40:00
2025-05-27 18:45:00,9000.0,2025-05-27 18:45:00
2025-05-27 18:50:00,9000.0,2025-05-27 18:50:00
2025-05-27 18:55:00,9000.0,2025-05-27 18:55:00
2025-05-27 19:00:00,9000.0,2025-05-27 19:00:00
2025-05-27 19:05:00,9000.0,2025-05-27 19:05:00
2025-05-27 19:10:00,9000.0,2025-05-27 19:10:00
2025-05-27 19:15:00,1896.532,2025-05-27 19:15:00
2025-05-27 19:20:00,0.0,2025-05-27 19:20:00
2025-05-27 19:25:00,0.0,2025-05-27 19:25:00
2025-05-27 19:30:00,0.0,2025-05-27 19:30:00
2025-05-27 19:35:00,0.0,2025-05-27 19:35:00
2025-05-27 19:40:00,0.0,2025-05-27 19:40:00
2025-05-27 19:45:00,0.0,2025-05-27 19:45:00
2025-05-27 19:50:00,0.0,2025-05-27 19:50:00
2025-05-27 19:55:00,0.0,2025-05-27 19:55:00
2025-05-27 20:00:00,0.0,2025-05-27 20:00:00
2025-05-27 20:05:00,0.0,2025-05-27 20:05:00
2025-05-27 20:10:00,0.0,2025-05-27 20:10:00
2025-05-27 20:15:00,0.0,2025-05-27 20:15:00
2025-05-27 20:20:00,0.0,2025-05-27 20:20:00
2025-05-27 20:25:00,0.0,2025-05-27 20:25:00
2025-05-27 20:30:00,0.0,2025-05-27 20:30:00
2025-05-27 20:35:00,0.0,2025-05-27 20:35:00
2025-05-27 20:40:00,0.0,2025-05-27 20:40:00
2025-05-27 20:45:00,0.0,2025-05-27 20:45:00
2025-05-27 20:50:00,0.0,2025-05-27 20:50:00
2025-05-27 20:55:00,0.0,2025-05-27 20:55:00
2025-05-27 21:00:00,0.0,2025-05-27 21:00:00
2025-05-27 21:05:00,0.0,2025-05-27 21:05:00
2025-05-27 21:10:00,0.0,2025-05-27 21:10:00
2025-05-27 21:15:00,0.0,2025-05-27 21:15:00
2025-05-27 21:20:00,0.0,2025-05-27 21:20:00
2025-05-27 21:25:00,0.0,2025-05-27 21:25:00
2025-05-27 21:30:00,0.0,2025-05-27 21:30:00
2025-05-27 21:35:00,0.0,2025-05-27 21:35:00
2025-05-27 21:40:00,0.0,2025-05-27 21:40:00
2025-05-27 21:45:00,0.0,2025-05-27 21:45:00
2025-05-27 21:50:00,0.0,2025-05-27 21:50:00
2025-05-27 21:55:00,0.0,2025-05-27 21:55:00
2025-05-27 22:00:00,-1567.567,2025-05-27 22:00:00
2025-05-27 22:05:00,-1691.587,2025-05-27 22:05:00
2025-05-27 22:10:00,-1503.607,2025-05-27 22:10:00
2025-05-27 22:15:00,-1579.607,2025-05-27 22:15:00
2025-05-27 22:20:00,-1635.547,2025-05-27 22:20:00
2025-05-27 22:25:00,-1647.597,2025-05-27 22:25:00
2025-05-27 22:30:00,-1615.557,2025-05-27 22:30:00
2025-05-27 22:35:00,-1539.557,2025-05-27 22:35:00
2025-05-27 22:40:00,-1691.567,2025-05-27 22:40:00
2025-05-27 22:45:00,-1643.587,2025-05-27 22:45:00
2025-05-27 22:50:00,-1615.597,2025-05-27 22:50:00
2025-05-27 22:55:00,-1699.577,2025-05-27 22:55:00
2025-05-27 23:00:00,-1843.587,2025-05-27 23:00:00
2025-05-27 23:05:00,-1963.587,2025-05-27 23:05:00
2025-05-27 23:10:00,-1647.527,2025-05-27 23:10:00
2025-05-27 23:15:00,-1843.607,2025-05-27 23:15:00
2025-05-27 23:20:00,-1831.587,2025-05-27 23:20:00
2025-05-27 23:25:00,-1675.587,2025-05-27 23:25:00
2025-05-27 23:30:00,-1639.577,2025-05-27 23:30:00
2025-05-27 23:35:00,-1755.567,2025-05-27 23:35:00
2025-05-27 23:40:00,-1739.597,2025-05-27 23:40:00
2025-05-27 23:45:00,-1647.597,2025-05-27 23:45:00
2025-05-27 23:50:00,-1607.587,2025-05-27 23:50:00
2025-05-27 23:55:00,-1871.587,2025-05-27 23:55:00
2025-05-28 00:00:00,-1831.607,2025-05-28 00:00:00
2025-05-28 00:05:00,-1875.557,2025-05-28 00:05:00
2025-05-28 00:10:00,-1735.567,2025-05-28 00:10:00
2025-05-28 00:15:00,-1779.627,2025-05-28 00:15:00
2025-05-28 00:20:00,-1739.587,2025-05-28 00:20:00
2025-05-28 00:25:00,-1803.617,2025-05-28 00:25:00
2025-05-28 00:30:00,-1771.567,2025-05-28 00:30:00
2025-05-28 00:35:00,-1739.577,2025-05-28 00:35:00
2025-05-28 00:40:00,-1787.557,2025-05-28 00:40:00
2025-05-28 00:45:00,-1799.607,2025-05-28 00:45:00
2025-05-28 00:50:00,-1687.607,2025-05-28 00:50:00
2025-05-28 00:55:00,-1863.587,2025-05-28 00:55:00
2025-05-28 01:00:00,-1811.607,2025-05-28 01:00:00
2025-05-28 01:05:00,-1751.617,2025-05-28 01:05:00
2025-05-28 01:10:00,-1835.587,2025-05-28 01:10:00
2025-05-28 01:15:00,-1707.607,2025-05-28 01:15:00
2025-05-28 01:20:00,-1783.597,2025-05-28 01:20:00
2025-05-28 01:25:00,-1695.587,2025-05-28 01:25:00
2025-05-28 01:30:00,-1703.577,2025-05-28 01:30:00
2025-05-28 01:35:00,-1775.547,2025-05-28 01:35:00
2025-05-28 01:40:00,-1739.557,2025-05-28 01:40:00
2025-05-28 01:45:00,-1771.587,2025-05-28 01:45:00
2025-05-28 01:50:00,-1739.607,2025-05-28 01:50:00
2025-05-28 01:55:00,-1847.577,2025-05-28 01:55:00
2025-05-28 02:00:00,-1771.597,2025-05-28 02:00:00
2025-05-28 02:05:00,-1799.587,2025-05-28 02:05:00
2025-05-28 02:10:00,-1907.557,2025-05-28 02:10:00
2025-05-28 02:15:00,-1751.587,2025-05-28 02:15:00
2025-05-28 02:20:00,-1875.577,2025-05-28 02:20:00
2025-05-28 02:25:00,-1863.577,2025-05-28 02:25:00
2025-05-28 02:30:00,-1887.577,2025-05-28 02:30:00
2025-05-28 02:35:00,-1835.587,2025-05-28 02:35:00
2025-05-28 02:40:00,-1923.587,2025-05-28 02:40:00
2025-05-28 02:45:00,-1875.577,2025-05-28 02:45:00
2025-05-28 02:50:00,-1843.577,2025-05-28 02:50:00
2025-05-28 02:55:00,-1811.567,2025-05-28 02:55:00
2025-05-28 03:00:00,-1887.577,2025-05-28 03:00:00
2025-05-28 03:05:00,-1847.587,2025-05-28 03:05:00
2025-05-28 03:10:00,-1899.577,2025-05-28 03:10:00
2025-05-28 03:15:00,-1987.607,2025-05-28 03:15:00
2025-05-28 03:20:00,-1895.597,2025-05-28 03:20:00
2025-05-28 03:25:00,-1979.587,2025-05-28 03:25:00
2025-05-28 03:30:00,-1839.587,2025-05-28 03:30:00
2025-05-28 03:35:00,-1867.587,2025-05-28 03:35:00
2025-05-28 03:40:00,-1807.577,2025-05-28 03:40:00
2025-05-28 03:45:00,-1855.547,2025-05-28 03:45:00
2025-05-28 03:50:00,-1839.567,2025-05-28 03:50:00
2025-05-28 03:55:00,-1827.557,2025-05-28 03:55:00
2025-05-28 04:00:00,-1939.577,2025-05-28 04:00:00
2025-05-28 04:05:00,-1811.577,2025-05-28 04:05:00
2025-05-28 04:10:00,-1831.567,2025-05-28 04:10:00
2025-05-28 04:15:00,-1895.577,2025-05-28 04:15:00
2025-05-28 04:20:00,-1895.597,2025-05-28 04:20:00
2025-05-28 04:25:00,-1879.567,2025-05-28 04:25:00
2025-05-28 04:30:00,-1867.557,2025-05-28 04:30:00
2025-05-28 04:35:00,-1895.587,2025-05-28 04:35:00
2025-05-28 04:40:00,-1839.577,2025-05-28 04:40:00
2025-05-28 04:45:00,-1987.567,2025-05-28 04:45:00
2025-05-28 04:50:00,-1915.597,2025-05-28 04:50:00
2025-05-28 04:55:00,-1879.557,2025-05-28 04:55:00
2025-05-28 05:00:00,-2011.567,2025-05-28 05:00:00
2025-05-28 05:05:00,-1907.597,2025-05-28 05:05:00
2025-05-28 05:10:00,-1855.577,2025-05-28 05:10:00
2025-05-28 05:15:00,-1975.607,2025-05-28 05:15:00
2025-05-28 05:20:00,-1995.537,2025-05-28 05:20:00
2025-05-28 05:25:00,-1951.587,2025-05-28 05:25:00
2025-05-28 05:30:00,-1883.567,2025-05-28 05:30:00
2025-05-28 05:35:00,-1923.577,2025-05-28 05:35:00
2025-05-28 05:40:00,-1959.567,2025-05-28 05:40:00
2025-05-28 05:45:00,-1859.587,2025-05-28 05:45:00
2025-05-28 05:50:00,-1895.567,2025-05-28 05:50:00
2025-05-28 05:55:00,-1851.577,2025-05-28 05:55:00
2025-05-28 06:00:00,-1983.567,2025-05-28 06:00:00
2025-05-28 06:05:00,-2147.567,2025-05-28 06:05:00
2025-05-28 06:10:00,-2083.607,2025-05-28 06:10:00
2025-05-28 06:15:00,-2007.567,2025-05-28 06:15:00
2025-05-28 06:20:00,-2011.567,2025-05-28 06:20:00
2025-05-28 06:25:00,-2183.527,2025-05-28 06:25:00
2025-05-28 06:30:00,-1899.567,2025-05-28 06:30:00
2025-05-28 06:35:00,-1975.557,2025-05-28 06:35:00
2025-05-28 06:40:00,-1939.567,2025-05-28 06:40:00
2025-05-28 06:45:00,-2095.557,2025-05-28 06:45:00
2025-05-28 06:50:00,-1987.587,2025-05-28 06:50:00
2025-05-28 06:55:00,-1955.607,2025-05-28 06:55:00
2025-05-28 07:00:00,-2135.567,2025-05-28 07:00:00
2025-05-28 07:05:00,-1979.597,2025-05-28 07:05:00
2025-05-28 07:10:00,-2003.577,2025-05-28 07:10:00
2025-05-28 07:15:00,-1887.587,2025-05-28 07:15:00
2025-05-28 07:20:00,-2031.567,2025-05-28 07:20:00
2025-05-28 07:25:00,-1935.567,2025-05-28 07:25:00
2025-05-28 07:30:00,-2071.567,2025-05-28 07:30:00
2025-05-28 07:35:00,-1987.587,2025-05-28 07:35:00
2025-05-28 07:40:00,-2047.567,2025-05-28 07:40:00
2025-05-28 07:45:00,-1979.597,2025-05-28 07:45:00
2025-05-28 07:50:00,-2023.597,2025-05-28 07:50:00
2025-05-28 07:55:00,-1891.587,2025-05-28 07:55:00
2025-05-28 08:00:00,9000.0,2025-05-28 08:00:00
2025-05-28 08:05:00,9000.0,2025-05-28 08:05:00
2025-05-28 08:10:00,9000.0,2025-05-28 08:10:00
2025-05-28 08:15:00,9000.0,2025-05-28 08:15:00
2025-05-28 08:20:00,9000.0,2025-05-28 08:20:00
2025-05-28 08:25:00,9000.0,2025-05-28 08:25:00
2025-05-28 08:30:00,9000.0,2025-05-28 08:30:00
2025-05-28 08:35:00,9000.0,2025-05-28 08:35:00
2025-05-28 08:40:00,9000.0,2025-05-28 08:40:00
2025-05-28 08:45:00,9000.0,2025-05-28 08:45:00
2025-05-28 08:50:00,9000.0,2025-05-28 08:50:00
2025-05-28 08:55:00,9000.0,2025-05-28 08:55:00
2025-05-28 09:00:00,9000.0,2025-05-28 09:00:00
2025-05-28 09:05:00,9000.0,2025-05-28 09:05:00
2025-05-28 09:10:00,9000.0,2025-05-28 09:10:00
2025-05-28 09:15:00,9000.0,2025-05-28 09:15:00
2025-05-28 09:20:00,9000.0,2025-05-28 09:20:00
2025-05-28 09:25:00,9000.0,2025-05-28 09:25:00
2025-05-28 09:30:00,9000.0,2025-05-28 09:30:00
2025-05-28 09:35:00,9000.0,2025-05-28 09:35:00
2025-05-28 09:40:00,9000.0,2025-05-28 09:40:00
2025-05-28 09:45:00,4777.707,2025-05-28 09:45:00
2025-05-28 09:50:00,0.0,2025-05-28 09:50:00
2025-05-28 09:55:00,0.0,2025-05-28 09:55:00
2025-05-28 10:00:00,0.0,2025-05-28 10:00:00
2025-05-28 10:05:00,0.0,2025-05-28 10:05:00
2025-05-28 10:10:00,0.0,2025-05-28 10:10:00
2025-05-28 10:15:00,0.0,2025-05-28 10:15:00
2025-05-28 10:20:00,0.0,2025-05-28 10:20:00
2025-05-28 10:25:00,0.0,2025-05-28 10:25:00
2025-05-28 10:30:00,0.0,2025-05-28 10:30:00
2025-05-28 10:35:00,0.0,2025-05-28 10:35:00
2025-05-28 10:40:00,0.0,2025-05-28 10:40:00
2025-05-28 10:45:00,0.0,2025-05-28 10:45:00
2025-05-28 10:50:00,0.0,2025-05-28 10:50:00
2025-05-28 10:55:00,0.0,2025-05-28 10:55:00
2025-05-28 11:00:00,-2115.587,2025-05-28 11:00:00
2025-05-28 11:05:00,-2019.577,2025-05-28 11:05:00
2025-05-28 11:10:00,-2099.597,2025-05-28 11:10:00
2025-05-28 11:15:00,-1987.537,2025-05-28 11:15:00
2025-05-28 11:20:00,-2099.537,2025-05-28 11:20:00
2025-05-28 11:25:00,-2103.597,2025-05-28 11:25:00
2025-05-28 11:30:00,-2087.577,2025-05-28 11:30:00
2025-05-28 11:35:00,-2091.587,2025-05-28 11:35:00
2025-05-28 11:40:00,-1959.587,2025-05-28 11:40:00
2025-05-28 11:45:00,-2011.557,2025-05-28 11:45:00
2025-05-28 11:50:00,-1871.607,2025-05-28 11:50:00
2025-05-28 11:55:00,-1791.557,2025-05-28 11:55:00
2025-05-28 12:00:00,-1799.587,2025-05-28 12:00:00
2025-05-28 12:05:00,-1867.537,2025-05-28 12:05:00
2025-05-28 12:10:00,-2055.577,2025-05-28 12:10:00
2025-05-28 12:15:00,-1831.557,2025-05-28 12:15:00
2025-05-28 12:20:00,-1847.567,2025-05-28 12:20:00
2025-05-28 12:25:00,-1775.577,2025-05-28 12:25:00
2025-05-28 12:30:00,-1783.587,2025-05-28 12:30:00
2025-05-28 12:35:00,-1691.577,2025-05-28 12:35:00
2025-05-28 12:40:00,-1751.597,2025-05-28 12:40:00
2025-05-28 12:45:00,-1711.567,2025-05-28 12:45:00
2025-05-28 12:50:00,-1803.567,2025-05-28 12:50:00
2025-05-28 12:55:00,-1687.597,2025-05-28 12:55:00
2025-05-28 13:00:00,-1815.587,2025-05-28 13:00:00
2025-05-28 13:05:00,-1699.587,2025-05-28 13:05:00
2025-05-28 13:10:00,-1911.547,2025-05-28 13:10:00
2025-05-28 13:15:00,-1831.527,2025-05-28 13:15:00
2025-05-28 13:20:00,-1847.567,2025-05-28 13:20:00
2025-05-28 13:25:00,-1699.557,2025-05-28 13:25:00
2025-05-28 13:30:00,-1743.567,2025-05-28 13:30:00
2025-05-28 13:35:00,-1783.607,2025-05-28 13:35:00
2025-05-28 13:40:00,-1835.587,2025-05-28 13:40:00
2025-05-28 13:45:00,-1747.617,2025-05-28 13:45:00
2025-05-28 13:50:00,-1699.567,2025-05-28 13:50:00
2025-05-28 13:55:00,-1687.567,2025-05-28 13:55:00
2025-05-28 14:00:00,-1899.597,2025-05-28 14:00:00
2025-05-28 14:05:00,-1663.577,2025-05-28 14:05:00
2025-05-28 14:10:00,-1999.587,2025-05-28 14:10:00
2025-05-28 14:15:00,-1751.577,2025-05-28 14:15:00
2025-05-28 14:20:00,-1839.557,2025-05-28 14:20:00
2025-05-28 14:25:00,-1735.577,2025-05-28 14:25:00
2025-05-28 14:30:00,-1695.607,2025-05-28 14:30:00
2025-05-28 14:35:00,-1735.557,2025-05-28 14:35:00
2025-05-28 14:40:00,-1759.587,2025-05-28 14:40:00
2025-05-28 14:45:00,-1719.567,2025-05-28 14:45:00
2025-05-28 14:50:00,-1815.597,2025-05-28 14:50:00
2025-05-28 14:55:00,-1691.557,2025-05-28 14:55:00
2025-05-28 15:00:00,-1763.567,2025-05-28 15:00:00
2025-05-28 15:05:00,-1839.577,2025-05-28 15:05:00
2025-05-28 15:10:00,-1787.567,2025-05-28 15:10:00
2025-05-28 15:15:00,-1643.597,2025-05-28 15:15:00
2025-05-28 15:20:00,-1731.567,2025-05-28 15:20:00
2025-05-28 15:25:00,-1887.577,2025-05-28 15:25:00
2025-05-28 15:30:00,-1543.557,2025-05-28 15:30:00
2025-05-28 15:35:00,-1627.597,2025-05-28 15:35:00
2025-05-28 15:40:00,-1619.597,2025-05-28 15:40:00
2025-05-28 15:45:00,-1839.587,2025-05-28 15:45:00
2025-05-28 15:50:00,-1779.577,2025-05-28 15:50:00
2025-05-28 15:55:00,-1791.617,2025-05-28 15:55:00
2025-05-28 16:00:00,-1667.577,2025-05-28 16:00:00
2025-05-28 16:05:00,-1847.567,2025-05-28 16:05:00
2025-05-28 16:10:00,-1867.567,2025-05-28 16:10:00
2025-05-28 16:15:00,-1839.537,2025-05-28 16:15:00
2025-05-28 16:20:00,-1991.577,2025-05-28 16:20:00
2025-05-28 16:25:00,-1807.577,2025-05-28 16:25:00
2025-05-28 16:30:00,-1891.537,2025-05-28 16:30:00
2025-05-28 16:35:00,-1919.597,2025-05-28 16:35:00
2025-05-28 16:40:00,-1771.567,2025-05-28 16:40:00
2025-05-28 16:45:00,-1839.587,2025-05-28 16:45:00
2025-05-28 16:50:00,-1711.587,2025-05-28 16:50:00
2025-05-28 16:55:00,-1827.557,2025-05-28 16:55:00
2025-05-28 17:00:00,-1831.597,2025-05-28 17:00:00
2025-05-28 17:05:00,-1835.597,2025-05-28 17:05:00
2025-05-28 17:10:00,-1643.557,2025-05-28 17:10:00
2025-05-28 17:15:00,-1751.597,2025-05-28 17:15:00
2025-05-28 17:20:00,-1731.597,2025-05-28 17:20:00
2025-05-28 17:25:00,-1763.567,2025-05-28 17:25:00
2025-05-28 17:30:00,-1583.587,2025-05-28 17:30:00
2025-05-28 17:35:00,-1747.597,2025-05-28 17:35:00
2025-05-28 17:40:00,-1679.597,2025-05-28 17:40:00
2025-05-28 17:45:00,-1707.587,2025-05-28 17:45:00
2025-05-28 17:50:00,-1671.577,2025-05-28 17:50:00
2025-05-28 17:55:00,-1503.587,2025-05-28 17:55:00
2025-05-28 18:00:00,9000.0,2025-05-28 18:00:00
2025-05-28 18:05:00,9000.0,2025-05-28 18:05:00
2025-05-28 18:10:00,9000.0,2025-05-28 18:10:00
2025-05-28 18:15:00,9000.0,2025-05-28 18:15:00
2025-05-28 18:20:00,9000.0,2025-05-28 18:20:00
2025-05-28 18:25:00,9000.0,2025-05-28 18:25:00
2025-05-28 18:30:00,9000.0,2025-05-28 18:30:00
2025-05-28 18:35:00,9000.0,2025-05-28 18:35:00
2025-05-28 18:40:00,9000.0,2025-05-28 18:40:00
2025-05-28 18:45:00,9000.0,2025-05-28 18:45:00
2025-05-28 18:50:00,9000.0,2025-05-28 18:50:00
2025-05-28 18:55:00,9000.0,2025-05-28 18:55:00
2025-05-28 19:00:00,9000.0,2025-05-28 19:00:00
2025-05-28 19:05:00,8999.999,2025-05-28 19:05:00
2025-05-28 19:10:00,6624.691,2025-05-28 19:10:00
2025-05-28 19:15:00,0.0,2025-05-28 19:15:00
2025-05-28 19:20:00,0.0,2025-05-28 19:20:00
2025-05-28 19:25:00,0.0,2025-05-28 19:25:00
2025-05-28 19:30:00,0.0,2025-05-28 19:30:00
2025-05-28 19:35:00,0.0,2025-05-28 19:35:00
2025-05-28 19:40:00,0.0,2025-05-28 19:40:00
2025-05-28 19:45:00,0.0,2025-05-28 19:45:00
2025-05-28 19:50:00,0.0,2025-05-28 19:50:00
2025-05-28 19:55:00,0.0,2025-05-28 19:55:00
2025-05-28 20:00:00,0.0,2025-05-28 20:00:00
2025-05-28 20:05:00,0.0,2025-05-28 20:05:00
2025-05-28 20:10:00,0.0,2025-05-28 20:10:00
2025-05-28 20:15:00,0.0,2025-05-28 20:15:00
2025-05-28 20:20:00,0.0,2025-05-28 20:20:00
2025-05-28 20:25:00,0.0,2025-05-28 20:25:00
2025-05-28 20:30:00,0.0,2025-05-28 20:30:00
2025-05-28 20:35:00,0.0,2025-05-28 20:35:00
2025-05-28 20:40:00,0.0,2025-05-28 20:40:00
2025-05-28 20:45:00,0.0,2025-05-28 20:45:00
2025-05-28 20:50:00,0.0,2025-05-28 20:50:00
2025-05-28 20:55:00,0.0,2025-05-28 20:55:00
2025-05-28 21:00:00,0.0,2025-05-28 21:00:00
2025-05-28 21:05:00,0.0,2025-05-28 21:05:00
2025-05-28 21:10:00,0.0,2025-05-28 21:10:00
2025-05-28 21:15:00,0.0,2025-05-28 21:15:00
2025-05-28 21:20:00,0.0,2025-05-28 21:20:00
2025-05-28 21:25:00,0.0,2025-05-28 21:25:00
2025-05-28 21:30:00,0.0,2025-05-28 21:30:00
2025-05-28 21:35:00,0.0,2025-05-28 21:35:00
2025-05-28 21:40:00,0.0,2025-05-28 21:40:00
2025-05-28 21:45:00,0.0,2025-05-28 21:45:00
2025-05-28 21:50:00,0.0,2025-05-28 21:50:00
2025-05-28 21:55:00,0.0,2025-05-28 21:55:00
2025-05-28 22:00:00,-1897.216,2025-05-28 22:00:00
2025-05-28 22:05:00,-1805.236,2025-05-28 22:05:00
2025-05-28 22:10:00,-1729.236,2025-05-28 22:10:00
2025-05-28 22:15:00,-1665.246,2025-05-28 22:15:00
2025-05-28 22:20:00,-1649.236,2025-05-28 22:20:00
2025-05-28 22:25:00,-1605.236,2025-05-28 22:25:00
2025-05-28 22:30:00,-1601.236,2025-05-28 22:30:00
2025-05-28 22:35:00,-1513.206,2025-05-28 22:35:00
2025-05-28 22:40:00,-1669.196,2025-05-28 22:40:00
2025-05-28 22:45:00,-1797.206,2025-05-28 22:45:00
2025-05-28 22:50:00,-1721.236,2025-05-28 22:50:00
2025-05-28 22:55:00,-1697.216,2025-05-28 22:55:00
2025-05-28 23:00:00,-1753.216,2025-05-28 23:00:00
2025-05-28 23:05:00,-1773.166,2025-05-28 23:05:00
2025-05-28 23:10:00,-1793.186,2025-05-28 23:10:00
2025-05-28 23:15:00,-1865.196,2025-05-28 23:15:00
2025-05-28 23:20:00,-1717.216,2025-05-28 23:20:00
2025-05-28 23:25:00,-1789.196,2025-05-28 23:25:00
2025-05-28 23:30:00,-1749.216,2025-05-28 23:30:00
2025-05-28 23:35:00,-1737.226,2025-05-28 23:35:00
2025-05-28 23:40:00,-1665.246,2025-05-28 23:40:00
2025-05-28 23:45:00,-1609.246,2025-05-28 23:45:00
2025-05-28 23:50:00,-1593.226,2025-05-28 23:50:00
2025-05-28 23:55:00,-1661.256,2025-05-28 23:55:00
2025-05-29 00:00:00,-1745.226,2025-05-29 00:00:00
2025-05-29 00:05:00,-1749.186,2025-05-29 00:05:00
2025-05-29 00:10:00,-1841.246,2025-05-29 00:10:00
2025-05-29 00:15:00,-1845.226,2025-05-29 00:15:00
2025-05-29 00:20:00,-1865.186,2025-05-29 00:20:00
2025-05-29 00:25:00,-1697.216,2025-05-29 00:25:00
2025-05-29 00:30:00,-1817.226,2025-05-29 00:30:00
2025-05-29 00:35:00,-1861.236,2025-05-29 00:35:00
2025-05-29 00:40:00,-1821.226,2025-05-29 00:40:00
2025-05-29 00:45:00,-1893.216,2025-05-29 00:45:00
2025-05-29 00:50:00,-1853.196,2025-05-29 00:50:00
2025-05-29 00:55:00,-1669.226,2025-05-29 00:55:00
2025-05-29 01:00:00,-1753.206,2025-05-29 01:00:00
2025-05-29 01:05:00,-1777.226,2025-05-29 01:05:00
2025-05-29 01:10:00,-1953.196,2025-05-29 01:10:00
2025-05-29 01:15:00,-1885.246,2025-05-29 01:15:00
2025-05-29 01:20:00,-1789.246,2025-05-29 01:20:00
2025-05-29 01:25:00,-1757.186,2025-05-29 01:25:00
2025-05-29 01:30:00,-1897.236,2025-05-29 01:30:00
2025-05-29 01:35:00,-1933.226,2025-05-29 01:35:00
2025-05-29 01:40:00,-1677.246,2025-05-29 01:40:00
2025-05-29 01:45:00,-1757.196,2025-05-29 01:45:00
2025-05-29 01:50:00,-1841.226,2025-05-29 01:50:00
2025-05-29 01:55:00,-1833.226,2025-05-29 01:55:00
2025-05-29 02:00:00,-1813.226,2025-05-29 02:00:00
2025-05-29 02:05:00,-1829.216,2025-05-29 02:05:00
2025-05-29 02:10:00,-1825.226,2025-05-29 02:10:00
2025-05-29 02:15:00,-1805.226,2025-05-29 02:15:00
2025-05-29 02:20:00,-1641.196,2025-05-29 02:20:00
2025-05-29 02:25:00,-1633.236,2025-05-29 02:25:00
2025-05-29 02:30:00,-1565.226,2025-05-29 02:30:00
2025-05-29 02:35:00,-1865.206,2025-05-29 02:35:00
2025-05-29 02:40:00,-1753.216,2025-05-29 02:40:00
2025-05-29 02:45:00,-1773.216,2025-05-29 02:45:00
2025-05-29 02:50:00,-1789.256,2025-05-29 02:50:00
2025-05-29 02:55:00,-1749.256,2025-05-29 02:55:00
2025-05-29 03:00:00,-1697.206,2025-05-29 03:00:00
2025-05-29 03:05:00,-1753.226,2025-05-29 03:05:00
2025-05-29 03:10:00,-1817.206,2025-05-29 03:10:00
2025-05-29 03:15:00,-1857.216,2025-05-29 03:15:00
2025-05-29 03:20:00,-1833.236,2025-05-29 03:20:00
2025-05-29 03:25:00,-1705.186,2025-05-29 03:25:00
2025-05-29 03:30:00,-1857.256,2025-05-29 03:30:00
2025-05-29 03:35:00,-1909.226,2025-05-29 03:35:00
2025-05-29 03:40:00,-1793.246,2025-05-29 03:40:00
2025-05-29 03:45:00,-1857.206,2025-05-29 03:45:00
2025-05-29 03:50:00,-1841.216,2025-05-29 03:50:00
2025-05-29 03:55:00,-2045.226,2025-05-29 03:55:00
2025-05-29 04:00:00,-1689.236,2025-05-29 04:00:00
2025-05-29 04:05:00,-1681.206,2025-05-29 04:05:00
2025-05-29 04:10:00,-1777.216,2025-05-29 04:10:00
2025-05-29 04:15:00,-1693.196,2025-05-29 04:15:00
2025-05-29 04:20:00,-1821.226,2025-05-29 04:20:00
2025-05-29 04:25:00,-1713.256,2025-05-29 04:25:00
2025-05-29 04:30:00,-1717.196,2025-05-29 04:30:00
2025-05-29 04:35:00,-1661.176,2025-05-29 04:35:00
2025-05-29 04:40:00,-1773.266,2025-05-29 04:40:00
2025-05-29 04:45:00,-1789.216,2025-05-29 04:45:00
2025-05-29 04:50:00,-1869.206,2025-05-29 04:50:00
2025-05-29 04:55:00,-1905.226,2025-05-29 04:55:00
2025-05-29 05:00:00,-2025.216,2025-05-29 05:00:00
2025-05-29 05:05:00,-1861.216,2025-05-29 05:05:00
2025-05-29 05:10:00,-1781.246,2025-05-29 05:10:00
2025-05-29 05:15:00,-2001.226,2025-05-29 05:15:00
2025-05-29 05:20:00,-2013.236,2025-05-29 05:20:00
2025-05-29 05:25:00,-1825.226,2025-05-29 05:25:00
2025-05-29 05:30:00,-1953.196,2025-05-29 05:30:00
2025-05-29 05:35:00,-1977.206,2025-05-29 05:35:00
2025-05-29 05:40:00,-1837.206,2025-05-29 05:40:00
2025-05-29 05:45:00,-1801.206,2025-05-29 05:45:00
2025-05-29 05:50:00,-1757.186,2025-05-29 05:50:00
2025-05-29 05:55:00,-1865.226,2025-05-29 05:55:00
2025-05-29 06:00:00,-1877.246,2025-05-29 06:00:00
2025-05-29 06:05:00,-1809.216,2025-05-29 06:05:00
2025-05-29 06:10:00,-1909.256,2025-05-29 06:10:00
2025-05-29 06:15:00,-1869.216,2025-05-29 06:15:00
2025-05-29 06:20:00,-1921.236,2025-05-29 06:20:00
2025-05-29 06:25:00,-1813.206,2025-05-29 06:25:00
2025-05-29 06:30:00,-1965.256,2025-05-29 06:30:00
2025-05-29 06:35:00,-1865.226,2025-05-29 06:35:00
2025-05-29 06:40:00,-1797.166,2025-05-29 06:40:00
2025-05-29 06:45:00,-1817.176,2025-05-29 06:45:00
2025-05-29 06:50:00,-1933.206,2025-05-29 06:50:00
2025-05-29 06:55:00,-1949.246,2025-05-29 06:55:00
2025-05-29 07:00:00,-2009.186,2025-05-29 07:00:00
2025-05-29 07:05:00,-1761.166,2025-05-29 07:05:00
2025-05-29 07:10:00,-1753.236,2025-05-29 07:10:00
2025-05-29 07:15:00,-1841.226,2025-05-29 07:15:00
2025-05-29 07:20:00,-1921.206,2025-05-29 07:20:00
2025-05-29 07:25:00,-1901.216,2025-05-29 07:25:00
2025-05-29 07:30:00,-1949.216,2025-05-29 07:30:00
2025-05-29 07:35:00,-1829.196,2025-05-29 07:35:00
2025-05-29 07:40:00,-1997.226,2025-05-29 07:40:00
2025-05-29 07:45:00,-1949.186,2025-05-29 07:45:00
2025-05-29 07:50:00,-1901.196,2025-05-29 07:50:00
2025-05-29 07:55:00,-1949.256,2025-05-29 07:55:00
2025-05-29 08:00:00,9000.0,2025-05-29 08:00:00
2025-05-29 08:05:00,9000.0,2025-05-29 08:05:00
2025-05-29 08:10:00,9000.0,2025-05-29 08:10:00
2025-05-29 08:15:00,9000.0,2025-05-29 08:15:00
2025-05-29 08:20:00,9000.0,2025-05-29 08:20:00
2025-05-29 08:25:00,9000.0,2025-05-29 08:25:00
2025-05-29 08:30:00,9000.0,2025-05-29 08:30:00
2025-05-29 08:35:00,9000.0,2025-05-29 08:35:00
2025-05-29 08:40:00,9000.0,2025-05-29 08:40:00
2025-05-29 08:45:00,9000.0,2025-05-29 08:45:00
2025-05-29 08:50:00,9000.0,2025-05-29 08:50:00
2025-05-29 08:55:00,9000.0,2025-05-29 08:55:00
2025-05-29 09:00:00,9000.0,2025-05-29 09:00:00
2025-05-29 09:05:00,9000.0,2025-05-29 09:05:00
2025-05-29 09:10:00,9000.0,2025-05-29 09:10:00
2025-05-29 09:15:00,9000.0,2025-05-29 09:15:00
2025-05-29 09:20:00,9000.0,2025-05-29 09:20:00
2025-05-29 09:25:00,9000.0,2025-05-29 09:25:00
2025-05-29 09:30:00,9000.0,2025-05-29 09:30:00
2025-05-29 09:35:00,9000.0,2025-05-29 09:35:00
2025-05-29 09:40:00,8999.92,2025-05-29 09:40:00
2025-05-29 09:45:00,359.438,2025-05-29 09:45:00
2025-05-29 09:50:00,0.0,2025-05-29 09:50:00
2025-05-29 09:55:00,0.0,2025-05-29 09:55:00
2025-05-29 10:00:00,0.0,2025-05-29 10:00:00
2025-05-29 10:05:00,0.0,2025-05-29 10:05:00
2025-05-29 10:10:00,0.0,2025-05-29 10:10:00
2025-05-29 10:15:00,0.0,2025-05-29 10:15:00
2025-05-29 10:20:00,0.0,2025-05-29 10:20:00
2025-05-29 10:25:00,0.0,2025-05-29 10:25:00
2025-05-29 10:30:00,0.0,2025-05-29 10:30:00
2025-05-29 10:35:00,0.0,2025-05-29 10:35:00
2025-05-29 10:40:00,0.0,2025-05-29 10:40:00
2025-05-29 10:45:00,0.0,2025-05-29 10:45:00
2025-05-29 10:50:00,0.0,2025-05-29 10:50:00
2025-05-29 10:55:00,0.0,2025-05-29 10:55:00
2025-05-29 11:00:00,-1945.226,2025-05-29 11:00:00
2025-05-29 11:05:00,-2013.206,2025-05-29 11:05:00
2025-05-29 11:10:00,-2021.196,2025-05-29 11:10:00
2025-05-29 11:15:00,-1921.226,2025-05-29 11:15:00
2025-05-29 11:20:00,-1993.206,2025-05-29 11:20:00
2025-05-29 11:25:00,-1937.236,2025-05-29 11:25:00
2025-05-29 11:30:00,-1881.196,2025-05-29 11:30:00
2025-05-29 11:35:00,-1949.206,2025-05-29 11:35:00
2025-05-29 11:40:00,-1869.236,2025-05-29 11:40:00
2025-05-29 11:45:00,-1937.236,2025-05-29 11:45:00
2025-05-29 11:50:00,-2001.236,2025-05-29 11:50:00
2025-05-29 11:55:00,-1917.226,2025-05-29 11:55:00
2025-05-29 12:00:00,-2085.236,2025-05-29 12:00:00
2025-05-29 12:05:00,-1909.216,2025-05-29 12:05:00
2025-05-29 12:10:00,-2045.256,2025-05-29 12:10:00
2025-05-29 12:15:00,-1849.216,2025-05-29 12:15:00
2025-05-29 12:20:00,-1645.236,2025-05-29 12:20:00
2025-05-29 12:25:00,-1865.216,2025-05-29 12:25:00
2025-05-29 12:30:00,-1813.226,2025-05-29 12:30:00
2025-05-29 12:35:00,-1745.216,2025-05-29 12:35:00
2025-05-29 12:40:00,-1833.186,2025-05-29 12:40:00
2025-05-29 12:45:00,-1773.196,2025-05-29 12:45:00
2025-05-29 12:50:00,-1865.226,2025-05-29 12:50:00
2025-05-29 12:55:00,-2001.206,2025-05-29 12:55:00
2025-05-29 13:00:00,-1949.216,2025-05-29 13:00:00
2025-05-29 13:05:00,-1917.196,2025-05-29 13:05:00
2025-05-29 13:10:00,-1909.216,2025-05-29 13:10:00
2025-05-29 13:15:00,-1905.196,2025-05-29 13:15:00
2025-05-29 13:20:00,-1865.196,2025-05-29 13:20:00
2025-05-29 13:25:00,-1961.196,2025-05-29 13:25:00
2025-05-29 13:30:00,-1829.176,2025-05-29 13:30:00
2025-05-29 13:35:00,-1821.206,2025-05-29 13:35:00
2025-05-29 13:40:00,-1857.226,2025-05-29 13:40:00
2025-05-29 13:45:00,-1837.236,2025-05-29 13:45:00
2025-05-29 13:50:00,-1709.196,2025-05-29 13:50:00
2025-05-29 13:55:00,-1757.206,2025-05-29 13:55:00
2025-05-29 14:00:00,-1529.196,2025-05-29 14:00:00
2025-05-29 14:05:00,-1717.256,2025-05-29 14:05:00
2025-05-29 14:10:00,-1801.236,2025-05-29 14:10:00
2025-05-29 14:15:00,-1713.196,2025-05-29 14:15:00
2025-05-29 14:20:00,-1909.206,2025-05-29 14:20:00
2025-05-29 14:25:00,-1697.226,2025-05-29 14:25:00
2025-05-29 14:30:00,-1645.166,2025-05-29 14:30:00
2025-05-29 14:35:00,-1805.226,2025-05-29 14:35:00
2025-05-29 14:40:00,-1713.226,2025-05-29 14:40:00
2025-05-29 14:45:00,-1741.166,2025-05-29 14:45:00
2025-05-29 14:50:00,-1825.236,2025-05-29 14:50:00
2025-05-29 14:55:00,-1689.226,2025-05-29 14:55:00
2025-05-29 15:00:00,-1793.216,2025-05-29 15:00:00
2025-05-29 15:05:00,-1777.196,2025-05-29 15:05:00
2025-05-29 15:10:00,-1745.206,2025-05-29 15:10:00
2025-05-29 15:15:00,-1945.186,2025-05-29 15:15:00
2025-05-29 15:20:00,-1709.176,2025-05-29 15:20:00
2025-05-29 15:25:00,-1725.186,2025-05-29 15:25:00
2025-05-29 15:30:00,-1657.206,2025-05-29 15:30:00
2025-05-29 15:35:00,-1821.226,2025-05-29 15:35:00
2025-05-29 15:40:00,-1849.236,2025-05-29 15:40:00
2025-05-29 15:45:00,-1893.176,2025-05-29 15:45:00
2025-05-29 15:50:00,-1829.206,2025-05-29 15:50:00
2025-05-29 15:55:00,-1885.176,2025-05-29 15:55:00
2025-05-29 16:00:00,-1645.196,2025-05-29 16:00:00
2025-05-29 16:05:00,-1689.236,2025-05-29 16:05:00
2025-05-29 16:10:00,-1729.236,2025-05-29 16:10:00
2025-05-29 16:15:00,-1609.206,2025-05-29 16:15:00
2025-05-29 16:20:00,-1805.206,2025-05-29 16:20:00
2025-05-29 16:25:00,-1673.206,2025-05-29 16:25:00
2025-05-29 16:30:00,-1745.216,2025-05-29 16:30:00
2025-05-29 16:35:00,-1597.196,2025-05-29 16:35:00
2025-05-29 16:40:00,-1865.196,2025-05-29 16:40:00
2025-05-29 16:45:00,-1757.236,2025-05-29 16:45:00
2025-05-29 16:50:00,-1653.206,2025-05-29 16:50:00
2025-05-29 16:55:00,-1821.206,2025-05-29 16:55:00
2025-05-29 17:00:00,-1957.196,2025-05-29 17:00:00
2025-05-29 17:05:00,-2005.216,2025-05-29 17:05:00
2025-05-29 17:10:00,-2043.596,2025-05-29 17:10:00
2025-05-29 17:15:00,-2043.596,2025-05-29 17:15:00
2025-05-29 17:20:00,-2121.196,2025-05-29 17:20:00
2025-05-29 17:25:00,-2121.196,2025-05-29 17:25:00
2025-05-29 17:30:00,-1829.206,2025-05-29 17:30:00
2025-05-29 17:35:00,-1849.206,2025-05-29 17:35:00
2025-05-29 17:40:00,-1957.206,2025-05-29 17:40:00
2025-05-29 17:45:00,-1797.236,2025-05-29 17:45:00
2025-05-29 17:50:00,-1817.246,2025-05-29 17:50:00
2025-05-29 17:55:00,-1765.236,2025-05-29 17:55:00
2025-05-29 18:00:00,9000.0,2025-05-29 18:00:00
2025-05-29 18:05:00,9000.0,2025-05-29 18:05:00
2025-05-29 18:10:00,9000.0,2025-05-29 18:10:00
2025-05-29 18:15:00,9000.0,2025-05-29 18:15:00
2025-05-29 18:20:00,9000.0,2025-05-29 18:20:00
2025-05-29 18:25:00,9000.0,2025-05-29 18:25:00
2025-05-29 18:30:00,9000.0,2025-05-29 18:30:00
2025-05-29 18:35:00,9000.0,2025-05-29 18:35:00
2025-05-29 18:40:00,9000.0,2025-05-29 18:40:00
2025-05-29 18:45:00,9000.0,2025-05-29 18:45:00
2025-05-29 18:50:00,9000.0,2025-05-29 18:50:00
2025-05-29 18:55:00,9000.0,2025-05-29 18:55:00
2025-05-29 19:00:00,8999.999,2025-05-29 19:00:00
2025-05-29 19:05:00,8999.995,2025-05-29 19:05:00
2025-05-29 19:10:00,8989.719,2025-05-29 19:10:00
2025-05-29 19:15:00,0.0,2025-05-29 19:15:00
2025-05-29 19:20:00,0.0,2025-05-29 19:20:00
2025-05-29 19:25:00,0.0,2025-05-29 19:25:00
2025-05-29 19:30:00,0.0,2025-05-29 19:30:00
2025-05-29 19:35:00,0.0,2025-05-29 19:35:00
2025-05-29 19:40:00,0.0,2025-05-29 19:40:00
2025-05-29 19:45:00,0.0,2025-05-29 19:45:00
2025-05-29 19:50:00,0.0,2025-05-29 19:50:00
2025-05-29 19:55:00,0.0,2025-05-29 19:55:00
2025-05-29 20:00:00,0.0,2025-05-29 20:00:00
2025-05-29 20:05:00,0.0,2025-05-29 20:05:00
2025-05-29 20:10:00,0.0,2025-05-29 20:10:00
2025-05-29 20:15:00,0.0,2025-05-29 20:15:00
2025-05-29 20:20:00,0.0,2025-05-29 20:20:00
2025-05-29 20:25:00,0.0,2025-05-29 20:25:00
2025-05-29 20:30:00,0.0,2025-05-29 20:30:00
2025-05-29 20:35:00,0.0,2025-05-29 20:35:00
2025-05-29 20:40:00,0.0,2025-05-29 20:40:00
2025-05-29 20:45:00,0.0,2025-05-29 20:45:00
2025-05-29 20:50:00,0.0,2025-05-29 20:50:00
2025-05-29 20:55:00,0.0,2025-05-29 20:55:00
2025-05-29 21:00:00,0.0,2025-05-29 21:00:00
2025-05-29 21:05:00,0.0,2025-05-29 21:05:00
2025-05-29 21:10:00,0.0,2025-05-29 21:10:00
2025-05-29 21:15:00,0.0,2025-05-29 21:15:00
2025-05-29 21:20:00,0.0,2025-05-29 21:20:00
2025-05-29 21:25:00,0.0,2025-05-29 21:25:00
2025-05-29 21:30:00,0.0,2025-05-29 21:30:00
2025-05-29 21:35:00,0.0,2025-05-29 21:35:00
2025-05-29 21:40:00,0.0,2025-05-29 21:40:00
2025-05-29 21:45:00,0.0,2025-05-29 21:45:00
2025-05-29 21:50:00,0.0,2025-05-29 21:50:00
2025-05-29 21:55:00,0.0,2025-05-29 21:55:00
2025-05-29 22:00:00,-2026.226,2025-05-29 22:00:00
2025-05-29 22:05:00,-1898.256,2025-05-29 22:05:00
2025-05-29 22:10:00,-1938.226,2025-05-29 22:10:00
2025-05-29 22:15:00,-1914.196,2025-05-29 22:15:00
2025-05-29 22:20:00,-1702.166,2025-05-29 22:20:00
2025-05-29 22:25:00,-1806.186,2025-05-29 22:25:00
2025-05-29 22:30:00,-1630.186,2025-05-29 22:30:00
2025-05-29 22:35:00,-1746.176,2025-05-29 22:35:00
2025-05-29 22:40:00,-1750.246,2025-05-29 22:40:00
2025-05-29 22:45:00,-1822.206,2025-05-29 22:45:00
2025-05-29 22:50:00,-1698.206,2025-05-29 22:50:00
2025-05-29 22:55:00,-1758.216,2025-05-29 22:55:00
2025-05-29 23:00:00,-1610.216,2025-05-29 23:00:00
2025-05-29 23:05:00,-1746.216,2025-05-29 23:05:00
2025-05-29 23:10:00,-1762.216,2025-05-29 23:10:00
2025-05-29 23:15:00,-1750.216,2025-05-29 23:15:00
2025-05-29 23:20:00,-1694.206,2025-05-29 23:20:00
2025-05-29 23:25:00,-1810.216,2025-05-29 23:25:00
2025-05-29 23:30:00,-1722.226,2025-05-29 23:30:00
2025-05-29 23:35:00,-1706.236,2025-05-29 23:35:00
2025-05-29 23:40:00,-1570.236,2025-05-29 23:40:00
2025-05-29 23:45:00,-1558.206,2025-05-29 23:45:00
2025-05-29 23:50:00,-1658.226,2025-05-29 23:50:00
2025-05-29 23:55:00,-1778.206,2025-05-29 23:55:00
2025-05-30 00:00:00,-1566.206,2025-05-30 00:00:00
2025-05-30 00:05:00,-1678.206,2025-05-30 00:05:00
2025-05-30 00:10:00,-1566.216,2025-05-30 00:10:00
2025-05-30 00:15:00,-1618.196,2025-05-30 00:15:00
2025-05-30 00:20:00,-1706.216,2025-05-30 00:20:00
2025-05-30 00:25:00,-1578.226,2025-05-30 00:25:00
2025-05-30 00:30:00,-1710.216,2025-05-30 00:30:00
2025-05-30 00:35:00,-1606.226,2025-05-30 00:35:00
2025-05-30 00:40:00,-1694.236,2025-05-30 00:40:00
2025-05-30 00:45:00,-1738.176,2025-05-30 00:45:00
2025-05-30 00:50:00,-1854.226,2025-05-30 00:50:00
2025-05-30 00:55:00,-1634.216,2025-05-30 00:55:00
2025-05-30 01:00:00,-1614.236,2025-05-30 01:00:00
2025-05-30 01:05:00,-1810.256,2025-05-30 01:05:00
2025-05-30 01:10:00,-1866.206,2025-05-30 01:10:00
2025-05-30 01:15:00,-1722.196,2025-05-30 01:15:00
2025-05-30 01:20:00,-1630.186,2025-05-30 01:20:00
2025-05-30 01:25:00,-1766.186,2025-05-30 01:25:00
2025-05-30 01:30:00,-1682.186,2025-05-30 01:30:00
2025-05-30 01:35:00,-1726.226,2025-05-30 01:35:00
2025-05-30 01:40:00,-1658.246,2025-05-30 01:40:00
2025-05-30 01:45:00,-1662.226,2025-05-30 01:45:00
2025-05-30 01:50:00,-1674.196,2025-05-30 01:50:00
2025-05-30 01:55:00,-1646.196,2025-05-30 01:55:00
2025-05-30 02:00:00,-1662.236,2025-05-30 02:00:00
2025-05-30 02:05:00,-1770.216,2025-05-30 02:05:00
2025-05-30 02:10:00,-1794.166,2025-05-30 02:10:00
2025-05-30 02:15:00,-1778.206,2025-05-30 02:15:00
2025-05-30 02:20:00,-1750.206,2025-05-30 02:20:00
2025-05-30 02:25:00,-1702.216,2025-05-30 02:25:00
2025-05-30 02:30:00,-1978.206,2025-05-30 02:30:00
2025-05-30 02:35:00,-1970.196,2025-05-30 02:35:00
2025-05-30 02:40:00,-1922.216,2025-05-30 02:40:00
2025-05-30 02:45:00,-2022.196,2025-05-30 02:45:00
2025-05-30 02:50:00,-1930.216,2025-05-30 02:50:00
2025-05-30 02:55:00,-1942.226,2025-05-30 02:55:00
2025-05-30 03:00:00,-1922.206,2025-05-30 03:00:00
2025-05-30 03:05:00,-2042.206,2025-05-30 03:05:00
2025-05-30 03:10:00,-2018.226,2025-05-30 03:10:00
2025-05-30 03:15:00,-1826.226,2025-05-30 03:15:00
2025-05-30 03:20:00,-1954.216,2025-05-30 03:20:00
2025-05-30 03:25:00,-1858.206,2025-05-30 03:25:00
2025-05-30 03:30:00,-1966.216,2025-05-30 03:30:00
2025-05-30 03:35:00,-1938.216,2025-05-30 03:35:00
2025-05-30 03:40:00,-1914.216,2025-05-30 03:40:00
2025-05-30 03:45:00,-1818.186,2025-05-30 03:45:00
2025-05-30 03:50:00,-1734.226,2025-05-30 03:50:00
2025-05-30 03:55:00,-1682.226,2025-05-30 03:55:00
2025-05-30 04:00:00,-1722.196,2025-05-30 04:00:00
2025-05-30 04:05:00,-1690.216,2025-05-30 04:05:00
2025-05-30 04:10:00,-4790.186,2025-05-30 04:10:00
2025-05-30 04:15:00,-1770.226,2025-05-30 04:15:00
2025-05-30 04:20:00,-1798.236,2025-05-30 04:20:00
2025-05-30 04:25:00,-1878.196,2025-05-30 04:25:00
2025-05-30 04:30:00,-1746.216,2025-05-30 04:30:00
2025-05-30 04:35:00,-1722.216,2025-05-30 04:35:00
2025-05-30 04:40:00,-1654.236,2025-05-30 04:40:00
2025-05-30 04:45:00,-1798.226,2025-05-30 04:45:00
2025-05-30 04:50:00,-1802.226,2025-05-30 04:50:00
2025-05-30 04:55:00,-1714.206,2025-05-30 04:55:00
2025-05-30 05:00:00,-1722.216,2025-05-30 05:00:00
2025-05-30 05:05:00,-1750.226,2025-05-30 05:05:00
2025-05-30 05:10:00,-1814.196,2025-05-30 05:10:00
2025-05-30 05:15:00,-1774.196,2025-05-30 05:15:00
2025-05-30 05:20:00,-1850.206,2025-05-30 05:20:00
2025-05-30 05:25:00,-1638.226,2025-05-30 05:25:00
2025-05-30 05:30:00,-1682.246,2025-05-30 05:30:00
2025-05-30 05:35:00,-1550.226,2025-05-30 05:35:00
2025-05-30 05:40:00,-1838.206,2025-05-30 05:40:00
2025-05-30 05:45:00,-1722.206,2025-05-30 05:45:00
2025-05-30 05:50:00,-1702.196,2025-05-30 05:50:00
2025-05-30 05:55:00,-1690.226,2025-05-30 05:55:00
2025-05-30 06:00:00,-1654.216,2025-05-30 06:00:00
2025-05-30 06:05:00,-1766.226,2025-05-30 06:05:00
2025-05-30 06:10:00,-1738.226,2025-05-30 06:10:00
2025-05-30 06:15:00,-1934.196,2025-05-30 06:15:00
2025-05-30 06:20:00,-1798.226,2025-05-30 06:20:00
2025-05-30 06:25:00,-1654.226,2025-05-30 06:25:00
2025-05-30 06:30:00,-1786.226,2025-05-30 06:30:00
2025-05-30 06:35:00,-1942.196,2025-05-30 06:35:00
2025-05-30 06:40:00,-1806.206,2025-05-30 06:40:00
2025-05-30 06:45:00,-1734.226,2025-05-30 06:45:00
2025-05-30 06:50:00,-1634.246,2025-05-30 06:50:00
2025-05-30 06:55:00,-1878.246,2025-05-30 06:55:00
2025-05-30 07:00:00,-1794.216,2025-05-30 07:00:00
2025-05-30 07:05:00,-1798.246,2025-05-30 07:05:00
2025-05-30 07:10:00,-1834.216,2025-05-30 07:10:00
2025-05-30 07:15:00,-1782.216,2025-05-30 07:15:00
2025-05-30 07:20:00,-1686.216,2025-05-30 07:20:00
2025-05-30 07:25:00,-1810.216,2025-05-30 07:25:00
2025-05-30 07:30:00,-1770.206,2025-05-30 07:30:00
2025-05-30 07:35:00,-1846.226,2025-05-30 07:35:00
2025-05-30 07:40:00,-1910.226,2025-05-30 07:40:00
2025-05-30 07:45:00,-1990.216,2025-05-30 07:45:00
2025-05-30 07:50:00,-1702.216,2025-05-30 07:50:00
2025-05-30 07:55:00,-1702.246,2025-05-30 07:55:00
2025-05-30 08:00:00,9000.0,2025-05-30 08:00:00
2025-05-30 08:05:00,9000.0,2025-05-30 08:05:00
2025-05-30 08:10:00,9000.0,2025-05-30 08:10:00
2025-05-30 08:15:00,9000.0,2025-05-30 08:15:00
2025-05-30 08:20:00,9000.0,2025-05-30 08:20:00
2025-05-30 08:25:00,9000.0,2025-05-30 08:25:00
2025-05-30 08:30:00,9000.0,2025-05-30 08:30:00
2025-05-30 08:35:00,9000.0,2025-05-30 08:35:00
2025-05-30 08:40:00,9000.0,2025-05-30 08:40:00
2025-05-30 08:45:00,9000.0,2025-05-30 08:45:00
2025-05-30 08:50:00,9000.0,2025-05-30 08:50:00
2025-05-30 08:55:00,9000.0,2025-05-30 08:55:00
2025-05-30 09:00:00,9000.0,2025-05-30 09:00:00
2025-05-30 09:05:00,9000.0,2025-05-30 09:05:00
2025-05-30 09:10:00,9000.0,2025-05-30 09:10:00
2025-05-30 09:15:00,9000.0,2025-05-30 09:15:00
2025-05-30 09:20:00,9000.0,2025-05-30 09:20:00
2025-05-30 09:25:00,9000.0,2025-05-30 09:25:00
2025-05-30 09:30:00,9000.0,2025-05-30 09:30:00
2025-05-30 09:35:00,9000.0,2025-05-30 09:35:00
2025-05-30 09:40:00,8030.423,2025-05-30 09:40:00
2025-05-30 09:45:00,0.0,2025-05-30 09:45:00
2025-05-30 09:50:00,0.0,2025-05-30 09:50:00
2025-05-30 09:55:00,0.0,2025-05-30 09:55:00
2025-05-30 10:00:00,0.0,2025-05-30 10:00:00
2025-05-30 10:05:00,0.0,2025-05-30 10:05:00
2025-05-30 10:10:00,0.0,2025-05-30 10:10:00
2025-05-30 10:15:00,0.0,2025-05-30 10:15:00
2025-05-30 10:20:00,0.0,2025-05-30 10:20:00
2025-05-30 10:25:00,0.0,2025-05-30 10:25:00
2025-05-30 10:30:00,0.0,2025-05-30 10:30:00
2025-05-30 10:35:00,0.0,2025-05-30 10:35:00
2025-05-30 10:40:00,0.0,2025-05-30 10:40:00
2025-05-30 10:45:00,0.0,2025-05-30 10:45:00
2025-05-30 10:50:00,0.0,2025-05-30 10:50:00
2025-05-30 10:55:00,0.0,2025-05-30 10:55:00
2025-05-30 11:00:00,-1858.236,2025-05-30 11:00:00
2025-05-30 11:05:00,-1806.256,2025-05-30 11:05:00
2025-05-30 11:10:00,-1822.216,2025-05-30 11:10:00
2025-05-30 11:15:00,-1746.226,2025-05-30 11:15:00
2025-05-30 11:20:00,-1690.226,2025-05-30 11:20:00
2025-05-30 11:25:00,-1886.256,2025-05-30 11:25:00
2025-05-30 11:30:00,-1654.246,2025-05-30 11:30:00
2025-05-30 11:35:00,-1606.186,2025-05-30 11:35:00
2025-05-30 11:40:00,-1578.226,2025-05-30 11:40:00
2025-05-30 11:45:00,-1706.216,2025-05-30 11:45:00
2025-05-30 11:50:00,-1630.186,2025-05-30 11:50:00
2025-05-30 11:55:00,-1602.246,2025-05-30 11:55:00
2025-05-30 12:00:00,-1742.216,2025-05-30 12:00:00
2025-05-30 12:05:00,-1714.226,2025-05-30 12:05:00
2025-05-30 12:10:00,-1654.226,2025-05-30 12:10:00
2025-05-30 12:15:00,-1734.176,2025-05-30 12:15:00
2025-05-30 12:20:00,-1670.206,2025-05-30 12:20:00
2025-05-30 12:25:00,-1722.216,2025-05-30 12:25:00
2025-05-30 12:30:00,-1942.226,2025-05-30 12:30:00
2025-05-30 12:35:00,-1862.226,2025-05-30 12:35:00
2025-05-30 12:40:00,-1730.166,2025-05-30 12:40:00
2025-05-30 12:45:00,-1790.176,2025-05-30 12:45:00
2025-05-30 12:50:00,-1854.196,2025-05-30 12:50:00
2025-05-30 12:55:00,-1814.166,2025-05-30 12:55:00
2025-05-30 13:00:00,-1758.216,2025-05-30 13:00:00
2025-05-30 13:05:00,-1746.226,2025-05-30 13:05:00
2025-05-30 13:10:00,-1874.206,2025-05-30 13:10:00
2025-05-30 13:15:00,-1854.226,2025-05-30 13:15:00
2025-05-30 13:20:00,-1806.236,2025-05-30 13:20:00
2025-05-30 13:25:00,-1958.246,2025-05-30 13:25:00
2025-05-30 13:30:00,-1814.196,2025-05-30 13:30:00
2025-05-30 13:35:00,-1830.196,2025-05-30 13:35:00
2025-05-30 13:40:00,-1942.196,2025-05-30 13:40:00
2025-05-30 13:45:00,-1978.196,2025-05-30 13:45:00
2025-05-30 13:50:00,-1814.206,2025-05-30 13:50:00
2025-05-30 13:55:00,-1754.226,2025-05-30 13:55:00
2025-05-30 14:00:00,-1714.226,2025-05-30 14:00:00
2025-05-30 14:05:00,-1778.186,2025-05-30 14:05:00
2025-05-30 14:10:00,-1858.216,2025-05-30 14:10:00
2025-05-30 14:15:00,-1782.236,2025-05-30 14:15:00
2025-05-30 14:20:00,-1758.236,2025-05-30 14:20:00
2025-05-30 14:25:00,-1778.256,2025-05-30 14:25:00
2025-05-30 14:30:00,-1882.226,2025-05-30 14:30:00
2025-05-30 14:35:00,-1730.196,2025-05-30 14:35:00
2025-05-30 14:40:00,-1778.206,2025-05-30 14:40:00
2025-05-30 14:45:00,-1842.216,2025-05-30 14:45:00
2025-05-30 14:50:00,-1810.206,2025-05-30 14:50:00
2025-05-30 14:55:00,-1938.246,2025-05-30 14:55:00
2025-05-30 15:00:00,-2018.186,2025-05-30 15:00:00
2025-05-30 15:05:00,-1870.196,2025-05-30 15:05:00
2025-05-30 15:10:00,-2018.166,2025-05-30 15:10:00
2025-05-30 15:15:00,-1734.196,2025-05-30 15:15:00
2025-05-30 15:20:00,-1934.196,2025-05-30 15:20:00
2025-05-30 15:25:00,-1994.246,2025-05-30 15:25:00
2025-05-30 15:30:00,-1882.206,2025-05-30 15:30:00
2025-05-30 15:35:00,-1922.196,2025-05-30 15:35:00
2025-05-30 15:40:00,-1870.226,2025-05-30 15:40:00
2025-05-30 15:45:00,-1930.226,2025-05-30 15:45:00
2025-05-30 15:50:00,-1846.216,2025-05-30 15:50:00
2025-05-30 15:55:00,-1838.216,2025-05-30 15:55:00
2025-05-30 16:00:00,-1882.236,2025-05-30 16:00:00
2025-05-30 16:05:00,-1762.206,2025-05-30 16:05:00
2025-05-30 16:10:00,-1982.206,2025-05-30 16:10:00
2025-05-30 16:15:00,-1914.216,2025-05-30 16:15:00
2025-05-30 16:20:00,-1830.186,2025-05-30 16:20:00
2025-05-30 16:25:00,-2010.206,2025-05-30 16:25:00
2025-05-30 16:30:00,-1858.226,2025-05-30 16:30:00
2025-05-30 16:35:00,-1962.226,2025-05-30 16:35:00
2025-05-30 16:40:00,-1902.226,2025-05-30 16:40:00
2025-05-30 16:45:00,-1694.216,2025-05-30 16:45:00
2025-05-30 16:50:00,-1698.226,2025-05-30 16:50:00
2025-05-30 16:55:00,-2714.216,2025-05-30 16:55:00
2025-05-30 17:00:00,-1834.216,2025-05-30 17:00:00
2025-05-30 17:05:00,-1706.206,2025-05-30 17:05:00
2025-05-30 17:10:00,-1718.246,2025-05-30 17:10:00
2025-05-30 17:15:00,-1878.226,2025-05-30 17:15:00
2025-05-30 17:20:00,-1834.226,2025-05-30 17:20:00
2025-05-30 17:25:00,-1782.196,2025-05-30 17:25:00
2025-05-30 17:30:00,-1614.236,2025-05-30 17:30:00
2025-05-30 17:35:00,-1902.226,2025-05-30 17:35:00
2025-05-30 17:40:00,-1822.226,2025-05-30 17:40:00
2025-05-30 17:45:00,-2254.196,2025-05-30 17:45:00
2025-05-30 17:50:00,-1830.256,2025-05-30 17:50:00
2025-05-30 17:55:00,-1830.206,2025-05-30 17:55:00
2025-05-30 18:00:00,9000.0,2025-05-30 18:00:00
2025-05-30 18:05:00,9000.0,2025-05-30 18:05:00
2025-05-30 18:10:00,9000.0,2025-05-30 18:10:00
2025-05-30 18:15:00,9000.0,2025-05-30 18:15:00
2025-05-30 18:20:00,9000.0,2025-05-30 18:20:00
2025-05-30 18:25:00,9000.0,2025-05-30 18:25:00
2025-05-30 18:30:00,9000.0,2025-05-30 18:30:00
2025-05-30 18:35:00,9000.0,2025-05-30 18:35:00
2025-05-30 18:40:00,9000.0,2025-05-30 18:40:00
2025-05-30 18:45:00,9000.0,2025-05-30 18:45:00
2025-05-30 18:50:00,9000.0,2025-05-30 18:50:00
2025-05-30 18:55:00,9000.0,2025-05-30 18:55:00
2025-05-30 19:00:00,9000.0,2025-05-30 19:00:00
2025-05-30 19:05:00,9000.0,2025-05-30 19:05:00
2025-05-30 19:10:00,8311.167,2025-05-30 19:10:00
2025-05-30 19:15:00,0.0,2025-05-30 19:15:00
2025-05-30 19:20:00,0.0,2025-05-30 19:20:00
2025-05-30 19:25:00,0.0,2025-05-30 19:25:00
2025-05-30 19:30:00,0.0,2025-05-30 19:30:00
2025-05-30 19:35:00,0.0,2025-05-30 19:35:00
2025-05-30 19:40:00,0.0,2025-05-30 19:40:00
2025-05-30 19:45:00,0.0,2025-05-30 19:45:00
2025-05-30 19:50:00,0.0,2025-05-30 19:50:00
2025-05-30 19:55:00,0.0,2025-05-30 19:55:00
2025-05-30 20:00:00,0.0,2025-05-30 20:00:00
2025-05-30 20:05:00,0.0,2025-05-30 20:05:00
2025-05-30 20:10:00,0.0,2025-05-30 20:10:00
2025-05-30 20:15:00,0.0,2025-05-30 20:15:00
2025-05-30 20:20:00,0.0,2025-05-30 20:20:00
2025-05-30 20:25:00,0.0,2025-05-30 20:25:00
2025-05-30 20:30:00,0.0,2025-05-30 20:30:00
2025-05-30 20:35:00,0.0,2025-05-30 20:35:00
2025-05-30 20:40:00,0.0,2025-05-30 20:40:00
2025-05-30 20:45:00,0.0,2025-05-30 20:45:00
2025-05-30 20:50:00,0.0,2025-05-30 20:50:00
2025-05-30 20:55:00,0.0,2025-05-30 20:55:00
2025-05-30 21:00:00,0.0,2025-05-30 21:00:00
2025-05-30 21:05:00,0.0,2025-05-30 21:05:00
2025-05-30 21:10:00,0.0,2025-05-30 21:10:00
2025-05-30 21:15:00,0.0,2025-05-30 21:15:00
2025-05-30 21:20:00,0.0,2025-05-30 21:20:00
2025-05-30 21:25:00,0.0,2025-05-30 21:25:00
2025-05-30 21:30:00,0.0,2025-05-30 21:30:00
2025-05-30 21:35:00,0.0,2025-05-30 21:35:00
2025-05-30 21:40:00,0.0,2025-05-30 21:40:00
2025-05-30 21:45:00,0.0,2025-05-30 21:45:00
2025-05-30 21:50:00,0.0,2025-05-30 21:50:00
2025-05-30 21:55:00,0.0,2025-05-30 21:55:00
2025-05-30 22:00:00,-1771.178,2025-05-30 22:00:00
2025-05-30 22:05:00,-1631.118,2025-05-30 22:05:00
2025-05-30 22:10:00,-1691.198,2025-05-30 22:10:00
2025-05-30 22:15:00,-1587.168,2025-05-30 22:15:00
2025-05-30 22:20:00,-1619.188,2025-05-30 22:20:00
2025-05-30 22:25:00,-1535.128,2025-05-30 22:25:00
2025-05-30 22:30:00,-1615.178,2025-05-30 22:30:00
2025-05-30 22:35:00,-1787.148,2025-05-30 22:35:00
2025-05-30 22:40:00,-1655.178,2025-05-30 22:40:00
2025-05-30 22:45:00,-1591.128,2025-05-30 22:45:00
2025-05-30 22:50:00,-1731.188,2025-05-30 22:50:00
2025-05-30 22:55:00,-1815.178,2025-05-30 22:55:00
2025-05-30 23:00:00,-1747.128,2025-05-30 23:00:00
2025-05-30 23:05:00,-1699.198,2025-05-30 23:05:00
2025-05-30 23:10:00,-1731.158,2025-05-30 23:10:00
2025-05-30 23:15:00,-1707.138,2025-05-30 23:15:00
2025-05-30 23:20:00,-1671.128,2025-05-30 23:20:00
2025-05-30 23:25:00,-1739.208,2025-05-30 23:25:00
2025-05-30 23:30:00,-1703.178,2025-05-30 23:30:00
2025-05-30 23:35:00,-1679.188,2025-05-30 23:35:00
2025-05-30 23:40:00,-1791.188,2025-05-30 23:40:00
2025-05-30 23:45:00,-1767.188,2025-05-30 23:45:00
2025-05-30 23:50:00,-1627.178,2025-05-30 23:50:00
2025-05-30 23:55:00,-1635.168,2025-05-30 23:55:00
2025-05-31 00:00:00,-1775.158,2025-05-31 00:00:00
2025-05-31 00:05:00,-1767.168,2025-05-31 00:05:00
2025-05-31 00:10:00,-1935.118,2025-05-31 00:10:00
2025-05-31 00:15:00,-1979.208,2025-05-31 00:15:00
2025-05-31 00:20:00,-1963.138,2025-05-31 00:20:00
2025-05-31 00:25:00,-1939.178,2025-05-31 00:25:00
2025-05-31 00:30:00,-1939.188,2025-05-31 00:30:00
2025-05-31 00:35:00,-1907.188,2025-05-31 00:35:00
2025-05-31 00:40:00,-1971.168,2025-05-31 00:40:00
2025-05-31 00:45:00,-1811.188,2025-05-31 00:45:00
2025-05-31 00:50:00,-1823.158,2025-05-31 00:50:00
2025-05-31 00:55:00,-1615.168,2025-05-31 00:55:00
2025-05-31 01:00:00,-1807.178,2025-05-31 01:00:00
2025-05-31 01:05:00,-1539.178,2025-05-31 01:05:00
2025-05-31 01:10:00,-1667.158,2025-05-31 01:10:00
2025-05-31 01:15:00,-1855.188,2025-05-31 01:15:00
2025-05-31 01:20:00,-1783.188,2025-05-31 01:20:00
2025-05-31 01:25:00,-1775.188,2025-05-31 01:25:00
2025-05-31 01:30:00,-1675.138,2025-05-31 01:30:00
2025-05-31 01:35:00,-1831.188,2025-05-31 01:35:00
2025-05-31 01:40:00,-1703.118,2025-05-31 01:40:00
2025-05-31 01:45:00,-1639.158,2025-05-31 01:45:00
2025-05-31 01:50:00,-1607.168,2025-05-31 01:50:00
2025-05-31 01:55:00,-1679.178,2025-05-31 01:55:00
2025-05-31 02:00:00,-1679.168,2025-05-31 02:00:00
2025-05-31 02:05:00,-1707.178,2025-05-31 02:05:00
2025-05-31 02:10:00,-1587.178,2025-05-31 02:10:00
2025-05-31 02:15:00,-1635.148,2025-05-31 02:15:00
2025-05-31 02:20:00,-1759.168,2025-05-31 02:20:00
2025-05-31 02:25:00,-1707.178,2025-05-31 02:25:00
2025-05-31 02:30:00,-1635.158,2025-05-31 02:30:00
2025-05-31 02:35:00,-1651.168,2025-05-31 02:35:00
2025-05-31 02:40:00,-1751.148,2025-05-31 02:40:00
2025-05-31 02:45:00,-1707.128,2025-05-31 02:45:00
2025-05-31 02:50:00,-1895.168,2025-05-31 02:50:00
2025-05-31 02:55:00,-1575.178,2025-05-31 02:55:00
2025-05-31 03:00:00,-1719.168,2025-05-31 03:00:00
2025-05-31 03:05:00,-1711.158,2025-05-31 03:05:00
2025-05-31 03:10:00,-1899.168,2025-05-31 03:10:00
2025-05-31 03:15:00,-1779.168,2025-05-31 03:15:00
2025-05-31 03:20:00,-1795.128,2025-05-31 03:20:00
2025-05-31 03:25:00,-1715.148,2025-05-31 03:25:00
2025-05-31 03:30:00,-1755.148,2025-05-31 03:30:00
2025-05-31 03:35:00,-1787.158,2025-05-31 03:35:00
2025-05-31 03:40:00,-1663.178,2025-05-31 03:40:00
2025-05-31 03:45:00,-1831.158,2025-05-31 03:45:00
2025-05-31 03:50:00,-1735.168,2025-05-31 03:50:00
2025-05-31 03:55:00,-1743.158,2025-05-31 03:55:00
2025-05-31 04:00:00,-1719.118,2025-05-31 04:00:00
2025-05-31 04:05:00,-1727.178,2025-05-31 04:05:00
2025-05-31 04:10:00,-1763.188,2025-05-31 04:10:00
2025-05-31 04:15:00,-1831.148,2025-05-31 04:15:00
2025-05-31 04:20:00,-1699.188,2025-05-31 04:20:00
2025-05-31 04:25:00,-1675.178,2025-05-31 04:25:00
2025-05-31 04:30:00,-1783.158,2025-05-31 04:30:00
2025-05-31 04:35:00,-1727.118,2025-05-31 04:35:00
2025-05-31 04:40:00,-1819.118,2025-05-31 04:40:00
2025-05-31 04:45:00,-1839.188,2025-05-31 04:45:00
2025-05-31 04:50:00,-1931.168,2025-05-31 04:50:00
2025-05-31 04:55:00,-1767.168,2025-05-31 04:55:00
2025-05-31 05:00:00,-1807.168,2025-05-31 05:00:00
2025-05-31 05:05:00,-1767.188,2025-05-31 05:05:00
2025-05-31 05:10:00,-1807.128,2025-05-31 05:10:00
2025-05-31 05:15:00,-1683.178,2025-05-31 05:15:00
2025-05-31 05:20:00,-1667.178,2025-05-31 05:20:00
2025-05-31 05:25:00,-1895.188,2025-05-31 05:25:00
2025-05-31 05:30:00,-1771.158,2025-05-31 05:30:00
2025-05-31 05:35:00,-1835.158,2025-05-31 05:35:00
2025-05-31 05:40:00,-1815.158,2025-05-31 05:40:00
2025-05-31 05:45:00,-1775.198,2025-05-31 05:45:00
2025-05-31 05:50:00,-1827.158,2025-05-31 05:50:00
2025-05-31 05:55:00,-1807.148,2025-05-31 05:55:00
2025-05-31 06:00:00,-1779.178,2025-05-31 06:00:00
2025-05-31 06:05:00,-1715.168,2025-05-31 06:05:00
2025-05-31 06:10:00,-1727.178,2025-05-31 06:10:00
2025-05-31 06:15:00,-1759.148,2025-05-31 06:15:00
2025-05-31 06:20:00,-1935.208,2025-05-31 06:20:00
2025-05-31 06:25:00,-1795.188,2025-05-31 06:25:00
2025-05-31 06:30:00,-1807.168,2025-05-31 06:30:00
2025-05-31 06:35:00,-1875.178,2025-05-31 06:35:00
2025-05-31 06:40:00,-1887.198,2025-05-31 06:40:00
2025-05-31 06:45:00,-1875.148,2025-05-31 06:45:00
2025-05-31 06:50:00,-1763.148,2025-05-31 06:50:00
2025-05-31 06:55:00,-1787.178,2025-05-31 06:55:00
2025-05-31 07:00:00,-1951.178,2025-05-31 07:00:00
2025-05-31 07:05:00,-1875.168,2025-05-31 07:05:00
2025-05-31 07:10:00,-1919.158,2025-05-31 07:10:00
2025-05-31 07:15:00,-1947.198,2025-05-31 07:15:00
2025-05-31 07:20:00,-1783.178,2025-05-31 07:20:00
2025-05-31 07:25:00,-1871.138,2025-05-31 07:25:00
2025-05-31 07:30:00,-1887.158,2025-05-31 07:30:00
2025-05-31 07:35:00,-1919.208,2025-05-31 07:35:00
2025-05-31 07:40:00,-1883.198,2025-05-31 07:40:00
2025-05-31 07:45:00,-1951.178,2025-05-31 07:45:00
2025-05-31 07:50:00,-1983.138,2025-05-31 07:50:00
2025-05-31 07:55:00,-2007.148,2025-05-31 07:55:00
2025-05-31 08:00:00,9000.0,2025-05-31 08:00:00
2025-05-31 08:05:00,9000.0,2025-05-31 08:05:00
2025-05-31 08:10:00,9000.0,2025-05-31 08:10:00
2025-05-31 08:15:00,9000.0,2025-05-31 08:15:00
2025-05-31 08:20:00,9000.0,2025-05-31 08:20:00
2025-05-31 08:25:00,9000.0,2025-05-31 08:25:00
2025-05-31 08:30:00,9000.0,2025-05-31 08:30:00
2025-05-31 08:35:00,9000.0,2025-05-31 08:35:00
2025-05-31 08:40:00,9000.0,2025-05-31 08:40:00
2025-05-31 08:45:00,9000.0,2025-05-31 08:45:00
2025-05-31 08:50:00,9000.0,2025-05-31 08:50:00
2025-05-31 08:55:00,9000.0,2025-05-31 08:55:00
2025-05-31 09:00:00,9000.0,2025-05-31 09:00:00
2025-05-31 09:05:00,9000.0,2025-05-31 09:05:00
2025-05-31 09:10:00,9000.0,2025-05-31 09:10:00
2025-05-31 09:15:00,9000.0,2025-05-31 09:15:00
2025-05-31 09:20:00,9000.0,2025-05-31 09:20:00
2025-05-31 09:25:00,9000.0,2025-05-31 09:25:00
2025-05-31 09:30:00,9000.0,2025-05-31 09:30:00
2025-05-31 09:35:00,9000.0,2025-05-31 09:35:00
2025-05-31 09:40:00,5606.102,2025-05-31 09:40:00
2025-05-31 09:45:00,0.0,2025-05-31 09:45:00
2025-05-31 09:50:00,0.0,2025-05-31 09:50:00
2025-05-31 09:55:00,0.0,2025-05-31 09:55:00
2025-05-31 10:00:00,0.0,2025-05-31 10:00:00
2025-05-31 10:05:00,0.0,2025-05-31 10:05:00
2025-05-31 10:10:00,0.0,2025-05-31 10:10:00
2025-05-31 10:15:00,0.0,2025-05-31 10:15:00
2025-05-31 10:20:00,0.0,2025-05-31 10:20:00
2025-05-31 10:25:00,0.0,2025-05-31 10:25:00
2025-05-31 10:30:00,0.0,2025-05-31 10:30:00
2025-05-31 10:35:00,0.0,2025-05-31 10:35:00
2025-05-31 10:40:00,0.0,2025-05-31 10:40:00
2025-05-31 10:45:00,0.0,2025-05-31 10:45:00
2025-05-31 10:50:00,0.0,2025-05-31 10:50:00
2025-05-31 10:55:00,0.0,2025-05-31 10:55:00
2025-05-31 11:00:00,-1903.128,2025-05-31 11:00:00
2025-05-31 11:05:00,-1963.158,2025-05-31 11:05:00
2025-05-31 11:10:00,-1931.188,2025-05-31 11:10:00
2025-05-31 11:15:00,-1979.168,2025-05-31 11:15:00
2025-05-31 11:20:00,-1787.118,2025-05-31 11:20:00
2025-05-31 11:25:00,-1679.168,2025-05-31 11:25:00
2025-05-31 11:30:00,-1851.178,2025-05-31 11:30:00
2025-05-31 11:35:00,-1879.168,2025-05-31 11:35:00
2025-05-31 11:40:00,-1783.168,2025-05-31 11:40:00
2025-05-31 11:45:00,-1855.138,2025-05-31 11:45:00
2025-05-31 11:50:00,-1863.208,2025-05-31 11:50:00
2025-05-31 11:55:00,-1871.178,2025-05-31 11:55:00
2025-05-31 12:00:00,-1863.158,2025-05-31 12:00:00
2025-05-31 12:05:00,-1911.178,2025-05-31 12:05:00
2025-05-31 12:10:00,-1807.178,2025-05-31 12:10:00
2025-05-31 12:15:00,-1911.148,2025-05-31 12:15:00
2025-05-31 12:20:00,-1751.168,2025-05-31 12:20:00
2025-05-31 12:25:00,-1867.168,2025-05-31 12:25:00
2025-05-31 12:30:00,-1711.158,2025-05-31 12:30:00
2025-05-31 12:35:00,-1843.128,2025-05-31 12:35:00
2025-05-31 12:40:00,-1783.168,2025-05-31 12:40:00
2025-05-31 12:45:00,-1695.188,2025-05-31 12:45:00
2025-05-31 12:50:00,-1935.158,2025-05-31 12:50:00
2025-05-31 12:55:00,-1727.158,2025-05-31 12:55:00
2025-05-31 13:00:00,-1715.148,2025-05-31 13:00:00
2025-05-31 13:05:00,-1687.188,2025-05-31 13:05:00
2025-05-31 13:10:00,-1787.158,2025-05-31 13:10:00
2025-05-31 13:15:00,-1759.158,2025-05-31 13:15:00
2025-05-31 13:20:00,-1883.108,2025-05-31 13:20:00
2025-05-31 13:25:00,-1859.188,2025-05-31 13:25:00
2025-05-31 13:30:00,-1795.188,2025-05-31 13:30:00
2025-05-31 13:35:00,-1783.188,2025-05-31 13:35:00
2025-05-31 13:40:00,-1883.158,2025-05-31 13:40:00
2025-05-31 13:45:00,-1815.158,2025-05-31 13:45:00
2025-05-31 13:50:00,-1819.158,2025-05-31 13:50:00
2025-05-31 13:55:00,-1879.158,2025-05-31 13:55:00
2025-05-31 14:00:00,-1835.128,2025-05-31 14:00:00
2025-05-31 14:05:00,-1815.128,2025-05-31 14:05:00
2025-05-31 14:10:00,-1803.168,2025-05-31 14:10:00
2025-05-31 14:15:00,-1891.158,2025-05-31 14:15:00
2025-05-31 14:20:00,-1759.208,2025-05-31 14:20:00
2025-05-31 14:25:00,-1827.158,2025-05-31 14:25:00
2025-05-31 14:30:00,-1647.188,2025-05-31 14:30:00
2025-05-31 14:35:00,-1703.168,2025-05-31 14:35:00
2025-05-31 14:40:00,-1803.128,2025-05-31 14:40:00
2025-05-31 14:45:00,-1827.168,2025-05-31 14:45:00
2025-05-31 14:50:00,-1851.148,2025-05-31 14:50:00
2025-05-31 14:55:00,-1635.178,2025-05-31 14:55:00
2025-05-31 15:00:00,-1643.168,2025-05-31 15:00:00
2025-05-31 15:05:00,-1839.178,2025-05-31 15:05:00
2025-05-31 15:10:00,-1807.148,2025-05-31 15:10:00
2025-05-31 15:15:00,-1635.178,2025-05-31 15:15:00
2025-05-31 15:20:00,-1691.178,2025-05-31 15:20:00
2025-05-31 15:25:00,-1835.168,2025-05-31 15:25:00
2025-05-31 15:30:00,-1807.158,2025-05-31 15:30:00
2025-05-31 15:35:00,-1791.158,2025-05-31 15:35:00
2025-05-31 15:40:00,-1819.158,2025-05-31 15:40:00
2025-05-31 15:45:00,-1707.188,2025-05-31 15:45:00
2025-05-31 15:50:00,-1847.178,2025-05-31 15:50:00
2025-05-31 15:55:00,-1875.188,2025-05-31 15:55:00
2025-05-31 16:00:00,-1843.188,2025-05-31 16:00:00
2025-05-31 16:05:00,-1967.168,2025-05-31 16:05:00
2025-05-31 16:10:00,-1731.188,2025-05-31 16:10:00
2025-05-31 16:15:00,-1963.188,2025-05-31 16:15:00
2025-05-31 16:20:00,-1823.158,2025-05-31 16:20:00
2025-05-31 16:25:00,-1755.168,2025-05-31 16:25:00
2025-05-31 16:30:00,-1663.168,2025-05-31 16:30:00
2025-05-31 16:35:00,-1711.178,2025-05-31 16:35:00
2025-05-31 16:40:00,-1755.158,2025-05-31 16:40:00
2025-05-31 16:45:00,-1823.158,2025-05-31 16:45:00
2025-05-31 16:50:00,-1771.158,2025-05-31 16:50:00
2025-05-31 16:55:00,-1907.188,2025-05-31 16:55:00
2025-05-31 17:00:00,-1811.158,2025-05-31 17:00:00
2025-05-31 17:05:00,-1783.158,2025-05-31 17:05:00
2025-05-31 17:10:00,-1791.168,2025-05-31 17:10:00
2025-05-31 17:15:00,-1807.188,2025-05-31 17:15:00
2025-05-31 17:20:00,-1803.158,2025-05-31 17:20:00
2025-05-31 17:25:00,-1895.188,2025-05-31 17:25:00
2025-05-31 17:30:00,-1775.158,2025-05-31 17:30:00
2025-05-31 17:35:00,-1731.158,2025-05-31 17:35:00
2025-05-31 17:40:00,-1827.158,2025-05-31 17:40:00
2025-05-31 17:45:00,-1827.178,2025-05-31 17:45:00
2025-05-31 17:50:00,-1699.188,2025-05-31 17:50:00
2025-05-31 17:55:00,-1847.198,2025-05-31 17:55:00
2025-05-31 18:00:00,9000.0,2025-05-31 18:00:00
2025-05-31 18:05:00,9000.0,2025-05-31 18:05:00
2025-05-31 18:10:00,9000.0,2025-05-31 18:10:00
2025-05-31 18:15:00,9000.0,2025-05-31 18:15:00
2025-05-31 18:20:00,9000.0,2025-05-31 18:20:00
2025-05-31 18:25:00,9000.0,2025-05-31 18:25:00
2025-05-31 18:30:00,9000.0,2025-05-31 18:30:00
2025-05-31 18:35:00,9000.0,2025-05-31 18:35:00
2025-05-31 18:40:00,9000.0,2025-05-31 18:40:00
2025-05-31 18:45:00,9000.0,2025-05-31 18:45:00
2025-05-31 18:50:00,9000.0,2025-05-31 18:50:00
2025-05-31 18:55:00,9000.0,2025-05-31 18:55:00
2025-05-31 19:00:00,9000.0,2025-05-31 19:00:00
2025-05-31 19:05:00,9000.0,2025-05-31 19:05:00
2025-05-31 19:10:00,6695.874,2025-05-31 19:10:00
2025-05-31 19:15:00,0.0,2025-05-31 19:15:00
2025-05-31 19:20:00,0.0,2025-05-31 19:20:00
2025-05-31 19:25:00,0.0,2025-05-31 19:25:00
2025-05-31 19:30:00,0.0,2025-05-31 19:30:00
2025-05-31 19:35:00,0.0,2025-05-31 19:35:00
2025-05-31 19:40:00,0.0,2025-05-31 19:40:00
2025-05-31 19:45:00,0.0,2025-05-31 19:45:00
2025-05-31 19:50:00,0.0,2025-05-31 19:50:00
2025-05-31 19:55:00,0.0,2025-05-31 19:55:00
2025-05-31 20:00:00,0.0,2025-05-31 20:00:00
2025-05-31 20:05:00,0.0,2025-05-31 20:05:00
2025-05-31 20:10:00,0.0,2025-05-31 20:10:00
2025-05-31 20:15:00,0.0,2025-05-31 20:15:00
2025-05-31 20:20:00,0.0,2025-05-31 20:20:00
2025-05-31 20:25:00,0.0,2025-05-31 20:25:00
2025-05-31 20:30:00,0.0,2025-05-31 20:30:00
2025-05-31 20:35:00,0.0,2025-05-31 20:35:00
2025-05-31 20:40:00,0.0,2025-05-31 20:40:00
2025-05-31 20:45:00,0.0,2025-05-31 20:45:00
2025-05-31 20:50:00,0.0,2025-05-31 20:50:00
2025-05-31 20:55:00,0.0,2025-05-31 20:55:00
2025-05-31 21:00:00,0.0,2025-05-31 21:00:00
2025-05-31 21:05:00,0.0,2025-05-31 21:05:00
2025-05-31 21:10:00,0.0,2025-05-31 21:10:00
2025-05-31 21:15:00,0.0,2025-05-31 21:15:00
2025-05-31 21:20:00,0.0,2025-05-31 21:20:00
2025-05-31 21:25:00,0.0,2025-05-31 21:25:00
2025-05-31 21:30:00,0.0,2025-05-31 21:30:00
2025-05-31 21:35:00,0.0,2025-05-31 21:35:00
2025-05-31 21:40:00,0.0,2025-05-31 21:40:00
2025-05-31 21:45:00,0.0,2025-05-31 21:45:00
2025-05-31 21:50:00,0.0,2025-05-31 21:50:00
2025-05-31 21:55:00,0.0,2025-05-31 21:55:00
2025-05-31 22:00:00,-1896.5,2025-05-31 22:00:00
2025-05-31 22:05:00,-1972.5,2025-05-31 22:05:00
2025-05-31 22:10:00,-1948.49,2025-05-31 22:10:00
2025-05-31 22:15:00,-1916.48,2025-05-31 22:15:00
2025-05-31 22:20:00,-2056.5,2025-05-31 22:20:00
2025-05-31 22:25:00,-2032.48,2025-05-31 22:25:00
2025-05-31 22:30:00,-1992.49,2025-05-31 22:30:00
2025-05-31 22:35:00,-1992.51,2025-05-31 22:35:00
2025-05-31 22:40:00,-1860.51,2025-05-31 22:40:00
2025-05-31 22:45:00,-1992.5,2025-05-31 22:45:00
2025-05-31 22:50:00,-2048.52,2025-05-31 22:50:00
2025-05-31 22:55:00,-1996.49,2025-05-31 22:55:00
2025-05-31 23:00:00,-2008.46,2025-05-31 23:00:00
2025-05-31 23:05:00,-1916.5,2025-05-31 23:05:00
2025-05-31 23:10:00,-1932.52,2025-05-31 23:10:00
2025-05-31 23:15:00,-2064.5,2025-05-31 23:15:00
2025-05-31 23:20:00,-2040.54,2025-05-31 23:20:00
2025-05-31 23:25:00,-1860.49,2025-05-31 23:25:00
2025-05-31 23:30:00,-1996.45,2025-05-31 23:30:00
2025-05-31 23:35:00,-1880.51,2025-05-31 23:35:00
2025-05-31 23:40:00,-2012.49,2025-05-31 23:40:00
2025-05-31 23:45:00,-1936.44,2025-05-31 23:45:00
2025-05-31 23:50:00,-2104.52,2025-05-31 23:50:00
2025-05-31 23:55:00,-2268.47,2025-05-31 23:55:00
