,power_opt,time
2025-05-01 00:00:00,-799.132,2025-05-01 00:00:00
2025-05-01 00:05:00,-739.142,2025-05-01 00:05:00
2025-05-01 00:10:00,-795.112,2025-05-01 00:10:00
2025-05-01 00:15:00,-767.132,2025-05-01 00:15:00
2025-05-01 00:20:00,-735.132,2025-05-01 00:20:00
2025-05-01 00:25:00,-767.142,2025-05-01 00:25:00
2025-05-01 00:30:00,-791.132,2025-05-01 00:30:00
2025-05-01 00:35:00,-859.132,2025-05-01 00:35:00
2025-05-01 00:40:00,-751.082,2025-05-01 00:40:00
2025-05-01 00:45:00,-867.122,2025-05-01 00:45:00
2025-05-01 00:50:00,-847.132,2025-05-01 00:50:00
2025-05-01 00:55:00,-863.102,2025-05-01 00:55:00
2025-05-01 01:00:00,-791.112,2025-05-01 01:00:00
2025-05-01 01:05:00,-843.082,2025-05-01 01:05:00
2025-05-01 01:10:00,-775.102,2025-05-01 01:10:00
2025-05-01 01:15:00,-747.122,2025-05-01 01:15:00
2025-05-01 01:20:00,-855.092,2025-05-01 01:20:00
2025-05-01 01:25:00,-823.122,2025-05-01 01:25:00
2025-05-01 01:30:00,-811.102,2025-05-01 01:30:00
2025-05-01 01:35:00,-859.102,2025-05-01 01:35:00
2025-05-01 01:40:00,-815.092,2025-05-01 01:40:00
2025-05-01 01:45:00,-847.142,2025-05-01 01:45:00
2025-05-01 01:50:00,-907.132,2025-05-01 01:50:00
2025-05-01 01:55:00,-847.112,2025-05-01 01:55:00
2025-05-01 02:00:00,-935.102,2025-05-01 02:00:00
2025-05-01 02:05:00,-915.112,2025-05-01 02:05:00
2025-05-01 02:10:00,-1007.122,2025-05-01 02:10:00
2025-05-01 02:15:00,-907.102,2025-05-01 02:15:00
2025-05-01 02:20:00,-935.082,2025-05-01 02:20:00
2025-05-01 02:25:00,-899.132,2025-05-01 02:25:00
2025-05-01 02:30:00,-955.112,2025-05-01 02:30:00
2025-05-01 02:35:00,-1039.102,2025-05-01 02:35:00
2025-05-01 02:40:00,-1083.132,2025-05-01 02:40:00
2025-05-01 02:45:00,-967.082,2025-05-01 02:45:00
2025-05-01 02:50:00,-851.112,2025-05-01 02:50:00
2025-05-01 02:55:00,-831.112,2025-05-01 02:55:00
2025-05-01 03:00:00,-775.132,2025-05-01 03:00:00
2025-05-01 03:05:00,-867.122,2025-05-01 03:05:00
2025-05-01 03:10:00,-715.162,2025-05-01 03:10:00
2025-05-01 03:15:00,-791.142,2025-05-01 03:15:00
2025-05-01 03:20:00,-859.082,2025-05-01 03:20:00
2025-05-01 03:25:00,-779.112,2025-05-01 03:25:00
2025-05-01 03:30:00,-807.142,2025-05-01 03:30:00
2025-05-01 03:35:00,-879.122,2025-05-01 03:35:00
2025-05-01 03:40:00,-819.132,2025-05-01 03:40:00
2025-05-01 03:45:00,-811.142,2025-05-01 03:45:00
2025-05-01 03:50:00,-835.132,2025-05-01 03:50:00
2025-05-01 03:55:00,-815.122,2025-05-01 03:55:00
2025-05-01 04:00:00,-819.132,2025-05-01 04:00:00
2025-05-01 04:05:00,-855.122,2025-05-01 04:05:00
2025-05-01 04:10:00,-851.122,2025-05-01 04:10:00
2025-05-01 04:15:00,-1079.122,2025-05-01 04:15:00
2025-05-01 04:20:00,-1115.122,2025-05-01 04:20:00
2025-05-01 04:25:00,-863.102,2025-05-01 04:25:00
2025-05-01 04:30:00,-839.112,2025-05-01 04:30:00
2025-05-01 04:35:00,-799.142,2025-05-01 04:35:00
2025-05-01 04:40:00,-843.142,2025-05-01 04:40:00
2025-05-01 04:45:00,-831.062,2025-05-01 04:45:00
2025-05-01 04:50:00,-823.112,2025-05-01 04:50:00
2025-05-01 04:55:00,-919.102,2025-05-01 04:55:00
2025-05-01 05:00:00,-831.152,2025-05-01 05:00:00
2025-05-01 05:05:00,-815.102,2025-05-01 05:05:00
2025-05-01 05:10:00,-779.112,2025-05-01 05:10:00
2025-05-01 05:15:00,-843.142,2025-05-01 05:15:00
2025-05-01 05:20:00,-875.122,2025-05-01 05:20:00
2025-05-01 05:25:00,-855.132,2025-05-01 05:25:00
2025-05-01 05:30:00,-855.102,2025-05-01 05:30:00
2025-05-01 05:35:00,-891.142,2025-05-01 05:35:00
2025-05-01 05:40:00,-999.102,2025-05-01 05:40:00
2025-05-01 05:45:00,-927.102,2025-05-01 05:45:00
2025-05-01 05:50:00,-975.112,2025-05-01 05:50:00
2025-05-01 05:55:00,-919.102,2025-05-01 05:55:00
2025-05-01 06:00:00,-947.082,2025-05-01 06:00:00
2025-05-01 06:05:00,-1043.132,2025-05-01 06:05:00
2025-05-01 06:10:00,-959.122,2025-05-01 06:10:00
2025-05-01 06:15:00,-959.122,2025-05-01 06:15:00
2025-05-01 06:20:00,-1035.102,2025-05-01 06:20:00
2025-05-01 06:25:00,-955.082,2025-05-01 06:25:00
2025-05-01 06:30:00,-1047.102,2025-05-01 06:30:00
2025-05-01 06:35:00,-1139.122,2025-05-01 06:35:00
2025-05-01 06:40:00,-1095.102,2025-05-01 06:40:00
2025-05-01 06:45:00,-1075.122,2025-05-01 06:45:00
2025-05-01 06:50:00,-1095.132,2025-05-01 06:50:00
2025-05-01 06:55:00,-1155.122,2025-05-01 06:55:00
2025-05-01 07:00:00,-1091.152,2025-05-01 07:00:00
2025-05-01 07:05:00,-1127.152,2025-05-01 07:05:00
2025-05-01 07:10:00,-1019.112,2025-05-01 07:10:00
2025-05-01 07:15:00,-1075.112,2025-05-01 07:15:00
2025-05-01 07:20:00,-1139.092,2025-05-01 07:20:00
2025-05-01 07:25:00,-1091.112,2025-05-01 07:25:00
2025-05-01 07:30:00,-1159.122,2025-05-01 07:30:00
2025-05-01 07:35:00,-1091.112,2025-05-01 07:35:00
2025-05-01 07:40:00,-1123.092,2025-05-01 07:40:00
2025-05-01 07:45:00,-1039.092,2025-05-01 07:45:00
2025-05-01 07:50:00,-1195.102,2025-05-01 07:50:00
2025-05-01 07:55:00,-1179.152,2025-05-01 07:55:00
2025-05-01 08:00:00,9000.0,2025-05-01 08:00:00
2025-05-01 08:05:00,9000.0,2025-05-01 08:05:00
2025-05-01 08:10:00,9000.0,2025-05-01 08:10:00
2025-05-01 08:15:00,9000.0,2025-05-01 08:15:00
2025-05-01 08:20:00,9000.0,2025-05-01 08:20:00
2025-05-01 08:25:00,9000.0,2025-05-01 08:25:00
2025-05-01 08:30:00,9000.0,2025-05-01 08:30:00
2025-05-01 08:35:00,9000.0,2025-05-01 08:35:00
2025-05-01 08:40:00,9000.0,2025-05-01 08:40:00
2025-05-01 08:45:00,9000.0,2025-05-01 08:45:00
2025-05-01 08:50:00,9000.0,2025-05-01 08:50:00
2025-05-01 08:55:00,9000.0,2025-05-01 08:55:00
2025-05-01 09:00:00,9000.0,2025-05-01 09:00:00
2025-05-01 09:05:00,4856.753,2025-05-01 09:05:00
2025-05-01 09:10:00,0.0,2025-05-01 09:10:00
2025-05-01 09:15:00,0.0,2025-05-01 09:15:00
2025-05-01 09:20:00,0.0,2025-05-01 09:20:00
2025-05-01 09:25:00,0.0,2025-05-01 09:25:00
2025-05-01 09:30:00,0.0,2025-05-01 09:30:00
2025-05-01 09:35:00,0.0,2025-05-01 09:35:00
2025-05-01 09:40:00,0.0,2025-05-01 09:40:00
2025-05-01 09:45:00,0.0,2025-05-01 09:45:00
2025-05-01 09:50:00,0.0,2025-05-01 09:50:00
2025-05-01 09:55:00,0.0,2025-05-01 09:55:00
2025-05-01 10:00:00,0.0,2025-05-01 10:00:00
2025-05-01 10:05:00,0.0,2025-05-01 10:05:00
2025-05-01 10:10:00,0.0,2025-05-01 10:10:00
2025-05-01 10:15:00,0.0,2025-05-01 10:15:00
2025-05-01 10:20:00,0.0,2025-05-01 10:20:00
2025-05-01 10:25:00,0.0,2025-05-01 10:25:00
2025-05-01 10:30:00,0.0,2025-05-01 10:30:00
2025-05-01 10:35:00,0.0,2025-05-01 10:35:00
2025-05-01 10:40:00,0.0,2025-05-01 10:40:00
2025-05-01 10:45:00,0.0,2025-05-01 10:45:00
2025-05-01 10:50:00,0.0,2025-05-01 10:50:00
2025-05-01 10:55:00,0.0,2025-05-01 10:55:00
2025-05-01 11:00:00,-1095.112,2025-05-01 11:00:00
2025-05-01 11:05:00,-1143.082,2025-05-01 11:05:00
2025-05-01 11:10:00,-1011.072,2025-05-01 11:10:00
2025-05-01 11:15:00,-1119.092,2025-05-01 11:15:00
2025-05-01 11:20:00,-1023.122,2025-05-01 11:20:00
2025-05-01 11:25:00,-1079.122,2025-05-01 11:25:00
2025-05-01 11:30:00,-1115.132,2025-05-01 11:30:00
2025-05-01 11:35:00,-1051.142,2025-05-01 11:35:00
2025-05-01 11:40:00,-1071.102,2025-05-01 11:40:00
2025-05-01 11:45:00,-1167.122,2025-05-01 11:45:00
2025-05-01 11:50:00,-1131.102,2025-05-01 11:50:00
2025-05-01 11:55:00,-1163.062,2025-05-01 11:55:00
2025-05-01 12:00:00,-1007.102,2025-05-01 12:00:00
2025-05-01 12:05:00,-1059.142,2025-05-01 12:05:00
2025-05-01 12:10:00,-979.132,2025-05-01 12:10:00
2025-05-01 12:15:00,-919.092,2025-05-01 12:15:00
2025-05-01 12:20:00,-1039.092,2025-05-01 12:20:00
2025-05-01 12:25:00,-1071.152,2025-05-01 12:25:00
2025-05-01 12:30:00,-1067.102,2025-05-01 12:30:00
2025-05-01 12:35:00,-1043.112,2025-05-01 12:35:00
2025-05-01 12:40:00,-839.132,2025-05-01 12:40:00
2025-05-01 12:45:00,-727.092,2025-05-01 12:45:00
2025-05-01 12:50:00,-707.092,2025-05-01 12:50:00
2025-05-01 12:55:00,-647.102,2025-05-01 12:55:00
2025-05-01 13:00:00,-543.092,2025-05-01 13:00:00
2025-05-01 13:05:00,-527.132,2025-05-01 13:05:00
2025-05-01 13:10:00,-611.092,2025-05-01 13:10:00
2025-05-01 13:15:00,-527.142,2025-05-01 13:15:00
2025-05-01 13:20:00,-555.112,2025-05-01 13:20:00
2025-05-01 13:25:00,-755.102,2025-05-01 13:25:00
2025-05-01 13:30:00,-635.102,2025-05-01 13:30:00
2025-05-01 13:35:00,-651.122,2025-05-01 13:35:00
2025-05-01 13:40:00,-735.112,2025-05-01 13:40:00
2025-05-01 13:45:00,-687.132,2025-05-01 13:45:00
2025-05-01 13:50:00,-639.122,2025-05-01 13:50:00
2025-05-01 13:55:00,-815.092,2025-05-01 13:55:00
2025-05-01 14:00:00,-755.122,2025-05-01 14:00:00
2025-05-01 14:05:00,-779.112,2025-05-01 14:05:00
2025-05-01 14:10:00,-847.102,2025-05-01 14:10:00
2025-05-01 14:15:00,-611.102,2025-05-01 14:15:00
2025-05-01 14:20:00,-779.142,2025-05-01 14:20:00
2025-05-01 14:25:00,-983.092,2025-05-01 14:25:00
2025-05-01 14:30:00,-631.092,2025-05-01 14:30:00
2025-05-01 14:35:00,-631.132,2025-05-01 14:35:00
2025-05-01 14:40:00,-859.152,2025-05-01 14:40:00
2025-05-01 14:45:00,-935.152,2025-05-01 14:45:00
2025-05-01 14:50:00,-971.122,2025-05-01 14:50:00
2025-05-01 14:55:00,-1083.092,2025-05-01 14:55:00
2025-05-01 15:00:00,-1135.102,2025-05-01 15:00:00
2025-05-01 15:05:00,-1339.112,2025-05-01 15:05:00
2025-05-01 15:10:00,-1327.132,2025-05-01 15:10:00
2025-05-01 15:15:00,-1255.102,2025-05-01 15:15:00
2025-05-01 15:20:00,-1131.132,2025-05-01 15:20:00
2025-05-01 15:25:00,-1239.072,2025-05-01 15:25:00
2025-05-01 15:30:00,-1283.142,2025-05-01 15:30:00
2025-05-01 15:35:00,-1351.102,2025-05-01 15:35:00
2025-05-01 15:40:00,-1071.102,2025-05-01 15:40:00
2025-05-01 15:45:00,-979.142,2025-05-01 15:45:00
2025-05-01 15:50:00,-1111.112,2025-05-01 15:50:00
2025-05-01 15:55:00,-1099.122,2025-05-01 15:55:00
2025-05-01 16:00:00,-1083.072,2025-05-01 16:00:00
2025-05-01 16:05:00,-1023.092,2025-05-01 16:05:00
2025-05-01 16:10:00,-995.082,2025-05-01 16:10:00
2025-05-01 16:15:00,-967.142,2025-05-01 16:15:00
2025-05-01 16:20:00,-991.142,2025-05-01 16:20:00
2025-05-01 16:25:00,-983.102,2025-05-01 16:25:00
2025-05-01 16:30:00,-955.142,2025-05-01 16:30:00
2025-05-01 16:35:00,-935.082,2025-05-01 16:35:00
2025-05-01 16:40:00,-1215.092,2025-05-01 16:40:00
2025-05-01 16:45:00,-971.102,2025-05-01 16:45:00
2025-05-01 16:50:00,-1047.102,2025-05-01 16:50:00
2025-05-01 16:55:00,-1067.102,2025-05-01 16:55:00
2025-05-01 17:00:00,-1103.132,2025-05-01 17:00:00
2025-05-01 17:05:00,-1063.122,2025-05-01 17:05:00
2025-05-01 17:10:00,-1023.092,2025-05-01 17:10:00
2025-05-01 17:15:00,-1199.112,2025-05-01 17:15:00
2025-05-01 17:20:00,-1111.092,2025-05-01 17:20:00
2025-05-01 17:25:00,-1179.122,2025-05-01 17:25:00
2025-05-01 17:30:00,-915.122,2025-05-01 17:30:00
2025-05-01 17:35:00,-1027.142,2025-05-01 17:35:00
2025-05-01 17:40:00,-971.102,2025-05-01 17:40:00
2025-05-01 17:45:00,-1031.092,2025-05-01 17:45:00
2025-05-01 17:50:00,-1039.112,2025-05-01 17:50:00
2025-05-01 17:55:00,-987.132,2025-05-01 17:55:00
2025-05-01 18:00:00,9000.0,2025-05-01 18:00:00
2025-05-01 18:05:00,9000.0,2025-05-01 18:05:00
2025-05-01 18:10:00,9000.0,2025-05-01 18:10:00
2025-05-01 18:15:00,9000.0,2025-05-01 18:15:00
2025-05-01 18:20:00,9000.0,2025-05-01 18:20:00
2025-05-01 18:25:00,9000.0,2025-05-01 18:25:00
2025-05-01 18:30:00,9000.0,2025-05-01 18:30:00
2025-05-01 18:35:00,7816.188,2025-05-01 18:35:00
2025-05-01 18:40:00,0.0,2025-05-01 18:40:00
2025-05-01 18:45:00,0.0,2025-05-01 18:45:00
2025-05-01 18:50:00,0.0,2025-05-01 18:50:00
2025-05-01 18:55:00,0.0,2025-05-01 18:55:00
2025-05-01 19:00:00,0.0,2025-05-01 19:00:00
2025-05-01 19:05:00,0.0,2025-05-01 19:05:00
2025-05-01 19:10:00,0.0,2025-05-01 19:10:00
2025-05-01 19:15:00,0.0,2025-05-01 19:15:00
2025-05-01 19:20:00,0.0,2025-05-01 19:20:00
2025-05-01 19:25:00,0.0,2025-05-01 19:25:00
2025-05-01 19:30:00,0.0,2025-05-01 19:30:00
2025-05-01 19:35:00,0.0,2025-05-01 19:35:00
2025-05-01 19:40:00,0.0,2025-05-01 19:40:00
2025-05-01 19:45:00,0.0,2025-05-01 19:45:00
2025-05-01 19:50:00,0.0,2025-05-01 19:50:00
2025-05-01 19:55:00,0.0,2025-05-01 19:55:00
2025-05-01 20:00:00,0.0,2025-05-01 20:00:00
2025-05-01 20:05:00,0.0,2025-05-01 20:05:00
2025-05-01 20:10:00,0.0,2025-05-01 20:10:00
2025-05-01 20:15:00,0.0,2025-05-01 20:15:00
2025-05-01 20:20:00,0.0,2025-05-01 20:20:00
2025-05-01 20:25:00,0.0,2025-05-01 20:25:00
2025-05-01 20:30:00,0.0,2025-05-01 20:30:00
2025-05-01 20:35:00,0.0,2025-05-01 20:35:00
2025-05-01 20:40:00,0.0,2025-05-01 20:40:00
2025-05-01 20:45:00,0.0,2025-05-01 20:45:00
2025-05-01 20:50:00,0.0,2025-05-01 20:50:00
2025-05-01 20:55:00,0.0,2025-05-01 20:55:00
2025-05-01 21:00:00,0.0,2025-05-01 21:00:00
2025-05-01 21:05:00,0.0,2025-05-01 21:05:00
2025-05-01 21:10:00,0.0,2025-05-01 21:10:00
2025-05-01 21:15:00,0.0,2025-05-01 21:15:00
2025-05-01 21:20:00,0.0,2025-05-01 21:20:00
2025-05-01 21:25:00,0.0,2025-05-01 21:25:00
2025-05-01 21:30:00,0.0,2025-05-01 21:30:00
2025-05-01 21:35:00,0.0,2025-05-01 21:35:00
2025-05-01 21:40:00,0.0,2025-05-01 21:40:00
2025-05-01 21:45:00,0.0,2025-05-01 21:45:00
2025-05-01 21:50:00,0.0,2025-05-01 21:50:00
2025-05-01 21:55:00,0.0,2025-05-01 21:55:00
2025-05-01 22:00:00,-1009.154,2025-05-01 22:00:00
2025-05-01 22:05:00,-1257.184,2025-05-01 22:05:00
2025-05-01 22:10:00,-973.194,2025-05-01 22:10:00
2025-05-01 22:15:00,-905.174,2025-05-01 22:15:00
2025-05-01 22:20:00,-1005.184,2025-05-01 22:20:00
2025-05-01 22:25:00,-1201.214,2025-05-01 22:25:00
2025-05-01 22:30:00,-993.174,2025-05-01 22:30:00
2025-05-01 22:35:00,-941.134,2025-05-01 22:35:00
2025-05-01 22:40:00,-1081.184,2025-05-01 22:40:00
2025-05-01 22:45:00,-1021.144,2025-05-01 22:45:00
2025-05-01 22:50:00,-1077.164,2025-05-01 22:50:00
2025-05-01 22:55:00,-1165.224,2025-05-01 22:55:00
2025-05-01 23:00:00,-1345.174,2025-05-01 23:00:00
2025-05-01 23:05:00,-1061.144,2025-05-01 23:05:00
2025-05-01 23:10:00,-1125.154,2025-05-01 23:10:00
2025-05-01 23:15:00,-1137.214,2025-05-01 23:15:00
2025-05-01 23:20:00,-1069.154,2025-05-01 23:20:00
2025-05-01 23:25:00,-1061.184,2025-05-01 23:25:00
2025-05-01 23:30:00,-1249.154,2025-05-01 23:30:00
2025-05-01 23:35:00,-897.164,2025-05-01 23:35:00
2025-05-01 23:40:00,-985.154,2025-05-01 23:40:00
2025-05-01 23:45:00,-1209.164,2025-05-01 23:45:00
2025-05-01 23:50:00,-1473.194,2025-05-01 23:50:00
2025-05-01 23:55:00,-1149.214,2025-05-01 23:55:00
2025-05-02 00:00:00,-1025.144,2025-05-02 00:00:00
2025-05-02 00:05:00,-977.204,2025-05-02 00:05:00
2025-05-02 00:10:00,-1005.174,2025-05-02 00:10:00
2025-05-02 00:15:00,-933.184,2025-05-02 00:15:00
2025-05-02 00:20:00,-957.174,2025-05-02 00:20:00
2025-05-02 00:25:00,-941.194,2025-05-02 00:25:00
2025-05-02 00:30:00,-917.214,2025-05-02 00:30:00
2025-05-02 00:35:00,-849.164,2025-05-02 00:35:00
2025-05-02 00:40:00,-941.174,2025-05-02 00:40:00
2025-05-02 00:45:00,-1033.184,2025-05-02 00:45:00
2025-05-02 00:50:00,-901.184,2025-05-02 00:50:00
2025-05-02 00:55:00,-993.194,2025-05-02 00:55:00
2025-05-02 01:00:00,-969.154,2025-05-02 01:00:00
2025-05-02 01:05:00,-937.184,2025-05-02 01:05:00
2025-05-02 01:10:00,-909.154,2025-05-02 01:10:00
2025-05-02 01:15:00,-1057.194,2025-05-02 01:15:00
2025-05-02 01:20:00,-937.194,2025-05-02 01:20:00
2025-05-02 01:25:00,-889.194,2025-05-02 01:25:00
2025-05-02 01:30:00,-1197.204,2025-05-02 01:30:00
2025-05-02 01:35:00,-1025.174,2025-05-02 01:35:00
2025-05-02 01:40:00,-1113.184,2025-05-02 01:40:00
2025-05-02 01:45:00,-1209.194,2025-05-02 01:45:00
2025-05-02 01:50:00,-1277.184,2025-05-02 01:50:00
2025-05-02 01:55:00,-985.164,2025-05-02 01:55:00
2025-05-02 02:00:00,-1013.204,2025-05-02 02:00:00
2025-05-02 02:05:00,-1037.204,2025-05-02 02:05:00
2025-05-02 02:10:00,-981.174,2025-05-02 02:10:00
2025-05-02 02:15:00,-1053.194,2025-05-02 02:15:00
2025-05-02 02:20:00,-1189.174,2025-05-02 02:20:00
2025-05-02 02:25:00,-1321.154,2025-05-02 02:25:00
2025-05-02 02:30:00,-1553.194,2025-05-02 02:30:00
2025-05-02 02:35:00,-1029.154,2025-05-02 02:35:00
2025-05-02 02:40:00,-989.194,2025-05-02 02:40:00
2025-05-02 02:45:00,-1057.184,2025-05-02 02:45:00
2025-05-02 02:50:00,-1065.184,2025-05-02 02:50:00
2025-05-02 02:55:00,-1053.174,2025-05-02 02:55:00
2025-05-02 03:00:00,-993.184,2025-05-02 03:00:00
2025-05-02 03:05:00,-993.214,2025-05-02 03:05:00
2025-05-02 03:10:00,-1085.194,2025-05-02 03:10:00
2025-05-02 03:15:00,-1037.194,2025-05-02 03:15:00
2025-05-02 03:20:00,-993.204,2025-05-02 03:20:00
2025-05-02 03:25:00,-945.204,2025-05-02 03:25:00
2025-05-02 03:30:00,-1025.184,2025-05-02 03:30:00
2025-05-02 03:35:00,-977.154,2025-05-02 03:35:00
2025-05-02 03:40:00,-1021.174,2025-05-02 03:40:00
2025-05-02 03:45:00,-1225.194,2025-05-02 03:45:00
2025-05-02 03:50:00,-1077.184,2025-05-02 03:50:00
2025-05-02 03:55:00,-1077.204,2025-05-02 03:55:00
2025-05-02 04:00:00,-985.184,2025-05-02 04:00:00
2025-05-02 04:05:00,-1185.174,2025-05-02 04:05:00
2025-05-02 04:10:00,-1093.174,2025-05-02 04:10:00
2025-05-02 04:15:00,-945.204,2025-05-02 04:15:00
2025-05-02 04:20:00,-1073.134,2025-05-02 04:20:00
2025-05-02 04:25:00,-1033.174,2025-05-02 04:25:00
2025-05-02 04:30:00,-1305.194,2025-05-02 04:30:00
2025-05-02 04:35:00,-1177.184,2025-05-02 04:35:00
2025-05-02 04:40:00,-1065.164,2025-05-02 04:40:00
2025-05-02 04:45:00,-1025.194,2025-05-02 04:45:00
2025-05-02 04:50:00,-1021.184,2025-05-02 04:50:00
2025-05-02 04:55:00,-997.184,2025-05-02 04:55:00
2025-05-02 05:00:00,-1217.164,2025-05-02 05:00:00
2025-05-02 05:05:00,-1109.184,2025-05-02 05:05:00
2025-05-02 05:10:00,-961.184,2025-05-02 05:10:00
2025-05-02 05:15:00,-1077.184,2025-05-02 05:15:00
2025-05-02 05:20:00,-1109.164,2025-05-02 05:20:00
2025-05-02 05:25:00,-1045.214,2025-05-02 05:25:00
2025-05-02 05:30:00,-965.184,2025-05-02 05:30:00
2025-05-02 05:35:00,-1125.134,2025-05-02 05:35:00
2025-05-02 05:40:00,-933.134,2025-05-02 05:40:00
2025-05-02 05:45:00,-1297.174,2025-05-02 05:45:00
2025-05-02 05:50:00,-1453.164,2025-05-02 05:50:00
2025-05-02 05:55:00,-1221.194,2025-05-02 05:55:00
2025-05-02 06:00:00,-1321.174,2025-05-02 06:00:00
2025-05-02 06:05:00,-1109.204,2025-05-02 06:05:00
2025-05-02 06:10:00,-1249.144,2025-05-02 06:10:00
2025-05-02 06:15:00,-1181.164,2025-05-02 06:15:00
2025-05-02 06:20:00,-1193.184,2025-05-02 06:20:00
2025-05-02 06:25:00,-1117.204,2025-05-02 06:25:00
2025-05-02 06:30:00,-1113.144,2025-05-02 06:30:00
2025-05-02 06:35:00,-1209.184,2025-05-02 06:35:00
2025-05-02 06:40:00,-1245.194,2025-05-02 06:40:00
2025-05-02 06:45:00,-1285.154,2025-05-02 06:45:00
2025-05-02 06:50:00,-1205.224,2025-05-02 06:50:00
2025-05-02 06:55:00,-1169.134,2025-05-02 06:55:00
2025-05-02 07:00:00,-1289.174,2025-05-02 07:00:00
2025-05-02 07:05:00,-1173.224,2025-05-02 07:05:00
2025-05-02 07:10:00,-1237.174,2025-05-02 07:10:00
2025-05-02 07:15:00,-1213.164,2025-05-02 07:15:00
2025-05-02 07:20:00,-1217.194,2025-05-02 07:20:00
2025-05-02 07:25:00,-1305.194,2025-05-02 07:25:00
2025-05-02 07:30:00,-1305.144,2025-05-02 07:30:00
2025-05-02 07:35:00,-1205.184,2025-05-02 07:35:00
2025-05-02 07:40:00,-1325.184,2025-05-02 07:40:00
2025-05-02 07:45:00,-1253.184,2025-05-02 07:45:00
2025-05-02 07:50:00,-1249.214,2025-05-02 07:50:00
2025-05-02 07:55:00,-1209.174,2025-05-02 07:55:00
2025-05-02 08:00:00,9000.0,2025-05-02 08:00:00
2025-05-02 08:05:00,9000.0,2025-05-02 08:05:00
2025-05-02 08:10:00,9000.0,2025-05-02 08:10:00
2025-05-02 08:15:00,9000.0,2025-05-02 08:15:00
2025-05-02 08:20:00,9000.0,2025-05-02 08:20:00
2025-05-02 08:25:00,9000.0,2025-05-02 08:25:00
2025-05-02 08:30:00,9000.0,2025-05-02 08:30:00
2025-05-02 08:35:00,9000.0,2025-05-02 08:35:00
2025-05-02 08:40:00,9000.0,2025-05-02 08:40:00
2025-05-02 08:45:00,9000.0,2025-05-02 08:45:00
2025-05-02 08:50:00,9000.0,2025-05-02 08:50:00
2025-05-02 08:55:00,9000.0,2025-05-02 08:55:00
2025-05-02 09:00:00,7337.893,2025-05-02 09:00:00
2025-05-02 09:05:00,0.0,2025-05-02 09:05:00
2025-05-02 09:10:00,0.0,2025-05-02 09:10:00
2025-05-02 09:15:00,0.0,2025-05-02 09:15:00
2025-05-02 09:20:00,0.0,2025-05-02 09:20:00
2025-05-02 09:25:00,0.0,2025-05-02 09:25:00
2025-05-02 09:30:00,0.0,2025-05-02 09:30:00
2025-05-02 09:35:00,0.0,2025-05-02 09:35:00
2025-05-02 09:40:00,0.0,2025-05-02 09:40:00
2025-05-02 09:45:00,0.0,2025-05-02 09:45:00
2025-05-02 09:50:00,0.0,2025-05-02 09:50:00
2025-05-02 09:55:00,0.0,2025-05-02 09:55:00
2025-05-02 10:00:00,0.0,2025-05-02 10:00:00
2025-05-02 10:05:00,0.0,2025-05-02 10:05:00
2025-05-02 10:10:00,0.0,2025-05-02 10:10:00
2025-05-02 10:15:00,0.0,2025-05-02 10:15:00
2025-05-02 10:20:00,0.0,2025-05-02 10:20:00
2025-05-02 10:25:00,0.0,2025-05-02 10:25:00
2025-05-02 10:30:00,0.0,2025-05-02 10:30:00
2025-05-02 10:35:00,0.0,2025-05-02 10:35:00
2025-05-02 10:40:00,0.0,2025-05-02 10:40:00
2025-05-02 10:45:00,0.0,2025-05-02 10:45:00
2025-05-02 10:50:00,0.0,2025-05-02 10:50:00
2025-05-02 10:55:00,0.0,2025-05-02 10:55:00
2025-05-02 11:00:00,-1273.164,2025-05-02 11:00:00
2025-05-02 11:05:00,-1157.174,2025-05-02 11:05:00
2025-05-02 11:10:00,-997.154,2025-05-02 11:10:00
2025-05-02 11:15:00,-1145.154,2025-05-02 11:15:00
2025-05-02 11:20:00,-985.174,2025-05-02 11:20:00
2025-05-02 11:25:00,-981.184,2025-05-02 11:25:00
2025-05-02 11:30:00,-1037.214,2025-05-02 11:30:00
2025-05-02 11:35:00,-1157.184,2025-05-02 11:35:00
2025-05-02 11:40:00,-973.184,2025-05-02 11:40:00
2025-05-02 11:45:00,-1061.194,2025-05-02 11:45:00
2025-05-02 11:50:00,-1293.174,2025-05-02 11:50:00
2025-05-02 11:55:00,-1025.144,2025-05-02 11:55:00
2025-05-02 12:00:00,-1021.194,2025-05-02 12:00:00
2025-05-02 12:05:00,-1041.184,2025-05-02 12:05:00
2025-05-02 12:10:00,-997.194,2025-05-02 12:10:00
2025-05-02 12:15:00,-1153.174,2025-05-02 12:15:00
2025-05-02 12:20:00,-1025.164,2025-05-02 12:20:00
2025-05-02 12:25:00,-961.174,2025-05-02 12:25:00
2025-05-02 12:30:00,-985.164,2025-05-02 12:30:00
2025-05-02 12:35:00,-941.194,2025-05-02 12:35:00
2025-05-02 12:40:00,-873.174,2025-05-02 12:40:00
2025-05-02 12:45:00,-953.174,2025-05-02 12:45:00
2025-05-02 12:50:00,-985.164,2025-05-02 12:50:00
2025-05-02 12:55:00,-937.194,2025-05-02 12:55:00
2025-05-02 13:00:00,-965.194,2025-05-02 13:00:00
2025-05-02 13:05:00,-1013.184,2025-05-02 13:05:00
2025-05-02 13:10:00,-1101.184,2025-05-02 13:10:00
2025-05-02 13:15:00,-909.184,2025-05-02 13:15:00
2025-05-02 13:20:00,-1033.194,2025-05-02 13:20:00
2025-05-02 13:25:00,-981.204,2025-05-02 13:25:00
2025-05-02 13:30:00,-1245.174,2025-05-02 13:30:00
2025-05-02 13:35:00,-1109.194,2025-05-02 13:35:00
2025-05-02 13:40:00,-1225.184,2025-05-02 13:40:00
2025-05-02 13:45:00,-1193.144,2025-05-02 13:45:00
2025-05-02 13:50:00,-1093.194,2025-05-02 13:50:00
2025-05-02 13:55:00,-1237.174,2025-05-02 13:55:00
2025-05-02 14:00:00,-977.174,2025-05-02 14:00:00
2025-05-02 14:05:00,-1137.194,2025-05-02 14:05:00
2025-05-02 14:10:00,-1173.204,2025-05-02 14:10:00
2025-05-02 14:15:00,-1129.194,2025-05-02 14:15:00
2025-05-02 14:20:00,-1069.134,2025-05-02 14:20:00
2025-05-02 14:25:00,-1161.194,2025-05-02 14:25:00
2025-05-02 14:30:00,-1089.194,2025-05-02 14:30:00
2025-05-02 14:35:00,-1097.174,2025-05-02 14:35:00
2025-05-02 14:40:00,-961.194,2025-05-02 14:40:00
2025-05-02 14:45:00,-1277.154,2025-05-02 14:45:00
2025-05-02 14:50:00,-1017.154,2025-05-02 14:50:00
2025-05-02 14:55:00,-933.164,2025-05-02 14:55:00
2025-05-02 15:00:00,-905.144,2025-05-02 15:00:00
2025-05-02 15:05:00,-1097.164,2025-05-02 15:05:00
2025-05-02 15:10:00,-1013.164,2025-05-02 15:10:00
2025-05-02 15:15:00,-925.194,2025-05-02 15:15:00
2025-05-02 15:20:00,-1201.174,2025-05-02 15:20:00
2025-05-02 15:25:00,-1073.144,2025-05-02 15:25:00
2025-05-02 15:30:00,-1037.174,2025-05-02 15:30:00
2025-05-02 15:35:00,-993.194,2025-05-02 15:35:00
2025-05-02 15:40:00,-1221.144,2025-05-02 15:40:00
2025-05-02 15:45:00,-893.174,2025-05-02 15:45:00
2025-05-02 15:50:00,-957.204,2025-05-02 15:50:00
2025-05-02 15:55:00,-937.174,2025-05-02 15:55:00
2025-05-02 16:00:00,-1089.174,2025-05-02 16:00:00
2025-05-02 16:05:00,-957.164,2025-05-02 16:05:00
2025-05-02 16:10:00,-961.194,2025-05-02 16:10:00
2025-05-02 16:15:00,-1053.184,2025-05-02 16:15:00
2025-05-02 16:20:00,-1249.194,2025-05-02 16:20:00
2025-05-02 16:25:00,-1205.194,2025-05-02 16:25:00
2025-05-02 16:30:00,-913.164,2025-05-02 16:30:00
2025-05-02 16:35:00,-1001.184,2025-05-02 16:35:00
2025-05-02 16:40:00,-973.184,2025-05-02 16:40:00
2025-05-02 16:45:00,-1249.204,2025-05-02 16:45:00
2025-05-02 16:50:00,-1217.154,2025-05-02 16:50:00
2025-05-02 16:55:00,-1265.164,2025-05-02 16:55:00
2025-05-02 17:00:00,-1325.194,2025-05-02 17:00:00
2025-05-02 17:05:00,-1037.214,2025-05-02 17:05:00
2025-05-02 17:10:00,-1025.194,2025-05-02 17:10:00
2025-05-02 17:15:00,-965.184,2025-05-02 17:15:00
2025-05-02 17:20:00,-1025.134,2025-05-02 17:20:00
2025-05-02 17:25:00,-965.154,2025-05-02 17:25:00
2025-05-02 17:30:00,-789.164,2025-05-02 17:30:00
2025-05-02 17:35:00,-973.194,2025-05-02 17:35:00
2025-05-02 17:40:00,-877.144,2025-05-02 17:40:00
2025-05-02 17:45:00,-853.194,2025-05-02 17:45:00
2025-05-02 17:50:00,-1017.204,2025-05-02 17:50:00
2025-05-02 17:55:00,-1197.134,2025-05-02 17:55:00
2025-05-02 18:00:00,9000.0,2025-05-02 18:00:00
2025-05-02 18:05:00,9000.0,2025-05-02 18:05:00
2025-05-02 18:10:00,9000.0,2025-05-02 18:10:00
2025-05-02 18:15:00,9000.0,2025-05-02 18:15:00
2025-05-02 18:20:00,9000.0,2025-05-02 18:20:00
2025-05-02 18:25:00,9000.0,2025-05-02 18:25:00
2025-05-02 18:30:00,9000.0,2025-05-02 18:30:00
2025-05-02 18:35:00,8999.999,2025-05-02 18:35:00
2025-05-02 18:40:00,5372.494,2025-05-02 18:40:00
2025-05-02 18:45:00,0.0,2025-05-02 18:45:00
2025-05-02 18:50:00,0.0,2025-05-02 18:50:00
2025-05-02 18:55:00,0.0,2025-05-02 18:55:00
2025-05-02 19:00:00,0.0,2025-05-02 19:00:00
2025-05-02 19:05:00,0.0,2025-05-02 19:05:00
2025-05-02 19:10:00,0.0,2025-05-02 19:10:00
2025-05-02 19:15:00,0.0,2025-05-02 19:15:00
2025-05-02 19:20:00,0.0,2025-05-02 19:20:00
2025-05-02 19:25:00,0.0,2025-05-02 19:25:00
2025-05-02 19:30:00,0.0,2025-05-02 19:30:00
2025-05-02 19:35:00,0.0,2025-05-02 19:35:00
2025-05-02 19:40:00,0.0,2025-05-02 19:40:00
2025-05-02 19:45:00,0.0,2025-05-02 19:45:00
2025-05-02 19:50:00,0.0,2025-05-02 19:50:00
2025-05-02 19:55:00,0.0,2025-05-02 19:55:00
2025-05-02 20:00:00,0.0,2025-05-02 20:00:00
2025-05-02 20:05:00,0.0,2025-05-02 20:05:00
2025-05-02 20:10:00,0.0,2025-05-02 20:10:00
2025-05-02 20:15:00,0.0,2025-05-02 20:15:00
2025-05-02 20:20:00,0.0,2025-05-02 20:20:00
2025-05-02 20:25:00,0.0,2025-05-02 20:25:00
2025-05-02 20:30:00,0.0,2025-05-02 20:30:00
2025-05-02 20:35:00,0.0,2025-05-02 20:35:00
2025-05-02 20:40:00,0.0,2025-05-02 20:40:00
2025-05-02 20:45:00,0.0,2025-05-02 20:45:00
2025-05-02 20:50:00,0.0,2025-05-02 20:50:00
2025-05-02 20:55:00,0.0,2025-05-02 20:55:00
2025-05-02 21:00:00,0.0,2025-05-02 21:00:00
2025-05-02 21:05:00,0.0,2025-05-02 21:05:00
2025-05-02 21:10:00,0.0,2025-05-02 21:10:00
2025-05-02 21:15:00,0.0,2025-05-02 21:15:00
2025-05-02 21:20:00,0.0,2025-05-02 21:20:00
2025-05-02 21:25:00,0.0,2025-05-02 21:25:00
2025-05-02 21:30:00,0.0,2025-05-02 21:30:00
2025-05-02 21:35:00,0.0,2025-05-02 21:35:00
2025-05-02 21:40:00,0.0,2025-05-02 21:40:00
2025-05-02 21:45:00,0.0,2025-05-02 21:45:00
2025-05-02 21:50:00,0.0,2025-05-02 21:50:00
2025-05-02 21:55:00,0.0,2025-05-02 21:55:00
2025-05-02 22:00:00,-1155.342,2025-05-02 22:00:00
2025-05-02 22:05:00,-951.312,2025-05-02 22:05:00
2025-05-02 22:10:00,-923.352,2025-05-02 22:10:00
2025-05-02 22:15:00,-1059.312,2025-05-02 22:15:00
2025-05-02 22:20:00,-1031.352,2025-05-02 22:20:00
2025-05-02 22:25:00,-943.362,2025-05-02 22:25:00
2025-05-02 22:30:00,-903.332,2025-05-02 22:30:00
2025-05-02 22:35:00,-971.342,2025-05-02 22:35:00
2025-05-02 22:40:00,-991.322,2025-05-02 22:40:00
2025-05-02 22:45:00,-939.322,2025-05-02 22:45:00
2025-05-02 22:50:00,-999.302,2025-05-02 22:50:00
2025-05-02 22:55:00,-967.332,2025-05-02 22:55:00
2025-05-02 23:00:00,-1063.342,2025-05-02 23:00:00
2025-05-02 23:05:00,-1043.362,2025-05-02 23:05:00
2025-05-02 23:10:00,-915.352,2025-05-02 23:10:00
2025-05-02 23:15:00,-935.352,2025-05-02 23:15:00
2025-05-02 23:20:00,-979.332,2025-05-02 23:20:00
2025-05-02 23:25:00,-879.382,2025-05-02 23:25:00
2025-05-02 23:30:00,-1007.352,2025-05-02 23:30:00
2025-05-02 23:35:00,-927.332,2025-05-02 23:35:00
2025-05-02 23:40:00,-899.352,2025-05-02 23:40:00
2025-05-02 23:45:00,-959.332,2025-05-02 23:45:00
2025-05-02 23:50:00,-971.362,2025-05-02 23:50:00
2025-05-02 23:55:00,-947.332,2025-05-02 23:55:00
2025-05-03 00:00:00,-1175.342,2025-05-03 00:00:00
2025-05-03 00:05:00,-1139.352,2025-05-03 00:05:00
2025-05-03 00:10:00,-899.342,2025-05-03 00:10:00
2025-05-03 00:15:00,-1055.312,2025-05-03 00:15:00
2025-05-03 00:20:00,-995.332,2025-05-03 00:20:00
2025-05-03 00:25:00,-1019.302,2025-05-03 00:25:00
2025-05-03 00:30:00,-887.322,2025-05-03 00:30:00
2025-05-03 00:35:00,-959.362,2025-05-03 00:35:00
2025-05-03 00:40:00,-883.322,2025-05-03 00:40:00
2025-05-03 00:45:00,-851.352,2025-05-03 00:45:00
2025-05-03 00:50:00,-955.312,2025-05-03 00:50:00
2025-05-03 00:55:00,-847.362,2025-05-03 00:55:00
2025-05-03 01:00:00,-799.282,2025-05-03 01:00:00
2025-05-03 01:05:00,-823.302,2025-05-03 01:05:00
2025-05-03 01:10:00,-695.332,2025-05-03 01:10:00
2025-05-03 01:15:00,-819.342,2025-05-03 01:15:00
2025-05-03 01:20:00,-943.372,2025-05-03 01:20:00
2025-05-03 01:25:00,-815.352,2025-05-03 01:25:00
2025-05-03 01:30:00,-959.282,2025-05-03 01:30:00
2025-05-03 01:35:00,-907.302,2025-05-03 01:35:00
2025-05-03 01:40:00,-683.322,2025-05-03 01:40:00
2025-05-03 01:45:00,-887.352,2025-05-03 01:45:00
2025-05-03 01:50:00,-963.312,2025-05-03 01:50:00
2025-05-03 01:55:00,-695.322,2025-05-03 01:55:00
2025-05-03 02:00:00,-1059.322,2025-05-03 02:00:00
2025-05-03 02:05:00,-799.342,2025-05-03 02:05:00
2025-05-03 02:10:00,-883.352,2025-05-03 02:10:00
2025-05-03 02:15:00,-795.272,2025-05-03 02:15:00
2025-05-03 02:20:00,-931.352,2025-05-03 02:20:00
2025-05-03 02:25:00,-683.342,2025-05-03 02:25:00
2025-05-03 02:30:00,-743.352,2025-05-03 02:30:00
2025-05-03 02:35:00,-819.332,2025-05-03 02:35:00
2025-05-03 02:40:00,-787.302,2025-05-03 02:40:00
2025-05-03 02:45:00,-823.352,2025-05-03 02:45:00
2025-05-03 02:50:00,-815.352,2025-05-03 02:50:00
2025-05-03 02:55:00,-775.302,2025-05-03 02:55:00
2025-05-03 03:00:00,-803.322,2025-05-03 03:00:00
2025-05-03 03:05:00,-799.362,2025-05-03 03:05:00
2025-05-03 03:10:00,-839.332,2025-05-03 03:10:00
2025-05-03 03:15:00,-999.312,2025-05-03 03:15:00
2025-05-03 03:20:00,-899.362,2025-05-03 03:20:00
2025-05-03 03:25:00,-811.352,2025-05-03 03:25:00
2025-05-03 03:30:00,-979.332,2025-05-03 03:30:00
2025-05-03 03:35:00,-839.322,2025-05-03 03:35:00
2025-05-03 03:40:00,-783.302,2025-05-03 03:40:00
2025-05-03 03:45:00,-939.322,2025-05-03 03:45:00
2025-05-03 03:50:00,-871.302,2025-05-03 03:50:00
2025-05-03 03:55:00,-955.352,2025-05-03 03:55:00
2025-05-03 04:00:00,-779.332,2025-05-03 04:00:00
2025-05-03 04:05:00,-811.312,2025-05-03 04:05:00
2025-05-03 04:10:00,-995.302,2025-05-03 04:10:00
2025-05-03 04:15:00,-779.332,2025-05-03 04:15:00
2025-05-03 04:20:00,-775.342,2025-05-03 04:20:00
2025-05-03 04:25:00,-731.332,2025-05-03 04:25:00
2025-05-03 04:30:00,-811.362,2025-05-03 04:30:00
2025-05-03 04:35:00,-843.362,2025-05-03 04:35:00
2025-05-03 04:40:00,-1163.332,2025-05-03 04:40:00
2025-05-03 04:45:00,-783.352,2025-05-03 04:45:00
2025-05-03 04:50:00,-827.342,2025-05-03 04:50:00
2025-05-03 04:55:00,-887.322,2025-05-03 04:55:00
2025-05-03 05:00:00,-939.322,2025-05-03 05:00:00
2025-05-03 05:05:00,-863.312,2025-05-03 05:05:00
2025-05-03 05:10:00,-1079.352,2025-05-03 05:10:00
2025-05-03 05:15:00,-939.332,2025-05-03 05:15:00
2025-05-03 05:20:00,-911.312,2025-05-03 05:20:00
2025-05-03 05:25:00,-1047.322,2025-05-03 05:25:00
2025-05-03 05:30:00,-863.362,2025-05-03 05:30:00
2025-05-03 05:35:00,-1003.342,2025-05-03 05:35:00
2025-05-03 05:40:00,-971.342,2025-05-03 05:40:00
2025-05-03 05:45:00,-991.332,2025-05-03 05:45:00
2025-05-03 05:50:00,-967.362,2025-05-03 05:50:00
2025-05-03 05:55:00,-1279.342,2025-05-03 05:55:00
2025-05-03 06:00:00,-1235.352,2025-05-03 06:00:00
2025-05-03 06:05:00,-1019.362,2025-05-03 06:05:00
2025-05-03 06:10:00,-983.332,2025-05-03 06:10:00
2025-05-03 06:15:00,-1255.342,2025-05-03 06:15:00
2025-05-03 06:20:00,-1019.342,2025-05-03 06:20:00
2025-05-03 06:25:00,-1003.362,2025-05-03 06:25:00
2025-05-03 06:30:00,-1051.332,2025-05-03 06:30:00
2025-05-03 06:35:00,-947.332,2025-05-03 06:35:00
2025-05-03 06:40:00,-1059.342,2025-05-03 06:40:00
2025-05-03 06:45:00,-1023.322,2025-05-03 06:45:00
2025-05-03 06:50:00,-1079.342,2025-05-03 06:50:00
2025-05-03 06:55:00,-1139.322,2025-05-03 06:55:00
2025-05-03 07:00:00,-975.282,2025-05-03 07:00:00
2025-05-03 07:05:00,-943.362,2025-05-03 07:05:00
2025-05-03 07:10:00,-983.362,2025-05-03 07:10:00
2025-05-03 07:15:00,-999.352,2025-05-03 07:15:00
2025-05-03 07:20:00,-1055.352,2025-05-03 07:20:00
2025-05-03 07:25:00,-1071.302,2025-05-03 07:25:00
2025-05-03 07:30:00,-1055.352,2025-05-03 07:30:00
2025-05-03 07:35:00,-1131.322,2025-05-03 07:35:00
2025-05-03 07:40:00,-979.332,2025-05-03 07:40:00
2025-05-03 07:45:00,-963.342,2025-05-03 07:45:00
2025-05-03 07:50:00,-991.342,2025-05-03 07:50:00
2025-05-03 07:55:00,-959.322,2025-05-03 07:55:00
2025-05-03 08:00:00,9000.0,2025-05-03 08:00:00
2025-05-03 08:05:00,9000.0,2025-05-03 08:05:00
2025-05-03 08:10:00,9000.0,2025-05-03 08:10:00
2025-05-03 08:15:00,9000.0,2025-05-03 08:15:00
2025-05-03 08:20:00,9000.0,2025-05-03 08:20:00
2025-05-03 08:25:00,9000.0,2025-05-03 08:25:00
2025-05-03 08:30:00,9000.0,2025-05-03 08:30:00
2025-05-03 08:35:00,9000.0,2025-05-03 08:35:00
2025-05-03 08:40:00,9000.0,2025-05-03 08:40:00
2025-05-03 08:45:00,9000.0,2025-05-03 08:45:00
2025-05-03 08:50:00,8262.209,2025-05-03 08:50:00
2025-05-03 08:55:00,0.0,2025-05-03 08:55:00
2025-05-03 09:00:00,0.0,2025-05-03 09:00:00
2025-05-03 09:05:00,0.0,2025-05-03 09:05:00
2025-05-03 09:10:00,0.0,2025-05-03 09:10:00
2025-05-03 09:15:00,0.0,2025-05-03 09:15:00
2025-05-03 09:20:00,0.0,2025-05-03 09:20:00
2025-05-03 09:25:00,0.0,2025-05-03 09:25:00
2025-05-03 09:30:00,0.0,2025-05-03 09:30:00
2025-05-03 09:35:00,0.0,2025-05-03 09:35:00
2025-05-03 09:40:00,0.0,2025-05-03 09:40:00
2025-05-03 09:45:00,0.0,2025-05-03 09:45:00
2025-05-03 09:50:00,0.0,2025-05-03 09:50:00
2025-05-03 09:55:00,0.0,2025-05-03 09:55:00
2025-05-03 10:00:00,0.0,2025-05-03 10:00:00
2025-05-03 10:05:00,0.0,2025-05-03 10:05:00
2025-05-03 10:10:00,0.0,2025-05-03 10:10:00
2025-05-03 10:15:00,0.0,2025-05-03 10:15:00
2025-05-03 10:20:00,0.0,2025-05-03 10:20:00
2025-05-03 10:25:00,0.0,2025-05-03 10:25:00
2025-05-03 10:30:00,0.0,2025-05-03 10:30:00
2025-05-03 10:35:00,0.0,2025-05-03 10:35:00
2025-05-03 10:40:00,0.0,2025-05-03 10:40:00
2025-05-03 10:45:00,0.0,2025-05-03 10:45:00
2025-05-03 10:50:00,0.0,2025-05-03 10:50:00
2025-05-03 10:55:00,0.0,2025-05-03 10:55:00
2025-05-03 11:00:00,-1003.322,2025-05-03 11:00:00
2025-05-03 11:05:00,-1115.302,2025-05-03 11:05:00
2025-05-03 11:10:00,-911.352,2025-05-03 11:10:00
2025-05-03 11:15:00,-935.342,2025-05-03 11:15:00
2025-05-03 11:20:00,-1059.362,2025-05-03 11:20:00
2025-05-03 11:25:00,-1163.342,2025-05-03 11:25:00
2025-05-03 11:30:00,-1027.342,2025-05-03 11:30:00
2025-05-03 11:35:00,-1039.352,2025-05-03 11:35:00
2025-05-03 11:40:00,-1027.332,2025-05-03 11:40:00
2025-05-03 11:45:00,-1167.342,2025-05-03 11:45:00
2025-05-03 11:50:00,-1095.352,2025-05-03 11:50:00
2025-05-03 11:55:00,-1139.332,2025-05-03 11:55:00
2025-05-03 12:00:00,-1011.342,2025-05-03 12:00:00
2025-05-03 12:05:00,-1055.352,2025-05-03 12:05:00
2025-05-03 12:10:00,-1039.312,2025-05-03 12:10:00
2025-05-03 12:15:00,-1367.312,2025-05-03 12:15:00
2025-05-03 12:20:00,-1379.342,2025-05-03 12:20:00
2025-05-03 12:25:00,-1115.342,2025-05-03 12:25:00
2025-05-03 12:30:00,-1079.322,2025-05-03 12:30:00
2025-05-03 12:35:00,-1371.302,2025-05-03 12:35:00
2025-05-03 12:40:00,-1067.342,2025-05-03 12:40:00
2025-05-03 12:45:00,-999.302,2025-05-03 12:45:00
2025-05-03 12:50:00,-935.292,2025-05-03 12:50:00
2025-05-03 12:55:00,-1071.342,2025-05-03 12:55:00
2025-05-03 13:00:00,-1119.362,2025-05-03 13:00:00
2025-05-03 13:05:00,-1219.302,2025-05-03 13:05:00
2025-05-03 13:10:00,-1103.322,2025-05-03 13:10:00
2025-05-03 13:15:00,-1155.352,2025-05-03 13:15:00
2025-05-03 13:20:00,-1131.342,2025-05-03 13:20:00
2025-05-03 13:25:00,-1131.352,2025-05-03 13:25:00
2025-05-03 13:30:00,-1055.352,2025-05-03 13:30:00
2025-05-03 13:35:00,-1187.332,2025-05-03 13:35:00
2025-05-03 13:40:00,-1199.332,2025-05-03 13:40:00
2025-05-03 13:45:00,-1155.312,2025-05-03 13:45:00
2025-05-03 13:50:00,-1123.302,2025-05-03 13:50:00
2025-05-03 13:55:00,-1187.352,2025-05-03 13:55:00
2025-05-03 14:00:00,-1195.382,2025-05-03 14:00:00
2025-05-03 14:05:00,-1259.342,2025-05-03 14:05:00
2025-05-03 14:10:00,-1143.342,2025-05-03 14:10:00
2025-05-03 14:15:00,-1147.352,2025-05-03 14:15:00
2025-05-03 14:20:00,-1147.342,2025-05-03 14:20:00
2025-05-03 14:25:00,-1327.322,2025-05-03 14:25:00
2025-05-03 14:30:00,-1151.342,2025-05-03 14:30:00
2025-05-03 14:35:00,-1159.362,2025-05-03 14:35:00
2025-05-03 14:40:00,-1251.332,2025-05-03 14:40:00
2025-05-03 14:45:00,-1055.322,2025-05-03 14:45:00
2025-05-03 14:50:00,-1407.332,2025-05-03 14:50:00
2025-05-03 14:55:00,-1295.322,2025-05-03 14:55:00
2025-05-03 15:00:00,-1235.332,2025-05-03 15:00:00
2025-05-03 15:05:00,-1243.352,2025-05-03 15:05:00
2025-05-03 15:10:00,-1139.322,2025-05-03 15:10:00
2025-05-03 15:15:00,-1123.322,2025-05-03 15:15:00
2025-05-03 15:20:00,-1051.372,2025-05-03 15:20:00
2025-05-03 15:25:00,-1103.322,2025-05-03 15:25:00
2025-05-03 15:30:00,-1095.332,2025-05-03 15:30:00
2025-05-03 15:35:00,-1279.332,2025-05-03 15:35:00
2025-05-03 15:40:00,-1167.362,2025-05-03 15:40:00
2025-05-03 15:45:00,-1303.352,2025-05-03 15:45:00
2025-05-03 15:50:00,-1311.282,2025-05-03 15:50:00
2025-05-03 15:55:00,-1467.342,2025-05-03 15:55:00
2025-05-03 16:00:00,-1347.362,2025-05-03 16:00:00
2025-05-03 16:05:00,-1187.342,2025-05-03 16:05:00
2025-05-03 16:10:00,-1239.362,2025-05-03 16:10:00
2025-05-03 16:15:00,-1203.322,2025-05-03 16:15:00
2025-05-03 16:20:00,-1271.302,2025-05-03 16:20:00
2025-05-03 16:25:00,-1327.332,2025-05-03 16:25:00
2025-05-03 16:30:00,-1263.322,2025-05-03 16:30:00
2025-05-03 16:35:00,-1287.312,2025-05-03 16:35:00
2025-05-03 16:40:00,-1355.352,2025-05-03 16:40:00
2025-05-03 16:45:00,-1231.342,2025-05-03 16:45:00
2025-05-03 16:50:00,-1171.352,2025-05-03 16:50:00
2025-05-03 16:55:00,-1291.312,2025-05-03 16:55:00
2025-05-03 17:00:00,-1211.352,2025-05-03 17:00:00
2025-05-03 17:05:00,-1219.352,2025-05-03 17:05:00
2025-05-03 17:10:00,-1223.342,2025-05-03 17:10:00
2025-05-03 17:15:00,-1243.332,2025-05-03 17:15:00
2025-05-03 17:20:00,-1359.292,2025-05-03 17:20:00
2025-05-03 17:25:00,-1311.332,2025-05-03 17:25:00
2025-05-03 17:30:00,-1299.322,2025-05-03 17:30:00
2025-05-03 17:35:00,-1223.322,2025-05-03 17:35:00
2025-05-03 17:40:00,-1243.332,2025-05-03 17:40:00
2025-05-03 17:45:00,-1407.362,2025-05-03 17:45:00
2025-05-03 17:50:00,-1119.332,2025-05-03 17:50:00
2025-05-03 17:55:00,-1107.322,2025-05-03 17:55:00
2025-05-03 18:00:00,9000.0,2025-05-03 18:00:00
2025-05-03 18:05:00,9000.0,2025-05-03 18:05:00
2025-05-03 18:10:00,9000.0,2025-05-03 18:10:00
2025-05-03 18:15:00,9000.0,2025-05-03 18:15:00
2025-05-03 18:20:00,9000.0,2025-05-03 18:20:00
2025-05-03 18:25:00,9000.0,2025-05-03 18:25:00
2025-05-03 18:30:00,9000.0,2025-05-03 18:30:00
2025-05-03 18:35:00,9000.0,2025-05-03 18:35:00
2025-05-03 18:40:00,9000.0,2025-05-03 18:40:00
2025-05-03 18:45:00,5655.448,2025-05-03 18:45:00
2025-05-03 18:50:00,0.0,2025-05-03 18:50:00
2025-05-03 18:55:00,0.0,2025-05-03 18:55:00
2025-05-03 19:00:00,0.0,2025-05-03 19:00:00
2025-05-03 19:05:00,0.0,2025-05-03 19:05:00
2025-05-03 19:10:00,0.0,2025-05-03 19:10:00
2025-05-03 19:15:00,0.0,2025-05-03 19:15:00
2025-05-03 19:20:00,0.0,2025-05-03 19:20:00
2025-05-03 19:25:00,0.0,2025-05-03 19:25:00
2025-05-03 19:30:00,0.0,2025-05-03 19:30:00
2025-05-03 19:35:00,0.0,2025-05-03 19:35:00
2025-05-03 19:40:00,0.0,2025-05-03 19:40:00
2025-05-03 19:45:00,0.0,2025-05-03 19:45:00
2025-05-03 19:50:00,0.0,2025-05-03 19:50:00
2025-05-03 19:55:00,0.0,2025-05-03 19:55:00
2025-05-03 20:00:00,0.0,2025-05-03 20:00:00
2025-05-03 20:05:00,0.0,2025-05-03 20:05:00
2025-05-03 20:10:00,0.0,2025-05-03 20:10:00
2025-05-03 20:15:00,0.0,2025-05-03 20:15:00
2025-05-03 20:20:00,0.0,2025-05-03 20:20:00
2025-05-03 20:25:00,0.0,2025-05-03 20:25:00
2025-05-03 20:30:00,0.0,2025-05-03 20:30:00
2025-05-03 20:35:00,0.0,2025-05-03 20:35:00
2025-05-03 20:40:00,0.0,2025-05-03 20:40:00
2025-05-03 20:45:00,0.0,2025-05-03 20:45:00
2025-05-03 20:50:00,0.0,2025-05-03 20:50:00
2025-05-03 20:55:00,0.0,2025-05-03 20:55:00
2025-05-03 21:00:00,0.0,2025-05-03 21:00:00
2025-05-03 21:05:00,0.0,2025-05-03 21:05:00
2025-05-03 21:10:00,0.0,2025-05-03 21:10:00
2025-05-03 21:15:00,0.0,2025-05-03 21:15:00
2025-05-03 21:20:00,0.0,2025-05-03 21:20:00
2025-05-03 21:25:00,0.0,2025-05-03 21:25:00
2025-05-03 21:30:00,0.0,2025-05-03 21:30:00
2025-05-03 21:35:00,0.0,2025-05-03 21:35:00
2025-05-03 21:40:00,0.0,2025-05-03 21:40:00
2025-05-03 21:45:00,0.0,2025-05-03 21:45:00
2025-05-03 21:50:00,0.0,2025-05-03 21:50:00
2025-05-03 21:55:00,0.0,2025-05-03 21:55:00
2025-05-03 22:00:00,-1013.59,2025-05-03 22:00:00
2025-05-03 22:05:00,-965.61,2025-05-03 22:05:00
2025-05-03 22:10:00,-997.58,2025-05-03 22:10:00
2025-05-03 22:15:00,-897.62,2025-05-03 22:15:00
2025-05-03 22:20:00,-1081.62,2025-05-03 22:20:00
2025-05-03 22:25:00,-1025.59,2025-05-03 22:25:00
2025-05-03 22:30:00,-993.59,2025-05-03 22:30:00
2025-05-03 22:35:00,-897.6,2025-05-03 22:35:00
2025-05-03 22:40:00,-893.6,2025-05-03 22:40:00
2025-05-03 22:45:00,-833.62,2025-05-03 22:45:00
2025-05-03 22:50:00,-877.6,2025-05-03 22:50:00
2025-05-03 22:55:00,-857.62,2025-05-03 22:55:00
2025-05-03 23:00:00,-865.63,2025-05-03 23:00:00
2025-05-03 23:05:00,-925.62,2025-05-03 23:05:00
2025-05-03 23:10:00,-1081.63,2025-05-03 23:10:00
2025-05-03 23:15:00,-849.63,2025-05-03 23:15:00
2025-05-03 23:20:00,-913.57,2025-05-03 23:20:00
2025-05-03 23:25:00,-1045.57,2025-05-03 23:25:00
2025-05-03 23:30:00,-1033.62,2025-05-03 23:30:00
2025-05-03 23:35:00,-889.63,2025-05-03 23:35:00
2025-05-03 23:40:00,-917.61,2025-05-03 23:40:00
2025-05-03 23:45:00,-921.61,2025-05-03 23:45:00
2025-05-03 23:50:00,-945.6,2025-05-03 23:50:00
2025-05-03 23:55:00,-893.59,2025-05-03 23:55:00
2025-05-04 00:00:00,-869.61,2025-05-04 00:00:00
2025-05-04 00:05:00,-845.59,2025-05-04 00:05:00
2025-05-04 00:10:00,-1345.63,2025-05-04 00:10:00
2025-05-04 00:15:00,-1333.57,2025-05-04 00:15:00
2025-05-04 00:20:00,-933.6,2025-05-04 00:20:00
2025-05-04 00:25:00,-961.62,2025-05-04 00:25:00
2025-05-04 00:30:00,-893.62,2025-05-04 00:30:00
2025-05-04 00:35:00,-965.59,2025-05-04 00:35:00
2025-05-04 00:40:00,-1041.59,2025-05-04 00:40:00
2025-05-04 00:45:00,-1001.6,2025-05-04 00:45:00
2025-05-04 00:50:00,-997.59,2025-05-04 00:50:00
2025-05-04 00:55:00,-1041.61,2025-05-04 00:55:00
2025-05-04 01:00:00,-985.59,2025-05-04 01:00:00
2025-05-04 01:05:00,-925.61,2025-05-04 01:05:00
2025-05-04 01:10:00,-953.59,2025-05-04 01:10:00
2025-05-04 01:15:00,-801.61,2025-05-04 01:15:00
2025-05-04 01:20:00,-965.59,2025-05-04 01:20:00
2025-05-04 01:25:00,-913.61,2025-05-04 01:25:00
2025-05-04 01:30:00,-857.61,2025-05-04 01:30:00
2025-05-04 01:35:00,-909.63,2025-05-04 01:35:00
2025-05-04 01:40:00,-893.63,2025-05-04 01:40:00
2025-05-04 01:45:00,-781.59,2025-05-04 01:45:00
2025-05-04 01:50:00,-1045.62,2025-05-04 01:50:00
2025-05-04 01:55:00,-917.61,2025-05-04 01:55:00
2025-05-04 02:00:00,-1017.62,2025-05-04 02:00:00
2025-05-04 02:05:00,-877.62,2025-05-04 02:05:00
2025-05-04 02:10:00,-905.59,2025-05-04 02:10:00
2025-05-04 02:15:00,-825.54,2025-05-04 02:15:00
2025-05-04 02:20:00,-857.59,2025-05-04 02:20:00
2025-05-04 02:25:00,-949.61,2025-05-04 02:25:00
2025-05-04 02:30:00,-841.59,2025-05-04 02:30:00
2025-05-04 02:35:00,-877.6,2025-05-04 02:35:00
2025-05-04 02:40:00,-853.63,2025-05-04 02:40:00
2025-05-04 02:45:00,-1057.61,2025-05-04 02:45:00
2025-05-04 02:50:00,-849.63,2025-05-04 02:50:00
2025-05-04 02:55:00,-1009.64,2025-05-04 02:55:00
2025-05-04 03:00:00,-949.63,2025-05-04 03:00:00
2025-05-04 03:05:00,-997.61,2025-05-04 03:05:00
2025-05-04 03:10:00,-801.61,2025-05-04 03:10:00
2025-05-04 03:15:00,-973.62,2025-05-04 03:15:00
2025-05-04 03:20:00,-909.61,2025-05-04 03:20:00
2025-05-04 03:25:00,-1029.62,2025-05-04 03:25:00
2025-05-04 03:30:00,-921.61,2025-05-04 03:30:00
2025-05-04 03:35:00,-889.59,2025-05-04 03:35:00
2025-05-04 03:40:00,-937.63,2025-05-04 03:40:00
2025-05-04 03:45:00,-1137.59,2025-05-04 03:45:00
2025-05-04 03:50:00,-901.59,2025-05-04 03:50:00
2025-05-04 03:55:00,-857.59,2025-05-04 03:55:00
2025-05-04 04:00:00,-993.59,2025-05-04 04:00:00
2025-05-04 04:05:00,-905.61,2025-05-04 04:05:00
2025-05-04 04:10:00,-949.61,2025-05-04 04:10:00
2025-05-04 04:15:00,-989.61,2025-05-04 04:15:00
2025-05-04 04:20:00,-1001.6,2025-05-04 04:20:00
2025-05-04 04:25:00,-933.62,2025-05-04 04:25:00
2025-05-04 04:30:00,-953.57,2025-05-04 04:30:00
2025-05-04 04:35:00,-865.61,2025-05-04 04:35:00
2025-05-04 04:40:00,-1117.61,2025-05-04 04:40:00
2025-05-04 04:45:00,-889.6,2025-05-04 04:45:00
2025-05-04 04:50:00,-981.59,2025-05-04 04:50:00
2025-05-04 04:55:00,-921.61,2025-05-04 04:55:00
2025-05-04 05:00:00,-997.63,2025-05-04 05:00:00
2025-05-04 05:05:00,-957.6,2025-05-04 05:05:00
2025-05-04 05:10:00,-849.6,2025-05-04 05:10:00
2025-05-04 05:15:00,-901.59,2025-05-04 05:15:00
2025-05-04 05:20:00,-945.62,2025-05-04 05:20:00
2025-05-04 05:25:00,-941.6,2025-05-04 05:25:00
2025-05-04 05:30:00,-961.6,2025-05-04 05:30:00
2025-05-04 05:35:00,-797.6,2025-05-04 05:35:00
2025-05-04 05:40:00,-1029.62,2025-05-04 05:40:00
2025-05-04 05:45:00,-917.6,2025-05-04 05:45:00
2025-05-04 05:50:00,-1009.62,2025-05-04 05:50:00
2025-05-04 05:55:00,-933.6,2025-05-04 05:55:00
2025-05-04 06:00:00,-925.61,2025-05-04 06:00:00
2025-05-04 06:05:00,-1109.6,2025-05-04 06:05:00
2025-05-04 06:10:00,-1225.59,2025-05-04 06:10:00
2025-05-04 06:15:00,-1009.6,2025-05-04 06:15:00
2025-05-04 06:20:00,-1049.6,2025-05-04 06:20:00
2025-05-04 06:25:00,-865.62,2025-05-04 06:25:00
2025-05-04 06:30:00,-977.6,2025-05-04 06:30:00
2025-05-04 06:35:00,-965.63,2025-05-04 06:35:00
2025-05-04 06:40:00,-985.61,2025-05-04 06:40:00
2025-05-04 06:45:00,-989.61,2025-05-04 06:45:00
2025-05-04 06:50:00,-913.59,2025-05-04 06:50:00
2025-05-04 06:55:00,-1073.63,2025-05-04 06:55:00
2025-05-04 07:00:00,-949.59,2025-05-04 07:00:00
2025-05-04 07:05:00,-945.64,2025-05-04 07:05:00
2025-05-04 07:10:00,-1105.6,2025-05-04 07:10:00
2025-05-04 07:15:00,-925.63,2025-05-04 07:15:00
2025-05-04 07:20:00,-969.58,2025-05-04 07:20:00
2025-05-04 07:25:00,-1025.63,2025-05-04 07:25:00
2025-05-04 07:30:00,-961.57,2025-05-04 07:30:00
2025-05-04 07:35:00,-1069.6,2025-05-04 07:35:00
2025-05-04 07:40:00,-1025.57,2025-05-04 07:40:00
2025-05-04 07:45:00,-1009.61,2025-05-04 07:45:00
2025-05-04 07:50:00,-1033.63,2025-05-04 07:50:00
2025-05-04 07:55:00,-1033.58,2025-05-04 07:55:00
2025-05-04 08:00:00,9000.0,2025-05-04 08:00:00
2025-05-04 08:05:00,9000.0,2025-05-04 08:05:00
2025-05-04 08:10:00,9000.0,2025-05-04 08:10:00
2025-05-04 08:15:00,9000.0,2025-05-04 08:15:00
2025-05-04 08:20:00,9000.0,2025-05-04 08:20:00
2025-05-04 08:25:00,9000.0,2025-05-04 08:25:00
2025-05-04 08:30:00,9000.0,2025-05-04 08:30:00
2025-05-04 08:35:00,9000.0,2025-05-04 08:35:00
2025-05-04 08:40:00,9000.0,2025-05-04 08:40:00
2025-05-04 08:45:00,9000.0,2025-05-04 08:45:00
2025-05-04 08:50:00,8999.997,2025-05-04 08:50:00
2025-05-04 08:55:00,1444.11,2025-05-04 08:55:00
2025-05-04 09:00:00,0.0,2025-05-04 09:00:00
2025-05-04 09:05:00,0.0,2025-05-04 09:05:00
2025-05-04 09:10:00,0.0,2025-05-04 09:10:00
2025-05-04 09:15:00,0.0,2025-05-04 09:15:00
2025-05-04 09:20:00,0.0,2025-05-04 09:20:00
2025-05-04 09:25:00,0.0,2025-05-04 09:25:00
2025-05-04 09:30:00,0.0,2025-05-04 09:30:00
2025-05-04 09:35:00,0.0,2025-05-04 09:35:00
2025-05-04 09:40:00,0.0,2025-05-04 09:40:00
2025-05-04 09:45:00,0.0,2025-05-04 09:45:00
2025-05-04 09:50:00,0.0,2025-05-04 09:50:00
2025-05-04 09:55:00,0.0,2025-05-04 09:55:00
2025-05-04 10:00:00,0.0,2025-05-04 10:00:00
2025-05-04 10:05:00,0.0,2025-05-04 10:05:00
2025-05-04 10:10:00,0.0,2025-05-04 10:10:00
2025-05-04 10:15:00,0.0,2025-05-04 10:15:00
2025-05-04 10:20:00,0.0,2025-05-04 10:20:00
2025-05-04 10:25:00,0.0,2025-05-04 10:25:00
2025-05-04 10:30:00,0.0,2025-05-04 10:30:00
2025-05-04 10:35:00,0.0,2025-05-04 10:35:00
2025-05-04 10:40:00,0.0,2025-05-04 10:40:00
2025-05-04 10:45:00,0.0,2025-05-04 10:45:00
2025-05-04 10:50:00,0.0,2025-05-04 10:50:00
2025-05-04 10:55:00,0.0,2025-05-04 10:55:00
2025-05-04 11:00:00,-1073.62,2025-05-04 11:00:00
2025-05-04 11:05:00,-1089.63,2025-05-04 11:05:00
2025-05-04 11:10:00,-1069.62,2025-05-04 11:10:00
2025-05-04 11:15:00,-1073.6,2025-05-04 11:15:00
2025-05-04 11:20:00,-1013.61,2025-05-04 11:20:00
2025-05-04 11:25:00,-1025.62,2025-05-04 11:25:00
2025-05-04 11:30:00,-1089.6,2025-05-04 11:30:00
2025-05-04 11:35:00,-889.59,2025-05-04 11:35:00
2025-05-04 11:40:00,-957.6,2025-05-04 11:40:00
2025-05-04 11:45:00,-1177.59,2025-05-04 11:45:00
2025-05-04 11:50:00,-1117.59,2025-05-04 11:50:00
2025-05-04 11:55:00,-1133.63,2025-05-04 11:55:00
2025-05-04 12:00:00,-1157.62,2025-05-04 12:00:00
2025-05-04 12:05:00,-1305.6,2025-05-04 12:05:00
2025-05-04 12:10:00,-1401.62,2025-05-04 12:10:00
2025-05-04 12:15:00,-985.62,2025-05-04 12:15:00
2025-05-04 12:20:00,-1077.56,2025-05-04 12:20:00
2025-05-04 12:25:00,-1001.6,2025-05-04 12:25:00
2025-05-04 12:30:00,-925.63,2025-05-04 12:30:00
2025-05-04 12:35:00,-1077.62,2025-05-04 12:35:00
2025-05-04 12:40:00,-993.61,2025-05-04 12:40:00
2025-05-04 12:45:00,-973.61,2025-05-04 12:45:00
2025-05-04 12:50:00,-1029.63,2025-05-04 12:50:00
2025-05-04 12:55:00,-993.57,2025-05-04 12:55:00
2025-05-04 13:00:00,-1125.61,2025-05-04 13:00:00
2025-05-04 13:05:00,-929.59,2025-05-04 13:05:00
2025-05-04 13:10:00,-1025.59,2025-05-04 13:10:00
2025-05-04 13:15:00,-933.57,2025-05-04 13:15:00
2025-05-04 13:20:00,-1117.59,2025-05-04 13:20:00
2025-05-04 13:25:00,-973.6,2025-05-04 13:25:00
2025-05-04 13:30:00,-1057.6,2025-05-04 13:30:00
2025-05-04 13:35:00,-1077.59,2025-05-04 13:35:00
2025-05-04 13:40:00,-1001.63,2025-05-04 13:40:00
2025-05-04 13:45:00,-1109.61,2025-05-04 13:45:00
2025-05-04 13:50:00,-1101.62,2025-05-04 13:50:00
2025-05-04 13:55:00,-1053.59,2025-05-04 13:55:00
2025-05-04 14:00:00,-1121.63,2025-05-04 14:00:00
2025-05-04 14:05:00,-1061.62,2025-05-04 14:05:00
2025-05-04 14:10:00,-1085.61,2025-05-04 14:10:00
2025-05-04 14:15:00,-1025.59,2025-05-04 14:15:00
2025-05-04 14:20:00,-1001.62,2025-05-04 14:20:00
2025-05-04 14:25:00,-1025.6,2025-05-04 14:25:00
2025-05-04 14:30:00,-1073.59,2025-05-04 14:30:00
2025-05-04 14:35:00,-969.62,2025-05-04 14:35:00
2025-05-04 14:40:00,-1157.59,2025-05-04 14:40:00
2025-05-04 14:45:00,-1157.61,2025-05-04 14:45:00
2025-05-04 14:50:00,-1097.63,2025-05-04 14:50:00
2025-05-04 14:55:00,-989.61,2025-05-04 14:55:00
2025-05-04 15:00:00,-1105.59,2025-05-04 15:00:00
2025-05-04 15:05:00,-1193.63,2025-05-04 15:05:00
2025-05-04 15:10:00,-933.59,2025-05-04 15:10:00
2025-05-04 15:15:00,-1277.62,2025-05-04 15:15:00
2025-05-04 15:20:00,-1049.59,2025-05-04 15:20:00
2025-05-04 15:25:00,-977.61,2025-05-04 15:25:00
2025-05-04 15:30:00,-993.62,2025-05-04 15:30:00
2025-05-04 15:35:00,-1085.59,2025-05-04 15:35:00
2025-05-04 15:40:00,-1097.61,2025-05-04 15:40:00
2025-05-04 15:45:00,-1013.63,2025-05-04 15:45:00
2025-05-04 15:50:00,-1149.61,2025-05-04 15:50:00
2025-05-04 15:55:00,-1045.62,2025-05-04 15:55:00
2025-05-04 16:00:00,-1077.6,2025-05-04 16:00:00
2025-05-04 16:05:00,-1081.63,2025-05-04 16:05:00
2025-05-04 16:10:00,-1041.62,2025-05-04 16:10:00
2025-05-04 16:15:00,-1045.6,2025-05-04 16:15:00
2025-05-04 16:20:00,-1133.57,2025-05-04 16:20:00
2025-05-04 16:25:00,-1077.6,2025-05-04 16:25:00
2025-05-04 16:30:00,-1113.63,2025-05-04 16:30:00
2025-05-04 16:35:00,-1017.61,2025-05-04 16:35:00
2025-05-04 16:40:00,-1101.59,2025-05-04 16:40:00
2025-05-04 16:45:00,-1057.62,2025-05-04 16:45:00
2025-05-04 16:50:00,-1189.62,2025-05-04 16:50:00
2025-05-04 16:55:00,-1293.64,2025-05-04 16:55:00
2025-05-04 17:00:00,-1113.63,2025-05-04 17:00:00
2025-05-04 17:05:00,-1201.57,2025-05-04 17:05:00
2025-05-04 17:10:00,-1069.59,2025-05-04 17:10:00
2025-05-04 17:15:00,-1077.62,2025-05-04 17:15:00
2025-05-04 17:20:00,-1153.61,2025-05-04 17:20:00
2025-05-04 17:25:00,-989.57,2025-05-04 17:25:00
2025-05-04 17:30:00,-1061.59,2025-05-04 17:30:00
2025-05-04 17:35:00,-1049.58,2025-05-04 17:35:00
2025-05-04 17:40:00,-1013.6,2025-05-04 17:40:00
2025-05-04 17:45:00,-1185.61,2025-05-04 17:45:00
2025-05-04 17:50:00,-1221.6,2025-05-04 17:50:00
2025-05-04 17:55:00,-1177.6,2025-05-04 17:55:00
2025-05-04 18:00:00,9000.0,2025-05-04 18:00:00
2025-05-04 18:05:00,9000.0,2025-05-04 18:05:00
2025-05-04 18:10:00,9000.0,2025-05-04 18:10:00
2025-05-04 18:15:00,9000.0,2025-05-04 18:15:00
2025-05-04 18:20:00,9000.0,2025-05-04 18:20:00
2025-05-04 18:25:00,9000.0,2025-05-04 18:25:00
2025-05-04 18:30:00,9000.0,2025-05-04 18:30:00
2025-05-04 18:35:00,9000.0,2025-05-04 18:35:00
2025-05-04 18:40:00,6991.132,2025-05-04 18:40:00
2025-05-04 18:45:00,0.0,2025-05-04 18:45:00
2025-05-04 18:50:00,0.0,2025-05-04 18:50:00
2025-05-04 18:55:00,0.0,2025-05-04 18:55:00
2025-05-04 19:00:00,0.0,2025-05-04 19:00:00
2025-05-04 19:05:00,0.0,2025-05-04 19:05:00
2025-05-04 19:10:00,0.0,2025-05-04 19:10:00
2025-05-04 19:15:00,0.0,2025-05-04 19:15:00
2025-05-04 19:20:00,0.0,2025-05-04 19:20:00
2025-05-04 19:25:00,0.0,2025-05-04 19:25:00
2025-05-04 19:30:00,0.0,2025-05-04 19:30:00
2025-05-04 19:35:00,0.0,2025-05-04 19:35:00
2025-05-04 19:40:00,0.0,2025-05-04 19:40:00
2025-05-04 19:45:00,0.0,2025-05-04 19:45:00
2025-05-04 19:50:00,0.0,2025-05-04 19:50:00
2025-05-04 19:55:00,0.0,2025-05-04 19:55:00
2025-05-04 20:00:00,0.0,2025-05-04 20:00:00
2025-05-04 20:05:00,0.0,2025-05-04 20:05:00
2025-05-04 20:10:00,0.0,2025-05-04 20:10:00
2025-05-04 20:15:00,0.0,2025-05-04 20:15:00
2025-05-04 20:20:00,0.0,2025-05-04 20:20:00
2025-05-04 20:25:00,0.0,2025-05-04 20:25:00
2025-05-04 20:30:00,0.0,2025-05-04 20:30:00
2025-05-04 20:35:00,0.0,2025-05-04 20:35:00
2025-05-04 20:40:00,0.0,2025-05-04 20:40:00
2025-05-04 20:45:00,0.0,2025-05-04 20:45:00
2025-05-04 20:50:00,0.0,2025-05-04 20:50:00
2025-05-04 20:55:00,0.0,2025-05-04 20:55:00
2025-05-04 21:00:00,0.0,2025-05-04 21:00:00
2025-05-04 21:05:00,0.0,2025-05-04 21:05:00
2025-05-04 21:10:00,0.0,2025-05-04 21:10:00
2025-05-04 21:15:00,0.0,2025-05-04 21:15:00
2025-05-04 21:20:00,0.0,2025-05-04 21:20:00
2025-05-04 21:25:00,0.0,2025-05-04 21:25:00
2025-05-04 21:30:00,0.0,2025-05-04 21:30:00
2025-05-04 21:35:00,0.0,2025-05-04 21:35:00
2025-05-04 21:40:00,0.0,2025-05-04 21:40:00
2025-05-04 21:45:00,0.0,2025-05-04 21:45:00
2025-05-04 21:50:00,0.0,2025-05-04 21:50:00
2025-05-04 21:55:00,0.0,2025-05-04 21:55:00
2025-05-04 22:00:00,-1706.729,2025-05-04 22:00:00
2025-05-04 22:05:00,-1398.729,2025-05-04 22:05:00
2025-05-04 22:10:00,-1270.769,2025-05-04 22:10:00
2025-05-04 22:15:00,-1498.719,2025-05-04 22:15:00
2025-05-04 22:20:00,-1478.749,2025-05-04 22:20:00
2025-05-04 22:25:00,-1282.739,2025-05-04 22:25:00
2025-05-04 22:30:00,-1234.789,2025-05-04 22:30:00
2025-05-04 22:35:00,-1178.739,2025-05-04 22:35:00
2025-05-04 22:40:00,-1102.729,2025-05-04 22:40:00
2025-05-04 22:45:00,-1230.749,2025-05-04 22:45:00
2025-05-04 22:50:00,-1206.749,2025-05-04 22:50:00
2025-05-04 22:55:00,-1190.749,2025-05-04 22:55:00
2025-05-04 23:00:00,-1210.729,2025-05-04 23:00:00
2025-05-04 23:05:00,-1234.729,2025-05-04 23:05:00
2025-05-04 23:10:00,-1098.739,2025-05-04 23:10:00
2025-05-04 23:15:00,-1134.759,2025-05-04 23:15:00
2025-05-04 23:20:00,-1234.739,2025-05-04 23:20:00
2025-05-04 23:25:00,-1278.779,2025-05-04 23:25:00
2025-05-04 23:30:00,-1198.779,2025-05-04 23:30:00
2025-05-04 23:35:00,-1254.749,2025-05-04 23:35:00
2025-05-04 23:40:00,-1266.709,2025-05-04 23:40:00
2025-05-04 23:45:00,-1218.739,2025-05-04 23:45:00
2025-05-04 23:50:00,-1578.749,2025-05-04 23:50:00
2025-05-04 23:55:00,-1558.749,2025-05-04 23:55:00
2025-05-05 00:00:00,-1242.739,2025-05-05 00:00:00
2025-05-05 00:05:00,-1246.739,2025-05-05 00:05:00
2025-05-05 00:10:00,-1406.749,2025-05-05 00:10:00
2025-05-05 00:15:00,-1570.749,2025-05-05 00:15:00
2025-05-05 00:20:00,-1578.729,2025-05-05 00:20:00
2025-05-05 00:25:00,-1522.709,2025-05-05 00:25:00
2025-05-05 00:30:00,-1098.729,2025-05-05 00:30:00
2025-05-05 00:35:00,-1334.719,2025-05-05 00:35:00
2025-05-05 00:40:00,-1282.789,2025-05-05 00:40:00
2025-05-05 00:45:00,-1398.689,2025-05-05 00:45:00
2025-05-05 00:50:00,-1278.749,2025-05-05 00:50:00
2025-05-05 00:55:00,-1454.719,2025-05-05 00:55:00
2025-05-05 01:00:00,-1454.759,2025-05-05 01:00:00
2025-05-05 01:05:00,-1310.759,2025-05-05 01:05:00
2025-05-05 01:10:00,-1170.759,2025-05-05 01:10:00
2025-05-05 01:15:00,-1050.729,2025-05-05 01:15:00
2025-05-05 01:20:00,-1086.779,2025-05-05 01:20:00
2025-05-05 01:25:00,-998.729,2025-05-05 01:25:00
2025-05-05 01:30:00,-978.739,2025-05-05 01:30:00
2025-05-05 01:35:00,-986.749,2025-05-05 01:35:00
2025-05-05 01:40:00,-990.739,2025-05-05 01:40:00
2025-05-05 01:45:00,-982.719,2025-05-05 01:45:00
2025-05-05 01:50:00,-1002.729,2025-05-05 01:50:00
2025-05-05 01:55:00,-1078.709,2025-05-05 01:55:00
2025-05-05 02:00:00,-1058.749,2025-05-05 02:00:00
2025-05-05 02:05:00,-1010.729,2025-05-05 02:05:00
2025-05-05 02:10:00,-1030.739,2025-05-05 02:10:00
2025-05-05 02:15:00,-962.759,2025-05-05 02:15:00
2025-05-05 02:20:00,-1070.729,2025-05-05 02:20:00
2025-05-05 02:25:00,-1118.729,2025-05-05 02:25:00
2025-05-05 02:30:00,-1078.729,2025-05-05 02:30:00
2025-05-05 02:35:00,-906.739,2025-05-05 02:35:00
2025-05-05 02:40:00,-1030.769,2025-05-05 02:40:00
2025-05-05 02:45:00,-842.719,2025-05-05 02:45:00
2025-05-05 02:50:00,-1118.709,2025-05-05 02:50:00
2025-05-05 02:55:00,-978.709,2025-05-05 02:55:00
2025-05-05 03:00:00,-942.759,2025-05-05 03:00:00
2025-05-05 03:05:00,-914.759,2025-05-05 03:05:00
2025-05-05 03:10:00,-978.709,2025-05-05 03:10:00
2025-05-05 03:15:00,-894.759,2025-05-05 03:15:00
2025-05-05 03:20:00,-1110.739,2025-05-05 03:20:00
2025-05-05 03:25:00,-870.759,2025-05-05 03:25:00
2025-05-05 03:30:00,-1086.729,2025-05-05 03:30:00
2025-05-05 03:35:00,-822.749,2025-05-05 03:35:00
2025-05-05 03:40:00,-826.739,2025-05-05 03:40:00
2025-05-05 03:45:00,-978.769,2025-05-05 03:45:00
2025-05-05 03:50:00,-1006.759,2025-05-05 03:50:00
2025-05-05 03:55:00,-914.739,2025-05-05 03:55:00
2025-05-05 04:00:00,-946.749,2025-05-05 04:00:00
2025-05-05 04:05:00,-878.709,2025-05-05 04:05:00
2025-05-05 04:10:00,-858.769,2025-05-05 04:10:00
2025-05-05 04:15:00,-790.749,2025-05-05 04:15:00
2025-05-05 04:20:00,-894.739,2025-05-05 04:20:00
2025-05-05 04:25:00,-878.739,2025-05-05 04:25:00
2025-05-05 04:30:00,-950.719,2025-05-05 04:30:00
2025-05-05 04:35:00,-782.759,2025-05-05 04:35:00
2025-05-05 04:40:00,-1002.739,2025-05-05 04:40:00
2025-05-05 04:45:00,-710.719,2025-05-05 04:45:00
2025-05-05 04:50:00,-894.719,2025-05-05 04:50:00
2025-05-05 04:55:00,-918.729,2025-05-05 04:55:00
2025-05-05 05:00:00,-990.789,2025-05-05 05:00:00
2025-05-05 05:05:00,-1258.739,2025-05-05 05:05:00
2025-05-05 05:10:00,-1062.739,2025-05-05 05:10:00
2025-05-05 05:15:00,-1062.739,2025-05-05 05:15:00
2025-05-05 05:20:00,-1154.749,2025-05-05 05:20:00
2025-05-05 05:25:00,-998.739,2025-05-05 05:25:00
2025-05-05 05:30:00,-1082.749,2025-05-05 05:30:00
2025-05-05 05:35:00,-1030.739,2025-05-05 05:35:00
2025-05-05 05:40:00,-934.729,2025-05-05 05:40:00
2025-05-05 05:45:00,-1022.739,2025-05-05 05:45:00
2025-05-05 05:50:00,-982.709,2025-05-05 05:50:00
2025-05-05 05:55:00,-1018.739,2025-05-05 05:55:00
2025-05-05 06:00:00,-1034.739,2025-05-05 06:00:00
2025-05-05 06:05:00,-1006.759,2025-05-05 06:05:00
2025-05-05 06:10:00,-1174.749,2025-05-05 06:10:00
2025-05-05 06:15:00,-1050.739,2025-05-05 06:15:00
2025-05-05 06:20:00,-1294.749,2025-05-05 06:20:00
2025-05-05 06:25:00,-1534.729,2025-05-05 06:25:00
2025-05-05 06:30:00,-1170.749,2025-05-05 06:30:00
2025-05-05 06:35:00,-1374.759,2025-05-05 06:35:00
2025-05-05 06:40:00,-1258.719,2025-05-05 06:40:00
2025-05-05 06:45:00,-1286.729,2025-05-05 06:45:00
2025-05-05 06:50:00,-1122.759,2025-05-05 06:50:00
2025-05-05 06:55:00,-1150.759,2025-05-05 06:55:00
2025-05-05 07:00:00,-1434.729,2025-05-05 07:00:00
2025-05-05 07:05:00,-1358.719,2025-05-05 07:05:00
2025-05-05 07:10:00,-1118.729,2025-05-05 07:10:00
2025-05-05 07:15:00,-918.719,2025-05-05 07:15:00
2025-05-05 07:20:00,-1194.749,2025-05-05 07:20:00
2025-05-05 07:25:00,-1286.759,2025-05-05 07:25:00
2025-05-05 07:30:00,-1314.729,2025-05-05 07:30:00
2025-05-05 07:35:00,-1174.769,2025-05-05 07:35:00
2025-05-05 07:40:00,-1018.679,2025-05-05 07:40:00
2025-05-05 07:45:00,-990.719,2025-05-05 07:45:00
2025-05-05 07:50:00,-1278.769,2025-05-05 07:50:00
2025-05-05 07:55:00,-1018.749,2025-05-05 07:55:00
2025-05-05 08:00:00,9000.0,2025-05-05 08:00:00
2025-05-05 08:05:00,9000.0,2025-05-05 08:05:00
2025-05-05 08:10:00,9000.0,2025-05-05 08:10:00
2025-05-05 08:15:00,9000.0,2025-05-05 08:15:00
2025-05-05 08:20:00,9000.0,2025-05-05 08:20:00
2025-05-05 08:25:00,9000.0,2025-05-05 08:25:00
2025-05-05 08:30:00,9000.0,2025-05-05 08:30:00
2025-05-05 08:35:00,9000.0,2025-05-05 08:35:00
2025-05-05 08:40:00,9000.0,2025-05-05 08:40:00
2025-05-05 08:45:00,9000.0,2025-05-05 08:45:00
2025-05-05 08:50:00,8999.999,2025-05-05 08:50:00
2025-05-05 08:55:00,8999.999,2025-05-05 08:55:00
2025-05-05 09:00:00,8999.993,2025-05-05 09:00:00
2025-05-05 09:05:00,1686.481,2025-05-05 09:05:00
2025-05-05 09:10:00,0.0,2025-05-05 09:10:00
2025-05-05 09:15:00,0.0,2025-05-05 09:15:00
2025-05-05 09:20:00,0.0,2025-05-05 09:20:00
2025-05-05 09:25:00,0.0,2025-05-05 09:25:00
2025-05-05 09:30:00,0.0,2025-05-05 09:30:00
2025-05-05 09:35:00,0.0,2025-05-05 09:35:00
2025-05-05 09:40:00,0.0,2025-05-05 09:40:00
2025-05-05 09:45:00,0.0,2025-05-05 09:45:00
2025-05-05 09:50:00,0.0,2025-05-05 09:50:00
2025-05-05 09:55:00,0.0,2025-05-05 09:55:00
2025-05-05 10:00:00,0.0,2025-05-05 10:00:00
2025-05-05 10:05:00,0.0,2025-05-05 10:05:00
2025-05-05 10:10:00,0.0,2025-05-05 10:10:00
2025-05-05 10:15:00,0.0,2025-05-05 10:15:00
2025-05-05 10:20:00,0.0,2025-05-05 10:20:00
2025-05-05 10:25:00,0.0,2025-05-05 10:25:00
2025-05-05 10:30:00,0.0,2025-05-05 10:30:00
2025-05-05 10:35:00,0.0,2025-05-05 10:35:00
2025-05-05 10:40:00,0.0,2025-05-05 10:40:00
2025-05-05 10:45:00,0.0,2025-05-05 10:45:00
2025-05-05 10:50:00,0.0,2025-05-05 10:50:00
2025-05-05 10:55:00,0.0,2025-05-05 10:55:00
2025-05-05 11:00:00,-1186.759,2025-05-05 11:00:00
2025-05-05 11:05:00,-922.749,2025-05-05 11:05:00
2025-05-05 11:10:00,-1078.709,2025-05-05 11:10:00
2025-05-05 11:15:00,-1006.719,2025-05-05 11:15:00
2025-05-05 11:20:00,-1178.749,2025-05-05 11:20:00
2025-05-05 11:25:00,-938.759,2025-05-05 11:25:00
2025-05-05 11:30:00,-1038.729,2025-05-05 11:30:00
2025-05-05 11:35:00,-1126.749,2025-05-05 11:35:00
2025-05-05 11:40:00,-1034.749,2025-05-05 11:40:00
2025-05-05 11:45:00,-978.759,2025-05-05 11:45:00
2025-05-05 11:50:00,-1162.689,2025-05-05 11:50:00
2025-05-05 11:55:00,-1138.719,2025-05-05 11:55:00
2025-05-05 12:00:00,-1030.719,2025-05-05 12:00:00
2025-05-05 12:05:00,-954.769,2025-05-05 12:05:00
2025-05-05 12:10:00,-1010.749,2025-05-05 12:10:00
2025-05-05 12:15:00,-1002.749,2025-05-05 12:15:00
2025-05-05 12:20:00,-966.729,2025-05-05 12:20:00
2025-05-05 12:25:00,-1010.759,2025-05-05 12:25:00
2025-05-05 12:30:00,-1102.739,2025-05-05 12:30:00
2025-05-05 12:35:00,-914.729,2025-05-05 12:35:00
2025-05-05 12:40:00,-1038.729,2025-05-05 12:40:00
2025-05-05 12:45:00,-1042.739,2025-05-05 12:45:00
2025-05-05 12:50:00,-426.749,2025-05-05 12:50:00
2025-05-05 12:55:00,-1054.759,2025-05-05 12:55:00
2025-05-05 13:00:00,-1070.739,2025-05-05 13:00:00
2025-05-05 13:05:00,-934.709,2025-05-05 13:05:00
2025-05-05 13:10:00,-1050.759,2025-05-05 13:10:00
2025-05-05 13:15:00,-1074.739,2025-05-05 13:15:00
2025-05-05 13:20:00,-994.739,2025-05-05 13:20:00
2025-05-05 13:25:00,-946.759,2025-05-05 13:25:00
2025-05-05 13:30:00,-1046.739,2025-05-05 13:30:00
2025-05-05 13:35:00,-1166.739,2025-05-05 13:35:00
2025-05-05 13:40:00,-1050.719,2025-05-05 13:40:00
2025-05-05 13:45:00,-902.719,2025-05-05 13:45:00
2025-05-05 13:50:00,-878.729,2025-05-05 13:50:00
2025-05-05 13:55:00,-1066.739,2025-05-05 13:55:00
2025-05-05 14:00:00,-910.759,2025-05-05 14:00:00
2025-05-05 14:05:00,-914.739,2025-05-05 14:05:00
2025-05-05 14:10:00,-1010.739,2025-05-05 14:10:00
2025-05-05 14:15:00,-930.719,2025-05-05 14:15:00
2025-05-05 14:20:00,-958.759,2025-05-05 14:20:00
2025-05-05 14:25:00,-874.729,2025-05-05 14:25:00
2025-05-05 14:30:00,-978.709,2025-05-05 14:30:00
2025-05-05 14:35:00,-1006.739,2025-05-05 14:35:00
2025-05-05 14:40:00,-1050.709,2025-05-05 14:40:00
2025-05-05 14:45:00,-870.729,2025-05-05 14:45:00
2025-05-05 14:50:00,-986.729,2025-05-05 14:50:00
2025-05-05 14:55:00,-914.739,2025-05-05 14:55:00
2025-05-05 15:00:00,-722.729,2025-05-05 15:00:00
2025-05-05 15:05:00,-834.719,2025-05-05 15:05:00
2025-05-05 15:10:00,-798.729,2025-05-05 15:10:00
2025-05-05 15:15:00,-1038.749,2025-05-05 15:15:00
2025-05-05 15:20:00,-1002.729,2025-05-05 15:20:00
2025-05-05 15:25:00,-846.729,2025-05-05 15:25:00
2025-05-05 15:30:00,-850.749,2025-05-05 15:30:00
2025-05-05 15:35:00,-786.739,2025-05-05 15:35:00
2025-05-05 15:40:00,-846.719,2025-05-05 15:40:00
2025-05-05 15:45:00,-890.729,2025-05-05 15:45:00
2025-05-05 15:50:00,-810.739,2025-05-05 15:50:00
2025-05-05 15:55:00,-826.719,2025-05-05 15:55:00
2025-05-05 16:00:00,-846.729,2025-05-05 16:00:00
2025-05-05 16:05:00,-818.729,2025-05-05 16:05:00
2025-05-05 16:10:00,-1082.769,2025-05-05 16:10:00
2025-05-05 16:15:00,-870.719,2025-05-05 16:15:00
2025-05-05 16:20:00,-798.729,2025-05-05 16:20:00
2025-05-05 16:25:00,-1074.729,2025-05-05 16:25:00
2025-05-05 16:30:00,-874.729,2025-05-05 16:30:00
2025-05-05 16:35:00,-846.729,2025-05-05 16:35:00
2025-05-05 16:40:00,-914.729,2025-05-05 16:40:00
2025-05-05 16:45:00,-922.719,2025-05-05 16:45:00
2025-05-05 16:50:00,-990.739,2025-05-05 16:50:00
2025-05-05 16:55:00,-1010.749,2025-05-05 16:55:00
2025-05-05 17:00:00,-1038.729,2025-05-05 17:00:00
2025-05-05 17:05:00,-846.729,2025-05-05 17:05:00
2025-05-05 17:10:00,-870.729,2025-05-05 17:10:00
2025-05-05 17:15:00,-978.759,2025-05-05 17:15:00
2025-05-05 17:20:00,-1054.739,2025-05-05 17:20:00
2025-05-05 17:25:00,-1066.759,2025-05-05 17:25:00
2025-05-05 17:30:00,-710.729,2025-05-05 17:30:00
2025-05-05 17:35:00,-1018.759,2025-05-05 17:35:00
2025-05-05 17:40:00,-898.759,2025-05-05 17:40:00
2025-05-05 17:45:00,-718.679,2025-05-05 17:45:00
2025-05-05 17:50:00,-842.739,2025-05-05 17:50:00
2025-05-05 17:55:00,-1146.729,2025-05-05 17:55:00
2025-05-05 18:00:00,9000.0,2025-05-05 18:00:00
2025-05-05 18:05:00,9000.0,2025-05-05 18:05:00
2025-05-05 18:10:00,9000.0,2025-05-05 18:10:00
2025-05-05 18:15:00,9000.0,2025-05-05 18:15:00
2025-05-05 18:20:00,9000.0,2025-05-05 18:20:00
2025-05-05 18:25:00,8999.999,2025-05-05 18:25:00
2025-05-05 18:30:00,8999.999,2025-05-05 18:30:00
2025-05-05 18:35:00,7309.619,2025-05-05 18:35:00
2025-05-05 18:40:00,0.0,2025-05-05 18:40:00
2025-05-05 18:45:00,0.0,2025-05-05 18:45:00
2025-05-05 18:50:00,0.0,2025-05-05 18:50:00
2025-05-05 18:55:00,0.0,2025-05-05 18:55:00
2025-05-05 19:00:00,0.0,2025-05-05 19:00:00
2025-05-05 19:05:00,0.0,2025-05-05 19:05:00
2025-05-05 19:10:00,0.0,2025-05-05 19:10:00
2025-05-05 19:15:00,0.0,2025-05-05 19:15:00
2025-05-05 19:20:00,0.0,2025-05-05 19:20:00
2025-05-05 19:25:00,0.0,2025-05-05 19:25:00
2025-05-05 19:30:00,0.0,2025-05-05 19:30:00
2025-05-05 19:35:00,0.0,2025-05-05 19:35:00
2025-05-05 19:40:00,0.0,2025-05-05 19:40:00
2025-05-05 19:45:00,0.0,2025-05-05 19:45:00
2025-05-05 19:50:00,0.0,2025-05-05 19:50:00
2025-05-05 19:55:00,0.0,2025-05-05 19:55:00
2025-05-05 20:00:00,0.0,2025-05-05 20:00:00
2025-05-05 20:05:00,0.0,2025-05-05 20:05:00
2025-05-05 20:10:00,0.0,2025-05-05 20:10:00
2025-05-05 20:15:00,0.0,2025-05-05 20:15:00
2025-05-05 20:20:00,0.0,2025-05-05 20:20:00
2025-05-05 20:25:00,0.0,2025-05-05 20:25:00
2025-05-05 20:30:00,0.0,2025-05-05 20:30:00
2025-05-05 20:35:00,0.0,2025-05-05 20:35:00
2025-05-05 20:40:00,0.0,2025-05-05 20:40:00
2025-05-05 20:45:00,0.0,2025-05-05 20:45:00
2025-05-05 20:50:00,0.0,2025-05-05 20:50:00
2025-05-05 20:55:00,0.0,2025-05-05 20:55:00
2025-05-05 21:00:00,0.0,2025-05-05 21:00:00
2025-05-05 21:05:00,0.0,2025-05-05 21:05:00
2025-05-05 21:10:00,0.0,2025-05-05 21:10:00
2025-05-05 21:15:00,0.0,2025-05-05 21:15:00
2025-05-05 21:20:00,0.0,2025-05-05 21:20:00
2025-05-05 21:25:00,0.0,2025-05-05 21:25:00
2025-05-05 21:30:00,0.0,2025-05-05 21:30:00
2025-05-05 21:35:00,0.0,2025-05-05 21:35:00
2025-05-05 21:40:00,0.0,2025-05-05 21:40:00
2025-05-05 21:45:00,0.0,2025-05-05 21:45:00
2025-05-05 21:50:00,0.0,2025-05-05 21:50:00
2025-05-05 21:55:00,0.0,2025-05-05 21:55:00
2025-05-05 22:00:00,-1175.592,2025-05-05 22:00:00
2025-05-05 22:05:00,-1235.592,2025-05-05 22:05:00
2025-05-05 22:10:00,-1283.612,2025-05-05 22:10:00
2025-05-05 22:15:00,-1227.632,2025-05-05 22:15:00
2025-05-05 22:20:00,-931.622,2025-05-05 22:20:00
2025-05-05 22:25:00,-963.642,2025-05-05 22:25:00
2025-05-05 22:30:00,-1067.652,2025-05-05 22:30:00
2025-05-05 22:35:00,-899.612,2025-05-05 22:35:00
2025-05-05 22:40:00,-943.642,2025-05-05 22:40:00
2025-05-05 22:45:00,-963.632,2025-05-05 22:45:00
2025-05-05 22:50:00,-951.602,2025-05-05 22:50:00
2025-05-05 22:55:00,-1031.612,2025-05-05 22:55:00
2025-05-05 23:00:00,-839.622,2025-05-05 23:00:00
2025-05-05 23:05:00,-779.622,2025-05-05 23:05:00
2025-05-05 23:10:00,-799.652,2025-05-05 23:10:00
2025-05-05 23:15:00,-783.652,2025-05-05 23:15:00
2025-05-05 23:20:00,-1011.622,2025-05-05 23:20:00
2025-05-05 23:25:00,-863.612,2025-05-05 23:25:00
2025-05-05 23:30:00,-943.632,2025-05-05 23:30:00
2025-05-05 23:35:00,-851.602,2025-05-05 23:35:00
2025-05-05 23:40:00,-855.612,2025-05-05 23:40:00
2025-05-05 23:45:00,-815.622,2025-05-05 23:45:00
2025-05-05 23:50:00,-1143.602,2025-05-05 23:50:00
2025-05-05 23:55:00,-1011.592,2025-05-05 23:55:00
2025-05-06 00:00:00,-851.572,2025-05-06 00:00:00
2025-05-06 00:05:00,-783.622,2025-05-06 00:05:00
2025-05-06 00:10:00,-963.622,2025-05-06 00:10:00
2025-05-06 00:15:00,-1155.642,2025-05-06 00:15:00
2025-05-06 00:20:00,-1347.612,2025-05-06 00:20:00
2025-05-06 00:25:00,-983.642,2025-05-06 00:25:00
2025-05-06 00:30:00,-1051.632,2025-05-06 00:30:00
2025-05-06 00:35:00,-1083.642,2025-05-06 00:35:00
2025-05-06 00:40:00,-1143.632,2025-05-06 00:40:00
2025-05-06 00:45:00,-1227.632,2025-05-06 00:45:00
2025-05-06 00:50:00,-1187.612,2025-05-06 00:50:00
2025-05-06 00:55:00,-1043.602,2025-05-06 00:55:00
2025-05-06 01:00:00,-1127.652,2025-05-06 01:00:00
2025-05-06 01:05:00,-1303.612,2025-05-06 01:05:00
2025-05-06 01:10:00,-1239.602,2025-05-06 01:10:00
2025-05-06 01:15:00,-1199.632,2025-05-06 01:15:00
2025-05-06 01:20:00,-1191.642,2025-05-06 01:20:00
2025-05-06 01:25:00,-1191.622,2025-05-06 01:25:00
2025-05-06 01:30:00,-1087.622,2025-05-06 01:30:00
2025-05-06 01:35:00,-991.602,2025-05-06 01:35:00
2025-05-06 01:40:00,-891.642,2025-05-06 01:40:00
2025-05-06 01:45:00,-911.582,2025-05-06 01:45:00
2025-05-06 01:50:00,-1031.622,2025-05-06 01:50:00
2025-05-06 01:55:00,-951.652,2025-05-06 01:55:00
2025-05-06 02:00:00,-999.632,2025-05-06 02:00:00
2025-05-06 02:05:00,-855.602,2025-05-06 02:05:00
2025-05-06 02:10:00,-1015.592,2025-05-06 02:10:00
2025-05-06 02:15:00,-947.622,2025-05-06 02:15:00
2025-05-06 02:20:00,-947.592,2025-05-06 02:20:00
2025-05-06 02:25:00,-971.622,2025-05-06 02:25:00
2025-05-06 02:30:00,-923.632,2025-05-06 02:30:00
2025-05-06 02:35:00,-907.632,2025-05-06 02:35:00
2025-05-06 02:40:00,-999.602,2025-05-06 02:40:00
2025-05-06 02:45:00,-963.642,2025-05-06 02:45:00
2025-05-06 02:50:00,-915.622,2025-05-06 02:50:00
2025-05-06 02:55:00,-1099.642,2025-05-06 02:55:00
2025-05-06 03:00:00,-839.602,2025-05-06 03:00:00
2025-05-06 03:05:00,-927.592,2025-05-06 03:05:00
2025-05-06 03:10:00,-891.602,2025-05-06 03:10:00
2025-05-06 03:15:00,-999.612,2025-05-06 03:15:00
2025-05-06 03:20:00,-963.622,2025-05-06 03:20:00
2025-05-06 03:25:00,-995.632,2025-05-06 03:25:00
2025-05-06 03:30:00,-1171.642,2025-05-06 03:30:00
2025-05-06 03:35:00,-1215.542,2025-05-06 03:35:00
2025-05-06 03:40:00,-1055.642,2025-05-06 03:40:00
2025-05-06 03:45:00,-999.612,2025-05-06 03:45:00
2025-05-06 03:50:00,-1167.632,2025-05-06 03:50:00
2025-05-06 03:55:00,-1139.622,2025-05-06 03:55:00
2025-05-06 04:00:00,-1119.632,2025-05-06 04:00:00
2025-05-06 04:05:00,-899.632,2025-05-06 04:05:00
2025-05-06 04:10:00,-1079.642,2025-05-06 04:10:00
2025-05-06 04:15:00,-1119.592,2025-05-06 04:15:00
2025-05-06 04:20:00,-899.592,2025-05-06 04:20:00
2025-05-06 04:25:00,-1271.622,2025-05-06 04:25:00
2025-05-06 04:30:00,-963.622,2025-05-06 04:30:00
2025-05-06 04:35:00,-1123.622,2025-05-06 04:35:00
2025-05-06 04:40:00,-967.632,2025-05-06 04:40:00
2025-05-06 04:45:00,-1455.632,2025-05-06 04:45:00
2025-05-06 04:50:00,-1035.632,2025-05-06 04:50:00
2025-05-06 04:55:00,-971.622,2025-05-06 04:55:00
2025-05-06 05:00:00,-1055.612,2025-05-06 05:00:00
2025-05-06 05:05:00,-967.612,2025-05-06 05:05:00
2025-05-06 05:10:00,-863.602,2025-05-06 05:10:00
2025-05-06 05:15:00,-991.622,2025-05-06 05:15:00
2025-05-06 05:20:00,-1175.572,2025-05-06 05:20:00
2025-05-06 05:25:00,-1011.612,2025-05-06 05:25:00
2025-05-06 05:30:00,-1003.612,2025-05-06 05:30:00
2025-05-06 05:35:00,-903.612,2025-05-06 05:35:00
2025-05-06 05:40:00,-927.572,2025-05-06 05:40:00
2025-05-06 05:45:00,-1031.652,2025-05-06 05:45:00
2025-05-06 05:50:00,-1131.622,2025-05-06 05:50:00
2025-05-06 05:55:00,-1015.612,2025-05-06 05:55:00
2025-05-06 06:00:00,-911.582,2025-05-06 06:00:00
2025-05-06 06:05:00,-1091.632,2025-05-06 06:05:00
2025-05-06 06:10:00,-1023.622,2025-05-06 06:10:00
2025-05-06 06:15:00,-1007.652,2025-05-06 06:15:00
2025-05-06 06:20:00,-1107.622,2025-05-06 06:20:00
2025-05-06 06:25:00,-995.622,2025-05-06 06:25:00
2025-05-06 06:30:00,-1023.632,2025-05-06 06:30:00
2025-05-06 06:35:00,-991.592,2025-05-06 06:35:00
2025-05-06 06:40:00,-1011.642,2025-05-06 06:40:00
2025-05-06 06:45:00,-979.602,2025-05-06 06:45:00
2025-05-06 06:50:00,-1007.642,2025-05-06 06:50:00
2025-05-06 06:55:00,-1059.622,2025-05-06 06:55:00
2025-05-06 07:00:00,-1195.592,2025-05-06 07:00:00
2025-05-06 07:05:00,-1215.602,2025-05-06 07:05:00
2025-05-06 07:10:00,-1055.632,2025-05-06 07:10:00
2025-05-06 07:15:00,-1175.622,2025-05-06 07:15:00
2025-05-06 07:20:00,-1175.582,2025-05-06 07:20:00
2025-05-06 07:25:00,-1235.622,2025-05-06 07:25:00
2025-05-06 07:30:00,-1131.622,2025-05-06 07:30:00
2025-05-06 07:35:00,-1287.652,2025-05-06 07:35:00
2025-05-06 07:40:00,-1307.652,2025-05-06 07:40:00
2025-05-06 07:45:00,-1231.602,2025-05-06 07:45:00
2025-05-06 07:50:00,-1059.652,2025-05-06 07:50:00
2025-05-06 07:55:00,-1211.612,2025-05-06 07:55:00
2025-05-06 08:00:00,9000.0,2025-05-06 08:00:00
2025-05-06 08:05:00,9000.0,2025-05-06 08:05:00
2025-05-06 08:10:00,9000.0,2025-05-06 08:10:00
2025-05-06 08:15:00,9000.0,2025-05-06 08:15:00
2025-05-06 08:20:00,9000.0,2025-05-06 08:20:00
2025-05-06 08:25:00,9000.0,2025-05-06 08:25:00
2025-05-06 08:30:00,9000.0,2025-05-06 08:30:00
2025-05-06 08:35:00,9000.0,2025-05-06 08:35:00
2025-05-06 08:40:00,9000.0,2025-05-06 08:40:00
2025-05-06 08:45:00,9000.0,2025-05-06 08:45:00
2025-05-06 08:50:00,9000.0,2025-05-06 08:50:00
2025-05-06 08:55:00,8999.993,2025-05-06 08:55:00
2025-05-06 09:00:00,1000.293,2025-05-06 09:00:00
2025-05-06 09:05:00,0.0,2025-05-06 09:05:00
2025-05-06 09:10:00,0.0,2025-05-06 09:10:00
2025-05-06 09:15:00,0.0,2025-05-06 09:15:00
2025-05-06 09:20:00,0.0,2025-05-06 09:20:00
2025-05-06 09:25:00,0.0,2025-05-06 09:25:00
2025-05-06 09:30:00,0.0,2025-05-06 09:30:00
2025-05-06 09:35:00,0.0,2025-05-06 09:35:00
2025-05-06 09:40:00,0.0,2025-05-06 09:40:00
2025-05-06 09:45:00,0.0,2025-05-06 09:45:00
2025-05-06 09:50:00,0.0,2025-05-06 09:50:00
2025-05-06 09:55:00,0.0,2025-05-06 09:55:00
2025-05-06 10:00:00,0.0,2025-05-06 10:00:00
2025-05-06 10:05:00,0.0,2025-05-06 10:05:00
2025-05-06 10:10:00,0.0,2025-05-06 10:10:00
2025-05-06 10:15:00,0.0,2025-05-06 10:15:00
2025-05-06 10:20:00,0.0,2025-05-06 10:20:00
2025-05-06 10:25:00,0.0,2025-05-06 10:25:00
2025-05-06 10:30:00,0.0,2025-05-06 10:30:00
2025-05-06 10:35:00,0.0,2025-05-06 10:35:00
2025-05-06 10:40:00,0.0,2025-05-06 10:40:00
2025-05-06 10:45:00,0.0,2025-05-06 10:45:00
2025-05-06 10:50:00,0.0,2025-05-06 10:50:00
2025-05-06 10:55:00,0.0,2025-05-06 10:55:00
2025-05-06 11:00:00,-987.652,2025-05-06 11:00:00
2025-05-06 11:05:00,-1159.622,2025-05-06 11:05:00
2025-05-06 11:10:00,-1059.632,2025-05-06 11:10:00
2025-05-06 11:15:00,-1171.602,2025-05-06 11:15:00
2025-05-06 11:20:00,-1155.612,2025-05-06 11:20:00
2025-05-06 11:25:00,-1111.632,2025-05-06 11:25:00
2025-05-06 11:30:00,-1151.572,2025-05-06 11:30:00
2025-05-06 11:35:00,-1039.602,2025-05-06 11:35:00
2025-05-06 11:40:00,-867.612,2025-05-06 11:40:00
2025-05-06 11:45:00,-815.602,2025-05-06 11:45:00
2025-05-06 11:50:00,-815.602,2025-05-06 11:50:00
2025-05-06 11:55:00,-723.602,2025-05-06 11:55:00
2025-05-06 12:00:00,-743.602,2025-05-06 12:00:00
2025-05-06 12:05:00,-1099.612,2025-05-06 12:05:00
2025-05-06 12:10:00,-1047.602,2025-05-06 12:10:00
2025-05-06 12:15:00,-1095.612,2025-05-06 12:15:00
2025-05-06 12:20:00,-887.632,2025-05-06 12:20:00
2025-05-06 12:25:00,-1335.622,2025-05-06 12:25:00
2025-05-06 12:30:00,-775.642,2025-05-06 12:30:00
2025-05-06 12:35:00,-863.602,2025-05-06 12:35:00
2025-05-06 12:40:00,-815.602,2025-05-06 12:40:00
2025-05-06 12:45:00,-795.642,2025-05-06 12:45:00
2025-05-06 12:50:00,-823.622,2025-05-06 12:50:00
2025-05-06 12:55:00,-919.632,2025-05-06 12:55:00
2025-05-06 13:00:00,-755.592,2025-05-06 13:00:00
2025-05-06 13:05:00,-1007.592,2025-05-06 13:05:00
2025-05-06 13:10:00,-807.652,2025-05-06 13:10:00
2025-05-06 13:15:00,-1059.622,2025-05-06 13:15:00
2025-05-06 13:20:00,-983.672,2025-05-06 13:20:00
2025-05-06 13:25:00,-883.632,2025-05-06 13:25:00
2025-05-06 13:30:00,-1175.612,2025-05-06 13:30:00
2025-05-06 13:35:00,-1203.592,2025-05-06 13:35:00
2025-05-06 13:40:00,-1303.632,2025-05-06 13:40:00
2025-05-06 13:45:00,-1215.612,2025-05-06 13:45:00
2025-05-06 13:50:00,-1251.642,2025-05-06 13:50:00
2025-05-06 13:55:00,-1255.612,2025-05-06 13:55:00
2025-05-06 14:00:00,-1211.632,2025-05-06 14:00:00
2025-05-06 14:05:00,-931.612,2025-05-06 14:05:00
2025-05-06 14:10:00,-1007.652,2025-05-06 14:10:00
2025-05-06 14:15:00,-995.632,2025-05-06 14:15:00
2025-05-06 14:20:00,-1011.642,2025-05-06 14:20:00
2025-05-06 14:25:00,-1271.592,2025-05-06 14:25:00
2025-05-06 14:30:00,-1059.602,2025-05-06 14:30:00
2025-05-06 14:35:00,-1011.572,2025-05-06 14:35:00
2025-05-06 14:40:00,-1043.662,2025-05-06 14:40:00
2025-05-06 14:45:00,-1067.612,2025-05-06 14:45:00
2025-05-06 14:50:00,-1083.652,2025-05-06 14:50:00
2025-05-06 14:55:00,-1231.652,2025-05-06 14:55:00
2025-05-06 15:00:00,-1263.642,2025-05-06 15:00:00
2025-05-06 15:05:00,-1247.622,2025-05-06 15:05:00
2025-05-06 15:10:00,-1151.652,2025-05-06 15:10:00
2025-05-06 15:15:00,-1123.622,2025-05-06 15:15:00
2025-05-06 15:20:00,-1191.632,2025-05-06 15:20:00
2025-05-06 15:25:00,-1127.612,2025-05-06 15:25:00
2025-05-06 15:30:00,-1131.672,2025-05-06 15:30:00
2025-05-06 15:35:00,-983.622,2025-05-06 15:35:00
2025-05-06 15:40:00,-987.612,2025-05-06 15:40:00
2025-05-06 15:45:00,-1007.622,2025-05-06 15:45:00
2025-05-06 15:50:00,-1047.642,2025-05-06 15:50:00
2025-05-06 15:55:00,-1103.602,2025-05-06 15:55:00
2025-05-06 16:00:00,-1019.652,2025-05-06 16:00:00
2025-05-06 16:05:00,-1127.652,2025-05-06 16:05:00
2025-05-06 16:10:00,-1179.622,2025-05-06 16:10:00
2025-05-06 16:15:00,-1047.602,2025-05-06 16:15:00
2025-05-06 16:20:00,-1103.642,2025-05-06 16:20:00
2025-05-06 16:25:00,-1151.632,2025-05-06 16:25:00
2025-05-06 16:30:00,-1207.612,2025-05-06 16:30:00
2025-05-06 16:35:00,-1323.572,2025-05-06 16:35:00
2025-05-06 16:40:00,-1299.652,2025-05-06 16:40:00
2025-05-06 16:45:00,-1579.672,2025-05-06 16:45:00
2025-05-06 16:50:00,-1595.632,2025-05-06 16:50:00
2025-05-06 16:55:00,-1571.632,2025-05-06 16:55:00
2025-05-06 17:00:00,-1623.592,2025-05-06 17:00:00
2025-05-06 17:05:00,-1459.592,2025-05-06 17:05:00
2025-05-06 17:10:00,-1291.632,2025-05-06 17:10:00
2025-05-06 17:15:00,-1279.632,2025-05-06 17:15:00
2025-05-06 17:20:00,-1251.612,2025-05-06 17:20:00
2025-05-06 17:25:00,-1239.592,2025-05-06 17:25:00
2025-05-06 17:30:00,-1335.612,2025-05-06 17:30:00
2025-05-06 17:35:00,-1343.612,2025-05-06 17:35:00
2025-05-06 17:40:00,-1371.632,2025-05-06 17:40:00
2025-05-06 17:45:00,-1343.612,2025-05-06 17:45:00
2025-05-06 17:50:00,-1251.612,2025-05-06 17:50:00
2025-05-06 17:55:00,-1339.652,2025-05-06 17:55:00
2025-05-06 18:00:00,9000.0,2025-05-06 18:00:00
2025-05-06 18:05:00,9000.0,2025-05-06 18:05:00
2025-05-06 18:10:00,9000.0,2025-05-06 18:10:00
2025-05-06 18:15:00,9000.0,2025-05-06 18:15:00
2025-05-06 18:20:00,9000.0,2025-05-06 18:20:00
2025-05-06 18:25:00,9000.0,2025-05-06 18:25:00
2025-05-06 18:30:00,9000.0,2025-05-06 18:30:00
2025-05-06 18:35:00,9000.0,2025-05-06 18:35:00
2025-05-06 18:40:00,8999.985,2025-05-06 18:40:00
2025-05-06 18:45:00,981.42,2025-05-06 18:45:00
2025-05-06 18:50:00,0.0,2025-05-06 18:50:00
2025-05-06 18:55:00,0.0,2025-05-06 18:55:00
2025-05-06 19:00:00,0.0,2025-05-06 19:00:00
2025-05-06 19:05:00,0.0,2025-05-06 19:05:00
2025-05-06 19:10:00,0.0,2025-05-06 19:10:00
2025-05-06 19:15:00,0.0,2025-05-06 19:15:00
2025-05-06 19:20:00,0.0,2025-05-06 19:20:00
2025-05-06 19:25:00,0.0,2025-05-06 19:25:00
2025-05-06 19:30:00,0.0,2025-05-06 19:30:00
2025-05-06 19:35:00,0.0,2025-05-06 19:35:00
2025-05-06 19:40:00,0.0,2025-05-06 19:40:00
2025-05-06 19:45:00,0.0,2025-05-06 19:45:00
2025-05-06 19:50:00,0.0,2025-05-06 19:50:00
2025-05-06 19:55:00,0.0,2025-05-06 19:55:00
2025-05-06 20:00:00,0.0,2025-05-06 20:00:00
2025-05-06 20:05:00,0.0,2025-05-06 20:05:00
2025-05-06 20:10:00,0.0,2025-05-06 20:10:00
2025-05-06 20:15:00,0.0,2025-05-06 20:15:00
2025-05-06 20:20:00,0.0,2025-05-06 20:20:00
2025-05-06 20:25:00,0.0,2025-05-06 20:25:00
2025-05-06 20:30:00,0.0,2025-05-06 20:30:00
2025-05-06 20:35:00,0.0,2025-05-06 20:35:00
2025-05-06 20:40:00,0.0,2025-05-06 20:40:00
2025-05-06 20:45:00,0.0,2025-05-06 20:45:00
2025-05-06 20:50:00,0.0,2025-05-06 20:50:00
2025-05-06 20:55:00,0.0,2025-05-06 20:55:00
2025-05-06 21:00:00,0.0,2025-05-06 21:00:00
2025-05-06 21:05:00,0.0,2025-05-06 21:05:00
2025-05-06 21:10:00,0.0,2025-05-06 21:10:00
2025-05-06 21:15:00,0.0,2025-05-06 21:15:00
2025-05-06 21:20:00,0.0,2025-05-06 21:20:00
2025-05-06 21:25:00,0.0,2025-05-06 21:25:00
2025-05-06 21:30:00,0.0,2025-05-06 21:30:00
2025-05-06 21:35:00,0.0,2025-05-06 21:35:00
2025-05-06 21:40:00,0.0,2025-05-06 21:40:00
2025-05-06 21:45:00,0.0,2025-05-06 21:45:00
2025-05-06 21:50:00,0.0,2025-05-06 21:50:00
2025-05-06 21:55:00,0.0,2025-05-06 21:55:00
2025-05-06 22:00:00,-1135.617,2025-05-06 22:00:00
2025-05-06 22:05:00,-1095.637,2025-05-06 22:05:00
2025-05-06 22:10:00,-1187.657,2025-05-06 22:10:00
2025-05-06 22:15:00,-1027.627,2025-05-06 22:15:00
2025-05-06 22:20:00,-1043.687,2025-05-06 22:20:00
2025-05-06 22:25:00,-1059.677,2025-05-06 22:25:00
2025-05-06 22:30:00,-1119.637,2025-05-06 22:30:00
2025-05-06 22:35:00,-1139.667,2025-05-06 22:35:00
2025-05-06 22:40:00,-1047.637,2025-05-06 22:40:00
2025-05-06 22:45:00,-1063.667,2025-05-06 22:45:00
2025-05-06 22:50:00,-1023.657,2025-05-06 22:50:00
2025-05-06 22:55:00,-1151.677,2025-05-06 22:55:00
2025-05-06 23:00:00,-1123.637,2025-05-06 23:00:00
2025-05-06 23:05:00,-1095.637,2025-05-06 23:05:00
2025-05-06 23:10:00,-1123.647,2025-05-06 23:10:00
2025-05-06 23:15:00,-1139.677,2025-05-06 23:15:00
2025-05-06 23:20:00,-1079.637,2025-05-06 23:20:00
2025-05-06 23:25:00,-1107.647,2025-05-06 23:25:00
2025-05-06 23:30:00,-1051.617,2025-05-06 23:30:00
2025-05-06 23:35:00,-1007.627,2025-05-06 23:35:00
2025-05-06 23:40:00,-1083.647,2025-05-06 23:40:00
2025-05-06 23:45:00,-959.667,2025-05-06 23:45:00
2025-05-06 23:50:00,-1055.647,2025-05-06 23:50:00
2025-05-06 23:55:00,-1063.647,2025-05-06 23:55:00
2025-05-07 00:00:00,-1043.647,2025-05-07 00:00:00
2025-05-07 00:05:00,-959.657,2025-05-07 00:05:00
2025-05-07 00:10:00,-1031.637,2025-05-07 00:10:00
2025-05-07 00:15:00,-983.607,2025-05-07 00:15:00
2025-05-07 00:20:00,-1003.617,2025-05-07 00:20:00
2025-05-07 00:25:00,-1259.637,2025-05-07 00:25:00
2025-05-07 00:30:00,-1291.677,2025-05-07 00:30:00
2025-05-07 00:35:00,-1287.657,2025-05-07 00:35:00
2025-05-07 00:40:00,-867.617,2025-05-07 00:40:00
2025-05-07 00:45:00,-1047.667,2025-05-07 00:45:00
2025-05-07 00:50:00,-971.657,2025-05-07 00:50:00
2025-05-07 00:55:00,-1027.627,2025-05-07 00:55:00
2025-05-07 01:00:00,-1055.657,2025-05-07 01:00:00
2025-05-07 01:05:00,-1007.637,2025-05-07 01:05:00
2025-05-07 01:10:00,-1079.647,2025-05-07 01:10:00
2025-05-07 01:15:00,-1151.637,2025-05-07 01:15:00
2025-05-07 01:20:00,-1323.647,2025-05-07 01:20:00
2025-05-07 01:25:00,-1111.617,2025-05-07 01:25:00
2025-05-07 01:30:00,-1131.637,2025-05-07 01:30:00
2025-05-07 01:35:00,-1319.667,2025-05-07 01:35:00
2025-05-07 01:40:00,-1435.657,2025-05-07 01:40:00
2025-05-07 01:45:00,-1363.637,2025-05-07 01:45:00
2025-05-07 01:50:00,-1659.667,2025-05-07 01:50:00
2025-05-07 01:55:00,-1479.657,2025-05-07 01:55:00
2025-05-07 02:00:00,-1499.667,2025-05-07 02:00:00
2025-05-07 02:05:00,-1535.587,2025-05-07 02:05:00
2025-05-07 02:10:00,-1583.647,2025-05-07 02:10:00
2025-05-07 02:15:00,-1383.657,2025-05-07 02:15:00
2025-05-07 02:20:00,-1423.647,2025-05-07 02:20:00
2025-05-07 02:25:00,-1411.627,2025-05-07 02:25:00
2025-05-07 02:30:00,-1399.637,2025-05-07 02:30:00
2025-05-07 02:35:00,-1283.647,2025-05-07 02:35:00
2025-05-07 02:40:00,-1311.657,2025-05-07 02:40:00
2025-05-07 02:45:00,-1227.597,2025-05-07 02:45:00
2025-05-07 02:50:00,-1063.657,2025-05-07 02:50:00
2025-05-07 02:55:00,-1027.637,2025-05-07 02:55:00
2025-05-07 03:00:00,-1179.647,2025-05-07 03:00:00
2025-05-07 03:05:00,-1159.617,2025-05-07 03:05:00
2025-05-07 03:10:00,-963.657,2025-05-07 03:10:00
2025-05-07 03:15:00,-1019.637,2025-05-07 03:15:00
2025-05-07 03:20:00,-1159.667,2025-05-07 03:20:00
2025-05-07 03:25:00,-1055.647,2025-05-07 03:25:00
2025-05-07 03:30:00,-991.607,2025-05-07 03:30:00
2025-05-07 03:35:00,-1063.647,2025-05-07 03:35:00
2025-05-07 03:40:00,-991.607,2025-05-07 03:40:00
2025-05-07 03:45:00,-1083.647,2025-05-07 03:45:00
2025-05-07 03:50:00,-1059.667,2025-05-07 03:50:00
2025-05-07 03:55:00,-975.657,2025-05-07 03:55:00
2025-05-07 04:00:00,-1115.667,2025-05-07 04:00:00
2025-05-07 04:05:00,-1067.637,2025-05-07 04:05:00
2025-05-07 04:10:00,-1111.647,2025-05-07 04:10:00
2025-05-07 04:15:00,-1031.637,2025-05-07 04:15:00
2025-05-07 04:20:00,-1023.637,2025-05-07 04:20:00
2025-05-07 04:25:00,-963.657,2025-05-07 04:25:00
2025-05-07 04:30:00,-1103.647,2025-05-07 04:30:00
2025-05-07 04:35:00,-1167.627,2025-05-07 04:35:00
2025-05-07 04:40:00,-1215.637,2025-05-07 04:40:00
2025-05-07 04:45:00,-1015.647,2025-05-07 04:45:00
2025-05-07 04:50:00,-1275.647,2025-05-07 04:50:00
2025-05-07 04:55:00,-1159.657,2025-05-07 04:55:00
2025-05-07 05:00:00,-1127.647,2025-05-07 05:00:00
2025-05-07 05:05:00,-1315.637,2025-05-07 05:05:00
2025-05-07 05:10:00,-1083.647,2025-05-07 05:10:00
2025-05-07 05:15:00,-1207.647,2025-05-07 05:15:00
2025-05-07 05:20:00,-1083.627,2025-05-07 05:20:00
2025-05-07 05:25:00,-1343.617,2025-05-07 05:25:00
2025-05-07 05:30:00,-1111.617,2025-05-07 05:30:00
2025-05-07 05:35:00,-1363.657,2025-05-07 05:35:00
2025-05-07 05:40:00,-1451.637,2025-05-07 05:40:00
2025-05-07 05:45:00,-1051.647,2025-05-07 05:45:00
2025-05-07 05:50:00,-995.637,2025-05-07 05:50:00
2025-05-07 05:55:00,-1119.627,2025-05-07 05:55:00
2025-05-07 06:00:00,-1079.637,2025-05-07 06:00:00
2025-05-07 06:05:00,-1063.587,2025-05-07 06:05:00
2025-05-07 06:10:00,-1091.607,2025-05-07 06:10:00
2025-05-07 06:15:00,-1087.587,2025-05-07 06:15:00
2025-05-07 06:20:00,-1043.607,2025-05-07 06:20:00
2025-05-07 06:25:00,-1127.637,2025-05-07 06:25:00
2025-05-07 06:30:00,-1055.547,2025-05-07 06:30:00
2025-05-07 06:35:00,-1111.567,2025-05-07 06:35:00
2025-05-07 06:40:00,-1083.577,2025-05-07 06:40:00
2025-05-07 06:45:00,-1239.617,2025-05-07 06:45:00
2025-05-07 06:50:00,-1011.577,2025-05-07 06:50:00
2025-05-07 06:55:00,-1199.597,2025-05-07 06:55:00
2025-05-07 07:00:00,-1003.617,2025-05-07 07:00:00
2025-05-07 07:05:00,-1043.607,2025-05-07 07:05:00
2025-05-07 07:10:00,-1007.617,2025-05-07 07:10:00
2025-05-07 07:15:00,-1035.637,2025-05-07 07:15:00
2025-05-07 07:20:00,-1323.607,2025-05-07 07:20:00
2025-05-07 07:25:00,-1115.597,2025-05-07 07:25:00
2025-05-07 07:30:00,-1063.607,2025-05-07 07:30:00
2025-05-07 07:35:00,-1091.627,2025-05-07 07:35:00
2025-05-07 07:40:00,-1115.627,2025-05-07 07:40:00
2025-05-07 07:45:00,-1151.627,2025-05-07 07:45:00
2025-05-07 07:50:00,-1251.637,2025-05-07 07:50:00
2025-05-07 07:55:00,-1223.657,2025-05-07 07:55:00
2025-05-07 08:00:00,9000.0,2025-05-07 08:00:00
2025-05-07 08:05:00,9000.0,2025-05-07 08:05:00
2025-05-07 08:10:00,9000.0,2025-05-07 08:10:00
2025-05-07 08:15:00,9000.0,2025-05-07 08:15:00
2025-05-07 08:20:00,9000.0,2025-05-07 08:20:00
2025-05-07 08:25:00,9000.0,2025-05-07 08:25:00
2025-05-07 08:30:00,9000.0,2025-05-07 08:30:00
2025-05-07 08:35:00,9000.0,2025-05-07 08:35:00
2025-05-07 08:40:00,9000.0,2025-05-07 08:40:00
2025-05-07 08:45:00,9000.0,2025-05-07 08:45:00
2025-05-07 08:50:00,9000.0,2025-05-07 08:50:00
2025-05-07 08:55:00,9000.0,2025-05-07 08:55:00
2025-05-07 09:00:00,9000.0,2025-05-07 09:00:00
2025-05-07 09:05:00,2623.023,2025-05-07 09:05:00
2025-05-07 09:10:00,0.0,2025-05-07 09:10:00
2025-05-07 09:15:00,0.0,2025-05-07 09:15:00
2025-05-07 09:20:00,0.0,2025-05-07 09:20:00
2025-05-07 09:25:00,0.0,2025-05-07 09:25:00
2025-05-07 09:30:00,0.0,2025-05-07 09:30:00
2025-05-07 09:35:00,0.0,2025-05-07 09:35:00
2025-05-07 09:40:00,0.0,2025-05-07 09:40:00
2025-05-07 09:45:00,0.0,2025-05-07 09:45:00
2025-05-07 09:50:00,0.0,2025-05-07 09:50:00
2025-05-07 09:55:00,0.0,2025-05-07 09:55:00
2025-05-07 10:00:00,0.0,2025-05-07 10:00:00
2025-05-07 10:05:00,0.0,2025-05-07 10:05:00
2025-05-07 10:10:00,0.0,2025-05-07 10:10:00
2025-05-07 10:15:00,0.0,2025-05-07 10:15:00
2025-05-07 10:20:00,0.0,2025-05-07 10:20:00
2025-05-07 10:25:00,0.0,2025-05-07 10:25:00
2025-05-07 10:30:00,0.0,2025-05-07 10:30:00
2025-05-07 10:35:00,0.0,2025-05-07 10:35:00
2025-05-07 10:40:00,0.0,2025-05-07 10:40:00
2025-05-07 10:45:00,0.0,2025-05-07 10:45:00
2025-05-07 10:50:00,0.0,2025-05-07 10:50:00
2025-05-07 10:55:00,0.0,2025-05-07 10:55:00
2025-05-07 11:00:00,-1203.677,2025-05-07 11:00:00
2025-05-07 11:05:00,-1119.657,2025-05-07 11:05:00
2025-05-07 11:10:00,-1263.617,2025-05-07 11:10:00
2025-05-07 11:15:00,-1123.657,2025-05-07 11:15:00
2025-05-07 11:20:00,-1115.657,2025-05-07 11:20:00
2025-05-07 11:25:00,-1139.627,2025-05-07 11:25:00
2025-05-07 11:30:00,-1075.637,2025-05-07 11:30:00
2025-05-07 11:35:00,-1107.627,2025-05-07 11:35:00
2025-05-07 11:40:00,-1075.587,2025-05-07 11:40:00
2025-05-07 11:45:00,-1063.637,2025-05-07 11:45:00
2025-05-07 11:50:00,-1031.637,2025-05-07 11:50:00
2025-05-07 11:55:00,-971.637,2025-05-07 11:55:00
2025-05-07 12:00:00,-1255.627,2025-05-07 12:00:00
2025-05-07 12:05:00,-1347.607,2025-05-07 12:05:00
2025-05-07 12:10:00,-1227.657,2025-05-07 12:10:00
2025-05-07 12:15:00,-1275.627,2025-05-07 12:15:00
2025-05-07 12:20:00,-1271.627,2025-05-07 12:20:00
2025-05-07 12:25:00,-1179.657,2025-05-07 12:25:00
2025-05-07 12:30:00,-1183.657,2025-05-07 12:30:00
2025-05-07 12:35:00,-1323.647,2025-05-07 12:35:00
2025-05-07 12:40:00,-1279.647,2025-05-07 12:40:00
2025-05-07 12:45:00,-1299.617,2025-05-07 12:45:00
2025-05-07 12:50:00,-1199.637,2025-05-07 12:50:00
2025-05-07 12:55:00,-1283.657,2025-05-07 12:55:00
2025-05-07 13:00:00,-1367.617,2025-05-07 13:00:00
2025-05-07 13:05:00,-1283.667,2025-05-07 13:05:00
2025-05-07 13:10:00,-1427.647,2025-05-07 13:10:00
2025-05-07 13:15:00,-967.607,2025-05-07 13:15:00
2025-05-07 13:20:00,-1055.627,2025-05-07 13:20:00
2025-05-07 13:25:00,-1263.647,2025-05-07 13:25:00
2025-05-07 13:30:00,-1363.637,2025-05-07 13:30:00
2025-05-07 13:35:00,-1299.627,2025-05-07 13:35:00
2025-05-07 13:40:00,-1375.627,2025-05-07 13:40:00
2025-05-07 13:45:00,-1331.587,2025-05-07 13:45:00
2025-05-07 13:50:00,-1147.637,2025-05-07 13:50:00
2025-05-07 13:55:00,-927.647,2025-05-07 13:55:00
2025-05-07 14:00:00,-1275.637,2025-05-07 14:00:00
2025-05-07 14:05:00,-1271.627,2025-05-07 14:05:00
2025-05-07 14:10:00,-1279.607,2025-05-07 14:10:00
2025-05-07 14:15:00,-1343.627,2025-05-07 14:15:00
2025-05-07 14:20:00,-1315.607,2025-05-07 14:20:00
2025-05-07 14:25:00,-1019.647,2025-05-07 14:25:00
2025-05-07 14:30:00,-1027.657,2025-05-07 14:30:00
2025-05-07 14:35:00,-1155.667,2025-05-07 14:35:00
2025-05-07 14:40:00,-1019.657,2025-05-07 14:40:00
2025-05-07 14:45:00,-1099.627,2025-05-07 14:45:00
2025-05-07 14:50:00,-1023.647,2025-05-07 14:50:00
2025-05-07 14:55:00,-1099.627,2025-05-07 14:55:00
2025-05-07 15:00:00,-1019.647,2025-05-07 15:00:00
2025-05-07 15:05:00,-955.677,2025-05-07 15:05:00
2025-05-07 15:10:00,-1011.637,2025-05-07 15:10:00
2025-05-07 15:15:00,-879.647,2025-05-07 15:15:00
2025-05-07 15:20:00,-911.607,2025-05-07 15:20:00
2025-05-07 15:25:00,-1039.627,2025-05-07 15:25:00
2025-05-07 15:30:00,-1055.657,2025-05-07 15:30:00
2025-05-07 15:35:00,-995.637,2025-05-07 15:35:00
2025-05-07 15:40:00,-1015.647,2025-05-07 15:40:00
2025-05-07 15:45:00,-927.627,2025-05-07 15:45:00
2025-05-07 15:50:00,-1063.647,2025-05-07 15:50:00
2025-05-07 15:55:00,-987.677,2025-05-07 15:55:00
2025-05-07 16:00:00,-1003.647,2025-05-07 16:00:00
2025-05-07 16:05:00,-959.637,2025-05-07 16:05:00
2025-05-07 16:10:00,-919.587,2025-05-07 16:10:00
2025-05-07 16:15:00,-915.637,2025-05-07 16:15:00
2025-05-07 16:20:00,-995.647,2025-05-07 16:20:00
2025-05-07 16:25:00,-1015.657,2025-05-07 16:25:00
2025-05-07 16:30:00,-1055.607,2025-05-07 16:30:00
2025-05-07 16:35:00,-1083.637,2025-05-07 16:35:00
2025-05-07 16:40:00,-1051.647,2025-05-07 16:40:00
2025-05-07 16:45:00,-907.637,2025-05-07 16:45:00
2025-05-07 16:50:00,-1023.617,2025-05-07 16:50:00
2025-05-07 16:55:00,-1103.627,2025-05-07 16:55:00
2025-05-07 17:00:00,-975.667,2025-05-07 17:00:00
2025-05-07 17:05:00,-1027.657,2025-05-07 17:05:00
2025-05-07 17:10:00,-987.647,2025-05-07 17:10:00
2025-05-07 17:15:00,-1019.607,2025-05-07 17:15:00
2025-05-07 17:20:00,-1131.637,2025-05-07 17:20:00
2025-05-07 17:25:00,-1051.617,2025-05-07 17:25:00
2025-05-07 17:30:00,-1267.627,2025-05-07 17:30:00
2025-05-07 17:35:00,-1271.617,2025-05-07 17:35:00
2025-05-07 17:40:00,-1159.607,2025-05-07 17:40:00
2025-05-07 17:45:00,-1299.617,2025-05-07 17:45:00
2025-05-07 17:50:00,-995.657,2025-05-07 17:50:00
2025-05-07 17:55:00,-1023.597,2025-05-07 17:55:00
2025-05-07 18:00:00,9000.0,2025-05-07 18:00:00
2025-05-07 18:05:00,9000.0,2025-05-07 18:05:00
2025-05-07 18:10:00,9000.0,2025-05-07 18:10:00
2025-05-07 18:15:00,9000.0,2025-05-07 18:15:00
2025-05-07 18:20:00,9000.0,2025-05-07 18:20:00
2025-05-07 18:25:00,9000.0,2025-05-07 18:25:00
2025-05-07 18:30:00,9000.0,2025-05-07 18:30:00
2025-05-07 18:35:00,9000.0,2025-05-07 18:35:00
2025-05-07 18:40:00,9000.0,2025-05-07 18:40:00
2025-05-07 18:45:00,1394.973,2025-05-07 18:45:00
2025-05-07 18:50:00,0.0,2025-05-07 18:50:00
2025-05-07 18:55:00,0.0,2025-05-07 18:55:00
2025-05-07 19:00:00,0.0,2025-05-07 19:00:00
2025-05-07 19:05:00,0.0,2025-05-07 19:05:00
2025-05-07 19:10:00,0.0,2025-05-07 19:10:00
2025-05-07 19:15:00,0.0,2025-05-07 19:15:00
2025-05-07 19:20:00,0.0,2025-05-07 19:20:00
2025-05-07 19:25:00,0.0,2025-05-07 19:25:00
2025-05-07 19:30:00,0.0,2025-05-07 19:30:00
2025-05-07 19:35:00,0.0,2025-05-07 19:35:00
2025-05-07 19:40:00,0.0,2025-05-07 19:40:00
2025-05-07 19:45:00,0.0,2025-05-07 19:45:00
2025-05-07 19:50:00,0.0,2025-05-07 19:50:00
2025-05-07 19:55:00,0.0,2025-05-07 19:55:00
2025-05-07 20:00:00,0.0,2025-05-07 20:00:00
2025-05-07 20:05:00,0.0,2025-05-07 20:05:00
2025-05-07 20:10:00,0.0,2025-05-07 20:10:00
2025-05-07 20:15:00,0.0,2025-05-07 20:15:00
2025-05-07 20:20:00,0.0,2025-05-07 20:20:00
2025-05-07 20:25:00,0.0,2025-05-07 20:25:00
2025-05-07 20:30:00,0.0,2025-05-07 20:30:00
2025-05-07 20:35:00,0.0,2025-05-07 20:35:00
2025-05-07 20:40:00,0.0,2025-05-07 20:40:00
2025-05-07 20:45:00,0.0,2025-05-07 20:45:00
2025-05-07 20:50:00,0.0,2025-05-07 20:50:00
2025-05-07 20:55:00,0.0,2025-05-07 20:55:00
2025-05-07 21:00:00,0.0,2025-05-07 21:00:00
2025-05-07 21:05:00,0.0,2025-05-07 21:05:00
2025-05-07 21:10:00,0.0,2025-05-07 21:10:00
2025-05-07 21:15:00,0.0,2025-05-07 21:15:00
2025-05-07 21:20:00,0.0,2025-05-07 21:20:00
2025-05-07 21:25:00,0.0,2025-05-07 21:25:00
2025-05-07 21:30:00,0.0,2025-05-07 21:30:00
2025-05-07 21:35:00,0.0,2025-05-07 21:35:00
2025-05-07 21:40:00,0.0,2025-05-07 21:40:00
2025-05-07 21:45:00,0.0,2025-05-07 21:45:00
2025-05-07 21:50:00,0.0,2025-05-07 21:50:00
2025-05-07 21:55:00,0.0,2025-05-07 21:55:00
2025-05-07 22:00:00,-1142.213,2025-05-07 22:00:00
2025-05-07 22:05:00,-1054.213,2025-05-07 22:05:00
2025-05-07 22:10:00,-1070.243,2025-05-07 22:10:00
2025-05-07 22:15:00,-950.223,2025-05-07 22:15:00
2025-05-07 22:20:00,-1042.233,2025-05-07 22:20:00
2025-05-07 22:25:00,-926.213,2025-05-07 22:25:00
2025-05-07 22:30:00,-1014.203,2025-05-07 22:30:00
2025-05-07 22:35:00,-1138.203,2025-05-07 22:35:00
2025-05-07 22:40:00,-1130.253,2025-05-07 22:40:00
2025-05-07 22:45:00,-1090.233,2025-05-07 22:45:00
2025-05-07 22:50:00,-1062.203,2025-05-07 22:50:00
2025-05-07 22:55:00,-1030.223,2025-05-07 22:55:00
2025-05-07 23:00:00,-1070.223,2025-05-07 23:00:00
2025-05-07 23:05:00,-1074.263,2025-05-07 23:05:00
2025-05-07 23:10:00,-1070.223,2025-05-07 23:10:00
2025-05-07 23:15:00,-1026.263,2025-05-07 23:15:00
2025-05-07 23:20:00,-1078.223,2025-05-07 23:20:00
2025-05-07 23:25:00,-1062.193,2025-05-07 23:25:00
2025-05-07 23:30:00,-1094.233,2025-05-07 23:30:00
2025-05-07 23:35:00,-1050.243,2025-05-07 23:35:00
2025-05-07 23:40:00,-1062.243,2025-05-07 23:40:00
2025-05-07 23:45:00,-1198.203,2025-05-07 23:45:00
2025-05-07 23:50:00,-1358.213,2025-05-07 23:50:00
2025-05-07 23:55:00,-1174.233,2025-05-07 23:55:00
2025-05-08 00:00:00,-1042.203,2025-05-08 00:00:00
2025-05-08 00:05:00,-966.233,2025-05-08 00:05:00
2025-05-08 00:10:00,-1402.223,2025-05-08 00:10:00
2025-05-08 00:15:00,-1314.233,2025-05-08 00:15:00
2025-05-08 00:20:00,-1118.253,2025-05-08 00:20:00
2025-05-08 00:25:00,-1194.223,2025-05-08 00:25:00
2025-05-08 00:30:00,-1078.203,2025-05-08 00:30:00
2025-05-08 00:35:00,-1370.223,2025-05-08 00:35:00
2025-05-08 00:40:00,-1494.233,2025-05-08 00:40:00
2025-05-08 00:45:00,-1378.253,2025-05-08 00:45:00
2025-05-08 00:50:00,-1382.223,2025-05-08 00:50:00
2025-05-08 00:55:00,-1434.203,2025-05-08 00:55:00
2025-05-08 01:00:00,-1378.213,2025-05-08 01:00:00
2025-05-08 01:05:00,-1526.253,2025-05-08 01:05:00
2025-05-08 01:10:00,-1394.233,2025-05-08 01:10:00
2025-05-08 01:15:00,-1422.253,2025-05-08 01:15:00
2025-05-08 01:20:00,-1322.233,2025-05-08 01:20:00
2025-05-08 01:25:00,-1490.213,2025-05-08 01:25:00
2025-05-08 01:30:00,-1382.223,2025-05-08 01:30:00
2025-05-08 01:35:00,-1498.223,2025-05-08 01:35:00
2025-05-08 01:40:00,-1410.203,2025-05-08 01:40:00
2025-05-08 01:45:00,-1298.223,2025-05-08 01:45:00
2025-05-08 01:50:00,-1178.193,2025-05-08 01:50:00
2025-05-08 01:55:00,-1102.213,2025-05-08 01:55:00
2025-05-08 02:00:00,-1062.253,2025-05-08 02:00:00
2025-05-08 02:05:00,-1002.213,2025-05-08 02:05:00
2025-05-08 02:10:00,-902.243,2025-05-08 02:10:00
2025-05-08 02:15:00,-890.203,2025-05-08 02:15:00
2025-05-08 02:20:00,-1162.203,2025-05-08 02:20:00
2025-05-08 02:25:00,-1018.203,2025-05-08 02:25:00
2025-05-08 02:30:00,-1106.233,2025-05-08 02:30:00
2025-05-08 02:35:00,-978.203,2025-05-08 02:35:00
2025-05-08 02:40:00,-934.193,2025-05-08 02:40:00
2025-05-08 02:45:00,-898.223,2025-05-08 02:45:00
2025-05-08 02:50:00,-990.233,2025-05-08 02:50:00
2025-05-08 02:55:00,-1030.233,2025-05-08 02:55:00
2025-05-08 03:00:00,-862.233,2025-05-08 03:00:00
2025-05-08 03:05:00,-894.233,2025-05-08 03:05:00
2025-05-08 03:10:00,-954.183,2025-05-08 03:10:00
2025-05-08 03:15:00,-990.223,2025-05-08 03:15:00
2025-05-08 03:20:00,-966.183,2025-05-08 03:20:00
2025-05-08 03:25:00,-1014.233,2025-05-08 03:25:00
2025-05-08 03:30:00,-902.233,2025-05-08 03:30:00
2025-05-08 03:35:00,-946.213,2025-05-08 03:35:00
2025-05-08 03:40:00,-1022.223,2025-05-08 03:40:00
2025-05-08 03:45:00,-854.223,2025-05-08 03:45:00
2025-05-08 03:50:00,-1162.263,2025-05-08 03:50:00
2025-05-08 03:55:00,-958.163,2025-05-08 03:55:00
2025-05-08 04:00:00,-946.183,2025-05-08 04:00:00
2025-05-08 04:05:00,-974.243,2025-05-08 04:05:00
2025-05-08 04:10:00,-1078.233,2025-05-08 04:10:00
2025-05-08 04:15:00,-1122.223,2025-05-08 04:15:00
2025-05-08 04:20:00,-1094.233,2025-05-08 04:20:00
2025-05-08 04:25:00,-990.243,2025-05-08 04:25:00
2025-05-08 04:30:00,-966.243,2025-05-08 04:30:00
2025-05-08 04:35:00,-938.213,2025-05-08 04:35:00
2025-05-08 04:40:00,-1022.203,2025-05-08 04:40:00
2025-05-08 04:45:00,-1270.233,2025-05-08 04:45:00
2025-05-08 04:50:00,-1370.193,2025-05-08 04:50:00
2025-05-08 04:55:00,-1098.233,2025-05-08 04:55:00
2025-05-08 05:00:00,-1006.193,2025-05-08 05:00:00
2025-05-08 05:05:00,-1418.203,2025-05-08 05:05:00
2025-05-08 05:10:00,-1070.253,2025-05-08 05:10:00
2025-05-08 05:15:00,-1142.233,2025-05-08 05:15:00
2025-05-08 05:20:00,-962.203,2025-05-08 05:20:00
2025-05-08 05:25:00,-978.223,2025-05-08 05:25:00
2025-05-08 05:30:00,-974.233,2025-05-08 05:30:00
2025-05-08 05:35:00,-922.233,2025-05-08 05:35:00
2025-05-08 05:40:00,-1066.133,2025-05-08 05:40:00
2025-05-08 05:45:00,-970.223,2025-05-08 05:45:00
2025-05-08 05:50:00,-1014.233,2025-05-08 05:50:00
2025-05-08 05:55:00,-1034.223,2025-05-08 05:55:00
2025-05-08 06:00:00,-1018.233,2025-05-08 06:00:00
2025-05-08 06:05:00,-1146.223,2025-05-08 06:05:00
2025-05-08 06:10:00,-1010.213,2025-05-08 06:10:00
2025-05-08 06:15:00,-1074.233,2025-05-08 06:15:00
2025-05-08 06:20:00,-1114.223,2025-05-08 06:20:00
2025-05-08 06:25:00,-1022.233,2025-05-08 06:25:00
2025-05-08 06:30:00,-1170.203,2025-05-08 06:30:00
2025-05-08 06:35:00,-1010.263,2025-05-08 06:35:00
2025-05-08 06:40:00,-1074.253,2025-05-08 06:40:00
2025-05-08 06:45:00,-1074.223,2025-05-08 06:45:00
2025-05-08 06:50:00,-1170.223,2025-05-08 06:50:00
2025-05-08 06:55:00,-1154.233,2025-05-08 06:55:00
2025-05-08 07:00:00,-1046.253,2025-05-08 07:00:00
2025-05-08 07:05:00,-1218.253,2025-05-08 07:05:00
2025-05-08 07:10:00,-1286.233,2025-05-08 07:10:00
2025-05-08 07:15:00,-1130.263,2025-05-08 07:15:00
2025-05-08 07:20:00,-1194.213,2025-05-08 07:20:00
2025-05-08 07:25:00,-1318.253,2025-05-08 07:25:00
2025-05-08 07:30:00,-1170.243,2025-05-08 07:30:00
2025-05-08 07:35:00,-1134.223,2025-05-08 07:35:00
2025-05-08 07:40:00,-1078.193,2025-05-08 07:40:00
2025-05-08 07:45:00,-1066.223,2025-05-08 07:45:00
2025-05-08 07:50:00,-1542.203,2025-05-08 07:50:00
2025-05-08 07:55:00,-1426.183,2025-05-08 07:55:00
2025-05-08 08:00:00,9000.0,2025-05-08 08:00:00
2025-05-08 08:05:00,9000.0,2025-05-08 08:05:00
2025-05-08 08:10:00,9000.0,2025-05-08 08:10:00
2025-05-08 08:15:00,9000.0,2025-05-08 08:15:00
2025-05-08 08:20:00,9000.0,2025-05-08 08:20:00
2025-05-08 08:25:00,9000.0,2025-05-08 08:25:00
2025-05-08 08:30:00,9000.0,2025-05-08 08:30:00
2025-05-08 08:35:00,9000.0,2025-05-08 08:35:00
2025-05-08 08:40:00,9000.0,2025-05-08 08:40:00
2025-05-08 08:45:00,9000.0,2025-05-08 08:45:00
2025-05-08 08:50:00,9000.0,2025-05-08 08:50:00
2025-05-08 08:55:00,9000.0,2025-05-08 08:55:00
2025-05-08 09:00:00,8999.995,2025-05-08 09:00:00
2025-05-08 09:05:00,226.804,2025-05-08 09:05:00
2025-05-08 09:10:00,0.0,2025-05-08 09:10:00
2025-05-08 09:15:00,0.0,2025-05-08 09:15:00
2025-05-08 09:20:00,0.0,2025-05-08 09:20:00
2025-05-08 09:25:00,0.0,2025-05-08 09:25:00
2025-05-08 09:30:00,0.0,2025-05-08 09:30:00
2025-05-08 09:35:00,0.0,2025-05-08 09:35:00
2025-05-08 09:40:00,0.0,2025-05-08 09:40:00
2025-05-08 09:45:00,0.0,2025-05-08 09:45:00
2025-05-08 09:50:00,0.0,2025-05-08 09:50:00
2025-05-08 09:55:00,0.0,2025-05-08 09:55:00
2025-05-08 10:00:00,0.0,2025-05-08 10:00:00
2025-05-08 10:05:00,0.0,2025-05-08 10:05:00
2025-05-08 10:10:00,0.0,2025-05-08 10:10:00
2025-05-08 10:15:00,0.0,2025-05-08 10:15:00
2025-05-08 10:20:00,0.0,2025-05-08 10:20:00
2025-05-08 10:25:00,0.0,2025-05-08 10:25:00
2025-05-08 10:30:00,0.0,2025-05-08 10:30:00
2025-05-08 10:35:00,0.0,2025-05-08 10:35:00
2025-05-08 10:40:00,0.0,2025-05-08 10:40:00
2025-05-08 10:45:00,0.0,2025-05-08 10:45:00
2025-05-08 10:50:00,0.0,2025-05-08 10:50:00
2025-05-08 10:55:00,0.0,2025-05-08 10:55:00
2025-05-08 11:00:00,-1154.263,2025-05-08 11:00:00
2025-05-08 11:05:00,-1262.273,2025-05-08 11:05:00
2025-05-08 11:10:00,-1302.243,2025-05-08 11:10:00
2025-05-08 11:15:00,-1010.253,2025-05-08 11:15:00
2025-05-08 11:20:00,-982.223,2025-05-08 11:20:00
2025-05-08 11:25:00,-1150.223,2025-05-08 11:25:00
2025-05-08 11:30:00,-986.243,2025-05-08 11:30:00
2025-05-08 11:35:00,-1058.193,2025-05-08 11:35:00
2025-05-08 11:40:00,-1378.213,2025-05-08 11:40:00
2025-05-08 11:45:00,-1322.213,2025-05-08 11:45:00
2025-05-08 11:50:00,-990.223,2025-05-08 11:50:00
2025-05-08 11:55:00,-1078.233,2025-05-08 11:55:00
2025-05-08 12:00:00,-1198.233,2025-05-08 12:00:00
2025-05-08 12:05:00,-1238.223,2025-05-08 12:05:00
2025-05-08 12:10:00,-1378.233,2025-05-08 12:10:00
2025-05-08 12:15:00,-1342.203,2025-05-08 12:15:00
2025-05-08 12:20:00,-1378.223,2025-05-08 12:20:00
2025-05-08 12:25:00,-1278.203,2025-05-08 12:25:00
2025-05-08 12:30:00,-1278.183,2025-05-08 12:30:00
2025-05-08 12:35:00,-1238.223,2025-05-08 12:35:00
2025-05-08 12:40:00,-1078.233,2025-05-08 12:40:00
2025-05-08 12:45:00,-1142.233,2025-05-08 12:45:00
2025-05-08 12:50:00,-1174.183,2025-05-08 12:50:00
2025-05-08 12:55:00,-1102.223,2025-05-08 12:55:00
2025-05-08 13:00:00,-1130.203,2025-05-08 13:00:00
2025-05-08 13:05:00,-1190.213,2025-05-08 13:05:00
2025-05-08 13:10:00,-1158.233,2025-05-08 13:10:00
2025-05-08 13:15:00,-1122.163,2025-05-08 13:15:00
2025-05-08 13:20:00,-1174.233,2025-05-08 13:20:00
2025-05-08 13:25:00,-1270.183,2025-05-08 13:25:00
2025-05-08 13:30:00,-1146.203,2025-05-08 13:30:00
2025-05-08 13:35:00,-1306.233,2025-05-08 13:35:00
2025-05-08 13:40:00,-1150.233,2025-05-08 13:40:00
2025-05-08 13:45:00,-1038.243,2025-05-08 13:45:00
2025-05-08 13:50:00,-1178.263,2025-05-08 13:50:00
2025-05-08 13:55:00,-1186.213,2025-05-08 13:55:00
2025-05-08 14:00:00,-1334.233,2025-05-08 14:00:00
2025-05-08 14:05:00,-1022.203,2025-05-08 14:05:00
2025-05-08 14:10:00,-1306.253,2025-05-08 14:10:00
2025-05-08 14:15:00,-1050.223,2025-05-08 14:15:00
2025-05-08 14:20:00,-1090.233,2025-05-08 14:20:00
2025-05-08 14:25:00,-1090.233,2025-05-08 14:25:00
2025-05-08 14:30:00,-1114.253,2025-05-08 14:30:00
2025-05-08 14:35:00,-1110.233,2025-05-08 14:35:00
2025-05-08 14:40:00,-1182.253,2025-05-08 14:40:00
2025-05-08 14:45:00,-1134.243,2025-05-08 14:45:00
2025-05-08 14:50:00,-1162.243,2025-05-08 14:50:00
2025-05-08 14:55:00,-1106.223,2025-05-08 14:55:00
2025-05-08 15:00:00,-1102.213,2025-05-08 15:00:00
2025-05-08 15:05:00,-1078.203,2025-05-08 15:05:00
2025-05-08 15:10:00,-1186.213,2025-05-08 15:10:00
2025-05-08 15:15:00,-1150.213,2025-05-08 15:15:00
2025-05-08 15:20:00,-1018.213,2025-05-08 15:20:00
2025-05-08 15:25:00,-1322.233,2025-05-08 15:25:00
2025-05-08 15:30:00,-1386.193,2025-05-08 15:30:00
2025-05-08 15:35:00,-998.183,2025-05-08 15:35:00
2025-05-08 15:40:00,-946.233,2025-05-08 15:40:00
2025-05-08 15:45:00,-1186.223,2025-05-08 15:45:00
2025-05-08 15:50:00,-994.233,2025-05-08 15:50:00
2025-05-08 15:55:00,-1054.233,2025-05-08 15:55:00
2025-05-08 16:00:00,-1078.253,2025-05-08 16:00:00
2025-05-08 16:05:00,-946.213,2025-05-08 16:05:00
2025-05-08 16:10:00,-970.223,2025-05-08 16:10:00
2025-05-08 16:15:00,-974.203,2025-05-08 16:15:00
2025-05-08 16:20:00,-914.263,2025-05-08 16:20:00
2025-05-08 16:25:00,-966.203,2025-05-08 16:25:00
2025-05-08 16:30:00,-938.203,2025-05-08 16:30:00
2025-05-08 16:35:00,-1034.223,2025-05-08 16:35:00
2025-05-08 16:40:00,-1094.243,2025-05-08 16:40:00
2025-05-08 16:45:00,-1134.223,2025-05-08 16:45:00
2025-05-08 16:50:00,-1082.213,2025-05-08 16:50:00
2025-05-08 16:55:00,-1062.203,2025-05-08 16:55:00
2025-05-08 17:00:00,-1022.233,2025-05-08 17:00:00
2025-05-08 17:05:00,-1098.223,2025-05-08 17:05:00
2025-05-08 17:10:00,-994.243,2025-05-08 17:10:00
2025-05-08 17:15:00,-994.233,2025-05-08 17:15:00
2025-05-08 17:20:00,-942.253,2025-05-08 17:20:00
2025-05-08 17:25:00,-974.203,2025-05-08 17:25:00
2025-05-08 17:30:00,-1186.233,2025-05-08 17:30:00
2025-05-08 17:35:00,-946.193,2025-05-08 17:35:00
2025-05-08 17:40:00,-950.253,2025-05-08 17:40:00
2025-05-08 17:45:00,-990.223,2025-05-08 17:45:00
2025-05-08 17:50:00,-926.203,2025-05-08 17:50:00
2025-05-08 17:55:00,-1186.223,2025-05-08 17:55:00
2025-05-08 18:00:00,9000.0,2025-05-08 18:00:00
2025-05-08 18:05:00,9000.0,2025-05-08 18:05:00
2025-05-08 18:10:00,9000.0,2025-05-08 18:10:00
2025-05-08 18:15:00,9000.0,2025-05-08 18:15:00
2025-05-08 18:20:00,9000.0,2025-05-08 18:20:00
2025-05-08 18:25:00,9000.0,2025-05-08 18:25:00
2025-05-08 18:30:00,9000.0,2025-05-08 18:30:00
2025-05-08 18:35:00,9000.0,2025-05-08 18:35:00
2025-05-08 18:40:00,8999.996,2025-05-08 18:40:00
2025-05-08 18:45:00,1228.363,2025-05-08 18:45:00
2025-05-08 18:50:00,0.0,2025-05-08 18:50:00
2025-05-08 18:55:00,0.0,2025-05-08 18:55:00
2025-05-08 19:00:00,0.0,2025-05-08 19:00:00
2025-05-08 19:05:00,0.0,2025-05-08 19:05:00
2025-05-08 19:10:00,0.0,2025-05-08 19:10:00
2025-05-08 19:15:00,0.0,2025-05-08 19:15:00
2025-05-08 19:20:00,0.0,2025-05-08 19:20:00
2025-05-08 19:25:00,0.0,2025-05-08 19:25:00
2025-05-08 19:30:00,0.0,2025-05-08 19:30:00
2025-05-08 19:35:00,0.0,2025-05-08 19:35:00
2025-05-08 19:40:00,0.0,2025-05-08 19:40:00
2025-05-08 19:45:00,0.0,2025-05-08 19:45:00
2025-05-08 19:50:00,0.0,2025-05-08 19:50:00
2025-05-08 19:55:00,0.0,2025-05-08 19:55:00
2025-05-08 20:00:00,0.0,2025-05-08 20:00:00
2025-05-08 20:05:00,0.0,2025-05-08 20:05:00
2025-05-08 20:10:00,0.0,2025-05-08 20:10:00
2025-05-08 20:15:00,0.0,2025-05-08 20:15:00
2025-05-08 20:20:00,0.0,2025-05-08 20:20:00
2025-05-08 20:25:00,0.0,2025-05-08 20:25:00
2025-05-08 20:30:00,0.0,2025-05-08 20:30:00
2025-05-08 20:35:00,0.0,2025-05-08 20:35:00
2025-05-08 20:40:00,0.0,2025-05-08 20:40:00
2025-05-08 20:45:00,0.0,2025-05-08 20:45:00
2025-05-08 20:50:00,0.0,2025-05-08 20:50:00
2025-05-08 20:55:00,0.0,2025-05-08 20:55:00
2025-05-08 21:00:00,0.0,2025-05-08 21:00:00
2025-05-08 21:05:00,0.0,2025-05-08 21:05:00
2025-05-08 21:10:00,0.0,2025-05-08 21:10:00
2025-05-08 21:15:00,0.0,2025-05-08 21:15:00
2025-05-08 21:20:00,0.0,2025-05-08 21:20:00
2025-05-08 21:25:00,0.0,2025-05-08 21:25:00
2025-05-08 21:30:00,0.0,2025-05-08 21:30:00
2025-05-08 21:35:00,0.0,2025-05-08 21:35:00
2025-05-08 21:40:00,0.0,2025-05-08 21:40:00
2025-05-08 21:45:00,0.0,2025-05-08 21:45:00
2025-05-08 21:50:00,0.0,2025-05-08 21:50:00
2025-05-08 21:55:00,0.0,2025-05-08 21:55:00
2025-05-08 22:00:00,-1261.453,2025-05-08 22:00:00
2025-05-08 22:05:00,-1097.473,2025-05-08 22:05:00
2025-05-08 22:10:00,-1033.483,2025-05-08 22:10:00
2025-05-08 22:15:00,-1081.473,2025-05-08 22:15:00
2025-05-08 22:20:00,-1001.483,2025-05-08 22:20:00
2025-05-08 22:25:00,-1069.483,2025-05-08 22:25:00
2025-05-08 22:30:00,-989.463,2025-05-08 22:30:00
2025-05-08 22:35:00,-1185.503,2025-05-08 22:35:00
2025-05-08 22:40:00,-969.463,2025-05-08 22:40:00
2025-05-08 22:45:00,-925.453,2025-05-08 22:45:00
2025-05-08 22:50:00,-1089.463,2025-05-08 22:50:00
2025-05-08 22:55:00,-1181.503,2025-05-08 22:55:00
2025-05-08 23:00:00,-1201.453,2025-05-08 23:00:00
2025-05-08 23:05:00,-917.493,2025-05-08 23:05:00
2025-05-08 23:10:00,-1025.473,2025-05-08 23:10:00
2025-05-08 23:15:00,-1037.493,2025-05-08 23:15:00
2025-05-08 23:20:00,-1329.483,2025-05-08 23:20:00
2025-05-08 23:25:00,-1049.493,2025-05-08 23:25:00
2025-05-08 23:30:00,-1077.463,2025-05-08 23:30:00
2025-05-08 23:35:00,-1133.463,2025-05-08 23:35:00
2025-05-08 23:40:00,-973.513,2025-05-08 23:40:00
2025-05-08 23:45:00,-1265.543,2025-05-08 23:45:00
2025-05-08 23:50:00,-941.483,2025-05-08 23:50:00
2025-05-08 23:55:00,-929.433,2025-05-08 23:55:00
2025-05-09 00:00:00,-857.483,2025-05-09 00:00:00
2025-05-09 00:05:00,-985.473,2025-05-09 00:05:00
2025-05-09 00:10:00,-937.483,2025-05-09 00:10:00
2025-05-09 00:15:00,-977.513,2025-05-09 00:15:00
2025-05-09 00:20:00,-1045.453,2025-05-09 00:20:00
2025-05-09 00:25:00,-941.453,2025-05-09 00:25:00
2025-05-09 00:30:00,-941.453,2025-05-09 00:30:00
2025-05-09 00:35:00,-1181.503,2025-05-09 00:35:00
2025-05-09 00:40:00,-1229.513,2025-05-09 00:40:00
2025-05-09 00:45:00,-965.513,2025-05-09 00:45:00
2025-05-09 00:50:00,-1185.473,2025-05-09 00:50:00
2025-05-09 00:55:00,-1425.473,2025-05-09 00:55:00
2025-05-09 01:00:00,-1261.493,2025-05-09 01:00:00
2025-05-09 01:05:00,-1293.463,2025-05-09 01:05:00
2025-05-09 01:10:00,-1225.483,2025-05-09 01:10:00
2025-05-09 01:15:00,-1029.493,2025-05-09 01:15:00
2025-05-09 01:20:00,-1077.483,2025-05-09 01:20:00
2025-05-09 01:25:00,-989.473,2025-05-09 01:25:00
2025-05-09 01:30:00,-1237.453,2025-05-09 01:30:00
2025-05-09 01:35:00,-973.473,2025-05-09 01:35:00
2025-05-09 01:40:00,-1169.483,2025-05-09 01:40:00
2025-05-09 01:45:00,-945.493,2025-05-09 01:45:00
2025-05-09 01:50:00,-893.483,2025-05-09 01:50:00
2025-05-09 01:55:00,-1413.473,2025-05-09 01:55:00
2025-05-09 02:00:00,-941.463,2025-05-09 02:00:00
2025-05-09 02:05:00,-953.503,2025-05-09 02:05:00
2025-05-09 02:10:00,-1309.463,2025-05-09 02:10:00
2025-05-09 02:15:00,-1253.473,2025-05-09 02:15:00
2025-05-09 02:20:00,-1261.493,2025-05-09 02:20:00
2025-05-09 02:25:00,-1417.483,2025-05-09 02:25:00
2025-05-09 02:30:00,-1277.463,2025-05-09 02:30:00
2025-05-09 02:35:00,-1065.463,2025-05-09 02:35:00
2025-05-09 02:40:00,-1065.513,2025-05-09 02:40:00
2025-05-09 02:45:00,-969.493,2025-05-09 02:45:00
2025-05-09 02:50:00,-929.503,2025-05-09 02:50:00
2025-05-09 02:55:00,-957.483,2025-05-09 02:55:00
2025-05-09 03:00:00,-1285.453,2025-05-09 03:00:00
2025-05-09 03:05:00,-1053.463,2025-05-09 03:05:00
2025-05-09 03:10:00,-1061.483,2025-05-09 03:10:00
2025-05-09 03:15:00,-1005.483,2025-05-09 03:15:00
2025-05-09 03:20:00,-1041.453,2025-05-09 03:20:00
2025-05-09 03:25:00,-985.513,2025-05-09 03:25:00
2025-05-09 03:30:00,-1061.513,2025-05-09 03:30:00
2025-05-09 03:35:00,-957.483,2025-05-09 03:35:00
2025-05-09 03:40:00,-1169.453,2025-05-09 03:40:00
2025-05-09 03:45:00,-1037.513,2025-05-09 03:45:00
2025-05-09 03:50:00,-1153.513,2025-05-09 03:50:00
2025-05-09 03:55:00,-1021.473,2025-05-09 03:55:00
2025-05-09 04:00:00,-965.493,2025-05-09 04:00:00
2025-05-09 04:05:00,-1033.503,2025-05-09 04:05:00
2025-05-09 04:10:00,-1009.443,2025-05-09 04:10:00
2025-05-09 04:15:00,-1045.453,2025-05-09 04:15:00
2025-05-09 04:20:00,-981.463,2025-05-09 04:20:00
2025-05-09 04:25:00,-981.483,2025-05-09 04:25:00
2025-05-09 04:30:00,-953.483,2025-05-09 04:30:00
2025-05-09 04:35:00,-1009.483,2025-05-09 04:35:00
2025-05-09 04:40:00,-1001.513,2025-05-09 04:40:00
2025-05-09 04:45:00,-1065.463,2025-05-09 04:45:00
2025-05-09 04:50:00,-1129.493,2025-05-09 04:50:00
2025-05-09 04:55:00,-1033.463,2025-05-09 04:55:00
2025-05-09 05:00:00,-1013.513,2025-05-09 05:00:00
2025-05-09 05:05:00,-1001.473,2025-05-09 05:05:00
2025-05-09 05:10:00,-1069.473,2025-05-09 05:10:00
2025-05-09 05:15:00,-1293.473,2025-05-09 05:15:00
2025-05-09 05:20:00,-1385.463,2025-05-09 05:20:00
2025-05-09 05:25:00,-1345.493,2025-05-09 05:25:00
2025-05-09 05:30:00,-1041.483,2025-05-09 05:30:00
2025-05-09 05:35:00,-1129.493,2025-05-09 05:35:00
2025-05-09 05:40:00,-1141.483,2025-05-09 05:40:00
2025-05-09 05:45:00,-1069.453,2025-05-09 05:45:00
2025-05-09 05:50:00,-1077.493,2025-05-09 05:50:00
2025-05-09 05:55:00,-1053.463,2025-05-09 05:55:00
2025-05-09 06:00:00,-1097.503,2025-05-09 06:00:00
2025-05-09 06:05:00,-1029.473,2025-05-09 06:05:00
2025-05-09 06:10:00,-1057.513,2025-05-09 06:10:00
2025-05-09 06:15:00,-1021.473,2025-05-09 06:15:00
2025-05-09 06:20:00,-1057.473,2025-05-09 06:20:00
2025-05-09 06:25:00,-1189.513,2025-05-09 06:25:00
2025-05-09 06:30:00,-1237.473,2025-05-09 06:30:00
2025-05-09 06:35:00,-1205.513,2025-05-09 06:35:00
2025-05-09 06:40:00,-1121.473,2025-05-09 06:40:00
2025-05-09 06:45:00,-1161.473,2025-05-09 06:45:00
2025-05-09 06:50:00,-1125.433,2025-05-09 06:50:00
2025-05-09 06:55:00,-1297.493,2025-05-09 06:55:00
2025-05-09 07:00:00,-1045.463,2025-05-09 07:00:00
2025-05-09 07:05:00,-1193.503,2025-05-09 07:05:00
2025-05-09 07:10:00,-1121.503,2025-05-09 07:10:00
2025-05-09 07:15:00,-1129.503,2025-05-09 07:15:00
2025-05-09 07:20:00,-1133.463,2025-05-09 07:20:00
2025-05-09 07:25:00,-1141.443,2025-05-09 07:25:00
2025-05-09 07:30:00,-1201.493,2025-05-09 07:30:00
2025-05-09 07:35:00,-1069.463,2025-05-09 07:35:00
2025-05-09 07:40:00,-1093.513,2025-05-09 07:40:00
2025-05-09 07:45:00,-1073.463,2025-05-09 07:45:00
2025-05-09 07:50:00,-1057.493,2025-05-09 07:50:00
2025-05-09 07:55:00,-1133.483,2025-05-09 07:55:00
2025-05-09 08:00:00,9000.0,2025-05-09 08:00:00
2025-05-09 08:05:00,9000.0,2025-05-09 08:05:00
2025-05-09 08:10:00,9000.0,2025-05-09 08:10:00
2025-05-09 08:15:00,9000.0,2025-05-09 08:15:00
2025-05-09 08:20:00,9000.0,2025-05-09 08:20:00
2025-05-09 08:25:00,9000.0,2025-05-09 08:25:00
2025-05-09 08:30:00,9000.0,2025-05-09 08:30:00
2025-05-09 08:35:00,9000.0,2025-05-09 08:35:00
2025-05-09 08:40:00,9000.0,2025-05-09 08:40:00
2025-05-09 08:45:00,9000.0,2025-05-09 08:45:00
2025-05-09 08:50:00,9000.0,2025-05-09 08:50:00
2025-05-09 08:55:00,9000.0,2025-05-09 08:55:00
2025-05-09 09:00:00,6505.968,2025-05-09 09:00:00
2025-05-09 09:05:00,0.0,2025-05-09 09:05:00
2025-05-09 09:10:00,0.0,2025-05-09 09:10:00
2025-05-09 09:15:00,0.0,2025-05-09 09:15:00
2025-05-09 09:20:00,0.0,2025-05-09 09:20:00
2025-05-09 09:25:00,0.0,2025-05-09 09:25:00
2025-05-09 09:30:00,0.0,2025-05-09 09:30:00
2025-05-09 09:35:00,0.0,2025-05-09 09:35:00
2025-05-09 09:40:00,0.0,2025-05-09 09:40:00
2025-05-09 09:45:00,0.0,2025-05-09 09:45:00
2025-05-09 09:50:00,0.0,2025-05-09 09:50:00
2025-05-09 09:55:00,0.0,2025-05-09 09:55:00
2025-05-09 10:00:00,0.0,2025-05-09 10:00:00
2025-05-09 10:05:00,0.0,2025-05-09 10:05:00
2025-05-09 10:10:00,0.0,2025-05-09 10:10:00
2025-05-09 10:15:00,0.0,2025-05-09 10:15:00
2025-05-09 10:20:00,0.0,2025-05-09 10:20:00
2025-05-09 10:25:00,0.0,2025-05-09 10:25:00
2025-05-09 10:30:00,0.0,2025-05-09 10:30:00
2025-05-09 10:35:00,0.0,2025-05-09 10:35:00
2025-05-09 10:40:00,0.0,2025-05-09 10:40:00
2025-05-09 10:45:00,0.0,2025-05-09 10:45:00
2025-05-09 10:50:00,0.0,2025-05-09 10:50:00
2025-05-09 10:55:00,0.0,2025-05-09 10:55:00
2025-05-09 11:00:00,-1141.453,2025-05-09 11:00:00
2025-05-09 11:05:00,-1077.493,2025-05-09 11:05:00
2025-05-09 11:10:00,-1041.513,2025-05-09 11:10:00
2025-05-09 11:15:00,-1069.473,2025-05-09 11:15:00
2025-05-09 11:20:00,-925.483,2025-05-09 11:20:00
2025-05-09 11:25:00,-1065.513,2025-05-09 11:25:00
2025-05-09 11:30:00,-917.453,2025-05-09 11:30:00
2025-05-09 11:35:00,-1017.463,2025-05-09 11:35:00
2025-05-09 11:40:00,-993.453,2025-05-09 11:40:00
2025-05-09 11:45:00,-1025.473,2025-05-09 11:45:00
2025-05-09 11:50:00,-1245.463,2025-05-09 11:50:00
2025-05-09 11:55:00,-1061.463,2025-05-09 11:55:00
2025-05-09 12:00:00,-1141.503,2025-05-09 12:00:00
2025-05-09 12:05:00,-989.473,2025-05-09 12:05:00
2025-05-09 12:10:00,-1145.453,2025-05-09 12:10:00
2025-05-09 12:15:00,-957.493,2025-05-09 12:15:00
2025-05-09 12:20:00,-909.513,2025-05-09 12:20:00
2025-05-09 12:25:00,-921.463,2025-05-09 12:25:00
2025-05-09 12:30:00,-1081.483,2025-05-09 12:30:00
2025-05-09 12:35:00,-1433.503,2025-05-09 12:35:00
2025-05-09 12:40:00,-1073.473,2025-05-09 12:40:00
2025-05-09 12:45:00,-1281.483,2025-05-09 12:45:00
2025-05-09 12:50:00,-1329.483,2025-05-09 12:50:00
2025-05-09 12:55:00,-1245.503,2025-05-09 12:55:00
2025-05-09 13:00:00,-1321.513,2025-05-09 13:00:00
2025-05-09 13:05:00,-1405.483,2025-05-09 13:05:00
2025-05-09 13:10:00,-1357.453,2025-05-09 13:10:00
2025-05-09 13:15:00,-1389.453,2025-05-09 13:15:00
2025-05-09 13:20:00,-1337.483,2025-05-09 13:20:00
2025-05-09 13:25:00,-1365.463,2025-05-09 13:25:00
2025-05-09 13:30:00,-1561.463,2025-05-09 13:30:00
2025-05-09 13:35:00,-1213.463,2025-05-09 13:35:00
2025-05-09 13:40:00,-977.463,2025-05-09 13:40:00
2025-05-09 13:45:00,-949.483,2025-05-09 13:45:00
2025-05-09 13:50:00,-1065.483,2025-05-09 13:50:00
2025-05-09 13:55:00,-1117.473,2025-05-09 13:55:00
2025-05-09 14:00:00,-1185.443,2025-05-09 14:00:00
2025-05-09 14:05:00,-1061.493,2025-05-09 14:05:00
2025-05-09 14:10:00,-1233.483,2025-05-09 14:10:00
2025-05-09 14:15:00,-1217.483,2025-05-09 14:15:00
2025-05-09 14:20:00,-1317.463,2025-05-09 14:20:00
2025-05-09 14:25:00,-1233.483,2025-05-09 14:25:00
2025-05-09 14:30:00,-1357.473,2025-05-09 14:30:00
2025-05-09 14:35:00,-1221.483,2025-05-09 14:35:00
2025-05-09 14:40:00,-1273.483,2025-05-09 14:40:00
2025-05-09 14:45:00,-1153.463,2025-05-09 14:45:00
2025-05-09 14:50:00,-1349.463,2025-05-09 14:50:00
2025-05-09 14:55:00,-1265.463,2025-05-09 14:55:00
2025-05-09 15:00:00,-1061.473,2025-05-09 15:00:00
2025-05-09 15:05:00,-1205.463,2025-05-09 15:05:00
2025-05-09 15:10:00,-993.473,2025-05-09 15:10:00
2025-05-09 15:15:00,-997.483,2025-05-09 15:15:00
2025-05-09 15:20:00,-1097.483,2025-05-09 15:20:00
2025-05-09 15:25:00,-1109.463,2025-05-09 15:25:00
2025-05-09 15:30:00,-941.463,2025-05-09 15:30:00
2025-05-09 15:35:00,-1009.503,2025-05-09 15:35:00
2025-05-09 15:40:00,-1241.463,2025-05-09 15:40:00
2025-05-09 15:45:00,-1061.483,2025-05-09 15:45:00
2025-05-09 15:50:00,-1113.483,2025-05-09 15:50:00
2025-05-09 15:55:00,-1173.483,2025-05-09 15:55:00
2025-05-09 16:00:00,-1125.493,2025-05-09 16:00:00
2025-05-09 16:05:00,-961.433,2025-05-09 16:05:00
2025-05-09 16:10:00,-1033.503,2025-05-09 16:10:00
2025-05-09 16:15:00,-985.473,2025-05-09 16:15:00
2025-05-09 16:20:00,-1285.493,2025-05-09 16:20:00
2025-05-09 16:25:00,-1357.483,2025-05-09 16:25:00
2025-05-09 16:30:00,-1125.443,2025-05-09 16:30:00
2025-05-09 16:35:00,-1105.483,2025-05-09 16:35:00
2025-05-09 16:40:00,-1393.483,2025-05-09 16:40:00
2025-05-09 16:45:00,-1233.513,2025-05-09 16:45:00
2025-05-09 16:50:00,-1057.493,2025-05-09 16:50:00
2025-05-09 16:55:00,-1017.463,2025-05-09 16:55:00
2025-05-09 17:00:00,-1025.493,2025-05-09 17:00:00
2025-05-09 17:05:00,-1057.493,2025-05-09 17:05:00
2025-05-09 17:10:00,-1045.483,2025-05-09 17:10:00
2025-05-09 17:15:00,-1021.473,2025-05-09 17:15:00
2025-05-09 17:20:00,-989.493,2025-05-09 17:20:00
2025-05-09 17:25:00,-885.483,2025-05-09 17:25:00
2025-05-09 17:30:00,-937.493,2025-05-09 17:30:00
2025-05-09 17:35:00,-1041.483,2025-05-09 17:35:00
2025-05-09 17:40:00,-997.453,2025-05-09 17:40:00
2025-05-09 17:45:00,-1013.453,2025-05-09 17:45:00
2025-05-09 17:50:00,-965.503,2025-05-09 17:50:00
2025-05-09 17:55:00,-1005.473,2025-05-09 17:55:00
2025-05-09 18:00:00,9000.0,2025-05-09 18:00:00
2025-05-09 18:05:00,9000.0,2025-05-09 18:05:00
2025-05-09 18:10:00,9000.0,2025-05-09 18:10:00
2025-05-09 18:15:00,9000.0,2025-05-09 18:15:00
2025-05-09 18:20:00,9000.0,2025-05-09 18:20:00
2025-05-09 18:25:00,9000.0,2025-05-09 18:25:00
2025-05-09 18:30:00,9000.0,2025-05-09 18:30:00
2025-05-09 18:35:00,9000.0,2025-05-09 18:35:00
2025-05-09 18:40:00,8999.999,2025-05-09 18:40:00
2025-05-09 18:45:00,1764.415,2025-05-09 18:45:00
2025-05-09 18:50:00,0.0,2025-05-09 18:50:00
2025-05-09 18:55:00,0.0,2025-05-09 18:55:00
2025-05-09 19:00:00,0.0,2025-05-09 19:00:00
2025-05-09 19:05:00,0.0,2025-05-09 19:05:00
2025-05-09 19:10:00,0.0,2025-05-09 19:10:00
2025-05-09 19:15:00,0.0,2025-05-09 19:15:00
2025-05-09 19:20:00,0.0,2025-05-09 19:20:00
2025-05-09 19:25:00,0.0,2025-05-09 19:25:00
2025-05-09 19:30:00,0.0,2025-05-09 19:30:00
2025-05-09 19:35:00,0.0,2025-05-09 19:35:00
2025-05-09 19:40:00,0.0,2025-05-09 19:40:00
2025-05-09 19:45:00,0.0,2025-05-09 19:45:00
2025-05-09 19:50:00,0.0,2025-05-09 19:50:00
2025-05-09 19:55:00,0.0,2025-05-09 19:55:00
2025-05-09 20:00:00,0.0,2025-05-09 20:00:00
2025-05-09 20:05:00,0.0,2025-05-09 20:05:00
2025-05-09 20:10:00,0.0,2025-05-09 20:10:00
2025-05-09 20:15:00,0.0,2025-05-09 20:15:00
2025-05-09 20:20:00,0.0,2025-05-09 20:20:00
2025-05-09 20:25:00,0.0,2025-05-09 20:25:00
2025-05-09 20:30:00,0.0,2025-05-09 20:30:00
2025-05-09 20:35:00,0.0,2025-05-09 20:35:00
2025-05-09 20:40:00,0.0,2025-05-09 20:40:00
2025-05-09 20:45:00,0.0,2025-05-09 20:45:00
2025-05-09 20:50:00,0.0,2025-05-09 20:50:00
2025-05-09 20:55:00,0.0,2025-05-09 20:55:00
2025-05-09 21:00:00,0.0,2025-05-09 21:00:00
2025-05-09 21:05:00,0.0,2025-05-09 21:05:00
2025-05-09 21:10:00,0.0,2025-05-09 21:10:00
2025-05-09 21:15:00,0.0,2025-05-09 21:15:00
2025-05-09 21:20:00,0.0,2025-05-09 21:20:00
2025-05-09 21:25:00,0.0,2025-05-09 21:25:00
2025-05-09 21:30:00,0.0,2025-05-09 21:30:00
2025-05-09 21:35:00,0.0,2025-05-09 21:35:00
2025-05-09 21:40:00,0.0,2025-05-09 21:40:00
2025-05-09 21:45:00,0.0,2025-05-09 21:45:00
2025-05-09 21:50:00,0.0,2025-05-09 21:50:00
2025-05-09 21:55:00,0.0,2025-05-09 21:55:00
2025-05-09 22:00:00,-851.958,2025-05-09 22:00:00
2025-05-09 22:05:00,-755.928,2025-05-09 22:05:00
2025-05-09 22:10:00,-931.928,2025-05-09 22:10:00
2025-05-09 22:15:00,-803.918,2025-05-09 22:15:00
2025-05-09 22:20:00,-799.908,2025-05-09 22:20:00
2025-05-09 22:25:00,-795.928,2025-05-09 22:25:00
2025-05-09 22:30:00,-959.928,2025-05-09 22:30:00
2025-05-09 22:35:00,-887.938,2025-05-09 22:35:00
2025-05-09 22:40:00,-903.898,2025-05-09 22:40:00
2025-05-09 22:45:00,-1199.928,2025-05-09 22:45:00
2025-05-09 22:50:00,-1215.928,2025-05-09 22:50:00
2025-05-09 22:55:00,-1099.948,2025-05-09 22:55:00
2025-05-09 23:00:00,-883.948,2025-05-09 23:00:00
2025-05-09 23:05:00,-1147.918,2025-05-09 23:05:00
2025-05-09 23:10:00,-1015.938,2025-05-09 23:10:00
2025-05-09 23:15:00,-1143.958,2025-05-09 23:15:00
2025-05-09 23:20:00,-783.928,2025-05-09 23:20:00
2025-05-09 23:25:00,-959.948,2025-05-09 23:25:00
2025-05-09 23:30:00,-799.918,2025-05-09 23:30:00
2025-05-09 23:35:00,-723.938,2025-05-09 23:35:00
2025-05-09 23:40:00,-1187.928,2025-05-09 23:40:00
2025-05-09 23:45:00,-755.928,2025-05-09 23:45:00
2025-05-09 23:50:00,-863.888,2025-05-09 23:50:00
2025-05-09 23:55:00,-931.938,2025-05-09 23:55:00
2025-05-10 00:00:00,-775.928,2025-05-10 00:00:00
2025-05-10 00:05:00,-939.948,2025-05-10 00:05:00
2025-05-10 00:10:00,-783.928,2025-05-10 00:10:00
2025-05-10 00:15:00,-1055.958,2025-05-10 00:15:00
2025-05-10 00:20:00,-795.938,2025-05-10 00:20:00
2025-05-10 00:25:00,-779.978,2025-05-10 00:25:00
2025-05-10 00:30:00,-779.918,2025-05-10 00:30:00
2025-05-10 00:35:00,-787.968,2025-05-10 00:35:00
2025-05-10 00:40:00,-943.918,2025-05-10 00:40:00
2025-05-10 00:45:00,-831.928,2025-05-10 00:45:00
2025-05-10 00:50:00,-1083.918,2025-05-10 00:50:00
2025-05-10 00:55:00,-943.918,2025-05-10 00:55:00
2025-05-10 01:00:00,-723.928,2025-05-10 01:00:00
2025-05-10 01:05:00,-927.948,2025-05-10 01:05:00
2025-05-10 01:10:00,-1171.928,2025-05-10 01:10:00
2025-05-10 01:15:00,-835.938,2025-05-10 01:15:00
2025-05-10 01:20:00,-1135.948,2025-05-10 01:20:00
2025-05-10 01:25:00,-839.938,2025-05-10 01:25:00
2025-05-10 01:30:00,-879.938,2025-05-10 01:30:00
2025-05-10 01:35:00,-895.898,2025-05-10 01:35:00
2025-05-10 01:40:00,-923.928,2025-05-10 01:40:00
2025-05-10 01:45:00,-1095.908,2025-05-10 01:45:00
2025-05-10 01:50:00,-863.928,2025-05-10 01:50:00
2025-05-10 01:55:00,-1275.958,2025-05-10 01:55:00
2025-05-10 02:00:00,-1079.918,2025-05-10 02:00:00
2025-05-10 02:05:00,-935.948,2025-05-10 02:05:00
2025-05-10 02:10:00,-903.958,2025-05-10 02:10:00
2025-05-10 02:15:00,-1035.938,2025-05-10 02:15:00
2025-05-10 02:20:00,-1071.928,2025-05-10 02:20:00
2025-05-10 02:25:00,-1139.948,2025-05-10 02:25:00
2025-05-10 02:30:00,-863.928,2025-05-10 02:30:00
2025-05-10 02:35:00,-919.898,2025-05-10 02:35:00
2025-05-10 02:40:00,-1175.918,2025-05-10 02:40:00
2025-05-10 02:45:00,-859.938,2025-05-10 02:45:00
2025-05-10 02:50:00,-1051.938,2025-05-10 02:50:00
2025-05-10 02:55:00,-1007.938,2025-05-10 02:55:00
2025-05-10 03:00:00,-935.918,2025-05-10 03:00:00
2025-05-10 03:05:00,-919.908,2025-05-10 03:05:00
2025-05-10 03:10:00,-1115.908,2025-05-10 03:10:00
2025-05-10 03:15:00,-1291.918,2025-05-10 03:15:00
2025-05-10 03:20:00,-1099.918,2025-05-10 03:20:00
2025-05-10 03:25:00,-1211.938,2025-05-10 03:25:00
2025-05-10 03:30:00,-1223.928,2025-05-10 03:30:00
2025-05-10 03:35:00,-1203.928,2025-05-10 03:35:00
2025-05-10 03:40:00,-1267.968,2025-05-10 03:40:00
2025-05-10 03:45:00,-1383.918,2025-05-10 03:45:00
2025-05-10 03:50:00,-1299.928,2025-05-10 03:50:00
2025-05-10 03:55:00,-1243.938,2025-05-10 03:55:00
2025-05-10 04:00:00,-947.928,2025-05-10 04:00:00
2025-05-10 04:05:00,-975.878,2025-05-10 04:05:00
2025-05-10 04:10:00,-875.898,2025-05-10 04:10:00
2025-05-10 04:15:00,-863.938,2025-05-10 04:15:00
2025-05-10 04:20:00,-911.908,2025-05-10 04:20:00
2025-05-10 04:25:00,-927.958,2025-05-10 04:25:00
2025-05-10 04:30:00,-1035.918,2025-05-10 04:30:00
2025-05-10 04:35:00,-1119.918,2025-05-10 04:35:00
2025-05-10 04:40:00,-959.928,2025-05-10 04:40:00
2025-05-10 04:45:00,-1255.918,2025-05-10 04:45:00
2025-05-10 04:50:00,-907.928,2025-05-10 04:50:00
2025-05-10 04:55:00,-975.908,2025-05-10 04:55:00
2025-05-10 05:00:00,-923.958,2025-05-10 05:00:00
2025-05-10 05:05:00,-1055.958,2025-05-10 05:05:00
2025-05-10 05:10:00,-931.908,2025-05-10 05:10:00
2025-05-10 05:15:00,-955.928,2025-05-10 05:15:00
2025-05-10 05:20:00,-855.928,2025-05-10 05:20:00
2025-05-10 05:25:00,-899.928,2025-05-10 05:25:00
2025-05-10 05:30:00,-931.938,2025-05-10 05:30:00
2025-05-10 05:35:00,-995.918,2025-05-10 05:35:00
2025-05-10 05:40:00,-919.898,2025-05-10 05:40:00
2025-05-10 05:45:00,-999.908,2025-05-10 05:45:00
2025-05-10 05:50:00,-963.958,2025-05-10 05:50:00
2025-05-10 05:55:00,-1023.958,2025-05-10 05:55:00
2025-05-10 06:00:00,-963.958,2025-05-10 06:00:00
2025-05-10 06:05:00,-971.948,2025-05-10 06:05:00
2025-05-10 06:10:00,-959.928,2025-05-10 06:10:00
2025-05-10 06:15:00,-1063.938,2025-05-10 06:15:00
2025-05-10 06:20:00,-987.938,2025-05-10 06:20:00
2025-05-10 06:25:00,-1003.938,2025-05-10 06:25:00
2025-05-10 06:30:00,-955.958,2025-05-10 06:30:00
2025-05-10 06:35:00,-947.938,2025-05-10 06:35:00
2025-05-10 06:40:00,-1043.958,2025-05-10 06:40:00
2025-05-10 06:45:00,-1031.928,2025-05-10 06:45:00
2025-05-10 06:50:00,-1387.958,2025-05-10 06:50:00
2025-05-10 06:55:00,-995.948,2025-05-10 06:55:00
2025-05-10 07:00:00,-999.928,2025-05-10 07:00:00
2025-05-10 07:05:00,-955.928,2025-05-10 07:05:00
2025-05-10 07:10:00,-1175.908,2025-05-10 07:10:00
2025-05-10 07:15:00,-1067.928,2025-05-10 07:15:00
2025-05-10 07:20:00,-1123.918,2025-05-10 07:20:00
2025-05-10 07:25:00,-1147.928,2025-05-10 07:25:00
2025-05-10 07:30:00,-959.908,2025-05-10 07:30:00
2025-05-10 07:35:00,-1063.918,2025-05-10 07:35:00
2025-05-10 07:40:00,-1023.928,2025-05-10 07:40:00
2025-05-10 07:45:00,-1211.908,2025-05-10 07:45:00
2025-05-10 07:50:00,-1143.918,2025-05-10 07:50:00
2025-05-10 07:55:00,-1055.908,2025-05-10 07:55:00
2025-05-10 08:00:00,9000.0,2025-05-10 08:00:00
2025-05-10 08:05:00,9000.0,2025-05-10 08:05:00
2025-05-10 08:10:00,9000.0,2025-05-10 08:10:00
2025-05-10 08:15:00,9000.0,2025-05-10 08:15:00
2025-05-10 08:20:00,9000.0,2025-05-10 08:20:00
2025-05-10 08:25:00,9000.0,2025-05-10 08:25:00
2025-05-10 08:30:00,9000.0,2025-05-10 08:30:00
2025-05-10 08:35:00,9000.0,2025-05-10 08:35:00
2025-05-10 08:40:00,9000.0,2025-05-10 08:40:00
2025-05-10 08:45:00,8999.999,2025-05-10 08:45:00
2025-05-10 08:50:00,8999.998,2025-05-10 08:50:00
2025-05-10 08:55:00,5173.515,2025-05-10 08:55:00
2025-05-10 09:00:00,0.0,2025-05-10 09:00:00
2025-05-10 09:05:00,0.0,2025-05-10 09:05:00
2025-05-10 09:10:00,0.0,2025-05-10 09:10:00
2025-05-10 09:15:00,0.0,2025-05-10 09:15:00
2025-05-10 09:20:00,0.0,2025-05-10 09:20:00
2025-05-10 09:25:00,0.0,2025-05-10 09:25:00
2025-05-10 09:30:00,0.0,2025-05-10 09:30:00
2025-05-10 09:35:00,0.0,2025-05-10 09:35:00
2025-05-10 09:40:00,0.0,2025-05-10 09:40:00
2025-05-10 09:45:00,0.0,2025-05-10 09:45:00
2025-05-10 09:50:00,0.0,2025-05-10 09:50:00
2025-05-10 09:55:00,0.0,2025-05-10 09:55:00
2025-05-10 10:00:00,0.0,2025-05-10 10:00:00
2025-05-10 10:05:00,0.0,2025-05-10 10:05:00
2025-05-10 10:10:00,0.0,2025-05-10 10:10:00
2025-05-10 10:15:00,0.0,2025-05-10 10:15:00
2025-05-10 10:20:00,0.0,2025-05-10 10:20:00
2025-05-10 10:25:00,0.0,2025-05-10 10:25:00
2025-05-10 10:30:00,0.0,2025-05-10 10:30:00
2025-05-10 10:35:00,0.0,2025-05-10 10:35:00
2025-05-10 10:40:00,0.0,2025-05-10 10:40:00
2025-05-10 10:45:00,0.0,2025-05-10 10:45:00
2025-05-10 10:50:00,0.0,2025-05-10 10:50:00
2025-05-10 10:55:00,0.0,2025-05-10 10:55:00
2025-05-10 11:00:00,-1143.938,2025-05-10 11:00:00
2025-05-10 11:05:00,-1175.938,2025-05-10 11:05:00
2025-05-10 11:10:00,-1139.878,2025-05-10 11:10:00
2025-05-10 11:15:00,-1155.908,2025-05-10 11:15:00
2025-05-10 11:20:00,-1123.928,2025-05-10 11:20:00
2025-05-10 11:25:00,-1111.918,2025-05-10 11:25:00
2025-05-10 11:30:00,-1123.968,2025-05-10 11:30:00
2025-05-10 11:35:00,-1283.898,2025-05-10 11:35:00
2025-05-10 11:40:00,-1151.908,2025-05-10 11:40:00
2025-05-10 11:45:00,-1111.908,2025-05-10 11:45:00
2025-05-10 11:50:00,-1203.928,2025-05-10 11:50:00
2025-05-10 11:55:00,-1115.908,2025-05-10 11:55:00
2025-05-10 12:00:00,-1171.908,2025-05-10 12:00:00
2025-05-10 12:05:00,-1135.908,2025-05-10 12:05:00
2025-05-10 12:10:00,-1195.938,2025-05-10 12:10:00
2025-05-10 12:15:00,-1251.918,2025-05-10 12:15:00
2025-05-10 12:20:00,-1211.938,2025-05-10 12:20:00
2025-05-10 12:25:00,-1183.908,2025-05-10 12:25:00
2025-05-10 12:30:00,-1351.908,2025-05-10 12:30:00
2025-05-10 12:35:00,-1139.958,2025-05-10 12:35:00
2025-05-10 12:40:00,-1195.928,2025-05-10 12:40:00
2025-05-10 12:45:00,-1219.928,2025-05-10 12:45:00
2025-05-10 12:50:00,-1175.928,2025-05-10 12:50:00
2025-05-10 12:55:00,-1391.918,2025-05-10 12:55:00
2025-05-10 13:00:00,-1331.968,2025-05-10 13:00:00
2025-05-10 13:05:00,-1435.888,2025-05-10 13:05:00
2025-05-10 13:10:00,-1231.938,2025-05-10 13:10:00
2025-05-10 13:15:00,-1083.958,2025-05-10 13:15:00
2025-05-10 13:20:00,-1443.928,2025-05-10 13:20:00
2025-05-10 13:25:00,-1223.958,2025-05-10 13:25:00
2025-05-10 13:30:00,-1087.948,2025-05-10 13:30:00
2025-05-10 13:35:00,-1147.938,2025-05-10 13:35:00
2025-05-10 13:40:00,-1063.928,2025-05-10 13:40:00
2025-05-10 13:45:00,-1595.948,2025-05-10 13:45:00
2025-05-10 13:50:00,-1123.928,2025-05-10 13:50:00
2025-05-10 13:55:00,-1387.958,2025-05-10 13:55:00
2025-05-10 14:00:00,-1319.908,2025-05-10 14:00:00
2025-05-10 14:05:00,-1399.918,2025-05-10 14:05:00
2025-05-10 14:10:00,-1471.918,2025-05-10 14:10:00
2025-05-10 14:15:00,-1439.978,2025-05-10 14:15:00
2025-05-10 14:20:00,-1655.898,2025-05-10 14:20:00
2025-05-10 14:25:00,-1423.928,2025-05-10 14:25:00
2025-05-10 14:30:00,-1487.948,2025-05-10 14:30:00
2025-05-10 14:35:00,-1079.948,2025-05-10 14:35:00
2025-05-10 14:40:00,-1087.938,2025-05-10 14:40:00
2025-05-10 14:45:00,-1183.908,2025-05-10 14:45:00
2025-05-10 14:50:00,-1119.908,2025-05-10 14:50:00
2025-05-10 14:55:00,-1039.918,2025-05-10 14:55:00
2025-05-10 15:00:00,-1039.908,2025-05-10 15:00:00
2025-05-10 15:05:00,-1103.938,2025-05-10 15:05:00
2025-05-10 15:10:00,-1047.928,2025-05-10 15:10:00
2025-05-10 15:15:00,-1107.908,2025-05-10 15:15:00
2025-05-10 15:20:00,-1015.928,2025-05-10 15:20:00
2025-05-10 15:25:00,-1059.928,2025-05-10 15:25:00
2025-05-10 15:30:00,-1135.928,2025-05-10 15:30:00
2025-05-10 15:35:00,-1163.898,2025-05-10 15:35:00
2025-05-10 15:40:00,-1019.928,2025-05-10 15:40:00
2025-05-10 15:45:00,-1123.918,2025-05-10 15:45:00
2025-05-10 15:50:00,-1019.938,2025-05-10 15:50:00
2025-05-10 15:55:00,-1079.958,2025-05-10 15:55:00
2025-05-10 16:00:00,-1207.938,2025-05-10 16:00:00
2025-05-10 16:05:00,-1135.898,2025-05-10 16:05:00
2025-05-10 16:10:00,-1111.958,2025-05-10 16:10:00
2025-05-10 16:15:00,-1079.928,2025-05-10 16:15:00
2025-05-10 16:20:00,-1119.948,2025-05-10 16:20:00
2025-05-10 16:25:00,-1059.928,2025-05-10 16:25:00
2025-05-10 16:30:00,-1055.928,2025-05-10 16:30:00
2025-05-10 16:35:00,-1127.898,2025-05-10 16:35:00
2025-05-10 16:40:00,-1259.918,2025-05-10 16:40:00
2025-05-10 16:45:00,-1095.958,2025-05-10 16:45:00
2025-05-10 16:50:00,-1059.908,2025-05-10 16:50:00
2025-05-10 16:55:00,-1143.948,2025-05-10 16:55:00
2025-05-10 17:00:00,-1079.928,2025-05-10 17:00:00
2025-05-10 17:05:00,-1131.938,2025-05-10 17:05:00
2025-05-10 17:10:00,-1075.918,2025-05-10 17:10:00
2025-05-10 17:15:00,-1179.918,2025-05-10 17:15:00
2025-05-10 17:20:00,-1107.878,2025-05-10 17:20:00
2025-05-10 17:25:00,-1467.928,2025-05-10 17:25:00
2025-05-10 17:30:00,-1091.918,2025-05-10 17:30:00
2025-05-10 17:35:00,-1159.938,2025-05-10 17:35:00
2025-05-10 17:40:00,-1107.948,2025-05-10 17:40:00
2025-05-10 17:45:00,-1099.958,2025-05-10 17:45:00
2025-05-10 17:50:00,-1111.918,2025-05-10 17:50:00
2025-05-10 17:55:00,-1007.928,2025-05-10 17:55:00
2025-05-10 18:00:00,9000.0,2025-05-10 18:00:00
2025-05-10 18:05:00,9000.0,2025-05-10 18:05:00
2025-05-10 18:10:00,9000.0,2025-05-10 18:10:00
2025-05-10 18:15:00,9000.0,2025-05-10 18:15:00
2025-05-10 18:20:00,9000.0,2025-05-10 18:20:00
2025-05-10 18:25:00,9000.0,2025-05-10 18:25:00
2025-05-10 18:30:00,9000.0,2025-05-10 18:30:00
2025-05-10 18:35:00,8999.999,2025-05-10 18:35:00
2025-05-10 18:40:00,8999.998,2025-05-10 18:40:00
2025-05-10 18:45:00,5824.83,2025-05-10 18:45:00
2025-05-10 18:50:00,0.0,2025-05-10 18:50:00
2025-05-10 18:55:00,0.0,2025-05-10 18:55:00
2025-05-10 19:00:00,0.0,2025-05-10 19:00:00
2025-05-10 19:05:00,0.0,2025-05-10 19:05:00
2025-05-10 19:10:00,0.0,2025-05-10 19:10:00
2025-05-10 19:15:00,0.0,2025-05-10 19:15:00
2025-05-10 19:20:00,0.0,2025-05-10 19:20:00
2025-05-10 19:25:00,0.0,2025-05-10 19:25:00
2025-05-10 19:30:00,0.0,2025-05-10 19:30:00
2025-05-10 19:35:00,0.0,2025-05-10 19:35:00
2025-05-10 19:40:00,0.0,2025-05-10 19:40:00
2025-05-10 19:45:00,0.0,2025-05-10 19:45:00
2025-05-10 19:50:00,0.0,2025-05-10 19:50:00
2025-05-10 19:55:00,0.0,2025-05-10 19:55:00
2025-05-10 20:00:00,0.0,2025-05-10 20:00:00
2025-05-10 20:05:00,0.0,2025-05-10 20:05:00
2025-05-10 20:10:00,0.0,2025-05-10 20:10:00
2025-05-10 20:15:00,0.0,2025-05-10 20:15:00
2025-05-10 20:20:00,0.0,2025-05-10 20:20:00
2025-05-10 20:25:00,0.0,2025-05-10 20:25:00
2025-05-10 20:30:00,0.0,2025-05-10 20:30:00
2025-05-10 20:35:00,0.0,2025-05-10 20:35:00
2025-05-10 20:40:00,0.0,2025-05-10 20:40:00
2025-05-10 20:45:00,0.0,2025-05-10 20:45:00
2025-05-10 20:50:00,0.0,2025-05-10 20:50:00
2025-05-10 20:55:00,0.0,2025-05-10 20:55:00
2025-05-10 21:00:00,0.0,2025-05-10 21:00:00
2025-05-10 21:05:00,0.0,2025-05-10 21:05:00
2025-05-10 21:10:00,0.0,2025-05-10 21:10:00
2025-05-10 21:15:00,0.0,2025-05-10 21:15:00
2025-05-10 21:20:00,0.0,2025-05-10 21:20:00
2025-05-10 21:25:00,0.0,2025-05-10 21:25:00
2025-05-10 21:30:00,0.0,2025-05-10 21:30:00
2025-05-10 21:35:00,0.0,2025-05-10 21:35:00
2025-05-10 21:40:00,0.0,2025-05-10 21:40:00
2025-05-10 21:45:00,0.0,2025-05-10 21:45:00
2025-05-10 21:50:00,0.0,2025-05-10 21:50:00
2025-05-10 21:55:00,0.0,2025-05-10 21:55:00
2025-05-10 22:00:00,-894.36,2025-05-10 22:00:00
2025-05-10 22:05:00,-882.37,2025-05-10 22:05:00
2025-05-10 22:10:00,-814.36,2025-05-10 22:10:00
2025-05-10 22:15:00,-890.37,2025-05-10 22:15:00
2025-05-10 22:20:00,-906.38,2025-05-10 22:20:00
2025-05-10 22:25:00,-858.39,2025-05-10 22:25:00
2025-05-10 22:30:00,-846.39,2025-05-10 22:30:00
2025-05-10 22:35:00,-830.36,2025-05-10 22:35:00
2025-05-10 22:40:00,-862.35,2025-05-10 22:40:00
2025-05-10 22:45:00,-966.38,2025-05-10 22:45:00
2025-05-10 22:50:00,-934.4,2025-05-10 22:50:00
2025-05-10 22:55:00,-1014.41,2025-05-10 22:55:00
2025-05-10 23:00:00,-946.37,2025-05-10 23:00:00
2025-05-10 23:05:00,-910.39,2025-05-10 23:05:00
2025-05-10 23:10:00,-878.4,2025-05-10 23:10:00
2025-05-10 23:15:00,-894.41,2025-05-10 23:15:00
2025-05-10 23:20:00,-834.35,2025-05-10 23:20:00
2025-05-10 23:25:00,-862.41,2025-05-10 23:25:00
2025-05-10 23:30:00,-978.38,2025-05-10 23:30:00
2025-05-10 23:35:00,-794.35,2025-05-10 23:35:00
2025-05-10 23:40:00,-786.38,2025-05-10 23:40:00
2025-05-10 23:45:00,-1054.4,2025-05-10 23:45:00
2025-05-10 23:50:00,-902.37,2025-05-10 23:50:00
2025-05-10 23:55:00,-866.35,2025-05-10 23:55:00
2025-05-11 00:00:00,-838.4,2025-05-11 00:00:00
2025-05-11 00:05:00,-894.38,2025-05-11 00:05:00
2025-05-11 00:10:00,-850.41,2025-05-11 00:10:00
2025-05-11 00:15:00,-1426.36,2025-05-11 00:15:00
2025-05-11 00:20:00,-1138.34,2025-05-11 00:20:00
2025-05-11 00:25:00,-1070.4,2025-05-11 00:25:00
2025-05-11 00:30:00,-998.36,2025-05-11 00:30:00
2025-05-11 00:35:00,-1178.36,2025-05-11 00:35:00
2025-05-11 00:40:00,-1242.39,2025-05-11 00:40:00
2025-05-11 00:45:00,-1266.33,2025-05-11 00:45:00
2025-05-11 00:50:00,-1194.39,2025-05-11 00:50:00
2025-05-11 00:55:00,-914.38,2025-05-11 00:55:00
2025-05-11 01:00:00,-954.39,2025-05-11 01:00:00
2025-05-11 01:05:00,-962.37,2025-05-11 01:05:00
2025-05-11 01:10:00,-1022.36,2025-05-11 01:10:00
2025-05-11 01:15:00,-1238.32,2025-05-11 01:15:00
2025-05-11 01:20:00,-1226.37,2025-05-11 01:20:00
2025-05-11 01:25:00,-970.36,2025-05-11 01:25:00
2025-05-11 01:30:00,-1150.4,2025-05-11 01:30:00
2025-05-11 01:35:00,-1294.36,2025-05-11 01:35:00
2025-05-11 01:40:00,-1110.4,2025-05-11 01:40:00
2025-05-11 01:45:00,-1054.35,2025-05-11 01:45:00
2025-05-11 01:50:00,-950.39,2025-05-11 01:50:00
2025-05-11 01:55:00,-1238.37,2025-05-11 01:55:00
2025-05-11 02:00:00,-1250.37,2025-05-11 02:00:00
2025-05-11 02:05:00,-1062.4,2025-05-11 02:05:00
2025-05-11 02:10:00,-1038.36,2025-05-11 02:10:00
2025-05-11 02:15:00,-1186.42,2025-05-11 02:15:00
2025-05-11 02:20:00,-1174.4,2025-05-11 02:20:00
2025-05-11 02:25:00,-1426.38,2025-05-11 02:25:00
2025-05-11 02:30:00,-1298.36,2025-05-11 02:30:00
2025-05-11 02:35:00,-1286.38,2025-05-11 02:35:00
2025-05-11 02:40:00,-974.39,2025-05-11 02:40:00
2025-05-11 02:45:00,-1306.4,2025-05-11 02:45:00
2025-05-11 02:50:00,-1386.3,2025-05-11 02:50:00
2025-05-11 02:55:00,-1234.4,2025-05-11 02:55:00
2025-05-11 03:00:00,-1458.34,2025-05-11 03:00:00
2025-05-11 03:05:00,-1354.4,2025-05-11 03:05:00
2025-05-11 03:10:00,-1062.37,2025-05-11 03:10:00
2025-05-11 03:15:00,-1270.38,2025-05-11 03:15:00
2025-05-11 03:20:00,-1110.38,2025-05-11 03:20:00
2025-05-11 03:25:00,-942.36,2025-05-11 03:25:00
2025-05-11 03:30:00,-982.36,2025-05-11 03:30:00
2025-05-11 03:35:00,-1098.36,2025-05-11 03:35:00
2025-05-11 03:40:00,-974.38,2025-05-11 03:40:00
2025-05-11 03:45:00,-942.37,2025-05-11 03:45:00
2025-05-11 03:50:00,-950.37,2025-05-11 03:50:00
2025-05-11 03:55:00,-874.38,2025-05-11 03:55:00
2025-05-11 04:00:00,-930.4,2025-05-11 04:00:00
2025-05-11 04:05:00,-1046.36,2025-05-11 04:05:00
2025-05-11 04:10:00,-1002.38,2025-05-11 04:10:00
2025-05-11 04:15:00,-1018.39,2025-05-11 04:15:00
2025-05-11 04:20:00,-986.36,2025-05-11 04:20:00
2025-05-11 04:25:00,-1022.39,2025-05-11 04:25:00
2025-05-11 04:30:00,-918.36,2025-05-11 04:30:00
2025-05-11 04:35:00,-926.4,2025-05-11 04:35:00
2025-05-11 04:40:00,-1026.37,2025-05-11 04:40:00
2025-05-11 04:45:00,-954.38,2025-05-11 04:45:00
2025-05-11 04:50:00,-918.4,2025-05-11 04:50:00
2025-05-11 04:55:00,-982.37,2025-05-11 04:55:00
2025-05-11 05:00:00,-1082.35,2025-05-11 05:00:00
2025-05-11 05:05:00,-1010.38,2025-05-11 05:05:00
2025-05-11 05:10:00,-966.38,2025-05-11 05:10:00
2025-05-11 05:15:00,-1006.38,2025-05-11 05:15:00
2025-05-11 05:20:00,-966.38,2025-05-11 05:20:00
2025-05-11 05:25:00,-1034.33,2025-05-11 05:25:00
2025-05-11 05:30:00,-1062.37,2025-05-11 05:30:00
2025-05-11 05:35:00,-1002.38,2025-05-11 05:35:00
2025-05-11 05:40:00,-1062.4,2025-05-11 05:40:00
2025-05-11 05:45:00,-1170.37,2025-05-11 05:45:00
2025-05-11 05:50:00,-1154.35,2025-05-11 05:50:00
2025-05-11 05:55:00,-1078.34,2025-05-11 05:55:00
2025-05-11 06:00:00,-1318.39,2025-05-11 06:00:00
2025-05-11 06:05:00,-966.34,2025-05-11 06:05:00
2025-05-11 06:10:00,-1114.34,2025-05-11 06:10:00
2025-05-11 06:15:00,-1046.37,2025-05-11 06:15:00
2025-05-11 06:20:00,-1046.34,2025-05-11 06:20:00
2025-05-11 06:25:00,-1118.4,2025-05-11 06:25:00
2025-05-11 06:30:00,-1086.32,2025-05-11 06:30:00
2025-05-11 06:35:00,-1122.37,2025-05-11 06:35:00
2025-05-11 06:40:00,-1026.4,2025-05-11 06:40:00
2025-05-11 06:45:00,-1030.35,2025-05-11 06:45:00
2025-05-11 06:50:00,-1066.38,2025-05-11 06:50:00
2025-05-11 06:55:00,-1094.35,2025-05-11 06:55:00
2025-05-11 07:00:00,-1078.38,2025-05-11 07:00:00
2025-05-11 07:05:00,-1074.36,2025-05-11 07:05:00
2025-05-11 07:10:00,-1014.38,2025-05-11 07:10:00
2025-05-11 07:15:00,-1046.37,2025-05-11 07:15:00
2025-05-11 07:20:00,-1038.38,2025-05-11 07:20:00
2025-05-11 07:25:00,-1062.34,2025-05-11 07:25:00
2025-05-11 07:30:00,-1006.35,2025-05-11 07:30:00
2025-05-11 07:35:00,-1018.39,2025-05-11 07:35:00
2025-05-11 07:40:00,-994.39,2025-05-11 07:40:00
2025-05-11 07:45:00,-1054.32,2025-05-11 07:45:00
2025-05-11 07:50:00,-1190.37,2025-05-11 07:50:00
2025-05-11 07:55:00,-1078.36,2025-05-11 07:55:00
2025-05-11 08:00:00,9000.0,2025-05-11 08:00:00
2025-05-11 08:05:00,9000.0,2025-05-11 08:05:00
2025-05-11 08:10:00,9000.0,2025-05-11 08:10:00
2025-05-11 08:15:00,9000.0,2025-05-11 08:15:00
2025-05-11 08:20:00,9000.0,2025-05-11 08:20:00
2025-05-11 08:25:00,9000.0,2025-05-11 08:25:00
2025-05-11 08:30:00,9000.0,2025-05-11 08:30:00
2025-05-11 08:35:00,9000.0,2025-05-11 08:35:00
2025-05-11 08:40:00,9000.0,2025-05-11 08:40:00
2025-05-11 08:45:00,9000.0,2025-05-11 08:45:00
2025-05-11 08:50:00,9000.0,2025-05-11 08:50:00
2025-05-11 08:55:00,8999.997,2025-05-11 08:55:00
2025-05-11 09:00:00,1477.868,2025-05-11 09:00:00
2025-05-11 09:05:00,0.0,2025-05-11 09:05:00
2025-05-11 09:10:00,0.0,2025-05-11 09:10:00
2025-05-11 09:15:00,0.0,2025-05-11 09:15:00
2025-05-11 09:20:00,0.0,2025-05-11 09:20:00
2025-05-11 09:25:00,0.0,2025-05-11 09:25:00
2025-05-11 09:30:00,0.0,2025-05-11 09:30:00
2025-05-11 09:35:00,0.0,2025-05-11 09:35:00
2025-05-11 09:40:00,0.0,2025-05-11 09:40:00
2025-05-11 09:45:00,0.0,2025-05-11 09:45:00
2025-05-11 09:50:00,0.0,2025-05-11 09:50:00
2025-05-11 09:55:00,0.0,2025-05-11 09:55:00
2025-05-11 10:00:00,0.0,2025-05-11 10:00:00
2025-05-11 10:05:00,0.0,2025-05-11 10:05:00
2025-05-11 10:10:00,0.0,2025-05-11 10:10:00
2025-05-11 10:15:00,0.0,2025-05-11 10:15:00
2025-05-11 10:20:00,0.0,2025-05-11 10:20:00
2025-05-11 10:25:00,0.0,2025-05-11 10:25:00
2025-05-11 10:30:00,0.0,2025-05-11 10:30:00
2025-05-11 10:35:00,0.0,2025-05-11 10:35:00
2025-05-11 10:40:00,0.0,2025-05-11 10:40:00
2025-05-11 10:45:00,0.0,2025-05-11 10:45:00
2025-05-11 10:50:00,0.0,2025-05-11 10:50:00
2025-05-11 10:55:00,0.0,2025-05-11 10:55:00
2025-05-11 11:00:00,-1194.34,2025-05-11 11:00:00
2025-05-11 11:05:00,-1250.36,2025-05-11 11:05:00
2025-05-11 11:10:00,-1314.38,2025-05-11 11:10:00
2025-05-11 11:15:00,-1310.38,2025-05-11 11:15:00
2025-05-11 11:20:00,-1150.35,2025-05-11 11:20:00
2025-05-11 11:25:00,-1210.34,2025-05-11 11:25:00
2025-05-11 11:30:00,-1166.36,2025-05-11 11:30:00
2025-05-11 11:35:00,-1150.39,2025-05-11 11:35:00
2025-05-11 11:40:00,-1622.36,2025-05-11 11:40:00
2025-05-11 11:45:00,-1202.36,2025-05-11 11:45:00
2025-05-11 11:50:00,-1310.37,2025-05-11 11:50:00
2025-05-11 11:55:00,-1178.34,2025-05-11 11:55:00
2025-05-11 12:00:00,-1170.36,2025-05-11 12:00:00
2025-05-11 12:05:00,-1142.38,2025-05-11 12:05:00
2025-05-11 12:10:00,-1182.37,2025-05-11 12:10:00
2025-05-11 12:15:00,-1258.42,2025-05-11 12:15:00
2025-05-11 12:20:00,-1102.36,2025-05-11 12:20:00
2025-05-11 12:25:00,-1126.39,2025-05-11 12:25:00
2025-05-11 12:30:00,-1106.41,2025-05-11 12:30:00
2025-05-11 12:35:00,-1102.38,2025-05-11 12:35:00
2025-05-11 12:40:00,-1094.36,2025-05-11 12:40:00
2025-05-11 12:45:00,-1182.37,2025-05-11 12:45:00
2025-05-11 12:50:00,-1066.4,2025-05-11 12:50:00
2025-05-11 12:55:00,-1158.37,2025-05-11 12:55:00
2025-05-11 13:00:00,-1130.37,2025-05-11 13:00:00
2025-05-11 13:05:00,-1258.39,2025-05-11 13:05:00
2025-05-11 13:10:00,-1158.36,2025-05-11 13:10:00
2025-05-11 13:15:00,-1142.38,2025-05-11 13:15:00
2025-05-11 13:20:00,-1126.36,2025-05-11 13:20:00
2025-05-11 13:25:00,-1106.39,2025-05-11 13:25:00
2025-05-11 13:30:00,-1298.35,2025-05-11 13:30:00
2025-05-11 13:35:00,-1062.39,2025-05-11 13:35:00
2025-05-11 13:40:00,-1174.36,2025-05-11 13:40:00
2025-05-11 13:45:00,-1086.36,2025-05-11 13:45:00
2025-05-11 13:50:00,-1098.38,2025-05-11 13:50:00
2025-05-11 13:55:00,-1102.38,2025-05-11 13:55:00
2025-05-11 14:00:00,-1142.38,2025-05-11 14:00:00
2025-05-11 14:05:00,-1130.39,2025-05-11 14:05:00
2025-05-11 14:10:00,-1106.38,2025-05-11 14:10:00
2025-05-11 14:15:00,-1126.35,2025-05-11 14:15:00
2025-05-11 14:20:00,-1122.39,2025-05-11 14:20:00
2025-05-11 14:25:00,-1038.33,2025-05-11 14:25:00
2025-05-11 14:30:00,-1030.35,2025-05-11 14:30:00
2025-05-11 14:35:00,-1178.39,2025-05-11 14:35:00
2025-05-11 14:40:00,-1110.38,2025-05-11 14:40:00
2025-05-11 14:45:00,-946.36,2025-05-11 14:45:00
2025-05-11 14:50:00,-1058.36,2025-05-11 14:50:00
2025-05-11 14:55:00,-1162.39,2025-05-11 14:55:00
2025-05-11 15:00:00,-1002.36,2025-05-11 15:00:00
2025-05-11 15:05:00,-1222.4,2025-05-11 15:05:00
2025-05-11 15:10:00,-1078.36,2025-05-11 15:10:00
2025-05-11 15:15:00,-1050.38,2025-05-11 15:15:00
2025-05-11 15:20:00,-1154.33,2025-05-11 15:20:00
2025-05-11 15:25:00,-998.36,2025-05-11 15:25:00
2025-05-11 15:30:00,-1026.34,2025-05-11 15:30:00
2025-05-11 15:35:00,-994.37,2025-05-11 15:35:00
2025-05-11 15:40:00,-850.39,2025-05-11 15:40:00
2025-05-11 15:45:00,-926.36,2025-05-11 15:45:00
2025-05-11 15:50:00,-1018.36,2025-05-11 15:50:00
2025-05-11 15:55:00,-970.36,2025-05-11 15:55:00
2025-05-11 16:00:00,-990.38,2025-05-11 16:00:00
2025-05-11 16:05:00,-1078.36,2025-05-11 16:05:00
2025-05-11 16:10:00,-902.35,2025-05-11 16:10:00
2025-05-11 16:15:00,-914.39,2025-05-11 16:15:00
2025-05-11 16:20:00,-970.36,2025-05-11 16:20:00
2025-05-11 16:25:00,-950.38,2025-05-11 16:25:00
2025-05-11 16:30:00,-918.35,2025-05-11 16:30:00
2025-05-11 16:35:00,-966.38,2025-05-11 16:35:00
2025-05-11 16:40:00,-930.35,2025-05-11 16:40:00
2025-05-11 16:45:00,-914.33,2025-05-11 16:45:00
2025-05-11 16:50:00,-914.39,2025-05-11 16:50:00
2025-05-11 16:55:00,-998.37,2025-05-11 16:55:00
2025-05-11 17:00:00,-974.36,2025-05-11 17:00:00
2025-05-11 17:05:00,-990.37,2025-05-11 17:05:00
2025-05-11 17:10:00,-966.38,2025-05-11 17:10:00
2025-05-11 17:15:00,-1018.4,2025-05-11 17:15:00
2025-05-11 17:20:00,-1430.39,2025-05-11 17:20:00
2025-05-11 17:25:00,-1098.38,2025-05-11 17:25:00
2025-05-11 17:30:00,-910.4,2025-05-11 17:30:00
2025-05-11 17:35:00,-934.38,2025-05-11 17:35:00
2025-05-11 17:40:00,-918.42,2025-05-11 17:40:00
2025-05-11 17:45:00,-998.37,2025-05-11 17:45:00
2025-05-11 17:50:00,-962.38,2025-05-11 17:50:00
2025-05-11 17:55:00,-978.36,2025-05-11 17:55:00
2025-05-11 18:00:00,9000.0,2025-05-11 18:00:00
2025-05-11 18:05:00,9000.0,2025-05-11 18:05:00
2025-05-11 18:10:00,9000.0,2025-05-11 18:10:00
2025-05-11 18:15:00,9000.0,2025-05-11 18:15:00
2025-05-11 18:20:00,9000.0,2025-05-11 18:20:00
2025-05-11 18:25:00,9000.0,2025-05-11 18:25:00
2025-05-11 18:30:00,9000.0,2025-05-11 18:30:00
2025-05-11 18:35:00,9000.0,2025-05-11 18:35:00
2025-05-11 18:40:00,8033.179,2025-05-11 18:40:00
2025-05-11 18:45:00,0.0,2025-05-11 18:45:00
2025-05-11 18:50:00,0.0,2025-05-11 18:50:00
2025-05-11 18:55:00,0.0,2025-05-11 18:55:00
2025-05-11 19:00:00,0.0,2025-05-11 19:00:00
2025-05-11 19:05:00,0.0,2025-05-11 19:05:00
2025-05-11 19:10:00,0.0,2025-05-11 19:10:00
2025-05-11 19:15:00,0.0,2025-05-11 19:15:00
2025-05-11 19:20:00,0.0,2025-05-11 19:20:00
2025-05-11 19:25:00,0.0,2025-05-11 19:25:00
2025-05-11 19:30:00,0.0,2025-05-11 19:30:00
2025-05-11 19:35:00,0.0,2025-05-11 19:35:00
2025-05-11 19:40:00,0.0,2025-05-11 19:40:00
2025-05-11 19:45:00,0.0,2025-05-11 19:45:00
2025-05-11 19:50:00,0.0,2025-05-11 19:50:00
2025-05-11 19:55:00,0.0,2025-05-11 19:55:00
2025-05-11 20:00:00,0.0,2025-05-11 20:00:00
2025-05-11 20:05:00,0.0,2025-05-11 20:05:00
2025-05-11 20:10:00,0.0,2025-05-11 20:10:00
2025-05-11 20:15:00,0.0,2025-05-11 20:15:00
2025-05-11 20:20:00,0.0,2025-05-11 20:20:00
2025-05-11 20:25:00,0.0,2025-05-11 20:25:00
2025-05-11 20:30:00,0.0,2025-05-11 20:30:00
2025-05-11 20:35:00,0.0,2025-05-11 20:35:00
2025-05-11 20:40:00,0.0,2025-05-11 20:40:00
2025-05-11 20:45:00,0.0,2025-05-11 20:45:00
2025-05-11 20:50:00,0.0,2025-05-11 20:50:00
2025-05-11 20:55:00,0.0,2025-05-11 20:55:00
2025-05-11 21:00:00,0.0,2025-05-11 21:00:00
2025-05-11 21:05:00,0.0,2025-05-11 21:05:00
2025-05-11 21:10:00,0.0,2025-05-11 21:10:00
2025-05-11 21:15:00,0.0,2025-05-11 21:15:00
2025-05-11 21:20:00,0.0,2025-05-11 21:20:00
2025-05-11 21:25:00,0.0,2025-05-11 21:25:00
2025-05-11 21:30:00,0.0,2025-05-11 21:30:00
2025-05-11 21:35:00,0.0,2025-05-11 21:35:00
2025-05-11 21:40:00,0.0,2025-05-11 21:40:00
2025-05-11 21:45:00,0.0,2025-05-11 21:45:00
2025-05-11 21:50:00,0.0,2025-05-11 21:50:00
2025-05-11 21:55:00,0.0,2025-05-11 21:55:00
2025-05-11 22:00:00,-1465.988,2025-05-11 22:00:00
2025-05-11 22:05:00,-1350.008,2025-05-11 22:05:00
2025-05-11 22:10:00,-1246.048,2025-05-11 22:10:00
2025-05-11 22:15:00,-1090.038,2025-05-11 22:15:00
2025-05-11 22:20:00,-1166.038,2025-05-11 22:20:00
2025-05-11 22:25:00,-1126.038,2025-05-11 22:25:00
2025-05-11 22:30:00,-1126.028,2025-05-11 22:30:00
2025-05-11 22:35:00,-1466.048,2025-05-11 22:35:00
2025-05-11 22:40:00,-1502.048,2025-05-11 22:40:00
2025-05-11 22:45:00,-1174.068,2025-05-11 22:45:00
2025-05-11 22:50:00,-974.018,2025-05-11 22:50:00
2025-05-11 22:55:00,-1242.018,2025-05-11 22:55:00
2025-05-11 23:00:00,-1022.058,2025-05-11 23:00:00
2025-05-11 23:05:00,-974.028,2025-05-11 23:05:00
2025-05-11 23:10:00,-846.038,2025-05-11 23:10:00
2025-05-11 23:15:00,-818.038,2025-05-11 23:15:00
2025-05-11 23:20:00,-950.058,2025-05-11 23:20:00
2025-05-11 23:25:00,-998.048,2025-05-11 23:25:00
2025-05-11 23:30:00,-853.998,2025-05-11 23:30:00
2025-05-11 23:35:00,-1458.028,2025-05-11 23:35:00
2025-05-11 23:40:00,-1270.018,2025-05-11 23:40:00
2025-05-11 23:45:00,-1334.048,2025-05-11 23:45:00
2025-05-11 23:50:00,-1306.058,2025-05-11 23:50:00
2025-05-11 23:55:00,-1242.068,2025-05-11 23:55:00
2025-05-12 00:00:00,-1274.058,2025-05-12 00:00:00
2025-05-12 00:05:00,-1014.018,2025-05-12 00:05:00
2025-05-12 00:10:00,-942.038,2025-05-12 00:10:00
2025-05-12 00:15:00,-890.048,2025-05-12 00:15:00
2025-05-12 00:20:00,-946.048,2025-05-12 00:20:00
2025-05-12 00:25:00,-942.008,2025-05-12 00:25:00
2025-05-12 00:30:00,-1322.048,2025-05-12 00:30:00
2025-05-12 00:35:00,-1310.048,2025-05-12 00:35:00
2025-05-12 00:40:00,-1322.048,2025-05-12 00:40:00
2025-05-12 00:45:00,-1042.018,2025-05-12 00:45:00
2025-05-12 00:50:00,-1022.028,2025-05-12 00:50:00
2025-05-12 00:55:00,-986.068,2025-05-12 00:55:00
2025-05-12 01:00:00,-1070.038,2025-05-12 01:00:00
2025-05-12 01:05:00,-894.038,2025-05-12 01:05:00
2025-05-12 01:10:00,-846.068,2025-05-12 01:10:00
2025-05-12 01:15:00,-1106.038,2025-05-12 01:15:00
2025-05-12 01:20:00,-1314.048,2025-05-12 01:20:00
2025-05-12 01:25:00,-1194.038,2025-05-12 01:25:00
2025-05-12 01:30:00,-1366.038,2025-05-12 01:30:00
2025-05-12 01:35:00,-1209.988,2025-05-12 01:35:00
2025-05-12 01:40:00,-970.058,2025-05-12 01:40:00
2025-05-12 01:45:00,-866.008,2025-05-12 01:45:00
2025-05-12 01:50:00,-1254.028,2025-05-12 01:50:00
2025-05-12 01:55:00,-1174.028,2025-05-12 01:55:00
2025-05-12 02:00:00,-1278.058,2025-05-12 02:00:00
2025-05-12 02:05:00,-1234.038,2025-05-12 02:05:00
2025-05-12 02:10:00,-1230.048,2025-05-12 02:10:00
2025-05-12 02:15:00,-1138.038,2025-05-12 02:15:00
2025-05-12 02:20:00,-910.008,2025-05-12 02:20:00
2025-05-12 02:25:00,-750.058,2025-05-12 02:25:00
2025-05-12 02:30:00,-746.018,2025-05-12 02:30:00
2025-05-12 02:35:00,-930.058,2025-05-12 02:35:00
2025-05-12 02:40:00,-874.038,2025-05-12 02:40:00
2025-05-12 02:45:00,-1030.048,2025-05-12 02:45:00
2025-05-12 02:50:00,-886.038,2025-05-12 02:50:00
2025-05-12 02:55:00,-877.988,2025-05-12 02:55:00
2025-05-12 03:00:00,-990.028,2025-05-12 03:00:00
2025-05-12 03:05:00,-970.038,2025-05-12 03:05:00
2025-05-12 03:10:00,-958.068,2025-05-12 03:10:00
2025-05-12 03:15:00,-990.038,2025-05-12 03:15:00
2025-05-12 03:20:00,-986.068,2025-05-12 03:20:00
2025-05-12 03:25:00,-1014.048,2025-05-12 03:25:00
2025-05-12 03:30:00,-1130.078,2025-05-12 03:30:00
2025-05-12 03:35:00,-1234.018,2025-05-12 03:35:00
2025-05-12 03:40:00,-1126.038,2025-05-12 03:40:00
2025-05-12 03:45:00,-1118.038,2025-05-12 03:45:00
2025-05-12 03:50:00,-1018.038,2025-05-12 03:50:00
2025-05-12 03:55:00,-1054.028,2025-05-12 03:55:00
2025-05-12 04:00:00,-1138.058,2025-05-12 04:00:00
2025-05-12 04:05:00,-994.068,2025-05-12 04:05:00
2025-05-12 04:10:00,-1154.018,2025-05-12 04:10:00
2025-05-12 04:15:00,-1034.038,2025-05-12 04:15:00
2025-05-12 04:20:00,-1050.028,2025-05-12 04:20:00
2025-05-12 04:25:00,-1010.048,2025-05-12 04:25:00
2025-05-12 04:30:00,-1178.038,2025-05-12 04:30:00
2025-05-12 04:35:00,-954.008,2025-05-12 04:35:00
2025-05-12 04:40:00,-946.038,2025-05-12 04:40:00
2025-05-12 04:45:00,-958.058,2025-05-12 04:45:00
2025-05-12 04:50:00,-1034.068,2025-05-12 04:50:00
2025-05-12 04:55:00,-1230.018,2025-05-12 04:55:00
2025-05-12 05:00:00,-1010.048,2025-05-12 05:00:00
2025-05-12 05:05:00,-1002.058,2025-05-12 05:05:00
2025-05-12 05:10:00,-974.038,2025-05-12 05:10:00
2025-05-12 05:15:00,-974.038,2025-05-12 05:15:00
2025-05-12 05:20:00,-982.038,2025-05-12 05:20:00
2025-05-12 05:25:00,-926.058,2025-05-12 05:25:00
2025-05-12 05:30:00,-938.048,2025-05-12 05:30:00
2025-05-12 05:35:00,-1009.998,2025-05-12 05:35:00
2025-05-12 05:40:00,-990.038,2025-05-12 05:40:00
2025-05-12 05:45:00,-886.048,2025-05-12 05:45:00
2025-05-12 05:50:00,-986.008,2025-05-12 05:50:00
2025-05-12 05:55:00,-1042.008,2025-05-12 05:55:00
2025-05-12 06:00:00,-914.068,2025-05-12 06:00:00
2025-05-12 06:05:00,-970.028,2025-05-12 06:05:00
2025-05-12 06:10:00,-966.038,2025-05-12 06:10:00
2025-05-12 06:15:00,-885.998,2025-05-12 06:15:00
2025-05-12 06:20:00,-1042.048,2025-05-12 06:20:00
2025-05-12 06:25:00,-1122.008,2025-05-12 06:25:00
2025-05-12 06:30:00,-1026.058,2025-05-12 06:30:00
2025-05-12 06:35:00,-1166.008,2025-05-12 06:35:00
2025-05-12 06:40:00,-966.038,2025-05-12 06:40:00
2025-05-12 06:45:00,-1090.058,2025-05-12 06:45:00
2025-05-12 06:50:00,-954.008,2025-05-12 06:50:00
2025-05-12 06:55:00,-1018.028,2025-05-12 06:55:00
2025-05-12 07:00:00,-978.058,2025-05-12 07:00:00
2025-05-12 07:05:00,-938.038,2025-05-12 07:05:00
2025-05-12 07:10:00,-1034.058,2025-05-12 07:10:00
2025-05-12 07:15:00,-1014.008,2025-05-12 07:15:00
2025-05-12 07:20:00,-930.038,2025-05-12 07:20:00
2025-05-12 07:25:00,-1030.038,2025-05-12 07:25:00
2025-05-12 07:30:00,-1170.028,2025-05-12 07:30:00
2025-05-12 07:35:00,-1050.018,2025-05-12 07:35:00
2025-05-12 07:40:00,-990.038,2025-05-12 07:40:00
2025-05-12 07:45:00,-1258.008,2025-05-12 07:45:00
2025-05-12 07:50:00,-1350.058,2025-05-12 07:50:00
2025-05-12 07:55:00,-1022.058,2025-05-12 07:55:00
2025-05-12 08:00:00,9000.0,2025-05-12 08:00:00
2025-05-12 08:05:00,9000.0,2025-05-12 08:05:00
2025-05-12 08:10:00,9000.0,2025-05-12 08:10:00
2025-05-12 08:15:00,9000.0,2025-05-12 08:15:00
2025-05-12 08:20:00,9000.0,2025-05-12 08:20:00
2025-05-12 08:25:00,9000.0,2025-05-12 08:25:00
2025-05-12 08:30:00,9000.0,2025-05-12 08:30:00
2025-05-12 08:35:00,9000.0,2025-05-12 08:35:00
2025-05-12 08:40:00,9000.0,2025-05-12 08:40:00
2025-05-12 08:45:00,9000.0,2025-05-12 08:45:00
2025-05-12 08:50:00,9000.0,2025-05-12 08:50:00
2025-05-12 08:55:00,8999.999,2025-05-12 08:55:00
2025-05-12 09:00:00,3903.898,2025-05-12 09:00:00
2025-05-12 09:05:00,0.0,2025-05-12 09:05:00
2025-05-12 09:10:00,0.0,2025-05-12 09:10:00
2025-05-12 09:15:00,0.0,2025-05-12 09:15:00
2025-05-12 09:20:00,0.0,2025-05-12 09:20:00
2025-05-12 09:25:00,0.0,2025-05-12 09:25:00
2025-05-12 09:30:00,0.0,2025-05-12 09:30:00
2025-05-12 09:35:00,0.0,2025-05-12 09:35:00
2025-05-12 09:40:00,0.0,2025-05-12 09:40:00
2025-05-12 09:45:00,0.0,2025-05-12 09:45:00
2025-05-12 09:50:00,0.0,2025-05-12 09:50:00
2025-05-12 09:55:00,0.0,2025-05-12 09:55:00
2025-05-12 10:00:00,0.0,2025-05-12 10:00:00
2025-05-12 10:05:00,0.0,2025-05-12 10:05:00
2025-05-12 10:10:00,0.0,2025-05-12 10:10:00
2025-05-12 10:15:00,0.0,2025-05-12 10:15:00
2025-05-12 10:20:00,0.0,2025-05-12 10:20:00
2025-05-12 10:25:00,0.0,2025-05-12 10:25:00
2025-05-12 10:30:00,0.0,2025-05-12 10:30:00
2025-05-12 10:35:00,0.0,2025-05-12 10:35:00
2025-05-12 10:40:00,0.0,2025-05-12 10:40:00
2025-05-12 10:45:00,0.0,2025-05-12 10:45:00
2025-05-12 10:50:00,0.0,2025-05-12 10:50:00
2025-05-12 10:55:00,0.0,2025-05-12 10:55:00
2025-05-12 11:00:00,-950.038,2025-05-12 11:00:00
2025-05-12 11:05:00,-1066.048,2025-05-12 11:05:00
2025-05-12 11:10:00,-946.068,2025-05-12 11:10:00
2025-05-12 11:15:00,-878.068,2025-05-12 11:15:00
2025-05-12 11:20:00,-878.058,2025-05-12 11:20:00
2025-05-12 11:25:00,-902.018,2025-05-12 11:25:00
2025-05-12 11:30:00,-982.048,2025-05-12 11:30:00
2025-05-12 11:35:00,-838.048,2025-05-12 11:35:00
2025-05-12 11:40:00,-898.068,2025-05-12 11:40:00
2025-05-12 11:45:00,-842.038,2025-05-12 11:45:00
2025-05-12 11:50:00,-922.058,2025-05-12 11:50:00
2025-05-12 11:55:00,-966.088,2025-05-12 11:55:00
2025-05-12 12:00:00,-845.998,2025-05-12 12:00:00
2025-05-12 12:05:00,-894.038,2025-05-12 12:05:00
2025-05-12 12:10:00,-818.048,2025-05-12 12:10:00
2025-05-12 12:15:00,-1046.048,2025-05-12 12:15:00
2025-05-12 12:20:00,-814.048,2025-05-12 12:20:00
2025-05-12 12:25:00,-814.018,2025-05-12 12:25:00
2025-05-12 12:30:00,-978.048,2025-05-12 12:30:00
2025-05-12 12:35:00,-898.018,2025-05-12 12:35:00
2025-05-12 12:40:00,-950.038,2025-05-12 12:40:00
2025-05-12 12:45:00,-838.068,2025-05-12 12:45:00
2025-05-12 12:50:00,-798.028,2025-05-12 12:50:00
2025-05-12 12:55:00,-894.018,2025-05-12 12:55:00
2025-05-12 13:00:00,-1062.028,2025-05-12 13:00:00
2025-05-12 13:05:00,-838.048,2025-05-12 13:05:00
2025-05-12 13:10:00,-906.058,2025-05-12 13:10:00
2025-05-12 13:15:00,-830.048,2025-05-12 13:15:00
2025-05-12 13:20:00,-926.038,2025-05-12 13:20:00
2025-05-12 13:25:00,-953.988,2025-05-12 13:25:00
2025-05-12 13:30:00,-1286.008,2025-05-12 13:30:00
2025-05-12 13:35:00,-1286.028,2025-05-12 13:35:00
2025-05-12 13:40:00,-1006.048,2025-05-12 13:40:00
2025-05-12 13:45:00,-1002.038,2025-05-12 13:45:00
2025-05-12 13:50:00,-966.018,2025-05-12 13:50:00
2025-05-12 13:55:00,-986.038,2025-05-12 13:55:00
2025-05-12 14:00:00,-950.028,2025-05-12 14:00:00
2025-05-12 14:05:00,-933.978,2025-05-12 14:05:00
2025-05-12 14:10:00,-982.038,2025-05-12 14:10:00
2025-05-12 14:15:00,-797.998,2025-05-12 14:15:00
2025-05-12 14:20:00,-1050.058,2025-05-12 14:20:00
2025-05-12 14:25:00,-846.058,2025-05-12 14:25:00
2025-05-12 14:30:00,-950.018,2025-05-12 14:30:00
2025-05-12 14:35:00,-974.008,2025-05-12 14:35:00
2025-05-12 14:40:00,-902.058,2025-05-12 14:40:00
2025-05-12 14:45:00,-866.018,2025-05-12 14:45:00
2025-05-12 14:50:00,-1306.058,2025-05-12 14:50:00
2025-05-12 14:55:00,-1222.028,2025-05-12 14:55:00
2025-05-12 15:00:00,-1162.008,2025-05-12 15:00:00
2025-05-12 15:05:00,-1222.008,2025-05-12 15:05:00
2025-05-12 15:10:00,-1318.058,2025-05-12 15:10:00
2025-05-12 15:15:00,-1265.998,2025-05-12 15:15:00
2025-05-12 15:20:00,-1318.038,2025-05-12 15:20:00
2025-05-12 15:25:00,-1266.048,2025-05-12 15:25:00
2025-05-12 15:30:00,-1358.018,2025-05-12 15:30:00
2025-05-12 15:35:00,-1346.038,2025-05-12 15:35:00
2025-05-12 15:40:00,-1306.008,2025-05-12 15:40:00
2025-05-12 15:45:00,-1294.038,2025-05-12 15:45:00
2025-05-12 15:50:00,-1214.068,2025-05-12 15:50:00
2025-05-12 15:55:00,-1258.058,2025-05-12 15:55:00
2025-05-12 16:00:00,-1242.048,2025-05-12 16:00:00
2025-05-12 16:05:00,-1258.048,2025-05-12 16:05:00
2025-05-12 16:10:00,-1270.038,2025-05-12 16:10:00
2025-05-12 16:15:00,-1310.008,2025-05-12 16:15:00
2025-05-12 16:20:00,-1178.048,2025-05-12 16:20:00
2025-05-12 16:25:00,-1318.008,2025-05-12 16:25:00
2025-05-12 16:30:00,-1202.048,2025-05-12 16:30:00
2025-05-12 16:35:00,-1198.028,2025-05-12 16:35:00
2025-05-12 16:40:00,-1234.008,2025-05-12 16:40:00
2025-05-12 16:45:00,-1322.028,2025-05-12 16:45:00
2025-05-12 16:50:00,-1222.028,2025-05-12 16:50:00
2025-05-12 16:55:00,-1206.028,2025-05-12 16:55:00
2025-05-12 17:00:00,-1274.028,2025-05-12 17:00:00
2025-05-12 17:05:00,-1274.038,2025-05-12 17:05:00
2025-05-12 17:10:00,-1298.028,2025-05-12 17:10:00
2025-05-12 17:15:00,-1262.008,2025-05-12 17:15:00
2025-05-12 17:20:00,-1134.058,2025-05-12 17:20:00
2025-05-12 17:25:00,-1322.028,2025-05-12 17:25:00
2025-05-12 17:30:00,-1285.998,2025-05-12 17:30:00
2025-05-12 17:35:00,-1229.988,2025-05-12 17:35:00
2025-05-12 17:40:00,-1230.008,2025-05-12 17:40:00
2025-05-12 17:45:00,-1202.058,2025-05-12 17:45:00
2025-05-12 17:50:00,-1166.048,2025-05-12 17:50:00
2025-05-12 17:55:00,-1182.048,2025-05-12 17:55:00
2025-05-12 18:00:00,9000.0,2025-05-12 18:00:00
2025-05-12 18:05:00,9000.0,2025-05-12 18:05:00
2025-05-12 18:10:00,9000.0,2025-05-12 18:10:00
2025-05-12 18:15:00,9000.0,2025-05-12 18:15:00
2025-05-12 18:20:00,9000.0,2025-05-12 18:20:00
2025-05-12 18:25:00,9000.0,2025-05-12 18:25:00
2025-05-12 18:30:00,9000.0,2025-05-12 18:30:00
2025-05-12 18:35:00,8999.999,2025-05-12 18:35:00
2025-05-12 18:40:00,7214.894,2025-05-12 18:40:00
2025-05-12 18:45:00,0.0,2025-05-12 18:45:00
2025-05-12 18:50:00,0.0,2025-05-12 18:50:00
2025-05-12 18:55:00,0.0,2025-05-12 18:55:00
2025-05-12 19:00:00,0.0,2025-05-12 19:00:00
2025-05-12 19:05:00,0.0,2025-05-12 19:05:00
2025-05-12 19:10:00,0.0,2025-05-12 19:10:00
2025-05-12 19:15:00,0.0,2025-05-12 19:15:00
2025-05-12 19:20:00,0.0,2025-05-12 19:20:00
2025-05-12 19:25:00,0.0,2025-05-12 19:25:00
2025-05-12 19:30:00,0.0,2025-05-12 19:30:00
2025-05-12 19:35:00,0.0,2025-05-12 19:35:00
2025-05-12 19:40:00,0.0,2025-05-12 19:40:00
2025-05-12 19:45:00,0.0,2025-05-12 19:45:00
2025-05-12 19:50:00,0.0,2025-05-12 19:50:00
2025-05-12 19:55:00,0.0,2025-05-12 19:55:00
2025-05-12 20:00:00,0.0,2025-05-12 20:00:00
2025-05-12 20:05:00,0.0,2025-05-12 20:05:00
2025-05-12 20:10:00,0.0,2025-05-12 20:10:00
2025-05-12 20:15:00,0.0,2025-05-12 20:15:00
2025-05-12 20:20:00,0.0,2025-05-12 20:20:00
2025-05-12 20:25:00,0.0,2025-05-12 20:25:00
2025-05-12 20:30:00,0.0,2025-05-12 20:30:00
2025-05-12 20:35:00,0.0,2025-05-12 20:35:00
2025-05-12 20:40:00,0.0,2025-05-12 20:40:00
2025-05-12 20:45:00,0.0,2025-05-12 20:45:00
2025-05-12 20:50:00,0.0,2025-05-12 20:50:00
2025-05-12 20:55:00,0.0,2025-05-12 20:55:00
2025-05-12 21:00:00,0.0,2025-05-12 21:00:00
2025-05-12 21:05:00,0.0,2025-05-12 21:05:00
2025-05-12 21:10:00,0.0,2025-05-12 21:10:00
2025-05-12 21:15:00,0.0,2025-05-12 21:15:00
2025-05-12 21:20:00,0.0,2025-05-12 21:20:00
2025-05-12 21:25:00,0.0,2025-05-12 21:25:00
2025-05-12 21:30:00,0.0,2025-05-12 21:30:00
2025-05-12 21:35:00,0.0,2025-05-12 21:35:00
2025-05-12 21:40:00,0.0,2025-05-12 21:40:00
2025-05-12 21:45:00,0.0,2025-05-12 21:45:00
2025-05-12 21:50:00,0.0,2025-05-12 21:50:00
2025-05-12 21:55:00,0.0,2025-05-12 21:55:00
2025-05-12 22:00:00,-884.702,2025-05-12 22:00:00
2025-05-12 22:05:00,-1312.702,2025-05-12 22:05:00
2025-05-12 22:10:00,-824.692,2025-05-12 22:10:00
2025-05-12 22:15:00,-880.702,2025-05-12 22:15:00
2025-05-12 22:20:00,-892.722,2025-05-12 22:20:00
2025-05-12 22:25:00,-1016.722,2025-05-12 22:25:00
2025-05-12 22:30:00,-1028.712,2025-05-12 22:30:00
2025-05-12 22:35:00,-884.682,2025-05-12 22:35:00
2025-05-12 22:40:00,-928.722,2025-05-12 22:40:00
2025-05-12 22:45:00,-984.682,2025-05-12 22:45:00
2025-05-12 22:50:00,-1008.692,2025-05-12 22:50:00
2025-05-12 22:55:00,-1048.662,2025-05-12 22:55:00
2025-05-12 23:00:00,-964.692,2025-05-12 23:00:00
2025-05-12 23:05:00,-1000.672,2025-05-12 23:05:00
2025-05-12 23:10:00,-1060.692,2025-05-12 23:10:00
2025-05-12 23:15:00,-1032.652,2025-05-12 23:15:00
2025-05-12 23:20:00,-964.652,2025-05-12 23:20:00
2025-05-12 23:25:00,-1044.672,2025-05-12 23:25:00
2025-05-12 23:30:00,-1016.662,2025-05-12 23:30:00
2025-05-12 23:35:00,-1000.682,2025-05-12 23:35:00
2025-05-12 23:40:00,-1116.702,2025-05-12 23:40:00
2025-05-12 23:45:00,-1036.662,2025-05-12 23:45:00
2025-05-12 23:50:00,-1052.692,2025-05-12 23:50:00
2025-05-12 23:55:00,-1120.682,2025-05-12 23:55:00
2025-05-13 00:00:00,-1156.702,2025-05-13 00:00:00
2025-05-13 00:05:00,-1160.662,2025-05-13 00:05:00
2025-05-13 00:10:00,-1064.662,2025-05-13 00:10:00
2025-05-13 00:15:00,-1156.692,2025-05-13 00:15:00
2025-05-13 00:20:00,-1084.692,2025-05-13 00:20:00
2025-05-13 00:25:00,-1080.692,2025-05-13 00:25:00
2025-05-13 00:30:00,-1108.722,2025-05-13 00:30:00
2025-05-13 00:35:00,-1072.652,2025-05-13 00:35:00
2025-05-13 00:40:00,-1072.682,2025-05-13 00:40:00
2025-05-13 00:45:00,-1136.662,2025-05-13 00:45:00
2025-05-13 00:50:00,-1364.662,2025-05-13 00:50:00
2025-05-13 00:55:00,-1420.682,2025-05-13 00:55:00
2025-05-13 01:00:00,-1396.702,2025-05-13 01:00:00
2025-05-13 01:05:00,-1216.702,2025-05-13 01:05:00
2025-05-13 01:10:00,-1124.672,2025-05-13 01:10:00
2025-05-13 01:15:00,-1060.672,2025-05-13 01:15:00
2025-05-13 01:20:00,-1112.652,2025-05-13 01:20:00
2025-05-13 01:25:00,-1100.662,2025-05-13 01:25:00
2025-05-13 01:30:00,-1056.692,2025-05-13 01:30:00
2025-05-13 01:35:00,-1304.692,2025-05-13 01:35:00
2025-05-13 01:40:00,-1088.712,2025-05-13 01:40:00
2025-05-13 01:45:00,-1192.662,2025-05-13 01:45:00
2025-05-13 01:50:00,-1200.702,2025-05-13 01:50:00
2025-05-13 01:55:00,-1276.702,2025-05-13 01:55:00
2025-05-13 02:00:00,-1032.692,2025-05-13 02:00:00
2025-05-13 02:05:00,-1048.682,2025-05-13 02:05:00
2025-05-13 02:10:00,-1440.702,2025-05-13 02:10:00
2025-05-13 02:15:00,-1396.692,2025-05-13 02:15:00
2025-05-13 02:20:00,-1568.692,2025-05-13 02:20:00
2025-05-13 02:25:00,-1360.662,2025-05-13 02:25:00
2025-05-13 02:30:00,-1376.712,2025-05-13 02:30:00
2025-05-13 02:35:00,-1396.682,2025-05-13 02:35:00
2025-05-13 02:40:00,-1304.702,2025-05-13 02:40:00
2025-05-13 02:45:00,-1088.682,2025-05-13 02:45:00
2025-05-13 02:50:00,-1024.702,2025-05-13 02:50:00
2025-05-13 02:55:00,-1020.682,2025-05-13 02:55:00
2025-05-13 03:00:00,-1068.662,2025-05-13 03:00:00
2025-05-13 03:05:00,-1104.672,2025-05-13 03:05:00
2025-05-13 03:10:00,-1096.672,2025-05-13 03:10:00
2025-05-13 03:15:00,-1160.682,2025-05-13 03:15:00
2025-05-13 03:20:00,-1100.682,2025-05-13 03:20:00
2025-05-13 03:25:00,-1016.702,2025-05-13 03:25:00
2025-05-13 03:30:00,-1088.692,2025-05-13 03:30:00
2025-05-13 03:35:00,-1124.692,2025-05-13 03:35:00
2025-05-13 03:40:00,-1252.712,2025-05-13 03:40:00
2025-05-13 03:45:00,-1068.702,2025-05-13 03:45:00
2025-05-13 03:50:00,-1172.672,2025-05-13 03:50:00
2025-05-13 03:55:00,-1120.682,2025-05-13 03:55:00
2025-05-13 04:00:00,-1120.682,2025-05-13 04:00:00
2025-05-13 04:05:00,-1292.702,2025-05-13 04:05:00
2025-05-13 04:10:00,-1180.702,2025-05-13 04:10:00
2025-05-13 04:15:00,-1252.722,2025-05-13 04:15:00
2025-05-13 04:20:00,-1192.682,2025-05-13 04:20:00
2025-05-13 04:25:00,-1196.672,2025-05-13 04:25:00
2025-05-13 04:30:00,-1212.642,2025-05-13 04:30:00
2025-05-13 04:35:00,-1196.692,2025-05-13 04:35:00
2025-05-13 04:40:00,-1160.692,2025-05-13 04:40:00
2025-05-13 04:45:00,-1296.702,2025-05-13 04:45:00
2025-05-13 04:50:00,-1224.692,2025-05-13 04:50:00
2025-05-13 04:55:00,-1272.662,2025-05-13 04:55:00
2025-05-13 05:00:00,-1224.692,2025-05-13 05:00:00
2025-05-13 05:05:00,-1192.662,2025-05-13 05:05:00
2025-05-13 05:10:00,-1172.682,2025-05-13 05:10:00
2025-05-13 05:15:00,-1176.692,2025-05-13 05:15:00
2025-05-13 05:20:00,-1196.712,2025-05-13 05:20:00
2025-05-13 05:25:00,-1280.692,2025-05-13 05:25:00
2025-05-13 05:30:00,-1328.672,2025-05-13 05:30:00
2025-05-13 05:35:00,-1424.662,2025-05-13 05:35:00
2025-05-13 05:40:00,-1332.672,2025-05-13 05:40:00
2025-05-13 05:45:00,-1264.702,2025-05-13 05:45:00
2025-05-13 05:50:00,-1236.672,2025-05-13 05:50:00
2025-05-13 05:55:00,-1236.702,2025-05-13 05:55:00
2025-05-13 06:00:00,-1240.712,2025-05-13 06:00:00
2025-05-13 06:05:00,-1220.702,2025-05-13 06:05:00
2025-05-13 06:10:00,-1332.712,2025-05-13 06:10:00
2025-05-13 06:15:00,-1444.642,2025-05-13 06:15:00
2025-05-13 06:20:00,-1276.702,2025-05-13 06:20:00
2025-05-13 06:25:00,-1236.692,2025-05-13 06:25:00
2025-05-13 06:30:00,-1288.662,2025-05-13 06:30:00
2025-05-13 06:35:00,-1280.712,2025-05-13 06:35:00
2025-05-13 06:40:00,-1308.692,2025-05-13 06:40:00
2025-05-13 06:45:00,-1348.702,2025-05-13 06:45:00
2025-05-13 06:50:00,-1236.712,2025-05-13 06:50:00
2025-05-13 06:55:00,-1404.682,2025-05-13 06:55:00
2025-05-13 07:00:00,-1280.692,2025-05-13 07:00:00
2025-05-13 07:05:00,-1248.682,2025-05-13 07:05:00
2025-05-13 07:10:00,-1412.692,2025-05-13 07:10:00
2025-05-13 07:15:00,-1476.672,2025-05-13 07:15:00
2025-05-13 07:20:00,-1416.712,2025-05-13 07:20:00
2025-05-13 07:25:00,-1228.702,2025-05-13 07:25:00
2025-05-13 07:30:00,-1260.662,2025-05-13 07:30:00
2025-05-13 07:35:00,-1224.692,2025-05-13 07:35:00
2025-05-13 07:40:00,-1292.712,2025-05-13 07:40:00
2025-05-13 07:45:00,-1244.722,2025-05-13 07:45:00
2025-05-13 07:50:00,-1244.712,2025-05-13 07:50:00
2025-05-13 07:55:00,-1392.712,2025-05-13 07:55:00
2025-05-13 08:00:00,9000.0,2025-05-13 08:00:00
2025-05-13 08:05:00,9000.0,2025-05-13 08:05:00
2025-05-13 08:10:00,9000.0,2025-05-13 08:10:00
2025-05-13 08:15:00,9000.0,2025-05-13 08:15:00
2025-05-13 08:20:00,9000.0,2025-05-13 08:20:00
2025-05-13 08:25:00,9000.0,2025-05-13 08:25:00
2025-05-13 08:30:00,9000.0,2025-05-13 08:30:00
2025-05-13 08:35:00,9000.0,2025-05-13 08:35:00
2025-05-13 08:40:00,9000.0,2025-05-13 08:40:00
2025-05-13 08:45:00,9000.0,2025-05-13 08:45:00
2025-05-13 08:50:00,9000.0,2025-05-13 08:50:00
2025-05-13 08:55:00,9000.0,2025-05-13 08:55:00
2025-05-13 09:00:00,9000.0,2025-05-13 09:00:00
2025-05-13 09:05:00,6732.668,2025-05-13 09:05:00
2025-05-13 09:10:00,0.0,2025-05-13 09:10:00
2025-05-13 09:15:00,0.0,2025-05-13 09:15:00
2025-05-13 09:20:00,0.0,2025-05-13 09:20:00
2025-05-13 09:25:00,0.0,2025-05-13 09:25:00
2025-05-13 09:30:00,0.0,2025-05-13 09:30:00
2025-05-13 09:35:00,0.0,2025-05-13 09:35:00
2025-05-13 09:40:00,0.0,2025-05-13 09:40:00
2025-05-13 09:45:00,0.0,2025-05-13 09:45:00
2025-05-13 09:50:00,0.0,2025-05-13 09:50:00
2025-05-13 09:55:00,0.0,2025-05-13 09:55:00
2025-05-13 10:00:00,0.0,2025-05-13 10:00:00
2025-05-13 10:05:00,0.0,2025-05-13 10:05:00
2025-05-13 10:10:00,0.0,2025-05-13 10:10:00
2025-05-13 10:15:00,0.0,2025-05-13 10:15:00
2025-05-13 10:20:00,0.0,2025-05-13 10:20:00
2025-05-13 10:25:00,0.0,2025-05-13 10:25:00
2025-05-13 10:30:00,0.0,2025-05-13 10:30:00
2025-05-13 10:35:00,0.0,2025-05-13 10:35:00
2025-05-13 10:40:00,0.0,2025-05-13 10:40:00
2025-05-13 10:45:00,0.0,2025-05-13 10:45:00
2025-05-13 10:50:00,0.0,2025-05-13 10:50:00
2025-05-13 10:55:00,0.0,2025-05-13 10:55:00
2025-05-13 11:00:00,-1024.712,2025-05-13 11:00:00
2025-05-13 11:05:00,-1260.702,2025-05-13 11:05:00
2025-05-13 11:10:00,-988.722,2025-05-13 11:10:00
2025-05-13 11:15:00,-920.692,2025-05-13 11:15:00
2025-05-13 11:20:00,-1016.702,2025-05-13 11:20:00
2025-05-13 11:25:00,-968.702,2025-05-13 11:25:00
2025-05-13 11:30:00,-936.722,2025-05-13 11:30:00
2025-05-13 11:35:00,-1272.702,2025-05-13 11:35:00
2025-05-13 11:40:00,-1304.702,2025-05-13 11:40:00
2025-05-13 11:45:00,-1372.692,2025-05-13 11:45:00
2025-05-13 11:50:00,-1244.712,2025-05-13 11:50:00
2025-05-13 11:55:00,-932.702,2025-05-13 11:55:00
2025-05-13 12:00:00,-984.662,2025-05-13 12:00:00
2025-05-13 12:05:00,-944.692,2025-05-13 12:05:00
2025-05-13 12:10:00,-952.702,2025-05-13 12:10:00
2025-05-13 12:15:00,-968.652,2025-05-13 12:15:00
2025-05-13 12:20:00,-956.682,2025-05-13 12:20:00
2025-05-13 12:25:00,-948.702,2025-05-13 12:25:00
2025-05-13 12:30:00,-940.672,2025-05-13 12:30:00
2025-05-13 12:35:00,-920.682,2025-05-13 12:35:00
2025-05-13 12:40:00,-940.692,2025-05-13 12:40:00
2025-05-13 12:45:00,-1016.732,2025-05-13 12:45:00
2025-05-13 12:50:00,-988.712,2025-05-13 12:50:00
2025-05-13 12:55:00,-912.702,2025-05-13 12:55:00
2025-05-13 13:00:00,-872.672,2025-05-13 13:00:00
2025-05-13 13:05:00,-920.712,2025-05-13 13:05:00
2025-05-13 13:10:00,-964.712,2025-05-13 13:10:00
2025-05-13 13:15:00,-1036.702,2025-05-13 13:15:00
2025-05-13 13:20:00,-932.672,2025-05-13 13:20:00
2025-05-13 13:25:00,-872.712,2025-05-13 13:25:00
2025-05-13 13:30:00,-1044.682,2025-05-13 13:30:00
2025-05-13 13:35:00,-1052.682,2025-05-13 13:35:00
2025-05-13 13:40:00,-960.722,2025-05-13 13:40:00
2025-05-13 13:45:00,-972.692,2025-05-13 13:45:00
2025-05-13 13:50:00,-892.702,2025-05-13 13:50:00
2025-05-13 13:55:00,-964.712,2025-05-13 13:55:00
2025-05-13 14:00:00,-976.712,2025-05-13 14:00:00
2025-05-13 14:05:00,-988.682,2025-05-13 14:05:00
2025-05-13 14:10:00,-924.692,2025-05-13 14:10:00
2025-05-13 14:15:00,-864.702,2025-05-13 14:15:00
2025-05-13 14:20:00,-892.692,2025-05-13 14:20:00
2025-05-13 14:25:00,-860.672,2025-05-13 14:25:00
2025-05-13 14:30:00,-996.712,2025-05-13 14:30:00
2025-05-13 14:35:00,-888.722,2025-05-13 14:35:00
2025-05-13 14:40:00,-1044.712,2025-05-13 14:40:00
2025-05-13 14:45:00,-872.662,2025-05-13 14:45:00
2025-05-13 14:50:00,-920.702,2025-05-13 14:50:00
2025-05-13 14:55:00,-868.712,2025-05-13 14:55:00
2025-05-13 15:00:00,-824.722,2025-05-13 15:00:00
2025-05-13 15:05:00,-1248.692,2025-05-13 15:05:00
2025-05-13 15:10:00,-1124.692,2025-05-13 15:10:00
2025-05-13 15:15:00,-1232.672,2025-05-13 15:15:00
2025-05-13 15:20:00,-1144.692,2025-05-13 15:20:00
2025-05-13 15:25:00,-1200.712,2025-05-13 15:25:00
2025-05-13 15:30:00,-1208.722,2025-05-13 15:30:00
2025-05-13 15:35:00,-1200.702,2025-05-13 15:35:00
2025-05-13 15:40:00,-1440.642,2025-05-13 15:40:00
2025-05-13 15:45:00,-1392.702,2025-05-13 15:45:00
2025-05-13 15:50:00,-1416.692,2025-05-13 15:50:00
2025-05-13 15:55:00,-1296.712,2025-05-13 15:55:00
2025-05-13 16:00:00,-1248.702,2025-05-13 16:00:00
2025-05-13 16:05:00,-1312.672,2025-05-13 16:05:00
2025-05-13 16:10:00,-1364.692,2025-05-13 16:10:00
2025-05-13 16:15:00,-1300.692,2025-05-13 16:15:00
2025-05-13 16:20:00,-1232.682,2025-05-13 16:20:00
2025-05-13 16:25:00,-1272.672,2025-05-13 16:25:00
2025-05-13 16:30:00,-1252.692,2025-05-13 16:30:00
2025-05-13 16:35:00,-1200.692,2025-05-13 16:35:00
2025-05-13 16:40:00,-872.712,2025-05-13 16:40:00
2025-05-13 16:45:00,-1036.702,2025-05-13 16:45:00
2025-05-13 16:50:00,-912.722,2025-05-13 16:50:00
2025-05-13 16:55:00,-892.662,2025-05-13 16:55:00
2025-05-13 17:00:00,-832.702,2025-05-13 17:00:00
2025-05-13 17:05:00,-772.722,2025-05-13 17:05:00
2025-05-13 17:10:00,-876.702,2025-05-13 17:10:00
2025-05-13 17:15:00,-880.712,2025-05-13 17:15:00
2025-05-13 17:20:00,-880.712,2025-05-13 17:20:00
2025-05-13 17:25:00,-800.692,2025-05-13 17:25:00
2025-05-13 17:30:00,-844.662,2025-05-13 17:30:00
2025-05-13 17:35:00,-940.692,2025-05-13 17:35:00
2025-05-13 17:40:00,-916.642,2025-05-13 17:40:00
2025-05-13 17:45:00,-796.702,2025-05-13 17:45:00
2025-05-13 17:50:00,-860.692,2025-05-13 17:50:00
2025-05-13 17:55:00,-920.702,2025-05-13 17:55:00
2025-05-13 18:00:00,9000.0,2025-05-13 18:00:00
2025-05-13 18:05:00,9000.0,2025-05-13 18:05:00
2025-05-13 18:10:00,9000.0,2025-05-13 18:10:00
2025-05-13 18:15:00,9000.0,2025-05-13 18:15:00
2025-05-13 18:20:00,9000.0,2025-05-13 18:20:00
2025-05-13 18:25:00,9000.0,2025-05-13 18:25:00
2025-05-13 18:30:00,9000.0,2025-05-13 18:30:00
2025-05-13 18:35:00,8999.999,2025-05-13 18:35:00
2025-05-13 18:40:00,3396.91,2025-05-13 18:40:00
2025-05-13 18:45:00,0.0,2025-05-13 18:45:00
2025-05-13 18:50:00,0.0,2025-05-13 18:50:00
2025-05-13 18:55:00,0.0,2025-05-13 18:55:00
2025-05-13 19:00:00,0.0,2025-05-13 19:00:00
2025-05-13 19:05:00,0.0,2025-05-13 19:05:00
2025-05-13 19:10:00,0.0,2025-05-13 19:10:00
2025-05-13 19:15:00,0.0,2025-05-13 19:15:00
2025-05-13 19:20:00,0.0,2025-05-13 19:20:00
2025-05-13 19:25:00,0.0,2025-05-13 19:25:00
2025-05-13 19:30:00,0.0,2025-05-13 19:30:00
2025-05-13 19:35:00,0.0,2025-05-13 19:35:00
2025-05-13 19:40:00,0.0,2025-05-13 19:40:00
2025-05-13 19:45:00,0.0,2025-05-13 19:45:00
2025-05-13 19:50:00,0.0,2025-05-13 19:50:00
2025-05-13 19:55:00,0.0,2025-05-13 19:55:00
2025-05-13 20:00:00,0.0,2025-05-13 20:00:00
2025-05-13 20:05:00,0.0,2025-05-13 20:05:00
2025-05-13 20:10:00,0.0,2025-05-13 20:10:00
2025-05-13 20:15:00,0.0,2025-05-13 20:15:00
2025-05-13 20:20:00,0.0,2025-05-13 20:20:00
2025-05-13 20:25:00,0.0,2025-05-13 20:25:00
2025-05-13 20:30:00,0.0,2025-05-13 20:30:00
2025-05-13 20:35:00,0.0,2025-05-13 20:35:00
2025-05-13 20:40:00,0.0,2025-05-13 20:40:00
2025-05-13 20:45:00,0.0,2025-05-13 20:45:00
2025-05-13 20:50:00,0.0,2025-05-13 20:50:00
2025-05-13 20:55:00,0.0,2025-05-13 20:55:00
2025-05-13 21:00:00,0.0,2025-05-13 21:00:00
2025-05-13 21:05:00,0.0,2025-05-13 21:05:00
2025-05-13 21:10:00,0.0,2025-05-13 21:10:00
2025-05-13 21:15:00,0.0,2025-05-13 21:15:00
2025-05-13 21:20:00,0.0,2025-05-13 21:20:00
2025-05-13 21:25:00,0.0,2025-05-13 21:25:00
2025-05-13 21:30:00,0.0,2025-05-13 21:30:00
2025-05-13 21:35:00,0.0,2025-05-13 21:35:00
2025-05-13 21:40:00,0.0,2025-05-13 21:40:00
2025-05-13 21:45:00,0.0,2025-05-13 21:45:00
2025-05-13 21:50:00,0.0,2025-05-13 21:50:00
2025-05-13 21:55:00,0.0,2025-05-13 21:55:00
2025-05-13 22:00:00,-731.451,2025-05-13 22:00:00
2025-05-13 22:05:00,-863.391,2025-05-13 22:05:00
2025-05-13 22:10:00,-899.391,2025-05-13 22:10:00
2025-05-13 22:15:00,-947.421,2025-05-13 22:15:00
2025-05-13 22:20:00,-907.421,2025-05-13 22:20:00
2025-05-13 22:25:00,-1011.411,2025-05-13 22:25:00
2025-05-13 22:30:00,-947.451,2025-05-13 22:30:00
2025-05-13 22:35:00,-1087.431,2025-05-13 22:35:00
2025-05-13 22:40:00,-1079.411,2025-05-13 22:40:00
2025-05-13 22:45:00,-1303.441,2025-05-13 22:45:00
2025-05-13 22:50:00,-1279.451,2025-05-13 22:50:00
2025-05-13 22:55:00,-1255.441,2025-05-13 22:55:00
2025-05-13 23:00:00,-1343.421,2025-05-13 23:00:00
2025-05-13 23:05:00,-1071.451,2025-05-13 23:05:00
2025-05-13 23:10:00,-1079.451,2025-05-13 23:10:00
2025-05-13 23:15:00,-1075.451,2025-05-13 23:15:00
2025-05-13 23:20:00,-963.431,2025-05-13 23:20:00
2025-05-13 23:25:00,-931.431,2025-05-13 23:25:00
2025-05-13 23:30:00,-939.461,2025-05-13 23:30:00
2025-05-13 23:35:00,-939.431,2025-05-13 23:35:00
2025-05-13 23:40:00,-983.421,2025-05-13 23:40:00
2025-05-13 23:45:00,-1067.451,2025-05-13 23:45:00
2025-05-13 23:50:00,-995.461,2025-05-13 23:50:00
2025-05-13 23:55:00,-975.451,2025-05-13 23:55:00
2025-05-14 00:00:00,-943.431,2025-05-14 00:00:00
2025-05-14 00:05:00,-1023.431,2025-05-14 00:05:00
2025-05-14 00:10:00,-1083.401,2025-05-14 00:10:00
2025-05-14 00:15:00,-1051.431,2025-05-14 00:15:00
2025-05-14 00:20:00,-1011.441,2025-05-14 00:20:00
2025-05-14 00:25:00,-975.451,2025-05-14 00:25:00
2025-05-14 00:30:00,-1035.441,2025-05-14 00:30:00
2025-05-14 00:35:00,-1067.411,2025-05-14 00:35:00
2025-05-14 00:40:00,-1039.471,2025-05-14 00:40:00
2025-05-14 00:45:00,-987.441,2025-05-14 00:45:00
2025-05-14 00:50:00,-979.431,2025-05-14 00:50:00
2025-05-14 00:55:00,-935.441,2025-05-14 00:55:00
2025-05-14 01:00:00,-1019.441,2025-05-14 01:00:00
2025-05-14 01:05:00,-947.411,2025-05-14 01:05:00
2025-05-14 01:10:00,-951.451,2025-05-14 01:10:00
2025-05-14 01:15:00,-1011.441,2025-05-14 01:15:00
2025-05-14 01:20:00,-1139.421,2025-05-14 01:20:00
2025-05-14 01:25:00,-943.381,2025-05-14 01:25:00
2025-05-14 01:30:00,-887.431,2025-05-14 01:30:00
2025-05-14 01:35:00,-851.441,2025-05-14 01:35:00
2025-05-14 01:40:00,-1167.401,2025-05-14 01:40:00
2025-05-14 01:45:00,-1195.401,2025-05-14 01:45:00
2025-05-14 01:50:00,-895.441,2025-05-14 01:50:00
2025-05-14 01:55:00,-855.441,2025-05-14 01:55:00
2025-05-14 02:00:00,-1303.421,2025-05-14 02:00:00
2025-05-14 02:05:00,-1007.411,2025-05-14 02:05:00
2025-05-14 02:10:00,-1227.431,2025-05-14 02:10:00
2025-05-14 02:15:00,-1275.401,2025-05-14 02:15:00
2025-05-14 02:20:00,-1259.381,2025-05-14 02:20:00
2025-05-14 02:25:00,-1227.431,2025-05-14 02:25:00
2025-05-14 02:30:00,-1363.451,2025-05-14 02:30:00
2025-05-14 02:35:00,-1203.451,2025-05-14 02:35:00
2025-05-14 02:40:00,-1027.451,2025-05-14 02:40:00
2025-05-14 02:45:00,-1003.421,2025-05-14 02:45:00
2025-05-14 02:50:00,-859.421,2025-05-14 02:50:00
2025-05-14 02:55:00,-979.441,2025-05-14 02:55:00
2025-05-14 03:00:00,-895.461,2025-05-14 03:00:00
2025-05-14 03:05:00,-975.451,2025-05-14 03:05:00
2025-05-14 03:10:00,-1023.431,2025-05-14 03:10:00
2025-05-14 03:15:00,-995.431,2025-05-14 03:15:00
2025-05-14 03:20:00,-1011.451,2025-05-14 03:20:00
2025-05-14 03:25:00,-1023.401,2025-05-14 03:25:00
2025-05-14 03:30:00,-931.451,2025-05-14 03:30:00
2025-05-14 03:35:00,-1047.441,2025-05-14 03:35:00
2025-05-14 03:40:00,-1079.431,2025-05-14 03:40:00
2025-05-14 03:45:00,-1035.421,2025-05-14 03:45:00
2025-05-14 03:50:00,-1123.431,2025-05-14 03:50:00
2025-05-14 03:55:00,-1019.401,2025-05-14 03:55:00
2025-05-14 04:00:00,-1027.401,2025-05-14 04:00:00
2025-05-14 04:05:00,-1263.461,2025-05-14 04:05:00
2025-05-14 04:10:00,-1091.411,2025-05-14 04:10:00
2025-05-14 04:15:00,-987.401,2025-05-14 04:15:00
2025-05-14 04:20:00,-991.421,2025-05-14 04:20:00
2025-05-14 04:25:00,-1283.411,2025-05-14 04:25:00
2025-05-14 04:30:00,-927.411,2025-05-14 04:30:00
2025-05-14 04:35:00,-1027.441,2025-05-14 04:35:00
2025-05-14 04:40:00,-1071.441,2025-05-14 04:40:00
2025-05-14 04:45:00,-1091.441,2025-05-14 04:45:00
2025-05-14 04:50:00,-1039.451,2025-05-14 04:50:00
2025-05-14 04:55:00,-1043.431,2025-05-14 04:55:00
2025-05-14 05:00:00,-1043.421,2025-05-14 05:00:00
2025-05-14 05:05:00,-1115.441,2025-05-14 05:05:00
2025-05-14 05:10:00,-1043.421,2025-05-14 05:10:00
2025-05-14 05:15:00,-1143.411,2025-05-14 05:15:00
2025-05-14 05:20:00,-1423.411,2025-05-14 05:20:00
2025-05-14 05:25:00,-1091.441,2025-05-14 05:25:00
2025-05-14 05:30:00,-979.451,2025-05-14 05:30:00
2025-05-14 05:35:00,-1167.441,2025-05-14 05:35:00
2025-05-14 05:40:00,-1387.411,2025-05-14 05:40:00
2025-05-14 05:45:00,-1119.441,2025-05-14 05:45:00
2025-05-14 05:50:00,-1047.441,2025-05-14 05:50:00
2025-05-14 05:55:00,-1187.431,2025-05-14 05:55:00
2025-05-14 06:00:00,-1123.451,2025-05-14 06:00:00
2025-05-14 06:05:00,-1219.401,2025-05-14 06:05:00
2025-05-14 06:10:00,-1203.381,2025-05-14 06:10:00
2025-05-14 06:15:00,-1215.471,2025-05-14 06:15:00
2025-05-14 06:20:00,-1223.391,2025-05-14 06:20:00
2025-05-14 06:25:00,-1219.431,2025-05-14 06:25:00
2025-05-14 06:30:00,-1171.451,2025-05-14 06:30:00
2025-05-14 06:35:00,-1167.461,2025-05-14 06:35:00
2025-05-14 06:40:00,-1123.451,2025-05-14 06:40:00
2025-05-14 06:45:00,-1051.421,2025-05-14 06:45:00
2025-05-14 06:50:00,-1187.411,2025-05-14 06:50:00
2025-05-14 06:55:00,-1219.411,2025-05-14 06:55:00
2025-05-14 07:00:00,-1167.441,2025-05-14 07:00:00
2025-05-14 07:05:00,-1143.451,2025-05-14 07:05:00
2025-05-14 07:10:00,-1159.431,2025-05-14 07:10:00
2025-05-14 07:15:00,-1259.421,2025-05-14 07:15:00
2025-05-14 07:20:00,-1195.431,2025-05-14 07:20:00
2025-05-14 07:25:00,-1195.401,2025-05-14 07:25:00
2025-05-14 07:30:00,-1131.451,2025-05-14 07:30:00
2025-05-14 07:35:00,-1199.431,2025-05-14 07:35:00
2025-05-14 07:40:00,-1231.401,2025-05-14 07:40:00
2025-05-14 07:45:00,-1223.431,2025-05-14 07:45:00
2025-05-14 07:50:00,-1215.421,2025-05-14 07:50:00
2025-05-14 07:55:00,-1215.451,2025-05-14 07:55:00
2025-05-14 08:00:00,9000.0,2025-05-14 08:00:00
2025-05-14 08:05:00,9000.0,2025-05-14 08:05:00
2025-05-14 08:10:00,9000.0,2025-05-14 08:10:00
2025-05-14 08:15:00,9000.0,2025-05-14 08:15:00
2025-05-14 08:20:00,9000.0,2025-05-14 08:20:00
2025-05-14 08:25:00,9000.0,2025-05-14 08:25:00
2025-05-14 08:30:00,9000.0,2025-05-14 08:30:00
2025-05-14 08:35:00,9000.0,2025-05-14 08:35:00
2025-05-14 08:40:00,9000.0,2025-05-14 08:40:00
2025-05-14 08:45:00,9000.0,2025-05-14 08:45:00
2025-05-14 08:50:00,9000.0,2025-05-14 08:50:00
2025-05-14 08:55:00,9000.0,2025-05-14 08:55:00
2025-05-14 09:00:00,5298.049,2025-05-14 09:00:00
2025-05-14 09:05:00,0.0,2025-05-14 09:05:00
2025-05-14 09:10:00,0.0,2025-05-14 09:10:00
2025-05-14 09:15:00,0.0,2025-05-14 09:15:00
2025-05-14 09:20:00,0.0,2025-05-14 09:20:00
2025-05-14 09:25:00,0.0,2025-05-14 09:25:00
2025-05-14 09:30:00,0.0,2025-05-14 09:30:00
2025-05-14 09:35:00,0.0,2025-05-14 09:35:00
2025-05-14 09:40:00,0.0,2025-05-14 09:40:00
2025-05-14 09:45:00,0.0,2025-05-14 09:45:00
2025-05-14 09:50:00,0.0,2025-05-14 09:50:00
2025-05-14 09:55:00,0.0,2025-05-14 09:55:00
2025-05-14 10:00:00,0.0,2025-05-14 10:00:00
2025-05-14 10:05:00,0.0,2025-05-14 10:05:00
2025-05-14 10:10:00,0.0,2025-05-14 10:10:00
2025-05-14 10:15:00,0.0,2025-05-14 10:15:00
2025-05-14 10:20:00,0.0,2025-05-14 10:20:00
2025-05-14 10:25:00,0.0,2025-05-14 10:25:00
2025-05-14 10:30:00,0.0,2025-05-14 10:30:00
2025-05-14 10:35:00,0.0,2025-05-14 10:35:00
2025-05-14 10:40:00,0.0,2025-05-14 10:40:00
2025-05-14 10:45:00,0.0,2025-05-14 10:45:00
2025-05-14 10:50:00,0.0,2025-05-14 10:50:00
2025-05-14 10:55:00,0.0,2025-05-14 10:55:00
2025-05-14 11:00:00,-1127.411,2025-05-14 11:00:00
2025-05-14 11:05:00,-1083.401,2025-05-14 11:05:00
2025-05-14 11:10:00,-1119.431,2025-05-14 11:10:00
2025-05-14 11:15:00,-1067.431,2025-05-14 11:15:00
2025-05-14 11:20:00,-1343.411,2025-05-14 11:20:00
2025-05-14 11:25:00,-1031.421,2025-05-14 11:25:00
2025-05-14 11:30:00,-987.421,2025-05-14 11:30:00
2025-05-14 11:35:00,-1023.431,2025-05-14 11:35:00
2025-05-14 11:40:00,-1279.421,2025-05-14 11:40:00
2025-05-14 11:45:00,-1351.421,2025-05-14 11:45:00
2025-05-14 11:50:00,-1167.441,2025-05-14 11:50:00
2025-05-14 11:55:00,-1059.441,2025-05-14 11:55:00
2025-05-14 12:00:00,-1059.411,2025-05-14 12:00:00
2025-05-14 12:05:00,-1315.441,2025-05-14 12:05:00
2025-05-14 12:10:00,-1063.431,2025-05-14 12:10:00
2025-05-14 12:15:00,-1075.431,2025-05-14 12:15:00
2025-05-14 12:20:00,-1019.431,2025-05-14 12:20:00
2025-05-14 12:25:00,-1159.441,2025-05-14 12:25:00
2025-05-14 12:30:00,-1143.431,2025-05-14 12:30:00
2025-05-14 12:35:00,-1055.451,2025-05-14 12:35:00
2025-05-14 12:40:00,-1083.441,2025-05-14 12:40:00
2025-05-14 12:45:00,-1071.431,2025-05-14 12:45:00
2025-05-14 12:50:00,-1059.431,2025-05-14 12:50:00
2025-05-14 12:55:00,-1071.441,2025-05-14 12:55:00
2025-05-14 13:00:00,-1123.441,2025-05-14 13:00:00
2025-05-14 13:05:00,-1031.441,2025-05-14 13:05:00
2025-05-14 13:10:00,-1031.411,2025-05-14 13:10:00
2025-05-14 13:15:00,-1027.441,2025-05-14 13:15:00
2025-05-14 13:20:00,-1051.411,2025-05-14 13:20:00
2025-05-14 13:25:00,-1343.381,2025-05-14 13:25:00
2025-05-14 13:30:00,-1099.421,2025-05-14 13:30:00
2025-05-14 13:35:00,-1023.411,2025-05-14 13:35:00
2025-05-14 13:40:00,-1023.451,2025-05-14 13:40:00
2025-05-14 13:45:00,-1051.441,2025-05-14 13:45:00
2025-05-14 13:50:00,-1067.421,2025-05-14 13:50:00
2025-05-14 13:55:00,-1027.421,2025-05-14 13:55:00
2025-05-14 14:00:00,-1067.411,2025-05-14 14:00:00
2025-05-14 14:05:00,-919.441,2025-05-14 14:05:00
2025-05-14 14:10:00,-1331.391,2025-05-14 14:10:00
2025-05-14 14:15:00,-939.431,2025-05-14 14:15:00
2025-05-14 14:20:00,-1007.431,2025-05-14 14:20:00
2025-05-14 14:25:00,-1099.431,2025-05-14 14:25:00
2025-05-14 14:30:00,-1339.431,2025-05-14 14:30:00
2025-05-14 14:35:00,-1099.401,2025-05-14 14:35:00
2025-05-14 14:40:00,-983.421,2025-05-14 14:40:00
2025-05-14 14:45:00,-1119.401,2025-05-14 14:45:00
2025-05-14 14:50:00,-1231.421,2025-05-14 14:50:00
2025-05-14 14:55:00,-1023.431,2025-05-14 14:55:00
2025-05-14 15:00:00,-1031.431,2025-05-14 15:00:00
2025-05-14 15:05:00,-1255.451,2025-05-14 15:05:00
2025-05-14 15:10:00,-1291.431,2025-05-14 15:10:00
2025-05-14 15:15:00,-867.421,2025-05-14 15:15:00
2025-05-14 15:20:00,-1239.411,2025-05-14 15:20:00
2025-05-14 15:25:00,-911.431,2025-05-14 15:25:00
2025-05-14 15:30:00,-1195.451,2025-05-14 15:30:00
2025-05-14 15:35:00,-963.441,2025-05-14 15:35:00
2025-05-14 15:40:00,-975.411,2025-05-14 15:40:00
2025-05-14 15:45:00,-1019.401,2025-05-14 15:45:00
2025-05-14 15:50:00,-1011.441,2025-05-14 15:50:00
2025-05-14 15:55:00,-1291.411,2025-05-14 15:55:00
2025-05-14 16:00:00,-1371.431,2025-05-14 16:00:00
2025-05-14 16:05:00,-1047.461,2025-05-14 16:05:00
2025-05-14 16:10:00,-1063.461,2025-05-14 16:10:00
2025-05-14 16:15:00,-995.431,2025-05-14 16:15:00
2025-05-14 16:20:00,-1315.481,2025-05-14 16:20:00
2025-05-14 16:25:00,-1291.421,2025-05-14 16:25:00
2025-05-14 16:30:00,-1279.431,2025-05-14 16:30:00
2025-05-14 16:35:00,-1299.431,2025-05-14 16:35:00
2025-05-14 16:40:00,-1355.421,2025-05-14 16:40:00
2025-05-14 16:45:00,-1351.441,2025-05-14 16:45:00
2025-05-14 16:50:00,-1291.451,2025-05-14 16:50:00
2025-05-14 16:55:00,-1363.451,2025-05-14 16:55:00
2025-05-14 17:00:00,-1303.451,2025-05-14 17:00:00
2025-05-14 17:05:00,-1375.451,2025-05-14 17:05:00
2025-05-14 17:10:00,-1303.421,2025-05-14 17:10:00
2025-05-14 17:15:00,-955.431,2025-05-14 17:15:00
2025-05-14 17:20:00,-895.411,2025-05-14 17:20:00
2025-05-14 17:25:00,-1343.431,2025-05-14 17:25:00
2025-05-14 17:30:00,-1367.431,2025-05-14 17:30:00
2025-05-14 17:35:00,-1315.451,2025-05-14 17:35:00
2025-05-14 17:40:00,-1263.381,2025-05-14 17:40:00
2025-05-14 17:45:00,-999.421,2025-05-14 17:45:00
2025-05-14 17:50:00,-1075.441,2025-05-14 17:50:00
2025-05-14 17:55:00,-1311.461,2025-05-14 17:55:00
2025-05-14 18:00:00,9000.0,2025-05-14 18:00:00
2025-05-14 18:05:00,9000.0,2025-05-14 18:05:00
2025-05-14 18:10:00,9000.0,2025-05-14 18:10:00
2025-05-14 18:15:00,9000.0,2025-05-14 18:15:00
2025-05-14 18:20:00,9000.0,2025-05-14 18:20:00
2025-05-14 18:25:00,9000.0,2025-05-14 18:25:00
2025-05-14 18:30:00,9000.0,2025-05-14 18:30:00
2025-05-14 18:35:00,9000.0,2025-05-14 18:35:00
2025-05-14 18:40:00,9000.0,2025-05-14 18:40:00
2025-05-14 18:45:00,2439.077,2025-05-14 18:45:00
2025-05-14 18:50:00,0.0,2025-05-14 18:50:00
2025-05-14 18:55:00,0.0,2025-05-14 18:55:00
2025-05-14 19:00:00,0.0,2025-05-14 19:00:00
2025-05-14 19:05:00,0.0,2025-05-14 19:05:00
2025-05-14 19:10:00,0.0,2025-05-14 19:10:00
2025-05-14 19:15:00,0.0,2025-05-14 19:15:00
2025-05-14 19:20:00,0.0,2025-05-14 19:20:00
2025-05-14 19:25:00,0.0,2025-05-14 19:25:00
2025-05-14 19:30:00,0.0,2025-05-14 19:30:00
2025-05-14 19:35:00,0.0,2025-05-14 19:35:00
2025-05-14 19:40:00,0.0,2025-05-14 19:40:00
2025-05-14 19:45:00,0.0,2025-05-14 19:45:00
2025-05-14 19:50:00,0.0,2025-05-14 19:50:00
2025-05-14 19:55:00,0.0,2025-05-14 19:55:00
2025-05-14 20:00:00,0.0,2025-05-14 20:00:00
2025-05-14 20:05:00,0.0,2025-05-14 20:05:00
2025-05-14 20:10:00,0.0,2025-05-14 20:10:00
2025-05-14 20:15:00,0.0,2025-05-14 20:15:00
2025-05-14 20:20:00,0.0,2025-05-14 20:20:00
2025-05-14 20:25:00,0.0,2025-05-14 20:25:00
2025-05-14 20:30:00,0.0,2025-05-14 20:30:00
2025-05-14 20:35:00,0.0,2025-05-14 20:35:00
2025-05-14 20:40:00,0.0,2025-05-14 20:40:00
2025-05-14 20:45:00,0.0,2025-05-14 20:45:00
2025-05-14 20:50:00,0.0,2025-05-14 20:50:00
2025-05-14 20:55:00,0.0,2025-05-14 20:55:00
2025-05-14 21:00:00,0.0,2025-05-14 21:00:00
2025-05-14 21:05:00,0.0,2025-05-14 21:05:00
2025-05-14 21:10:00,0.0,2025-05-14 21:10:00
2025-05-14 21:15:00,0.0,2025-05-14 21:15:00
2025-05-14 21:20:00,0.0,2025-05-14 21:20:00
2025-05-14 21:25:00,0.0,2025-05-14 21:25:00
2025-05-14 21:30:00,0.0,2025-05-14 21:30:00
2025-05-14 21:35:00,0.0,2025-05-14 21:35:00
2025-05-14 21:40:00,0.0,2025-05-14 21:40:00
2025-05-14 21:45:00,0.0,2025-05-14 21:45:00
2025-05-14 21:50:00,0.0,2025-05-14 21:50:00
2025-05-14 21:55:00,0.0,2025-05-14 21:55:00
2025-05-14 22:00:00,-937.641,2025-05-14 22:00:00
2025-05-14 22:05:00,-937.641,2025-05-14 22:05:00
2025-05-14 22:10:00,-1065.661,2025-05-14 22:10:00
2025-05-14 22:15:00,-921.671,2025-05-14 22:15:00
2025-05-14 22:20:00,-877.691,2025-05-14 22:20:00
2025-05-14 22:25:00,-953.671,2025-05-14 22:25:00
2025-05-14 22:30:00,-1057.641,2025-05-14 22:30:00
2025-05-14 22:35:00,-1073.651,2025-05-14 22:35:00
2025-05-14 22:40:00,-1073.661,2025-05-14 22:40:00
2025-05-14 22:45:00,-1005.661,2025-05-14 22:45:00
2025-05-14 22:50:00,-985.611,2025-05-14 22:50:00
2025-05-14 22:55:00,-1033.671,2025-05-14 22:55:00
2025-05-14 23:00:00,-1037.671,2025-05-14 23:00:00
2025-05-14 23:05:00,-1129.641,2025-05-14 23:05:00
2025-05-14 23:10:00,-1061.681,2025-05-14 23:10:00
2025-05-14 23:15:00,-1097.641,2025-05-14 23:15:00
2025-05-14 23:20:00,-1097.661,2025-05-14 23:20:00
2025-05-14 23:25:00,-1089.661,2025-05-14 23:25:00
2025-05-14 23:30:00,-1097.651,2025-05-14 23:30:00
2025-05-14 23:35:00,-1125.661,2025-05-14 23:35:00
2025-05-14 23:40:00,-1101.671,2025-05-14 23:40:00
2025-05-14 23:45:00,-1173.661,2025-05-14 23:45:00
2025-05-14 23:50:00,-1121.651,2025-05-14 23:50:00
2025-05-14 23:55:00,-1157.701,2025-05-14 23:55:00
2025-05-15 00:00:00,-1129.631,2025-05-15 00:00:00
2025-05-15 00:05:00,-1093.611,2025-05-15 00:05:00
2025-05-15 00:10:00,-1129.651,2025-05-15 00:10:00
2025-05-15 00:15:00,-1073.681,2025-05-15 00:15:00
2025-05-15 00:20:00,-1029.691,2025-05-15 00:20:00
2025-05-15 00:25:00,-1061.641,2025-05-15 00:25:00
2025-05-15 00:30:00,-1097.681,2025-05-15 00:30:00
2025-05-15 00:35:00,-1105.641,2025-05-15 00:35:00
2025-05-15 00:40:00,-1045.671,2025-05-15 00:40:00
2025-05-15 00:45:00,-1117.611,2025-05-15 00:45:00
2025-05-15 00:50:00,-1109.621,2025-05-15 00:50:00
2025-05-15 00:55:00,-1097.651,2025-05-15 00:55:00
2025-05-15 01:00:00,-1053.661,2025-05-15 01:00:00
2025-05-15 01:05:00,-977.661,2025-05-15 01:05:00
2025-05-15 01:10:00,-993.621,2025-05-15 01:10:00
2025-05-15 01:15:00,-1029.631,2025-05-15 01:15:00
2025-05-15 01:20:00,-937.671,2025-05-15 01:20:00
2025-05-15 01:25:00,-997.641,2025-05-15 01:25:00
2025-05-15 01:30:00,-981.671,2025-05-15 01:30:00
2025-05-15 01:35:00,-981.681,2025-05-15 01:35:00
2025-05-15 01:40:00,-1005.671,2025-05-15 01:40:00
2025-05-15 01:45:00,-989.611,2025-05-15 01:45:00
2025-05-15 01:50:00,-1281.681,2025-05-15 01:50:00
2025-05-15 01:55:00,-1029.671,2025-05-15 01:55:00
2025-05-15 02:00:00,-1197.631,2025-05-15 02:00:00
2025-05-15 02:05:00,-1181.631,2025-05-15 02:05:00
2025-05-15 02:10:00,-953.681,2025-05-15 02:10:00
2025-05-15 02:15:00,-985.681,2025-05-15 02:15:00
2025-05-15 02:20:00,-1033.661,2025-05-15 02:20:00
2025-05-15 02:25:00,-1101.631,2025-05-15 02:25:00
2025-05-15 02:30:00,-1381.681,2025-05-15 02:30:00
2025-05-15 02:35:00,-1401.631,2025-05-15 02:35:00
2025-05-15 02:40:00,-1469.671,2025-05-15 02:40:00
2025-05-15 02:45:00,-1133.641,2025-05-15 02:45:00
2025-05-15 02:50:00,-1041.671,2025-05-15 02:50:00
2025-05-15 02:55:00,-1057.651,2025-05-15 02:55:00
2025-05-15 03:00:00,-1085.641,2025-05-15 03:00:00
2025-05-15 03:05:00,-1093.681,2025-05-15 03:05:00
2025-05-15 03:10:00,-1177.631,2025-05-15 03:10:00
2025-05-15 03:15:00,-1137.691,2025-05-15 03:15:00
2025-05-15 03:20:00,-1257.631,2025-05-15 03:20:00
2025-05-15 03:25:00,-1125.611,2025-05-15 03:25:00
2025-05-15 03:30:00,-1185.671,2025-05-15 03:30:00
2025-05-15 03:35:00,-1121.681,2025-05-15 03:35:00
2025-05-15 03:40:00,-1129.651,2025-05-15 03:40:00
2025-05-15 03:45:00,-1033.631,2025-05-15 03:45:00
2025-05-15 03:50:00,-1085.661,2025-05-15 03:50:00
2025-05-15 03:55:00,-1069.651,2025-05-15 03:55:00
2025-05-15 04:00:00,-1097.641,2025-05-15 04:00:00
2025-05-15 04:05:00,-1045.651,2025-05-15 04:05:00
2025-05-15 04:10:00,-1029.641,2025-05-15 04:10:00
2025-05-15 04:15:00,-1093.621,2025-05-15 04:15:00
2025-05-15 04:20:00,-1057.661,2025-05-15 04:20:00
2025-05-15 04:25:00,-1117.671,2025-05-15 04:25:00
2025-05-15 04:30:00,-1109.631,2025-05-15 04:30:00
2025-05-15 04:35:00,-1137.651,2025-05-15 04:35:00
2025-05-15 04:40:00,-1077.631,2025-05-15 04:40:00
2025-05-15 04:45:00,-1085.661,2025-05-15 04:45:00
2025-05-15 04:50:00,-1205.631,2025-05-15 04:50:00
2025-05-15 04:55:00,-1189.691,2025-05-15 04:55:00
2025-05-15 05:00:00,-1153.671,2025-05-15 05:00:00
2025-05-15 05:05:00,-1193.661,2025-05-15 05:05:00
2025-05-15 05:10:00,-1273.661,2025-05-15 05:10:00
2025-05-15 05:15:00,-1221.661,2025-05-15 05:15:00
2025-05-15 05:20:00,-1097.681,2025-05-15 05:20:00
2025-05-15 05:25:00,-1293.681,2025-05-15 05:25:00
2025-05-15 05:30:00,-1201.661,2025-05-15 05:30:00
2025-05-15 05:35:00,-1385.661,2025-05-15 05:35:00
2025-05-15 05:40:00,-1189.671,2025-05-15 05:40:00
2025-05-15 05:45:00,-1217.621,2025-05-15 05:45:00
2025-05-15 05:50:00,-1173.661,2025-05-15 05:50:00
2025-05-15 05:55:00,-1241.671,2025-05-15 05:55:00
2025-05-15 06:00:00,-1241.651,2025-05-15 06:00:00
2025-05-15 06:05:00,-1209.661,2025-05-15 06:05:00
2025-05-15 06:10:00,-1197.671,2025-05-15 06:10:00
2025-05-15 06:15:00,-1189.671,2025-05-15 06:15:00
2025-05-15 06:20:00,-1233.661,2025-05-15 06:20:00
2025-05-15 06:25:00,-1225.661,2025-05-15 06:25:00
2025-05-15 06:30:00,-1193.661,2025-05-15 06:30:00
2025-05-15 06:35:00,-1305.651,2025-05-15 06:35:00
2025-05-15 06:40:00,-1349.681,2025-05-15 06:40:00
2025-05-15 06:45:00,-1209.641,2025-05-15 06:45:00
2025-05-15 06:50:00,-1177.651,2025-05-15 06:50:00
2025-05-15 06:55:00,-1297.661,2025-05-15 06:55:00
2025-05-15 07:00:00,-1185.631,2025-05-15 07:00:00
2025-05-15 07:05:00,-1357.671,2025-05-15 07:05:00
2025-05-15 07:10:00,-1233.671,2025-05-15 07:10:00
2025-05-15 07:15:00,-1321.661,2025-05-15 07:15:00
2025-05-15 07:20:00,-1449.661,2025-05-15 07:20:00
2025-05-15 07:25:00,-1213.661,2025-05-15 07:25:00
2025-05-15 07:30:00,-1197.691,2025-05-15 07:30:00
2025-05-15 07:35:00,-1281.611,2025-05-15 07:35:00
2025-05-15 07:40:00,-1197.671,2025-05-15 07:40:00
2025-05-15 07:45:00,-1209.631,2025-05-15 07:45:00
2025-05-15 07:50:00,-1153.671,2025-05-15 07:50:00
2025-05-15 07:55:00,-1349.671,2025-05-15 07:55:00
2025-05-15 08:00:00,9000.0,2025-05-15 08:00:00
2025-05-15 08:05:00,9000.0,2025-05-15 08:05:00
2025-05-15 08:10:00,9000.0,2025-05-15 08:10:00
2025-05-15 08:15:00,9000.0,2025-05-15 08:15:00
2025-05-15 08:20:00,9000.0,2025-05-15 08:20:00
2025-05-15 08:25:00,9000.0,2025-05-15 08:25:00
2025-05-15 08:30:00,9000.0,2025-05-15 08:30:00
2025-05-15 08:35:00,9000.0,2025-05-15 08:35:00
2025-05-15 08:40:00,9000.0,2025-05-15 08:40:00
2025-05-15 08:45:00,9000.0,2025-05-15 08:45:00
2025-05-15 08:50:00,9000.0,2025-05-15 08:50:00
2025-05-15 08:55:00,9000.0,2025-05-15 08:55:00
2025-05-15 09:00:00,9000.0,2025-05-15 09:00:00
2025-05-15 09:05:00,1765.04,2025-05-15 09:05:00
2025-05-15 09:10:00,0.0,2025-05-15 09:10:00
2025-05-15 09:15:00,0.0,2025-05-15 09:15:00
2025-05-15 09:20:00,0.0,2025-05-15 09:20:00
2025-05-15 09:25:00,0.0,2025-05-15 09:25:00
2025-05-15 09:30:00,0.0,2025-05-15 09:30:00
2025-05-15 09:35:00,0.0,2025-05-15 09:35:00
2025-05-15 09:40:00,0.0,2025-05-15 09:40:00
2025-05-15 09:45:00,0.0,2025-05-15 09:45:00
2025-05-15 09:50:00,0.0,2025-05-15 09:50:00
2025-05-15 09:55:00,0.0,2025-05-15 09:55:00
2025-05-15 10:00:00,0.0,2025-05-15 10:00:00
2025-05-15 10:05:00,0.0,2025-05-15 10:05:00
2025-05-15 10:10:00,0.0,2025-05-15 10:10:00
2025-05-15 10:15:00,0.0,2025-05-15 10:15:00
2025-05-15 10:20:00,0.0,2025-05-15 10:20:00
2025-05-15 10:25:00,0.0,2025-05-15 10:25:00
2025-05-15 10:30:00,0.0,2025-05-15 10:30:00
2025-05-15 10:35:00,0.0,2025-05-15 10:35:00
2025-05-15 10:40:00,0.0,2025-05-15 10:40:00
2025-05-15 10:45:00,0.0,2025-05-15 10:45:00
2025-05-15 10:50:00,0.0,2025-05-15 10:50:00
2025-05-15 10:55:00,0.0,2025-05-15 10:55:00
2025-05-15 11:00:00,-1161.641,2025-05-15 11:00:00
2025-05-15 11:05:00,-1041.671,2025-05-15 11:05:00
2025-05-15 11:10:00,-1057.641,2025-05-15 11:10:00
2025-05-15 11:15:00,-1185.641,2025-05-15 11:15:00
2025-05-15 11:20:00,-1153.681,2025-05-15 11:20:00
2025-05-15 11:25:00,-1177.631,2025-05-15 11:25:00
2025-05-15 11:30:00,-1093.621,2025-05-15 11:30:00
2025-05-15 11:35:00,-1149.651,2025-05-15 11:35:00
2025-05-15 11:40:00,-1229.661,2025-05-15 11:40:00
2025-05-15 11:45:00,-1177.631,2025-05-15 11:45:00
2025-05-15 11:50:00,-1177.691,2025-05-15 11:50:00
2025-05-15 11:55:00,-1209.651,2025-05-15 11:55:00
2025-05-15 12:00:00,-1217.671,2025-05-15 12:00:00
2025-05-15 12:05:00,-1169.651,2025-05-15 12:05:00
2025-05-15 12:10:00,-1253.631,2025-05-15 12:10:00
2025-05-15 12:15:00,-1157.631,2025-05-15 12:15:00
2025-05-15 12:20:00,-1217.691,2025-05-15 12:20:00
2025-05-15 12:25:00,-1253.641,2025-05-15 12:25:00
2025-05-15 12:30:00,-1225.661,2025-05-15 12:30:00
2025-05-15 12:35:00,-1213.661,2025-05-15 12:35:00
2025-05-15 12:40:00,-1109.661,2025-05-15 12:40:00
2025-05-15 12:45:00,-1145.651,2025-05-15 12:45:00
2025-05-15 12:50:00,-1161.651,2025-05-15 12:50:00
2025-05-15 12:55:00,-1137.641,2025-05-15 12:55:00
2025-05-15 13:00:00,-1149.671,2025-05-15 13:00:00
2025-05-15 13:05:00,-1069.671,2025-05-15 13:05:00
2025-05-15 13:10:00,-1041.651,2025-05-15 13:10:00
2025-05-15 13:15:00,-1037.661,2025-05-15 13:15:00
2025-05-15 13:20:00,-1137.661,2025-05-15 13:20:00
2025-05-15 13:25:00,-1109.691,2025-05-15 13:25:00
2025-05-15 13:30:00,-1085.691,2025-05-15 13:30:00
2025-05-15 13:35:00,-1205.631,2025-05-15 13:35:00
2025-05-15 13:40:00,-1025.661,2025-05-15 13:40:00
2025-05-15 13:45:00,-977.671,2025-05-15 13:45:00
2025-05-15 13:50:00,-1029.711,2025-05-15 13:50:00
2025-05-15 13:55:00,-1105.661,2025-05-15 13:55:00
2025-05-15 14:00:00,-1097.691,2025-05-15 14:00:00
2025-05-15 14:05:00,-953.641,2025-05-15 14:05:00
2025-05-15 14:10:00,-1245.671,2025-05-15 14:10:00
2025-05-15 14:15:00,-1321.661,2025-05-15 14:15:00
2025-05-15 14:20:00,-1253.631,2025-05-15 14:20:00
2025-05-15 14:25:00,-1321.651,2025-05-15 14:25:00
2025-05-15 14:30:00,-1373.591,2025-05-15 14:30:00
2025-05-15 14:35:00,-1297.661,2025-05-15 14:35:00
2025-05-15 14:40:00,-1349.681,2025-05-15 14:40:00
2025-05-15 14:45:00,-965.671,2025-05-15 14:45:00
2025-05-15 14:50:00,-1081.661,2025-05-15 14:50:00
2025-05-15 14:55:00,-1001.671,2025-05-15 14:55:00
2025-05-15 15:00:00,-957.631,2025-05-15 15:00:00
2025-05-15 15:05:00,-861.641,2025-05-15 15:05:00
2025-05-15 15:10:00,-913.631,2025-05-15 15:10:00
2025-05-15 15:15:00,-913.651,2025-05-15 15:15:00
2025-05-15 15:20:00,-969.681,2025-05-15 15:20:00
2025-05-15 15:25:00,-1069.621,2025-05-15 15:25:00
2025-05-15 15:30:00,-937.671,2025-05-15 15:30:00
2025-05-15 15:35:00,-989.651,2025-05-15 15:35:00
2025-05-15 15:40:00,-877.651,2025-05-15 15:40:00
2025-05-15 15:45:00,-1113.671,2025-05-15 15:45:00
2025-05-15 15:50:00,-1025.641,2025-05-15 15:50:00
2025-05-15 15:55:00,-1061.661,2025-05-15 15:55:00
2025-05-15 16:00:00,-925.681,2025-05-15 16:00:00
2025-05-15 16:05:00,-993.691,2025-05-15 16:05:00
2025-05-15 16:10:00,-949.671,2025-05-15 16:10:00
2025-05-15 16:15:00,-933.671,2025-05-15 16:15:00
2025-05-15 16:20:00,-897.671,2025-05-15 16:20:00
2025-05-15 16:25:00,-1069.661,2025-05-15 16:25:00
2025-05-15 16:30:00,-885.631,2025-05-15 16:30:00
2025-05-15 16:35:00,-945.651,2025-05-15 16:35:00
2025-05-15 16:40:00,-893.631,2025-05-15 16:40:00
2025-05-15 16:45:00,-985.661,2025-05-15 16:45:00
2025-05-15 16:50:00,-1185.641,2025-05-15 16:50:00
2025-05-15 16:55:00,-889.631,2025-05-15 16:55:00
2025-05-15 17:00:00,-957.651,2025-05-15 17:00:00
2025-05-15 17:05:00,-673.671,2025-05-15 17:05:00
2025-05-15 17:10:00,-821.631,2025-05-15 17:10:00
2025-05-15 17:15:00,-761.671,2025-05-15 17:15:00
2025-05-15 17:20:00,-701.651,2025-05-15 17:20:00
2025-05-15 17:25:00,-857.631,2025-05-15 17:25:00
2025-05-15 17:30:00,-777.651,2025-05-15 17:30:00
2025-05-15 17:35:00,-801.651,2025-05-15 17:35:00
2025-05-15 17:40:00,-1029.611,2025-05-15 17:40:00
2025-05-15 17:45:00,-1033.681,2025-05-15 17:45:00
2025-05-15 17:50:00,-1089.661,2025-05-15 17:50:00
2025-05-15 17:55:00,-929.651,2025-05-15 17:55:00
2025-05-15 18:00:00,9000.0,2025-05-15 18:00:00
2025-05-15 18:05:00,9000.0,2025-05-15 18:05:00
2025-05-15 18:10:00,9000.0,2025-05-15 18:10:00
2025-05-15 18:15:00,9000.0,2025-05-15 18:15:00
2025-05-15 18:20:00,9000.0,2025-05-15 18:20:00
2025-05-15 18:25:00,9000.0,2025-05-15 18:25:00
2025-05-15 18:30:00,9000.0,2025-05-15 18:30:00
2025-05-15 18:35:00,9000.0,2025-05-15 18:35:00
2025-05-15 18:40:00,5788.707,2025-05-15 18:40:00
2025-05-15 18:45:00,0.0,2025-05-15 18:45:00
2025-05-15 18:50:00,0.0,2025-05-15 18:50:00
2025-05-15 18:55:00,0.0,2025-05-15 18:55:00
2025-05-15 19:00:00,0.0,2025-05-15 19:00:00
2025-05-15 19:05:00,0.0,2025-05-15 19:05:00
2025-05-15 19:10:00,0.0,2025-05-15 19:10:00
2025-05-15 19:15:00,0.0,2025-05-15 19:15:00
2025-05-15 19:20:00,0.0,2025-05-15 19:20:00
2025-05-15 19:25:00,0.0,2025-05-15 19:25:00
2025-05-15 19:30:00,0.0,2025-05-15 19:30:00
2025-05-15 19:35:00,0.0,2025-05-15 19:35:00
2025-05-15 19:40:00,0.0,2025-05-15 19:40:00
2025-05-15 19:45:00,0.0,2025-05-15 19:45:00
2025-05-15 19:50:00,0.0,2025-05-15 19:50:00
2025-05-15 19:55:00,0.0,2025-05-15 19:55:00
2025-05-15 20:00:00,0.0,2025-05-15 20:00:00
2025-05-15 20:05:00,0.0,2025-05-15 20:05:00
2025-05-15 20:10:00,0.0,2025-05-15 20:10:00
2025-05-15 20:15:00,0.0,2025-05-15 20:15:00
2025-05-15 20:20:00,0.0,2025-05-15 20:20:00
2025-05-15 20:25:00,0.0,2025-05-15 20:25:00
2025-05-15 20:30:00,0.0,2025-05-15 20:30:00
2025-05-15 20:35:00,0.0,2025-05-15 20:35:00
2025-05-15 20:40:00,0.0,2025-05-15 20:40:00
2025-05-15 20:45:00,0.0,2025-05-15 20:45:00
2025-05-15 20:50:00,0.0,2025-05-15 20:50:00
2025-05-15 20:55:00,0.0,2025-05-15 20:55:00
2025-05-15 21:00:00,0.0,2025-05-15 21:00:00
2025-05-15 21:05:00,0.0,2025-05-15 21:05:00
2025-05-15 21:10:00,0.0,2025-05-15 21:10:00
2025-05-15 21:15:00,0.0,2025-05-15 21:15:00
2025-05-15 21:20:00,0.0,2025-05-15 21:20:00
2025-05-15 21:25:00,0.0,2025-05-15 21:25:00
2025-05-15 21:30:00,0.0,2025-05-15 21:30:00
2025-05-15 21:35:00,0.0,2025-05-15 21:35:00
2025-05-15 21:40:00,0.0,2025-05-15 21:40:00
2025-05-15 21:45:00,0.0,2025-05-15 21:45:00
2025-05-15 21:50:00,0.0,2025-05-15 21:50:00
2025-05-15 21:55:00,0.0,2025-05-15 21:55:00
2025-05-15 22:00:00,-1125.77,2025-05-15 22:00:00
2025-05-15 22:05:00,-1049.79,2025-05-15 22:05:00
2025-05-15 22:10:00,-1129.78,2025-05-15 22:10:00
2025-05-15 22:15:00,-1125.82,2025-05-15 22:15:00
2025-05-15 22:20:00,-1081.75,2025-05-15 22:20:00
2025-05-15 22:25:00,-989.74,2025-05-15 22:25:00
2025-05-15 22:30:00,-981.76,2025-05-15 22:30:00
2025-05-15 22:35:00,-921.78,2025-05-15 22:35:00
2025-05-15 22:40:00,-973.8,2025-05-15 22:40:00
2025-05-15 22:45:00,-929.77,2025-05-15 22:45:00
2025-05-15 22:50:00,-929.79,2025-05-15 22:50:00
2025-05-15 22:55:00,-1025.78,2025-05-15 22:55:00
2025-05-15 23:00:00,-1061.75,2025-05-15 23:00:00
2025-05-15 23:05:00,-1221.76,2025-05-15 23:05:00
2025-05-15 23:10:00,-1065.77,2025-05-15 23:10:00
2025-05-15 23:15:00,-1073.77,2025-05-15 23:15:00
2025-05-15 23:20:00,-1069.77,2025-05-15 23:20:00
2025-05-15 23:25:00,-1165.79,2025-05-15 23:25:00
2025-05-15 23:30:00,-1189.76,2025-05-15 23:30:00
2025-05-15 23:35:00,-1153.77,2025-05-15 23:35:00
2025-05-15 23:40:00,-1177.76,2025-05-15 23:40:00
2025-05-15 23:45:00,-1093.77,2025-05-15 23:45:00
2025-05-15 23:50:00,-1173.78,2025-05-15 23:50:00
2025-05-15 23:55:00,-1041.82,2025-05-15 23:55:00
2025-05-16 00:00:00,-1045.77,2025-05-16 00:00:00
2025-05-16 00:05:00,-1113.8,2025-05-16 00:05:00
2025-05-16 00:10:00,-1181.79,2025-05-16 00:10:00
2025-05-16 00:15:00,-1013.76,2025-05-16 00:15:00
2025-05-16 00:20:00,-1061.78,2025-05-16 00:20:00
2025-05-16 00:25:00,-1057.76,2025-05-16 00:25:00
2025-05-16 00:30:00,-1045.77,2025-05-16 00:30:00
2025-05-16 00:35:00,-1053.76,2025-05-16 00:35:00
2025-05-16 00:40:00,-1117.79,2025-05-16 00:40:00
2025-05-16 00:45:00,-1129.78,2025-05-16 00:45:00
2025-05-16 00:50:00,-1077.79,2025-05-16 00:50:00
2025-05-16 00:55:00,-989.79,2025-05-16 00:55:00
2025-05-16 01:00:00,-1097.78,2025-05-16 01:00:00
2025-05-16 01:05:00,-1161.7,2025-05-16 01:05:00
2025-05-16 01:10:00,-1097.77,2025-05-16 01:10:00
2025-05-16 01:15:00,-1153.76,2025-05-16 01:15:00
2025-05-16 01:20:00,-1045.78,2025-05-16 01:20:00
2025-05-16 01:25:00,-1193.75,2025-05-16 01:25:00
2025-05-16 01:30:00,-1229.78,2025-05-16 01:30:00
2025-05-16 01:35:00,-1121.8,2025-05-16 01:35:00
2025-05-16 01:40:00,-1049.76,2025-05-16 01:40:00
2025-05-16 01:45:00,-981.81,2025-05-16 01:45:00
2025-05-16 01:50:00,-957.76,2025-05-16 01:50:00
2025-05-16 01:55:00,-1009.74,2025-05-16 01:55:00
2025-05-16 02:00:00,-861.77,2025-05-16 02:00:00
2025-05-16 02:05:00,-913.75,2025-05-16 02:05:00
2025-05-16 02:10:00,-969.77,2025-05-16 02:10:00
2025-05-16 02:15:00,-833.78,2025-05-16 02:15:00
2025-05-16 02:20:00,-937.8,2025-05-16 02:20:00
2025-05-16 02:25:00,-925.77,2025-05-16 02:25:00
2025-05-16 02:30:00,-981.77,2025-05-16 02:30:00
2025-05-16 02:35:00,-981.74,2025-05-16 02:35:00
2025-05-16 02:40:00,-957.78,2025-05-16 02:40:00
2025-05-16 02:45:00,-961.74,2025-05-16 02:45:00
2025-05-16 02:50:00,-977.78,2025-05-16 02:50:00
2025-05-16 02:55:00,-901.78,2025-05-16 02:55:00
2025-05-16 03:00:00,-1045.78,2025-05-16 03:00:00
2025-05-16 03:05:00,-957.78,2025-05-16 03:05:00
2025-05-16 03:10:00,-1029.78,2025-05-16 03:10:00
2025-05-16 03:15:00,-897.8,2025-05-16 03:15:00
2025-05-16 03:20:00,-1077.76,2025-05-16 03:20:00
2025-05-16 03:25:00,-889.77,2025-05-16 03:25:00
2025-05-16 03:30:00,-857.76,2025-05-16 03:30:00
2025-05-16 03:35:00,-1005.77,2025-05-16 03:35:00
2025-05-16 03:40:00,-985.79,2025-05-16 03:40:00
2025-05-16 03:45:00,-933.74,2025-05-16 03:45:00
2025-05-16 03:50:00,-1081.78,2025-05-16 03:50:00
2025-05-16 03:55:00,-961.75,2025-05-16 03:55:00
2025-05-16 04:00:00,-941.7,2025-05-16 04:00:00
2025-05-16 04:05:00,-993.79,2025-05-16 04:05:00
2025-05-16 04:10:00,-921.78,2025-05-16 04:10:00
2025-05-16 04:15:00,-1069.75,2025-05-16 04:15:00
2025-05-16 04:20:00,-1085.77,2025-05-16 04:20:00
2025-05-16 04:25:00,-953.8,2025-05-16 04:25:00
2025-05-16 04:30:00,-961.79,2025-05-16 04:30:00
2025-05-16 04:35:00,-969.81,2025-05-16 04:35:00
2025-05-16 04:40:00,-1041.81,2025-05-16 04:40:00
2025-05-16 04:45:00,-1037.76,2025-05-16 04:45:00
2025-05-16 04:50:00,-933.75,2025-05-16 04:50:00
2025-05-16 04:55:00,-1009.8,2025-05-16 04:55:00
2025-05-16 05:00:00,-1069.77,2025-05-16 05:00:00
2025-05-16 05:05:00,-1161.79,2025-05-16 05:05:00
2025-05-16 05:10:00,-981.8,2025-05-16 05:10:00
2025-05-16 05:15:00,-913.77,2025-05-16 05:15:00
2025-05-16 05:20:00,-1033.72,2025-05-16 05:20:00
2025-05-16 05:25:00,-1029.77,2025-05-16 05:25:00
2025-05-16 05:30:00,-905.73,2025-05-16 05:30:00
2025-05-16 05:35:00,-1029.78,2025-05-16 05:35:00
2025-05-16 05:40:00,-1061.76,2025-05-16 05:40:00
2025-05-16 05:45:00,-873.78,2025-05-16 05:45:00
2025-05-16 05:50:00,-921.75,2025-05-16 05:50:00
2025-05-16 05:55:00,-985.79,2025-05-16 05:55:00
2025-05-16 06:00:00,-905.76,2025-05-16 06:00:00
2025-05-16 06:05:00,-997.8,2025-05-16 06:05:00
2025-05-16 06:10:00,-945.77,2025-05-16 06:10:00
2025-05-16 06:15:00,-997.8,2025-05-16 06:15:00
2025-05-16 06:20:00,-1037.72,2025-05-16 06:20:00
2025-05-16 06:25:00,-985.78,2025-05-16 06:25:00
2025-05-16 06:30:00,-933.79,2025-05-16 06:30:00
2025-05-16 06:35:00,-973.76,2025-05-16 06:35:00
2025-05-16 06:40:00,-1033.79,2025-05-16 06:40:00
2025-05-16 06:45:00,-1181.75,2025-05-16 06:45:00
2025-05-16 06:50:00,-1141.81,2025-05-16 06:50:00
2025-05-16 06:55:00,-1117.77,2025-05-16 06:55:00
2025-05-16 07:00:00,-985.77,2025-05-16 07:00:00
2025-05-16 07:05:00,-1049.76,2025-05-16 07:05:00
2025-05-16 07:10:00,-1113.78,2025-05-16 07:10:00
2025-05-16 07:15:00,-1125.78,2025-05-16 07:15:00
2025-05-16 07:20:00,-1117.75,2025-05-16 07:20:00
2025-05-16 07:25:00,-1013.76,2025-05-16 07:25:00
2025-05-16 07:30:00,-1113.78,2025-05-16 07:30:00
2025-05-16 07:35:00,-1221.72,2025-05-16 07:35:00
2025-05-16 07:40:00,-1105.76,2025-05-16 07:40:00
2025-05-16 07:45:00,-1141.73,2025-05-16 07:45:00
2025-05-16 07:50:00,-1085.79,2025-05-16 07:50:00
2025-05-16 07:55:00,-1097.73,2025-05-16 07:55:00
2025-05-16 08:00:00,9000.0,2025-05-16 08:00:00
2025-05-16 08:05:00,9000.0,2025-05-16 08:05:00
2025-05-16 08:10:00,9000.0,2025-05-16 08:10:00
2025-05-16 08:15:00,9000.0,2025-05-16 08:15:00
2025-05-16 08:20:00,9000.0,2025-05-16 08:20:00
2025-05-16 08:25:00,9000.0,2025-05-16 08:25:00
2025-05-16 08:30:00,9000.0,2025-05-16 08:30:00
2025-05-16 08:35:00,9000.0,2025-05-16 08:35:00
2025-05-16 08:40:00,9000.0,2025-05-16 08:40:00
2025-05-16 08:45:00,9000.0,2025-05-16 08:45:00
2025-05-16 08:50:00,9000.0,2025-05-16 08:50:00
2025-05-16 08:55:00,9000.0,2025-05-16 08:55:00
2025-05-16 09:00:00,369.52,2025-05-16 09:00:00
2025-05-16 09:05:00,0.0,2025-05-16 09:05:00
2025-05-16 09:10:00,0.0,2025-05-16 09:10:00
2025-05-16 09:15:00,0.0,2025-05-16 09:15:00
2025-05-16 09:20:00,0.0,2025-05-16 09:20:00
2025-05-16 09:25:00,0.0,2025-05-16 09:25:00
2025-05-16 09:30:00,0.0,2025-05-16 09:30:00
2025-05-16 09:35:00,0.0,2025-05-16 09:35:00
2025-05-16 09:40:00,0.0,2025-05-16 09:40:00
2025-05-16 09:45:00,0.0,2025-05-16 09:45:00
2025-05-16 09:50:00,0.0,2025-05-16 09:50:00
2025-05-16 09:55:00,0.0,2025-05-16 09:55:00
2025-05-16 10:00:00,0.0,2025-05-16 10:00:00
2025-05-16 10:05:00,0.0,2025-05-16 10:05:00
2025-05-16 10:10:00,0.0,2025-05-16 10:10:00
2025-05-16 10:15:00,0.0,2025-05-16 10:15:00
2025-05-16 10:20:00,0.0,2025-05-16 10:20:00
2025-05-16 10:25:00,0.0,2025-05-16 10:25:00
2025-05-16 10:30:00,0.0,2025-05-16 10:30:00
2025-05-16 10:35:00,0.0,2025-05-16 10:35:00
2025-05-16 10:40:00,0.0,2025-05-16 10:40:00
2025-05-16 10:45:00,0.0,2025-05-16 10:45:00
2025-05-16 10:50:00,0.0,2025-05-16 10:50:00
2025-05-16 10:55:00,0.0,2025-05-16 10:55:00
2025-05-16 11:00:00,-1133.8,2025-05-16 11:00:00
2025-05-16 11:05:00,-989.78,2025-05-16 11:05:00
2025-05-16 11:10:00,-1129.78,2025-05-16 11:10:00
2025-05-16 11:15:00,-1065.77,2025-05-16 11:15:00
2025-05-16 11:20:00,-1173.73,2025-05-16 11:20:00
2025-05-16 11:25:00,-981.76,2025-05-16 11:25:00
2025-05-16 11:30:00,-1133.79,2025-05-16 11:30:00
2025-05-16 11:35:00,-1085.77,2025-05-16 11:35:00
2025-05-16 11:40:00,-1053.74,2025-05-16 11:40:00
2025-05-16 11:45:00,-1129.79,2025-05-16 11:45:00
2025-05-16 11:50:00,-1153.76,2025-05-16 11:50:00
2025-05-16 11:55:00,-957.81,2025-05-16 11:55:00
2025-05-16 12:00:00,-977.74,2025-05-16 12:00:00
2025-05-16 12:05:00,-909.75,2025-05-16 12:05:00
2025-05-16 12:10:00,-845.79,2025-05-16 12:10:00
2025-05-16 12:15:00,-997.78,2025-05-16 12:15:00
2025-05-16 12:20:00,-985.78,2025-05-16 12:20:00
2025-05-16 12:25:00,-1109.78,2025-05-16 12:25:00
2025-05-16 12:30:00,-1073.77,2025-05-16 12:30:00
2025-05-16 12:35:00,-1149.79,2025-05-16 12:35:00
2025-05-16 12:40:00,-1049.77,2025-05-16 12:40:00
2025-05-16 12:45:00,-1129.76,2025-05-16 12:45:00
2025-05-16 12:50:00,-1089.78,2025-05-16 12:50:00
2025-05-16 12:55:00,-1077.77,2025-05-16 12:55:00
2025-05-16 13:00:00,-1069.75,2025-05-16 13:00:00
2025-05-16 13:05:00,-1193.75,2025-05-16 13:05:00
2025-05-16 13:10:00,-1037.77,2025-05-16 13:10:00
2025-05-16 13:15:00,-1077.76,2025-05-16 13:15:00
2025-05-16 13:20:00,-1269.77,2025-05-16 13:20:00
2025-05-16 13:25:00,-1225.75,2025-05-16 13:25:00
2025-05-16 13:30:00,-1197.75,2025-05-16 13:30:00
2025-05-16 13:35:00,-1261.78,2025-05-16 13:35:00
2025-05-16 13:40:00,-1345.8,2025-05-16 13:40:00
2025-05-16 13:45:00,-1285.78,2025-05-16 13:45:00
2025-05-16 13:50:00,-1189.78,2025-05-16 13:50:00
2025-05-16 13:55:00,-1217.78,2025-05-16 13:55:00
2025-05-16 14:00:00,-1353.8,2025-05-16 14:00:00
2025-05-16 14:05:00,-1289.78,2025-05-16 14:05:00
2025-05-16 14:10:00,-1421.77,2025-05-16 14:10:00
2025-05-16 14:15:00,-1293.77,2025-05-16 14:15:00
2025-05-16 14:20:00,-1365.8,2025-05-16 14:20:00
2025-05-16 14:25:00,-1305.77,2025-05-16 14:25:00
2025-05-16 14:30:00,-1441.76,2025-05-16 14:30:00
2025-05-16 14:35:00,-1329.77,2025-05-16 14:35:00
2025-05-16 14:40:00,-1373.79,2025-05-16 14:40:00
2025-05-16 14:45:00,-1217.78,2025-05-16 14:45:00
2025-05-16 14:50:00,-1181.73,2025-05-16 14:50:00
2025-05-16 14:55:00,-1117.77,2025-05-16 14:55:00
2025-05-16 15:00:00,-1093.78,2025-05-16 15:00:00
2025-05-16 15:05:00,-1281.77,2025-05-16 15:05:00
2025-05-16 15:10:00,-1213.77,2025-05-16 15:10:00
2025-05-16 15:15:00,-1025.78,2025-05-16 15:15:00
2025-05-16 15:20:00,-1097.8,2025-05-16 15:20:00
2025-05-16 15:25:00,-1125.75,2025-05-16 15:25:00
2025-05-16 15:30:00,-1153.75,2025-05-16 15:30:00
2025-05-16 15:35:00,-1133.78,2025-05-16 15:35:00
2025-05-16 15:40:00,-1069.78,2025-05-16 15:40:00
2025-05-16 15:45:00,-1133.77,2025-05-16 15:45:00
2025-05-16 15:50:00,-1213.75,2025-05-16 15:50:00
2025-05-16 15:55:00,-1241.77,2025-05-16 15:55:00
2025-05-16 16:00:00,-1105.79,2025-05-16 16:00:00
2025-05-16 16:05:00,-1005.76,2025-05-16 16:05:00
2025-05-16 16:10:00,-1129.8,2025-05-16 16:10:00
2025-05-16 16:15:00,-1177.73,2025-05-16 16:15:00
2025-05-16 16:20:00,-1173.79,2025-05-16 16:20:00
2025-05-16 16:25:00,-1093.79,2025-05-16 16:25:00
2025-05-16 16:30:00,-1097.78,2025-05-16 16:30:00
2025-05-16 16:35:00,-1073.79,2025-05-16 16:35:00
2025-05-16 16:40:00,-1093.78,2025-05-16 16:40:00
2025-05-16 16:45:00,-1233.78,2025-05-16 16:45:00
2025-05-16 16:50:00,-1181.75,2025-05-16 16:50:00
2025-05-16 16:55:00,-1093.79,2025-05-16 16:55:00
2025-05-16 17:00:00,-1093.74,2025-05-16 17:00:00
2025-05-16 17:05:00,-1089.78,2025-05-16 17:05:00
2025-05-16 17:10:00,-1085.77,2025-05-16 17:10:00
2025-05-16 17:15:00,-1405.75,2025-05-16 17:15:00
2025-05-16 17:20:00,-1069.77,2025-05-16 17:20:00
2025-05-16 17:25:00,-1197.76,2025-05-16 17:25:00
2025-05-16 17:30:00,-1157.81,2025-05-16 17:30:00
2025-05-16 17:35:00,-1193.8,2025-05-16 17:35:00
2025-05-16 17:40:00,-1029.76,2025-05-16 17:40:00
2025-05-16 17:45:00,-1433.81,2025-05-16 17:45:00
2025-05-16 17:50:00,-1337.76,2025-05-16 17:50:00
2025-05-16 17:55:00,-1353.76,2025-05-16 17:55:00
2025-05-16 18:00:00,9000.0,2025-05-16 18:00:00
2025-05-16 18:05:00,9000.0,2025-05-16 18:05:00
2025-05-16 18:10:00,9000.0,2025-05-16 18:10:00
2025-05-16 18:15:00,9000.0,2025-05-16 18:15:00
2025-05-16 18:20:00,9000.0,2025-05-16 18:20:00
2025-05-16 18:25:00,9000.0,2025-05-16 18:25:00
2025-05-16 18:30:00,9000.0,2025-05-16 18:30:00
2025-05-16 18:35:00,9000.0,2025-05-16 18:35:00
2025-05-16 18:40:00,9000.0,2025-05-16 18:40:00
2025-05-16 18:45:00,3908.16,2025-05-16 18:45:00
2025-05-16 18:50:00,0.0,2025-05-16 18:50:00
2025-05-16 18:55:00,0.0,2025-05-16 18:55:00
2025-05-16 19:00:00,0.0,2025-05-16 19:00:00
2025-05-16 19:05:00,0.0,2025-05-16 19:05:00
2025-05-16 19:10:00,0.0,2025-05-16 19:10:00
2025-05-16 19:15:00,0.0,2025-05-16 19:15:00
2025-05-16 19:20:00,0.0,2025-05-16 19:20:00
2025-05-16 19:25:00,0.0,2025-05-16 19:25:00
2025-05-16 19:30:00,0.0,2025-05-16 19:30:00
2025-05-16 19:35:00,0.0,2025-05-16 19:35:00
2025-05-16 19:40:00,0.0,2025-05-16 19:40:00
2025-05-16 19:45:00,0.0,2025-05-16 19:45:00
2025-05-16 19:50:00,0.0,2025-05-16 19:50:00
2025-05-16 19:55:00,0.0,2025-05-16 19:55:00
2025-05-16 20:00:00,0.0,2025-05-16 20:00:00
2025-05-16 20:05:00,0.0,2025-05-16 20:05:00
2025-05-16 20:10:00,0.0,2025-05-16 20:10:00
2025-05-16 20:15:00,0.0,2025-05-16 20:15:00
2025-05-16 20:20:00,0.0,2025-05-16 20:20:00
2025-05-16 20:25:00,0.0,2025-05-16 20:25:00
2025-05-16 20:30:00,0.0,2025-05-16 20:30:00
2025-05-16 20:35:00,0.0,2025-05-16 20:35:00
2025-05-16 20:40:00,0.0,2025-05-16 20:40:00
2025-05-16 20:45:00,0.0,2025-05-16 20:45:00
2025-05-16 20:50:00,0.0,2025-05-16 20:50:00
2025-05-16 20:55:00,0.0,2025-05-16 20:55:00
2025-05-16 21:00:00,0.0,2025-05-16 21:00:00
2025-05-16 21:05:00,0.0,2025-05-16 21:05:00
2025-05-16 21:10:00,0.0,2025-05-16 21:10:00
2025-05-16 21:15:00,0.0,2025-05-16 21:15:00
2025-05-16 21:20:00,0.0,2025-05-16 21:20:00
2025-05-16 21:25:00,0.0,2025-05-16 21:25:00
2025-05-16 21:30:00,0.0,2025-05-16 21:30:00
2025-05-16 21:35:00,0.0,2025-05-16 21:35:00
2025-05-16 21:40:00,0.0,2025-05-16 21:40:00
2025-05-16 21:45:00,0.0,2025-05-16 21:45:00
2025-05-16 21:50:00,0.0,2025-05-16 21:50:00
2025-05-16 21:55:00,0.0,2025-05-16 21:55:00
2025-05-16 22:00:00,-849.347,2025-05-16 22:00:00
2025-05-16 22:05:00,-869.347,2025-05-16 22:05:00
2025-05-16 22:10:00,-649.367,2025-05-16 22:10:00
2025-05-16 22:15:00,-765.347,2025-05-16 22:15:00
2025-05-16 22:20:00,-737.357,2025-05-16 22:20:00
2025-05-16 22:25:00,-761.367,2025-05-16 22:25:00
2025-05-16 22:30:00,-689.327,2025-05-16 22:30:00
2025-05-16 22:35:00,-797.377,2025-05-16 22:35:00
2025-05-16 22:40:00,-833.367,2025-05-16 22:40:00
2025-05-16 22:45:00,-757.387,2025-05-16 22:45:00
2025-05-16 22:50:00,-829.347,2025-05-16 22:50:00
2025-05-16 22:55:00,-857.297,2025-05-16 22:55:00
2025-05-16 23:00:00,-801.367,2025-05-16 23:00:00
2025-05-16 23:05:00,-945.377,2025-05-16 23:05:00
2025-05-16 23:10:00,-833.337,2025-05-16 23:10:00
2025-05-16 23:15:00,-969.357,2025-05-16 23:15:00
2025-05-16 23:20:00,-965.317,2025-05-16 23:20:00
2025-05-16 23:25:00,-857.307,2025-05-16 23:25:00
2025-05-16 23:30:00,-997.327,2025-05-16 23:30:00
2025-05-16 23:35:00,-833.367,2025-05-16 23:35:00
2025-05-16 23:40:00,-813.377,2025-05-16 23:40:00
2025-05-16 23:45:00,-889.347,2025-05-16 23:45:00
2025-05-16 23:50:00,-833.367,2025-05-16 23:50:00
2025-05-16 23:55:00,-917.367,2025-05-16 23:55:00
2025-05-17 00:00:00,-877.367,2025-05-17 00:00:00
2025-05-17 00:05:00,-789.347,2025-05-17 00:05:00
2025-05-17 00:10:00,-925.347,2025-05-17 00:10:00
2025-05-17 00:15:00,-721.367,2025-05-17 00:15:00
2025-05-17 00:20:00,-845.357,2025-05-17 00:20:00
2025-05-17 00:25:00,-841.387,2025-05-17 00:25:00
2025-05-17 00:30:00,-861.337,2025-05-17 00:30:00
2025-05-17 00:35:00,-853.357,2025-05-17 00:35:00
2025-05-17 00:40:00,-781.347,2025-05-17 00:40:00
2025-05-17 00:45:00,-925.367,2025-05-17 00:45:00
2025-05-17 00:50:00,-853.367,2025-05-17 00:50:00
2025-05-17 00:55:00,-829.337,2025-05-17 00:55:00
2025-05-17 01:00:00,-857.367,2025-05-17 01:00:00
2025-05-17 01:05:00,-857.367,2025-05-17 01:05:00
2025-05-17 01:10:00,-1101.347,2025-05-17 01:10:00
2025-05-17 01:15:00,-961.367,2025-05-17 01:15:00
2025-05-17 01:20:00,-737.337,2025-05-17 01:20:00
2025-05-17 01:25:00,-989.347,2025-05-17 01:25:00
2025-05-17 01:30:00,-937.347,2025-05-17 01:30:00
2025-05-17 01:35:00,-1025.357,2025-05-17 01:35:00
2025-05-17 01:40:00,-1033.357,2025-05-17 01:40:00
2025-05-17 01:45:00,-957.367,2025-05-17 01:45:00
2025-05-17 01:50:00,-901.297,2025-05-17 01:50:00
2025-05-17 01:55:00,-901.367,2025-05-17 01:55:00
2025-05-17 02:00:00,-881.337,2025-05-17 02:00:00
2025-05-17 02:05:00,-973.357,2025-05-17 02:05:00
2025-05-17 02:10:00,-1089.317,2025-05-17 02:10:00
2025-05-17 02:15:00,-949.387,2025-05-17 02:15:00
2025-05-17 02:20:00,-1029.307,2025-05-17 02:20:00
2025-05-17 02:25:00,-905.377,2025-05-17 02:25:00
2025-05-17 02:30:00,-1033.377,2025-05-17 02:30:00
2025-05-17 02:35:00,-1013.327,2025-05-17 02:35:00
2025-05-17 02:40:00,-1061.347,2025-05-17 02:40:00
2025-05-17 02:45:00,-1121.367,2025-05-17 02:45:00
2025-05-17 02:50:00,-1025.367,2025-05-17 02:50:00
2025-05-17 02:55:00,-913.337,2025-05-17 02:55:00
2025-05-17 03:00:00,-969.387,2025-05-17 03:00:00
2025-05-17 03:05:00,-917.337,2025-05-17 03:05:00
2025-05-17 03:10:00,-1009.337,2025-05-17 03:10:00
2025-05-17 03:15:00,-957.377,2025-05-17 03:15:00
2025-05-17 03:20:00,-1049.337,2025-05-17 03:20:00
2025-05-17 03:25:00,-1201.347,2025-05-17 03:25:00
2025-05-17 03:30:00,-1289.337,2025-05-17 03:30:00
2025-05-17 03:35:00,-1193.327,2025-05-17 03:35:00
2025-05-17 03:40:00,-1245.357,2025-05-17 03:40:00
2025-05-17 03:45:00,-1313.367,2025-05-17 03:45:00
2025-05-17 03:50:00,-1233.337,2025-05-17 03:50:00
2025-05-17 03:55:00,-1157.347,2025-05-17 03:55:00
2025-05-17 04:00:00,-1137.357,2025-05-17 04:00:00
2025-05-17 04:05:00,-1309.347,2025-05-17 04:05:00
2025-05-17 04:10:00,-1421.327,2025-05-17 04:10:00
2025-05-17 04:15:00,-1217.327,2025-05-17 04:15:00
2025-05-17 04:20:00,-1333.347,2025-05-17 04:20:00
2025-05-17 04:25:00,-1321.367,2025-05-17 04:25:00
2025-05-17 04:30:00,-1253.357,2025-05-17 04:30:00
2025-05-17 04:35:00,-1293.347,2025-05-17 04:35:00
2025-05-17 04:40:00,-1269.357,2025-05-17 04:40:00
2025-05-17 04:45:00,-1229.357,2025-05-17 04:45:00
2025-05-17 04:50:00,-1265.347,2025-05-17 04:50:00
2025-05-17 04:55:00,-1337.327,2025-05-17 04:55:00
2025-05-17 05:00:00,-1269.367,2025-05-17 05:00:00
2025-05-17 05:05:00,-1225.357,2025-05-17 05:05:00
2025-05-17 05:10:00,-1325.357,2025-05-17 05:10:00
2025-05-17 05:15:00,-1305.357,2025-05-17 05:15:00
2025-05-17 05:20:00,-1189.337,2025-05-17 05:20:00
2025-05-17 05:25:00,-1229.357,2025-05-17 05:25:00
2025-05-17 05:30:00,-1381.337,2025-05-17 05:30:00
2025-05-17 05:35:00,-1317.367,2025-05-17 05:35:00
2025-05-17 05:40:00,-1345.327,2025-05-17 05:40:00
2025-05-17 05:45:00,-1217.377,2025-05-17 05:45:00
2025-05-17 05:50:00,-1301.327,2025-05-17 05:50:00
2025-05-17 05:55:00,-1221.367,2025-05-17 05:55:00
2025-05-17 06:00:00,-1317.327,2025-05-17 06:00:00
2025-05-17 06:05:00,-1269.317,2025-05-17 06:05:00
2025-05-17 06:10:00,-1345.357,2025-05-17 06:10:00
2025-05-17 06:15:00,-1301.367,2025-05-17 06:15:00
2025-05-17 06:20:00,-1189.347,2025-05-17 06:20:00
2025-05-17 06:25:00,-1289.357,2025-05-17 06:25:00
2025-05-17 06:30:00,-1237.377,2025-05-17 06:30:00
2025-05-17 06:35:00,-1205.357,2025-05-17 06:35:00
2025-05-17 06:40:00,-1453.317,2025-05-17 06:40:00
2025-05-17 06:45:00,-1261.347,2025-05-17 06:45:00
2025-05-17 06:50:00,-1309.387,2025-05-17 06:50:00
2025-05-17 06:55:00,-1249.327,2025-05-17 06:55:00
2025-05-17 07:00:00,-1317.357,2025-05-17 07:00:00
2025-05-17 07:05:00,-1217.357,2025-05-17 07:05:00
2025-05-17 07:10:00,-1397.357,2025-05-17 07:10:00
2025-05-17 07:15:00,-1429.337,2025-05-17 07:15:00
2025-05-17 07:20:00,-1333.337,2025-05-17 07:20:00
2025-05-17 07:25:00,-1361.327,2025-05-17 07:25:00
2025-05-17 07:30:00,-1265.367,2025-05-17 07:30:00
2025-05-17 07:35:00,-1437.327,2025-05-17 07:35:00
2025-05-17 07:40:00,-1401.377,2025-05-17 07:40:00
2025-05-17 07:45:00,-1265.337,2025-05-17 07:45:00
2025-05-17 07:50:00,-1377.337,2025-05-17 07:50:00
2025-05-17 07:55:00,-1165.357,2025-05-17 07:55:00
2025-05-17 08:00:00,9000.0,2025-05-17 08:00:00
2025-05-17 08:05:00,9000.0,2025-05-17 08:05:00
2025-05-17 08:10:00,9000.0,2025-05-17 08:10:00
2025-05-17 08:15:00,9000.0,2025-05-17 08:15:00
2025-05-17 08:20:00,9000.0,2025-05-17 08:20:00
2025-05-17 08:25:00,9000.0,2025-05-17 08:25:00
2025-05-17 08:30:00,9000.0,2025-05-17 08:30:00
2025-05-17 08:35:00,9000.0,2025-05-17 08:35:00
2025-05-17 08:40:00,9000.0,2025-05-17 08:40:00
2025-05-17 08:45:00,9000.0,2025-05-17 08:45:00
2025-05-17 08:50:00,9000.0,2025-05-17 08:50:00
2025-05-17 08:55:00,9000.0,2025-05-17 08:55:00
2025-05-17 09:00:00,4800.251,2025-05-17 09:00:00
2025-05-17 09:05:00,0.0,2025-05-17 09:05:00
2025-05-17 09:10:00,0.0,2025-05-17 09:10:00
2025-05-17 09:15:00,0.0,2025-05-17 09:15:00
2025-05-17 09:20:00,0.0,2025-05-17 09:20:00
2025-05-17 09:25:00,0.0,2025-05-17 09:25:00
2025-05-17 09:30:00,0.0,2025-05-17 09:30:00
2025-05-17 09:35:00,0.0,2025-05-17 09:35:00
2025-05-17 09:40:00,0.0,2025-05-17 09:40:00
2025-05-17 09:45:00,0.0,2025-05-17 09:45:00
2025-05-17 09:50:00,0.0,2025-05-17 09:50:00
2025-05-17 09:55:00,0.0,2025-05-17 09:55:00
2025-05-17 10:00:00,0.0,2025-05-17 10:00:00
2025-05-17 10:05:00,0.0,2025-05-17 10:05:00
2025-05-17 10:10:00,0.0,2025-05-17 10:10:00
2025-05-17 10:15:00,0.0,2025-05-17 10:15:00
2025-05-17 10:20:00,0.0,2025-05-17 10:20:00
2025-05-17 10:25:00,0.0,2025-05-17 10:25:00
2025-05-17 10:30:00,0.0,2025-05-17 10:30:00
2025-05-17 10:35:00,0.0,2025-05-17 10:35:00
2025-05-17 10:40:00,0.0,2025-05-17 10:40:00
2025-05-17 10:45:00,0.0,2025-05-17 10:45:00
2025-05-17 10:50:00,0.0,2025-05-17 10:50:00
2025-05-17 10:55:00,0.0,2025-05-17 10:55:00
2025-05-17 11:00:00,-1025.357,2025-05-17 11:00:00
2025-05-17 11:05:00,-913.327,2025-05-17 11:05:00
2025-05-17 11:10:00,-1017.347,2025-05-17 11:10:00
2025-05-17 11:15:00,-973.327,2025-05-17 11:15:00
2025-05-17 11:20:00,-933.357,2025-05-17 11:20:00
2025-05-17 11:25:00,-877.347,2025-05-17 11:25:00
2025-05-17 11:30:00,-925.327,2025-05-17 11:30:00
2025-05-17 11:35:00,-1049.367,2025-05-17 11:35:00
2025-05-17 11:40:00,-1009.287,2025-05-17 11:40:00
2025-05-17 11:45:00,-889.367,2025-05-17 11:45:00
2025-05-17 11:50:00,-1037.357,2025-05-17 11:50:00
2025-05-17 11:55:00,-1037.307,2025-05-17 11:55:00
2025-05-17 12:00:00,-897.357,2025-05-17 12:00:00
2025-05-17 12:05:00,-953.327,2025-05-17 12:05:00
2025-05-17 12:10:00,-945.367,2025-05-17 12:10:00
2025-05-17 12:15:00,-833.377,2025-05-17 12:15:00
2025-05-17 12:20:00,-1053.357,2025-05-17 12:20:00
2025-05-17 12:25:00,-945.327,2025-05-17 12:25:00
2025-05-17 12:30:00,-953.357,2025-05-17 12:30:00
2025-05-17 12:35:00,-913.317,2025-05-17 12:35:00
2025-05-17 12:40:00,-945.337,2025-05-17 12:40:00
2025-05-17 12:45:00,-945.347,2025-05-17 12:45:00
2025-05-17 12:50:00,-1029.347,2025-05-17 12:50:00
2025-05-17 12:55:00,-937.367,2025-05-17 12:55:00
2025-05-17 13:00:00,-969.317,2025-05-17 13:00:00
2025-05-17 13:05:00,-925.367,2025-05-17 13:05:00
2025-05-17 13:10:00,-1025.357,2025-05-17 13:10:00
2025-05-17 13:15:00,-973.377,2025-05-17 13:15:00
2025-05-17 13:20:00,-941.357,2025-05-17 13:20:00
2025-05-17 13:25:00,-993.337,2025-05-17 13:25:00
2025-05-17 13:30:00,-849.397,2025-05-17 13:30:00
2025-05-17 13:35:00,-893.347,2025-05-17 13:35:00
2025-05-17 13:40:00,-981.367,2025-05-17 13:40:00
2025-05-17 13:45:00,-1005.367,2025-05-17 13:45:00
2025-05-17 13:50:00,-989.377,2025-05-17 13:50:00
2025-05-17 13:55:00,-973.357,2025-05-17 13:55:00
2025-05-17 14:00:00,-821.307,2025-05-17 14:00:00
2025-05-17 14:05:00,-1097.357,2025-05-17 14:05:00
2025-05-17 14:10:00,-1045.347,2025-05-17 14:10:00
2025-05-17 14:15:00,-1037.317,2025-05-17 14:15:00
2025-05-17 14:20:00,-917.387,2025-05-17 14:20:00
2025-05-17 14:25:00,-1009.347,2025-05-17 14:25:00
2025-05-17 14:30:00,-945.327,2025-05-17 14:30:00
2025-05-17 14:35:00,-993.357,2025-05-17 14:35:00
2025-05-17 14:40:00,-821.337,2025-05-17 14:40:00
2025-05-17 14:45:00,-905.347,2025-05-17 14:45:00
2025-05-17 14:50:00,-937.337,2025-05-17 14:50:00
2025-05-17 14:55:00,-1097.367,2025-05-17 14:55:00
2025-05-17 15:00:00,-933.367,2025-05-17 15:00:00
2025-05-17 15:05:00,-1073.367,2025-05-17 15:05:00
2025-05-17 15:10:00,-921.357,2025-05-17 15:10:00
2025-05-17 15:15:00,-1029.367,2025-05-17 15:15:00
2025-05-17 15:20:00,-1061.327,2025-05-17 15:20:00
2025-05-17 15:25:00,-1105.357,2025-05-17 15:25:00
2025-05-17 15:30:00,-1137.397,2025-05-17 15:30:00
2025-05-17 15:35:00,-1185.347,2025-05-17 15:35:00
2025-05-17 15:40:00,-1229.387,2025-05-17 15:40:00
2025-05-17 15:45:00,-1177.357,2025-05-17 15:45:00
2025-05-17 15:50:00,-1233.337,2025-05-17 15:50:00
2025-05-17 15:55:00,-1093.337,2025-05-17 15:55:00
2025-05-17 16:00:00,-1133.337,2025-05-17 16:00:00
2025-05-17 16:05:00,-1021.377,2025-05-17 16:05:00
2025-05-17 16:10:00,-1217.347,2025-05-17 16:10:00
2025-05-17 16:15:00,-1113.347,2025-05-17 16:15:00
2025-05-17 16:20:00,-1093.337,2025-05-17 16:20:00
2025-05-17 16:25:00,-1097.357,2025-05-17 16:25:00
2025-05-17 16:30:00,-1189.327,2025-05-17 16:30:00
2025-05-17 16:35:00,-1153.367,2025-05-17 16:35:00
2025-05-17 16:40:00,-1137.347,2025-05-17 16:40:00
2025-05-17 16:45:00,-1001.357,2025-05-17 16:45:00
2025-05-17 16:50:00,-1177.357,2025-05-17 16:50:00
2025-05-17 16:55:00,-989.357,2025-05-17 16:55:00
2025-05-17 17:00:00,-1065.357,2025-05-17 17:00:00
2025-05-17 17:05:00,-1109.337,2025-05-17 17:05:00
2025-05-17 17:10:00,-1149.327,2025-05-17 17:10:00
2025-05-17 17:15:00,-989.337,2025-05-17 17:15:00
2025-05-17 17:20:00,-1017.347,2025-05-17 17:20:00
2025-05-17 17:25:00,-1045.307,2025-05-17 17:25:00
2025-05-17 17:30:00,-997.347,2025-05-17 17:30:00
2025-05-17 17:35:00,-953.367,2025-05-17 17:35:00
2025-05-17 17:40:00,-1081.377,2025-05-17 17:40:00
2025-05-17 17:45:00,-1097.357,2025-05-17 17:45:00
2025-05-17 17:50:00,-905.347,2025-05-17 17:50:00
2025-05-17 17:55:00,-1061.327,2025-05-17 17:55:00
2025-05-17 18:00:00,9000.0,2025-05-17 18:00:00
2025-05-17 18:05:00,9000.0,2025-05-17 18:05:00
2025-05-17 18:10:00,9000.0,2025-05-17 18:10:00
2025-05-17 18:15:00,9000.0,2025-05-17 18:15:00
2025-05-17 18:20:00,9000.0,2025-05-17 18:20:00
2025-05-17 18:25:00,9000.0,2025-05-17 18:25:00
2025-05-17 18:30:00,9000.0,2025-05-17 18:30:00
2025-05-17 18:35:00,8999.999,2025-05-17 18:35:00
2025-05-17 18:40:00,2434.509,2025-05-17 18:40:00
2025-05-17 18:45:00,0.0,2025-05-17 18:45:00
2025-05-17 18:50:00,0.0,2025-05-17 18:50:00
2025-05-17 18:55:00,0.0,2025-05-17 18:55:00
2025-05-17 19:00:00,0.0,2025-05-17 19:00:00
2025-05-17 19:05:00,0.0,2025-05-17 19:05:00
2025-05-17 19:10:00,0.0,2025-05-17 19:10:00
2025-05-17 19:15:00,0.0,2025-05-17 19:15:00
2025-05-17 19:20:00,0.0,2025-05-17 19:20:00
2025-05-17 19:25:00,0.0,2025-05-17 19:25:00
2025-05-17 19:30:00,0.0,2025-05-17 19:30:00
2025-05-17 19:35:00,0.0,2025-05-17 19:35:00
2025-05-17 19:40:00,0.0,2025-05-17 19:40:00
2025-05-17 19:45:00,0.0,2025-05-17 19:45:00
2025-05-17 19:50:00,0.0,2025-05-17 19:50:00
2025-05-17 19:55:00,0.0,2025-05-17 19:55:00
2025-05-17 20:00:00,0.0,2025-05-17 20:00:00
2025-05-17 20:05:00,0.0,2025-05-17 20:05:00
2025-05-17 20:10:00,0.0,2025-05-17 20:10:00
2025-05-17 20:15:00,0.0,2025-05-17 20:15:00
2025-05-17 20:20:00,0.0,2025-05-17 20:20:00
2025-05-17 20:25:00,0.0,2025-05-17 20:25:00
2025-05-17 20:30:00,0.0,2025-05-17 20:30:00
2025-05-17 20:35:00,0.0,2025-05-17 20:35:00
2025-05-17 20:40:00,0.0,2025-05-17 20:40:00
2025-05-17 20:45:00,0.0,2025-05-17 20:45:00
2025-05-17 20:50:00,0.0,2025-05-17 20:50:00
2025-05-17 20:55:00,0.0,2025-05-17 20:55:00
2025-05-17 21:00:00,0.0,2025-05-17 21:00:00
2025-05-17 21:05:00,0.0,2025-05-17 21:05:00
2025-05-17 21:10:00,0.0,2025-05-17 21:10:00
2025-05-17 21:15:00,0.0,2025-05-17 21:15:00
2025-05-17 21:20:00,0.0,2025-05-17 21:20:00
2025-05-17 21:25:00,0.0,2025-05-17 21:25:00
2025-05-17 21:30:00,0.0,2025-05-17 21:30:00
2025-05-17 21:35:00,0.0,2025-05-17 21:35:00
2025-05-17 21:40:00,0.0,2025-05-17 21:40:00
2025-05-17 21:45:00,0.0,2025-05-17 21:45:00
2025-05-17 21:50:00,0.0,2025-05-17 21:50:00
2025-05-17 21:55:00,0.0,2025-05-17 21:55:00
2025-05-17 22:00:00,-542.286,2025-05-17 22:00:00
2025-05-17 22:05:00,-806.286,2025-05-17 22:05:00
2025-05-17 22:10:00,-838.306,2025-05-17 22:10:00
2025-05-17 22:15:00,-658.286,2025-05-17 22:15:00
2025-05-17 22:20:00,-702.256,2025-05-17 22:20:00
2025-05-17 22:25:00,-730.286,2025-05-17 22:25:00
2025-05-17 22:30:00,-518.276,2025-05-17 22:30:00
2025-05-17 22:35:00,-594.286,2025-05-17 22:35:00
2025-05-17 22:40:00,-790.286,2025-05-17 22:40:00
2025-05-17 22:45:00,-718.286,2025-05-17 22:45:00
2025-05-17 22:50:00,-774.266,2025-05-17 22:50:00
2025-05-17 22:55:00,-758.276,2025-05-17 22:55:00
2025-05-17 23:00:00,-922.286,2025-05-17 23:00:00
2025-05-17 23:05:00,-850.266,2025-05-17 23:05:00
2025-05-17 23:10:00,-922.286,2025-05-17 23:10:00
2025-05-17 23:15:00,-782.306,2025-05-17 23:15:00
2025-05-17 23:20:00,-846.276,2025-05-17 23:20:00
2025-05-17 23:25:00,-934.276,2025-05-17 23:25:00
2025-05-17 23:30:00,-862.266,2025-05-17 23:30:00
2025-05-17 23:35:00,-994.236,2025-05-17 23:35:00
2025-05-17 23:40:00,-930.296,2025-05-17 23:40:00
2025-05-17 23:45:00,-930.266,2025-05-17 23:45:00
2025-05-17 23:50:00,-1102.286,2025-05-17 23:50:00
2025-05-17 23:55:00,-1098.276,2025-05-17 23:55:00
2025-05-18 00:00:00,-954.286,2025-05-18 00:00:00
2025-05-18 00:05:00,-1046.276,2025-05-18 00:05:00
2025-05-18 00:10:00,-1166.276,2025-05-18 00:10:00
2025-05-18 00:15:00,-1038.286,2025-05-18 00:15:00
2025-05-18 00:20:00,-1086.296,2025-05-18 00:20:00
2025-05-18 00:25:00,-1034.256,2025-05-18 00:25:00
2025-05-18 00:30:00,-1038.286,2025-05-18 00:30:00
2025-05-18 00:35:00,-1014.276,2025-05-18 00:35:00
2025-05-18 00:40:00,-1014.316,2025-05-18 00:40:00
2025-05-18 00:45:00,-1046.296,2025-05-18 00:45:00
2025-05-18 00:50:00,-1030.296,2025-05-18 00:50:00
2025-05-18 00:55:00,-850.276,2025-05-18 00:55:00
2025-05-18 01:00:00,-750.246,2025-05-18 01:00:00
2025-05-18 01:05:00,-914.286,2025-05-18 01:05:00
2025-05-18 01:10:00,-862.306,2025-05-18 01:10:00
2025-05-18 01:15:00,-822.286,2025-05-18 01:15:00
2025-05-18 01:20:00,-922.306,2025-05-18 01:20:00
2025-05-18 01:25:00,-830.306,2025-05-18 01:25:00
2025-05-18 01:30:00,-870.266,2025-05-18 01:30:00
2025-05-18 01:35:00,-790.266,2025-05-18 01:35:00
2025-05-18 01:40:00,-858.266,2025-05-18 01:40:00
2025-05-18 01:45:00,-902.286,2025-05-18 01:45:00
2025-05-18 01:50:00,-838.286,2025-05-18 01:50:00
2025-05-18 01:55:00,-1038.306,2025-05-18 01:55:00
2025-05-18 02:00:00,-862.276,2025-05-18 02:00:00
2025-05-18 02:05:00,-966.296,2025-05-18 02:05:00
2025-05-18 02:10:00,-794.306,2025-05-18 02:10:00
2025-05-18 02:15:00,-870.256,2025-05-18 02:15:00
2025-05-18 02:20:00,-918.256,2025-05-18 02:20:00
2025-05-18 02:25:00,-882.296,2025-05-18 02:25:00
2025-05-18 02:30:00,-790.296,2025-05-18 02:30:00
2025-05-18 02:35:00,-854.306,2025-05-18 02:35:00
2025-05-18 02:40:00,-1030.266,2025-05-18 02:40:00
2025-05-18 02:45:00,-830.256,2025-05-18 02:45:00
2025-05-18 02:50:00,-906.296,2025-05-18 02:50:00
2025-05-18 02:55:00,-882.236,2025-05-18 02:55:00
2025-05-18 03:00:00,-862.316,2025-05-18 03:00:00
2025-05-18 03:05:00,-950.276,2025-05-18 03:05:00
2025-05-18 03:10:00,-870.236,2025-05-18 03:10:00
2025-05-18 03:15:00,-1050.276,2025-05-18 03:15:00
2025-05-18 03:20:00,-898.256,2025-05-18 03:20:00
2025-05-18 03:25:00,-1102.316,2025-05-18 03:25:00
2025-05-18 03:30:00,-1070.286,2025-05-18 03:30:00
2025-05-18 03:35:00,-878.316,2025-05-18 03:35:00
2025-05-18 03:40:00,-902.286,2025-05-18 03:40:00
2025-05-18 03:45:00,-814.296,2025-05-18 03:45:00
2025-05-18 03:50:00,-994.286,2025-05-18 03:50:00
2025-05-18 03:55:00,-930.286,2025-05-18 03:55:00
2025-05-18 04:00:00,-1034.246,2025-05-18 04:00:00
2025-05-18 04:05:00,-978.266,2025-05-18 04:05:00
2025-05-18 04:10:00,-998.246,2025-05-18 04:10:00
2025-05-18 04:15:00,-882.216,2025-05-18 04:15:00
2025-05-18 04:20:00,-1010.256,2025-05-18 04:20:00
2025-05-18 04:25:00,-1078.286,2025-05-18 04:25:00
2025-05-18 04:30:00,-998.276,2025-05-18 04:30:00
2025-05-18 04:35:00,-1262.256,2025-05-18 04:35:00
2025-05-18 04:40:00,-1278.286,2025-05-18 04:40:00
2025-05-18 04:45:00,-1106.316,2025-05-18 04:45:00
2025-05-18 04:50:00,-1226.266,2025-05-18 04:50:00
2025-05-18 04:55:00,-1130.296,2025-05-18 04:55:00
2025-05-18 05:00:00,-1294.256,2025-05-18 05:00:00
2025-05-18 05:05:00,-1318.266,2025-05-18 05:05:00
2025-05-18 05:10:00,-1230.296,2025-05-18 05:10:00
2025-05-18 05:15:00,-1126.276,2025-05-18 05:15:00
2025-05-18 05:20:00,-1322.256,2025-05-18 05:20:00
2025-05-18 05:25:00,-1250.276,2025-05-18 05:25:00
2025-05-18 05:30:00,-1322.296,2025-05-18 05:30:00
2025-05-18 05:35:00,-1306.256,2025-05-18 05:35:00
2025-05-18 05:40:00,-1378.266,2025-05-18 05:40:00
2025-05-18 05:45:00,-1330.286,2025-05-18 05:45:00
2025-05-18 05:50:00,-1290.256,2025-05-18 05:50:00
2025-05-18 05:55:00,-1350.266,2025-05-18 05:55:00
2025-05-18 06:00:00,-1418.296,2025-05-18 06:00:00
2025-05-18 06:05:00,-1254.246,2025-05-18 06:05:00
2025-05-18 06:10:00,-1286.266,2025-05-18 06:10:00
2025-05-18 06:15:00,-1314.286,2025-05-18 06:15:00
2025-05-18 06:20:00,-1358.256,2025-05-18 06:20:00
2025-05-18 06:25:00,-1390.306,2025-05-18 06:25:00
2025-05-18 06:30:00,-1354.306,2025-05-18 06:30:00
2025-05-18 06:35:00,-1426.256,2025-05-18 06:35:00
2025-05-18 06:40:00,-1334.256,2025-05-18 06:40:00
2025-05-18 06:45:00,-1246.286,2025-05-18 06:45:00
2025-05-18 06:50:00,-1366.246,2025-05-18 06:50:00
2025-05-18 06:55:00,-1386.306,2025-05-18 06:55:00
2025-05-18 07:00:00,-1242.286,2025-05-18 07:00:00
2025-05-18 07:05:00,-1202.246,2025-05-18 07:05:00
2025-05-18 07:10:00,-1354.286,2025-05-18 07:10:00
2025-05-18 07:15:00,-1210.286,2025-05-18 07:15:00
2025-05-18 07:20:00,-1390.276,2025-05-18 07:20:00
2025-05-18 07:25:00,-1306.276,2025-05-18 07:25:00
2025-05-18 07:30:00,-1414.286,2025-05-18 07:30:00
2025-05-18 07:35:00,-1102.306,2025-05-18 07:35:00
2025-05-18 07:40:00,-1118.286,2025-05-18 07:40:00
2025-05-18 07:45:00,-1218.306,2025-05-18 07:45:00
2025-05-18 07:50:00,-1154.326,2025-05-18 07:50:00
2025-05-18 07:55:00,-1122.276,2025-05-18 07:55:00
2025-05-18 08:00:00,9000.0,2025-05-18 08:00:00
2025-05-18 08:05:00,9000.0,2025-05-18 08:05:00
2025-05-18 08:10:00,9000.0,2025-05-18 08:10:00
2025-05-18 08:15:00,9000.0,2025-05-18 08:15:00
2025-05-18 08:20:00,9000.0,2025-05-18 08:20:00
2025-05-18 08:25:00,9000.0,2025-05-18 08:25:00
2025-05-18 08:30:00,9000.0,2025-05-18 08:30:00
2025-05-18 08:35:00,9000.0,2025-05-18 08:35:00
2025-05-18 08:40:00,9000.0,2025-05-18 08:40:00
2025-05-18 08:45:00,9000.0,2025-05-18 08:45:00
2025-05-18 08:50:00,9000.0,2025-05-18 08:50:00
2025-05-18 08:55:00,8999.991,2025-05-18 08:55:00
2025-05-18 09:00:00,122.095,2025-05-18 09:00:00
2025-05-18 09:05:00,0.0,2025-05-18 09:05:00
2025-05-18 09:10:00,0.0,2025-05-18 09:10:00
2025-05-18 09:15:00,0.0,2025-05-18 09:15:00
2025-05-18 09:20:00,0.0,2025-05-18 09:20:00
2025-05-18 09:25:00,0.0,2025-05-18 09:25:00
2025-05-18 09:30:00,0.0,2025-05-18 09:30:00
2025-05-18 09:35:00,0.0,2025-05-18 09:35:00
2025-05-18 09:40:00,0.0,2025-05-18 09:40:00
2025-05-18 09:45:00,0.0,2025-05-18 09:45:00
2025-05-18 09:50:00,0.0,2025-05-18 09:50:00
2025-05-18 09:55:00,0.0,2025-05-18 09:55:00
2025-05-18 10:00:00,0.0,2025-05-18 10:00:00
2025-05-18 10:05:00,0.0,2025-05-18 10:05:00
2025-05-18 10:10:00,0.0,2025-05-18 10:10:00
2025-05-18 10:15:00,0.0,2025-05-18 10:15:00
2025-05-18 10:20:00,0.0,2025-05-18 10:20:00
2025-05-18 10:25:00,0.0,2025-05-18 10:25:00
2025-05-18 10:30:00,0.0,2025-05-18 10:30:00
2025-05-18 10:35:00,0.0,2025-05-18 10:35:00
2025-05-18 10:40:00,0.0,2025-05-18 10:40:00
2025-05-18 10:45:00,0.0,2025-05-18 10:45:00
2025-05-18 10:50:00,0.0,2025-05-18 10:50:00
2025-05-18 10:55:00,0.0,2025-05-18 10:55:00
2025-05-18 11:00:00,-1322.286,2025-05-18 11:00:00
2025-05-18 11:05:00,-1310.266,2025-05-18 11:05:00
2025-05-18 11:10:00,-1330.276,2025-05-18 11:10:00
2025-05-18 11:15:00,-1358.286,2025-05-18 11:15:00
2025-05-18 11:20:00,-1302.256,2025-05-18 11:20:00
2025-05-18 11:25:00,-1398.276,2025-05-18 11:25:00
2025-05-18 11:30:00,-1522.276,2025-05-18 11:30:00
2025-05-18 11:35:00,-1486.316,2025-05-18 11:35:00
2025-05-18 11:40:00,-1354.276,2025-05-18 11:40:00
2025-05-18 11:45:00,-1274.306,2025-05-18 11:45:00
2025-05-18 11:50:00,-1386.266,2025-05-18 11:50:00
2025-05-18 11:55:00,-1282.286,2025-05-18 11:55:00
2025-05-18 12:00:00,-1290.246,2025-05-18 12:00:00
2025-05-18 12:05:00,-1390.306,2025-05-18 12:05:00
2025-05-18 12:10:00,-1382.306,2025-05-18 12:10:00
2025-05-18 12:15:00,-1330.286,2025-05-18 12:15:00
2025-05-18 12:20:00,-1222.306,2025-05-18 12:20:00
2025-05-18 12:25:00,-1350.286,2025-05-18 12:25:00
2025-05-18 12:30:00,-1502.256,2025-05-18 12:30:00
2025-05-18 12:35:00,-1278.306,2025-05-18 12:35:00
2025-05-18 12:40:00,-1462.276,2025-05-18 12:40:00
2025-05-18 12:45:00,-1526.296,2025-05-18 12:45:00
2025-05-18 12:50:00,-1526.266,2025-05-18 12:50:00
2025-05-18 12:55:00,-1522.256,2025-05-18 12:55:00
2025-05-18 13:00:00,-1626.246,2025-05-18 13:00:00
2025-05-18 13:05:00,-1810.256,2025-05-18 13:05:00
2025-05-18 13:10:00,-1534.276,2025-05-18 13:10:00
2025-05-18 13:15:00,-1522.286,2025-05-18 13:15:00
2025-05-18 13:20:00,-1438.276,2025-05-18 13:20:00
2025-05-18 13:25:00,-1490.286,2025-05-18 13:25:00
2025-05-18 13:30:00,-1390.296,2025-05-18 13:30:00
2025-05-18 13:35:00,-1306.296,2025-05-18 13:35:00
2025-05-18 13:40:00,-1390.296,2025-05-18 13:40:00
2025-05-18 13:45:00,-1314.296,2025-05-18 13:45:00
2025-05-18 13:50:00,-1410.296,2025-05-18 13:50:00
2025-05-18 13:55:00,-1190.246,2025-05-18 13:55:00
2025-05-18 14:00:00,-1122.286,2025-05-18 14:00:00
2025-05-18 14:05:00,-1206.296,2025-05-18 14:05:00
2025-05-18 14:10:00,-1062.296,2025-05-18 14:10:00
2025-05-18 14:15:00,-1114.316,2025-05-18 14:15:00
2025-05-18 14:20:00,-898.286,2025-05-18 14:20:00
2025-05-18 14:25:00,-882.296,2025-05-18 14:25:00
2025-05-18 14:30:00,-1074.226,2025-05-18 14:30:00
2025-05-18 14:35:00,-1002.276,2025-05-18 14:35:00
2025-05-18 14:40:00,-1046.286,2025-05-18 14:40:00
2025-05-18 14:45:00,-1202.286,2025-05-18 14:45:00
2025-05-18 14:50:00,-1090.256,2025-05-18 14:50:00
2025-05-18 14:55:00,-950.276,2025-05-18 14:55:00
2025-05-18 15:00:00,-946.256,2025-05-18 15:00:00
2025-05-18 15:05:00,-1038.266,2025-05-18 15:05:00
2025-05-18 15:10:00,-1090.266,2025-05-18 15:10:00
2025-05-18 15:15:00,-1010.276,2025-05-18 15:15:00
2025-05-18 15:20:00,-1066.266,2025-05-18 15:20:00
2025-05-18 15:25:00,-890.306,2025-05-18 15:25:00
2025-05-18 15:30:00,-934.276,2025-05-18 15:30:00
2025-05-18 15:35:00,-946.296,2025-05-18 15:35:00
2025-05-18 15:40:00,-974.296,2025-05-18 15:40:00
2025-05-18 15:45:00,-998.286,2025-05-18 15:45:00
2025-05-18 15:50:00,-926.256,2025-05-18 15:50:00
2025-05-18 15:55:00,-882.316,2025-05-18 15:55:00
2025-05-18 16:00:00,-754.276,2025-05-18 16:00:00
2025-05-18 16:05:00,-1054.316,2025-05-18 16:05:00
2025-05-18 16:10:00,-1042.316,2025-05-18 16:10:00
2025-05-18 16:15:00,-914.256,2025-05-18 16:15:00
2025-05-18 16:20:00,-918.316,2025-05-18 16:20:00
2025-05-18 16:25:00,-678.316,2025-05-18 16:25:00
2025-05-18 16:30:00,-830.276,2025-05-18 16:30:00
2025-05-18 16:35:00,-882.276,2025-05-18 16:35:00
2025-05-18 16:40:00,-854.256,2025-05-18 16:40:00
2025-05-18 16:45:00,-890.276,2025-05-18 16:45:00
2025-05-18 16:50:00,-902.296,2025-05-18 16:50:00
2025-05-18 16:55:00,-938.256,2025-05-18 16:55:00
2025-05-18 17:00:00,-822.276,2025-05-18 17:00:00
2025-05-18 17:05:00,-790.266,2025-05-18 17:05:00
2025-05-18 17:10:00,-798.286,2025-05-18 17:10:00
2025-05-18 17:15:00,-826.306,2025-05-18 17:15:00
2025-05-18 17:20:00,-866.276,2025-05-18 17:20:00
2025-05-18 17:25:00,-1006.296,2025-05-18 17:25:00
2025-05-18 17:30:00,-902.296,2025-05-18 17:30:00
2025-05-18 17:35:00,-1010.266,2025-05-18 17:35:00
2025-05-18 17:40:00,-966.246,2025-05-18 17:40:00
2025-05-18 17:45:00,-814.276,2025-05-18 17:45:00
2025-05-18 17:50:00,-726.266,2025-05-18 17:50:00
2025-05-18 17:55:00,-990.266,2025-05-18 17:55:00
2025-05-18 18:00:00,9000.0,2025-05-18 18:00:00
2025-05-18 18:05:00,9000.0,2025-05-18 18:05:00
2025-05-18 18:10:00,9000.0,2025-05-18 18:10:00
2025-05-18 18:15:00,9000.0,2025-05-18 18:15:00
2025-05-18 18:20:00,9000.0,2025-05-18 18:20:00
2025-05-18 18:25:00,9000.0,2025-05-18 18:25:00
2025-05-18 18:30:00,9000.0,2025-05-18 18:30:00
2025-05-18 18:35:00,9000.0,2025-05-18 18:35:00
2025-05-18 18:40:00,8999.999,2025-05-18 18:40:00
2025-05-18 18:45:00,2963.064,2025-05-18 18:45:00
2025-05-18 18:50:00,0.0,2025-05-18 18:50:00
2025-05-18 18:55:00,0.0,2025-05-18 18:55:00
2025-05-18 19:00:00,0.0,2025-05-18 19:00:00
2025-05-18 19:05:00,0.0,2025-05-18 19:05:00
2025-05-18 19:10:00,0.0,2025-05-18 19:10:00
2025-05-18 19:15:00,0.0,2025-05-18 19:15:00
2025-05-18 19:20:00,0.0,2025-05-18 19:20:00
2025-05-18 19:25:00,0.0,2025-05-18 19:25:00
2025-05-18 19:30:00,0.0,2025-05-18 19:30:00
2025-05-18 19:35:00,0.0,2025-05-18 19:35:00
2025-05-18 19:40:00,0.0,2025-05-18 19:40:00
2025-05-18 19:45:00,0.0,2025-05-18 19:45:00
2025-05-18 19:50:00,0.0,2025-05-18 19:50:00
2025-05-18 19:55:00,0.0,2025-05-18 19:55:00
2025-05-18 20:00:00,0.0,2025-05-18 20:00:00
2025-05-18 20:05:00,0.0,2025-05-18 20:05:00
2025-05-18 20:10:00,0.0,2025-05-18 20:10:00
2025-05-18 20:15:00,0.0,2025-05-18 20:15:00
2025-05-18 20:20:00,0.0,2025-05-18 20:20:00
2025-05-18 20:25:00,0.0,2025-05-18 20:25:00
2025-05-18 20:30:00,0.0,2025-05-18 20:30:00
2025-05-18 20:35:00,0.0,2025-05-18 20:35:00
2025-05-18 20:40:00,0.0,2025-05-18 20:40:00
2025-05-18 20:45:00,0.0,2025-05-18 20:45:00
2025-05-18 20:50:00,0.0,2025-05-18 20:50:00
2025-05-18 20:55:00,0.0,2025-05-18 20:55:00
2025-05-18 21:00:00,0.0,2025-05-18 21:00:00
2025-05-18 21:05:00,0.0,2025-05-18 21:05:00
2025-05-18 21:10:00,0.0,2025-05-18 21:10:00
2025-05-18 21:15:00,0.0,2025-05-18 21:15:00
2025-05-18 21:20:00,0.0,2025-05-18 21:20:00
2025-05-18 21:25:00,0.0,2025-05-18 21:25:00
2025-05-18 21:30:00,0.0,2025-05-18 21:30:00
2025-05-18 21:35:00,0.0,2025-05-18 21:35:00
2025-05-18 21:40:00,0.0,2025-05-18 21:40:00
2025-05-18 21:45:00,0.0,2025-05-18 21:45:00
2025-05-18 21:50:00,0.0,2025-05-18 21:50:00
2025-05-18 21:55:00,0.0,2025-05-18 21:55:00
2025-05-18 22:00:00,-1099.675,2025-05-18 22:00:00
2025-05-18 22:05:00,-1103.655,2025-05-18 22:05:00
2025-05-18 22:10:00,-1023.695,2025-05-18 22:10:00
2025-05-18 22:15:00,-1135.705,2025-05-18 22:15:00
2025-05-18 22:20:00,-1155.665,2025-05-18 22:20:00
2025-05-18 22:25:00,-1187.685,2025-05-18 22:25:00
2025-05-18 22:30:00,-1059.665,2025-05-18 22:30:00
2025-05-18 22:35:00,-1107.695,2025-05-18 22:35:00
2025-05-18 22:40:00,-1167.665,2025-05-18 22:40:00
2025-05-18 22:45:00,-1139.645,2025-05-18 22:45:00
2025-05-18 22:50:00,-1131.695,2025-05-18 22:50:00
2025-05-18 22:55:00,-1091.695,2025-05-18 22:55:00
2025-05-18 23:00:00,-1199.665,2025-05-18 23:00:00
2025-05-18 23:05:00,-1123.695,2025-05-18 23:05:00
2025-05-18 23:10:00,-1171.645,2025-05-18 23:10:00
2025-05-18 23:15:00,-1187.655,2025-05-18 23:15:00
2025-05-18 23:20:00,-1043.685,2025-05-18 23:20:00
2025-05-18 23:25:00,-1131.665,2025-05-18 23:25:00
2025-05-18 23:30:00,-1111.705,2025-05-18 23:30:00
2025-05-18 23:35:00,-1035.675,2025-05-18 23:35:00
2025-05-18 23:40:00,-1207.665,2025-05-18 23:40:00
2025-05-18 23:45:00,-999.705,2025-05-18 23:45:00
2025-05-18 23:50:00,-1139.695,2025-05-18 23:50:00
2025-05-18 23:55:00,-1107.665,2025-05-18 23:55:00
2025-05-19 00:00:00,-1091.705,2025-05-19 00:00:00
2025-05-19 00:05:00,-1231.675,2025-05-19 00:05:00
2025-05-19 00:10:00,-1127.675,2025-05-19 00:10:00
2025-05-19 00:15:00,-1063.705,2025-05-19 00:15:00
2025-05-19 00:20:00,-1111.705,2025-05-19 00:20:00
2025-05-19 00:25:00,-1007.675,2025-05-19 00:25:00
2025-05-19 00:30:00,-1155.675,2025-05-19 00:30:00
2025-05-19 00:35:00,-1031.675,2025-05-19 00:35:00
2025-05-19 00:40:00,-1279.675,2025-05-19 00:40:00
2025-05-19 00:45:00,-1087.675,2025-05-19 00:45:00
2025-05-19 00:50:00,-1067.705,2025-05-19 00:50:00
2025-05-19 00:55:00,-1071.645,2025-05-19 00:55:00
2025-05-19 01:00:00,-1159.665,2025-05-19 01:00:00
2025-05-19 01:05:00,-915.635,2025-05-19 01:05:00
2025-05-19 01:10:00,-1007.685,2025-05-19 01:10:00
2025-05-19 01:15:00,-1191.685,2025-05-19 01:15:00
2025-05-19 01:20:00,-1059.685,2025-05-19 01:20:00
2025-05-19 01:25:00,-983.685,2025-05-19 01:25:00
2025-05-19 01:30:00,-1095.705,2025-05-19 01:30:00
2025-05-19 01:35:00,-1011.685,2025-05-19 01:35:00
2025-05-19 01:40:00,-1051.665,2025-05-19 01:40:00
2025-05-19 01:45:00,-903.685,2025-05-19 01:45:00
2025-05-19 01:50:00,-983.665,2025-05-19 01:50:00
2025-05-19 01:55:00,-1023.655,2025-05-19 01:55:00
2025-05-19 02:00:00,-1127.635,2025-05-19 02:00:00
2025-05-19 02:05:00,-963.695,2025-05-19 02:05:00
2025-05-19 02:10:00,-971.705,2025-05-19 02:10:00
2025-05-19 02:15:00,-847.685,2025-05-19 02:15:00
2025-05-19 02:20:00,-1207.685,2025-05-19 02:20:00
2025-05-19 02:25:00,-1099.675,2025-05-19 02:25:00
2025-05-19 02:30:00,-1163.655,2025-05-19 02:30:00
2025-05-19 02:35:00,-1051.665,2025-05-19 02:35:00
2025-05-19 02:40:00,-1159.675,2025-05-19 02:40:00
2025-05-19 02:45:00,-983.675,2025-05-19 02:45:00
2025-05-19 02:50:00,-1155.685,2025-05-19 02:50:00
2025-05-19 02:55:00,-1163.635,2025-05-19 02:55:00
2025-05-19 03:00:00,-1075.685,2025-05-19 03:00:00
2025-05-19 03:05:00,-1035.685,2025-05-19 03:05:00
2025-05-19 03:10:00,-1251.695,2025-05-19 03:10:00
2025-05-19 03:15:00,-1135.645,2025-05-19 03:15:00
2025-05-19 03:20:00,-1099.655,2025-05-19 03:20:00
2025-05-19 03:25:00,-1107.675,2025-05-19 03:25:00
2025-05-19 03:30:00,-1143.695,2025-05-19 03:30:00
2025-05-19 03:35:00,-1107.685,2025-05-19 03:35:00
2025-05-19 03:40:00,-1323.645,2025-05-19 03:40:00
2025-05-19 03:45:00,-1091.605,2025-05-19 03:45:00
2025-05-19 03:50:00,-1183.705,2025-05-19 03:50:00
2025-05-19 03:55:00,-1191.655,2025-05-19 03:55:00
2025-05-19 04:00:00,-1071.645,2025-05-19 04:00:00
2025-05-19 04:05:00,-1267.675,2025-05-19 04:05:00
2025-05-19 04:10:00,-1263.625,2025-05-19 04:10:00
2025-05-19 04:15:00,-1219.665,2025-05-19 04:15:00
2025-05-19 04:20:00,-1211.665,2025-05-19 04:20:00
2025-05-19 04:25:00,-1255.655,2025-05-19 04:25:00
2025-05-19 04:30:00,-1203.695,2025-05-19 04:30:00
2025-05-19 04:35:00,-1239.665,2025-05-19 04:35:00
2025-05-19 04:40:00,-1059.665,2025-05-19 04:40:00
2025-05-19 04:45:00,-1211.655,2025-05-19 04:45:00
2025-05-19 04:50:00,-1363.665,2025-05-19 04:50:00
2025-05-19 04:55:00,-1175.685,2025-05-19 04:55:00
2025-05-19 05:00:00,-1307.685,2025-05-19 05:00:00
2025-05-19 05:05:00,-1307.675,2025-05-19 05:05:00
2025-05-19 05:10:00,-1187.675,2025-05-19 05:10:00
2025-05-19 05:15:00,-1111.675,2025-05-19 05:15:00
2025-05-19 05:20:00,-1223.675,2025-05-19 05:20:00
2025-05-19 05:25:00,-1259.655,2025-05-19 05:25:00
2025-05-19 05:30:00,-1407.685,2025-05-19 05:30:00
2025-05-19 05:35:00,-1359.655,2025-05-19 05:35:00
2025-05-19 05:40:00,-1147.675,2025-05-19 05:40:00
2025-05-19 05:45:00,-1423.705,2025-05-19 05:45:00
2025-05-19 05:50:00,-1351.665,2025-05-19 05:50:00
2025-05-19 05:55:00,-1167.695,2025-05-19 05:55:00
2025-05-19 06:00:00,-1179.645,2025-05-19 06:00:00
2025-05-19 06:05:00,-1203.665,2025-05-19 06:05:00
2025-05-19 06:10:00,-1215.695,2025-05-19 06:10:00
2025-05-19 06:15:00,-1363.705,2025-05-19 06:15:00
2025-05-19 06:20:00,-1263.635,2025-05-19 06:20:00
2025-05-19 06:25:00,-1383.685,2025-05-19 06:25:00
2025-05-19 06:30:00,-1195.685,2025-05-19 06:30:00
2025-05-19 06:35:00,-1171.675,2025-05-19 06:35:00
2025-05-19 06:40:00,-1411.655,2025-05-19 06:40:00
2025-05-19 06:45:00,-1227.655,2025-05-19 06:45:00
2025-05-19 06:50:00,-1371.655,2025-05-19 06:50:00
2025-05-19 06:55:00,-1343.705,2025-05-19 06:55:00
2025-05-19 07:00:00,-1379.685,2025-05-19 07:00:00
2025-05-19 07:05:00,-1175.705,2025-05-19 07:05:00
2025-05-19 07:10:00,-1283.685,2025-05-19 07:10:00
2025-05-19 07:15:00,-1275.655,2025-05-19 07:15:00
2025-05-19 07:20:00,-1403.675,2025-05-19 07:20:00
2025-05-19 07:25:00,-1411.685,2025-05-19 07:25:00
2025-05-19 07:30:00,-1431.705,2025-05-19 07:30:00
2025-05-19 07:35:00,-1363.665,2025-05-19 07:35:00
2025-05-19 07:40:00,-1379.685,2025-05-19 07:40:00
2025-05-19 07:45:00,-1327.635,2025-05-19 07:45:00
2025-05-19 07:50:00,-1363.695,2025-05-19 07:50:00
2025-05-19 07:55:00,-1399.625,2025-05-19 07:55:00
2025-05-19 08:00:00,9000.0,2025-05-19 08:00:00
2025-05-19 08:05:00,9000.0,2025-05-19 08:05:00
2025-05-19 08:10:00,9000.0,2025-05-19 08:10:00
2025-05-19 08:15:00,9000.0,2025-05-19 08:15:00
2025-05-19 08:20:00,9000.0,2025-05-19 08:20:00
2025-05-19 08:25:00,9000.0,2025-05-19 08:25:00
2025-05-19 08:30:00,9000.0,2025-05-19 08:30:00
2025-05-19 08:35:00,9000.0,2025-05-19 08:35:00
2025-05-19 08:40:00,9000.0,2025-05-19 08:40:00
2025-05-19 08:45:00,9000.0,2025-05-19 08:45:00
2025-05-19 08:50:00,9000.0,2025-05-19 08:50:00
2025-05-19 08:55:00,9000.0,2025-05-19 08:55:00
2025-05-19 09:00:00,9000.0,2025-05-19 09:00:00
2025-05-19 09:05:00,5843.275,2025-05-19 09:05:00
2025-05-19 09:10:00,0.0,2025-05-19 09:10:00
2025-05-19 09:15:00,0.0,2025-05-19 09:15:00
2025-05-19 09:20:00,0.0,2025-05-19 09:20:00
2025-05-19 09:25:00,0.0,2025-05-19 09:25:00
2025-05-19 09:30:00,0.0,2025-05-19 09:30:00
2025-05-19 09:35:00,0.0,2025-05-19 09:35:00
2025-05-19 09:40:00,0.0,2025-05-19 09:40:00
2025-05-19 09:45:00,0.0,2025-05-19 09:45:00
2025-05-19 09:50:00,0.0,2025-05-19 09:50:00
2025-05-19 09:55:00,0.0,2025-05-19 09:55:00
2025-05-19 10:00:00,0.0,2025-05-19 10:00:00
2025-05-19 10:05:00,0.0,2025-05-19 10:05:00
2025-05-19 10:10:00,0.0,2025-05-19 10:10:00
2025-05-19 10:15:00,0.0,2025-05-19 10:15:00
2025-05-19 10:20:00,0.0,2025-05-19 10:20:00
2025-05-19 10:25:00,0.0,2025-05-19 10:25:00
2025-05-19 10:30:00,0.0,2025-05-19 10:30:00
2025-05-19 10:35:00,0.0,2025-05-19 10:35:00
2025-05-19 10:40:00,0.0,2025-05-19 10:40:00
2025-05-19 10:45:00,0.0,2025-05-19 10:45:00
2025-05-19 10:50:00,0.0,2025-05-19 10:50:00
2025-05-19 10:55:00,0.0,2025-05-19 10:55:00
2025-05-19 11:00:00,-935.695,2025-05-19 11:00:00
2025-05-19 11:05:00,-847.675,2025-05-19 11:05:00
2025-05-19 11:10:00,-943.665,2025-05-19 11:10:00
2025-05-19 11:15:00,-971.675,2025-05-19 11:15:00
2025-05-19 11:20:00,-1099.645,2025-05-19 11:20:00
2025-05-19 11:25:00,-1051.705,2025-05-19 11:25:00
2025-05-19 11:30:00,-991.655,2025-05-19 11:30:00
2025-05-19 11:35:00,-983.695,2025-05-19 11:35:00
2025-05-19 11:40:00,-899.695,2025-05-19 11:40:00
2025-05-19 11:45:00,-939.705,2025-05-19 11:45:00
2025-05-19 11:50:00,-783.695,2025-05-19 11:50:00
2025-05-19 11:55:00,-951.685,2025-05-19 11:55:00
2025-05-19 12:00:00,-827.665,2025-05-19 12:00:00
2025-05-19 12:05:00,-835.665,2025-05-19 12:05:00
2025-05-19 12:10:00,-991.665,2025-05-19 12:10:00
2025-05-19 12:15:00,-883.695,2025-05-19 12:15:00
2025-05-19 12:20:00,-1007.705,2025-05-19 12:20:00
2025-05-19 12:25:00,-915.685,2025-05-19 12:25:00
2025-05-19 12:30:00,-1067.685,2025-05-19 12:30:00
2025-05-19 12:35:00,-1011.645,2025-05-19 12:35:00
2025-05-19 12:40:00,-983.655,2025-05-19 12:40:00
2025-05-19 12:45:00,-915.675,2025-05-19 12:45:00
2025-05-19 12:50:00,-1055.685,2025-05-19 12:50:00
2025-05-19 12:55:00,-971.655,2025-05-19 12:55:00
2025-05-19 13:00:00,-975.635,2025-05-19 13:00:00
2025-05-19 13:05:00,-1071.675,2025-05-19 13:05:00
2025-05-19 13:10:00,-1111.625,2025-05-19 13:10:00
2025-05-19 13:15:00,-1331.695,2025-05-19 13:15:00
2025-05-19 13:20:00,-1211.685,2025-05-19 13:20:00
2025-05-19 13:25:00,-1139.675,2025-05-19 13:25:00
2025-05-19 13:30:00,-1071.695,2025-05-19 13:30:00
2025-05-19 13:35:00,-1159.665,2025-05-19 13:35:00
2025-05-19 13:40:00,-1183.665,2025-05-19 13:40:00
2025-05-19 13:45:00,-951.665,2025-05-19 13:45:00
2025-05-19 13:50:00,-951.655,2025-05-19 13:50:00
2025-05-19 13:55:00,-891.665,2025-05-19 13:55:00
2025-05-19 14:00:00,-975.705,2025-05-19 14:00:00
2025-05-19 14:05:00,-847.675,2025-05-19 14:05:00
2025-05-19 14:10:00,-839.685,2025-05-19 14:10:00
2025-05-19 14:15:00,-847.655,2025-05-19 14:15:00
2025-05-19 14:20:00,-939.685,2025-05-19 14:20:00
2025-05-19 14:25:00,-863.685,2025-05-19 14:25:00
2025-05-19 14:30:00,-1003.655,2025-05-19 14:30:00
2025-05-19 14:35:00,-907.655,2025-05-19 14:35:00
2025-05-19 14:40:00,-939.645,2025-05-19 14:40:00
2025-05-19 14:45:00,-803.685,2025-05-19 14:45:00
2025-05-19 14:50:00,-1067.605,2025-05-19 14:50:00
2025-05-19 14:55:00,-859.655,2025-05-19 14:55:00
2025-05-19 15:00:00,-943.655,2025-05-19 15:00:00
2025-05-19 15:05:00,-827.675,2025-05-19 15:05:00
2025-05-19 15:10:00,-815.645,2025-05-19 15:10:00
2025-05-19 15:15:00,-835.675,2025-05-19 15:15:00
2025-05-19 15:20:00,-871.655,2025-05-19 15:20:00
2025-05-19 15:25:00,-751.625,2025-05-19 15:25:00
2025-05-19 15:30:00,-839.665,2025-05-19 15:30:00
2025-05-19 15:35:00,-875.665,2025-05-19 15:35:00
2025-05-19 15:40:00,-803.625,2025-05-19 15:40:00
2025-05-19 15:45:00,-1039.685,2025-05-19 15:45:00
2025-05-19 15:50:00,-1147.645,2025-05-19 15:50:00
2025-05-19 15:55:00,-1007.625,2025-05-19 15:55:00
2025-05-19 16:00:00,-1167.675,2025-05-19 16:00:00
2025-05-19 16:05:00,-1143.675,2025-05-19 16:05:00
2025-05-19 16:10:00,-1167.665,2025-05-19 16:10:00
2025-05-19 16:15:00,-1011.695,2025-05-19 16:15:00
2025-05-19 16:20:00,-1007.665,2025-05-19 16:20:00
2025-05-19 16:25:00,-1047.655,2025-05-19 16:25:00
2025-05-19 16:30:00,-991.645,2025-05-19 16:30:00
2025-05-19 16:35:00,-1171.675,2025-05-19 16:35:00
2025-05-19 16:40:00,-947.665,2025-05-19 16:40:00
2025-05-19 16:45:00,-827.655,2025-05-19 16:45:00
2025-05-19 16:50:00,-799.685,2025-05-19 16:50:00
2025-05-19 16:55:00,-799.665,2025-05-19 16:55:00
2025-05-19 17:00:00,-823.675,2025-05-19 17:00:00
2025-05-19 17:05:00,-1007.715,2025-05-19 17:05:00
2025-05-19 17:10:00,-947.685,2025-05-19 17:10:00
2025-05-19 17:15:00,-979.635,2025-05-19 17:15:00
2025-05-19 17:20:00,-1011.645,2025-05-19 17:20:00
2025-05-19 17:25:00,-795.685,2025-05-19 17:25:00
2025-05-19 17:30:00,-955.665,2025-05-19 17:30:00
2025-05-19 17:35:00,-883.695,2025-05-19 17:35:00
2025-05-19 17:40:00,-1127.685,2025-05-19 17:40:00
2025-05-19 17:45:00,-963.655,2025-05-19 17:45:00
2025-05-19 17:50:00,-991.675,2025-05-19 17:50:00
2025-05-19 17:55:00,-1047.705,2025-05-19 17:55:00
2025-05-19 18:00:00,9000.0,2025-05-19 18:00:00
2025-05-19 18:05:00,9000.0,2025-05-19 18:05:00
2025-05-19 18:10:00,9000.0,2025-05-19 18:10:00
2025-05-19 18:15:00,9000.0,2025-05-19 18:15:00
2025-05-19 18:20:00,9000.0,2025-05-19 18:20:00
2025-05-19 18:25:00,9000.0,2025-05-19 18:25:00
2025-05-19 18:30:00,9000.0,2025-05-19 18:30:00
2025-05-19 18:35:00,7965.547,2025-05-19 18:35:00
2025-05-19 18:40:00,0.0,2025-05-19 18:40:00
2025-05-19 18:45:00,0.0,2025-05-19 18:45:00
2025-05-19 18:50:00,0.0,2025-05-19 18:50:00
2025-05-19 18:55:00,0.0,2025-05-19 18:55:00
2025-05-19 19:00:00,0.0,2025-05-19 19:00:00
2025-05-19 19:05:00,0.0,2025-05-19 19:05:00
2025-05-19 19:10:00,0.0,2025-05-19 19:10:00
2025-05-19 19:15:00,0.0,2025-05-19 19:15:00
2025-05-19 19:20:00,0.0,2025-05-19 19:20:00
2025-05-19 19:25:00,0.0,2025-05-19 19:25:00
2025-05-19 19:30:00,0.0,2025-05-19 19:30:00
2025-05-19 19:35:00,0.0,2025-05-19 19:35:00
2025-05-19 19:40:00,0.0,2025-05-19 19:40:00
2025-05-19 19:45:00,0.0,2025-05-19 19:45:00
2025-05-19 19:50:00,0.0,2025-05-19 19:50:00
2025-05-19 19:55:00,0.0,2025-05-19 19:55:00
2025-05-19 20:00:00,0.0,2025-05-19 20:00:00
2025-05-19 20:05:00,0.0,2025-05-19 20:05:00
2025-05-19 20:10:00,0.0,2025-05-19 20:10:00
2025-05-19 20:15:00,0.0,2025-05-19 20:15:00
2025-05-19 20:20:00,0.0,2025-05-19 20:20:00
2025-05-19 20:25:00,0.0,2025-05-19 20:25:00
2025-05-19 20:30:00,0.0,2025-05-19 20:30:00
2025-05-19 20:35:00,0.0,2025-05-19 20:35:00
2025-05-19 20:40:00,0.0,2025-05-19 20:40:00
2025-05-19 20:45:00,0.0,2025-05-19 20:45:00
2025-05-19 20:50:00,0.0,2025-05-19 20:50:00
2025-05-19 20:55:00,0.0,2025-05-19 20:55:00
2025-05-19 21:00:00,0.0,2025-05-19 21:00:00
2025-05-19 21:05:00,0.0,2025-05-19 21:05:00
2025-05-19 21:10:00,0.0,2025-05-19 21:10:00
2025-05-19 21:15:00,0.0,2025-05-19 21:15:00
2025-05-19 21:20:00,0.0,2025-05-19 21:20:00
2025-05-19 21:25:00,0.0,2025-05-19 21:25:00
2025-05-19 21:30:00,0.0,2025-05-19 21:30:00
2025-05-19 21:35:00,0.0,2025-05-19 21:35:00
2025-05-19 21:40:00,0.0,2025-05-19 21:40:00
2025-05-19 21:45:00,0.0,2025-05-19 21:45:00
2025-05-19 21:50:00,0.0,2025-05-19 21:50:00
2025-05-19 21:55:00,0.0,2025-05-19 21:55:00
2025-05-19 22:00:00,-1060.547,2025-05-19 22:00:00
2025-05-19 22:05:00,-1080.557,2025-05-19 22:05:00
2025-05-19 22:10:00,-1036.497,2025-05-19 22:10:00
2025-05-19 22:15:00,-1416.597,2025-05-19 22:15:00
2025-05-19 22:20:00,-1644.527,2025-05-19 22:20:00
2025-05-19 22:25:00,-1304.557,2025-05-19 22:25:00
2025-05-19 22:30:00,-1096.547,2025-05-19 22:30:00
2025-05-19 22:35:00,-1108.517,2025-05-19 22:35:00
2025-05-19 22:40:00,-1092.577,2025-05-19 22:40:00
2025-05-19 22:45:00,-1228.567,2025-05-19 22:45:00
2025-05-19 22:50:00,-988.567,2025-05-19 22:50:00
2025-05-19 22:55:00,-1064.567,2025-05-19 22:55:00
2025-05-19 23:00:00,-996.567,2025-05-19 23:00:00
2025-05-19 23:05:00,-940.587,2025-05-19 23:05:00
2025-05-19 23:10:00,-1076.547,2025-05-19 23:10:00
2025-05-19 23:15:00,-1040.567,2025-05-19 23:15:00
2025-05-19 23:20:00,-736.557,2025-05-19 23:20:00
2025-05-19 23:25:00,-956.597,2025-05-19 23:25:00
2025-05-19 23:30:00,-820.547,2025-05-19 23:30:00
2025-05-19 23:35:00,-712.547,2025-05-19 23:35:00
2025-05-19 23:40:00,-848.507,2025-05-19 23:40:00
2025-05-19 23:45:00,-940.527,2025-05-19 23:45:00
2025-05-19 23:50:00,-1012.577,2025-05-19 23:50:00
2025-05-19 23:55:00,-852.557,2025-05-19 23:55:00
2025-05-20 00:00:00,-880.557,2025-05-20 00:00:00
2025-05-20 00:05:00,-868.567,2025-05-20 00:05:00
2025-05-20 00:10:00,-1000.547,2025-05-20 00:10:00
2025-05-20 00:15:00,-1028.537,2025-05-20 00:15:00
2025-05-20 00:20:00,-864.547,2025-05-20 00:20:00
2025-05-20 00:25:00,-792.567,2025-05-20 00:25:00
2025-05-20 00:30:00,-1036.577,2025-05-20 00:30:00
2025-05-20 00:35:00,-848.557,2025-05-20 00:35:00
2025-05-20 00:40:00,-1128.577,2025-05-20 00:40:00
2025-05-20 00:45:00,-1052.567,2025-05-20 00:45:00
2025-05-20 00:50:00,-1016.547,2025-05-20 00:50:00
2025-05-20 00:55:00,-1028.567,2025-05-20 00:55:00
2025-05-20 01:00:00,-1228.597,2025-05-20 01:00:00
2025-05-20 01:05:00,-1052.537,2025-05-20 01:05:00
2025-05-20 01:10:00,-976.567,2025-05-20 01:10:00
2025-05-20 01:15:00,-924.557,2025-05-20 01:15:00
2025-05-20 01:20:00,-1028.557,2025-05-20 01:20:00
2025-05-20 01:25:00,-844.537,2025-05-20 01:25:00
2025-05-20 01:30:00,-1020.517,2025-05-20 01:30:00
2025-05-20 01:35:00,-956.547,2025-05-20 01:35:00
2025-05-20 01:40:00,-1024.567,2025-05-20 01:40:00
2025-05-20 01:45:00,-1008.547,2025-05-20 01:45:00
2025-05-20 01:50:00,-1000.587,2025-05-20 01:50:00
2025-05-20 01:55:00,-888.537,2025-05-20 01:55:00
2025-05-20 02:00:00,-1088.557,2025-05-20 02:00:00
2025-05-20 02:05:00,-1092.587,2025-05-20 02:05:00
2025-05-20 02:10:00,-984.537,2025-05-20 02:10:00
2025-05-20 02:15:00,-1068.567,2025-05-20 02:15:00
2025-05-20 02:20:00,-996.527,2025-05-20 02:20:00
2025-05-20 02:25:00,-984.547,2025-05-20 02:25:00
2025-05-20 02:30:00,-928.567,2025-05-20 02:30:00
2025-05-20 02:35:00,-1036.547,2025-05-20 02:35:00
2025-05-20 02:40:00,-1320.577,2025-05-20 02:40:00
2025-05-20 02:45:00,-984.577,2025-05-20 02:45:00
2025-05-20 02:50:00,-1196.547,2025-05-20 02:50:00
2025-05-20 02:55:00,-1052.517,2025-05-20 02:55:00
2025-05-20 03:00:00,-920.517,2025-05-20 03:00:00
2025-05-20 03:05:00,-1160.547,2025-05-20 03:05:00
2025-05-20 03:10:00,-1128.577,2025-05-20 03:10:00
2025-05-20 03:15:00,-1028.577,2025-05-20 03:15:00
2025-05-20 03:20:00,-1176.547,2025-05-20 03:20:00
2025-05-20 03:25:00,-1208.587,2025-05-20 03:25:00
2025-05-20 03:30:00,-1016.587,2025-05-20 03:30:00
2025-05-20 03:35:00,-1108.597,2025-05-20 03:35:00
2025-05-20 03:40:00,-1092.567,2025-05-20 03:40:00
2025-05-20 03:45:00,-1080.567,2025-05-20 03:45:00
2025-05-20 03:50:00,-1096.607,2025-05-20 03:50:00
2025-05-20 03:55:00,-1228.547,2025-05-20 03:55:00
2025-05-20 04:00:00,-1200.567,2025-05-20 04:00:00
2025-05-20 04:05:00,-1016.547,2025-05-20 04:05:00
2025-05-20 04:10:00,-1088.567,2025-05-20 04:10:00
2025-05-20 04:15:00,-1196.577,2025-05-20 04:15:00
2025-05-20 04:20:00,-1288.537,2025-05-20 04:20:00
2025-05-20 04:25:00,-1172.537,2025-05-20 04:25:00
2025-05-20 04:30:00,-1120.547,2025-05-20 04:30:00
2025-05-20 04:35:00,-1148.557,2025-05-20 04:35:00
2025-05-20 04:40:00,-1084.547,2025-05-20 04:40:00
2025-05-20 04:45:00,-1156.587,2025-05-20 04:45:00
2025-05-20 04:50:00,-1128.547,2025-05-20 04:50:00
2025-05-20 04:55:00,-1108.587,2025-05-20 04:55:00
2025-05-20 05:00:00,-1112.537,2025-05-20 05:00:00
2025-05-20 05:05:00,-1140.557,2025-05-20 05:05:00
2025-05-20 05:10:00,-988.547,2025-05-20 05:10:00
2025-05-20 05:15:00,-1176.587,2025-05-20 05:15:00
2025-05-20 05:20:00,-1216.557,2025-05-20 05:20:00
2025-05-20 05:25:00,-1260.587,2025-05-20 05:25:00
2025-05-20 05:30:00,-1056.547,2025-05-20 05:30:00
2025-05-20 05:35:00,-1216.547,2025-05-20 05:35:00
2025-05-20 05:40:00,-1268.537,2025-05-20 05:40:00
2025-05-20 05:45:00,-1180.557,2025-05-20 05:45:00
2025-05-20 05:50:00,-1328.597,2025-05-20 05:50:00
2025-05-20 05:55:00,-1208.557,2025-05-20 05:55:00
2025-05-20 06:00:00,-1176.557,2025-05-20 06:00:00
2025-05-20 06:05:00,-1108.557,2025-05-20 06:05:00
2025-05-20 06:10:00,-1196.567,2025-05-20 06:10:00
2025-05-20 06:15:00,-1096.567,2025-05-20 06:15:00
2025-05-20 06:20:00,-1164.557,2025-05-20 06:20:00
2025-05-20 06:25:00,-1256.577,2025-05-20 06:25:00
2025-05-20 06:30:00,-1240.537,2025-05-20 06:30:00
2025-05-20 06:35:00,-1244.537,2025-05-20 06:35:00
2025-05-20 06:40:00,-1288.567,2025-05-20 06:40:00
2025-05-20 06:45:00,-1224.537,2025-05-20 06:45:00
2025-05-20 06:50:00,-1072.537,2025-05-20 06:50:00
2025-05-20 06:55:00,-1248.547,2025-05-20 06:55:00
2025-05-20 07:00:00,-1204.577,2025-05-20 07:00:00
2025-05-20 07:05:00,-1192.557,2025-05-20 07:05:00
2025-05-20 07:10:00,-1220.537,2025-05-20 07:10:00
2025-05-20 07:15:00,-1180.557,2025-05-20 07:15:00
2025-05-20 07:20:00,-1172.557,2025-05-20 07:20:00
2025-05-20 07:25:00,-1168.577,2025-05-20 07:25:00
2025-05-20 07:30:00,-1328.577,2025-05-20 07:30:00
2025-05-20 07:35:00,-1236.567,2025-05-20 07:35:00
2025-05-20 07:40:00,-1132.547,2025-05-20 07:40:00
2025-05-20 07:45:00,-1144.567,2025-05-20 07:45:00
2025-05-20 07:50:00,-1112.527,2025-05-20 07:50:00
2025-05-20 07:55:00,-1128.547,2025-05-20 07:55:00
2025-05-20 08:00:00,9000.0,2025-05-20 08:00:00
2025-05-20 08:05:00,9000.0,2025-05-20 08:05:00
2025-05-20 08:10:00,9000.0,2025-05-20 08:10:00
2025-05-20 08:15:00,9000.0,2025-05-20 08:15:00
2025-05-20 08:20:00,9000.0,2025-05-20 08:20:00
2025-05-20 08:25:00,9000.0,2025-05-20 08:25:00
2025-05-20 08:30:00,9000.0,2025-05-20 08:30:00
2025-05-20 08:35:00,9000.0,2025-05-20 08:35:00
2025-05-20 08:40:00,9000.0,2025-05-20 08:40:00
2025-05-20 08:45:00,9000.0,2025-05-20 08:45:00
2025-05-20 08:50:00,9000.0,2025-05-20 08:50:00
2025-05-20 08:55:00,9000.0,2025-05-20 08:55:00
2025-05-20 09:00:00,6447.608,2025-05-20 09:00:00
2025-05-20 09:05:00,0.0,2025-05-20 09:05:00
2025-05-20 09:10:00,0.0,2025-05-20 09:10:00
2025-05-20 09:15:00,0.0,2025-05-20 09:15:00
2025-05-20 09:20:00,0.0,2025-05-20 09:20:00
2025-05-20 09:25:00,0.0,2025-05-20 09:25:00
2025-05-20 09:30:00,0.0,2025-05-20 09:30:00
2025-05-20 09:35:00,0.0,2025-05-20 09:35:00
2025-05-20 09:40:00,0.0,2025-05-20 09:40:00
2025-05-20 09:45:00,0.0,2025-05-20 09:45:00
2025-05-20 09:50:00,0.0,2025-05-20 09:50:00
2025-05-20 09:55:00,0.0,2025-05-20 09:55:00
2025-05-20 10:00:00,0.0,2025-05-20 10:00:00
2025-05-20 10:05:00,0.0,2025-05-20 10:05:00
2025-05-20 10:10:00,0.0,2025-05-20 10:10:00
2025-05-20 10:15:00,0.0,2025-05-20 10:15:00
2025-05-20 10:20:00,0.0,2025-05-20 10:20:00
2025-05-20 10:25:00,0.0,2025-05-20 10:25:00
2025-05-20 10:30:00,0.0,2025-05-20 10:30:00
2025-05-20 10:35:00,0.0,2025-05-20 10:35:00
2025-05-20 10:40:00,0.0,2025-05-20 10:40:00
2025-05-20 10:45:00,0.0,2025-05-20 10:45:00
2025-05-20 10:50:00,0.0,2025-05-20 10:50:00
2025-05-20 10:55:00,0.0,2025-05-20 10:55:00
2025-05-20 11:00:00,-1380.537,2025-05-20 11:00:00
2025-05-20 11:05:00,-1468.577,2025-05-20 11:05:00
2025-05-20 11:10:00,-1300.597,2025-05-20 11:10:00
2025-05-20 11:15:00,-1380.557,2025-05-20 11:15:00
2025-05-20 11:20:00,-1276.577,2025-05-20 11:20:00
2025-05-20 11:25:00,-1300.527,2025-05-20 11:25:00
2025-05-20 11:30:00,-1240.577,2025-05-20 11:30:00
2025-05-20 11:35:00,-1252.547,2025-05-20 11:35:00
2025-05-20 11:40:00,-1296.537,2025-05-20 11:40:00
2025-05-20 11:45:00,-1212.587,2025-05-20 11:45:00
2025-05-20 11:50:00,-1196.577,2025-05-20 11:50:00
2025-05-20 11:55:00,-1284.547,2025-05-20 11:55:00
2025-05-20 12:00:00,-1240.537,2025-05-20 12:00:00
2025-05-20 12:05:00,-1252.567,2025-05-20 12:05:00
2025-05-20 12:10:00,-1256.587,2025-05-20 12:10:00
2025-05-20 12:15:00,-1232.557,2025-05-20 12:15:00
2025-05-20 12:20:00,-1272.607,2025-05-20 12:20:00
2025-05-20 12:25:00,-1188.567,2025-05-20 12:25:00
2025-05-20 12:30:00,-1276.567,2025-05-20 12:30:00
2025-05-20 12:35:00,-1292.597,2025-05-20 12:35:00
2025-05-20 12:40:00,-1204.557,2025-05-20 12:40:00
2025-05-20 12:45:00,-1184.527,2025-05-20 12:45:00
2025-05-20 12:50:00,-1132.557,2025-05-20 12:50:00
2025-05-20 12:55:00,-1008.557,2025-05-20 12:55:00
2025-05-20 13:00:00,-832.577,2025-05-20 13:00:00
2025-05-20 13:05:00,-1052.557,2025-05-20 13:05:00
2025-05-20 13:10:00,-960.567,2025-05-20 13:10:00
2025-05-20 13:15:00,-972.537,2025-05-20 13:15:00
2025-05-20 13:20:00,-992.527,2025-05-20 13:20:00
2025-05-20 13:25:00,-1016.557,2025-05-20 13:25:00
2025-05-20 13:30:00,-1012.547,2025-05-20 13:30:00
2025-05-20 13:35:00,-948.517,2025-05-20 13:35:00
2025-05-20 13:40:00,-1192.587,2025-05-20 13:40:00
2025-05-20 13:45:00,-1080.547,2025-05-20 13:45:00
2025-05-20 13:50:00,-1128.507,2025-05-20 13:50:00
2025-05-20 13:55:00,-952.517,2025-05-20 13:55:00
2025-05-20 14:00:00,-1040.547,2025-05-20 14:00:00
2025-05-20 14:05:00,-1104.517,2025-05-20 14:05:00
2025-05-20 14:10:00,-1116.577,2025-05-20 14:10:00
2025-05-20 14:15:00,-944.537,2025-05-20 14:15:00
2025-05-20 14:20:00,-840.537,2025-05-20 14:20:00
2025-05-20 14:25:00,-788.537,2025-05-20 14:25:00
2025-05-20 14:30:00,-872.567,2025-05-20 14:30:00
2025-05-20 14:35:00,-728.527,2025-05-20 14:35:00
2025-05-20 14:40:00,-728.587,2025-05-20 14:40:00
2025-05-20 14:45:00,-912.597,2025-05-20 14:45:00
2025-05-20 14:50:00,-1028.557,2025-05-20 14:50:00
2025-05-20 14:55:00,-1020.577,2025-05-20 14:55:00
2025-05-20 15:00:00,-1012.567,2025-05-20 15:00:00
2025-05-20 15:05:00,-972.547,2025-05-20 15:05:00
2025-05-20 15:10:00,-1120.537,2025-05-20 15:10:00
2025-05-20 15:15:00,-1112.567,2025-05-20 15:15:00
2025-05-20 15:20:00,-1024.527,2025-05-20 15:20:00
2025-05-20 15:25:00,-868.597,2025-05-20 15:25:00
2025-05-20 15:30:00,-1084.567,2025-05-20 15:30:00
2025-05-20 15:35:00,-928.567,2025-05-20 15:35:00
2025-05-20 15:40:00,-832.567,2025-05-20 15:40:00
2025-05-20 15:45:00,-1088.547,2025-05-20 15:45:00
2025-05-20 15:50:00,-1100.537,2025-05-20 15:50:00
2025-05-20 15:55:00,-936.547,2025-05-20 15:55:00
2025-05-20 16:00:00,-1068.567,2025-05-20 16:00:00
2025-05-20 16:05:00,-1072.537,2025-05-20 16:05:00
2025-05-20 16:10:00,-1076.557,2025-05-20 16:10:00
2025-05-20 16:15:00,-864.527,2025-05-20 16:15:00
2025-05-20 16:20:00,-992.547,2025-05-20 16:20:00
2025-05-20 16:25:00,-1000.557,2025-05-20 16:25:00
2025-05-20 16:30:00,-996.567,2025-05-20 16:30:00
2025-05-20 16:35:00,-932.547,2025-05-20 16:35:00
2025-05-20 16:40:00,-904.567,2025-05-20 16:40:00
2025-05-20 16:45:00,-1080.537,2025-05-20 16:45:00
2025-05-20 16:50:00,-996.557,2025-05-20 16:50:00
2025-05-20 16:55:00,-792.537,2025-05-20 16:55:00
2025-05-20 17:00:00,-956.577,2025-05-20 17:00:00
2025-05-20 17:05:00,-964.517,2025-05-20 17:05:00
2025-05-20 17:10:00,-988.567,2025-05-20 17:10:00
2025-05-20 17:15:00,-848.577,2025-05-20 17:15:00
2025-05-20 17:20:00,-828.537,2025-05-20 17:20:00
2025-05-20 17:25:00,-736.567,2025-05-20 17:25:00
2025-05-20 17:30:00,-1060.547,2025-05-20 17:30:00
2025-05-20 17:35:00,-1008.597,2025-05-20 17:35:00
2025-05-20 17:40:00,-868.557,2025-05-20 17:40:00
2025-05-20 17:45:00,-964.557,2025-05-20 17:45:00
2025-05-20 17:50:00,-988.577,2025-05-20 17:50:00
2025-05-20 17:55:00,-812.517,2025-05-20 17:55:00
2025-05-20 18:00:00,9000.0,2025-05-20 18:00:00
2025-05-20 18:05:00,9000.0,2025-05-20 18:05:00
2025-05-20 18:10:00,9000.0,2025-05-20 18:10:00
2025-05-20 18:15:00,9000.0,2025-05-20 18:15:00
2025-05-20 18:20:00,9000.0,2025-05-20 18:20:00
2025-05-20 18:25:00,9000.0,2025-05-20 18:25:00
2025-05-20 18:30:00,9000.0,2025-05-20 18:30:00
2025-05-20 18:35:00,9000.0,2025-05-20 18:35:00
2025-05-20 18:40:00,5166.086,2025-05-20 18:40:00
2025-05-20 18:45:00,0.0,2025-05-20 18:45:00
2025-05-20 18:50:00,0.0,2025-05-20 18:50:00
2025-05-20 18:55:00,0.0,2025-05-20 18:55:00
2025-05-20 19:00:00,0.0,2025-05-20 19:00:00
2025-05-20 19:05:00,0.0,2025-05-20 19:05:00
2025-05-20 19:10:00,0.0,2025-05-20 19:10:00
2025-05-20 19:15:00,0.0,2025-05-20 19:15:00
2025-05-20 19:20:00,0.0,2025-05-20 19:20:00
2025-05-20 19:25:00,0.0,2025-05-20 19:25:00
2025-05-20 19:30:00,0.0,2025-05-20 19:30:00
2025-05-20 19:35:00,0.0,2025-05-20 19:35:00
2025-05-20 19:40:00,0.0,2025-05-20 19:40:00
2025-05-20 19:45:00,0.0,2025-05-20 19:45:00
2025-05-20 19:50:00,0.0,2025-05-20 19:50:00
2025-05-20 19:55:00,0.0,2025-05-20 19:55:00
2025-05-20 20:00:00,0.0,2025-05-20 20:00:00
2025-05-20 20:05:00,0.0,2025-05-20 20:05:00
2025-05-20 20:10:00,0.0,2025-05-20 20:10:00
2025-05-20 20:15:00,0.0,2025-05-20 20:15:00
2025-05-20 20:20:00,0.0,2025-05-20 20:20:00
2025-05-20 20:25:00,0.0,2025-05-20 20:25:00
2025-05-20 20:30:00,0.0,2025-05-20 20:30:00
2025-05-20 20:35:00,0.0,2025-05-20 20:35:00
2025-05-20 20:40:00,0.0,2025-05-20 20:40:00
2025-05-20 20:45:00,0.0,2025-05-20 20:45:00
2025-05-20 20:50:00,0.0,2025-05-20 20:50:00
2025-05-20 20:55:00,0.0,2025-05-20 20:55:00
2025-05-20 21:00:00,0.0,2025-05-20 21:00:00
2025-05-20 21:05:00,0.0,2025-05-20 21:05:00
2025-05-20 21:10:00,0.0,2025-05-20 21:10:00
2025-05-20 21:15:00,0.0,2025-05-20 21:15:00
2025-05-20 21:20:00,0.0,2025-05-20 21:20:00
2025-05-20 21:25:00,0.0,2025-05-20 21:25:00
2025-05-20 21:30:00,0.0,2025-05-20 21:30:00
2025-05-20 21:35:00,0.0,2025-05-20 21:35:00
2025-05-20 21:40:00,0.0,2025-05-20 21:40:00
2025-05-20 21:45:00,0.0,2025-05-20 21:45:00
2025-05-20 21:50:00,0.0,2025-05-20 21:50:00
2025-05-20 21:55:00,0.0,2025-05-20 21:55:00
2025-05-20 22:00:00,-933.225,2025-05-20 22:00:00
2025-05-20 22:05:00,-753.255,2025-05-20 22:05:00
2025-05-20 22:10:00,-793.235,2025-05-20 22:10:00
2025-05-20 22:15:00,-989.245,2025-05-20 22:15:00
2025-05-20 22:20:00,-1149.235,2025-05-20 22:20:00
2025-05-20 22:25:00,-925.235,2025-05-20 22:25:00
2025-05-20 22:30:00,-973.235,2025-05-20 22:30:00
2025-05-20 22:35:00,-993.245,2025-05-20 22:35:00
2025-05-20 22:40:00,-921.215,2025-05-20 22:40:00
2025-05-20 22:45:00,-997.235,2025-05-20 22:45:00
2025-05-20 22:50:00,-1061.255,2025-05-20 22:50:00
2025-05-20 22:55:00,-1065.255,2025-05-20 22:55:00
2025-05-20 23:00:00,-1073.255,2025-05-20 23:00:00
2025-05-20 23:05:00,-1021.205,2025-05-20 23:05:00
2025-05-20 23:10:00,-909.255,2025-05-20 23:10:00
2025-05-20 23:15:00,-1013.245,2025-05-20 23:15:00
2025-05-20 23:20:00,-1037.275,2025-05-20 23:20:00
2025-05-20 23:25:00,-917.255,2025-05-20 23:25:00
2025-05-20 23:30:00,-893.245,2025-05-20 23:30:00
2025-05-20 23:35:00,-1065.205,2025-05-20 23:35:00
2025-05-20 23:40:00,-945.275,2025-05-20 23:40:00
2025-05-20 23:45:00,-969.255,2025-05-20 23:45:00
2025-05-20 23:50:00,-1005.215,2025-05-20 23:50:00
2025-05-20 23:55:00,-1189.265,2025-05-20 23:55:00
2025-05-21 00:00:00,-1177.225,2025-05-21 00:00:00
2025-05-21 00:05:00,-1133.255,2025-05-21 00:05:00
2025-05-21 00:10:00,-1037.215,2025-05-21 00:10:00
2025-05-21 00:15:00,-1137.255,2025-05-21 00:15:00
2025-05-21 00:20:00,-1069.235,2025-05-21 00:20:00
2025-05-21 00:25:00,-889.235,2025-05-21 00:25:00
2025-05-21 00:30:00,-1013.255,2025-05-21 00:30:00
2025-05-21 00:35:00,-937.255,2025-05-21 00:35:00
2025-05-21 00:40:00,-973.245,2025-05-21 00:40:00
2025-05-21 00:45:00,-997.245,2025-05-21 00:45:00
2025-05-21 00:50:00,-1001.275,2025-05-21 00:50:00
2025-05-21 00:55:00,-921.255,2025-05-21 00:55:00
2025-05-21 01:00:00,-837.245,2025-05-21 01:00:00
2025-05-21 01:05:00,-1025.225,2025-05-21 01:05:00
2025-05-21 01:10:00,-1081.255,2025-05-21 01:10:00
2025-05-21 01:15:00,-1073.235,2025-05-21 01:15:00
2025-05-21 01:20:00,-993.255,2025-05-21 01:20:00
2025-05-21 01:25:00,-1141.225,2025-05-21 01:25:00
2025-05-21 01:30:00,-1057.235,2025-05-21 01:30:00
2025-05-21 01:35:00,-1025.255,2025-05-21 01:35:00
2025-05-21 01:40:00,-1093.175,2025-05-21 01:40:00
2025-05-21 01:45:00,-1333.225,2025-05-21 01:45:00
2025-05-21 01:50:00,-1081.245,2025-05-21 01:50:00
2025-05-21 01:55:00,-1077.255,2025-05-21 01:55:00
2025-05-21 02:00:00,-1057.255,2025-05-21 02:00:00
2025-05-21 02:05:00,-1149.215,2025-05-21 02:05:00
2025-05-21 02:10:00,-1185.215,2025-05-21 02:10:00
2025-05-21 02:15:00,-1169.235,2025-05-21 02:15:00
2025-05-21 02:20:00,-1129.245,2025-05-21 02:20:00
2025-05-21 02:25:00,-1173.225,2025-05-21 02:25:00
2025-05-21 02:30:00,-1117.205,2025-05-21 02:30:00
2025-05-21 02:35:00,-965.255,2025-05-21 02:35:00
2025-05-21 02:40:00,-981.255,2025-05-21 02:40:00
2025-05-21 02:45:00,-1001.255,2025-05-21 02:45:00
2025-05-21 02:50:00,-805.205,2025-05-21 02:50:00
2025-05-21 02:55:00,-933.245,2025-05-21 02:55:00
2025-05-21 03:00:00,-873.265,2025-05-21 03:00:00
2025-05-21 03:05:00,-837.285,2025-05-21 03:05:00
2025-05-21 03:10:00,-769.255,2025-05-21 03:10:00
2025-05-21 03:15:00,-729.225,2025-05-21 03:15:00
2025-05-21 03:20:00,-749.175,2025-05-21 03:20:00
2025-05-21 03:25:00,-689.215,2025-05-21 03:25:00
2025-05-21 03:30:00,-737.265,2025-05-21 03:30:00
2025-05-21 03:35:00,-945.265,2025-05-21 03:35:00
2025-05-21 03:40:00,-885.215,2025-05-21 03:40:00
2025-05-21 03:45:00,-797.275,2025-05-21 03:45:00
2025-05-21 03:50:00,-737.255,2025-05-21 03:50:00
2025-05-21 03:55:00,-921.225,2025-05-21 03:55:00
2025-05-21 04:00:00,-869.235,2025-05-21 04:00:00
2025-05-21 04:05:00,-865.215,2025-05-21 04:05:00
2025-05-21 04:10:00,-1021.235,2025-05-21 04:10:00
2025-05-21 04:15:00,-777.265,2025-05-21 04:15:00
2025-05-21 04:20:00,-925.225,2025-05-21 04:20:00
2025-05-21 04:25:00,-857.255,2025-05-21 04:25:00
2025-05-21 04:30:00,-961.265,2025-05-21 04:30:00
2025-05-21 04:35:00,-1041.265,2025-05-21 04:35:00
2025-05-21 04:40:00,-801.225,2025-05-21 04:40:00
2025-05-21 04:45:00,-1077.245,2025-05-21 04:45:00
2025-05-21 04:50:00,-781.235,2025-05-21 04:50:00
2025-05-21 04:55:00,-1025.225,2025-05-21 04:55:00
2025-05-21 05:00:00,-845.225,2025-05-21 05:00:00
2025-05-21 05:05:00,-1017.245,2025-05-21 05:05:00
2025-05-21 05:10:00,-917.285,2025-05-21 05:10:00
2025-05-21 05:15:00,-969.255,2025-05-21 05:15:00
2025-05-21 05:20:00,-945.245,2025-05-21 05:20:00
2025-05-21 05:25:00,-1049.235,2025-05-21 05:25:00
2025-05-21 05:30:00,-777.275,2025-05-21 05:30:00
2025-05-21 05:35:00,-741.225,2025-05-21 05:35:00
2025-05-21 05:40:00,-945.255,2025-05-21 05:40:00
2025-05-21 05:45:00,-845.225,2025-05-21 05:45:00
2025-05-21 05:50:00,-905.225,2025-05-21 05:50:00
2025-05-21 05:55:00,-997.235,2025-05-21 05:55:00
2025-05-21 06:00:00,-1041.205,2025-05-21 06:00:00
2025-05-21 06:05:00,-869.255,2025-05-21 06:05:00
2025-05-21 06:10:00,-909.235,2025-05-21 06:10:00
2025-05-21 06:15:00,-861.235,2025-05-21 06:15:00
2025-05-21 06:20:00,-941.235,2025-05-21 06:20:00
2025-05-21 06:25:00,-929.225,2025-05-21 06:25:00
2025-05-21 06:30:00,-773.245,2025-05-21 06:30:00
2025-05-21 06:35:00,-873.245,2025-05-21 06:35:00
2025-05-21 06:40:00,-873.245,2025-05-21 06:40:00
2025-05-21 06:45:00,-829.225,2025-05-21 06:45:00
2025-05-21 06:50:00,-925.255,2025-05-21 06:50:00
2025-05-21 06:55:00,-925.245,2025-05-21 06:55:00
2025-05-21 07:00:00,-893.275,2025-05-21 07:00:00
2025-05-21 07:05:00,-821.225,2025-05-21 07:05:00
2025-05-21 07:10:00,-885.245,2025-05-21 07:10:00
2025-05-21 07:15:00,-989.245,2025-05-21 07:15:00
2025-05-21 07:20:00,-1077.215,2025-05-21 07:20:00
2025-05-21 07:25:00,-905.225,2025-05-21 07:25:00
2025-05-21 07:30:00,-869.235,2025-05-21 07:30:00
2025-05-21 07:35:00,-857.245,2025-05-21 07:35:00
2025-05-21 07:40:00,-1137.225,2025-05-21 07:40:00
2025-05-21 07:45:00,-949.265,2025-05-21 07:45:00
2025-05-21 07:50:00,-977.215,2025-05-21 07:50:00
2025-05-21 07:55:00,-1113.235,2025-05-21 07:55:00
2025-05-21 08:00:00,9000.0,2025-05-21 08:00:00
2025-05-21 08:05:00,9000.0,2025-05-21 08:05:00
2025-05-21 08:10:00,9000.0,2025-05-21 08:10:00
2025-05-21 08:15:00,9000.0,2025-05-21 08:15:00
2025-05-21 08:20:00,9000.0,2025-05-21 08:20:00
2025-05-21 08:25:00,9000.0,2025-05-21 08:25:00
2025-05-21 08:30:00,9000.0,2025-05-21 08:30:00
2025-05-21 08:35:00,9000.0,2025-05-21 08:35:00
2025-05-21 08:40:00,9000.0,2025-05-21 08:40:00
2025-05-21 08:45:00,9000.0,2025-05-21 08:45:00
2025-05-21 08:50:00,8999.999,2025-05-21 08:50:00
2025-05-21 08:55:00,1703.037,2025-05-21 08:55:00
2025-05-21 09:00:00,0.0,2025-05-21 09:00:00
2025-05-21 09:05:00,0.0,2025-05-21 09:05:00
2025-05-21 09:10:00,0.0,2025-05-21 09:10:00
2025-05-21 09:15:00,0.0,2025-05-21 09:15:00
2025-05-21 09:20:00,0.0,2025-05-21 09:20:00
2025-05-21 09:25:00,0.0,2025-05-21 09:25:00
2025-05-21 09:30:00,0.0,2025-05-21 09:30:00
2025-05-21 09:35:00,0.0,2025-05-21 09:35:00
2025-05-21 09:40:00,0.0,2025-05-21 09:40:00
2025-05-21 09:45:00,0.0,2025-05-21 09:45:00
2025-05-21 09:50:00,0.0,2025-05-21 09:50:00
2025-05-21 09:55:00,0.0,2025-05-21 09:55:00
2025-05-21 10:00:00,0.0,2025-05-21 10:00:00
2025-05-21 10:05:00,0.0,2025-05-21 10:05:00
2025-05-21 10:10:00,0.0,2025-05-21 10:10:00
2025-05-21 10:15:00,0.0,2025-05-21 10:15:00
2025-05-21 10:20:00,0.0,2025-05-21 10:20:00
2025-05-21 10:25:00,0.0,2025-05-21 10:25:00
2025-05-21 10:30:00,0.0,2025-05-21 10:30:00
2025-05-21 10:35:00,0.0,2025-05-21 10:35:00
2025-05-21 10:40:00,0.0,2025-05-21 10:40:00
2025-05-21 10:45:00,0.0,2025-05-21 10:45:00
2025-05-21 10:50:00,0.0,2025-05-21 10:50:00
2025-05-21 10:55:00,0.0,2025-05-21 10:55:00
2025-05-21 11:00:00,-1269.255,2025-05-21 11:00:00
2025-05-21 11:05:00,-1265.225,2025-05-21 11:05:00
2025-05-21 11:10:00,-1253.245,2025-05-21 11:10:00
2025-05-21 11:15:00,-1281.255,2025-05-21 11:15:00
2025-05-21 11:20:00,-1201.255,2025-05-21 11:20:00
2025-05-21 11:25:00,-1137.235,2025-05-21 11:25:00
2025-05-21 11:30:00,-1113.245,2025-05-21 11:30:00
2025-05-21 11:35:00,-1161.215,2025-05-21 11:35:00
2025-05-21 11:40:00,-1249.215,2025-05-21 11:40:00
2025-05-21 11:45:00,-1169.235,2025-05-21 11:45:00
2025-05-21 11:50:00,-1265.205,2025-05-21 11:50:00
2025-05-21 11:55:00,-1193.265,2025-05-21 11:55:00
2025-05-21 12:00:00,-1181.255,2025-05-21 12:00:00
2025-05-21 12:05:00,-1213.225,2025-05-21 12:05:00
2025-05-21 12:10:00,-1229.245,2025-05-21 12:10:00
2025-05-21 12:15:00,-1145.275,2025-05-21 12:15:00
2025-05-21 12:20:00,-1217.235,2025-05-21 12:20:00
2025-05-21 12:25:00,-1169.255,2025-05-21 12:25:00
2025-05-21 12:30:00,-1217.225,2025-05-21 12:30:00
2025-05-21 12:35:00,-1137.235,2025-05-21 12:35:00
2025-05-21 12:40:00,-1177.235,2025-05-21 12:40:00
2025-05-21 12:45:00,-1289.255,2025-05-21 12:45:00
2025-05-21 12:50:00,-1325.245,2025-05-21 12:50:00
2025-05-21 12:55:00,-1277.245,2025-05-21 12:55:00
2025-05-21 13:00:00,-1185.265,2025-05-21 13:00:00
2025-05-21 13:05:00,-1161.245,2025-05-21 13:05:00
2025-05-21 13:10:00,-1269.205,2025-05-21 13:10:00
2025-05-21 13:15:00,-1165.225,2025-05-21 13:15:00
2025-05-21 13:20:00,-1189.235,2025-05-21 13:20:00
2025-05-21 13:25:00,-1017.255,2025-05-21 13:25:00
2025-05-21 13:30:00,-1241.255,2025-05-21 13:30:00
2025-05-21 13:35:00,-1201.265,2025-05-21 13:35:00
2025-05-21 13:40:00,-1105.225,2025-05-21 13:40:00
2025-05-21 13:45:00,-1121.225,2025-05-21 13:45:00
2025-05-21 13:50:00,-1097.235,2025-05-21 13:50:00
2025-05-21 13:55:00,-1101.215,2025-05-21 13:55:00
2025-05-21 14:00:00,-989.225,2025-05-21 14:00:00
2025-05-21 14:05:00,-1069.245,2025-05-21 14:05:00
2025-05-21 14:10:00,-1177.245,2025-05-21 14:10:00
2025-05-21 14:15:00,-1097.255,2025-05-21 14:15:00
2025-05-21 14:20:00,-1145.255,2025-05-21 14:20:00
2025-05-21 14:25:00,-1093.215,2025-05-21 14:25:00
2025-05-21 14:30:00,-1005.235,2025-05-21 14:30:00
2025-05-21 14:35:00,-1145.245,2025-05-21 14:35:00
2025-05-21 14:40:00,-973.245,2025-05-21 14:40:00
2025-05-21 14:45:00,-1053.245,2025-05-21 14:45:00
2025-05-21 14:50:00,-1125.225,2025-05-21 14:50:00
2025-05-21 14:55:00,-1161.225,2025-05-21 14:55:00
2025-05-21 15:00:00,-1033.215,2025-05-21 15:00:00
2025-05-21 15:05:00,-1153.235,2025-05-21 15:05:00
2025-05-21 15:10:00,-1313.215,2025-05-21 15:10:00
2025-05-21 15:15:00,-1325.255,2025-05-21 15:15:00
2025-05-21 15:20:00,-1101.275,2025-05-21 15:20:00
2025-05-21 15:25:00,-1141.255,2025-05-21 15:25:00
2025-05-21 15:30:00,-1309.235,2025-05-21 15:30:00
2025-05-21 15:35:00,-1197.225,2025-05-21 15:35:00
2025-05-21 15:40:00,-1281.225,2025-05-21 15:40:00
2025-05-21 15:45:00,-1173.225,2025-05-21 15:45:00
2025-05-21 15:50:00,-1289.245,2025-05-21 15:50:00
2025-05-21 15:55:00,-1237.215,2025-05-21 15:55:00
2025-05-21 16:00:00,-1097.255,2025-05-21 16:00:00
2025-05-21 16:05:00,-1057.265,2025-05-21 16:05:00
2025-05-21 16:10:00,-1005.245,2025-05-21 16:10:00
2025-05-21 16:15:00,-1137.245,2025-05-21 16:15:00
2025-05-21 16:20:00,-1081.225,2025-05-21 16:20:00
2025-05-21 16:25:00,-1065.205,2025-05-21 16:25:00
2025-05-21 16:30:00,-1077.195,2025-05-21 16:30:00
2025-05-21 16:35:00,-1101.225,2025-05-21 16:35:00
2025-05-21 16:40:00,-1121.225,2025-05-21 16:40:00
2025-05-21 16:45:00,-1093.235,2025-05-21 16:45:00
2025-05-21 16:50:00,-1057.265,2025-05-21 16:50:00
2025-05-21 16:55:00,-1197.255,2025-05-21 16:55:00
2025-05-21 17:00:00,-1205.265,2025-05-21 17:00:00
2025-05-21 17:05:00,-1121.255,2025-05-21 17:05:00
2025-05-21 17:10:00,-1301.235,2025-05-21 17:10:00
2025-05-21 17:15:00,-1417.255,2025-05-21 17:15:00
2025-05-21 17:20:00,-1357.245,2025-05-21 17:20:00
2025-05-21 17:25:00,-1413.235,2025-05-21 17:25:00
2025-05-21 17:30:00,-1285.245,2025-05-21 17:30:00
2025-05-21 17:35:00,-1161.265,2025-05-21 17:35:00
2025-05-21 17:40:00,-1017.225,2025-05-21 17:40:00
2025-05-21 17:45:00,-1177.235,2025-05-21 17:45:00
2025-05-21 17:50:00,-1273.285,2025-05-21 17:50:00
2025-05-21 17:55:00,-1321.215,2025-05-21 17:55:00
2025-05-21 18:00:00,9000.0,2025-05-21 18:00:00
2025-05-21 18:05:00,9000.0,2025-05-21 18:05:00
2025-05-21 18:10:00,9000.0,2025-05-21 18:10:00
2025-05-21 18:15:00,9000.0,2025-05-21 18:15:00
2025-05-21 18:20:00,9000.0,2025-05-21 18:20:00
2025-05-21 18:25:00,9000.0,2025-05-21 18:25:00
2025-05-21 18:30:00,9000.0,2025-05-21 18:30:00
2025-05-21 18:35:00,9000.0,2025-05-21 18:35:00
2025-05-21 18:40:00,9000.0,2025-05-21 18:40:00
2025-05-21 18:45:00,5284.881,2025-05-21 18:45:00
2025-05-21 18:50:00,0.0,2025-05-21 18:50:00
2025-05-21 18:55:00,0.0,2025-05-21 18:55:00
2025-05-21 19:00:00,0.0,2025-05-21 19:00:00
2025-05-21 19:05:00,0.0,2025-05-21 19:05:00
2025-05-21 19:10:00,0.0,2025-05-21 19:10:00
2025-05-21 19:15:00,0.0,2025-05-21 19:15:00
2025-05-21 19:20:00,0.0,2025-05-21 19:20:00
2025-05-21 19:25:00,0.0,2025-05-21 19:25:00
2025-05-21 19:30:00,0.0,2025-05-21 19:30:00
2025-05-21 19:35:00,0.0,2025-05-21 19:35:00
2025-05-21 19:40:00,0.0,2025-05-21 19:40:00
2025-05-21 19:45:00,0.0,2025-05-21 19:45:00
2025-05-21 19:50:00,0.0,2025-05-21 19:50:00
2025-05-21 19:55:00,0.0,2025-05-21 19:55:00
2025-05-21 20:00:00,0.0,2025-05-21 20:00:00
2025-05-21 20:05:00,0.0,2025-05-21 20:05:00
2025-05-21 20:10:00,0.0,2025-05-21 20:10:00
2025-05-21 20:15:00,0.0,2025-05-21 20:15:00
2025-05-21 20:20:00,0.0,2025-05-21 20:20:00
2025-05-21 20:25:00,0.0,2025-05-21 20:25:00
2025-05-21 20:30:00,0.0,2025-05-21 20:30:00
2025-05-21 20:35:00,0.0,2025-05-21 20:35:00
2025-05-21 20:40:00,0.0,2025-05-21 20:40:00
2025-05-21 20:45:00,0.0,2025-05-21 20:45:00
2025-05-21 20:50:00,0.0,2025-05-21 20:50:00
2025-05-21 20:55:00,0.0,2025-05-21 20:55:00
2025-05-21 21:00:00,0.0,2025-05-21 21:00:00
2025-05-21 21:05:00,0.0,2025-05-21 21:05:00
2025-05-21 21:10:00,0.0,2025-05-21 21:10:00
2025-05-21 21:15:00,0.0,2025-05-21 21:15:00
2025-05-21 21:20:00,0.0,2025-05-21 21:20:00
2025-05-21 21:25:00,0.0,2025-05-21 21:25:00
2025-05-21 21:30:00,0.0,2025-05-21 21:30:00
2025-05-21 21:35:00,0.0,2025-05-21 21:35:00
2025-05-21 21:40:00,0.0,2025-05-21 21:40:00
2025-05-21 21:45:00,0.0,2025-05-21 21:45:00
2025-05-21 21:50:00,0.0,2025-05-21 21:50:00
2025-05-21 21:55:00,0.0,2025-05-21 21:55:00
2025-05-21 22:00:00,-1137.07,2025-05-21 22:00:00
2025-05-21 22:05:00,-1217.05,2025-05-21 22:05:00
2025-05-21 22:10:00,-977.04,2025-05-21 22:10:00
2025-05-21 22:15:00,-1201.08,2025-05-21 22:15:00
2025-05-21 22:20:00,-973.05,2025-05-21 22:20:00
2025-05-21 22:25:00,-985.07,2025-05-21 22:25:00
2025-05-21 22:30:00,-853.09,2025-05-21 22:30:00
2025-05-21 22:35:00,-865.04,2025-05-21 22:35:00
2025-05-21 22:40:00,-885.08,2025-05-21 22:40:00
2025-05-21 22:45:00,-917.08,2025-05-21 22:45:00
2025-05-21 22:50:00,-885.06,2025-05-21 22:50:00
2025-05-21 22:55:00,-941.05,2025-05-21 22:55:00
2025-05-21 23:00:00,-901.04,2025-05-21 23:00:00
2025-05-21 23:05:00,-1053.06,2025-05-21 23:05:00
2025-05-21 23:10:00,-949.04,2025-05-21 23:10:00
2025-05-21 23:15:00,-1161.07,2025-05-21 23:15:00
2025-05-21 23:20:00,-1193.1,2025-05-21 23:20:00
2025-05-21 23:25:00,-1333.06,2025-05-21 23:25:00
2025-05-21 23:30:00,-1057.08,2025-05-21 23:30:00
2025-05-21 23:35:00,-1125.04,2025-05-21 23:35:00
2025-05-21 23:40:00,-1057.06,2025-05-21 23:40:00
2025-05-21 23:45:00,-1173.03,2025-05-21 23:45:00
2025-05-21 23:50:00,-1009.08,2025-05-21 23:50:00
2025-05-21 23:55:00,-1105.08,2025-05-21 23:55:00
2025-05-22 00:00:00,-1005.04,2025-05-22 00:00:00
2025-05-22 00:05:00,-1029.06,2025-05-22 00:05:00
2025-05-22 00:10:00,-1289.08,2025-05-22 00:10:00
2025-05-22 00:15:00,-961.09,2025-05-22 00:15:00
2025-05-22 00:20:00,-977.07,2025-05-22 00:20:00
2025-05-22 00:25:00,-1001.05,2025-05-22 00:25:00
2025-05-22 00:30:00,-901.06,2025-05-22 00:30:00
2025-05-22 00:35:00,-973.06,2025-05-22 00:35:00
2025-05-22 00:40:00,-973.05,2025-05-22 00:40:00
2025-05-22 00:45:00,-937.07,2025-05-22 00:45:00
2025-05-22 00:50:00,-997.07,2025-05-22 00:50:00
2025-05-22 00:55:00,-1033.07,2025-05-22 00:55:00
2025-05-22 01:00:00,-953.03,2025-05-22 01:00:00
2025-05-22 01:05:00,-1033.08,2025-05-22 01:05:00
2025-05-22 01:10:00,-1181.06,2025-05-22 01:10:00
2025-05-22 01:15:00,-997.08,2025-05-22 01:15:00
2025-05-22 01:20:00,-1053.1,2025-05-22 01:20:00
2025-05-22 01:25:00,-1041.06,2025-05-22 01:25:00
2025-05-22 01:30:00,-1085.08,2025-05-22 01:30:00
2025-05-22 01:35:00,-1165.04,2025-05-22 01:35:00
2025-05-22 01:40:00,-949.09,2025-05-22 01:40:00
2025-05-22 01:45:00,-897.07,2025-05-22 01:45:00
2025-05-22 01:50:00,-917.03,2025-05-22 01:50:00
2025-05-22 01:55:00,-1025.06,2025-05-22 01:55:00
2025-05-22 02:00:00,-873.05,2025-05-22 02:00:00
2025-05-22 02:05:00,-1053.05,2025-05-22 02:05:00
2025-05-22 02:10:00,-1057.1,2025-05-22 02:10:00
2025-05-22 02:15:00,-945.07,2025-05-22 02:15:00
2025-05-22 02:20:00,-925.05,2025-05-22 02:20:00
2025-05-22 02:25:00,-929.07,2025-05-22 02:25:00
2025-05-22 02:30:00,-853.08,2025-05-22 02:30:00
2025-05-22 02:35:00,-1185.08,2025-05-22 02:35:00
2025-05-22 02:40:00,-1169.08,2025-05-22 02:40:00
2025-05-22 02:45:00,-1317.03,2025-05-22 02:45:00
2025-05-22 02:50:00,-965.08,2025-05-22 02:50:00
2025-05-22 02:55:00,-925.08,2025-05-22 02:55:00
2025-05-22 03:00:00,-1013.05,2025-05-22 03:00:00
2025-05-22 03:05:00,-993.05,2025-05-22 03:05:00
2025-05-22 03:10:00,-1009.07,2025-05-22 03:10:00
2025-05-22 03:15:00,-1025.1,2025-05-22 03:15:00
2025-05-22 03:20:00,-945.09,2025-05-22 03:20:00
2025-05-22 03:25:00,-1253.02,2025-05-22 03:25:00
2025-05-22 03:30:00,-1277.08,2025-05-22 03:30:00
2025-05-22 03:35:00,-1225.05,2025-05-22 03:35:00
2025-05-22 03:40:00,-1217.05,2025-05-22 03:40:00
2025-05-22 03:45:00,-1245.03,2025-05-22 03:45:00
2025-05-22 03:50:00,-1085.03,2025-05-22 03:50:00
2025-05-22 03:55:00,-1185.07,2025-05-22 03:55:00
2025-05-22 04:00:00,-1081.05,2025-05-22 04:00:00
2025-05-22 04:05:00,-1101.05,2025-05-22 04:05:00
2025-05-22 04:10:00,-1109.04,2025-05-22 04:10:00
2025-05-22 04:15:00,-1017.08,2025-05-22 04:15:00
2025-05-22 04:20:00,-1137.08,2025-05-22 04:20:00
2025-05-22 04:25:00,-1033.07,2025-05-22 04:25:00
2025-05-22 04:30:00,-1237.09,2025-05-22 04:30:00
2025-05-22 04:35:00,-1005.06,2025-05-22 04:35:00
2025-05-22 04:40:00,-1097.06,2025-05-22 04:40:00
2025-05-22 04:45:00,-1041.04,2025-05-22 04:45:00
2025-05-22 04:50:00,-1089.07,2025-05-22 04:50:00
2025-05-22 04:55:00,-1149.07,2025-05-22 04:55:00
2025-05-22 05:00:00,-1069.08,2025-05-22 05:00:00
2025-05-22 05:05:00,-1129.08,2025-05-22 05:05:00
2025-05-22 05:10:00,-1213.05,2025-05-22 05:10:00
2025-05-22 05:15:00,-1189.06,2025-05-22 05:15:00
2025-05-22 05:20:00,-1217.07,2025-05-22 05:20:00
2025-05-22 05:25:00,-945.06,2025-05-22 05:25:00
2025-05-22 05:30:00,-1189.07,2025-05-22 05:30:00
2025-05-22 05:35:00,-1065.05,2025-05-22 05:35:00
2025-05-22 05:40:00,-1117.05,2025-05-22 05:40:00
2025-05-22 05:45:00,-1125.08,2025-05-22 05:45:00
2025-05-22 05:50:00,-1109.05,2025-05-22 05:50:00
2025-05-22 05:55:00,-1049.05,2025-05-22 05:55:00
2025-05-22 06:00:00,-1089.08,2025-05-22 06:00:00
2025-05-22 06:05:00,-1165.08,2025-05-22 06:05:00
2025-05-22 06:10:00,-1085.09,2025-05-22 06:10:00
2025-05-22 06:15:00,-1057.07,2025-05-22 06:15:00
2025-05-22 06:20:00,-1225.06,2025-05-22 06:20:00
2025-05-22 06:25:00,-1193.09,2025-05-22 06:25:00
2025-05-22 06:30:00,-1157.04,2025-05-22 06:30:00
2025-05-22 06:35:00,-1221.07,2025-05-22 06:35:00
2025-05-22 06:40:00,-1057.08,2025-05-22 06:40:00
2025-05-22 06:45:00,-973.08,2025-05-22 06:45:00
2025-05-22 06:50:00,-1121.04,2025-05-22 06:50:00
2025-05-22 06:55:00,-1093.09,2025-05-22 06:55:00
2025-05-22 07:00:00,-1109.08,2025-05-22 07:00:00
2025-05-22 07:05:00,-1065.04,2025-05-22 07:05:00
2025-05-22 07:10:00,-1165.05,2025-05-22 07:10:00
2025-05-22 07:15:00,-1069.05,2025-05-22 07:15:00
2025-05-22 07:20:00,-1081.05,2025-05-22 07:20:00
2025-05-22 07:25:00,-1209.02,2025-05-22 07:25:00
2025-05-22 07:30:00,-1025.07,2025-05-22 07:30:00
2025-05-22 07:35:00,-1153.07,2025-05-22 07:35:00
2025-05-22 07:40:00,-1109.05,2025-05-22 07:40:00
2025-05-22 07:45:00,-1029.06,2025-05-22 07:45:00
2025-05-22 07:50:00,-965.06,2025-05-22 07:50:00
2025-05-22 07:55:00,-933.05,2025-05-22 07:55:00
2025-05-22 08:00:00,9000.0,2025-05-22 08:00:00
2025-05-22 08:05:00,9000.0,2025-05-22 08:05:00
2025-05-22 08:10:00,9000.0,2025-05-22 08:10:00
2025-05-22 08:15:00,9000.0,2025-05-22 08:15:00
2025-05-22 08:20:00,9000.0,2025-05-22 08:20:00
2025-05-22 08:25:00,9000.0,2025-05-22 08:25:00
2025-05-22 08:30:00,9000.0,2025-05-22 08:30:00
2025-05-22 08:35:00,9000.0,2025-05-22 08:35:00
2025-05-22 08:40:00,9000.0,2025-05-22 08:40:00
2025-05-22 08:45:00,9000.0,2025-05-22 08:45:00
2025-05-22 08:50:00,9000.0,2025-05-22 08:50:00
2025-05-22 08:55:00,9000.0,2025-05-22 08:55:00
2025-05-22 09:00:00,3749.292,2025-05-22 09:00:00
2025-05-22 09:05:00,0.0,2025-05-22 09:05:00
2025-05-22 09:10:00,0.0,2025-05-22 09:10:00
2025-05-22 09:15:00,0.0,2025-05-22 09:15:00
2025-05-22 09:20:00,0.0,2025-05-22 09:20:00
2025-05-22 09:25:00,0.0,2025-05-22 09:25:00
2025-05-22 09:30:00,0.0,2025-05-22 09:30:00
2025-05-22 09:35:00,0.0,2025-05-22 09:35:00
2025-05-22 09:40:00,0.0,2025-05-22 09:40:00
2025-05-22 09:45:00,0.0,2025-05-22 09:45:00
2025-05-22 09:50:00,0.0,2025-05-22 09:50:00
2025-05-22 09:55:00,0.0,2025-05-22 09:55:00
2025-05-22 10:00:00,0.0,2025-05-22 10:00:00
2025-05-22 10:05:00,0.0,2025-05-22 10:05:00
2025-05-22 10:10:00,0.0,2025-05-22 10:10:00
2025-05-22 10:15:00,0.0,2025-05-22 10:15:00
2025-05-22 10:20:00,0.0,2025-05-22 10:20:00
2025-05-22 10:25:00,0.0,2025-05-22 10:25:00
2025-05-22 10:30:00,0.0,2025-05-22 10:30:00
2025-05-22 10:35:00,0.0,2025-05-22 10:35:00
2025-05-22 10:40:00,0.0,2025-05-22 10:40:00
2025-05-22 10:45:00,0.0,2025-05-22 10:45:00
2025-05-22 10:50:00,0.0,2025-05-22 10:50:00
2025-05-22 10:55:00,0.0,2025-05-22 10:55:00
2025-05-22 11:00:00,-1033.06,2025-05-22 11:00:00
2025-05-22 11:05:00,-1081.06,2025-05-22 11:05:00
2025-05-22 11:10:00,-945.06,2025-05-22 11:10:00
2025-05-22 11:15:00,-1213.07,2025-05-22 11:15:00
2025-05-22 11:20:00,-961.06,2025-05-22 11:20:00
2025-05-22 11:25:00,-965.05,2025-05-22 11:25:00
2025-05-22 11:30:00,-937.08,2025-05-22 11:30:00
2025-05-22 11:35:00,-961.07,2025-05-22 11:35:00
2025-05-22 11:40:00,-861.07,2025-05-22 11:40:00
2025-05-22 11:45:00,-1029.05,2025-05-22 11:45:00
2025-05-22 11:50:00,-961.02,2025-05-22 11:50:00
2025-05-22 11:55:00,-1145.04,2025-05-22 11:55:00
2025-05-22 12:00:00,-1001.04,2025-05-22 12:00:00
2025-05-22 12:05:00,-1009.08,2025-05-22 12:05:00
2025-05-22 12:10:00,-969.07,2025-05-22 12:10:00
2025-05-22 12:15:00,-897.04,2025-05-22 12:15:00
2025-05-22 12:20:00,-993.05,2025-05-22 12:20:00
2025-05-22 12:25:00,-905.04,2025-05-22 12:25:00
2025-05-22 12:30:00,-889.05,2025-05-22 12:30:00
2025-05-22 12:35:00,-897.06,2025-05-22 12:35:00
2025-05-22 12:40:00,-1021.05,2025-05-22 12:40:00
2025-05-22 12:45:00,-929.07,2025-05-22 12:45:00
2025-05-22 12:50:00,-1069.05,2025-05-22 12:50:00
2025-05-22 12:55:00,-1021.07,2025-05-22 12:55:00
2025-05-22 13:00:00,-937.07,2025-05-22 13:00:00
2025-05-22 13:05:00,-1045.07,2025-05-22 13:05:00
2025-05-22 13:10:00,-1121.06,2025-05-22 13:10:00
2025-05-22 13:15:00,-921.05,2025-05-22 13:15:00
2025-05-22 13:20:00,-917.07,2025-05-22 13:20:00
2025-05-22 13:25:00,-861.05,2025-05-22 13:25:00
2025-05-22 13:30:00,-1077.05,2025-05-22 13:30:00
2025-05-22 13:35:00,-1069.05,2025-05-22 13:35:00
2025-05-22 13:40:00,-1065.07,2025-05-22 13:40:00
2025-05-22 13:45:00,-1145.07,2025-05-22 13:45:00
2025-05-22 13:50:00,-1177.04,2025-05-22 13:50:00
2025-05-22 13:55:00,-1157.07,2025-05-22 13:55:00
2025-05-22 14:00:00,-1081.07,2025-05-22 14:00:00
2025-05-22 14:05:00,-1057.03,2025-05-22 14:05:00
2025-05-22 14:10:00,-1077.07,2025-05-22 14:10:00
2025-05-22 14:15:00,-1141.06,2025-05-22 14:15:00
2025-05-22 14:20:00,-1237.05,2025-05-22 14:20:00
2025-05-22 14:25:00,-1185.03,2025-05-22 14:25:00
2025-05-22 14:30:00,-1077.03,2025-05-22 14:30:00
2025-05-22 14:35:00,-953.03,2025-05-22 14:35:00
2025-05-22 14:40:00,-1037.09,2025-05-22 14:40:00
2025-05-22 14:45:00,-1105.05,2025-05-22 14:45:00
2025-05-22 14:50:00,-1129.04,2025-05-22 14:50:00
2025-05-22 14:55:00,-1153.05,2025-05-22 14:55:00
2025-05-22 15:00:00,-1121.05,2025-05-22 15:00:00
2025-05-22 15:05:00,-1105.06,2025-05-22 15:05:00
2025-05-22 15:10:00,-1165.05,2025-05-22 15:10:00
2025-05-22 15:15:00,-1169.05,2025-05-22 15:15:00
2025-05-22 15:20:00,-1085.07,2025-05-22 15:20:00
2025-05-22 15:25:00,-1089.05,2025-05-22 15:25:00
2025-05-22 15:30:00,-1065.05,2025-05-22 15:30:00
2025-05-22 15:35:00,-1049.05,2025-05-22 15:35:00
2025-05-22 15:40:00,-1089.04,2025-05-22 15:40:00
2025-05-22 15:45:00,-1153.05,2025-05-22 15:45:00
2025-05-22 15:50:00,-1069.06,2025-05-22 15:50:00
2025-05-22 15:55:00,-1029.08,2025-05-22 15:55:00
2025-05-22 16:00:00,-1089.07,2025-05-22 16:00:00
2025-05-22 16:05:00,-1129.08,2025-05-22 16:05:00
2025-05-22 16:10:00,-1109.07,2025-05-22 16:10:00
2025-05-22 16:15:00,-1101.1,2025-05-22 16:15:00
2025-05-22 16:20:00,-1125.01,2025-05-22 16:20:00
2025-05-22 16:25:00,-1085.07,2025-05-22 16:25:00
2025-05-22 16:30:00,-989.07,2025-05-22 16:30:00
2025-05-22 16:35:00,-1289.06,2025-05-22 16:35:00
2025-05-22 16:40:00,-1241.01,2025-05-22 16:40:00
2025-05-22 16:45:00,-1173.05,2025-05-22 16:45:00
2025-05-22 16:50:00,-1061.04,2025-05-22 16:50:00
2025-05-22 16:55:00,-1145.03,2025-05-22 16:55:00
2025-05-22 17:00:00,-1069.06,2025-05-22 17:00:00
2025-05-22 17:05:00,-1057.05,2025-05-22 17:05:00
2025-05-22 17:10:00,-1113.06,2025-05-22 17:10:00
2025-05-22 17:15:00,-1161.08,2025-05-22 17:15:00
2025-05-22 17:20:00,-1169.07,2025-05-22 17:20:00
2025-05-22 17:25:00,-1001.08,2025-05-22 17:25:00
2025-05-22 17:30:00,-1053.05,2025-05-22 17:30:00
2025-05-22 17:35:00,-1061.03,2025-05-22 17:35:00
2025-05-22 17:40:00,-1033.05,2025-05-22 17:40:00
2025-05-22 17:45:00,-1169.06,2025-05-22 17:45:00
2025-05-22 17:50:00,-1053.08,2025-05-22 17:50:00
2025-05-22 17:55:00,-1141.05,2025-05-22 17:55:00
2025-05-22 18:00:00,9000.0,2025-05-22 18:00:00
2025-05-22 18:05:00,9000.0,2025-05-22 18:05:00
2025-05-22 18:10:00,9000.0,2025-05-22 18:10:00
2025-05-22 18:15:00,9000.0,2025-05-22 18:15:00
2025-05-22 18:20:00,9000.0,2025-05-22 18:20:00
2025-05-22 18:25:00,9000.0,2025-05-22 18:25:00
2025-05-22 18:30:00,9000.0,2025-05-22 18:30:00
2025-05-22 18:35:00,9000.0,2025-05-22 18:35:00
2025-05-22 18:40:00,5982.412,2025-05-22 18:40:00
2025-05-22 18:45:00,0.0,2025-05-22 18:45:00
2025-05-22 18:50:00,0.0,2025-05-22 18:50:00
2025-05-22 18:55:00,0.0,2025-05-22 18:55:00
2025-05-22 19:00:00,0.0,2025-05-22 19:00:00
2025-05-22 19:05:00,0.0,2025-05-22 19:05:00
2025-05-22 19:10:00,0.0,2025-05-22 19:10:00
2025-05-22 19:15:00,0.0,2025-05-22 19:15:00
2025-05-22 19:20:00,0.0,2025-05-22 19:20:00
2025-05-22 19:25:00,0.0,2025-05-22 19:25:00
2025-05-22 19:30:00,0.0,2025-05-22 19:30:00
2025-05-22 19:35:00,0.0,2025-05-22 19:35:00
2025-05-22 19:40:00,0.0,2025-05-22 19:40:00
2025-05-22 19:45:00,0.0,2025-05-22 19:45:00
2025-05-22 19:50:00,0.0,2025-05-22 19:50:00
2025-05-22 19:55:00,0.0,2025-05-22 19:55:00
2025-05-22 20:00:00,0.0,2025-05-22 20:00:00
2025-05-22 20:05:00,0.0,2025-05-22 20:05:00
2025-05-22 20:10:00,0.0,2025-05-22 20:10:00
2025-05-22 20:15:00,0.0,2025-05-22 20:15:00
2025-05-22 20:20:00,0.0,2025-05-22 20:20:00
2025-05-22 20:25:00,0.0,2025-05-22 20:25:00
2025-05-22 20:30:00,0.0,2025-05-22 20:30:00
2025-05-22 20:35:00,0.0,2025-05-22 20:35:00
2025-05-22 20:40:00,0.0,2025-05-22 20:40:00
2025-05-22 20:45:00,0.0,2025-05-22 20:45:00
2025-05-22 20:50:00,0.0,2025-05-22 20:50:00
2025-05-22 20:55:00,0.0,2025-05-22 20:55:00
2025-05-22 21:00:00,0.0,2025-05-22 21:00:00
2025-05-22 21:05:00,0.0,2025-05-22 21:05:00
2025-05-22 21:10:00,0.0,2025-05-22 21:10:00
2025-05-22 21:15:00,0.0,2025-05-22 21:15:00
2025-05-22 21:20:00,0.0,2025-05-22 21:20:00
2025-05-22 21:25:00,0.0,2025-05-22 21:25:00
2025-05-22 21:30:00,0.0,2025-05-22 21:30:00
2025-05-22 21:35:00,0.0,2025-05-22 21:35:00
2025-05-22 21:40:00,0.0,2025-05-22 21:40:00
2025-05-22 21:45:00,0.0,2025-05-22 21:45:00
2025-05-22 21:50:00,0.0,2025-05-22 21:50:00
2025-05-22 21:55:00,0.0,2025-05-22 21:55:00
2025-05-22 22:00:00,-907.81,2025-05-22 22:00:00
2025-05-22 22:05:00,-711.81,2025-05-22 22:05:00
2025-05-22 22:10:00,-831.83,2025-05-22 22:10:00
2025-05-22 22:15:00,-871.79,2025-05-22 22:15:00
2025-05-22 22:20:00,-943.78,2025-05-22 22:20:00
2025-05-22 22:25:00,-755.82,2025-05-22 22:25:00
2025-05-22 22:30:00,-715.81,2025-05-22 22:30:00
2025-05-22 22:35:00,-891.83,2025-05-22 22:35:00
2025-05-22 22:40:00,-835.8,2025-05-22 22:40:00
2025-05-22 22:45:00,-791.78,2025-05-22 22:45:00
2025-05-22 22:50:00,-691.8,2025-05-22 22:50:00
2025-05-22 22:55:00,-719.8,2025-05-22 22:55:00
2025-05-22 23:00:00,-879.83,2025-05-22 23:00:00
2025-05-22 23:05:00,-795.82,2025-05-22 23:05:00
2025-05-22 23:10:00,-735.83,2025-05-22 23:10:00
2025-05-22 23:15:00,-667.82,2025-05-22 23:15:00
2025-05-22 23:20:00,-855.8,2025-05-22 23:20:00
2025-05-22 23:25:00,-683.81,2025-05-22 23:25:00
2025-05-22 23:30:00,-879.81,2025-05-22 23:30:00
2025-05-22 23:35:00,-879.83,2025-05-22 23:35:00
2025-05-22 23:40:00,-715.83,2025-05-22 23:40:00
2025-05-22 23:45:00,-867.79,2025-05-22 23:45:00
2025-05-22 23:50:00,-819.81,2025-05-22 23:50:00
2025-05-22 23:55:00,-767.78,2025-05-22 23:55:00
2025-05-23 00:00:00,-1003.83,2025-05-23 00:00:00
2025-05-23 00:05:00,-719.82,2025-05-23 00:05:00
2025-05-23 00:10:00,-891.81,2025-05-23 00:10:00
2025-05-23 00:15:00,-803.82,2025-05-23 00:15:00
2025-05-23 00:20:00,-827.82,2025-05-23 00:20:00
2025-05-23 00:25:00,-779.81,2025-05-23 00:25:00
2025-05-23 00:30:00,-815.79,2025-05-23 00:30:00
2025-05-23 00:35:00,-863.79,2025-05-23 00:35:00
2025-05-23 00:40:00,-895.78,2025-05-23 00:40:00
2025-05-23 00:45:00,-771.82,2025-05-23 00:45:00
2025-05-23 00:50:00,-867.77,2025-05-23 00:50:00
2025-05-23 00:55:00,-751.8,2025-05-23 00:55:00
2025-05-23 01:00:00,-655.81,2025-05-23 01:00:00
2025-05-23 01:05:00,-731.79,2025-05-23 01:05:00
2025-05-23 01:10:00,-799.81,2025-05-23 01:10:00
2025-05-23 01:15:00,-815.82,2025-05-23 01:15:00
2025-05-23 01:20:00,-591.79,2025-05-23 01:20:00
2025-05-23 01:25:00,-647.81,2025-05-23 01:25:00
2025-05-23 01:30:00,-839.81,2025-05-23 01:30:00
2025-05-23 01:35:00,-799.81,2025-05-23 01:35:00
2025-05-23 01:40:00,-727.79,2025-05-23 01:40:00
2025-05-23 01:45:00,-735.83,2025-05-23 01:45:00
2025-05-23 01:50:00,-667.81,2025-05-23 01:50:00
2025-05-23 01:55:00,-715.78,2025-05-23 01:55:00
2025-05-23 02:00:00,-659.79,2025-05-23 02:00:00
2025-05-23 02:05:00,-895.79,2025-05-23 02:05:00
2025-05-23 02:10:00,-847.81,2025-05-23 02:10:00
2025-05-23 02:15:00,-871.83,2025-05-23 02:15:00
2025-05-23 02:20:00,-663.79,2025-05-23 02:20:00
2025-05-23 02:25:00,-691.81,2025-05-23 02:25:00
2025-05-23 02:30:00,-875.82,2025-05-23 02:30:00
2025-05-23 02:35:00,-803.82,2025-05-23 02:35:00
2025-05-23 02:40:00,-939.82,2025-05-23 02:40:00
2025-05-23 02:45:00,-855.8,2025-05-23 02:45:00
2025-05-23 02:50:00,-707.77,2025-05-23 02:50:00
2025-05-23 02:55:00,-755.81,2025-05-23 02:55:00
2025-05-23 03:00:00,-799.84,2025-05-23 03:00:00
2025-05-23 03:05:00,-871.8,2025-05-23 03:05:00
2025-05-23 03:10:00,-867.84,2025-05-23 03:10:00
2025-05-23 03:15:00,-907.78,2025-05-23 03:15:00
2025-05-23 03:20:00,-775.81,2025-05-23 03:20:00
2025-05-23 03:25:00,-891.78,2025-05-23 03:25:00
2025-05-23 03:30:00,-783.83,2025-05-23 03:30:00
2025-05-23 03:35:00,-755.82,2025-05-23 03:35:00
2025-05-23 03:40:00,-971.83,2025-05-23 03:40:00
2025-05-23 03:45:00,-807.82,2025-05-23 03:45:00
2025-05-23 03:50:00,-763.83,2025-05-23 03:50:00
2025-05-23 03:55:00,-847.82,2025-05-23 03:55:00
2025-05-23 04:00:00,-895.79,2025-05-23 04:00:00
2025-05-23 04:05:00,-955.81,2025-05-23 04:05:00
2025-05-23 04:10:00,-763.82,2025-05-23 04:10:00
2025-05-23 04:15:00,-799.82,2025-05-23 04:15:00
2025-05-23 04:20:00,-775.8,2025-05-23 04:20:00
2025-05-23 04:25:00,-951.79,2025-05-23 04:25:00
2025-05-23 04:30:00,-767.83,2025-05-23 04:30:00
2025-05-23 04:35:00,-835.8,2025-05-23 04:35:00
2025-05-23 04:40:00,-907.82,2025-05-23 04:40:00
2025-05-23 04:45:00,-999.79,2025-05-23 04:45:00
2025-05-23 04:50:00,-939.82,2025-05-23 04:50:00
2025-05-23 04:55:00,-987.8,2025-05-23 04:55:00
2025-05-23 05:00:00,-915.83,2025-05-23 05:00:00
2025-05-23 05:05:00,-963.82,2025-05-23 05:05:00
2025-05-23 05:10:00,-839.82,2025-05-23 05:10:00
2025-05-23 05:15:00,-883.82,2025-05-23 05:15:00
2025-05-23 05:20:00,-775.81,2025-05-23 05:20:00
2025-05-23 05:25:00,-951.8,2025-05-23 05:25:00
2025-05-23 05:30:00,-731.83,2025-05-23 05:30:00
2025-05-23 05:35:00,-827.8,2025-05-23 05:35:00
2025-05-23 05:40:00,-855.83,2025-05-23 05:40:00
2025-05-23 05:45:00,-1035.83,2025-05-23 05:45:00
2025-05-23 05:50:00,-915.8,2025-05-23 05:50:00
2025-05-23 05:55:00,-979.82,2025-05-23 05:55:00
2025-05-23 06:00:00,-903.82,2025-05-23 06:00:00
2025-05-23 06:05:00,-1083.81,2025-05-23 06:05:00
2025-05-23 06:10:00,-795.83,2025-05-23 06:10:00
2025-05-23 06:15:00,-835.8,2025-05-23 06:15:00
2025-05-23 06:20:00,-963.77,2025-05-23 06:20:00
2025-05-23 06:25:00,-895.81,2025-05-23 06:25:00
2025-05-23 06:30:00,-947.77,2025-05-23 06:30:00
2025-05-23 06:35:00,-863.79,2025-05-23 06:35:00
2025-05-23 06:40:00,-903.77,2025-05-23 06:40:00
2025-05-23 06:45:00,-1043.79,2025-05-23 06:45:00
2025-05-23 06:50:00,-931.79,2025-05-23 06:50:00
2025-05-23 06:55:00,-1039.81,2025-05-23 06:55:00
2025-05-23 07:00:00,-1003.81,2025-05-23 07:00:00
2025-05-23 07:05:00,-875.83,2025-05-23 07:05:00
2025-05-23 07:10:00,-911.81,2025-05-23 07:10:00
2025-05-23 07:15:00,-955.83,2025-05-23 07:15:00
2025-05-23 07:20:00,-1023.79,2025-05-23 07:20:00
2025-05-23 07:25:00,-1215.81,2025-05-23 07:25:00
2025-05-23 07:30:00,-1211.81,2025-05-23 07:30:00
2025-05-23 07:35:00,-931.82,2025-05-23 07:35:00
2025-05-23 07:40:00,-1099.79,2025-05-23 07:40:00
2025-05-23 07:45:00,-943.79,2025-05-23 07:45:00
2025-05-23 07:50:00,-967.79,2025-05-23 07:50:00
2025-05-23 07:55:00,-1023.82,2025-05-23 07:55:00
2025-05-23 08:00:00,9000.0,2025-05-23 08:00:00
2025-05-23 08:05:00,9000.0,2025-05-23 08:05:00
2025-05-23 08:10:00,9000.0,2025-05-23 08:10:00
2025-05-23 08:15:00,9000.0,2025-05-23 08:15:00
2025-05-23 08:20:00,9000.0,2025-05-23 08:20:00
2025-05-23 08:25:00,9000.0,2025-05-23 08:25:00
2025-05-23 08:30:00,9000.0,2025-05-23 08:30:00
2025-05-23 08:35:00,9000.0,2025-05-23 08:35:00
2025-05-23 08:40:00,8999.999,2025-05-23 08:40:00
2025-05-23 08:45:00,8316.631,2025-05-23 08:45:00
2025-05-23 08:50:00,0.0,2025-05-23 08:50:00
2025-05-23 08:55:00,0.0,2025-05-23 08:55:00
2025-05-23 09:00:00,0.0,2025-05-23 09:00:00
2025-05-23 09:05:00,0.0,2025-05-23 09:05:00
2025-05-23 09:10:00,0.0,2025-05-23 09:10:00
2025-05-23 09:15:00,0.0,2025-05-23 09:15:00
2025-05-23 09:20:00,0.0,2025-05-23 09:20:00
2025-05-23 09:25:00,0.0,2025-05-23 09:25:00
2025-05-23 09:30:00,0.0,2025-05-23 09:30:00
2025-05-23 09:35:00,0.0,2025-05-23 09:35:00
2025-05-23 09:40:00,0.0,2025-05-23 09:40:00
2025-05-23 09:45:00,0.0,2025-05-23 09:45:00
2025-05-23 09:50:00,0.0,2025-05-23 09:50:00
2025-05-23 09:55:00,0.0,2025-05-23 09:55:00
2025-05-23 10:00:00,0.0,2025-05-23 10:00:00
2025-05-23 10:05:00,0.0,2025-05-23 10:05:00
2025-05-23 10:10:00,0.0,2025-05-23 10:10:00
2025-05-23 10:15:00,0.0,2025-05-23 10:15:00
2025-05-23 10:20:00,0.0,2025-05-23 10:20:00
2025-05-23 10:25:00,0.0,2025-05-23 10:25:00
2025-05-23 10:30:00,0.0,2025-05-23 10:30:00
2025-05-23 10:35:00,0.0,2025-05-23 10:35:00
2025-05-23 10:40:00,0.0,2025-05-23 10:40:00
2025-05-23 10:45:00,0.0,2025-05-23 10:45:00
2025-05-23 10:50:00,0.0,2025-05-23 10:50:00
2025-05-23 10:55:00,0.0,2025-05-23 10:55:00
2025-05-23 11:00:00,-1215.82,2025-05-23 11:00:00
2025-05-23 11:05:00,-1463.79,2025-05-23 11:05:00
2025-05-23 11:10:00,-1435.79,2025-05-23 11:10:00
2025-05-23 11:15:00,-1467.82,2025-05-23 11:15:00
2025-05-23 11:20:00,-1495.83,2025-05-23 11:20:00
2025-05-23 11:25:00,-1415.82,2025-05-23 11:25:00
2025-05-23 11:30:00,-1427.83,2025-05-23 11:30:00
2025-05-23 11:35:00,-1619.8,2025-05-23 11:35:00
2025-05-23 11:40:00,-1479.82,2025-05-23 11:40:00
2025-05-23 11:45:00,-1467.8,2025-05-23 11:45:00
2025-05-23 11:50:00,-1335.78,2025-05-23 11:50:00
2025-05-23 11:55:00,-1343.79,2025-05-23 11:55:00
2025-05-23 12:00:00,-1287.82,2025-05-23 12:00:00
2025-05-23 12:05:00,-1339.79,2025-05-23 12:05:00
2025-05-23 12:10:00,-1231.77,2025-05-23 12:10:00
2025-05-23 12:15:00,-1471.8,2025-05-23 12:15:00
2025-05-23 12:20:00,-1543.8,2025-05-23 12:20:00
2025-05-23 12:25:00,-1431.78,2025-05-23 12:25:00
2025-05-23 12:30:00,-1355.83,2025-05-23 12:30:00
2025-05-23 12:35:00,-1367.82,2025-05-23 12:35:00
2025-05-23 12:40:00,-1079.83,2025-05-23 12:40:00
2025-05-23 12:45:00,-1195.83,2025-05-23 12:45:00
2025-05-23 12:50:00,-1095.78,2025-05-23 12:50:00
2025-05-23 12:55:00,-1095.77,2025-05-23 12:55:00
2025-05-23 13:00:00,-1071.78,2025-05-23 13:00:00
2025-05-23 13:05:00,-1063.79,2025-05-23 13:05:00
2025-05-23 13:10:00,-1063.82,2025-05-23 13:10:00
2025-05-23 13:15:00,-1119.77,2025-05-23 13:15:00
2025-05-23 13:20:00,-1291.79,2025-05-23 13:20:00
2025-05-23 13:25:00,-1255.8,2025-05-23 13:25:00
2025-05-23 13:30:00,-1271.79,2025-05-23 13:30:00
2025-05-23 13:35:00,-1455.8,2025-05-23 13:35:00
2025-05-23 13:40:00,-1491.79,2025-05-23 13:40:00
2025-05-23 13:45:00,-1467.79,2025-05-23 13:45:00
2025-05-23 13:50:00,-1575.79,2025-05-23 13:50:00
2025-05-23 13:55:00,-1475.77,2025-05-23 13:55:00
2025-05-23 14:00:00,-1503.82,2025-05-23 14:00:00
2025-05-23 14:05:00,-1319.83,2025-05-23 14:05:00
2025-05-23 14:10:00,-1243.82,2025-05-23 14:10:00
2025-05-23 14:15:00,-1235.79,2025-05-23 14:15:00
2025-05-23 14:20:00,-1267.79,2025-05-23 14:20:00
2025-05-23 14:25:00,-1507.8,2025-05-23 14:25:00
2025-05-23 14:30:00,-1327.75,2025-05-23 14:30:00
2025-05-23 14:35:00,-1227.79,2025-05-23 14:35:00
2025-05-23 14:40:00,-1219.82,2025-05-23 14:40:00
2025-05-23 14:45:00,-1203.81,2025-05-23 14:45:00
2025-05-23 14:50:00,-1359.82,2025-05-23 14:50:00
2025-05-23 14:55:00,-1135.83,2025-05-23 14:55:00
2025-05-23 15:00:00,-1051.83,2025-05-23 15:00:00
2025-05-23 15:05:00,-1119.83,2025-05-23 15:05:00
2025-05-23 15:10:00,-1147.79,2025-05-23 15:10:00
2025-05-23 15:15:00,-1199.8,2025-05-23 15:15:00
2025-05-23 15:20:00,-1011.83,2025-05-23 15:20:00
2025-05-23 15:25:00,-1035.79,2025-05-23 15:25:00
2025-05-23 15:30:00,-1167.82,2025-05-23 15:30:00
2025-05-23 15:35:00,-1187.79,2025-05-23 15:35:00
2025-05-23 15:40:00,-1091.78,2025-05-23 15:40:00
2025-05-23 15:45:00,-2299.78,2025-05-23 15:45:00
2025-05-23 15:50:00,-999.79,2025-05-23 15:50:00
2025-05-23 15:55:00,-1135.82,2025-05-23 15:55:00
2025-05-23 16:00:00,-1103.8,2025-05-23 16:00:00
2025-05-23 16:05:00,-955.83,2025-05-23 16:05:00
2025-05-23 16:10:00,-947.83,2025-05-23 16:10:00
2025-05-23 16:15:00,-1031.82,2025-05-23 16:15:00
2025-05-23 16:20:00,-1087.84,2025-05-23 16:20:00
2025-05-23 16:25:00,-1023.8,2025-05-23 16:25:00
2025-05-23 16:30:00,-1231.82,2025-05-23 16:30:00
2025-05-23 16:35:00,-1103.86,2025-05-23 16:35:00
2025-05-23 16:40:00,-1203.78,2025-05-23 16:40:00
2025-05-23 16:45:00,-1207.79,2025-05-23 16:45:00
2025-05-23 16:50:00,-1147.79,2025-05-23 16:50:00
2025-05-23 16:55:00,-1139.79,2025-05-23 16:55:00
2025-05-23 17:00:00,-1111.82,2025-05-23 17:00:00
2025-05-23 17:05:00,-1223.79,2025-05-23 17:05:00
2025-05-23 17:10:00,-1087.82,2025-05-23 17:10:00
2025-05-23 17:15:00,-1087.81,2025-05-23 17:15:00
2025-05-23 17:20:00,-1279.82,2025-05-23 17:20:00
2025-05-23 17:25:00,-1423.81,2025-05-23 17:25:00
2025-05-23 17:30:00,-1135.8,2025-05-23 17:30:00
2025-05-23 17:35:00,-1363.78,2025-05-23 17:35:00
2025-05-23 17:40:00,-1135.81,2025-05-23 17:40:00
2025-05-23 17:45:00,-1191.82,2025-05-23 17:45:00
2025-05-23 17:50:00,-1235.8,2025-05-23 17:50:00
2025-05-23 17:55:00,-1239.79,2025-05-23 17:55:00
2025-05-23 18:00:00,9000.0,2025-05-23 18:00:00
2025-05-23 18:05:00,9000.0,2025-05-23 18:05:00
2025-05-23 18:10:00,9000.0,2025-05-23 18:10:00
2025-05-23 18:15:00,9000.0,2025-05-23 18:15:00
2025-05-23 18:20:00,9000.0,2025-05-23 18:20:00
2025-05-23 18:25:00,9000.0,2025-05-23 18:25:00
2025-05-23 18:30:00,9000.0,2025-05-23 18:30:00
2025-05-23 18:35:00,9000.0,2025-05-23 18:35:00
2025-05-23 18:40:00,9000.0,2025-05-23 18:40:00
2025-05-23 18:45:00,8999.996,2025-05-23 18:45:00
2025-05-23 18:50:00,2626.12,2025-05-23 18:50:00
2025-05-23 18:55:00,0.0,2025-05-23 18:55:00
2025-05-23 19:00:00,0.0,2025-05-23 19:00:00
2025-05-23 19:05:00,0.0,2025-05-23 19:05:00
2025-05-23 19:10:00,0.0,2025-05-23 19:10:00
2025-05-23 19:15:00,0.0,2025-05-23 19:15:00
2025-05-23 19:20:00,0.0,2025-05-23 19:20:00
2025-05-23 19:25:00,0.0,2025-05-23 19:25:00
2025-05-23 19:30:00,0.0,2025-05-23 19:30:00
2025-05-23 19:35:00,0.0,2025-05-23 19:35:00
2025-05-23 19:40:00,0.0,2025-05-23 19:40:00
2025-05-23 19:45:00,0.0,2025-05-23 19:45:00
2025-05-23 19:50:00,0.0,2025-05-23 19:50:00
2025-05-23 19:55:00,0.0,2025-05-23 19:55:00
2025-05-23 20:00:00,0.0,2025-05-23 20:00:00
2025-05-23 20:05:00,0.0,2025-05-23 20:05:00
2025-05-23 20:10:00,0.0,2025-05-23 20:10:00
2025-05-23 20:15:00,0.0,2025-05-23 20:15:00
2025-05-23 20:20:00,0.0,2025-05-23 20:20:00
2025-05-23 20:25:00,0.0,2025-05-23 20:25:00
2025-05-23 20:30:00,0.0,2025-05-23 20:30:00
2025-05-23 20:35:00,0.0,2025-05-23 20:35:00
2025-05-23 20:40:00,0.0,2025-05-23 20:40:00
2025-05-23 20:45:00,0.0,2025-05-23 20:45:00
2025-05-23 20:50:00,0.0,2025-05-23 20:50:00
2025-05-23 20:55:00,0.0,2025-05-23 20:55:00
2025-05-23 21:00:00,0.0,2025-05-23 21:00:00
2025-05-23 21:05:00,0.0,2025-05-23 21:05:00
2025-05-23 21:10:00,0.0,2025-05-23 21:10:00
2025-05-23 21:15:00,0.0,2025-05-23 21:15:00
2025-05-23 21:20:00,0.0,2025-05-23 21:20:00
2025-05-23 21:25:00,0.0,2025-05-23 21:25:00
2025-05-23 21:30:00,0.0,2025-05-23 21:30:00
2025-05-23 21:35:00,0.0,2025-05-23 21:35:00
2025-05-23 21:40:00,0.0,2025-05-23 21:40:00
2025-05-23 21:45:00,0.0,2025-05-23 21:45:00
2025-05-23 21:50:00,0.0,2025-05-23 21:50:00
2025-05-23 21:55:00,0.0,2025-05-23 21:55:00
2025-05-23 22:00:00,-652.563,2025-05-23 22:00:00
2025-05-23 22:05:00,-464.593,2025-05-23 22:05:00
2025-05-23 22:10:00,-672.533,2025-05-23 22:10:00
2025-05-23 22:15:00,-796.573,2025-05-23 22:15:00
2025-05-23 22:20:00,-912.573,2025-05-23 22:20:00
2025-05-23 22:25:00,-752.553,2025-05-23 22:25:00
2025-05-23 22:30:00,-588.593,2025-05-23 22:30:00
2025-05-23 22:35:00,-740.583,2025-05-23 22:35:00
2025-05-23 22:40:00,-696.583,2025-05-23 22:40:00
2025-05-23 22:45:00,-724.553,2025-05-23 22:45:00
2025-05-23 22:50:00,-692.583,2025-05-23 22:50:00
2025-05-23 22:55:00,-604.583,2025-05-23 22:55:00
2025-05-23 23:00:00,-596.583,2025-05-23 23:00:00
2025-05-23 23:05:00,-480.573,2025-05-23 23:05:00
2025-05-23 23:10:00,-556.543,2025-05-23 23:10:00
2025-05-23 23:15:00,-576.543,2025-05-23 23:15:00
2025-05-23 23:20:00,-540.593,2025-05-23 23:20:00
2025-05-23 23:25:00,-548.603,2025-05-23 23:25:00
2025-05-23 23:30:00,-596.553,2025-05-23 23:30:00
2025-05-23 23:35:00,-660.593,2025-05-23 23:35:00
2025-05-23 23:40:00,-576.553,2025-05-23 23:40:00
2025-05-23 23:45:00,-672.573,2025-05-23 23:45:00
2025-05-23 23:50:00,-600.523,2025-05-23 23:50:00
2025-05-23 23:55:00,-644.583,2025-05-23 23:55:00
2025-05-24 00:00:00,-552.573,2025-05-24 00:00:00
2025-05-24 00:05:00,-576.553,2025-05-24 00:05:00
2025-05-24 00:10:00,-576.553,2025-05-24 00:10:00
2025-05-24 00:15:00,-568.593,2025-05-24 00:15:00
2025-05-24 00:20:00,-664.573,2025-05-24 00:20:00
2025-05-24 00:25:00,-404.553,2025-05-24 00:25:00
2025-05-24 00:30:00,-572.523,2025-05-24 00:30:00
2025-05-24 00:35:00,-580.543,2025-05-24 00:35:00
2025-05-24 00:40:00,-732.573,2025-05-24 00:40:00
2025-05-24 00:45:00,-512.563,2025-05-24 00:45:00
2025-05-24 00:50:00,-788.573,2025-05-24 00:50:00
2025-05-24 00:55:00,-928.553,2025-05-24 00:55:00
2025-05-24 01:00:00,-748.563,2025-05-24 01:00:00
2025-05-24 01:05:00,-812.603,2025-05-24 01:05:00
2025-05-24 01:10:00,-872.583,2025-05-24 01:10:00
2025-05-24 01:15:00,-964.543,2025-05-24 01:15:00
2025-05-24 01:20:00,-808.583,2025-05-24 01:20:00
2025-05-24 01:25:00,-716.563,2025-05-24 01:25:00
2025-05-24 01:30:00,-620.543,2025-05-24 01:30:00
2025-05-24 01:35:00,-704.563,2025-05-24 01:35:00
2025-05-24 01:40:00,-716.553,2025-05-24 01:40:00
2025-05-24 01:45:00,-688.573,2025-05-24 01:45:00
2025-05-24 01:50:00,-660.573,2025-05-24 01:50:00
2025-05-24 01:55:00,-776.533,2025-05-24 01:55:00
2025-05-24 02:00:00,-888.533,2025-05-24 02:00:00
2025-05-24 02:05:00,-836.603,2025-05-24 02:05:00
2025-05-24 02:10:00,-896.563,2025-05-24 02:10:00
2025-05-24 02:15:00,-724.573,2025-05-24 02:15:00
2025-05-24 02:20:00,-848.563,2025-05-24 02:20:00
2025-05-24 02:25:00,-796.583,2025-05-24 02:25:00
2025-05-24 02:30:00,-748.553,2025-05-24 02:30:00
2025-05-24 02:35:00,-724.593,2025-05-24 02:35:00
2025-05-24 02:40:00,-748.553,2025-05-24 02:40:00
2025-05-24 02:45:00,-788.593,2025-05-24 02:45:00
2025-05-24 02:50:00,-600.603,2025-05-24 02:50:00
2025-05-24 02:55:00,-604.573,2025-05-24 02:55:00
2025-05-24 03:00:00,-508.593,2025-05-24 03:00:00
2025-05-24 03:05:00,-764.613,2025-05-24 03:05:00
2025-05-24 03:10:00,-512.513,2025-05-24 03:10:00
2025-05-24 03:15:00,-496.613,2025-05-24 03:15:00
2025-05-24 03:20:00,-492.593,2025-05-24 03:20:00
2025-05-24 03:25:00,-572.573,2025-05-24 03:25:00
2025-05-24 03:30:00,-676.573,2025-05-24 03:30:00
2025-05-24 03:35:00,-648.553,2025-05-24 03:35:00
2025-05-24 03:40:00,-708.573,2025-05-24 03:40:00
2025-05-24 03:45:00,-532.573,2025-05-24 03:45:00
2025-05-24 03:50:00,-528.593,2025-05-24 03:50:00
2025-05-24 03:55:00,-560.573,2025-05-24 03:55:00
2025-05-24 04:00:00,-620.553,2025-05-24 04:00:00
2025-05-24 04:05:00,-524.553,2025-05-24 04:05:00
2025-05-24 04:10:00,-688.573,2025-05-24 04:10:00
2025-05-24 04:15:00,-764.593,2025-05-24 04:15:00
2025-05-24 04:20:00,-732.593,2025-05-24 04:20:00
2025-05-24 04:25:00,-560.593,2025-05-24 04:25:00
2025-05-24 04:30:00,-572.593,2025-05-24 04:30:00
2025-05-24 04:35:00,-776.593,2025-05-24 04:35:00
2025-05-24 04:40:00,-644.573,2025-05-24 04:40:00
2025-05-24 04:45:00,-572.563,2025-05-24 04:45:00
2025-05-24 04:50:00,-580.573,2025-05-24 04:50:00
2025-05-24 04:55:00,-604.603,2025-05-24 04:55:00
2025-05-24 05:00:00,-964.573,2025-05-24 05:00:00
2025-05-24 05:05:00,-924.583,2025-05-24 05:05:00
2025-05-24 05:10:00,-980.573,2025-05-24 05:10:00
2025-05-24 05:15:00,-1112.593,2025-05-24 05:15:00
2025-05-24 05:20:00,-1252.553,2025-05-24 05:20:00
2025-05-24 05:25:00,-1052.553,2025-05-24 05:25:00
2025-05-24 05:30:00,-972.573,2025-05-24 05:30:00
2025-05-24 05:35:00,-980.573,2025-05-24 05:35:00
2025-05-24 05:40:00,-1116.603,2025-05-24 05:40:00
2025-05-24 05:45:00,-1152.603,2025-05-24 05:45:00
2025-05-24 05:50:00,-964.583,2025-05-24 05:50:00
2025-05-24 05:55:00,-988.563,2025-05-24 05:55:00
2025-05-24 06:00:00,-1024.553,2025-05-24 06:00:00
2025-05-24 06:05:00,-1056.593,2025-05-24 06:05:00
2025-05-24 06:10:00,-1028.593,2025-05-24 06:10:00
2025-05-24 06:15:00,-1068.583,2025-05-24 06:15:00
2025-05-24 06:20:00,-1152.583,2025-05-24 06:20:00
2025-05-24 06:25:00,-1060.593,2025-05-24 06:25:00
2025-05-24 06:30:00,-1192.593,2025-05-24 06:30:00
2025-05-24 06:35:00,-1016.553,2025-05-24 06:35:00
2025-05-24 06:40:00,-1012.573,2025-05-24 06:40:00
2025-05-24 06:45:00,-1084.583,2025-05-24 06:45:00
2025-05-24 06:50:00,-1104.543,2025-05-24 06:50:00
2025-05-24 06:55:00,-1008.573,2025-05-24 06:55:00
2025-05-24 07:00:00,-1000.583,2025-05-24 07:00:00
2025-05-24 07:05:00,-1132.563,2025-05-24 07:05:00
2025-05-24 07:10:00,-1104.563,2025-05-24 07:10:00
2025-05-24 07:15:00,-1020.593,2025-05-24 07:15:00
2025-05-24 07:20:00,-1152.583,2025-05-24 07:20:00
2025-05-24 07:25:00,-1088.573,2025-05-24 07:25:00
2025-05-24 07:30:00,-1056.553,2025-05-24 07:30:00
2025-05-24 07:35:00,-1196.573,2025-05-24 07:35:00
2025-05-24 07:40:00,-1296.563,2025-05-24 07:40:00
2025-05-24 07:45:00,-1312.613,2025-05-24 07:45:00
2025-05-24 07:50:00,-1244.593,2025-05-24 07:50:00
2025-05-24 07:55:00,-1040.633,2025-05-24 07:55:00
2025-05-24 08:00:00,9000.0,2025-05-24 08:00:00
2025-05-24 08:05:00,9000.0,2025-05-24 08:05:00
2025-05-24 08:10:00,9000.0,2025-05-24 08:10:00
2025-05-24 08:15:00,9000.0,2025-05-24 08:15:00
2025-05-24 08:20:00,9000.0,2025-05-24 08:20:00
2025-05-24 08:25:00,9000.0,2025-05-24 08:25:00
2025-05-24 08:30:00,9000.0,2025-05-24 08:30:00
2025-05-24 08:35:00,9000.0,2025-05-24 08:35:00
2025-05-24 08:40:00,8999.999,2025-05-24 08:40:00
2025-05-24 08:45:00,1744.026,2025-05-24 08:45:00
2025-05-24 08:50:00,0.0,2025-05-24 08:50:00
2025-05-24 08:55:00,0.0,2025-05-24 08:55:00
2025-05-24 09:00:00,0.0,2025-05-24 09:00:00
2025-05-24 09:05:00,0.0,2025-05-24 09:05:00
2025-05-24 09:10:00,0.0,2025-05-24 09:10:00
2025-05-24 09:15:00,0.0,2025-05-24 09:15:00
2025-05-24 09:20:00,0.0,2025-05-24 09:20:00
2025-05-24 09:25:00,0.0,2025-05-24 09:25:00
2025-05-24 09:30:00,0.0,2025-05-24 09:30:00
2025-05-24 09:35:00,0.0,2025-05-24 09:35:00
2025-05-24 09:40:00,0.0,2025-05-24 09:40:00
2025-05-24 09:45:00,0.0,2025-05-24 09:45:00
2025-05-24 09:50:00,0.0,2025-05-24 09:50:00
2025-05-24 09:55:00,0.0,2025-05-24 09:55:00
2025-05-24 10:00:00,0.0,2025-05-24 10:00:00
2025-05-24 10:05:00,0.0,2025-05-24 10:05:00
2025-05-24 10:10:00,0.0,2025-05-24 10:10:00
2025-05-24 10:15:00,0.0,2025-05-24 10:15:00
2025-05-24 10:20:00,0.0,2025-05-24 10:20:00
2025-05-24 10:25:00,0.0,2025-05-24 10:25:00
2025-05-24 10:30:00,0.0,2025-05-24 10:30:00
2025-05-24 10:35:00,0.0,2025-05-24 10:35:00
2025-05-24 10:40:00,0.0,2025-05-24 10:40:00
2025-05-24 10:45:00,0.0,2025-05-24 10:45:00
2025-05-24 10:50:00,0.0,2025-05-24 10:50:00
2025-05-24 10:55:00,0.0,2025-05-24 10:55:00
2025-05-24 11:00:00,-1364.563,2025-05-24 11:00:00
2025-05-24 11:05:00,-1376.563,2025-05-24 11:05:00
2025-05-24 11:10:00,-1168.543,2025-05-24 11:10:00
2025-05-24 11:15:00,-1276.573,2025-05-24 11:15:00
2025-05-24 11:20:00,-1200.543,2025-05-24 11:20:00
2025-05-24 11:25:00,-1124.563,2025-05-24 11:25:00
2025-05-24 11:30:00,-1144.553,2025-05-24 11:30:00
2025-05-24 11:35:00,-1144.583,2025-05-24 11:35:00
2025-05-24 11:40:00,-1300.543,2025-05-24 11:40:00
2025-05-24 11:45:00,-1244.583,2025-05-24 11:45:00
2025-05-24 11:50:00,-1116.563,2025-05-24 11:50:00
2025-05-24 11:55:00,-1120.573,2025-05-24 11:55:00
2025-05-24 12:00:00,-1080.533,2025-05-24 12:00:00
2025-05-24 12:05:00,-1088.583,2025-05-24 12:05:00
2025-05-24 12:10:00,-1200.603,2025-05-24 12:10:00
2025-05-24 12:15:00,-1056.593,2025-05-24 12:15:00
2025-05-24 12:20:00,-1156.593,2025-05-24 12:20:00
2025-05-24 12:25:00,-1256.543,2025-05-24 12:25:00
2025-05-24 12:30:00,-1216.593,2025-05-24 12:30:00
2025-05-24 12:35:00,-1096.573,2025-05-24 12:35:00
2025-05-24 12:40:00,-1376.603,2025-05-24 12:40:00
2025-05-24 12:45:00,-1260.563,2025-05-24 12:45:00
2025-05-24 12:50:00,-1388.593,2025-05-24 12:50:00
2025-05-24 12:55:00,-1296.593,2025-05-24 12:55:00
2025-05-24 13:00:00,-1228.603,2025-05-24 13:00:00
2025-05-24 13:05:00,-1348.573,2025-05-24 13:05:00
2025-05-24 13:10:00,-1224.573,2025-05-24 13:10:00
2025-05-24 13:15:00,-1224.543,2025-05-24 13:15:00
2025-05-24 13:20:00,-1292.603,2025-05-24 13:20:00
2025-05-24 13:25:00,-1096.573,2025-05-24 13:25:00
2025-05-24 13:30:00,-1304.573,2025-05-24 13:30:00
2025-05-24 13:35:00,-1252.563,2025-05-24 13:35:00
2025-05-24 13:40:00,-1040.553,2025-05-24 13:40:00
2025-05-24 13:45:00,-1128.573,2025-05-24 13:45:00
2025-05-24 13:50:00,-1264.573,2025-05-24 13:50:00
2025-05-24 13:55:00,-1148.573,2025-05-24 13:55:00
2025-05-24 14:00:00,-1280.573,2025-05-24 14:00:00
2025-05-24 14:05:00,-1116.583,2025-05-24 14:05:00
2025-05-24 14:10:00,-1092.573,2025-05-24 14:10:00
2025-05-24 14:15:00,-1088.573,2025-05-24 14:15:00
2025-05-24 14:20:00,-1180.603,2025-05-24 14:20:00
2025-05-24 14:25:00,-1020.523,2025-05-24 14:25:00
2025-05-24 14:30:00,-1092.553,2025-05-24 14:30:00
2025-05-24 14:35:00,-1176.573,2025-05-24 14:35:00
2025-05-24 14:40:00,-1036.573,2025-05-24 14:40:00
2025-05-24 14:45:00,-1156.573,2025-05-24 14:45:00
2025-05-24 14:50:00,-1172.573,2025-05-24 14:50:00
2025-05-24 14:55:00,-1132.583,2025-05-24 14:55:00
2025-05-24 15:00:00,-1156.573,2025-05-24 15:00:00
2025-05-24 15:05:00,-1352.563,2025-05-24 15:05:00
2025-05-24 15:10:00,-1240.543,2025-05-24 15:10:00
2025-05-24 15:15:00,-1276.553,2025-05-24 15:15:00
2025-05-24 15:20:00,-1088.553,2025-05-24 15:20:00
2025-05-24 15:25:00,-1156.583,2025-05-24 15:25:00
2025-05-24 15:30:00,-1136.563,2025-05-24 15:30:00
2025-05-24 15:35:00,-1208.563,2025-05-24 15:35:00
2025-05-24 15:40:00,-1140.593,2025-05-24 15:40:00
2025-05-24 15:45:00,-1116.593,2025-05-24 15:45:00
2025-05-24 15:50:00,-1256.573,2025-05-24 15:50:00
2025-05-24 15:55:00,-1304.563,2025-05-24 15:55:00
2025-05-24 16:00:00,-1324.583,2025-05-24 16:00:00
2025-05-24 16:05:00,-1176.583,2025-05-24 16:05:00
2025-05-24 16:10:00,-980.563,2025-05-24 16:10:00
2025-05-24 16:15:00,-1256.553,2025-05-24 16:15:00
2025-05-24 16:20:00,-1076.583,2025-05-24 16:20:00
2025-05-24 16:25:00,-1176.563,2025-05-24 16:25:00
2025-05-24 16:30:00,-1296.543,2025-05-24 16:30:00
2025-05-24 16:35:00,-1324.553,2025-05-24 16:35:00
2025-05-24 16:40:00,-1228.563,2025-05-24 16:40:00
2025-05-24 16:45:00,-1104.613,2025-05-24 16:45:00
2025-05-24 16:50:00,-1196.593,2025-05-24 16:50:00
2025-05-24 16:55:00,-1168.593,2025-05-24 16:55:00
2025-05-24 17:00:00,-1348.543,2025-05-24 17:00:00
2025-05-24 17:05:00,-1076.503,2025-05-24 17:05:00
2025-05-24 17:10:00,-968.593,2025-05-24 17:10:00
2025-05-24 17:15:00,-1096.573,2025-05-24 17:15:00
2025-05-24 17:20:00,-1136.573,2025-05-24 17:20:00
2025-05-24 17:25:00,-1364.563,2025-05-24 17:25:00
2025-05-24 17:30:00,-1244.553,2025-05-24 17:30:00
2025-05-24 17:35:00,-1328.573,2025-05-24 17:35:00
2025-05-24 17:40:00,-1300.543,2025-05-24 17:40:00
2025-05-24 17:45:00,-1380.553,2025-05-24 17:45:00
2025-05-24 17:50:00,-1396.513,2025-05-24 17:50:00
2025-05-24 17:55:00,-1352.553,2025-05-24 17:55:00
2025-05-24 18:00:00,9000.0,2025-05-24 18:00:00
2025-05-24 18:05:00,9000.0,2025-05-24 18:05:00
2025-05-24 18:10:00,9000.0,2025-05-24 18:10:00
2025-05-24 18:15:00,9000.0,2025-05-24 18:15:00
2025-05-24 18:20:00,9000.0,2025-05-24 18:20:00
2025-05-24 18:25:00,9000.0,2025-05-24 18:25:00
2025-05-24 18:30:00,9000.0,2025-05-24 18:30:00
2025-05-24 18:35:00,9000.0,2025-05-24 18:35:00
2025-05-24 18:40:00,9000.0,2025-05-24 18:40:00
2025-05-24 18:45:00,7186.412,2025-05-24 18:45:00
2025-05-24 18:50:00,0.0,2025-05-24 18:50:00
2025-05-24 18:55:00,0.0,2025-05-24 18:55:00
2025-05-24 19:00:00,0.0,2025-05-24 19:00:00
2025-05-24 19:05:00,0.0,2025-05-24 19:05:00
2025-05-24 19:10:00,0.0,2025-05-24 19:10:00
2025-05-24 19:15:00,0.0,2025-05-24 19:15:00
2025-05-24 19:20:00,0.0,2025-05-24 19:20:00
2025-05-24 19:25:00,0.0,2025-05-24 19:25:00
2025-05-24 19:30:00,0.0,2025-05-24 19:30:00
2025-05-24 19:35:00,0.0,2025-05-24 19:35:00
2025-05-24 19:40:00,0.0,2025-05-24 19:40:00
2025-05-24 19:45:00,0.0,2025-05-24 19:45:00
2025-05-24 19:50:00,0.0,2025-05-24 19:50:00
2025-05-24 19:55:00,0.0,2025-05-24 19:55:00
2025-05-24 20:00:00,0.0,2025-05-24 20:00:00
2025-05-24 20:05:00,0.0,2025-05-24 20:05:00
2025-05-24 20:10:00,0.0,2025-05-24 20:10:00
2025-05-24 20:15:00,0.0,2025-05-24 20:15:00
2025-05-24 20:20:00,0.0,2025-05-24 20:20:00
2025-05-24 20:25:00,0.0,2025-05-24 20:25:00
2025-05-24 20:30:00,0.0,2025-05-24 20:30:00
2025-05-24 20:35:00,0.0,2025-05-24 20:35:00
2025-05-24 20:40:00,0.0,2025-05-24 20:40:00
2025-05-24 20:45:00,0.0,2025-05-24 20:45:00
2025-05-24 20:50:00,0.0,2025-05-24 20:50:00
2025-05-24 20:55:00,0.0,2025-05-24 20:55:00
2025-05-24 21:00:00,0.0,2025-05-24 21:00:00
2025-05-24 21:05:00,0.0,2025-05-24 21:05:00
2025-05-24 21:10:00,0.0,2025-05-24 21:10:00
2025-05-24 21:15:00,0.0,2025-05-24 21:15:00
2025-05-24 21:20:00,0.0,2025-05-24 21:20:00
2025-05-24 21:25:00,0.0,2025-05-24 21:25:00
2025-05-24 21:30:00,0.0,2025-05-24 21:30:00
2025-05-24 21:35:00,0.0,2025-05-24 21:35:00
2025-05-24 21:40:00,0.0,2025-05-24 21:40:00
2025-05-24 21:45:00,0.0,2025-05-24 21:45:00
2025-05-24 21:50:00,0.0,2025-05-24 21:50:00
2025-05-24 21:55:00,0.0,2025-05-24 21:55:00
2025-05-24 22:00:00,-938.613,2025-05-24 22:00:00
2025-05-24 22:05:00,-802.613,2025-05-24 22:05:00
2025-05-24 22:10:00,-790.563,2025-05-24 22:10:00
2025-05-24 22:15:00,-938.613,2025-05-24 22:15:00
2025-05-24 22:20:00,-658.583,2025-05-24 22:20:00
2025-05-24 22:25:00,-906.623,2025-05-24 22:25:00
2025-05-24 22:30:00,-634.603,2025-05-24 22:30:00
2025-05-24 22:35:00,-974.573,2025-05-24 22:35:00
2025-05-24 22:40:00,-694.603,2025-05-24 22:40:00
2025-05-24 22:45:00,-718.593,2025-05-24 22:45:00
2025-05-24 22:50:00,-738.583,2025-05-24 22:50:00
2025-05-24 22:55:00,-898.603,2025-05-24 22:55:00
2025-05-24 23:00:00,-726.623,2025-05-24 23:00:00
2025-05-24 23:05:00,-822.593,2025-05-24 23:05:00
2025-05-24 23:10:00,-894.633,2025-05-24 23:10:00
2025-05-24 23:15:00,-1138.583,2025-05-24 23:15:00
2025-05-24 23:20:00,-1034.623,2025-05-24 23:20:00
2025-05-24 23:25:00,-698.603,2025-05-24 23:25:00
2025-05-24 23:30:00,-734.593,2025-05-24 23:30:00
2025-05-24 23:35:00,-918.623,2025-05-24 23:35:00
2025-05-24 23:40:00,-902.613,2025-05-24 23:40:00
2025-05-24 23:45:00,-850.573,2025-05-24 23:45:00
2025-05-24 23:50:00,-1150.563,2025-05-24 23:50:00
2025-05-24 23:55:00,-1078.563,2025-05-24 23:55:00
2025-05-25 00:00:00,-870.583,2025-05-25 00:00:00
2025-05-25 00:05:00,-878.613,2025-05-25 00:05:00
2025-05-25 00:10:00,-1182.623,2025-05-25 00:10:00
2025-05-25 00:15:00,-1318.613,2025-05-25 00:15:00
2025-05-25 00:20:00,-942.583,2025-05-25 00:20:00
2025-05-25 00:25:00,-966.653,2025-05-25 00:25:00
2025-05-25 00:30:00,-1062.563,2025-05-25 00:30:00
2025-05-25 00:35:00,-730.633,2025-05-25 00:35:00
2025-05-25 00:40:00,-962.583,2025-05-25 00:40:00
2025-05-25 00:45:00,-770.613,2025-05-25 00:45:00
2025-05-25 00:50:00,-770.593,2025-05-25 00:50:00
2025-05-25 00:55:00,-926.623,2025-05-25 00:55:00
2025-05-25 01:00:00,-846.633,2025-05-25 01:00:00
2025-05-25 01:05:00,-1094.603,2025-05-25 01:05:00
2025-05-25 01:10:00,-986.593,2025-05-25 01:10:00
2025-05-25 01:15:00,-1022.613,2025-05-25 01:15:00
2025-05-25 01:20:00,-958.613,2025-05-25 01:20:00
2025-05-25 01:25:00,-1094.573,2025-05-25 01:25:00
2025-05-25 01:30:00,-1078.633,2025-05-25 01:30:00
2025-05-25 01:35:00,-1058.603,2025-05-25 01:35:00
2025-05-25 01:40:00,-842.613,2025-05-25 01:40:00
2025-05-25 01:45:00,-814.613,2025-05-25 01:45:00
2025-05-25 01:50:00,-814.613,2025-05-25 01:50:00
2025-05-25 01:55:00,-718.623,2025-05-25 01:55:00
2025-05-25 02:00:00,-794.633,2025-05-25 02:00:00
2025-05-25 02:05:00,-618.593,2025-05-25 02:05:00
2025-05-25 02:10:00,-814.623,2025-05-25 02:10:00
2025-05-25 02:15:00,-678.603,2025-05-25 02:15:00
2025-05-25 02:20:00,-766.613,2025-05-25 02:20:00
2025-05-25 02:25:00,-838.623,2025-05-25 02:25:00
2025-05-25 02:30:00,-846.613,2025-05-25 02:30:00
2025-05-25 02:35:00,-810.573,2025-05-25 02:35:00
2025-05-25 02:40:00,-678.573,2025-05-25 02:40:00
2025-05-25 02:45:00,-758.593,2025-05-25 02:45:00
2025-05-25 02:50:00,-970.603,2025-05-25 02:50:00
2025-05-25 02:55:00,-926.623,2025-05-25 02:55:00
2025-05-25 03:00:00,-894.613,2025-05-25 03:00:00
2025-05-25 03:05:00,-810.583,2025-05-25 03:05:00
2025-05-25 03:10:00,-814.583,2025-05-25 03:10:00
2025-05-25 03:15:00,-730.613,2025-05-25 03:15:00
2025-05-25 03:20:00,-850.603,2025-05-25 03:20:00
2025-05-25 03:25:00,-918.623,2025-05-25 03:25:00
2025-05-25 03:30:00,-858.613,2025-05-25 03:30:00
2025-05-25 03:35:00,-866.613,2025-05-25 03:35:00
2025-05-25 03:40:00,-918.603,2025-05-25 03:40:00
2025-05-25 03:45:00,-774.633,2025-05-25 03:45:00
2025-05-25 03:50:00,-886.633,2025-05-25 03:50:00
2025-05-25 03:55:00,-862.613,2025-05-25 03:55:00
2025-05-25 04:00:00,-634.633,2025-05-25 04:00:00
2025-05-25 04:05:00,-718.613,2025-05-25 04:05:00
2025-05-25 04:10:00,-874.593,2025-05-25 04:10:00
2025-05-25 04:15:00,-866.583,2025-05-25 04:15:00
2025-05-25 04:20:00,-690.633,2025-05-25 04:20:00
2025-05-25 04:25:00,-842.603,2025-05-25 04:25:00
2025-05-25 04:30:00,-682.623,2025-05-25 04:30:00
2025-05-25 04:35:00,-830.633,2025-05-25 04:35:00
2025-05-25 04:40:00,-850.573,2025-05-25 04:40:00
2025-05-25 04:45:00,-918.613,2025-05-25 04:45:00
2025-05-25 04:50:00,-742.623,2025-05-25 04:50:00
2025-05-25 04:55:00,-854.613,2025-05-25 04:55:00
2025-05-25 05:00:00,-834.593,2025-05-25 05:00:00
2025-05-25 05:05:00,-862.603,2025-05-25 05:05:00
2025-05-25 05:10:00,-690.613,2025-05-25 05:10:00
2025-05-25 05:15:00,-758.623,2025-05-25 05:15:00
2025-05-25 05:20:00,-774.603,2025-05-25 05:20:00
2025-05-25 05:25:00,-746.593,2025-05-25 05:25:00
2025-05-25 05:30:00,-754.563,2025-05-25 05:30:00
2025-05-25 05:35:00,-914.613,2025-05-25 05:35:00
2025-05-25 05:40:00,-746.593,2025-05-25 05:40:00
2025-05-25 05:45:00,-930.613,2025-05-25 05:45:00
2025-05-25 05:50:00,-894.573,2025-05-25 05:50:00
2025-05-25 05:55:00,-870.613,2025-05-25 05:55:00
2025-05-25 06:00:00,-810.563,2025-05-25 06:00:00
2025-05-25 06:05:00,-858.643,2025-05-25 06:05:00
2025-05-25 06:10:00,-802.613,2025-05-25 06:10:00
2025-05-25 06:15:00,-654.573,2025-05-25 06:15:00
2025-05-25 06:20:00,-1022.623,2025-05-25 06:20:00
2025-05-25 06:25:00,-718.613,2025-05-25 06:25:00
2025-05-25 06:30:00,-898.603,2025-05-25 06:30:00
2025-05-25 06:35:00,-974.513,2025-05-25 06:35:00
2025-05-25 06:40:00,-970.623,2025-05-25 06:40:00
2025-05-25 06:45:00,-974.633,2025-05-25 06:45:00
2025-05-25 06:50:00,-722.613,2025-05-25 06:50:00
2025-05-25 06:55:00,-838.593,2025-05-25 06:55:00
2025-05-25 07:00:00,-810.603,2025-05-25 07:00:00
2025-05-25 07:05:00,-838.613,2025-05-25 07:05:00
2025-05-25 07:10:00,-842.613,2025-05-25 07:10:00
2025-05-25 07:15:00,-706.583,2025-05-25 07:15:00
2025-05-25 07:20:00,-794.623,2025-05-25 07:20:00
2025-05-25 07:25:00,-842.613,2025-05-25 07:25:00
2025-05-25 07:30:00,-818.623,2025-05-25 07:30:00
2025-05-25 07:35:00,-842.573,2025-05-25 07:35:00
2025-05-25 07:40:00,-962.593,2025-05-25 07:40:00
2025-05-25 07:45:00,-806.613,2025-05-25 07:45:00
2025-05-25 07:50:00,-738.623,2025-05-25 07:50:00
2025-05-25 07:55:00,-846.613,2025-05-25 07:55:00
2025-05-25 08:00:00,9000.0,2025-05-25 08:00:00
2025-05-25 08:05:00,9000.0,2025-05-25 08:05:00
2025-05-25 08:10:00,9000.0,2025-05-25 08:10:00
2025-05-25 08:15:00,9000.0,2025-05-25 08:15:00
2025-05-25 08:20:00,9000.0,2025-05-25 08:20:00
2025-05-25 08:25:00,9000.0,2025-05-25 08:25:00
2025-05-25 08:30:00,9000.0,2025-05-25 08:30:00
2025-05-25 08:35:00,9000.0,2025-05-25 08:35:00
2025-05-25 08:40:00,9000.0,2025-05-25 08:40:00
2025-05-25 08:45:00,8529.563,2025-05-25 08:45:00
2025-05-25 08:50:00,0.0,2025-05-25 08:50:00
2025-05-25 08:55:00,0.0,2025-05-25 08:55:00
2025-05-25 09:00:00,0.0,2025-05-25 09:00:00
2025-05-25 09:05:00,0.0,2025-05-25 09:05:00
2025-05-25 09:10:00,0.0,2025-05-25 09:10:00
2025-05-25 09:15:00,0.0,2025-05-25 09:15:00
2025-05-25 09:20:00,0.0,2025-05-25 09:20:00
2025-05-25 09:25:00,0.0,2025-05-25 09:25:00
2025-05-25 09:30:00,0.0,2025-05-25 09:30:00
2025-05-25 09:35:00,0.0,2025-05-25 09:35:00
2025-05-25 09:40:00,0.0,2025-05-25 09:40:00
2025-05-25 09:45:00,0.0,2025-05-25 09:45:00
2025-05-25 09:50:00,0.0,2025-05-25 09:50:00
2025-05-25 09:55:00,0.0,2025-05-25 09:55:00
2025-05-25 10:00:00,0.0,2025-05-25 10:00:00
2025-05-25 10:05:00,0.0,2025-05-25 10:05:00
2025-05-25 10:10:00,0.0,2025-05-25 10:10:00
2025-05-25 10:15:00,0.0,2025-05-25 10:15:00
2025-05-25 10:20:00,0.0,2025-05-25 10:20:00
2025-05-25 10:25:00,0.0,2025-05-25 10:25:00
2025-05-25 10:30:00,0.0,2025-05-25 10:30:00
2025-05-25 10:35:00,0.0,2025-05-25 10:35:00
2025-05-25 10:40:00,0.0,2025-05-25 10:40:00
2025-05-25 10:45:00,0.0,2025-05-25 10:45:00
2025-05-25 10:50:00,0.0,2025-05-25 10:50:00
2025-05-25 10:55:00,0.0,2025-05-25 10:55:00
2025-05-25 11:00:00,-1090.593,2025-05-25 11:00:00
2025-05-25 11:05:00,-826.603,2025-05-25 11:05:00
2025-05-25 11:10:00,-850.613,2025-05-25 11:10:00
2025-05-25 11:15:00,-850.613,2025-05-25 11:15:00
2025-05-25 11:20:00,-1138.603,2025-05-25 11:20:00
2025-05-25 11:25:00,-918.633,2025-05-25 11:25:00
2025-05-25 11:30:00,-918.633,2025-05-25 11:30:00
2025-05-25 11:35:00,-1398.643,2025-05-25 11:35:00
2025-05-25 11:40:00,-898.643,2025-05-25 11:40:00
2025-05-25 11:45:00,-972.973,2025-05-25 11:45:00
2025-05-25 11:50:00,-972.973,2025-05-25 11:50:00
2025-05-25 11:55:00,-794.633,2025-05-25 11:55:00
2025-05-25 12:00:00,-742.643,2025-05-25 12:00:00
2025-05-25 12:05:00,-742.643,2025-05-25 12:05:00
2025-05-25 12:10:00,-1494.583,2025-05-25 12:10:00
2025-05-25 12:15:00,-806.593,2025-05-25 12:15:00
2025-05-25 12:20:00,-806.593,2025-05-25 12:20:00
2025-05-25 12:25:00,-1678.633,2025-05-25 12:25:00
2025-05-25 12:30:00,-934.623,2025-05-25 12:30:00
2025-05-25 12:35:00,-2380.973,2025-05-25 12:35:00
2025-05-25 12:40:00,-762.613,2025-05-25 12:40:00
2025-05-25 12:45:00,-762.613,2025-05-25 12:45:00
2025-05-25 12:50:00,-786.623,2025-05-25 12:50:00
2025-05-25 12:55:00,-942.643,2025-05-25 12:55:00
2025-05-25 13:00:00,-942.643,2025-05-25 13:00:00
2025-05-25 13:05:00,-1306.593,2025-05-25 13:05:00
2025-05-25 13:10:00,-1026.573,2025-05-25 13:10:00
2025-05-25 13:15:00,-854.603,2025-05-25 13:15:00
2025-05-25 13:20:00,-854.603,2025-05-25 13:20:00
2025-05-25 13:25:00,-862.633,2025-05-25 13:25:00
2025-05-25 13:30:00,-838.553,2025-05-25 13:30:00
2025-05-25 13:35:00,-754.583,2025-05-25 13:35:00
2025-05-25 13:40:00,-754.583,2025-05-25 13:40:00
2025-05-25 13:45:00,-1302.553,2025-05-25 13:45:00
2025-05-25 13:50:00,-982.603,2025-05-25 13:50:00
2025-05-25 13:55:00,-1168.973,2025-05-25 13:55:00
2025-05-25 14:00:00,-782.583,2025-05-25 14:00:00
2025-05-25 14:05:00,-782.583,2025-05-25 14:05:00
2025-05-25 14:10:00,-774.583,2025-05-25 14:10:00
2025-05-25 14:15:00,-950.613,2025-05-25 14:15:00
2025-05-25 14:20:00,-950.613,2025-05-25 14:20:00
2025-05-25 14:25:00,-894.583,2025-05-25 14:25:00
2025-05-25 14:30:00,-902.623,2025-05-25 14:30:00
2025-05-25 14:35:00,-902.623,2025-05-25 14:35:00
2025-05-25 14:40:00,-746.593,2025-05-25 14:40:00
2025-05-25 14:45:00,-778.583,2025-05-25 14:45:00
2025-05-25 14:50:00,-778.583,2025-05-25 14:50:00
2025-05-25 14:55:00,-886.603,2025-05-25 14:55:00
2025-05-25 15:00:00,-1042.623,2025-05-25 15:00:00
2025-05-25 15:05:00,-1042.623,2025-05-25 15:05:00
2025-05-25 15:10:00,-870.623,2025-05-25 15:10:00
2025-05-25 15:15:00,-870.623,2025-05-25 15:15:00
2025-05-25 15:20:00,-1010.613,2025-05-25 15:20:00
2025-05-25 15:25:00,-1010.613,2025-05-25 15:25:00
2025-05-25 15:30:00,-978.583,2025-05-25 15:30:00
2025-05-25 15:35:00,-854.603,2025-05-25 15:35:00
2025-05-25 15:40:00,-854.603,2025-05-25 15:40:00
2025-05-25 15:45:00,-950.593,2025-05-25 15:45:00
2025-05-25 15:50:00,-770.583,2025-05-25 15:50:00
2025-05-25 15:55:00,-818.603,2025-05-25 15:55:00
2025-05-25 16:00:00,-754.623,2025-05-25 16:00:00
2025-05-25 16:05:00,-754.623,2025-05-25 16:05:00
2025-05-25 16:10:00,-878.623,2025-05-25 16:10:00
2025-05-25 16:15:00,-754.603,2025-05-25 16:15:00
2025-05-25 16:20:00,-754.603,2025-05-25 16:20:00
2025-05-25 16:25:00,-926.583,2025-05-25 16:25:00
2025-05-25 16:30:00,-854.633,2025-05-25 16:30:00
2025-05-25 16:35:00,-854.633,2025-05-25 16:35:00
2025-05-25 16:40:00,-1810.583,2025-05-25 16:40:00
2025-05-25 16:45:00,-850.603,2025-05-25 16:45:00
2025-05-25 16:50:00,-850.603,2025-05-25 16:50:00
2025-05-25 16:55:00,-1086.573,2025-05-25 16:55:00
2025-05-25 17:00:00,-930.593,2025-05-25 17:00:00
2025-05-25 17:05:00,-4128.973,2025-05-25 17:05:00
2025-05-25 17:10:00,-4128.973,2025-05-25 17:10:00
2025-05-25 17:15:00,-806.593,2025-05-25 17:15:00
2025-05-25 17:20:00,-920.973,2025-05-25 17:20:00
2025-05-25 17:25:00,-920.973,2025-05-25 17:25:00
2025-05-25 17:30:00,-1038.533,2025-05-25 17:30:00
2025-05-25 17:35:00,-834.603,2025-05-25 17:35:00
2025-05-25 17:40:00,-846.613,2025-05-25 17:40:00
2025-05-25 17:45:00,-4308.973,2025-05-25 17:45:00
2025-05-25 17:50:00,-4308.973,2025-05-25 17:50:00
2025-05-25 17:55:00,-1098.583,2025-05-25 17:55:00
2025-05-25 18:00:00,9000.0,2025-05-25 18:00:00
2025-05-25 18:05:00,9000.0,2025-05-25 18:05:00
2025-05-25 18:10:00,9000.0,2025-05-25 18:10:00
2025-05-25 18:15:00,9000.0,2025-05-25 18:15:00
2025-05-25 18:20:00,8408.0,2025-05-25 18:20:00
2025-05-25 18:25:00,8408.0,2025-05-25 18:25:00
2025-05-25 18:30:00,9000.0,2025-05-25 18:30:00
2025-05-25 18:35:00,9000.0,2025-05-25 18:35:00
2025-05-25 18:40:00,8999.999,2025-05-25 18:40:00
2025-05-25 18:45:00,1233.974,2025-05-25 18:45:00
2025-05-25 18:50:00,0.0,2025-05-25 18:50:00
2025-05-25 18:55:00,0.0,2025-05-25 18:55:00
2025-05-25 19:00:00,0.0,2025-05-25 19:00:00
2025-05-25 19:05:00,0.0,2025-05-25 19:05:00
2025-05-25 19:10:00,0.0,2025-05-25 19:10:00
2025-05-25 19:15:00,0.0,2025-05-25 19:15:00
2025-05-25 19:20:00,0.0,2025-05-25 19:20:00
2025-05-25 19:25:00,0.0,2025-05-25 19:25:00
2025-05-25 19:30:00,0.0,2025-05-25 19:30:00
2025-05-25 19:35:00,0.0,2025-05-25 19:35:00
2025-05-25 19:40:00,0.0,2025-05-25 19:40:00
2025-05-25 19:45:00,0.0,2025-05-25 19:45:00
2025-05-25 19:50:00,0.0,2025-05-25 19:50:00
2025-05-25 19:55:00,0.0,2025-05-25 19:55:00
2025-05-25 20:00:00,0.0,2025-05-25 20:00:00
2025-05-25 20:05:00,0.0,2025-05-25 20:05:00
2025-05-25 20:10:00,0.0,2025-05-25 20:10:00
2025-05-25 20:15:00,0.0,2025-05-25 20:15:00
2025-05-25 20:20:00,0.0,2025-05-25 20:20:00
2025-05-25 20:25:00,0.0,2025-05-25 20:25:00
2025-05-25 20:30:00,0.0,2025-05-25 20:30:00
2025-05-25 20:35:00,0.0,2025-05-25 20:35:00
2025-05-25 20:40:00,0.0,2025-05-25 20:40:00
2025-05-25 20:45:00,0.0,2025-05-25 20:45:00
2025-05-25 20:50:00,0.0,2025-05-25 20:50:00
2025-05-25 20:55:00,0.0,2025-05-25 20:55:00
2025-05-25 21:00:00,0.0,2025-05-25 21:00:00
2025-05-25 21:05:00,0.0,2025-05-25 21:05:00
2025-05-25 21:10:00,0.0,2025-05-25 21:10:00
2025-05-25 21:15:00,0.0,2025-05-25 21:15:00
2025-05-25 21:20:00,0.0,2025-05-25 21:20:00
2025-05-25 21:25:00,0.0,2025-05-25 21:25:00
2025-05-25 21:30:00,0.0,2025-05-25 21:30:00
2025-05-25 21:35:00,0.0,2025-05-25 21:35:00
2025-05-25 21:40:00,0.0,2025-05-25 21:40:00
2025-05-25 21:45:00,0.0,2025-05-25 21:45:00
2025-05-25 21:50:00,0.0,2025-05-25 21:50:00
2025-05-25 21:55:00,0.0,2025-05-25 21:55:00
2025-05-25 22:00:00,-1152.234,2025-05-25 22:00:00
2025-05-25 22:05:00,-1012.294,2025-05-25 22:05:00
2025-05-25 22:10:00,-1276.264,2025-05-25 22:10:00
2025-05-25 22:15:00,-980.264,2025-05-25 22:15:00
2025-05-25 22:20:00,-1008.254,2025-05-25 22:20:00
2025-05-25 22:25:00,-1152.274,2025-05-25 22:25:00
2025-05-25 22:30:00,-1176.304,2025-05-25 22:30:00
2025-05-25 22:35:00,-1244.264,2025-05-25 22:35:00
2025-05-25 22:40:00,-1044.264,2025-05-25 22:40:00
2025-05-25 22:45:00,-1096.294,2025-05-25 22:45:00
2025-05-25 22:50:00,-1028.264,2025-05-25 22:50:00
2025-05-25 22:55:00,-936.304,2025-05-25 22:55:00
2025-05-25 23:00:00,-1056.304,2025-05-25 23:00:00
2025-05-25 23:05:00,-1060.304,2025-05-25 23:05:00
2025-05-25 23:10:00,-1052.274,2025-05-25 23:10:00
2025-05-25 23:15:00,-1108.294,2025-05-25 23:15:00
2025-05-25 23:20:00,-1184.294,2025-05-25 23:20:00
2025-05-25 23:25:00,-872.304,2025-05-25 23:25:00
2025-05-25 23:30:00,-948.294,2025-05-25 23:30:00
2025-05-25 23:35:00,-1028.284,2025-05-25 23:35:00
2025-05-25 23:40:00,-1152.274,2025-05-25 23:40:00
2025-05-25 23:45:00,-1052.254,2025-05-25 23:45:00
2025-05-25 23:50:00,-1100.234,2025-05-25 23:50:00
2025-05-25 23:55:00,-972.294,2025-05-25 23:55:00
2025-05-26 00:00:00,-1088.284,2025-05-26 00:00:00
2025-05-26 00:05:00,-984.294,2025-05-26 00:05:00
2025-05-26 00:10:00,-960.294,2025-05-26 00:10:00
2025-05-26 00:15:00,-916.274,2025-05-26 00:15:00
2025-05-26 00:20:00,-916.284,2025-05-26 00:20:00
2025-05-26 00:25:00,-984.284,2025-05-26 00:25:00
2025-05-26 00:30:00,-880.284,2025-05-26 00:30:00
2025-05-26 00:35:00,-912.314,2025-05-26 00:35:00
2025-05-26 00:40:00,-1020.294,2025-05-26 00:40:00
2025-05-26 00:45:00,-1008.274,2025-05-26 00:45:00
2025-05-26 00:50:00,-956.314,2025-05-26 00:50:00
2025-05-26 00:55:00,-996.264,2025-05-26 00:55:00
2025-05-26 01:00:00,-960.304,2025-05-26 01:00:00
2025-05-26 01:05:00,-956.304,2025-05-26 01:05:00
2025-05-26 01:10:00,-992.264,2025-05-26 01:10:00
2025-05-26 01:15:00,-908.264,2025-05-26 01:15:00
2025-05-26 01:20:00,-888.294,2025-05-26 01:20:00
2025-05-26 01:25:00,-912.264,2025-05-26 01:25:00
2025-05-26 01:30:00,-852.304,2025-05-26 01:30:00
2025-05-26 01:35:00,-920.294,2025-05-26 01:35:00
2025-05-26 01:40:00,-984.294,2025-05-26 01:40:00
2025-05-26 01:45:00,-1044.254,2025-05-26 01:45:00
2025-05-26 01:50:00,-808.274,2025-05-26 01:50:00
2025-05-26 01:55:00,-864.294,2025-05-26 01:55:00
2025-05-26 02:00:00,-988.294,2025-05-26 02:00:00
2025-05-26 02:05:00,-964.284,2025-05-26 02:05:00
2025-05-26 02:10:00,-864.284,2025-05-26 02:10:00
2025-05-26 02:15:00,-912.304,2025-05-26 02:15:00
2025-05-26 02:20:00,-960.264,2025-05-26 02:20:00
2025-05-26 02:25:00,-980.264,2025-05-26 02:25:00
2025-05-26 02:30:00,-984.294,2025-05-26 02:30:00
2025-05-26 02:35:00,-1004.274,2025-05-26 02:35:00
2025-05-26 02:40:00,-976.284,2025-05-26 02:40:00
2025-05-26 02:45:00,-984.274,2025-05-26 02:45:00
2025-05-26 02:50:00,-884.304,2025-05-26 02:50:00
2025-05-26 02:55:00,-924.304,2025-05-26 02:55:00
2025-05-26 03:00:00,-952.284,2025-05-26 03:00:00
2025-05-26 03:05:00,-892.274,2025-05-26 03:05:00
2025-05-26 03:10:00,-924.304,2025-05-26 03:10:00
2025-05-26 03:15:00,-976.284,2025-05-26 03:15:00
2025-05-26 03:20:00,-1008.314,2025-05-26 03:20:00
2025-05-26 03:25:00,-984.284,2025-05-26 03:25:00
2025-05-26 03:30:00,-980.274,2025-05-26 03:30:00
2025-05-26 03:35:00,-828.294,2025-05-26 03:35:00
2025-05-26 03:40:00,-952.284,2025-05-26 03:40:00
2025-05-26 03:45:00,-944.284,2025-05-26 03:45:00
2025-05-26 03:50:00,-1004.304,2025-05-26 03:50:00
2025-05-26 03:55:00,-972.304,2025-05-26 03:55:00
2025-05-26 04:00:00,-968.304,2025-05-26 04:00:00
2025-05-26 04:05:00,-1088.274,2025-05-26 04:05:00
2025-05-26 04:10:00,-940.274,2025-05-26 04:10:00
2025-05-26 04:15:00,-952.284,2025-05-26 04:15:00
2025-05-26 04:20:00,-984.264,2025-05-26 04:20:00
2025-05-26 04:25:00,-940.274,2025-05-26 04:25:00
2025-05-26 04:30:00,-1248.264,2025-05-26 04:30:00
2025-05-26 04:35:00,-1020.304,2025-05-26 04:35:00
2025-05-26 04:40:00,-1216.264,2025-05-26 04:40:00
2025-05-26 04:45:00,-1212.314,2025-05-26 04:45:00
2025-05-26 04:50:00,-1336.304,2025-05-26 04:50:00
2025-05-26 04:55:00,-1204.294,2025-05-26 04:55:00
2025-05-26 05:00:00,-1264.294,2025-05-26 05:00:00
2025-05-26 05:05:00,-1284.304,2025-05-26 05:05:00
2025-05-26 05:10:00,-1180.314,2025-05-26 05:10:00
2025-05-26 05:15:00,-984.304,2025-05-26 05:15:00
2025-05-26 05:20:00,-876.274,2025-05-26 05:20:00
2025-05-26 05:25:00,-976.264,2025-05-26 05:25:00
2025-05-26 05:30:00,-924.304,2025-05-26 05:30:00
2025-05-26 05:35:00,-1088.294,2025-05-26 05:35:00
2025-05-26 05:40:00,-1044.304,2025-05-26 05:40:00
2025-05-26 05:45:00,-1216.324,2025-05-26 05:45:00
2025-05-26 05:50:00,-1076.284,2025-05-26 05:50:00
2025-05-26 05:55:00,-964.314,2025-05-26 05:55:00
2025-05-26 06:00:00,-1156.264,2025-05-26 06:00:00
2025-05-26 06:05:00,-1020.314,2025-05-26 06:05:00
2025-05-26 06:10:00,-1044.274,2025-05-26 06:10:00
2025-05-26 06:15:00,-1136.304,2025-05-26 06:15:00
2025-05-26 06:20:00,-1144.284,2025-05-26 06:20:00
2025-05-26 06:25:00,-1168.284,2025-05-26 06:25:00
2025-05-26 06:30:00,-1084.284,2025-05-26 06:30:00
2025-05-26 06:35:00,-1024.324,2025-05-26 06:35:00
2025-05-26 06:40:00,-1004.274,2025-05-26 06:40:00
2025-05-26 06:45:00,-1220.294,2025-05-26 06:45:00
2025-05-26 06:50:00,-1156.274,2025-05-26 06:50:00
2025-05-26 06:55:00,-1124.284,2025-05-26 06:55:00
2025-05-26 07:00:00,-1096.294,2025-05-26 07:00:00
2025-05-26 07:05:00,-1188.294,2025-05-26 07:05:00
2025-05-26 07:10:00,-1104.274,2025-05-26 07:10:00
2025-05-26 07:15:00,-1040.274,2025-05-26 07:15:00
2025-05-26 07:20:00,-1000.274,2025-05-26 07:20:00
2025-05-26 07:25:00,-1068.274,2025-05-26 07:25:00
2025-05-26 07:30:00,-1244.324,2025-05-26 07:30:00
2025-05-26 07:35:00,-1116.264,2025-05-26 07:35:00
2025-05-26 07:40:00,-1176.334,2025-05-26 07:40:00
2025-05-26 07:45:00,-1196.274,2025-05-26 07:45:00
2025-05-26 07:50:00,-1120.294,2025-05-26 07:50:00
2025-05-26 07:55:00,-1012.294,2025-05-26 07:55:00
2025-05-26 08:00:00,9000.0,2025-05-26 08:00:00
2025-05-26 08:05:00,9000.0,2025-05-26 08:05:00
2025-05-26 08:10:00,9000.0,2025-05-26 08:10:00
2025-05-26 08:15:00,9000.0,2025-05-26 08:15:00
2025-05-26 08:20:00,9000.0,2025-05-26 08:20:00
2025-05-26 08:25:00,9000.0,2025-05-26 08:25:00
2025-05-26 08:30:00,9000.0,2025-05-26 08:30:00
2025-05-26 08:35:00,9000.0,2025-05-26 08:35:00
2025-05-26 08:40:00,9000.0,2025-05-26 08:40:00
2025-05-26 08:45:00,9000.0,2025-05-26 08:45:00
2025-05-26 08:50:00,9000.0,2025-05-26 08:50:00
2025-05-26 08:55:00,8999.997,2025-05-26 08:55:00
2025-05-26 09:00:00,283.678,2025-05-26 09:00:00
2025-05-26 09:05:00,0.0,2025-05-26 09:05:00
2025-05-26 09:10:00,0.0,2025-05-26 09:10:00
2025-05-26 09:15:00,0.0,2025-05-26 09:15:00
2025-05-26 09:20:00,0.0,2025-05-26 09:20:00
2025-05-26 09:25:00,0.0,2025-05-26 09:25:00
2025-05-26 09:30:00,0.0,2025-05-26 09:30:00
2025-05-26 09:35:00,0.0,2025-05-26 09:35:00
2025-05-26 09:40:00,0.0,2025-05-26 09:40:00
2025-05-26 09:45:00,0.0,2025-05-26 09:45:00
2025-05-26 09:50:00,0.0,2025-05-26 09:50:00
2025-05-26 09:55:00,0.0,2025-05-26 09:55:00
2025-05-26 10:00:00,0.0,2025-05-26 10:00:00
2025-05-26 10:05:00,0.0,2025-05-26 10:05:00
2025-05-26 10:10:00,0.0,2025-05-26 10:10:00
2025-05-26 10:15:00,0.0,2025-05-26 10:15:00
2025-05-26 10:20:00,0.0,2025-05-26 10:20:00
2025-05-26 10:25:00,0.0,2025-05-26 10:25:00
2025-05-26 10:30:00,0.0,2025-05-26 10:30:00
2025-05-26 10:35:00,0.0,2025-05-26 10:35:00
2025-05-26 10:40:00,0.0,2025-05-26 10:40:00
2025-05-26 10:45:00,0.0,2025-05-26 10:45:00
2025-05-26 10:50:00,0.0,2025-05-26 10:50:00
2025-05-26 10:55:00,0.0,2025-05-26 10:55:00
2025-05-26 11:00:00,-1052.294,2025-05-26 11:00:00
2025-05-26 11:05:00,-1024.284,2025-05-26 11:05:00
2025-05-26 11:10:00,-1132.274,2025-05-26 11:10:00
2025-05-26 11:15:00,-1056.284,2025-05-26 11:15:00
2025-05-26 11:20:00,-1096.314,2025-05-26 11:20:00
2025-05-26 11:25:00,-1020.284,2025-05-26 11:25:00
2025-05-26 11:30:00,-1220.294,2025-05-26 11:30:00
2025-05-26 11:35:00,-1016.304,2025-05-26 11:35:00
2025-05-26 11:40:00,-1136.314,2025-05-26 11:40:00
2025-05-26 11:45:00,-1176.234,2025-05-26 11:45:00
2025-05-26 11:50:00,-1020.274,2025-05-26 11:50:00
2025-05-26 11:55:00,-1044.284,2025-05-26 11:55:00
2025-05-26 12:00:00,-1012.274,2025-05-26 12:00:00
2025-05-26 12:05:00,-992.264,2025-05-26 12:05:00
2025-05-26 12:10:00,-984.294,2025-05-26 12:10:00
2025-05-26 12:15:00,-996.314,2025-05-26 12:15:00
2025-05-26 12:20:00,-892.314,2025-05-26 12:20:00
2025-05-26 12:25:00,-980.324,2025-05-26 12:25:00
2025-05-26 12:30:00,-1108.304,2025-05-26 12:30:00
2025-05-26 12:35:00,-1240.264,2025-05-26 12:35:00
2025-05-26 12:40:00,-996.284,2025-05-26 12:40:00
2025-05-26 12:45:00,-1096.314,2025-05-26 12:45:00
2025-05-26 12:50:00,-1040.244,2025-05-26 12:50:00
2025-05-26 12:55:00,-920.284,2025-05-26 12:55:00
2025-05-26 13:00:00,-888.314,2025-05-26 13:00:00
2025-05-26 13:05:00,-1032.254,2025-05-26 13:05:00
2025-05-26 13:10:00,-924.284,2025-05-26 13:10:00
2025-05-26 13:15:00,-1000.284,2025-05-26 13:15:00
2025-05-26 13:20:00,-832.294,2025-05-26 13:20:00
2025-05-26 13:25:00,-976.284,2025-05-26 13:25:00
2025-05-26 13:30:00,-884.284,2025-05-26 13:30:00
2025-05-26 13:35:00,-1136.294,2025-05-26 13:35:00
2025-05-26 13:40:00,-952.294,2025-05-26 13:40:00
2025-05-26 13:45:00,-864.314,2025-05-26 13:45:00
2025-05-26 13:50:00,-940.294,2025-05-26 13:50:00
2025-05-26 13:55:00,-772.294,2025-05-26 13:55:00
2025-05-26 14:00:00,-944.214,2025-05-26 14:00:00
2025-05-26 14:05:00,-924.294,2025-05-26 14:05:00
2025-05-26 14:10:00,-936.264,2025-05-26 14:10:00
2025-05-26 14:15:00,-972.304,2025-05-26 14:15:00
2025-05-26 14:20:00,-872.314,2025-05-26 14:20:00
2025-05-26 14:25:00,-872.264,2025-05-26 14:25:00
2025-05-26 14:30:00,-792.304,2025-05-26 14:30:00
2025-05-26 14:35:00,-944.314,2025-05-26 14:35:00
2025-05-26 14:40:00,-1012.294,2025-05-26 14:40:00
2025-05-26 14:45:00,-932.314,2025-05-26 14:45:00
2025-05-26 14:50:00,-1020.274,2025-05-26 14:50:00
2025-05-26 14:55:00,-1080.304,2025-05-26 14:55:00
2025-05-26 15:00:00,-1012.294,2025-05-26 15:00:00
2025-05-26 15:05:00,-1088.294,2025-05-26 15:05:00
2025-05-26 15:10:00,-860.284,2025-05-26 15:10:00
2025-05-26 15:15:00,-1004.284,2025-05-26 15:15:00
2025-05-26 15:20:00,-940.274,2025-05-26 15:20:00
2025-05-26 15:25:00,-876.284,2025-05-26 15:25:00
2025-05-26 15:30:00,-1036.284,2025-05-26 15:30:00
2025-05-26 15:35:00,-896.264,2025-05-26 15:35:00
2025-05-26 15:40:00,-796.314,2025-05-26 15:40:00
2025-05-26 15:45:00,-792.284,2025-05-26 15:45:00
2025-05-26 15:50:00,-952.244,2025-05-26 15:50:00
2025-05-26 15:55:00,-928.294,2025-05-26 15:55:00
2025-05-26 16:00:00,-956.294,2025-05-26 16:00:00
2025-05-26 16:05:00,-1020.294,2025-05-26 16:05:00
2025-05-26 16:10:00,-988.284,2025-05-26 16:10:00
2025-05-26 16:15:00,-880.304,2025-05-26 16:15:00
2025-05-26 16:20:00,-944.264,2025-05-26 16:20:00
2025-05-26 16:25:00,-932.314,2025-05-26 16:25:00
2025-05-26 16:30:00,-1012.324,2025-05-26 16:30:00
2025-05-26 16:35:00,-932.284,2025-05-26 16:35:00
2025-05-26 16:40:00,-724.274,2025-05-26 16:40:00
2025-05-26 16:45:00,-872.244,2025-05-26 16:45:00
2025-05-26 16:50:00,-824.304,2025-05-26 16:50:00
2025-05-26 16:55:00,-896.284,2025-05-26 16:55:00
2025-05-26 17:00:00,-820.284,2025-05-26 17:00:00
2025-05-26 17:05:00,-816.294,2025-05-26 17:05:00
2025-05-26 17:10:00,-868.284,2025-05-26 17:10:00
2025-05-26 17:15:00,-788.284,2025-05-26 17:15:00
2025-05-26 17:20:00,-876.254,2025-05-26 17:20:00
2025-05-26 17:25:00,-844.274,2025-05-26 17:25:00
2025-05-26 17:30:00,-808.294,2025-05-26 17:30:00
2025-05-26 17:35:00,-1076.314,2025-05-26 17:35:00
2025-05-26 17:40:00,-1108.274,2025-05-26 17:40:00
2025-05-26 17:45:00,-1044.314,2025-05-26 17:45:00
2025-05-26 17:50:00,-1092.264,2025-05-26 17:50:00
2025-05-26 17:55:00,-1124.264,2025-05-26 17:55:00
2025-05-26 18:00:00,9000.0,2025-05-26 18:00:00
2025-05-26 18:05:00,9000.0,2025-05-26 18:05:00
2025-05-26 18:10:00,9000.0,2025-05-26 18:10:00
2025-05-26 18:15:00,9000.0,2025-05-26 18:15:00
2025-05-26 18:20:00,9000.0,2025-05-26 18:20:00
2025-05-26 18:25:00,9000.0,2025-05-26 18:25:00
2025-05-26 18:30:00,9000.0,2025-05-26 18:30:00
2025-05-26 18:35:00,7965.397,2025-05-26 18:35:00
2025-05-26 18:40:00,0.0,2025-05-26 18:40:00
2025-05-26 18:45:00,0.0,2025-05-26 18:45:00
2025-05-26 18:50:00,0.0,2025-05-26 18:50:00
2025-05-26 18:55:00,0.0,2025-05-26 18:55:00
2025-05-26 19:00:00,0.0,2025-05-26 19:00:00
2025-05-26 19:05:00,0.0,2025-05-26 19:05:00
2025-05-26 19:10:00,0.0,2025-05-26 19:10:00
2025-05-26 19:15:00,0.0,2025-05-26 19:15:00
2025-05-26 19:20:00,0.0,2025-05-26 19:20:00
2025-05-26 19:25:00,0.0,2025-05-26 19:25:00
2025-05-26 19:30:00,0.0,2025-05-26 19:30:00
2025-05-26 19:35:00,0.0,2025-05-26 19:35:00
2025-05-26 19:40:00,0.0,2025-05-26 19:40:00
2025-05-26 19:45:00,0.0,2025-05-26 19:45:00
2025-05-26 19:50:00,0.0,2025-05-26 19:50:00
2025-05-26 19:55:00,0.0,2025-05-26 19:55:00
2025-05-26 20:00:00,0.0,2025-05-26 20:00:00
2025-05-26 20:05:00,0.0,2025-05-26 20:05:00
2025-05-26 20:10:00,0.0,2025-05-26 20:10:00
2025-05-26 20:15:00,0.0,2025-05-26 20:15:00
2025-05-26 20:20:00,0.0,2025-05-26 20:20:00
2025-05-26 20:25:00,0.0,2025-05-26 20:25:00
2025-05-26 20:30:00,0.0,2025-05-26 20:30:00
2025-05-26 20:35:00,0.0,2025-05-26 20:35:00
2025-05-26 20:40:00,0.0,2025-05-26 20:40:00
2025-05-26 20:45:00,0.0,2025-05-26 20:45:00
2025-05-26 20:50:00,0.0,2025-05-26 20:50:00
2025-05-26 20:55:00,0.0,2025-05-26 20:55:00
2025-05-26 21:00:00,0.0,2025-05-26 21:00:00
2025-05-26 21:05:00,0.0,2025-05-26 21:05:00
2025-05-26 21:10:00,0.0,2025-05-26 21:10:00
2025-05-26 21:15:00,0.0,2025-05-26 21:15:00
2025-05-26 21:20:00,0.0,2025-05-26 21:20:00
2025-05-26 21:25:00,0.0,2025-05-26 21:25:00
2025-05-26 21:30:00,0.0,2025-05-26 21:30:00
2025-05-26 21:35:00,0.0,2025-05-26 21:35:00
2025-05-26 21:40:00,0.0,2025-05-26 21:40:00
2025-05-26 21:45:00,0.0,2025-05-26 21:45:00
2025-05-26 21:50:00,0.0,2025-05-26 21:50:00
2025-05-26 21:55:00,0.0,2025-05-26 21:55:00
2025-05-26 22:00:00,-1321.043,2025-05-26 22:00:00
2025-05-26 22:05:00,-1265.053,2025-05-26 22:05:00
2025-05-26 22:10:00,-1293.043,2025-05-26 22:10:00
2025-05-26 22:15:00,-1441.043,2025-05-26 22:15:00
2025-05-26 22:20:00,-1205.063,2025-05-26 22:20:00
2025-05-26 22:25:00,-1325.043,2025-05-26 22:25:00
2025-05-26 22:30:00,-1181.073,2025-05-26 22:30:00
2025-05-26 22:35:00,-1069.053,2025-05-26 22:35:00
2025-05-26 22:40:00,-1089.053,2025-05-26 22:40:00
2025-05-26 22:45:00,-1089.073,2025-05-26 22:45:00
2025-05-26 22:50:00,-1109.043,2025-05-26 22:50:00
2025-05-26 22:55:00,-1189.043,2025-05-26 22:55:00
2025-05-26 23:00:00,-1081.063,2025-05-26 23:00:00
2025-05-26 23:05:00,-1097.073,2025-05-26 23:05:00
2025-05-26 23:10:00,-1025.093,2025-05-26 23:10:00
2025-05-26 23:15:00,-1105.083,2025-05-26 23:15:00
2025-05-26 23:20:00,-1013.093,2025-05-26 23:20:00
2025-05-26 23:25:00,-1049.033,2025-05-26 23:25:00
2025-05-26 23:30:00,-1109.063,2025-05-26 23:30:00
2025-05-26 23:35:00,-1049.063,2025-05-26 23:35:00
2025-05-26 23:40:00,-1057.053,2025-05-26 23:40:00
2025-05-26 23:45:00,-1037.043,2025-05-26 23:45:00
2025-05-26 23:50:00,-1389.093,2025-05-26 23:50:00
2025-05-26 23:55:00,-1297.063,2025-05-26 23:55:00
2025-05-27 00:00:00,-1181.033,2025-05-27 00:00:00
2025-05-27 00:05:00,-1185.063,2025-05-27 00:05:00
2025-05-27 00:10:00,-1097.023,2025-05-27 00:10:00
2025-05-27 00:15:00,-1033.083,2025-05-27 00:15:00
2025-05-27 00:20:00,-1165.053,2025-05-27 00:20:00
2025-05-27 00:25:00,-993.083,2025-05-27 00:25:00
2025-05-27 00:30:00,-953.033,2025-05-27 00:30:00
2025-05-27 00:35:00,-1153.043,2025-05-27 00:35:00
2025-05-27 00:40:00,-1033.073,2025-05-27 00:40:00
2025-05-27 00:45:00,-1069.053,2025-05-27 00:45:00
2025-05-27 00:50:00,-1001.063,2025-05-27 00:50:00
2025-05-27 00:55:00,-1077.063,2025-05-27 00:55:00
2025-05-27 01:00:00,-1045.073,2025-05-27 01:00:00
2025-05-27 01:05:00,-1165.053,2025-05-27 01:05:00
2025-05-27 01:10:00,-1169.023,2025-05-27 01:10:00
2025-05-27 01:15:00,-1141.073,2025-05-27 01:15:00
2025-05-27 01:20:00,-1153.063,2025-05-27 01:20:00
2025-05-27 01:25:00,-1181.083,2025-05-27 01:25:00
2025-05-27 01:30:00,-1097.083,2025-05-27 01:30:00
2025-05-27 01:35:00,-1313.073,2025-05-27 01:35:00
2025-05-27 01:40:00,-1205.093,2025-05-27 01:40:00
2025-05-27 01:45:00,-1305.033,2025-05-27 01:45:00
2025-05-27 01:50:00,-1349.063,2025-05-27 01:50:00
2025-05-27 01:55:00,-1241.033,2025-05-27 01:55:00
2025-05-27 02:00:00,-1261.033,2025-05-27 02:00:00
2025-05-27 02:05:00,-1165.043,2025-05-27 02:05:00
2025-05-27 02:10:00,-965.053,2025-05-27 02:10:00
2025-05-27 02:15:00,-945.073,2025-05-27 02:15:00
2025-05-27 02:20:00,-913.083,2025-05-27 02:20:00
2025-05-27 02:25:00,-869.053,2025-05-27 02:25:00
2025-05-27 02:30:00,-1025.073,2025-05-27 02:30:00
2025-05-27 02:35:00,-949.053,2025-05-27 02:35:00
2025-05-27 02:40:00,-901.063,2025-05-27 02:40:00
2025-05-27 02:45:00,-941.053,2025-05-27 02:45:00
2025-05-27 02:50:00,-917.003,2025-05-27 02:50:00
2025-05-27 02:55:00,-969.033,2025-05-27 02:55:00
2025-05-27 03:00:00,-873.073,2025-05-27 03:00:00
2025-05-27 03:05:00,-993.033,2025-05-27 03:05:00
2025-05-27 03:10:00,-909.073,2025-05-27 03:10:00
2025-05-27 03:15:00,-797.043,2025-05-27 03:15:00
2025-05-27 03:20:00,-821.063,2025-05-27 03:20:00
2025-05-27 03:25:00,-933.053,2025-05-27 03:25:00
2025-05-27 03:30:00,-933.063,2025-05-27 03:30:00
2025-05-27 03:35:00,-857.043,2025-05-27 03:35:00
2025-05-27 03:40:00,-793.073,2025-05-27 03:40:00
2025-05-27 03:45:00,-901.063,2025-05-27 03:45:00
2025-05-27 03:50:00,-885.073,2025-05-27 03:50:00
2025-05-27 03:55:00,-841.033,2025-05-27 03:55:00
2025-05-27 04:00:00,-881.053,2025-05-27 04:00:00
2025-05-27 04:05:00,-845.043,2025-05-27 04:05:00
2025-05-27 04:10:00,-857.063,2025-05-27 04:10:00
2025-05-27 04:15:00,-897.063,2025-05-27 04:15:00
2025-05-27 04:20:00,-845.023,2025-05-27 04:20:00
2025-05-27 04:25:00,-1073.073,2025-05-27 04:25:00
2025-05-27 04:30:00,-953.043,2025-05-27 04:30:00
2025-05-27 04:35:00,-933.043,2025-05-27 04:35:00
2025-05-27 04:40:00,-797.013,2025-05-27 04:40:00
2025-05-27 04:45:00,-941.083,2025-05-27 04:45:00
2025-05-27 04:50:00,-985.043,2025-05-27 04:50:00
2025-05-27 04:55:00,-873.053,2025-05-27 04:55:00
2025-05-27 05:00:00,-933.033,2025-05-27 05:00:00
2025-05-27 05:05:00,-901.063,2025-05-27 05:05:00
2025-05-27 05:10:00,-985.053,2025-05-27 05:10:00
2025-05-27 05:15:00,-905.043,2025-05-27 05:15:00
2025-05-27 05:20:00,-885.033,2025-05-27 05:20:00
2025-05-27 05:25:00,-813.043,2025-05-27 05:25:00
2025-05-27 05:30:00,-969.083,2025-05-27 05:30:00
2025-05-27 05:35:00,-981.043,2025-05-27 05:35:00
2025-05-27 05:40:00,-945.033,2025-05-27 05:40:00
2025-05-27 05:45:00,-1017.033,2025-05-27 05:45:00
2025-05-27 05:50:00,-857.023,2025-05-27 05:50:00
2025-05-27 05:55:00,-885.043,2025-05-27 05:55:00
2025-05-27 06:00:00,-965.073,2025-05-27 06:00:00
2025-05-27 06:05:00,-1017.073,2025-05-27 06:05:00
2025-05-27 06:10:00,-885.053,2025-05-27 06:10:00
2025-05-27 06:15:00,-1013.033,2025-05-27 06:15:00
2025-05-27 06:20:00,-925.063,2025-05-27 06:20:00
2025-05-27 06:25:00,-977.033,2025-05-27 06:25:00
2025-05-27 06:30:00,-957.073,2025-05-27 06:30:00
2025-05-27 06:35:00,-1021.063,2025-05-27 06:35:00
2025-05-27 06:40:00,-1053.003,2025-05-27 06:40:00
2025-05-27 06:45:00,-1025.043,2025-05-27 06:45:00
2025-05-27 06:50:00,-981.063,2025-05-27 06:50:00
2025-05-27 06:55:00,-981.053,2025-05-27 06:55:00
2025-05-27 07:00:00,-997.073,2025-05-27 07:00:00
2025-05-27 07:05:00,-869.053,2025-05-27 07:05:00
2025-05-27 07:10:00,-1033.073,2025-05-27 07:10:00
2025-05-27 07:15:00,-869.003,2025-05-27 07:15:00
2025-05-27 07:20:00,-1133.043,2025-05-27 07:20:00
2025-05-27 07:25:00,-949.063,2025-05-27 07:25:00
2025-05-27 07:30:00,-1001.063,2025-05-27 07:30:00
2025-05-27 07:35:00,-905.063,2025-05-27 07:35:00
2025-05-27 07:40:00,-889.023,2025-05-27 07:40:00
2025-05-27 07:45:00,-865.063,2025-05-27 07:45:00
2025-05-27 07:50:00,-861.003,2025-05-27 07:50:00
2025-05-27 07:55:00,-973.063,2025-05-27 07:55:00
2025-05-27 08:00:00,9000.0,2025-05-27 08:00:00
2025-05-27 08:05:00,9000.0,2025-05-27 08:05:00
2025-05-27 08:10:00,9000.0,2025-05-27 08:10:00
2025-05-27 08:15:00,9000.0,2025-05-27 08:15:00
2025-05-27 08:20:00,9000.0,2025-05-27 08:20:00
2025-05-27 08:25:00,9000.0,2025-05-27 08:25:00
2025-05-27 08:30:00,9000.0,2025-05-27 08:30:00
2025-05-27 08:35:00,9000.0,2025-05-27 08:35:00
2025-05-27 08:40:00,9000.0,2025-05-27 08:40:00
2025-05-27 08:45:00,9000.0,2025-05-27 08:45:00
2025-05-27 08:50:00,9000.0,2025-05-27 08:50:00
2025-05-27 08:55:00,8196.506,2025-05-27 08:55:00
2025-05-27 09:00:00,0.0,2025-05-27 09:00:00
2025-05-27 09:05:00,0.0,2025-05-27 09:05:00
2025-05-27 09:10:00,0.0,2025-05-27 09:10:00
2025-05-27 09:15:00,0.0,2025-05-27 09:15:00
2025-05-27 09:20:00,0.0,2025-05-27 09:20:00
2025-05-27 09:25:00,0.0,2025-05-27 09:25:00
2025-05-27 09:30:00,0.0,2025-05-27 09:30:00
2025-05-27 09:35:00,0.0,2025-05-27 09:35:00
2025-05-27 09:40:00,0.0,2025-05-27 09:40:00
2025-05-27 09:45:00,0.0,2025-05-27 09:45:00
2025-05-27 09:50:00,0.0,2025-05-27 09:50:00
2025-05-27 09:55:00,0.0,2025-05-27 09:55:00
2025-05-27 10:00:00,0.0,2025-05-27 10:00:00
2025-05-27 10:05:00,0.0,2025-05-27 10:05:00
2025-05-27 10:10:00,0.0,2025-05-27 10:10:00
2025-05-27 10:15:00,0.0,2025-05-27 10:15:00
2025-05-27 10:20:00,0.0,2025-05-27 10:20:00
2025-05-27 10:25:00,0.0,2025-05-27 10:25:00
2025-05-27 10:30:00,0.0,2025-05-27 10:30:00
2025-05-27 10:35:00,0.0,2025-05-27 10:35:00
2025-05-27 10:40:00,0.0,2025-05-27 10:40:00
2025-05-27 10:45:00,0.0,2025-05-27 10:45:00
2025-05-27 10:50:00,0.0,2025-05-27 10:50:00
2025-05-27 10:55:00,0.0,2025-05-27 10:55:00
2025-05-27 11:00:00,-865.063,2025-05-27 11:00:00
2025-05-27 11:05:00,-1001.023,2025-05-27 11:05:00
2025-05-27 11:10:00,-1053.013,2025-05-27 11:10:00
2025-05-27 11:15:00,-1025.053,2025-05-27 11:15:00
2025-05-27 11:20:00,-1089.033,2025-05-27 11:20:00
2025-05-27 11:25:00,-1117.063,2025-05-27 11:25:00
2025-05-27 11:30:00,-1029.093,2025-05-27 11:30:00
2025-05-27 11:35:00,-1021.083,2025-05-27 11:35:00
2025-05-27 11:40:00,-973.053,2025-05-27 11:40:00
2025-05-27 11:45:00,-913.033,2025-05-27 11:45:00
2025-05-27 11:50:00,-825.033,2025-05-27 11:50:00
2025-05-27 11:55:00,-969.043,2025-05-27 11:55:00
2025-05-27 12:00:00,-981.053,2025-05-27 12:00:00
2025-05-27 12:05:00,-1101.083,2025-05-27 12:05:00
2025-05-27 12:10:00,-1081.023,2025-05-27 12:10:00
2025-05-27 12:15:00,-1101.043,2025-05-27 12:15:00
2025-05-27 12:20:00,-1225.093,2025-05-27 12:20:00
2025-05-27 12:25:00,-925.033,2025-05-27 12:25:00
2025-05-27 12:30:00,-945.073,2025-05-27 12:30:00
2025-05-27 12:35:00,-977.003,2025-05-27 12:35:00
2025-05-27 12:40:00,-1033.063,2025-05-27 12:40:00
2025-05-27 12:45:00,-1009.083,2025-05-27 12:45:00
2025-05-27 12:50:00,-1041.063,2025-05-27 12:50:00
2025-05-27 12:55:00,-1193.063,2025-05-27 12:55:00
2025-05-27 13:00:00,-1085.023,2025-05-27 13:00:00
2025-05-27 13:05:00,-1017.093,2025-05-27 13:05:00
2025-05-27 13:10:00,-869.053,2025-05-27 13:10:00
2025-05-27 13:15:00,-1041.023,2025-05-27 13:15:00
2025-05-27 13:20:00,-961.063,2025-05-27 13:20:00
2025-05-27 13:25:00,-849.083,2025-05-27 13:25:00
2025-05-27 13:30:00,-921.023,2025-05-27 13:30:00
2025-05-27 13:35:00,-777.063,2025-05-27 13:35:00
2025-05-27 13:40:00,-1009.063,2025-05-27 13:40:00
2025-05-27 13:45:00,-949.053,2025-05-27 13:45:00
2025-05-27 13:50:00,-1021.063,2025-05-27 13:50:00
2025-05-27 13:55:00,-1065.023,2025-05-27 13:55:00
2025-05-27 14:00:00,-1085.043,2025-05-27 14:00:00
2025-05-27 14:05:00,-1013.053,2025-05-27 14:05:00
2025-05-27 14:10:00,-1213.083,2025-05-27 14:10:00
2025-05-27 14:15:00,-1021.073,2025-05-27 14:15:00
2025-05-27 14:20:00,-1085.073,2025-05-27 14:20:00
2025-05-27 14:25:00,-1125.043,2025-05-27 14:25:00
2025-05-27 14:30:00,-1113.083,2025-05-27 14:30:00
2025-05-27 14:35:00,-1093.043,2025-05-27 14:35:00
2025-05-27 14:40:00,-1053.083,2025-05-27 14:40:00
2025-05-27 14:45:00,-1109.073,2025-05-27 14:45:00
2025-05-27 14:50:00,-1005.073,2025-05-27 14:50:00
2025-05-27 14:55:00,-1125.073,2025-05-27 14:55:00
2025-05-27 15:00:00,-1017.003,2025-05-27 15:00:00
2025-05-27 15:05:00,-1021.073,2025-05-27 15:05:00
2025-05-27 15:10:00,-1117.093,2025-05-27 15:10:00
2025-05-27 15:15:00,-1037.003,2025-05-27 15:15:00
2025-05-27 15:20:00,-1013.063,2025-05-27 15:20:00
2025-05-27 15:25:00,-1117.063,2025-05-27 15:25:00
2025-05-27 15:30:00,-1009.033,2025-05-27 15:30:00
2025-05-27 15:35:00,-1013.063,2025-05-27 15:35:00
2025-05-27 15:40:00,-1317.003,2025-05-27 15:40:00
2025-05-27 15:45:00,-1121.033,2025-05-27 15:45:00
2025-05-27 15:50:00,-1161.063,2025-05-27 15:50:00
2025-05-27 15:55:00,-981.033,2025-05-27 15:55:00
2025-05-27 16:00:00,-1265.093,2025-05-27 16:00:00
2025-05-27 16:05:00,-993.063,2025-05-27 16:05:00
2025-05-27 16:10:00,-973.003,2025-05-27 16:10:00
2025-05-27 16:15:00,-1025.063,2025-05-27 16:15:00
2025-05-27 16:20:00,-937.063,2025-05-27 16:20:00
2025-05-27 16:25:00,-1093.063,2025-05-27 16:25:00
2025-05-27 16:30:00,-1013.043,2025-05-27 16:30:00
2025-05-27 16:35:00,-1153.053,2025-05-27 16:35:00
2025-05-27 16:40:00,-1009.063,2025-05-27 16:40:00
2025-05-27 16:45:00,-933.063,2025-05-27 16:45:00
2025-05-27 16:50:00,-1041.023,2025-05-27 16:50:00
2025-05-27 16:55:00,-1089.093,2025-05-27 16:55:00
2025-05-27 17:00:00,-961.063,2025-05-27 17:00:00
2025-05-27 17:05:00,-961.053,2025-05-27 17:05:00
2025-05-27 17:10:00,-1049.023,2025-05-27 17:10:00
2025-05-27 17:15:00,-917.053,2025-05-27 17:15:00
2025-05-27 17:20:00,-1073.063,2025-05-27 17:20:00
2025-05-27 17:25:00,-1017.063,2025-05-27 17:25:00
2025-05-27 17:30:00,-1021.063,2025-05-27 17:30:00
2025-05-27 17:35:00,-933.053,2025-05-27 17:35:00
2025-05-27 17:40:00,-1005.073,2025-05-27 17:40:00
2025-05-27 17:45:00,-1157.023,2025-05-27 17:45:00
2025-05-27 17:50:00,-1017.063,2025-05-27 17:50:00
2025-05-27 17:55:00,-1137.053,2025-05-27 17:55:00
2025-05-27 18:00:00,9000.0,2025-05-27 18:00:00
2025-05-27 18:05:00,9000.0,2025-05-27 18:05:00
2025-05-27 18:10:00,9000.0,2025-05-27 18:10:00
2025-05-27 18:15:00,9000.0,2025-05-27 18:15:00
2025-05-27 18:20:00,9000.0,2025-05-27 18:20:00
2025-05-27 18:25:00,9000.0,2025-05-27 18:25:00
2025-05-27 18:30:00,9000.0,2025-05-27 18:30:00
2025-05-27 18:35:00,9000.0,2025-05-27 18:35:00
2025-05-27 18:40:00,3860.163,2025-05-27 18:40:00
2025-05-27 18:45:00,0.0,2025-05-27 18:45:00
2025-05-27 18:50:00,0.0,2025-05-27 18:50:00
2025-05-27 18:55:00,0.0,2025-05-27 18:55:00
2025-05-27 19:00:00,0.0,2025-05-27 19:00:00
2025-05-27 19:05:00,0.0,2025-05-27 19:05:00
2025-05-27 19:10:00,0.0,2025-05-27 19:10:00
2025-05-27 19:15:00,0.0,2025-05-27 19:15:00
2025-05-27 19:20:00,0.0,2025-05-27 19:20:00
2025-05-27 19:25:00,0.0,2025-05-27 19:25:00
2025-05-27 19:30:00,0.0,2025-05-27 19:30:00
2025-05-27 19:35:00,0.0,2025-05-27 19:35:00
2025-05-27 19:40:00,0.0,2025-05-27 19:40:00
2025-05-27 19:45:00,0.0,2025-05-27 19:45:00
2025-05-27 19:50:00,0.0,2025-05-27 19:50:00
2025-05-27 19:55:00,0.0,2025-05-27 19:55:00
2025-05-27 20:00:00,0.0,2025-05-27 20:00:00
2025-05-27 20:05:00,0.0,2025-05-27 20:05:00
2025-05-27 20:10:00,0.0,2025-05-27 20:10:00
2025-05-27 20:15:00,0.0,2025-05-27 20:15:00
2025-05-27 20:20:00,0.0,2025-05-27 20:20:00
2025-05-27 20:25:00,0.0,2025-05-27 20:25:00
2025-05-27 20:30:00,0.0,2025-05-27 20:30:00
2025-05-27 20:35:00,0.0,2025-05-27 20:35:00
2025-05-27 20:40:00,0.0,2025-05-27 20:40:00
2025-05-27 20:45:00,0.0,2025-05-27 20:45:00
2025-05-27 20:50:00,0.0,2025-05-27 20:50:00
2025-05-27 20:55:00,0.0,2025-05-27 20:55:00
2025-05-27 21:00:00,0.0,2025-05-27 21:00:00
2025-05-27 21:05:00,0.0,2025-05-27 21:05:00
2025-05-27 21:10:00,0.0,2025-05-27 21:10:00
2025-05-27 21:15:00,0.0,2025-05-27 21:15:00
2025-05-27 21:20:00,0.0,2025-05-27 21:20:00
2025-05-27 21:25:00,0.0,2025-05-27 21:25:00
2025-05-27 21:30:00,0.0,2025-05-27 21:30:00
2025-05-27 21:35:00,0.0,2025-05-27 21:35:00
2025-05-27 21:40:00,0.0,2025-05-27 21:40:00
2025-05-27 21:45:00,0.0,2025-05-27 21:45:00
2025-05-27 21:50:00,0.0,2025-05-27 21:50:00
2025-05-27 21:55:00,0.0,2025-05-27 21:55:00
2025-05-27 22:00:00,-756.316,2025-05-27 22:00:00
2025-05-27 22:05:00,-880.336,2025-05-27 22:05:00
2025-05-27 22:10:00,-692.356,2025-05-27 22:10:00
2025-05-27 22:15:00,-768.356,2025-05-27 22:15:00
2025-05-27 22:20:00,-824.296,2025-05-27 22:20:00
2025-05-27 22:25:00,-836.346,2025-05-27 22:25:00
2025-05-27 22:30:00,-804.306,2025-05-27 22:30:00
2025-05-27 22:35:00,-728.306,2025-05-27 22:35:00
2025-05-27 22:40:00,-880.316,2025-05-27 22:40:00
2025-05-27 22:45:00,-832.336,2025-05-27 22:45:00
2025-05-27 22:50:00,-804.346,2025-05-27 22:50:00
2025-05-27 22:55:00,-888.326,2025-05-27 22:55:00
2025-05-27 23:00:00,-1032.336,2025-05-27 23:00:00
2025-05-27 23:05:00,-1152.336,2025-05-27 23:05:00
2025-05-27 23:10:00,-836.276,2025-05-27 23:10:00
2025-05-27 23:15:00,-1032.356,2025-05-27 23:15:00
2025-05-27 23:20:00,-1020.336,2025-05-27 23:20:00
2025-05-27 23:25:00,-864.336,2025-05-27 23:25:00
2025-05-27 23:30:00,-828.326,2025-05-27 23:30:00
2025-05-27 23:35:00,-944.316,2025-05-27 23:35:00
2025-05-27 23:40:00,-928.346,2025-05-27 23:40:00
2025-05-27 23:45:00,-836.346,2025-05-27 23:45:00
2025-05-27 23:50:00,-796.336,2025-05-27 23:50:00
2025-05-27 23:55:00,-1060.336,2025-05-27 23:55:00
2025-05-28 00:00:00,-1020.356,2025-05-28 00:00:00
2025-05-28 00:05:00,-1064.306,2025-05-28 00:05:00
2025-05-28 00:10:00,-924.316,2025-05-28 00:10:00
2025-05-28 00:15:00,-968.376,2025-05-28 00:15:00
2025-05-28 00:20:00,-928.336,2025-05-28 00:20:00
2025-05-28 00:25:00,-992.366,2025-05-28 00:25:00
2025-05-28 00:30:00,-960.316,2025-05-28 00:30:00
2025-05-28 00:35:00,-928.326,2025-05-28 00:35:00
2025-05-28 00:40:00,-976.306,2025-05-28 00:40:00
2025-05-28 00:45:00,-988.356,2025-05-28 00:45:00
2025-05-28 00:50:00,-876.356,2025-05-28 00:50:00
2025-05-28 00:55:00,-1052.336,2025-05-28 00:55:00
2025-05-28 01:00:00,-1000.356,2025-05-28 01:00:00
2025-05-28 01:05:00,-940.366,2025-05-28 01:05:00
2025-05-28 01:10:00,-1024.336,2025-05-28 01:10:00
2025-05-28 01:15:00,-896.356,2025-05-28 01:15:00
2025-05-28 01:20:00,-972.346,2025-05-28 01:20:00
2025-05-28 01:25:00,-884.336,2025-05-28 01:25:00
2025-05-28 01:30:00,-892.326,2025-05-28 01:30:00
2025-05-28 01:35:00,-964.296,2025-05-28 01:35:00
2025-05-28 01:40:00,-928.306,2025-05-28 01:40:00
2025-05-28 01:45:00,-960.336,2025-05-28 01:45:00
2025-05-28 01:50:00,-928.356,2025-05-28 01:50:00
2025-05-28 01:55:00,-1036.326,2025-05-28 01:55:00
2025-05-28 02:00:00,-960.346,2025-05-28 02:00:00
2025-05-28 02:05:00,-988.336,2025-05-28 02:05:00
2025-05-28 02:10:00,-1096.306,2025-05-28 02:10:00
2025-05-28 02:15:00,-940.336,2025-05-28 02:15:00
2025-05-28 02:20:00,-1064.326,2025-05-28 02:20:00
2025-05-28 02:25:00,-1052.326,2025-05-28 02:25:00
2025-05-28 02:30:00,-1076.326,2025-05-28 02:30:00
2025-05-28 02:35:00,-1024.336,2025-05-28 02:35:00
2025-05-28 02:40:00,-1112.336,2025-05-28 02:40:00
2025-05-28 02:45:00,-1064.326,2025-05-28 02:45:00
2025-05-28 02:50:00,-1032.326,2025-05-28 02:50:00
2025-05-28 02:55:00,-1000.316,2025-05-28 02:55:00
2025-05-28 03:00:00,-1076.326,2025-05-28 03:00:00
2025-05-28 03:05:00,-1036.336,2025-05-28 03:05:00
2025-05-28 03:10:00,-1088.326,2025-05-28 03:10:00
2025-05-28 03:15:00,-1176.356,2025-05-28 03:15:00
2025-05-28 03:20:00,-1084.346,2025-05-28 03:20:00
2025-05-28 03:25:00,-1168.336,2025-05-28 03:25:00
2025-05-28 03:30:00,-1028.336,2025-05-28 03:30:00
2025-05-28 03:35:00,-1056.336,2025-05-28 03:35:00
2025-05-28 03:40:00,-996.326,2025-05-28 03:40:00
2025-05-28 03:45:00,-1044.296,2025-05-28 03:45:00
2025-05-28 03:50:00,-1028.316,2025-05-28 03:50:00
2025-05-28 03:55:00,-1016.306,2025-05-28 03:55:00
2025-05-28 04:00:00,-1128.326,2025-05-28 04:00:00
2025-05-28 04:05:00,-1000.326,2025-05-28 04:05:00
2025-05-28 04:10:00,-1020.316,2025-05-28 04:10:00
2025-05-28 04:15:00,-1084.326,2025-05-28 04:15:00
2025-05-28 04:20:00,-1084.346,2025-05-28 04:20:00
2025-05-28 04:25:00,-1068.316,2025-05-28 04:25:00
2025-05-28 04:30:00,-1056.306,2025-05-28 04:30:00
2025-05-28 04:35:00,-1084.336,2025-05-28 04:35:00
2025-05-28 04:40:00,-1028.326,2025-05-28 04:40:00
2025-05-28 04:45:00,-1176.316,2025-05-28 04:45:00
2025-05-28 04:50:00,-1104.346,2025-05-28 04:50:00
2025-05-28 04:55:00,-1068.306,2025-05-28 04:55:00
2025-05-28 05:00:00,-1200.316,2025-05-28 05:00:00
2025-05-28 05:05:00,-1096.346,2025-05-28 05:05:00
2025-05-28 05:10:00,-1044.326,2025-05-28 05:10:00
2025-05-28 05:15:00,-1164.356,2025-05-28 05:15:00
2025-05-28 05:20:00,-1184.286,2025-05-28 05:20:00
2025-05-28 05:25:00,-1140.336,2025-05-28 05:25:00
2025-05-28 05:30:00,-1072.316,2025-05-28 05:30:00
2025-05-28 05:35:00,-1112.326,2025-05-28 05:35:00
2025-05-28 05:40:00,-1148.316,2025-05-28 05:40:00
2025-05-28 05:45:00,-1048.336,2025-05-28 05:45:00
2025-05-28 05:50:00,-1084.316,2025-05-28 05:50:00
2025-05-28 05:55:00,-1040.326,2025-05-28 05:55:00
2025-05-28 06:00:00,-1172.316,2025-05-28 06:00:00
2025-05-28 06:05:00,-1336.316,2025-05-28 06:05:00
2025-05-28 06:10:00,-1272.356,2025-05-28 06:10:00
2025-05-28 06:15:00,-1196.316,2025-05-28 06:15:00
2025-05-28 06:20:00,-1200.316,2025-05-28 06:20:00
2025-05-28 06:25:00,-1372.276,2025-05-28 06:25:00
2025-05-28 06:30:00,-1088.316,2025-05-28 06:30:00
2025-05-28 06:35:00,-1164.306,2025-05-28 06:35:00
2025-05-28 06:40:00,-1128.316,2025-05-28 06:40:00
2025-05-28 06:45:00,-1284.306,2025-05-28 06:45:00
2025-05-28 06:50:00,-1176.336,2025-05-28 06:50:00
2025-05-28 06:55:00,-1144.356,2025-05-28 06:55:00
2025-05-28 07:00:00,-1324.316,2025-05-28 07:00:00
2025-05-28 07:05:00,-1168.346,2025-05-28 07:05:00
2025-05-28 07:10:00,-1192.326,2025-05-28 07:10:00
2025-05-28 07:15:00,-1076.336,2025-05-28 07:15:00
2025-05-28 07:20:00,-1220.316,2025-05-28 07:20:00
2025-05-28 07:25:00,-1124.316,2025-05-28 07:25:00
2025-05-28 07:30:00,-1260.316,2025-05-28 07:30:00
2025-05-28 07:35:00,-1176.336,2025-05-28 07:35:00
2025-05-28 07:40:00,-1236.316,2025-05-28 07:40:00
2025-05-28 07:45:00,-1168.346,2025-05-28 07:45:00
2025-05-28 07:50:00,-1212.346,2025-05-28 07:50:00
2025-05-28 07:55:00,-1080.336,2025-05-28 07:55:00
2025-05-28 08:00:00,9000.0,2025-05-28 08:00:00
2025-05-28 08:05:00,9000.0,2025-05-28 08:05:00
2025-05-28 08:10:00,9000.0,2025-05-28 08:10:00
2025-05-28 08:15:00,9000.0,2025-05-28 08:15:00
2025-05-28 08:20:00,9000.0,2025-05-28 08:20:00
2025-05-28 08:25:00,9000.0,2025-05-28 08:25:00
2025-05-28 08:30:00,9000.0,2025-05-28 08:30:00
2025-05-28 08:35:00,9000.0,2025-05-28 08:35:00
2025-05-28 08:40:00,9000.0,2025-05-28 08:40:00
2025-05-28 08:45:00,9000.0,2025-05-28 08:45:00
2025-05-28 08:50:00,9000.0,2025-05-28 08:50:00
2025-05-28 08:55:00,8999.987,2025-05-28 08:55:00
2025-05-28 09:00:00,693.679,2025-05-28 09:00:00
2025-05-28 09:05:00,0.0,2025-05-28 09:05:00
2025-05-28 09:10:00,0.0,2025-05-28 09:10:00
2025-05-28 09:15:00,0.0,2025-05-28 09:15:00
2025-05-28 09:20:00,0.0,2025-05-28 09:20:00
2025-05-28 09:25:00,0.0,2025-05-28 09:25:00
2025-05-28 09:30:00,0.0,2025-05-28 09:30:00
2025-05-28 09:35:00,0.0,2025-05-28 09:35:00
2025-05-28 09:40:00,0.0,2025-05-28 09:40:00
2025-05-28 09:45:00,0.0,2025-05-28 09:45:00
2025-05-28 09:50:00,0.0,2025-05-28 09:50:00
2025-05-28 09:55:00,0.0,2025-05-28 09:55:00
2025-05-28 10:00:00,0.0,2025-05-28 10:00:00
2025-05-28 10:05:00,0.0,2025-05-28 10:05:00
2025-05-28 10:10:00,0.0,2025-05-28 10:10:00
2025-05-28 10:15:00,0.0,2025-05-28 10:15:00
2025-05-28 10:20:00,0.0,2025-05-28 10:20:00
2025-05-28 10:25:00,0.0,2025-05-28 10:25:00
2025-05-28 10:30:00,0.0,2025-05-28 10:30:00
2025-05-28 10:35:00,0.0,2025-05-28 10:35:00
2025-05-28 10:40:00,0.0,2025-05-28 10:40:00
2025-05-28 10:45:00,0.0,2025-05-28 10:45:00
2025-05-28 10:50:00,0.0,2025-05-28 10:50:00
2025-05-28 10:55:00,0.0,2025-05-28 10:55:00
2025-05-28 11:00:00,-1304.336,2025-05-28 11:00:00
2025-05-28 11:05:00,-1208.326,2025-05-28 11:05:00
2025-05-28 11:10:00,-1288.346,2025-05-28 11:10:00
2025-05-28 11:15:00,-1176.286,2025-05-28 11:15:00
2025-05-28 11:20:00,-1288.286,2025-05-28 11:20:00
2025-05-28 11:25:00,-1292.346,2025-05-28 11:25:00
2025-05-28 11:30:00,-1276.326,2025-05-28 11:30:00
2025-05-28 11:35:00,-1280.336,2025-05-28 11:35:00
2025-05-28 11:40:00,-1148.336,2025-05-28 11:40:00
2025-05-28 11:45:00,-1200.306,2025-05-28 11:45:00
2025-05-28 11:50:00,-1060.356,2025-05-28 11:50:00
2025-05-28 11:55:00,-980.306,2025-05-28 11:55:00
2025-05-28 12:00:00,-988.336,2025-05-28 12:00:00
2025-05-28 12:05:00,-1056.286,2025-05-28 12:05:00
2025-05-28 12:10:00,-1244.326,2025-05-28 12:10:00
2025-05-28 12:15:00,-1020.306,2025-05-28 12:15:00
2025-05-28 12:20:00,-1036.316,2025-05-28 12:20:00
2025-05-28 12:25:00,-964.326,2025-05-28 12:25:00
2025-05-28 12:30:00,-972.336,2025-05-28 12:30:00
2025-05-28 12:35:00,-880.326,2025-05-28 12:35:00
2025-05-28 12:40:00,-940.346,2025-05-28 12:40:00
2025-05-28 12:45:00,-900.316,2025-05-28 12:45:00
2025-05-28 12:50:00,-992.316,2025-05-28 12:50:00
2025-05-28 12:55:00,-876.346,2025-05-28 12:55:00
2025-05-28 13:00:00,-1004.336,2025-05-28 13:00:00
2025-05-28 13:05:00,-888.336,2025-05-28 13:05:00
2025-05-28 13:10:00,-1100.296,2025-05-28 13:10:00
2025-05-28 13:15:00,-1020.276,2025-05-28 13:15:00
2025-05-28 13:20:00,-1036.316,2025-05-28 13:20:00
2025-05-28 13:25:00,-888.306,2025-05-28 13:25:00
2025-05-28 13:30:00,-932.316,2025-05-28 13:30:00
2025-05-28 13:35:00,-972.356,2025-05-28 13:35:00
2025-05-28 13:40:00,-1024.336,2025-05-28 13:40:00
2025-05-28 13:45:00,-936.366,2025-05-28 13:45:00
2025-05-28 13:50:00,-888.316,2025-05-28 13:50:00
2025-05-28 13:55:00,-876.316,2025-05-28 13:55:00
2025-05-28 14:00:00,-1088.346,2025-05-28 14:00:00
2025-05-28 14:05:00,-852.326,2025-05-28 14:05:00
2025-05-28 14:10:00,-1188.336,2025-05-28 14:10:00
2025-05-28 14:15:00,-940.326,2025-05-28 14:15:00
2025-05-28 14:20:00,-1028.306,2025-05-28 14:20:00
2025-05-28 14:25:00,-924.326,2025-05-28 14:25:00
2025-05-28 14:30:00,-884.356,2025-05-28 14:30:00
2025-05-28 14:35:00,-924.306,2025-05-28 14:35:00
2025-05-28 14:40:00,-948.336,2025-05-28 14:40:00
2025-05-28 14:45:00,-908.316,2025-05-28 14:45:00
2025-05-28 14:50:00,-1004.346,2025-05-28 14:50:00
2025-05-28 14:55:00,-880.306,2025-05-28 14:55:00
2025-05-28 15:00:00,-952.316,2025-05-28 15:00:00
2025-05-28 15:05:00,-1028.326,2025-05-28 15:05:00
2025-05-28 15:10:00,-976.316,2025-05-28 15:10:00
2025-05-28 15:15:00,-832.346,2025-05-28 15:15:00
2025-05-28 15:20:00,-920.316,2025-05-28 15:20:00
2025-05-28 15:25:00,-1076.326,2025-05-28 15:25:00
2025-05-28 15:30:00,-732.306,2025-05-28 15:30:00
2025-05-28 15:35:00,-816.346,2025-05-28 15:35:00
2025-05-28 15:40:00,-808.346,2025-05-28 15:40:00
2025-05-28 15:45:00,-1028.336,2025-05-28 15:45:00
2025-05-28 15:50:00,-968.326,2025-05-28 15:50:00
2025-05-28 15:55:00,-980.366,2025-05-28 15:55:00
2025-05-28 16:00:00,-856.326,2025-05-28 16:00:00
2025-05-28 16:05:00,-1036.316,2025-05-28 16:05:00
2025-05-28 16:10:00,-1056.316,2025-05-28 16:10:00
2025-05-28 16:15:00,-1028.286,2025-05-28 16:15:00
2025-05-28 16:20:00,-1180.326,2025-05-28 16:20:00
2025-05-28 16:25:00,-996.326,2025-05-28 16:25:00
2025-05-28 16:30:00,-1080.286,2025-05-28 16:30:00
2025-05-28 16:35:00,-1108.346,2025-05-28 16:35:00
2025-05-28 16:40:00,-960.316,2025-05-28 16:40:00
2025-05-28 16:45:00,-1028.336,2025-05-28 16:45:00
2025-05-28 16:50:00,-900.336,2025-05-28 16:50:00
2025-05-28 16:55:00,-1016.306,2025-05-28 16:55:00
2025-05-28 17:00:00,-1020.346,2025-05-28 17:00:00
2025-05-28 17:05:00,-1024.346,2025-05-28 17:05:00
2025-05-28 17:10:00,-832.306,2025-05-28 17:10:00
2025-05-28 17:15:00,-940.346,2025-05-28 17:15:00
2025-05-28 17:20:00,-920.346,2025-05-28 17:20:00
2025-05-28 17:25:00,-952.316,2025-05-28 17:25:00
2025-05-28 17:30:00,-772.336,2025-05-28 17:30:00
2025-05-28 17:35:00,-936.346,2025-05-28 17:35:00
2025-05-28 17:40:00,-868.346,2025-05-28 17:40:00
2025-05-28 17:45:00,-896.336,2025-05-28 17:45:00
2025-05-28 17:50:00,-860.326,2025-05-28 17:50:00
2025-05-28 17:55:00,-692.336,2025-05-28 17:55:00
2025-05-28 18:00:00,9000.0,2025-05-28 18:00:00
2025-05-28 18:05:00,9000.0,2025-05-28 18:05:00
2025-05-28 18:10:00,9000.0,2025-05-28 18:10:00
2025-05-28 18:15:00,9000.0,2025-05-28 18:15:00
2025-05-28 18:20:00,9000.0,2025-05-28 18:20:00
2025-05-28 18:25:00,9000.0,2025-05-28 18:25:00
2025-05-28 18:30:00,9000.0,2025-05-28 18:30:00
2025-05-28 18:35:00,8999.989,2025-05-28 18:35:00
2025-05-28 18:40:00,1065.879,2025-05-28 18:40:00
2025-05-28 18:45:00,0.0,2025-05-28 18:45:00
2025-05-28 18:50:00,0.0,2025-05-28 18:50:00
2025-05-28 18:55:00,0.0,2025-05-28 18:55:00
2025-05-28 19:00:00,0.0,2025-05-28 19:00:00
2025-05-28 19:05:00,0.0,2025-05-28 19:05:00
2025-05-28 19:10:00,0.0,2025-05-28 19:10:00
2025-05-28 19:15:00,0.0,2025-05-28 19:15:00
2025-05-28 19:20:00,0.0,2025-05-28 19:20:00
2025-05-28 19:25:00,0.0,2025-05-28 19:25:00
2025-05-28 19:30:00,0.0,2025-05-28 19:30:00
2025-05-28 19:35:00,0.0,2025-05-28 19:35:00
2025-05-28 19:40:00,0.0,2025-05-28 19:40:00
2025-05-28 19:45:00,0.0,2025-05-28 19:45:00
2025-05-28 19:50:00,0.0,2025-05-28 19:50:00
2025-05-28 19:55:00,0.0,2025-05-28 19:55:00
2025-05-28 20:00:00,0.0,2025-05-28 20:00:00
2025-05-28 20:05:00,0.0,2025-05-28 20:05:00
2025-05-28 20:10:00,0.0,2025-05-28 20:10:00
2025-05-28 20:15:00,0.0,2025-05-28 20:15:00
2025-05-28 20:20:00,0.0,2025-05-28 20:20:00
2025-05-28 20:25:00,0.0,2025-05-28 20:25:00
2025-05-28 20:30:00,0.0,2025-05-28 20:30:00
2025-05-28 20:35:00,0.0,2025-05-28 20:35:00
2025-05-28 20:40:00,0.0,2025-05-28 20:40:00
2025-05-28 20:45:00,0.0,2025-05-28 20:45:00
2025-05-28 20:50:00,0.0,2025-05-28 20:50:00
2025-05-28 20:55:00,0.0,2025-05-28 20:55:00
2025-05-28 21:00:00,0.0,2025-05-28 21:00:00
2025-05-28 21:05:00,0.0,2025-05-28 21:05:00
2025-05-28 21:10:00,0.0,2025-05-28 21:10:00
2025-05-28 21:15:00,0.0,2025-05-28 21:15:00
2025-05-28 21:20:00,0.0,2025-05-28 21:20:00
2025-05-28 21:25:00,0.0,2025-05-28 21:25:00
2025-05-28 21:30:00,0.0,2025-05-28 21:30:00
2025-05-28 21:35:00,0.0,2025-05-28 21:35:00
2025-05-28 21:40:00,0.0,2025-05-28 21:40:00
2025-05-28 21:45:00,0.0,2025-05-28 21:45:00
2025-05-28 21:50:00,0.0,2025-05-28 21:50:00
2025-05-28 21:55:00,0.0,2025-05-28 21:55:00
2025-05-28 22:00:00,-1077.989,2025-05-28 22:00:00
2025-05-28 22:05:00,-986.009,2025-05-28 22:05:00
2025-05-28 22:10:00,-910.009,2025-05-28 22:10:00
2025-05-28 22:15:00,-846.019,2025-05-28 22:15:00
2025-05-28 22:20:00,-830.009,2025-05-28 22:20:00
2025-05-28 22:25:00,-786.009,2025-05-28 22:25:00
2025-05-28 22:30:00,-782.009,2025-05-28 22:30:00
2025-05-28 22:35:00,-693.979,2025-05-28 22:35:00
2025-05-28 22:40:00,-849.969,2025-05-28 22:40:00
2025-05-28 22:45:00,-977.979,2025-05-28 22:45:00
2025-05-28 22:50:00,-902.009,2025-05-28 22:50:00
2025-05-28 22:55:00,-877.989,2025-05-28 22:55:00
2025-05-28 23:00:00,-933.989,2025-05-28 23:00:00
2025-05-28 23:05:00,-953.939,2025-05-28 23:05:00
2025-05-28 23:10:00,-973.959,2025-05-28 23:10:00
2025-05-28 23:15:00,-1045.969,2025-05-28 23:15:00
2025-05-28 23:20:00,-897.989,2025-05-28 23:20:00
2025-05-28 23:25:00,-969.969,2025-05-28 23:25:00
2025-05-28 23:30:00,-929.989,2025-05-28 23:30:00
2025-05-28 23:35:00,-917.999,2025-05-28 23:35:00
2025-05-28 23:40:00,-846.019,2025-05-28 23:40:00
2025-05-28 23:45:00,-790.019,2025-05-28 23:45:00
2025-05-28 23:50:00,-773.999,2025-05-28 23:50:00
2025-05-28 23:55:00,-842.029,2025-05-28 23:55:00
2025-05-29 00:00:00,-925.999,2025-05-29 00:00:00
2025-05-29 00:05:00,-929.959,2025-05-29 00:05:00
2025-05-29 00:10:00,-1022.019,2025-05-29 00:10:00
2025-05-29 00:15:00,-1025.999,2025-05-29 00:15:00
2025-05-29 00:20:00,-1045.959,2025-05-29 00:20:00
2025-05-29 00:25:00,-877.989,2025-05-29 00:25:00
2025-05-29 00:30:00,-997.999,2025-05-29 00:30:00
2025-05-29 00:35:00,-1042.009,2025-05-29 00:35:00
2025-05-29 00:40:00,-1001.999,2025-05-29 00:40:00
2025-05-29 00:45:00,-1073.989,2025-05-29 00:45:00
2025-05-29 00:50:00,-1033.969,2025-05-29 00:50:00
2025-05-29 00:55:00,-849.999,2025-05-29 00:55:00
2025-05-29 01:00:00,-933.979,2025-05-29 01:00:00
2025-05-29 01:05:00,-957.999,2025-05-29 01:05:00
2025-05-29 01:10:00,-1133.969,2025-05-29 01:10:00
2025-05-29 01:15:00,-1066.019,2025-05-29 01:15:00
2025-05-29 01:20:00,-970.019,2025-05-29 01:20:00
2025-05-29 01:25:00,-937.959,2025-05-29 01:25:00
2025-05-29 01:30:00,-1078.009,2025-05-29 01:30:00
2025-05-29 01:35:00,-1113.999,2025-05-29 01:35:00
2025-05-29 01:40:00,-858.019,2025-05-29 01:40:00
2025-05-29 01:45:00,-937.969,2025-05-29 01:45:00
2025-05-29 01:50:00,-1021.999,2025-05-29 01:50:00
2025-05-29 01:55:00,-1013.999,2025-05-29 01:55:00
2025-05-29 02:00:00,-993.999,2025-05-29 02:00:00
2025-05-29 02:05:00,-1009.989,2025-05-29 02:05:00
2025-05-29 02:10:00,-1005.999,2025-05-29 02:10:00
2025-05-29 02:15:00,-985.999,2025-05-29 02:15:00
2025-05-29 02:20:00,-821.969,2025-05-29 02:20:00
2025-05-29 02:25:00,-814.009,2025-05-29 02:25:00
2025-05-29 02:30:00,-745.999,2025-05-29 02:30:00
2025-05-29 02:35:00,-1045.979,2025-05-29 02:35:00
2025-05-29 02:40:00,-933.989,2025-05-29 02:40:00
2025-05-29 02:45:00,-953.989,2025-05-29 02:45:00
2025-05-29 02:50:00,-970.029,2025-05-29 02:50:00
2025-05-29 02:55:00,-930.029,2025-05-29 02:55:00
2025-05-29 03:00:00,-877.979,2025-05-29 03:00:00
2025-05-29 03:05:00,-933.999,2025-05-29 03:05:00
2025-05-29 03:10:00,-997.979,2025-05-29 03:10:00
2025-05-29 03:15:00,-1037.989,2025-05-29 03:15:00
2025-05-29 03:20:00,-1014.009,2025-05-29 03:20:00
2025-05-29 03:25:00,-885.959,2025-05-29 03:25:00
2025-05-29 03:30:00,-1038.029,2025-05-29 03:30:00
2025-05-29 03:35:00,-1089.999,2025-05-29 03:35:00
2025-05-29 03:40:00,-974.019,2025-05-29 03:40:00
2025-05-29 03:45:00,-1037.979,2025-05-29 03:45:00
2025-05-29 03:50:00,-1021.989,2025-05-29 03:50:00
2025-05-29 03:55:00,-1225.999,2025-05-29 03:55:00
2025-05-29 04:00:00,-870.009,2025-05-29 04:00:00
2025-05-29 04:05:00,-861.979,2025-05-29 04:05:00
2025-05-29 04:10:00,-957.989,2025-05-29 04:10:00
2025-05-29 04:15:00,-873.969,2025-05-29 04:15:00
2025-05-29 04:20:00,-1001.999,2025-05-29 04:20:00
2025-05-29 04:25:00,-894.029,2025-05-29 04:25:00
2025-05-29 04:30:00,-897.969,2025-05-29 04:30:00
2025-05-29 04:35:00,-841.949,2025-05-29 04:35:00
2025-05-29 04:40:00,-954.039,2025-05-29 04:40:00
2025-05-29 04:45:00,-969.989,2025-05-29 04:45:00
2025-05-29 04:50:00,-1049.979,2025-05-29 04:50:00
2025-05-29 04:55:00,-1085.999,2025-05-29 04:55:00
2025-05-29 05:00:00,-1205.989,2025-05-29 05:00:00
2025-05-29 05:05:00,-1041.989,2025-05-29 05:05:00
2025-05-29 05:10:00,-962.019,2025-05-29 05:10:00
2025-05-29 05:15:00,-1181.999,2025-05-29 05:15:00
2025-05-29 05:20:00,-1194.009,2025-05-29 05:20:00
2025-05-29 05:25:00,-1005.999,2025-05-29 05:25:00
2025-05-29 05:30:00,-1133.969,2025-05-29 05:30:00
2025-05-29 05:35:00,-1157.979,2025-05-29 05:35:00
2025-05-29 05:40:00,-1017.979,2025-05-29 05:40:00
2025-05-29 05:45:00,-981.979,2025-05-29 05:45:00
2025-05-29 05:50:00,-937.959,2025-05-29 05:50:00
2025-05-29 05:55:00,-1045.999,2025-05-29 05:55:00
2025-05-29 06:00:00,-1058.019,2025-05-29 06:00:00
2025-05-29 06:05:00,-989.989,2025-05-29 06:05:00
2025-05-29 06:10:00,-1090.029,2025-05-29 06:10:00
2025-05-29 06:15:00,-1049.989,2025-05-29 06:15:00
2025-05-29 06:20:00,-1102.009,2025-05-29 06:20:00
2025-05-29 06:25:00,-993.979,2025-05-29 06:25:00
2025-05-29 06:30:00,-1146.029,2025-05-29 06:30:00
2025-05-29 06:35:00,-1045.999,2025-05-29 06:35:00
2025-05-29 06:40:00,-977.939,2025-05-29 06:40:00
2025-05-29 06:45:00,-997.949,2025-05-29 06:45:00
2025-05-29 06:50:00,-1113.979,2025-05-29 06:50:00
2025-05-29 06:55:00,-1130.019,2025-05-29 06:55:00
2025-05-29 07:00:00,-1189.959,2025-05-29 07:00:00
2025-05-29 07:05:00,-941.939,2025-05-29 07:05:00
2025-05-29 07:10:00,-934.009,2025-05-29 07:10:00
2025-05-29 07:15:00,-1021.999,2025-05-29 07:15:00
2025-05-29 07:20:00,-1101.979,2025-05-29 07:20:00
2025-05-29 07:25:00,-1081.989,2025-05-29 07:25:00
2025-05-29 07:30:00,-1129.989,2025-05-29 07:30:00
2025-05-29 07:35:00,-1009.969,2025-05-29 07:35:00
2025-05-29 07:40:00,-1177.999,2025-05-29 07:40:00
2025-05-29 07:45:00,-1129.959,2025-05-29 07:45:00
2025-05-29 07:50:00,-1081.969,2025-05-29 07:50:00
2025-05-29 07:55:00,-1130.029,2025-05-29 07:55:00
2025-05-29 08:00:00,9000.0,2025-05-29 08:00:00
2025-05-29 08:05:00,9000.0,2025-05-29 08:05:00
2025-05-29 08:10:00,9000.0,2025-05-29 08:10:00
2025-05-29 08:15:00,9000.0,2025-05-29 08:15:00
2025-05-29 08:20:00,9000.0,2025-05-29 08:20:00
2025-05-29 08:25:00,9000.0,2025-05-29 08:25:00
2025-05-29 08:30:00,9000.0,2025-05-29 08:30:00
2025-05-29 08:35:00,9000.0,2025-05-29 08:35:00
2025-05-29 08:40:00,9000.0,2025-05-29 08:40:00
2025-05-29 08:45:00,9000.0,2025-05-29 08:45:00
2025-05-29 08:50:00,9000.0,2025-05-29 08:50:00
2025-05-29 08:55:00,4438.85,2025-05-29 08:55:00
2025-05-29 09:00:00,0.0,2025-05-29 09:00:00
2025-05-29 09:05:00,0.0,2025-05-29 09:05:00
2025-05-29 09:10:00,0.0,2025-05-29 09:10:00
2025-05-29 09:15:00,0.0,2025-05-29 09:15:00
2025-05-29 09:20:00,0.0,2025-05-29 09:20:00
2025-05-29 09:25:00,0.0,2025-05-29 09:25:00
2025-05-29 09:30:00,0.0,2025-05-29 09:30:00
2025-05-29 09:35:00,0.0,2025-05-29 09:35:00
2025-05-29 09:40:00,0.0,2025-05-29 09:40:00
2025-05-29 09:45:00,0.0,2025-05-29 09:45:00
2025-05-29 09:50:00,0.0,2025-05-29 09:50:00
2025-05-29 09:55:00,0.0,2025-05-29 09:55:00
2025-05-29 10:00:00,0.0,2025-05-29 10:00:00
2025-05-29 10:05:00,0.0,2025-05-29 10:05:00
2025-05-29 10:10:00,0.0,2025-05-29 10:10:00
2025-05-29 10:15:00,0.0,2025-05-29 10:15:00
2025-05-29 10:20:00,0.0,2025-05-29 10:20:00
2025-05-29 10:25:00,0.0,2025-05-29 10:25:00
2025-05-29 10:30:00,0.0,2025-05-29 10:30:00
2025-05-29 10:35:00,0.0,2025-05-29 10:35:00
2025-05-29 10:40:00,0.0,2025-05-29 10:40:00
2025-05-29 10:45:00,0.0,2025-05-29 10:45:00
2025-05-29 10:50:00,0.0,2025-05-29 10:50:00
2025-05-29 10:55:00,0.0,2025-05-29 10:55:00
2025-05-29 11:00:00,-1125.999,2025-05-29 11:00:00
2025-05-29 11:05:00,-1193.979,2025-05-29 11:05:00
2025-05-29 11:10:00,-1201.969,2025-05-29 11:10:00
2025-05-29 11:15:00,-1101.999,2025-05-29 11:15:00
2025-05-29 11:20:00,-1173.979,2025-05-29 11:20:00
2025-05-29 11:25:00,-1118.009,2025-05-29 11:25:00
2025-05-29 11:30:00,-1061.969,2025-05-29 11:30:00
2025-05-29 11:35:00,-1129.979,2025-05-29 11:35:00
2025-05-29 11:40:00,-1050.009,2025-05-29 11:40:00
2025-05-29 11:45:00,-1118.009,2025-05-29 11:45:00
2025-05-29 11:50:00,-1182.009,2025-05-29 11:50:00
2025-05-29 11:55:00,-1097.999,2025-05-29 11:55:00
2025-05-29 12:00:00,-1266.009,2025-05-29 12:00:00
2025-05-29 12:05:00,-1089.989,2025-05-29 12:05:00
2025-05-29 12:10:00,-1226.029,2025-05-29 12:10:00
2025-05-29 12:15:00,-1029.989,2025-05-29 12:15:00
2025-05-29 12:20:00,-826.009,2025-05-29 12:20:00
2025-05-29 12:25:00,-1045.989,2025-05-29 12:25:00
2025-05-29 12:30:00,-993.999,2025-05-29 12:30:00
2025-05-29 12:35:00,-925.989,2025-05-29 12:35:00
2025-05-29 12:40:00,-1013.959,2025-05-29 12:40:00
2025-05-29 12:45:00,-953.969,2025-05-29 12:45:00
2025-05-29 12:50:00,-1045.999,2025-05-29 12:50:00
2025-05-29 12:55:00,-1181.979,2025-05-29 12:55:00
2025-05-29 13:00:00,-1129.989,2025-05-29 13:00:00
2025-05-29 13:05:00,-1097.969,2025-05-29 13:05:00
2025-05-29 13:10:00,-1089.989,2025-05-29 13:10:00
2025-05-29 13:15:00,-1085.969,2025-05-29 13:15:00
2025-05-29 13:20:00,-1045.969,2025-05-29 13:20:00
2025-05-29 13:25:00,-1141.969,2025-05-29 13:25:00
2025-05-29 13:30:00,-1009.949,2025-05-29 13:30:00
2025-05-29 13:35:00,-1001.979,2025-05-29 13:35:00
2025-05-29 13:40:00,-1037.999,2025-05-29 13:40:00
2025-05-29 13:45:00,-1018.009,2025-05-29 13:45:00
2025-05-29 13:50:00,-889.969,2025-05-29 13:50:00
2025-05-29 13:55:00,-937.979,2025-05-29 13:55:00
2025-05-29 14:00:00,-709.969,2025-05-29 14:00:00
2025-05-29 14:05:00,-898.029,2025-05-29 14:05:00
2025-05-29 14:10:00,-982.009,2025-05-29 14:10:00
2025-05-29 14:15:00,-893.969,2025-05-29 14:15:00
2025-05-29 14:20:00,-1089.979,2025-05-29 14:20:00
2025-05-29 14:25:00,-877.999,2025-05-29 14:25:00
2025-05-29 14:30:00,-825.939,2025-05-29 14:30:00
2025-05-29 14:35:00,-985.999,2025-05-29 14:35:00
2025-05-29 14:40:00,-893.999,2025-05-29 14:40:00
2025-05-29 14:45:00,-921.939,2025-05-29 14:45:00
2025-05-29 14:50:00,-1006.009,2025-05-29 14:50:00
2025-05-29 14:55:00,-869.999,2025-05-29 14:55:00
2025-05-29 15:00:00,-973.989,2025-05-29 15:00:00
2025-05-29 15:05:00,-957.969,2025-05-29 15:05:00
2025-05-29 15:10:00,-925.979,2025-05-29 15:10:00
2025-05-29 15:15:00,-1125.959,2025-05-29 15:15:00
2025-05-29 15:20:00,-889.949,2025-05-29 15:20:00
2025-05-29 15:25:00,-905.959,2025-05-29 15:25:00
2025-05-29 15:30:00,-837.979,2025-05-29 15:30:00
2025-05-29 15:35:00,-1001.999,2025-05-29 15:35:00
2025-05-29 15:40:00,-1030.009,2025-05-29 15:40:00
2025-05-29 15:45:00,-1073.949,2025-05-29 15:45:00
2025-05-29 15:50:00,-1009.979,2025-05-29 15:50:00
2025-05-29 15:55:00,-1065.949,2025-05-29 15:55:00
2025-05-29 16:00:00,-825.969,2025-05-29 16:00:00
2025-05-29 16:05:00,-870.009,2025-05-29 16:05:00
2025-05-29 16:10:00,-910.009,2025-05-29 16:10:00
2025-05-29 16:15:00,-789.979,2025-05-29 16:15:00
2025-05-29 16:20:00,-985.979,2025-05-29 16:20:00
2025-05-29 16:25:00,-853.979,2025-05-29 16:25:00
2025-05-29 16:30:00,-925.989,2025-05-29 16:30:00
2025-05-29 16:35:00,-777.969,2025-05-29 16:35:00
2025-05-29 16:40:00,-1045.969,2025-05-29 16:40:00
2025-05-29 16:45:00,-938.009,2025-05-29 16:45:00
2025-05-29 16:50:00,-833.979,2025-05-29 16:50:00
2025-05-29 16:55:00,-1001.979,2025-05-29 16:55:00
2025-05-29 17:00:00,-1137.969,2025-05-29 17:00:00
2025-05-29 17:05:00,-1185.989,2025-05-29 17:05:00
2025-05-29 17:10:00,-1224.369,2025-05-29 17:10:00
2025-05-29 17:15:00,-1224.369,2025-05-29 17:15:00
2025-05-29 17:20:00,-1301.969,2025-05-29 17:20:00
2025-05-29 17:25:00,-1301.969,2025-05-29 17:25:00
2025-05-29 17:30:00,-1009.979,2025-05-29 17:30:00
2025-05-29 17:35:00,-1029.979,2025-05-29 17:35:00
2025-05-29 17:40:00,-1137.979,2025-05-29 17:40:00
2025-05-29 17:45:00,-978.009,2025-05-29 17:45:00
2025-05-29 17:50:00,-998.019,2025-05-29 17:50:00
2025-05-29 17:55:00,-946.009,2025-05-29 17:55:00
2025-05-29 18:00:00,9000.0,2025-05-29 18:00:00
2025-05-29 18:05:00,9000.0,2025-05-29 18:05:00
2025-05-29 18:10:00,9000.0,2025-05-29 18:10:00
2025-05-29 18:15:00,9000.0,2025-05-29 18:15:00
2025-05-29 18:20:00,9000.0,2025-05-29 18:20:00
2025-05-29 18:25:00,9000.0,2025-05-29 18:25:00
2025-05-29 18:30:00,9000.0,2025-05-29 18:30:00
2025-05-29 18:35:00,9000.0,2025-05-29 18:35:00
2025-05-29 18:40:00,2845.431,2025-05-29 18:40:00
2025-05-29 18:45:00,0.0,2025-05-29 18:45:00
2025-05-29 18:50:00,0.0,2025-05-29 18:50:00
2025-05-29 18:55:00,0.0,2025-05-29 18:55:00
2025-05-29 19:00:00,0.0,2025-05-29 19:00:00
2025-05-29 19:05:00,0.0,2025-05-29 19:05:00
2025-05-29 19:10:00,0.0,2025-05-29 19:10:00
2025-05-29 19:15:00,0.0,2025-05-29 19:15:00
2025-05-29 19:20:00,0.0,2025-05-29 19:20:00
2025-05-29 19:25:00,0.0,2025-05-29 19:25:00
2025-05-29 19:30:00,0.0,2025-05-29 19:30:00
2025-05-29 19:35:00,0.0,2025-05-29 19:35:00
2025-05-29 19:40:00,0.0,2025-05-29 19:40:00
2025-05-29 19:45:00,0.0,2025-05-29 19:45:00
2025-05-29 19:50:00,0.0,2025-05-29 19:50:00
2025-05-29 19:55:00,0.0,2025-05-29 19:55:00
2025-05-29 20:00:00,0.0,2025-05-29 20:00:00
2025-05-29 20:05:00,0.0,2025-05-29 20:05:00
2025-05-29 20:10:00,0.0,2025-05-29 20:10:00
2025-05-29 20:15:00,0.0,2025-05-29 20:15:00
2025-05-29 20:20:00,0.0,2025-05-29 20:20:00
2025-05-29 20:25:00,0.0,2025-05-29 20:25:00
2025-05-29 20:30:00,0.0,2025-05-29 20:30:00
2025-05-29 20:35:00,0.0,2025-05-29 20:35:00
2025-05-29 20:40:00,0.0,2025-05-29 20:40:00
2025-05-29 20:45:00,0.0,2025-05-29 20:45:00
2025-05-29 20:50:00,0.0,2025-05-29 20:50:00
2025-05-29 20:55:00,0.0,2025-05-29 20:55:00
2025-05-29 21:00:00,0.0,2025-05-29 21:00:00
2025-05-29 21:05:00,0.0,2025-05-29 21:05:00
2025-05-29 21:10:00,0.0,2025-05-29 21:10:00
2025-05-29 21:15:00,0.0,2025-05-29 21:15:00
2025-05-29 21:20:00,0.0,2025-05-29 21:20:00
2025-05-29 21:25:00,0.0,2025-05-29 21:25:00
2025-05-29 21:30:00,0.0,2025-05-29 21:30:00
2025-05-29 21:35:00,0.0,2025-05-29 21:35:00
2025-05-29 21:40:00,0.0,2025-05-29 21:40:00
2025-05-29 21:45:00,0.0,2025-05-29 21:45:00
2025-05-29 21:50:00,0.0,2025-05-29 21:50:00
2025-05-29 21:55:00,0.0,2025-05-29 21:55:00
2025-05-29 22:00:00,-1218.05,2025-05-29 22:00:00
2025-05-29 22:05:00,-1090.08,2025-05-29 22:05:00
2025-05-29 22:10:00,-1130.05,2025-05-29 22:10:00
2025-05-29 22:15:00,-1106.02,2025-05-29 22:15:00
2025-05-29 22:20:00,-893.99,2025-05-29 22:20:00
2025-05-29 22:25:00,-998.01,2025-05-29 22:25:00
2025-05-29 22:30:00,-822.01,2025-05-29 22:30:00
2025-05-29 22:35:00,-938.0,2025-05-29 22:35:00
2025-05-29 22:40:00,-942.07,2025-05-29 22:40:00
2025-05-29 22:45:00,-1014.03,2025-05-29 22:45:00
2025-05-29 22:50:00,-890.03,2025-05-29 22:50:00
2025-05-29 22:55:00,-950.04,2025-05-29 22:55:00
2025-05-29 23:00:00,-802.04,2025-05-29 23:00:00
2025-05-29 23:05:00,-938.04,2025-05-29 23:05:00
2025-05-29 23:10:00,-954.04,2025-05-29 23:10:00
2025-05-29 23:15:00,-942.04,2025-05-29 23:15:00
2025-05-29 23:20:00,-886.03,2025-05-29 23:20:00
2025-05-29 23:25:00,-1002.04,2025-05-29 23:25:00
2025-05-29 23:30:00,-914.05,2025-05-29 23:30:00
2025-05-29 23:35:00,-898.06,2025-05-29 23:35:00
2025-05-29 23:40:00,-762.06,2025-05-29 23:40:00
2025-05-29 23:45:00,-750.03,2025-05-29 23:45:00
2025-05-29 23:50:00,-850.05,2025-05-29 23:50:00
2025-05-29 23:55:00,-970.03,2025-05-29 23:55:00
2025-05-30 00:00:00,-758.03,2025-05-30 00:00:00
2025-05-30 00:05:00,-870.03,2025-05-30 00:05:00
2025-05-30 00:10:00,-758.04,2025-05-30 00:10:00
2025-05-30 00:15:00,-810.02,2025-05-30 00:15:00
2025-05-30 00:20:00,-898.04,2025-05-30 00:20:00
2025-05-30 00:25:00,-770.05,2025-05-30 00:25:00
2025-05-30 00:30:00,-902.04,2025-05-30 00:30:00
2025-05-30 00:35:00,-798.05,2025-05-30 00:35:00
2025-05-30 00:40:00,-886.06,2025-05-30 00:40:00
2025-05-30 00:45:00,-930.0,2025-05-30 00:45:00
2025-05-30 00:50:00,-1046.05,2025-05-30 00:50:00
2025-05-30 00:55:00,-826.04,2025-05-30 00:55:00
2025-05-30 01:00:00,-806.06,2025-05-30 01:00:00
2025-05-30 01:05:00,-1002.08,2025-05-30 01:05:00
2025-05-30 01:10:00,-1058.03,2025-05-30 01:10:00
2025-05-30 01:15:00,-914.02,2025-05-30 01:15:00
2025-05-30 01:20:00,-822.01,2025-05-30 01:20:00
2025-05-30 01:25:00,-958.01,2025-05-30 01:25:00
2025-05-30 01:30:00,-874.01,2025-05-30 01:30:00
2025-05-30 01:35:00,-918.05,2025-05-30 01:35:00
2025-05-30 01:40:00,-850.07,2025-05-30 01:40:00
2025-05-30 01:45:00,-854.05,2025-05-30 01:45:00
2025-05-30 01:50:00,-866.02,2025-05-30 01:50:00
2025-05-30 01:55:00,-838.02,2025-05-30 01:55:00
2025-05-30 02:00:00,-854.06,2025-05-30 02:00:00
2025-05-30 02:05:00,-962.04,2025-05-30 02:05:00
2025-05-30 02:10:00,-985.99,2025-05-30 02:10:00
2025-05-30 02:15:00,-970.03,2025-05-30 02:15:00
2025-05-30 02:20:00,-942.03,2025-05-30 02:20:00
2025-05-30 02:25:00,-894.04,2025-05-30 02:25:00
2025-05-30 02:30:00,-1170.03,2025-05-30 02:30:00
2025-05-30 02:35:00,-1162.02,2025-05-30 02:35:00
2025-05-30 02:40:00,-1114.04,2025-05-30 02:40:00
2025-05-30 02:45:00,-1214.02,2025-05-30 02:45:00
2025-05-30 02:50:00,-1122.04,2025-05-30 02:50:00
2025-05-30 02:55:00,-1134.05,2025-05-30 02:55:00
2025-05-30 03:00:00,-1114.03,2025-05-30 03:00:00
2025-05-30 03:05:00,-1234.03,2025-05-30 03:05:00
2025-05-30 03:10:00,-1210.05,2025-05-30 03:10:00
2025-05-30 03:15:00,-1018.05,2025-05-30 03:15:00
2025-05-30 03:20:00,-1146.04,2025-05-30 03:20:00
2025-05-30 03:25:00,-1050.03,2025-05-30 03:25:00
2025-05-30 03:30:00,-1158.04,2025-05-30 03:30:00
2025-05-30 03:35:00,-1130.04,2025-05-30 03:35:00
2025-05-30 03:40:00,-1106.04,2025-05-30 03:40:00
2025-05-30 03:45:00,-1010.01,2025-05-30 03:45:00
2025-05-30 03:50:00,-926.05,2025-05-30 03:50:00
2025-05-30 03:55:00,-874.05,2025-05-30 03:55:00
2025-05-30 04:00:00,-914.02,2025-05-30 04:00:00
2025-05-30 04:05:00,-882.04,2025-05-30 04:05:00
2025-05-30 04:10:00,-3982.01,2025-05-30 04:10:00
2025-05-30 04:15:00,-962.05,2025-05-30 04:15:00
2025-05-30 04:20:00,-990.06,2025-05-30 04:20:00
2025-05-30 04:25:00,-1070.02,2025-05-30 04:25:00
2025-05-30 04:30:00,-938.04,2025-05-30 04:30:00
2025-05-30 04:35:00,-914.04,2025-05-30 04:35:00
2025-05-30 04:40:00,-846.06,2025-05-30 04:40:00
2025-05-30 04:45:00,-990.05,2025-05-30 04:45:00
2025-05-30 04:50:00,-994.05,2025-05-30 04:50:00
2025-05-30 04:55:00,-906.03,2025-05-30 04:55:00
2025-05-30 05:00:00,-914.04,2025-05-30 05:00:00
2025-05-30 05:05:00,-942.05,2025-05-30 05:05:00
2025-05-30 05:10:00,-1006.02,2025-05-30 05:10:00
2025-05-30 05:15:00,-966.02,2025-05-30 05:15:00
2025-05-30 05:20:00,-1042.03,2025-05-30 05:20:00
2025-05-30 05:25:00,-830.05,2025-05-30 05:25:00
2025-05-30 05:30:00,-874.07,2025-05-30 05:30:00
2025-05-30 05:35:00,-742.05,2025-05-30 05:35:00
2025-05-30 05:40:00,-1030.03,2025-05-30 05:40:00
2025-05-30 05:45:00,-914.03,2025-05-30 05:45:00
2025-05-30 05:50:00,-894.02,2025-05-30 05:50:00
2025-05-30 05:55:00,-882.05,2025-05-30 05:55:00
2025-05-30 06:00:00,-846.04,2025-05-30 06:00:00
2025-05-30 06:05:00,-958.05,2025-05-30 06:05:00
2025-05-30 06:10:00,-930.05,2025-05-30 06:10:00
2025-05-30 06:15:00,-1126.02,2025-05-30 06:15:00
2025-05-30 06:20:00,-990.05,2025-05-30 06:20:00
2025-05-30 06:25:00,-846.05,2025-05-30 06:25:00
2025-05-30 06:30:00,-978.05,2025-05-30 06:30:00
2025-05-30 06:35:00,-1134.02,2025-05-30 06:35:00
2025-05-30 06:40:00,-998.03,2025-05-30 06:40:00
2025-05-30 06:45:00,-926.05,2025-05-30 06:45:00
2025-05-30 06:50:00,-826.07,2025-05-30 06:50:00
2025-05-30 06:55:00,-1070.07,2025-05-30 06:55:00
2025-05-30 07:00:00,-986.04,2025-05-30 07:00:00
2025-05-30 07:05:00,-990.07,2025-05-30 07:05:00
2025-05-30 07:10:00,-1026.04,2025-05-30 07:10:00
2025-05-30 07:15:00,-974.04,2025-05-30 07:15:00
2025-05-30 07:20:00,-878.04,2025-05-30 07:20:00
2025-05-30 07:25:00,-1002.04,2025-05-30 07:25:00
2025-05-30 07:30:00,-962.03,2025-05-30 07:30:00
2025-05-30 07:35:00,-1038.05,2025-05-30 07:35:00
2025-05-30 07:40:00,-1102.05,2025-05-30 07:40:00
2025-05-30 07:45:00,-1182.04,2025-05-30 07:45:00
2025-05-30 07:50:00,-894.04,2025-05-30 07:50:00
2025-05-30 07:55:00,-894.07,2025-05-30 07:55:00
2025-05-30 08:00:00,9000.0,2025-05-30 08:00:00
2025-05-30 08:05:00,9000.0,2025-05-30 08:05:00
2025-05-30 08:10:00,9000.0,2025-05-30 08:10:00
2025-05-30 08:15:00,9000.0,2025-05-30 08:15:00
2025-05-30 08:20:00,9000.0,2025-05-30 08:20:00
2025-05-30 08:25:00,9000.0,2025-05-30 08:25:00
2025-05-30 08:30:00,9000.0,2025-05-30 08:30:00
2025-05-30 08:35:00,9000.0,2025-05-30 08:35:00
2025-05-30 08:40:00,9000.0,2025-05-30 08:40:00
2025-05-30 08:45:00,9000.0,2025-05-30 08:45:00
2025-05-30 08:50:00,9000.0,2025-05-30 08:50:00
2025-05-30 08:55:00,4268.924,2025-05-30 08:55:00
2025-05-30 09:00:00,0.0,2025-05-30 09:00:00
2025-05-30 09:05:00,0.0,2025-05-30 09:05:00
2025-05-30 09:10:00,0.0,2025-05-30 09:10:00
2025-05-30 09:15:00,0.0,2025-05-30 09:15:00
2025-05-30 09:20:00,0.0,2025-05-30 09:20:00
2025-05-30 09:25:00,0.0,2025-05-30 09:25:00
2025-05-30 09:30:00,0.0,2025-05-30 09:30:00
2025-05-30 09:35:00,0.0,2025-05-30 09:35:00
2025-05-30 09:40:00,0.0,2025-05-30 09:40:00
2025-05-30 09:45:00,0.0,2025-05-30 09:45:00
2025-05-30 09:50:00,0.0,2025-05-30 09:50:00
2025-05-30 09:55:00,0.0,2025-05-30 09:55:00
2025-05-30 10:00:00,0.0,2025-05-30 10:00:00
2025-05-30 10:05:00,0.0,2025-05-30 10:05:00
2025-05-30 10:10:00,0.0,2025-05-30 10:10:00
2025-05-30 10:15:00,0.0,2025-05-30 10:15:00
2025-05-30 10:20:00,0.0,2025-05-30 10:20:00
2025-05-30 10:25:00,0.0,2025-05-30 10:25:00
2025-05-30 10:30:00,0.0,2025-05-30 10:30:00
2025-05-30 10:35:00,0.0,2025-05-30 10:35:00
2025-05-30 10:40:00,0.0,2025-05-30 10:40:00
2025-05-30 10:45:00,0.0,2025-05-30 10:45:00
2025-05-30 10:50:00,0.0,2025-05-30 10:50:00
2025-05-30 10:55:00,0.0,2025-05-30 10:55:00
2025-05-30 11:00:00,-1050.06,2025-05-30 11:00:00
2025-05-30 11:05:00,-998.08,2025-05-30 11:05:00
2025-05-30 11:10:00,-1014.04,2025-05-30 11:10:00
2025-05-30 11:15:00,-938.05,2025-05-30 11:15:00
2025-05-30 11:20:00,-882.05,2025-05-30 11:20:00
2025-05-30 11:25:00,-1078.08,2025-05-30 11:25:00
2025-05-30 11:30:00,-846.07,2025-05-30 11:30:00
2025-05-30 11:35:00,-798.01,2025-05-30 11:35:00
2025-05-30 11:40:00,-770.05,2025-05-30 11:40:00
2025-05-30 11:45:00,-898.04,2025-05-30 11:45:00
2025-05-30 11:50:00,-822.01,2025-05-30 11:50:00
2025-05-30 11:55:00,-794.07,2025-05-30 11:55:00
2025-05-30 12:00:00,-934.04,2025-05-30 12:00:00
2025-05-30 12:05:00,-906.05,2025-05-30 12:05:00
2025-05-30 12:10:00,-846.05,2025-05-30 12:10:00
2025-05-30 12:15:00,-926.0,2025-05-30 12:15:00
2025-05-30 12:20:00,-862.03,2025-05-30 12:20:00
2025-05-30 12:25:00,-914.04,2025-05-30 12:25:00
2025-05-30 12:30:00,-1134.05,2025-05-30 12:30:00
2025-05-30 12:35:00,-1054.05,2025-05-30 12:35:00
2025-05-30 12:40:00,-921.99,2025-05-30 12:40:00
2025-05-30 12:45:00,-982.0,2025-05-30 12:45:00
2025-05-30 12:50:00,-1046.02,2025-05-30 12:50:00
2025-05-30 12:55:00,-1005.99,2025-05-30 12:55:00
2025-05-30 13:00:00,-950.04,2025-05-30 13:00:00
2025-05-30 13:05:00,-938.05,2025-05-30 13:05:00
2025-05-30 13:10:00,-1066.03,2025-05-30 13:10:00
2025-05-30 13:15:00,-1046.05,2025-05-30 13:15:00
2025-05-30 13:20:00,-998.06,2025-05-30 13:20:00
2025-05-30 13:25:00,-1150.07,2025-05-30 13:25:00
2025-05-30 13:30:00,-1006.02,2025-05-30 13:30:00
2025-05-30 13:35:00,-1022.02,2025-05-30 13:35:00
2025-05-30 13:40:00,-1134.02,2025-05-30 13:40:00
2025-05-30 13:45:00,-1170.02,2025-05-30 13:45:00
2025-05-30 13:50:00,-1006.03,2025-05-30 13:50:00
2025-05-30 13:55:00,-946.05,2025-05-30 13:55:00
2025-05-30 14:00:00,-906.05,2025-05-30 14:00:00
2025-05-30 14:05:00,-970.01,2025-05-30 14:05:00
2025-05-30 14:10:00,-1050.04,2025-05-30 14:10:00
2025-05-30 14:15:00,-974.06,2025-05-30 14:15:00
2025-05-30 14:20:00,-950.06,2025-05-30 14:20:00
2025-05-30 14:25:00,-970.08,2025-05-30 14:25:00
2025-05-30 14:30:00,-1074.05,2025-05-30 14:30:00
2025-05-30 14:35:00,-922.02,2025-05-30 14:35:00
2025-05-30 14:40:00,-970.03,2025-05-30 14:40:00
2025-05-30 14:45:00,-1034.04,2025-05-30 14:45:00
2025-05-30 14:50:00,-1002.03,2025-05-30 14:50:00
2025-05-30 14:55:00,-1130.07,2025-05-30 14:55:00
2025-05-30 15:00:00,-1210.01,2025-05-30 15:00:00
2025-05-30 15:05:00,-1062.02,2025-05-30 15:05:00
2025-05-30 15:10:00,-1209.99,2025-05-30 15:10:00
2025-05-30 15:15:00,-926.02,2025-05-30 15:15:00
2025-05-30 15:20:00,-1126.02,2025-05-30 15:20:00
2025-05-30 15:25:00,-1186.07,2025-05-30 15:25:00
2025-05-30 15:30:00,-1074.03,2025-05-30 15:30:00
2025-05-30 15:35:00,-1114.02,2025-05-30 15:35:00
2025-05-30 15:40:00,-1062.05,2025-05-30 15:40:00
2025-05-30 15:45:00,-1122.05,2025-05-30 15:45:00
2025-05-30 15:50:00,-1038.04,2025-05-30 15:50:00
2025-05-30 15:55:00,-1030.04,2025-05-30 15:55:00
2025-05-30 16:00:00,-1074.06,2025-05-30 16:00:00
2025-05-30 16:05:00,-954.03,2025-05-30 16:05:00
2025-05-30 16:10:00,-1174.03,2025-05-30 16:10:00
2025-05-30 16:15:00,-1106.04,2025-05-30 16:15:00
2025-05-30 16:20:00,-1022.01,2025-05-30 16:20:00
2025-05-30 16:25:00,-1202.03,2025-05-30 16:25:00
2025-05-30 16:30:00,-1050.05,2025-05-30 16:30:00
2025-05-30 16:35:00,-1154.05,2025-05-30 16:35:00
2025-05-30 16:40:00,-1094.05,2025-05-30 16:40:00
2025-05-30 16:45:00,-886.04,2025-05-30 16:45:00
2025-05-30 16:50:00,-890.05,2025-05-30 16:50:00
2025-05-30 16:55:00,-1906.04,2025-05-30 16:55:00
2025-05-30 17:00:00,-1026.04,2025-05-30 17:00:00
2025-05-30 17:05:00,-898.03,2025-05-30 17:05:00
2025-05-30 17:10:00,-910.07,2025-05-30 17:10:00
2025-05-30 17:15:00,-1070.05,2025-05-30 17:15:00
2025-05-30 17:20:00,-1026.05,2025-05-30 17:20:00
2025-05-30 17:25:00,-974.02,2025-05-30 17:25:00
2025-05-30 17:30:00,-806.06,2025-05-30 17:30:00
2025-05-30 17:35:00,-1094.05,2025-05-30 17:35:00
2025-05-30 17:40:00,-1014.05,2025-05-30 17:40:00
2025-05-30 17:45:00,-1446.02,2025-05-30 17:45:00
2025-05-30 17:50:00,-1022.08,2025-05-30 17:50:00
2025-05-30 17:55:00,-1022.03,2025-05-30 17:55:00
2025-05-30 18:00:00,9000.0,2025-05-30 18:00:00
2025-05-30 18:05:00,9000.0,2025-05-30 18:05:00
2025-05-30 18:10:00,9000.0,2025-05-30 18:10:00
2025-05-30 18:15:00,9000.0,2025-05-30 18:15:00
2025-05-30 18:20:00,9000.0,2025-05-30 18:20:00
2025-05-30 18:25:00,9000.0,2025-05-30 18:25:00
2025-05-30 18:30:00,9000.0,2025-05-30 18:30:00
2025-05-30 18:35:00,9000.0,2025-05-30 18:35:00
2025-05-30 18:40:00,2978.117,2025-05-30 18:40:00
2025-05-30 18:45:00,0.0,2025-05-30 18:45:00
2025-05-30 18:50:00,0.0,2025-05-30 18:50:00
2025-05-30 18:55:00,0.0,2025-05-30 18:55:00
2025-05-30 19:00:00,0.0,2025-05-30 19:00:00
2025-05-30 19:05:00,0.0,2025-05-30 19:05:00
2025-05-30 19:10:00,0.0,2025-05-30 19:10:00
2025-05-30 19:15:00,0.0,2025-05-30 19:15:00
2025-05-30 19:20:00,0.0,2025-05-30 19:20:00
2025-05-30 19:25:00,0.0,2025-05-30 19:25:00
2025-05-30 19:30:00,0.0,2025-05-30 19:30:00
2025-05-30 19:35:00,0.0,2025-05-30 19:35:00
2025-05-30 19:40:00,0.0,2025-05-30 19:40:00
2025-05-30 19:45:00,0.0,2025-05-30 19:45:00
2025-05-30 19:50:00,0.0,2025-05-30 19:50:00
2025-05-30 19:55:00,0.0,2025-05-30 19:55:00
2025-05-30 20:00:00,0.0,2025-05-30 20:00:00
2025-05-30 20:05:00,0.0,2025-05-30 20:05:00
2025-05-30 20:10:00,0.0,2025-05-30 20:10:00
2025-05-30 20:15:00,0.0,2025-05-30 20:15:00
2025-05-30 20:20:00,0.0,2025-05-30 20:20:00
2025-05-30 20:25:00,0.0,2025-05-30 20:25:00
2025-05-30 20:30:00,0.0,2025-05-30 20:30:00
2025-05-30 20:35:00,0.0,2025-05-30 20:35:00
2025-05-30 20:40:00,0.0,2025-05-30 20:40:00
2025-05-30 20:45:00,0.0,2025-05-30 20:45:00
2025-05-30 20:50:00,0.0,2025-05-30 20:50:00
2025-05-30 20:55:00,0.0,2025-05-30 20:55:00
2025-05-30 21:00:00,0.0,2025-05-30 21:00:00
2025-05-30 21:05:00,0.0,2025-05-30 21:05:00
2025-05-30 21:10:00,0.0,2025-05-30 21:10:00
2025-05-30 21:15:00,0.0,2025-05-30 21:15:00
2025-05-30 21:20:00,0.0,2025-05-30 21:20:00
2025-05-30 21:25:00,0.0,2025-05-30 21:25:00
2025-05-30 21:30:00,0.0,2025-05-30 21:30:00
2025-05-30 21:35:00,0.0,2025-05-30 21:35:00
2025-05-30 21:40:00,0.0,2025-05-30 21:40:00
2025-05-30 21:45:00,0.0,2025-05-30 21:45:00
2025-05-30 21:50:00,0.0,2025-05-30 21:50:00
2025-05-30 21:55:00,0.0,2025-05-30 21:55:00
2025-05-30 22:00:00,-971.344,2025-05-30 22:00:00
2025-05-30 22:05:00,-831.284,2025-05-30 22:05:00
2025-05-30 22:10:00,-891.364,2025-05-30 22:10:00
2025-05-30 22:15:00,-787.334,2025-05-30 22:15:00
2025-05-30 22:20:00,-819.354,2025-05-30 22:20:00
2025-05-30 22:25:00,-735.294,2025-05-30 22:25:00
2025-05-30 22:30:00,-815.344,2025-05-30 22:30:00
2025-05-30 22:35:00,-987.314,2025-05-30 22:35:00
2025-05-30 22:40:00,-855.344,2025-05-30 22:40:00
2025-05-30 22:45:00,-791.294,2025-05-30 22:45:00
2025-05-30 22:50:00,-931.354,2025-05-30 22:50:00
2025-05-30 22:55:00,-1015.344,2025-05-30 22:55:00
2025-05-30 23:00:00,-947.294,2025-05-30 23:00:00
2025-05-30 23:05:00,-899.364,2025-05-30 23:05:00
2025-05-30 23:10:00,-931.324,2025-05-30 23:10:00
2025-05-30 23:15:00,-907.304,2025-05-30 23:15:00
2025-05-30 23:20:00,-871.294,2025-05-30 23:20:00
2025-05-30 23:25:00,-939.374,2025-05-30 23:25:00
2025-05-30 23:30:00,-903.344,2025-05-30 23:30:00
2025-05-30 23:35:00,-879.354,2025-05-30 23:35:00
2025-05-30 23:40:00,-991.354,2025-05-30 23:40:00
2025-05-30 23:45:00,-967.354,2025-05-30 23:45:00
2025-05-30 23:50:00,-827.344,2025-05-30 23:50:00
2025-05-30 23:55:00,-835.334,2025-05-30 23:55:00
2025-05-31 00:00:00,-975.324,2025-05-31 00:00:00
2025-05-31 00:05:00,-967.334,2025-05-31 00:05:00
2025-05-31 00:10:00,-1135.284,2025-05-31 00:10:00
2025-05-31 00:15:00,-1179.374,2025-05-31 00:15:00
2025-05-31 00:20:00,-1163.304,2025-05-31 00:20:00
2025-05-31 00:25:00,-1139.344,2025-05-31 00:25:00
2025-05-31 00:30:00,-1139.354,2025-05-31 00:30:00
2025-05-31 00:35:00,-1107.354,2025-05-31 00:35:00
2025-05-31 00:40:00,-1171.334,2025-05-31 00:40:00
2025-05-31 00:45:00,-1011.354,2025-05-31 00:45:00
2025-05-31 00:50:00,-1023.324,2025-05-31 00:50:00
2025-05-31 00:55:00,-815.334,2025-05-31 00:55:00
2025-05-31 01:00:00,-1007.344,2025-05-31 01:00:00
2025-05-31 01:05:00,-739.344,2025-05-31 01:05:00
2025-05-31 01:10:00,-867.324,2025-05-31 01:10:00
2025-05-31 01:15:00,-1055.354,2025-05-31 01:15:00
2025-05-31 01:20:00,-983.354,2025-05-31 01:20:00
2025-05-31 01:25:00,-975.354,2025-05-31 01:25:00
2025-05-31 01:30:00,-875.304,2025-05-31 01:30:00
2025-05-31 01:35:00,-1031.354,2025-05-31 01:35:00
2025-05-31 01:40:00,-903.284,2025-05-31 01:40:00
2025-05-31 01:45:00,-839.324,2025-05-31 01:45:00
2025-05-31 01:50:00,-807.334,2025-05-31 01:50:00
2025-05-31 01:55:00,-879.344,2025-05-31 01:55:00
2025-05-31 02:00:00,-879.334,2025-05-31 02:00:00
2025-05-31 02:05:00,-907.344,2025-05-31 02:05:00
2025-05-31 02:10:00,-787.344,2025-05-31 02:10:00
2025-05-31 02:15:00,-835.314,2025-05-31 02:15:00
2025-05-31 02:20:00,-959.334,2025-05-31 02:20:00
2025-05-31 02:25:00,-907.344,2025-05-31 02:25:00
2025-05-31 02:30:00,-835.324,2025-05-31 02:30:00
2025-05-31 02:35:00,-851.334,2025-05-31 02:35:00
2025-05-31 02:40:00,-951.314,2025-05-31 02:40:00
2025-05-31 02:45:00,-907.294,2025-05-31 02:45:00
2025-05-31 02:50:00,-1095.334,2025-05-31 02:50:00
2025-05-31 02:55:00,-775.344,2025-05-31 02:55:00
2025-05-31 03:00:00,-919.334,2025-05-31 03:00:00
2025-05-31 03:05:00,-911.324,2025-05-31 03:05:00
2025-05-31 03:10:00,-1099.334,2025-05-31 03:10:00
2025-05-31 03:15:00,-979.334,2025-05-31 03:15:00
2025-05-31 03:20:00,-995.294,2025-05-31 03:20:00
2025-05-31 03:25:00,-915.314,2025-05-31 03:25:00
2025-05-31 03:30:00,-955.314,2025-05-31 03:30:00
2025-05-31 03:35:00,-987.324,2025-05-31 03:35:00
2025-05-31 03:40:00,-863.344,2025-05-31 03:40:00
2025-05-31 03:45:00,-1031.324,2025-05-31 03:45:00
2025-05-31 03:50:00,-935.334,2025-05-31 03:50:00
2025-05-31 03:55:00,-943.324,2025-05-31 03:55:00
2025-05-31 04:00:00,-919.284,2025-05-31 04:00:00
2025-05-31 04:05:00,-927.344,2025-05-31 04:05:00
2025-05-31 04:10:00,-963.354,2025-05-31 04:10:00
2025-05-31 04:15:00,-1031.314,2025-05-31 04:15:00
2025-05-31 04:20:00,-899.354,2025-05-31 04:20:00
2025-05-31 04:25:00,-875.344,2025-05-31 04:25:00
2025-05-31 04:30:00,-983.324,2025-05-31 04:30:00
2025-05-31 04:35:00,-927.284,2025-05-31 04:35:00
2025-05-31 04:40:00,-1019.284,2025-05-31 04:40:00
2025-05-31 04:45:00,-1039.354,2025-05-31 04:45:00
2025-05-31 04:50:00,-1131.334,2025-05-31 04:50:00
2025-05-31 04:55:00,-967.334,2025-05-31 04:55:00
2025-05-31 05:00:00,-1007.334,2025-05-31 05:00:00
2025-05-31 05:05:00,-967.354,2025-05-31 05:05:00
2025-05-31 05:10:00,-1007.294,2025-05-31 05:10:00
2025-05-31 05:15:00,-883.344,2025-05-31 05:15:00
2025-05-31 05:20:00,-867.344,2025-05-31 05:20:00
2025-05-31 05:25:00,-1095.354,2025-05-31 05:25:00
2025-05-31 05:30:00,-971.324,2025-05-31 05:30:00
2025-05-31 05:35:00,-1035.324,2025-05-31 05:35:00
2025-05-31 05:40:00,-1015.324,2025-05-31 05:40:00
2025-05-31 05:45:00,-975.364,2025-05-31 05:45:00
2025-05-31 05:50:00,-1027.324,2025-05-31 05:50:00
2025-05-31 05:55:00,-1007.314,2025-05-31 05:55:00
2025-05-31 06:00:00,-979.344,2025-05-31 06:00:00
2025-05-31 06:05:00,-915.334,2025-05-31 06:05:00
2025-05-31 06:10:00,-927.344,2025-05-31 06:10:00
2025-05-31 06:15:00,-959.314,2025-05-31 06:15:00
2025-05-31 06:20:00,-1135.374,2025-05-31 06:20:00
2025-05-31 06:25:00,-995.354,2025-05-31 06:25:00
2025-05-31 06:30:00,-1007.334,2025-05-31 06:30:00
2025-05-31 06:35:00,-1075.344,2025-05-31 06:35:00
2025-05-31 06:40:00,-1087.364,2025-05-31 06:40:00
2025-05-31 06:45:00,-1075.314,2025-05-31 06:45:00
2025-05-31 06:50:00,-963.314,2025-05-31 06:50:00
2025-05-31 06:55:00,-987.344,2025-05-31 06:55:00
2025-05-31 07:00:00,-1151.344,2025-05-31 07:00:00
2025-05-31 07:05:00,-1075.334,2025-05-31 07:05:00
2025-05-31 07:10:00,-1119.324,2025-05-31 07:10:00
2025-05-31 07:15:00,-1147.364,2025-05-31 07:15:00
2025-05-31 07:20:00,-983.344,2025-05-31 07:20:00
2025-05-31 07:25:00,-1071.304,2025-05-31 07:25:00
2025-05-31 07:30:00,-1087.324,2025-05-31 07:30:00
2025-05-31 07:35:00,-1119.374,2025-05-31 07:35:00
2025-05-31 07:40:00,-1083.364,2025-05-31 07:40:00
2025-05-31 07:45:00,-1151.344,2025-05-31 07:45:00
2025-05-31 07:50:00,-1183.304,2025-05-31 07:50:00
2025-05-31 07:55:00,-1207.314,2025-05-31 07:55:00
2025-05-31 08:00:00,9000.0,2025-05-31 08:00:00
2025-05-31 08:05:00,9000.0,2025-05-31 08:05:00
2025-05-31 08:10:00,9000.0,2025-05-31 08:10:00
2025-05-31 08:15:00,9000.0,2025-05-31 08:15:00
2025-05-31 08:20:00,9000.0,2025-05-31 08:20:00
2025-05-31 08:25:00,9000.0,2025-05-31 08:25:00
2025-05-31 08:30:00,9000.0,2025-05-31 08:30:00
2025-05-31 08:35:00,9000.0,2025-05-31 08:35:00
2025-05-31 08:40:00,9000.0,2025-05-31 08:40:00
2025-05-31 08:45:00,9000.0,2025-05-31 08:45:00
2025-05-31 08:50:00,8999.998,2025-05-31 08:50:00
2025-05-31 08:55:00,2719.541,2025-05-31 08:55:00
2025-05-31 09:00:00,0.0,2025-05-31 09:00:00
2025-05-31 09:05:00,0.0,2025-05-31 09:05:00
2025-05-31 09:10:00,0.0,2025-05-31 09:10:00
2025-05-31 09:15:00,0.0,2025-05-31 09:15:00
2025-05-31 09:20:00,0.0,2025-05-31 09:20:00
2025-05-31 09:25:00,0.0,2025-05-31 09:25:00
2025-05-31 09:30:00,0.0,2025-05-31 09:30:00
2025-05-31 09:35:00,0.0,2025-05-31 09:35:00
2025-05-31 09:40:00,0.0,2025-05-31 09:40:00
2025-05-31 09:45:00,0.0,2025-05-31 09:45:00
2025-05-31 09:50:00,0.0,2025-05-31 09:50:00
2025-05-31 09:55:00,0.0,2025-05-31 09:55:00
2025-05-31 10:00:00,0.0,2025-05-31 10:00:00
2025-05-31 10:05:00,0.0,2025-05-31 10:05:00
2025-05-31 10:10:00,0.0,2025-05-31 10:10:00
2025-05-31 10:15:00,0.0,2025-05-31 10:15:00
2025-05-31 10:20:00,0.0,2025-05-31 10:20:00
2025-05-31 10:25:00,0.0,2025-05-31 10:25:00
2025-05-31 10:30:00,0.0,2025-05-31 10:30:00
2025-05-31 10:35:00,0.0,2025-05-31 10:35:00
2025-05-31 10:40:00,0.0,2025-05-31 10:40:00
2025-05-31 10:45:00,0.0,2025-05-31 10:45:00
2025-05-31 10:50:00,0.0,2025-05-31 10:50:00
2025-05-31 10:55:00,0.0,2025-05-31 10:55:00
2025-05-31 11:00:00,-1103.294,2025-05-31 11:00:00
2025-05-31 11:05:00,-1163.324,2025-05-31 11:05:00
2025-05-31 11:10:00,-1131.354,2025-05-31 11:10:00
2025-05-31 11:15:00,-1179.334,2025-05-31 11:15:00
2025-05-31 11:20:00,-987.284,2025-05-31 11:20:00
2025-05-31 11:25:00,-879.334,2025-05-31 11:25:00
2025-05-31 11:30:00,-1051.344,2025-05-31 11:30:00
2025-05-31 11:35:00,-1079.334,2025-05-31 11:35:00
2025-05-31 11:40:00,-983.334,2025-05-31 11:40:00
2025-05-31 11:45:00,-1055.304,2025-05-31 11:45:00
2025-05-31 11:50:00,-1063.374,2025-05-31 11:50:00
2025-05-31 11:55:00,-1071.344,2025-05-31 11:55:00
2025-05-31 12:00:00,-1063.324,2025-05-31 12:00:00
2025-05-31 12:05:00,-1111.344,2025-05-31 12:05:00
2025-05-31 12:10:00,-1007.344,2025-05-31 12:10:00
2025-05-31 12:15:00,-1111.314,2025-05-31 12:15:00
2025-05-31 12:20:00,-951.334,2025-05-31 12:20:00
2025-05-31 12:25:00,-1067.334,2025-05-31 12:25:00
2025-05-31 12:30:00,-911.324,2025-05-31 12:30:00
2025-05-31 12:35:00,-1043.294,2025-05-31 12:35:00
2025-05-31 12:40:00,-983.334,2025-05-31 12:40:00
2025-05-31 12:45:00,-895.354,2025-05-31 12:45:00
2025-05-31 12:50:00,-1135.324,2025-05-31 12:50:00
2025-05-31 12:55:00,-927.324,2025-05-31 12:55:00
2025-05-31 13:00:00,-915.314,2025-05-31 13:00:00
2025-05-31 13:05:00,-887.354,2025-05-31 13:05:00
2025-05-31 13:10:00,-987.324,2025-05-31 13:10:00
2025-05-31 13:15:00,-959.324,2025-05-31 13:15:00
2025-05-31 13:20:00,-1083.274,2025-05-31 13:20:00
2025-05-31 13:25:00,-1059.354,2025-05-31 13:25:00
2025-05-31 13:30:00,-995.354,2025-05-31 13:30:00
2025-05-31 13:35:00,-983.354,2025-05-31 13:35:00
2025-05-31 13:40:00,-1083.324,2025-05-31 13:40:00
2025-05-31 13:45:00,-1015.324,2025-05-31 13:45:00
2025-05-31 13:50:00,-1019.324,2025-05-31 13:50:00
2025-05-31 13:55:00,-1079.324,2025-05-31 13:55:00
2025-05-31 14:00:00,-1035.294,2025-05-31 14:00:00
2025-05-31 14:05:00,-1015.294,2025-05-31 14:05:00
2025-05-31 14:10:00,-1003.334,2025-05-31 14:10:00
2025-05-31 14:15:00,-1091.324,2025-05-31 14:15:00
2025-05-31 14:20:00,-959.374,2025-05-31 14:20:00
2025-05-31 14:25:00,-1027.324,2025-05-31 14:25:00
2025-05-31 14:30:00,-847.354,2025-05-31 14:30:00
2025-05-31 14:35:00,-903.334,2025-05-31 14:35:00
2025-05-31 14:40:00,-1003.294,2025-05-31 14:40:00
2025-05-31 14:45:00,-1027.334,2025-05-31 14:45:00
2025-05-31 14:50:00,-1051.314,2025-05-31 14:50:00
2025-05-31 14:55:00,-835.344,2025-05-31 14:55:00
2025-05-31 15:00:00,-843.334,2025-05-31 15:00:00
2025-05-31 15:05:00,-1039.344,2025-05-31 15:05:00
2025-05-31 15:10:00,-1007.314,2025-05-31 15:10:00
2025-05-31 15:15:00,-835.344,2025-05-31 15:15:00
2025-05-31 15:20:00,-891.344,2025-05-31 15:20:00
2025-05-31 15:25:00,-1035.334,2025-05-31 15:25:00
2025-05-31 15:30:00,-1007.324,2025-05-31 15:30:00
2025-05-31 15:35:00,-991.324,2025-05-31 15:35:00
2025-05-31 15:40:00,-1019.324,2025-05-31 15:40:00
2025-05-31 15:45:00,-907.354,2025-05-31 15:45:00
2025-05-31 15:50:00,-1047.344,2025-05-31 15:50:00
2025-05-31 15:55:00,-1075.354,2025-05-31 15:55:00
2025-05-31 16:00:00,-1043.354,2025-05-31 16:00:00
2025-05-31 16:05:00,-1167.334,2025-05-31 16:05:00
2025-05-31 16:10:00,-931.354,2025-05-31 16:10:00
2025-05-31 16:15:00,-1163.354,2025-05-31 16:15:00
2025-05-31 16:20:00,-1023.324,2025-05-31 16:20:00
2025-05-31 16:25:00,-955.334,2025-05-31 16:25:00
2025-05-31 16:30:00,-863.334,2025-05-31 16:30:00
2025-05-31 16:35:00,-911.344,2025-05-31 16:35:00
2025-05-31 16:40:00,-955.324,2025-05-31 16:40:00
2025-05-31 16:45:00,-1023.324,2025-05-31 16:45:00
2025-05-31 16:50:00,-971.324,2025-05-31 16:50:00
2025-05-31 16:55:00,-1107.354,2025-05-31 16:55:00
2025-05-31 17:00:00,-1011.324,2025-05-31 17:00:00
2025-05-31 17:05:00,-983.324,2025-05-31 17:05:00
2025-05-31 17:10:00,-991.334,2025-05-31 17:10:00
2025-05-31 17:15:00,-1007.354,2025-05-31 17:15:00
2025-05-31 17:20:00,-1003.324,2025-05-31 17:20:00
2025-05-31 17:25:00,-1095.354,2025-05-31 17:25:00
2025-05-31 17:30:00,-975.324,2025-05-31 17:30:00
2025-05-31 17:35:00,-931.324,2025-05-31 17:35:00
2025-05-31 17:40:00,-1027.324,2025-05-31 17:40:00
2025-05-31 17:45:00,-1027.344,2025-05-31 17:45:00
2025-05-31 17:50:00,-899.354,2025-05-31 17:50:00
2025-05-31 17:55:00,-1047.364,2025-05-31 17:55:00
2025-05-31 18:00:00,9000.0,2025-05-31 18:00:00
2025-05-31 18:05:00,9000.0,2025-05-31 18:05:00
2025-05-31 18:10:00,9000.0,2025-05-31 18:10:00
2025-05-31 18:15:00,9000.0,2025-05-31 18:15:00
2025-05-31 18:20:00,9000.0,2025-05-31 18:20:00
2025-05-31 18:25:00,9000.0,2025-05-31 18:25:00
2025-05-31 18:30:00,9000.0,2025-05-31 18:30:00
2025-05-31 18:35:00,8999.999,2025-05-31 18:35:00
2025-05-31 18:40:00,1975.283,2025-05-31 18:40:00
2025-05-31 18:45:00,0.0,2025-05-31 18:45:00
2025-05-31 18:50:00,0.0,2025-05-31 18:50:00
2025-05-31 18:55:00,0.0,2025-05-31 18:55:00
2025-05-31 19:00:00,0.0,2025-05-31 19:00:00
2025-05-31 19:05:00,0.0,2025-05-31 19:05:00
2025-05-31 19:10:00,0.0,2025-05-31 19:10:00
2025-05-31 19:15:00,0.0,2025-05-31 19:15:00
2025-05-31 19:20:00,0.0,2025-05-31 19:20:00
2025-05-31 19:25:00,0.0,2025-05-31 19:25:00
2025-05-31 19:30:00,0.0,2025-05-31 19:30:00
2025-05-31 19:35:00,0.0,2025-05-31 19:35:00
2025-05-31 19:40:00,0.0,2025-05-31 19:40:00
2025-05-31 19:45:00,0.0,2025-05-31 19:45:00
2025-05-31 19:50:00,0.0,2025-05-31 19:50:00
2025-05-31 19:55:00,0.0,2025-05-31 19:55:00
2025-05-31 20:00:00,0.0,2025-05-31 20:00:00
2025-05-31 20:05:00,0.0,2025-05-31 20:05:00
2025-05-31 20:10:00,0.0,2025-05-31 20:10:00
2025-05-31 20:15:00,0.0,2025-05-31 20:15:00
2025-05-31 20:20:00,0.0,2025-05-31 20:20:00
2025-05-31 20:25:00,0.0,2025-05-31 20:25:00
2025-05-31 20:30:00,0.0,2025-05-31 20:30:00
2025-05-31 20:35:00,0.0,2025-05-31 20:35:00
2025-05-31 20:40:00,0.0,2025-05-31 20:40:00
2025-05-31 20:45:00,0.0,2025-05-31 20:45:00
2025-05-31 20:50:00,0.0,2025-05-31 20:50:00
2025-05-31 20:55:00,0.0,2025-05-31 20:55:00
2025-05-31 21:00:00,0.0,2025-05-31 21:00:00
2025-05-31 21:05:00,0.0,2025-05-31 21:05:00
2025-05-31 21:10:00,0.0,2025-05-31 21:10:00
2025-05-31 21:15:00,0.0,2025-05-31 21:15:00
2025-05-31 21:20:00,0.0,2025-05-31 21:20:00
2025-05-31 21:25:00,0.0,2025-05-31 21:25:00
2025-05-31 21:30:00,0.0,2025-05-31 21:30:00
2025-05-31 21:35:00,0.0,2025-05-31 21:35:00
2025-05-31 21:40:00,0.0,2025-05-31 21:40:00
2025-05-31 21:45:00,0.0,2025-05-31 21:45:00
2025-05-31 21:50:00,0.0,2025-05-31 21:50:00
2025-05-31 21:55:00,0.0,2025-05-31 21:55:00
2025-05-31 22:00:00,-1081.932,2025-05-31 22:00:00
2025-05-31 22:05:00,-1157.932,2025-05-31 22:05:00
2025-05-31 22:10:00,-1133.922,2025-05-31 22:10:00
2025-05-31 22:15:00,-1101.912,2025-05-31 22:15:00
2025-05-31 22:20:00,-1241.932,2025-05-31 22:20:00
2025-05-31 22:25:00,-1217.912,2025-05-31 22:25:00
2025-05-31 22:30:00,-1177.922,2025-05-31 22:30:00
2025-05-31 22:35:00,-1177.942,2025-05-31 22:35:00
2025-05-31 22:40:00,-1045.942,2025-05-31 22:40:00
2025-05-31 22:45:00,-1177.932,2025-05-31 22:45:00
2025-05-31 22:50:00,-1233.952,2025-05-31 22:50:00
2025-05-31 22:55:00,-1181.922,2025-05-31 22:55:00
2025-05-31 23:00:00,-1193.892,2025-05-31 23:00:00
2025-05-31 23:05:00,-1101.932,2025-05-31 23:05:00
2025-05-31 23:10:00,-1117.952,2025-05-31 23:10:00
2025-05-31 23:15:00,-1249.932,2025-05-31 23:15:00
2025-05-31 23:20:00,-1225.972,2025-05-31 23:20:00
2025-05-31 23:25:00,-1045.922,2025-05-31 23:25:00
2025-05-31 23:30:00,-1181.882,2025-05-31 23:30:00
2025-05-31 23:35:00,-1065.942,2025-05-31 23:35:00
2025-05-31 23:40:00,-1197.922,2025-05-31 23:40:00
2025-05-31 23:45:00,-1121.872,2025-05-31 23:45:00
2025-05-31 23:50:00,-1289.952,2025-05-31 23:50:00
2025-05-31 23:55:00,-1453.902,2025-05-31 23:55:00
