,power_opt,time
2025-05-01 00:00:00,-2622.376,2025-05-01 00:00:00
2025-05-01 00:05:00,-2562.386,2025-05-01 00:05:00
2025-05-01 00:10:00,-2618.356,2025-05-01 00:10:00
2025-05-01 00:15:00,-2590.376,2025-05-01 00:15:00
2025-05-01 00:20:00,-2558.376,2025-05-01 00:20:00
2025-05-01 00:25:00,-2590.386,2025-05-01 00:25:00
2025-05-01 00:30:00,-2614.376,2025-05-01 00:30:00
2025-05-01 00:35:00,-2682.376,2025-05-01 00:35:00
2025-05-01 00:40:00,-2574.326,2025-05-01 00:40:00
2025-05-01 00:45:00,-2690.366,2025-05-01 00:45:00
2025-05-01 00:50:00,-2670.376,2025-05-01 00:50:00
2025-05-01 00:55:00,-2686.346,2025-05-01 00:55:00
2025-05-01 01:00:00,-2614.356,2025-05-01 01:00:00
2025-05-01 01:05:00,-2666.326,2025-05-01 01:05:00
2025-05-01 01:10:00,-2598.346,2025-05-01 01:10:00
2025-05-01 01:15:00,-2570.366,2025-05-01 01:15:00
2025-05-01 01:20:00,-2678.336,2025-05-01 01:20:00
2025-05-01 01:25:00,-2646.366,2025-05-01 01:25:00
2025-05-01 01:30:00,-2634.346,2025-05-01 01:30:00
2025-05-01 01:35:00,-2682.346,2025-05-01 01:35:00
2025-05-01 01:40:00,-2638.336,2025-05-01 01:40:00
2025-05-01 01:45:00,-2670.386,2025-05-01 01:45:00
2025-05-01 01:50:00,-2730.376,2025-05-01 01:50:00
2025-05-01 01:55:00,-2670.356,2025-05-01 01:55:00
2025-05-01 02:00:00,-2758.346,2025-05-01 02:00:00
2025-05-01 02:05:00,-2738.356,2025-05-01 02:05:00
2025-05-01 02:10:00,-2830.366,2025-05-01 02:10:00
2025-05-01 02:15:00,-2730.346,2025-05-01 02:15:00
2025-05-01 02:20:00,-2758.326,2025-05-01 02:20:00
2025-05-01 02:25:00,-2722.376,2025-05-01 02:25:00
2025-05-01 02:30:00,-2778.356,2025-05-01 02:30:00
2025-05-01 02:35:00,-2862.346,2025-05-01 02:35:00
2025-05-01 02:40:00,-2906.376,2025-05-01 02:40:00
2025-05-01 02:45:00,-2790.326,2025-05-01 02:45:00
2025-05-01 02:50:00,-2674.356,2025-05-01 02:50:00
2025-05-01 02:55:00,-2654.356,2025-05-01 02:55:00
2025-05-01 03:00:00,-2598.376,2025-05-01 03:00:00
2025-05-01 03:05:00,-2690.366,2025-05-01 03:05:00
2025-05-01 03:10:00,-2538.406,2025-05-01 03:10:00
2025-05-01 03:15:00,-2614.386,2025-05-01 03:15:00
2025-05-01 03:20:00,-2682.326,2025-05-01 03:20:00
2025-05-01 03:25:00,-2602.356,2025-05-01 03:25:00
2025-05-01 03:30:00,-2630.386,2025-05-01 03:30:00
2025-05-01 03:35:00,-2702.366,2025-05-01 03:35:00
2025-05-01 03:40:00,-2642.376,2025-05-01 03:40:00
2025-05-01 03:45:00,-2634.386,2025-05-01 03:45:00
2025-05-01 03:50:00,-2658.376,2025-05-01 03:50:00
2025-05-01 03:55:00,-2638.366,2025-05-01 03:55:00
2025-05-01 04:00:00,-2642.376,2025-05-01 04:00:00
2025-05-01 04:05:00,-2678.366,2025-05-01 04:05:00
2025-05-01 04:10:00,-2674.366,2025-05-01 04:10:00
2025-05-01 04:15:00,-2902.366,2025-05-01 04:15:00
2025-05-01 04:20:00,-2938.366,2025-05-01 04:20:00
2025-05-01 04:25:00,-2686.346,2025-05-01 04:25:00
2025-05-01 04:30:00,-2662.356,2025-05-01 04:30:00
2025-05-01 04:35:00,-2622.386,2025-05-01 04:35:00
2025-05-01 04:40:00,-2666.386,2025-05-01 04:40:00
2025-05-01 04:45:00,-2654.306,2025-05-01 04:45:00
2025-05-01 04:50:00,-2646.356,2025-05-01 04:50:00
2025-05-01 04:55:00,-2742.346,2025-05-01 04:55:00
2025-05-01 05:00:00,-2654.396,2025-05-01 05:00:00
2025-05-01 05:05:00,-2638.346,2025-05-01 05:05:00
2025-05-01 05:10:00,-2602.356,2025-05-01 05:10:00
2025-05-01 05:15:00,-2666.386,2025-05-01 05:15:00
2025-05-01 05:20:00,-2698.366,2025-05-01 05:20:00
2025-05-01 05:25:00,-2678.376,2025-05-01 05:25:00
2025-05-01 05:30:00,-2678.346,2025-05-01 05:30:00
2025-05-01 05:35:00,-2714.386,2025-05-01 05:35:00
2025-05-01 05:40:00,-2822.346,2025-05-01 05:40:00
2025-05-01 05:45:00,-2750.346,2025-05-01 05:45:00
2025-05-01 05:50:00,-2798.356,2025-05-01 05:50:00
2025-05-01 05:55:00,-2742.346,2025-05-01 05:55:00
2025-05-01 06:00:00,0.0,2025-05-01 06:00:00
2025-05-01 06:05:00,0.0,2025-05-01 06:05:00
2025-05-01 06:10:00,0.0,2025-05-01 06:10:00
2025-05-01 06:15:00,0.0,2025-05-01 06:15:00
2025-05-01 06:20:00,0.0,2025-05-01 06:20:00
2025-05-01 06:25:00,0.0,2025-05-01 06:25:00
2025-05-01 06:30:00,0.0,2025-05-01 06:30:00
2025-05-01 06:35:00,0.0,2025-05-01 06:35:00
2025-05-01 06:40:00,0.0,2025-05-01 06:40:00
2025-05-01 06:45:00,0.0,2025-05-01 06:45:00
2025-05-01 06:50:00,0.0,2025-05-01 06:50:00
2025-05-01 06:55:00,0.0,2025-05-01 06:55:00
2025-05-01 07:00:00,0.0,2025-05-01 07:00:00
2025-05-01 07:05:00,0.0,2025-05-01 07:05:00
2025-05-01 07:10:00,0.0,2025-05-01 07:10:00
2025-05-01 07:15:00,0.0,2025-05-01 07:15:00
2025-05-01 07:20:00,0.0,2025-05-01 07:20:00
2025-05-01 07:25:00,0.0,2025-05-01 07:25:00
2025-05-01 07:30:00,0.0,2025-05-01 07:30:00
2025-05-01 07:35:00,0.0,2025-05-01 07:35:00
2025-05-01 07:40:00,0.0,2025-05-01 07:40:00
2025-05-01 07:45:00,0.0,2025-05-01 07:45:00
2025-05-01 07:50:00,0.0,2025-05-01 07:50:00
2025-05-01 07:55:00,0.0,2025-05-01 07:55:00
2025-05-01 08:00:00,9000.0,2025-05-01 08:00:00
2025-05-01 08:05:00,9000.0,2025-05-01 08:05:00
2025-05-01 08:10:00,9000.0,2025-05-01 08:10:00
2025-05-01 08:15:00,9000.0,2025-05-01 08:15:00
2025-05-01 08:20:00,9000.0,2025-05-01 08:20:00
2025-05-01 08:25:00,9000.0,2025-05-01 08:25:00
2025-05-01 08:30:00,9000.0,2025-05-01 08:30:00
2025-05-01 08:35:00,9000.0,2025-05-01 08:35:00
2025-05-01 08:40:00,9000.0,2025-05-01 08:40:00
2025-05-01 08:45:00,9000.0,2025-05-01 08:45:00
2025-05-01 08:50:00,9000.0,2025-05-01 08:50:00
2025-05-01 08:55:00,9000.0,2025-05-01 08:55:00
2025-05-01 09:00:00,9000.0,2025-05-01 09:00:00
2025-05-01 09:05:00,9000.0,2025-05-01 09:05:00
2025-05-01 09:10:00,9000.0,2025-05-01 09:10:00
2025-05-01 09:15:00,9000.0,2025-05-01 09:15:00
2025-05-01 09:20:00,9000.0,2025-05-01 09:20:00
2025-05-01 09:25:00,9000.0,2025-05-01 09:25:00
2025-05-01 09:30:00,9000.0,2025-05-01 09:30:00
2025-05-01 09:35:00,9000.0,2025-05-01 09:35:00
2025-05-01 09:40:00,8999.999,2025-05-01 09:40:00
2025-05-01 09:45:00,8999.999,2025-05-01 09:45:00
2025-05-01 09:50:00,1043.998,2025-05-01 09:50:00
2025-05-01 09:55:00,0.0,2025-05-01 09:55:00
2025-05-01 10:00:00,0.0,2025-05-01 10:00:00
2025-05-01 10:05:00,0.0,2025-05-01 10:05:00
2025-05-01 10:10:00,0.0,2025-05-01 10:10:00
2025-05-01 10:15:00,0.0,2025-05-01 10:15:00
2025-05-01 10:20:00,0.0,2025-05-01 10:20:00
2025-05-01 10:25:00,0.0,2025-05-01 10:25:00
2025-05-01 10:30:00,0.0,2025-05-01 10:30:00
2025-05-01 10:35:00,0.0,2025-05-01 10:35:00
2025-05-01 10:40:00,0.0,2025-05-01 10:40:00
2025-05-01 10:45:00,0.0,2025-05-01 10:45:00
2025-05-01 10:50:00,0.0,2025-05-01 10:50:00
2025-05-01 10:55:00,0.0,2025-05-01 10:55:00
2025-05-01 11:00:00,-2795.009,2025-05-01 11:00:00
2025-05-01 11:05:00,-2794.994,2025-05-01 11:05:00
2025-05-01 11:10:00,-2795.015,2025-05-01 11:10:00
2025-05-01 11:15:00,-2795.001,2025-05-01 11:15:00
2025-05-01 11:20:00,-2795.037,2025-05-01 11:20:00
2025-05-01 11:25:00,-2795.018,2025-05-01 11:25:00
2025-05-01 11:30:00,-2795.0,2025-05-01 11:30:00
2025-05-01 11:35:00,-2795.031,2025-05-01 11:35:00
2025-05-01 11:40:00,-2795.017,2025-05-01 11:40:00
2025-05-01 11:45:00,-2794.981,2025-05-01 11:45:00
2025-05-01 11:50:00,-2794.986,2025-05-01 11:50:00
2025-05-01 11:55:00,-2794.976,2025-05-01 11:55:00
2025-05-01 12:00:00,-2794.985,2025-05-01 12:00:00
2025-05-01 12:05:00,-2795.01,2025-05-01 12:05:00
2025-05-01 12:10:00,-2794.59,2025-05-01 12:10:00
2025-05-01 12:15:00,-2742.316,2025-05-01 12:15:00
2025-05-01 12:20:00,-2795.013,2025-05-01 12:20:00
2025-05-01 12:25:00,-2794.994,2025-05-01 12:25:00
2025-05-01 12:30:00,-2794.995,2025-05-01 12:30:00
2025-05-01 12:35:00,-2795.006,2025-05-01 12:35:00
2025-05-01 12:40:00,-2662.367,2025-05-01 12:40:00
2025-05-01 12:45:00,-2550.331,2025-05-01 12:45:00
2025-05-01 12:50:00,-2530.331,2025-05-01 12:50:00
2025-05-01 12:55:00,-2470.342,2025-05-01 12:55:00
2025-05-01 13:00:00,-2366.333,2025-05-01 13:00:00
2025-05-01 13:05:00,-2350.373,2025-05-01 13:05:00
2025-05-01 13:10:00,-2434.333,2025-05-01 13:10:00
2025-05-01 13:15:00,-2350.383,2025-05-01 13:15:00
2025-05-01 13:20:00,-2378.353,2025-05-01 13:20:00
2025-05-01 13:25:00,-2578.341,2025-05-01 13:25:00
2025-05-01 13:30:00,-2458.342,2025-05-01 13:30:00
2025-05-01 13:35:00,-2474.362,2025-05-01 13:35:00
2025-05-01 13:40:00,-2558.351,2025-05-01 13:40:00
2025-05-01 13:45:00,-2510.372,2025-05-01 13:45:00
2025-05-01 13:50:00,-2462.362,2025-05-01 13:50:00
2025-05-01 13:55:00,-2638.329,2025-05-01 13:55:00
2025-05-01 14:00:00,-2578.361,2025-05-01 14:00:00
2025-05-01 14:05:00,-2602.35,2025-05-01 14:05:00
2025-05-01 14:10:00,-2670.337,2025-05-01 14:10:00
2025-05-01 14:15:00,-2434.343,2025-05-01 14:15:00
2025-05-01 14:20:00,-2602.38,2025-05-01 14:20:00
2025-05-01 14:25:00,-2794.744,2025-05-01 14:25:00
2025-05-01 14:30:00,-2454.333,2025-05-01 14:30:00
2025-05-01 14:35:00,-2454.373,2025-05-01 14:35:00
2025-05-01 14:40:00,-2682.386,2025-05-01 14:40:00
2025-05-01 14:45:00,-2758.37,2025-05-01 14:45:00
2025-05-01 14:50:00,-2792.764,2025-05-01 14:50:00
2025-05-01 14:55:00,-2794.963,2025-05-01 14:55:00
2025-05-01 15:00:00,-2794.945,2025-05-01 15:00:00
2025-05-01 15:05:00,-2794.927,2025-05-01 15:05:00
2025-05-01 15:10:00,-2794.929,2025-05-01 15:10:00
2025-05-01 15:15:00,-2794.935,2025-05-01 15:15:00
2025-05-01 15:20:00,-2794.954,2025-05-01 15:20:00
2025-05-01 15:25:00,-2794.937,2025-05-01 15:25:00
2025-05-01 15:30:00,-2794.934,2025-05-01 15:30:00
2025-05-01 15:35:00,-2794.93,2025-05-01 15:35:00
2025-05-01 15:40:00,-2794.976,2025-05-01 15:40:00
2025-05-01 15:45:00,-2794.569,2025-05-01 15:45:00
2025-05-01 15:50:00,-2794.955,2025-05-01 15:50:00
2025-05-01 15:55:00,-2794.959,2025-05-01 15:55:00
2025-05-01 16:00:00,-2794.966,2025-05-01 16:00:00
2025-05-01 16:05:00,-2794.979,2025-05-01 16:05:00
2025-05-01 16:10:00,-2794.881,2025-05-01 16:10:00
2025-05-01 16:15:00,-2790.005,2025-05-01 16:15:00
2025-05-01 16:20:00,-2794.858,2025-05-01 16:20:00
2025-05-01 16:25:00,-2794.752,2025-05-01 16:25:00
2025-05-01 16:30:00,-2778.342,2025-05-01 16:30:00
2025-05-01 16:35:00,-2758.3,2025-05-01 16:35:00
2025-05-01 16:40:00,-2794.944,2025-05-01 16:40:00
2025-05-01 16:45:00,-2792.759,2025-05-01 16:45:00
2025-05-01 16:50:00,-2795.006,2025-05-01 16:50:00
2025-05-01 16:55:00,-2795.001,2025-05-01 16:55:00
2025-05-01 17:00:00,-2794.989,2025-05-01 17:00:00
2025-05-01 17:05:00,-2795.013,2025-05-01 17:05:00
2025-05-01 17:10:00,-2795.019,2025-05-01 17:10:00
2025-05-01 17:15:00,-2794.98,2025-05-01 17:15:00
2025-05-01 17:20:00,-2795.001,2025-05-01 17:20:00
2025-05-01 17:25:00,-2794.988,2025-05-01 17:25:00
2025-05-01 17:30:00,-2738.347,2025-05-01 17:30:00
2025-05-01 17:35:00,-2795.035,2025-05-01 17:35:00
2025-05-01 17:40:00,-2792.773,2025-05-01 17:40:00
2025-05-01 17:45:00,-2795.042,2025-05-01 17:45:00
2025-05-01 17:50:00,-2795.045,2025-05-01 17:50:00
2025-05-01 17:55:00,-2794.872,2025-05-01 17:55:00
2025-05-01 18:00:00,9000.0,2025-05-01 18:00:00
2025-05-01 18:05:00,9000.0,2025-05-01 18:05:00
2025-05-01 18:10:00,9000.0,2025-05-01 18:10:00
2025-05-01 18:15:00,9000.0,2025-05-01 18:15:00
2025-05-01 18:20:00,9000.0,2025-05-01 18:20:00
2025-05-01 18:25:00,9000.0,2025-05-01 18:25:00
2025-05-01 18:30:00,9000.0,2025-05-01 18:30:00
2025-05-01 18:35:00,9000.0,2025-05-01 18:35:00
2025-05-01 18:40:00,9000.0,2025-05-01 18:40:00
2025-05-01 18:45:00,9000.0,2025-05-01 18:45:00
2025-05-01 18:50:00,9000.0,2025-05-01 18:50:00
2025-05-01 18:55:00,9000.0,2025-05-01 18:55:00
2025-05-01 19:00:00,9000.0,2025-05-01 19:00:00
2025-05-01 19:05:00,9000.0,2025-05-01 19:05:00
2025-05-01 19:10:00,9000.0,2025-05-01 19:10:00
2025-05-01 19:15:00,9000.0,2025-05-01 19:15:00
2025-05-01 19:20:00,9000.0,2025-05-01 19:20:00
2025-05-01 19:25:00,9000.0,2025-05-01 19:25:00
2025-05-01 19:30:00,9000.0,2025-05-01 19:30:00
2025-05-01 19:35:00,9000.0,2025-05-01 19:35:00
2025-05-01 19:40:00,8999.999,2025-05-01 19:40:00
2025-05-01 19:45:00,8999.999,2025-05-01 19:45:00
2025-05-01 19:50:00,1043.998,2025-05-01 19:50:00
2025-05-01 19:55:00,0.0,2025-05-01 19:55:00
2025-05-01 20:00:00,0.0,2025-05-01 20:00:00
2025-05-01 20:05:00,0.0,2025-05-01 20:05:00
2025-05-01 20:10:00,0.0,2025-05-01 20:10:00
2025-05-01 20:15:00,0.0,2025-05-01 20:15:00
2025-05-01 20:20:00,0.0,2025-05-01 20:20:00
2025-05-01 20:25:00,0.0,2025-05-01 20:25:00
2025-05-01 20:30:00,0.0,2025-05-01 20:30:00
2025-05-01 20:35:00,0.0,2025-05-01 20:35:00
2025-05-01 20:40:00,0.0,2025-05-01 20:40:00
2025-05-01 20:45:00,0.0,2025-05-01 20:45:00
2025-05-01 20:50:00,0.0,2025-05-01 20:50:00
2025-05-01 20:55:00,0.0,2025-05-01 20:55:00
2025-05-01 21:00:00,0.0,2025-05-01 21:00:00
2025-05-01 21:05:00,0.0,2025-05-01 21:05:00
2025-05-01 21:10:00,0.0,2025-05-01 21:10:00
2025-05-01 21:15:00,0.0,2025-05-01 21:15:00
2025-05-01 21:20:00,0.0,2025-05-01 21:20:00
2025-05-01 21:25:00,0.0,2025-05-01 21:25:00
2025-05-01 21:30:00,0.0,2025-05-01 21:30:00
2025-05-01 21:35:00,0.0,2025-05-01 21:35:00
2025-05-01 21:40:00,0.0,2025-05-01 21:40:00
2025-05-01 21:45:00,0.0,2025-05-01 21:45:00
2025-05-01 21:50:00,0.0,2025-05-01 21:50:00
2025-05-01 21:55:00,0.0,2025-05-01 21:55:00
2025-05-01 22:00:00,-2372.17,2025-05-01 22:00:00
2025-05-01 22:05:00,-2372.142,2025-05-01 22:05:00
2025-05-01 22:10:00,-2372.2,2025-05-01 22:10:00
2025-05-01 22:15:00,-2372.218,2025-05-01 22:15:00
2025-05-01 22:20:00,-2372.202,2025-05-01 22:20:00
2025-05-01 22:25:00,-2372.172,2025-05-01 22:25:00
2025-05-01 22:30:00,-2372.208,2025-05-01 22:30:00
2025-05-01 22:35:00,-2372.22,2025-05-01 22:35:00
2025-05-01 22:40:00,-2372.197,2025-05-01 22:40:00
2025-05-01 22:45:00,-2372.208,2025-05-01 22:45:00
2025-05-01 22:50:00,-2372.2,2025-05-01 22:50:00
2025-05-01 22:55:00,-2372.188,2025-05-01 22:55:00
2025-05-01 23:00:00,-2372.168,2025-05-01 23:00:00
2025-05-01 23:05:00,-2372.206,2025-05-01 23:05:00
2025-05-01 23:10:00,-2372.197,2025-05-01 23:10:00
2025-05-01 23:15:00,-2372.196,2025-05-01 23:15:00
2025-05-01 23:20:00,-2372.207,2025-05-01 23:20:00
2025-05-01 23:25:00,-2372.209,2025-05-01 23:25:00
2025-05-01 23:30:00,-2372.184,2025-05-01 23:30:00
2025-05-01 23:35:00,-2372.239,2025-05-01 23:35:00
2025-05-01 23:40:00,-2372.224,2025-05-01 23:40:00
2025-05-01 23:45:00,-2372.192,2025-05-01 23:45:00
2025-05-01 23:50:00,-2372.166,2025-05-01 23:50:00
2025-05-01 23:55:00,-2372.201,2025-05-01 23:55:00
2025-05-02 00:00:00,-2372.22,2025-05-02 00:00:00
2025-05-02 00:05:00,-2372.229,2025-05-02 00:05:00
2025-05-02 00:10:00,-2372.225,2025-05-02 00:10:00
2025-05-02 00:15:00,-2372.238,2025-05-02 00:15:00
2025-05-02 00:20:00,-2372.234,2025-05-02 00:20:00
2025-05-02 00:25:00,-2372.238,2025-05-02 00:25:00
2025-05-02 00:30:00,-2372.244,2025-05-02 00:30:00
2025-05-02 00:35:00,-2372.259,2025-05-02 00:35:00
2025-05-02 00:40:00,-2372.241,2025-05-02 00:40:00
2025-05-02 00:45:00,-2372.227,2025-05-02 00:45:00
2025-05-02 00:50:00,-2372.251,2025-05-02 00:50:00
2025-05-02 00:55:00,-2372.236,2025-05-02 00:55:00
2025-05-02 01:00:00,-2372.242,2025-05-02 01:00:00
2025-05-02 01:05:00,-2372.249,2025-05-02 01:05:00
2025-05-02 01:10:00,-2372.256,2025-05-02 01:10:00
2025-05-02 01:15:00,-2372.233,2025-05-02 01:15:00
2025-05-02 01:20:00,-2372.254,2025-05-02 01:20:00
2025-05-02 01:25:00,-2372.265,2025-05-02 01:25:00
2025-05-02 01:30:00,-2372.22,2025-05-02 01:30:00
2025-05-02 01:35:00,-2372.246,2025-05-02 01:35:00
2025-05-02 01:40:00,-2372.235,2025-05-02 01:40:00
2025-05-02 01:45:00,-2372.225,2025-05-02 01:45:00
2025-05-02 01:50:00,-2372.22,2025-05-02 01:50:00
2025-05-02 01:55:00,-2372.262,2025-05-02 01:55:00
2025-05-02 02:00:00,-2372.26,2025-05-02 02:00:00
2025-05-02 02:05:00,-2372.259,2025-05-02 02:05:00
2025-05-02 02:10:00,-2372.271,2025-05-02 02:10:00
2025-05-02 02:15:00,-2372.263,2025-05-02 02:15:00
2025-05-02 02:20:00,-2372.248,2025-05-02 02:20:00
2025-05-02 02:25:00,-2372.237,2025-05-02 02:25:00
2025-05-02 02:30:00,-2372.222,2025-05-02 02:30:00
2025-05-02 02:35:00,-2372.281,2025-05-02 02:35:00
2025-05-02 02:40:00,-2372.291,2025-05-02 02:40:00
2025-05-02 02:45:00,-2372.284,2025-05-02 02:45:00
2025-05-02 02:50:00,-2372.287,2025-05-02 02:50:00
2025-05-02 02:55:00,-2372.292,2025-05-02 02:55:00
2025-05-02 03:00:00,-2372.306,2025-05-02 03:00:00
2025-05-02 03:05:00,-2372.31,2025-05-02 03:05:00
2025-05-02 03:10:00,-2372.301,2025-05-02 03:10:00
2025-05-02 03:15:00,-2372.313,2025-05-02 03:15:00
2025-05-02 03:20:00,-2372.324,2025-05-02 03:20:00
2025-05-02 03:25:00,-2372.337,2025-05-02 03:25:00
2025-05-02 03:30:00,-2372.329,2025-05-02 03:30:00
2025-05-02 03:35:00,-2372.342,2025-05-02 03:35:00
2025-05-02 03:40:00,-2372.34,2025-05-02 03:40:00
2025-05-02 03:45:00,-2372.317,2025-05-02 03:45:00
2025-05-02 03:50:00,-2372.342,2025-05-02 03:50:00
2025-05-02 03:55:00,-2372.347,2025-05-02 03:55:00
2025-05-02 04:00:00,-2372.367,2025-05-02 04:00:00
2025-05-02 04:05:00,-2372.343,2025-05-02 04:05:00
2025-05-02 04:10:00,-2372.361,2025-05-02 04:10:00
2025-05-02 04:15:00,-2372.39,2025-05-02 04:15:00
2025-05-02 04:20:00,-2372.374,2025-05-02 04:20:00
2025-05-02 04:25:00,-2372.385,2025-05-02 04:25:00
2025-05-02 04:30:00,-2372.354,2025-05-02 04:30:00
2025-05-02 04:35:00,-2372.374,2025-05-02 04:35:00
2025-05-02 04:40:00,-2372.395,2025-05-02 04:40:00
2025-05-02 04:45:00,-2372.406,2025-05-02 04:45:00
2025-05-02 04:50:00,-2372.411,2025-05-02 04:50:00
2025-05-02 04:55:00,-2372.42,2025-05-02 04:55:00
2025-05-02 05:00:00,-2372.391,2025-05-02 05:00:00
2025-05-02 05:05:00,-2372.41,2025-05-02 05:05:00
2025-05-02 05:10:00,-2372.438,2025-05-02 05:10:00
2025-05-02 05:15:00,-2372.421,2025-05-02 05:15:00
2025-05-02 05:20:00,-2372.419,2025-05-02 05:20:00
2025-05-02 05:25:00,-2372.432,2025-05-02 05:25:00
2025-05-02 05:30:00,-2372.448,2025-05-02 05:30:00
2025-05-02 05:35:00,-2372.421,2025-05-02 05:35:00
2025-05-02 05:40:00,-2372.457,2025-05-02 05:40:00
2025-05-02 05:45:00,-2372.394,2025-05-02 05:45:00
2025-05-02 05:50:00,-2372.37,2025-05-02 05:50:00
2025-05-02 05:55:00,-2372.38,2025-05-02 05:55:00
2025-05-02 06:00:00,0.0,2025-05-02 06:00:00
2025-05-02 06:05:00,0.0,2025-05-02 06:05:00
2025-05-02 06:10:00,0.0,2025-05-02 06:10:00
2025-05-02 06:15:00,0.0,2025-05-02 06:15:00
2025-05-02 06:20:00,0.0,2025-05-02 06:20:00
2025-05-02 06:25:00,0.0,2025-05-02 06:25:00
2025-05-02 06:30:00,0.0,2025-05-02 06:30:00
2025-05-02 06:35:00,0.0,2025-05-02 06:35:00
2025-05-02 06:40:00,0.0,2025-05-02 06:40:00
2025-05-02 06:45:00,0.0,2025-05-02 06:45:00
2025-05-02 06:50:00,0.0,2025-05-02 06:50:00
2025-05-02 06:55:00,0.0,2025-05-02 06:55:00
2025-05-02 07:00:00,0.0,2025-05-02 07:00:00
2025-05-02 07:05:00,0.0,2025-05-02 07:05:00
2025-05-02 07:10:00,0.0,2025-05-02 07:10:00
2025-05-02 07:15:00,0.0,2025-05-02 07:15:00
2025-05-02 07:20:00,0.0,2025-05-02 07:20:00
2025-05-02 07:25:00,0.0,2025-05-02 07:25:00
2025-05-02 07:30:00,0.0,2025-05-02 07:30:00
2025-05-02 07:35:00,0.0,2025-05-02 07:35:00
2025-05-02 07:40:00,0.0,2025-05-02 07:40:00
2025-05-02 07:45:00,0.0,2025-05-02 07:45:00
2025-05-02 07:50:00,0.0,2025-05-02 07:50:00
2025-05-02 07:55:00,0.0,2025-05-02 07:55:00
2025-05-02 08:00:00,9000.0,2025-05-02 08:00:00
2025-05-02 08:05:00,9000.0,2025-05-02 08:05:00
2025-05-02 08:10:00,9000.0,2025-05-02 08:10:00
2025-05-02 08:15:00,9000.0,2025-05-02 08:15:00
2025-05-02 08:20:00,9000.0,2025-05-02 08:20:00
2025-05-02 08:25:00,9000.0,2025-05-02 08:25:00
2025-05-02 08:30:00,9000.0,2025-05-02 08:30:00
2025-05-02 08:35:00,9000.0,2025-05-02 08:35:00
2025-05-02 08:40:00,9000.0,2025-05-02 08:40:00
2025-05-02 08:45:00,9000.0,2025-05-02 08:45:00
2025-05-02 08:50:00,9000.0,2025-05-02 08:50:00
2025-05-02 08:55:00,9000.0,2025-05-02 08:55:00
2025-05-02 09:00:00,9000.0,2025-05-02 09:00:00
2025-05-02 09:05:00,9000.0,2025-05-02 09:05:00
2025-05-02 09:10:00,9000.0,2025-05-02 09:10:00
2025-05-02 09:15:00,9000.0,2025-05-02 09:15:00
2025-05-02 09:20:00,9000.0,2025-05-02 09:20:00
2025-05-02 09:25:00,9000.0,2025-05-02 09:25:00
2025-05-02 09:30:00,9000.0,2025-05-02 09:30:00
2025-05-02 09:35:00,9000.0,2025-05-02 09:35:00
2025-05-02 09:40:00,8999.999,2025-05-02 09:40:00
2025-05-02 09:45:00,8999.999,2025-05-02 09:45:00
2025-05-02 09:50:00,1043.999,2025-05-02 09:50:00
2025-05-02 09:55:00,0.0,2025-05-02 09:55:00
2025-05-02 10:00:00,0.0,2025-05-02 10:00:00
2025-05-02 10:05:00,0.0,2025-05-02 10:05:00
2025-05-02 10:10:00,0.0,2025-05-02 10:10:00
2025-05-02 10:15:00,0.0,2025-05-02 10:15:00
2025-05-02 10:20:00,0.0,2025-05-02 10:20:00
2025-05-02 10:25:00,0.0,2025-05-02 10:25:00
2025-05-02 10:30:00,0.0,2025-05-02 10:30:00
2025-05-02 10:35:00,0.0,2025-05-02 10:35:00
2025-05-02 10:40:00,0.0,2025-05-02 10:40:00
2025-05-02 10:45:00,0.0,2025-05-02 10:45:00
2025-05-02 10:50:00,0.0,2025-05-02 10:50:00
2025-05-02 10:55:00,0.0,2025-05-02 10:55:00
2025-05-02 11:00:00,-2712.272,2025-05-02 11:00:00
2025-05-02 11:05:00,-2712.321,2025-05-02 11:05:00
2025-05-02 11:10:00,-2712.387,2025-05-02 11:10:00
2025-05-02 11:15:00,-2712.333,2025-05-02 11:15:00
2025-05-02 11:20:00,-2712.407,2025-05-02 11:20:00
2025-05-02 11:25:00,-2712.415,2025-05-02 11:25:00
2025-05-02 11:30:00,-2712.374,2025-05-02 11:30:00
2025-05-02 11:35:00,-2712.333,2025-05-02 11:35:00
2025-05-02 11:40:00,-2712.427,2025-05-02 11:40:00
2025-05-02 11:45:00,-2712.363,2025-05-02 11:45:00
2025-05-02 11:50:00,-2712.284,2025-05-02 11:50:00
2025-05-02 11:55:00,-2712.376,2025-05-02 11:55:00
2025-05-02 12:00:00,-2712.377,2025-05-02 12:00:00
2025-05-02 12:05:00,-2712.365,2025-05-02 12:05:00
2025-05-02 12:10:00,-2712.389,2025-05-02 12:10:00
2025-05-02 12:15:00,-2712.322,2025-05-02 12:15:00
2025-05-02 12:20:00,-2712.365,2025-05-02 12:20:00
2025-05-02 12:25:00,-2712.433,2025-05-02 12:25:00
2025-05-02 12:30:00,-2712.389,2025-05-02 12:30:00
2025-05-02 12:35:00,-2712.487,2025-05-02 12:35:00
2025-05-02 12:40:00,-2712.012,2025-05-02 12:40:00
2025-05-02 12:45:00,-2712.435,2025-05-02 12:45:00
2025-05-02 12:50:00,-2712.371,2025-05-02 12:50:00
2025-05-02 12:55:00,-2712.489,2025-05-02 12:55:00
2025-05-02 13:00:00,-2712.392,2025-05-02 13:00:00
2025-05-02 13:05:00,-2712.328,2025-05-02 13:05:00
2025-05-02 13:10:00,-2712.284,2025-05-02 13:10:00
2025-05-02 13:15:00,-2712.737,2025-05-02 13:15:00
2025-05-02 13:20:00,-2712.295,2025-05-02 13:20:00
2025-05-02 13:25:00,-2712.33,2025-05-02 13:25:00
2025-05-02 13:30:00,-2712.208,2025-05-02 13:30:00
2025-05-02 13:35:00,-2712.244,2025-05-02 13:35:00
2025-05-02 13:40:00,-2712.2,2025-05-02 13:40:00
2025-05-02 13:45:00,-2712.204,2025-05-02 13:45:00
2025-05-02 13:50:00,-2712.23,2025-05-02 13:50:00
2025-05-02 13:55:00,-2712.178,2025-05-02 13:55:00
2025-05-02 14:00:00,-2712.291,2025-05-02 14:00:00
2025-05-02 14:05:00,-2712.199,2025-05-02 14:05:00
2025-05-02 14:10:00,-2712.183,2025-05-02 14:10:00
2025-05-02 14:15:00,-2712.191,2025-05-02 14:15:00
2025-05-02 14:20:00,-2712.207,2025-05-02 14:20:00
2025-05-02 14:25:00,-2712.173,2025-05-02 14:25:00
2025-05-02 14:30:00,-2712.193,2025-05-02 14:30:00
2025-05-02 14:35:00,-2712.187,2025-05-02 14:35:00
2025-05-02 14:40:00,-2712.287,2025-05-02 14:40:00
2025-05-02 14:45:00,-2712.121,2025-05-02 14:45:00
2025-05-02 14:50:00,-2712.209,2025-05-02 14:50:00
2025-05-02 14:55:00,-2712.379,2025-05-02 14:55:00
2025-05-02 15:00:00,-2712.704,2025-05-02 15:00:00
2025-05-02 15:05:00,-2712.161,2025-05-02 15:05:00
2025-05-02 15:10:00,-2712.194,2025-05-02 15:10:00
2025-05-02 15:15:00,-2712.418,2025-05-02 15:15:00
2025-05-02 15:20:00,-2712.115,2025-05-02 15:20:00
2025-05-02 15:25:00,-2712.152,2025-05-02 15:25:00
2025-05-02 15:30:00,-2712.163,2025-05-02 15:30:00
2025-05-02 15:35:00,-2712.188,2025-05-02 15:35:00
2025-05-02 15:40:00,-2712.091,2025-05-02 15:40:00
2025-05-02 15:45:00,-2712.915,2025-05-02 15:45:00
2025-05-02 15:50:00,-2712.238,2025-05-02 15:50:00
2025-05-02 15:55:00,-2712.309,2025-05-02 15:55:00
2025-05-02 16:00:00,-2712.121,2025-05-02 16:00:00
2025-05-02 16:05:00,-2712.228,2025-05-02 16:05:00
2025-05-02 16:10:00,-2712.213,2025-05-02 16:10:00
2025-05-02 16:15:00,-2712.12,2025-05-02 16:15:00
2025-05-02 16:20:00,-2712.048,2025-05-02 16:20:00
2025-05-02 16:25:00,-2712.057,2025-05-02 16:25:00
2025-05-02 16:30:00,-2712.49,2025-05-02 16:30:00
2025-05-02 16:35:00,-2712.13,2025-05-02 16:35:00
2025-05-02 16:40:00,-2712.159,2025-05-02 16:40:00
2025-05-02 16:45:00,-2712.024,2025-05-02 16:45:00
2025-05-02 16:50:00,-2712.029,2025-05-02 16:50:00
2025-05-02 16:55:00,-2712.008,2025-05-02 16:55:00
2025-05-02 17:00:00,-2711.982,2025-05-02 17:00:00
2025-05-02 17:05:00,-2712.081,2025-05-02 17:05:00
2025-05-02 17:10:00,-2712.084,2025-05-02 17:10:00
2025-05-02 17:15:00,-2712.144,2025-05-02 17:15:00
2025-05-02 17:20:00,-2712.075,2025-05-02 17:20:00
2025-05-02 17:25:00,-2712.133,2025-05-02 17:25:00
2025-05-02 17:30:00,-2634.971,2025-05-02 17:30:00
2025-05-02 17:35:00,-2712.103,2025-05-02 17:35:00
2025-05-02 17:40:00,-2712.405,2025-05-02 17:40:00
2025-05-02 17:45:00,-2698.894,2025-05-02 17:45:00
2025-05-02 17:50:00,-2712.041,2025-05-02 17:50:00
2025-05-02 17:55:00,-2711.97,2025-05-02 17:55:00
2025-05-02 18:00:00,9000.0,2025-05-02 18:00:00
2025-05-02 18:05:00,9000.0,2025-05-02 18:05:00
2025-05-02 18:10:00,9000.0,2025-05-02 18:10:00
2025-05-02 18:15:00,9000.0,2025-05-02 18:15:00
2025-05-02 18:20:00,9000.0,2025-05-02 18:20:00
2025-05-02 18:25:00,9000.0,2025-05-02 18:25:00
2025-05-02 18:30:00,9000.0,2025-05-02 18:30:00
2025-05-02 18:35:00,9000.0,2025-05-02 18:35:00
2025-05-02 18:40:00,9000.0,2025-05-02 18:40:00
2025-05-02 18:45:00,9000.0,2025-05-02 18:45:00
2025-05-02 18:50:00,9000.0,2025-05-02 18:50:00
2025-05-02 18:55:00,9000.0,2025-05-02 18:55:00
2025-05-02 19:00:00,9000.0,2025-05-02 19:00:00
2025-05-02 19:05:00,9000.0,2025-05-02 19:05:00
2025-05-02 19:10:00,9000.0,2025-05-02 19:10:00
2025-05-02 19:15:00,9000.0,2025-05-02 19:15:00
2025-05-02 19:20:00,9000.0,2025-05-02 19:20:00
2025-05-02 19:25:00,9000.0,2025-05-02 19:25:00
2025-05-02 19:30:00,9000.0,2025-05-02 19:30:00
2025-05-02 19:35:00,9000.0,2025-05-02 19:35:00
2025-05-02 19:40:00,8999.999,2025-05-02 19:40:00
2025-05-02 19:45:00,8999.999,2025-05-02 19:45:00
2025-05-02 19:50:00,1043.999,2025-05-02 19:50:00
2025-05-02 19:55:00,0.0,2025-05-02 19:55:00
2025-05-02 20:00:00,0.0,2025-05-02 20:00:00
2025-05-02 20:05:00,0.0,2025-05-02 20:05:00
2025-05-02 20:10:00,0.0,2025-05-02 20:10:00
2025-05-02 20:15:00,0.0,2025-05-02 20:15:00
2025-05-02 20:20:00,0.0,2025-05-02 20:20:00
2025-05-02 20:25:00,0.0,2025-05-02 20:25:00
2025-05-02 20:30:00,0.0,2025-05-02 20:30:00
2025-05-02 20:35:00,0.0,2025-05-02 20:35:00
2025-05-02 20:40:00,0.0,2025-05-02 20:40:00
2025-05-02 20:45:00,0.0,2025-05-02 20:45:00
2025-05-02 20:50:00,0.0,2025-05-02 20:50:00
2025-05-02 20:55:00,0.0,2025-05-02 20:55:00
2025-05-02 21:00:00,0.0,2025-05-02 21:00:00
2025-05-02 21:05:00,0.0,2025-05-02 21:05:00
2025-05-02 21:10:00,0.0,2025-05-02 21:10:00
2025-05-02 21:15:00,0.0,2025-05-02 21:15:00
2025-05-02 21:20:00,0.0,2025-05-02 21:20:00
2025-05-02 21:25:00,0.0,2025-05-02 21:25:00
2025-05-02 21:30:00,0.0,2025-05-02 21:30:00
2025-05-02 21:35:00,0.0,2025-05-02 21:35:00
2025-05-02 21:40:00,0.0,2025-05-02 21:40:00
2025-05-02 21:45:00,0.0,2025-05-02 21:45:00
2025-05-02 21:50:00,0.0,2025-05-02 21:50:00
2025-05-02 21:55:00,0.0,2025-05-02 21:55:00
2025-05-02 22:00:00,-2372.894,2025-05-02 22:00:00
2025-05-02 22:05:00,-2372.891,2025-05-02 22:05:00
2025-05-02 22:10:00,-2372.893,2025-05-02 22:10:00
2025-05-02 22:15:00,-2372.889,2025-05-02 22:15:00
2025-05-02 22:20:00,-2372.887,2025-05-02 22:20:00
2025-05-02 22:25:00,-2372.886,2025-05-02 22:25:00
2025-05-02 22:30:00,-2372.885,2025-05-02 22:30:00
2025-05-02 22:35:00,-2372.876,2025-05-02 22:35:00
2025-05-02 22:40:00,-2372.87,2025-05-02 22:40:00
2025-05-02 22:45:00,-2372.866,2025-05-02 22:45:00
2025-05-02 22:50:00,-2372.856,2025-05-02 22:50:00
2025-05-02 22:55:00,-2372.849,2025-05-02 22:55:00
2025-05-02 23:00:00,-2372.839,2025-05-02 23:00:00
2025-05-02 23:05:00,-2372.829,2025-05-02 23:05:00
2025-05-02 23:10:00,-2372.824,2025-05-02 23:10:00
2025-05-02 23:15:00,-2372.812,2025-05-02 23:15:00
2025-05-02 23:20:00,-2372.798,2025-05-02 23:20:00
2025-05-02 23:25:00,-2372.793,2025-05-02 23:25:00
2025-05-02 23:30:00,-2372.772,2025-05-02 23:30:00
2025-05-02 23:35:00,-2372.762,2025-05-02 23:35:00
2025-05-02 23:40:00,-2372.751,2025-05-02 23:40:00
2025-05-02 23:45:00,-2372.731,2025-05-02 23:45:00
2025-05-02 23:50:00,-2372.715,2025-05-02 23:50:00
2025-05-02 23:55:00,-2372.701,2025-05-02 23:55:00
2025-05-03 00:00:00,-2372.682,2025-05-03 00:00:00
2025-05-03 00:05:00,-2372.665,2025-05-03 00:05:00
2025-05-03 00:10:00,-2372.655,2025-05-03 00:10:00
2025-05-03 00:15:00,-2372.63,2025-05-03 00:15:00
2025-05-03 00:20:00,-2372.614,2025-05-03 00:20:00
2025-05-03 00:25:00,-2372.595,2025-05-03 00:25:00
2025-05-03 00:30:00,-2372.584,2025-05-03 00:30:00
2025-05-03 00:35:00,-2372.56,2025-05-03 00:35:00
2025-05-03 00:40:00,-2372.547,2025-05-03 00:40:00
2025-05-03 00:45:00,-2372.533,2025-05-03 00:45:00
2025-05-03 00:50:00,-2372.503,2025-05-03 00:50:00
2025-05-03 00:55:00,-2372.494,2025-05-03 00:55:00
2025-05-03 01:00:00,-2372.484,2025-05-03 01:00:00
2025-05-03 01:05:00,-2372.459,2025-05-03 01:05:00
2025-05-03 01:10:00,-2372.482,2025-05-03 01:10:00
2025-05-03 01:15:00,-2372.419,2025-05-03 01:15:00
2025-05-03 01:20:00,-2372.384,2025-05-03 01:20:00
2025-05-03 01:25:00,-2372.379,2025-05-03 01:25:00
2025-05-03 01:30:00,-2372.342,2025-05-03 01:30:00
2025-05-03 01:35:00,-2372.325,2025-05-03 01:35:00
2025-05-03 01:40:00,-2372.365,2025-05-03 01:40:00
2025-05-03 01:45:00,-2372.287,2025-05-03 01:45:00
2025-05-03 01:50:00,-2372.261,2025-05-03 01:50:00
2025-05-03 01:55:00,-2372.299,2025-05-03 01:55:00
2025-05-03 02:00:00,-2372.22,2025-05-03 02:00:00
2025-05-03 02:05:00,-2372.222,2025-05-03 02:05:00
2025-05-03 02:10:00,-2372.188,2025-05-03 02:10:00
2025-05-03 02:15:00,-2372.184,2025-05-03 02:15:00
2025-05-03 02:20:00,-2372.146,2025-05-03 02:20:00
2025-05-03 02:25:00,-2372.189,2025-05-03 02:25:00
2025-05-03 02:30:00,-2372.144,2025-05-03 02:30:00
2025-05-03 02:35:00,-2372.104,2025-05-03 02:35:00
2025-05-03 02:40:00,-2372.094,2025-05-03 02:40:00
2025-05-03 02:45:00,-2372.068,2025-05-03 02:45:00
2025-05-03 02:50:00,-2372.052,2025-05-03 02:50:00
2025-05-03 02:55:00,-2372.045,2025-05-03 02:55:00
2025-05-03 03:00:00,-2372.021,2025-05-03 03:00:00
2025-05-03 03:05:00,-2372.006,2025-05-03 03:05:00
2025-05-03 03:10:00,-2371.982,2025-05-03 03:10:00
2025-05-03 03:15:00,-2371.955,2025-05-03 03:15:00
2025-05-03 03:20:00,-2371.945,2025-05-03 03:20:00
2025-05-03 03:25:00,-2371.943,2025-05-03 03:25:00
2025-05-03 03:30:00,-2371.913,2025-05-03 03:30:00
2025-05-03 03:35:00,-2371.911,2025-05-03 03:35:00
2025-05-03 03:40:00,-2371.911,2025-05-03 03:40:00
2025-05-03 03:45:00,-2371.876,2025-05-03 03:45:00
2025-05-03 03:50:00,-2371.871,2025-05-03 03:50:00
2025-05-03 03:55:00,-2371.853,2025-05-03 03:55:00
2025-05-03 04:00:00,-2371.867,2025-05-03 04:00:00
2025-05-03 04:05:00,-2371.849,2025-05-03 04:05:00
2025-05-03 04:10:00,-2371.823,2025-05-03 04:10:00
2025-05-03 04:15:00,-2371.839,2025-05-03 04:15:00
2025-05-03 04:20:00,-2371.832,2025-05-03 04:20:00
2025-05-03 04:25:00,-2371.84,2025-05-03 04:25:00
2025-05-03 04:30:00,-2371.808,2025-05-03 04:30:00
2025-05-03 04:35:00,-2371.795,2025-05-03 04:35:00
2025-05-03 04:40:00,-2371.781,2025-05-03 04:40:00
2025-05-03 04:45:00,-2371.796,2025-05-03 04:45:00
2025-05-03 04:50:00,-2371.781,2025-05-03 04:50:00
2025-05-03 04:55:00,-2371.769,2025-05-03 04:55:00
2025-05-03 05:00:00,-2371.762,2025-05-03 05:00:00
2025-05-03 05:05:00,-2371.764,2025-05-03 05:05:00
2025-05-03 05:10:00,-2371.756,2025-05-03 05:10:00
2025-05-03 05:15:00,-2371.754,2025-05-03 05:15:00
2025-05-03 05:20:00,-2371.754,2025-05-03 05:20:00
2025-05-03 05:25:00,-2371.752,2025-05-03 05:25:00
2025-05-03 05:30:00,-2371.756,2025-05-03 05:30:00
2025-05-03 05:35:00,-2371.752,2025-05-03 05:35:00
2025-05-03 05:40:00,-2371.752,2025-05-03 05:40:00
2025-05-03 05:45:00,-2371.754,2025-05-03 05:45:00
2025-05-03 05:50:00,-2371.754,2025-05-03 05:50:00
2025-05-03 05:55:00,-2371.775,2025-05-03 05:55:00
2025-05-03 06:00:00,0.0,2025-05-03 06:00:00
2025-05-03 06:05:00,0.0,2025-05-03 06:05:00
2025-05-03 06:10:00,0.0,2025-05-03 06:10:00
2025-05-03 06:15:00,0.0,2025-05-03 06:15:00
2025-05-03 06:20:00,0.0,2025-05-03 06:20:00
2025-05-03 06:25:00,0.0,2025-05-03 06:25:00
2025-05-03 06:30:00,0.0,2025-05-03 06:30:00
2025-05-03 06:35:00,0.0,2025-05-03 06:35:00
2025-05-03 06:40:00,0.0,2025-05-03 06:40:00
2025-05-03 06:45:00,0.0,2025-05-03 06:45:00
2025-05-03 06:50:00,0.0,2025-05-03 06:50:00
2025-05-03 06:55:00,0.0,2025-05-03 06:55:00
2025-05-03 07:00:00,0.0,2025-05-03 07:00:00
2025-05-03 07:05:00,0.0,2025-05-03 07:05:00
2025-05-03 07:10:00,0.0,2025-05-03 07:10:00
2025-05-03 07:15:00,0.0,2025-05-03 07:15:00
2025-05-03 07:20:00,0.0,2025-05-03 07:20:00
2025-05-03 07:25:00,0.0,2025-05-03 07:25:00
2025-05-03 07:30:00,0.0,2025-05-03 07:30:00
2025-05-03 07:35:00,0.0,2025-05-03 07:35:00
2025-05-03 07:40:00,0.0,2025-05-03 07:40:00
2025-05-03 07:45:00,0.0,2025-05-03 07:45:00
2025-05-03 07:50:00,0.0,2025-05-03 07:50:00
2025-05-03 07:55:00,0.0,2025-05-03 07:55:00
2025-05-03 08:00:00,9000.0,2025-05-03 08:00:00
2025-05-03 08:05:00,9000.0,2025-05-03 08:05:00
2025-05-03 08:10:00,9000.0,2025-05-03 08:10:00
2025-05-03 08:15:00,9000.0,2025-05-03 08:15:00
2025-05-03 08:20:00,9000.0,2025-05-03 08:20:00
2025-05-03 08:25:00,9000.0,2025-05-03 08:25:00
2025-05-03 08:30:00,9000.0,2025-05-03 08:30:00
2025-05-03 08:35:00,9000.0,2025-05-03 08:35:00
2025-05-03 08:40:00,9000.0,2025-05-03 08:40:00
2025-05-03 08:45:00,9000.0,2025-05-03 08:45:00
2025-05-03 08:50:00,9000.0,2025-05-03 08:50:00
2025-05-03 08:55:00,9000.0,2025-05-03 08:55:00
2025-05-03 09:00:00,9000.0,2025-05-03 09:00:00
2025-05-03 09:05:00,9000.0,2025-05-03 09:05:00
2025-05-03 09:10:00,9000.0,2025-05-03 09:10:00
2025-05-03 09:15:00,9000.0,2025-05-03 09:15:00
2025-05-03 09:20:00,9000.0,2025-05-03 09:20:00
2025-05-03 09:25:00,9000.0,2025-05-03 09:25:00
2025-05-03 09:30:00,9000.0,2025-05-03 09:30:00
2025-05-03 09:35:00,9000.0,2025-05-03 09:35:00
2025-05-03 09:40:00,8999.999,2025-05-03 09:40:00
2025-05-03 09:45:00,8999.998,2025-05-03 09:45:00
2025-05-03 09:50:00,1043.999,2025-05-03 09:50:00
2025-05-03 09:55:00,0.0,2025-05-03 09:55:00
2025-05-03 10:00:00,0.0,2025-05-03 10:00:00
2025-05-03 10:05:00,0.0,2025-05-03 10:05:00
2025-05-03 10:10:00,0.0,2025-05-03 10:10:00
2025-05-03 10:15:00,0.0,2025-05-03 10:15:00
2025-05-03 10:20:00,0.0,2025-05-03 10:20:00
2025-05-03 10:25:00,0.0,2025-05-03 10:25:00
2025-05-03 10:30:00,0.0,2025-05-03 10:30:00
2025-05-03 10:35:00,0.0,2025-05-03 10:35:00
2025-05-03 10:40:00,0.0,2025-05-03 10:40:00
2025-05-03 10:45:00,0.0,2025-05-03 10:45:00
2025-05-03 10:50:00,0.0,2025-05-03 10:50:00
2025-05-03 10:55:00,0.0,2025-05-03 10:55:00
2025-05-03 11:00:00,-2710.639,2025-05-03 11:00:00
2025-05-03 11:05:00,-2710.58,2025-05-03 11:05:00
2025-05-03 11:10:00,-2710.633,2025-05-03 11:10:00
2025-05-03 11:15:00,-2710.666,2025-05-03 11:15:00
2025-05-03 11:20:00,-2710.619,2025-05-03 11:20:00
2025-05-03 11:25:00,-2710.59,2025-05-03 11:25:00
2025-05-03 11:30:00,-2710.65,2025-05-03 11:30:00
2025-05-03 11:35:00,-2710.65,2025-05-03 11:35:00
2025-05-03 11:40:00,-2710.665,2025-05-03 11:40:00
2025-05-03 11:45:00,-2710.619,2025-05-03 11:45:00
2025-05-03 11:50:00,-2710.647,2025-05-03 11:50:00
2025-05-03 11:55:00,-2710.643,2025-05-03 11:55:00
2025-05-03 12:00:00,-2710.711,2025-05-03 12:00:00
2025-05-03 12:05:00,-2710.696,2025-05-03 12:05:00
2025-05-03 12:10:00,-2710.716,2025-05-03 12:10:00
2025-05-03 12:15:00,-2710.674,2025-05-03 12:15:00
2025-05-03 12:20:00,-2710.687,2025-05-03 12:20:00
2025-05-03 12:25:00,-2710.721,2025-05-03 12:25:00
2025-05-03 12:30:00,-2710.748,2025-05-03 12:30:00
2025-05-03 12:35:00,-2710.729,2025-05-03 12:35:00
2025-05-03 12:40:00,-2710.784,2025-05-03 12:40:00
2025-05-03 12:45:00,-2710.837,2025-05-03 12:45:00
2025-05-03 12:50:00,-2710.857,2025-05-03 12:50:00
2025-05-03 12:55:00,-2710.831,2025-05-03 12:55:00
2025-05-03 13:00:00,-2710.83,2025-05-03 13:00:00
2025-05-03 13:05:00,-2710.83,2025-05-03 13:05:00
2025-05-03 13:10:00,-2710.871,2025-05-03 13:10:00
2025-05-03 13:15:00,-2710.875,2025-05-03 13:15:00
2025-05-03 13:20:00,-2710.9,2025-05-03 13:20:00
2025-05-03 13:25:00,-2710.919,2025-05-03 13:25:00
2025-05-03 13:30:00,-2710.967,2025-05-03 13:30:00
2025-05-03 13:35:00,-2710.947,2025-05-03 13:35:00
2025-05-03 13:40:00,-2710.965,2025-05-03 13:40:00
2025-05-03 13:45:00,-2710.992,2025-05-03 13:45:00
2025-05-03 13:50:00,-2711.02,2025-05-03 13:50:00
2025-05-03 13:55:00,-2711.028,2025-05-03 13:55:00
2025-05-03 14:00:00,-2711.047,2025-05-03 14:00:00
2025-05-03 14:05:00,-2711.063,2025-05-03 14:05:00
2025-05-03 14:10:00,-2711.099,2025-05-03 14:10:00
2025-05-03 14:15:00,-2711.119,2025-05-03 14:15:00
2025-05-03 14:20:00,-2711.14,2025-05-03 14:20:00
2025-05-03 14:25:00,-2711.146,2025-05-03 14:25:00
2025-05-03 14:30:00,-2711.182,2025-05-03 14:30:00
2025-05-03 14:35:00,-2711.201,2025-05-03 14:35:00
2025-05-03 14:40:00,-2711.211,2025-05-03 14:40:00
2025-05-03 14:45:00,-2711.278,2025-05-03 14:45:00
2025-05-03 14:50:00,-2711.253,2025-05-03 14:50:00
2025-05-03 14:55:00,-2711.273,2025-05-03 14:55:00
2025-05-03 15:00:00,-2711.297,2025-05-03 15:00:00
2025-05-03 15:05:00,-2711.317,2025-05-03 15:05:00
2025-05-03 15:10:00,-2711.353,2025-05-03 15:10:00
2025-05-03 15:15:00,-2711.377,2025-05-03 15:15:00
2025-05-03 15:20:00,-2711.425,2025-05-03 15:20:00
2025-05-03 15:25:00,-2711.423,2025-05-03 15:25:00
2025-05-03 15:30:00,-2711.445,2025-05-03 15:30:00
2025-05-03 15:35:00,-2711.434,2025-05-03 15:35:00
2025-05-03 15:40:00,-2711.463,2025-05-03 15:40:00
2025-05-03 15:45:00,-2711.47,2025-05-03 15:45:00
2025-05-03 15:50:00,-2711.488,2025-05-03 15:50:00
2025-05-03 15:55:00,-2711.508,2025-05-03 15:55:00
2025-05-03 16:00:00,-2711.523,2025-05-03 16:00:00
2025-05-03 16:05:00,-2711.548,2025-05-03 16:05:00
2025-05-03 16:10:00,-2711.56,2025-05-03 16:10:00
2025-05-03 16:15:00,-2711.579,2025-05-03 16:15:00
2025-05-03 16:20:00,-2711.59,2025-05-03 16:20:00
2025-05-03 16:25:00,-2711.604,2025-05-03 16:25:00
2025-05-03 16:30:00,-2711.621,2025-05-03 16:30:00
2025-05-03 16:35:00,-2711.634,2025-05-03 16:35:00
2025-05-03 16:40:00,-2711.648,2025-05-03 16:40:00
2025-05-03 16:45:00,-2711.665,2025-05-03 16:45:00
2025-05-03 16:50:00,-2711.685,2025-05-03 16:50:00
2025-05-03 16:55:00,-2711.687,2025-05-03 16:55:00
2025-05-03 17:00:00,-2711.704,2025-05-03 17:00:00
2025-05-03 17:05:00,-2711.714,2025-05-03 17:05:00
2025-05-03 17:10:00,-2711.724,2025-05-03 17:10:00
2025-05-03 17:15:00,-2711.733,2025-05-03 17:15:00
2025-05-03 17:20:00,-2711.742,2025-05-03 17:20:00
2025-05-03 17:25:00,-2711.75,2025-05-03 17:25:00
2025-05-03 17:30:00,-2711.758,2025-05-03 17:30:00
2025-05-03 17:35:00,-2711.767,2025-05-03 17:35:00
2025-05-03 17:40:00,-2711.772,2025-05-03 17:40:00
2025-05-03 17:45:00,-2711.784,2025-05-03 17:45:00
2025-05-03 17:50:00,-2711.798,2025-05-03 17:50:00
2025-05-03 17:55:00,-2711.798,2025-05-03 17:55:00
2025-05-03 18:00:00,9000.0,2025-05-03 18:00:00
2025-05-03 18:05:00,9000.0,2025-05-03 18:05:00
2025-05-03 18:10:00,9000.0,2025-05-03 18:10:00
2025-05-03 18:15:00,9000.0,2025-05-03 18:15:00
2025-05-03 18:20:00,9000.0,2025-05-03 18:20:00
2025-05-03 18:25:00,9000.0,2025-05-03 18:25:00
2025-05-03 18:30:00,9000.0,2025-05-03 18:30:00
2025-05-03 18:35:00,9000.0,2025-05-03 18:35:00
2025-05-03 18:40:00,9000.0,2025-05-03 18:40:00
2025-05-03 18:45:00,9000.0,2025-05-03 18:45:00
2025-05-03 18:50:00,9000.0,2025-05-03 18:50:00
2025-05-03 18:55:00,9000.0,2025-05-03 18:55:00
2025-05-03 19:00:00,9000.0,2025-05-03 19:00:00
2025-05-03 19:05:00,9000.0,2025-05-03 19:05:00
2025-05-03 19:10:00,9000.0,2025-05-03 19:10:00
2025-05-03 19:15:00,9000.0,2025-05-03 19:15:00
2025-05-03 19:20:00,9000.0,2025-05-03 19:20:00
2025-05-03 19:25:00,9000.0,2025-05-03 19:25:00
2025-05-03 19:30:00,9000.0,2025-05-03 19:30:00
2025-05-03 19:35:00,9000.0,2025-05-03 19:35:00
2025-05-03 19:40:00,8999.999,2025-05-03 19:40:00
2025-05-03 19:45:00,8999.998,2025-05-03 19:45:00
2025-05-03 19:50:00,1043.999,2025-05-03 19:50:00
2025-05-03 19:55:00,0.0,2025-05-03 19:55:00
2025-05-03 20:00:00,0.0,2025-05-03 20:00:00
2025-05-03 20:05:00,0.0,2025-05-03 20:05:00
2025-05-03 20:10:00,0.0,2025-05-03 20:10:00
2025-05-03 20:15:00,0.0,2025-05-03 20:15:00
2025-05-03 20:20:00,0.0,2025-05-03 20:20:00
2025-05-03 20:25:00,0.0,2025-05-03 20:25:00
2025-05-03 20:30:00,0.0,2025-05-03 20:30:00
2025-05-03 20:35:00,0.0,2025-05-03 20:35:00
2025-05-03 20:40:00,0.0,2025-05-03 20:40:00
2025-05-03 20:45:00,0.0,2025-05-03 20:45:00
2025-05-03 20:50:00,0.0,2025-05-03 20:50:00
2025-05-03 20:55:00,0.0,2025-05-03 20:55:00
2025-05-03 21:00:00,0.0,2025-05-03 21:00:00
2025-05-03 21:05:00,0.0,2025-05-03 21:05:00
2025-05-03 21:10:00,0.0,2025-05-03 21:10:00
2025-05-03 21:15:00,0.0,2025-05-03 21:15:00
2025-05-03 21:20:00,0.0,2025-05-03 21:20:00
2025-05-03 21:25:00,0.0,2025-05-03 21:25:00
2025-05-03 21:30:00,0.0,2025-05-03 21:30:00
2025-05-03 21:35:00,0.0,2025-05-03 21:35:00
2025-05-03 21:40:00,0.0,2025-05-03 21:40:00
2025-05-03 21:45:00,0.0,2025-05-03 21:45:00
2025-05-03 21:50:00,0.0,2025-05-03 21:50:00
2025-05-03 21:55:00,0.0,2025-05-03 21:55:00
2025-05-03 22:00:00,-2372.459,2025-05-03 22:00:00
2025-05-03 22:05:00,-2372.514,2025-05-03 22:05:00
2025-05-03 22:10:00,-2372.507,2025-05-03 22:10:00
2025-05-03 22:15:00,-2372.567,2025-05-03 22:15:00
2025-05-03 22:20:00,-2372.474,2025-05-03 22:20:00
2025-05-03 22:25:00,-2372.506,2025-05-03 22:25:00
2025-05-03 22:30:00,-2372.525,2025-05-03 22:30:00
2025-05-03 22:35:00,-2372.574,2025-05-03 22:35:00
2025-05-03 22:40:00,-2372.575,2025-05-03 22:40:00
2025-05-03 22:45:00,-2372.596,2025-05-03 22:45:00
2025-05-03 22:50:00,-2372.579,2025-05-03 22:50:00
2025-05-03 22:55:00,-2372.584,2025-05-03 22:55:00
2025-05-03 23:00:00,-2372.579,2025-05-03 23:00:00
2025-05-03 23:05:00,-2372.551,2025-05-03 23:05:00
2025-05-03 23:10:00,-2372.469,2025-05-03 23:10:00
2025-05-03 23:15:00,-2372.575,2025-05-03 23:15:00
2025-05-03 23:20:00,-2372.546,2025-05-03 23:20:00
2025-05-03 23:25:00,-2372.476,2025-05-03 23:25:00
2025-05-03 23:30:00,-2372.478,2025-05-03 23:30:00
2025-05-03 23:35:00,-2372.543,2025-05-03 23:35:00
2025-05-03 23:40:00,-2372.525,2025-05-03 23:40:00
2025-05-03 23:45:00,-2372.519,2025-05-03 23:45:00
2025-05-03 23:50:00,-2372.502,2025-05-03 23:50:00
2025-05-03 23:55:00,-2372.52,2025-05-03 23:55:00
2025-05-04 00:00:00,-2372.524,2025-05-04 00:00:00
2025-05-04 00:05:00,-2372.528,2025-05-04 00:05:00
2025-05-04 00:10:00,-2372.327,2025-05-04 00:10:00
2025-05-04 00:15:00,-2372.324,2025-05-04 00:15:00
2025-05-04 00:20:00,-2372.472,2025-05-04 00:20:00
2025-05-04 00:25:00,-2372.451,2025-05-04 00:25:00
2025-05-04 00:30:00,-2372.474,2025-05-04 00:30:00
2025-05-04 00:35:00,-2372.433,2025-05-04 00:35:00
2025-05-04 00:40:00,-2372.389,2025-05-04 00:40:00
2025-05-04 00:45:00,-2372.4,2025-05-04 00:45:00
2025-05-04 00:50:00,-2372.394,2025-05-04 00:50:00
2025-05-04 00:55:00,-2372.364,2025-05-04 00:55:00
2025-05-04 01:00:00,-2372.383,2025-05-04 01:00:00
2025-05-04 01:05:00,-2372.403,2025-05-04 01:05:00
2025-05-04 01:10:00,-2372.382,2025-05-04 01:10:00
2025-05-04 01:15:00,-2372.434,2025-05-04 01:15:00
2025-05-04 01:20:00,-2372.358,2025-05-04 01:20:00
2025-05-04 01:25:00,-2372.374,2025-05-04 01:25:00
2025-05-04 01:30:00,-2372.388,2025-05-04 01:30:00
2025-05-04 01:35:00,-2372.358,2025-05-04 01:35:00
2025-05-04 01:40:00,-2372.356,2025-05-04 01:40:00
2025-05-04 01:45:00,-2372.39,2025-05-04 01:45:00
2025-05-04 01:50:00,-2372.265,2025-05-04 01:50:00
2025-05-04 01:55:00,-2372.317,2025-05-04 01:55:00
2025-05-04 02:00:00,-2372.259,2025-05-04 02:00:00
2025-05-04 02:05:00,-2372.315,2025-05-04 02:05:00
2025-05-04 02:10:00,-2372.293,2025-05-04 02:10:00
2025-05-04 02:15:00,-2372.315,2025-05-04 02:15:00
2025-05-04 02:20:00,-2372.294,2025-05-04 02:20:00
2025-05-04 02:25:00,-2372.243,2025-05-04 02:25:00
2025-05-04 02:30:00,-2372.28,2025-05-04 02:30:00
2025-05-04 02:35:00,-2372.257,2025-05-04 02:35:00
2025-05-04 02:40:00,-2372.257,2025-05-04 02:40:00
2025-05-04 02:45:00,-2372.153,2025-05-04 02:45:00
2025-05-04 02:50:00,-2372.239,2025-05-04 02:50:00
2025-05-04 02:55:00,-2372.157,2025-05-04 02:55:00
2025-05-04 03:00:00,-2372.176,2025-05-04 03:00:00
2025-05-04 03:05:00,-2372.144,2025-05-04 03:05:00
2025-05-04 03:10:00,-2372.219,2025-05-04 03:10:00
2025-05-04 03:15:00,-2372.137,2025-05-04 03:15:00
2025-05-04 03:20:00,-2372.158,2025-05-04 03:20:00
2025-05-04 03:25:00,-2372.091,2025-05-04 03:25:00
2025-05-04 03:30:00,-2372.134,2025-05-04 03:30:00
2025-05-04 03:35:00,-2372.14,2025-05-04 03:35:00
2025-05-04 03:40:00,-2372.11,2025-05-04 03:40:00
2025-05-04 03:45:00,-2372.009,2025-05-04 03:45:00
2025-05-04 03:50:00,-2372.11,2025-05-04 03:50:00
2025-05-04 03:55:00,-2372.121,2025-05-04 03:55:00
2025-05-04 04:00:00,-2372.05,2025-05-04 04:00:00
2025-05-04 04:05:00,-2372.086,2025-05-04 04:05:00
2025-05-04 04:10:00,-2372.058,2025-05-04 04:10:00
2025-05-04 04:15:00,-2372.031,2025-05-04 04:15:00
2025-05-04 04:20:00,-2372.019,2025-05-04 04:20:00
2025-05-04 04:25:00,-2372.047,2025-05-04 04:25:00
2025-05-04 04:30:00,-2372.031,2025-05-04 04:30:00
2025-05-04 04:35:00,-2372.067,2025-05-04 04:35:00
2025-05-04 04:40:00,-2371.941,2025-05-04 04:40:00
2025-05-04 04:45:00,-2372.047,2025-05-04 04:45:00
2025-05-04 04:50:00,-2371.996,2025-05-04 04:50:00
2025-05-04 04:55:00,-2372.023,2025-05-04 04:55:00
2025-05-04 05:00:00,-2371.979,2025-05-04 05:00:00
2025-05-04 05:05:00,-2371.997,2025-05-04 05:05:00
2025-05-04 05:10:00,-2372.046,2025-05-04 05:10:00
2025-05-04 05:15:00,-2372.02,2025-05-04 05:15:00
2025-05-04 05:20:00,-2371.995,2025-05-04 05:20:00
2025-05-04 05:25:00,-2371.994,2025-05-04 05:25:00
2025-05-04 05:30:00,-2371.981,2025-05-04 05:30:00
2025-05-04 05:35:00,-2372.058,2025-05-04 05:35:00
2025-05-04 05:40:00,-2371.933,2025-05-04 05:40:00
2025-05-04 05:45:00,-2371.997,2025-05-04 05:45:00
2025-05-04 05:50:00,-2371.927,2025-05-04 05:50:00
2025-05-04 05:55:00,-2371.967,2025-05-04 05:55:00
2025-05-04 06:00:00,0.0,2025-05-04 06:00:00
2025-05-04 06:05:00,0.0,2025-05-04 06:05:00
2025-05-04 06:10:00,0.0,2025-05-04 06:10:00
2025-05-04 06:15:00,0.0,2025-05-04 06:15:00
2025-05-04 06:20:00,0.0,2025-05-04 06:20:00
2025-05-04 06:25:00,0.0,2025-05-04 06:25:00
2025-05-04 06:30:00,0.0,2025-05-04 06:30:00
2025-05-04 06:35:00,0.0,2025-05-04 06:35:00
2025-05-04 06:40:00,0.0,2025-05-04 06:40:00
2025-05-04 06:45:00,0.0,2025-05-04 06:45:00
2025-05-04 06:50:00,0.0,2025-05-04 06:50:00
2025-05-04 06:55:00,0.0,2025-05-04 06:55:00
2025-05-04 07:00:00,0.0,2025-05-04 07:00:00
2025-05-04 07:05:00,0.0,2025-05-04 07:05:00
2025-05-04 07:10:00,0.0,2025-05-04 07:10:00
2025-05-04 07:15:00,0.0,2025-05-04 07:15:00
2025-05-04 07:20:00,0.0,2025-05-04 07:20:00
2025-05-04 07:25:00,0.0,2025-05-04 07:25:00
2025-05-04 07:30:00,0.0,2025-05-04 07:30:00
2025-05-04 07:35:00,0.0,2025-05-04 07:35:00
2025-05-04 07:40:00,0.0,2025-05-04 07:40:00
2025-05-04 07:45:00,0.0,2025-05-04 07:45:00
2025-05-04 07:50:00,0.0,2025-05-04 07:50:00
2025-05-04 07:55:00,0.0,2025-05-04 07:55:00
2025-05-04 08:00:00,9000.0,2025-05-04 08:00:00
2025-05-04 08:05:00,9000.0,2025-05-04 08:05:00
2025-05-04 08:10:00,9000.0,2025-05-04 08:10:00
2025-05-04 08:15:00,9000.0,2025-05-04 08:15:00
2025-05-04 08:20:00,9000.0,2025-05-04 08:20:00
2025-05-04 08:25:00,9000.0,2025-05-04 08:25:00
2025-05-04 08:30:00,9000.0,2025-05-04 08:30:00
2025-05-04 08:35:00,9000.0,2025-05-04 08:35:00
2025-05-04 08:40:00,9000.0,2025-05-04 08:40:00
2025-05-04 08:45:00,9000.0,2025-05-04 08:45:00
2025-05-04 08:50:00,9000.0,2025-05-04 08:50:00
2025-05-04 08:55:00,9000.0,2025-05-04 08:55:00
2025-05-04 09:00:00,9000.0,2025-05-04 09:00:00
2025-05-04 09:05:00,9000.0,2025-05-04 09:05:00
2025-05-04 09:10:00,9000.0,2025-05-04 09:10:00
2025-05-04 09:15:00,9000.0,2025-05-04 09:15:00
2025-05-04 09:20:00,9000.0,2025-05-04 09:20:00
2025-05-04 09:25:00,9000.0,2025-05-04 09:25:00
2025-05-04 09:30:00,9000.0,2025-05-04 09:30:00
2025-05-04 09:35:00,9000.0,2025-05-04 09:35:00
2025-05-04 09:40:00,8999.999,2025-05-04 09:40:00
2025-05-04 09:45:00,8999.998,2025-05-04 09:45:00
2025-05-04 09:50:00,1043.999,2025-05-04 09:50:00
2025-05-04 09:55:00,0.0,2025-05-04 09:55:00
2025-05-04 10:00:00,0.0,2025-05-04 10:00:00
2025-05-04 10:05:00,0.0,2025-05-04 10:05:00
2025-05-04 10:10:00,0.0,2025-05-04 10:10:00
2025-05-04 10:15:00,0.0,2025-05-04 10:15:00
2025-05-04 10:20:00,0.0,2025-05-04 10:20:00
2025-05-04 10:25:00,0.0,2025-05-04 10:25:00
2025-05-04 10:30:00,0.0,2025-05-04 10:30:00
2025-05-04 10:35:00,0.0,2025-05-04 10:35:00
2025-05-04 10:40:00,0.0,2025-05-04 10:40:00
2025-05-04 10:45:00,0.0,2025-05-04 10:45:00
2025-05-04 10:50:00,0.0,2025-05-04 10:50:00
2025-05-04 10:55:00,0.0,2025-05-04 10:55:00
2025-05-04 11:00:00,-2712.272,2025-05-04 11:00:00
2025-05-04 11:05:00,-2712.286,2025-05-04 11:05:00
2025-05-04 11:10:00,-2712.282,2025-05-04 11:10:00
2025-05-04 11:15:00,-2712.286,2025-05-04 11:15:00
2025-05-04 11:20:00,-2712.451,2025-05-04 11:20:00
2025-05-04 11:25:00,-2712.364,2025-05-04 11:25:00
2025-05-04 11:30:00,-2712.289,2025-05-04 11:30:00
2025-05-04 11:35:00,-2653.862,2025-05-04 11:35:00
2025-05-04 11:40:00,-2713.092,2025-05-04 11:40:00
2025-05-04 11:45:00,-2712.274,2025-05-04 11:45:00
2025-05-04 11:50:00,-2712.296,2025-05-04 11:50:00
2025-05-04 11:55:00,-2712.301,2025-05-04 11:55:00
2025-05-04 12:00:00,-2712.301,2025-05-04 12:00:00
2025-05-04 12:05:00,-2712.136,2025-05-04 12:05:00
2025-05-04 12:10:00,-2711.983,2025-05-04 12:10:00
2025-05-04 12:15:00,-2713.0,2025-05-04 12:15:00
2025-05-04 12:20:00,-2712.336,2025-05-04 12:20:00
2025-05-04 12:25:00,-2712.661,2025-05-04 12:25:00
2025-05-04 12:30:00,-2689.895,2025-05-04 12:30:00
2025-05-04 12:35:00,-2712.359,2025-05-04 12:35:00
2025-05-04 12:40:00,-2712.831,2025-05-04 12:40:00
2025-05-04 12:45:00,-2713.422,2025-05-04 12:45:00
2025-05-04 12:50:00,-2712.439,2025-05-04 12:50:00
2025-05-04 12:55:00,-2712.854,2025-05-04 12:55:00
2025-05-04 13:00:00,-2712.401,2025-05-04 13:00:00
2025-05-04 13:05:00,-2693.849,2025-05-04 13:05:00
2025-05-04 13:10:00,-2712.491,2025-05-04 13:10:00
2025-05-04 13:15:00,-2697.812,2025-05-04 13:15:00
2025-05-04 13:20:00,-2712.435,2025-05-04 13:20:00
2025-05-04 13:25:00,-2713.489,2025-05-04 13:25:00
2025-05-04 13:30:00,-2712.457,2025-05-04 13:30:00
2025-05-04 13:35:00,-2712.466,2025-05-04 13:35:00
2025-05-04 13:40:00,-2712.799,2025-05-04 13:40:00
2025-05-04 13:45:00,-2712.492,2025-05-04 13:45:00
2025-05-04 13:50:00,-2712.503,2025-05-04 13:50:00
2025-05-04 13:55:00,-2712.521,2025-05-04 13:55:00
2025-05-04 14:00:00,-2712.528,2025-05-04 14:00:00
2025-05-04 14:05:00,-2712.54,2025-05-04 14:05:00
2025-05-04 14:10:00,-2712.551,2025-05-04 14:10:00
2025-05-04 14:15:00,-2712.648,2025-05-04 14:15:00
2025-05-04 14:20:00,-2712.898,2025-05-04 14:20:00
2025-05-04 14:25:00,-2712.668,2025-05-04 14:25:00
2025-05-04 14:30:00,-2712.59,2025-05-04 14:30:00
2025-05-04 14:35:00,-2713.753,2025-05-04 14:35:00
2025-05-04 14:40:00,-2712.599,2025-05-04 14:40:00
2025-05-04 14:45:00,-2712.61,2025-05-04 14:45:00
2025-05-04 14:50:00,-2712.63,2025-05-04 14:50:00
2025-05-04 14:55:00,-2713.212,2025-05-04 14:55:00
2025-05-04 15:00:00,-2712.655,2025-05-04 15:00:00
2025-05-04 15:05:00,-2712.636,2025-05-04 15:05:00
2025-05-04 15:10:00,-2697.833,2025-05-04 15:10:00
2025-05-04 15:15:00,-2712.562,2025-05-04 15:15:00
2025-05-04 15:20:00,-2712.727,2025-05-04 15:20:00
2025-05-04 15:25:00,-2713.653,2025-05-04 15:25:00
2025-05-04 15:30:00,-2713.223,2025-05-04 15:30:00
2025-05-04 15:35:00,-2712.76,2025-05-04 15:35:00
2025-05-04 15:40:00,-2712.776,2025-05-04 15:40:00
2025-05-04 15:45:00,-2712.971,2025-05-04 15:45:00
2025-05-04 15:50:00,-2712.798,2025-05-04 15:50:00
2025-05-04 15:55:00,-2712.838,2025-05-04 15:55:00
2025-05-04 16:00:00,-2712.829,2025-05-04 16:00:00
2025-05-04 16:05:00,-2712.84,2025-05-04 16:05:00
2025-05-04 16:10:00,-2712.882,2025-05-04 16:10:00
2025-05-04 16:15:00,-2712.883,2025-05-04 16:15:00
2025-05-04 16:20:00,-2712.869,2025-05-04 16:20:00
2025-05-04 16:25:00,-2712.877,2025-05-04 16:25:00
2025-05-04 16:30:00,-2712.887,2025-05-04 16:30:00
2025-05-04 16:35:00,-2713.041,2025-05-04 16:35:00
2025-05-04 16:40:00,-2712.9,2025-05-04 16:40:00
2025-05-04 16:45:00,-2712.911,2025-05-04 16:45:00
2025-05-04 16:50:00,-2712.883,2025-05-04 16:50:00
2025-05-04 16:55:00,-2712.754,2025-05-04 16:55:00
2025-05-04 17:00:00,-2712.921,2025-05-04 17:00:00
2025-05-04 17:05:00,-2712.889,2025-05-04 17:05:00
2025-05-04 17:10:00,-2712.931,2025-05-04 17:10:00
2025-05-04 17:15:00,-2712.935,2025-05-04 17:15:00
2025-05-04 17:20:00,-2712.938,2025-05-04 17:20:00
2025-05-04 17:25:00,-2713.505,2025-05-04 17:25:00
2025-05-04 17:30:00,-2712.951,2025-05-04 17:30:00
2025-05-04 17:35:00,-2712.962,2025-05-04 17:35:00
2025-05-04 17:40:00,-2713.12,2025-05-04 17:40:00
2025-05-04 17:45:00,-2712.935,2025-05-04 17:45:00
2025-05-04 17:50:00,-2712.901,2025-05-04 17:50:00
2025-05-04 17:55:00,-2712.944,2025-05-04 17:55:00
2025-05-04 18:00:00,9000.0,2025-05-04 18:00:00
2025-05-04 18:05:00,9000.0,2025-05-04 18:05:00
2025-05-04 18:10:00,9000.0,2025-05-04 18:10:00
2025-05-04 18:15:00,9000.0,2025-05-04 18:15:00
2025-05-04 18:20:00,9000.0,2025-05-04 18:20:00
2025-05-04 18:25:00,9000.0,2025-05-04 18:25:00
2025-05-04 18:30:00,9000.0,2025-05-04 18:30:00
2025-05-04 18:35:00,9000.0,2025-05-04 18:35:00
2025-05-04 18:40:00,9000.0,2025-05-04 18:40:00
2025-05-04 18:45:00,9000.0,2025-05-04 18:45:00
2025-05-04 18:50:00,9000.0,2025-05-04 18:50:00
2025-05-04 18:55:00,9000.0,2025-05-04 18:55:00
2025-05-04 19:00:00,9000.0,2025-05-04 19:00:00
2025-05-04 19:05:00,9000.0,2025-05-04 19:05:00
2025-05-04 19:10:00,9000.0,2025-05-04 19:10:00
2025-05-04 19:15:00,9000.0,2025-05-04 19:15:00
2025-05-04 19:20:00,9000.0,2025-05-04 19:20:00
2025-05-04 19:25:00,9000.0,2025-05-04 19:25:00
2025-05-04 19:30:00,9000.0,2025-05-04 19:30:00
2025-05-04 19:35:00,9000.0,2025-05-04 19:35:00
2025-05-04 19:40:00,8999.999,2025-05-04 19:40:00
2025-05-04 19:45:00,8999.998,2025-05-04 19:45:00
2025-05-04 19:50:00,1043.999,2025-05-04 19:50:00
2025-05-04 19:55:00,0.0,2025-05-04 19:55:00
2025-05-04 20:00:00,0.0,2025-05-04 20:00:00
2025-05-04 20:05:00,0.0,2025-05-04 20:05:00
2025-05-04 20:10:00,0.0,2025-05-04 20:10:00
2025-05-04 20:15:00,0.0,2025-05-04 20:15:00
2025-05-04 20:20:00,0.0,2025-05-04 20:20:00
2025-05-04 20:25:00,0.0,2025-05-04 20:25:00
2025-05-04 20:30:00,0.0,2025-05-04 20:30:00
2025-05-04 20:35:00,0.0,2025-05-04 20:35:00
2025-05-04 20:40:00,0.0,2025-05-04 20:40:00
2025-05-04 20:45:00,0.0,2025-05-04 20:45:00
2025-05-04 20:50:00,0.0,2025-05-04 20:50:00
2025-05-04 20:55:00,0.0,2025-05-04 20:55:00
2025-05-04 21:00:00,0.0,2025-05-04 21:00:00
2025-05-04 21:05:00,0.0,2025-05-04 21:05:00
2025-05-04 21:10:00,0.0,2025-05-04 21:10:00
2025-05-04 21:15:00,0.0,2025-05-04 21:15:00
2025-05-04 21:20:00,0.0,2025-05-04 21:20:00
2025-05-04 21:25:00,0.0,2025-05-04 21:25:00
2025-05-04 21:30:00,0.0,2025-05-04 21:30:00
2025-05-04 21:35:00,0.0,2025-05-04 21:35:00
2025-05-04 21:40:00,0.0,2025-05-04 21:40:00
2025-05-04 21:45:00,0.0,2025-05-04 21:45:00
2025-05-04 21:50:00,0.0,2025-05-04 21:50:00
2025-05-04 21:55:00,0.0,2025-05-04 21:55:00
2025-05-04 22:00:00,-2372.197,2025-05-04 22:00:00
2025-05-04 22:05:00,-2372.2,2025-05-04 22:05:00
2025-05-04 22:10:00,-2372.202,2025-05-04 22:10:00
2025-05-04 22:15:00,-2372.201,2025-05-04 22:15:00
2025-05-04 22:20:00,-2372.202,2025-05-04 22:20:00
2025-05-04 22:25:00,-2372.204,2025-05-04 22:25:00
2025-05-04 22:30:00,-2372.206,2025-05-04 22:30:00
2025-05-04 22:35:00,-2372.207,2025-05-04 22:35:00
2025-05-04 22:40:00,-2372.209,2025-05-04 22:40:00
2025-05-04 22:45:00,-2372.208,2025-05-04 22:45:00
2025-05-04 22:50:00,-2372.209,2025-05-04 22:50:00
2025-05-04 22:55:00,-2372.21,2025-05-04 22:55:00
2025-05-04 23:00:00,-2372.211,2025-05-04 23:00:00
2025-05-04 23:05:00,-2372.211,2025-05-04 23:05:00
2025-05-04 23:10:00,-2372.214,2025-05-04 23:10:00
2025-05-04 23:15:00,-2372.214,2025-05-04 23:15:00
2025-05-04 23:20:00,-2372.214,2025-05-04 23:20:00
2025-05-04 23:25:00,-2372.215,2025-05-04 23:25:00
2025-05-04 23:30:00,-2372.217,2025-05-04 23:30:00
2025-05-04 23:35:00,-2372.217,2025-05-04 23:35:00
2025-05-04 23:40:00,-2372.218,2025-05-04 23:40:00
2025-05-04 23:45:00,-2372.22,2025-05-04 23:45:00
2025-05-04 23:50:00,-2372.218,2025-05-04 23:50:00
2025-05-04 23:55:00,-2372.22,2025-05-04 23:55:00
2025-05-05 00:00:00,-2372.224,2025-05-05 00:00:00
2025-05-05 00:05:00,-2372.225,2025-05-05 00:05:00
2025-05-05 00:10:00,-2372.225,2025-05-05 00:10:00
2025-05-05 00:15:00,-2372.225,2025-05-05 00:15:00
2025-05-05 00:20:00,-2372.227,2025-05-05 00:20:00
2025-05-05 00:25:00,-2372.229,2025-05-05 00:25:00
2025-05-05 00:30:00,-2372.235,2025-05-05 00:30:00
2025-05-05 00:35:00,-2372.234,2025-05-05 00:35:00
2025-05-05 00:40:00,-2372.237,2025-05-05 00:40:00
2025-05-05 00:45:00,-2372.238,2025-05-05 00:45:00
2025-05-05 00:50:00,-2372.241,2025-05-05 00:50:00
2025-05-05 00:55:00,-2372.241,2025-05-05 00:55:00
2025-05-05 01:00:00,-2372.244,2025-05-05 01:00:00
2025-05-05 01:05:00,-2372.247,2025-05-05 01:05:00
2025-05-05 01:10:00,-2372.251,2025-05-05 01:10:00
2025-05-05 01:15:00,-2372.255,2025-05-05 01:15:00
2025-05-05 01:20:00,-2372.257,2025-05-05 01:20:00
2025-05-05 01:25:00,-2372.261,2025-05-05 01:25:00
2025-05-05 01:30:00,-2372.263,2025-05-05 01:30:00
2025-05-05 01:35:00,-2372.266,2025-05-05 01:35:00
2025-05-05 01:40:00,-2372.268,2025-05-05 01:40:00
2025-05-05 01:45:00,-2372.271,2025-05-05 01:45:00
2025-05-05 01:50:00,-2372.273,2025-05-05 01:50:00
2025-05-05 01:55:00,-2372.275,2025-05-05 01:55:00
2025-05-05 02:00:00,-2372.278,2025-05-05 02:00:00
2025-05-05 02:05:00,-2372.281,2025-05-05 02:05:00
2025-05-05 02:10:00,-2372.283,2025-05-05 02:10:00
2025-05-05 02:15:00,-2372.287,2025-05-05 02:15:00
2025-05-05 02:20:00,-2372.288,2025-05-05 02:20:00
2025-05-05 02:25:00,-2372.29,2025-05-05 02:25:00
2025-05-05 02:30:00,-2372.294,2025-05-05 02:30:00
2025-05-05 02:35:00,-2372.299,2025-05-05 02:35:00
2025-05-05 02:40:00,-2372.3,2025-05-05 02:40:00
2025-05-05 02:45:00,-2372.307,2025-05-05 02:45:00
2025-05-05 02:50:00,-2372.304,2025-05-05 02:50:00
2025-05-05 02:55:00,-2372.309,2025-05-05 02:55:00
2025-05-05 03:00:00,-2372.313,2025-05-05 03:00:00
2025-05-05 03:05:00,-2372.316,2025-05-05 03:05:00
2025-05-05 03:10:00,-2372.318,2025-05-05 03:10:00
2025-05-05 03:15:00,-2372.322,2025-05-05 03:15:00
2025-05-05 03:20:00,-2372.321,2025-05-05 03:20:00
2025-05-05 03:25:00,-2372.329,2025-05-05 03:25:00
2025-05-05 03:30:00,-2372.327,2025-05-05 03:30:00
2025-05-05 03:35:00,-2372.336,2025-05-05 03:35:00
2025-05-05 03:40:00,-2372.338,2025-05-05 03:40:00
2025-05-05 03:45:00,-2372.337,2025-05-05 03:45:00
2025-05-05 03:50:00,-2372.339,2025-05-05 03:50:00
2025-05-05 03:55:00,-2372.343,2025-05-05 03:55:00
2025-05-05 04:00:00,-2372.345,2025-05-05 04:00:00
2025-05-05 04:05:00,-2372.349,2025-05-05 04:05:00
2025-05-05 04:10:00,-2372.352,2025-05-05 04:10:00
2025-05-05 04:15:00,-2372.357,2025-05-05 04:15:00
2025-05-05 04:20:00,-2372.355,2025-05-05 04:20:00
2025-05-05 04:25:00,-2372.358,2025-05-05 04:25:00
2025-05-05 04:30:00,-2372.358,2025-05-05 04:30:00
2025-05-05 04:35:00,-2372.366,2025-05-05 04:35:00
2025-05-05 04:40:00,-2372.36,2025-05-05 04:40:00
2025-05-05 04:45:00,-2372.375,2025-05-05 04:45:00
2025-05-05 04:50:00,-2372.366,2025-05-05 04:50:00
2025-05-05 04:55:00,-2372.366,2025-05-05 04:55:00
2025-05-05 05:00:00,-2372.366,2025-05-05 05:00:00
2025-05-05 05:05:00,-2372.363,2025-05-05 05:05:00
2025-05-05 05:10:00,-2372.366,2025-05-05 05:10:00
2025-05-05 05:15:00,-2372.367,2025-05-05 05:15:00
2025-05-05 05:20:00,-2372.366,2025-05-05 05:20:00
2025-05-05 05:25:00,-2372.369,2025-05-05 05:25:00
2025-05-05 05:30:00,-2372.368,2025-05-05 05:30:00
2025-05-05 05:35:00,-2372.369,2025-05-05 05:35:00
2025-05-05 05:40:00,-2372.371,2025-05-05 05:40:00
2025-05-05 05:45:00,-2372.368,2025-05-05 05:45:00
2025-05-05 05:50:00,-2372.368,2025-05-05 05:50:00
2025-05-05 05:55:00,-2372.366,2025-05-05 05:55:00
2025-05-05 06:00:00,0.0,2025-05-05 06:00:00
2025-05-05 06:05:00,0.0,2025-05-05 06:05:00
2025-05-05 06:10:00,0.0,2025-05-05 06:10:00
2025-05-05 06:15:00,0.0,2025-05-05 06:15:00
2025-05-05 06:20:00,0.0,2025-05-05 06:20:00
2025-05-05 06:25:00,0.0,2025-05-05 06:25:00
2025-05-05 06:30:00,0.0,2025-05-05 06:30:00
2025-05-05 06:35:00,0.0,2025-05-05 06:35:00
2025-05-05 06:40:00,0.0,2025-05-05 06:40:00
2025-05-05 06:45:00,0.0,2025-05-05 06:45:00
2025-05-05 06:50:00,0.0,2025-05-05 06:50:00
2025-05-05 06:55:00,0.0,2025-05-05 06:55:00
2025-05-05 07:00:00,0.0,2025-05-05 07:00:00
2025-05-05 07:05:00,0.0,2025-05-05 07:05:00
2025-05-05 07:10:00,0.0,2025-05-05 07:10:00
2025-05-05 07:15:00,0.0,2025-05-05 07:15:00
2025-05-05 07:20:00,0.0,2025-05-05 07:20:00
2025-05-05 07:25:00,0.0,2025-05-05 07:25:00
2025-05-05 07:30:00,0.0,2025-05-05 07:30:00
2025-05-05 07:35:00,0.0,2025-05-05 07:35:00
2025-05-05 07:40:00,0.0,2025-05-05 07:40:00
2025-05-05 07:45:00,0.0,2025-05-05 07:45:00
2025-05-05 07:50:00,0.0,2025-05-05 07:50:00
2025-05-05 07:55:00,0.0,2025-05-05 07:55:00
2025-05-05 08:00:00,9000.0,2025-05-05 08:00:00
2025-05-05 08:05:00,9000.0,2025-05-05 08:05:00
2025-05-05 08:10:00,9000.0,2025-05-05 08:10:00
2025-05-05 08:15:00,9000.0,2025-05-05 08:15:00
2025-05-05 08:20:00,9000.0,2025-05-05 08:20:00
2025-05-05 08:25:00,9000.0,2025-05-05 08:25:00
2025-05-05 08:30:00,9000.0,2025-05-05 08:30:00
2025-05-05 08:35:00,9000.0,2025-05-05 08:35:00
2025-05-05 08:40:00,9000.0,2025-05-05 08:40:00
2025-05-05 08:45:00,9000.0,2025-05-05 08:45:00
2025-05-05 08:50:00,9000.0,2025-05-05 08:50:00
2025-05-05 08:55:00,9000.0,2025-05-05 08:55:00
2025-05-05 09:00:00,9000.0,2025-05-05 09:00:00
2025-05-05 09:05:00,9000.0,2025-05-05 09:05:00
2025-05-05 09:10:00,9000.0,2025-05-05 09:10:00
2025-05-05 09:15:00,9000.0,2025-05-05 09:15:00
2025-05-05 09:20:00,9000.0,2025-05-05 09:20:00
2025-05-05 09:25:00,9000.0,2025-05-05 09:25:00
2025-05-05 09:30:00,9000.0,2025-05-05 09:30:00
2025-05-05 09:35:00,9000.0,2025-05-05 09:35:00
2025-05-05 09:40:00,9000.0,2025-05-05 09:40:00
2025-05-05 09:45:00,9000.0,2025-05-05 09:45:00
2025-05-05 09:50:00,1044.0,2025-05-05 09:50:00
2025-05-05 09:55:00,0.0,2025-05-05 09:55:00
2025-05-05 10:00:00,0.0,2025-05-05 10:00:00
2025-05-05 10:05:00,0.0,2025-05-05 10:05:00
2025-05-05 10:10:00,0.0,2025-05-05 10:10:00
2025-05-05 10:15:00,0.0,2025-05-05 10:15:00
2025-05-05 10:20:00,0.0,2025-05-05 10:20:00
2025-05-05 10:25:00,0.0,2025-05-05 10:25:00
2025-05-05 10:30:00,0.0,2025-05-05 10:30:00
2025-05-05 10:35:00,0.0,2025-05-05 10:35:00
2025-05-05 10:40:00,0.0,2025-05-05 10:40:00
2025-05-05 10:45:00,0.0,2025-05-05 10:45:00
2025-05-05 10:50:00,0.0,2025-05-05 10:50:00
2025-05-05 10:55:00,0.0,2025-05-05 10:55:00
2025-05-05 11:00:00,-2733.594,2025-05-05 11:00:00
2025-05-05 11:05:00,-2733.651,2025-05-05 11:05:00
2025-05-05 11:10:00,-2733.601,2025-05-05 11:10:00
2025-05-05 11:15:00,-2733.616,2025-05-05 11:15:00
2025-05-05 11:20:00,-2733.594,2025-05-05 11:20:00
2025-05-05 11:25:00,-2733.622,2025-05-05 11:25:00
2025-05-05 11:30:00,-2733.604,2025-05-05 11:30:00
2025-05-05 11:35:00,-2733.59,2025-05-05 11:35:00
2025-05-05 11:40:00,-2733.601,2025-05-05 11:40:00
2025-05-05 11:45:00,-2733.612,2025-05-05 11:45:00
2025-05-05 11:50:00,-2733.583,2025-05-05 11:50:00
2025-05-05 11:55:00,-2733.581,2025-05-05 11:55:00
2025-05-05 12:00:00,-2733.593,2025-05-05 12:00:00
2025-05-05 12:05:00,-2733.604,2025-05-05 12:05:00
2025-05-05 12:10:00,-2733.593,2025-05-05 12:10:00
2025-05-05 12:15:00,-2733.592,2025-05-05 12:15:00
2025-05-05 12:20:00,-2733.597,2025-05-05 12:20:00
2025-05-05 12:25:00,-2733.586,2025-05-05 12:25:00
2025-05-05 12:30:00,-2733.567,2025-05-05 12:30:00
2025-05-05 12:35:00,-2733.663,2025-05-05 12:35:00
2025-05-05 12:40:00,-2733.571,2025-05-05 12:40:00
2025-05-05 12:45:00,-2733.567,2025-05-05 12:45:00
2025-05-05 12:50:00,-2272.808,2025-05-05 12:50:00
2025-05-05 12:55:00,-2733.558,2025-05-05 12:55:00
2025-05-05 13:00:00,-2733.552,2025-05-05 13:00:00
2025-05-05 13:05:00,-2733.575,2025-05-05 13:05:00
2025-05-05 13:10:00,-2733.548,2025-05-05 13:10:00
2025-05-05 13:15:00,-2733.54,2025-05-05 13:15:00
2025-05-05 13:20:00,-2733.554,2025-05-05 13:20:00
2025-05-05 13:25:00,-2733.556,2025-05-05 13:25:00
2025-05-05 13:30:00,-2733.534,2025-05-05 13:30:00
2025-05-05 13:35:00,-2733.52,2025-05-05 13:35:00
2025-05-05 13:40:00,-2733.526,2025-05-05 13:40:00
2025-05-05 13:45:00,-2733.783,2025-05-05 13:45:00
2025-05-05 13:50:00,-2724.784,2025-05-05 13:50:00
2025-05-05 13:55:00,-2733.512,2025-05-05 13:55:00
2025-05-05 14:00:00,-2733.642,2025-05-05 14:00:00
2025-05-05 14:05:00,-2733.598,2025-05-05 14:05:00
2025-05-05 14:10:00,-2733.513,2025-05-05 14:10:00
2025-05-05 14:15:00,-2733.527,2025-05-05 14:15:00
2025-05-05 14:20:00,-2733.513,2025-05-05 14:20:00
2025-05-05 14:25:00,-2720.784,2025-05-05 14:25:00
2025-05-05 14:30:00,-2733.502,2025-05-05 14:30:00
2025-05-05 14:35:00,-2733.491,2025-05-05 14:35:00
2025-05-05 14:40:00,-2733.477,2025-05-05 14:40:00
2025-05-05 14:45:00,-2716.783,2025-05-05 14:45:00
2025-05-05 14:50:00,-2733.485,2025-05-05 14:50:00
2025-05-05 14:55:00,-2733.558,2025-05-05 14:55:00
2025-05-05 15:00:00,-2568.787,2025-05-05 15:00:00
2025-05-05 15:05:00,-2680.775,2025-05-05 15:05:00
2025-05-05 15:10:00,-2644.786,2025-05-05 15:10:00
2025-05-05 15:15:00,-2733.454,2025-05-05 15:15:00
2025-05-05 15:20:00,-2733.46,2025-05-05 15:20:00
2025-05-05 15:25:00,-2692.784,2025-05-05 15:25:00
2025-05-05 15:30:00,-2696.804,2025-05-05 15:30:00
2025-05-05 15:35:00,-2632.796,2025-05-05 15:35:00
2025-05-05 15:40:00,-2692.774,2025-05-05 15:40:00
2025-05-05 15:45:00,-2733.382,2025-05-05 15:45:00
2025-05-05 15:50:00,-2656.796,2025-05-05 15:50:00
2025-05-05 15:55:00,-2672.775,2025-05-05 15:55:00
2025-05-05 16:00:00,-2692.784,2025-05-05 16:00:00
2025-05-05 16:05:00,-2664.786,2025-05-05 16:05:00
2025-05-05 16:10:00,-2733.417,2025-05-05 16:10:00
2025-05-05 16:15:00,-2716.773,2025-05-05 16:15:00
2025-05-05 16:20:00,-2644.786,2025-05-05 16:20:00
2025-05-05 16:25:00,-2733.413,2025-05-05 16:25:00
2025-05-05 16:30:00,-2720.784,2025-05-05 16:30:00
2025-05-05 16:35:00,-2692.784,2025-05-05 16:35:00
2025-05-05 16:40:00,-2733.506,2025-05-05 16:40:00
2025-05-05 16:45:00,-2733.458,2025-05-05 16:45:00
2025-05-05 16:50:00,-2733.424,2025-05-05 16:50:00
2025-05-05 16:55:00,-2733.416,2025-05-05 16:55:00
2025-05-05 17:00:00,-2733.407,2025-05-05 17:00:00
2025-05-05 17:05:00,-2692.784,2025-05-05 17:05:00
2025-05-05 17:10:00,-2716.783,2025-05-05 17:10:00
2025-05-05 17:15:00,-2733.417,2025-05-05 17:15:00
2025-05-05 17:20:00,-2733.397,2025-05-05 17:20:00
2025-05-05 17:25:00,-2733.394,2025-05-05 17:25:00
2025-05-05 17:30:00,-2556.787,2025-05-05 17:30:00
2025-05-05 17:35:00,-2733.403,2025-05-05 17:35:00
2025-05-05 17:40:00,-2733.745,2025-05-05 17:40:00
2025-05-05 17:45:00,-2564.737,2025-05-05 17:45:00
2025-05-05 17:50:00,-2688.794,2025-05-05 17:50:00
2025-05-05 17:55:00,-2733.378,2025-05-05 17:55:00
2025-05-05 18:00:00,9000.0,2025-05-05 18:00:00
2025-05-05 18:05:00,9000.0,2025-05-05 18:05:00
2025-05-05 18:10:00,9000.0,2025-05-05 18:10:00
2025-05-05 18:15:00,9000.0,2025-05-05 18:15:00
2025-05-05 18:20:00,9000.0,2025-05-05 18:20:00
2025-05-05 18:25:00,9000.0,2025-05-05 18:25:00
2025-05-05 18:30:00,9000.0,2025-05-05 18:30:00
2025-05-05 18:35:00,9000.0,2025-05-05 18:35:00
2025-05-05 18:40:00,9000.0,2025-05-05 18:40:00
2025-05-05 18:45:00,9000.0,2025-05-05 18:45:00
2025-05-05 18:50:00,9000.0,2025-05-05 18:50:00
2025-05-05 18:55:00,9000.0,2025-05-05 18:55:00
2025-05-05 19:00:00,9000.0,2025-05-05 19:00:00
2025-05-05 19:05:00,9000.0,2025-05-05 19:05:00
2025-05-05 19:10:00,9000.0,2025-05-05 19:10:00
2025-05-05 19:15:00,9000.0,2025-05-05 19:15:00
2025-05-05 19:20:00,9000.0,2025-05-05 19:20:00
2025-05-05 19:25:00,9000.0,2025-05-05 19:25:00
2025-05-05 19:30:00,9000.0,2025-05-05 19:30:00
2025-05-05 19:35:00,9000.0,2025-05-05 19:35:00
2025-05-05 19:40:00,9000.0,2025-05-05 19:40:00
2025-05-05 19:45:00,9000.0,2025-05-05 19:45:00
2025-05-05 19:50:00,1044.0,2025-05-05 19:50:00
2025-05-05 19:55:00,0.0,2025-05-05 19:55:00
2025-05-05 20:00:00,0.0,2025-05-05 20:00:00
2025-05-05 20:05:00,0.0,2025-05-05 20:05:00
2025-05-05 20:10:00,0.0,2025-05-05 20:10:00
2025-05-05 20:15:00,0.0,2025-05-05 20:15:00
2025-05-05 20:20:00,0.0,2025-05-05 20:20:00
2025-05-05 20:25:00,0.0,2025-05-05 20:25:00
2025-05-05 20:30:00,0.0,2025-05-05 20:30:00
2025-05-05 20:35:00,0.0,2025-05-05 20:35:00
2025-05-05 20:40:00,0.0,2025-05-05 20:40:00
2025-05-05 20:45:00,0.0,2025-05-05 20:45:00
2025-05-05 20:50:00,0.0,2025-05-05 20:50:00
2025-05-05 20:55:00,0.0,2025-05-05 20:55:00
2025-05-05 21:00:00,0.0,2025-05-05 21:00:00
2025-05-05 21:05:00,0.0,2025-05-05 21:05:00
2025-05-05 21:10:00,0.0,2025-05-05 21:10:00
2025-05-05 21:15:00,0.0,2025-05-05 21:15:00
2025-05-05 21:20:00,0.0,2025-05-05 21:20:00
2025-05-05 21:25:00,0.0,2025-05-05 21:25:00
2025-05-05 21:30:00,0.0,2025-05-05 21:30:00
2025-05-05 21:35:00,0.0,2025-05-05 21:35:00
2025-05-05 21:40:00,0.0,2025-05-05 21:40:00
2025-05-05 21:45:00,0.0,2025-05-05 21:45:00
2025-05-05 21:50:00,0.0,2025-05-05 21:50:00
2025-05-05 21:55:00,0.0,2025-05-05 21:55:00
2025-05-05 22:00:00,-3031.68,2025-05-05 22:00:00
2025-05-05 22:05:00,-3091.68,2025-05-05 22:05:00
2025-05-05 22:10:00,-3139.7,2025-05-05 22:10:00
2025-05-05 22:15:00,-3083.72,2025-05-05 22:15:00
2025-05-05 22:20:00,-2787.71,2025-05-05 22:20:00
2025-05-05 22:25:00,-2819.73,2025-05-05 22:25:00
2025-05-05 22:30:00,-2923.74,2025-05-05 22:30:00
2025-05-05 22:35:00,-2755.7,2025-05-05 22:35:00
2025-05-05 22:40:00,-2799.73,2025-05-05 22:40:00
2025-05-05 22:45:00,-2819.72,2025-05-05 22:45:00
2025-05-05 22:50:00,-2807.69,2025-05-05 22:50:00
2025-05-05 22:55:00,-2887.7,2025-05-05 22:55:00
2025-05-05 23:00:00,-2695.71,2025-05-05 23:00:00
2025-05-05 23:05:00,-2635.71,2025-05-05 23:05:00
2025-05-05 23:10:00,-2655.74,2025-05-05 23:10:00
2025-05-05 23:15:00,-2639.74,2025-05-05 23:15:00
2025-05-05 23:20:00,-2867.71,2025-05-05 23:20:00
2025-05-05 23:25:00,-2719.7,2025-05-05 23:25:00
2025-05-05 23:30:00,-2799.72,2025-05-05 23:30:00
2025-05-05 23:35:00,-2707.69,2025-05-05 23:35:00
2025-05-05 23:40:00,-2711.7,2025-05-05 23:40:00
2025-05-05 23:45:00,-2671.71,2025-05-05 23:45:00
2025-05-05 23:50:00,-2999.69,2025-05-05 23:50:00
2025-05-05 23:55:00,-2867.68,2025-05-05 23:55:00
2025-05-06 00:00:00,-2219.925,2025-05-06 00:00:00
2025-05-06 00:05:00,-2219.931,2025-05-06 00:05:00
2025-05-06 00:10:00,-2219.917,2025-05-06 00:10:00
2025-05-06 00:15:00,-2219.907,2025-05-06 00:15:00
2025-05-06 00:20:00,-2219.899,2025-05-06 00:20:00
2025-05-06 00:25:00,-2219.912,2025-05-06 00:25:00
2025-05-06 00:30:00,-2219.907,2025-05-06 00:30:00
2025-05-06 00:35:00,-2219.903,2025-05-06 00:35:00
2025-05-06 00:40:00,-2219.897,2025-05-06 00:40:00
2025-05-06 00:45:00,-2219.891,2025-05-06 00:45:00
2025-05-06 00:50:00,-2219.889,2025-05-06 00:50:00
2025-05-06 00:55:00,-2219.891,2025-05-06 00:55:00
2025-05-06 01:00:00,-2219.883,2025-05-06 01:00:00
2025-05-06 01:05:00,-2219.872,2025-05-06 01:05:00
2025-05-06 01:10:00,-2219.87,2025-05-06 01:10:00
2025-05-06 01:15:00,-2219.866,2025-05-06 01:15:00
2025-05-06 01:20:00,-2219.861,2025-05-06 01:20:00
2025-05-06 01:25:00,-2219.856,2025-05-06 01:25:00
2025-05-06 01:30:00,-2219.854,2025-05-06 01:30:00
2025-05-06 01:35:00,-2219.853,2025-05-06 01:35:00
2025-05-06 01:40:00,-2219.852,2025-05-06 01:40:00
2025-05-06 01:45:00,-2219.844,2025-05-06 01:45:00
2025-05-06 01:50:00,-2219.831,2025-05-06 01:50:00
2025-05-06 01:55:00,-2219.827,2025-05-06 01:55:00
2025-05-06 02:00:00,-2219.817,2025-05-06 02:00:00
2025-05-06 02:05:00,-2219.818,2025-05-06 02:05:00
2025-05-06 02:10:00,-2219.8,2025-05-06 02:10:00
2025-05-06 02:15:00,-2219.795,2025-05-06 02:15:00
2025-05-06 02:20:00,-2219.786,2025-05-06 02:20:00
2025-05-06 02:25:00,-2219.776,2025-05-06 02:25:00
2025-05-06 02:30:00,-2219.769,2025-05-06 02:30:00
2025-05-06 02:35:00,-2219.761,2025-05-06 02:35:00
2025-05-06 02:40:00,-2219.746,2025-05-06 02:40:00
2025-05-06 02:45:00,-2219.738,2025-05-06 02:45:00
2025-05-06 02:50:00,-2219.731,2025-05-06 02:50:00
2025-05-06 02:55:00,-2219.712,2025-05-06 02:55:00
2025-05-06 03:00:00,-2219.716,2025-05-06 03:00:00
2025-05-06 03:05:00,-2219.7,2025-05-06 03:05:00
2025-05-06 03:10:00,-2219.692,2025-05-06 03:10:00
2025-05-06 03:15:00,-2219.675,2025-05-06 03:15:00
2025-05-06 03:20:00,-2219.666,2025-05-06 03:20:00
2025-05-06 03:25:00,-2219.654,2025-05-06 03:25:00
2025-05-06 03:30:00,-2219.636,2025-05-06 03:30:00
2025-05-06 03:35:00,-2219.624,2025-05-06 03:35:00
2025-05-06 03:40:00,-2219.62,2025-05-06 03:40:00
2025-05-06 03:45:00,-2219.613,2025-05-06 03:45:00
2025-05-06 03:50:00,-2219.596,2025-05-06 03:50:00
2025-05-06 03:55:00,-2219.587,2025-05-06 03:55:00
2025-05-06 04:00:00,-2219.578,2025-05-06 04:00:00
2025-05-06 04:05:00,-2219.58,2025-05-06 04:05:00
2025-05-06 04:10:00,-2219.561,2025-05-06 04:10:00
2025-05-06 04:15:00,-2219.551,2025-05-06 04:15:00
2025-05-06 04:20:00,-2219.553,2025-05-06 04:20:00
2025-05-06 04:25:00,-2219.528,2025-05-06 04:25:00
2025-05-06 04:30:00,-2219.533,2025-05-06 04:30:00
2025-05-06 04:35:00,-2219.518,2025-05-06 04:35:00
2025-05-06 04:40:00,-2219.517,2025-05-06 04:40:00
2025-05-06 04:45:00,-2219.492,2025-05-06 04:45:00
2025-05-06 04:50:00,-2219.5,2025-05-06 04:50:00
2025-05-06 04:55:00,-2219.497,2025-05-06 04:55:00
2025-05-06 05:00:00,-2219.487,2025-05-06 05:00:00
2025-05-06 05:05:00,-2219.486,2025-05-06 05:05:00
2025-05-06 05:10:00,-2219.487,2025-05-06 05:10:00
2025-05-06 05:15:00,-2219.474,2025-05-06 05:15:00
2025-05-06 05:20:00,-2219.461,2025-05-06 05:20:00
2025-05-06 05:25:00,-2219.464,2025-05-06 05:25:00
2025-05-06 05:30:00,-2219.46,2025-05-06 05:30:00
2025-05-06 05:35:00,-2219.462,2025-05-06 05:35:00
2025-05-06 05:40:00,-2219.457,2025-05-06 05:40:00
2025-05-06 05:45:00,-2219.448,2025-05-06 05:45:00
2025-05-06 05:50:00,-2219.439,2025-05-06 05:50:00
2025-05-06 05:55:00,-2219.437,2025-05-06 05:55:00
2025-05-06 06:00:00,0.0,2025-05-06 06:00:00
2025-05-06 06:05:00,0.0,2025-05-06 06:05:00
2025-05-06 06:10:00,0.0,2025-05-06 06:10:00
2025-05-06 06:15:00,0.0,2025-05-06 06:15:00
2025-05-06 06:20:00,0.0,2025-05-06 06:20:00
2025-05-06 06:25:00,0.0,2025-05-06 06:25:00
2025-05-06 06:30:00,0.0,2025-05-06 06:30:00
2025-05-06 06:35:00,0.0,2025-05-06 06:35:00
2025-05-06 06:40:00,0.0,2025-05-06 06:40:00
2025-05-06 06:45:00,0.0,2025-05-06 06:45:00
2025-05-06 06:50:00,0.0,2025-05-06 06:50:00
2025-05-06 06:55:00,0.0,2025-05-06 06:55:00
2025-05-06 07:00:00,0.0,2025-05-06 07:00:00
2025-05-06 07:05:00,0.0,2025-05-06 07:05:00
2025-05-06 07:10:00,0.0,2025-05-06 07:10:00
2025-05-06 07:15:00,0.0,2025-05-06 07:15:00
2025-05-06 07:20:00,0.0,2025-05-06 07:20:00
2025-05-06 07:25:00,0.0,2025-05-06 07:25:00
2025-05-06 07:30:00,0.0,2025-05-06 07:30:00
2025-05-06 07:35:00,0.0,2025-05-06 07:35:00
2025-05-06 07:40:00,0.0,2025-05-06 07:40:00
2025-05-06 07:45:00,0.0,2025-05-06 07:45:00
2025-05-06 07:50:00,0.0,2025-05-06 07:50:00
2025-05-06 07:55:00,0.0,2025-05-06 07:55:00
2025-05-06 08:00:00,9000.0,2025-05-06 08:00:00
2025-05-06 08:05:00,9000.0,2025-05-06 08:05:00
2025-05-06 08:10:00,9000.0,2025-05-06 08:10:00
2025-05-06 08:15:00,9000.0,2025-05-06 08:15:00
2025-05-06 08:20:00,9000.0,2025-05-06 08:20:00
2025-05-06 08:25:00,9000.0,2025-05-06 08:25:00
2025-05-06 08:30:00,9000.0,2025-05-06 08:30:00
2025-05-06 08:35:00,9000.0,2025-05-06 08:35:00
2025-05-06 08:40:00,9000.0,2025-05-06 08:40:00
2025-05-06 08:45:00,9000.0,2025-05-06 08:45:00
2025-05-06 08:50:00,9000.0,2025-05-06 08:50:00
2025-05-06 08:55:00,9000.0,2025-05-06 08:55:00
2025-05-06 09:00:00,9000.0,2025-05-06 09:00:00
2025-05-06 09:05:00,9000.0,2025-05-06 09:05:00
2025-05-06 09:10:00,9000.0,2025-05-06 09:10:00
2025-05-06 09:15:00,9000.0,2025-05-06 09:15:00
2025-05-06 09:20:00,9000.0,2025-05-06 09:20:00
2025-05-06 09:25:00,9000.0,2025-05-06 09:25:00
2025-05-06 09:30:00,9000.0,2025-05-06 09:30:00
2025-05-06 09:35:00,9000.0,2025-05-06 09:35:00
2025-05-06 09:40:00,9000.0,2025-05-06 09:40:00
2025-05-06 09:45:00,9000.0,2025-05-06 09:45:00
2025-05-06 09:50:00,1044.0,2025-05-06 09:50:00
2025-05-06 09:55:00,0.0,2025-05-06 09:55:00
2025-05-06 10:00:00,0.0,2025-05-06 10:00:00
2025-05-06 10:05:00,0.0,2025-05-06 10:05:00
2025-05-06 10:10:00,0.0,2025-05-06 10:10:00
2025-05-06 10:15:00,0.0,2025-05-06 10:15:00
2025-05-06 10:20:00,0.0,2025-05-06 10:20:00
2025-05-06 10:25:00,0.0,2025-05-06 10:25:00
2025-05-06 10:30:00,0.0,2025-05-06 10:30:00
2025-05-06 10:35:00,0.0,2025-05-06 10:35:00
2025-05-06 10:40:00,0.0,2025-05-06 10:40:00
2025-05-06 10:45:00,0.0,2025-05-06 10:45:00
2025-05-06 10:50:00,0.0,2025-05-06 10:50:00
2025-05-06 10:55:00,0.0,2025-05-06 10:55:00
2025-05-06 11:00:00,-2719.985,2025-05-06 11:00:00
2025-05-06 11:05:00,-2719.926,2025-05-06 11:05:00
2025-05-06 11:10:00,-2719.955,2025-05-06 11:10:00
2025-05-06 11:15:00,-2719.93,2025-05-06 11:15:00
2025-05-06 11:20:00,-2719.936,2025-05-06 11:20:00
2025-05-06 11:25:00,-2719.949,2025-05-06 11:25:00
2025-05-06 11:30:00,-2719.945,2025-05-06 11:30:00
2025-05-06 11:35:00,-2719.981,2025-05-06 11:35:00
2025-05-06 11:40:00,-2719.984,2025-05-06 11:40:00
2025-05-06 11:45:00,-2671.686,2025-05-06 11:45:00
2025-05-06 11:50:00,-2671.686,2025-05-06 11:50:00
2025-05-06 11:55:00,-2579.688,2025-05-06 11:55:00
2025-05-06 12:00:00,-2599.688,2025-05-06 12:00:00
2025-05-06 12:05:00,-2720.005,2025-05-06 12:05:00
2025-05-06 12:10:00,-2720.03,2025-05-06 12:10:00
2025-05-06 12:15:00,-2720.022,2025-05-06 12:15:00
2025-05-06 12:20:00,-2720.222,2025-05-06 12:20:00
2025-05-06 12:25:00,-2720.003,2025-05-06 12:25:00
2025-05-06 12:30:00,-2631.727,2025-05-06 12:30:00
2025-05-06 12:35:00,-2719.042,2025-05-06 12:35:00
2025-05-06 12:40:00,-2671.686,2025-05-06 12:40:00
2025-05-06 12:45:00,-2651.727,2025-05-06 12:45:00
2025-05-06 12:50:00,-2679.705,2025-05-06 12:50:00
2025-05-06 12:55:00,-2720.271,2025-05-06 12:55:00
2025-05-06 13:00:00,-2611.678,2025-05-06 13:00:00
2025-05-06 13:05:00,-2720.177,2025-05-06 13:05:00
2025-05-06 13:10:00,-2663.736,2025-05-06 13:10:00
2025-05-06 13:15:00,-2720.176,2025-05-06 13:15:00
2025-05-06 13:20:00,-2720.236,2025-05-06 13:20:00
2025-05-06 13:25:00,-2720.335,2025-05-06 13:25:00
2025-05-06 13:30:00,-2720.186,2025-05-06 13:30:00
2025-05-06 13:35:00,-2720.194,2025-05-06 13:35:00
2025-05-06 13:40:00,-2720.196,2025-05-06 13:40:00
2025-05-06 13:45:00,-2720.22,2025-05-06 13:45:00
2025-05-06 13:50:00,-2720.23,2025-05-06 13:50:00
2025-05-06 13:55:00,-2720.244,2025-05-06 13:55:00
2025-05-06 14:00:00,-2720.265,2025-05-06 14:00:00
2025-05-06 14:05:00,-2720.437,2025-05-06 14:05:00
2025-05-06 14:10:00,-2720.356,2025-05-06 14:10:00
2025-05-06 14:15:00,-2720.38,2025-05-06 14:15:00
2025-05-06 14:20:00,-2720.381,2025-05-06 14:20:00
2025-05-06 14:25:00,-2720.329,2025-05-06 14:25:00
2025-05-06 14:30:00,-2720.384,2025-05-06 14:30:00
2025-05-06 14:35:00,-2720.422,2025-05-06 14:35:00
2025-05-06 14:40:00,-2720.417,2025-05-06 14:40:00
2025-05-06 14:45:00,-2720.42,2025-05-06 14:45:00
2025-05-06 14:50:00,-2720.427,2025-05-06 14:50:00
2025-05-06 14:55:00,-2720.41,2025-05-06 14:55:00
2025-05-06 15:00:00,-2720.418,2025-05-06 15:00:00
2025-05-06 15:05:00,-2720.432,2025-05-06 15:05:00
2025-05-06 15:10:00,-2720.458,2025-05-06 15:10:00
2025-05-06 15:15:00,-2720.476,2025-05-06 15:15:00
2025-05-06 15:20:00,-2720.475,2025-05-06 15:20:00
2025-05-06 15:25:00,-2720.498,2025-05-06 15:25:00
2025-05-06 15:30:00,-2720.508,2025-05-06 15:30:00
2025-05-06 15:35:00,-2720.587,2025-05-06 15:35:00
2025-05-06 15:40:00,-2720.593,2025-05-06 15:40:00
2025-05-06 15:45:00,-2720.585,2025-05-06 15:45:00
2025-05-06 15:50:00,-2720.571,2025-05-06 15:50:00
2025-05-06 15:55:00,-2720.56,2025-05-06 15:55:00
2025-05-06 16:00:00,-2720.599,2025-05-06 16:00:00
2025-05-06 16:05:00,-2720.567,2025-05-06 16:05:00
2025-05-06 16:10:00,-2720.563,2025-05-06 16:10:00
2025-05-06 16:15:00,-2720.602,2025-05-06 16:15:00
2025-05-06 16:20:00,-2720.589,2025-05-06 16:20:00
2025-05-06 16:25:00,-2720.582,2025-05-06 16:25:00
2025-05-06 16:30:00,-2720.577,2025-05-06 16:30:00
2025-05-06 16:35:00,-2720.567,2025-05-06 16:35:00
2025-05-06 16:40:00,-2720.572,2025-05-06 16:40:00
2025-05-06 16:45:00,-2720.555,2025-05-06 16:45:00
2025-05-06 16:50:00,-2720.557,2025-05-06 16:50:00
2025-05-06 16:55:00,-2720.562,2025-05-06 16:55:00
2025-05-06 17:00:00,-2720.562,2025-05-06 17:00:00
2025-05-06 17:05:00,-2720.574,2025-05-06 17:05:00
2025-05-06 17:10:00,-2720.59,2025-05-06 17:10:00
2025-05-06 17:15:00,-2720.593,2025-05-06 17:15:00
2025-05-06 17:20:00,-2720.598,2025-05-06 17:20:00
2025-05-06 17:25:00,-2720.601,2025-05-06 17:25:00
2025-05-06 17:30:00,-2720.592,2025-05-06 17:30:00
2025-05-06 17:35:00,-2720.592,2025-05-06 17:35:00
2025-05-06 17:40:00,-2720.59,2025-05-06 17:40:00
2025-05-06 17:45:00,-2720.592,2025-05-06 17:45:00
2025-05-06 17:50:00,-2720.599,2025-05-06 17:50:00
2025-05-06 17:55:00,-2720.586,2025-05-06 17:55:00
2025-05-06 18:00:00,9000.0,2025-05-06 18:00:00
2025-05-06 18:05:00,9000.0,2025-05-06 18:05:00
2025-05-06 18:10:00,9000.0,2025-05-06 18:10:00
2025-05-06 18:15:00,9000.0,2025-05-06 18:15:00
2025-05-06 18:20:00,9000.0,2025-05-06 18:20:00
2025-05-06 18:25:00,9000.0,2025-05-06 18:25:00
2025-05-06 18:30:00,9000.0,2025-05-06 18:30:00
2025-05-06 18:35:00,9000.0,2025-05-06 18:35:00
2025-05-06 18:40:00,9000.0,2025-05-06 18:40:00
2025-05-06 18:45:00,9000.0,2025-05-06 18:45:00
2025-05-06 18:50:00,9000.0,2025-05-06 18:50:00
2025-05-06 18:55:00,9000.0,2025-05-06 18:55:00
2025-05-06 19:00:00,9000.0,2025-05-06 19:00:00
2025-05-06 19:05:00,9000.0,2025-05-06 19:05:00
2025-05-06 19:10:00,9000.0,2025-05-06 19:10:00
2025-05-06 19:15:00,9000.0,2025-05-06 19:15:00
2025-05-06 19:20:00,9000.0,2025-05-06 19:20:00
2025-05-06 19:25:00,9000.0,2025-05-06 19:25:00
2025-05-06 19:30:00,9000.0,2025-05-06 19:30:00
2025-05-06 19:35:00,9000.0,2025-05-06 19:35:00
2025-05-06 19:40:00,9000.0,2025-05-06 19:40:00
2025-05-06 19:45:00,9000.0,2025-05-06 19:45:00
2025-05-06 19:50:00,1044.0,2025-05-06 19:50:00
2025-05-06 19:55:00,0.0,2025-05-06 19:55:00
2025-05-06 20:00:00,0.0,2025-05-06 20:00:00
2025-05-06 20:05:00,0.0,2025-05-06 20:05:00
2025-05-06 20:10:00,0.0,2025-05-06 20:10:00
2025-05-06 20:15:00,0.0,2025-05-06 20:15:00
2025-05-06 20:20:00,0.0,2025-05-06 20:20:00
2025-05-06 20:25:00,0.0,2025-05-06 20:25:00
2025-05-06 20:30:00,0.0,2025-05-06 20:30:00
2025-05-06 20:35:00,0.0,2025-05-06 20:35:00
2025-05-06 20:40:00,0.0,2025-05-06 20:40:00
2025-05-06 20:45:00,0.0,2025-05-06 20:45:00
2025-05-06 20:50:00,0.0,2025-05-06 20:50:00
2025-05-06 20:55:00,0.0,2025-05-06 20:55:00
2025-05-06 21:00:00,0.0,2025-05-06 21:00:00
2025-05-06 21:05:00,0.0,2025-05-06 21:05:00
2025-05-06 21:10:00,0.0,2025-05-06 21:10:00
2025-05-06 21:15:00,0.0,2025-05-06 21:15:00
2025-05-06 21:20:00,0.0,2025-05-06 21:20:00
2025-05-06 21:25:00,0.0,2025-05-06 21:25:00
2025-05-06 21:30:00,0.0,2025-05-06 21:30:00
2025-05-06 21:35:00,0.0,2025-05-06 21:35:00
2025-05-06 21:40:00,0.0,2025-05-06 21:40:00
2025-05-06 21:45:00,0.0,2025-05-06 21:45:00
2025-05-06 21:50:00,0.0,2025-05-06 21:50:00
2025-05-06 21:55:00,0.0,2025-05-06 21:55:00
2025-05-06 22:00:00,-2371.949,2025-05-06 22:00:00
2025-05-06 22:05:00,-2371.949,2025-05-06 22:05:00
2025-05-06 22:10:00,-2371.95,2025-05-06 22:10:00
2025-05-06 22:15:00,-2371.951,2025-05-06 22:15:00
2025-05-06 22:20:00,-2371.952,2025-05-06 22:20:00
2025-05-06 22:25:00,-2371.953,2025-05-06 22:25:00
2025-05-06 22:30:00,-2371.954,2025-05-06 22:30:00
2025-05-06 22:35:00,-2371.956,2025-05-06 22:35:00
2025-05-06 22:40:00,-2371.958,2025-05-06 22:40:00
2025-05-06 22:45:00,-2371.96,2025-05-06 22:45:00
2025-05-06 22:50:00,-2371.963,2025-05-06 22:50:00
2025-05-06 22:55:00,-2371.965,2025-05-06 22:55:00
2025-05-06 23:00:00,-2371.968,2025-05-06 23:00:00
2025-05-06 23:05:00,-2371.972,2025-05-06 23:05:00
2025-05-06 23:10:00,-2371.975,2025-05-06 23:10:00
2025-05-06 23:15:00,-2371.979,2025-05-06 23:15:00
2025-05-06 23:20:00,-2371.984,2025-05-06 23:20:00
2025-05-06 23:25:00,-2371.988,2025-05-06 23:25:00
2025-05-06 23:30:00,-2371.993,2025-05-06 23:30:00
2025-05-06 23:35:00,-2371.998,2025-05-06 23:35:00
2025-05-06 23:40:00,-2372.003,2025-05-06 23:40:00
2025-05-06 23:45:00,-2372.01,2025-05-06 23:45:00
2025-05-06 23:50:00,-2372.015,2025-05-06 23:50:00
2025-05-06 23:55:00,-2372.021,2025-05-06 23:55:00
2025-05-07 00:00:00,-2372.027,2025-05-07 00:00:00
2025-05-07 00:05:00,-2372.035,2025-05-07 00:05:00
2025-05-07 00:10:00,-2372.041,2025-05-07 00:10:00
2025-05-07 00:15:00,-2372.049,2025-05-07 00:15:00
2025-05-07 00:20:00,-2372.056,2025-05-07 00:20:00
2025-05-07 00:25:00,-2372.063,2025-05-07 00:25:00
2025-05-07 00:30:00,-2372.071,2025-05-07 00:30:00
2025-05-07 00:35:00,-2372.08,2025-05-07 00:35:00
2025-05-07 00:40:00,-2372.094,2025-05-07 00:40:00
2025-05-07 00:45:00,-2372.097,2025-05-07 00:45:00
2025-05-07 00:50:00,-2372.108,2025-05-07 00:50:00
2025-05-07 00:55:00,-2372.116,2025-05-07 00:55:00
2025-05-07 01:00:00,-2372.125,2025-05-07 01:00:00
2025-05-07 01:05:00,-2372.136,2025-05-07 01:05:00
2025-05-07 01:10:00,-2372.145,2025-05-07 01:10:00
2025-05-07 01:15:00,-2372.155,2025-05-07 01:15:00
2025-05-07 01:20:00,-2372.165,2025-05-07 01:20:00
2025-05-07 01:25:00,-2372.176,2025-05-07 01:25:00
2025-05-07 01:30:00,-2372.186,2025-05-07 01:30:00
2025-05-07 01:35:00,-2372.197,2025-05-07 01:35:00
2025-05-07 01:40:00,-2372.209,2025-05-07 01:40:00
2025-05-07 01:45:00,-2372.22,2025-05-07 01:45:00
2025-05-07 01:50:00,-2372.232,2025-05-07 01:50:00
2025-05-07 01:55:00,-2372.243,2025-05-07 01:55:00
2025-05-07 02:00:00,-2372.255,2025-05-07 02:00:00
2025-05-07 02:05:00,-2372.266,2025-05-07 02:05:00
2025-05-07 02:10:00,-2372.278,2025-05-07 02:10:00
2025-05-07 02:15:00,-2372.289,2025-05-07 02:15:00
2025-05-07 02:20:00,-2372.301,2025-05-07 02:20:00
2025-05-07 02:25:00,-2372.313,2025-05-07 02:25:00
2025-05-07 02:30:00,-2372.325,2025-05-07 02:30:00
2025-05-07 02:35:00,-2372.337,2025-05-07 02:35:00
2025-05-07 02:40:00,-2372.349,2025-05-07 02:40:00
2025-05-07 02:45:00,-2372.361,2025-05-07 02:45:00
2025-05-07 02:50:00,-2372.374,2025-05-07 02:50:00
2025-05-07 02:55:00,-2372.386,2025-05-07 02:55:00
2025-05-07 03:00:00,-2372.397,2025-05-07 03:00:00
2025-05-07 03:05:00,-2372.409,2025-05-07 03:05:00
2025-05-07 03:10:00,-2372.424,2025-05-07 03:10:00
2025-05-07 03:15:00,-2372.434,2025-05-07 03:15:00
2025-05-07 03:20:00,-2372.446,2025-05-07 03:20:00
2025-05-07 03:25:00,-2372.458,2025-05-07 03:25:00
2025-05-07 03:30:00,-2372.471,2025-05-07 03:30:00
2025-05-07 03:35:00,-2372.482,2025-05-07 03:35:00
2025-05-07 03:40:00,-2372.494,2025-05-07 03:40:00
2025-05-07 03:45:00,-2372.505,2025-05-07 03:45:00
2025-05-07 03:50:00,-2372.516,2025-05-07 03:50:00
2025-05-07 03:55:00,-2372.529,2025-05-07 03:55:00
2025-05-07 04:00:00,-2372.538,2025-05-07 04:00:00
2025-05-07 04:05:00,-2372.55,2025-05-07 04:05:00
2025-05-07 04:10:00,-2372.56,2025-05-07 04:10:00
2025-05-07 04:15:00,-2372.571,2025-05-07 04:15:00
2025-05-07 04:20:00,-2372.582,2025-05-07 04:20:00
2025-05-07 04:25:00,-2372.593,2025-05-07 04:25:00
2025-05-07 04:30:00,-2372.601,2025-05-07 04:30:00
2025-05-07 04:35:00,-2372.61,2025-05-07 04:35:00
2025-05-07 04:40:00,-2372.619,2025-05-07 04:40:00
2025-05-07 04:45:00,-2372.629,2025-05-07 04:45:00
2025-05-07 04:50:00,-2372.637,2025-05-07 04:50:00
2025-05-07 04:55:00,-2372.645,2025-05-07 04:55:00
2025-05-07 05:00:00,-2372.653,2025-05-07 05:00:00
2025-05-07 05:05:00,-2372.66,2025-05-07 05:05:00
2025-05-07 05:10:00,-2372.667,2025-05-07 05:10:00
2025-05-07 05:15:00,-2372.673,2025-05-07 05:15:00
2025-05-07 05:20:00,-2372.679,2025-05-07 05:20:00
2025-05-07 05:25:00,-2372.685,2025-05-07 05:25:00
2025-05-07 05:30:00,-2372.689,2025-05-07 05:30:00
2025-05-07 05:35:00,-2372.694,2025-05-07 05:35:00
2025-05-07 05:40:00,-2372.698,2025-05-07 05:40:00
2025-05-07 05:45:00,-2372.699,2025-05-07 05:45:00
2025-05-07 05:50:00,-2372.701,2025-05-07 05:50:00
2025-05-07 05:55:00,-2372.703,2025-05-07 05:55:00
2025-05-07 06:00:00,0.0,2025-05-07 06:00:00
2025-05-07 06:05:00,0.0,2025-05-07 06:05:00
2025-05-07 06:10:00,0.0,2025-05-07 06:10:00
2025-05-07 06:15:00,0.0,2025-05-07 06:15:00
2025-05-07 06:20:00,0.0,2025-05-07 06:20:00
2025-05-07 06:25:00,0.0,2025-05-07 06:25:00
2025-05-07 06:30:00,0.0,2025-05-07 06:30:00
2025-05-07 06:35:00,0.0,2025-05-07 06:35:00
2025-05-07 06:40:00,0.0,2025-05-07 06:40:00
2025-05-07 06:45:00,0.0,2025-05-07 06:45:00
2025-05-07 06:50:00,0.0,2025-05-07 06:50:00
2025-05-07 06:55:00,0.0,2025-05-07 06:55:00
2025-05-07 07:00:00,0.0,2025-05-07 07:00:00
2025-05-07 07:05:00,0.0,2025-05-07 07:05:00
2025-05-07 07:10:00,0.0,2025-05-07 07:10:00
2025-05-07 07:15:00,0.0,2025-05-07 07:15:00
2025-05-07 07:20:00,0.0,2025-05-07 07:20:00
2025-05-07 07:25:00,0.0,2025-05-07 07:25:00
2025-05-07 07:30:00,0.0,2025-05-07 07:30:00
2025-05-07 07:35:00,0.0,2025-05-07 07:35:00
2025-05-07 07:40:00,0.0,2025-05-07 07:40:00
2025-05-07 07:45:00,0.0,2025-05-07 07:45:00
2025-05-07 07:50:00,0.0,2025-05-07 07:50:00
2025-05-07 07:55:00,0.0,2025-05-07 07:55:00
2025-05-07 08:00:00,9000.0,2025-05-07 08:00:00
2025-05-07 08:05:00,9000.0,2025-05-07 08:05:00
2025-05-07 08:10:00,9000.0,2025-05-07 08:10:00
2025-05-07 08:15:00,9000.0,2025-05-07 08:15:00
2025-05-07 08:20:00,9000.0,2025-05-07 08:20:00
2025-05-07 08:25:00,9000.0,2025-05-07 08:25:00
2025-05-07 08:30:00,9000.0,2025-05-07 08:30:00
2025-05-07 08:35:00,9000.0,2025-05-07 08:35:00
2025-05-07 08:40:00,9000.0,2025-05-07 08:40:00
2025-05-07 08:45:00,9000.0,2025-05-07 08:45:00
2025-05-07 08:50:00,9000.0,2025-05-07 08:50:00
2025-05-07 08:55:00,9000.0,2025-05-07 08:55:00
2025-05-07 09:00:00,9000.0,2025-05-07 09:00:00
2025-05-07 09:05:00,9000.0,2025-05-07 09:05:00
2025-05-07 09:10:00,9000.0,2025-05-07 09:10:00
2025-05-07 09:15:00,9000.0,2025-05-07 09:15:00
2025-05-07 09:20:00,9000.0,2025-05-07 09:20:00
2025-05-07 09:25:00,9000.0,2025-05-07 09:25:00
2025-05-07 09:30:00,9000.0,2025-05-07 09:30:00
2025-05-07 09:35:00,9000.0,2025-05-07 09:35:00
2025-05-07 09:40:00,9000.0,2025-05-07 09:40:00
2025-05-07 09:45:00,8999.999,2025-05-07 09:45:00
2025-05-07 09:50:00,1043.999,2025-05-07 09:50:00
2025-05-07 09:55:00,0.0,2025-05-07 09:55:00
2025-05-07 10:00:00,0.0,2025-05-07 10:00:00
2025-05-07 10:05:00,0.0,2025-05-07 10:05:00
2025-05-07 10:10:00,0.0,2025-05-07 10:10:00
2025-05-07 10:15:00,0.0,2025-05-07 10:15:00
2025-05-07 10:20:00,0.0,2025-05-07 10:20:00
2025-05-07 10:25:00,0.0,2025-05-07 10:25:00
2025-05-07 10:30:00,0.0,2025-05-07 10:30:00
2025-05-07 10:35:00,0.0,2025-05-07 10:35:00
2025-05-07 10:40:00,0.0,2025-05-07 10:40:00
2025-05-07 10:45:00,0.0,2025-05-07 10:45:00
2025-05-07 10:50:00,0.0,2025-05-07 10:50:00
2025-05-07 10:55:00,0.0,2025-05-07 10:55:00
2025-05-07 11:00:00,-2711.638,2025-05-07 11:00:00
2025-05-07 11:05:00,-2711.648,2025-05-07 11:05:00
2025-05-07 11:10:00,-2711.64,2025-05-07 11:10:00
2025-05-07 11:15:00,-2711.646,2025-05-07 11:15:00
2025-05-07 11:20:00,-2711.646,2025-05-07 11:20:00
2025-05-07 11:25:00,-2711.639,2025-05-07 11:25:00
2025-05-07 11:30:00,-2711.647,2025-05-07 11:30:00
2025-05-07 11:35:00,-2711.636,2025-05-07 11:35:00
2025-05-07 11:40:00,-2711.637,2025-05-07 11:40:00
2025-05-07 11:45:00,-2711.634,2025-05-07 11:45:00
2025-05-07 11:50:00,-2711.636,2025-05-07 11:50:00
2025-05-07 11:55:00,-2711.642,2025-05-07 11:55:00
2025-05-07 12:00:00,-2711.593,2025-05-07 12:00:00
2025-05-07 12:05:00,-2711.586,2025-05-07 12:05:00
2025-05-07 12:10:00,-2711.575,2025-05-07 12:10:00
2025-05-07 12:15:00,-2711.565,2025-05-07 12:15:00
2025-05-07 12:20:00,-2711.555,2025-05-07 12:20:00
2025-05-07 12:25:00,-2711.546,2025-05-07 12:25:00
2025-05-07 12:30:00,-2711.534,2025-05-07 12:30:00
2025-05-07 12:35:00,-2711.52,2025-05-07 12:35:00
2025-05-07 12:40:00,-2711.506,2025-05-07 12:40:00
2025-05-07 12:45:00,-2711.493,2025-05-07 12:45:00
2025-05-07 12:50:00,-2711.481,2025-05-07 12:50:00
2025-05-07 12:55:00,-2711.464,2025-05-07 12:55:00
2025-05-07 13:00:00,-2711.451,2025-05-07 13:00:00
2025-05-07 13:05:00,-2711.434,2025-05-07 13:05:00
2025-05-07 13:10:00,-2711.422,2025-05-07 13:10:00
2025-05-07 13:15:00,-2711.443,2025-05-07 13:15:00
2025-05-07 13:20:00,-2711.406,2025-05-07 13:20:00
2025-05-07 13:25:00,-2711.367,2025-05-07 13:25:00
2025-05-07 13:30:00,-2711.351,2025-05-07 13:30:00
2025-05-07 13:35:00,-2711.332,2025-05-07 13:35:00
2025-05-07 13:40:00,-2711.316,2025-05-07 13:40:00
2025-05-07 13:45:00,-2711.296,2025-05-07 13:45:00
2025-05-07 13:50:00,-2711.282,2025-05-07 13:50:00
2025-05-07 13:55:00,-2711.276,2025-05-07 13:55:00
2025-05-07 14:00:00,-2711.239,2025-05-07 14:00:00
2025-05-07 14:05:00,-2711.22,2025-05-07 14:05:00
2025-05-07 14:10:00,-2711.201,2025-05-07 14:10:00
2025-05-07 14:15:00,-2711.184,2025-05-07 14:15:00
2025-05-07 14:20:00,-2711.164,2025-05-07 14:20:00
2025-05-07 14:25:00,-2711.175,2025-05-07 14:25:00
2025-05-07 14:30:00,-2711.153,2025-05-07 14:30:00
2025-05-07 14:35:00,-2711.11,2025-05-07 14:35:00
2025-05-07 14:40:00,-2711.118,2025-05-07 14:40:00
2025-05-07 14:45:00,-2711.079,2025-05-07 14:45:00
2025-05-07 14:50:00,-2711.079,2025-05-07 14:50:00
2025-05-07 14:55:00,-2711.042,2025-05-07 14:55:00
2025-05-07 15:00:00,-2711.044,2025-05-07 15:00:00
2025-05-07 15:05:00,-2711.041,2025-05-07 15:05:00
2025-05-07 15:10:00,-2711.012,2025-05-07 15:10:00
2025-05-07 15:15:00,-2710.804,2025-05-07 15:15:00
2025-05-07 15:20:00,-2710.951,2025-05-07 15:20:00
2025-05-07 15:25:00,-2710.958,2025-05-07 15:25:00
2025-05-07 15:30:00,-2710.94,2025-05-07 15:30:00
2025-05-07 15:35:00,-2710.946,2025-05-07 15:35:00
2025-05-07 15:40:00,-2710.927,2025-05-07 15:40:00
2025-05-07 15:45:00,-2710.914,2025-05-07 15:45:00
2025-05-07 15:50:00,-2710.89,2025-05-07 15:50:00
2025-05-07 15:55:00,-2710.903,2025-05-07 15:55:00
2025-05-07 16:00:00,-2710.888,2025-05-07 16:00:00
2025-05-07 16:05:00,-2710.888,2025-05-07 16:05:00
2025-05-07 16:10:00,-2710.853,2025-05-07 16:10:00
2025-05-07 16:15:00,-2710.838,2025-05-07 16:15:00
2025-05-07 16:20:00,-2710.857,2025-05-07 16:20:00
2025-05-07 16:25:00,-2710.843,2025-05-07 16:25:00
2025-05-07 16:30:00,-2710.825,2025-05-07 16:30:00
2025-05-07 16:35:00,-2710.813,2025-05-07 16:35:00
2025-05-07 16:40:00,-2710.816,2025-05-07 16:40:00
2025-05-07 16:45:00,-2710.785,2025-05-07 16:45:00
2025-05-07 16:50:00,-2710.816,2025-05-07 16:50:00
2025-05-07 16:55:00,-2710.794,2025-05-07 16:55:00
2025-05-07 17:00:00,-2710.825,2025-05-07 17:00:00
2025-05-07 17:05:00,-2710.807,2025-05-07 17:05:00
2025-05-07 17:10:00,-2710.818,2025-05-07 17:10:00
2025-05-07 17:15:00,-2710.807,2025-05-07 17:15:00
2025-05-07 17:20:00,-2710.781,2025-05-07 17:20:00
2025-05-07 17:25:00,-2710.795,2025-05-07 17:25:00
2025-05-07 17:30:00,-2710.775,2025-05-07 17:30:00
2025-05-07 17:35:00,-2710.775,2025-05-07 17:35:00
2025-05-07 17:40:00,-2710.776,2025-05-07 17:40:00
2025-05-07 17:45:00,-2710.775,2025-05-07 17:45:00
2025-05-07 17:50:00,-2710.811,2025-05-07 17:50:00
2025-05-07 17:55:00,-2710.789,2025-05-07 17:55:00
2025-05-07 18:00:00,9000.0,2025-05-07 18:00:00
2025-05-07 18:05:00,9000.0,2025-05-07 18:05:00
2025-05-07 18:10:00,9000.0,2025-05-07 18:10:00
2025-05-07 18:15:00,9000.0,2025-05-07 18:15:00
2025-05-07 18:20:00,9000.0,2025-05-07 18:20:00
2025-05-07 18:25:00,9000.0,2025-05-07 18:25:00
2025-05-07 18:30:00,9000.0,2025-05-07 18:30:00
2025-05-07 18:35:00,9000.0,2025-05-07 18:35:00
2025-05-07 18:40:00,9000.0,2025-05-07 18:40:00
2025-05-07 18:45:00,9000.0,2025-05-07 18:45:00
2025-05-07 18:50:00,9000.0,2025-05-07 18:50:00
2025-05-07 18:55:00,9000.0,2025-05-07 18:55:00
2025-05-07 19:00:00,9000.0,2025-05-07 19:00:00
2025-05-07 19:05:00,9000.0,2025-05-07 19:05:00
2025-05-07 19:10:00,9000.0,2025-05-07 19:10:00
2025-05-07 19:15:00,9000.0,2025-05-07 19:15:00
2025-05-07 19:20:00,9000.0,2025-05-07 19:20:00
2025-05-07 19:25:00,9000.0,2025-05-07 19:25:00
2025-05-07 19:30:00,9000.0,2025-05-07 19:30:00
2025-05-07 19:35:00,9000.0,2025-05-07 19:35:00
2025-05-07 19:40:00,9000.0,2025-05-07 19:40:00
2025-05-07 19:45:00,8999.999,2025-05-07 19:45:00
2025-05-07 19:50:00,1043.999,2025-05-07 19:50:00
2025-05-07 19:55:00,0.0,2025-05-07 19:55:00
2025-05-07 20:00:00,0.0,2025-05-07 20:00:00
2025-05-07 20:05:00,0.0,2025-05-07 20:05:00
2025-05-07 20:10:00,0.0,2025-05-07 20:10:00
2025-05-07 20:15:00,0.0,2025-05-07 20:15:00
2025-05-07 20:20:00,0.0,2025-05-07 20:20:00
2025-05-07 20:25:00,0.0,2025-05-07 20:25:00
2025-05-07 20:30:00,0.0,2025-05-07 20:30:00
2025-05-07 20:35:00,0.0,2025-05-07 20:35:00
2025-05-07 20:40:00,0.0,2025-05-07 20:40:00
2025-05-07 20:45:00,0.0,2025-05-07 20:45:00
2025-05-07 20:50:00,0.0,2025-05-07 20:50:00
2025-05-07 20:55:00,0.0,2025-05-07 20:55:00
2025-05-07 21:00:00,0.0,2025-05-07 21:00:00
2025-05-07 21:05:00,0.0,2025-05-07 21:05:00
2025-05-07 21:10:00,0.0,2025-05-07 21:10:00
2025-05-07 21:15:00,0.0,2025-05-07 21:15:00
2025-05-07 21:20:00,0.0,2025-05-07 21:20:00
2025-05-07 21:25:00,0.0,2025-05-07 21:25:00
2025-05-07 21:30:00,0.0,2025-05-07 21:30:00
2025-05-07 21:35:00,0.0,2025-05-07 21:35:00
2025-05-07 21:40:00,0.0,2025-05-07 21:40:00
2025-05-07 21:45:00,0.0,2025-05-07 21:45:00
2025-05-07 21:50:00,0.0,2025-05-07 21:50:00
2025-05-07 21:55:00,0.0,2025-05-07 21:55:00
2025-05-07 22:00:00,-2371.777,2025-05-07 22:00:00
2025-05-07 22:05:00,-2371.735,2025-05-07 22:05:00
2025-05-07 22:10:00,-2371.73,2025-05-07 22:10:00
2025-05-07 22:15:00,-2371.728,2025-05-07 22:15:00
2025-05-07 22:20:00,-2371.72,2025-05-07 22:20:00
2025-05-07 22:25:00,-2371.733,2025-05-07 22:25:00
2025-05-07 22:30:00,-2371.718,2025-05-07 22:30:00
2025-05-07 22:35:00,-2371.732,2025-05-07 22:35:00
2025-05-07 22:40:00,-2371.732,2025-05-07 22:40:00
2025-05-07 22:45:00,-2371.727,2025-05-07 22:45:00
2025-05-07 22:50:00,-2371.726,2025-05-07 22:50:00
2025-05-07 22:55:00,-2371.728,2025-05-07 22:55:00
2025-05-07 23:00:00,-2371.733,2025-05-07 23:00:00
2025-05-07 23:05:00,-2371.738,2025-05-07 23:05:00
2025-05-07 23:10:00,-2371.742,2025-05-07 23:10:00
2025-05-07 23:15:00,-2371.745,2025-05-07 23:15:00
2025-05-07 23:20:00,-2371.753,2025-05-07 23:20:00
2025-05-07 23:25:00,-2371.757,2025-05-07 23:25:00
2025-05-07 23:30:00,-2371.766,2025-05-07 23:30:00
2025-05-07 23:35:00,-2371.77,2025-05-07 23:35:00
2025-05-07 23:40:00,-2371.778,2025-05-07 23:40:00
2025-05-07 23:45:00,-2371.804,2025-05-07 23:45:00
2025-05-07 23:50:00,-2371.841,2025-05-07 23:50:00
2025-05-07 23:55:00,-2371.816,2025-05-07 23:55:00
2025-05-08 00:00:00,-2371.812,2025-05-08 00:00:00
2025-05-08 00:05:00,-2371.829,2025-05-08 00:05:00
2025-05-08 00:10:00,-2371.883,2025-05-08 00:10:00
2025-05-08 00:15:00,-2371.879,2025-05-08 00:15:00
2025-05-08 00:20:00,-2371.858,2025-05-08 00:20:00
2025-05-08 00:25:00,-2371.881,2025-05-08 00:25:00
2025-05-08 00:30:00,-2371.879,2025-05-08 00:30:00
2025-05-08 00:35:00,-2371.935,2025-05-08 00:35:00
2025-05-08 00:40:00,-2371.965,2025-05-08 00:40:00
2025-05-08 00:45:00,-2371.964,2025-05-08 00:45:00
2025-05-08 00:50:00,-2371.979,2025-05-08 00:50:00
2025-05-08 00:55:00,-2372.002,2025-05-08 00:55:00
2025-05-08 01:00:00,-2372.01,2025-05-08 01:00:00
2025-05-08 01:05:00,-2372.046,2025-05-08 01:05:00
2025-05-08 01:10:00,-2372.047,2025-05-08 01:10:00
2025-05-08 01:15:00,-2372.069,2025-05-08 01:15:00
2025-05-08 01:20:00,-2372.072,2025-05-08 01:20:00
2025-05-08 01:25:00,-2372.116,2025-05-08 01:25:00
2025-05-08 01:30:00,-2372.121,2025-05-08 01:30:00
2025-05-08 01:35:00,-2372.157,2025-05-08 01:35:00
2025-05-08 01:40:00,-2372.168,2025-05-08 01:40:00
2025-05-08 01:45:00,-2372.172,2025-05-08 01:45:00
2025-05-08 01:50:00,-2372.175,2025-05-08 01:50:00
2025-05-08 01:55:00,-2372.188,2025-05-08 01:55:00
2025-05-08 02:00:00,-2372.209,2025-05-08 02:00:00
2025-05-08 02:05:00,-2372.234,2025-05-08 02:05:00
2025-05-08 02:10:00,-2372.285,2025-05-08 02:10:00
2025-05-08 02:15:00,-2372.314,2025-05-08 02:15:00
2025-05-08 02:20:00,-2372.313,2025-05-08 02:20:00
2025-05-08 02:25:00,-2372.327,2025-05-08 02:25:00
2025-05-08 02:30:00,-2372.354,2025-05-08 02:30:00
2025-05-08 02:35:00,-2372.379,2025-05-08 02:35:00
2025-05-08 02:40:00,-2372.413,2025-05-08 02:40:00
2025-05-08 02:45:00,-2372.452,2025-05-08 02:45:00
2025-05-08 02:50:00,-2372.449,2025-05-08 02:50:00
2025-05-08 02:55:00,-2372.469,2025-05-08 02:55:00
2025-05-08 03:00:00,-2372.543,2025-05-08 03:00:00
2025-05-08 03:05:00,-2372.547,2025-05-08 03:05:00
2025-05-08 03:10:00,-2372.548,2025-05-08 03:10:00
2025-05-08 03:15:00,-2372.564,2025-05-08 03:15:00
2025-05-08 03:20:00,-2372.589,2025-05-08 03:20:00
2025-05-08 03:25:00,-2372.605,2025-05-08 03:25:00
2025-05-08 03:30:00,-2372.653,2025-05-08 03:30:00
2025-05-08 03:35:00,-2372.658,2025-05-08 03:35:00
2025-05-08 03:40:00,-2372.667,2025-05-08 03:40:00
2025-05-08 03:45:00,-2372.744,2025-05-08 03:45:00
2025-05-08 03:50:00,-2372.718,2025-05-08 03:50:00
2025-05-08 03:55:00,-2372.733,2025-05-08 03:55:00
2025-05-08 04:00:00,-2372.754,2025-05-08 04:00:00
2025-05-08 04:05:00,-2372.765,2025-05-08 04:05:00
2025-05-08 04:10:00,-2372.778,2025-05-08 04:10:00
2025-05-08 04:15:00,-2372.798,2025-05-08 04:15:00
2025-05-08 04:20:00,-2372.81,2025-05-08 04:20:00
2025-05-08 04:25:00,-2372.825,2025-05-08 04:25:00
2025-05-08 04:30:00,-2372.843,2025-05-08 04:30:00
2025-05-08 04:35:00,-2372.863,2025-05-08 04:35:00
2025-05-08 04:40:00,-2372.86,2025-05-08 04:40:00
2025-05-08 04:45:00,-2372.903,2025-05-08 04:45:00
2025-05-08 04:50:00,-2372.93,2025-05-08 04:50:00
2025-05-08 04:55:00,-2372.894,2025-05-08 04:55:00
2025-05-08 05:00:00,-2372.899,2025-05-08 05:00:00
2025-05-08 05:05:00,-2372.964,2025-05-08 05:05:00
2025-05-08 05:10:00,-2372.914,2025-05-08 05:10:00
2025-05-08 05:15:00,-2372.929,2025-05-08 05:15:00
2025-05-08 05:20:00,-2372.927,2025-05-08 05:20:00
2025-05-08 05:25:00,-2372.926,2025-05-08 05:25:00
2025-05-08 05:30:00,-2372.928,2025-05-08 05:30:00
2025-05-08 05:35:00,-2372.94,2025-05-08 05:35:00
2025-05-08 05:40:00,-2372.93,2025-05-08 05:40:00
2025-05-08 05:45:00,-2372.921,2025-05-08 05:45:00
2025-05-08 05:50:00,-2372.917,2025-05-08 05:50:00
2025-05-08 05:55:00,-2372.912,2025-05-08 05:55:00
2025-05-08 06:00:00,0.0,2025-05-08 06:00:00
2025-05-08 06:05:00,0.0,2025-05-08 06:05:00
2025-05-08 06:10:00,0.0,2025-05-08 06:10:00
2025-05-08 06:15:00,0.0,2025-05-08 06:15:00
2025-05-08 06:20:00,0.0,2025-05-08 06:20:00
2025-05-08 06:25:00,0.0,2025-05-08 06:25:00
2025-05-08 06:30:00,0.0,2025-05-08 06:30:00
2025-05-08 06:35:00,0.0,2025-05-08 06:35:00
2025-05-08 06:40:00,0.0,2025-05-08 06:40:00
2025-05-08 06:45:00,0.0,2025-05-08 06:45:00
2025-05-08 06:50:00,0.0,2025-05-08 06:50:00
2025-05-08 06:55:00,0.0,2025-05-08 06:55:00
2025-05-08 07:00:00,0.0,2025-05-08 07:00:00
2025-05-08 07:05:00,0.0,2025-05-08 07:05:00
2025-05-08 07:10:00,0.0,2025-05-08 07:10:00
2025-05-08 07:15:00,0.0,2025-05-08 07:15:00
2025-05-08 07:20:00,0.0,2025-05-08 07:20:00
2025-05-08 07:25:00,0.0,2025-05-08 07:25:00
2025-05-08 07:30:00,0.0,2025-05-08 07:30:00
2025-05-08 07:35:00,0.0,2025-05-08 07:35:00
2025-05-08 07:40:00,0.0,2025-05-08 07:40:00
2025-05-08 07:45:00,0.0,2025-05-08 07:45:00
2025-05-08 07:50:00,0.0,2025-05-08 07:50:00
2025-05-08 07:55:00,0.0,2025-05-08 07:55:00
2025-05-08 08:00:00,9000.0,2025-05-08 08:00:00
2025-05-08 08:05:00,9000.0,2025-05-08 08:05:00
2025-05-08 08:10:00,9000.0,2025-05-08 08:10:00
2025-05-08 08:15:00,9000.0,2025-05-08 08:15:00
2025-05-08 08:20:00,9000.0,2025-05-08 08:20:00
2025-05-08 08:25:00,9000.0,2025-05-08 08:25:00
2025-05-08 08:30:00,9000.0,2025-05-08 08:30:00
2025-05-08 08:35:00,9000.0,2025-05-08 08:35:00
2025-05-08 08:40:00,9000.0,2025-05-08 08:40:00
2025-05-08 08:45:00,9000.0,2025-05-08 08:45:00
2025-05-08 08:50:00,9000.0,2025-05-08 08:50:00
2025-05-08 08:55:00,9000.0,2025-05-08 08:55:00
2025-05-08 09:00:00,9000.0,2025-05-08 09:00:00
2025-05-08 09:05:00,9000.0,2025-05-08 09:05:00
2025-05-08 09:10:00,9000.0,2025-05-08 09:10:00
2025-05-08 09:15:00,9000.0,2025-05-08 09:15:00
2025-05-08 09:20:00,9000.0,2025-05-08 09:20:00
2025-05-08 09:25:00,9000.0,2025-05-08 09:25:00
2025-05-08 09:30:00,9000.0,2025-05-08 09:30:00
2025-05-08 09:35:00,8999.999,2025-05-08 09:35:00
2025-05-08 09:40:00,8999.999,2025-05-08 09:40:00
2025-05-08 09:45:00,8999.997,2025-05-08 09:45:00
2025-05-08 09:50:00,1043.999,2025-05-08 09:50:00
2025-05-08 09:55:00,0.0,2025-05-08 09:55:00
2025-05-08 10:00:00,0.0,2025-05-08 10:00:00
2025-05-08 10:05:00,0.0,2025-05-08 10:05:00
2025-05-08 10:10:00,0.0,2025-05-08 10:10:00
2025-05-08 10:15:00,0.0,2025-05-08 10:15:00
2025-05-08 10:20:00,0.0,2025-05-08 10:20:00
2025-05-08 10:25:00,0.0,2025-05-08 10:25:00
2025-05-08 10:30:00,0.0,2025-05-08 10:30:00
2025-05-08 10:35:00,0.0,2025-05-08 10:35:00
2025-05-08 10:40:00,0.0,2025-05-08 10:40:00
2025-05-08 10:45:00,0.0,2025-05-08 10:45:00
2025-05-08 10:50:00,0.0,2025-05-08 10:50:00
2025-05-08 10:55:00,0.0,2025-05-08 10:55:00
2025-05-08 11:00:00,-2711.704,2025-05-08 11:00:00
2025-05-08 11:05:00,-2711.668,2025-05-08 11:05:00
2025-05-08 11:10:00,-2711.697,2025-05-08 11:10:00
2025-05-08 11:15:00,-2712.081,2025-05-08 11:15:00
2025-05-08 11:20:00,-2712.161,2025-05-08 11:20:00
2025-05-08 11:25:00,-2711.748,2025-05-08 11:25:00
2025-05-08 11:30:00,-2712.147,2025-05-08 11:30:00
2025-05-08 11:35:00,-2711.929,2025-05-08 11:35:00
2025-05-08 11:40:00,-2711.758,2025-05-08 11:40:00
2025-05-08 11:45:00,-2711.702,2025-05-08 11:45:00
2025-05-08 11:50:00,-2712.107,2025-05-08 11:50:00
2025-05-08 11:55:00,-2711.845,2025-05-08 11:55:00
2025-05-08 12:00:00,-2711.66,2025-05-08 12:00:00
2025-05-08 12:05:00,-2711.634,2025-05-08 12:05:00
2025-05-08 12:10:00,-2711.689,2025-05-08 12:10:00
2025-05-08 12:15:00,-2711.644,2025-05-08 12:15:00
2025-05-08 12:20:00,-2711.659,2025-05-08 12:20:00
2025-05-08 12:25:00,-2711.58,2025-05-08 12:25:00
2025-05-08 12:30:00,-2711.565,2025-05-08 12:30:00
2025-05-08 12:35:00,-2711.545,2025-05-08 12:35:00
2025-05-08 12:40:00,-2711.712,2025-05-08 12:40:00
2025-05-08 12:45:00,-2711.576,2025-05-08 12:45:00
2025-05-08 12:50:00,-2711.522,2025-05-08 12:50:00
2025-05-08 12:55:00,-2711.602,2025-05-08 12:55:00
2025-05-08 13:00:00,-2711.533,2025-05-08 13:00:00
2025-05-08 13:05:00,-2711.447,2025-05-08 13:05:00
2025-05-08 13:10:00,-2711.453,2025-05-08 13:10:00
2025-05-08 13:15:00,-2711.479,2025-05-08 13:15:00
2025-05-08 13:20:00,-2711.392,2025-05-08 13:20:00
2025-05-08 13:25:00,-2711.341,2025-05-08 13:25:00
2025-05-08 13:30:00,-2711.374,2025-05-08 13:30:00
2025-05-08 13:35:00,-2711.306,2025-05-08 13:35:00
2025-05-08 13:40:00,-2711.32,2025-05-08 13:40:00
2025-05-08 13:45:00,-2711.523,2025-05-08 13:45:00
2025-05-08 13:50:00,-2711.241,2025-05-08 13:50:00
2025-05-08 13:55:00,-2711.209,2025-05-08 13:55:00
2025-05-08 14:00:00,-2711.196,2025-05-08 14:00:00
2025-05-08 14:05:00,-2711.464,2025-05-08 14:05:00
2025-05-08 14:10:00,-2711.126,2025-05-08 14:10:00
2025-05-08 14:15:00,-2711.328,2025-05-08 14:15:00
2025-05-08 14:20:00,-2711.202,2025-05-08 14:20:00
2025-05-08 14:25:00,-2711.174,2025-05-08 14:25:00
2025-05-08 14:30:00,-2711.099,2025-05-08 14:30:00
2025-05-08 14:35:00,-2711.077,2025-05-08 14:35:00
2025-05-08 14:40:00,-2710.961,2025-05-08 14:40:00
2025-05-08 14:45:00,-2710.982,2025-05-08 14:45:00
2025-05-08 14:50:00,-2710.921,2025-05-08 14:50:00
2025-05-08 14:55:00,-2710.971,2025-05-08 14:55:00
2025-05-08 15:00:00,-2710.951,2025-05-08 15:00:00
2025-05-08 15:05:00,-2710.974,2025-05-08 15:05:00
2025-05-08 15:10:00,-2710.793,2025-05-08 15:10:00
2025-05-08 15:15:00,-2710.798,2025-05-08 15:15:00
2025-05-08 15:20:00,-2711.064,2025-05-08 15:20:00
2025-05-08 15:25:00,-2710.727,2025-05-08 15:25:00
2025-05-08 15:30:00,-2710.756,2025-05-08 15:30:00
2025-05-08 15:35:00,-2711.056,2025-05-08 15:35:00
2025-05-08 15:40:00,-2711.151,2025-05-08 15:40:00
2025-05-08 15:45:00,-2710.618,2025-05-08 15:45:00
2025-05-08 15:50:00,-2710.999,2025-05-08 15:50:00
2025-05-08 15:55:00,-2710.788,2025-05-08 15:55:00
2025-05-08 16:00:00,-2710.704,2025-05-08 16:00:00
2025-05-08 16:05:00,-2711.049,2025-05-08 16:05:00
2025-05-08 16:10:00,-2710.985,2025-05-08 16:10:00
2025-05-08 16:15:00,-2710.954,2025-05-08 16:15:00
2025-05-08 16:20:00,-2711.026,2025-05-08 16:20:00
2025-05-08 16:25:00,-2710.935,2025-05-08 16:25:00
2025-05-08 16:30:00,-2710.959,2025-05-08 16:30:00
2025-05-08 16:35:00,-2710.68,2025-05-08 16:35:00
2025-05-08 16:40:00,-2710.503,2025-05-08 16:40:00
2025-05-08 16:45:00,-2710.415,2025-05-08 16:45:00
2025-05-08 16:50:00,-2710.494,2025-05-08 16:50:00
2025-05-08 16:55:00,-2710.529,2025-05-08 16:55:00
2025-05-08 17:00:00,-2710.637,2025-05-08 17:00:00
2025-05-08 17:05:00,-2710.414,2025-05-08 17:05:00
2025-05-08 17:10:00,-2710.706,2025-05-08 17:10:00
2025-05-08 17:15:00,-2710.693,2025-05-08 17:15:00
2025-05-08 17:20:00,-2710.806,2025-05-08 17:20:00
2025-05-08 17:25:00,-2710.731,2025-05-08 17:25:00
2025-05-08 17:30:00,-2710.226,2025-05-08 17:30:00
2025-05-08 17:35:00,-2710.763,2025-05-08 17:35:00
2025-05-08 17:40:00,-2710.746,2025-05-08 17:40:00
2025-05-08 17:45:00,-2710.628,2025-05-08 17:45:00
2025-05-08 17:50:00,-2710.735,2025-05-08 17:50:00
2025-05-08 17:55:00,-2710.084,2025-05-08 17:55:00
2025-05-08 18:00:00,9000.0,2025-05-08 18:00:00
2025-05-08 18:05:00,9000.0,2025-05-08 18:05:00
2025-05-08 18:10:00,9000.0,2025-05-08 18:10:00
2025-05-08 18:15:00,9000.0,2025-05-08 18:15:00
2025-05-08 18:20:00,9000.0,2025-05-08 18:20:00
2025-05-08 18:25:00,9000.0,2025-05-08 18:25:00
2025-05-08 18:30:00,9000.0,2025-05-08 18:30:00
2025-05-08 18:35:00,9000.0,2025-05-08 18:35:00
2025-05-08 18:40:00,9000.0,2025-05-08 18:40:00
2025-05-08 18:45:00,9000.0,2025-05-08 18:45:00
2025-05-08 18:50:00,9000.0,2025-05-08 18:50:00
2025-05-08 18:55:00,9000.0,2025-05-08 18:55:00
2025-05-08 19:00:00,9000.0,2025-05-08 19:00:00
2025-05-08 19:05:00,9000.0,2025-05-08 19:05:00
2025-05-08 19:10:00,9000.0,2025-05-08 19:10:00
2025-05-08 19:15:00,9000.0,2025-05-08 19:15:00
2025-05-08 19:20:00,9000.0,2025-05-08 19:20:00
2025-05-08 19:25:00,9000.0,2025-05-08 19:25:00
2025-05-08 19:30:00,9000.0,2025-05-08 19:30:00
2025-05-08 19:35:00,8999.999,2025-05-08 19:35:00
2025-05-08 19:40:00,8999.999,2025-05-08 19:40:00
2025-05-08 19:45:00,8999.997,2025-05-08 19:45:00
2025-05-08 19:50:00,1043.999,2025-05-08 19:50:00
2025-05-08 19:55:00,0.0,2025-05-08 19:55:00
2025-05-08 20:00:00,0.0,2025-05-08 20:00:00
2025-05-08 20:05:00,0.0,2025-05-08 20:05:00
2025-05-08 20:10:00,0.0,2025-05-08 20:10:00
2025-05-08 20:15:00,0.0,2025-05-08 20:15:00
2025-05-08 20:20:00,0.0,2025-05-08 20:20:00
2025-05-08 20:25:00,0.0,2025-05-08 20:25:00
2025-05-08 20:30:00,0.0,2025-05-08 20:30:00
2025-05-08 20:35:00,0.0,2025-05-08 20:35:00
2025-05-08 20:40:00,0.0,2025-05-08 20:40:00
2025-05-08 20:45:00,0.0,2025-05-08 20:45:00
2025-05-08 20:50:00,0.0,2025-05-08 20:50:00
2025-05-08 20:55:00,0.0,2025-05-08 20:55:00
2025-05-08 21:00:00,0.0,2025-05-08 21:00:00
2025-05-08 21:05:00,0.0,2025-05-08 21:05:00
2025-05-08 21:10:00,0.0,2025-05-08 21:10:00
2025-05-08 21:15:00,0.0,2025-05-08 21:15:00
2025-05-08 21:20:00,0.0,2025-05-08 21:20:00
2025-05-08 21:25:00,0.0,2025-05-08 21:25:00
2025-05-08 21:30:00,0.0,2025-05-08 21:30:00
2025-05-08 21:35:00,0.0,2025-05-08 21:35:00
2025-05-08 21:40:00,0.0,2025-05-08 21:40:00
2025-05-08 21:45:00,0.0,2025-05-08 21:45:00
2025-05-08 21:50:00,0.0,2025-05-08 21:50:00
2025-05-08 21:55:00,0.0,2025-05-08 21:55:00
2025-05-08 22:00:00,-2372.22,2025-05-08 22:00:00
2025-05-08 22:05:00,-2372.161,2025-05-08 22:05:00
2025-05-08 22:10:00,-2372.138,2025-05-08 22:10:00
2025-05-08 22:15:00,-2372.147,2025-05-08 22:15:00
2025-05-08 22:20:00,-2372.128,2025-05-08 22:20:00
2025-05-08 22:25:00,-2372.142,2025-05-08 22:25:00
2025-05-08 22:30:00,-2372.126,2025-05-08 22:30:00
2025-05-08 22:35:00,-2372.167,2025-05-08 22:35:00
2025-05-08 22:40:00,-2372.124,2025-05-08 22:40:00
2025-05-08 22:45:00,-2372.121,2025-05-08 22:45:00
2025-05-08 22:50:00,-2372.149,2025-05-08 22:50:00
2025-05-08 22:55:00,-2372.168,2025-05-08 22:55:00
2025-05-08 23:00:00,-2372.172,2025-05-08 23:00:00
2025-05-08 23:05:00,-2372.126,2025-05-08 23:05:00
2025-05-08 23:10:00,-2372.141,2025-05-08 23:10:00
2025-05-08 23:15:00,-2372.144,2025-05-08 23:15:00
2025-05-08 23:20:00,-2372.196,2025-05-08 23:20:00
2025-05-08 23:25:00,-2372.15,2025-05-08 23:25:00
2025-05-08 23:30:00,-2372.157,2025-05-08 23:30:00
2025-05-08 23:35:00,-2372.17,2025-05-08 23:35:00
2025-05-08 23:40:00,-2372.144,2025-05-08 23:40:00
2025-05-08 23:45:00,-2372.196,2025-05-08 23:45:00
2025-05-08 23:50:00,-2372.146,2025-05-08 23:50:00
2025-05-08 23:55:00,-2372.148,2025-05-08 23:55:00
2025-05-09 00:00:00,-2372.156,2025-05-09 00:00:00
2025-05-09 00:05:00,-2372.159,2025-05-09 00:05:00
2025-05-09 00:10:00,-2372.157,2025-05-09 00:10:00
2025-05-09 00:15:00,-2372.163,2025-05-09 00:15:00
2025-05-09 00:20:00,-2372.176,2025-05-09 00:20:00
2025-05-09 00:25:00,-2372.166,2025-05-09 00:25:00
2025-05-09 00:30:00,-2372.169,2025-05-09 00:30:00
2025-05-09 00:35:00,-2372.209,2025-05-09 00:35:00
2025-05-09 00:40:00,-2372.22,2025-05-09 00:40:00
2025-05-09 00:45:00,-2372.181,2025-05-09 00:45:00
2025-05-09 00:50:00,-2372.219,2025-05-09 00:50:00
2025-05-09 00:55:00,-2372.255,2025-05-09 00:55:00
2025-05-09 01:00:00,-2372.239,2025-05-09 01:00:00
2025-05-09 01:05:00,-2372.247,2025-05-09 01:05:00
2025-05-09 01:10:00,-2372.241,2025-05-09 01:10:00
2025-05-09 01:15:00,-2372.213,2025-05-09 01:15:00
2025-05-09 01:20:00,-2372.225,2025-05-09 01:20:00
2025-05-09 01:25:00,-2372.216,2025-05-09 01:25:00
2025-05-09 01:30:00,-2372.261,2025-05-09 01:30:00
2025-05-09 01:35:00,-2372.224,2025-05-09 01:35:00
2025-05-09 01:40:00,-2372.26,2025-05-09 01:40:00
2025-05-09 01:45:00,-2372.232,2025-05-09 01:45:00
2025-05-09 01:50:00,-2372.237,2025-05-09 01:50:00
2025-05-09 01:55:00,-2372.307,2025-05-09 01:55:00
2025-05-09 02:00:00,-2372.247,2025-05-09 02:00:00
2025-05-09 02:05:00,-2372.253,2025-05-09 02:05:00
2025-05-09 02:10:00,-2372.311,2025-05-09 02:10:00
2025-05-09 02:15:00,-2372.308,2025-05-09 02:15:00
2025-05-09 02:20:00,-2372.315,2025-05-09 02:20:00
2025-05-09 02:25:00,-2372.339,2025-05-09 02:25:00
2025-05-09 02:30:00,-2372.328,2025-05-09 02:30:00
2025-05-09 02:35:00,-2372.3,2025-05-09 02:35:00
2025-05-09 02:40:00,-2372.305,2025-05-09 02:40:00
2025-05-09 02:45:00,-2372.298,2025-05-09 02:45:00
2025-05-09 02:50:00,-2372.301,2025-05-09 02:50:00
2025-05-09 02:55:00,-2372.308,2025-05-09 02:55:00
2025-05-09 03:00:00,-2372.364,2025-05-09 03:00:00
2025-05-09 03:05:00,-2372.332,2025-05-09 03:05:00
2025-05-09 03:10:00,-2372.339,2025-05-09 03:10:00
2025-05-09 03:15:00,-2372.336,2025-05-09 03:15:00
2025-05-09 03:20:00,-2372.346,2025-05-09 03:20:00
2025-05-09 03:25:00,-2372.344,2025-05-09 03:25:00
2025-05-09 03:30:00,-2372.36,2025-05-09 03:30:00
2025-05-09 03:35:00,-2372.352,2025-05-09 03:35:00
2025-05-09 03:40:00,-2372.389,2025-05-09 03:40:00
2025-05-09 03:45:00,-2372.371,2025-05-09 03:45:00
2025-05-09 03:50:00,-2372.396,2025-05-09 03:50:00
2025-05-09 03:55:00,-2372.378,2025-05-09 03:55:00
2025-05-09 04:00:00,-2372.376,2025-05-09 04:00:00
2025-05-09 04:05:00,-2372.389,2025-05-09 04:05:00
2025-05-09 04:10:00,-2372.39,2025-05-09 04:10:00
2025-05-09 04:15:00,-2372.4,2025-05-09 04:15:00
2025-05-09 04:20:00,-2372.394,2025-05-09 04:20:00
2025-05-09 04:25:00,-2372.398,2025-05-09 04:25:00
2025-05-09 04:30:00,-2372.399,2025-05-09 04:30:00
2025-05-09 04:35:00,-2372.409,2025-05-09 04:35:00
2025-05-09 04:40:00,-2372.411,2025-05-09 04:40:00
2025-05-09 04:45:00,-2372.424,2025-05-09 04:45:00
2025-05-09 04:50:00,-2372.439,2025-05-09 04:50:00
2025-05-09 04:55:00,-2372.424,2025-05-09 04:55:00
2025-05-09 05:00:00,-2372.423,2025-05-09 05:00:00
2025-05-09 05:05:00,-2372.424,2025-05-09 05:05:00
2025-05-09 05:10:00,-2372.438,2025-05-09 05:10:00
2025-05-09 05:15:00,-2372.48,2025-05-09 05:15:00
2025-05-09 05:20:00,-2372.493,2025-05-09 05:20:00
2025-05-09 05:25:00,-2372.492,2025-05-09 05:25:00
2025-05-09 05:30:00,-2372.443,2025-05-09 05:30:00
2025-05-09 05:35:00,-2372.466,2025-05-09 05:35:00
2025-05-09 05:40:00,-2372.473,2025-05-09 05:40:00
2025-05-09 05:45:00,-2372.462,2025-05-09 05:45:00
2025-05-09 05:50:00,-2372.472,2025-05-09 05:50:00
2025-05-09 05:55:00,-2372.478,2025-05-09 05:55:00
2025-05-09 06:00:00,0.0,2025-05-09 06:00:00
2025-05-09 06:05:00,0.0,2025-05-09 06:05:00
2025-05-09 06:10:00,0.0,2025-05-09 06:10:00
2025-05-09 06:15:00,0.0,2025-05-09 06:15:00
2025-05-09 06:20:00,0.0,2025-05-09 06:20:00
2025-05-09 06:25:00,0.0,2025-05-09 06:25:00
2025-05-09 06:30:00,0.0,2025-05-09 06:30:00
2025-05-09 06:35:00,0.0,2025-05-09 06:35:00
2025-05-09 06:40:00,0.0,2025-05-09 06:40:00
2025-05-09 06:45:00,0.0,2025-05-09 06:45:00
2025-05-09 06:50:00,0.0,2025-05-09 06:50:00
2025-05-09 06:55:00,0.0,2025-05-09 06:55:00
2025-05-09 07:00:00,0.0,2025-05-09 07:00:00
2025-05-09 07:05:00,0.0,2025-05-09 07:05:00
2025-05-09 07:10:00,0.0,2025-05-09 07:10:00
2025-05-09 07:15:00,0.0,2025-05-09 07:15:00
2025-05-09 07:20:00,0.0,2025-05-09 07:20:00
2025-05-09 07:25:00,0.0,2025-05-09 07:25:00
2025-05-09 07:30:00,0.0,2025-05-09 07:30:00
2025-05-09 07:35:00,0.0,2025-05-09 07:35:00
2025-05-09 07:40:00,0.0,2025-05-09 07:40:00
2025-05-09 07:45:00,0.0,2025-05-09 07:45:00
2025-05-09 07:50:00,0.0,2025-05-09 07:50:00
2025-05-09 07:55:00,0.0,2025-05-09 07:55:00
2025-05-09 08:00:00,9000.0,2025-05-09 08:00:00
2025-05-09 08:05:00,9000.0,2025-05-09 08:05:00
2025-05-09 08:10:00,9000.0,2025-05-09 08:10:00
2025-05-09 08:15:00,9000.0,2025-05-09 08:15:00
2025-05-09 08:20:00,9000.0,2025-05-09 08:20:00
2025-05-09 08:25:00,9000.0,2025-05-09 08:25:00
2025-05-09 08:30:00,9000.0,2025-05-09 08:30:00
2025-05-09 08:35:00,9000.0,2025-05-09 08:35:00
2025-05-09 08:40:00,9000.0,2025-05-09 08:40:00
2025-05-09 08:45:00,9000.0,2025-05-09 08:45:00
2025-05-09 08:50:00,9000.0,2025-05-09 08:50:00
2025-05-09 08:55:00,9000.0,2025-05-09 08:55:00
2025-05-09 09:00:00,9000.0,2025-05-09 09:00:00
2025-05-09 09:05:00,9000.0,2025-05-09 09:05:00
2025-05-09 09:10:00,9000.0,2025-05-09 09:10:00
2025-05-09 09:15:00,9000.0,2025-05-09 09:15:00
2025-05-09 09:20:00,9000.0,2025-05-09 09:20:00
2025-05-09 09:25:00,9000.0,2025-05-09 09:25:00
2025-05-09 09:30:00,9000.0,2025-05-09 09:30:00
2025-05-09 09:35:00,9000.0,2025-05-09 09:35:00
2025-05-09 09:40:00,9000.0,2025-05-09 09:40:00
2025-05-09 09:45:00,8999.999,2025-05-09 09:45:00
2025-05-09 09:50:00,1043.999,2025-05-09 09:50:00
2025-05-09 09:55:00,0.0,2025-05-09 09:55:00
2025-05-09 10:00:00,0.0,2025-05-09 10:00:00
2025-05-09 10:05:00,0.0,2025-05-09 10:05:00
2025-05-09 10:10:00,0.0,2025-05-09 10:10:00
2025-05-09 10:15:00,0.0,2025-05-09 10:15:00
2025-05-09 10:20:00,0.0,2025-05-09 10:20:00
2025-05-09 10:25:00,0.0,2025-05-09 10:25:00
2025-05-09 10:30:00,0.0,2025-05-09 10:30:00
2025-05-09 10:35:00,0.0,2025-05-09 10:35:00
2025-05-09 10:40:00,0.0,2025-05-09 10:40:00
2025-05-09 10:45:00,0.0,2025-05-09 10:45:00
2025-05-09 10:50:00,0.0,2025-05-09 10:50:00
2025-05-09 10:55:00,0.0,2025-05-09 10:55:00
2025-05-09 11:00:00,-2711.16,2025-05-09 11:00:00
2025-05-09 11:05:00,-2711.214,2025-05-09 11:05:00
2025-05-09 11:10:00,-2711.276,2025-05-09 11:10:00
2025-05-09 11:15:00,-2711.238,2025-05-09 11:15:00
2025-05-09 11:20:00,-2711.512,2025-05-09 11:20:00
2025-05-09 11:25:00,-2711.251,2025-05-09 11:25:00
2025-05-09 11:30:00,-2711.51,2025-05-09 11:30:00
2025-05-09 11:35:00,-2711.339,2025-05-09 11:35:00
2025-05-09 11:40:00,-2711.393,2025-05-09 11:40:00
2025-05-09 11:45:00,-2711.325,2025-05-09 11:45:00
2025-05-09 11:50:00,-2711.208,2025-05-09 11:50:00
2025-05-09 11:55:00,-2711.265,2025-05-09 11:55:00
2025-05-09 12:00:00,-2711.196,2025-05-09 12:00:00
2025-05-09 12:05:00,-2711.404,2025-05-09 12:05:00
2025-05-09 12:10:00,-2711.194,2025-05-09 12:10:00
2025-05-09 12:15:00,-2711.474,2025-05-09 12:15:00
2025-05-09 12:20:00,-2711.494,2025-05-09 12:20:00
2025-05-09 12:25:00,-2711.509,2025-05-09 12:25:00
2025-05-09 12:30:00,-2711.237,2025-05-09 12:30:00
2025-05-09 12:35:00,-2711.288,2025-05-09 12:35:00
2025-05-09 12:40:00,-2711.245,2025-05-09 12:40:00
2025-05-09 12:45:00,-2711.207,2025-05-09 12:45:00
2025-05-09 12:50:00,-2711.229,2025-05-09 12:50:00
2025-05-09 12:55:00,-2711.187,2025-05-09 12:55:00
2025-05-09 13:00:00,-2711.219,2025-05-09 13:00:00
2025-05-09 13:05:00,-2711.258,2025-05-09 13:05:00
2025-05-09 13:10:00,-2711.232,2025-05-09 13:10:00
2025-05-09 13:15:00,-2711.245,2025-05-09 13:15:00
2025-05-09 13:20:00,-2711.216,2025-05-09 13:20:00
2025-05-09 13:25:00,-2711.227,2025-05-09 13:25:00
2025-05-09 13:30:00,-2711.291,2025-05-09 13:30:00
2025-05-09 13:35:00,-2711.159,2025-05-09 13:35:00
2025-05-09 13:40:00,-2711.399,2025-05-09 13:40:00
2025-05-09 13:45:00,-2711.45,2025-05-09 13:45:00
2025-05-09 13:50:00,-2711.222,2025-05-09 13:50:00
2025-05-09 13:55:00,-2711.165,2025-05-09 13:55:00
2025-05-09 14:00:00,-2711.139,2025-05-09 14:00:00
2025-05-09 14:05:00,-2711.215,2025-05-09 14:05:00
2025-05-09 14:10:00,-2711.137,2025-05-09 14:10:00
2025-05-09 14:15:00,-2711.129,2025-05-09 14:15:00
2025-05-09 14:20:00,-2711.163,2025-05-09 14:20:00
2025-05-09 14:25:00,-2711.123,2025-05-09 14:25:00
2025-05-09 14:30:00,-2711.173,2025-05-09 14:30:00
2025-05-09 14:35:00,-2711.111,2025-05-09 14:35:00
2025-05-09 14:40:00,-2711.123,2025-05-09 14:40:00
2025-05-09 14:45:00,-2711.1,2025-05-09 14:45:00
2025-05-09 14:50:00,-2711.149,2025-05-09 14:50:00
2025-05-09 14:55:00,-2711.104,2025-05-09 14:55:00
2025-05-09 15:00:00,-2711.156,2025-05-09 15:00:00
2025-05-09 15:05:00,-2711.076,2025-05-09 15:05:00
2025-05-09 15:10:00,-2711.266,2025-05-09 15:10:00
2025-05-09 15:15:00,-2711.25,2025-05-09 15:15:00
2025-05-09 15:20:00,-2711.09,2025-05-09 15:20:00
2025-05-09 15:25:00,-2711.074,2025-05-09 15:25:00
2025-05-09 15:30:00,-2711.335,2025-05-09 15:30:00
2025-05-09 15:35:00,-2711.198,2025-05-09 15:35:00
2025-05-09 15:40:00,-2711.044,2025-05-09 15:40:00
2025-05-09 15:45:00,-2711.097,2025-05-09 15:45:00
2025-05-09 15:50:00,-2711.039,2025-05-09 15:50:00
2025-05-09 15:55:00,-2711.013,2025-05-09 15:55:00
2025-05-09 16:00:00,-2711.019,2025-05-09 16:00:00
2025-05-09 16:05:00,-2711.256,2025-05-09 16:05:00
2025-05-09 16:10:00,-2711.105,2025-05-09 16:10:00
2025-05-09 16:15:00,-2711.193,2025-05-09 16:15:00
2025-05-09 16:20:00,-2711.015,2025-05-09 16:20:00
2025-05-09 16:25:00,-2711.048,2025-05-09 16:25:00
2025-05-09 16:30:00,-2710.98,2025-05-09 16:30:00
2025-05-09 16:35:00,-2710.985,2025-05-09 16:35:00
2025-05-09 16:40:00,-2711.051,2025-05-09 16:40:00
2025-05-09 16:45:00,-2710.965,2025-05-09 16:45:00
2025-05-09 16:50:00,-2711.017,2025-05-09 16:50:00
2025-05-09 16:55:00,-2711.076,2025-05-09 16:55:00
2025-05-09 17:00:00,-2711.055,2025-05-09 17:00:00
2025-05-09 17:05:00,-2710.998,2025-05-09 17:05:00
2025-05-09 17:10:00,-2711.01,2025-05-09 17:10:00
2025-05-09 17:15:00,-2711.045,2025-05-09 17:15:00
2025-05-09 17:20:00,-2711.105,2025-05-09 17:20:00
2025-05-09 17:25:00,-2711.092,2025-05-09 17:25:00
2025-05-09 17:30:00,-2711.194,2025-05-09 17:30:00
2025-05-09 17:35:00,-2710.987,2025-05-09 17:35:00
2025-05-09 17:40:00,-2711.067,2025-05-09 17:40:00
2025-05-09 17:45:00,-2711.025,2025-05-09 17:45:00
2025-05-09 17:50:00,-2711.123,2025-05-09 17:50:00
2025-05-09 17:55:00,-2710.981,2025-05-09 17:55:00
2025-05-09 18:00:00,9000.0,2025-05-09 18:00:00
2025-05-09 18:05:00,9000.0,2025-05-09 18:05:00
2025-05-09 18:10:00,9000.0,2025-05-09 18:10:00
2025-05-09 18:15:00,9000.0,2025-05-09 18:15:00
2025-05-09 18:20:00,9000.0,2025-05-09 18:20:00
2025-05-09 18:25:00,9000.0,2025-05-09 18:25:00
2025-05-09 18:30:00,9000.0,2025-05-09 18:30:00
2025-05-09 18:35:00,9000.0,2025-05-09 18:35:00
2025-05-09 18:40:00,9000.0,2025-05-09 18:40:00
2025-05-09 18:45:00,9000.0,2025-05-09 18:45:00
2025-05-09 18:50:00,9000.0,2025-05-09 18:50:00
2025-05-09 18:55:00,9000.0,2025-05-09 18:55:00
2025-05-09 19:00:00,9000.0,2025-05-09 19:00:00
2025-05-09 19:05:00,9000.0,2025-05-09 19:05:00
2025-05-09 19:10:00,9000.0,2025-05-09 19:10:00
2025-05-09 19:15:00,9000.0,2025-05-09 19:15:00
2025-05-09 19:20:00,9000.0,2025-05-09 19:20:00
2025-05-09 19:25:00,9000.0,2025-05-09 19:25:00
2025-05-09 19:30:00,9000.0,2025-05-09 19:30:00
2025-05-09 19:35:00,9000.0,2025-05-09 19:35:00
2025-05-09 19:40:00,9000.0,2025-05-09 19:40:00
2025-05-09 19:45:00,8999.999,2025-05-09 19:45:00
2025-05-09 19:50:00,1043.999,2025-05-09 19:50:00
2025-05-09 19:55:00,0.0,2025-05-09 19:55:00
2025-05-09 20:00:00,0.0,2025-05-09 20:00:00
2025-05-09 20:05:00,0.0,2025-05-09 20:05:00
2025-05-09 20:10:00,0.0,2025-05-09 20:10:00
2025-05-09 20:15:00,0.0,2025-05-09 20:15:00
2025-05-09 20:20:00,0.0,2025-05-09 20:20:00
2025-05-09 20:25:00,0.0,2025-05-09 20:25:00
2025-05-09 20:30:00,0.0,2025-05-09 20:30:00
2025-05-09 20:35:00,0.0,2025-05-09 20:35:00
2025-05-09 20:40:00,0.0,2025-05-09 20:40:00
2025-05-09 20:45:00,0.0,2025-05-09 20:45:00
2025-05-09 20:50:00,0.0,2025-05-09 20:50:00
2025-05-09 20:55:00,0.0,2025-05-09 20:55:00
2025-05-09 21:00:00,0.0,2025-05-09 21:00:00
2025-05-09 21:05:00,0.0,2025-05-09 21:05:00
2025-05-09 21:10:00,0.0,2025-05-09 21:10:00
2025-05-09 21:15:00,0.0,2025-05-09 21:15:00
2025-05-09 21:20:00,0.0,2025-05-09 21:20:00
2025-05-09 21:25:00,0.0,2025-05-09 21:25:00
2025-05-09 21:30:00,0.0,2025-05-09 21:30:00
2025-05-09 21:35:00,0.0,2025-05-09 21:35:00
2025-05-09 21:40:00,0.0,2025-05-09 21:40:00
2025-05-09 21:45:00,0.0,2025-05-09 21:45:00
2025-05-09 21:50:00,0.0,2025-05-09 21:50:00
2025-05-09 21:55:00,0.0,2025-05-09 21:55:00
2025-05-09 22:00:00,-969.361,2025-05-09 22:00:00
2025-05-09 22:05:00,-969.453,2025-05-09 22:05:00
2025-05-09 22:10:00,-969.484,2025-05-09 22:10:00
2025-05-09 22:15:00,-969.522,2025-05-09 22:15:00
2025-05-09 22:20:00,-969.545,2025-05-09 22:20:00
2025-05-09 22:25:00,-969.564,2025-05-09 22:25:00
2025-05-09 22:30:00,-969.569,2025-05-09 22:30:00
2025-05-09 22:35:00,-969.586,2025-05-09 22:35:00
2025-05-09 22:40:00,-969.597,2025-05-09 22:40:00
2025-05-09 22:45:00,-969.593,2025-05-09 22:45:00
2025-05-09 22:50:00,-969.602,2025-05-09 22:50:00
2025-05-09 22:55:00,-969.616,2025-05-09 22:55:00
2025-05-09 23:00:00,-969.635,2025-05-09 23:00:00
2025-05-09 23:05:00,-969.631,2025-05-09 23:05:00
2025-05-09 23:10:00,-969.644,2025-05-09 23:10:00
2025-05-09 23:15:00,-969.646,2025-05-09 23:15:00
2025-05-09 23:20:00,-969.667,2025-05-09 23:20:00
2025-05-09 23:25:00,-969.667,2025-05-09 23:25:00
2025-05-09 23:30:00,-969.68,2025-05-09 23:30:00
2025-05-09 23:35:00,-969.689,2025-05-09 23:35:00
2025-05-09 23:40:00,-969.68,2025-05-09 23:40:00
2025-05-09 23:45:00,-969.701,2025-05-09 23:45:00
2025-05-09 23:50:00,-969.704,2025-05-09 23:50:00
2025-05-09 23:55:00,-969.709,2025-05-09 23:55:00
2025-05-10 00:00:00,-2622.173,2025-05-10 00:00:00
2025-05-10 00:05:00,-2786.193,2025-05-10 00:05:00
2025-05-10 00:10:00,-2630.173,2025-05-10 00:10:00
2025-05-10 00:15:00,-2902.203,2025-05-10 00:15:00
2025-05-10 00:20:00,-2642.183,2025-05-10 00:20:00
2025-05-10 00:25:00,-2626.223,2025-05-10 00:25:00
2025-05-10 00:30:00,-2626.163,2025-05-10 00:30:00
2025-05-10 00:35:00,-2634.213,2025-05-10 00:35:00
2025-05-10 00:40:00,-2790.163,2025-05-10 00:40:00
2025-05-10 00:45:00,-2678.173,2025-05-10 00:45:00
2025-05-10 00:50:00,-2930.163,2025-05-10 00:50:00
2025-05-10 00:55:00,-2790.163,2025-05-10 00:55:00
2025-05-10 01:00:00,-2570.173,2025-05-10 01:00:00
2025-05-10 01:05:00,-2774.193,2025-05-10 01:05:00
2025-05-10 01:10:00,-3018.173,2025-05-10 01:10:00
2025-05-10 01:15:00,-2682.183,2025-05-10 01:15:00
2025-05-10 01:20:00,-2982.193,2025-05-10 01:20:00
2025-05-10 01:25:00,-2686.183,2025-05-10 01:25:00
2025-05-10 01:30:00,-2726.183,2025-05-10 01:30:00
2025-05-10 01:35:00,-2742.143,2025-05-10 01:35:00
2025-05-10 01:40:00,-2770.173,2025-05-10 01:40:00
2025-05-10 01:45:00,-2942.153,2025-05-10 01:45:00
2025-05-10 01:50:00,-2710.173,2025-05-10 01:50:00
2025-05-10 01:55:00,-3122.203,2025-05-10 01:55:00
2025-05-10 02:00:00,-2926.163,2025-05-10 02:00:00
2025-05-10 02:05:00,-2782.193,2025-05-10 02:05:00
2025-05-10 02:10:00,-2750.203,2025-05-10 02:10:00
2025-05-10 02:15:00,-2882.183,2025-05-10 02:15:00
2025-05-10 02:20:00,-2918.173,2025-05-10 02:20:00
2025-05-10 02:25:00,-2986.193,2025-05-10 02:25:00
2025-05-10 02:30:00,-2710.173,2025-05-10 02:30:00
2025-05-10 02:35:00,-2766.143,2025-05-10 02:35:00
2025-05-10 02:40:00,-3022.163,2025-05-10 02:40:00
2025-05-10 02:45:00,-2706.183,2025-05-10 02:45:00
2025-05-10 02:50:00,-2898.183,2025-05-10 02:50:00
2025-05-10 02:55:00,-2854.183,2025-05-10 02:55:00
2025-05-10 03:00:00,-2782.163,2025-05-10 03:00:00
2025-05-10 03:05:00,-2766.153,2025-05-10 03:05:00
2025-05-10 03:10:00,-2962.153,2025-05-10 03:10:00
2025-05-10 03:15:00,-3138.163,2025-05-10 03:15:00
2025-05-10 03:20:00,-2946.163,2025-05-10 03:20:00
2025-05-10 03:25:00,-3058.183,2025-05-10 03:25:00
2025-05-10 03:30:00,-3070.173,2025-05-10 03:30:00
2025-05-10 03:35:00,-3050.173,2025-05-10 03:35:00
2025-05-10 03:40:00,-3114.213,2025-05-10 03:40:00
2025-05-10 03:45:00,-3230.163,2025-05-10 03:45:00
2025-05-10 03:50:00,-3146.173,2025-05-10 03:50:00
2025-05-10 03:55:00,-3090.183,2025-05-10 03:55:00
2025-05-10 04:00:00,-2794.173,2025-05-10 04:00:00
2025-05-10 04:05:00,-2822.123,2025-05-10 04:05:00
2025-05-10 04:10:00,-2722.143,2025-05-10 04:10:00
2025-05-10 04:15:00,-2710.183,2025-05-10 04:15:00
2025-05-10 04:20:00,-2758.153,2025-05-10 04:20:00
2025-05-10 04:25:00,-2774.203,2025-05-10 04:25:00
2025-05-10 04:30:00,-2882.163,2025-05-10 04:30:00
2025-05-10 04:35:00,-2966.163,2025-05-10 04:35:00
2025-05-10 04:40:00,-2806.173,2025-05-10 04:40:00
2025-05-10 04:45:00,-3102.163,2025-05-10 04:45:00
2025-05-10 04:50:00,-2754.173,2025-05-10 04:50:00
2025-05-10 04:55:00,-2822.153,2025-05-10 04:55:00
2025-05-10 05:00:00,-2770.203,2025-05-10 05:00:00
2025-05-10 05:05:00,-2902.203,2025-05-10 05:05:00
2025-05-10 05:10:00,-2778.153,2025-05-10 05:10:00
2025-05-10 05:15:00,-2802.173,2025-05-10 05:15:00
2025-05-10 05:20:00,-2702.173,2025-05-10 05:20:00
2025-05-10 05:25:00,-2746.173,2025-05-10 05:25:00
2025-05-10 05:30:00,-2778.183,2025-05-10 05:30:00
2025-05-10 05:35:00,-2842.163,2025-05-10 05:35:00
2025-05-10 05:40:00,-2766.143,2025-05-10 05:40:00
2025-05-10 05:45:00,-2846.153,2025-05-10 05:45:00
2025-05-10 05:50:00,-2810.203,2025-05-10 05:50:00
2025-05-10 05:55:00,-2870.203,2025-05-10 05:55:00
2025-05-10 06:00:00,0.0,2025-05-10 06:00:00
2025-05-10 06:05:00,0.0,2025-05-10 06:05:00
2025-05-10 06:10:00,0.0,2025-05-10 06:10:00
2025-05-10 06:15:00,0.0,2025-05-10 06:15:00
2025-05-10 06:20:00,0.0,2025-05-10 06:20:00
2025-05-10 06:25:00,0.0,2025-05-10 06:25:00
2025-05-10 06:30:00,0.0,2025-05-10 06:30:00
2025-05-10 06:35:00,0.0,2025-05-10 06:35:00
2025-05-10 06:40:00,0.0,2025-05-10 06:40:00
2025-05-10 06:45:00,0.0,2025-05-10 06:45:00
2025-05-10 06:50:00,0.0,2025-05-10 06:50:00
2025-05-10 06:55:00,0.0,2025-05-10 06:55:00
2025-05-10 07:00:00,0.0,2025-05-10 07:00:00
2025-05-10 07:05:00,0.0,2025-05-10 07:05:00
2025-05-10 07:10:00,0.0,2025-05-10 07:10:00
2025-05-10 07:15:00,0.0,2025-05-10 07:15:00
2025-05-10 07:20:00,0.0,2025-05-10 07:20:00
2025-05-10 07:25:00,0.0,2025-05-10 07:25:00
2025-05-10 07:30:00,0.0,2025-05-10 07:30:00
2025-05-10 07:35:00,0.0,2025-05-10 07:35:00
2025-05-10 07:40:00,0.0,2025-05-10 07:40:00
2025-05-10 07:45:00,0.0,2025-05-10 07:45:00
2025-05-10 07:50:00,0.0,2025-05-10 07:50:00
2025-05-10 07:55:00,0.0,2025-05-10 07:55:00
2025-05-10 08:00:00,9000.0,2025-05-10 08:00:00
2025-05-10 08:05:00,9000.0,2025-05-10 08:05:00
2025-05-10 08:10:00,9000.0,2025-05-10 08:10:00
2025-05-10 08:15:00,9000.0,2025-05-10 08:15:00
2025-05-10 08:20:00,9000.0,2025-05-10 08:20:00
2025-05-10 08:25:00,9000.0,2025-05-10 08:25:00
2025-05-10 08:30:00,9000.0,2025-05-10 08:30:00
2025-05-10 08:35:00,9000.0,2025-05-10 08:35:00
2025-05-10 08:40:00,9000.0,2025-05-10 08:40:00
2025-05-10 08:45:00,9000.0,2025-05-10 08:45:00
2025-05-10 08:50:00,9000.0,2025-05-10 08:50:00
2025-05-10 08:55:00,9000.0,2025-05-10 08:55:00
2025-05-10 09:00:00,9000.0,2025-05-10 09:00:00
2025-05-10 09:05:00,9000.0,2025-05-10 09:05:00
2025-05-10 09:10:00,9000.0,2025-05-10 09:10:00
2025-05-10 09:15:00,9000.0,2025-05-10 09:15:00
2025-05-10 09:20:00,9000.0,2025-05-10 09:20:00
2025-05-10 09:25:00,9000.0,2025-05-10 09:25:00
2025-05-10 09:30:00,9000.0,2025-05-10 09:30:00
2025-05-10 09:35:00,9000.0,2025-05-10 09:35:00
2025-05-10 09:40:00,9000.0,2025-05-10 09:40:00
2025-05-10 09:45:00,8999.997,2025-05-10 09:45:00
2025-05-10 09:50:00,1044.001,2025-05-10 09:50:00
2025-05-10 09:55:00,0.0,2025-05-10 09:55:00
2025-05-10 10:00:00,0.0,2025-05-10 10:00:00
2025-05-10 10:05:00,0.0,2025-05-10 10:05:00
2025-05-10 10:10:00,0.0,2025-05-10 10:10:00
2025-05-10 10:15:00,0.0,2025-05-10 10:15:00
2025-05-10 10:20:00,0.0,2025-05-10 10:20:00
2025-05-10 10:25:00,0.0,2025-05-10 10:25:00
2025-05-10 10:30:00,0.0,2025-05-10 10:30:00
2025-05-10 10:35:00,0.0,2025-05-10 10:35:00
2025-05-10 10:40:00,0.0,2025-05-10 10:40:00
2025-05-10 10:45:00,0.0,2025-05-10 10:45:00
2025-05-10 10:50:00,0.0,2025-05-10 10:50:00
2025-05-10 10:55:00,0.0,2025-05-10 10:55:00
2025-05-10 11:00:00,-2711.279,2025-05-10 11:00:00
2025-05-10 11:05:00,-2711.28,2025-05-10 11:05:00
2025-05-10 11:10:00,-2711.286,2025-05-10 11:10:00
2025-05-10 11:15:00,-2711.285,2025-05-10 11:15:00
2025-05-10 11:20:00,-2711.288,2025-05-10 11:20:00
2025-05-10 11:25:00,-2711.288,2025-05-10 11:25:00
2025-05-10 11:30:00,-2711.287,2025-05-10 11:30:00
2025-05-10 11:35:00,-2711.271,2025-05-10 11:35:00
2025-05-10 11:40:00,-2711.283,2025-05-10 11:40:00
2025-05-10 11:45:00,-2711.284,2025-05-10 11:45:00
2025-05-10 11:50:00,-2711.277,2025-05-10 11:50:00
2025-05-10 11:55:00,-2711.281,2025-05-10 11:55:00
2025-05-10 12:00:00,-2711.276,2025-05-10 12:00:00
2025-05-10 12:05:00,-2711.276,2025-05-10 12:05:00
2025-05-10 12:10:00,-2711.272,2025-05-10 12:10:00
2025-05-10 12:15:00,-2711.265,2025-05-10 12:15:00
2025-05-10 12:20:00,-2711.267,2025-05-10 12:20:00
2025-05-10 12:25:00,-2711.265,2025-05-10 12:25:00
2025-05-10 12:30:00,-2711.234,2025-05-10 12:30:00
2025-05-10 12:35:00,-2711.26,2025-05-10 12:35:00
2025-05-10 12:40:00,-2711.255,2025-05-10 12:40:00
2025-05-10 12:45:00,-2711.25,2025-05-10 12:45:00
2025-05-10 12:50:00,-2711.248,2025-05-10 12:50:00
2025-05-10 12:55:00,-2711.199,2025-05-10 12:55:00
2025-05-10 13:00:00,-2711.218,2025-05-10 13:00:00
2025-05-10 13:05:00,-2711.167,2025-05-10 13:05:00
2025-05-10 13:10:00,-2711.225,2025-05-10 13:10:00
2025-05-10 13:15:00,-2711.221,2025-05-10 13:15:00
2025-05-10 13:20:00,-2711.145,2025-05-10 13:20:00
2025-05-10 13:25:00,-2711.207,2025-05-10 13:25:00
2025-05-10 13:30:00,-2711.203,2025-05-10 13:30:00
2025-05-10 13:35:00,-2711.198,2025-05-10 13:35:00
2025-05-10 13:40:00,-2711.185,2025-05-10 13:40:00
2025-05-10 13:45:00,-2711.011,2025-05-10 13:45:00
2025-05-10 13:50:00,-2711.182,2025-05-10 13:50:00
2025-05-10 13:55:00,-2711.137,2025-05-10 13:55:00
2025-05-10 14:00:00,-2711.155,2025-05-10 14:00:00
2025-05-10 14:05:00,-2711.121,2025-05-10 14:05:00
2025-05-10 14:10:00,-2711.074,2025-05-10 14:10:00
2025-05-10 14:15:00,-2711.087,2025-05-10 14:15:00
2025-05-10 14:20:00,-2710.926,2025-05-10 14:20:00
2025-05-10 14:25:00,-2711.082,2025-05-10 14:25:00
2025-05-10 14:30:00,-2711.035,2025-05-10 14:30:00
2025-05-10 14:35:00,-2711.125,2025-05-10 14:35:00
2025-05-10 14:40:00,-2711.12,2025-05-10 14:40:00
2025-05-10 14:45:00,-2711.113,2025-05-10 14:45:00
2025-05-10 14:50:00,-2711.109,2025-05-10 14:50:00
2025-05-10 14:55:00,-2711.081,2025-05-10 14:55:00
2025-05-10 15:00:00,-2711.077,2025-05-10 15:00:00
2025-05-10 15:05:00,-2711.097,2025-05-10 15:05:00
2025-05-10 15:10:00,-2711.079,2025-05-10 15:10:00
2025-05-10 15:15:00,-2711.093,2025-05-10 15:15:00
2025-05-10 15:20:00,-2711.03,2025-05-10 15:20:00
2025-05-10 15:25:00,-2711.084,2025-05-10 15:25:00
2025-05-10 15:30:00,-2711.094,2025-05-10 15:30:00
2025-05-10 15:35:00,-2711.095,2025-05-10 15:35:00
2025-05-10 15:40:00,-2711.044,2025-05-10 15:40:00
2025-05-10 15:45:00,-2711.101,2025-05-10 15:45:00
2025-05-10 15:50:00,-2711.05,2025-05-10 15:50:00
2025-05-10 15:55:00,-2711.107,2025-05-10 15:55:00
2025-05-10 16:00:00,-2711.112,2025-05-10 16:00:00
2025-05-10 16:05:00,-2711.121,2025-05-10 16:05:00
2025-05-10 16:10:00,-2711.127,2025-05-10 16:10:00
2025-05-10 16:15:00,-2711.129,2025-05-10 16:15:00
2025-05-10 16:20:00,-2711.139,2025-05-10 16:20:00
2025-05-10 16:25:00,-2711.136,2025-05-10 16:25:00
2025-05-10 16:30:00,-2711.141,2025-05-10 16:30:00
2025-05-10 16:35:00,-2711.163,2025-05-10 16:35:00
2025-05-10 16:40:00,-2711.164,2025-05-10 16:40:00
2025-05-10 16:45:00,-2711.178,2025-05-10 16:45:00
2025-05-10 16:50:00,-2711.176,2025-05-10 16:50:00
2025-05-10 16:55:00,-2711.196,2025-05-10 16:55:00
2025-05-10 17:00:00,-2711.201,2025-05-10 17:00:00
2025-05-10 17:05:00,-2711.214,2025-05-10 17:05:00
2025-05-10 17:10:00,-2711.218,2025-05-10 17:10:00
2025-05-10 17:15:00,-2711.231,2025-05-10 17:15:00
2025-05-10 17:20:00,-2711.24,2025-05-10 17:20:00
2025-05-10 17:25:00,-2711.154,2025-05-10 17:25:00
2025-05-10 17:30:00,-2711.254,2025-05-10 17:30:00
2025-05-10 17:35:00,-2711.263,2025-05-10 17:35:00
2025-05-10 17:40:00,-2711.269,2025-05-10 17:40:00
2025-05-10 17:45:00,-2711.275,2025-05-10 17:45:00
2025-05-10 17:50:00,-2711.28,2025-05-10 17:50:00
2025-05-10 17:55:00,-2711.214,2025-05-10 17:55:00
2025-05-10 18:00:00,9000.0,2025-05-10 18:00:00
2025-05-10 18:05:00,9000.0,2025-05-10 18:05:00
2025-05-10 18:10:00,9000.0,2025-05-10 18:10:00
2025-05-10 18:15:00,9000.0,2025-05-10 18:15:00
2025-05-10 18:20:00,9000.0,2025-05-10 18:20:00
2025-05-10 18:25:00,9000.0,2025-05-10 18:25:00
2025-05-10 18:30:00,9000.0,2025-05-10 18:30:00
2025-05-10 18:35:00,9000.0,2025-05-10 18:35:00
2025-05-10 18:40:00,9000.0,2025-05-10 18:40:00
2025-05-10 18:45:00,9000.0,2025-05-10 18:45:00
2025-05-10 18:50:00,9000.0,2025-05-10 18:50:00
2025-05-10 18:55:00,9000.0,2025-05-10 18:55:00
2025-05-10 19:00:00,9000.0,2025-05-10 19:00:00
2025-05-10 19:05:00,9000.0,2025-05-10 19:05:00
2025-05-10 19:10:00,9000.0,2025-05-10 19:10:00
2025-05-10 19:15:00,9000.0,2025-05-10 19:15:00
2025-05-10 19:20:00,9000.0,2025-05-10 19:20:00
2025-05-10 19:25:00,9000.0,2025-05-10 19:25:00
2025-05-10 19:30:00,9000.0,2025-05-10 19:30:00
2025-05-10 19:35:00,9000.0,2025-05-10 19:35:00
2025-05-10 19:40:00,9000.0,2025-05-10 19:40:00
2025-05-10 19:45:00,8999.997,2025-05-10 19:45:00
2025-05-10 19:50:00,1044.001,2025-05-10 19:50:00
2025-05-10 19:55:00,0.0,2025-05-10 19:55:00
2025-05-10 20:00:00,0.0,2025-05-10 20:00:00
2025-05-10 20:05:00,0.0,2025-05-10 20:05:00
2025-05-10 20:10:00,0.0,2025-05-10 20:10:00
2025-05-10 20:15:00,0.0,2025-05-10 20:15:00
2025-05-10 20:20:00,0.0,2025-05-10 20:20:00
2025-05-10 20:25:00,0.0,2025-05-10 20:25:00
2025-05-10 20:30:00,0.0,2025-05-10 20:30:00
2025-05-10 20:35:00,0.0,2025-05-10 20:35:00
2025-05-10 20:40:00,0.0,2025-05-10 20:40:00
2025-05-10 20:45:00,0.0,2025-05-10 20:45:00
2025-05-10 20:50:00,0.0,2025-05-10 20:50:00
2025-05-10 20:55:00,0.0,2025-05-10 20:55:00
2025-05-10 21:00:00,0.0,2025-05-10 21:00:00
2025-05-10 21:05:00,0.0,2025-05-10 21:05:00
2025-05-10 21:10:00,0.0,2025-05-10 21:10:00
2025-05-10 21:15:00,0.0,2025-05-10 21:15:00
2025-05-10 21:20:00,0.0,2025-05-10 21:20:00
2025-05-10 21:25:00,0.0,2025-05-10 21:25:00
2025-05-10 21:30:00,0.0,2025-05-10 21:30:00
2025-05-10 21:35:00,0.0,2025-05-10 21:35:00
2025-05-10 21:40:00,0.0,2025-05-10 21:40:00
2025-05-10 21:45:00,0.0,2025-05-10 21:45:00
2025-05-10 21:50:00,0.0,2025-05-10 21:50:00
2025-05-10 21:55:00,0.0,2025-05-10 21:55:00
2025-05-10 22:00:00,-2371.838,2025-05-10 22:00:00
2025-05-10 22:05:00,-2371.813,2025-05-10 22:05:00
2025-05-10 22:10:00,-2371.783,2025-05-10 22:10:00
2025-05-10 22:15:00,-2371.808,2025-05-10 22:15:00
2025-05-10 22:20:00,-2371.815,2025-05-10 22:20:00
2025-05-10 22:25:00,-2371.795,2025-05-10 22:25:00
2025-05-10 22:30:00,-2371.793,2025-05-10 22:30:00
2025-05-10 22:35:00,-2371.794,2025-05-10 22:35:00
2025-05-10 22:40:00,-2371.802,2025-05-10 22:40:00
2025-05-10 22:45:00,-2371.849,2025-05-10 22:45:00
2025-05-10 22:50:00,-2371.837,2025-05-10 22:50:00
2025-05-10 22:55:00,-2371.875,2025-05-10 22:55:00
2025-05-10 23:00:00,-2371.851,2025-05-10 23:00:00
2025-05-10 23:05:00,-2371.842,2025-05-10 23:05:00
2025-05-10 23:10:00,-2371.837,2025-05-10 23:10:00
2025-05-10 23:15:00,-2371.849,2025-05-10 23:15:00
2025-05-10 23:20:00,-2371.844,2025-05-10 23:20:00
2025-05-10 23:25:00,-2371.854,2025-05-10 23:25:00
2025-05-10 23:30:00,-2371.903,2025-05-10 23:30:00
2025-05-10 23:35:00,-2371.876,2025-05-10 23:35:00
2025-05-10 23:40:00,-2371.888,2025-05-10 23:40:00
2025-05-10 23:45:00,-2371.952,2025-05-10 23:45:00
2025-05-10 23:50:00,-2371.903,2025-05-10 23:50:00
2025-05-10 23:55:00,-2371.902,2025-05-10 23:55:00
2025-05-11 00:00:00,-2371.908,2025-05-11 00:00:00
2025-05-11 00:05:00,-2371.924,2025-05-11 00:05:00
2025-05-11 00:10:00,-2371.924,2025-05-11 00:10:00
2025-05-11 00:15:00,-2372.043,2025-05-11 00:15:00
2025-05-11 00:20:00,-2372.026,2025-05-11 00:20:00
2025-05-11 00:25:00,-2372.017,2025-05-11 00:25:00
2025-05-11 00:30:00,-2372.002,2025-05-11 00:30:00
2025-05-11 00:35:00,-2372.062,2025-05-11 00:35:00
2025-05-11 00:40:00,-2372.081,2025-05-11 00:40:00
2025-05-11 00:45:00,-2372.096,2025-05-11 00:45:00
2025-05-11 00:50:00,-2372.1,2025-05-11 00:50:00
2025-05-11 00:55:00,-2372.033,2025-05-11 00:55:00
2025-05-11 01:00:00,-2372.059,2025-05-11 01:00:00
2025-05-11 01:05:00,-2372.075,2025-05-11 01:05:00
2025-05-11 01:10:00,-2372.108,2025-05-11 01:10:00
2025-05-11 01:15:00,-2372.17,2025-05-11 01:15:00
2025-05-11 01:20:00,-2372.182,2025-05-11 01:20:00
2025-05-11 01:25:00,-2372.13,2025-05-11 01:25:00
2025-05-11 01:30:00,-2372.197,2025-05-11 01:30:00
2025-05-11 01:35:00,-2372.231,2025-05-11 01:35:00
2025-05-11 01:40:00,-2372.216,2025-05-11 01:40:00
2025-05-11 01:45:00,-2372.215,2025-05-11 01:45:00
2025-05-11 01:50:00,-2372.195,2025-05-11 01:50:00
2025-05-11 01:55:00,-2372.283,2025-05-11 01:55:00
2025-05-11 02:00:00,-2372.299,2025-05-11 02:00:00
2025-05-11 02:05:00,-2372.276,2025-05-11 02:05:00
2025-05-11 02:10:00,-2372.283,2025-05-11 02:10:00
2025-05-11 02:15:00,-2372.335,2025-05-11 02:15:00
2025-05-11 02:20:00,-2372.347,2025-05-11 02:20:00
2025-05-11 02:25:00,-2372.385,2025-05-11 02:25:00
2025-05-11 02:30:00,-2372.394,2025-05-11 02:30:00
2025-05-11 02:35:00,-2372.409,2025-05-11 02:35:00
2025-05-11 02:40:00,-2372.355,2025-05-11 02:40:00
2025-05-11 02:45:00,-2372.443,2025-05-11 02:45:00
2025-05-11 02:50:00,-2372.464,2025-05-11 02:50:00
2025-05-11 02:55:00,-2372.468,2025-05-11 02:55:00
2025-05-11 03:00:00,-2372.499,2025-05-11 03:00:00
2025-05-11 03:05:00,-2372.512,2025-05-11 03:05:00
2025-05-11 03:10:00,-2372.484,2025-05-11 03:10:00
2025-05-11 03:15:00,-2372.541,2025-05-11 03:15:00
2025-05-11 03:20:00,-2372.532,2025-05-11 03:20:00
2025-05-11 03:25:00,-2372.5,2025-05-11 03:25:00
2025-05-11 03:30:00,-2372.529,2025-05-11 03:30:00
2025-05-11 03:35:00,-2372.58,2025-05-11 03:35:00
2025-05-11 03:40:00,-2372.559,2025-05-11 03:40:00
2025-05-11 03:45:00,-2372.566,2025-05-11 03:45:00
2025-05-11 03:50:00,-2372.583,2025-05-11 03:50:00
2025-05-11 03:55:00,-2372.584,2025-05-11 03:55:00
2025-05-11 04:00:00,-2372.605,2025-05-11 04:00:00
2025-05-11 04:05:00,-2372.651,2025-05-11 04:05:00
2025-05-11 04:10:00,-2372.65,2025-05-11 04:10:00
2025-05-11 04:15:00,-2372.666,2025-05-11 04:15:00
2025-05-11 04:20:00,-2372.667,2025-05-11 04:20:00
2025-05-11 04:25:00,-2372.688,2025-05-11 04:25:00
2025-05-11 04:30:00,-2372.67,2025-05-11 04:30:00
2025-05-11 04:35:00,-2372.681,2025-05-11 04:35:00
2025-05-11 04:40:00,-2372.718,2025-05-11 04:40:00
2025-05-11 04:45:00,-2372.705,2025-05-11 04:45:00
2025-05-11 04:50:00,-2372.703,2025-05-11 04:50:00
2025-05-11 04:55:00,-2372.727,2025-05-11 04:55:00
2025-05-11 05:00:00,-2372.761,2025-05-11 05:00:00
2025-05-11 05:05:00,-2372.748,2025-05-11 05:05:00
2025-05-11 05:10:00,-2372.741,2025-05-11 05:10:00
2025-05-11 05:15:00,-2372.759,2025-05-11 05:15:00
2025-05-11 05:20:00,-2372.752,2025-05-11 05:20:00
2025-05-11 05:25:00,-2372.778,2025-05-11 05:25:00
2025-05-11 05:30:00,-2372.792,2025-05-11 05:30:00
2025-05-11 05:35:00,-2372.782,2025-05-11 05:35:00
2025-05-11 05:40:00,-2372.807,2025-05-11 05:40:00
2025-05-11 05:45:00,-2372.839,2025-05-11 05:45:00
2025-05-11 05:50:00,-2372.854,2025-05-11 05:50:00
2025-05-11 05:55:00,-2372.879,2025-05-11 05:55:00
2025-05-11 06:00:00,0.0,2025-05-11 06:00:00
2025-05-11 06:05:00,0.0,2025-05-11 06:05:00
2025-05-11 06:10:00,0.0,2025-05-11 06:10:00
2025-05-11 06:15:00,0.0,2025-05-11 06:15:00
2025-05-11 06:20:00,0.0,2025-05-11 06:20:00
2025-05-11 06:25:00,0.0,2025-05-11 06:25:00
2025-05-11 06:30:00,0.0,2025-05-11 06:30:00
2025-05-11 06:35:00,0.0,2025-05-11 06:35:00
2025-05-11 06:40:00,0.0,2025-05-11 06:40:00
2025-05-11 06:45:00,0.0,2025-05-11 06:45:00
2025-05-11 06:50:00,0.0,2025-05-11 06:50:00
2025-05-11 06:55:00,0.0,2025-05-11 06:55:00
2025-05-11 07:00:00,0.0,2025-05-11 07:00:00
2025-05-11 07:05:00,0.0,2025-05-11 07:05:00
2025-05-11 07:10:00,0.0,2025-05-11 07:10:00
2025-05-11 07:15:00,0.0,2025-05-11 07:15:00
2025-05-11 07:20:00,0.0,2025-05-11 07:20:00
2025-05-11 07:25:00,0.0,2025-05-11 07:25:00
2025-05-11 07:30:00,0.0,2025-05-11 07:30:00
2025-05-11 07:35:00,0.0,2025-05-11 07:35:00
2025-05-11 07:40:00,0.0,2025-05-11 07:40:00
2025-05-11 07:45:00,0.0,2025-05-11 07:45:00
2025-05-11 07:50:00,0.0,2025-05-11 07:50:00
2025-05-11 07:55:00,0.0,2025-05-11 07:55:00
2025-05-11 08:00:00,9000.0,2025-05-11 08:00:00
2025-05-11 08:05:00,9000.0,2025-05-11 08:05:00
2025-05-11 08:10:00,9000.0,2025-05-11 08:10:00
2025-05-11 08:15:00,9000.0,2025-05-11 08:15:00
2025-05-11 08:20:00,9000.0,2025-05-11 08:20:00
2025-05-11 08:25:00,9000.0,2025-05-11 08:25:00
2025-05-11 08:30:00,9000.0,2025-05-11 08:30:00
2025-05-11 08:35:00,9000.0,2025-05-11 08:35:00
2025-05-11 08:40:00,9000.0,2025-05-11 08:40:00
2025-05-11 08:45:00,9000.0,2025-05-11 08:45:00
2025-05-11 08:50:00,9000.0,2025-05-11 08:50:00
2025-05-11 08:55:00,9000.0,2025-05-11 08:55:00
2025-05-11 09:00:00,9000.0,2025-05-11 09:00:00
2025-05-11 09:05:00,9000.0,2025-05-11 09:05:00
2025-05-11 09:10:00,9000.0,2025-05-11 09:10:00
2025-05-11 09:15:00,9000.0,2025-05-11 09:15:00
2025-05-11 09:20:00,9000.0,2025-05-11 09:20:00
2025-05-11 09:25:00,8999.999,2025-05-11 09:25:00
2025-05-11 09:30:00,8999.999,2025-05-11 09:30:00
2025-05-11 09:35:00,8999.999,2025-05-11 09:35:00
2025-05-11 09:40:00,8999.999,2025-05-11 09:40:00
2025-05-11 09:45:00,8999.997,2025-05-11 09:45:00
2025-05-11 09:50:00,1043.997,2025-05-11 09:50:00
2025-05-11 09:55:00,0.0,2025-05-11 09:55:00
2025-05-11 10:00:00,0.0,2025-05-11 10:00:00
2025-05-11 10:05:00,0.0,2025-05-11 10:05:00
2025-05-11 10:10:00,0.0,2025-05-11 10:10:00
2025-05-11 10:15:00,0.0,2025-05-11 10:15:00
2025-05-11 10:20:00,0.0,2025-05-11 10:20:00
2025-05-11 10:25:00,0.0,2025-05-11 10:25:00
2025-05-11 10:30:00,0.0,2025-05-11 10:30:00
2025-05-11 10:35:00,0.0,2025-05-11 10:35:00
2025-05-11 10:40:00,0.0,2025-05-11 10:40:00
2025-05-11 10:45:00,0.0,2025-05-11 10:45:00
2025-05-11 10:50:00,0.0,2025-05-11 10:50:00
2025-05-11 10:55:00,0.0,2025-05-11 10:55:00
2025-05-11 11:00:00,-2712.139,2025-05-11 11:00:00
2025-05-11 11:05:00,-2712.189,2025-05-11 11:05:00
2025-05-11 11:10:00,-2712.258,2025-05-11 11:10:00
2025-05-11 11:15:00,-2712.247,2025-05-11 11:15:00
2025-05-11 11:20:00,-2712.105,2025-05-11 11:20:00
2025-05-11 11:25:00,-2712.132,2025-05-11 11:25:00
2025-05-11 11:30:00,-2712.104,2025-05-11 11:30:00
2025-05-11 11:35:00,-2712.101,2025-05-11 11:35:00
2025-05-11 11:40:00,-2712.306,2025-05-11 11:40:00
2025-05-11 11:45:00,-2712.114,2025-05-11 11:45:00
2025-05-11 11:50:00,-2712.219,2025-05-11 11:50:00
2025-05-11 11:55:00,-2712.094,2025-05-11 11:55:00
2025-05-11 12:00:00,-2712.088,2025-05-11 12:00:00
2025-05-11 12:05:00,-2712.083,2025-05-11 12:05:00
2025-05-11 12:10:00,-2712.083,2025-05-11 12:10:00
2025-05-11 12:15:00,-2712.144,2025-05-11 12:15:00
2025-05-11 12:20:00,-2712.094,2025-05-11 12:20:00
2025-05-11 12:25:00,-2712.062,2025-05-11 12:25:00
2025-05-11 12:30:00,-2712.07,2025-05-11 12:30:00
2025-05-11 12:35:00,-2712.065,2025-05-11 12:35:00
2025-05-11 12:40:00,-2712.065,2025-05-11 12:40:00
2025-05-11 12:45:00,-2712.027,2025-05-11 12:45:00
2025-05-11 12:50:00,-2712.091,2025-05-11 12:50:00
2025-05-11 12:55:00,-2711.994,2025-05-11 12:55:00
2025-05-11 13:00:00,-2711.982,2025-05-11 13:00:00
2025-05-11 13:05:00,-2712.054,2025-05-11 13:05:00
2025-05-11 13:10:00,-2711.956,2025-05-11 13:10:00
2025-05-11 13:15:00,-2711.94,2025-05-11 13:15:00
2025-05-11 13:20:00,-2711.928,2025-05-11 13:20:00
2025-05-11 13:25:00,-2711.926,2025-05-11 13:25:00
2025-05-11 13:30:00,-2712.033,2025-05-11 13:30:00
2025-05-11 13:35:00,-2711.96,2025-05-11 13:35:00
2025-05-11 13:40:00,-2711.878,2025-05-11 13:40:00
2025-05-11 13:45:00,-2711.885,2025-05-11 13:45:00
2025-05-11 13:50:00,-2711.854,2025-05-11 13:50:00
2025-05-11 13:55:00,-2711.833,2025-05-11 13:55:00
2025-05-11 14:00:00,-2711.802,2025-05-11 14:00:00
2025-05-11 14:05:00,-2711.784,2025-05-11 14:05:00
2025-05-11 14:10:00,-2711.776,2025-05-11 14:10:00
2025-05-11 14:15:00,-2711.748,2025-05-11 14:15:00
2025-05-11 14:20:00,-2711.729,2025-05-11 14:20:00
2025-05-11 14:25:00,-2711.822,2025-05-11 14:25:00
2025-05-11 14:30:00,-2711.817,2025-05-11 14:30:00
2025-05-11 14:35:00,-2711.696,2025-05-11 14:35:00
2025-05-11 14:40:00,-2711.657,2025-05-11 14:40:00
2025-05-11 14:45:00,-2711.596,2025-05-11 14:45:00
2025-05-11 14:50:00,-2711.682,2025-05-11 14:50:00
2025-05-11 14:55:00,-2711.608,2025-05-11 14:55:00
2025-05-11 15:00:00,-2711.731,2025-05-11 15:00:00
2025-05-11 15:05:00,-2711.637,2025-05-11 15:05:00
2025-05-11 15:10:00,-2711.569,2025-05-11 15:10:00
2025-05-11 15:15:00,-2711.599,2025-05-11 15:15:00
2025-05-11 15:20:00,-2711.512,2025-05-11 15:20:00
2025-05-11 15:25:00,-2711.641,2025-05-11 15:25:00
2025-05-11 15:30:00,-2711.592,2025-05-11 15:30:00
2025-05-11 15:35:00,-2711.608,2025-05-11 15:35:00
2025-05-11 15:40:00,-2662.349,2025-05-11 15:40:00
2025-05-11 15:45:00,-2711.441,2025-05-11 15:45:00
2025-05-11 15:50:00,-2711.542,2025-05-11 15:50:00
2025-05-11 15:55:00,-2711.507,2025-05-11 15:55:00
2025-05-11 16:00:00,-2711.534,2025-05-11 16:00:00
2025-05-11 16:05:00,-2711.387,2025-05-11 16:05:00
2025-05-11 16:10:00,-2711.474,2025-05-11 16:10:00
2025-05-11 16:15:00,-2711.672,2025-05-11 16:15:00
2025-05-11 16:20:00,-2711.453,2025-05-11 16:20:00
2025-05-11 16:25:00,-2711.354,2025-05-11 16:25:00
2025-05-11 16:30:00,-2711.502,2025-05-11 16:30:00
2025-05-11 16:35:00,-2711.412,2025-05-11 16:35:00
2025-05-11 16:40:00,-2711.293,2025-05-11 16:40:00
2025-05-11 16:45:00,-2711.615,2025-05-11 16:45:00
2025-05-11 16:50:00,-2711.603,2025-05-11 16:50:00
2025-05-11 16:55:00,-2711.427,2025-05-11 16:55:00
2025-05-11 17:00:00,-2711.396,2025-05-11 17:00:00
2025-05-11 17:05:00,-2711.413,2025-05-11 17:05:00
2025-05-11 17:10:00,-2711.358,2025-05-11 17:10:00
2025-05-11 17:15:00,-2711.379,2025-05-11 17:15:00
2025-05-11 17:20:00,-2711.565,2025-05-11 17:20:00
2025-05-11 17:25:00,-2711.241,2025-05-11 17:25:00
2025-05-11 17:30:00,-2711.73,2025-05-11 17:30:00
2025-05-11 17:35:00,-2711.225,2025-05-11 17:35:00
2025-05-11 17:40:00,-2711.422,2025-05-11 17:40:00
2025-05-11 17:45:00,-2711.402,2025-05-11 17:45:00
2025-05-11 17:50:00,-2711.335,2025-05-11 17:50:00
2025-05-11 17:55:00,-2711.389,2025-05-11 17:55:00
2025-05-11 18:00:00,9000.0,2025-05-11 18:00:00
2025-05-11 18:05:00,9000.0,2025-05-11 18:05:00
2025-05-11 18:10:00,9000.0,2025-05-11 18:10:00
2025-05-11 18:15:00,9000.0,2025-05-11 18:15:00
2025-05-11 18:20:00,9000.0,2025-05-11 18:20:00
2025-05-11 18:25:00,9000.0,2025-05-11 18:25:00
2025-05-11 18:30:00,9000.0,2025-05-11 18:30:00
2025-05-11 18:35:00,9000.0,2025-05-11 18:35:00
2025-05-11 18:40:00,9000.0,2025-05-11 18:40:00
2025-05-11 18:45:00,9000.0,2025-05-11 18:45:00
2025-05-11 18:50:00,9000.0,2025-05-11 18:50:00
2025-05-11 18:55:00,9000.0,2025-05-11 18:55:00
2025-05-11 19:00:00,9000.0,2025-05-11 19:00:00
2025-05-11 19:05:00,9000.0,2025-05-11 19:05:00
2025-05-11 19:10:00,9000.0,2025-05-11 19:10:00
2025-05-11 19:15:00,9000.0,2025-05-11 19:15:00
2025-05-11 19:20:00,9000.0,2025-05-11 19:20:00
2025-05-11 19:25:00,8999.999,2025-05-11 19:25:00
2025-05-11 19:30:00,8999.999,2025-05-11 19:30:00
2025-05-11 19:35:00,8999.999,2025-05-11 19:35:00
2025-05-11 19:40:00,8999.999,2025-05-11 19:40:00
2025-05-11 19:45:00,8999.997,2025-05-11 19:45:00
2025-05-11 19:50:00,1043.997,2025-05-11 19:50:00
2025-05-11 19:55:00,0.0,2025-05-11 19:55:00
2025-05-11 20:00:00,0.0,2025-05-11 20:00:00
2025-05-11 20:05:00,0.0,2025-05-11 20:05:00
2025-05-11 20:10:00,0.0,2025-05-11 20:10:00
2025-05-11 20:15:00,0.0,2025-05-11 20:15:00
2025-05-11 20:20:00,0.0,2025-05-11 20:20:00
2025-05-11 20:25:00,0.0,2025-05-11 20:25:00
2025-05-11 20:30:00,0.0,2025-05-11 20:30:00
2025-05-11 20:35:00,0.0,2025-05-11 20:35:00
2025-05-11 20:40:00,0.0,2025-05-11 20:40:00
2025-05-11 20:45:00,0.0,2025-05-11 20:45:00
2025-05-11 20:50:00,0.0,2025-05-11 20:50:00
2025-05-11 20:55:00,0.0,2025-05-11 20:55:00
2025-05-11 21:00:00,0.0,2025-05-11 21:00:00
2025-05-11 21:05:00,0.0,2025-05-11 21:05:00
2025-05-11 21:10:00,0.0,2025-05-11 21:10:00
2025-05-11 21:15:00,0.0,2025-05-11 21:15:00
2025-05-11 21:20:00,0.0,2025-05-11 21:20:00
2025-05-11 21:25:00,0.0,2025-05-11 21:25:00
2025-05-11 21:30:00,0.0,2025-05-11 21:30:00
2025-05-11 21:35:00,0.0,2025-05-11 21:35:00
2025-05-11 21:40:00,0.0,2025-05-11 21:40:00
2025-05-11 21:45:00,0.0,2025-05-11 21:45:00
2025-05-11 21:50:00,0.0,2025-05-11 21:50:00
2025-05-11 21:55:00,0.0,2025-05-11 21:55:00
2025-05-11 22:00:00,-3318.741,2025-05-11 22:00:00
2025-05-11 22:05:00,-3202.761,2025-05-11 22:05:00
2025-05-11 22:10:00,-3098.801,2025-05-11 22:10:00
2025-05-11 22:15:00,-2942.791,2025-05-11 22:15:00
2025-05-11 22:20:00,-3018.791,2025-05-11 22:20:00
2025-05-11 22:25:00,-2978.791,2025-05-11 22:25:00
2025-05-11 22:30:00,-2978.781,2025-05-11 22:30:00
2025-05-11 22:35:00,-3318.801,2025-05-11 22:35:00
2025-05-11 22:40:00,-3354.801,2025-05-11 22:40:00
2025-05-11 22:45:00,-3026.821,2025-05-11 22:45:00
2025-05-11 22:50:00,-2826.771,2025-05-11 22:50:00
2025-05-11 22:55:00,-3094.771,2025-05-11 22:55:00
2025-05-11 23:00:00,-2874.811,2025-05-11 23:00:00
2025-05-11 23:05:00,-2826.781,2025-05-11 23:05:00
2025-05-11 23:10:00,-2698.791,2025-05-11 23:10:00
2025-05-11 23:15:00,-2670.791,2025-05-11 23:15:00
2025-05-11 23:20:00,-2802.811,2025-05-11 23:20:00
2025-05-11 23:25:00,-2850.801,2025-05-11 23:25:00
2025-05-11 23:30:00,-2706.751,2025-05-11 23:30:00
2025-05-11 23:35:00,-3310.781,2025-05-11 23:35:00
2025-05-11 23:40:00,-3122.771,2025-05-11 23:40:00
2025-05-11 23:45:00,-3186.801,2025-05-11 23:45:00
2025-05-11 23:50:00,-3158.811,2025-05-11 23:50:00
2025-05-11 23:55:00,-3094.821,2025-05-11 23:55:00
2025-05-12 00:00:00,-2157.182,2025-05-12 00:00:00
2025-05-12 00:05:00,-2157.195,2025-05-12 00:05:00
2025-05-12 00:10:00,-2157.198,2025-05-12 00:10:00
2025-05-12 00:15:00,-2157.199,2025-05-12 00:15:00
2025-05-12 00:20:00,-2157.19,2025-05-12 00:20:00
2025-05-12 00:25:00,-2157.184,2025-05-12 00:25:00
2025-05-12 00:30:00,-2157.156,2025-05-12 00:30:00
2025-05-12 00:35:00,-2157.149,2025-05-12 00:35:00
2025-05-12 00:40:00,-2157.139,2025-05-12 00:40:00
2025-05-12 00:45:00,-2157.143,2025-05-12 00:45:00
2025-05-12 00:50:00,-2157.133,2025-05-12 00:50:00
2025-05-12 00:55:00,-2157.124,2025-05-12 00:55:00
2025-05-12 01:00:00,-2157.105,2025-05-12 01:00:00
2025-05-12 01:05:00,-2157.103,2025-05-12 01:05:00
2025-05-12 01:10:00,-2157.092,2025-05-12 01:10:00
2025-05-12 01:15:00,-2157.057,2025-05-12 01:15:00
2025-05-12 01:20:00,-2157.03,2025-05-12 01:20:00
2025-05-12 01:25:00,-2157.018,2025-05-12 01:25:00
2025-05-12 01:30:00,-2156.992,2025-05-12 01:30:00
2025-05-12 01:35:00,-2156.979,2025-05-12 01:35:00
2025-05-12 01:40:00,-2156.973,2025-05-12 01:40:00
2025-05-12 01:45:00,-2156.96,2025-05-12 01:45:00
2025-05-12 01:50:00,-2156.915,2025-05-12 01:50:00
2025-05-12 01:55:00,-2156.897,2025-05-12 01:55:00
2025-05-12 02:00:00,-2156.869,2025-05-12 02:00:00
2025-05-12 02:05:00,-2156.848,2025-05-12 02:05:00
2025-05-12 02:10:00,-2156.824,2025-05-12 02:10:00
2025-05-12 02:15:00,-2156.805,2025-05-12 02:15:00
2025-05-12 02:20:00,-2156.794,2025-05-12 02:20:00
2025-05-12 02:25:00,-2156.784,2025-05-12 02:25:00
2025-05-12 02:30:00,-2156.759,2025-05-12 02:30:00
2025-05-12 02:35:00,-2156.716,2025-05-12 02:35:00
2025-05-12 02:40:00,-2156.694,2025-05-12 02:40:00
2025-05-12 02:45:00,-2156.656,2025-05-12 02:45:00
2025-05-12 02:50:00,-2156.639,2025-05-12 02:50:00
2025-05-12 02:55:00,-2156.612,2025-05-12 02:55:00
2025-05-12 03:00:00,-2156.576,2025-05-12 03:00:00
2025-05-12 03:05:00,-2156.549,2025-05-12 03:05:00
2025-05-12 03:10:00,-2156.522,2025-05-12 03:10:00
2025-05-12 03:15:00,-2156.492,2025-05-12 03:15:00
2025-05-12 03:20:00,-2156.464,2025-05-12 03:20:00
2025-05-12 03:25:00,-2156.434,2025-05-12 03:25:00
2025-05-12 03:30:00,-2156.399,2025-05-12 03:30:00
2025-05-12 03:35:00,-2156.366,2025-05-12 03:35:00
2025-05-12 03:40:00,-2156.344,2025-05-12 03:40:00
2025-05-12 03:45:00,-2156.317,2025-05-12 03:45:00
2025-05-12 03:50:00,-2156.295,2025-05-12 03:50:00
2025-05-12 03:55:00,-2156.266,2025-05-12 03:55:00
2025-05-12 04:00:00,-2156.235,2025-05-12 04:00:00
2025-05-12 04:05:00,-2156.218,2025-05-12 04:05:00
2025-05-12 04:10:00,-2156.183,2025-05-12 04:10:00
2025-05-12 04:15:00,-2156.164,2025-05-12 04:15:00
2025-05-12 04:20:00,-2156.139,2025-05-12 04:20:00
2025-05-12 04:25:00,-2156.117,2025-05-12 04:25:00
2025-05-12 04:30:00,-2156.085,2025-05-12 04:30:00
2025-05-12 04:35:00,-2156.076,2025-05-12 04:35:00
2025-05-12 04:40:00,-2156.054,2025-05-12 04:40:00
2025-05-12 04:45:00,-2156.032,2025-05-12 04:45:00
2025-05-12 04:50:00,-2156.007,2025-05-12 04:50:00
2025-05-12 04:55:00,-2155.977,2025-05-12 04:55:00
2025-05-12 05:00:00,-2155.971,2025-05-12 05:00:00
2025-05-12 05:05:00,-2155.954,2025-05-12 05:05:00
2025-05-12 05:10:00,-2155.94,2025-05-12 05:10:00
2025-05-12 05:15:00,-2155.925,2025-05-12 05:15:00
2025-05-12 05:20:00,-2155.91,2025-05-12 05:20:00
2025-05-12 05:25:00,-2155.902,2025-05-12 05:25:00
2025-05-12 05:30:00,-2155.889,2025-05-12 05:30:00
2025-05-12 05:35:00,-2155.873,2025-05-12 05:35:00
2025-05-12 05:40:00,-2155.865,2025-05-12 05:40:00
2025-05-12 05:45:00,-2155.864,2025-05-12 05:45:00
2025-05-12 05:50:00,-2155.846,2025-05-12 05:50:00
2025-05-12 05:55:00,-2155.829,2025-05-12 05:55:00
2025-05-12 06:00:00,0.0,2025-05-12 06:00:00
2025-05-12 06:05:00,0.0,2025-05-12 06:05:00
2025-05-12 06:10:00,0.0,2025-05-12 06:10:00
2025-05-12 06:15:00,0.0,2025-05-12 06:15:00
2025-05-12 06:20:00,0.0,2025-05-12 06:20:00
2025-05-12 06:25:00,0.0,2025-05-12 06:25:00
2025-05-12 06:30:00,0.0,2025-05-12 06:30:00
2025-05-12 06:35:00,0.0,2025-05-12 06:35:00
2025-05-12 06:40:00,0.0,2025-05-12 06:40:00
2025-05-12 06:45:00,0.0,2025-05-12 06:45:00
2025-05-12 06:50:00,0.0,2025-05-12 06:50:00
2025-05-12 06:55:00,0.0,2025-05-12 06:55:00
2025-05-12 07:00:00,0.0,2025-05-12 07:00:00
2025-05-12 07:05:00,0.0,2025-05-12 07:05:00
2025-05-12 07:10:00,0.0,2025-05-12 07:10:00
2025-05-12 07:15:00,0.0,2025-05-12 07:15:00
2025-05-12 07:20:00,0.0,2025-05-12 07:20:00
2025-05-12 07:25:00,0.0,2025-05-12 07:25:00
2025-05-12 07:30:00,0.0,2025-05-12 07:30:00
2025-05-12 07:35:00,0.0,2025-05-12 07:35:00
2025-05-12 07:40:00,0.0,2025-05-12 07:40:00
2025-05-12 07:45:00,0.0,2025-05-12 07:45:00
2025-05-12 07:50:00,0.0,2025-05-12 07:50:00
2025-05-12 07:55:00,0.0,2025-05-12 07:55:00
2025-05-12 08:00:00,9000.0,2025-05-12 08:00:00
2025-05-12 08:05:00,9000.0,2025-05-12 08:05:00
2025-05-12 08:10:00,9000.0,2025-05-12 08:10:00
2025-05-12 08:15:00,9000.0,2025-05-12 08:15:00
2025-05-12 08:20:00,9000.0,2025-05-12 08:20:00
2025-05-12 08:25:00,9000.0,2025-05-12 08:25:00
2025-05-12 08:30:00,9000.0,2025-05-12 08:30:00
2025-05-12 08:35:00,9000.0,2025-05-12 08:35:00
2025-05-12 08:40:00,9000.0,2025-05-12 08:40:00
2025-05-12 08:45:00,9000.0,2025-05-12 08:45:00
2025-05-12 08:50:00,9000.0,2025-05-12 08:50:00
2025-05-12 08:55:00,9000.0,2025-05-12 08:55:00
2025-05-12 09:00:00,9000.0,2025-05-12 09:00:00
2025-05-12 09:05:00,9000.0,2025-05-12 09:05:00
2025-05-12 09:10:00,9000.0,2025-05-12 09:10:00
2025-05-12 09:15:00,9000.0,2025-05-12 09:15:00
2025-05-12 09:20:00,9000.0,2025-05-12 09:20:00
2025-05-12 09:25:00,9000.0,2025-05-12 09:25:00
2025-05-12 09:30:00,9000.0,2025-05-12 09:30:00
2025-05-12 09:35:00,9000.0,2025-05-12 09:35:00
2025-05-12 09:40:00,9000.0,2025-05-12 09:40:00
2025-05-12 09:45:00,8999.999,2025-05-12 09:45:00
2025-05-12 09:50:00,1043.999,2025-05-12 09:50:00
2025-05-12 09:55:00,0.0,2025-05-12 09:55:00
2025-05-12 10:00:00,0.0,2025-05-12 10:00:00
2025-05-12 10:05:00,0.0,2025-05-12 10:05:00
2025-05-12 10:10:00,0.0,2025-05-12 10:10:00
2025-05-12 10:15:00,0.0,2025-05-12 10:15:00
2025-05-12 10:20:00,0.0,2025-05-12 10:20:00
2025-05-12 10:25:00,0.0,2025-05-12 10:25:00
2025-05-12 10:30:00,0.0,2025-05-12 10:30:00
2025-05-12 10:35:00,0.0,2025-05-12 10:35:00
2025-05-12 10:40:00,0.0,2025-05-12 10:40:00
2025-05-12 10:45:00,0.0,2025-05-12 10:45:00
2025-05-12 10:50:00,0.0,2025-05-12 10:50:00
2025-05-12 10:55:00,0.0,2025-05-12 10:55:00
2025-05-12 11:00:00,-2715.46,2025-05-12 11:00:00
2025-05-12 11:05:00,-2715.338,2025-05-12 11:05:00
2025-05-12 11:10:00,-2715.494,2025-05-12 11:10:00
2025-05-12 11:15:00,-2715.469,2025-05-12 11:15:00
2025-05-12 11:20:00,-2715.471,2025-05-12 11:20:00
2025-05-12 11:25:00,-2715.62,2025-05-12 11:25:00
2025-05-12 11:30:00,-2715.465,2025-05-12 11:30:00
2025-05-12 11:35:00,-2690.785,2025-05-12 11:35:00
2025-05-12 11:40:00,-2715.663,2025-05-12 11:40:00
2025-05-12 11:45:00,-2694.775,2025-05-12 11:45:00
2025-05-12 11:50:00,-2715.664,2025-05-12 11:50:00
2025-05-12 11:55:00,-2715.581,2025-05-12 11:55:00
2025-05-12 12:00:00,-2698.738,2025-05-12 12:00:00
2025-05-12 12:05:00,-2715.744,2025-05-12 12:05:00
2025-05-12 12:10:00,-2670.791,2025-05-12 12:10:00
2025-05-12 12:15:00,-2715.572,2025-05-12 12:15:00
2025-05-12 12:20:00,-2666.791,2025-05-12 12:20:00
2025-05-12 12:25:00,-2666.761,2025-05-12 12:25:00
2025-05-12 12:30:00,-2715.724,2025-05-12 12:30:00
2025-05-12 12:35:00,-2715.894,2025-05-12 12:35:00
2025-05-12 12:40:00,-2715.835,2025-05-12 12:40:00
2025-05-12 12:45:00,-2690.806,2025-05-12 12:45:00
2025-05-12 12:50:00,-2650.773,2025-05-12 12:50:00
2025-05-12 12:55:00,-2715.982,2025-05-12 12:55:00
2025-05-12 13:00:00,-2715.806,2025-05-12 13:00:00
2025-05-12 13:05:00,-2690.786,2025-05-12 13:05:00
2025-05-12 13:10:00,-2716.097,2025-05-12 13:10:00
2025-05-12 13:15:00,-2682.788,2025-05-12 13:15:00
2025-05-12 13:20:00,-2716.132,2025-05-12 13:20:00
2025-05-12 13:25:00,-2716.103,2025-05-12 13:25:00
2025-05-12 13:30:00,-2715.94,2025-05-12 13:30:00
2025-05-12 13:35:00,-2715.974,2025-05-12 13:35:00
2025-05-12 13:40:00,-2716.114,2025-05-12 13:40:00
2025-05-12 13:45:00,-2716.153,2025-05-12 13:45:00
2025-05-12 13:50:00,-2716.246,2025-05-12 13:50:00
2025-05-12 13:55:00,-2716.244,2025-05-12 13:55:00
2025-05-12 14:00:00,-2716.347,2025-05-12 14:00:00
2025-05-12 14:05:00,-2716.413,2025-05-12 14:05:00
2025-05-12 14:10:00,-2716.349,2025-05-12 14:10:00
2025-05-12 14:15:00,-2650.744,2025-05-12 14:15:00
2025-05-12 14:20:00,-2716.338,2025-05-12 14:20:00
2025-05-12 14:25:00,-2698.8,2025-05-12 14:25:00
2025-05-12 14:30:00,-2716.538,2025-05-12 14:30:00
2025-05-12 14:35:00,-2716.523,2025-05-12 14:35:00
2025-05-12 14:40:00,-2716.654,2025-05-12 14:40:00
2025-05-12 14:45:00,-2716.054,2025-05-12 14:45:00
2025-05-12 14:50:00,-2716.461,2025-05-12 14:50:00
2025-05-12 14:55:00,-2716.512,2025-05-12 14:55:00
2025-05-12 15:00:00,-2716.562,2025-05-12 15:00:00
2025-05-12 15:05:00,-2716.585,2025-05-12 15:05:00
2025-05-12 15:10:00,-2716.605,2025-05-12 15:10:00
2025-05-12 15:15:00,-2716.647,2025-05-12 15:15:00
2025-05-12 15:20:00,-2716.673,2025-05-12 15:20:00
2025-05-12 15:25:00,-2716.713,2025-05-12 15:25:00
2025-05-12 15:30:00,-2716.732,2025-05-12 15:30:00
2025-05-12 15:35:00,-2716.764,2025-05-12 15:35:00
2025-05-12 15:40:00,-2716.8,2025-05-12 15:40:00
2025-05-12 15:45:00,-2716.83,2025-05-12 15:45:00
2025-05-12 15:50:00,-2716.871,2025-05-12 15:50:00
2025-05-12 15:55:00,-2716.89,2025-05-12 15:55:00
2025-05-12 16:00:00,-2716.918,2025-05-12 16:00:00
2025-05-12 16:05:00,-2716.939,2025-05-12 16:05:00
2025-05-12 16:10:00,-2716.96,2025-05-12 16:10:00
2025-05-12 16:15:00,-2716.975,2025-05-12 16:15:00
2025-05-12 16:20:00,-2717.019,2025-05-12 16:20:00
2025-05-12 16:25:00,-2717.014,2025-05-12 16:25:00
2025-05-12 16:30:00,-2717.05,2025-05-12 16:30:00
2025-05-12 16:35:00,-2717.068,2025-05-12 16:35:00
2025-05-12 16:40:00,-2717.076,2025-05-12 16:40:00
2025-05-12 16:45:00,-2717.076,2025-05-12 16:45:00
2025-05-12 16:50:00,-2717.104,2025-05-12 16:50:00
2025-05-12 16:55:00,-2717.119,2025-05-12 16:55:00
2025-05-12 17:00:00,-2717.117,2025-05-12 17:00:00
2025-05-12 17:05:00,-2717.126,2025-05-12 17:05:00
2025-05-12 17:10:00,-2717.131,2025-05-12 17:10:00
2025-05-12 17:15:00,-2717.143,2025-05-12 17:15:00
2025-05-12 17:20:00,-2717.175,2025-05-12 17:20:00
2025-05-12 17:25:00,-2717.145,2025-05-12 17:25:00
2025-05-12 17:30:00,-2717.153,2025-05-12 17:30:00
2025-05-12 17:35:00,-2717.164,2025-05-12 17:35:00
2025-05-12 17:40:00,-2717.165,2025-05-12 17:40:00
2025-05-12 17:45:00,-2717.169,2025-05-12 17:45:00
2025-05-12 17:50:00,-2717.174,2025-05-12 17:50:00
2025-05-12 17:55:00,-2717.164,2025-05-12 17:55:00
2025-05-12 18:00:00,9000.0,2025-05-12 18:00:00
2025-05-12 18:05:00,9000.0,2025-05-12 18:05:00
2025-05-12 18:10:00,9000.0,2025-05-12 18:10:00
2025-05-12 18:15:00,9000.0,2025-05-12 18:15:00
2025-05-12 18:20:00,9000.0,2025-05-12 18:20:00
2025-05-12 18:25:00,9000.0,2025-05-12 18:25:00
2025-05-12 18:30:00,9000.0,2025-05-12 18:30:00
2025-05-12 18:35:00,9000.0,2025-05-12 18:35:00
2025-05-12 18:40:00,9000.0,2025-05-12 18:40:00
2025-05-12 18:45:00,9000.0,2025-05-12 18:45:00
2025-05-12 18:50:00,9000.0,2025-05-12 18:50:00
2025-05-12 18:55:00,9000.0,2025-05-12 18:55:00
2025-05-12 19:00:00,9000.0,2025-05-12 19:00:00
2025-05-12 19:05:00,9000.0,2025-05-12 19:05:00
2025-05-12 19:10:00,9000.0,2025-05-12 19:10:00
2025-05-12 19:15:00,9000.0,2025-05-12 19:15:00
2025-05-12 19:20:00,9000.0,2025-05-12 19:20:00
2025-05-12 19:25:00,9000.0,2025-05-12 19:25:00
2025-05-12 19:30:00,9000.0,2025-05-12 19:30:00
2025-05-12 19:35:00,9000.0,2025-05-12 19:35:00
2025-05-12 19:40:00,9000.0,2025-05-12 19:40:00
2025-05-12 19:45:00,8999.999,2025-05-12 19:45:00
2025-05-12 19:50:00,1043.999,2025-05-12 19:50:00
2025-05-12 19:55:00,0.0,2025-05-12 19:55:00
2025-05-12 20:00:00,0.0,2025-05-12 20:00:00
2025-05-12 20:05:00,0.0,2025-05-12 20:05:00
2025-05-12 20:10:00,0.0,2025-05-12 20:10:00
2025-05-12 20:15:00,0.0,2025-05-12 20:15:00
2025-05-12 20:20:00,0.0,2025-05-12 20:20:00
2025-05-12 20:25:00,0.0,2025-05-12 20:25:00
2025-05-12 20:30:00,0.0,2025-05-12 20:30:00
2025-05-12 20:35:00,0.0,2025-05-12 20:35:00
2025-05-12 20:40:00,0.0,2025-05-12 20:40:00
2025-05-12 20:45:00,0.0,2025-05-12 20:45:00
2025-05-12 20:50:00,0.0,2025-05-12 20:50:00
2025-05-12 20:55:00,0.0,2025-05-12 20:55:00
2025-05-12 21:00:00,0.0,2025-05-12 21:00:00
2025-05-12 21:05:00,0.0,2025-05-12 21:05:00
2025-05-12 21:10:00,0.0,2025-05-12 21:10:00
2025-05-12 21:15:00,0.0,2025-05-12 21:15:00
2025-05-12 21:20:00,0.0,2025-05-12 21:20:00
2025-05-12 21:25:00,0.0,2025-05-12 21:25:00
2025-05-12 21:30:00,0.0,2025-05-12 21:30:00
2025-05-12 21:35:00,0.0,2025-05-12 21:35:00
2025-05-12 21:40:00,0.0,2025-05-12 21:40:00
2025-05-12 21:45:00,0.0,2025-05-12 21:45:00
2025-05-12 21:50:00,0.0,2025-05-12 21:50:00
2025-05-12 21:55:00,0.0,2025-05-12 21:55:00
2025-05-12 22:00:00,-2372.106,2025-05-12 22:00:00
2025-05-12 22:05:00,-2371.675,2025-05-12 22:05:00
2025-05-12 22:10:00,-2372.216,2025-05-12 22:10:00
2025-05-12 22:15:00,-2372.206,2025-05-12 22:15:00
2025-05-12 22:20:00,-2372.211,2025-05-12 22:20:00
2025-05-12 22:25:00,-2372.12,2025-05-12 22:25:00
2025-05-12 22:30:00,-2372.119,2025-05-12 22:30:00
2025-05-12 22:35:00,-2372.242,2025-05-12 22:35:00
2025-05-12 22:40:00,-2372.22,2025-05-12 22:40:00
2025-05-12 22:45:00,-2372.182,2025-05-12 22:45:00
2025-05-12 22:50:00,-2372.168,2025-05-12 22:50:00
2025-05-12 22:55:00,-2372.138,2025-05-12 22:55:00
2025-05-12 23:00:00,-2372.216,2025-05-12 23:00:00
2025-05-12 23:05:00,-2372.192,2025-05-12 23:05:00
2025-05-12 23:10:00,-2372.145,2025-05-12 23:10:00
2025-05-12 23:15:00,-2372.176,2025-05-12 23:15:00
2025-05-12 23:20:00,-2372.237,2025-05-12 23:20:00
2025-05-12 23:25:00,-2372.178,2025-05-12 23:25:00
2025-05-12 23:30:00,-2372.208,2025-05-12 23:30:00
2025-05-12 23:35:00,-2372.228,2025-05-12 23:35:00
2025-05-12 23:40:00,-2372.136,2025-05-12 23:40:00
2025-05-12 23:45:00,-2372.213,2025-05-12 23:45:00
2025-05-12 23:50:00,-2372.207,2025-05-12 23:50:00
2025-05-12 23:55:00,-2372.157,2025-05-12 23:55:00
2025-05-13 00:00:00,-2372.134,2025-05-13 00:00:00
2025-05-13 00:05:00,-2372.138,2025-05-13 00:05:00
2025-05-13 00:10:00,-2372.227,2025-05-13 00:10:00
2025-05-13 00:15:00,-2372.157,2025-05-13 00:15:00
2025-05-13 00:20:00,-2372.225,2025-05-13 00:20:00
2025-05-13 00:25:00,-2372.236,2025-05-13 00:25:00
2025-05-13 00:30:00,-2372.221,2025-05-13 00:30:00
2025-05-13 00:35:00,-2372.26,2025-05-13 00:35:00
2025-05-13 00:40:00,-2372.269,2025-05-13 00:40:00
2025-05-13 00:45:00,-2372.226,2025-05-13 00:45:00
2025-05-13 00:50:00,-2372.056,2025-05-13 00:50:00
2025-05-13 00:55:00,-2372.026,2025-05-13 00:55:00
2025-05-13 01:00:00,-2372.049,2025-05-13 01:00:00
2025-05-13 01:05:00,-2372.19,2025-05-13 01:05:00
2025-05-13 01:10:00,-2372.27,2025-05-13 01:10:00
2025-05-13 01:15:00,-2372.327,2025-05-13 01:15:00
2025-05-13 01:20:00,-2372.29,2025-05-13 01:20:00
2025-05-13 01:25:00,-2372.307,2025-05-13 01:25:00
2025-05-13 01:30:00,-2372.349,2025-05-13 01:30:00
2025-05-13 01:35:00,-2372.159,2025-05-13 01:35:00
2025-05-13 01:40:00,-2372.339,2025-05-13 01:40:00
2025-05-13 01:45:00,-2372.263,2025-05-13 01:45:00
2025-05-13 01:50:00,-2372.264,2025-05-13 01:50:00
2025-05-13 01:55:00,-2372.213,2025-05-13 01:55:00
2025-05-13 02:00:00,-2372.416,2025-05-13 02:00:00
2025-05-13 02:05:00,-2372.413,2025-05-13 02:05:00
2025-05-13 02:10:00,-2372.123,2025-05-13 02:10:00
2025-05-13 02:15:00,-2372.161,2025-05-13 02:15:00
2025-05-13 02:20:00,-2372.063,2025-05-13 02:20:00
2025-05-13 02:25:00,-2372.197,2025-05-13 02:25:00
2025-05-13 02:30:00,-2372.189,2025-05-13 02:30:00
2025-05-13 02:35:00,-2372.177,2025-05-13 02:35:00
2025-05-13 02:40:00,-2372.244,2025-05-13 02:40:00
2025-05-13 02:45:00,-2372.417,2025-05-13 02:45:00
2025-05-13 02:50:00,-2372.469,2025-05-13 02:50:00
2025-05-13 02:55:00,-2372.475,2025-05-13 02:55:00
2025-05-13 03:00:00,-2372.44,2025-05-13 03:00:00
2025-05-13 03:05:00,-2372.415,2025-05-13 03:05:00
2025-05-13 03:10:00,-2372.427,2025-05-13 03:10:00
2025-05-13 03:15:00,-2372.379,2025-05-13 03:15:00
2025-05-13 03:20:00,-2372.435,2025-05-13 03:20:00
2025-05-13 03:25:00,-2372.511,2025-05-13 03:25:00
2025-05-13 03:30:00,-2372.461,2025-05-13 03:30:00
2025-05-13 03:35:00,-2372.439,2025-05-13 03:35:00
2025-05-13 03:40:00,-2372.341,2025-05-13 03:40:00
2025-05-13 03:45:00,-2372.505,2025-05-13 03:45:00
2025-05-13 03:50:00,-2372.425,2025-05-13 03:50:00
2025-05-13 03:55:00,-2372.479,2025-05-13 03:55:00
2025-05-13 04:00:00,-2372.489,2025-05-13 04:00:00
2025-05-13 04:05:00,-2372.353,2025-05-13 04:05:00
2025-05-13 04:10:00,-2372.456,2025-05-13 04:10:00
2025-05-13 04:15:00,-2372.402,2025-05-13 04:15:00
2025-05-13 04:20:00,-2372.461,2025-05-13 04:20:00
2025-05-13 04:25:00,-2372.464,2025-05-13 04:25:00
2025-05-13 04:30:00,-2372.456,2025-05-13 04:30:00
2025-05-13 04:35:00,-2372.476,2025-05-13 04:35:00
2025-05-13 04:40:00,-2372.514,2025-05-13 04:40:00
2025-05-13 04:45:00,-2372.396,2025-05-13 04:45:00
2025-05-13 04:50:00,-2372.461,2025-05-13 04:50:00
2025-05-13 04:55:00,-2372.418,2025-05-13 04:55:00
2025-05-13 05:00:00,-2372.46,2025-05-13 05:00:00
2025-05-13 05:05:00,-2372.488,2025-05-13 05:05:00
2025-05-13 05:10:00,-2372.503,2025-05-13 05:10:00
2025-05-13 05:15:00,-2372.493,2025-05-13 05:15:00
2025-05-13 05:20:00,-2372.464,2025-05-13 05:20:00
2025-05-13 05:25:00,-2372.368,2025-05-13 05:25:00
2025-05-13 05:30:00,-2372.304,2025-05-13 05:30:00
2025-05-13 05:35:00,-2372.194,2025-05-13 05:35:00
2025-05-13 05:40:00,-2372.237,2025-05-13 05:40:00
2025-05-13 05:45:00,-2372.259,2025-05-13 05:45:00
2025-05-13 05:50:00,-2372.223,2025-05-13 05:50:00
2025-05-13 05:55:00,-2372.102,2025-05-13 05:55:00
2025-05-13 06:00:00,0.0,2025-05-13 06:00:00
2025-05-13 06:05:00,0.0,2025-05-13 06:05:00
2025-05-13 06:10:00,0.0,2025-05-13 06:10:00
2025-05-13 06:15:00,0.0,2025-05-13 06:15:00
2025-05-13 06:20:00,0.0,2025-05-13 06:20:00
2025-05-13 06:25:00,0.0,2025-05-13 06:25:00
2025-05-13 06:30:00,0.0,2025-05-13 06:30:00
2025-05-13 06:35:00,0.0,2025-05-13 06:35:00
2025-05-13 06:40:00,0.0,2025-05-13 06:40:00
2025-05-13 06:45:00,0.0,2025-05-13 06:45:00
2025-05-13 06:50:00,0.0,2025-05-13 06:50:00
2025-05-13 06:55:00,0.0,2025-05-13 06:55:00
2025-05-13 07:00:00,0.0,2025-05-13 07:00:00
2025-05-13 07:05:00,0.0,2025-05-13 07:05:00
2025-05-13 07:10:00,0.0,2025-05-13 07:10:00
2025-05-13 07:15:00,0.0,2025-05-13 07:15:00
2025-05-13 07:20:00,0.0,2025-05-13 07:20:00
2025-05-13 07:25:00,0.0,2025-05-13 07:25:00
2025-05-13 07:30:00,0.0,2025-05-13 07:30:00
2025-05-13 07:35:00,0.0,2025-05-13 07:35:00
2025-05-13 07:40:00,0.0,2025-05-13 07:40:00
2025-05-13 07:45:00,0.0,2025-05-13 07:45:00
2025-05-13 07:50:00,0.0,2025-05-13 07:50:00
2025-05-13 07:55:00,0.0,2025-05-13 07:55:00
2025-05-13 08:00:00,9000.0,2025-05-13 08:00:00
2025-05-13 08:05:00,9000.0,2025-05-13 08:05:00
2025-05-13 08:10:00,9000.0,2025-05-13 08:10:00
2025-05-13 08:15:00,9000.0,2025-05-13 08:15:00
2025-05-13 08:20:00,9000.0,2025-05-13 08:20:00
2025-05-13 08:25:00,9000.0,2025-05-13 08:25:00
2025-05-13 08:30:00,9000.0,2025-05-13 08:30:00
2025-05-13 08:35:00,9000.0,2025-05-13 08:35:00
2025-05-13 08:40:00,9000.0,2025-05-13 08:40:00
2025-05-13 08:45:00,9000.0,2025-05-13 08:45:00
2025-05-13 08:50:00,9000.0,2025-05-13 08:50:00
2025-05-13 08:55:00,9000.0,2025-05-13 08:55:00
2025-05-13 09:00:00,9000.0,2025-05-13 09:00:00
2025-05-13 09:05:00,9000.0,2025-05-13 09:05:00
2025-05-13 09:10:00,9000.0,2025-05-13 09:10:00
2025-05-13 09:15:00,9000.0,2025-05-13 09:15:00
2025-05-13 09:20:00,9000.0,2025-05-13 09:20:00
2025-05-13 09:25:00,9000.0,2025-05-13 09:25:00
2025-05-13 09:30:00,8999.999,2025-05-13 09:30:00
2025-05-13 09:35:00,8999.999,2025-05-13 09:35:00
2025-05-13 09:40:00,8999.999,2025-05-13 09:40:00
2025-05-13 09:45:00,8999.998,2025-05-13 09:45:00
2025-05-13 09:50:00,1043.997,2025-05-13 09:50:00
2025-05-13 09:55:00,0.0,2025-05-13 09:55:00
2025-05-13 10:00:00,0.0,2025-05-13 10:00:00
2025-05-13 10:05:00,0.0,2025-05-13 10:05:00
2025-05-13 10:10:00,0.0,2025-05-13 10:10:00
2025-05-13 10:15:00,0.0,2025-05-13 10:15:00
2025-05-13 10:20:00,0.0,2025-05-13 10:20:00
2025-05-13 10:25:00,0.0,2025-05-13 10:25:00
2025-05-13 10:30:00,0.0,2025-05-13 10:30:00
2025-05-13 10:35:00,0.0,2025-05-13 10:35:00
2025-05-13 10:40:00,0.0,2025-05-13 10:40:00
2025-05-13 10:45:00,0.0,2025-05-13 10:45:00
2025-05-13 10:50:00,0.0,2025-05-13 10:50:00
2025-05-13 10:55:00,0.0,2025-05-13 10:55:00
2025-05-13 11:00:00,-2718.114,2025-05-13 11:00:00
2025-05-13 11:05:00,-2717.994,2025-05-13 11:05:00
2025-05-13 11:10:00,-2717.913,2025-05-13 11:10:00
2025-05-13 11:15:00,-2718.243,2025-05-13 11:15:00
2025-05-13 11:20:00,-2718.078,2025-05-13 11:20:00
2025-05-13 11:25:00,-2717.797,2025-05-13 11:25:00
2025-05-13 11:30:00,-2717.879,2025-05-13 11:30:00
2025-05-13 11:35:00,-2718.018,2025-05-13 11:35:00
2025-05-13 11:40:00,-2717.97,2025-05-13 11:40:00
2025-05-13 11:45:00,-2717.846,2025-05-13 11:45:00
2025-05-13 11:50:00,-2718.06,2025-05-13 11:50:00
2025-05-13 11:55:00,-2717.941,2025-05-13 11:55:00
2025-05-13 12:00:00,-2717.889,2025-05-13 12:00:00
2025-05-13 12:05:00,-2717.795,2025-05-13 12:05:00
2025-05-13 12:10:00,-2717.761,2025-05-13 12:10:00
2025-05-13 12:15:00,-2717.788,2025-05-13 12:15:00
2025-05-13 12:20:00,-2717.746,2025-05-13 12:20:00
2025-05-13 12:25:00,-2717.746,2025-05-13 12:25:00
2025-05-13 12:30:00,-2717.785,2025-05-13 12:30:00
2025-05-13 12:35:00,-2718.171,2025-05-13 12:35:00
2025-05-13 12:40:00,-2717.752,2025-05-13 12:40:00
2025-05-13 12:45:00,-2717.97,2025-05-13 12:45:00
2025-05-13 12:50:00,-2717.798,2025-05-13 12:50:00
2025-05-13 12:55:00,-2718.376,2025-05-13 12:55:00
2025-05-13 13:00:00,-2708.323,2025-05-13 13:00:00
2025-05-13 13:05:00,-2718.059,2025-05-13 13:05:00
2025-05-13 13:10:00,-2717.588,2025-05-13 13:10:00
2025-05-13 13:15:00,-2717.912,2025-05-13 13:15:00
2025-05-13 13:20:00,-2717.703,2025-05-13 13:20:00
2025-05-13 13:25:00,-2708.357,2025-05-13 13:25:00
2025-05-13 13:30:00,-2717.86,2025-05-13 13:30:00
2025-05-13 13:35:00,-2717.853,2025-05-13 13:35:00
2025-05-13 13:40:00,-2717.448,2025-05-13 13:40:00
2025-05-13 13:45:00,-2717.471,2025-05-13 13:45:00
2025-05-13 13:50:00,-2718.296,2025-05-13 13:50:00
2025-05-13 13:55:00,-2717.395,2025-05-13 13:55:00
2025-05-13 14:00:00,-2717.426,2025-05-13 14:00:00
2025-05-13 14:05:00,-2717.471,2025-05-13 14:05:00
2025-05-13 14:10:00,-2717.685,2025-05-13 14:10:00
2025-05-13 14:15:00,-2700.492,2025-05-13 14:15:00
2025-05-13 14:20:00,-2718.224,2025-05-13 14:20:00
2025-05-13 14:25:00,-2696.477,2025-05-13 14:25:00
2025-05-13 14:30:00,-2717.389,2025-05-13 14:30:00
2025-05-13 14:35:00,-2717.656,2025-05-13 14:35:00
2025-05-13 14:40:00,-2717.536,2025-05-13 14:40:00
2025-05-13 14:45:00,-2708.293,2025-05-13 14:45:00
2025-05-13 14:50:00,-2717.662,2025-05-13 14:50:00
2025-05-13 14:55:00,-2704.462,2025-05-13 14:55:00
2025-05-13 15:00:00,-2660.55,2025-05-13 15:00:00
2025-05-13 15:05:00,-2717.353,2025-05-13 15:05:00
2025-05-13 15:10:00,-2717.459,2025-05-13 15:10:00
2025-05-13 15:15:00,-2717.34,2025-05-13 15:15:00
2025-05-13 15:20:00,-2717.415,2025-05-13 15:20:00
2025-05-13 15:25:00,-2717.349,2025-05-13 15:25:00
2025-05-13 15:30:00,-2717.328,2025-05-13 15:30:00
2025-05-13 15:35:00,-2717.325,2025-05-13 15:35:00
2025-05-13 15:40:00,-2716.886,2025-05-13 15:40:00
2025-05-13 15:45:00,-2716.985,2025-05-13 15:45:00
2025-05-13 15:50:00,-2716.914,2025-05-13 15:50:00
2025-05-13 15:55:00,-2717.136,2025-05-13 15:55:00
2025-05-13 16:00:00,-2717.189,2025-05-13 16:00:00
2025-05-13 16:05:00,-2717.071,2025-05-13 16:05:00
2025-05-13 16:10:00,-2716.952,2025-05-13 16:10:00
2025-05-13 16:15:00,-2717.051,2025-05-13 16:15:00
2025-05-13 16:20:00,-2717.132,2025-05-13 16:20:00
2025-05-13 16:25:00,-2717.053,2025-05-13 16:25:00
2025-05-13 16:30:00,-2717.063,2025-05-13 16:30:00
2025-05-13 16:35:00,-2717.113,2025-05-13 16:35:00
2025-05-13 16:40:00,-2708.327,2025-05-13 16:40:00
2025-05-13 16:45:00,-2717.138,2025-05-13 16:45:00
2025-05-13 16:50:00,-2717.679,2025-05-13 16:50:00
2025-05-13 16:55:00,-2717.969,2025-05-13 16:55:00
2025-05-13 17:00:00,-2668.528,2025-05-13 17:00:00
2025-05-13 17:05:00,-2608.56,2025-05-13 17:05:00
2025-05-13 17:10:00,-2711.873,2025-05-13 17:10:00
2025-05-13 17:15:00,-2714.669,2025-05-13 17:15:00
2025-05-13 17:20:00,-2714.668,2025-05-13 17:20:00
2025-05-13 17:25:00,-2636.526,2025-05-13 17:25:00
2025-05-13 17:30:00,-2680.483,2025-05-13 17:30:00
2025-05-13 17:35:00,-2716.846,2025-05-13 17:35:00
2025-05-13 17:40:00,-2717.438,2025-05-13 17:40:00
2025-05-13 17:45:00,-2632.536,2025-05-13 17:45:00
2025-05-13 17:50:00,-2696.496,2025-05-13 17:50:00
2025-05-13 17:55:00,-2717.261,2025-05-13 17:55:00
2025-05-13 18:00:00,9000.0,2025-05-13 18:00:00
2025-05-13 18:05:00,9000.0,2025-05-13 18:05:00
2025-05-13 18:10:00,9000.0,2025-05-13 18:10:00
2025-05-13 18:15:00,9000.0,2025-05-13 18:15:00
2025-05-13 18:20:00,9000.0,2025-05-13 18:20:00
2025-05-13 18:25:00,9000.0,2025-05-13 18:25:00
2025-05-13 18:30:00,9000.0,2025-05-13 18:30:00
2025-05-13 18:35:00,9000.0,2025-05-13 18:35:00
2025-05-13 18:40:00,9000.0,2025-05-13 18:40:00
2025-05-13 18:45:00,9000.0,2025-05-13 18:45:00
2025-05-13 18:50:00,9000.0,2025-05-13 18:50:00
2025-05-13 18:55:00,9000.0,2025-05-13 18:55:00
2025-05-13 19:00:00,9000.0,2025-05-13 19:00:00
2025-05-13 19:05:00,9000.0,2025-05-13 19:05:00
2025-05-13 19:10:00,9000.0,2025-05-13 19:10:00
2025-05-13 19:15:00,9000.0,2025-05-13 19:15:00
2025-05-13 19:20:00,9000.0,2025-05-13 19:20:00
2025-05-13 19:25:00,9000.0,2025-05-13 19:25:00
2025-05-13 19:30:00,8999.999,2025-05-13 19:30:00
2025-05-13 19:35:00,8999.999,2025-05-13 19:35:00
2025-05-13 19:40:00,8999.999,2025-05-13 19:40:00
2025-05-13 19:45:00,8999.998,2025-05-13 19:45:00
2025-05-13 19:50:00,1043.997,2025-05-13 19:50:00
2025-05-13 19:55:00,0.0,2025-05-13 19:55:00
2025-05-13 20:00:00,0.0,2025-05-13 20:00:00
2025-05-13 20:05:00,0.0,2025-05-13 20:05:00
2025-05-13 20:10:00,0.0,2025-05-13 20:10:00
2025-05-13 20:15:00,0.0,2025-05-13 20:15:00
2025-05-13 20:20:00,0.0,2025-05-13 20:20:00
2025-05-13 20:25:00,0.0,2025-05-13 20:25:00
2025-05-13 20:30:00,0.0,2025-05-13 20:30:00
2025-05-13 20:35:00,0.0,2025-05-13 20:35:00
2025-05-13 20:40:00,0.0,2025-05-13 20:40:00
2025-05-13 20:45:00,0.0,2025-05-13 20:45:00
2025-05-13 20:50:00,0.0,2025-05-13 20:50:00
2025-05-13 20:55:00,0.0,2025-05-13 20:55:00
2025-05-13 21:00:00,0.0,2025-05-13 21:00:00
2025-05-13 21:05:00,0.0,2025-05-13 21:05:00
2025-05-13 21:10:00,0.0,2025-05-13 21:10:00
2025-05-13 21:15:00,0.0,2025-05-13 21:15:00
2025-05-13 21:20:00,0.0,2025-05-13 21:20:00
2025-05-13 21:25:00,0.0,2025-05-13 21:25:00
2025-05-13 21:30:00,0.0,2025-05-13 21:30:00
2025-05-13 21:35:00,0.0,2025-05-13 21:35:00
2025-05-13 21:40:00,0.0,2025-05-13 21:40:00
2025-05-13 21:45:00,0.0,2025-05-13 21:45:00
2025-05-13 21:50:00,0.0,2025-05-13 21:50:00
2025-05-13 21:55:00,0.0,2025-05-13 21:55:00
2025-05-13 22:00:00,-2372.533,2025-05-13 22:00:00
2025-05-13 22:05:00,-2372.426,2025-05-13 22:05:00
2025-05-13 22:10:00,-2372.408,2025-05-13 22:10:00
2025-05-13 22:15:00,-2372.397,2025-05-13 22:15:00
2025-05-13 22:20:00,-2372.395,2025-05-13 22:20:00
2025-05-13 22:25:00,-2372.391,2025-05-13 22:25:00
2025-05-13 22:30:00,-2372.384,2025-05-13 22:30:00
2025-05-13 22:35:00,-2372.395,2025-05-13 22:35:00
2025-05-13 22:40:00,-2372.39,2025-05-13 22:40:00
2025-05-13 22:45:00,-2372.429,2025-05-13 22:45:00
2025-05-13 22:50:00,-2372.422,2025-05-13 22:50:00
2025-05-13 22:55:00,-2372.415,2025-05-13 22:55:00
2025-05-13 23:00:00,-2372.427,2025-05-13 23:00:00
2025-05-13 23:05:00,-2372.376,2025-05-13 23:05:00
2025-05-13 23:10:00,-2372.375,2025-05-13 23:10:00
2025-05-13 23:15:00,-2372.372,2025-05-13 23:15:00
2025-05-13 23:20:00,-2372.359,2025-05-13 23:20:00
2025-05-13 23:25:00,-2372.359,2025-05-13 23:25:00
2025-05-13 23:30:00,-2372.356,2025-05-13 23:30:00
2025-05-13 23:35:00,-2372.353,2025-05-13 23:35:00
2025-05-13 23:40:00,-2372.35,2025-05-13 23:40:00
2025-05-13 23:45:00,-2372.356,2025-05-13 23:45:00
2025-05-13 23:50:00,-2372.345,2025-05-13 23:50:00
2025-05-13 23:55:00,-2372.341,2025-05-13 23:55:00
2025-05-14 00:00:00,-2372.338,2025-05-14 00:00:00
2025-05-14 00:05:00,-2372.338,2025-05-14 00:05:00
2025-05-14 00:10:00,-2372.342,2025-05-14 00:10:00
2025-05-14 00:15:00,-2372.334,2025-05-14 00:15:00
2025-05-14 00:20:00,-2372.326,2025-05-14 00:20:00
2025-05-14 00:25:00,-2372.321,2025-05-14 00:25:00
2025-05-14 00:30:00,-2372.321,2025-05-14 00:30:00
2025-05-14 00:35:00,-2372.321,2025-05-14 00:35:00
2025-05-14 00:40:00,-2372.314,2025-05-14 00:40:00
2025-05-14 00:45:00,-2372.306,2025-05-14 00:45:00
2025-05-14 00:50:00,-2372.302,2025-05-14 00:50:00
2025-05-14 00:55:00,-2372.299,2025-05-14 00:55:00
2025-05-14 01:00:00,-2372.296,2025-05-14 01:00:00
2025-05-14 01:05:00,-2372.29,2025-05-14 01:05:00
2025-05-14 01:10:00,-2372.285,2025-05-14 01:10:00
2025-05-14 01:15:00,-2372.282,2025-05-14 01:15:00
2025-05-14 01:20:00,-2372.295,2025-05-14 01:20:00
2025-05-14 01:25:00,-2372.272,2025-05-14 01:25:00
2025-05-14 01:30:00,-2372.276,2025-05-14 01:30:00
2025-05-14 01:35:00,-2372.283,2025-05-14 01:35:00
2025-05-14 01:40:00,-2372.282,2025-05-14 01:40:00
2025-05-14 01:45:00,-2372.282,2025-05-14 01:45:00
2025-05-14 01:50:00,-2372.256,2025-05-14 01:50:00
2025-05-14 01:55:00,-2372.263,2025-05-14 01:55:00
2025-05-14 02:00:00,-2372.286,2025-05-14 02:00:00
2025-05-14 02:05:00,-2372.237,2025-05-14 02:05:00
2025-05-14 02:10:00,-2372.265,2025-05-14 02:10:00
2025-05-14 02:15:00,-2372.269,2025-05-14 02:15:00
2025-05-14 02:20:00,-2372.263,2025-05-14 02:20:00
2025-05-14 02:25:00,-2372.255,2025-05-14 02:25:00
2025-05-14 02:30:00,-2372.272,2025-05-14 02:30:00
2025-05-14 02:35:00,-2372.245,2025-05-14 02:35:00
2025-05-14 02:40:00,-2372.215,2025-05-14 02:40:00
2025-05-14 02:45:00,-2372.21,2025-05-14 02:45:00
2025-05-14 02:50:00,-2372.223,2025-05-14 02:50:00
2025-05-14 02:55:00,-2372.204,2025-05-14 02:55:00
2025-05-14 03:00:00,-2372.208,2025-05-14 03:00:00
2025-05-14 03:05:00,-2372.199,2025-05-14 03:05:00
2025-05-14 03:10:00,-2372.2,2025-05-14 03:10:00
2025-05-14 03:15:00,-2372.195,2025-05-14 03:15:00
2025-05-14 03:20:00,-2372.195,2025-05-14 03:20:00
2025-05-14 03:25:00,-2372.194,2025-05-14 03:25:00
2025-05-14 03:30:00,-2372.189,2025-05-14 03:30:00
2025-05-14 03:35:00,-2372.193,2025-05-14 03:35:00
2025-05-14 03:40:00,-2372.197,2025-05-14 03:40:00
2025-05-14 03:45:00,-2372.189,2025-05-14 03:45:00
2025-05-14 03:50:00,-2372.202,2025-05-14 03:50:00
2025-05-14 03:55:00,-2372.185,2025-05-14 03:55:00
2025-05-14 04:00:00,-2372.185,2025-05-14 04:00:00
2025-05-14 04:05:00,-2372.227,2025-05-14 04:05:00
2025-05-14 04:10:00,-2372.194,2025-05-14 04:10:00
2025-05-14 04:15:00,-2372.18,2025-05-14 04:15:00
2025-05-14 04:20:00,-2372.18,2025-05-14 04:20:00
2025-05-14 04:25:00,-2372.234,2025-05-14 04:25:00
2025-05-14 04:30:00,-2372.179,2025-05-14 04:30:00
2025-05-14 04:35:00,-2372.186,2025-05-14 04:35:00
2025-05-14 04:40:00,-2372.194,2025-05-14 04:40:00
2025-05-14 04:45:00,-2372.2,2025-05-14 04:45:00
2025-05-14 04:50:00,-2372.191,2025-05-14 04:50:00
2025-05-14 04:55:00,-2372.194,2025-05-14 04:55:00
2025-05-14 05:00:00,-2372.195,2025-05-14 05:00:00
2025-05-14 05:05:00,-2372.214,2025-05-14 05:05:00
2025-05-14 05:10:00,-2372.2,2025-05-14 05:10:00
2025-05-14 05:15:00,-2372.228,2025-05-14 05:15:00
2025-05-14 05:20:00,-2372.29,2025-05-14 05:20:00
2025-05-14 05:25:00,-2372.222,2025-05-14 05:25:00
2025-05-14 05:30:00,-2372.198,2025-05-14 05:30:00
2025-05-14 05:35:00,-2372.255,2025-05-14 05:35:00
2025-05-14 05:40:00,-2372.314,2025-05-14 05:40:00
2025-05-14 05:45:00,-2372.255,2025-05-14 05:45:00
2025-05-14 05:50:00,-2372.236,2025-05-14 05:50:00
2025-05-14 05:55:00,-2372.315,2025-05-14 05:55:00
2025-05-14 06:00:00,0.0,2025-05-14 06:00:00
2025-05-14 06:05:00,0.0,2025-05-14 06:05:00
2025-05-14 06:10:00,0.0,2025-05-14 06:10:00
2025-05-14 06:15:00,0.0,2025-05-14 06:15:00
2025-05-14 06:20:00,0.0,2025-05-14 06:20:00
2025-05-14 06:25:00,0.0,2025-05-14 06:25:00
2025-05-14 06:30:00,0.0,2025-05-14 06:30:00
2025-05-14 06:35:00,0.0,2025-05-14 06:35:00
2025-05-14 06:40:00,0.0,2025-05-14 06:40:00
2025-05-14 06:45:00,0.0,2025-05-14 06:45:00
2025-05-14 06:50:00,0.0,2025-05-14 06:50:00
2025-05-14 06:55:00,0.0,2025-05-14 06:55:00
2025-05-14 07:00:00,0.0,2025-05-14 07:00:00
2025-05-14 07:05:00,0.0,2025-05-14 07:05:00
2025-05-14 07:10:00,0.0,2025-05-14 07:10:00
2025-05-14 07:15:00,0.0,2025-05-14 07:15:00
2025-05-14 07:20:00,0.0,2025-05-14 07:20:00
2025-05-14 07:25:00,0.0,2025-05-14 07:25:00
2025-05-14 07:30:00,0.0,2025-05-14 07:30:00
2025-05-14 07:35:00,0.0,2025-05-14 07:35:00
2025-05-14 07:40:00,0.0,2025-05-14 07:40:00
2025-05-14 07:45:00,0.0,2025-05-14 07:45:00
2025-05-14 07:50:00,0.0,2025-05-14 07:50:00
2025-05-14 07:55:00,0.0,2025-05-14 07:55:00
2025-05-14 08:00:00,9000.0,2025-05-14 08:00:00
2025-05-14 08:05:00,9000.0,2025-05-14 08:05:00
2025-05-14 08:10:00,9000.0,2025-05-14 08:10:00
2025-05-14 08:15:00,9000.0,2025-05-14 08:15:00
2025-05-14 08:20:00,9000.0,2025-05-14 08:20:00
2025-05-14 08:25:00,9000.0,2025-05-14 08:25:00
2025-05-14 08:30:00,9000.0,2025-05-14 08:30:00
2025-05-14 08:35:00,9000.0,2025-05-14 08:35:00
2025-05-14 08:40:00,9000.0,2025-05-14 08:40:00
2025-05-14 08:45:00,9000.0,2025-05-14 08:45:00
2025-05-14 08:50:00,9000.0,2025-05-14 08:50:00
2025-05-14 08:55:00,9000.0,2025-05-14 08:55:00
2025-05-14 09:00:00,9000.0,2025-05-14 09:00:00
2025-05-14 09:05:00,9000.0,2025-05-14 09:05:00
2025-05-14 09:10:00,9000.0,2025-05-14 09:10:00
2025-05-14 09:15:00,9000.0,2025-05-14 09:15:00
2025-05-14 09:20:00,9000.0,2025-05-14 09:20:00
2025-05-14 09:25:00,9000.0,2025-05-14 09:25:00
2025-05-14 09:30:00,9000.0,2025-05-14 09:30:00
2025-05-14 09:35:00,9000.0,2025-05-14 09:35:00
2025-05-14 09:40:00,9000.0,2025-05-14 09:40:00
2025-05-14 09:45:00,8999.999,2025-05-14 09:45:00
2025-05-14 09:50:00,1043.999,2025-05-14 09:50:00
2025-05-14 09:55:00,0.0,2025-05-14 09:55:00
2025-05-14 10:00:00,0.0,2025-05-14 10:00:00
2025-05-14 10:05:00,0.0,2025-05-14 10:05:00
2025-05-14 10:10:00,0.0,2025-05-14 10:10:00
2025-05-14 10:15:00,0.0,2025-05-14 10:15:00
2025-05-14 10:20:00,0.0,2025-05-14 10:20:00
2025-05-14 10:25:00,0.0,2025-05-14 10:25:00
2025-05-14 10:30:00,0.0,2025-05-14 10:30:00
2025-05-14 10:35:00,0.0,2025-05-14 10:35:00
2025-05-14 10:40:00,0.0,2025-05-14 10:40:00
2025-05-14 10:45:00,0.0,2025-05-14 10:45:00
2025-05-14 10:50:00,0.0,2025-05-14 10:50:00
2025-05-14 10:55:00,0.0,2025-05-14 10:55:00
2025-05-14 11:00:00,-2711.061,2025-05-14 11:00:00
2025-05-14 11:05:00,-2711.109,2025-05-14 11:05:00
2025-05-14 11:10:00,-2711.077,2025-05-14 11:10:00
2025-05-14 11:15:00,-2711.143,2025-05-14 11:15:00
2025-05-14 11:20:00,-2711.119,2025-05-14 11:20:00
2025-05-14 11:25:00,-2711.212,2025-05-14 11:25:00
2025-05-14 11:30:00,-2711.309,2025-05-14 11:30:00
2025-05-14 11:35:00,-2711.231,2025-05-14 11:35:00
2025-05-14 11:40:00,-2711.078,2025-05-14 11:40:00
2025-05-14 11:45:00,-2711.116,2025-05-14 11:45:00
2025-05-14 11:50:00,-2711.066,2025-05-14 11:50:00
2025-05-14 11:55:00,-2711.166,2025-05-14 11:55:00
2025-05-14 12:00:00,-2711.166,2025-05-14 12:00:00
2025-05-14 12:05:00,-2711.092,2025-05-14 12:05:00
2025-05-14 12:10:00,-2711.159,2025-05-14 12:10:00
2025-05-14 12:15:00,-2711.141,2025-05-14 12:15:00
2025-05-14 12:20:00,-2711.236,2025-05-14 12:20:00
2025-05-14 12:25:00,-2711.066,2025-05-14 12:25:00
2025-05-14 12:30:00,-2711.073,2025-05-14 12:30:00
2025-05-14 12:35:00,-2711.167,2025-05-14 12:35:00
2025-05-14 12:40:00,-2711.126,2025-05-14 12:40:00
2025-05-14 12:45:00,-2711.141,2025-05-14 12:45:00
2025-05-14 12:50:00,-2711.157,2025-05-14 12:50:00
2025-05-14 12:55:00,-2711.138,2025-05-14 12:55:00
2025-05-14 13:00:00,-2711.081,2025-05-14 13:00:00
2025-05-14 13:05:00,-2711.202,2025-05-14 13:05:00
2025-05-14 13:10:00,-2711.201,2025-05-14 13:10:00
2025-05-14 13:15:00,-2711.208,2025-05-14 13:15:00
2025-05-14 13:20:00,-2711.163,2025-05-14 13:20:00
2025-05-14 13:25:00,-2711.087,2025-05-14 13:25:00
2025-05-14 13:30:00,-2711.096,2025-05-14 13:30:00
2025-05-14 13:35:00,-2711.212,2025-05-14 13:35:00
2025-05-14 13:40:00,-2711.211,2025-05-14 13:40:00
2025-05-14 13:45:00,-2711.159,2025-05-14 13:45:00
2025-05-14 13:50:00,-2711.133,2025-05-14 13:50:00
2025-05-14 13:55:00,-2711.201,2025-05-14 13:55:00
2025-05-14 14:00:00,-2711.132,2025-05-14 14:00:00
2025-05-14 14:05:00,-2711.346,2025-05-14 14:05:00
2025-05-14 14:10:00,-2711.073,2025-05-14 14:10:00
2025-05-14 14:15:00,-2711.361,2025-05-14 14:15:00
2025-05-14 14:20:00,-2711.242,2025-05-14 14:20:00
2025-05-14 14:25:00,-2711.092,2025-05-14 14:25:00
2025-05-14 14:30:00,-2711.077,2025-05-14 14:30:00
2025-05-14 14:35:00,-2711.093,2025-05-14 14:35:00
2025-05-14 14:40:00,-2711.297,2025-05-14 14:40:00
2025-05-14 14:45:00,-2711.076,2025-05-14 14:45:00
2025-05-14 14:50:00,-2711.042,2025-05-14 14:50:00
2025-05-14 14:55:00,-2711.215,2025-05-14 14:55:00
2025-05-14 15:00:00,-2711.201,2025-05-14 15:00:00
2025-05-14 15:05:00,-2711.051,2025-05-14 15:05:00
2025-05-14 15:10:00,-2711.064,2025-05-14 15:10:00
2025-05-14 15:15:00,-2711.112,2025-05-14 15:15:00
2025-05-14 15:20:00,-2711.056,2025-05-14 15:20:00
2025-05-14 15:25:00,-2711.35,2025-05-14 15:25:00
2025-05-14 15:30:00,-2711.066,2025-05-14 15:30:00
2025-05-14 15:35:00,-2711.371,2025-05-14 15:35:00
2025-05-14 15:40:00,-2711.354,2025-05-14 15:40:00
2025-05-14 15:45:00,-2711.264,2025-05-14 15:45:00
2025-05-14 15:50:00,-2711.287,2025-05-14 15:50:00
2025-05-14 15:55:00,-2711.109,2025-05-14 15:55:00
2025-05-14 16:00:00,-2711.155,2025-05-14 16:00:00
2025-05-14 16:05:00,-2711.233,2025-05-14 16:05:00
2025-05-14 16:10:00,-2711.212,2025-05-14 16:10:00
2025-05-14 16:15:00,-2711.349,2025-05-14 16:15:00
2025-05-14 16:20:00,-2711.147,2025-05-14 16:20:00
2025-05-14 16:25:00,-2711.141,2025-05-14 16:25:00
2025-05-14 16:30:00,-2711.141,2025-05-14 16:30:00
2025-05-14 16:35:00,-2711.155,2025-05-14 16:35:00
2025-05-14 16:40:00,-2711.189,2025-05-14 16:40:00
2025-05-14 16:45:00,-2711.193,2025-05-14 16:45:00
2025-05-14 16:50:00,-2711.167,2025-05-14 16:50:00
2025-05-14 16:55:00,-2711.211,2025-05-14 16:55:00
2025-05-14 17:00:00,-2711.183,2025-05-14 17:00:00
2025-05-14 17:05:00,-2711.231,2025-05-14 17:05:00
2025-05-14 17:10:00,-2711.194,2025-05-14 17:10:00
2025-05-14 17:15:00,-2711.478,2025-05-14 17:15:00
2025-05-14 17:20:00,-2711.362,2025-05-14 17:20:00
2025-05-14 17:25:00,-2711.233,2025-05-14 17:25:00
2025-05-14 17:30:00,-2711.256,2025-05-14 17:30:00
2025-05-14 17:35:00,-2711.225,2025-05-14 17:35:00
2025-05-14 17:40:00,-2711.197,2025-05-14 17:40:00
2025-05-14 17:45:00,-2711.396,2025-05-14 17:45:00
2025-05-14 17:50:00,-2711.245,2025-05-14 17:50:00
2025-05-14 17:55:00,-2711.206,2025-05-14 17:55:00
2025-05-14 18:00:00,9000.0,2025-05-14 18:00:00
2025-05-14 18:05:00,9000.0,2025-05-14 18:05:00
2025-05-14 18:10:00,9000.0,2025-05-14 18:10:00
2025-05-14 18:15:00,9000.0,2025-05-14 18:15:00
2025-05-14 18:20:00,9000.0,2025-05-14 18:20:00
2025-05-14 18:25:00,9000.0,2025-05-14 18:25:00
2025-05-14 18:30:00,9000.0,2025-05-14 18:30:00
2025-05-14 18:35:00,9000.0,2025-05-14 18:35:00
2025-05-14 18:40:00,9000.0,2025-05-14 18:40:00
2025-05-14 18:45:00,9000.0,2025-05-14 18:45:00
2025-05-14 18:50:00,9000.0,2025-05-14 18:50:00
2025-05-14 18:55:00,9000.0,2025-05-14 18:55:00
2025-05-14 19:00:00,9000.0,2025-05-14 19:00:00
2025-05-14 19:05:00,9000.0,2025-05-14 19:05:00
2025-05-14 19:10:00,9000.0,2025-05-14 19:10:00
2025-05-14 19:15:00,9000.0,2025-05-14 19:15:00
2025-05-14 19:20:00,9000.0,2025-05-14 19:20:00
2025-05-14 19:25:00,9000.0,2025-05-14 19:25:00
2025-05-14 19:30:00,9000.0,2025-05-14 19:30:00
2025-05-14 19:35:00,9000.0,2025-05-14 19:35:00
2025-05-14 19:40:00,9000.0,2025-05-14 19:40:00
2025-05-14 19:45:00,8999.999,2025-05-14 19:45:00
2025-05-14 19:50:00,1043.999,2025-05-14 19:50:00
2025-05-14 19:55:00,0.0,2025-05-14 19:55:00
2025-05-14 20:00:00,0.0,2025-05-14 20:00:00
2025-05-14 20:05:00,0.0,2025-05-14 20:05:00
2025-05-14 20:10:00,0.0,2025-05-14 20:10:00
2025-05-14 20:15:00,0.0,2025-05-14 20:15:00
2025-05-14 20:20:00,0.0,2025-05-14 20:20:00
2025-05-14 20:25:00,0.0,2025-05-14 20:25:00
2025-05-14 20:30:00,0.0,2025-05-14 20:30:00
2025-05-14 20:35:00,0.0,2025-05-14 20:35:00
2025-05-14 20:40:00,0.0,2025-05-14 20:40:00
2025-05-14 20:45:00,0.0,2025-05-14 20:45:00
2025-05-14 20:50:00,0.0,2025-05-14 20:50:00
2025-05-14 20:55:00,0.0,2025-05-14 20:55:00
2025-05-14 21:00:00,0.0,2025-05-14 21:00:00
2025-05-14 21:05:00,0.0,2025-05-14 21:05:00
2025-05-14 21:10:00,0.0,2025-05-14 21:10:00
2025-05-14 21:15:00,0.0,2025-05-14 21:15:00
2025-05-14 21:20:00,0.0,2025-05-14 21:20:00
2025-05-14 21:25:00,0.0,2025-05-14 21:25:00
2025-05-14 21:30:00,0.0,2025-05-14 21:30:00
2025-05-14 21:35:00,0.0,2025-05-14 21:35:00
2025-05-14 21:40:00,0.0,2025-05-14 21:40:00
2025-05-14 21:45:00,0.0,2025-05-14 21:45:00
2025-05-14 21:50:00,0.0,2025-05-14 21:50:00
2025-05-14 21:55:00,0.0,2025-05-14 21:55:00
2025-05-14 22:00:00,-2371.864,2025-05-14 22:00:00
2025-05-14 22:05:00,-2371.868,2025-05-14 22:05:00
2025-05-14 22:10:00,-2371.864,2025-05-14 22:10:00
2025-05-14 22:15:00,-2371.873,2025-05-14 22:15:00
2025-05-14 22:20:00,-2371.878,2025-05-14 22:20:00
2025-05-14 22:25:00,-2371.876,2025-05-14 22:25:00
2025-05-14 22:30:00,-2371.874,2025-05-14 22:30:00
2025-05-14 22:35:00,-2371.877,2025-05-14 22:35:00
2025-05-14 22:40:00,-2371.88,2025-05-14 22:40:00
2025-05-14 22:45:00,-2371.886,2025-05-14 22:45:00
2025-05-14 22:50:00,-2371.89,2025-05-14 22:50:00
2025-05-14 22:55:00,-2371.892,2025-05-14 22:55:00
2025-05-14 23:00:00,-2371.897,2025-05-14 23:00:00
2025-05-14 23:05:00,-2371.898,2025-05-14 23:05:00
2025-05-14 23:10:00,-2371.905,2025-05-14 23:10:00
2025-05-14 23:15:00,-2371.909,2025-05-14 23:15:00
2025-05-14 23:20:00,-2371.915,2025-05-14 23:20:00
2025-05-14 23:25:00,-2371.921,2025-05-14 23:25:00
2025-05-14 23:30:00,-2371.927,2025-05-14 23:30:00
2025-05-14 23:35:00,-2371.933,2025-05-14 23:35:00
2025-05-14 23:40:00,-2371.94,2025-05-14 23:40:00
2025-05-14 23:45:00,-2371.945,2025-05-14 23:45:00
2025-05-14 23:50:00,-2371.954,2025-05-14 23:50:00
2025-05-14 23:55:00,-2371.961,2025-05-14 23:55:00
2025-05-15 00:00:00,-2371.97,2025-05-15 00:00:00
2025-05-15 00:05:00,-2371.979,2025-05-15 00:05:00
2025-05-15 00:10:00,-2371.987,2025-05-15 00:10:00
2025-05-15 00:15:00,-2371.998,2025-05-15 00:15:00
2025-05-15 00:20:00,-2372.009,2025-05-15 00:20:00
2025-05-15 00:25:00,-2372.018,2025-05-15 00:25:00
2025-05-15 00:30:00,-2372.026,2025-05-15 00:30:00
2025-05-15 00:35:00,-2372.036,2025-05-15 00:35:00
2025-05-15 00:40:00,-2372.049,2025-05-15 00:40:00
2025-05-15 00:45:00,-2372.058,2025-05-15 00:45:00
2025-05-15 00:50:00,-2372.069,2025-05-15 00:50:00
2025-05-15 00:55:00,-2372.081,2025-05-15 00:55:00
2025-05-15 01:00:00,-2372.094,2025-05-15 01:00:00
2025-05-15 01:05:00,-2372.109,2025-05-15 01:05:00
2025-05-15 01:10:00,-2372.121,2025-05-15 01:10:00
2025-05-15 01:15:00,-2372.132,2025-05-15 01:15:00
2025-05-15 01:20:00,-2372.148,2025-05-15 01:20:00
2025-05-15 01:25:00,-2372.158,2025-05-15 01:25:00
2025-05-15 01:30:00,-2372.172,2025-05-15 01:30:00
2025-05-15 01:35:00,-2372.185,2025-05-15 01:35:00
2025-05-15 01:40:00,-2372.198,2025-05-15 01:40:00
2025-05-15 01:45:00,-2372.212,2025-05-15 01:45:00
2025-05-15 01:50:00,-2372.218,2025-05-15 01:50:00
2025-05-15 01:55:00,-2372.239,2025-05-15 01:55:00
2025-05-15 02:00:00,-2372.248,2025-05-15 02:00:00
2025-05-15 02:05:00,-2372.263,2025-05-15 02:05:00
2025-05-15 02:10:00,-2372.285,2025-05-15 02:10:00
2025-05-15 02:15:00,-2372.298,2025-05-15 02:15:00
2025-05-15 02:20:00,-2372.311,2025-05-15 02:20:00
2025-05-15 02:25:00,-2372.324,2025-05-15 02:25:00
2025-05-15 02:30:00,-2372.332,2025-05-15 02:30:00
2025-05-15 02:35:00,-2372.347,2025-05-15 02:35:00
2025-05-15 02:40:00,-2372.361,2025-05-15 02:40:00
2025-05-15 02:45:00,-2372.383,2025-05-15 02:45:00
2025-05-15 02:50:00,-2372.401,2025-05-15 02:50:00
2025-05-15 02:55:00,-2372.416,2025-05-15 02:55:00
2025-05-15 03:00:00,-2372.431,2025-05-15 03:00:00
2025-05-15 03:05:00,-2372.446,2025-05-15 03:05:00
2025-05-15 03:10:00,-2372.459,2025-05-15 03:10:00
2025-05-15 03:15:00,-2372.475,2025-05-15 03:15:00
2025-05-15 03:20:00,-2372.487,2025-05-15 03:20:00
2025-05-15 03:25:00,-2372.505,2025-05-15 03:25:00
2025-05-15 03:30:00,-2372.518,2025-05-15 03:30:00
2025-05-15 03:35:00,-2372.535,2025-05-15 03:35:00
2025-05-15 03:40:00,-2372.549,2025-05-15 03:40:00
2025-05-15 03:45:00,-2372.567,2025-05-15 03:45:00
2025-05-15 03:50:00,-2372.579,2025-05-15 03:50:00
2025-05-15 03:55:00,-2372.593,2025-05-15 03:55:00
2025-05-15 04:00:00,-2372.606,2025-05-15 04:00:00
2025-05-15 04:05:00,-2372.621,2025-05-15 04:05:00
2025-05-15 04:10:00,-2372.634,2025-05-15 04:10:00
2025-05-15 04:15:00,-2372.644,2025-05-15 04:15:00
2025-05-15 04:20:00,-2372.658,2025-05-15 04:20:00
2025-05-15 04:25:00,-2372.667,2025-05-15 04:25:00
2025-05-15 04:30:00,-2372.679,2025-05-15 04:30:00
2025-05-15 04:35:00,-2372.689,2025-05-15 04:35:00
2025-05-15 04:40:00,-2372.7,2025-05-15 04:40:00
2025-05-15 04:45:00,-2372.71,2025-05-15 04:45:00
2025-05-15 04:50:00,-2372.716,2025-05-15 04:50:00
2025-05-15 04:55:00,-2372.724,2025-05-15 04:55:00
2025-05-15 05:00:00,-2372.733,2025-05-15 05:00:00
2025-05-15 05:05:00,-2372.739,2025-05-15 05:05:00
2025-05-15 05:10:00,-2372.744,2025-05-15 05:10:00
2025-05-15 05:15:00,-2372.751,2025-05-15 05:15:00
2025-05-15 05:20:00,-2372.759,2025-05-15 05:20:00
2025-05-15 05:25:00,-2372.758,2025-05-15 05:25:00
2025-05-15 05:30:00,-2372.764,2025-05-15 05:30:00
2025-05-15 05:35:00,-2372.762,2025-05-15 05:35:00
2025-05-15 05:40:00,-2372.768,2025-05-15 05:40:00
2025-05-15 05:45:00,-2372.768,2025-05-15 05:45:00
2025-05-15 05:50:00,-2372.768,2025-05-15 05:50:00
2025-05-15 05:55:00,-2372.762,2025-05-15 05:55:00
2025-05-15 06:00:00,0.0,2025-05-15 06:00:00
2025-05-15 06:05:00,0.0,2025-05-15 06:05:00
2025-05-15 06:10:00,0.0,2025-05-15 06:10:00
2025-05-15 06:15:00,0.0,2025-05-15 06:15:00
2025-05-15 06:20:00,0.0,2025-05-15 06:20:00
2025-05-15 06:25:00,0.0,2025-05-15 06:25:00
2025-05-15 06:30:00,0.0,2025-05-15 06:30:00
2025-05-15 06:35:00,0.0,2025-05-15 06:35:00
2025-05-15 06:40:00,0.0,2025-05-15 06:40:00
2025-05-15 06:45:00,0.0,2025-05-15 06:45:00
2025-05-15 06:50:00,0.0,2025-05-15 06:50:00
2025-05-15 06:55:00,0.0,2025-05-15 06:55:00
2025-05-15 07:00:00,0.0,2025-05-15 07:00:00
2025-05-15 07:05:00,0.0,2025-05-15 07:05:00
2025-05-15 07:10:00,0.0,2025-05-15 07:10:00
2025-05-15 07:15:00,0.0,2025-05-15 07:15:00
2025-05-15 07:20:00,0.0,2025-05-15 07:20:00
2025-05-15 07:25:00,0.0,2025-05-15 07:25:00
2025-05-15 07:30:00,0.0,2025-05-15 07:30:00
2025-05-15 07:35:00,0.0,2025-05-15 07:35:00
2025-05-15 07:40:00,0.0,2025-05-15 07:40:00
2025-05-15 07:45:00,0.0,2025-05-15 07:45:00
2025-05-15 07:50:00,0.0,2025-05-15 07:50:00
2025-05-15 07:55:00,0.0,2025-05-15 07:55:00
2025-05-15 08:00:00,9000.0,2025-05-15 08:00:00
2025-05-15 08:05:00,9000.0,2025-05-15 08:05:00
2025-05-15 08:10:00,9000.0,2025-05-15 08:10:00
2025-05-15 08:15:00,9000.0,2025-05-15 08:15:00
2025-05-15 08:20:00,9000.0,2025-05-15 08:20:00
2025-05-15 08:25:00,9000.0,2025-05-15 08:25:00
2025-05-15 08:30:00,9000.0,2025-05-15 08:30:00
2025-05-15 08:35:00,9000.0,2025-05-15 08:35:00
2025-05-15 08:40:00,9000.0,2025-05-15 08:40:00
2025-05-15 08:45:00,9000.0,2025-05-15 08:45:00
2025-05-15 08:50:00,9000.0,2025-05-15 08:50:00
2025-05-15 08:55:00,9000.0,2025-05-15 08:55:00
2025-05-15 09:00:00,9000.0,2025-05-15 09:00:00
2025-05-15 09:05:00,9000.0,2025-05-15 09:05:00
2025-05-15 09:10:00,9000.0,2025-05-15 09:10:00
2025-05-15 09:15:00,9000.0,2025-05-15 09:15:00
2025-05-15 09:20:00,9000.0,2025-05-15 09:20:00
2025-05-15 09:25:00,9000.0,2025-05-15 09:25:00
2025-05-15 09:30:00,9000.0,2025-05-15 09:30:00
2025-05-15 09:35:00,9000.0,2025-05-15 09:35:00
2025-05-15 09:40:00,8999.999,2025-05-15 09:40:00
2025-05-15 09:45:00,8999.999,2025-05-15 09:45:00
2025-05-15 09:50:00,1043.999,2025-05-15 09:50:00
2025-05-15 09:55:00,0.0,2025-05-15 09:55:00
2025-05-15 10:00:00,0.0,2025-05-15 10:00:00
2025-05-15 10:05:00,0.0,2025-05-15 10:05:00
2025-05-15 10:10:00,0.0,2025-05-15 10:10:00
2025-05-15 10:15:00,0.0,2025-05-15 10:15:00
2025-05-15 10:20:00,0.0,2025-05-15 10:20:00
2025-05-15 10:25:00,0.0,2025-05-15 10:25:00
2025-05-15 10:30:00,0.0,2025-05-15 10:30:00
2025-05-15 10:35:00,0.0,2025-05-15 10:35:00
2025-05-15 10:40:00,0.0,2025-05-15 10:40:00
2025-05-15 10:45:00,0.0,2025-05-15 10:45:00
2025-05-15 10:50:00,0.0,2025-05-15 10:50:00
2025-05-15 10:55:00,0.0,2025-05-15 10:55:00
2025-05-15 11:00:00,-2718.207,2025-05-15 11:00:00
2025-05-15 11:05:00,-2718.226,2025-05-15 11:05:00
2025-05-15 11:10:00,-2718.223,2025-05-15 11:10:00
2025-05-15 11:15:00,-2718.205,2025-05-15 11:15:00
2025-05-15 11:20:00,-2718.205,2025-05-15 11:20:00
2025-05-15 11:25:00,-2718.2,2025-05-15 11:25:00
2025-05-15 11:30:00,-2718.204,2025-05-15 11:30:00
2025-05-15 11:35:00,-2718.192,2025-05-15 11:35:00
2025-05-15 11:40:00,-2718.18,2025-05-15 11:40:00
2025-05-15 11:45:00,-2718.177,2025-05-15 11:45:00
2025-05-15 11:50:00,-2718.169,2025-05-15 11:50:00
2025-05-15 11:55:00,-2718.158,2025-05-15 11:55:00
2025-05-15 12:00:00,-2718.148,2025-05-15 12:00:00
2025-05-15 12:05:00,-2718.141,2025-05-15 12:05:00
2025-05-15 12:10:00,-2718.125,2025-05-15 12:10:00
2025-05-15 12:15:00,-2718.12,2025-05-15 12:15:00
2025-05-15 12:20:00,-2718.103,2025-05-15 12:20:00
2025-05-15 12:25:00,-2718.088,2025-05-15 12:25:00
2025-05-15 12:30:00,-2718.076,2025-05-15 12:30:00
2025-05-15 12:35:00,-2718.063,2025-05-15 12:35:00
2025-05-15 12:40:00,-2718.058,2025-05-15 12:40:00
2025-05-15 12:45:00,-2718.039,2025-05-15 12:45:00
2025-05-15 12:50:00,-2718.022,2025-05-15 12:50:00
2025-05-15 12:55:00,-2718.008,2025-05-15 12:55:00
2025-05-15 13:00:00,-2717.989,2025-05-15 13:00:00
2025-05-15 13:05:00,-2717.983,2025-05-15 13:05:00
2025-05-15 13:10:00,-2717.97,2025-05-15 13:10:00
2025-05-15 13:15:00,-2717.953,2025-05-15 13:15:00
2025-05-15 13:20:00,-2717.918,2025-05-15 13:20:00
2025-05-15 13:25:00,-2717.901,2025-05-15 13:25:00
2025-05-15 13:30:00,-2717.885,2025-05-15 13:30:00
2025-05-15 13:35:00,-2717.852,2025-05-15 13:35:00
2025-05-15 13:40:00,-2717.857,2025-05-15 13:40:00
2025-05-15 13:45:00,-2717.851,2025-05-15 13:45:00
2025-05-15 13:50:00,-2717.813,2025-05-15 13:50:00
2025-05-15 13:55:00,-2717.777,2025-05-15 13:55:00
2025-05-15 14:00:00,-2717.757,2025-05-15 14:00:00
2025-05-15 14:05:00,-2717.772,2025-05-15 14:05:00
2025-05-15 14:10:00,-2717.699,2025-05-15 14:10:00
2025-05-15 14:15:00,-2717.672,2025-05-15 14:15:00
2025-05-15 14:20:00,-2717.654,2025-05-15 14:20:00
2025-05-15 14:25:00,-2717.628,2025-05-15 14:25:00
2025-05-15 14:30:00,-2717.604,2025-05-15 14:30:00
2025-05-15 14:35:00,-2717.585,2025-05-15 14:35:00
2025-05-15 14:40:00,-2717.562,2025-05-15 14:40:00
2025-05-15 14:45:00,-2717.595,2025-05-15 14:45:00
2025-05-15 14:50:00,-2717.54,2025-05-15 14:50:00
2025-05-15 14:55:00,-2717.539,2025-05-15 14:55:00
2025-05-15 15:00:00,-2717.535,2025-05-15 15:00:00
2025-05-15 15:05:00,-2717.632,2025-05-15 15:05:00
2025-05-15 15:10:00,-2717.514,2025-05-15 15:10:00
2025-05-15 15:15:00,-2717.496,2025-05-15 15:15:00
2025-05-15 15:20:00,-2717.455,2025-05-15 15:20:00
2025-05-15 15:25:00,-2717.406,2025-05-15 15:25:00
2025-05-15 15:30:00,-2717.434,2025-05-15 15:30:00
2025-05-15 15:35:00,-2717.394,2025-05-15 15:35:00
2025-05-15 15:40:00,-2717.458,2025-05-15 15:40:00
2025-05-15 15:45:00,-2717.332,2025-05-15 15:45:00
2025-05-15 15:50:00,-2717.334,2025-05-15 15:50:00
2025-05-15 15:55:00,-2717.311,2025-05-15 15:55:00
2025-05-15 16:00:00,-2717.347,2025-05-15 16:00:00
2025-05-15 16:05:00,-2717.302,2025-05-15 16:05:00
2025-05-15 16:10:00,-2717.308,2025-05-15 16:10:00
2025-05-15 16:15:00,-2717.303,2025-05-15 16:15:00
2025-05-15 16:20:00,-2717.313,2025-05-15 16:20:00
2025-05-15 16:25:00,-2717.23,2025-05-15 16:25:00
2025-05-15 16:30:00,-2717.307,2025-05-15 16:30:00
2025-05-15 16:35:00,-2717.25,2025-05-15 16:35:00
2025-05-15 16:40:00,-2717.274,2025-05-15 16:40:00
2025-05-15 16:45:00,-2717.212,2025-05-15 16:45:00
2025-05-15 16:50:00,-2717.164,2025-05-15 16:50:00
2025-05-15 16:55:00,-2717.252,2025-05-15 16:55:00
2025-05-15 17:00:00,-2717.2,2025-05-15 17:00:00
2025-05-15 17:05:00,-2543.669,2025-05-15 17:05:00
2025-05-15 17:10:00,-2691.607,2025-05-15 17:10:00
2025-05-15 17:15:00,-2631.665,2025-05-15 17:15:00
2025-05-15 17:20:00,-2571.649,2025-05-15 17:20:00
2025-05-15 17:25:00,-2717.286,2025-05-15 17:25:00
2025-05-15 17:30:00,-2647.643,2025-05-15 17:30:00
2025-05-15 17:35:00,-2671.638,2025-05-15 17:35:00
2025-05-15 17:40:00,-2717.128,2025-05-15 17:40:00
2025-05-15 17:45:00,-2717.124,2025-05-15 17:45:00
2025-05-15 17:50:00,-2717.109,2025-05-15 17:50:00
2025-05-15 17:55:00,-2717.157,2025-05-15 17:55:00
2025-05-15 18:00:00,9000.0,2025-05-15 18:00:00
2025-05-15 18:05:00,9000.0,2025-05-15 18:05:00
2025-05-15 18:10:00,9000.0,2025-05-15 18:10:00
2025-05-15 18:15:00,9000.0,2025-05-15 18:15:00
2025-05-15 18:20:00,9000.0,2025-05-15 18:20:00
2025-05-15 18:25:00,9000.0,2025-05-15 18:25:00
2025-05-15 18:30:00,9000.0,2025-05-15 18:30:00
2025-05-15 18:35:00,9000.0,2025-05-15 18:35:00
2025-05-15 18:40:00,9000.0,2025-05-15 18:40:00
2025-05-15 18:45:00,9000.0,2025-05-15 18:45:00
2025-05-15 18:50:00,9000.0,2025-05-15 18:50:00
2025-05-15 18:55:00,9000.0,2025-05-15 18:55:00
2025-05-15 19:00:00,9000.0,2025-05-15 19:00:00
2025-05-15 19:05:00,9000.0,2025-05-15 19:05:00
2025-05-15 19:10:00,9000.0,2025-05-15 19:10:00
2025-05-15 19:15:00,9000.0,2025-05-15 19:15:00
2025-05-15 19:20:00,9000.0,2025-05-15 19:20:00
2025-05-15 19:25:00,9000.0,2025-05-15 19:25:00
2025-05-15 19:30:00,9000.0,2025-05-15 19:30:00
2025-05-15 19:35:00,9000.0,2025-05-15 19:35:00
2025-05-15 19:40:00,8999.999,2025-05-15 19:40:00
2025-05-15 19:45:00,8999.999,2025-05-15 19:45:00
2025-05-15 19:50:00,1043.999,2025-05-15 19:50:00
2025-05-15 19:55:00,0.0,2025-05-15 19:55:00
2025-05-15 20:00:00,0.0,2025-05-15 20:00:00
2025-05-15 20:05:00,0.0,2025-05-15 20:05:00
2025-05-15 20:10:00,0.0,2025-05-15 20:10:00
2025-05-15 20:15:00,0.0,2025-05-15 20:15:00
2025-05-15 20:20:00,0.0,2025-05-15 20:20:00
2025-05-15 20:25:00,0.0,2025-05-15 20:25:00
2025-05-15 20:30:00,0.0,2025-05-15 20:30:00
2025-05-15 20:35:00,0.0,2025-05-15 20:35:00
2025-05-15 20:40:00,0.0,2025-05-15 20:40:00
2025-05-15 20:45:00,0.0,2025-05-15 20:45:00
2025-05-15 20:50:00,0.0,2025-05-15 20:50:00
2025-05-15 20:55:00,0.0,2025-05-15 20:55:00
2025-05-15 21:00:00,0.0,2025-05-15 21:00:00
2025-05-15 21:05:00,0.0,2025-05-15 21:05:00
2025-05-15 21:10:00,0.0,2025-05-15 21:10:00
2025-05-15 21:15:00,0.0,2025-05-15 21:15:00
2025-05-15 21:20:00,0.0,2025-05-15 21:20:00
2025-05-15 21:25:00,0.0,2025-05-15 21:25:00
2025-05-15 21:30:00,0.0,2025-05-15 21:30:00
2025-05-15 21:35:00,0.0,2025-05-15 21:35:00
2025-05-15 21:40:00,0.0,2025-05-15 21:40:00
2025-05-15 21:45:00,0.0,2025-05-15 21:45:00
2025-05-15 21:50:00,0.0,2025-05-15 21:50:00
2025-05-15 21:55:00,0.0,2025-05-15 21:55:00
2025-05-15 22:00:00,-2372.533,2025-05-15 22:00:00
2025-05-15 22:05:00,-2372.529,2025-05-15 22:05:00
2025-05-15 22:10:00,-2372.529,2025-05-15 22:10:00
2025-05-15 22:15:00,-2372.528,2025-05-15 22:15:00
2025-05-15 22:20:00,-2372.525,2025-05-15 22:20:00
2025-05-15 22:25:00,-2372.522,2025-05-15 22:25:00
2025-05-15 22:30:00,-2372.52,2025-05-15 22:30:00
2025-05-15 22:35:00,-2372.517,2025-05-15 22:35:00
2025-05-15 22:40:00,-2372.516,2025-05-15 22:40:00
2025-05-15 22:45:00,-2372.512,2025-05-15 22:45:00
2025-05-15 22:50:00,-2372.509,2025-05-15 22:50:00
2025-05-15 22:55:00,-2372.508,2025-05-15 22:55:00
2025-05-15 23:00:00,-2372.505,2025-05-15 23:00:00
2025-05-15 23:05:00,-2372.504,2025-05-15 23:05:00
2025-05-15 23:10:00,-2372.497,2025-05-15 23:10:00
2025-05-15 23:15:00,-2372.493,2025-05-15 23:15:00
2025-05-15 23:20:00,-2372.489,2025-05-15 23:20:00
2025-05-15 23:25:00,-2372.486,2025-05-15 23:25:00
2025-05-15 23:30:00,-2372.481,2025-05-15 23:30:00
2025-05-15 23:35:00,-2372.476,2025-05-15 23:35:00
2025-05-15 23:40:00,-2372.471,2025-05-15 23:40:00
2025-05-15 23:45:00,-2372.464,2025-05-15 23:45:00
2025-05-15 23:50:00,-2372.46,2025-05-15 23:50:00
2025-05-15 23:55:00,-2372.452,2025-05-15 23:55:00
2025-05-16 00:00:00,-2372.446,2025-05-16 00:00:00
2025-05-16 00:05:00,-2372.441,2025-05-16 00:05:00
2025-05-16 00:10:00,-2372.436,2025-05-16 00:10:00
2025-05-16 00:15:00,-2372.427,2025-05-16 00:15:00
2025-05-16 00:20:00,-2372.421,2025-05-16 00:20:00
2025-05-16 00:25:00,-2372.414,2025-05-16 00:25:00
2025-05-16 00:30:00,-2372.407,2025-05-16 00:30:00
2025-05-16 00:35:00,-2372.4,2025-05-16 00:35:00
2025-05-16 00:40:00,-2372.394,2025-05-16 00:40:00
2025-05-16 00:45:00,-2372.387,2025-05-16 00:45:00
2025-05-16 00:50:00,-2372.379,2025-05-16 00:50:00
2025-05-16 00:55:00,-2372.37,2025-05-16 00:55:00
2025-05-16 01:00:00,-2372.364,2025-05-16 01:00:00
2025-05-16 01:05:00,-2372.358,2025-05-16 01:05:00
2025-05-16 01:10:00,-2372.349,2025-05-16 01:10:00
2025-05-16 01:15:00,-2372.342,2025-05-16 01:15:00
2025-05-16 01:20:00,-2372.333,2025-05-16 01:20:00
2025-05-16 01:25:00,-2372.327,2025-05-16 01:25:00
2025-05-16 01:30:00,-2372.32,2025-05-16 01:30:00
2025-05-16 01:35:00,-2372.311,2025-05-16 01:35:00
2025-05-16 01:40:00,-2372.302,2025-05-16 01:40:00
2025-05-16 01:45:00,-2372.294,2025-05-16 01:45:00
2025-05-16 01:50:00,-2372.286,2025-05-16 01:50:00
2025-05-16 01:55:00,-2372.279,2025-05-16 01:55:00
2025-05-16 02:00:00,-2372.269,2025-05-16 02:00:00
2025-05-16 02:05:00,-2372.262,2025-05-16 02:05:00
2025-05-16 02:10:00,-2372.255,2025-05-16 02:10:00
2025-05-16 02:15:00,-2372.246,2025-05-16 02:15:00
2025-05-16 02:20:00,-2372.24,2025-05-16 02:20:00
2025-05-16 02:25:00,-2372.232,2025-05-16 02:25:00
2025-05-16 02:30:00,-2372.225,2025-05-16 02:30:00
2025-05-16 02:35:00,-2372.218,2025-05-16 02:35:00
2025-05-16 02:40:00,-2372.21,2025-05-16 02:40:00
2025-05-16 02:45:00,-2372.203,2025-05-16 02:45:00
2025-05-16 02:50:00,-2372.196,2025-05-16 02:50:00
2025-05-16 02:55:00,-2372.188,2025-05-16 02:55:00
2025-05-16 03:00:00,-2372.183,2025-05-16 03:00:00
2025-05-16 03:05:00,-2372.175,2025-05-16 03:05:00
2025-05-16 03:10:00,-2372.17,2025-05-16 03:10:00
2025-05-16 03:15:00,-2372.161,2025-05-16 03:15:00
2025-05-16 03:20:00,-2372.158,2025-05-16 03:20:00
2025-05-16 03:25:00,-2372.149,2025-05-16 03:25:00
2025-05-16 03:30:00,-2372.142,2025-05-16 03:30:00
2025-05-16 03:35:00,-2372.138,2025-05-16 03:35:00
2025-05-16 03:40:00,-2372.132,2025-05-16 03:40:00
2025-05-16 03:45:00,-2372.126,2025-05-16 03:45:00
2025-05-16 03:50:00,-2372.123,2025-05-16 03:50:00
2025-05-16 03:55:00,-2372.116,2025-05-16 03:55:00
2025-05-16 04:00:00,-2372.11,2025-05-16 04:00:00
2025-05-16 04:05:00,-2372.106,2025-05-16 04:05:00
2025-05-16 04:10:00,-2372.101,2025-05-16 04:10:00
2025-05-16 04:15:00,-2372.099,2025-05-16 04:15:00
2025-05-16 04:20:00,-2372.095,2025-05-16 04:20:00
2025-05-16 04:25:00,-2372.088,2025-05-16 04:25:00
2025-05-16 04:30:00,-2372.085,2025-05-16 04:30:00
2025-05-16 04:35:00,-2372.081,2025-05-16 04:35:00
2025-05-16 04:40:00,-2372.079,2025-05-16 04:40:00
2025-05-16 04:45:00,-2372.076,2025-05-16 04:45:00
2025-05-16 04:50:00,-2372.072,2025-05-16 04:50:00
2025-05-16 04:55:00,-2372.07,2025-05-16 04:55:00
2025-05-16 05:00:00,-2372.069,2025-05-16 05:00:00
2025-05-16 05:05:00,-2372.068,2025-05-16 05:05:00
2025-05-16 05:10:00,-2372.063,2025-05-16 05:10:00
2025-05-16 05:15:00,-2372.061,2025-05-16 05:15:00
2025-05-16 05:20:00,-2372.062,2025-05-16 05:20:00
2025-05-16 05:25:00,-2372.061,2025-05-16 05:25:00
2025-05-16 05:30:00,-2372.057,2025-05-16 05:30:00
2025-05-16 05:35:00,-2372.059,2025-05-16 05:35:00
2025-05-16 05:40:00,-2372.06,2025-05-16 05:40:00
2025-05-16 05:45:00,-2372.056,2025-05-16 05:45:00
2025-05-16 05:50:00,-2372.058,2025-05-16 05:50:00
2025-05-16 05:55:00,-2372.062,2025-05-16 05:55:00
2025-05-16 06:00:00,0.0,2025-05-16 06:00:00
2025-05-16 06:05:00,0.0,2025-05-16 06:05:00
2025-05-16 06:10:00,0.0,2025-05-16 06:10:00
2025-05-16 06:15:00,0.0,2025-05-16 06:15:00
2025-05-16 06:20:00,0.0,2025-05-16 06:20:00
2025-05-16 06:25:00,0.0,2025-05-16 06:25:00
2025-05-16 06:30:00,0.0,2025-05-16 06:30:00
2025-05-16 06:35:00,0.0,2025-05-16 06:35:00
2025-05-16 06:40:00,0.0,2025-05-16 06:40:00
2025-05-16 06:45:00,0.0,2025-05-16 06:45:00
2025-05-16 06:50:00,0.0,2025-05-16 06:50:00
2025-05-16 06:55:00,0.0,2025-05-16 06:55:00
2025-05-16 07:00:00,0.0,2025-05-16 07:00:00
2025-05-16 07:05:00,0.0,2025-05-16 07:05:00
2025-05-16 07:10:00,0.0,2025-05-16 07:10:00
2025-05-16 07:15:00,0.0,2025-05-16 07:15:00
2025-05-16 07:20:00,0.0,2025-05-16 07:20:00
2025-05-16 07:25:00,0.0,2025-05-16 07:25:00
2025-05-16 07:30:00,0.0,2025-05-16 07:30:00
2025-05-16 07:35:00,0.0,2025-05-16 07:35:00
2025-05-16 07:40:00,0.0,2025-05-16 07:40:00
2025-05-16 07:45:00,0.0,2025-05-16 07:45:00
2025-05-16 07:50:00,0.0,2025-05-16 07:50:00
2025-05-16 07:55:00,0.0,2025-05-16 07:55:00
2025-05-16 08:00:00,9000.0,2025-05-16 08:00:00
2025-05-16 08:05:00,9000.0,2025-05-16 08:05:00
2025-05-16 08:10:00,9000.0,2025-05-16 08:10:00
2025-05-16 08:15:00,9000.0,2025-05-16 08:15:00
2025-05-16 08:20:00,9000.0,2025-05-16 08:20:00
2025-05-16 08:25:00,9000.0,2025-05-16 08:25:00
2025-05-16 08:30:00,9000.0,2025-05-16 08:30:00
2025-05-16 08:35:00,9000.0,2025-05-16 08:35:00
2025-05-16 08:40:00,9000.0,2025-05-16 08:40:00
2025-05-16 08:45:00,9000.0,2025-05-16 08:45:00
2025-05-16 08:50:00,9000.0,2025-05-16 08:50:00
2025-05-16 08:55:00,9000.0,2025-05-16 08:55:00
2025-05-16 09:00:00,9000.0,2025-05-16 09:00:00
2025-05-16 09:05:00,9000.0,2025-05-16 09:05:00
2025-05-16 09:10:00,9000.0,2025-05-16 09:10:00
2025-05-16 09:15:00,9000.0,2025-05-16 09:15:00
2025-05-16 09:20:00,9000.0,2025-05-16 09:20:00
2025-05-16 09:25:00,9000.0,2025-05-16 09:25:00
2025-05-16 09:30:00,9000.0,2025-05-16 09:30:00
2025-05-16 09:35:00,9000.0,2025-05-16 09:35:00
2025-05-16 09:40:00,9000.0,2025-05-16 09:40:00
2025-05-16 09:45:00,8999.999,2025-05-16 09:45:00
2025-05-16 09:50:00,1043.999,2025-05-16 09:50:00
2025-05-16 09:55:00,0.0,2025-05-16 09:55:00
2025-05-16 10:00:00,0.0,2025-05-16 10:00:00
2025-05-16 10:05:00,0.0,2025-05-16 10:05:00
2025-05-16 10:10:00,0.0,2025-05-16 10:10:00
2025-05-16 10:15:00,0.0,2025-05-16 10:15:00
2025-05-16 10:20:00,0.0,2025-05-16 10:20:00
2025-05-16 10:25:00,0.0,2025-05-16 10:25:00
2025-05-16 10:30:00,0.0,2025-05-16 10:30:00
2025-05-16 10:35:00,0.0,2025-05-16 10:35:00
2025-05-16 10:40:00,0.0,2025-05-16 10:40:00
2025-05-16 10:45:00,0.0,2025-05-16 10:45:00
2025-05-16 10:50:00,0.0,2025-05-16 10:50:00
2025-05-16 10:55:00,0.0,2025-05-16 10:55:00
2025-05-16 11:00:00,-2710.93,2025-05-16 11:00:00
2025-05-16 11:05:00,-2710.922,2025-05-16 11:05:00
2025-05-16 11:10:00,-2710.929,2025-05-16 11:10:00
2025-05-16 11:15:00,-2710.928,2025-05-16 11:15:00
2025-05-16 11:20:00,-2710.932,2025-05-16 11:20:00
2025-05-16 11:25:00,-2710.927,2025-05-16 11:25:00
2025-05-16 11:30:00,-2710.934,2025-05-16 11:30:00
2025-05-16 11:35:00,-2710.934,2025-05-16 11:35:00
2025-05-16 11:40:00,-2710.935,2025-05-16 11:40:00
2025-05-16 11:45:00,-2710.94,2025-05-16 11:45:00
2025-05-16 11:50:00,-2710.943,2025-05-16 11:50:00
2025-05-16 11:55:00,-2710.942,2025-05-16 11:55:00
2025-05-16 12:00:00,-2710.944,2025-05-16 12:00:00
2025-05-16 12:05:00,-2710.993,2025-05-16 12:05:00
2025-05-16 12:10:00,-2711.831,2025-05-16 12:10:00
2025-05-16 12:15:00,-2710.957,2025-05-16 12:15:00
2025-05-16 12:20:00,-2710.963,2025-05-16 12:20:00
2025-05-16 12:25:00,-2710.973,2025-05-16 12:25:00
2025-05-16 12:30:00,-2710.978,2025-05-16 12:30:00
2025-05-16 12:35:00,-2710.987,2025-05-16 12:35:00
2025-05-16 12:40:00,-2710.991,2025-05-16 12:40:00
2025-05-16 12:45:00,-2711.0,2025-05-16 12:45:00
2025-05-16 12:50:00,-2711.006,2025-05-16 12:50:00
2025-05-16 12:55:00,-2711.013,2025-05-16 12:55:00
2025-05-16 13:00:00,-2711.02,2025-05-16 13:00:00
2025-05-16 13:05:00,-2711.03,2025-05-16 13:05:00
2025-05-16 13:10:00,-2711.035,2025-05-16 13:10:00
2025-05-16 13:15:00,-2711.043,2025-05-16 13:15:00
2025-05-16 13:20:00,-2711.055,2025-05-16 13:20:00
2025-05-16 13:25:00,-2711.062,2025-05-16 13:25:00
2025-05-16 13:30:00,-2711.069,2025-05-16 13:30:00
2025-05-16 13:35:00,-2711.079,2025-05-16 13:35:00
2025-05-16 13:40:00,-2711.089,2025-05-16 13:40:00
2025-05-16 13:45:00,-2711.096,2025-05-16 13:45:00
2025-05-16 13:50:00,-2711.102,2025-05-16 13:50:00
2025-05-16 13:55:00,-2711.111,2025-05-16 13:55:00
2025-05-16 14:00:00,-2711.124,2025-05-16 14:00:00
2025-05-16 14:05:00,-2711.131,2025-05-16 14:05:00
2025-05-16 14:10:00,-2711.143,2025-05-16 14:10:00
2025-05-16 14:15:00,-2711.149,2025-05-16 14:15:00
2025-05-16 14:20:00,-2711.16,2025-05-16 14:20:00
2025-05-16 14:25:00,-2711.167,2025-05-16 14:25:00
2025-05-16 14:30:00,-2711.18,2025-05-16 14:30:00
2025-05-16 14:35:00,-2711.186,2025-05-16 14:35:00
2025-05-16 14:40:00,-2711.197,2025-05-16 14:40:00
2025-05-16 14:45:00,-2711.202,2025-05-16 14:45:00
2025-05-16 14:50:00,-2711.211,2025-05-16 14:50:00
2025-05-16 14:55:00,-2711.219,2025-05-16 14:55:00
2025-05-16 15:00:00,-2711.228,2025-05-16 15:00:00
2025-05-16 15:05:00,-2711.24,2025-05-16 15:05:00
2025-05-16 15:10:00,-2711.248,2025-05-16 15:10:00
2025-05-16 15:15:00,-2711.254,2025-05-16 15:15:00
2025-05-16 15:20:00,-2711.263,2025-05-16 15:20:00
2025-05-16 15:25:00,-2711.272,2025-05-16 15:25:00
2025-05-16 15:30:00,-2711.28,2025-05-16 15:30:00
2025-05-16 15:35:00,-2711.288,2025-05-16 15:35:00
2025-05-16 15:40:00,-2711.295,2025-05-16 15:40:00
2025-05-16 15:45:00,-2711.303,2025-05-16 15:45:00
2025-05-16 15:50:00,-2711.312,2025-05-16 15:50:00
2025-05-16 15:55:00,-2711.32,2025-05-16 15:55:00
2025-05-16 16:00:00,-2711.325,2025-05-16 16:00:00
2025-05-16 16:05:00,-2711.33,2025-05-16 16:05:00
2025-05-16 16:10:00,-2711.338,2025-05-16 16:10:00
2025-05-16 16:15:00,-2711.345,2025-05-16 16:15:00
2025-05-16 16:20:00,-2711.351,2025-05-16 16:20:00
2025-05-16 16:25:00,-2711.355,2025-05-16 16:25:00
2025-05-16 16:30:00,-2711.361,2025-05-16 16:30:00
2025-05-16 16:35:00,-2711.366,2025-05-16 16:35:00
2025-05-16 16:40:00,-2711.371,2025-05-16 16:40:00
2025-05-16 16:45:00,-2711.378,2025-05-16 16:45:00
2025-05-16 16:50:00,-2711.381,2025-05-16 16:50:00
2025-05-16 16:55:00,-2711.384,2025-05-16 16:55:00
2025-05-16 17:00:00,-2711.388,2025-05-16 17:00:00
2025-05-16 17:05:00,-2711.391,2025-05-16 17:05:00
2025-05-16 17:10:00,-2711.394,2025-05-16 17:10:00
2025-05-16 17:15:00,-2711.404,2025-05-16 17:15:00
2025-05-16 17:20:00,-2711.399,2025-05-16 17:20:00
2025-05-16 17:25:00,-2711.403,2025-05-16 17:25:00
2025-05-16 17:30:00,-2711.404,2025-05-16 17:30:00
2025-05-16 17:35:00,-2711.407,2025-05-16 17:35:00
2025-05-16 17:40:00,-2711.406,2025-05-16 17:40:00
2025-05-16 17:45:00,-2711.418,2025-05-16 17:45:00
2025-05-16 17:50:00,-2711.416,2025-05-16 17:50:00
2025-05-16 17:55:00,-2711.419,2025-05-16 17:55:00
2025-05-16 18:00:00,9000.0,2025-05-16 18:00:00
2025-05-16 18:05:00,9000.0,2025-05-16 18:05:00
2025-05-16 18:10:00,9000.0,2025-05-16 18:10:00
2025-05-16 18:15:00,9000.0,2025-05-16 18:15:00
2025-05-16 18:20:00,9000.0,2025-05-16 18:20:00
2025-05-16 18:25:00,9000.0,2025-05-16 18:25:00
2025-05-16 18:30:00,9000.0,2025-05-16 18:30:00
2025-05-16 18:35:00,9000.0,2025-05-16 18:35:00
2025-05-16 18:40:00,9000.0,2025-05-16 18:40:00
2025-05-16 18:45:00,9000.0,2025-05-16 18:45:00
2025-05-16 18:50:00,9000.0,2025-05-16 18:50:00
2025-05-16 18:55:00,9000.0,2025-05-16 18:55:00
2025-05-16 19:00:00,9000.0,2025-05-16 19:00:00
2025-05-16 19:05:00,9000.0,2025-05-16 19:05:00
2025-05-16 19:10:00,9000.0,2025-05-16 19:10:00
2025-05-16 19:15:00,9000.0,2025-05-16 19:15:00
2025-05-16 19:20:00,9000.0,2025-05-16 19:20:00
2025-05-16 19:25:00,9000.0,2025-05-16 19:25:00
2025-05-16 19:30:00,9000.0,2025-05-16 19:30:00
2025-05-16 19:35:00,9000.0,2025-05-16 19:35:00
2025-05-16 19:40:00,9000.0,2025-05-16 19:40:00
2025-05-16 19:45:00,8999.999,2025-05-16 19:45:00
2025-05-16 19:50:00,1043.999,2025-05-16 19:50:00
2025-05-16 19:55:00,0.0,2025-05-16 19:55:00
2025-05-16 20:00:00,0.0,2025-05-16 20:00:00
2025-05-16 20:05:00,0.0,2025-05-16 20:05:00
2025-05-16 20:10:00,0.0,2025-05-16 20:10:00
2025-05-16 20:15:00,0.0,2025-05-16 20:15:00
2025-05-16 20:20:00,0.0,2025-05-16 20:20:00
2025-05-16 20:25:00,0.0,2025-05-16 20:25:00
2025-05-16 20:30:00,0.0,2025-05-16 20:30:00
2025-05-16 20:35:00,0.0,2025-05-16 20:35:00
2025-05-16 20:40:00,0.0,2025-05-16 20:40:00
2025-05-16 20:45:00,0.0,2025-05-16 20:45:00
2025-05-16 20:50:00,0.0,2025-05-16 20:50:00
2025-05-16 20:55:00,0.0,2025-05-16 20:55:00
2025-05-16 21:00:00,0.0,2025-05-16 21:00:00
2025-05-16 21:05:00,0.0,2025-05-16 21:05:00
2025-05-16 21:10:00,0.0,2025-05-16 21:10:00
2025-05-16 21:15:00,0.0,2025-05-16 21:15:00
2025-05-16 21:20:00,0.0,2025-05-16 21:20:00
2025-05-16 21:25:00,0.0,2025-05-16 21:25:00
2025-05-16 21:30:00,0.0,2025-05-16 21:30:00
2025-05-16 21:35:00,0.0,2025-05-16 21:35:00
2025-05-16 21:40:00,0.0,2025-05-16 21:40:00
2025-05-16 21:45:00,0.0,2025-05-16 21:45:00
2025-05-16 21:50:00,0.0,2025-05-16 21:50:00
2025-05-16 21:55:00,0.0,2025-05-16 21:55:00
2025-05-16 22:00:00,-797.48,2025-05-16 22:00:00
2025-05-16 22:05:00,-797.468,2025-05-16 22:05:00
2025-05-16 22:10:00,-797.461,2025-05-16 22:10:00
2025-05-16 22:15:00,-797.458,2025-05-16 22:15:00
2025-05-16 22:20:00,-797.455,2025-05-16 22:20:00
2025-05-16 22:25:00,-797.453,2025-05-16 22:25:00
2025-05-16 22:30:00,-797.451,2025-05-16 22:30:00
2025-05-16 22:35:00,-797.45,2025-05-16 22:35:00
2025-05-16 22:40:00,-797.448,2025-05-16 22:40:00
2025-05-16 22:45:00,-797.447,2025-05-16 22:45:00
2025-05-16 22:50:00,-797.446,2025-05-16 22:50:00
2025-05-16 22:55:00,-797.445,2025-05-16 22:55:00
2025-05-16 23:00:00,-797.444,2025-05-16 23:00:00
2025-05-16 23:05:00,-797.444,2025-05-16 23:05:00
2025-05-16 23:10:00,-797.443,2025-05-16 23:10:00
2025-05-16 23:15:00,-797.442,2025-05-16 23:15:00
2025-05-16 23:20:00,-797.442,2025-05-16 23:20:00
2025-05-16 23:25:00,-797.441,2025-05-16 23:25:00
2025-05-16 23:30:00,-797.44,2025-05-16 23:30:00
2025-05-16 23:35:00,-797.439,2025-05-16 23:35:00
2025-05-16 23:40:00,-797.439,2025-05-16 23:40:00
2025-05-16 23:45:00,-797.438,2025-05-16 23:45:00
2025-05-16 23:50:00,-797.438,2025-05-16 23:50:00
2025-05-16 23:55:00,-797.437,2025-05-16 23:55:00
2025-05-17 00:00:00,-2696.632,2025-05-17 00:00:00
2025-05-17 00:05:00,-2608.612,2025-05-17 00:05:00
2025-05-17 00:10:00,-2744.612,2025-05-17 00:10:00
2025-05-17 00:15:00,-2540.632,2025-05-17 00:15:00
2025-05-17 00:20:00,-2664.622,2025-05-17 00:20:00
2025-05-17 00:25:00,-2660.652,2025-05-17 00:25:00
2025-05-17 00:30:00,-2680.602,2025-05-17 00:30:00
2025-05-17 00:35:00,-2672.622,2025-05-17 00:35:00
2025-05-17 00:40:00,-2600.612,2025-05-17 00:40:00
2025-05-17 00:45:00,-2744.632,2025-05-17 00:45:00
2025-05-17 00:50:00,-2672.632,2025-05-17 00:50:00
2025-05-17 00:55:00,-2648.602,2025-05-17 00:55:00
2025-05-17 01:00:00,-2676.632,2025-05-17 01:00:00
2025-05-17 01:05:00,-2676.632,2025-05-17 01:05:00
2025-05-17 01:10:00,-2920.612,2025-05-17 01:10:00
2025-05-17 01:15:00,-2780.632,2025-05-17 01:15:00
2025-05-17 01:20:00,-2556.602,2025-05-17 01:20:00
2025-05-17 01:25:00,-2808.612,2025-05-17 01:25:00
2025-05-17 01:30:00,-2756.612,2025-05-17 01:30:00
2025-05-17 01:35:00,-2844.622,2025-05-17 01:35:00
2025-05-17 01:40:00,-2852.622,2025-05-17 01:40:00
2025-05-17 01:45:00,-2776.632,2025-05-17 01:45:00
2025-05-17 01:50:00,-2720.562,2025-05-17 01:50:00
2025-05-17 01:55:00,-2720.632,2025-05-17 01:55:00
2025-05-17 02:00:00,-2700.602,2025-05-17 02:00:00
2025-05-17 02:05:00,-2792.622,2025-05-17 02:05:00
2025-05-17 02:10:00,-2908.582,2025-05-17 02:10:00
2025-05-17 02:15:00,-2768.652,2025-05-17 02:15:00
2025-05-17 02:20:00,-2848.572,2025-05-17 02:20:00
2025-05-17 02:25:00,-2724.642,2025-05-17 02:25:00
2025-05-17 02:30:00,-2852.642,2025-05-17 02:30:00
2025-05-17 02:35:00,-2832.592,2025-05-17 02:35:00
2025-05-17 02:40:00,-2880.612,2025-05-17 02:40:00
2025-05-17 02:45:00,-2940.632,2025-05-17 02:45:00
2025-05-17 02:50:00,-2844.632,2025-05-17 02:50:00
2025-05-17 02:55:00,-2732.602,2025-05-17 02:55:00
2025-05-17 03:00:00,-2788.652,2025-05-17 03:00:00
2025-05-17 03:05:00,-2736.602,2025-05-17 03:05:00
2025-05-17 03:10:00,-2828.602,2025-05-17 03:10:00
2025-05-17 03:15:00,-2776.642,2025-05-17 03:15:00
2025-05-17 03:20:00,-2868.602,2025-05-17 03:20:00
2025-05-17 03:25:00,-3020.612,2025-05-17 03:25:00
2025-05-17 03:30:00,-3108.602,2025-05-17 03:30:00
2025-05-17 03:35:00,-3012.592,2025-05-17 03:35:00
2025-05-17 03:40:00,-3064.622,2025-05-17 03:40:00
2025-05-17 03:45:00,-3132.632,2025-05-17 03:45:00
2025-05-17 03:50:00,-3052.602,2025-05-17 03:50:00
2025-05-17 03:55:00,-2976.612,2025-05-17 03:55:00
2025-05-17 04:00:00,-2956.622,2025-05-17 04:00:00
2025-05-17 04:05:00,-3128.612,2025-05-17 04:05:00
2025-05-17 04:10:00,-3240.592,2025-05-17 04:10:00
2025-05-17 04:15:00,-3036.592,2025-05-17 04:15:00
2025-05-17 04:20:00,-3152.612,2025-05-17 04:20:00
2025-05-17 04:25:00,-3140.632,2025-05-17 04:25:00
2025-05-17 04:30:00,-3072.622,2025-05-17 04:30:00
2025-05-17 04:35:00,-3112.612,2025-05-17 04:35:00
2025-05-17 04:40:00,-3088.622,2025-05-17 04:40:00
2025-05-17 04:45:00,-3048.622,2025-05-17 04:45:00
2025-05-17 04:50:00,-3084.612,2025-05-17 04:50:00
2025-05-17 04:55:00,-3156.592,2025-05-17 04:55:00
2025-05-17 05:00:00,-3088.632,2025-05-17 05:00:00
2025-05-17 05:05:00,-3044.622,2025-05-17 05:05:00
2025-05-17 05:10:00,-3144.622,2025-05-17 05:10:00
2025-05-17 05:15:00,-3124.622,2025-05-17 05:15:00
2025-05-17 05:20:00,-3008.602,2025-05-17 05:20:00
2025-05-17 05:25:00,-3048.622,2025-05-17 05:25:00
2025-05-17 05:30:00,-3200.602,2025-05-17 05:30:00
2025-05-17 05:35:00,-3136.632,2025-05-17 05:35:00
2025-05-17 05:40:00,-3164.592,2025-05-17 05:40:00
2025-05-17 05:45:00,-3036.642,2025-05-17 05:45:00
2025-05-17 05:50:00,-3120.592,2025-05-17 05:50:00
2025-05-17 05:55:00,-3040.632,2025-05-17 05:55:00
2025-05-17 06:00:00,0.0,2025-05-17 06:00:00
2025-05-17 06:05:00,0.0,2025-05-17 06:05:00
2025-05-17 06:10:00,0.0,2025-05-17 06:10:00
2025-05-17 06:15:00,0.0,2025-05-17 06:15:00
2025-05-17 06:20:00,0.0,2025-05-17 06:20:00
2025-05-17 06:25:00,0.0,2025-05-17 06:25:00
2025-05-17 06:30:00,0.0,2025-05-17 06:30:00
2025-05-17 06:35:00,0.0,2025-05-17 06:35:00
2025-05-17 06:40:00,0.0,2025-05-17 06:40:00
2025-05-17 06:45:00,0.0,2025-05-17 06:45:00
2025-05-17 06:50:00,0.0,2025-05-17 06:50:00
2025-05-17 06:55:00,0.0,2025-05-17 06:55:00
2025-05-17 07:00:00,0.0,2025-05-17 07:00:00
2025-05-17 07:05:00,0.0,2025-05-17 07:05:00
2025-05-17 07:10:00,0.0,2025-05-17 07:10:00
2025-05-17 07:15:00,0.0,2025-05-17 07:15:00
2025-05-17 07:20:00,0.0,2025-05-17 07:20:00
2025-05-17 07:25:00,0.0,2025-05-17 07:25:00
2025-05-17 07:30:00,0.0,2025-05-17 07:30:00
2025-05-17 07:35:00,0.0,2025-05-17 07:35:00
2025-05-17 07:40:00,0.0,2025-05-17 07:40:00
2025-05-17 07:45:00,0.0,2025-05-17 07:45:00
2025-05-17 07:50:00,0.0,2025-05-17 07:50:00
2025-05-17 07:55:00,0.0,2025-05-17 07:55:00
2025-05-17 08:00:00,9000.0,2025-05-17 08:00:00
2025-05-17 08:05:00,9000.0,2025-05-17 08:05:00
2025-05-17 08:10:00,9000.0,2025-05-17 08:10:00
2025-05-17 08:15:00,9000.0,2025-05-17 08:15:00
2025-05-17 08:20:00,9000.0,2025-05-17 08:20:00
2025-05-17 08:25:00,9000.0,2025-05-17 08:25:00
2025-05-17 08:30:00,9000.0,2025-05-17 08:30:00
2025-05-17 08:35:00,9000.0,2025-05-17 08:35:00
2025-05-17 08:40:00,9000.0,2025-05-17 08:40:00
2025-05-17 08:45:00,9000.0,2025-05-17 08:45:00
2025-05-17 08:50:00,9000.0,2025-05-17 08:50:00
2025-05-17 08:55:00,9000.0,2025-05-17 08:55:00
2025-05-17 09:00:00,9000.0,2025-05-17 09:00:00
2025-05-17 09:05:00,9000.0,2025-05-17 09:05:00
2025-05-17 09:10:00,9000.0,2025-05-17 09:10:00
2025-05-17 09:15:00,9000.0,2025-05-17 09:15:00
2025-05-17 09:20:00,9000.0,2025-05-17 09:20:00
2025-05-17 09:25:00,9000.0,2025-05-17 09:25:00
2025-05-17 09:30:00,8999.999,2025-05-17 09:30:00
2025-05-17 09:35:00,8999.999,2025-05-17 09:35:00
2025-05-17 09:40:00,8999.999,2025-05-17 09:40:00
2025-05-17 09:45:00,8999.998,2025-05-17 09:45:00
2025-05-17 09:50:00,1043.997,2025-05-17 09:50:00
2025-05-17 09:55:00,0.0,2025-05-17 09:55:00
2025-05-17 10:00:00,0.0,2025-05-17 10:00:00
2025-05-17 10:05:00,0.0,2025-05-17 10:05:00
2025-05-17 10:10:00,0.0,2025-05-17 10:10:00
2025-05-17 10:15:00,0.0,2025-05-17 10:15:00
2025-05-17 10:20:00,0.0,2025-05-17 10:20:00
2025-05-17 10:25:00,0.0,2025-05-17 10:25:00
2025-05-17 10:30:00,0.0,2025-05-17 10:30:00
2025-05-17 10:35:00,0.0,2025-05-17 10:35:00
2025-05-17 10:40:00,0.0,2025-05-17 10:40:00
2025-05-17 10:45:00,0.0,2025-05-17 10:45:00
2025-05-17 10:50:00,0.0,2025-05-17 10:50:00
2025-05-17 10:55:00,0.0,2025-05-17 10:55:00
2025-05-17 11:00:00,-2714.434,2025-05-17 11:00:00
2025-05-17 11:05:00,-2714.808,2025-05-17 11:05:00
2025-05-17 11:10:00,-2714.424,2025-05-17 11:10:00
2025-05-17 11:15:00,-2714.405,2025-05-17 11:15:00
2025-05-17 11:20:00,-2714.529,2025-05-17 11:20:00
2025-05-17 11:25:00,-2696.539,2025-05-17 11:25:00
2025-05-17 11:30:00,-2714.624,2025-05-17 11:30:00
2025-05-17 11:35:00,-2714.448,2025-05-17 11:35:00
2025-05-17 11:40:00,-2714.423,2025-05-17 11:40:00
2025-05-17 11:45:00,-2708.167,2025-05-17 11:45:00
2025-05-17 11:50:00,-2714.446,2025-05-17 11:50:00
2025-05-17 11:55:00,-2714.449,2025-05-17 11:55:00
2025-05-17 12:00:00,-2713.251,2025-05-17 12:00:00
2025-05-17 12:05:00,-2714.443,2025-05-17 12:05:00
2025-05-17 12:10:00,-2714.474,2025-05-17 12:10:00
2025-05-17 12:15:00,-2652.614,2025-05-17 12:15:00
2025-05-17 12:20:00,-2714.483,2025-05-17 12:20:00
2025-05-17 12:25:00,-2714.488,2025-05-17 12:25:00
2025-05-17 12:30:00,-2714.466,2025-05-17 12:30:00
2025-05-17 12:35:00,-2714.861,2025-05-17 12:35:00
2025-05-17 12:40:00,-2714.502,2025-05-17 12:40:00
2025-05-17 12:45:00,-2714.508,2025-05-17 12:45:00
2025-05-17 12:50:00,-2714.497,2025-05-17 12:50:00
2025-05-17 12:55:00,-2714.565,2025-05-17 12:55:00
2025-05-17 13:00:00,-2714.475,2025-05-17 13:00:00
2025-05-17 13:05:00,-2714.704,2025-05-17 13:05:00
2025-05-17 13:10:00,-2714.512,2025-05-17 13:10:00
2025-05-17 13:15:00,-2714.487,2025-05-17 13:15:00
2025-05-17 13:20:00,-2714.561,2025-05-17 13:20:00
2025-05-17 13:25:00,-2714.5,2025-05-17 13:25:00
2025-05-17 13:30:00,-2668.626,2025-05-17 13:30:00
2025-05-17 13:35:00,-2711.278,2025-05-17 13:35:00
2025-05-17 13:40:00,-2714.506,2025-05-17 13:40:00
2025-05-17 13:45:00,-2714.523,2025-05-17 13:45:00
2025-05-17 13:50:00,-2714.517,2025-05-17 13:50:00
2025-05-17 13:55:00,-2714.517,2025-05-17 13:55:00
2025-05-17 14:00:00,-2640.548,2025-05-17 14:00:00
2025-05-17 14:05:00,-2714.589,2025-05-17 14:05:00
2025-05-17 14:10:00,-2714.565,2025-05-17 14:10:00
2025-05-17 14:15:00,-2714.562,2025-05-17 14:15:00
2025-05-17 14:20:00,-2714.895,2025-05-17 14:20:00
2025-05-17 14:25:00,-2714.547,2025-05-17 14:25:00
2025-05-17 14:30:00,-2714.584,2025-05-17 14:30:00
2025-05-17 14:35:00,-2714.54,2025-05-17 14:35:00
2025-05-17 14:40:00,-2640.578,2025-05-17 14:40:00
2025-05-17 14:45:00,-2714.843,2025-05-17 14:45:00
2025-05-17 14:50:00,-2714.639,2025-05-17 14:50:00
2025-05-17 14:55:00,-2714.606,2025-05-17 14:55:00
2025-05-17 15:00:00,-2714.68,2025-05-17 15:00:00
2025-05-17 15:05:00,-2714.601,2025-05-17 15:05:00
2025-05-17 15:10:00,-2714.849,2025-05-17 15:10:00
2025-05-17 15:15:00,-2714.579,2025-05-17 15:15:00
2025-05-17 15:20:00,-2714.599,2025-05-17 15:20:00
2025-05-17 15:25:00,-2714.619,2025-05-17 15:25:00
2025-05-17 15:30:00,-2714.627,2025-05-17 15:30:00
2025-05-17 15:35:00,-2714.635,2025-05-17 15:35:00
2025-05-17 15:40:00,-2714.639,2025-05-17 15:40:00
2025-05-17 15:45:00,-2714.634,2025-05-17 15:45:00
2025-05-17 15:50:00,-2714.639,2025-05-17 15:50:00
2025-05-17 15:55:00,-2714.615,2025-05-17 15:55:00
2025-05-17 16:00:00,-2714.625,2025-05-17 16:00:00
2025-05-17 16:05:00,-2714.574,2025-05-17 16:05:00
2025-05-17 16:10:00,-2714.633,2025-05-17 16:10:00
2025-05-17 16:15:00,-2714.615,2025-05-17 16:15:00
2025-05-17 16:20:00,-2714.607,2025-05-17 16:20:00
2025-05-17 16:25:00,-2714.606,2025-05-17 16:25:00
2025-05-17 16:30:00,-2714.622,2025-05-17 16:30:00
2025-05-17 16:35:00,-2714.614,2025-05-17 16:35:00
2025-05-17 16:40:00,-2714.609,2025-05-17 16:40:00
2025-05-17 16:45:00,-2714.541,2025-05-17 16:45:00
2025-05-17 16:50:00,-2714.608,2025-05-17 16:50:00
2025-05-17 16:55:00,-2714.527,2025-05-17 16:55:00
2025-05-17 17:00:00,-2714.571,2025-05-17 17:00:00
2025-05-17 17:05:00,-2714.584,2025-05-17 17:05:00
2025-05-17 17:10:00,-2714.589,2025-05-17 17:10:00
2025-05-17 17:15:00,-2714.51,2025-05-17 17:15:00
2025-05-17 17:20:00,-2714.524,2025-05-17 17:20:00
2025-05-17 17:25:00,-2714.539,2025-05-17 17:25:00
2025-05-17 17:30:00,-2714.501,2025-05-17 17:30:00
2025-05-17 17:35:00,-2714.502,2025-05-17 17:35:00
2025-05-17 17:40:00,-2714.546,2025-05-17 17:40:00
2025-05-17 17:45:00,-2714.549,2025-05-17 17:45:00
2025-05-17 17:50:00,-2714.738,2025-05-17 17:50:00
2025-05-17 17:55:00,-2714.531,2025-05-17 17:55:00
2025-05-17 18:00:00,9000.0,2025-05-17 18:00:00
2025-05-17 18:05:00,9000.0,2025-05-17 18:05:00
2025-05-17 18:10:00,9000.0,2025-05-17 18:10:00
2025-05-17 18:15:00,9000.0,2025-05-17 18:15:00
2025-05-17 18:20:00,9000.0,2025-05-17 18:20:00
2025-05-17 18:25:00,9000.0,2025-05-17 18:25:00
2025-05-17 18:30:00,9000.0,2025-05-17 18:30:00
2025-05-17 18:35:00,9000.0,2025-05-17 18:35:00
2025-05-17 18:40:00,9000.0,2025-05-17 18:40:00
2025-05-17 18:45:00,9000.0,2025-05-17 18:45:00
2025-05-17 18:50:00,9000.0,2025-05-17 18:50:00
2025-05-17 18:55:00,9000.0,2025-05-17 18:55:00
2025-05-17 19:00:00,9000.0,2025-05-17 19:00:00
2025-05-17 19:05:00,9000.0,2025-05-17 19:05:00
2025-05-17 19:10:00,9000.0,2025-05-17 19:10:00
2025-05-17 19:15:00,9000.0,2025-05-17 19:15:00
2025-05-17 19:20:00,9000.0,2025-05-17 19:20:00
2025-05-17 19:25:00,9000.0,2025-05-17 19:25:00
2025-05-17 19:30:00,8999.999,2025-05-17 19:30:00
2025-05-17 19:35:00,8999.999,2025-05-17 19:35:00
2025-05-17 19:40:00,8999.999,2025-05-17 19:40:00
2025-05-17 19:45:00,8999.998,2025-05-17 19:45:00
2025-05-17 19:50:00,1043.997,2025-05-17 19:50:00
2025-05-17 19:55:00,0.0,2025-05-17 19:55:00
2025-05-17 20:00:00,0.0,2025-05-17 20:00:00
2025-05-17 20:05:00,0.0,2025-05-17 20:05:00
2025-05-17 20:10:00,0.0,2025-05-17 20:10:00
2025-05-17 20:15:00,0.0,2025-05-17 20:15:00
2025-05-17 20:20:00,0.0,2025-05-17 20:20:00
2025-05-17 20:25:00,0.0,2025-05-17 20:25:00
2025-05-17 20:30:00,0.0,2025-05-17 20:30:00
2025-05-17 20:35:00,0.0,2025-05-17 20:35:00
2025-05-17 20:40:00,0.0,2025-05-17 20:40:00
2025-05-17 20:45:00,0.0,2025-05-17 20:45:00
2025-05-17 20:50:00,0.0,2025-05-17 20:50:00
2025-05-17 20:55:00,0.0,2025-05-17 20:55:00
2025-05-17 21:00:00,0.0,2025-05-17 21:00:00
2025-05-17 21:05:00,0.0,2025-05-17 21:05:00
2025-05-17 21:10:00,0.0,2025-05-17 21:10:00
2025-05-17 21:15:00,0.0,2025-05-17 21:15:00
2025-05-17 21:20:00,0.0,2025-05-17 21:20:00
2025-05-17 21:25:00,0.0,2025-05-17 21:25:00
2025-05-17 21:30:00,0.0,2025-05-17 21:30:00
2025-05-17 21:35:00,0.0,2025-05-17 21:35:00
2025-05-17 21:40:00,0.0,2025-05-17 21:40:00
2025-05-17 21:45:00,0.0,2025-05-17 21:45:00
2025-05-17 21:50:00,0.0,2025-05-17 21:50:00
2025-05-17 21:55:00,0.0,2025-05-17 21:55:00
2025-05-17 22:00:00,-2337.552,2025-05-17 22:00:00
2025-05-17 22:05:00,-2372.598,2025-05-17 22:05:00
2025-05-17 22:10:00,-2372.601,2025-05-17 22:10:00
2025-05-17 22:15:00,-2372.55,2025-05-17 22:15:00
2025-05-17 22:20:00,-2372.575,2025-05-17 22:20:00
2025-05-17 22:25:00,-2372.586,2025-05-17 22:25:00
2025-05-17 22:30:00,-2313.554,2025-05-17 22:30:00
2025-05-17 22:35:00,-2372.353,2025-05-17 22:35:00
2025-05-17 22:40:00,-2372.61,2025-05-17 22:40:00
2025-05-17 22:45:00,-2372.601,2025-05-17 22:45:00
2025-05-17 22:50:00,-2372.621,2025-05-17 22:50:00
2025-05-17 22:55:00,-2372.625,2025-05-17 22:55:00
2025-05-17 23:00:00,-2372.653,2025-05-17 23:00:00
2025-05-17 23:05:00,-2372.656,2025-05-17 23:05:00
2025-05-17 23:10:00,-2372.672,2025-05-17 23:10:00
2025-05-17 23:15:00,-2372.667,2025-05-17 23:15:00
2025-05-17 23:20:00,-2372.686,2025-05-17 23:20:00
2025-05-17 23:25:00,-2372.706,2025-05-17 23:25:00
2025-05-17 23:30:00,-2372.712,2025-05-17 23:30:00
2025-05-17 23:35:00,-2372.736,2025-05-17 23:35:00
2025-05-17 23:40:00,-2372.744,2025-05-17 23:40:00
2025-05-17 23:45:00,-2372.757,2025-05-17 23:45:00
2025-05-17 23:50:00,-2372.785,2025-05-17 23:50:00
2025-05-17 23:55:00,-2372.799,2025-05-17 23:55:00
2025-05-18 00:00:00,-2372.803,2025-05-18 00:00:00
2025-05-18 00:05:00,-2372.825,2025-05-18 00:05:00
2025-05-18 00:10:00,-2372.85,2025-05-18 00:10:00
2025-05-18 00:15:00,-2372.856,2025-05-18 00:15:00
2025-05-18 00:20:00,-2372.876,2025-05-18 00:20:00
2025-05-18 00:25:00,-2372.888,2025-05-18 00:25:00
2025-05-18 00:30:00,-2372.905,2025-05-18 00:30:00
2025-05-18 00:35:00,-2372.921,2025-05-18 00:35:00
2025-05-18 00:40:00,-2372.938,2025-05-18 00:40:00
2025-05-18 00:45:00,-2372.958,2025-05-18 00:45:00
2025-05-18 00:50:00,-2372.975,2025-05-18 00:50:00
2025-05-18 00:55:00,-2372.978,2025-05-18 00:55:00
2025-05-18 01:00:00,-2372.982,2025-05-18 01:00:00
2025-05-18 01:05:00,-2373.021,2025-05-18 01:05:00
2025-05-18 01:10:00,-2373.036,2025-05-18 01:10:00
2025-05-18 01:15:00,-2373.051,2025-05-18 01:15:00
2025-05-18 01:20:00,-2373.08,2025-05-18 01:20:00
2025-05-18 01:25:00,-2373.092,2025-05-18 01:25:00
2025-05-18 01:30:00,-2373.116,2025-05-18 01:30:00
2025-05-18 01:35:00,-2373.127,2025-05-18 01:35:00
2025-05-18 01:40:00,-2373.156,2025-05-18 01:40:00
2025-05-18 01:45:00,-2373.181,2025-05-18 01:45:00
2025-05-18 01:50:00,-2373.196,2025-05-18 01:50:00
2025-05-18 01:55:00,-2373.234,2025-05-18 01:55:00
2025-05-18 02:00:00,-2373.241,2025-05-18 02:00:00
2025-05-18 02:05:00,-2373.272,2025-05-18 02:05:00
2025-05-18 02:10:00,-2373.276,2025-05-18 02:10:00
2025-05-18 02:15:00,-2373.307,2025-05-18 02:15:00
2025-05-18 02:20:00,-2373.333,2025-05-18 02:20:00
2025-05-18 02:25:00,-2373.351,2025-05-18 02:25:00
2025-05-18 02:30:00,-2373.362,2025-05-18 02:30:00
2025-05-18 02:35:00,-2373.392,2025-05-18 02:35:00
2025-05-18 02:40:00,-2373.428,2025-05-18 02:40:00
2025-05-18 02:45:00,-2373.433,2025-05-18 02:45:00
2025-05-18 02:50:00,-2373.462,2025-05-18 02:50:00
2025-05-18 02:55:00,-2373.482,2025-05-18 02:55:00
2025-05-18 03:00:00,-2373.501,2025-05-18 03:00:00
2025-05-18 03:05:00,-2373.53,2025-05-18 03:05:00
2025-05-18 03:10:00,-2373.544,2025-05-18 03:10:00
2025-05-18 03:15:00,-2373.579,2025-05-18 03:15:00
2025-05-18 03:20:00,-2373.588,2025-05-18 03:20:00
2025-05-18 03:25:00,-2373.624,2025-05-18 03:25:00
2025-05-18 03:30:00,-2373.642,2025-05-18 03:30:00
2025-05-18 03:35:00,-2373.647,2025-05-18 03:35:00
2025-05-18 03:40:00,-2373.668,2025-05-18 03:40:00
2025-05-18 03:45:00,-2373.678,2025-05-18 03:45:00
2025-05-18 03:50:00,-2373.713,2025-05-18 03:50:00
2025-05-18 03:55:00,-2373.727,2025-05-18 03:55:00
2025-05-18 04:00:00,-2373.752,2025-05-18 04:00:00
2025-05-18 04:05:00,-2373.766,2025-05-18 04:05:00
2025-05-18 04:10:00,-2373.784,2025-05-18 04:10:00
2025-05-18 04:15:00,-2373.791,2025-05-18 04:15:00
2025-05-18 04:20:00,-2373.818,2025-05-18 04:20:00
2025-05-18 04:25:00,-2373.838,2025-05-18 04:25:00
2025-05-18 04:30:00,-2373.847,2025-05-18 04:30:00
2025-05-18 04:35:00,-2373.88,2025-05-18 04:35:00
2025-05-18 04:40:00,-2373.895,2025-05-18 04:40:00
2025-05-18 04:45:00,-2373.896,2025-05-18 04:45:00
2025-05-18 04:50:00,-2373.916,2025-05-18 04:50:00
2025-05-18 04:55:00,-2373.921,2025-05-18 04:55:00
2025-05-18 05:00:00,-2373.943,2025-05-18 05:00:00
2025-05-18 05:05:00,-2373.955,2025-05-18 05:05:00
2025-05-18 05:10:00,-2373.958,2025-05-18 05:10:00
2025-05-18 05:15:00,-2373.958,2025-05-18 05:15:00
2025-05-18 05:20:00,-2373.98,2025-05-18 05:20:00
2025-05-18 05:25:00,-2373.981,2025-05-18 05:25:00
2025-05-18 05:30:00,-2373.993,2025-05-18 05:30:00
2025-05-18 05:35:00,-2373.996,2025-05-18 05:35:00
2025-05-18 05:40:00,-2374.006,2025-05-18 05:40:00
2025-05-18 05:45:00,-2374.006,2025-05-18 05:45:00
2025-05-18 05:50:00,-2374.007,2025-05-18 05:50:00
2025-05-18 05:55:00,-2374.017,2025-05-18 05:55:00
2025-05-18 06:00:00,0.0,2025-05-18 06:00:00
2025-05-18 06:05:00,0.0,2025-05-18 06:05:00
2025-05-18 06:10:00,0.0,2025-05-18 06:10:00
2025-05-18 06:15:00,0.0,2025-05-18 06:15:00
2025-05-18 06:20:00,0.0,2025-05-18 06:20:00
2025-05-18 06:25:00,0.0,2025-05-18 06:25:00
2025-05-18 06:30:00,0.0,2025-05-18 06:30:00
2025-05-18 06:35:00,0.0,2025-05-18 06:35:00
2025-05-18 06:40:00,0.0,2025-05-18 06:40:00
2025-05-18 06:45:00,0.0,2025-05-18 06:45:00
2025-05-18 06:50:00,0.0,2025-05-18 06:50:00
2025-05-18 06:55:00,0.0,2025-05-18 06:55:00
2025-05-18 07:00:00,0.0,2025-05-18 07:00:00
2025-05-18 07:05:00,0.0,2025-05-18 07:05:00
2025-05-18 07:10:00,0.0,2025-05-18 07:10:00
2025-05-18 07:15:00,0.0,2025-05-18 07:15:00
2025-05-18 07:20:00,0.0,2025-05-18 07:20:00
2025-05-18 07:25:00,0.0,2025-05-18 07:25:00
2025-05-18 07:30:00,0.0,2025-05-18 07:30:00
2025-05-18 07:35:00,0.0,2025-05-18 07:35:00
2025-05-18 07:40:00,0.0,2025-05-18 07:40:00
2025-05-18 07:45:00,0.0,2025-05-18 07:45:00
2025-05-18 07:50:00,0.0,2025-05-18 07:50:00
2025-05-18 07:55:00,0.0,2025-05-18 07:55:00
2025-05-18 08:00:00,9000.0,2025-05-18 08:00:00
2025-05-18 08:05:00,9000.0,2025-05-18 08:05:00
2025-05-18 08:10:00,9000.0,2025-05-18 08:10:00
2025-05-18 08:15:00,9000.0,2025-05-18 08:15:00
2025-05-18 08:20:00,9000.0,2025-05-18 08:20:00
2025-05-18 08:25:00,9000.0,2025-05-18 08:25:00
2025-05-18 08:30:00,9000.0,2025-05-18 08:30:00
2025-05-18 08:35:00,9000.0,2025-05-18 08:35:00
2025-05-18 08:40:00,9000.0,2025-05-18 08:40:00
2025-05-18 08:45:00,9000.0,2025-05-18 08:45:00
2025-05-18 08:50:00,9000.0,2025-05-18 08:50:00
2025-05-18 08:55:00,9000.0,2025-05-18 08:55:00
2025-05-18 09:00:00,9000.0,2025-05-18 09:00:00
2025-05-18 09:05:00,9000.0,2025-05-18 09:05:00
2025-05-18 09:10:00,9000.0,2025-05-18 09:10:00
2025-05-18 09:15:00,9000.0,2025-05-18 09:15:00
2025-05-18 09:20:00,9000.0,2025-05-18 09:20:00
2025-05-18 09:25:00,9000.0,2025-05-18 09:25:00
2025-05-18 09:30:00,9000.0,2025-05-18 09:30:00
2025-05-18 09:35:00,9000.0,2025-05-18 09:35:00
2025-05-18 09:40:00,8999.999,2025-05-18 09:40:00
2025-05-18 09:45:00,8999.999,2025-05-18 09:45:00
2025-05-18 09:50:00,1043.998,2025-05-18 09:50:00
2025-05-18 09:55:00,0.0,2025-05-18 09:55:00
2025-05-18 10:00:00,0.0,2025-05-18 10:00:00
2025-05-18 10:05:00,0.0,2025-05-18 10:05:00
2025-05-18 10:10:00,0.0,2025-05-18 10:10:00
2025-05-18 10:15:00,0.0,2025-05-18 10:15:00
2025-05-18 10:20:00,0.0,2025-05-18 10:20:00
2025-05-18 10:25:00,0.0,2025-05-18 10:25:00
2025-05-18 10:30:00,0.0,2025-05-18 10:30:00
2025-05-18 10:35:00,0.0,2025-05-18 10:35:00
2025-05-18 10:40:00,0.0,2025-05-18 10:40:00
2025-05-18 10:45:00,0.0,2025-05-18 10:45:00
2025-05-18 10:50:00,0.0,2025-05-18 10:50:00
2025-05-18 10:55:00,0.0,2025-05-18 10:55:00
2025-05-18 11:00:00,-2736.21,2025-05-18 11:00:00
2025-05-18 11:05:00,-2736.204,2025-05-18 11:05:00
2025-05-18 11:10:00,-2736.202,2025-05-18 11:10:00
2025-05-18 11:15:00,-2736.199,2025-05-18 11:15:00
2025-05-18 11:20:00,-2736.188,2025-05-18 11:20:00
2025-05-18 11:25:00,-2736.19,2025-05-18 11:25:00
2025-05-18 11:30:00,-2736.193,2025-05-18 11:30:00
2025-05-18 11:35:00,-2736.18,2025-05-18 11:35:00
2025-05-18 11:40:00,-2736.157,2025-05-18 11:40:00
2025-05-18 11:45:00,-2736.138,2025-05-18 11:45:00
2025-05-18 11:50:00,-2736.135,2025-05-18 11:50:00
2025-05-18 11:55:00,-2736.111,2025-05-18 11:55:00
2025-05-18 12:00:00,-2736.097,2025-05-18 12:00:00
2025-05-18 12:05:00,-2736.089,2025-05-18 12:05:00
2025-05-18 12:10:00,-2736.071,2025-05-18 12:10:00
2025-05-18 12:15:00,-2736.048,2025-05-18 12:15:00
2025-05-18 12:20:00,-2736.017,2025-05-18 12:20:00
2025-05-18 12:25:00,-2736.009,2025-05-18 12:25:00
2025-05-18 12:30:00,-2736.0,2025-05-18 12:30:00
2025-05-18 12:35:00,-2735.958,2025-05-18 12:35:00
2025-05-18 12:40:00,-2735.95,2025-05-18 12:40:00
2025-05-18 12:45:00,-2735.931,2025-05-18 12:45:00
2025-05-18 12:50:00,-2735.905,2025-05-18 12:50:00
2025-05-18 12:55:00,-2735.878,2025-05-18 12:55:00
2025-05-18 13:00:00,-2735.86,2025-05-18 13:00:00
2025-05-18 13:05:00,-2735.85,2025-05-18 13:05:00
2025-05-18 13:10:00,-2735.792,2025-05-18 13:10:00
2025-05-18 13:15:00,-2735.759,2025-05-18 13:15:00
2025-05-18 13:20:00,-2735.719,2025-05-18 13:20:00
2025-05-18 13:25:00,-2735.691,2025-05-18 13:25:00
2025-05-18 13:30:00,-2735.649,2025-05-18 13:30:00
2025-05-18 13:35:00,-2735.607,2025-05-18 13:35:00
2025-05-18 13:40:00,-2735.58,2025-05-18 13:40:00
2025-05-18 13:45:00,-2735.538,2025-05-18 13:45:00
2025-05-18 13:50:00,-2735.511,2025-05-18 13:50:00
2025-05-18 13:55:00,-2735.454,2025-05-18 13:55:00
2025-05-18 14:00:00,-2735.407,2025-05-18 14:00:00
2025-05-18 14:05:00,-2735.384,2025-05-18 14:05:00
2025-05-18 14:10:00,-2735.318,2025-05-18 14:10:00
2025-05-18 14:15:00,-2735.298,2025-05-18 14:15:00
2025-05-18 14:20:00,-2693.558,2025-05-18 14:20:00
2025-05-18 14:25:00,-2677.574,2025-05-18 14:25:00
2025-05-18 14:30:00,-2735.181,2025-05-18 14:30:00
2025-05-18 14:35:00,-2735.1,2025-05-18 14:35:00
2025-05-18 14:40:00,-2735.102,2025-05-18 14:40:00
2025-05-18 14:45:00,-2735.102,2025-05-18 14:45:00
2025-05-18 14:50:00,-2735.05,2025-05-18 14:50:00
2025-05-18 14:55:00,-2734.684,2025-05-18 14:55:00
2025-05-18 15:00:00,-2734.531,2025-05-18 15:00:00
2025-05-18 15:05:00,-2734.938,2025-05-18 15:05:00
2025-05-18 15:10:00,-2734.927,2025-05-18 15:10:00
2025-05-18 15:15:00,-2734.861,2025-05-18 15:15:00
2025-05-18 15:20:00,-2734.864,2025-05-18 15:20:00
2025-05-18 15:25:00,-2685.581,2025-05-18 15:25:00
2025-05-18 15:30:00,-2729.418,2025-05-18 15:30:00
2025-05-18 15:35:00,-2734.373,2025-05-18 15:35:00
2025-05-18 15:40:00,-2734.672,2025-05-18 15:40:00
2025-05-18 15:45:00,-2734.702,2025-05-18 15:45:00
2025-05-18 15:50:00,-2721.502,2025-05-18 15:50:00
2025-05-18 15:55:00,-2677.594,2025-05-18 15:55:00
2025-05-18 16:00:00,-2549.569,2025-05-18 16:00:00
2025-05-18 16:05:00,-2734.662,2025-05-18 16:05:00
2025-05-18 16:10:00,-2734.64,2025-05-18 16:10:00
2025-05-18 16:15:00,-2709.516,2025-05-18 16:15:00
2025-05-18 16:20:00,-2713.573,2025-05-18 16:20:00
2025-05-18 16:25:00,-2473.611,2025-05-18 16:25:00
2025-05-18 16:30:00,-2625.564,2025-05-18 16:30:00
2025-05-18 16:35:00,-2677.554,2025-05-18 16:35:00
2025-05-18 16:40:00,-2649.541,2025-05-18 16:40:00
2025-05-18 16:45:00,-2685.551,2025-05-18 16:45:00
2025-05-18 16:50:00,-2697.565,2025-05-18 16:50:00
2025-05-18 16:55:00,-2732.856,2025-05-18 16:55:00
2025-05-18 17:00:00,-2617.565,2025-05-18 17:00:00
2025-05-18 17:05:00,-2585.557,2025-05-18 17:05:00
2025-05-18 17:10:00,-2593.577,2025-05-18 17:10:00
2025-05-18 17:15:00,-2621.594,2025-05-18 17:15:00
2025-05-18 17:20:00,-2661.558,2025-05-18 17:20:00
2025-05-18 17:25:00,-2734.437,2025-05-18 17:25:00
2025-05-18 17:30:00,-2697.565,2025-05-18 17:30:00
2025-05-18 17:35:00,-2734.426,2025-05-18 17:35:00
2025-05-18 17:40:00,-2734.335,2025-05-18 17:40:00
2025-05-18 17:45:00,-2609.566,2025-05-18 17:45:00
2025-05-18 17:50:00,-2521.56,2025-05-18 17:50:00
2025-05-18 17:55:00,-2734.396,2025-05-18 17:55:00
2025-05-18 18:00:00,9000.0,2025-05-18 18:00:00
2025-05-18 18:05:00,9000.0,2025-05-18 18:05:00
2025-05-18 18:10:00,9000.0,2025-05-18 18:10:00
2025-05-18 18:15:00,9000.0,2025-05-18 18:15:00
2025-05-18 18:20:00,9000.0,2025-05-18 18:20:00
2025-05-18 18:25:00,9000.0,2025-05-18 18:25:00
2025-05-18 18:30:00,9000.0,2025-05-18 18:30:00
2025-05-18 18:35:00,9000.0,2025-05-18 18:35:00
2025-05-18 18:40:00,9000.0,2025-05-18 18:40:00
2025-05-18 18:45:00,9000.0,2025-05-18 18:45:00
2025-05-18 18:50:00,9000.0,2025-05-18 18:50:00
2025-05-18 18:55:00,9000.0,2025-05-18 18:55:00
2025-05-18 19:00:00,9000.0,2025-05-18 19:00:00
2025-05-18 19:05:00,9000.0,2025-05-18 19:05:00
2025-05-18 19:10:00,9000.0,2025-05-18 19:10:00
2025-05-18 19:15:00,9000.0,2025-05-18 19:15:00
2025-05-18 19:20:00,9000.0,2025-05-18 19:20:00
2025-05-18 19:25:00,9000.0,2025-05-18 19:25:00
2025-05-18 19:30:00,9000.0,2025-05-18 19:30:00
2025-05-18 19:35:00,9000.0,2025-05-18 19:35:00
2025-05-18 19:40:00,8999.999,2025-05-18 19:40:00
2025-05-18 19:45:00,8999.999,2025-05-18 19:45:00
2025-05-18 19:50:00,1043.998,2025-05-18 19:50:00
2025-05-18 19:55:00,0.0,2025-05-18 19:55:00
2025-05-18 20:00:00,0.0,2025-05-18 20:00:00
2025-05-18 20:05:00,0.0,2025-05-18 20:05:00
2025-05-18 20:10:00,0.0,2025-05-18 20:10:00
2025-05-18 20:15:00,0.0,2025-05-18 20:15:00
2025-05-18 20:20:00,0.0,2025-05-18 20:20:00
2025-05-18 20:25:00,0.0,2025-05-18 20:25:00
2025-05-18 20:30:00,0.0,2025-05-18 20:30:00
2025-05-18 20:35:00,0.0,2025-05-18 20:35:00
2025-05-18 20:40:00,0.0,2025-05-18 20:40:00
2025-05-18 20:45:00,0.0,2025-05-18 20:45:00
2025-05-18 20:50:00,0.0,2025-05-18 20:50:00
2025-05-18 20:55:00,0.0,2025-05-18 20:55:00
2025-05-18 21:00:00,0.0,2025-05-18 21:00:00
2025-05-18 21:05:00,0.0,2025-05-18 21:05:00
2025-05-18 21:10:00,0.0,2025-05-18 21:10:00
2025-05-18 21:15:00,0.0,2025-05-18 21:15:00
2025-05-18 21:20:00,0.0,2025-05-18 21:20:00
2025-05-18 21:25:00,0.0,2025-05-18 21:25:00
2025-05-18 21:30:00,0.0,2025-05-18 21:30:00
2025-05-18 21:35:00,0.0,2025-05-18 21:35:00
2025-05-18 21:40:00,0.0,2025-05-18 21:40:00
2025-05-18 21:45:00,0.0,2025-05-18 21:45:00
2025-05-18 21:50:00,0.0,2025-05-18 21:50:00
2025-05-18 21:55:00,0.0,2025-05-18 21:55:00
2025-05-18 22:00:00,-2953.299,2025-05-18 22:00:00
2025-05-18 22:05:00,-2957.279,2025-05-18 22:05:00
2025-05-18 22:10:00,-2877.319,2025-05-18 22:10:00
2025-05-18 22:15:00,-2989.329,2025-05-18 22:15:00
2025-05-18 22:20:00,-3009.289,2025-05-18 22:20:00
2025-05-18 22:25:00,-3041.309,2025-05-18 22:25:00
2025-05-18 22:30:00,-2913.289,2025-05-18 22:30:00
2025-05-18 22:35:00,-2961.319,2025-05-18 22:35:00
2025-05-18 22:40:00,-3021.289,2025-05-18 22:40:00
2025-05-18 22:45:00,-2993.269,2025-05-18 22:45:00
2025-05-18 22:50:00,-2985.319,2025-05-18 22:50:00
2025-05-18 22:55:00,-2945.319,2025-05-18 22:55:00
2025-05-18 23:00:00,-3053.289,2025-05-18 23:00:00
2025-05-18 23:05:00,-2977.319,2025-05-18 23:05:00
2025-05-18 23:10:00,-3025.269,2025-05-18 23:10:00
2025-05-18 23:15:00,-3041.279,2025-05-18 23:15:00
2025-05-18 23:20:00,-2897.309,2025-05-18 23:20:00
2025-05-18 23:25:00,-2985.289,2025-05-18 23:25:00
2025-05-18 23:30:00,-2965.329,2025-05-18 23:30:00
2025-05-18 23:35:00,-2889.299,2025-05-18 23:35:00
2025-05-18 23:40:00,-3061.289,2025-05-18 23:40:00
2025-05-18 23:45:00,-2853.329,2025-05-18 23:45:00
2025-05-18 23:50:00,-2993.319,2025-05-18 23:50:00
2025-05-18 23:55:00,-2961.289,2025-05-18 23:55:00
2025-05-19 00:00:00,-2172.01,2025-05-19 00:00:00
2025-05-19 00:05:00,-2172.01,2025-05-19 00:05:00
2025-05-19 00:10:00,-2172.012,2025-05-19 00:10:00
2025-05-19 00:15:00,-2172.013,2025-05-19 00:15:00
2025-05-19 00:20:00,-2172.014,2025-05-19 00:20:00
2025-05-19 00:25:00,-2172.016,2025-05-19 00:25:00
2025-05-19 00:30:00,-2172.015,2025-05-19 00:30:00
2025-05-19 00:35:00,-2172.017,2025-05-19 00:35:00
2025-05-19 00:40:00,-2172.016,2025-05-19 00:40:00
2025-05-19 00:45:00,-2172.019,2025-05-19 00:45:00
2025-05-19 00:50:00,-2172.021,2025-05-19 00:50:00
2025-05-19 00:55:00,-2172.022,2025-05-19 00:55:00
2025-05-19 01:00:00,-2172.022,2025-05-19 01:00:00
2025-05-19 01:05:00,-2172.026,2025-05-19 01:05:00
2025-05-19 01:10:00,-2172.026,2025-05-19 01:10:00
2025-05-19 01:15:00,-2172.026,2025-05-19 01:15:00
2025-05-19 01:20:00,-2172.028,2025-05-19 01:20:00
2025-05-19 01:25:00,-2172.031,2025-05-19 01:25:00
2025-05-19 01:30:00,-2172.031,2025-05-19 01:30:00
2025-05-19 01:35:00,-2172.033,2025-05-19 01:35:00
2025-05-19 01:40:00,-2172.034,2025-05-19 01:40:00
2025-05-19 01:45:00,-2172.037,2025-05-19 01:45:00
2025-05-19 01:50:00,-2172.037,2025-05-19 01:50:00
2025-05-19 01:55:00,-2172.038,2025-05-19 01:55:00
2025-05-19 02:00:00,-2172.039,2025-05-19 02:00:00
2025-05-19 02:05:00,-2172.042,2025-05-19 02:05:00
2025-05-19 02:10:00,-2172.043,2025-05-19 02:10:00
2025-05-19 02:15:00,-2172.046,2025-05-19 02:15:00
2025-05-19 02:20:00,-2172.044,2025-05-19 02:20:00
2025-05-19 02:25:00,-2172.046,2025-05-19 02:25:00
2025-05-19 02:30:00,-2172.046,2025-05-19 02:30:00
2025-05-19 02:35:00,-2172.049,2025-05-19 02:35:00
2025-05-19 02:40:00,-2172.049,2025-05-19 02:40:00
2025-05-19 02:45:00,-2172.052,2025-05-19 02:45:00
2025-05-19 02:50:00,-2172.052,2025-05-19 02:50:00
2025-05-19 02:55:00,-2172.053,2025-05-19 02:55:00
2025-05-19 03:00:00,-2172.055,2025-05-19 03:00:00
2025-05-19 03:05:00,-2172.057,2025-05-19 03:05:00
2025-05-19 03:10:00,-2172.056,2025-05-19 03:10:00
2025-05-19 03:15:00,-2172.059,2025-05-19 03:15:00
2025-05-19 03:20:00,-2172.06,2025-05-19 03:20:00
2025-05-19 03:25:00,-2172.062,2025-05-19 03:25:00
2025-05-19 03:30:00,-2172.063,2025-05-19 03:30:00
2025-05-19 03:35:00,-2172.064,2025-05-19 03:35:00
2025-05-19 03:40:00,-2172.064,2025-05-19 03:40:00
2025-05-19 03:45:00,-2172.067,2025-05-19 03:45:00
2025-05-19 03:50:00,-2172.068,2025-05-19 03:50:00
2025-05-19 03:55:00,-2172.069,2025-05-19 03:55:00
2025-05-19 04:00:00,-2172.071,2025-05-19 04:00:00
2025-05-19 04:05:00,-2172.071,2025-05-19 04:05:00
2025-05-19 04:10:00,-2172.072,2025-05-19 04:10:00
2025-05-19 04:15:00,-2172.074,2025-05-19 04:15:00
2025-05-19 04:20:00,-2172.075,2025-05-19 04:20:00
2025-05-19 04:25:00,-2172.076,2025-05-19 04:25:00
2025-05-19 04:30:00,-2172.078,2025-05-19 04:30:00
2025-05-19 04:35:00,-2172.079,2025-05-19 04:35:00
2025-05-19 04:40:00,-2172.082,2025-05-19 04:40:00
2025-05-19 04:45:00,-2172.082,2025-05-19 04:45:00
2025-05-19 04:50:00,-2172.082,2025-05-19 04:50:00
2025-05-19 04:55:00,-2172.085,2025-05-19 04:55:00
2025-05-19 05:00:00,-2172.085,2025-05-19 05:00:00
2025-05-19 05:05:00,-2172.087,2025-05-19 05:05:00
2025-05-19 05:10:00,-2172.089,2025-05-19 05:10:00
2025-05-19 05:15:00,-2172.091,2025-05-19 05:15:00
2025-05-19 05:20:00,-2172.091,2025-05-19 05:20:00
2025-05-19 05:25:00,-2172.092,2025-05-19 05:25:00
2025-05-19 05:30:00,-2172.092,2025-05-19 05:30:00
2025-05-19 05:35:00,-2172.094,2025-05-19 05:35:00
2025-05-19 05:40:00,-2172.096,2025-05-19 05:40:00
2025-05-19 05:45:00,-2172.095,2025-05-19 05:45:00
2025-05-19 05:50:00,-2172.096,2025-05-19 05:50:00
2025-05-19 05:55:00,-2172.097,2025-05-19 05:55:00
2025-05-19 06:00:00,0.0,2025-05-19 06:00:00
2025-05-19 06:05:00,0.0,2025-05-19 06:05:00
2025-05-19 06:10:00,0.0,2025-05-19 06:10:00
2025-05-19 06:15:00,0.0,2025-05-19 06:15:00
2025-05-19 06:20:00,0.0,2025-05-19 06:20:00
2025-05-19 06:25:00,0.0,2025-05-19 06:25:00
2025-05-19 06:30:00,0.0,2025-05-19 06:30:00
2025-05-19 06:35:00,0.0,2025-05-19 06:35:00
2025-05-19 06:40:00,0.0,2025-05-19 06:40:00
2025-05-19 06:45:00,0.0,2025-05-19 06:45:00
2025-05-19 06:50:00,0.0,2025-05-19 06:50:00
2025-05-19 06:55:00,0.0,2025-05-19 06:55:00
2025-05-19 07:00:00,0.0,2025-05-19 07:00:00
2025-05-19 07:05:00,0.0,2025-05-19 07:05:00
2025-05-19 07:10:00,0.0,2025-05-19 07:10:00
2025-05-19 07:15:00,0.0,2025-05-19 07:15:00
2025-05-19 07:20:00,0.0,2025-05-19 07:20:00
2025-05-19 07:25:00,0.0,2025-05-19 07:25:00
2025-05-19 07:30:00,0.0,2025-05-19 07:30:00
2025-05-19 07:35:00,0.0,2025-05-19 07:35:00
2025-05-19 07:40:00,0.0,2025-05-19 07:40:00
2025-05-19 07:45:00,0.0,2025-05-19 07:45:00
2025-05-19 07:50:00,0.0,2025-05-19 07:50:00
2025-05-19 07:55:00,0.0,2025-05-19 07:55:00
2025-05-19 08:00:00,9000.0,2025-05-19 08:00:00
2025-05-19 08:05:00,9000.0,2025-05-19 08:05:00
2025-05-19 08:10:00,9000.0,2025-05-19 08:10:00
2025-05-19 08:15:00,9000.0,2025-05-19 08:15:00
2025-05-19 08:20:00,9000.0,2025-05-19 08:20:00
2025-05-19 08:25:00,9000.0,2025-05-19 08:25:00
2025-05-19 08:30:00,9000.0,2025-05-19 08:30:00
2025-05-19 08:35:00,9000.0,2025-05-19 08:35:00
2025-05-19 08:40:00,9000.0,2025-05-19 08:40:00
2025-05-19 08:45:00,9000.0,2025-05-19 08:45:00
2025-05-19 08:50:00,9000.0,2025-05-19 08:50:00
2025-05-19 08:55:00,9000.0,2025-05-19 08:55:00
2025-05-19 09:00:00,9000.0,2025-05-19 09:00:00
2025-05-19 09:05:00,9000.0,2025-05-19 09:05:00
2025-05-19 09:10:00,9000.0,2025-05-19 09:10:00
2025-05-19 09:15:00,9000.0,2025-05-19 09:15:00
2025-05-19 09:20:00,9000.0,2025-05-19 09:20:00
2025-05-19 09:25:00,9000.0,2025-05-19 09:25:00
2025-05-19 09:30:00,9000.0,2025-05-19 09:30:00
2025-05-19 09:35:00,8999.999,2025-05-19 09:35:00
2025-05-19 09:40:00,8999.999,2025-05-19 09:40:00
2025-05-19 09:45:00,8999.998,2025-05-19 09:45:00
2025-05-19 09:50:00,1043.998,2025-05-19 09:50:00
2025-05-19 09:55:00,0.0,2025-05-19 09:55:00
2025-05-19 10:00:00,0.0,2025-05-19 10:00:00
2025-05-19 10:05:00,0.0,2025-05-19 10:05:00
2025-05-19 10:10:00,0.0,2025-05-19 10:10:00
2025-05-19 10:15:00,0.0,2025-05-19 10:15:00
2025-05-19 10:20:00,0.0,2025-05-19 10:20:00
2025-05-19 10:25:00,0.0,2025-05-19 10:25:00
2025-05-19 10:30:00,0.0,2025-05-19 10:30:00
2025-05-19 10:35:00,0.0,2025-05-19 10:35:00
2025-05-19 10:40:00,0.0,2025-05-19 10:40:00
2025-05-19 10:45:00,0.0,2025-05-19 10:45:00
2025-05-19 10:50:00,0.0,2025-05-19 10:50:00
2025-05-19 10:55:00,0.0,2025-05-19 10:55:00
2025-05-19 11:00:00,-2722.947,2025-05-19 11:00:00
2025-05-19 11:05:00,-2701.259,2025-05-19 11:05:00
2025-05-19 11:10:00,-2722.922,2025-05-19 11:10:00
2025-05-19 11:15:00,-2722.88,2025-05-19 11:15:00
2025-05-19 11:20:00,-2722.872,2025-05-19 11:20:00
2025-05-19 11:25:00,-2722.866,2025-05-19 11:25:00
2025-05-19 11:30:00,-2722.867,2025-05-19 11:30:00
2025-05-19 11:35:00,-2722.868,2025-05-19 11:35:00
2025-05-19 11:40:00,-2723.314,2025-05-19 11:40:00
2025-05-19 11:45:00,-2722.926,2025-05-19 11:45:00
2025-05-19 11:50:00,-2637.305,2025-05-19 11:50:00
2025-05-19 11:55:00,-2722.89,2025-05-19 11:55:00
2025-05-19 12:00:00,-2681.265,2025-05-19 12:00:00
2025-05-19 12:05:00,-2689.262,2025-05-19 12:05:00
2025-05-19 12:10:00,-2722.845,2025-05-19 12:10:00
2025-05-19 12:15:00,-2723.439,2025-05-19 12:15:00
2025-05-19 12:20:00,-2722.836,2025-05-19 12:20:00
2025-05-19 12:25:00,-2723.055,2025-05-19 12:25:00
2025-05-19 12:30:00,-2722.833,2025-05-19 12:30:00
2025-05-19 12:35:00,-2722.829,2025-05-19 12:35:00
2025-05-19 12:40:00,-2722.834,2025-05-19 12:40:00
2025-05-19 12:45:00,-2723.044,2025-05-19 12:45:00
2025-05-19 12:50:00,-2722.818,2025-05-19 12:50:00
2025-05-19 12:55:00,-2722.829,2025-05-19 12:55:00
2025-05-19 13:00:00,-2722.821,2025-05-19 13:00:00
2025-05-19 13:05:00,-2722.803,2025-05-19 13:05:00
2025-05-19 13:10:00,-2722.799,2025-05-19 13:10:00
2025-05-19 13:15:00,-2722.793,2025-05-19 13:15:00
2025-05-19 13:20:00,-2722.788,2025-05-19 13:20:00
2025-05-19 13:25:00,-2722.782,2025-05-19 13:25:00
2025-05-19 13:30:00,-2722.773,2025-05-19 13:30:00
2025-05-19 13:35:00,-2722.77,2025-05-19 13:35:00
2025-05-19 13:40:00,-2722.765,2025-05-19 13:40:00
2025-05-19 13:45:00,-2722.794,2025-05-19 13:45:00
2025-05-19 13:50:00,-2722.787,2025-05-19 13:50:00
2025-05-19 13:55:00,-2723.349,2025-05-19 13:55:00
2025-05-19 14:00:00,-2722.745,2025-05-19 14:00:00
2025-05-19 14:05:00,-2701.26,2025-05-19 14:05:00
2025-05-19 14:10:00,-2693.28,2025-05-19 14:10:00
2025-05-19 14:15:00,-2701.24,2025-05-19 14:15:00
2025-05-19 14:20:00,-2722.781,2025-05-19 14:20:00
2025-05-19 14:25:00,-2716.753,2025-05-19 14:25:00
2025-05-19 14:30:00,-2722.704,2025-05-19 14:30:00
2025-05-19 14:35:00,-2723.019,2025-05-19 14:35:00
2025-05-19 14:40:00,-2722.766,2025-05-19 14:40:00
2025-05-19 14:45:00,-2657.291,2025-05-19 14:45:00
2025-05-19 14:50:00,-2722.69,2025-05-19 14:50:00
2025-05-19 14:55:00,-2713.082,2025-05-19 14:55:00
2025-05-19 15:00:00,-2722.741,2025-05-19 15:00:00
2025-05-19 15:05:00,-2681.275,2025-05-19 15:05:00
2025-05-19 15:10:00,-2669.249,2025-05-19 15:10:00
2025-05-19 15:15:00,-2689.272,2025-05-19 15:15:00
2025-05-19 15:20:00,-2721.608,2025-05-19 15:20:00
2025-05-19 15:25:00,-2605.238,2025-05-19 15:25:00
2025-05-19 15:30:00,-2693.26,2025-05-19 15:30:00
2025-05-19 15:35:00,-2722.614,2025-05-19 15:35:00
2025-05-19 15:40:00,-2657.231,2025-05-19 15:40:00
2025-05-19 15:45:00,-2722.685,2025-05-19 15:45:00
2025-05-19 15:50:00,-2722.695,2025-05-19 15:50:00
2025-05-19 15:55:00,-2722.695,2025-05-19 15:55:00
2025-05-19 16:00:00,-2722.703,2025-05-19 16:00:00
2025-05-19 16:05:00,-2722.707,2025-05-19 16:05:00
2025-05-19 16:10:00,-2722.712,2025-05-19 16:10:00
2025-05-19 16:15:00,-2722.712,2025-05-19 16:15:00
2025-05-19 16:20:00,-2722.717,2025-05-19 16:20:00
2025-05-19 16:25:00,-2722.719,2025-05-19 16:25:00
2025-05-19 16:30:00,-2722.728,2025-05-19 16:30:00
2025-05-19 16:35:00,-2722.731,2025-05-19 16:35:00
2025-05-19 16:40:00,-2722.781,2025-05-19 16:40:00
2025-05-19 16:45:00,-2681.255,2025-05-19 16:45:00
2025-05-19 16:50:00,-2653.292,2025-05-19 16:50:00
2025-05-19 16:55:00,-2653.272,2025-05-19 16:55:00
2025-05-19 17:00:00,-2677.276,2025-05-19 17:00:00
2025-05-19 17:05:00,-2722.744,2025-05-19 17:05:00
2025-05-19 17:10:00,-2722.797,2025-05-19 17:10:00
2025-05-19 17:15:00,-2722.758,2025-05-19 17:15:00
2025-05-19 17:20:00,-2722.749,2025-05-19 17:20:00
2025-05-19 17:25:00,-2649.293,2025-05-19 17:25:00
2025-05-19 17:30:00,-2722.786,2025-05-19 17:30:00
2025-05-19 17:35:00,-2723.334,2025-05-19 17:35:00
2025-05-19 17:40:00,-2722.76,2025-05-19 17:40:00
2025-05-19 17:45:00,-2722.78,2025-05-19 17:45:00
2025-05-19 17:50:00,-2722.762,2025-05-19 17:50:00
2025-05-19 17:55:00,-2722.76,2025-05-19 17:55:00
2025-05-19 18:00:00,9000.0,2025-05-19 18:00:00
2025-05-19 18:05:00,9000.0,2025-05-19 18:05:00
2025-05-19 18:10:00,9000.0,2025-05-19 18:10:00
2025-05-19 18:15:00,9000.0,2025-05-19 18:15:00
2025-05-19 18:20:00,9000.0,2025-05-19 18:20:00
2025-05-19 18:25:00,9000.0,2025-05-19 18:25:00
2025-05-19 18:30:00,9000.0,2025-05-19 18:30:00
2025-05-19 18:35:00,9000.0,2025-05-19 18:35:00
2025-05-19 18:40:00,9000.0,2025-05-19 18:40:00
2025-05-19 18:45:00,9000.0,2025-05-19 18:45:00
2025-05-19 18:50:00,9000.0,2025-05-19 18:50:00
2025-05-19 18:55:00,9000.0,2025-05-19 18:55:00
2025-05-19 19:00:00,9000.0,2025-05-19 19:00:00
2025-05-19 19:05:00,9000.0,2025-05-19 19:05:00
2025-05-19 19:10:00,9000.0,2025-05-19 19:10:00
2025-05-19 19:15:00,9000.0,2025-05-19 19:15:00
2025-05-19 19:20:00,9000.0,2025-05-19 19:20:00
2025-05-19 19:25:00,9000.0,2025-05-19 19:25:00
2025-05-19 19:30:00,9000.0,2025-05-19 19:30:00
2025-05-19 19:35:00,8999.999,2025-05-19 19:35:00
2025-05-19 19:40:00,8999.999,2025-05-19 19:40:00
2025-05-19 19:45:00,8999.998,2025-05-19 19:45:00
2025-05-19 19:50:00,1043.998,2025-05-19 19:50:00
2025-05-19 19:55:00,0.0,2025-05-19 19:55:00
2025-05-19 20:00:00,0.0,2025-05-19 20:00:00
2025-05-19 20:05:00,0.0,2025-05-19 20:05:00
2025-05-19 20:10:00,0.0,2025-05-19 20:10:00
2025-05-19 20:15:00,0.0,2025-05-19 20:15:00
2025-05-19 20:20:00,0.0,2025-05-19 20:20:00
2025-05-19 20:25:00,0.0,2025-05-19 20:25:00
2025-05-19 20:30:00,0.0,2025-05-19 20:30:00
2025-05-19 20:35:00,0.0,2025-05-19 20:35:00
2025-05-19 20:40:00,0.0,2025-05-19 20:40:00
2025-05-19 20:45:00,0.0,2025-05-19 20:45:00
2025-05-19 20:50:00,0.0,2025-05-19 20:50:00
2025-05-19 20:55:00,0.0,2025-05-19 20:55:00
2025-05-19 21:00:00,0.0,2025-05-19 21:00:00
2025-05-19 21:05:00,0.0,2025-05-19 21:05:00
2025-05-19 21:10:00,0.0,2025-05-19 21:10:00
2025-05-19 21:15:00,0.0,2025-05-19 21:15:00
2025-05-19 21:20:00,0.0,2025-05-19 21:20:00
2025-05-19 21:25:00,0.0,2025-05-19 21:25:00
2025-05-19 21:30:00,0.0,2025-05-19 21:30:00
2025-05-19 21:35:00,0.0,2025-05-19 21:35:00
2025-05-19 21:40:00,0.0,2025-05-19 21:40:00
2025-05-19 21:45:00,0.0,2025-05-19 21:45:00
2025-05-19 21:50:00,0.0,2025-05-19 21:50:00
2025-05-19 21:55:00,0.0,2025-05-19 21:55:00
2025-05-19 22:00:00,-2371.672,2025-05-19 22:00:00
2025-05-19 22:05:00,-2371.678,2025-05-19 22:05:00
2025-05-19 22:10:00,-2371.687,2025-05-19 22:10:00
2025-05-19 22:15:00,-2371.661,2025-05-19 22:15:00
2025-05-19 22:20:00,-2371.653,2025-05-19 22:20:00
2025-05-19 22:25:00,-2371.678,2025-05-19 22:25:00
2025-05-19 22:30:00,-2371.698,2025-05-19 22:30:00
2025-05-19 22:35:00,-2371.702,2025-05-19 22:35:00
2025-05-19 22:40:00,-2371.708,2025-05-19 22:40:00
2025-05-19 22:45:00,-2371.703,2025-05-19 22:45:00
2025-05-19 22:50:00,-2371.728,2025-05-19 22:50:00
2025-05-19 22:55:00,-2371.728,2025-05-19 22:55:00
2025-05-19 23:00:00,-2371.741,2025-05-19 23:00:00
2025-05-19 23:05:00,-2371.752,2025-05-19 23:05:00
2025-05-19 23:10:00,-2371.75,2025-05-19 23:10:00
2025-05-19 23:15:00,-2371.762,2025-05-19 23:15:00
2025-05-19 23:20:00,-2371.791,2025-05-19 23:20:00
2025-05-19 23:25:00,-2371.787,2025-05-19 23:25:00
2025-05-19 23:30:00,-2371.807,2025-05-19 23:30:00
2025-05-19 23:35:00,-2371.823,2025-05-19 23:35:00
2025-05-19 23:40:00,-2371.827,2025-05-19 23:40:00
2025-05-19 23:45:00,-2371.832,2025-05-19 23:45:00
2025-05-19 23:50:00,-2371.839,2025-05-19 23:50:00
2025-05-19 23:55:00,-2371.863,2025-05-19 23:55:00
2025-05-20 00:00:00,-2371.875,2025-05-20 00:00:00
2025-05-20 00:05:00,-2371.889,2025-05-20 00:05:00
2025-05-20 00:10:00,-2371.894,2025-05-20 00:10:00
2025-05-20 00:15:00,-2371.907,2025-05-20 00:15:00
2025-05-20 00:20:00,-2371.934,2025-05-20 00:20:00
2025-05-20 00:25:00,-2371.954,2025-05-20 00:25:00
2025-05-20 00:30:00,-2371.953,2025-05-20 00:30:00
2025-05-20 00:35:00,-2371.982,2025-05-20 00:35:00
2025-05-20 00:40:00,-2371.979,2025-05-20 00:40:00
2025-05-20 00:45:00,-2372.002,2025-05-20 00:45:00
2025-05-20 00:50:00,-2372.021,2025-05-20 00:50:00
2025-05-20 00:55:00,-2372.038,2025-05-20 00:55:00
2025-05-20 01:00:00,-2372.042,2025-05-20 01:00:00
2025-05-20 01:05:00,-2372.072,2025-05-20 01:05:00
2025-05-20 01:10:00,-2372.096,2025-05-20 01:10:00
2025-05-20 01:15:00,-2372.117,2025-05-20 01:15:00
2025-05-20 01:20:00,-2372.129,2025-05-20 01:20:00
2025-05-20 01:25:00,-2372.16,2025-05-20 01:25:00
2025-05-20 01:30:00,-2372.168,2025-05-20 01:30:00
2025-05-20 01:35:00,-2372.191,2025-05-20 01:35:00
2025-05-20 01:40:00,-2372.206,2025-05-20 01:40:00
2025-05-20 01:45:00,-2372.227,2025-05-20 01:45:00
2025-05-20 01:50:00,-2372.247,2025-05-20 01:50:00
2025-05-20 01:55:00,-2372.275,2025-05-20 01:55:00
2025-05-20 02:00:00,-2372.281,2025-05-20 02:00:00
2025-05-20 02:05:00,-2372.301,2025-05-20 02:05:00
2025-05-20 02:10:00,-2372.328,2025-05-20 02:10:00
2025-05-20 02:15:00,-2372.343,2025-05-20 02:15:00
2025-05-20 02:20:00,-2372.367,2025-05-20 02:20:00
2025-05-20 02:25:00,-2372.388,2025-05-20 02:25:00
2025-05-20 02:30:00,-2372.412,2025-05-20 02:30:00
2025-05-20 02:35:00,-2372.425,2025-05-20 02:35:00
2025-05-20 02:40:00,-2372.426,2025-05-20 02:40:00
2025-05-20 02:45:00,-2372.468,2025-05-20 02:45:00
2025-05-20 02:50:00,-2372.473,2025-05-20 02:50:00
2025-05-20 02:55:00,-2372.502,2025-05-20 02:55:00
2025-05-20 03:00:00,-2372.53,2025-05-20 03:00:00
2025-05-20 03:05:00,-2372.533,2025-05-20 03:05:00
2025-05-20 03:10:00,-2372.553,2025-05-20 03:10:00
2025-05-20 03:15:00,-2372.579,2025-05-20 03:15:00
2025-05-20 03:20:00,-2372.587,2025-05-20 03:20:00
2025-05-20 03:25:00,-2372.602,2025-05-20 03:25:00
2025-05-20 03:30:00,-2372.632,2025-05-20 03:30:00
2025-05-20 03:35:00,-2372.643,2025-05-20 03:35:00
2025-05-20 03:40:00,-2372.661,2025-05-20 03:40:00
2025-05-20 03:45:00,-2372.678,2025-05-20 03:45:00
2025-05-20 03:50:00,-2372.692,2025-05-20 03:50:00
2025-05-20 03:55:00,-2372.699,2025-05-20 03:55:00
2025-05-20 04:00:00,-2372.716,2025-05-20 04:00:00
2025-05-20 04:05:00,-2372.742,2025-05-20 04:05:00
2025-05-20 04:10:00,-2372.751,2025-05-20 04:10:00
2025-05-20 04:15:00,-2372.757,2025-05-20 04:15:00
2025-05-20 04:20:00,-2372.763,2025-05-20 04:20:00
2025-05-20 04:25:00,-2372.783,2025-05-20 04:25:00
2025-05-20 04:30:00,-2372.798,2025-05-20 04:30:00
2025-05-20 04:35:00,-2372.806,2025-05-20 04:35:00
2025-05-20 04:40:00,-2372.821,2025-05-20 04:40:00
2025-05-20 04:45:00,-2372.825,2025-05-20 04:45:00
2025-05-20 04:50:00,-2372.835,2025-05-20 04:50:00
2025-05-20 04:55:00,-2372.845,2025-05-20 04:55:00
2025-05-20 05:00:00,-2372.852,2025-05-20 05:00:00
2025-05-20 05:05:00,-2372.856,2025-05-20 05:05:00
2025-05-20 05:10:00,-2372.873,2025-05-20 05:10:00
2025-05-20 05:15:00,-2372.863,2025-05-20 05:15:00
2025-05-20 05:20:00,-2372.864,2025-05-20 05:20:00
2025-05-20 05:25:00,-2372.864,2025-05-20 05:25:00
2025-05-20 05:30:00,-2372.881,2025-05-20 05:30:00
2025-05-20 05:35:00,-2372.869,2025-05-20 05:35:00
2025-05-20 05:40:00,-2372.864,2025-05-20 05:40:00
2025-05-20 05:45:00,-2372.869,2025-05-20 05:45:00
2025-05-20 05:50:00,-2372.851,2025-05-20 05:50:00
2025-05-20 05:55:00,-2372.851,2025-05-20 05:55:00
2025-05-20 06:00:00,0.0,2025-05-20 06:00:00
2025-05-20 06:05:00,0.0,2025-05-20 06:05:00
2025-05-20 06:10:00,0.0,2025-05-20 06:10:00
2025-05-20 06:15:00,0.0,2025-05-20 06:15:00
2025-05-20 06:20:00,0.0,2025-05-20 06:20:00
2025-05-20 06:25:00,0.0,2025-05-20 06:25:00
2025-05-20 06:30:00,0.0,2025-05-20 06:30:00
2025-05-20 06:35:00,0.0,2025-05-20 06:35:00
2025-05-20 06:40:00,0.0,2025-05-20 06:40:00
2025-05-20 06:45:00,0.0,2025-05-20 06:45:00
2025-05-20 06:50:00,0.0,2025-05-20 06:50:00
2025-05-20 06:55:00,0.0,2025-05-20 06:55:00
2025-05-20 07:00:00,0.0,2025-05-20 07:00:00
2025-05-20 07:05:00,0.0,2025-05-20 07:05:00
2025-05-20 07:10:00,0.0,2025-05-20 07:10:00
2025-05-20 07:15:00,0.0,2025-05-20 07:15:00
2025-05-20 07:20:00,0.0,2025-05-20 07:20:00
2025-05-20 07:25:00,0.0,2025-05-20 07:25:00
2025-05-20 07:30:00,0.0,2025-05-20 07:30:00
2025-05-20 07:35:00,0.0,2025-05-20 07:35:00
2025-05-20 07:40:00,0.0,2025-05-20 07:40:00
2025-05-20 07:45:00,0.0,2025-05-20 07:45:00
2025-05-20 07:50:00,0.0,2025-05-20 07:50:00
2025-05-20 07:55:00,0.0,2025-05-20 07:55:00
2025-05-20 08:00:00,9000.0,2025-05-20 08:00:00
2025-05-20 08:05:00,9000.0,2025-05-20 08:05:00
2025-05-20 08:10:00,9000.0,2025-05-20 08:10:00
2025-05-20 08:15:00,9000.0,2025-05-20 08:15:00
2025-05-20 08:20:00,9000.0,2025-05-20 08:20:00
2025-05-20 08:25:00,9000.0,2025-05-20 08:25:00
2025-05-20 08:30:00,9000.0,2025-05-20 08:30:00
2025-05-20 08:35:00,9000.0,2025-05-20 08:35:00
2025-05-20 08:40:00,9000.0,2025-05-20 08:40:00
2025-05-20 08:45:00,9000.0,2025-05-20 08:45:00
2025-05-20 08:50:00,9000.0,2025-05-20 08:50:00
2025-05-20 08:55:00,9000.0,2025-05-20 08:55:00
2025-05-20 09:00:00,9000.0,2025-05-20 09:00:00
2025-05-20 09:05:00,9000.0,2025-05-20 09:05:00
2025-05-20 09:10:00,9000.0,2025-05-20 09:10:00
2025-05-20 09:15:00,9000.0,2025-05-20 09:15:00
2025-05-20 09:20:00,9000.0,2025-05-20 09:20:00
2025-05-20 09:25:00,9000.0,2025-05-20 09:25:00
2025-05-20 09:30:00,9000.0,2025-05-20 09:30:00
2025-05-20 09:35:00,9000.0,2025-05-20 09:35:00
2025-05-20 09:40:00,8999.999,2025-05-20 09:40:00
2025-05-20 09:45:00,8999.999,2025-05-20 09:45:00
2025-05-20 09:50:00,1043.998,2025-05-20 09:50:00
2025-05-20 09:55:00,0.0,2025-05-20 09:55:00
2025-05-20 10:00:00,0.0,2025-05-20 10:00:00
2025-05-20 10:05:00,0.0,2025-05-20 10:05:00
2025-05-20 10:10:00,0.0,2025-05-20 10:10:00
2025-05-20 10:15:00,0.0,2025-05-20 10:15:00
2025-05-20 10:20:00,0.0,2025-05-20 10:20:00
2025-05-20 10:25:00,0.0,2025-05-20 10:25:00
2025-05-20 10:30:00,0.0,2025-05-20 10:30:00
2025-05-20 10:35:00,0.0,2025-05-20 10:35:00
2025-05-20 10:40:00,0.0,2025-05-20 10:40:00
2025-05-20 10:45:00,0.0,2025-05-20 10:45:00
2025-05-20 10:50:00,0.0,2025-05-20 10:50:00
2025-05-20 10:55:00,0.0,2025-05-20 10:55:00
2025-05-20 11:00:00,-2717.003,2025-05-20 11:00:00
2025-05-20 11:05:00,-2716.993,2025-05-20 11:05:00
2025-05-20 11:10:00,-2717.016,2025-05-20 11:10:00
2025-05-20 11:15:00,-2717.004,2025-05-20 11:15:00
2025-05-20 11:20:00,-2717.014,2025-05-20 11:20:00
2025-05-20 11:25:00,-2717.006,2025-05-20 11:25:00
2025-05-20 11:30:00,-2717.007,2025-05-20 11:30:00
2025-05-20 11:35:00,-2716.999,2025-05-20 11:35:00
2025-05-20 11:40:00,-2716.986,2025-05-20 11:40:00
2025-05-20 11:45:00,-2716.987,2025-05-20 11:45:00
2025-05-20 11:50:00,-2716.979,2025-05-20 11:50:00
2025-05-20 11:55:00,-2716.959,2025-05-20 11:55:00
2025-05-20 12:00:00,-2716.952,2025-05-20 12:00:00
2025-05-20 12:05:00,-2716.939,2025-05-20 12:05:00
2025-05-20 12:10:00,-2716.925,2025-05-20 12:10:00
2025-05-20 12:15:00,-2716.914,2025-05-20 12:15:00
2025-05-20 12:20:00,-2716.895,2025-05-20 12:20:00
2025-05-20 12:25:00,-2716.889,2025-05-20 12:25:00
2025-05-20 12:30:00,-2716.862,2025-05-20 12:30:00
2025-05-20 12:35:00,-2716.844,2025-05-20 12:35:00
2025-05-20 12:40:00,-2716.836,2025-05-20 12:40:00
2025-05-20 12:45:00,-2716.82,2025-05-20 12:45:00
2025-05-20 12:50:00,-2716.807,2025-05-20 12:50:00
2025-05-20 12:55:00,-2716.796,2025-05-20 12:55:00
2025-05-20 13:00:00,-2713.197,2025-05-20 13:00:00
2025-05-20 13:05:00,-2716.757,2025-05-20 13:05:00
2025-05-20 13:10:00,-2716.734,2025-05-20 13:10:00
2025-05-20 13:15:00,-2716.716,2025-05-20 13:15:00
2025-05-20 13:20:00,-2716.698,2025-05-20 13:20:00
2025-05-20 13:25:00,-2716.677,2025-05-20 13:25:00
2025-05-20 13:30:00,-2716.655,2025-05-20 13:30:00
2025-05-20 13:35:00,-2716.626,2025-05-20 13:35:00
2025-05-20 13:40:00,-2716.591,2025-05-20 13:40:00
2025-05-20 13:45:00,-2716.58,2025-05-20 13:45:00
2025-05-20 13:50:00,-2716.551,2025-05-20 13:50:00
2025-05-20 13:55:00,-2716.533,2025-05-20 13:55:00
2025-05-20 14:00:00,-2716.512,2025-05-20 14:00:00
2025-05-20 14:05:00,-2716.48,2025-05-20 14:05:00
2025-05-20 14:10:00,-2716.454,2025-05-20 14:10:00
2025-05-20 14:15:00,-2716.434,2025-05-20 14:15:00
2025-05-20 14:20:00,-2716.274,2025-05-20 14:20:00
2025-05-20 14:25:00,-2669.477,2025-05-20 14:25:00
2025-05-20 14:30:00,-2716.423,2025-05-20 14:30:00
2025-05-20 14:35:00,-2609.478,2025-05-20 14:35:00
2025-05-20 14:40:00,-2609.538,2025-05-20 14:40:00
2025-05-20 14:45:00,-2716.289,2025-05-20 14:45:00
2025-05-20 14:50:00,-2716.267,2025-05-20 14:50:00
2025-05-20 14:55:00,-2716.243,2025-05-20 14:55:00
2025-05-20 15:00:00,-2716.218,2025-05-20 15:00:00
2025-05-20 15:05:00,-2716.194,2025-05-20 15:05:00
2025-05-20 15:10:00,-2716.157,2025-05-20 15:10:00
2025-05-20 15:15:00,-2716.134,2025-05-20 15:15:00
2025-05-20 15:20:00,-2716.122,2025-05-20 15:20:00
2025-05-20 15:25:00,-2716.177,2025-05-20 15:25:00
2025-05-20 15:30:00,-2716.069,2025-05-20 15:30:00
2025-05-20 15:35:00,-2716.051,2025-05-20 15:35:00
2025-05-20 15:40:00,-2713.083,2025-05-20 15:40:00
2025-05-20 15:45:00,-2716.002,2025-05-20 15:45:00
2025-05-20 15:50:00,-2715.981,2025-05-20 15:50:00
2025-05-20 15:55:00,-2715.97,2025-05-20 15:55:00
2025-05-20 16:00:00,-2715.947,2025-05-20 16:00:00
2025-05-20 16:05:00,-2715.928,2025-05-20 16:05:00
2025-05-20 16:10:00,-2715.91,2025-05-20 16:10:00
2025-05-20 16:15:00,-2716.001,2025-05-20 16:15:00
2025-05-20 16:20:00,-2715.887,2025-05-20 16:20:00
2025-05-20 16:25:00,-2715.871,2025-05-20 16:25:00
2025-05-20 16:30:00,-2715.856,2025-05-20 16:30:00
2025-05-20 16:35:00,-2715.839,2025-05-20 16:35:00
2025-05-20 16:40:00,-2715.83,2025-05-20 16:40:00
2025-05-20 16:45:00,-2715.804,2025-05-20 16:45:00
2025-05-20 16:50:00,-2715.801,2025-05-20 16:50:00
2025-05-20 16:55:00,-2673.476,2025-05-20 16:55:00
2025-05-20 17:00:00,-2715.776,2025-05-20 17:00:00
2025-05-20 17:05:00,-2715.765,2025-05-20 17:05:00
2025-05-20 17:10:00,-2715.754,2025-05-20 17:10:00
2025-05-20 17:15:00,-2715.922,2025-05-20 17:15:00
2025-05-20 17:20:00,-2709.386,2025-05-20 17:20:00
2025-05-20 17:25:00,-2617.517,2025-05-20 17:25:00
2025-05-20 17:30:00,-2715.713,2025-05-20 17:30:00
2025-05-20 17:35:00,-2715.715,2025-05-20 17:35:00
2025-05-20 17:40:00,-2715.797,2025-05-20 17:40:00
2025-05-20 17:45:00,-2715.708,2025-05-20 17:45:00
2025-05-20 17:50:00,-2715.704,2025-05-20 17:50:00
2025-05-20 17:55:00,-2693.447,2025-05-20 17:55:00
2025-05-20 18:00:00,9000.0,2025-05-20 18:00:00
2025-05-20 18:05:00,9000.0,2025-05-20 18:05:00
2025-05-20 18:10:00,9000.0,2025-05-20 18:10:00
2025-05-20 18:15:00,9000.0,2025-05-20 18:15:00
2025-05-20 18:20:00,9000.0,2025-05-20 18:20:00
2025-05-20 18:25:00,9000.0,2025-05-20 18:25:00
2025-05-20 18:30:00,9000.0,2025-05-20 18:30:00
2025-05-20 18:35:00,9000.0,2025-05-20 18:35:00
2025-05-20 18:40:00,9000.0,2025-05-20 18:40:00
2025-05-20 18:45:00,9000.0,2025-05-20 18:45:00
2025-05-20 18:50:00,9000.0,2025-05-20 18:50:00
2025-05-20 18:55:00,9000.0,2025-05-20 18:55:00
2025-05-20 19:00:00,9000.0,2025-05-20 19:00:00
2025-05-20 19:05:00,9000.0,2025-05-20 19:05:00
2025-05-20 19:10:00,9000.0,2025-05-20 19:10:00
2025-05-20 19:15:00,9000.0,2025-05-20 19:15:00
2025-05-20 19:20:00,9000.0,2025-05-20 19:20:00
2025-05-20 19:25:00,9000.0,2025-05-20 19:25:00
2025-05-20 19:30:00,9000.0,2025-05-20 19:30:00
2025-05-20 19:35:00,9000.0,2025-05-20 19:35:00
2025-05-20 19:40:00,8999.999,2025-05-20 19:40:00
2025-05-20 19:45:00,8999.999,2025-05-20 19:45:00
2025-05-20 19:50:00,1043.998,2025-05-20 19:50:00
2025-05-20 19:55:00,0.0,2025-05-20 19:55:00
2025-05-20 20:00:00,0.0,2025-05-20 20:00:00
2025-05-20 20:05:00,0.0,2025-05-20 20:05:00
2025-05-20 20:10:00,0.0,2025-05-20 20:10:00
2025-05-20 20:15:00,0.0,2025-05-20 20:15:00
2025-05-20 20:20:00,0.0,2025-05-20 20:20:00
2025-05-20 20:25:00,0.0,2025-05-20 20:25:00
2025-05-20 20:30:00,0.0,2025-05-20 20:30:00
2025-05-20 20:35:00,0.0,2025-05-20 20:35:00
2025-05-20 20:40:00,0.0,2025-05-20 20:40:00
2025-05-20 20:45:00,0.0,2025-05-20 20:45:00
2025-05-20 20:50:00,0.0,2025-05-20 20:50:00
2025-05-20 20:55:00,0.0,2025-05-20 20:55:00
2025-05-20 21:00:00,0.0,2025-05-20 21:00:00
2025-05-20 21:05:00,0.0,2025-05-20 21:05:00
2025-05-20 21:10:00,0.0,2025-05-20 21:10:00
2025-05-20 21:15:00,0.0,2025-05-20 21:15:00
2025-05-20 21:20:00,0.0,2025-05-20 21:20:00
2025-05-20 21:25:00,0.0,2025-05-20 21:25:00
2025-05-20 21:30:00,0.0,2025-05-20 21:30:00
2025-05-20 21:35:00,0.0,2025-05-20 21:35:00
2025-05-20 21:40:00,0.0,2025-05-20 21:40:00
2025-05-20 21:45:00,0.0,2025-05-20 21:45:00
2025-05-20 21:50:00,0.0,2025-05-20 21:50:00
2025-05-20 21:55:00,0.0,2025-05-20 21:55:00
2025-05-20 22:00:00,-2372.423,2025-05-20 22:00:00
2025-05-20 22:05:00,-2372.55,2025-05-20 22:05:00
2025-05-20 22:10:00,-2372.511,2025-05-20 22:10:00
2025-05-20 22:15:00,-2372.42,2025-05-20 22:15:00
2025-05-20 22:20:00,-2372.409,2025-05-20 22:20:00
2025-05-20 22:25:00,-2372.434,2025-05-20 22:25:00
2025-05-20 22:30:00,-2372.42,2025-05-20 22:30:00
2025-05-20 22:35:00,-2372.414,2025-05-20 22:35:00
2025-05-20 22:40:00,-2372.432,2025-05-20 22:40:00
2025-05-20 22:45:00,-2372.411,2025-05-20 22:45:00
2025-05-20 22:50:00,-2372.402,2025-05-20 22:50:00
2025-05-20 22:55:00,-2372.399,2025-05-20 22:55:00
2025-05-20 23:00:00,-2372.397,2025-05-20 23:00:00
2025-05-20 23:05:00,-2372.399,2025-05-20 23:05:00
2025-05-20 23:10:00,-2372.424,2025-05-20 23:10:00
2025-05-20 23:15:00,-2372.395,2025-05-20 23:15:00
2025-05-20 23:20:00,-2372.39,2025-05-20 23:20:00
2025-05-20 23:25:00,-2372.413,2025-05-20 23:25:00
2025-05-20 23:30:00,-2372.42,2025-05-20 23:30:00
2025-05-20 23:35:00,-2372.377,2025-05-20 23:35:00
2025-05-20 23:40:00,-2372.393,2025-05-20 23:40:00
2025-05-20 23:45:00,-2372.382,2025-05-20 23:45:00
2025-05-20 23:50:00,-2372.371,2025-05-20 23:50:00
2025-05-20 23:55:00,-2372.357,2025-05-20 23:55:00
2025-05-21 00:00:00,-2372.352,2025-05-21 00:00:00
2025-05-21 00:05:00,-2372.348,2025-05-21 00:05:00
2025-05-21 00:10:00,-2372.348,2025-05-21 00:10:00
2025-05-21 00:15:00,-2372.339,2025-05-21 00:15:00
2025-05-21 00:20:00,-2372.337,2025-05-21 00:20:00
2025-05-21 00:25:00,-2372.374,2025-05-21 00:25:00
2025-05-21 00:30:00,-2372.333,2025-05-21 00:30:00
2025-05-21 00:35:00,-2372.345,2025-05-21 00:35:00
2025-05-21 00:40:00,-2372.33,2025-05-21 00:40:00
2025-05-21 00:45:00,-2372.32,2025-05-21 00:45:00
2025-05-21 00:50:00,-2372.314,2025-05-21 00:50:00
2025-05-21 00:55:00,-2372.328,2025-05-21 00:55:00
2025-05-21 01:00:00,-2372.365,2025-05-21 01:00:00
2025-05-21 01:05:00,-2372.292,2025-05-21 01:05:00
2025-05-21 01:10:00,-2372.28,2025-05-21 01:10:00
2025-05-21 01:15:00,-2372.274,2025-05-21 01:15:00
2025-05-21 01:20:00,-2372.277,2025-05-21 01:20:00
2025-05-21 01:25:00,-2372.258,2025-05-21 01:25:00
2025-05-21 01:30:00,-2372.256,2025-05-21 01:30:00
2025-05-21 01:35:00,-2372.253,2025-05-21 01:35:00
2025-05-21 01:40:00,-2372.241,2025-05-21 01:40:00
2025-05-21 01:45:00,-2372.234,2025-05-21 01:45:00
2025-05-21 01:50:00,-2372.231,2025-05-21 01:50:00
2025-05-21 01:55:00,-2372.226,2025-05-21 01:55:00
2025-05-21 02:00:00,-2372.222,2025-05-21 02:00:00
2025-05-21 02:05:00,-2372.213,2025-05-21 02:05:00
2025-05-21 02:10:00,-2372.209,2025-05-21 02:10:00
2025-05-21 02:15:00,-2372.205,2025-05-21 02:15:00
2025-05-21 02:20:00,-2372.202,2025-05-21 02:20:00
2025-05-21 02:25:00,-2372.198,2025-05-21 02:25:00
2025-05-21 02:30:00,-2372.197,2025-05-21 02:30:00
2025-05-21 02:35:00,-2372.211,2025-05-21 02:35:00
2025-05-21 02:40:00,-2372.205,2025-05-21 02:40:00
2025-05-21 02:45:00,-2372.199,2025-05-21 02:45:00
2025-05-21 02:50:00,-2372.282,2025-05-21 02:50:00
2025-05-21 02:55:00,-2372.21,2025-05-21 02:55:00
2025-05-21 03:00:00,-2372.231,2025-05-21 03:00:00
2025-05-21 03:05:00,-2372.25,2025-05-21 03:05:00
2025-05-21 03:10:00,-2372.307,2025-05-21 03:10:00
2025-05-21 03:15:00,-2372.362,2025-05-21 03:15:00
2025-05-21 03:20:00,-2372.328,2025-05-21 03:20:00
2025-05-21 03:25:00,-2372.45,2025-05-21 03:25:00
2025-05-21 03:30:00,-2372.34,2025-05-21 03:30:00
2025-05-21 03:35:00,-2372.185,2025-05-21 03:35:00
2025-05-21 03:40:00,-2372.203,2025-05-21 03:40:00
2025-05-21 03:45:00,-2372.258,2025-05-21 03:45:00
2025-05-21 03:50:00,-2372.328,2025-05-21 03:50:00
2025-05-21 03:55:00,-2372.18,2025-05-21 03:55:00
2025-05-21 04:00:00,-2372.198,2025-05-21 04:00:00
2025-05-21 04:05:00,-2372.197,2025-05-21 04:05:00
2025-05-21 04:10:00,-2372.15,2025-05-21 04:10:00
2025-05-21 04:15:00,-2372.26,2025-05-21 04:15:00
2025-05-21 04:20:00,-2372.163,2025-05-21 04:20:00
2025-05-21 04:25:00,-2372.19,2025-05-21 04:25:00
2025-05-21 04:30:00,-2372.148,2025-05-21 04:30:00
2025-05-21 04:35:00,-2372.135,2025-05-21 04:35:00
2025-05-21 04:40:00,-2372.222,2025-05-21 04:40:00
2025-05-21 04:45:00,-2372.129,2025-05-21 04:45:00
2025-05-21 04:50:00,-2372.238,2025-05-21 04:50:00
2025-05-21 04:55:00,-2372.128,2025-05-21 04:55:00
2025-05-21 05:00:00,-2372.18,2025-05-21 05:00:00
2025-05-21 05:05:00,-2372.125,2025-05-21 05:05:00
2025-05-21 05:10:00,-2372.142,2025-05-21 05:10:00
2025-05-21 05:15:00,-2372.128,2025-05-21 05:15:00
2025-05-21 05:20:00,-2372.131,2025-05-21 05:20:00
2025-05-21 05:25:00,-2372.118,2025-05-21 05:25:00
2025-05-21 05:30:00,-2372.225,2025-05-21 05:30:00
2025-05-21 05:35:00,-2372.27,2025-05-21 05:35:00
2025-05-21 05:40:00,-2372.121,2025-05-21 05:40:00
2025-05-21 05:45:00,-2372.153,2025-05-21 05:45:00
2025-05-21 05:50:00,-2372.118,2025-05-21 05:50:00
2025-05-21 05:55:00,-2372.093,2025-05-21 05:55:00
2025-05-21 06:00:00,0.0,2025-05-21 06:00:00
2025-05-21 06:05:00,0.0,2025-05-21 06:05:00
2025-05-21 06:10:00,0.0,2025-05-21 06:10:00
2025-05-21 06:15:00,0.0,2025-05-21 06:15:00
2025-05-21 06:20:00,0.0,2025-05-21 06:20:00
2025-05-21 06:25:00,0.0,2025-05-21 06:25:00
2025-05-21 06:30:00,0.0,2025-05-21 06:30:00
2025-05-21 06:35:00,0.0,2025-05-21 06:35:00
2025-05-21 06:40:00,0.0,2025-05-21 06:40:00
2025-05-21 06:45:00,0.0,2025-05-21 06:45:00
2025-05-21 06:50:00,0.0,2025-05-21 06:50:00
2025-05-21 06:55:00,0.0,2025-05-21 06:55:00
2025-05-21 07:00:00,0.0,2025-05-21 07:00:00
2025-05-21 07:05:00,0.0,2025-05-21 07:05:00
2025-05-21 07:10:00,0.0,2025-05-21 07:10:00
2025-05-21 07:15:00,0.0,2025-05-21 07:15:00
2025-05-21 07:20:00,0.0,2025-05-21 07:20:00
2025-05-21 07:25:00,0.0,2025-05-21 07:25:00
2025-05-21 07:30:00,0.0,2025-05-21 07:30:00
2025-05-21 07:35:00,0.0,2025-05-21 07:35:00
2025-05-21 07:40:00,0.0,2025-05-21 07:40:00
2025-05-21 07:45:00,0.0,2025-05-21 07:45:00
2025-05-21 07:50:00,0.0,2025-05-21 07:50:00
2025-05-21 07:55:00,0.0,2025-05-21 07:55:00
2025-05-21 08:00:00,9000.0,2025-05-21 08:00:00
2025-05-21 08:05:00,9000.0,2025-05-21 08:05:00
2025-05-21 08:10:00,9000.0,2025-05-21 08:10:00
2025-05-21 08:15:00,9000.0,2025-05-21 08:15:00
2025-05-21 08:20:00,9000.0,2025-05-21 08:20:00
2025-05-21 08:25:00,9000.0,2025-05-21 08:25:00
2025-05-21 08:30:00,9000.0,2025-05-21 08:30:00
2025-05-21 08:35:00,9000.0,2025-05-21 08:35:00
2025-05-21 08:40:00,9000.0,2025-05-21 08:40:00
2025-05-21 08:45:00,9000.0,2025-05-21 08:45:00
2025-05-21 08:50:00,9000.0,2025-05-21 08:50:00
2025-05-21 08:55:00,9000.0,2025-05-21 08:55:00
2025-05-21 09:00:00,9000.0,2025-05-21 09:00:00
2025-05-21 09:05:00,9000.0,2025-05-21 09:05:00
2025-05-21 09:10:00,9000.0,2025-05-21 09:10:00
2025-05-21 09:15:00,9000.0,2025-05-21 09:15:00
2025-05-21 09:20:00,9000.0,2025-05-21 09:20:00
2025-05-21 09:25:00,9000.0,2025-05-21 09:25:00
2025-05-21 09:30:00,9000.0,2025-05-21 09:30:00
2025-05-21 09:35:00,9000.0,2025-05-21 09:35:00
2025-05-21 09:40:00,9000.0,2025-05-21 09:40:00
2025-05-21 09:45:00,8999.999,2025-05-21 09:45:00
2025-05-21 09:50:00,1044.0,2025-05-21 09:50:00
2025-05-21 09:55:00,0.0,2025-05-21 09:55:00
2025-05-21 10:00:00,0.0,2025-05-21 10:00:00
2025-05-21 10:05:00,0.0,2025-05-21 10:05:00
2025-05-21 10:10:00,0.0,2025-05-21 10:10:00
2025-05-21 10:15:00,0.0,2025-05-21 10:15:00
2025-05-21 10:20:00,0.0,2025-05-21 10:20:00
2025-05-21 10:25:00,0.0,2025-05-21 10:25:00
2025-05-21 10:30:00,0.0,2025-05-21 10:30:00
2025-05-21 10:35:00,0.0,2025-05-21 10:35:00
2025-05-21 10:40:00,0.0,2025-05-21 10:40:00
2025-05-21 10:45:00,0.0,2025-05-21 10:45:00
2025-05-21 10:50:00,0.0,2025-05-21 10:50:00
2025-05-21 10:55:00,0.0,2025-05-21 10:55:00
2025-05-21 11:00:00,-2710.92,2025-05-21 11:00:00
2025-05-21 11:05:00,-2710.93,2025-05-21 11:05:00
2025-05-21 11:10:00,-2710.94,2025-05-21 11:10:00
2025-05-21 11:15:00,-2710.944,2025-05-21 11:15:00
2025-05-21 11:20:00,-2710.967,2025-05-21 11:20:00
2025-05-21 11:25:00,-2711.014,2025-05-21 11:25:00
2025-05-21 11:30:00,-2711.043,2025-05-21 11:30:00
2025-05-21 11:35:00,-2711.004,2025-05-21 11:35:00
2025-05-21 11:40:00,-2710.97,2025-05-21 11:40:00
2025-05-21 11:45:00,-2711.007,2025-05-21 11:45:00
2025-05-21 11:50:00,-2710.974,2025-05-21 11:50:00
2025-05-21 11:55:00,-2711.0,2025-05-21 11:55:00
2025-05-21 12:00:00,-2711.01,2025-05-21 12:00:00
2025-05-21 12:05:00,-2710.998,2025-05-21 12:05:00
2025-05-21 12:10:00,-2710.996,2025-05-21 12:10:00
2025-05-21 12:15:00,-2711.045,2025-05-21 12:15:00
2025-05-21 12:20:00,-2711.007,2025-05-21 12:20:00
2025-05-21 12:25:00,-2711.035,2025-05-21 12:25:00
2025-05-21 12:30:00,-2711.014,2025-05-21 12:30:00
2025-05-21 12:35:00,-2711.066,2025-05-21 12:35:00
2025-05-21 12:40:00,-2711.04,2025-05-21 12:40:00
2025-05-21 12:45:00,-2711.009,2025-05-21 12:45:00
2025-05-21 12:50:00,-2711.011,2025-05-21 12:50:00
2025-05-21 12:55:00,-2711.018,2025-05-21 12:55:00
2025-05-21 13:00:00,-2711.052,2025-05-21 13:00:00
2025-05-21 13:05:00,-2711.071,2025-05-21 13:05:00
2025-05-21 13:10:00,-2711.033,2025-05-21 13:10:00
2025-05-21 13:15:00,-2711.077,2025-05-21 13:15:00
2025-05-21 13:20:00,-2711.068,2025-05-21 13:20:00
2025-05-21 13:25:00,-2711.321,2025-05-21 13:25:00
2025-05-21 13:30:00,-2711.058,2025-05-21 13:30:00
2025-05-21 13:35:00,-2711.077,2025-05-21 13:35:00
2025-05-21 13:40:00,-2711.156,2025-05-21 13:40:00
2025-05-21 13:45:00,-2711.143,2025-05-21 13:45:00
2025-05-21 13:50:00,-2711.176,2025-05-21 13:50:00
2025-05-21 13:55:00,-2711.176,2025-05-21 13:55:00
2025-05-21 14:00:00,-2711.495,2025-05-21 14:00:00
2025-05-21 14:05:00,-2711.233,2025-05-21 14:05:00
2025-05-21 14:10:00,-2711.125,2025-05-21 14:10:00
2025-05-21 14:15:00,-2711.201,2025-05-21 14:15:00
2025-05-21 14:20:00,-2711.157,2025-05-21 14:20:00
2025-05-21 14:25:00,-2711.217,2025-05-21 14:25:00
2025-05-21 14:30:00,-2711.437,2025-05-21 14:30:00
2025-05-21 14:35:00,-2711.172,2025-05-21 14:35:00
2025-05-21 14:40:00,-2711.666,2025-05-21 14:40:00
2025-05-21 14:45:00,-2711.304,2025-05-21 14:45:00
2025-05-21 14:50:00,-2711.206,2025-05-21 14:50:00
2025-05-21 14:55:00,-2711.181,2025-05-21 14:55:00
2025-05-21 15:00:00,-2711.368,2025-05-21 15:00:00
2025-05-21 15:05:00,-2711.197,2025-05-21 15:05:00
2025-05-21 15:10:00,-2711.149,2025-05-21 15:10:00
2025-05-21 15:15:00,-2711.153,2025-05-21 15:15:00
2025-05-21 15:20:00,-2711.264,2025-05-21 15:20:00
2025-05-21 15:25:00,-2711.227,2025-05-21 15:25:00
2025-05-21 15:30:00,-2711.169,2025-05-21 15:30:00
2025-05-21 15:35:00,-2711.201,2025-05-21 15:35:00
2025-05-21 15:40:00,-2711.182,2025-05-21 15:40:00
2025-05-21 15:45:00,-2711.226,2025-05-21 15:45:00
2025-05-21 15:50:00,-2711.192,2025-05-21 15:50:00
2025-05-21 15:55:00,-2711.208,2025-05-21 15:55:00
2025-05-21 16:00:00,-2711.314,2025-05-21 16:00:00
2025-05-21 16:05:00,-2711.384,2025-05-21 16:05:00
2025-05-21 16:10:00,-2711.545,2025-05-21 16:10:00
2025-05-21 16:15:00,-2711.286,2025-05-21 16:15:00
2025-05-21 16:20:00,-2711.357,2025-05-21 16:20:00
2025-05-21 16:25:00,-2711.388,2025-05-21 16:25:00
2025-05-21 16:30:00,-2711.372,2025-05-21 16:30:00
2025-05-21 16:35:00,-2711.342,2025-05-21 16:35:00
2025-05-21 16:40:00,-2711.322,2025-05-21 16:40:00
2025-05-21 16:45:00,-2711.359,2025-05-21 16:45:00
2025-05-21 16:50:00,-2711.421,2025-05-21 16:50:00
2025-05-21 16:55:00,-2711.272,2025-05-21 16:55:00
2025-05-21 17:00:00,-2711.27,2025-05-21 17:00:00
2025-05-21 17:05:00,-2711.334,2025-05-21 17:05:00
2025-05-21 17:10:00,-2711.249,2025-05-21 17:10:00
2025-05-21 17:15:00,-2711.256,2025-05-21 17:15:00
2025-05-21 17:20:00,-2711.251,2025-05-21 17:20:00
2025-05-21 17:25:00,-2711.259,2025-05-21 17:25:00
2025-05-21 17:30:00,-2711.254,2025-05-21 17:30:00
2025-05-21 17:35:00,-2711.302,2025-05-21 17:35:00
2025-05-21 17:40:00,-2711.537,2025-05-21 17:40:00
2025-05-21 17:45:00,-2711.285,2025-05-21 17:45:00
2025-05-21 17:50:00,-2711.245,2025-05-21 17:50:00
2025-05-21 17:55:00,-2711.222,2025-05-21 17:55:00
2025-05-21 18:00:00,9000.0,2025-05-21 18:00:00
2025-05-21 18:05:00,9000.0,2025-05-21 18:05:00
2025-05-21 18:10:00,9000.0,2025-05-21 18:10:00
2025-05-21 18:15:00,9000.0,2025-05-21 18:15:00
2025-05-21 18:20:00,9000.0,2025-05-21 18:20:00
2025-05-21 18:25:00,9000.0,2025-05-21 18:25:00
2025-05-21 18:30:00,9000.0,2025-05-21 18:30:00
2025-05-21 18:35:00,9000.0,2025-05-21 18:35:00
2025-05-21 18:40:00,9000.0,2025-05-21 18:40:00
2025-05-21 18:45:00,9000.0,2025-05-21 18:45:00
2025-05-21 18:50:00,9000.0,2025-05-21 18:50:00
2025-05-21 18:55:00,9000.0,2025-05-21 18:55:00
2025-05-21 19:00:00,9000.0,2025-05-21 19:00:00
2025-05-21 19:05:00,9000.0,2025-05-21 19:05:00
2025-05-21 19:10:00,9000.0,2025-05-21 19:10:00
2025-05-21 19:15:00,9000.0,2025-05-21 19:15:00
2025-05-21 19:20:00,9000.0,2025-05-21 19:20:00
2025-05-21 19:25:00,9000.0,2025-05-21 19:25:00
2025-05-21 19:30:00,9000.0,2025-05-21 19:30:00
2025-05-21 19:35:00,9000.0,2025-05-21 19:35:00
2025-05-21 19:40:00,9000.0,2025-05-21 19:40:00
2025-05-21 19:45:00,8999.999,2025-05-21 19:45:00
2025-05-21 19:50:00,1044.0,2025-05-21 19:50:00
2025-05-21 19:55:00,0.0,2025-05-21 19:55:00
2025-05-21 20:00:00,0.0,2025-05-21 20:00:00
2025-05-21 20:05:00,0.0,2025-05-21 20:05:00
2025-05-21 20:10:00,0.0,2025-05-21 20:10:00
2025-05-21 20:15:00,0.0,2025-05-21 20:15:00
2025-05-21 20:20:00,0.0,2025-05-21 20:20:00
2025-05-21 20:25:00,0.0,2025-05-21 20:25:00
2025-05-21 20:30:00,0.0,2025-05-21 20:30:00
2025-05-21 20:35:00,0.0,2025-05-21 20:35:00
2025-05-21 20:40:00,0.0,2025-05-21 20:40:00
2025-05-21 20:45:00,0.0,2025-05-21 20:45:00
2025-05-21 20:50:00,0.0,2025-05-21 20:50:00
2025-05-21 20:55:00,0.0,2025-05-21 20:55:00
2025-05-21 21:00:00,0.0,2025-05-21 21:00:00
2025-05-21 21:05:00,0.0,2025-05-21 21:05:00
2025-05-21 21:10:00,0.0,2025-05-21 21:10:00
2025-05-21 21:15:00,0.0,2025-05-21 21:15:00
2025-05-21 21:20:00,0.0,2025-05-21 21:20:00
2025-05-21 21:25:00,0.0,2025-05-21 21:25:00
2025-05-21 21:30:00,0.0,2025-05-21 21:30:00
2025-05-21 21:35:00,0.0,2025-05-21 21:35:00
2025-05-21 21:40:00,0.0,2025-05-21 21:40:00
2025-05-21 21:45:00,0.0,2025-05-21 21:45:00
2025-05-21 21:50:00,0.0,2025-05-21 21:50:00
2025-05-21 21:55:00,0.0,2025-05-21 21:55:00
2025-05-21 22:00:00,-2372.442,2025-05-21 22:00:00
2025-05-21 22:05:00,-2372.443,2025-05-21 22:05:00
2025-05-21 22:10:00,-2372.456,2025-05-21 22:10:00
2025-05-21 22:15:00,-2372.447,2025-05-21 22:15:00
2025-05-21 22:20:00,-2372.457,2025-05-21 22:20:00
2025-05-21 22:25:00,-2372.457,2025-05-21 22:25:00
2025-05-21 22:30:00,-2372.464,2025-05-21 22:30:00
2025-05-21 22:35:00,-2372.463,2025-05-21 22:35:00
2025-05-21 22:40:00,-2372.461,2025-05-21 22:40:00
2025-05-21 22:45:00,-2372.458,2025-05-21 22:45:00
2025-05-21 22:50:00,-2372.458,2025-05-21 22:50:00
2025-05-21 22:55:00,-2372.454,2025-05-21 22:55:00
2025-05-21 23:00:00,-2372.454,2025-05-21 23:00:00
2025-05-21 23:05:00,-2372.446,2025-05-21 23:05:00
2025-05-21 23:10:00,-2372.448,2025-05-21 23:10:00
2025-05-21 23:15:00,-2372.437,2025-05-21 23:15:00
2025-05-21 23:20:00,-2372.434,2025-05-21 23:20:00
2025-05-21 23:25:00,-2372.427,2025-05-21 23:25:00
2025-05-21 23:30:00,-2372.433,2025-05-21 23:30:00
2025-05-21 23:35:00,-2372.428,2025-05-21 23:35:00
2025-05-21 23:40:00,-2372.427,2025-05-21 23:40:00
2025-05-21 23:45:00,-2372.42,2025-05-21 23:45:00
2025-05-21 23:50:00,-2372.423,2025-05-21 23:50:00
2025-05-21 23:55:00,-2372.415,2025-05-21 23:55:00
2025-05-22 00:00:00,-2372.416,2025-05-22 00:00:00
2025-05-22 00:05:00,-2372.411,2025-05-22 00:05:00
2025-05-22 00:10:00,-2372.398,2025-05-22 00:10:00
2025-05-22 00:15:00,-2372.406,2025-05-22 00:15:00
2025-05-22 00:20:00,-2372.401,2025-05-22 00:20:00
2025-05-22 00:25:00,-2372.395,2025-05-22 00:25:00
2025-05-22 00:30:00,-2372.395,2025-05-22 00:30:00
2025-05-22 00:35:00,-2372.387,2025-05-22 00:35:00
2025-05-22 00:40:00,-2372.382,2025-05-22 00:40:00
2025-05-22 00:45:00,-2372.379,2025-05-22 00:45:00
2025-05-22 00:50:00,-2372.371,2025-05-22 00:50:00
2025-05-22 00:55:00,-2372.364,2025-05-22 00:55:00
2025-05-22 01:00:00,-2372.362,2025-05-22 01:00:00
2025-05-22 01:05:00,-2372.353,2025-05-22 01:05:00
2025-05-22 01:10:00,-2372.342,2025-05-22 01:10:00
2025-05-22 01:15:00,-2372.343,2025-05-22 01:15:00
2025-05-22 01:20:00,-2372.335,2025-05-22 01:20:00
2025-05-22 01:25:00,-2372.329,2025-05-22 01:25:00
2025-05-22 01:30:00,-2372.322,2025-05-22 01:30:00
2025-05-22 01:35:00,-2372.313,2025-05-22 01:35:00
2025-05-22 01:40:00,-2372.315,2025-05-22 01:40:00
2025-05-22 01:45:00,-2372.311,2025-05-22 01:45:00
2025-05-22 01:50:00,-2372.304,2025-05-22 01:50:00
2025-05-22 01:55:00,-2372.293,2025-05-22 01:55:00
2025-05-22 02:00:00,-2372.293,2025-05-22 02:00:00
2025-05-22 02:05:00,-2372.279,2025-05-22 02:05:00
2025-05-22 02:10:00,-2372.272,2025-05-22 02:10:00
2025-05-22 02:15:00,-2372.27,2025-05-22 02:15:00
2025-05-22 02:20:00,-2372.264,2025-05-22 02:20:00
2025-05-22 02:25:00,-2372.257,2025-05-22 02:25:00
2025-05-22 02:30:00,-2372.254,2025-05-22 02:30:00
2025-05-22 02:35:00,-2372.234,2025-05-22 02:35:00
2025-05-22 02:40:00,-2372.228,2025-05-22 02:40:00
2025-05-22 02:45:00,-2372.217,2025-05-22 02:45:00
2025-05-22 02:50:00,-2372.222,2025-05-22 02:50:00
2025-05-22 02:55:00,-2372.218,2025-05-22 02:55:00
2025-05-22 03:00:00,-2372.207,2025-05-22 03:00:00
2025-05-22 03:05:00,-2372.202,2025-05-22 03:05:00
2025-05-22 03:10:00,-2372.195,2025-05-22 03:10:00
2025-05-22 03:15:00,-2372.188,2025-05-22 03:15:00
2025-05-22 03:20:00,-2372.186,2025-05-22 03:20:00
2025-05-22 03:25:00,-2372.169,2025-05-22 03:25:00
2025-05-22 03:30:00,-2372.163,2025-05-22 03:30:00
2025-05-22 03:35:00,-2372.159,2025-05-22 03:35:00
2025-05-22 03:40:00,-2372.154,2025-05-22 03:40:00
2025-05-22 03:45:00,-2372.148,2025-05-22 03:45:00
2025-05-22 03:50:00,-2372.148,2025-05-22 03:50:00
2025-05-22 03:55:00,-2372.141,2025-05-22 03:55:00
2025-05-22 04:00:00,-2372.14,2025-05-22 04:00:00
2025-05-22 04:05:00,-2372.135,2025-05-22 04:05:00
2025-05-22 04:10:00,-2372.131,2025-05-22 04:10:00
2025-05-22 04:15:00,-2372.131,2025-05-22 04:15:00
2025-05-22 04:20:00,-2372.124,2025-05-22 04:20:00
2025-05-22 04:25:00,-2372.124,2025-05-22 04:25:00
2025-05-22 04:30:00,-2372.115,2025-05-22 04:30:00
2025-05-22 04:35:00,-2372.12,2025-05-22 04:35:00
2025-05-22 04:40:00,-2372.115,2025-05-22 04:40:00
2025-05-22 04:45:00,-2372.115,2025-05-22 04:45:00
2025-05-22 04:50:00,-2372.112,2025-05-22 04:50:00
2025-05-22 04:55:00,-2372.108,2025-05-22 04:55:00
2025-05-22 05:00:00,-2372.11,2025-05-22 05:00:00
2025-05-22 05:05:00,-2372.107,2025-05-22 05:05:00
2025-05-22 05:10:00,-2372.104,2025-05-22 05:10:00
2025-05-22 05:15:00,-2372.105,2025-05-22 05:15:00
2025-05-22 05:20:00,-2372.104,2025-05-22 05:20:00
2025-05-22 05:25:00,-2372.116,2025-05-22 05:25:00
2025-05-22 05:30:00,-2372.106,2025-05-22 05:30:00
2025-05-22 05:35:00,-2372.112,2025-05-22 05:35:00
2025-05-22 05:40:00,-2372.111,2025-05-22 05:40:00
2025-05-22 05:45:00,-2372.111,2025-05-22 05:45:00
2025-05-22 05:50:00,-2372.113,2025-05-22 05:50:00
2025-05-22 05:55:00,-2372.115,2025-05-22 05:55:00
2025-05-22 06:00:00,0.0,2025-05-22 06:00:00
2025-05-22 06:05:00,0.0,2025-05-22 06:05:00
2025-05-22 06:10:00,0.0,2025-05-22 06:10:00
2025-05-22 06:15:00,0.0,2025-05-22 06:15:00
2025-05-22 06:20:00,0.0,2025-05-22 06:20:00
2025-05-22 06:25:00,0.0,2025-05-22 06:25:00
2025-05-22 06:30:00,0.0,2025-05-22 06:30:00
2025-05-22 06:35:00,0.0,2025-05-22 06:35:00
2025-05-22 06:40:00,0.0,2025-05-22 06:40:00
2025-05-22 06:45:00,0.0,2025-05-22 06:45:00
2025-05-22 06:50:00,0.0,2025-05-22 06:50:00
2025-05-22 06:55:00,0.0,2025-05-22 06:55:00
2025-05-22 07:00:00,0.0,2025-05-22 07:00:00
2025-05-22 07:05:00,0.0,2025-05-22 07:05:00
2025-05-22 07:10:00,0.0,2025-05-22 07:10:00
2025-05-22 07:15:00,0.0,2025-05-22 07:15:00
2025-05-22 07:20:00,0.0,2025-05-22 07:20:00
2025-05-22 07:25:00,0.0,2025-05-22 07:25:00
2025-05-22 07:30:00,0.0,2025-05-22 07:30:00
2025-05-22 07:35:00,0.0,2025-05-22 07:35:00
2025-05-22 07:40:00,0.0,2025-05-22 07:40:00
2025-05-22 07:45:00,0.0,2025-05-22 07:45:00
2025-05-22 07:50:00,0.0,2025-05-22 07:50:00
2025-05-22 07:55:00,0.0,2025-05-22 07:55:00
2025-05-22 08:00:00,9000.0,2025-05-22 08:00:00
2025-05-22 08:05:00,9000.0,2025-05-22 08:05:00
2025-05-22 08:10:00,9000.0,2025-05-22 08:10:00
2025-05-22 08:15:00,9000.0,2025-05-22 08:15:00
2025-05-22 08:20:00,9000.0,2025-05-22 08:20:00
2025-05-22 08:25:00,9000.0,2025-05-22 08:25:00
2025-05-22 08:30:00,9000.0,2025-05-22 08:30:00
2025-05-22 08:35:00,9000.0,2025-05-22 08:35:00
2025-05-22 08:40:00,9000.0,2025-05-22 08:40:00
2025-05-22 08:45:00,9000.0,2025-05-22 08:45:00
2025-05-22 08:50:00,9000.0,2025-05-22 08:50:00
2025-05-22 08:55:00,9000.0,2025-05-22 08:55:00
2025-05-22 09:00:00,9000.0,2025-05-22 09:00:00
2025-05-22 09:05:00,9000.0,2025-05-22 09:05:00
2025-05-22 09:10:00,9000.0,2025-05-22 09:10:00
2025-05-22 09:15:00,9000.0,2025-05-22 09:15:00
2025-05-22 09:20:00,9000.0,2025-05-22 09:20:00
2025-05-22 09:25:00,9000.0,2025-05-22 09:25:00
2025-05-22 09:30:00,9000.0,2025-05-22 09:30:00
2025-05-22 09:35:00,9000.0,2025-05-22 09:35:00
2025-05-22 09:40:00,9000.0,2025-05-22 09:40:00
2025-05-22 09:45:00,8999.999,2025-05-22 09:45:00
2025-05-22 09:50:00,1043.999,2025-05-22 09:50:00
2025-05-22 09:55:00,0.0,2025-05-22 09:55:00
2025-05-22 10:00:00,0.0,2025-05-22 10:00:00
2025-05-22 10:05:00,0.0,2025-05-22 10:05:00
2025-05-22 10:10:00,0.0,2025-05-22 10:10:00
2025-05-22 10:15:00,0.0,2025-05-22 10:15:00
2025-05-22 10:20:00,0.0,2025-05-22 10:20:00
2025-05-22 10:25:00,0.0,2025-05-22 10:25:00
2025-05-22 10:30:00,0.0,2025-05-22 10:30:00
2025-05-22 10:35:00,0.0,2025-05-22 10:35:00
2025-05-22 10:40:00,0.0,2025-05-22 10:40:00
2025-05-22 10:45:00,0.0,2025-05-22 10:45:00
2025-05-22 10:50:00,0.0,2025-05-22 10:50:00
2025-05-22 10:55:00,0.0,2025-05-22 10:55:00
2025-05-22 11:00:00,-2711.169,2025-05-22 11:00:00
2025-05-22 11:05:00,-2711.165,2025-05-22 11:05:00
2025-05-22 11:10:00,-2711.202,2025-05-22 11:10:00
2025-05-22 11:15:00,-2711.158,2025-05-22 11:15:00
2025-05-22 11:20:00,-2711.194,2025-05-22 11:20:00
2025-05-22 11:25:00,-2711.194,2025-05-22 11:25:00
2025-05-22 11:30:00,-2711.223,2025-05-22 11:30:00
2025-05-22 11:35:00,-2711.203,2025-05-22 11:35:00
2025-05-22 11:40:00,-2703.731,2025-05-22 11:40:00
2025-05-22 11:45:00,-2711.191,2025-05-22 11:45:00
2025-05-22 11:50:00,-2711.213,2025-05-22 11:50:00
2025-05-22 11:55:00,-2711.189,2025-05-22 11:55:00
2025-05-22 12:00:00,-2711.207,2025-05-22 12:00:00
2025-05-22 12:05:00,-2711.21,2025-05-22 12:05:00
2025-05-22 12:10:00,-2711.227,2025-05-22 12:10:00
2025-05-22 12:15:00,-2711.387,2025-05-22 12:15:00
2025-05-22 12:20:00,-2711.229,2025-05-22 12:20:00
2025-05-22 12:25:00,-2711.352,2025-05-22 12:25:00
2025-05-22 12:30:00,-2711.463,2025-05-22 12:30:00
2025-05-22 12:35:00,-2711.405,2025-05-22 12:35:00
2025-05-22 12:40:00,-2711.239,2025-05-22 12:40:00
2025-05-22 12:45:00,-2711.295,2025-05-22 12:45:00
2025-05-22 12:50:00,-2711.239,2025-05-22 12:50:00
2025-05-22 12:55:00,-2711.247,2025-05-22 12:55:00
2025-05-22 13:00:00,-2711.292,2025-05-22 13:00:00
2025-05-22 13:05:00,-2711.25,2025-05-22 13:05:00
2025-05-22 13:10:00,-2711.247,2025-05-22 13:10:00
2025-05-22 13:15:00,-2711.333,2025-05-22 13:15:00
2025-05-22 13:20:00,-2711.347,2025-05-22 13:20:00
2025-05-22 13:25:00,-2703.709,2025-05-22 13:25:00
2025-05-22 13:30:00,-2711.263,2025-05-22 13:30:00
2025-05-22 13:35:00,-2711.267,2025-05-22 13:35:00
2025-05-22 13:40:00,-2711.27,2025-05-22 13:40:00
2025-05-22 13:45:00,-2711.267,2025-05-22 13:45:00
2025-05-22 13:50:00,-2711.268,2025-05-22 13:50:00
2025-05-22 13:55:00,-2711.274,2025-05-22 13:55:00
2025-05-22 14:00:00,-2711.285,2025-05-22 14:00:00
2025-05-22 14:05:00,-2711.293,2025-05-22 14:05:00
2025-05-22 14:10:00,-2711.296,2025-05-22 14:10:00
2025-05-22 14:15:00,-2711.296,2025-05-22 14:15:00
2025-05-22 14:20:00,-2711.294,2025-05-22 14:20:00
2025-05-22 14:25:00,-2711.304,2025-05-22 14:25:00
2025-05-22 14:30:00,-2711.32,2025-05-22 14:30:00
2025-05-22 14:35:00,-2711.362,2025-05-22 14:35:00
2025-05-22 14:40:00,-2711.338,2025-05-22 14:40:00
2025-05-22 14:45:00,-2711.337,2025-05-22 14:45:00
2025-05-22 14:50:00,-2711.342,2025-05-22 14:50:00
2025-05-22 14:55:00,-2711.347,2025-05-22 14:55:00
2025-05-22 15:00:00,-2711.356,2025-05-22 15:00:00
2025-05-22 15:05:00,-2711.365,2025-05-22 15:05:00
2025-05-22 15:10:00,-2711.367,2025-05-22 15:10:00
2025-05-22 15:15:00,-2711.374,2025-05-22 15:15:00
2025-05-22 15:20:00,-2711.389,2025-05-22 15:20:00
2025-05-22 15:25:00,-2711.396,2025-05-22 15:25:00
2025-05-22 15:30:00,-2711.406,2025-05-22 15:30:00
2025-05-22 15:35:00,-2711.415,2025-05-22 15:35:00
2025-05-22 15:40:00,-2711.418,2025-05-22 15:40:00
2025-05-22 15:45:00,-2711.42,2025-05-22 15:45:00
2025-05-22 15:50:00,-2711.435,2025-05-22 15:50:00
2025-05-22 15:55:00,-2711.447,2025-05-22 15:55:00
2025-05-22 16:00:00,-2711.447,2025-05-22 16:00:00
2025-05-22 16:05:00,-2711.451,2025-05-22 16:05:00
2025-05-22 16:10:00,-2711.46,2025-05-22 16:10:00
2025-05-22 16:15:00,-2711.467,2025-05-22 16:15:00
2025-05-22 16:20:00,-2711.472,2025-05-22 16:20:00
2025-05-22 16:25:00,-2711.482,2025-05-22 16:25:00
2025-05-22 16:30:00,-2711.504,2025-05-22 16:30:00
2025-05-22 16:35:00,-2711.478,2025-05-22 16:35:00
2025-05-22 16:40:00,-2711.489,2025-05-22 16:40:00
2025-05-22 16:45:00,-2711.5,2025-05-22 16:45:00
2025-05-22 16:50:00,-2711.516,2025-05-22 16:50:00
2025-05-22 16:55:00,-2711.515,2025-05-22 16:55:00
2025-05-22 17:00:00,-2711.527,2025-05-22 17:00:00
2025-05-22 17:05:00,-2711.534,2025-05-22 17:05:00
2025-05-22 17:10:00,-2711.534,2025-05-22 17:10:00
2025-05-22 17:15:00,-2711.536,2025-05-22 17:15:00
2025-05-22 17:20:00,-2711.54,2025-05-22 17:20:00
2025-05-22 17:25:00,-2711.562,2025-05-22 17:25:00
2025-05-22 17:30:00,-2711.559,2025-05-22 17:30:00
2025-05-22 17:35:00,-2711.562,2025-05-22 17:35:00
2025-05-22 17:40:00,-2711.569,2025-05-22 17:40:00
2025-05-22 17:45:00,-2711.562,2025-05-22 17:45:00
2025-05-22 17:50:00,-2711.573,2025-05-22 17:50:00
2025-05-22 17:55:00,-2711.57,2025-05-22 17:55:00
2025-05-22 18:00:00,9000.0,2025-05-22 18:00:00
2025-05-22 18:05:00,9000.0,2025-05-22 18:05:00
2025-05-22 18:10:00,9000.0,2025-05-22 18:10:00
2025-05-22 18:15:00,9000.0,2025-05-22 18:15:00
2025-05-22 18:20:00,9000.0,2025-05-22 18:20:00
2025-05-22 18:25:00,9000.0,2025-05-22 18:25:00
2025-05-22 18:30:00,9000.0,2025-05-22 18:30:00
2025-05-22 18:35:00,9000.0,2025-05-22 18:35:00
2025-05-22 18:40:00,9000.0,2025-05-22 18:40:00
2025-05-22 18:45:00,9000.0,2025-05-22 18:45:00
2025-05-22 18:50:00,9000.0,2025-05-22 18:50:00
2025-05-22 18:55:00,9000.0,2025-05-22 18:55:00
2025-05-22 19:00:00,9000.0,2025-05-22 19:00:00
2025-05-22 19:05:00,9000.0,2025-05-22 19:05:00
2025-05-22 19:10:00,9000.0,2025-05-22 19:10:00
2025-05-22 19:15:00,9000.0,2025-05-22 19:15:00
2025-05-22 19:20:00,9000.0,2025-05-22 19:20:00
2025-05-22 19:25:00,9000.0,2025-05-22 19:25:00
2025-05-22 19:30:00,9000.0,2025-05-22 19:30:00
2025-05-22 19:35:00,9000.0,2025-05-22 19:35:00
2025-05-22 19:40:00,9000.0,2025-05-22 19:40:00
2025-05-22 19:45:00,8999.999,2025-05-22 19:45:00
2025-05-22 19:50:00,1043.999,2025-05-22 19:50:00
2025-05-22 19:55:00,0.0,2025-05-22 19:55:00
2025-05-22 20:00:00,0.0,2025-05-22 20:00:00
2025-05-22 20:05:00,0.0,2025-05-22 20:05:00
2025-05-22 20:10:00,0.0,2025-05-22 20:10:00
2025-05-22 20:15:00,0.0,2025-05-22 20:15:00
2025-05-22 20:20:00,0.0,2025-05-22 20:20:00
2025-05-22 20:25:00,0.0,2025-05-22 20:25:00
2025-05-22 20:30:00,0.0,2025-05-22 20:30:00
2025-05-22 20:35:00,0.0,2025-05-22 20:35:00
2025-05-22 20:40:00,0.0,2025-05-22 20:40:00
2025-05-22 20:45:00,0.0,2025-05-22 20:45:00
2025-05-22 20:50:00,0.0,2025-05-22 20:50:00
2025-05-22 20:55:00,0.0,2025-05-22 20:55:00
2025-05-22 21:00:00,0.0,2025-05-22 21:00:00
2025-05-22 21:05:00,0.0,2025-05-22 21:05:00
2025-05-22 21:10:00,0.0,2025-05-22 21:10:00
2025-05-22 21:15:00,0.0,2025-05-22 21:15:00
2025-05-22 21:20:00,0.0,2025-05-22 21:20:00
2025-05-22 21:25:00,0.0,2025-05-22 21:25:00
2025-05-22 21:30:00,0.0,2025-05-22 21:30:00
2025-05-22 21:35:00,0.0,2025-05-22 21:35:00
2025-05-22 21:40:00,0.0,2025-05-22 21:40:00
2025-05-22 21:45:00,0.0,2025-05-22 21:45:00
2025-05-22 21:50:00,0.0,2025-05-22 21:50:00
2025-05-22 21:55:00,0.0,2025-05-22 21:55:00
2025-05-22 22:00:00,-2371.944,2025-05-22 22:00:00
2025-05-22 22:05:00,-2371.965,2025-05-22 22:05:00
2025-05-22 22:10:00,-2371.95,2025-05-22 22:10:00
2025-05-22 22:15:00,-2371.951,2025-05-22 22:15:00
2025-05-22 22:20:00,-2371.952,2025-05-22 22:20:00
2025-05-22 22:25:00,-2371.965,2025-05-22 22:25:00
2025-05-22 22:30:00,-2371.978,2025-05-22 22:30:00
2025-05-22 22:35:00,-2371.962,2025-05-22 22:35:00
2025-05-22 22:40:00,-2371.967,2025-05-22 22:40:00
2025-05-22 22:45:00,-2371.974,2025-05-22 22:45:00
2025-05-22 22:50:00,-2372.003,2025-05-22 22:50:00
2025-05-22 22:55:00,-2371.995,2025-05-22 22:55:00
2025-05-22 23:00:00,-2371.981,2025-05-22 23:00:00
2025-05-22 23:05:00,-2371.99,2025-05-22 23:05:00
2025-05-22 23:10:00,-2372.004,2025-05-22 23:10:00
2025-05-22 23:15:00,-2372.042,2025-05-22 23:15:00
2025-05-22 23:20:00,-2372.0,2025-05-22 23:20:00
2025-05-22 23:25:00,-2372.04,2025-05-22 23:25:00
2025-05-22 23:30:00,-2372.009,2025-05-22 23:30:00
2025-05-22 23:35:00,-2372.014,2025-05-22 23:35:00
2025-05-22 23:40:00,-2372.04,2025-05-22 23:40:00
2025-05-22 23:45:00,-2372.026,2025-05-22 23:45:00
2025-05-22 23:50:00,-2372.035,2025-05-22 23:50:00
2025-05-22 23:55:00,-2372.047,2025-05-22 23:55:00
2025-05-23 00:00:00,-2372.04,2025-05-23 00:00:00
2025-05-23 00:05:00,-2372.071,2025-05-23 00:05:00
2025-05-23 00:10:00,-2372.058,2025-05-23 00:10:00
2025-05-23 00:15:00,-2372.071,2025-05-23 00:15:00
2025-05-23 00:20:00,-2372.077,2025-05-23 00:20:00
2025-05-23 00:25:00,-2372.09,2025-05-23 00:25:00
2025-05-23 00:30:00,-2372.095,2025-05-23 00:30:00
2025-05-23 00:35:00,-2372.1,2025-05-23 00:35:00
2025-05-23 00:40:00,-2372.108,2025-05-23 00:40:00
2025-05-23 00:45:00,-2372.126,2025-05-23 00:45:00
2025-05-23 00:50:00,-2372.128,2025-05-23 00:50:00
2025-05-23 00:55:00,-2372.149,2025-05-23 00:55:00
2025-05-23 01:00:00,-2372.208,2025-05-23 01:00:00
2025-05-23 01:05:00,-2372.173,2025-05-23 01:05:00
2025-05-23 01:10:00,-2372.172,2025-05-23 01:10:00
2025-05-23 01:15:00,-2372.181,2025-05-23 01:15:00
2025-05-23 01:20:00,-2372.339,2025-05-23 01:20:00
2025-05-23 01:25:00,-2372.269,2025-05-23 01:25:00
2025-05-23 01:30:00,-2372.212,2025-05-23 01:30:00
2025-05-23 01:35:00,-2372.226,2025-05-23 01:35:00
2025-05-23 01:40:00,-2372.25,2025-05-23 01:40:00
2025-05-23 01:45:00,-2372.259,2025-05-23 01:45:00
2025-05-23 01:50:00,-2372.304,2025-05-23 01:50:00
2025-05-23 01:55:00,-2372.287,2025-05-23 01:55:00
2025-05-23 02:00:00,-2372.334,2025-05-23 02:00:00
2025-05-23 02:05:00,-2372.287,2025-05-23 02:05:00
2025-05-23 02:10:00,-2372.301,2025-05-23 02:10:00
2025-05-23 02:15:00,-2372.31,2025-05-23 02:15:00
2025-05-23 02:20:00,-2372.373,2025-05-23 02:20:00
2025-05-23 02:25:00,-2372.363,2025-05-23 02:25:00
2025-05-23 02:30:00,-2372.342,2025-05-23 02:30:00
2025-05-23 02:35:00,-2372.357,2025-05-23 02:35:00
2025-05-23 02:40:00,-2372.359,2025-05-23 02:40:00
2025-05-23 02:45:00,-2372.374,2025-05-23 02:45:00
2025-05-23 02:50:00,-2372.407,2025-05-23 02:50:00
2025-05-23 02:55:00,-2372.404,2025-05-23 02:55:00
2025-05-23 03:00:00,-2372.408,2025-05-23 03:00:00
2025-05-23 03:05:00,-2372.413,2025-05-23 03:05:00
2025-05-23 03:10:00,-2372.423,2025-05-23 03:10:00
2025-05-23 03:15:00,-2372.43,2025-05-23 03:15:00
2025-05-23 03:20:00,-2372.45,2025-05-23 03:20:00
2025-05-23 03:25:00,-2372.45,2025-05-23 03:25:00
2025-05-23 03:30:00,-2372.467,2025-05-23 03:30:00
2025-05-23 03:35:00,-2372.481,2025-05-23 03:35:00
2025-05-23 03:40:00,-2372.473,2025-05-23 03:40:00
2025-05-23 03:45:00,-2372.491,2025-05-23 03:45:00
2025-05-23 03:50:00,-2372.505,2025-05-23 03:50:00
2025-05-23 03:55:00,-2372.504,2025-05-23 03:55:00
2025-05-23 04:00:00,-2372.509,2025-05-23 04:00:00
2025-05-23 04:05:00,-2372.514,2025-05-23 04:05:00
2025-05-23 04:10:00,-2372.535,2025-05-23 04:10:00
2025-05-23 04:15:00,-2372.537,2025-05-23 04:15:00
2025-05-23 04:20:00,-2372.547,2025-05-23 04:20:00
2025-05-23 04:25:00,-2372.541,2025-05-23 04:25:00
2025-05-23 04:30:00,-2372.56,2025-05-23 04:30:00
2025-05-23 04:35:00,-2372.558,2025-05-23 04:35:00
2025-05-23 04:40:00,-2372.558,2025-05-23 04:40:00
2025-05-23 04:45:00,-2372.559,2025-05-23 04:45:00
2025-05-23 04:50:00,-2372.566,2025-05-23 04:50:00
2025-05-23 04:55:00,-2372.568,2025-05-23 04:55:00
2025-05-23 05:00:00,-2372.575,2025-05-23 05:00:00
2025-05-23 05:05:00,-2372.576,2025-05-23 05:05:00
2025-05-23 05:10:00,-2372.585,2025-05-23 05:10:00
2025-05-23 05:15:00,-2372.585,2025-05-23 05:15:00
2025-05-23 05:20:00,-2372.596,2025-05-23 05:20:00
2025-05-23 05:25:00,-2372.585,2025-05-23 05:25:00
2025-05-23 05:30:00,-2372.607,2025-05-23 05:30:00
2025-05-23 05:35:00,-2372.593,2025-05-23 05:35:00
2025-05-23 05:40:00,-2372.591,2025-05-23 05:40:00
2025-05-23 05:45:00,-2372.583,2025-05-23 05:45:00
2025-05-23 05:50:00,-2372.587,2025-05-23 05:50:00
2025-05-23 05:55:00,-2372.583,2025-05-23 05:55:00
2025-05-23 06:00:00,0.0,2025-05-23 06:00:00
2025-05-23 06:05:00,0.0,2025-05-23 06:05:00
2025-05-23 06:10:00,0.0,2025-05-23 06:10:00
2025-05-23 06:15:00,0.0,2025-05-23 06:15:00
2025-05-23 06:20:00,0.0,2025-05-23 06:20:00
2025-05-23 06:25:00,0.0,2025-05-23 06:25:00
2025-05-23 06:30:00,0.0,2025-05-23 06:30:00
2025-05-23 06:35:00,0.0,2025-05-23 06:35:00
2025-05-23 06:40:00,0.0,2025-05-23 06:40:00
2025-05-23 06:45:00,0.0,2025-05-23 06:45:00
2025-05-23 06:50:00,0.0,2025-05-23 06:50:00
2025-05-23 06:55:00,0.0,2025-05-23 06:55:00
2025-05-23 07:00:00,0.0,2025-05-23 07:00:00
2025-05-23 07:05:00,0.0,2025-05-23 07:05:00
2025-05-23 07:10:00,0.0,2025-05-23 07:10:00
2025-05-23 07:15:00,0.0,2025-05-23 07:15:00
2025-05-23 07:20:00,0.0,2025-05-23 07:20:00
2025-05-23 07:25:00,0.0,2025-05-23 07:25:00
2025-05-23 07:30:00,0.0,2025-05-23 07:30:00
2025-05-23 07:35:00,0.0,2025-05-23 07:35:00
2025-05-23 07:40:00,0.0,2025-05-23 07:40:00
2025-05-23 07:45:00,0.0,2025-05-23 07:45:00
2025-05-23 07:50:00,0.0,2025-05-23 07:50:00
2025-05-23 07:55:00,0.0,2025-05-23 07:55:00
2025-05-23 08:00:00,9000.0,2025-05-23 08:00:00
2025-05-23 08:05:00,9000.0,2025-05-23 08:05:00
2025-05-23 08:10:00,9000.0,2025-05-23 08:10:00
2025-05-23 08:15:00,9000.0,2025-05-23 08:15:00
2025-05-23 08:20:00,9000.0,2025-05-23 08:20:00
2025-05-23 08:25:00,9000.0,2025-05-23 08:25:00
2025-05-23 08:30:00,9000.0,2025-05-23 08:30:00
2025-05-23 08:35:00,9000.0,2025-05-23 08:35:00
2025-05-23 08:40:00,9000.0,2025-05-23 08:40:00
2025-05-23 08:45:00,9000.0,2025-05-23 08:45:00
2025-05-23 08:50:00,9000.0,2025-05-23 08:50:00
2025-05-23 08:55:00,9000.0,2025-05-23 08:55:00
2025-05-23 09:00:00,9000.0,2025-05-23 09:00:00
2025-05-23 09:05:00,9000.0,2025-05-23 09:05:00
2025-05-23 09:10:00,9000.0,2025-05-23 09:10:00
2025-05-23 09:15:00,9000.0,2025-05-23 09:15:00
2025-05-23 09:20:00,9000.0,2025-05-23 09:20:00
2025-05-23 09:25:00,9000.0,2025-05-23 09:25:00
2025-05-23 09:30:00,9000.0,2025-05-23 09:30:00
2025-05-23 09:35:00,9000.0,2025-05-23 09:35:00
2025-05-23 09:40:00,9000.0,2025-05-23 09:40:00
2025-05-23 09:45:00,8999.999,2025-05-23 09:45:00
2025-05-23 09:50:00,1043.999,2025-05-23 09:50:00
2025-05-23 09:55:00,0.0,2025-05-23 09:55:00
2025-05-23 10:00:00,0.0,2025-05-23 10:00:00
2025-05-23 10:05:00,0.0,2025-05-23 10:05:00
2025-05-23 10:10:00,0.0,2025-05-23 10:10:00
2025-05-23 10:15:00,0.0,2025-05-23 10:15:00
2025-05-23 10:20:00,0.0,2025-05-23 10:20:00
2025-05-23 10:25:00,0.0,2025-05-23 10:25:00
2025-05-23 10:30:00,0.0,2025-05-23 10:30:00
2025-05-23 10:35:00,0.0,2025-05-23 10:35:00
2025-05-23 10:40:00,0.0,2025-05-23 10:40:00
2025-05-23 10:45:00,0.0,2025-05-23 10:45:00
2025-05-23 10:50:00,0.0,2025-05-23 10:50:00
2025-05-23 10:55:00,0.0,2025-05-23 10:55:00
2025-05-23 11:00:00,-2711.486,2025-05-23 11:00:00
2025-05-23 11:05:00,-2711.477,2025-05-23 11:05:00
2025-05-23 11:10:00,-2711.479,2025-05-23 11:10:00
2025-05-23 11:15:00,-2711.477,2025-05-23 11:15:00
2025-05-23 11:20:00,-2711.475,2025-05-23 11:20:00
2025-05-23 11:25:00,-2711.476,2025-05-23 11:25:00
2025-05-23 11:30:00,-2711.474,2025-05-23 11:30:00
2025-05-23 11:35:00,-2711.465,2025-05-23 11:35:00
2025-05-23 11:40:00,-2711.467,2025-05-23 11:40:00
2025-05-23 11:45:00,-2711.465,2025-05-23 11:45:00
2025-05-23 11:50:00,-2711.466,2025-05-23 11:50:00
2025-05-23 11:55:00,-2711.462,2025-05-23 11:55:00
2025-05-23 12:00:00,-2711.46,2025-05-23 12:00:00
2025-05-23 12:05:00,-2711.453,2025-05-23 12:05:00
2025-05-23 12:10:00,-2711.453,2025-05-23 12:10:00
2025-05-23 12:15:00,-2711.437,2025-05-23 12:15:00
2025-05-23 12:20:00,-2711.429,2025-05-23 12:20:00
2025-05-23 12:25:00,-2711.427,2025-05-23 12:25:00
2025-05-23 12:30:00,-2711.423,2025-05-23 12:30:00
2025-05-23 12:35:00,-2711.416,2025-05-23 12:35:00
2025-05-23 12:40:00,-2711.432,2025-05-23 12:40:00
2025-05-23 12:45:00,-2711.409,2025-05-23 12:45:00
2025-05-23 12:50:00,-2711.413,2025-05-23 12:50:00
2025-05-23 12:55:00,-2711.404,2025-05-23 12:55:00
2025-05-23 13:00:00,-2711.4,2025-05-23 13:00:00
2025-05-23 13:05:00,-2711.393,2025-05-23 13:05:00
2025-05-23 13:10:00,-2711.382,2025-05-23 13:10:00
2025-05-23 13:15:00,-2711.359,2025-05-23 13:15:00
2025-05-23 13:20:00,-2711.335,2025-05-23 13:20:00
2025-05-23 13:25:00,-2711.325,2025-05-23 13:25:00
2025-05-23 13:30:00,-2711.312,2025-05-23 13:30:00
2025-05-23 13:35:00,-2711.293,2025-05-23 13:35:00
2025-05-23 13:40:00,-2711.28,2025-05-23 13:40:00
2025-05-23 13:45:00,-2711.269,2025-05-23 13:45:00
2025-05-23 13:50:00,-2711.253,2025-05-23 13:50:00
2025-05-23 13:55:00,-2711.245,2025-05-23 13:55:00
2025-05-23 14:00:00,-2711.232,2025-05-23 14:00:00
2025-05-23 14:05:00,-2711.226,2025-05-23 14:05:00
2025-05-23 14:10:00,-2711.218,2025-05-23 14:10:00
2025-05-23 14:15:00,-2711.207,2025-05-23 14:15:00
2025-05-23 14:20:00,-2711.193,2025-05-23 14:20:00
2025-05-23 14:25:00,-2711.173,2025-05-23 14:25:00
2025-05-23 14:30:00,-2711.167,2025-05-23 14:30:00
2025-05-23 14:35:00,-2711.161,2025-05-23 14:35:00
2025-05-23 14:40:00,-2711.15,2025-05-23 14:40:00
2025-05-23 14:45:00,-2711.139,2025-05-23 14:45:00
2025-05-23 14:50:00,-2711.121,2025-05-23 14:50:00
2025-05-23 14:55:00,-2711.123,2025-05-23 14:55:00
2025-05-23 15:00:00,-2711.129,2025-05-23 15:00:00
2025-05-23 15:05:00,-2711.103,2025-05-23 15:05:00
2025-05-23 15:10:00,-2711.089,2025-05-23 15:10:00
2025-05-23 15:15:00,-2711.075,2025-05-23 15:15:00
2025-05-23 15:20:00,-2711.107,2025-05-23 15:20:00
2025-05-23 15:25:00,-2711.082,2025-05-23 15:25:00
2025-05-23 15:30:00,-2711.045,2025-05-23 15:30:00
2025-05-23 15:35:00,-2711.033,2025-05-23 15:35:00
2025-05-23 15:40:00,-2711.033,2025-05-23 15:40:00
2025-05-23 15:45:00,-2710.981,2025-05-23 15:45:00
2025-05-23 15:50:00,-2711.055,2025-05-23 15:50:00
2025-05-23 15:55:00,-2710.997,2025-05-23 15:55:00
2025-05-23 16:00:00,-2710.992,2025-05-23 16:00:00
2025-05-23 16:05:00,-2711.082,2025-05-23 16:05:00
2025-05-23 16:10:00,-2711.067,2025-05-23 16:10:00
2025-05-23 16:15:00,-2710.984,2025-05-23 16:15:00
2025-05-23 16:20:00,-2710.956,2025-05-23 16:20:00
2025-05-23 16:25:00,-2710.968,2025-05-23 16:25:00
2025-05-23 16:30:00,-2710.922,2025-05-23 16:30:00
2025-05-23 16:35:00,-2710.924,2025-05-23 16:35:00
2025-05-23 16:40:00,-2710.906,2025-05-23 16:40:00
2025-05-23 16:45:00,-2710.897,2025-05-23 16:45:00
2025-05-23 16:50:00,-2710.893,2025-05-23 16:50:00
2025-05-23 16:55:00,-2710.886,2025-05-23 16:55:00
2025-05-23 17:00:00,-2710.882,2025-05-23 17:00:00
2025-05-23 17:05:00,-2710.866,2025-05-23 17:05:00
2025-05-23 17:10:00,-2710.873,2025-05-23 17:10:00
2025-05-23 17:15:00,-2710.866,2025-05-23 17:15:00
2025-05-23 17:20:00,-2710.845,2025-05-23 17:20:00
2025-05-23 17:25:00,-2710.834,2025-05-23 17:25:00
2025-05-23 17:30:00,-2710.844,2025-05-23 17:30:00
2025-05-23 17:35:00,-2710.828,2025-05-23 17:35:00
2025-05-23 17:40:00,-2710.836,2025-05-23 17:40:00
2025-05-23 17:45:00,-2710.828,2025-05-23 17:45:00
2025-05-23 17:50:00,-2710.822,2025-05-23 17:50:00
2025-05-23 17:55:00,-2710.819,2025-05-23 17:55:00
2025-05-23 18:00:00,9000.0,2025-05-23 18:00:00
2025-05-23 18:05:00,9000.0,2025-05-23 18:05:00
2025-05-23 18:10:00,9000.0,2025-05-23 18:10:00
2025-05-23 18:15:00,9000.0,2025-05-23 18:15:00
2025-05-23 18:20:00,9000.0,2025-05-23 18:20:00
2025-05-23 18:25:00,9000.0,2025-05-23 18:25:00
2025-05-23 18:30:00,9000.0,2025-05-23 18:30:00
2025-05-23 18:35:00,9000.0,2025-05-23 18:35:00
2025-05-23 18:40:00,9000.0,2025-05-23 18:40:00
2025-05-23 18:45:00,9000.0,2025-05-23 18:45:00
2025-05-23 18:50:00,9000.0,2025-05-23 18:50:00
2025-05-23 18:55:00,9000.0,2025-05-23 18:55:00
2025-05-23 19:00:00,9000.0,2025-05-23 19:00:00
2025-05-23 19:05:00,9000.0,2025-05-23 19:05:00
2025-05-23 19:10:00,9000.0,2025-05-23 19:10:00
2025-05-23 19:15:00,9000.0,2025-05-23 19:15:00
2025-05-23 19:20:00,9000.0,2025-05-23 19:20:00
2025-05-23 19:25:00,9000.0,2025-05-23 19:25:00
2025-05-23 19:30:00,9000.0,2025-05-23 19:30:00
2025-05-23 19:35:00,9000.0,2025-05-23 19:35:00
2025-05-23 19:40:00,9000.0,2025-05-23 19:40:00
2025-05-23 19:45:00,8999.999,2025-05-23 19:45:00
2025-05-23 19:50:00,1043.999,2025-05-23 19:50:00
2025-05-23 19:55:00,0.0,2025-05-23 19:55:00
2025-05-23 20:00:00,0.0,2025-05-23 20:00:00
2025-05-23 20:05:00,0.0,2025-05-23 20:05:00
2025-05-23 20:10:00,0.0,2025-05-23 20:10:00
2025-05-23 20:15:00,0.0,2025-05-23 20:15:00
2025-05-23 20:20:00,0.0,2025-05-23 20:20:00
2025-05-23 20:25:00,0.0,2025-05-23 20:25:00
2025-05-23 20:30:00,0.0,2025-05-23 20:30:00
2025-05-23 20:35:00,0.0,2025-05-23 20:35:00
2025-05-23 20:40:00,0.0,2025-05-23 20:40:00
2025-05-23 20:45:00,0.0,2025-05-23 20:45:00
2025-05-23 20:50:00,0.0,2025-05-23 20:50:00
2025-05-23 20:55:00,0.0,2025-05-23 20:55:00
2025-05-23 21:00:00,0.0,2025-05-23 21:00:00
2025-05-23 21:05:00,0.0,2025-05-23 21:05:00
2025-05-23 21:10:00,0.0,2025-05-23 21:10:00
2025-05-23 21:15:00,0.0,2025-05-23 21:15:00
2025-05-23 21:20:00,0.0,2025-05-23 21:20:00
2025-05-23 21:25:00,0.0,2025-05-23 21:25:00
2025-05-23 21:30:00,0.0,2025-05-23 21:30:00
2025-05-23 21:35:00,0.0,2025-05-23 21:35:00
2025-05-23 21:40:00,0.0,2025-05-23 21:40:00
2025-05-23 21:45:00,0.0,2025-05-23 21:45:00
2025-05-23 21:50:00,0.0,2025-05-23 21:50:00
2025-05-23 21:55:00,0.0,2025-05-23 21:55:00
2025-05-23 22:00:00,-1992.187,2025-05-23 22:00:00
2025-05-23 22:05:00,-1992.163,2025-05-23 22:05:00
2025-05-23 22:10:00,-1992.181,2025-05-23 22:10:00
2025-05-23 22:15:00,-1992.18,2025-05-23 22:15:00
2025-05-23 22:20:00,-1992.181,2025-05-23 22:20:00
2025-05-23 22:25:00,-1992.179,2025-05-23 22:25:00
2025-05-23 22:30:00,-1992.174,2025-05-23 22:30:00
2025-05-23 22:35:00,-1992.179,2025-05-23 22:35:00
2025-05-23 22:40:00,-1992.178,2025-05-23 22:40:00
2025-05-23 22:45:00,-1992.179,2025-05-23 22:45:00
2025-05-23 22:50:00,-1992.178,2025-05-23 22:50:00
2025-05-23 22:55:00,-1992.174,2025-05-23 22:55:00
2025-05-23 23:00:00,-1992.174,2025-05-23 23:00:00
2025-05-23 23:05:00,-1992.16,2025-05-23 23:05:00
2025-05-23 23:10:00,-1992.171,2025-05-23 23:10:00
2025-05-23 23:15:00,-1992.173,2025-05-23 23:15:00
2025-05-23 23:20:00,-1992.17,2025-05-23 23:20:00
2025-05-23 23:25:00,-1992.171,2025-05-23 23:25:00
2025-05-23 23:30:00,-1992.176,2025-05-23 23:30:00
2025-05-23 23:35:00,-1992.181,2025-05-23 23:35:00
2025-05-23 23:40:00,-1992.175,2025-05-23 23:40:00
2025-05-23 23:45:00,-1992.182,2025-05-23 23:45:00
2025-05-23 23:50:00,-1992.178,2025-05-23 23:50:00
2025-05-23 23:55:00,-1992.182,2025-05-23 23:55:00
2025-05-24 00:00:00,-2317.319,2025-05-24 00:00:00
2025-05-24 00:05:00,-2341.299,2025-05-24 00:05:00
2025-05-24 00:10:00,-2341.299,2025-05-24 00:10:00
2025-05-24 00:15:00,-2333.339,2025-05-24 00:15:00
2025-05-24 00:20:00,-2429.319,2025-05-24 00:20:00
2025-05-24 00:25:00,-2169.299,2025-05-24 00:25:00
2025-05-24 00:30:00,-2337.269,2025-05-24 00:30:00
2025-05-24 00:35:00,-2345.289,2025-05-24 00:35:00
2025-05-24 00:40:00,-2497.319,2025-05-24 00:40:00
2025-05-24 00:45:00,-2277.309,2025-05-24 00:45:00
2025-05-24 00:50:00,-2553.319,2025-05-24 00:50:00
2025-05-24 00:55:00,-2693.299,2025-05-24 00:55:00
2025-05-24 01:00:00,-2513.309,2025-05-24 01:00:00
2025-05-24 01:05:00,-2577.349,2025-05-24 01:05:00
2025-05-24 01:10:00,-2637.329,2025-05-24 01:10:00
2025-05-24 01:15:00,-2729.289,2025-05-24 01:15:00
2025-05-24 01:20:00,-2573.329,2025-05-24 01:20:00
2025-05-24 01:25:00,-2481.309,2025-05-24 01:25:00
2025-05-24 01:30:00,-2385.289,2025-05-24 01:30:00
2025-05-24 01:35:00,-2469.309,2025-05-24 01:35:00
2025-05-24 01:40:00,-2481.299,2025-05-24 01:40:00
2025-05-24 01:45:00,-2453.319,2025-05-24 01:45:00
2025-05-24 01:50:00,-2425.319,2025-05-24 01:50:00
2025-05-24 01:55:00,-2541.279,2025-05-24 01:55:00
2025-05-24 02:00:00,-2653.279,2025-05-24 02:00:00
2025-05-24 02:05:00,-2601.349,2025-05-24 02:05:00
2025-05-24 02:10:00,-2661.309,2025-05-24 02:10:00
2025-05-24 02:15:00,-2489.319,2025-05-24 02:15:00
2025-05-24 02:20:00,-2613.309,2025-05-24 02:20:00
2025-05-24 02:25:00,-2561.329,2025-05-24 02:25:00
2025-05-24 02:30:00,-2513.299,2025-05-24 02:30:00
2025-05-24 02:35:00,-2489.339,2025-05-24 02:35:00
2025-05-24 02:40:00,-2513.299,2025-05-24 02:40:00
2025-05-24 02:45:00,-2553.339,2025-05-24 02:45:00
2025-05-24 02:50:00,-2365.349,2025-05-24 02:50:00
2025-05-24 02:55:00,-2369.319,2025-05-24 02:55:00
2025-05-24 03:00:00,-2273.339,2025-05-24 03:00:00
2025-05-24 03:05:00,-2529.359,2025-05-24 03:05:00
2025-05-24 03:10:00,-2277.259,2025-05-24 03:10:00
2025-05-24 03:15:00,-2261.359,2025-05-24 03:15:00
2025-05-24 03:20:00,-2257.339,2025-05-24 03:20:00
2025-05-24 03:25:00,-2337.319,2025-05-24 03:25:00
2025-05-24 03:30:00,-2441.319,2025-05-24 03:30:00
2025-05-24 03:35:00,-2413.299,2025-05-24 03:35:00
2025-05-24 03:40:00,-2473.319,2025-05-24 03:40:00
2025-05-24 03:45:00,-2297.319,2025-05-24 03:45:00
2025-05-24 03:50:00,-2293.339,2025-05-24 03:50:00
2025-05-24 03:55:00,-2325.319,2025-05-24 03:55:00
2025-05-24 04:00:00,-2385.299,2025-05-24 04:00:00
2025-05-24 04:05:00,-2289.299,2025-05-24 04:05:00
2025-05-24 04:10:00,-2453.319,2025-05-24 04:10:00
2025-05-24 04:15:00,-2529.339,2025-05-24 04:15:00
2025-05-24 04:20:00,-2497.339,2025-05-24 04:20:00
2025-05-24 04:25:00,-2325.339,2025-05-24 04:25:00
2025-05-24 04:30:00,-2337.339,2025-05-24 04:30:00
2025-05-24 04:35:00,-2541.339,2025-05-24 04:35:00
2025-05-24 04:40:00,-2409.319,2025-05-24 04:40:00
2025-05-24 04:45:00,-2337.309,2025-05-24 04:45:00
2025-05-24 04:50:00,-2345.319,2025-05-24 04:50:00
2025-05-24 04:55:00,-2369.349,2025-05-24 04:55:00
2025-05-24 05:00:00,-2729.319,2025-05-24 05:00:00
2025-05-24 05:05:00,-2689.329,2025-05-24 05:05:00
2025-05-24 05:10:00,-2745.319,2025-05-24 05:10:00
2025-05-24 05:15:00,-2877.339,2025-05-24 05:15:00
2025-05-24 05:20:00,-3017.299,2025-05-24 05:20:00
2025-05-24 05:25:00,-2817.299,2025-05-24 05:25:00
2025-05-24 05:30:00,-2737.319,2025-05-24 05:30:00
2025-05-24 05:35:00,-2745.319,2025-05-24 05:35:00
2025-05-24 05:40:00,-2881.349,2025-05-24 05:40:00
2025-05-24 05:45:00,-2917.349,2025-05-24 05:45:00
2025-05-24 05:50:00,-2729.329,2025-05-24 05:50:00
2025-05-24 05:55:00,-2753.309,2025-05-24 05:55:00
2025-05-24 06:00:00,0.0,2025-05-24 06:00:00
2025-05-24 06:05:00,0.0,2025-05-24 06:05:00
2025-05-24 06:10:00,0.0,2025-05-24 06:10:00
2025-05-24 06:15:00,0.0,2025-05-24 06:15:00
2025-05-24 06:20:00,0.0,2025-05-24 06:20:00
2025-05-24 06:25:00,0.0,2025-05-24 06:25:00
2025-05-24 06:30:00,0.0,2025-05-24 06:30:00
2025-05-24 06:35:00,0.0,2025-05-24 06:35:00
2025-05-24 06:40:00,0.0,2025-05-24 06:40:00
2025-05-24 06:45:00,0.0,2025-05-24 06:45:00
2025-05-24 06:50:00,0.0,2025-05-24 06:50:00
2025-05-24 06:55:00,0.0,2025-05-24 06:55:00
2025-05-24 07:00:00,0.0,2025-05-24 07:00:00
2025-05-24 07:05:00,0.0,2025-05-24 07:05:00
2025-05-24 07:10:00,0.0,2025-05-24 07:10:00
2025-05-24 07:15:00,0.0,2025-05-24 07:15:00
2025-05-24 07:20:00,0.0,2025-05-24 07:20:00
2025-05-24 07:25:00,0.0,2025-05-24 07:25:00
2025-05-24 07:30:00,0.0,2025-05-24 07:30:00
2025-05-24 07:35:00,0.0,2025-05-24 07:35:00
2025-05-24 07:40:00,0.0,2025-05-24 07:40:00
2025-05-24 07:45:00,0.0,2025-05-24 07:45:00
2025-05-24 07:50:00,0.0,2025-05-24 07:50:00
2025-05-24 07:55:00,0.0,2025-05-24 07:55:00
2025-05-24 08:00:00,9000.0,2025-05-24 08:00:00
2025-05-24 08:05:00,9000.0,2025-05-24 08:05:00
2025-05-24 08:10:00,9000.0,2025-05-24 08:10:00
2025-05-24 08:15:00,9000.0,2025-05-24 08:15:00
2025-05-24 08:20:00,9000.0,2025-05-24 08:20:00
2025-05-24 08:25:00,9000.0,2025-05-24 08:25:00
2025-05-24 08:30:00,9000.0,2025-05-24 08:30:00
2025-05-24 08:35:00,9000.0,2025-05-24 08:35:00
2025-05-24 08:40:00,9000.0,2025-05-24 08:40:00
2025-05-24 08:45:00,9000.0,2025-05-24 08:45:00
2025-05-24 08:50:00,9000.0,2025-05-24 08:50:00
2025-05-24 08:55:00,9000.0,2025-05-24 08:55:00
2025-05-24 09:00:00,9000.0,2025-05-24 09:00:00
2025-05-24 09:05:00,9000.0,2025-05-24 09:05:00
2025-05-24 09:10:00,9000.0,2025-05-24 09:10:00
2025-05-24 09:15:00,9000.0,2025-05-24 09:15:00
2025-05-24 09:20:00,9000.0,2025-05-24 09:20:00
2025-05-24 09:25:00,9000.0,2025-05-24 09:25:00
2025-05-24 09:30:00,9000.0,2025-05-24 09:30:00
2025-05-24 09:35:00,9000.0,2025-05-24 09:35:00
2025-05-24 09:40:00,9000.0,2025-05-24 09:40:00
2025-05-24 09:45:00,8999.999,2025-05-24 09:45:00
2025-05-24 09:50:00,1044.0,2025-05-24 09:50:00
2025-05-24 09:55:00,0.0,2025-05-24 09:55:00
2025-05-24 10:00:00,0.0,2025-05-24 10:00:00
2025-05-24 10:05:00,0.0,2025-05-24 10:05:00
2025-05-24 10:10:00,0.0,2025-05-24 10:10:00
2025-05-24 10:15:00,0.0,2025-05-24 10:15:00
2025-05-24 10:20:00,0.0,2025-05-24 10:20:00
2025-05-24 10:25:00,0.0,2025-05-24 10:25:00
2025-05-24 10:30:00,0.0,2025-05-24 10:30:00
2025-05-24 10:35:00,0.0,2025-05-24 10:35:00
2025-05-24 10:40:00,0.0,2025-05-24 10:40:00
2025-05-24 10:45:00,0.0,2025-05-24 10:45:00
2025-05-24 10:50:00,0.0,2025-05-24 10:50:00
2025-05-24 10:55:00,0.0,2025-05-24 10:55:00
2025-05-24 11:00:00,-2711.22,2025-05-24 11:00:00
2025-05-24 11:05:00,-2711.215,2025-05-24 11:05:00
2025-05-24 11:10:00,-2711.189,2025-05-24 11:10:00
2025-05-24 11:15:00,-2711.209,2025-05-24 11:15:00
2025-05-24 11:20:00,-2711.196,2025-05-24 11:20:00
2025-05-24 11:25:00,-2711.175,2025-05-24 11:25:00
2025-05-24 11:30:00,-2711.179,2025-05-24 11:30:00
2025-05-24 11:35:00,-2711.179,2025-05-24 11:35:00
2025-05-24 11:40:00,-2711.208,2025-05-24 11:40:00
2025-05-24 11:45:00,-2711.201,2025-05-24 11:45:00
2025-05-24 11:50:00,-2711.171,2025-05-24 11:50:00
2025-05-24 11:55:00,-2711.171,2025-05-24 11:55:00
2025-05-24 12:00:00,-2711.17,2025-05-24 12:00:00
2025-05-24 12:05:00,-2711.167,2025-05-24 12:05:00
2025-05-24 12:10:00,-2711.188,2025-05-24 12:10:00
2025-05-24 12:15:00,-2711.183,2025-05-24 12:15:00
2025-05-24 12:20:00,-2711.174,2025-05-24 12:20:00
2025-05-24 12:25:00,-2711.193,2025-05-24 12:25:00
2025-05-24 12:30:00,-2711.185,2025-05-24 12:30:00
2025-05-24 12:35:00,-2711.158,2025-05-24 12:35:00
2025-05-24 12:40:00,-2711.195,2025-05-24 12:40:00
2025-05-24 12:45:00,-2711.187,2025-05-24 12:45:00
2025-05-24 12:50:00,-2711.192,2025-05-24 12:50:00
2025-05-24 12:55:00,-2711.188,2025-05-24 12:55:00
2025-05-24 13:00:00,-2711.178,2025-05-24 13:00:00
2025-05-24 13:05:00,-2711.188,2025-05-24 13:05:00
2025-05-24 13:10:00,-2711.174,2025-05-24 13:10:00
2025-05-24 13:15:00,-2711.173,2025-05-24 13:15:00
2025-05-24 13:20:00,-2711.182,2025-05-24 13:20:00
2025-05-24 13:25:00,-2711.146,2025-05-24 13:25:00
2025-05-24 13:30:00,-2711.181,2025-05-24 13:30:00
2025-05-24 13:35:00,-2711.174,2025-05-24 13:35:00
2025-05-24 13:40:00,-2711.187,2025-05-24 13:40:00
2025-05-24 13:45:00,-2711.147,2025-05-24 13:45:00
2025-05-24 13:50:00,-2711.174,2025-05-24 13:50:00
2025-05-24 13:55:00,-2711.15,2025-05-24 13:55:00
2025-05-24 14:00:00,-2711.174,2025-05-24 14:00:00
2025-05-24 14:05:00,-2711.142,2025-05-24 14:05:00
2025-05-24 14:10:00,-2711.141,2025-05-24 14:10:00
2025-05-24 14:15:00,-2711.141,2025-05-24 14:15:00
2025-05-24 14:20:00,-2711.155,2025-05-24 14:20:00
2025-05-24 14:25:00,-2711.236,2025-05-24 14:25:00
2025-05-24 14:30:00,-2711.138,2025-05-24 14:30:00
2025-05-24 14:35:00,-2711.152,2025-05-24 14:35:00
2025-05-24 14:40:00,-2711.188,2025-05-24 14:40:00
2025-05-24 14:45:00,-2711.146,2025-05-24 14:45:00
2025-05-24 14:50:00,-2711.149,2025-05-24 14:50:00
2025-05-24 14:55:00,-2711.139,2025-05-24 14:55:00
2025-05-24 15:00:00,-2711.144,2025-05-24 15:00:00
2025-05-24 15:05:00,-2711.17,2025-05-24 15:05:00
2025-05-24 15:10:00,-2711.161,2025-05-24 15:10:00
2025-05-24 15:15:00,-2711.165,2025-05-24 15:15:00
2025-05-24 15:20:00,-2711.135,2025-05-24 15:20:00
2025-05-24 15:25:00,-2711.143,2025-05-24 15:25:00
2025-05-24 15:30:00,-2711.138,2025-05-24 15:30:00
2025-05-24 15:35:00,-2711.155,2025-05-24 15:35:00
2025-05-24 15:40:00,-2711.139,2025-05-24 15:40:00
2025-05-24 15:45:00,-2711.135,2025-05-24 15:45:00
2025-05-24 15:50:00,-2711.162,2025-05-24 15:50:00
2025-05-24 15:55:00,-2711.167,2025-05-24 15:55:00
2025-05-24 16:00:00,-2711.168,2025-05-24 16:00:00
2025-05-24 16:05:00,-2711.148,2025-05-24 16:05:00
2025-05-24 16:10:00,-2711.448,2025-05-24 16:10:00
2025-05-24 16:15:00,-2711.165,2025-05-24 16:15:00
2025-05-24 16:20:00,-2711.143,2025-05-24 16:20:00
2025-05-24 16:25:00,-2711.154,2025-05-24 16:25:00
2025-05-24 16:30:00,-2711.175,2025-05-24 16:30:00
2025-05-24 16:35:00,-2711.179,2025-05-24 16:35:00
2025-05-24 16:40:00,-2711.171,2025-05-24 16:40:00
2025-05-24 16:45:00,-2711.148,2025-05-24 16:45:00
2025-05-24 16:50:00,-2711.169,2025-05-24 16:50:00
2025-05-24 16:55:00,-2711.165,2025-05-24 16:55:00
2025-05-24 17:00:00,-2711.19,2025-05-24 17:00:00
2025-05-24 17:05:00,-2711.161,2025-05-24 17:05:00
2025-05-24 17:10:00,-2711.44,2025-05-24 17:10:00
2025-05-24 17:15:00,-2711.162,2025-05-24 17:15:00
2025-05-24 17:20:00,-2711.171,2025-05-24 17:20:00
2025-05-24 17:25:00,-2711.206,2025-05-24 17:25:00
2025-05-24 17:30:00,-2711.202,2025-05-24 17:30:00
2025-05-24 17:35:00,-2711.213,2025-05-24 17:35:00
2025-05-24 17:40:00,-2711.215,2025-05-24 17:40:00
2025-05-24 17:45:00,-2711.221,2025-05-24 17:45:00
2025-05-24 17:50:00,-2711.225,2025-05-24 17:50:00
2025-05-24 17:55:00,-2711.233,2025-05-24 17:55:00
2025-05-24 18:00:00,9000.0,2025-05-24 18:00:00
2025-05-24 18:05:00,9000.0,2025-05-24 18:05:00
2025-05-24 18:10:00,9000.0,2025-05-24 18:10:00
2025-05-24 18:15:00,9000.0,2025-05-24 18:15:00
2025-05-24 18:20:00,9000.0,2025-05-24 18:20:00
2025-05-24 18:25:00,9000.0,2025-05-24 18:25:00
2025-05-24 18:30:00,9000.0,2025-05-24 18:30:00
2025-05-24 18:35:00,9000.0,2025-05-24 18:35:00
2025-05-24 18:40:00,9000.0,2025-05-24 18:40:00
2025-05-24 18:45:00,9000.0,2025-05-24 18:45:00
2025-05-24 18:50:00,9000.0,2025-05-24 18:50:00
2025-05-24 18:55:00,9000.0,2025-05-24 18:55:00
2025-05-24 19:00:00,9000.0,2025-05-24 19:00:00
2025-05-24 19:05:00,9000.0,2025-05-24 19:05:00
2025-05-24 19:10:00,9000.0,2025-05-24 19:10:00
2025-05-24 19:15:00,9000.0,2025-05-24 19:15:00
2025-05-24 19:20:00,9000.0,2025-05-24 19:20:00
2025-05-24 19:25:00,9000.0,2025-05-24 19:25:00
2025-05-24 19:30:00,9000.0,2025-05-24 19:30:00
2025-05-24 19:35:00,9000.0,2025-05-24 19:35:00
2025-05-24 19:40:00,9000.0,2025-05-24 19:40:00
2025-05-24 19:45:00,8999.999,2025-05-24 19:45:00
2025-05-24 19:50:00,1044.0,2025-05-24 19:50:00
2025-05-24 19:55:00,0.0,2025-05-24 19:55:00
2025-05-24 20:00:00,0.0,2025-05-24 20:00:00
2025-05-24 20:05:00,0.0,2025-05-24 20:05:00
2025-05-24 20:10:00,0.0,2025-05-24 20:10:00
2025-05-24 20:15:00,0.0,2025-05-24 20:15:00
2025-05-24 20:20:00,0.0,2025-05-24 20:20:00
2025-05-24 20:25:00,0.0,2025-05-24 20:25:00
2025-05-24 20:30:00,0.0,2025-05-24 20:30:00
2025-05-24 20:35:00,0.0,2025-05-24 20:35:00
2025-05-24 20:40:00,0.0,2025-05-24 20:40:00
2025-05-24 20:45:00,0.0,2025-05-24 20:45:00
2025-05-24 20:50:00,0.0,2025-05-24 20:50:00
2025-05-24 20:55:00,0.0,2025-05-24 20:55:00
2025-05-24 21:00:00,0.0,2025-05-24 21:00:00
2025-05-24 21:05:00,0.0,2025-05-24 21:05:00
2025-05-24 21:10:00,0.0,2025-05-24 21:10:00
2025-05-24 21:15:00,0.0,2025-05-24 21:15:00
2025-05-24 21:20:00,0.0,2025-05-24 21:20:00
2025-05-24 21:25:00,0.0,2025-05-24 21:25:00
2025-05-24 21:30:00,0.0,2025-05-24 21:30:00
2025-05-24 21:35:00,0.0,2025-05-24 21:35:00
2025-05-24 21:40:00,0.0,2025-05-24 21:40:00
2025-05-24 21:45:00,0.0,2025-05-24 21:45:00
2025-05-24 21:50:00,0.0,2025-05-24 21:50:00
2025-05-24 21:55:00,0.0,2025-05-24 21:55:00
2025-05-24 22:00:00,-2373.47,2025-05-24 22:00:00
2025-05-24 22:05:00,-2373.589,2025-05-24 22:05:00
2025-05-24 22:10:00,-2373.596,2025-05-24 22:10:00
2025-05-24 22:15:00,-2373.502,2025-05-24 22:15:00
2025-05-24 22:20:00,-2364.115,2025-05-24 22:20:00
2025-05-24 22:25:00,-2373.56,2025-05-24 22:25:00
2025-05-24 22:30:00,-2340.31,2025-05-24 22:30:00
2025-05-24 22:35:00,-2373.441,2025-05-24 22:35:00
2025-05-24 22:40:00,-2373.623,2025-05-24 22:40:00
2025-05-24 22:45:00,-2373.606,2025-05-24 22:45:00
2025-05-24 22:50:00,-2373.613,2025-05-24 22:50:00
2025-05-24 22:55:00,-2373.585,2025-05-24 22:55:00
2025-05-24 23:00:00,-2373.612,2025-05-24 23:00:00
2025-05-24 23:05:00,-2373.627,2025-05-24 23:05:00
2025-05-24 23:10:00,-2373.594,2025-05-24 23:10:00
2025-05-24 23:15:00,-2372.994,2025-05-24 23:15:00
2025-05-24 23:20:00,-2373.318,2025-05-24 23:20:00
2025-05-24 23:25:00,-2373.604,2025-05-24 23:25:00
2025-05-24 23:30:00,-2373.621,2025-05-24 23:30:00
2025-05-24 23:35:00,-2373.576,2025-05-24 23:35:00
2025-05-24 23:40:00,-2373.596,2025-05-24 23:40:00
2025-05-24 23:45:00,-2373.633,2025-05-24 23:45:00
2025-05-24 23:50:00,-2372.998,2025-05-24 23:50:00
2025-05-24 23:55:00,-2373.217,2025-05-24 23:55:00
2025-05-25 00:00:00,-2373.627,2025-05-25 00:00:00
2025-05-25 00:05:00,-2373.623,2025-05-25 00:05:00
2025-05-25 00:10:00,-2372.917,2025-05-25 00:10:00
2025-05-25 00:15:00,-2372.5,2025-05-25 00:15:00
2025-05-25 00:20:00,-2373.554,2025-05-25 00:20:00
2025-05-25 00:25:00,-2373.511,2025-05-25 00:25:00
2025-05-25 00:30:00,-2373.275,2025-05-25 00:30:00
2025-05-25 00:35:00,-2373.64,2025-05-25 00:35:00
2025-05-25 00:40:00,-2373.522,2025-05-25 00:40:00
2025-05-25 00:45:00,-2373.66,2025-05-25 00:45:00
2025-05-25 00:50:00,-2373.661,2025-05-25 00:50:00
2025-05-25 00:55:00,-2373.586,2025-05-25 00:55:00
2025-05-25 01:00:00,-2373.658,2025-05-25 01:00:00
2025-05-25 01:05:00,-2373.18,2025-05-25 01:05:00
2025-05-25 01:10:00,-2373.473,2025-05-25 01:10:00
2025-05-25 01:15:00,-2373.383,2025-05-25 01:15:00
2025-05-25 01:20:00,-2373.533,2025-05-25 01:20:00
2025-05-25 01:25:00,-2373.174,2025-05-25 01:25:00
2025-05-25 01:30:00,-2373.219,2025-05-25 01:30:00
2025-05-25 01:35:00,-2373.275,2025-05-25 01:35:00
2025-05-25 01:40:00,-2373.671,2025-05-25 01:40:00
2025-05-25 01:45:00,-2373.68,2025-05-25 01:45:00
2025-05-25 01:50:00,-2373.682,2025-05-25 01:50:00
2025-05-25 01:55:00,-2373.675,2025-05-25 01:55:00
2025-05-25 02:00:00,-2373.688,2025-05-25 02:00:00
2025-05-25 02:05:00,-2324.305,2025-05-25 02:05:00
2025-05-25 02:10:00,-2373.688,2025-05-25 02:10:00
2025-05-25 02:15:00,-2374.112,2025-05-25 02:15:00
2025-05-25 02:20:00,-2373.695,2025-05-25 02:20:00
2025-05-25 02:25:00,-2373.687,2025-05-25 02:25:00
2025-05-25 02:30:00,-2373.684,2025-05-25 02:30:00
2025-05-25 02:35:00,-2373.699,2025-05-25 02:35:00
2025-05-25 02:40:00,-2374.147,2025-05-25 02:40:00
2025-05-25 02:45:00,-2373.705,2025-05-25 02:45:00
2025-05-25 02:50:00,-2373.499,2025-05-25 02:50:00
2025-05-25 02:55:00,-2373.597,2025-05-25 02:55:00
2025-05-25 03:00:00,-2373.65,2025-05-25 03:00:00
2025-05-25 03:05:00,-2373.711,2025-05-25 03:05:00
2025-05-25 03:10:00,-2373.712,2025-05-25 03:10:00
2025-05-25 03:15:00,-2373.716,2025-05-25 03:15:00
2025-05-25 03:20:00,-2373.699,2025-05-25 03:20:00
2025-05-25 03:25:00,-2373.615,2025-05-25 03:25:00
2025-05-25 03:30:00,-2373.695,2025-05-25 03:30:00
2025-05-25 03:35:00,-2373.689,2025-05-25 03:35:00
2025-05-25 03:40:00,-2373.615,2025-05-25 03:40:00
2025-05-25 03:45:00,-2373.726,2025-05-25 03:45:00
2025-05-25 03:50:00,-2373.666,2025-05-25 03:50:00
2025-05-25 03:55:00,-2373.693,2025-05-25 03:55:00
2025-05-25 04:00:00,-2340.34,2025-05-25 04:00:00
2025-05-25 04:05:00,-2373.723,2025-05-25 04:05:00
2025-05-25 04:10:00,-2373.68,2025-05-25 04:10:00
2025-05-25 04:15:00,-2373.688,2025-05-25 04:15:00
2025-05-25 04:20:00,-2373.804,2025-05-25 04:20:00
2025-05-25 04:25:00,-2373.706,2025-05-25 04:25:00
2025-05-25 04:30:00,-2374.03,2025-05-25 04:30:00
2025-05-25 04:35:00,-2373.712,2025-05-25 04:35:00
2025-05-25 04:40:00,-2373.698,2025-05-25 04:40:00
2025-05-25 04:45:00,-2373.601,2025-05-25 04:45:00
2025-05-25 04:50:00,-2373.717,2025-05-25 04:50:00
2025-05-25 04:55:00,-2373.691,2025-05-25 04:55:00
2025-05-25 05:00:00,-2373.703,2025-05-25 05:00:00
2025-05-25 05:05:00,-2373.68,2025-05-25 05:05:00
2025-05-25 05:10:00,-2373.781,2025-05-25 05:10:00
2025-05-25 05:15:00,-2373.708,2025-05-25 05:15:00
2025-05-25 05:20:00,-2373.706,2025-05-25 05:20:00
2025-05-25 05:25:00,-2373.699,2025-05-25 05:25:00
2025-05-25 05:30:00,-2373.696,2025-05-25 05:30:00
2025-05-25 05:35:00,-2373.577,2025-05-25 05:35:00
2025-05-25 05:40:00,-2373.684,2025-05-25 05:40:00
2025-05-25 05:45:00,-2373.524,2025-05-25 05:45:00
2025-05-25 05:50:00,-2373.594,2025-05-25 05:50:00
2025-05-25 05:55:00,-2373.617,2025-05-25 05:55:00
2025-05-25 06:00:00,0.0,2025-05-25 06:00:00
2025-05-25 06:05:00,0.0,2025-05-25 06:05:00
2025-05-25 06:10:00,0.0,2025-05-25 06:10:00
2025-05-25 06:15:00,0.0,2025-05-25 06:15:00
2025-05-25 06:20:00,0.0,2025-05-25 06:20:00
2025-05-25 06:25:00,0.0,2025-05-25 06:25:00
2025-05-25 06:30:00,0.0,2025-05-25 06:30:00
2025-05-25 06:35:00,0.0,2025-05-25 06:35:00
2025-05-25 06:40:00,0.0,2025-05-25 06:40:00
2025-05-25 06:45:00,0.0,2025-05-25 06:45:00
2025-05-25 06:50:00,0.0,2025-05-25 06:50:00
2025-05-25 06:55:00,0.0,2025-05-25 06:55:00
2025-05-25 07:00:00,0.0,2025-05-25 07:00:00
2025-05-25 07:05:00,0.0,2025-05-25 07:05:00
2025-05-25 07:10:00,0.0,2025-05-25 07:10:00
2025-05-25 07:15:00,0.0,2025-05-25 07:15:00
2025-05-25 07:20:00,0.0,2025-05-25 07:20:00
2025-05-25 07:25:00,0.0,2025-05-25 07:25:00
2025-05-25 07:30:00,0.0,2025-05-25 07:30:00
2025-05-25 07:35:00,0.0,2025-05-25 07:35:00
2025-05-25 07:40:00,0.0,2025-05-25 07:40:00
2025-05-25 07:45:00,0.0,2025-05-25 07:45:00
2025-05-25 07:50:00,0.0,2025-05-25 07:50:00
2025-05-25 07:55:00,0.0,2025-05-25 07:55:00
2025-05-25 08:00:00,9000.0,2025-05-25 08:00:00
2025-05-25 08:05:00,9000.0,2025-05-25 08:05:00
2025-05-25 08:10:00,9000.0,2025-05-25 08:10:00
2025-05-25 08:15:00,9000.0,2025-05-25 08:15:00
2025-05-25 08:20:00,9000.0,2025-05-25 08:20:00
2025-05-25 08:25:00,9000.0,2025-05-25 08:25:00
2025-05-25 08:30:00,9000.0,2025-05-25 08:30:00
2025-05-25 08:35:00,9000.0,2025-05-25 08:35:00
2025-05-25 08:40:00,9000.0,2025-05-25 08:40:00
2025-05-25 08:45:00,9000.0,2025-05-25 08:45:00
2025-05-25 08:50:00,9000.0,2025-05-25 08:50:00
2025-05-25 08:55:00,9000.0,2025-05-25 08:55:00
2025-05-25 09:00:00,9000.0,2025-05-25 09:00:00
2025-05-25 09:05:00,9000.0,2025-05-25 09:05:00
2025-05-25 09:10:00,9000.0,2025-05-25 09:10:00
2025-05-25 09:15:00,9000.0,2025-05-25 09:15:00
2025-05-25 09:20:00,9000.0,2025-05-25 09:20:00
2025-05-25 09:25:00,9000.0,2025-05-25 09:25:00
2025-05-25 09:30:00,9000.0,2025-05-25 09:30:00
2025-05-25 09:35:00,9000.0,2025-05-25 09:35:00
2025-05-25 09:40:00,9000.0,2025-05-25 09:40:00
2025-05-25 09:45:00,9000.0,2025-05-25 09:45:00
2025-05-25 09:50:00,1044.0,2025-05-25 09:50:00
2025-05-25 09:55:00,0.0,2025-05-25 09:55:00
2025-05-25 10:00:00,0.0,2025-05-25 10:00:00
2025-05-25 10:05:00,0.0,2025-05-25 10:05:00
2025-05-25 10:10:00,0.0,2025-05-25 10:10:00
2025-05-25 10:15:00,0.0,2025-05-25 10:15:00
2025-05-25 10:20:00,0.0,2025-05-25 10:20:00
2025-05-25 10:25:00,0.0,2025-05-25 10:25:00
2025-05-25 10:30:00,0.0,2025-05-25 10:30:00
2025-05-25 10:35:00,0.0,2025-05-25 10:35:00
2025-05-25 10:40:00,0.0,2025-05-25 10:40:00
2025-05-25 10:45:00,0.0,2025-05-25 10:45:00
2025-05-25 10:50:00,0.0,2025-05-25 10:50:00
2025-05-25 10:55:00,0.0,2025-05-25 10:55:00
2025-05-25 11:00:00,-2796.307,2025-05-25 11:00:00
2025-05-25 11:05:00,-2532.317,2025-05-25 11:05:00
2025-05-25 11:10:00,-2556.327,2025-05-25 11:10:00
2025-05-25 11:15:00,-2556.327,2025-05-25 11:15:00
2025-05-25 11:20:00,-2844.317,2025-05-25 11:20:00
2025-05-25 11:25:00,-2624.347,2025-05-25 11:25:00
2025-05-25 11:30:00,-2624.347,2025-05-25 11:30:00
2025-05-25 11:35:00,-3104.357,2025-05-25 11:35:00
2025-05-25 11:40:00,-2604.357,2025-05-25 11:40:00
2025-05-25 11:45:00,-2678.687,2025-05-25 11:45:00
2025-05-25 11:50:00,-2678.687,2025-05-25 11:50:00
2025-05-25 11:55:00,-2500.347,2025-05-25 11:55:00
2025-05-25 12:00:00,-2448.357,2025-05-25 12:00:00
2025-05-25 12:05:00,-2448.357,2025-05-25 12:05:00
2025-05-25 12:10:00,-3200.297,2025-05-25 12:10:00
2025-05-25 12:15:00,-2512.307,2025-05-25 12:15:00
2025-05-25 12:20:00,-2512.307,2025-05-25 12:20:00
2025-05-25 12:25:00,-3384.347,2025-05-25 12:25:00
2025-05-25 12:30:00,-2640.337,2025-05-25 12:30:00
2025-05-25 12:35:00,-3902.418,2025-05-25 12:35:00
2025-05-25 12:40:00,-2468.327,2025-05-25 12:40:00
2025-05-25 12:45:00,-2468.327,2025-05-25 12:45:00
2025-05-25 12:50:00,-2492.337,2025-05-25 12:50:00
2025-05-25 12:55:00,-2648.357,2025-05-25 12:55:00
2025-05-25 13:00:00,-2648.357,2025-05-25 13:00:00
2025-05-25 13:05:00,-3012.307,2025-05-25 13:05:00
2025-05-25 13:10:00,-2732.287,2025-05-25 13:10:00
2025-05-25 13:15:00,-2560.317,2025-05-25 13:15:00
2025-05-25 13:20:00,-2560.317,2025-05-25 13:20:00
2025-05-25 13:25:00,-2568.347,2025-05-25 13:25:00
2025-05-25 13:30:00,-2544.267,2025-05-25 13:30:00
2025-05-25 13:35:00,-2460.297,2025-05-25 13:35:00
2025-05-25 13:40:00,-2460.297,2025-05-25 13:40:00
2025-05-25 13:45:00,-3008.267,2025-05-25 13:45:00
2025-05-25 13:50:00,-2688.317,2025-05-25 13:50:00
2025-05-25 13:55:00,-2874.687,2025-05-25 13:55:00
2025-05-25 14:00:00,-2488.297,2025-05-25 14:00:00
2025-05-25 14:05:00,-2488.297,2025-05-25 14:05:00
2025-05-25 14:10:00,-2480.297,2025-05-25 14:10:00
2025-05-25 14:15:00,-2656.327,2025-05-25 14:15:00
2025-05-25 14:20:00,-2656.327,2025-05-25 14:20:00
2025-05-25 14:25:00,-2600.297,2025-05-25 14:25:00
2025-05-25 14:30:00,-2608.337,2025-05-25 14:30:00
2025-05-25 14:35:00,-2608.337,2025-05-25 14:35:00
2025-05-25 14:40:00,-2452.307,2025-05-25 14:40:00
2025-05-25 14:45:00,-2484.297,2025-05-25 14:45:00
2025-05-25 14:50:00,-2484.297,2025-05-25 14:50:00
2025-05-25 14:55:00,-2592.317,2025-05-25 14:55:00
2025-05-25 15:00:00,-2748.337,2025-05-25 15:00:00
2025-05-25 15:05:00,-2748.337,2025-05-25 15:05:00
2025-05-25 15:10:00,-2576.337,2025-05-25 15:10:00
2025-05-25 15:15:00,-2576.337,2025-05-25 15:15:00
2025-05-25 15:20:00,-2716.327,2025-05-25 15:20:00
2025-05-25 15:25:00,-2716.327,2025-05-25 15:25:00
2025-05-25 15:30:00,-2684.297,2025-05-25 15:30:00
2025-05-25 15:35:00,-2560.317,2025-05-25 15:35:00
2025-05-25 15:40:00,-2560.317,2025-05-25 15:40:00
2025-05-25 15:45:00,-2656.307,2025-05-25 15:45:00
2025-05-25 15:50:00,-2476.297,2025-05-25 15:50:00
2025-05-25 15:55:00,-2524.317,2025-05-25 15:55:00
2025-05-25 16:00:00,-2460.337,2025-05-25 16:00:00
2025-05-25 16:05:00,-2460.337,2025-05-25 16:05:00
2025-05-25 16:10:00,-2584.337,2025-05-25 16:10:00
2025-05-25 16:15:00,-2460.317,2025-05-25 16:15:00
2025-05-25 16:20:00,-2460.317,2025-05-25 16:20:00
2025-05-25 16:25:00,-2632.297,2025-05-25 16:25:00
2025-05-25 16:30:00,-2560.347,2025-05-25 16:30:00
2025-05-25 16:35:00,-2560.347,2025-05-25 16:35:00
2025-05-25 16:40:00,-3516.297,2025-05-25 16:40:00
2025-05-25 16:45:00,-2556.317,2025-05-25 16:45:00
2025-05-25 16:50:00,-2556.317,2025-05-25 16:50:00
2025-05-25 16:55:00,-2792.287,2025-05-25 16:55:00
2025-05-25 17:00:00,-2636.307,2025-05-25 17:00:00
2025-05-25 17:05:00,-3901.839,2025-05-25 17:05:00
2025-05-25 17:10:00,-3901.819,2025-05-25 17:10:00
2025-05-25 17:15:00,-2512.307,2025-05-25 17:15:00
2025-05-25 17:20:00,-2626.687,2025-05-25 17:20:00
2025-05-25 17:25:00,-2626.687,2025-05-25 17:25:00
2025-05-25 17:30:00,-2744.247,2025-05-25 17:30:00
2025-05-25 17:35:00,-2540.317,2025-05-25 17:35:00
2025-05-25 17:40:00,-2552.327,2025-05-25 17:40:00
2025-05-25 17:45:00,-3902.039,2025-05-25 17:45:00
2025-05-25 17:50:00,-3901.96,2025-05-25 17:50:00
2025-05-25 17:55:00,-2804.297,2025-05-25 17:55:00
2025-05-25 18:00:00,9000.0,2025-05-25 18:00:00
2025-05-25 18:05:00,9000.0,2025-05-25 18:05:00
2025-05-25 18:10:00,9000.0,2025-05-25 18:10:00
2025-05-25 18:15:00,9000.0,2025-05-25 18:15:00
2025-05-25 18:20:00,8408.0,2025-05-25 18:20:00
2025-05-25 18:25:00,8408.0,2025-05-25 18:25:00
2025-05-25 18:30:00,9000.0,2025-05-25 18:30:00
2025-05-25 18:35:00,9000.0,2025-05-25 18:35:00
2025-05-25 18:40:00,9000.0,2025-05-25 18:40:00
2025-05-25 18:45:00,9000.0,2025-05-25 18:45:00
2025-05-25 18:50:00,9000.0,2025-05-25 18:50:00
2025-05-25 18:55:00,9000.0,2025-05-25 18:55:00
2025-05-25 19:00:00,9000.0,2025-05-25 19:00:00
2025-05-25 19:05:00,9000.0,2025-05-25 19:05:00
2025-05-25 19:10:00,7166.35,2025-05-25 19:10:00
2025-05-25 19:15:00,9000.0,2025-05-25 19:15:00
2025-05-25 19:20:00,9000.0,2025-05-25 19:20:00
2025-05-25 19:25:00,9000.0,2025-05-25 19:25:00
2025-05-25 19:30:00,9000.0,2025-05-25 19:30:00
2025-05-25 19:35:00,9000.0,2025-05-25 19:35:00
2025-05-25 19:40:00,9000.0,2025-05-25 19:40:00
2025-05-25 19:45:00,9000.0,2025-05-25 19:45:00
2025-05-25 19:50:00,4061.65,2025-05-25 19:50:00
2025-05-25 19:55:00,0.0,2025-05-25 19:55:00
2025-05-25 20:00:00,0.0,2025-05-25 20:00:00
2025-05-25 20:05:00,0.0,2025-05-25 20:05:00
2025-05-25 20:10:00,0.0,2025-05-25 20:10:00
2025-05-25 20:15:00,0.0,2025-05-25 20:15:00
2025-05-25 20:20:00,0.0,2025-05-25 20:20:00
2025-05-25 20:25:00,0.0,2025-05-25 20:25:00
2025-05-25 20:30:00,0.0,2025-05-25 20:30:00
2025-05-25 20:35:00,0.0,2025-05-25 20:35:00
2025-05-25 20:40:00,0.0,2025-05-25 20:40:00
2025-05-25 20:45:00,0.0,2025-05-25 20:45:00
2025-05-25 20:50:00,0.0,2025-05-25 20:50:00
2025-05-25 20:55:00,0.0,2025-05-25 20:55:00
2025-05-25 21:00:00,0.0,2025-05-25 21:00:00
2025-05-25 21:05:00,0.0,2025-05-25 21:05:00
2025-05-25 21:10:00,0.0,2025-05-25 21:10:00
2025-05-25 21:15:00,0.0,2025-05-25 21:15:00
2025-05-25 21:20:00,0.0,2025-05-25 21:20:00
2025-05-25 21:25:00,0.0,2025-05-25 21:25:00
2025-05-25 21:30:00,0.0,2025-05-25 21:30:00
2025-05-25 21:35:00,0.0,2025-05-25 21:35:00
2025-05-25 21:40:00,0.0,2025-05-25 21:40:00
2025-05-25 21:45:00,0.0,2025-05-25 21:45:00
2025-05-25 21:50:00,0.0,2025-05-25 21:50:00
2025-05-25 21:55:00,0.0,2025-05-25 21:55:00
2025-05-25 22:00:00,-2883.553,2025-05-25 22:00:00
2025-05-25 22:05:00,-2743.613,2025-05-25 22:05:00
2025-05-25 22:10:00,-3007.583,2025-05-25 22:10:00
2025-05-25 22:15:00,-2711.583,2025-05-25 22:15:00
2025-05-25 22:20:00,-2739.573,2025-05-25 22:20:00
2025-05-25 22:25:00,-2883.593,2025-05-25 22:25:00
2025-05-25 22:30:00,-2907.623,2025-05-25 22:30:00
2025-05-25 22:35:00,-2975.583,2025-05-25 22:35:00
2025-05-25 22:40:00,-2775.583,2025-05-25 22:40:00
2025-05-25 22:45:00,-2827.613,2025-05-25 22:45:00
2025-05-25 22:50:00,-2759.583,2025-05-25 22:50:00
2025-05-25 22:55:00,-2667.623,2025-05-25 22:55:00
2025-05-25 23:00:00,-2787.623,2025-05-25 23:00:00
2025-05-25 23:05:00,-2791.623,2025-05-25 23:05:00
2025-05-25 23:10:00,-2783.593,2025-05-25 23:10:00
2025-05-25 23:15:00,-2839.613,2025-05-25 23:15:00
2025-05-25 23:20:00,-2915.613,2025-05-25 23:20:00
2025-05-25 23:25:00,-2603.623,2025-05-25 23:25:00
2025-05-25 23:30:00,-2679.613,2025-05-25 23:30:00
2025-05-25 23:35:00,-2759.603,2025-05-25 23:35:00
2025-05-25 23:40:00,-2883.593,2025-05-25 23:40:00
2025-05-25 23:45:00,-2783.573,2025-05-25 23:45:00
2025-05-25 23:50:00,-2831.553,2025-05-25 23:50:00
2025-05-25 23:55:00,-2703.613,2025-05-25 23:55:00
2025-05-26 00:00:00,-2229.098,2025-05-26 00:00:00
2025-05-26 00:05:00,-2229.076,2025-05-26 00:05:00
2025-05-26 00:10:00,-2229.068,2025-05-26 00:10:00
2025-05-26 00:15:00,-2229.053,2025-05-26 00:15:00
2025-05-26 00:20:00,-2229.052,2025-05-26 00:20:00
2025-05-26 00:25:00,-2229.071,2025-05-26 00:25:00
2025-05-26 00:30:00,-2229.035,2025-05-26 00:30:00
2025-05-26 00:35:00,-2229.047,2025-05-26 00:35:00
2025-05-26 00:40:00,-2229.076,2025-05-26 00:40:00
2025-05-26 00:45:00,-2229.073,2025-05-26 00:45:00
2025-05-26 00:50:00,-2229.059,2025-05-26 00:50:00
2025-05-26 00:55:00,-2229.068,2025-05-26 00:55:00
2025-05-26 01:00:00,-2229.057,2025-05-26 01:00:00
2025-05-26 01:05:00,-2229.055,2025-05-26 01:05:00
2025-05-26 01:10:00,-2229.063,2025-05-26 01:10:00
2025-05-26 01:15:00,-2229.037,2025-05-26 01:15:00
2025-05-26 01:20:00,-2229.029,2025-05-26 01:20:00
2025-05-26 01:25:00,-2229.037,2025-05-26 01:25:00
2025-05-26 01:30:00,-2229.011,2025-05-26 01:30:00
2025-05-26 01:35:00,-2229.038,2025-05-26 01:35:00
2025-05-26 01:40:00,-2229.055,2025-05-26 01:40:00
2025-05-26 01:45:00,-2229.067,2025-05-26 01:45:00
2025-05-26 01:50:00,-2228.986,2025-05-26 01:50:00
2025-05-26 01:55:00,-2229.014,2025-05-26 01:55:00
2025-05-26 02:00:00,-2229.054,2025-05-26 02:00:00
2025-05-26 02:05:00,-2229.048,2025-05-26 02:05:00
2025-05-26 02:10:00,-2229.014,2025-05-26 02:10:00
2025-05-26 02:15:00,-2229.033,2025-05-26 02:15:00
2025-05-26 02:20:00,-2229.047,2025-05-26 02:20:00
2025-05-26 02:25:00,-2229.052,2025-05-26 02:25:00
2025-05-26 02:30:00,-2229.053,2025-05-26 02:30:00
2025-05-26 02:35:00,-2229.058,2025-05-26 02:35:00
2025-05-26 02:40:00,-2229.052,2025-05-26 02:40:00
2025-05-26 02:45:00,-2229.054,2025-05-26 02:45:00
2025-05-26 02:50:00,-2229.025,2025-05-26 02:50:00
2025-05-26 02:55:00,-2229.039,2025-05-26 02:55:00
2025-05-26 03:00:00,-2229.048,2025-05-26 03:00:00
2025-05-26 03:05:00,-2229.03,2025-05-26 03:05:00
2025-05-26 03:10:00,-2229.042,2025-05-26 03:10:00
2025-05-26 03:15:00,-2229.056,2025-05-26 03:15:00
2025-05-26 03:20:00,-2229.064,2025-05-26 03:20:00
2025-05-26 03:25:00,-2229.06,2025-05-26 03:25:00
2025-05-26 03:30:00,-2229.06,2025-05-26 03:30:00
2025-05-26 03:35:00,-2229.009,2025-05-26 03:35:00
2025-05-26 03:40:00,-2229.057,2025-05-26 03:40:00
2025-05-26 03:45:00,-2229.056,2025-05-26 03:45:00
2025-05-26 03:50:00,-2229.071,2025-05-26 03:50:00
2025-05-26 03:55:00,-2229.066,2025-05-26 03:55:00
2025-05-26 04:00:00,-2229.067,2025-05-26 04:00:00
2025-05-26 04:05:00,-2229.088,2025-05-26 04:05:00
2025-05-26 04:10:00,-2229.064,2025-05-26 04:10:00
2025-05-26 04:15:00,-2229.069,2025-05-26 04:15:00
2025-05-26 04:20:00,-2229.077,2025-05-26 04:20:00
2025-05-26 04:25:00,-2229.07,2025-05-26 04:25:00
2025-05-26 04:30:00,-2229.113,2025-05-26 04:30:00
2025-05-26 04:35:00,-2229.089,2025-05-26 04:35:00
2025-05-26 04:40:00,-2229.113,2025-05-26 04:40:00
2025-05-26 04:45:00,-2229.114,2025-05-26 04:45:00
2025-05-26 04:50:00,-2229.129,2025-05-26 04:50:00
2025-05-26 04:55:00,-2229.115,2025-05-26 04:55:00
2025-05-26 05:00:00,-2229.122,2025-05-26 05:00:00
2025-05-26 05:05:00,-2229.124,2025-05-26 05:05:00
2025-05-26 05:10:00,-2229.114,2025-05-26 05:10:00
2025-05-26 05:15:00,-2229.096,2025-05-26 05:15:00
2025-05-26 05:20:00,-2229.072,2025-05-26 05:20:00
2025-05-26 05:25:00,-2229.098,2025-05-26 05:25:00
2025-05-26 05:30:00,-2229.091,2025-05-26 05:30:00
2025-05-26 05:35:00,-2229.111,2025-05-26 05:35:00
2025-05-26 05:40:00,-2229.111,2025-05-26 05:40:00
2025-05-26 05:45:00,-2229.116,2025-05-26 05:45:00
2025-05-26 05:50:00,-2229.118,2025-05-26 05:50:00
2025-05-26 05:55:00,-2229.131,2025-05-26 05:55:00
2025-05-26 06:00:00,0.0,2025-05-26 06:00:00
2025-05-26 06:05:00,0.0,2025-05-26 06:05:00
2025-05-26 06:10:00,0.0,2025-05-26 06:10:00
2025-05-26 06:15:00,0.0,2025-05-26 06:15:00
2025-05-26 06:20:00,0.0,2025-05-26 06:20:00
2025-05-26 06:25:00,0.0,2025-05-26 06:25:00
2025-05-26 06:30:00,0.0,2025-05-26 06:30:00
2025-05-26 06:35:00,0.0,2025-05-26 06:35:00
2025-05-26 06:40:00,0.0,2025-05-26 06:40:00
2025-05-26 06:45:00,0.0,2025-05-26 06:45:00
2025-05-26 06:50:00,0.0,2025-05-26 06:50:00
2025-05-26 06:55:00,0.0,2025-05-26 06:55:00
2025-05-26 07:00:00,0.0,2025-05-26 07:00:00
2025-05-26 07:05:00,0.0,2025-05-26 07:05:00
2025-05-26 07:10:00,0.0,2025-05-26 07:10:00
2025-05-26 07:15:00,0.0,2025-05-26 07:15:00
2025-05-26 07:20:00,0.0,2025-05-26 07:20:00
2025-05-26 07:25:00,0.0,2025-05-26 07:25:00
2025-05-26 07:30:00,0.0,2025-05-26 07:30:00
2025-05-26 07:35:00,0.0,2025-05-26 07:35:00
2025-05-26 07:40:00,0.0,2025-05-26 07:40:00
2025-05-26 07:45:00,0.0,2025-05-26 07:45:00
2025-05-26 07:50:00,0.0,2025-05-26 07:50:00
2025-05-26 07:55:00,0.0,2025-05-26 07:55:00
2025-05-26 08:00:00,9000.0,2025-05-26 08:00:00
2025-05-26 08:05:00,9000.0,2025-05-26 08:05:00
2025-05-26 08:10:00,9000.0,2025-05-26 08:10:00
2025-05-26 08:15:00,9000.0,2025-05-26 08:15:00
2025-05-26 08:20:00,9000.0,2025-05-26 08:20:00
2025-05-26 08:25:00,9000.0,2025-05-26 08:25:00
2025-05-26 08:30:00,9000.0,2025-05-26 08:30:00
2025-05-26 08:35:00,9000.0,2025-05-26 08:35:00
2025-05-26 08:40:00,9000.0,2025-05-26 08:40:00
2025-05-26 08:45:00,9000.0,2025-05-26 08:45:00
2025-05-26 08:50:00,9000.0,2025-05-26 08:50:00
2025-05-26 08:55:00,9000.0,2025-05-26 08:55:00
2025-05-26 09:00:00,9000.0,2025-05-26 09:00:00
2025-05-26 09:05:00,9000.0,2025-05-26 09:05:00
2025-05-26 09:10:00,9000.0,2025-05-26 09:10:00
2025-05-26 09:15:00,9000.0,2025-05-26 09:15:00
2025-05-26 09:20:00,9000.0,2025-05-26 09:20:00
2025-05-26 09:25:00,9000.0,2025-05-26 09:25:00
2025-05-26 09:30:00,9000.0,2025-05-26 09:30:00
2025-05-26 09:35:00,9000.0,2025-05-26 09:35:00
2025-05-26 09:40:00,9000.0,2025-05-26 09:40:00
2025-05-26 09:45:00,8999.994,2025-05-26 09:45:00
2025-05-26 09:50:00,1044.005,2025-05-26 09:50:00
2025-05-26 09:55:00,0.0,2025-05-26 09:55:00
2025-05-26 10:00:00,0.0,2025-05-26 10:00:00
2025-05-26 10:05:00,0.0,2025-05-26 10:05:00
2025-05-26 10:10:00,0.0,2025-05-26 10:10:00
2025-05-26 10:15:00,0.0,2025-05-26 10:15:00
2025-05-26 10:20:00,0.0,2025-05-26 10:20:00
2025-05-26 10:25:00,0.0,2025-05-26 10:25:00
2025-05-26 10:30:00,0.0,2025-05-26 10:30:00
2025-05-26 10:35:00,0.0,2025-05-26 10:35:00
2025-05-26 10:40:00,0.0,2025-05-26 10:40:00
2025-05-26 10:45:00,0.0,2025-05-26 10:45:00
2025-05-26 10:50:00,0.0,2025-05-26 10:50:00
2025-05-26 10:55:00,0.0,2025-05-26 10:55:00
2025-05-26 11:00:00,-2783.613,2025-05-26 11:00:00
2025-05-26 11:05:00,-2755.603,2025-05-26 11:05:00
2025-05-26 11:10:00,-2863.593,2025-05-26 11:10:00
2025-05-26 11:15:00,-2787.603,2025-05-26 11:15:00
2025-05-26 11:20:00,-2827.633,2025-05-26 11:20:00
2025-05-26 11:25:00,-2751.603,2025-05-26 11:25:00
2025-05-26 11:30:00,-2951.613,2025-05-26 11:30:00
2025-05-26 11:35:00,-2747.623,2025-05-26 11:35:00
2025-05-26 11:40:00,-2867.633,2025-05-26 11:40:00
2025-05-26 11:45:00,-2907.553,2025-05-26 11:45:00
2025-05-26 11:50:00,-2751.593,2025-05-26 11:50:00
2025-05-26 11:55:00,-2775.603,2025-05-26 11:55:00
2025-05-26 12:00:00,-2743.593,2025-05-26 12:00:00
2025-05-26 12:05:00,-2723.583,2025-05-26 12:05:00
2025-05-26 12:10:00,-2715.613,2025-05-26 12:10:00
2025-05-26 12:15:00,-2727.633,2025-05-26 12:15:00
2025-05-26 12:20:00,-2623.633,2025-05-26 12:20:00
2025-05-26 12:25:00,-2711.643,2025-05-26 12:25:00
2025-05-26 12:30:00,-2839.623,2025-05-26 12:30:00
2025-05-26 12:35:00,-2971.583,2025-05-26 12:35:00
2025-05-26 12:40:00,-2727.603,2025-05-26 12:40:00
2025-05-26 12:45:00,-2827.633,2025-05-26 12:45:00
2025-05-26 12:50:00,-2771.563,2025-05-26 12:50:00
2025-05-26 12:55:00,-2651.603,2025-05-26 12:55:00
2025-05-26 13:00:00,-2619.633,2025-05-26 13:00:00
2025-05-26 13:05:00,-2763.573,2025-05-26 13:05:00
2025-05-26 13:10:00,-2655.603,2025-05-26 13:10:00
2025-05-26 13:15:00,-2731.603,2025-05-26 13:15:00
2025-05-26 13:20:00,-2563.613,2025-05-26 13:20:00
2025-05-26 13:25:00,-2707.603,2025-05-26 13:25:00
2025-05-26 13:30:00,-2615.603,2025-05-26 13:30:00
2025-05-26 13:35:00,-2867.613,2025-05-26 13:35:00
2025-05-26 13:40:00,-2683.613,2025-05-26 13:40:00
2025-05-26 13:45:00,-2595.633,2025-05-26 13:45:00
2025-05-26 13:50:00,-2671.613,2025-05-26 13:50:00
2025-05-26 13:55:00,-2503.613,2025-05-26 13:55:00
2025-05-26 14:00:00,-2675.533,2025-05-26 14:00:00
2025-05-26 14:05:00,-2655.613,2025-05-26 14:05:00
2025-05-26 14:10:00,-2667.583,2025-05-26 14:10:00
2025-05-26 14:15:00,-2703.623,2025-05-26 14:15:00
2025-05-26 14:20:00,-2603.633,2025-05-26 14:20:00
2025-05-26 14:25:00,-2603.583,2025-05-26 14:25:00
2025-05-26 14:30:00,-2523.623,2025-05-26 14:30:00
2025-05-26 14:35:00,-2675.633,2025-05-26 14:35:00
2025-05-26 14:40:00,-2743.613,2025-05-26 14:40:00
2025-05-26 14:45:00,-2663.633,2025-05-26 14:45:00
2025-05-26 14:50:00,-2751.593,2025-05-26 14:50:00
2025-05-26 14:55:00,-2811.623,2025-05-26 14:55:00
2025-05-26 15:00:00,-2743.613,2025-05-26 15:00:00
2025-05-26 15:05:00,-2819.613,2025-05-26 15:05:00
2025-05-26 15:10:00,-2591.603,2025-05-26 15:10:00
2025-05-26 15:15:00,-2735.603,2025-05-26 15:15:00
2025-05-26 15:20:00,-2671.593,2025-05-26 15:20:00
2025-05-26 15:25:00,-2607.603,2025-05-26 15:25:00
2025-05-26 15:30:00,-2767.603,2025-05-26 15:30:00
2025-05-26 15:35:00,-2627.583,2025-05-26 15:35:00
2025-05-26 15:40:00,-2527.633,2025-05-26 15:40:00
2025-05-26 15:45:00,-2523.603,2025-05-26 15:45:00
2025-05-26 15:50:00,-2683.563,2025-05-26 15:50:00
2025-05-26 15:55:00,-2659.613,2025-05-26 15:55:00
2025-05-26 16:00:00,-2687.613,2025-05-26 16:00:00
2025-05-26 16:05:00,-2751.613,2025-05-26 16:05:00
2025-05-26 16:10:00,-2719.603,2025-05-26 16:10:00
2025-05-26 16:15:00,-2611.623,2025-05-26 16:15:00
2025-05-26 16:20:00,-2675.583,2025-05-26 16:20:00
2025-05-26 16:25:00,-2663.633,2025-05-26 16:25:00
2025-05-26 16:30:00,-2743.643,2025-05-26 16:30:00
2025-05-26 16:35:00,-2663.603,2025-05-26 16:35:00
2025-05-26 16:40:00,-2455.593,2025-05-26 16:40:00
2025-05-26 16:45:00,-2603.563,2025-05-26 16:45:00
2025-05-26 16:50:00,-2555.623,2025-05-26 16:50:00
2025-05-26 16:55:00,-2627.603,2025-05-26 16:55:00
2025-05-26 17:00:00,-2551.603,2025-05-26 17:00:00
2025-05-26 17:05:00,-2547.613,2025-05-26 17:05:00
2025-05-26 17:10:00,-2599.603,2025-05-26 17:10:00
2025-05-26 17:15:00,-2519.603,2025-05-26 17:15:00
2025-05-26 17:20:00,-2607.573,2025-05-26 17:20:00
2025-05-26 17:25:00,-2575.593,2025-05-26 17:25:00
2025-05-26 17:30:00,-2539.613,2025-05-26 17:30:00
2025-05-26 17:35:00,-2807.633,2025-05-26 17:35:00
2025-05-26 17:40:00,-2839.593,2025-05-26 17:40:00
2025-05-26 17:45:00,-2775.633,2025-05-26 17:45:00
2025-05-26 17:50:00,-2823.583,2025-05-26 17:50:00
2025-05-26 17:55:00,-2855.583,2025-05-26 17:55:00
2025-05-26 18:00:00,9000.0,2025-05-26 18:00:00
2025-05-26 18:05:00,9000.0,2025-05-26 18:05:00
2025-05-26 18:10:00,9000.0,2025-05-26 18:10:00
2025-05-26 18:15:00,9000.0,2025-05-26 18:15:00
2025-05-26 18:20:00,9000.0,2025-05-26 18:20:00
2025-05-26 18:25:00,9000.0,2025-05-26 18:25:00
2025-05-26 18:30:00,9000.0,2025-05-26 18:30:00
2025-05-26 18:35:00,9000.0,2025-05-26 18:35:00
2025-05-26 18:40:00,9000.0,2025-05-26 18:40:00
2025-05-26 18:45:00,9000.0,2025-05-26 18:45:00
2025-05-26 18:50:00,9000.0,2025-05-26 18:50:00
2025-05-26 18:55:00,9000.0,2025-05-26 18:55:00
2025-05-26 19:00:00,9000.0,2025-05-26 19:00:00
2025-05-26 19:05:00,9000.0,2025-05-26 19:05:00
2025-05-26 19:10:00,9000.0,2025-05-26 19:10:00
2025-05-26 19:15:00,9000.0,2025-05-26 19:15:00
2025-05-26 19:20:00,9000.0,2025-05-26 19:20:00
2025-05-26 19:25:00,9000.0,2025-05-26 19:25:00
2025-05-26 19:30:00,9000.0,2025-05-26 19:30:00
2025-05-26 19:35:00,9000.0,2025-05-26 19:35:00
2025-05-26 19:40:00,9000.0,2025-05-26 19:40:00
2025-05-26 19:45:00,8999.997,2025-05-26 19:45:00
2025-05-26 19:50:00,71.933,2025-05-26 19:50:00
2025-05-26 19:55:00,0.0,2025-05-26 19:55:00
2025-05-26 20:00:00,0.0,2025-05-26 20:00:00
2025-05-26 20:05:00,0.0,2025-05-26 20:05:00
2025-05-26 20:10:00,0.0,2025-05-26 20:10:00
2025-05-26 20:15:00,0.0,2025-05-26 20:15:00
2025-05-26 20:20:00,0.0,2025-05-26 20:20:00
2025-05-26 20:25:00,0.0,2025-05-26 20:25:00
2025-05-26 20:30:00,0.0,2025-05-26 20:30:00
2025-05-26 20:35:00,0.0,2025-05-26 20:35:00
2025-05-26 20:40:00,0.0,2025-05-26 20:40:00
2025-05-26 20:45:00,0.0,2025-05-26 20:45:00
2025-05-26 20:50:00,0.0,2025-05-26 20:50:00
2025-05-26 20:55:00,0.0,2025-05-26 20:55:00
2025-05-26 21:00:00,0.0,2025-05-26 21:00:00
2025-05-26 21:05:00,0.0,2025-05-26 21:05:00
2025-05-26 21:10:00,0.0,2025-05-26 21:10:00
2025-05-26 21:15:00,0.0,2025-05-26 21:15:00
2025-05-26 21:20:00,0.0,2025-05-26 21:20:00
2025-05-26 21:25:00,0.0,2025-05-26 21:25:00
2025-05-26 21:30:00,0.0,2025-05-26 21:30:00
2025-05-26 21:35:00,0.0,2025-05-26 21:35:00
2025-05-26 21:40:00,0.0,2025-05-26 21:40:00
2025-05-26 21:45:00,0.0,2025-05-26 21:45:00
2025-05-26 21:50:00,0.0,2025-05-26 21:50:00
2025-05-26 21:55:00,0.0,2025-05-26 21:55:00
2025-05-26 22:00:00,-2372.354,2025-05-26 22:00:00
2025-05-26 22:05:00,-2372.356,2025-05-26 22:05:00
2025-05-26 22:10:00,-2372.356,2025-05-26 22:10:00
2025-05-26 22:15:00,-2372.355,2025-05-26 22:15:00
2025-05-26 22:20:00,-2372.357,2025-05-26 22:20:00
2025-05-26 22:25:00,-2372.355,2025-05-26 22:25:00
2025-05-26 22:30:00,-2372.357,2025-05-26 22:30:00
2025-05-26 22:35:00,-2372.357,2025-05-26 22:35:00
2025-05-26 22:40:00,-2372.357,2025-05-26 22:40:00
2025-05-26 22:45:00,-2372.356,2025-05-26 22:45:00
2025-05-26 22:50:00,-2372.355,2025-05-26 22:50:00
2025-05-26 22:55:00,-2372.354,2025-05-26 22:55:00
2025-05-26 23:00:00,-2372.354,2025-05-26 23:00:00
2025-05-26 23:05:00,-2372.353,2025-05-26 23:05:00
2025-05-26 23:10:00,-2372.353,2025-05-26 23:10:00
2025-05-26 23:15:00,-2372.351,2025-05-26 23:15:00
2025-05-26 23:20:00,-2372.351,2025-05-26 23:20:00
2025-05-26 23:25:00,-2372.349,2025-05-26 23:25:00
2025-05-26 23:30:00,-2372.347,2025-05-26 23:30:00
2025-05-26 23:35:00,-2372.346,2025-05-26 23:35:00
2025-05-26 23:40:00,-2372.344,2025-05-26 23:40:00
2025-05-26 23:45:00,-2372.342,2025-05-26 23:45:00
2025-05-26 23:50:00,-2372.338,2025-05-26 23:50:00
2025-05-26 23:55:00,-2372.336,2025-05-26 23:55:00
2025-05-27 00:00:00,-2372.335,2025-05-27 00:00:00
2025-05-27 00:05:00,-2372.333,2025-05-27 00:05:00
2025-05-27 00:10:00,-2372.332,2025-05-27 00:10:00
2025-05-27 00:15:00,-2372.331,2025-05-27 00:15:00
2025-05-27 00:20:00,-2372.327,2025-05-27 00:20:00
2025-05-27 00:25:00,-2372.327,2025-05-27 00:25:00
2025-05-27 00:30:00,-2372.325,2025-05-27 00:30:00
2025-05-27 00:35:00,-2372.32,2025-05-27 00:35:00
2025-05-27 00:40:00,-2372.319,2025-05-27 00:40:00
2025-05-27 00:45:00,-2372.316,2025-05-27 00:45:00
2025-05-27 00:50:00,-2372.315,2025-05-27 00:50:00
2025-05-27 00:55:00,-2372.311,2025-05-27 00:55:00
2025-05-27 01:00:00,-2372.309,2025-05-27 01:00:00
2025-05-27 01:05:00,-2372.305,2025-05-27 01:05:00
2025-05-27 01:10:00,-2372.303,2025-05-27 01:10:00
2025-05-27 01:15:00,-2372.3,2025-05-27 01:15:00
2025-05-27 01:20:00,-2372.298,2025-05-27 01:20:00
2025-05-27 01:25:00,-2372.295,2025-05-27 01:25:00
2025-05-27 01:30:00,-2372.293,2025-05-27 01:30:00
2025-05-27 01:35:00,-2372.289,2025-05-27 01:35:00
2025-05-27 01:40:00,-2372.287,2025-05-27 01:40:00
2025-05-27 01:45:00,-2372.284,2025-05-27 01:45:00
2025-05-27 01:50:00,-2372.281,2025-05-27 01:50:00
2025-05-27 01:55:00,-2372.279,2025-05-27 01:55:00
2025-05-27 02:00:00,-2372.277,2025-05-27 02:00:00
2025-05-27 02:05:00,-2372.275,2025-05-27 02:05:00
2025-05-27 02:10:00,-2372.275,2025-05-27 02:10:00
2025-05-27 02:15:00,-2372.273,2025-05-27 02:15:00
2025-05-27 02:20:00,-2372.271,2025-05-27 02:20:00
2025-05-27 02:25:00,-2372.27,2025-05-27 02:25:00
2025-05-27 02:30:00,-2372.265,2025-05-27 02:30:00
2025-05-27 02:35:00,-2372.264,2025-05-27 02:35:00
2025-05-27 02:40:00,-2372.263,2025-05-27 02:40:00
2025-05-27 02:45:00,-2372.26,2025-05-27 02:45:00
2025-05-27 02:50:00,-2372.258,2025-05-27 02:50:00
2025-05-27 02:55:00,-2372.255,2025-05-27 02:55:00
2025-05-27 03:00:00,-2372.254,2025-05-27 03:00:00
2025-05-27 03:05:00,-2372.25,2025-05-27 03:05:00
2025-05-27 03:10:00,-2372.25,2025-05-27 03:10:00
2025-05-27 03:15:00,-2372.249,2025-05-27 03:15:00
2025-05-27 03:20:00,-2372.247,2025-05-27 03:20:00
2025-05-27 03:25:00,-2372.243,2025-05-27 03:25:00
2025-05-27 03:30:00,-2372.241,2025-05-27 03:30:00
2025-05-27 03:35:00,-2372.24,2025-05-27 03:35:00
2025-05-27 03:40:00,-2372.239,2025-05-27 03:40:00
2025-05-27 03:45:00,-2372.236,2025-05-27 03:45:00
2025-05-27 03:50:00,-2372.234,2025-05-27 03:50:00
2025-05-27 03:55:00,-2372.233,2025-05-27 03:55:00
2025-05-27 04:00:00,-2372.231,2025-05-27 04:00:00
2025-05-27 04:05:00,-2372.229,2025-05-27 04:05:00
2025-05-27 04:10:00,-2372.227,2025-05-27 04:10:00
2025-05-27 04:15:00,-2372.225,2025-05-27 04:15:00
2025-05-27 04:20:00,-2372.224,2025-05-27 04:20:00
2025-05-27 04:25:00,-2372.219,2025-05-27 04:25:00
2025-05-27 04:30:00,-2372.22,2025-05-27 04:30:00
2025-05-27 04:35:00,-2372.218,2025-05-27 04:35:00
2025-05-27 04:40:00,-2372.219,2025-05-27 04:40:00
2025-05-27 04:45:00,-2372.216,2025-05-27 04:45:00
2025-05-27 04:50:00,-2372.214,2025-05-27 04:50:00
2025-05-27 04:55:00,-2372.215,2025-05-27 04:55:00
2025-05-27 05:00:00,-2372.212,2025-05-27 05:00:00
2025-05-27 05:05:00,-2372.212,2025-05-27 05:05:00
2025-05-27 05:10:00,-2372.21,2025-05-27 05:10:00
2025-05-27 05:15:00,-2372.21,2025-05-27 05:15:00
2025-05-27 05:20:00,-2372.21,2025-05-27 05:20:00
2025-05-27 05:25:00,-2372.211,2025-05-27 05:25:00
2025-05-27 05:30:00,-2372.207,2025-05-27 05:30:00
2025-05-27 05:35:00,-2372.207,2025-05-27 05:35:00
2025-05-27 05:40:00,-2372.207,2025-05-27 05:40:00
2025-05-27 05:45:00,-2372.205,2025-05-27 05:45:00
2025-05-27 05:50:00,-2372.208,2025-05-27 05:50:00
2025-05-27 05:55:00,-2372.207,2025-05-27 05:55:00
2025-05-27 06:00:00,0.0,2025-05-27 06:00:00
2025-05-27 06:05:00,0.0,2025-05-27 06:05:00
2025-05-27 06:10:00,0.0,2025-05-27 06:10:00
2025-05-27 06:15:00,0.0,2025-05-27 06:15:00
2025-05-27 06:20:00,0.0,2025-05-27 06:20:00
2025-05-27 06:25:00,0.0,2025-05-27 06:25:00
2025-05-27 06:30:00,0.0,2025-05-27 06:30:00
2025-05-27 06:35:00,0.0,2025-05-27 06:35:00
2025-05-27 06:40:00,0.0,2025-05-27 06:40:00
2025-05-27 06:45:00,0.0,2025-05-27 06:45:00
2025-05-27 06:50:00,0.0,2025-05-27 06:50:00
2025-05-27 06:55:00,0.0,2025-05-27 06:55:00
2025-05-27 07:00:00,0.0,2025-05-27 07:00:00
2025-05-27 07:05:00,0.0,2025-05-27 07:05:00
2025-05-27 07:10:00,0.0,2025-05-27 07:10:00
2025-05-27 07:15:00,0.0,2025-05-27 07:15:00
2025-05-27 07:20:00,0.0,2025-05-27 07:20:00
2025-05-27 07:25:00,0.0,2025-05-27 07:25:00
2025-05-27 07:30:00,0.0,2025-05-27 07:30:00
2025-05-27 07:35:00,0.0,2025-05-27 07:35:00
2025-05-27 07:40:00,0.0,2025-05-27 07:40:00
2025-05-27 07:45:00,0.0,2025-05-27 07:45:00
2025-05-27 07:50:00,0.0,2025-05-27 07:50:00
2025-05-27 07:55:00,0.0,2025-05-27 07:55:00
2025-05-27 08:00:00,9000.0,2025-05-27 08:00:00
2025-05-27 08:05:00,9000.0,2025-05-27 08:05:00
2025-05-27 08:10:00,9000.0,2025-05-27 08:10:00
2025-05-27 08:15:00,9000.0,2025-05-27 08:15:00
2025-05-27 08:20:00,9000.0,2025-05-27 08:20:00
2025-05-27 08:25:00,9000.0,2025-05-27 08:25:00
2025-05-27 08:30:00,9000.0,2025-05-27 08:30:00
2025-05-27 08:35:00,9000.0,2025-05-27 08:35:00
2025-05-27 08:40:00,9000.0,2025-05-27 08:40:00
2025-05-27 08:45:00,9000.0,2025-05-27 08:45:00
2025-05-27 08:50:00,9000.0,2025-05-27 08:50:00
2025-05-27 08:55:00,9000.0,2025-05-27 08:55:00
2025-05-27 09:00:00,9000.0,2025-05-27 09:00:00
2025-05-27 09:05:00,9000.0,2025-05-27 09:05:00
2025-05-27 09:10:00,9000.0,2025-05-27 09:10:00
2025-05-27 09:15:00,9000.0,2025-05-27 09:15:00
2025-05-27 09:20:00,9000.0,2025-05-27 09:20:00
2025-05-27 09:25:00,9000.0,2025-05-27 09:25:00
2025-05-27 09:30:00,9000.0,2025-05-27 09:30:00
2025-05-27 09:35:00,9000.0,2025-05-27 09:35:00
2025-05-27 09:40:00,9000.0,2025-05-27 09:40:00
2025-05-27 09:45:00,9000.0,2025-05-27 09:45:00
2025-05-27 09:50:00,1044.0,2025-05-27 09:50:00
2025-05-27 09:55:00,0.0,2025-05-27 09:55:00
2025-05-27 10:00:00,0.0,2025-05-27 10:00:00
2025-05-27 10:05:00,0.0,2025-05-27 10:05:00
2025-05-27 10:10:00,0.0,2025-05-27 10:10:00
2025-05-27 10:15:00,0.0,2025-05-27 10:15:00
2025-05-27 10:20:00,0.0,2025-05-27 10:20:00
2025-05-27 10:25:00,0.0,2025-05-27 10:25:00
2025-05-27 10:30:00,0.0,2025-05-27 10:30:00
2025-05-27 10:35:00,0.0,2025-05-27 10:35:00
2025-05-27 10:40:00,0.0,2025-05-27 10:40:00
2025-05-27 10:45:00,0.0,2025-05-27 10:45:00
2025-05-27 10:50:00,0.0,2025-05-27 10:50:00
2025-05-27 10:55:00,0.0,2025-05-27 10:55:00
2025-05-27 11:00:00,-2631.736,2025-05-27 11:00:00
2025-05-27 11:05:00,-2720.599,2025-05-27 11:05:00
2025-05-27 11:10:00,-2720.57,2025-05-27 11:10:00
2025-05-27 11:15:00,-2720.578,2025-05-27 11:15:00
2025-05-27 11:20:00,-2720.569,2025-05-27 11:20:00
2025-05-27 11:25:00,-2720.571,2025-05-27 11:25:00
2025-05-27 11:30:00,-2720.577,2025-05-27 11:30:00
2025-05-27 11:35:00,-2720.582,2025-05-27 11:35:00
2025-05-27 11:40:00,-2720.682,2025-05-27 11:40:00
2025-05-27 11:45:00,-2679.704,2025-05-27 11:45:00
2025-05-27 11:50:00,-2591.707,2025-05-27 11:50:00
2025-05-27 11:55:00,-2720.698,2025-05-27 11:55:00
2025-05-27 12:00:00,-2720.656,2025-05-27 12:00:00
2025-05-27 12:05:00,-2720.578,2025-05-27 12:05:00
2025-05-27 12:10:00,-2720.577,2025-05-27 12:10:00
2025-05-27 12:15:00,-2720.579,2025-05-27 12:15:00
2025-05-27 12:20:00,-2720.579,2025-05-27 12:20:00
2025-05-27 12:25:00,-2691.703,2025-05-27 12:25:00
2025-05-27 12:30:00,-2711.734,2025-05-27 12:30:00
2025-05-27 12:35:00,-2720.68,2025-05-27 12:35:00
2025-05-27 12:40:00,-2720.591,2025-05-27 12:40:00
2025-05-27 12:45:00,-2720.607,2025-05-27 12:45:00
2025-05-27 12:50:00,-2720.591,2025-05-27 12:50:00
2025-05-27 12:55:00,-2720.591,2025-05-27 12:55:00
2025-05-27 13:00:00,-2720.593,2025-05-27 13:00:00
2025-05-27 13:05:00,-2720.607,2025-05-27 13:05:00
2025-05-27 13:10:00,-2635.726,2025-05-27 13:10:00
2025-05-27 13:15:00,-2720.602,2025-05-27 13:15:00
2025-05-27 13:20:00,-2720.753,2025-05-27 13:20:00
2025-05-27 13:25:00,-2615.756,2025-05-27 13:25:00
2025-05-27 13:30:00,-2687.693,2025-05-27 13:30:00
2025-05-27 13:35:00,-2543.737,2025-05-27 13:35:00
2025-05-27 13:40:00,-2720.632,2025-05-27 13:40:00
2025-05-27 13:45:00,-2715.717,2025-05-27 13:45:00
2025-05-27 13:50:00,-2720.628,2025-05-27 13:50:00
2025-05-27 13:55:00,-2720.62,2025-05-27 13:55:00
2025-05-27 14:00:00,-2720.623,2025-05-27 14:00:00
2025-05-27 14:05:00,-2720.643,2025-05-27 14:05:00
2025-05-27 14:10:00,-2720.629,2025-05-27 14:10:00
2025-05-27 14:15:00,-2720.643,2025-05-27 14:15:00
2025-05-27 14:20:00,-2720.635,2025-05-27 14:20:00
2025-05-27 14:25:00,-2720.639,2025-05-27 14:25:00
2025-05-27 14:30:00,-2720.642,2025-05-27 14:30:00
2025-05-27 14:35:00,-2720.645,2025-05-27 14:35:00
2025-05-27 14:40:00,-2720.65,2025-05-27 14:40:00
2025-05-27 14:45:00,-2720.653,2025-05-27 14:45:00
2025-05-27 14:50:00,-2720.684,2025-05-27 14:50:00
2025-05-27 14:55:00,-2720.661,2025-05-27 14:55:00
2025-05-27 15:00:00,-2720.678,2025-05-27 15:00:00
2025-05-27 15:05:00,-2720.679,2025-05-27 15:05:00
2025-05-27 15:10:00,-2720.671,2025-05-27 15:10:00
2025-05-27 15:15:00,-2720.679,2025-05-27 15:15:00
2025-05-27 15:20:00,-2720.696,2025-05-27 15:20:00
2025-05-27 15:25:00,-2720.681,2025-05-27 15:25:00
2025-05-27 15:30:00,-2720.707,2025-05-27 15:30:00
2025-05-27 15:35:00,-2720.706,2025-05-27 15:35:00
2025-05-27 15:40:00,-2720.685,2025-05-27 15:40:00
2025-05-27 15:45:00,-2720.694,2025-05-27 15:45:00
2025-05-27 15:50:00,-2720.697,2025-05-27 15:50:00
2025-05-27 15:55:00,-2720.787,2025-05-27 15:55:00
2025-05-27 16:00:00,-2720.7,2025-05-27 16:00:00
2025-05-27 16:05:00,-2720.756,2025-05-27 16:05:00
2025-05-27 16:10:00,-2720.825,2025-05-27 16:10:00
2025-05-27 16:15:00,-2720.72,2025-05-27 16:15:00
2025-05-27 16:20:00,-2703.729,2025-05-27 16:20:00
2025-05-27 16:25:00,-2720.713,2025-05-27 16:25:00
2025-05-27 16:30:00,-2720.734,2025-05-27 16:30:00
2025-05-27 16:35:00,-2720.717,2025-05-27 16:35:00
2025-05-27 16:40:00,-2720.741,2025-05-27 16:40:00
2025-05-27 16:45:00,-2699.731,2025-05-27 16:45:00
2025-05-27 16:50:00,-2720.725,2025-05-27 16:50:00
2025-05-27 16:55:00,-2720.721,2025-05-27 16:55:00
2025-05-27 17:00:00,-2720.871,2025-05-27 17:00:00
2025-05-27 17:05:00,-2720.872,2025-05-27 17:05:00
2025-05-27 17:10:00,-2720.728,2025-05-27 17:10:00
2025-05-27 17:15:00,-2683.724,2025-05-27 17:15:00
2025-05-27 17:20:00,-2720.728,2025-05-27 17:20:00
2025-05-27 17:25:00,-2720.746,2025-05-27 17:25:00
2025-05-27 17:30:00,-2720.744,2025-05-27 17:30:00
2025-05-27 17:35:00,-2699.721,2025-05-27 17:35:00
2025-05-27 17:40:00,-2720.762,2025-05-27 17:40:00
2025-05-27 17:45:00,-2720.733,2025-05-27 17:45:00
2025-05-27 17:50:00,-2720.75,2025-05-27 17:50:00
2025-05-27 17:55:00,-2720.733,2025-05-27 17:55:00
2025-05-27 18:00:00,9000.0,2025-05-27 18:00:00
2025-05-27 18:05:00,9000.0,2025-05-27 18:05:00
2025-05-27 18:10:00,9000.0,2025-05-27 18:10:00
2025-05-27 18:15:00,9000.0,2025-05-27 18:15:00
2025-05-27 18:20:00,9000.0,2025-05-27 18:20:00
2025-05-27 18:25:00,9000.0,2025-05-27 18:25:00
2025-05-27 18:30:00,9000.0,2025-05-27 18:30:00
2025-05-27 18:35:00,9000.0,2025-05-27 18:35:00
2025-05-27 18:40:00,9000.0,2025-05-27 18:40:00
2025-05-27 18:45:00,9000.0,2025-05-27 18:45:00
2025-05-27 18:50:00,9000.0,2025-05-27 18:50:00
2025-05-27 18:55:00,9000.0,2025-05-27 18:55:00
2025-05-27 19:00:00,9000.0,2025-05-27 19:00:00
2025-05-27 19:05:00,9000.0,2025-05-27 19:05:00
2025-05-27 19:10:00,9000.0,2025-05-27 19:10:00
2025-05-27 19:15:00,9000.0,2025-05-27 19:15:00
2025-05-27 19:20:00,9000.0,2025-05-27 19:20:00
2025-05-27 19:25:00,9000.0,2025-05-27 19:25:00
2025-05-27 19:30:00,9000.0,2025-05-27 19:30:00
2025-05-27 19:35:00,9000.0,2025-05-27 19:35:00
2025-05-27 19:40:00,9000.0,2025-05-27 19:40:00
2025-05-27 19:45:00,9000.0,2025-05-27 19:45:00
2025-05-27 19:50:00,1044.0,2025-05-27 19:50:00
2025-05-27 19:55:00,0.0,2025-05-27 19:55:00
2025-05-27 20:00:00,0.0,2025-05-27 20:00:00
2025-05-27 20:05:00,0.0,2025-05-27 20:05:00
2025-05-27 20:10:00,0.0,2025-05-27 20:10:00
2025-05-27 20:15:00,0.0,2025-05-27 20:15:00
2025-05-27 20:20:00,0.0,2025-05-27 20:20:00
2025-05-27 20:25:00,0.0,2025-05-27 20:25:00
2025-05-27 20:30:00,0.0,2025-05-27 20:30:00
2025-05-27 20:35:00,0.0,2025-05-27 20:35:00
2025-05-27 20:40:00,0.0,2025-05-27 20:40:00
2025-05-27 20:45:00,0.0,2025-05-27 20:45:00
2025-05-27 20:50:00,0.0,2025-05-27 20:50:00
2025-05-27 20:55:00,0.0,2025-05-27 20:55:00
2025-05-27 21:00:00,0.0,2025-05-27 21:00:00
2025-05-27 21:05:00,0.0,2025-05-27 21:05:00
2025-05-27 21:10:00,0.0,2025-05-27 21:10:00
2025-05-27 21:15:00,0.0,2025-05-27 21:15:00
2025-05-27 21:20:00,0.0,2025-05-27 21:20:00
2025-05-27 21:25:00,0.0,2025-05-27 21:25:00
2025-05-27 21:30:00,0.0,2025-05-27 21:30:00
2025-05-27 21:35:00,0.0,2025-05-27 21:35:00
2025-05-27 21:40:00,0.0,2025-05-27 21:40:00
2025-05-27 21:45:00,0.0,2025-05-27 21:45:00
2025-05-27 21:50:00,0.0,2025-05-27 21:50:00
2025-05-27 21:55:00,0.0,2025-05-27 21:55:00
2025-05-27 22:00:00,-2372.349,2025-05-27 22:00:00
2025-05-27 22:05:00,-2372.363,2025-05-27 22:05:00
2025-05-27 22:10:00,-2372.343,2025-05-27 22:10:00
2025-05-27 22:15:00,-2372.347,2025-05-27 22:15:00
2025-05-27 22:20:00,-2372.354,2025-05-27 22:20:00
2025-05-27 22:25:00,-2372.352,2025-05-27 22:25:00
2025-05-27 22:30:00,-2372.345,2025-05-27 22:30:00
2025-05-27 22:35:00,-2372.33,2025-05-27 22:35:00
2025-05-27 22:40:00,-2372.345,2025-05-27 22:40:00
2025-05-27 22:45:00,-2372.338,2025-05-27 22:45:00
2025-05-27 22:50:00,-2372.33,2025-05-27 22:50:00
2025-05-27 22:55:00,-2372.333,2025-05-27 22:55:00
2025-05-27 23:00:00,-2372.33,2025-05-27 23:00:00
2025-05-27 23:05:00,-2372.325,2025-05-27 23:05:00
2025-05-27 23:10:00,-2372.319,2025-05-27 23:10:00
2025-05-27 23:15:00,-2372.319,2025-05-27 23:15:00
2025-05-27 23:20:00,-2372.316,2025-05-27 23:20:00
2025-05-27 23:25:00,-2372.311,2025-05-27 23:25:00
2025-05-27 23:30:00,-2372.305,2025-05-27 23:30:00
2025-05-27 23:35:00,-2372.307,2025-05-27 23:35:00
2025-05-27 23:40:00,-2372.304,2025-05-27 23:40:00
2025-05-27 23:45:00,-2372.297,2025-05-27 23:45:00
2025-05-27 23:50:00,-2372.289,2025-05-27 23:50:00
2025-05-27 23:55:00,-2372.295,2025-05-27 23:55:00
2025-05-28 00:00:00,-2372.292,2025-05-28 00:00:00
2025-05-28 00:05:00,-2372.289,2025-05-28 00:05:00
2025-05-28 00:10:00,-2372.287,2025-05-28 00:10:00
2025-05-28 00:15:00,-2372.285,2025-05-28 00:15:00
2025-05-28 00:20:00,-2372.282,2025-05-28 00:20:00
2025-05-28 00:25:00,-2372.28,2025-05-28 00:25:00
2025-05-28 00:30:00,-2372.278,2025-05-28 00:30:00
2025-05-28 00:35:00,-2372.276,2025-05-28 00:35:00
2025-05-28 00:40:00,-2372.274,2025-05-28 00:40:00
2025-05-28 00:45:00,-2372.273,2025-05-28 00:45:00
2025-05-28 00:50:00,-2372.27,2025-05-28 00:50:00
2025-05-28 00:55:00,-2372.27,2025-05-28 00:55:00
2025-05-28 01:00:00,-2372.268,2025-05-28 01:00:00
2025-05-28 01:05:00,-2372.267,2025-05-28 01:05:00
2025-05-28 01:10:00,-2372.266,2025-05-28 01:10:00
2025-05-28 01:15:00,-2372.264,2025-05-28 01:15:00
2025-05-28 01:20:00,-2372.264,2025-05-28 01:20:00
2025-05-28 01:25:00,-2372.262,2025-05-28 01:25:00
2025-05-28 01:30:00,-2372.261,2025-05-28 01:30:00
2025-05-28 01:35:00,-2372.261,2025-05-28 01:35:00
2025-05-28 01:40:00,-2372.26,2025-05-28 01:40:00
2025-05-28 01:45:00,-2372.259,2025-05-28 01:45:00
2025-05-28 01:50:00,-2372.258,2025-05-28 01:50:00
2025-05-28 01:55:00,-2372.258,2025-05-28 01:55:00
2025-05-28 02:00:00,-2372.257,2025-05-28 02:00:00
2025-05-28 02:05:00,-2372.257,2025-05-28 02:05:00
2025-05-28 02:10:00,-2372.256,2025-05-28 02:10:00
2025-05-28 02:15:00,-2372.256,2025-05-28 02:15:00
2025-05-28 02:20:00,-2372.256,2025-05-28 02:20:00
2025-05-28 02:25:00,-2372.256,2025-05-28 02:25:00
2025-05-28 02:30:00,-2372.255,2025-05-28 02:30:00
2025-05-28 02:35:00,-2372.256,2025-05-28 02:35:00
2025-05-28 02:40:00,-2372.255,2025-05-28 02:40:00
2025-05-28 02:45:00,-2372.255,2025-05-28 02:45:00
2025-05-28 02:50:00,-2372.256,2025-05-28 02:50:00
2025-05-28 02:55:00,-2372.256,2025-05-28 02:55:00
2025-05-28 03:00:00,-2372.256,2025-05-28 03:00:00
2025-05-28 03:05:00,-2372.257,2025-05-28 03:05:00
2025-05-28 03:10:00,-2372.257,2025-05-28 03:10:00
2025-05-28 03:15:00,-2372.257,2025-05-28 03:15:00
2025-05-28 03:20:00,-2372.259,2025-05-28 03:20:00
2025-05-28 03:25:00,-2372.259,2025-05-28 03:25:00
2025-05-28 03:30:00,-2372.261,2025-05-28 03:30:00
2025-05-28 03:35:00,-2372.261,2025-05-28 03:35:00
2025-05-28 03:40:00,-2372.263,2025-05-28 03:40:00
2025-05-28 03:45:00,-2372.263,2025-05-28 03:45:00
2025-05-28 03:50:00,-2372.264,2025-05-28 03:50:00
2025-05-28 03:55:00,-2372.266,2025-05-28 03:55:00
2025-05-28 04:00:00,-2372.266,2025-05-28 04:00:00
2025-05-28 04:05:00,-2372.268,2025-05-28 04:05:00
2025-05-28 04:10:00,-2372.269,2025-05-28 04:10:00
2025-05-28 04:15:00,-2372.27,2025-05-28 04:15:00
2025-05-28 04:20:00,-2372.271,2025-05-28 04:20:00
2025-05-28 04:25:00,-2372.272,2025-05-28 04:25:00
2025-05-28 04:30:00,-2372.273,2025-05-28 04:30:00
2025-05-28 04:35:00,-2372.274,2025-05-28 04:35:00
2025-05-28 04:40:00,-2372.276,2025-05-28 04:40:00
2025-05-28 04:45:00,-2372.276,2025-05-28 04:45:00
2025-05-28 04:50:00,-2372.277,2025-05-28 04:50:00
2025-05-28 04:55:00,-2372.278,2025-05-28 04:55:00
2025-05-28 05:00:00,-2372.278,2025-05-28 05:00:00
2025-05-28 05:05:00,-2372.279,2025-05-28 05:05:00
2025-05-28 05:10:00,-2372.28,2025-05-28 05:10:00
2025-05-28 05:15:00,-2372.279,2025-05-28 05:15:00
2025-05-28 05:20:00,-2372.278,2025-05-28 05:20:00
2025-05-28 05:25:00,-2372.278,2025-05-28 05:25:00
2025-05-28 05:30:00,-2372.278,2025-05-28 05:30:00
2025-05-28 05:35:00,-2372.277,2025-05-28 05:35:00
2025-05-28 05:40:00,-2372.275,2025-05-28 05:40:00
2025-05-28 05:45:00,-2372.275,2025-05-28 05:45:00
2025-05-28 05:50:00,-2372.272,2025-05-28 05:50:00
2025-05-28 05:55:00,-2372.27,2025-05-28 05:55:00
2025-05-28 06:00:00,0.0,2025-05-28 06:00:00
2025-05-28 06:05:00,0.0,2025-05-28 06:05:00
2025-05-28 06:10:00,0.0,2025-05-28 06:10:00
2025-05-28 06:15:00,0.0,2025-05-28 06:15:00
2025-05-28 06:20:00,0.0,2025-05-28 06:20:00
2025-05-28 06:25:00,0.0,2025-05-28 06:25:00
2025-05-28 06:30:00,0.0,2025-05-28 06:30:00
2025-05-28 06:35:00,0.0,2025-05-28 06:35:00
2025-05-28 06:40:00,0.0,2025-05-28 06:40:00
2025-05-28 06:45:00,0.0,2025-05-28 06:45:00
2025-05-28 06:50:00,0.0,2025-05-28 06:50:00
2025-05-28 06:55:00,0.0,2025-05-28 06:55:00
2025-05-28 07:00:00,0.0,2025-05-28 07:00:00
2025-05-28 07:05:00,0.0,2025-05-28 07:05:00
2025-05-28 07:10:00,0.0,2025-05-28 07:10:00
2025-05-28 07:15:00,0.0,2025-05-28 07:15:00
2025-05-28 07:20:00,0.0,2025-05-28 07:20:00
2025-05-28 07:25:00,0.0,2025-05-28 07:25:00
2025-05-28 07:30:00,0.0,2025-05-28 07:30:00
2025-05-28 07:35:00,0.0,2025-05-28 07:35:00
2025-05-28 07:40:00,0.0,2025-05-28 07:40:00
2025-05-28 07:45:00,0.0,2025-05-28 07:45:00
2025-05-28 07:50:00,0.0,2025-05-28 07:50:00
2025-05-28 07:55:00,0.0,2025-05-28 07:55:00
2025-05-28 08:00:00,9000.0,2025-05-28 08:00:00
2025-05-28 08:05:00,9000.0,2025-05-28 08:05:00
2025-05-28 08:10:00,9000.0,2025-05-28 08:10:00
2025-05-28 08:15:00,9000.0,2025-05-28 08:15:00
2025-05-28 08:20:00,9000.0,2025-05-28 08:20:00
2025-05-28 08:25:00,9000.0,2025-05-28 08:25:00
2025-05-28 08:30:00,9000.0,2025-05-28 08:30:00
2025-05-28 08:35:00,9000.0,2025-05-28 08:35:00
2025-05-28 08:40:00,9000.0,2025-05-28 08:40:00
2025-05-28 08:45:00,9000.0,2025-05-28 08:45:00
2025-05-28 08:50:00,9000.0,2025-05-28 08:50:00
2025-05-28 08:55:00,9000.0,2025-05-28 08:55:00
2025-05-28 09:00:00,9000.0,2025-05-28 09:00:00
2025-05-28 09:05:00,9000.0,2025-05-28 09:05:00
2025-05-28 09:10:00,9000.0,2025-05-28 09:10:00
2025-05-28 09:15:00,9000.0,2025-05-28 09:15:00
2025-05-28 09:20:00,9000.0,2025-05-28 09:20:00
2025-05-28 09:25:00,9000.0,2025-05-28 09:25:00
2025-05-28 09:30:00,9000.0,2025-05-28 09:30:00
2025-05-28 09:35:00,9000.0,2025-05-28 09:35:00
2025-05-28 09:40:00,9000.0,2025-05-28 09:40:00
2025-05-28 09:45:00,8999.999,2025-05-28 09:45:00
2025-05-28 09:50:00,1043.999,2025-05-28 09:50:00
2025-05-28 09:55:00,0.0,2025-05-28 09:55:00
2025-05-28 10:00:00,0.0,2025-05-28 10:00:00
2025-05-28 10:05:00,0.0,2025-05-28 10:05:00
2025-05-28 10:10:00,0.0,2025-05-28 10:10:00
2025-05-28 10:15:00,0.0,2025-05-28 10:15:00
2025-05-28 10:20:00,0.0,2025-05-28 10:20:00
2025-05-28 10:25:00,0.0,2025-05-28 10:25:00
2025-05-28 10:30:00,0.0,2025-05-28 10:30:00
2025-05-28 10:35:00,0.0,2025-05-28 10:35:00
2025-05-28 10:40:00,0.0,2025-05-28 10:40:00
2025-05-28 10:45:00,0.0,2025-05-28 10:45:00
2025-05-28 10:50:00,0.0,2025-05-28 10:50:00
2025-05-28 10:55:00,0.0,2025-05-28 10:55:00
2025-05-28 11:00:00,-2914.368,2025-05-28 11:00:00
2025-05-28 11:05:00,-2914.995,2025-05-28 11:05:00
2025-05-28 11:10:00,-2914.419,2025-05-28 11:10:00
2025-05-28 11:15:00,-2900.145,2025-05-28 11:15:00
2025-05-28 11:20:00,-2914.415,2025-05-28 11:20:00
2025-05-28 11:25:00,-2914.398,2025-05-28 11:25:00
2025-05-28 11:30:00,-2914.444,2025-05-28 11:30:00
2025-05-28 11:35:00,-2914.425,2025-05-28 11:35:00
2025-05-28 11:40:00,-2872.233,2025-05-28 11:40:00
2025-05-28 11:45:00,-2914.814,2025-05-28 11:45:00
2025-05-28 11:50:00,-2784.261,2025-05-28 11:50:00
2025-05-28 11:55:00,-2704.213,2025-05-28 11:55:00
2025-05-28 12:00:00,-2712.243,2025-05-28 12:00:00
2025-05-28 12:05:00,-2780.192,2025-05-28 12:05:00
2025-05-28 12:10:00,-2914.529,2025-05-28 12:10:00
2025-05-28 12:15:00,-2744.212,2025-05-28 12:15:00
2025-05-28 12:20:00,-2760.222,2025-05-28 12:20:00
2025-05-28 12:25:00,-2688.233,2025-05-28 12:25:00
2025-05-28 12:30:00,-2696.243,2025-05-28 12:30:00
2025-05-28 12:35:00,-2604.233,2025-05-28 12:35:00
2025-05-28 12:40:00,-2664.253,2025-05-28 12:40:00
2025-05-28 12:45:00,-2624.223,2025-05-28 12:45:00
2025-05-28 12:50:00,-2716.223,2025-05-28 12:50:00
2025-05-28 12:55:00,-2600.253,2025-05-28 12:55:00
2025-05-28 13:00:00,-2728.243,2025-05-28 13:00:00
2025-05-28 13:05:00,-2612.243,2025-05-28 13:05:00
2025-05-28 13:10:00,-2824.2,2025-05-28 13:10:00
2025-05-28 13:15:00,-2744.182,2025-05-28 13:15:00
2025-05-28 13:20:00,-2760.222,2025-05-28 13:20:00
2025-05-28 13:25:00,-2612.213,2025-05-28 13:25:00
2025-05-28 13:30:00,-2656.223,2025-05-28 13:30:00
2025-05-28 13:35:00,-2696.263,2025-05-28 13:35:00
2025-05-28 13:40:00,-2748.242,2025-05-28 13:40:00
2025-05-28 13:45:00,-2660.273,2025-05-28 13:45:00
2025-05-28 13:50:00,-2612.223,2025-05-28 13:50:00
2025-05-28 13:55:00,-2600.223,2025-05-28 13:55:00
2025-05-28 14:00:00,-2812.25,2025-05-28 14:00:00
2025-05-28 14:05:00,-2576.234,2025-05-28 14:05:00
2025-05-28 14:10:00,-2911.246,2025-05-28 14:10:00
2025-05-28 14:15:00,-2664.233,2025-05-28 14:15:00
2025-05-28 14:20:00,-2752.212,2025-05-28 14:20:00
2025-05-28 14:25:00,-2648.233,2025-05-28 14:25:00
2025-05-28 14:30:00,-2608.263,2025-05-28 14:30:00
2025-05-28 14:35:00,-2648.213,2025-05-28 14:35:00
2025-05-28 14:40:00,-2672.243,2025-05-28 14:40:00
2025-05-28 14:45:00,-2632.223,2025-05-28 14:45:00
2025-05-28 14:50:00,-2728.253,2025-05-28 14:50:00
2025-05-28 14:55:00,-2604.213,2025-05-28 14:55:00
2025-05-28 15:00:00,-2676.223,2025-05-28 15:00:00
2025-05-28 15:05:00,-2752.232,2025-05-28 15:05:00
2025-05-28 15:10:00,-2700.223,2025-05-28 15:10:00
2025-05-28 15:15:00,-2556.254,2025-05-28 15:15:00
2025-05-28 15:20:00,-2644.223,2025-05-28 15:20:00
2025-05-28 15:25:00,-2800.231,2025-05-28 15:25:00
2025-05-28 15:30:00,-2456.214,2025-05-28 15:30:00
2025-05-28 15:35:00,-2540.254,2025-05-28 15:35:00
2025-05-28 15:40:00,-2532.254,2025-05-28 15:40:00
2025-05-28 15:45:00,-2752.242,2025-05-28 15:45:00
2025-05-28 15:50:00,-2692.233,2025-05-28 15:50:00
2025-05-28 15:55:00,-2704.273,2025-05-28 15:55:00
2025-05-28 16:00:00,-2580.234,2025-05-28 16:00:00
2025-05-28 16:05:00,-2760.222,2025-05-28 16:05:00
2025-05-28 16:10:00,-2780.222,2025-05-28 16:10:00
2025-05-28 16:15:00,-2752.192,2025-05-28 16:15:00
2025-05-28 16:20:00,-2904.134,2025-05-28 16:20:00
2025-05-28 16:25:00,-2720.233,2025-05-28 16:25:00
2025-05-28 16:30:00,-2804.191,2025-05-28 16:30:00
2025-05-28 16:35:00,-2832.249,2025-05-28 16:35:00
2025-05-28 16:40:00,-2684.223,2025-05-28 16:40:00
2025-05-28 16:45:00,-2752.242,2025-05-28 16:45:00
2025-05-28 16:50:00,-2624.243,2025-05-28 16:50:00
2025-05-28 16:55:00,-2740.212,2025-05-28 16:55:00
2025-05-28 17:00:00,-2744.252,2025-05-28 17:00:00
2025-05-28 17:05:00,-2748.252,2025-05-28 17:05:00
2025-05-28 17:10:00,-2556.214,2025-05-28 17:10:00
2025-05-28 17:15:00,-2664.253,2025-05-28 17:15:00
2025-05-28 17:20:00,-2644.253,2025-05-28 17:20:00
2025-05-28 17:25:00,-2676.223,2025-05-28 17:25:00
2025-05-28 17:30:00,-2496.244,2025-05-28 17:30:00
2025-05-28 17:35:00,-2660.253,2025-05-28 17:35:00
2025-05-28 17:40:00,-2592.254,2025-05-28 17:40:00
2025-05-28 17:45:00,-2620.243,2025-05-28 17:45:00
2025-05-28 17:50:00,-2584.234,2025-05-28 17:50:00
2025-05-28 17:55:00,-2416.244,2025-05-28 17:55:00
2025-05-28 18:00:00,9000.0,2025-05-28 18:00:00
2025-05-28 18:05:00,9000.0,2025-05-28 18:05:00
2025-05-28 18:10:00,9000.0,2025-05-28 18:10:00
2025-05-28 18:15:00,9000.0,2025-05-28 18:15:00
2025-05-28 18:20:00,9000.0,2025-05-28 18:20:00
2025-05-28 18:25:00,9000.0,2025-05-28 18:25:00
2025-05-28 18:30:00,9000.0,2025-05-28 18:30:00
2025-05-28 18:35:00,9000.0,2025-05-28 18:35:00
2025-05-28 18:40:00,9000.0,2025-05-28 18:40:00
2025-05-28 18:45:00,9000.0,2025-05-28 18:45:00
2025-05-28 18:50:00,9000.0,2025-05-28 18:50:00
2025-05-28 18:55:00,9000.0,2025-05-28 18:55:00
2025-05-28 19:00:00,9000.0,2025-05-28 19:00:00
2025-05-28 19:05:00,9000.0,2025-05-28 19:05:00
2025-05-28 19:10:00,9000.0,2025-05-28 19:10:00
2025-05-28 19:15:00,9000.0,2025-05-28 19:15:00
2025-05-28 19:20:00,9000.0,2025-05-28 19:20:00
2025-05-28 19:25:00,9000.0,2025-05-28 19:25:00
2025-05-28 19:30:00,9000.0,2025-05-28 19:30:00
2025-05-28 19:35:00,9000.0,2025-05-28 19:35:00
2025-05-28 19:40:00,9000.0,2025-05-28 19:40:00
2025-05-28 19:45:00,8999.999,2025-05-28 19:45:00
2025-05-28 19:50:00,1043.999,2025-05-28 19:50:00
2025-05-28 19:55:00,0.0,2025-05-28 19:55:00
2025-05-28 20:00:00,0.0,2025-05-28 20:00:00
2025-05-28 20:05:00,0.0,2025-05-28 20:05:00
2025-05-28 20:10:00,0.0,2025-05-28 20:10:00
2025-05-28 20:15:00,0.0,2025-05-28 20:15:00
2025-05-28 20:20:00,0.0,2025-05-28 20:20:00
2025-05-28 20:25:00,0.0,2025-05-28 20:25:00
2025-05-28 20:30:00,0.0,2025-05-28 20:30:00
2025-05-28 20:35:00,0.0,2025-05-28 20:35:00
2025-05-28 20:40:00,0.0,2025-05-28 20:40:00
2025-05-28 20:45:00,0.0,2025-05-28 20:45:00
2025-05-28 20:50:00,0.0,2025-05-28 20:50:00
2025-05-28 20:55:00,0.0,2025-05-28 20:55:00
2025-05-28 21:00:00,0.0,2025-05-28 21:00:00
2025-05-28 21:05:00,0.0,2025-05-28 21:05:00
2025-05-28 21:10:00,0.0,2025-05-28 21:10:00
2025-05-28 21:15:00,0.0,2025-05-28 21:15:00
2025-05-28 21:20:00,0.0,2025-05-28 21:20:00
2025-05-28 21:25:00,0.0,2025-05-28 21:25:00
2025-05-28 21:30:00,0.0,2025-05-28 21:30:00
2025-05-28 21:35:00,0.0,2025-05-28 21:35:00
2025-05-28 21:40:00,0.0,2025-05-28 21:40:00
2025-05-28 21:45:00,0.0,2025-05-28 21:45:00
2025-05-28 21:50:00,0.0,2025-05-28 21:50:00
2025-05-28 21:55:00,0.0,2025-05-28 21:55:00
2025-05-28 22:00:00,-2372.219,2025-05-28 22:00:00
2025-05-28 22:05:00,-2372.223,2025-05-28 22:05:00
2025-05-28 22:10:00,-2372.226,2025-05-28 22:10:00
2025-05-28 22:15:00,-2372.229,2025-05-28 22:15:00
2025-05-28 22:20:00,-2372.23,2025-05-28 22:20:00
2025-05-28 22:25:00,-2372.232,2025-05-28 22:25:00
2025-05-28 22:30:00,-2372.233,2025-05-28 22:30:00
2025-05-28 22:35:00,-2372.248,2025-05-28 22:35:00
2025-05-28 22:40:00,-2372.231,2025-05-28 22:40:00
2025-05-28 22:45:00,-2372.228,2025-05-28 22:45:00
2025-05-28 22:50:00,-2372.23,2025-05-28 22:50:00
2025-05-28 22:55:00,-2372.231,2025-05-28 22:55:00
2025-05-28 23:00:00,-2372.23,2025-05-28 23:00:00
2025-05-28 23:05:00,-2372.23,2025-05-28 23:05:00
2025-05-28 23:10:00,-2372.231,2025-05-28 23:10:00
2025-05-28 23:15:00,-2372.23,2025-05-28 23:15:00
2025-05-28 23:20:00,-2372.234,2025-05-28 23:20:00
2025-05-28 23:25:00,-2372.233,2025-05-28 23:25:00
2025-05-28 23:30:00,-2372.235,2025-05-28 23:30:00
2025-05-28 23:35:00,-2372.236,2025-05-28 23:35:00
2025-05-28 23:40:00,-2372.239,2025-05-28 23:40:00
2025-05-28 23:45:00,-2372.242,2025-05-28 23:45:00
2025-05-28 23:50:00,-2372.244,2025-05-28 23:50:00
2025-05-28 23:55:00,-2372.242,2025-05-28 23:55:00
2025-05-29 00:00:00,-2372.24,2025-05-29 00:00:00
2025-05-29 00:05:00,-2372.241,2025-05-29 00:05:00
2025-05-29 00:10:00,-2372.24,2025-05-29 00:10:00
2025-05-29 00:15:00,-2372.241,2025-05-29 00:15:00
2025-05-29 00:20:00,-2372.242,2025-05-29 00:20:00
2025-05-29 00:25:00,-2372.247,2025-05-29 00:25:00
2025-05-29 00:30:00,-2372.246,2025-05-29 00:30:00
2025-05-29 00:35:00,-2372.246,2025-05-29 00:35:00
2025-05-29 00:40:00,-2372.248,2025-05-29 00:40:00
2025-05-29 00:45:00,-2372.248,2025-05-29 00:45:00
2025-05-29 00:50:00,-2372.251,2025-05-29 00:50:00
2025-05-29 00:55:00,-2372.257,2025-05-29 00:55:00
2025-05-29 01:00:00,-2372.256,2025-05-29 01:00:00
2025-05-29 01:05:00,-2372.257,2025-05-29 01:05:00
2025-05-29 01:10:00,-2372.255,2025-05-29 01:10:00
2025-05-29 01:15:00,-2372.258,2025-05-29 01:15:00
2025-05-29 01:20:00,-2372.262,2025-05-29 01:20:00
2025-05-29 01:25:00,-2372.265,2025-05-29 01:25:00
2025-05-29 01:30:00,-2372.264,2025-05-29 01:30:00
2025-05-29 01:35:00,-2372.265,2025-05-29 01:35:00
2025-05-29 01:40:00,-2372.272,2025-05-29 01:40:00
2025-05-29 01:45:00,-2372.272,2025-05-29 01:45:00
2025-05-29 01:50:00,-2372.273,2025-05-29 01:50:00
2025-05-29 01:55:00,-2372.275,2025-05-29 01:55:00
2025-05-29 02:00:00,-2372.277,2025-05-29 02:00:00
2025-05-29 02:05:00,-2372.279,2025-05-29 02:05:00
2025-05-29 02:10:00,-2372.281,2025-05-29 02:10:00
2025-05-29 02:15:00,-2372.284,2025-05-29 02:15:00
2025-05-29 02:20:00,-2372.29,2025-05-29 02:20:00
2025-05-29 02:25:00,-2372.293,2025-05-29 02:25:00
2025-05-29 02:30:00,-2372.299,2025-05-29 02:30:00
2025-05-29 02:35:00,-2372.291,2025-05-29 02:35:00
2025-05-29 02:40:00,-2372.296,2025-05-29 02:40:00
2025-05-29 02:45:00,-2372.297,2025-05-29 02:45:00
2025-05-29 02:50:00,-2372.299,2025-05-29 02:50:00
2025-05-29 02:55:00,-2372.302,2025-05-29 02:55:00
2025-05-29 03:00:00,-2372.305,2025-05-29 03:00:00
2025-05-29 03:05:00,-2372.306,2025-05-29 03:05:00
2025-05-29 03:10:00,-2372.307,2025-05-29 03:10:00
2025-05-29 03:15:00,-2372.308,2025-05-29 03:15:00
2025-05-29 03:20:00,-2372.31,2025-05-29 03:20:00
2025-05-29 03:25:00,-2372.315,2025-05-29 03:25:00
2025-05-29 03:30:00,-2372.314,2025-05-29 03:30:00
2025-05-29 03:35:00,-2372.315,2025-05-29 03:35:00
2025-05-29 03:40:00,-2372.319,2025-05-29 03:40:00
2025-05-29 03:45:00,-2372.32,2025-05-29 03:45:00
2025-05-29 03:50:00,-2372.322,2025-05-29 03:50:00
2025-05-29 03:55:00,-2372.32,2025-05-29 03:55:00
2025-05-29 04:00:00,-2372.329,2025-05-29 04:00:00
2025-05-29 04:05:00,-2372.331,2025-05-29 04:05:00
2025-05-29 04:10:00,-2372.331,2025-05-29 04:10:00
2025-05-29 04:15:00,-2372.334,2025-05-29 04:15:00
2025-05-29 04:20:00,-2372.333,2025-05-29 04:20:00
2025-05-29 04:25:00,-2372.337,2025-05-29 04:25:00
2025-05-29 04:30:00,-2372.338,2025-05-29 04:30:00
2025-05-29 04:35:00,-2372.341,2025-05-29 04:35:00
2025-05-29 04:40:00,-2372.34,2025-05-29 04:40:00
2025-05-29 04:45:00,-2372.341,2025-05-29 04:45:00
2025-05-29 04:50:00,-2372.34,2025-05-29 04:50:00
2025-05-29 04:55:00,-2372.34,2025-05-29 04:55:00
2025-05-29 05:00:00,-2372.339,2025-05-29 05:00:00
2025-05-29 05:05:00,-2372.343,2025-05-29 05:05:00
2025-05-29 05:10:00,-2372.346,2025-05-29 05:10:00
2025-05-29 05:15:00,-2372.342,2025-05-29 05:15:00
2025-05-29 05:20:00,-2372.342,2025-05-29 05:20:00
2025-05-29 05:25:00,-2372.346,2025-05-29 05:25:00
2025-05-29 05:30:00,-2372.344,2025-05-29 05:30:00
2025-05-29 05:35:00,-2372.344,2025-05-29 05:35:00
2025-05-29 05:40:00,-2372.347,2025-05-29 05:40:00
2025-05-29 05:45:00,-2372.348,2025-05-29 05:45:00
2025-05-29 05:50:00,-2372.349,2025-05-29 05:50:00
2025-05-29 05:55:00,-2372.345,2025-05-29 05:55:00
2025-05-29 06:00:00,0.0,2025-05-29 06:00:00
2025-05-29 06:05:00,0.0,2025-05-29 06:05:00
2025-05-29 06:10:00,0.0,2025-05-29 06:10:00
2025-05-29 06:15:00,0.0,2025-05-29 06:15:00
2025-05-29 06:20:00,0.0,2025-05-29 06:20:00
2025-05-29 06:25:00,0.0,2025-05-29 06:25:00
2025-05-29 06:30:00,0.0,2025-05-29 06:30:00
2025-05-29 06:35:00,0.0,2025-05-29 06:35:00
2025-05-29 06:40:00,0.0,2025-05-29 06:40:00
2025-05-29 06:45:00,0.0,2025-05-29 06:45:00
2025-05-29 06:50:00,0.0,2025-05-29 06:50:00
2025-05-29 06:55:00,0.0,2025-05-29 06:55:00
2025-05-29 07:00:00,0.0,2025-05-29 07:00:00
2025-05-29 07:05:00,0.0,2025-05-29 07:05:00
2025-05-29 07:10:00,0.0,2025-05-29 07:10:00
2025-05-29 07:15:00,0.0,2025-05-29 07:15:00
2025-05-29 07:20:00,0.0,2025-05-29 07:20:00
2025-05-29 07:25:00,0.0,2025-05-29 07:25:00
2025-05-29 07:30:00,0.0,2025-05-29 07:30:00
2025-05-29 07:35:00,0.0,2025-05-29 07:35:00
2025-05-29 07:40:00,0.0,2025-05-29 07:40:00
2025-05-29 07:45:00,0.0,2025-05-29 07:45:00
2025-05-29 07:50:00,0.0,2025-05-29 07:50:00
2025-05-29 07:55:00,0.0,2025-05-29 07:55:00
2025-05-29 08:00:00,9000.0,2025-05-29 08:00:00
2025-05-29 08:05:00,9000.0,2025-05-29 08:05:00
2025-05-29 08:10:00,9000.0,2025-05-29 08:10:00
2025-05-29 08:15:00,9000.0,2025-05-29 08:15:00
2025-05-29 08:20:00,9000.0,2025-05-29 08:20:00
2025-05-29 08:25:00,9000.0,2025-05-29 08:25:00
2025-05-29 08:30:00,9000.0,2025-05-29 08:30:00
2025-05-29 08:35:00,9000.0,2025-05-29 08:35:00
2025-05-29 08:40:00,9000.0,2025-05-29 08:40:00
2025-05-29 08:45:00,9000.0,2025-05-29 08:45:00
2025-05-29 08:50:00,9000.0,2025-05-29 08:50:00
2025-05-29 08:55:00,9000.0,2025-05-29 08:55:00
2025-05-29 09:00:00,9000.0,2025-05-29 09:00:00
2025-05-29 09:05:00,9000.0,2025-05-29 09:05:00
2025-05-29 09:10:00,9000.0,2025-05-29 09:10:00
2025-05-29 09:15:00,9000.0,2025-05-29 09:15:00
2025-05-29 09:20:00,9000.0,2025-05-29 09:20:00
2025-05-29 09:25:00,9000.0,2025-05-29 09:25:00
2025-05-29 09:30:00,9000.0,2025-05-29 09:30:00
2025-05-29 09:35:00,9000.0,2025-05-29 09:35:00
2025-05-29 09:40:00,9000.0,2025-05-29 09:40:00
2025-05-29 09:45:00,9000.0,2025-05-29 09:45:00
2025-05-29 09:50:00,1044.0,2025-05-29 09:50:00
2025-05-29 09:55:00,0.0,2025-05-29 09:55:00
2025-05-29 10:00:00,0.0,2025-05-29 10:00:00
2025-05-29 10:05:00,0.0,2025-05-29 10:05:00
2025-05-29 10:10:00,0.0,2025-05-29 10:10:00
2025-05-29 10:15:00,0.0,2025-05-29 10:15:00
2025-05-29 10:20:00,0.0,2025-05-29 10:20:00
2025-05-29 10:25:00,0.0,2025-05-29 10:25:00
2025-05-29 10:30:00,0.0,2025-05-29 10:30:00
2025-05-29 10:35:00,0.0,2025-05-29 10:35:00
2025-05-29 10:40:00,0.0,2025-05-29 10:40:00
2025-05-29 10:45:00,0.0,2025-05-29 10:45:00
2025-05-29 10:50:00,0.0,2025-05-29 10:50:00
2025-05-29 10:55:00,0.0,2025-05-29 10:55:00
2025-05-29 11:00:00,-2763.882,2025-05-29 11:00:00
2025-05-29 11:05:00,-2763.88,2025-05-29 11:05:00
2025-05-29 11:10:00,-2763.879,2025-05-29 11:10:00
2025-05-29 11:15:00,-2763.886,2025-05-29 11:15:00
2025-05-29 11:20:00,-2763.881,2025-05-29 11:20:00
2025-05-29 11:25:00,-2763.883,2025-05-29 11:25:00
2025-05-29 11:30:00,-2763.917,2025-05-29 11:30:00
2025-05-29 11:35:00,-2763.881,2025-05-29 11:35:00
2025-05-29 11:40:00,-2763.944,2025-05-29 11:40:00
2025-05-29 11:45:00,-2763.879,2025-05-29 11:45:00
2025-05-29 11:50:00,-2763.875,2025-05-29 11:50:00
2025-05-29 11:55:00,-2763.878,2025-05-29 11:55:00
2025-05-29 12:00:00,-2763.868,2025-05-29 12:00:00
2025-05-29 12:05:00,-2763.877,2025-05-29 12:05:00
2025-05-29 12:10:00,-2763.867,2025-05-29 12:10:00
2025-05-29 12:15:00,-2764.082,2025-05-29 12:15:00
2025-05-29 12:20:00,-2566.865,2025-05-29 12:20:00
2025-05-29 12:25:00,-2763.941,2025-05-29 12:25:00
2025-05-29 12:30:00,-2734.849,2025-05-29 12:30:00
2025-05-29 12:35:00,-2666.844,2025-05-29 12:35:00
2025-05-29 12:40:00,-2754.804,2025-05-29 12:40:00
2025-05-29 12:45:00,-2694.823,2025-05-29 12:45:00
2025-05-29 12:50:00,-2763.929,2025-05-29 12:50:00
2025-05-29 12:55:00,-2763.852,2025-05-29 12:55:00
2025-05-29 13:00:00,-2763.849,2025-05-29 13:00:00
2025-05-29 13:05:00,-2763.85,2025-05-29 13:05:00
2025-05-29 13:10:00,-2763.85,2025-05-29 13:10:00
2025-05-29 13:15:00,-2763.85,2025-05-29 13:15:00
2025-05-29 13:20:00,-2763.914,2025-05-29 13:20:00
2025-05-29 13:25:00,-2763.838,2025-05-29 13:25:00
2025-05-29 13:30:00,-2750.794,2025-05-29 13:30:00
2025-05-29 13:35:00,-2742.827,2025-05-29 13:35:00
2025-05-29 13:40:00,-2763.96,2025-05-29 13:40:00
2025-05-29 13:45:00,-2758.844,2025-05-29 13:45:00
2025-05-29 13:50:00,-2630.824,2025-05-29 13:50:00
2025-05-29 13:55:00,-2678.833,2025-05-29 13:55:00
2025-05-29 14:00:00,-2450.825,2025-05-29 14:00:00
2025-05-29 14:05:00,-2638.884,2025-05-29 14:05:00
2025-05-29 14:10:00,-2722.861,2025-05-29 14:10:00
2025-05-29 14:15:00,-2634.824,2025-05-29 14:15:00
2025-05-29 14:20:00,-2763.814,2025-05-29 14:20:00
2025-05-29 14:25:00,-2618.855,2025-05-29 14:25:00
2025-05-29 14:30:00,-2566.795,2025-05-29 14:30:00
2025-05-29 14:35:00,-2726.85,2025-05-29 14:35:00
2025-05-29 14:40:00,-2634.854,2025-05-29 14:40:00
2025-05-29 14:45:00,-2662.794,2025-05-29 14:45:00
2025-05-29 14:50:00,-2746.855,2025-05-29 14:50:00
2025-05-29 14:55:00,-2610.855,2025-05-29 14:55:00
2025-05-29 15:00:00,-2714.842,2025-05-29 15:00:00
2025-05-29 15:05:00,-2698.823,2025-05-29 15:05:00
2025-05-29 15:10:00,-2666.834,2025-05-29 15:10:00
2025-05-29 15:15:00,-2763.783,2025-05-29 15:15:00
2025-05-29 15:20:00,-2630.804,2025-05-29 15:20:00
2025-05-29 15:25:00,-2646.814,2025-05-29 15:25:00
2025-05-29 15:30:00,-2578.835,2025-05-29 15:30:00
2025-05-29 15:35:00,-2742.847,2025-05-29 15:35:00
2025-05-29 15:40:00,-2763.987,2025-05-29 15:40:00
2025-05-29 15:45:00,-2763.786,2025-05-29 15:45:00
2025-05-29 15:50:00,-2750.824,2025-05-29 15:50:00
2025-05-29 15:55:00,-2763.792,2025-05-29 15:55:00
2025-05-29 16:00:00,-2566.825,2025-05-29 16:00:00
2025-05-29 16:05:00,-2610.865,2025-05-29 16:05:00
2025-05-29 16:10:00,-2650.864,2025-05-29 16:10:00
2025-05-29 16:15:00,-2530.835,2025-05-29 16:15:00
2025-05-29 16:20:00,-2726.83,2025-05-29 16:20:00
2025-05-29 16:25:00,-2594.835,2025-05-29 16:25:00
2025-05-29 16:30:00,-2666.844,2025-05-29 16:30:00
2025-05-29 16:35:00,-2518.825,2025-05-29 16:35:00
2025-05-29 16:40:00,-2763.832,2025-05-29 16:40:00
2025-05-29 16:45:00,-2678.864,2025-05-29 16:45:00
2025-05-29 16:50:00,-2574.835,2025-05-29 16:50:00
2025-05-29 16:55:00,-2742.827,2025-05-29 16:55:00
2025-05-29 17:00:00,-2763.744,2025-05-29 17:00:00
2025-05-29 17:05:00,-2763.74,2025-05-29 17:05:00
2025-05-29 17:10:00,-2763.737,2025-05-29 17:10:00
2025-05-29 17:15:00,-2763.735,2025-05-29 17:15:00
2025-05-29 17:20:00,-2763.728,2025-05-29 17:20:00
2025-05-29 17:25:00,-2763.727,2025-05-29 17:25:00
2025-05-29 17:30:00,-2750.825,2025-05-29 17:30:00
2025-05-29 17:35:00,-2763.947,2025-05-29 17:35:00
2025-05-29 17:40:00,-2763.736,2025-05-29 17:40:00
2025-05-29 17:45:00,-2718.862,2025-05-29 17:45:00
2025-05-29 17:50:00,-2738.868,2025-05-29 17:50:00
2025-05-29 17:55:00,-2686.863,2025-05-29 17:55:00
2025-05-29 18:00:00,9000.0,2025-05-29 18:00:00
2025-05-29 18:05:00,9000.0,2025-05-29 18:05:00
2025-05-29 18:10:00,9000.0,2025-05-29 18:10:00
2025-05-29 18:15:00,9000.0,2025-05-29 18:15:00
2025-05-29 18:20:00,9000.0,2025-05-29 18:20:00
2025-05-29 18:25:00,9000.0,2025-05-29 18:25:00
2025-05-29 18:30:00,9000.0,2025-05-29 18:30:00
2025-05-29 18:35:00,9000.0,2025-05-29 18:35:00
2025-05-29 18:40:00,9000.0,2025-05-29 18:40:00
2025-05-29 18:45:00,9000.0,2025-05-29 18:45:00
2025-05-29 18:50:00,9000.0,2025-05-29 18:50:00
2025-05-29 18:55:00,9000.0,2025-05-29 18:55:00
2025-05-29 19:00:00,9000.0,2025-05-29 19:00:00
2025-05-29 19:05:00,9000.0,2025-05-29 19:05:00
2025-05-29 19:10:00,9000.0,2025-05-29 19:10:00
2025-05-29 19:15:00,9000.0,2025-05-29 19:15:00
2025-05-29 19:20:00,9000.0,2025-05-29 19:20:00
2025-05-29 19:25:00,9000.0,2025-05-29 19:25:00
2025-05-29 19:30:00,9000.0,2025-05-29 19:30:00
2025-05-29 19:35:00,9000.0,2025-05-29 19:35:00
2025-05-29 19:40:00,9000.0,2025-05-29 19:40:00
2025-05-29 19:45:00,9000.0,2025-05-29 19:45:00
2025-05-29 19:50:00,1044.0,2025-05-29 19:50:00
2025-05-29 19:55:00,0.0,2025-05-29 19:55:00
2025-05-29 20:00:00,0.0,2025-05-29 20:00:00
2025-05-29 20:05:00,0.0,2025-05-29 20:05:00
2025-05-29 20:10:00,0.0,2025-05-29 20:10:00
2025-05-29 20:15:00,0.0,2025-05-29 20:15:00
2025-05-29 20:20:00,0.0,2025-05-29 20:20:00
2025-05-29 20:25:00,0.0,2025-05-29 20:25:00
2025-05-29 20:30:00,0.0,2025-05-29 20:30:00
2025-05-29 20:35:00,0.0,2025-05-29 20:35:00
2025-05-29 20:40:00,0.0,2025-05-29 20:40:00
2025-05-29 20:45:00,0.0,2025-05-29 20:45:00
2025-05-29 20:50:00,0.0,2025-05-29 20:50:00
2025-05-29 20:55:00,0.0,2025-05-29 20:55:00
2025-05-29 21:00:00,0.0,2025-05-29 21:00:00
2025-05-29 21:05:00,0.0,2025-05-29 21:05:00
2025-05-29 21:10:00,0.0,2025-05-29 21:10:00
2025-05-29 21:15:00,0.0,2025-05-29 21:15:00
2025-05-29 21:20:00,0.0,2025-05-29 21:20:00
2025-05-29 21:25:00,0.0,2025-05-29 21:25:00
2025-05-29 21:30:00,0.0,2025-05-29 21:30:00
2025-05-29 21:35:00,0.0,2025-05-29 21:35:00
2025-05-29 21:40:00,0.0,2025-05-29 21:40:00
2025-05-29 21:45:00,0.0,2025-05-29 21:45:00
2025-05-29 21:50:00,0.0,2025-05-29 21:50:00
2025-05-29 21:55:00,0.0,2025-05-29 21:55:00
2025-05-29 22:00:00,-2372.102,2025-05-29 22:00:00
2025-05-29 22:05:00,-2372.152,2025-05-29 22:05:00
2025-05-29 22:10:00,-2372.15,2025-05-29 22:10:00
2025-05-29 22:15:00,-2372.164,2025-05-29 22:15:00
2025-05-29 22:20:00,-2372.25,2025-05-29 22:20:00
2025-05-29 22:25:00,-2372.209,2025-05-29 22:25:00
2025-05-29 22:30:00,-2372.317,2025-05-29 22:30:00
2025-05-29 22:35:00,-2372.242,2025-05-29 22:35:00
2025-05-29 22:40:00,-2372.245,2025-05-29 22:40:00
2025-05-29 22:45:00,-2372.221,2025-05-29 22:45:00
2025-05-29 22:50:00,-2372.279,2025-05-29 22:50:00
2025-05-29 22:55:00,-2372.253,2025-05-29 22:55:00
2025-05-29 23:00:00,-2372.365,2025-05-29 23:00:00
2025-05-29 23:05:00,-2372.266,2025-05-29 23:05:00
2025-05-29 23:10:00,-2372.262,2025-05-29 23:10:00
2025-05-29 23:15:00,-2372.271,2025-05-29 23:15:00
2025-05-29 23:20:00,-2372.303,2025-05-29 23:20:00
2025-05-29 23:25:00,-2372.254,2025-05-29 23:25:00
2025-05-29 23:30:00,-2372.294,2025-05-29 23:30:00
2025-05-29 23:35:00,-2372.306,2025-05-29 23:35:00
2025-05-29 23:40:00,-2372.464,2025-05-29 23:40:00
2025-05-29 23:45:00,-2372.501,2025-05-29 23:45:00
2025-05-29 23:50:00,-2372.345,2025-05-29 23:50:00
2025-05-29 23:55:00,-2372.282,2025-05-29 23:55:00
2025-05-30 00:00:00,-2372.482,2025-05-30 00:00:00
2025-05-30 00:05:00,-2372.335,2025-05-30 00:05:00
2025-05-30 00:10:00,-2372.484,2025-05-30 00:10:00
2025-05-30 00:15:00,-2372.389,2025-05-30 00:15:00
2025-05-30 00:20:00,-2372.318,2025-05-30 00:20:00
2025-05-30 00:25:00,-2372.454,2025-05-30 00:25:00
2025-05-30 00:30:00,-2372.315,2025-05-30 00:30:00
2025-05-30 00:35:00,-2372.403,2025-05-30 00:35:00
2025-05-30 00:40:00,-2372.321,2025-05-30 00:40:00
2025-05-30 00:45:00,-2372.297,2025-05-30 00:45:00
2025-05-30 00:50:00,-2372.253,2025-05-30 00:50:00
2025-05-30 00:55:00,-2372.364,2025-05-30 00:55:00
2025-05-30 01:00:00,-2372.385,2025-05-30 01:00:00
2025-05-30 01:05:00,-2372.263,2025-05-30 01:05:00
2025-05-30 01:10:00,-2372.244,2025-05-30 01:10:00
2025-05-30 01:15:00,-2372.296,2025-05-30 01:15:00
2025-05-30 01:20:00,-2372.36,2025-05-30 01:20:00
2025-05-30 01:25:00,-2372.273,2025-05-30 01:25:00
2025-05-30 01:30:00,-2372.314,2025-05-30 01:30:00
2025-05-30 01:35:00,-2372.287,2025-05-30 01:35:00
2025-05-30 01:40:00,-2372.327,2025-05-30 01:40:00
2025-05-30 01:45:00,-2372.322,2025-05-30 01:45:00
2025-05-30 01:50:00,-2372.311,2025-05-30 01:50:00
2025-05-30 01:55:00,-2372.33,2025-05-30 01:55:00
2025-05-30 02:00:00,-2372.314,2025-05-30 02:00:00
2025-05-30 02:05:00,-2372.253,2025-05-30 02:05:00
2025-05-30 02:10:00,-2372.241,2025-05-30 02:10:00
2025-05-30 02:15:00,-2372.244,2025-05-30 02:15:00
2025-05-30 02:20:00,-2372.252,2025-05-30 02:20:00
2025-05-30 02:25:00,-2372.273,2025-05-30 02:25:00
2025-05-30 02:30:00,-2372.179,2025-05-30 02:30:00
2025-05-30 02:35:00,-2372.178,2025-05-30 02:35:00
2025-05-30 02:40:00,-2372.187,2025-05-30 02:40:00
2025-05-30 02:45:00,-2372.163,2025-05-30 02:45:00
2025-05-30 02:50:00,-2372.182,2025-05-30 02:50:00
2025-05-30 02:55:00,-2372.178,2025-05-30 02:55:00
2025-05-30 03:00:00,-2372.182,2025-05-30 03:00:00
2025-05-30 03:05:00,-2372.157,2025-05-30 03:05:00
2025-05-30 03:10:00,-2372.162,2025-05-30 03:10:00
2025-05-30 03:15:00,-2372.21,2025-05-30 03:15:00
2025-05-30 03:20:00,-2372.177,2025-05-30 03:20:00
2025-05-30 03:25:00,-2372.203,2025-05-30 03:25:00
2025-05-30 03:30:00,-2372.178,2025-05-30 03:30:00
2025-05-30 03:35:00,-2372.186,2025-05-30 03:35:00
2025-05-30 03:40:00,-2372.195,2025-05-30 03:40:00
2025-05-30 03:45:00,-2372.225,2025-05-30 03:45:00
2025-05-30 03:50:00,-2372.262,2025-05-30 03:50:00
2025-05-30 03:55:00,-2372.294,2025-05-30 03:55:00
2025-05-30 04:00:00,-2372.274,2025-05-30 04:00:00
2025-05-30 04:05:00,-2372.294,2025-05-30 04:05:00
2025-05-30 04:10:00,-2372.107,2025-05-30 04:10:00
2025-05-30 04:15:00,-2372.261,2025-05-30 04:15:00
2025-05-30 04:20:00,-2372.255,2025-05-30 04:20:00
2025-05-30 04:25:00,-2372.233,2025-05-30 04:25:00
2025-05-30 04:30:00,-2372.284,2025-05-30 04:30:00
2025-05-30 04:35:00,-2372.3,2025-05-30 04:35:00
2025-05-30 04:40:00,-2372.348,2025-05-30 04:40:00
2025-05-30 04:45:00,-2372.276,2025-05-30 04:45:00
2025-05-30 04:50:00,-2372.279,2025-05-30 04:50:00
2025-05-30 04:55:00,-2372.321,2025-05-30 04:55:00
2025-05-30 05:00:00,-2372.321,2025-05-30 05:00:00
2025-05-30 05:05:00,-2372.311,2025-05-30 05:05:00
2025-05-30 05:10:00,-2372.29,2025-05-30 05:10:00
2025-05-30 05:15:00,-2372.309,2025-05-30 05:15:00
2025-05-30 05:20:00,-2372.286,2025-05-30 05:20:00
2025-05-30 05:25:00,-2372.398,2025-05-30 05:25:00
2025-05-30 05:30:00,-2372.366,2025-05-30 05:30:00
2025-05-30 05:35:00,-2372.567,2025-05-30 05:35:00
2025-05-30 05:40:00,-2372.3,2025-05-30 05:40:00
2025-05-30 05:45:00,-2372.347,2025-05-30 05:45:00
2025-05-30 05:50:00,-2372.356,2025-05-30 05:50:00
2025-05-30 05:55:00,-2372.354,2025-05-30 05:55:00
2025-05-30 06:00:00,0.0,2025-05-30 06:00:00
2025-05-30 06:05:00,0.0,2025-05-30 06:05:00
2025-05-30 06:10:00,0.0,2025-05-30 06:10:00
2025-05-30 06:15:00,0.0,2025-05-30 06:15:00
2025-05-30 06:20:00,0.0,2025-05-30 06:20:00
2025-05-30 06:25:00,0.0,2025-05-30 06:25:00
2025-05-30 06:30:00,0.0,2025-05-30 06:30:00
2025-05-30 06:35:00,0.0,2025-05-30 06:35:00
2025-05-30 06:40:00,0.0,2025-05-30 06:40:00
2025-05-30 06:45:00,0.0,2025-05-30 06:45:00
2025-05-30 06:50:00,0.0,2025-05-30 06:50:00
2025-05-30 06:55:00,0.0,2025-05-30 06:55:00
2025-05-30 07:00:00,0.0,2025-05-30 07:00:00
2025-05-30 07:05:00,0.0,2025-05-30 07:05:00
2025-05-30 07:10:00,0.0,2025-05-30 07:10:00
2025-05-30 07:15:00,0.0,2025-05-30 07:15:00
2025-05-30 07:20:00,0.0,2025-05-30 07:20:00
2025-05-30 07:25:00,0.0,2025-05-30 07:25:00
2025-05-30 07:30:00,0.0,2025-05-30 07:30:00
2025-05-30 07:35:00,0.0,2025-05-30 07:35:00
2025-05-30 07:40:00,0.0,2025-05-30 07:40:00
2025-05-30 07:45:00,0.0,2025-05-30 07:45:00
2025-05-30 07:50:00,0.0,2025-05-30 07:50:00
2025-05-30 07:55:00,0.0,2025-05-30 07:55:00
2025-05-30 08:00:00,9000.0,2025-05-30 08:00:00
2025-05-30 08:05:00,9000.0,2025-05-30 08:05:00
2025-05-30 08:10:00,9000.0,2025-05-30 08:10:00
2025-05-30 08:15:00,9000.0,2025-05-30 08:15:00
2025-05-30 08:20:00,9000.0,2025-05-30 08:20:00
2025-05-30 08:25:00,9000.0,2025-05-30 08:25:00
2025-05-30 08:30:00,9000.0,2025-05-30 08:30:00
2025-05-30 08:35:00,9000.0,2025-05-30 08:35:00
2025-05-30 08:40:00,9000.0,2025-05-30 08:40:00
2025-05-30 08:45:00,9000.0,2025-05-30 08:45:00
2025-05-30 08:50:00,9000.0,2025-05-30 08:50:00
2025-05-30 08:55:00,9000.0,2025-05-30 08:55:00
2025-05-30 09:00:00,9000.0,2025-05-30 09:00:00
2025-05-30 09:05:00,9000.0,2025-05-30 09:05:00
2025-05-30 09:10:00,9000.0,2025-05-30 09:10:00
2025-05-30 09:15:00,9000.0,2025-05-30 09:15:00
2025-05-30 09:20:00,9000.0,2025-05-30 09:20:00
2025-05-30 09:25:00,9000.0,2025-05-30 09:25:00
2025-05-30 09:30:00,8999.999,2025-05-30 09:30:00
2025-05-30 09:35:00,8999.999,2025-05-30 09:35:00
2025-05-30 09:40:00,8999.999,2025-05-30 09:40:00
2025-05-30 09:45:00,8999.998,2025-05-30 09:45:00
2025-05-30 09:50:00,1043.997,2025-05-30 09:50:00
2025-05-30 09:55:00,0.0,2025-05-30 09:55:00
2025-05-30 10:00:00,0.0,2025-05-30 10:00:00
2025-05-30 10:05:00,0.0,2025-05-30 10:05:00
2025-05-30 10:10:00,0.0,2025-05-30 10:10:00
2025-05-30 10:15:00,0.0,2025-05-30 10:15:00
2025-05-30 10:20:00,0.0,2025-05-30 10:20:00
2025-05-30 10:25:00,0.0,2025-05-30 10:25:00
2025-05-30 10:30:00,0.0,2025-05-30 10:30:00
2025-05-30 10:35:00,0.0,2025-05-30 10:35:00
2025-05-30 10:40:00,0.0,2025-05-30 10:40:00
2025-05-30 10:45:00,0.0,2025-05-30 10:45:00
2025-05-30 10:50:00,0.0,2025-05-30 10:50:00
2025-05-30 10:55:00,0.0,2025-05-30 10:55:00
2025-05-30 11:00:00,-2767.395,2025-05-30 11:00:00
2025-05-30 11:05:00,-2715.436,2025-05-30 11:05:00
2025-05-30 11:10:00,-2731.392,2025-05-30 11:10:00
2025-05-30 11:15:00,-2655.413,2025-05-30 11:15:00
2025-05-30 11:20:00,-2599.416,2025-05-30 11:20:00
2025-05-30 11:25:00,-2795.271,2025-05-30 11:25:00
2025-05-30 11:30:00,-2563.437,2025-05-30 11:30:00
2025-05-30 11:35:00,-2515.378,2025-05-30 11:35:00
2025-05-30 11:40:00,-2487.419,2025-05-30 11:40:00
2025-05-30 11:45:00,-2615.405,2025-05-30 11:45:00
2025-05-30 11:50:00,-2539.378,2025-05-30 11:50:00
2025-05-30 11:55:00,-2511.438,2025-05-30 11:55:00
2025-05-30 12:00:00,-2651.403,2025-05-30 12:00:00
2025-05-30 12:05:00,-2623.415,2025-05-30 12:05:00
2025-05-30 12:10:00,-2563.417,2025-05-30 12:10:00
2025-05-30 12:15:00,-2643.364,2025-05-30 12:15:00
2025-05-30 12:20:00,-2579.396,2025-05-30 12:20:00
2025-05-30 12:25:00,-2631.404,2025-05-30 12:25:00
2025-05-30 12:30:00,-2799.261,2025-05-30 12:30:00
2025-05-30 12:35:00,-2771.382,2025-05-30 12:35:00
2025-05-30 12:40:00,-2639.354,2025-05-30 12:40:00
2025-05-30 12:45:00,-2699.358,2025-05-30 12:45:00
2025-05-30 12:50:00,-2763.358,2025-05-30 12:50:00
2025-05-30 12:55:00,-2723.344,2025-05-30 12:55:00
2025-05-30 13:00:00,-2667.402,2025-05-30 13:00:00
2025-05-30 13:05:00,-2655.413,2025-05-30 13:05:00
2025-05-30 13:10:00,-2783.362,2025-05-30 13:10:00
2025-05-30 13:15:00,-2763.388,2025-05-30 13:15:00
2025-05-30 13:20:00,-2715.416,2025-05-30 13:20:00
2025-05-30 13:25:00,-2799.147,2025-05-30 13:25:00
2025-05-30 13:30:00,-2723.374,2025-05-30 13:30:00
2025-05-30 13:35:00,-2739.369,2025-05-30 13:35:00
2025-05-30 13:40:00,-2799.323,2025-05-30 13:40:00
2025-05-30 13:45:00,-2799.066,2025-05-30 13:45:00
2025-05-30 13:50:00,-2723.384,2025-05-30 13:50:00
2025-05-30 13:55:00,-2663.412,2025-05-30 13:55:00
2025-05-30 14:00:00,-2623.415,2025-05-30 14:00:00
2025-05-30 14:05:00,-2687.37,2025-05-30 14:05:00
2025-05-30 14:10:00,-2767.375,2025-05-30 14:10:00
2025-05-30 14:15:00,-2691.419,2025-05-30 14:15:00
2025-05-30 14:20:00,-2667.422,2025-05-30 14:20:00
2025-05-30 14:25:00,-2687.44,2025-05-30 14:25:00
2025-05-30 14:30:00,-2791.392,2025-05-30 14:30:00
2025-05-30 14:35:00,-2639.384,2025-05-30 14:35:00
2025-05-30 14:40:00,-2687.39,2025-05-30 14:40:00
2025-05-30 14:45:00,-2751.385,2025-05-30 14:45:00
2025-05-30 14:50:00,-2719.385,2025-05-30 14:50:00
2025-05-30 14:55:00,-2799.448,2025-05-30 14:55:00
2025-05-30 15:00:00,-2799.094,2025-05-30 15:00:00
2025-05-30 15:05:00,-2779.349,2025-05-30 15:05:00
2025-05-30 15:10:00,-2799.102,2025-05-30 15:10:00
2025-05-30 15:15:00,-2643.384,2025-05-30 15:15:00
2025-05-30 15:20:00,-2799.538,2025-05-30 15:20:00
2025-05-30 15:25:00,-2799.123,2025-05-30 15:25:00
2025-05-30 15:30:00,-2791.37,2025-05-30 15:30:00
2025-05-30 15:35:00,-2799.815,2025-05-30 15:35:00
2025-05-30 15:40:00,-2779.379,2025-05-30 15:40:00
2025-05-30 15:45:00,-2799.624,2025-05-30 15:45:00
2025-05-30 15:50:00,-2755.382,2025-05-30 15:50:00
2025-05-30 15:55:00,-2747.386,2025-05-30 15:55:00
2025-05-30 16:00:00,-2791.398,2025-05-30 16:00:00
2025-05-30 16:05:00,-2671.391,2025-05-30 16:05:00
2025-05-30 16:10:00,-2799.141,2025-05-30 16:10:00
2025-05-30 16:15:00,-2799.968,2025-05-30 16:15:00
2025-05-30 16:20:00,-2739.359,2025-05-30 16:20:00
2025-05-30 16:25:00,-2799.117,2025-05-30 16:25:00
2025-05-30 16:30:00,-2767.385,2025-05-30 16:30:00
2025-05-30 16:35:00,-2799.218,2025-05-30 16:35:00
2025-05-30 16:40:00,-2799.58,2025-05-30 16:40:00
2025-05-30 16:45:00,-2603.406,2025-05-30 16:45:00
2025-05-30 16:50:00,-2607.415,2025-05-30 16:50:00
2025-05-30 16:55:00,-2798.674,2025-05-30 16:55:00
2025-05-30 17:00:00,-2743.388,2025-05-30 17:00:00
2025-05-30 17:05:00,-2615.395,2025-05-30 17:05:00
2025-05-30 17:10:00,-2627.434,2025-05-30 17:10:00
2025-05-30 17:15:00,-2787.385,2025-05-30 17:15:00
2025-05-30 17:20:00,-2743.398,2025-05-30 17:20:00
2025-05-30 17:25:00,-2691.379,2025-05-30 17:25:00
2025-05-30 17:30:00,-2523.428,2025-05-30 17:30:00
2025-05-30 17:35:00,-2799.573,2025-05-30 17:35:00
2025-05-30 17:40:00,-2731.402,2025-05-30 17:40:00
2025-05-30 17:45:00,-2798.831,2025-05-30 17:45:00
2025-05-30 17:50:00,-2739.429,2025-05-30 17:50:00
2025-05-30 17:55:00,-2739.379,2025-05-30 17:55:00
2025-05-30 18:00:00,9000.0,2025-05-30 18:00:00
2025-05-30 18:05:00,9000.0,2025-05-30 18:05:00
2025-05-30 18:10:00,9000.0,2025-05-30 18:10:00
2025-05-30 18:15:00,9000.0,2025-05-30 18:15:00
2025-05-30 18:20:00,9000.0,2025-05-30 18:20:00
2025-05-30 18:25:00,9000.0,2025-05-30 18:25:00
2025-05-30 18:30:00,9000.0,2025-05-30 18:30:00
2025-05-30 18:35:00,9000.0,2025-05-30 18:35:00
2025-05-30 18:40:00,9000.0,2025-05-30 18:40:00
2025-05-30 18:45:00,9000.0,2025-05-30 18:45:00
2025-05-30 18:50:00,9000.0,2025-05-30 18:50:00
2025-05-30 18:55:00,9000.0,2025-05-30 18:55:00
2025-05-30 19:00:00,9000.0,2025-05-30 19:00:00
2025-05-30 19:05:00,9000.0,2025-05-30 19:05:00
2025-05-30 19:10:00,9000.0,2025-05-30 19:10:00
2025-05-30 19:15:00,9000.0,2025-05-30 19:15:00
2025-05-30 19:20:00,9000.0,2025-05-30 19:20:00
2025-05-30 19:25:00,9000.0,2025-05-30 19:25:00
2025-05-30 19:30:00,8999.999,2025-05-30 19:30:00
2025-05-30 19:35:00,8999.999,2025-05-30 19:35:00
2025-05-30 19:40:00,8999.999,2025-05-30 19:40:00
2025-05-30 19:45:00,8999.998,2025-05-30 19:45:00
2025-05-30 19:50:00,1043.997,2025-05-30 19:50:00
2025-05-30 19:55:00,0.0,2025-05-30 19:55:00
2025-05-30 20:00:00,0.0,2025-05-30 20:00:00
2025-05-30 20:05:00,0.0,2025-05-30 20:05:00
2025-05-30 20:10:00,0.0,2025-05-30 20:10:00
2025-05-30 20:15:00,0.0,2025-05-30 20:15:00
2025-05-30 20:20:00,0.0,2025-05-30 20:20:00
2025-05-30 20:25:00,0.0,2025-05-30 20:25:00
2025-05-30 20:30:00,0.0,2025-05-30 20:30:00
2025-05-30 20:35:00,0.0,2025-05-30 20:35:00
2025-05-30 20:40:00,0.0,2025-05-30 20:40:00
2025-05-30 20:45:00,0.0,2025-05-30 20:45:00
2025-05-30 20:50:00,0.0,2025-05-30 20:50:00
2025-05-30 20:55:00,0.0,2025-05-30 20:55:00
2025-05-30 21:00:00,0.0,2025-05-30 21:00:00
2025-05-30 21:05:00,0.0,2025-05-30 21:05:00
2025-05-30 21:10:00,0.0,2025-05-30 21:10:00
2025-05-30 21:15:00,0.0,2025-05-30 21:15:00
2025-05-30 21:20:00,0.0,2025-05-30 21:20:00
2025-05-30 21:25:00,0.0,2025-05-30 21:25:00
2025-05-30 21:30:00,0.0,2025-05-30 21:30:00
2025-05-30 21:35:00,0.0,2025-05-30 21:35:00
2025-05-30 21:40:00,0.0,2025-05-30 21:40:00
2025-05-30 21:45:00,0.0,2025-05-30 21:45:00
2025-05-30 21:50:00,0.0,2025-05-30 21:50:00
2025-05-30 21:55:00,0.0,2025-05-30 21:55:00
2025-05-30 22:00:00,-1491.757,2025-05-30 22:00:00
2025-05-30 22:05:00,-1491.711,2025-05-30 22:05:00
2025-05-30 22:10:00,-1491.714,2025-05-30 22:10:00
2025-05-30 22:15:00,-1491.691,2025-05-30 22:15:00
2025-05-30 22:20:00,-1491.694,2025-05-30 22:20:00
2025-05-30 22:25:00,-1491.679,2025-05-30 22:25:00
2025-05-30 22:30:00,-1491.69,2025-05-30 22:30:00
2025-05-30 22:35:00,-1491.714,2025-05-30 22:35:00
2025-05-30 22:40:00,-1491.693,2025-05-30 22:40:00
2025-05-30 22:45:00,-1491.684,2025-05-30 22:45:00
2025-05-30 22:50:00,-1491.702,2025-05-30 22:50:00
2025-05-30 22:55:00,-1491.712,2025-05-30 22:55:00
2025-05-30 23:00:00,-1491.702,2025-05-30 23:00:00
2025-05-30 23:05:00,-1491.696,2025-05-30 23:05:00
2025-05-30 23:10:00,-1491.699,2025-05-30 23:10:00
2025-05-30 23:15:00,-1491.695,2025-05-30 23:15:00
2025-05-30 23:20:00,-1491.691,2025-05-30 23:20:00
2025-05-30 23:25:00,-1491.698,2025-05-30 23:25:00
2025-05-30 23:30:00,-1491.693,2025-05-30 23:30:00
2025-05-30 23:35:00,-1491.69,2025-05-30 23:35:00
2025-05-30 23:40:00,-1491.702,2025-05-30 23:40:00
2025-05-30 23:45:00,-1491.699,2025-05-30 23:45:00
2025-05-30 23:50:00,-1491.684,2025-05-30 23:50:00
2025-05-30 23:55:00,-1491.685,2025-05-30 23:55:00
2025-05-31 00:00:00,-2674.971,2025-05-31 00:00:00
2025-05-31 00:05:00,-2666.981,2025-05-31 00:05:00
2025-05-31 00:10:00,-2834.931,2025-05-31 00:10:00
2025-05-31 00:15:00,-2879.021,2025-05-31 00:15:00
2025-05-31 00:20:00,-2862.951,2025-05-31 00:20:00
2025-05-31 00:25:00,-2838.991,2025-05-31 00:25:00
2025-05-31 00:30:00,-2839.001,2025-05-31 00:30:00
2025-05-31 00:35:00,-2807.001,2025-05-31 00:35:00
2025-05-31 00:40:00,-2870.981,2025-05-31 00:40:00
2025-05-31 00:45:00,-2711.001,2025-05-31 00:45:00
2025-05-31 00:50:00,-2722.971,2025-05-31 00:50:00
2025-05-31 00:55:00,-2514.981,2025-05-31 00:55:00
2025-05-31 01:00:00,-2706.991,2025-05-31 01:00:00
2025-05-31 01:05:00,-2438.991,2025-05-31 01:05:00
2025-05-31 01:10:00,-2566.971,2025-05-31 01:10:00
2025-05-31 01:15:00,-2755.001,2025-05-31 01:15:00
2025-05-31 01:20:00,-2683.001,2025-05-31 01:20:00
2025-05-31 01:25:00,-2675.001,2025-05-31 01:25:00
2025-05-31 01:30:00,-2574.951,2025-05-31 01:30:00
2025-05-31 01:35:00,-2731.001,2025-05-31 01:35:00
2025-05-31 01:40:00,-2602.931,2025-05-31 01:40:00
2025-05-31 01:45:00,-2538.971,2025-05-31 01:45:00
2025-05-31 01:50:00,-2506.981,2025-05-31 01:50:00
2025-05-31 01:55:00,-2578.991,2025-05-31 01:55:00
2025-05-31 02:00:00,-2578.981,2025-05-31 02:00:00
2025-05-31 02:05:00,-2606.991,2025-05-31 02:05:00
2025-05-31 02:10:00,-2486.991,2025-05-31 02:10:00
2025-05-31 02:15:00,-2534.961,2025-05-31 02:15:00
2025-05-31 02:20:00,-2658.981,2025-05-31 02:20:00
2025-05-31 02:25:00,-2606.991,2025-05-31 02:25:00
2025-05-31 02:30:00,-2534.971,2025-05-31 02:30:00
2025-05-31 02:35:00,-2550.981,2025-05-31 02:35:00
2025-05-31 02:40:00,-2650.961,2025-05-31 02:40:00
2025-05-31 02:45:00,-2606.941,2025-05-31 02:45:00
2025-05-31 02:50:00,-2794.981,2025-05-31 02:50:00
2025-05-31 02:55:00,-2474.991,2025-05-31 02:55:00
2025-05-31 03:00:00,-2618.981,2025-05-31 03:00:00
2025-05-31 03:05:00,-2610.971,2025-05-31 03:05:00
2025-05-31 03:10:00,-2798.981,2025-05-31 03:10:00
2025-05-31 03:15:00,-2678.981,2025-05-31 03:15:00
2025-05-31 03:20:00,-2694.941,2025-05-31 03:20:00
2025-05-31 03:25:00,-2614.961,2025-05-31 03:25:00
2025-05-31 03:30:00,-2654.961,2025-05-31 03:30:00
2025-05-31 03:35:00,-2686.971,2025-05-31 03:35:00
2025-05-31 03:40:00,-2562.991,2025-05-31 03:40:00
2025-05-31 03:45:00,-2730.971,2025-05-31 03:45:00
2025-05-31 03:50:00,-2634.981,2025-05-31 03:50:00
2025-05-31 03:55:00,-2642.971,2025-05-31 03:55:00
2025-05-31 04:00:00,-2618.931,2025-05-31 04:00:00
2025-05-31 04:05:00,-2626.991,2025-05-31 04:05:00
2025-05-31 04:10:00,-2663.001,2025-05-31 04:10:00
2025-05-31 04:15:00,-2730.961,2025-05-31 04:15:00
2025-05-31 04:20:00,-2599.001,2025-05-31 04:20:00
2025-05-31 04:25:00,-2574.991,2025-05-31 04:25:00
2025-05-31 04:30:00,-2682.971,2025-05-31 04:30:00
2025-05-31 04:35:00,-2626.931,2025-05-31 04:35:00
2025-05-31 04:40:00,-2718.931,2025-05-31 04:40:00
2025-05-31 04:45:00,-2739.001,2025-05-31 04:45:00
2025-05-31 04:50:00,-2830.981,2025-05-31 04:50:00
2025-05-31 04:55:00,-2666.981,2025-05-31 04:55:00
2025-05-31 05:00:00,-2706.981,2025-05-31 05:00:00
2025-05-31 05:05:00,-2667.001,2025-05-31 05:05:00
2025-05-31 05:10:00,-2706.941,2025-05-31 05:10:00
2025-05-31 05:15:00,-2582.991,2025-05-31 05:15:00
2025-05-31 05:20:00,-2566.991,2025-05-31 05:20:00
2025-05-31 05:25:00,-2795.001,2025-05-31 05:25:00
2025-05-31 05:30:00,-2670.971,2025-05-31 05:30:00
2025-05-31 05:35:00,-2734.971,2025-05-31 05:35:00
2025-05-31 05:40:00,-2714.971,2025-05-31 05:40:00
2025-05-31 05:45:00,-2675.011,2025-05-31 05:45:00
2025-05-31 05:50:00,-2726.971,2025-05-31 05:50:00
2025-05-31 05:55:00,-2706.961,2025-05-31 05:55:00
2025-05-31 06:00:00,0.0,2025-05-31 06:00:00
2025-05-31 06:05:00,0.0,2025-05-31 06:05:00
2025-05-31 06:10:00,0.0,2025-05-31 06:10:00
2025-05-31 06:15:00,0.0,2025-05-31 06:15:00
2025-05-31 06:20:00,0.0,2025-05-31 06:20:00
2025-05-31 06:25:00,0.0,2025-05-31 06:25:00
2025-05-31 06:30:00,0.0,2025-05-31 06:30:00
2025-05-31 06:35:00,0.0,2025-05-31 06:35:00
2025-05-31 06:40:00,0.0,2025-05-31 06:40:00
2025-05-31 06:45:00,0.0,2025-05-31 06:45:00
2025-05-31 06:50:00,0.0,2025-05-31 06:50:00
2025-05-31 06:55:00,0.0,2025-05-31 06:55:00
2025-05-31 07:00:00,0.0,2025-05-31 07:00:00
2025-05-31 07:05:00,0.0,2025-05-31 07:05:00
2025-05-31 07:10:00,0.0,2025-05-31 07:10:00
2025-05-31 07:15:00,0.0,2025-05-31 07:15:00
2025-05-31 07:20:00,0.0,2025-05-31 07:20:00
2025-05-31 07:25:00,0.0,2025-05-31 07:25:00
2025-05-31 07:30:00,0.0,2025-05-31 07:30:00
2025-05-31 07:35:00,0.0,2025-05-31 07:35:00
2025-05-31 07:40:00,0.0,2025-05-31 07:40:00
2025-05-31 07:45:00,0.0,2025-05-31 07:45:00
2025-05-31 07:50:00,0.0,2025-05-31 07:50:00
2025-05-31 07:55:00,0.0,2025-05-31 07:55:00
2025-05-31 08:00:00,9000.0,2025-05-31 08:00:00
2025-05-31 08:05:00,9000.0,2025-05-31 08:05:00
2025-05-31 08:10:00,9000.0,2025-05-31 08:10:00
2025-05-31 08:15:00,9000.0,2025-05-31 08:15:00
2025-05-31 08:20:00,9000.0,2025-05-31 08:20:00
2025-05-31 08:25:00,9000.0,2025-05-31 08:25:00
2025-05-31 08:30:00,9000.0,2025-05-31 08:30:00
2025-05-31 08:35:00,9000.0,2025-05-31 08:35:00
2025-05-31 08:40:00,9000.0,2025-05-31 08:40:00
2025-05-31 08:45:00,9000.0,2025-05-31 08:45:00
2025-05-31 08:50:00,9000.0,2025-05-31 08:50:00
2025-05-31 08:55:00,9000.0,2025-05-31 08:55:00
2025-05-31 09:00:00,9000.0,2025-05-31 09:00:00
2025-05-31 09:05:00,9000.0,2025-05-31 09:05:00
2025-05-31 09:10:00,9000.0,2025-05-31 09:10:00
2025-05-31 09:15:00,9000.0,2025-05-31 09:15:00
2025-05-31 09:20:00,9000.0,2025-05-31 09:20:00
2025-05-31 09:25:00,9000.0,2025-05-31 09:25:00
2025-05-31 09:30:00,9000.0,2025-05-31 09:30:00
2025-05-31 09:35:00,9000.0,2025-05-31 09:35:00
2025-05-31 09:40:00,9000.0,2025-05-31 09:40:00
2025-05-31 09:45:00,8999.985,2025-05-31 09:45:00
2025-05-31 09:50:00,1044.013,2025-05-31 09:50:00
2025-05-31 09:55:00,0.0,2025-05-31 09:55:00
2025-05-31 10:00:00,0.0,2025-05-31 10:00:00
2025-05-31 10:05:00,0.0,2025-05-31 10:05:00
2025-05-31 10:10:00,0.0,2025-05-31 10:10:00
2025-05-31 10:15:00,0.0,2025-05-31 10:15:00
2025-05-31 10:20:00,0.0,2025-05-31 10:20:00
2025-05-31 10:25:00,0.0,2025-05-31 10:25:00
2025-05-31 10:30:00,0.0,2025-05-31 10:30:00
2025-05-31 10:35:00,0.0,2025-05-31 10:35:00
2025-05-31 10:40:00,0.0,2025-05-31 10:40:00
2025-05-31 10:45:00,0.0,2025-05-31 10:45:00
2025-05-31 10:50:00,0.0,2025-05-31 10:50:00
2025-05-31 10:55:00,0.0,2025-05-31 10:55:00
2025-05-31 11:00:00,-2802.941,2025-05-31 11:00:00
2025-05-31 11:05:00,-2862.971,2025-05-31 11:05:00
2025-05-31 11:10:00,-2831.001,2025-05-31 11:10:00
2025-05-31 11:15:00,-2878.981,2025-05-31 11:15:00
2025-05-31 11:20:00,-2686.931,2025-05-31 11:20:00
2025-05-31 11:25:00,-2578.981,2025-05-31 11:25:00
2025-05-31 11:30:00,-2750.991,2025-05-31 11:30:00
2025-05-31 11:35:00,-2778.981,2025-05-31 11:35:00
2025-05-31 11:40:00,-2682.981,2025-05-31 11:40:00
2025-05-31 11:45:00,-2754.951,2025-05-31 11:45:00
2025-05-31 11:50:00,-2763.021,2025-05-31 11:50:00
2025-05-31 11:55:00,-2770.991,2025-05-31 11:55:00
2025-05-31 12:00:00,-2762.971,2025-05-31 12:00:00
2025-05-31 12:05:00,-2810.991,2025-05-31 12:05:00
2025-05-31 12:10:00,-2706.991,2025-05-31 12:10:00
2025-05-31 12:15:00,-2810.961,2025-05-31 12:15:00
2025-05-31 12:20:00,-2650.981,2025-05-31 12:20:00
2025-05-31 12:25:00,-2766.981,2025-05-31 12:25:00
2025-05-31 12:30:00,-2610.971,2025-05-31 12:30:00
2025-05-31 12:35:00,-2742.941,2025-05-31 12:35:00
2025-05-31 12:40:00,-2682.981,2025-05-31 12:40:00
2025-05-31 12:45:00,-2595.001,2025-05-31 12:45:00
2025-05-31 12:50:00,-2834.971,2025-05-31 12:50:00
2025-05-31 12:55:00,-2626.971,2025-05-31 12:55:00
2025-05-31 13:00:00,-2614.961,2025-05-31 13:00:00
2025-05-31 13:05:00,-2587.001,2025-05-31 13:05:00
2025-05-31 13:10:00,-2686.971,2025-05-31 13:10:00
2025-05-31 13:15:00,-2658.971,2025-05-31 13:15:00
2025-05-31 13:20:00,-2782.921,2025-05-31 13:20:00
2025-05-31 13:25:00,-2759.001,2025-05-31 13:25:00
2025-05-31 13:30:00,-2695.001,2025-05-31 13:30:00
2025-05-31 13:35:00,-2683.001,2025-05-31 13:35:00
2025-05-31 13:40:00,-2782.971,2025-05-31 13:40:00
2025-05-31 13:45:00,-2714.971,2025-05-31 13:45:00
2025-05-31 13:50:00,-2718.971,2025-05-31 13:50:00
2025-05-31 13:55:00,-2778.971,2025-05-31 13:55:00
2025-05-31 14:00:00,-2734.941,2025-05-31 14:00:00
2025-05-31 14:05:00,-2714.941,2025-05-31 14:05:00
2025-05-31 14:10:00,-2702.981,2025-05-31 14:10:00
2025-05-31 14:15:00,-2790.971,2025-05-31 14:15:00
2025-05-31 14:20:00,-2659.021,2025-05-31 14:20:00
2025-05-31 14:25:00,-2726.971,2025-05-31 14:25:00
2025-05-31 14:30:00,-2547.001,2025-05-31 14:30:00
2025-05-31 14:35:00,-2602.981,2025-05-31 14:35:00
2025-05-31 14:40:00,-2702.941,2025-05-31 14:40:00
2025-05-31 14:45:00,-2726.981,2025-05-31 14:45:00
2025-05-31 14:50:00,-2750.961,2025-05-31 14:50:00
2025-05-31 14:55:00,-2534.991,2025-05-31 14:55:00
2025-05-31 15:00:00,-2542.981,2025-05-31 15:00:00
2025-05-31 15:05:00,-2738.991,2025-05-31 15:05:00
2025-05-31 15:10:00,-2706.961,2025-05-31 15:10:00
2025-05-31 15:15:00,-2534.991,2025-05-31 15:15:00
2025-05-31 15:20:00,-2590.991,2025-05-31 15:20:00
2025-05-31 15:25:00,-2734.981,2025-05-31 15:25:00
2025-05-31 15:30:00,-2706.971,2025-05-31 15:30:00
2025-05-31 15:35:00,-2690.971,2025-05-31 15:35:00
2025-05-31 15:40:00,-2718.971,2025-05-31 15:40:00
2025-05-31 15:45:00,-2607.001,2025-05-31 15:45:00
2025-05-31 15:50:00,-2746.991,2025-05-31 15:50:00
2025-05-31 15:55:00,-2775.001,2025-05-31 15:55:00
2025-05-31 16:00:00,-2743.001,2025-05-31 16:00:00
2025-05-31 16:05:00,-2866.981,2025-05-31 16:05:00
2025-05-31 16:10:00,-2631.001,2025-05-31 16:10:00
2025-05-31 16:15:00,-2863.001,2025-05-31 16:15:00
2025-05-31 16:20:00,-2722.971,2025-05-31 16:20:00
2025-05-31 16:25:00,-2654.981,2025-05-31 16:25:00
2025-05-31 16:30:00,-2562.981,2025-05-31 16:30:00
2025-05-31 16:35:00,-2610.991,2025-05-31 16:35:00
2025-05-31 16:40:00,-2654.971,2025-05-31 16:40:00
2025-05-31 16:45:00,-2722.971,2025-05-31 16:45:00
2025-05-31 16:50:00,-2670.971,2025-05-31 16:50:00
2025-05-31 16:55:00,-2807.001,2025-05-31 16:55:00
2025-05-31 17:00:00,-2710.971,2025-05-31 17:00:00
2025-05-31 17:05:00,-2682.971,2025-05-31 17:05:00
2025-05-31 17:10:00,-2690.981,2025-05-31 17:10:00
2025-05-31 17:15:00,-2707.001,2025-05-31 17:15:00
2025-05-31 17:20:00,-2702.971,2025-05-31 17:20:00
2025-05-31 17:25:00,-2795.001,2025-05-31 17:25:00
2025-05-31 17:30:00,-2674.971,2025-05-31 17:30:00
2025-05-31 17:35:00,-2630.971,2025-05-31 17:35:00
2025-05-31 17:40:00,-2726.971,2025-05-31 17:40:00
2025-05-31 17:45:00,-2726.991,2025-05-31 17:45:00
2025-05-31 17:50:00,-2599.001,2025-05-31 17:50:00
2025-05-31 17:55:00,-2747.011,2025-05-31 17:55:00
2025-05-31 18:00:00,9000.0,2025-05-31 18:00:00
2025-05-31 18:05:00,9000.0,2025-05-31 18:05:00
2025-05-31 18:10:00,9000.0,2025-05-31 18:10:00
2025-05-31 18:15:00,9000.0,2025-05-31 18:15:00
2025-05-31 18:20:00,9000.0,2025-05-31 18:20:00
2025-05-31 18:25:00,9000.0,2025-05-31 18:25:00
2025-05-31 18:30:00,9000.0,2025-05-31 18:30:00
2025-05-31 18:35:00,9000.0,2025-05-31 18:35:00
2025-05-31 18:40:00,9000.0,2025-05-31 18:40:00
2025-05-31 18:45:00,9000.0,2025-05-31 18:45:00
2025-05-31 18:50:00,9000.0,2025-05-31 18:50:00
2025-05-31 18:55:00,9000.0,2025-05-31 18:55:00
2025-05-31 19:00:00,9000.0,2025-05-31 19:00:00
2025-05-31 19:05:00,9000.0,2025-05-31 19:05:00
2025-05-31 19:10:00,9000.0,2025-05-31 19:10:00
2025-05-31 19:15:00,9000.0,2025-05-31 19:15:00
2025-05-31 19:20:00,9000.0,2025-05-31 19:20:00
2025-05-31 19:25:00,9000.0,2025-05-31 19:25:00
2025-05-31 19:30:00,9000.0,2025-05-31 19:30:00
2025-05-31 19:35:00,9000.0,2025-05-31 19:35:00
2025-05-31 19:40:00,9000.0,2025-05-31 19:40:00
2025-05-31 19:45:00,8999.969,2025-05-31 19:45:00
2025-05-31 19:50:00,756.574,2025-05-31 19:50:00
2025-05-31 19:55:00,0.0,2025-05-31 19:55:00
2025-05-31 20:00:00,0.0,2025-05-31 20:00:00
2025-05-31 20:05:00,0.0,2025-05-31 20:05:00
2025-05-31 20:10:00,0.0,2025-05-31 20:10:00
2025-05-31 20:15:00,0.0,2025-05-31 20:15:00
2025-05-31 20:20:00,0.0,2025-05-31 20:20:00
2025-05-31 20:25:00,0.0,2025-05-31 20:25:00
2025-05-31 20:30:00,0.0,2025-05-31 20:30:00
2025-05-31 20:35:00,0.0,2025-05-31 20:35:00
2025-05-31 20:40:00,0.0,2025-05-31 20:40:00
2025-05-31 20:45:00,0.0,2025-05-31 20:45:00
2025-05-31 20:50:00,0.0,2025-05-31 20:50:00
2025-05-31 20:55:00,0.0,2025-05-31 20:55:00
2025-05-31 21:00:00,0.0,2025-05-31 21:00:00
2025-05-31 21:05:00,0.0,2025-05-31 21:05:00
2025-05-31 21:10:00,0.0,2025-05-31 21:10:00
2025-05-31 21:15:00,0.0,2025-05-31 21:15:00
2025-05-31 21:20:00,0.0,2025-05-31 21:20:00
2025-05-31 21:25:00,0.0,2025-05-31 21:25:00
2025-05-31 21:30:00,0.0,2025-05-31 21:30:00
2025-05-31 21:35:00,0.0,2025-05-31 21:35:00
2025-05-31 21:40:00,0.0,2025-05-31 21:40:00
2025-05-31 21:45:00,0.0,2025-05-31 21:45:00
2025-05-31 21:50:00,0.0,2025-05-31 21:50:00
2025-05-31 21:55:00,0.0,2025-05-31 21:55:00
2025-05-31 22:00:00,-980.621,2025-05-31 22:00:00
2025-05-31 22:05:00,-980.622,2025-05-31 22:05:00
2025-05-31 22:10:00,-980.623,2025-05-31 22:10:00
2025-05-31 22:15:00,-980.624,2025-05-31 22:15:00
2025-05-31 22:20:00,-980.624,2025-05-31 22:20:00
2025-05-31 22:25:00,-980.625,2025-05-31 22:25:00
2025-05-31 22:30:00,-980.626,2025-05-31 22:30:00
2025-05-31 22:35:00,-980.627,2025-05-31 22:35:00
2025-05-31 22:40:00,-980.628,2025-05-31 22:40:00
2025-05-31 22:45:00,-980.628,2025-05-31 22:45:00
2025-05-31 22:50:00,-980.628,2025-05-31 22:50:00
2025-05-31 22:55:00,-980.629,2025-05-31 22:55:00
2025-05-31 23:00:00,-980.63,2025-05-31 23:00:00
2025-05-31 23:05:00,-980.631,2025-05-31 23:05:00
2025-05-31 23:10:00,-980.632,2025-05-31 23:10:00
2025-05-31 23:15:00,-980.632,2025-05-31 23:15:00
2025-05-31 23:20:00,-980.633,2025-05-31 23:20:00
2025-05-31 23:25:00,-980.634,2025-05-31 23:25:00
2025-05-31 23:30:00,-980.634,2025-05-31 23:30:00
2025-05-31 23:35:00,-980.635,2025-05-31 23:35:00
2025-05-31 23:40:00,-980.636,2025-05-31 23:40:00
2025-05-31 23:45:00,-980.637,2025-05-31 23:45:00
2025-05-31 23:50:00,-980.637,2025-05-31 23:50:00
2025-05-31 23:55:00,-980.637,2025-05-31 23:55:00
